date,open,high,low,close,volume
2026-07-29 16:20:00+00:00,290.8699951171875,291.32000732421875,290.7850036621094,291.239990234375,0
2026-07-29 16:25:00+00:00,291.239990234375,291.95001220703125,291.2200012207031,291.95001220703125,12258
2026-07-29 16:30:00+00:00,291.9800109863281,292.07000732421875,291.5899963378906,291.8299865722656,25344
2026-07-29 16:35:00+00:00,291.82501220703125,291.95001220703125,291.340087890625,291.6400146484375,15783
2026-07-29 16:40:00+00:00,291.7300109863281,291.760009765625,291.3500061035156,291.4700012207031,12119
2026-07-29 16:45:00+00:00,291.3780822753906,291.6600036621094,291.25,291.2699890136719,12861
2026-07-29 16:50:00+00:00,291.3599853515625,291.6099853515625,291.2699890136719,291.3900146484375,9388
2026-07-29 16:55:00+00:00,291.45001220703125,291.7398986816406,291.45001220703125,291.5799865722656,11857
2026-07-29 17:00:00+00:00,291.6099853515625,292.19000244140625,291.4110107421875,292.1400146484375,28259
2026-07-29 17:05:00+00:00,292.135009765625,292.44989013671875,291.8584899902344,291.9949951171875,26224
2026-07-29 17:10:00+00:00,291.95001220703125,292.3800048828125,291.69000244140625,292.1499938964844,17455
2026-07-29 17:15:00+00:00,292.1499938964844,292.70001220703125,292.1499938964844,292.5199890136719,16687
2026-07-29 17:20:00+00:00,292.6050109863281,292.70001220703125,292.30999755859375,292.3299865722656,18568
2026-07-29 17:25:00+00:00,292.4100036621094,292.6199951171875,292.20001220703125,292.43499755859375,10392
2026-07-29 17:30:00+00:00,292.32000732421875,292.67999267578125,292.114990234375,292.3800048828125,24045
2026-07-29 17:35:00+00:00,292.4100036621094,292.510009765625,292.2900085449219,292.3699951171875,17299
2026-07-29 17:40:00+00:00,292.3599853515625,292.6653137207031,292.3299865722656,292.5199890136719,20559
2026-07-29 17:45:00+00:00,292.6099853515625,292.6099853515625,292.1400146484375,292.1400146484375,16397
2026-07-29 17:50:00+00:00,292.2099914550781,292.239990234375,291.9242248535156,291.9242248535156,20082
2026-07-29 17:55:00+00:00,292.1000061035156,292.1000061035156,291.5450134277344,291.7200012207031,17204
2026-07-29 18:00:00+00:00,291.8500061035156,292.2799987792969,291.55999755859375,292.0,29113
2026-07-29 18:05:00+00:00,292.25,292.25,290.8399963378906,290.94000244140625,66925
2026-07-29 18:10:00+00:00,290.8999938964844,291.0,290.5,290.8999938964844,25791
2026-07-29 18:15:00+00:00,291.0299987792969,291.5299987792969,291.0150146484375,291.5249938964844,16075
2026-07-29 18:20:00+00:00,291.55499267578125,291.989990234375,291.4700012207031,291.6600036621094,11255
2026-07-29 18:25:00+00:00,291.7950134277344,292.0299987792969,291.6499938964844,291.7300109863281,17584
2026-07-29 18:30:00+00:00,291.614990234375,291.614990234375,290.8699951171875,291.32501220703125,55759
2026-07-29 18:35:00+00:00,291.3399963378906,291.6000061035156,291.18499755859375,291.57000732421875,22887
2026-07-29 18:40:00+00:00,291.57501220703125,291.6600036621094,291.3599853515625,291.5950012207031,20803
2026-07-29 18:45:00+00:00,291.7349853515625,292.489990234375,291.4800109863281,292.489990234375,59614
2026-07-29 18:50:00+00:00,292.5,293.0799865722656,292.5,293.0799865722656,18816
2026-07-29 18:55:00+00:00,293.0249938964844,293.0249938964844,292.45001220703125,292.4599914550781,26153
2026-07-29 19:00:00+00:00,292.4700012207031,292.67999267578125,292.1499938964844,292.1499938964844,22641
2026-07-29 19:05:00+00:00,292.1300048828125,292.70001220703125,292.0849914550781,292.42999267578125,49568
2026-07-29 19:10:00+00:00,292.04998779296875,292.260009765625,291.7900085449219,292.1700134277344,29843
2026-07-29 19:15:00+00:00,292.19000244140625,292.70001220703125,292.0799865722656,292.1499938964844,35276
2026-07-29 19:20:00+00:00,292.05999755859375,292.55499267578125,292.0199890136719,292.11749267578125,36236
2026-07-29 19:25:00+00:00,292.07000732421875,292.5350036621094,291.8599853515625,292.2699890136719,45501
2026-07-29 19:30:00+00:00,292.2900085449219,292.44000244140625,291.5899963378906,291.94000244140625,43137
2026-07-29 19:35:00+00:00,291.9750061035156,292.0498962402344,291.4700012207031,291.5799865722656,60004
2026-07-29 19:40:00+00:00,291.5400085449219,291.9549865722656,291.44000244140625,291.93499755859375,53633
2026-07-29 19:45:00+00:00,291.94000244140625,292.2699890136719,291.6000061035156,291.7799987792969,73328
2026-07-29 19:50:00+00:00,292.010009765625,292.2200012207031,291.7799987792969,292.0249938964844,84724
2026-07-29 19:55:00+00:00,291.95001220703125,292.80999755859375,291.9100036621094,292.4100036621094,236437
2026-07-29 20:00:00+00:00,292.19,292.19,292.1,292.19,0
2026-07-29 20:05:00+00:00,291.15,292.19,291.15,292.19,0
2026-07-29 20:10:00+00:00,292.19,292.19,291.0571,291.0571,0
2026-07-29 20:15:00+00:00,292.19,292.19,292.19,292.19,0
2026-07-29 20:20:00+00:00,292.19,292.19,285.04,285.04,0
2026-07-29 20:25:00+00:00,292.19,292.19,292.19,292.19,0
2026-07-29 20:40:00+00:00,292.19,292.19,292.19,292.19,0
2026-07-29 20:50:00+00:00,292.0,292.0,292.0,292.0,0
2026-07-29 20:55:00+00:00,292.19,292.19,292.19,292.19,0
2026-07-29 21:00:00+00:00,292.19,292.19,292.19,292.19,0
2026-07-29 21:10:00+00:00,292.0,292.19,292.0,292.19,0
2026-07-29 21:15:00+00:00,293.38,293.38,293.38,293.38,0
2026-07-29 21:30:00+00:00,293.0,293.0,290.1,290.1,0
2026-07-29 21:35:00+00:00,293.0,293.0,293.0,293.0,0
2026-07-29 21:40:00+00:00,293.0,293.0,293.0,293.0,0
2026-07-29 21:50:00+00:00,293.0,293.0,293.0,293.0,0
2026-07-29 21:55:00+00:00,291.31,293.38,291.31,292.99,0
2026-07-29 22:00:00+00:00,292.99,293.0,292.99,293.0,0
2026-07-29 22:05:00+00:00,292.5,292.5,292.5,292.5,0
2026-07-29 22:10:00+00:00,293.9402,293.9402,293.9402,293.9402,0
2026-07-29 22:30:00+00:00,292.27,292.27,292.27,292.27,0
2026-07-29 22:35:00+00:00,292.27,293.19,292.27,293.19,0
2026-07-29 22:40:00+00:00,293.19,293.19,293.19,293.19,0
2026-07-29 23:00:00+00:00,292.44,292.44,292.44,292.44,0
2026-07-29 23:15:00+00:00,292.88,292.88,292.88,292.88,0
2026-07-29 23:30:00+00:00,292.27,292.3406,292.27,292.27,0
2026-07-29 23:45:00+00:00,292.31,292.356,292.31,292.356,0
2026-07-29 23:50:00+00:00,292.33,292.33,292.33,292.33,0
2026-07-30 08:00:00+00:00,292.19,292.3,291.24,291.24,0
2026-07-30 08:30:00+00:00,292.8,292.8,292.8,292.8,0
2026-07-30 08:35:00+00:00,291.48,291.48,291.48,291.48,0
2026-07-30 08:45:00+00:00,291.48,291.48,291.48,291.48,0
2026-07-30 09:00:00+00:00,291.48,291.48,291.48,291.48,0
2026-07-30 09:15:00+00:00,291.48,291.48,291.48,291.48,0
2026-07-30 09:25:00+00:00,293.36,293.91,293.0,293.63,0
2026-07-30 09:40:00+00:00,291.71,291.71,291.61,291.61,0
2026-07-30 09:55:00+00:00,292.2,292.2,292.0,292.0,0
2026-07-30 10:00:00+00:00,292.02,293.79,292.02,293.77,0
2026-07-30 10:10:00+00:00,292.25,292.25,292.25,292.25,0
2026-07-30 10:25:00+00:00,292.25,292.25,292.25,292.25,0
2026-07-30 10:40:00+00:00,292.25,292.25,292.25,292.25,0
2026-07-30 10:50:00+00:00,292.22,292.22,292.22,292.22,0
2026-07-30 10:55:00+00:00,292.22,293.77,291.51,291.51,0
2026-07-30 11:00:00+00:00,292.11,292.11,292.02,292.02,0
2026-07-30 11:05:00+00:00,292.02,293.77,292.02,293.77,0
2026-07-30 11:10:00+00:00,292.02,292.02,292.02,292.02,0
2026-07-30 11:30:00+00:00,292.0,292.02,292.0,292.02,0
2026-07-30 11:40:00+00:00,292.02,292.62,292.02,292.6,0
2026-07-30 11:45:00+00:00,292.6,292.6,292.6,292.6,0
2026-07-30 11:50:00+00:00,292.07,292.07,292.07,292.07,0
2026-07-30 12:00:00+00:00,293.8953,293.8953,293.8953,293.8953,0
2026-07-30 12:10:00+00:00,292.07,293.45,292.07,293.45,0
2026-07-30 12:15:00+00:00,293.9988,293.9988,293.9988,293.9988,0
2026-07-30 12:25:00+00:00,292.15,292.15,292.0,292.0,0
2026-07-30 12:30:00+00:00,292.09,292.09,292.05,292.05,0
2026-07-30 12:35:00+00:00,292.1,292.19,292.01,292.05,0
2026-07-30 12:40:00+00:00,292.07,292.07,292.01,292.05,0
2026-07-30 12:45:00+00:00,292.01,292.11,292.01,292.11,0
2026-07-30 12:50:00+00:00,292.02,292.02,292.01,292.01,0
2026-07-30 12:55:00+00:00,292.01,292.06,292.01,292.06,0
2026-07-30 13:00:00+00:00,292.12,293.0,292.07,292.1,0
2026-07-30 13:05:00+00:00,292.14,292.14,292.01,292.01,0
2026-07-30 13:10:00+00:00,292.01,292.35,292.01,292.35,0
2026-07-30 13:30:00+00:00,293.8699951171875,293.8699951171875,291.8800048828125,291.8909912109375,52166
2026-07-30 13:35:00+00:00,291.8999938964844,292.1499938964844,290.2300109863281,290.2850036621094,48444
2026-07-30 13:40:00+00:00,290.5799865722656,290.7200012207031,289.4800109863281,289.7550048828125,20754
2026-07-30 13:45:00+00:00,289.7550048828125,289.96051025390625,288.7300109863281,289.375,62589
2026-07-30 13:50:00+00:00,289.3699951171875,290.05999755859375,289.07501220703125,289.1199951171875,47548
2026-07-30 13:55:00+00:00,289.1549987792969,289.31500244140625,288.3500061035156,288.55999755859375,33725
2026-07-30 14:00:00+00:00,288.56500244140625,289.2699890136719,287.8299865722656,289.260009765625,48946
2026-07-30 14:05:00+00:00,289.260009765625,290.1549987792969,289.1400146484375,289.25079345703125,32862
2026-07-30 14:10:00+00:00,289.04998779296875,289.5299987792969,288.42999267578125,288.67999267578125,20248
2026-07-30 14:15:00+00:00,288.67498779296875,289.2414855957031,288.2900085449219,288.92999267578125,46650
2026-07-30 14:20:00+00:00,289.0849914550781,289.0899963378906,288.2799987792969,288.3399963378906,31508
2026-07-30 14:25:00+00:00,288.3399963378906,288.5199890136719,287.69000244140625,287.7650146484375,45937
2026-07-30 14:30:00+00:00,287.8599853515625,288.0198974609375,286.9750061035156,287.29998779296875,66675
2026-07-30 14:35:00+00:00,287.0899963378906,287.9800109863281,286.7668151855469,287.55499267578125,65889
2026-07-30 14:40:00+00:00,287.57000732421875,288.0899963378906,287.1199951171875,287.1199951171875,38369
2026-07-30 14:45:00+00:00,287.05999755859375,287.489990234375,286.45001220703125,286.6300048828125,137404
2026-07-30 14:50:00+00:00,286.70001220703125,287.54998779296875,286.4700012207031,287.3999938964844,71540
2026-07-30 14:55:00+00:00,287.4100036621094,287.45001220703125,286.7099914550781,286.7699890136719,20213
2026-07-30 15:00:00+00:00,286.6600036621094,286.8599853515625,286.1000061035156,286.510009765625,91437
2026-07-30 15:05:00+00:00,286.4700012207031,286.5799865722656,286.18719482421875,286.3500061035156,20841
2026-07-30 15:10:00+00:00,286.2900085449219,286.55999755859375,285.7699890136719,285.82000732421875,22777
2026-07-30 15:15:00+00:00,285.7699890136719,286.17999267578125,285.6050109863281,286.114990234375,18680
2026-07-30 15:20:00+00:00,286.2200012207031,286.3500061035156,285.87750244140625,285.9599914550781,50877
2026-07-30 15:25:00+00:00,286.0,286.1600036621094,285.7699890136719,285.8399963378906,20822
2026-07-30 15:30:00+00:00,285.8399963378906,286.0899963378906,285.6300048828125,285.8599853515625,49356
2026-07-30 15:35:00+00:00,285.8900146484375,285.96099853515625,285.19000244140625,285.55999755859375,41134
2026-07-30 15:40:00+00:00,285.4200134277344,285.95001220703125,285.4200134277344,285.6499938964844,30481
2026-07-30 15:45:00+00:00,285.614990234375,285.625,285.31500244140625,285.43499755859375,17530
2026-07-30 15:50:00+00:00,285.57000732421875,285.75689697265625,285.3599853515625,285.4800109863281,10862
2026-07-30 15:55:00+00:00,285.5150146484375,285.7900085449219,285.3900146484375,285.45001220703125,13891
2026-07-30 16:00:00+00:00,285.4200134277344,285.614990234375,285.1400146484375,285.5199890136719,19772
2026-07-30 16:05:00+00:00,285.44000244140625,285.5199890136719,284.9200134277344,285.3349914550781,26433
2026-07-30 16:10:00+00:00,285.3500061035156,285.7900085449219,285.010009765625,285.1499938964844,103267
2026-07-30 16:15:00+00:00,285.1499938964844,285.4100036621094,284.7900085449219,285.29998779296875,24058
2026-07-30 16:20:00+00:00,285.3999938964844,285.79998779296875,285.0,285.0350036621094,47914
2026-07-30 16:25:00+00:00,284.94000244140625,285.7799987792969,284.8900146484375,285.42999267578125,45685
2026-07-30 16:30:00+00:00,285.42999267578125,286.1400146484375,285.32501220703125,285.8599853515625,41353
2026-07-30 16:35:00+00:00,285.8599853515625,285.8599853515625,285.3900146484375,285.489990234375,29535
2026-07-30 16:40:00+00:00,285.5899963378906,286.2300109863281,285.5050048828125,286.06500244140625,17100
2026-07-30 16:45:00+00:00,286.1499938964844,286.3800048828125,286.0,286.32000732421875,21297
2026-07-30 16:50:00+00:00,286.4700012207031,286.67999267578125,286.2699890136719,286.6000061035156,13182
2026-07-30 16:55:00+00:00,286.6050109863281,286.9700012207031,286.5400085449219,286.8999938964844,13149
2026-07-30 17:00:00+00:00,287.0,287.29998779296875,287.0,287.260009765625,14851
2026-07-30 17:05:00+00:00,287.1199951171875,287.260009765625,286.94000244140625,287.0450134277344,13685
2026-07-30 17:10:00+00:00,287.0350036621094,287.07000732421875,286.8500061035156,287.07000732421875,18457
2026-07-30 17:15:00+00:00,286.9800109863281,287.1400146484375,286.75,286.79998779296875,18786
2026-07-30 17:20:00+00:00,286.80499267578125,287.17999267578125,286.4700012207031,287.0849914550781,17299
2026-07-30 17:25:00+00:00,287.0950012207031,287.2598876953125,286.94000244140625,287.1199951171875,14778
2026-07-30 17:30:00+00:00,287.0799865722656,287.0799865722656,286.8399963378906,286.9949951171875,19504
2026-07-30 17:35:00+00:00,286.9949951171875,287.80999755859375,286.8299865722656,287.80999755859375,22213
2026-07-30 17:40:00+00:00,287.70001220703125,287.8900146484375,287.375,287.42999267578125,11793
2026-07-30 17:45:00+00:00,287.2900085449219,287.6650085449219,287.19000244140625,287.6650085449219,17065
2026-07-30 17:50:00+00:00,287.6650085449219,287.93499755859375,287.6199951171875,287.79998779296875,13704
2026-07-30 17:55:00+00:00,287.79998779296875,287.8599853515625,287.5,287.510009765625,16249
2026-07-30 18:00:00+00:00,287.5799865722656,288.072509765625,287.5799865722656,287.8999938964844,14148
2026-07-30 18:05:00+00:00,287.9700012207031,287.989990234375,287.5950012207031,287.6600036621094,21773
2026-07-30 18:10:00+00:00,287.6549987792969,287.7099914550781,287.4700012207031,287.7099914550781,18824
2026-07-30 18:15:00+00:00,287.760009765625,287.9200134277344,287.67999267578125,287.875,14897
2026-07-30 18:20:00+00:00,287.8900146484375,287.9800109863281,287.55499267578125,287.57501220703125,21170
2026-07-30 18:25:00+00:00,287.55999755859375,287.70001220703125,287.54998779296875,287.54998779296875,12581
2026-07-30 18:30:00+00:00,287.4700012207031,287.69000244140625,287.3399963378906,287.3399963378906,18885
2026-07-30 18:35:00+00:00,287.3349914550781,287.7200012207031,287.3349914550781,287.6549987792969,9900
2026-07-30 18:40:00+00:00,287.7200012207031,287.79998779296875,287.6199951171875,287.68499755859375,12380
2026-07-30 18:45:00+00:00,287.70001220703125,288.4800109863281,287.6600036621094,288.364990234375,78706
2026-07-30 18:50:00+00:00,288.3299865722656,288.69000244140625,288.18499755859375,288.32000732421875,53291
2026-07-30 18:55:00+00:00,288.4150085449219,288.7200012207031,288.3299865722656,288.4800109863281,19747
2026-07-30 19:00:00+00:00,288.42498779296875,288.9560852050781,288.3900146484375,288.7300109863281,55302
2026-07-30 19:05:00+00:00,288.67498779296875,288.7300109863281,288.42498779296875,288.6524963378906,23038
2026-07-30 19:10:00+00:00,288.6300048828125,288.79998779296875,288.45001220703125,288.4599914550781,21266
2026-07-30 19:15:00+00:00,288.44000244140625,289.17999267578125,288.44000244140625,289.17999267578125,21415
2026-07-30 19:20:00+00:00,289.3900146484375,289.489990234375,288.3699951171875,288.3699951171875,47194
2026-07-30 19:25:00+00:00,288.44000244140625,288.5899963378906,288.1300048828125,288.5899963378906,55012
2026-07-30 19:30:00+00:00,288.5849914550781,288.82000732421875,288.5148010253906,288.635009765625,30718
2026-07-30 19:35:00+00:00,288.6400146484375,288.7099914550781,288.2900085449219,288.3999938964844,42003
2026-07-30 19:40:00+00:00,288.3800048828125,288.6499938964844,288.2799987792969,288.5242004394531,34876
2026-07-30 19:45:00+00:00,288.5775146484375,288.69000244140625,288.3500061035156,288.6099853515625,48367
2026-07-30 19:50:00+00:00,288.75,288.82000732421875,288.4700012207031,288.7200012207031,70363
2026-07-30 19:55:00+00:00,289.42498779296875,289.55499267578125,288.8900146484375,289.4700012207031,233045
2026-07-30 20:00:00+00:00,289.46,289.46,289.46,289.46,0
2026-07-30 20:10:00+00:00,289.46,292.5,288.68,288.68,0
2026-07-30 20:15:00+00:00,289.46,289.46,288.0,288.0,0
2026-07-30 20:20:00+00:00,289.75,289.75,289.0,289.0,0
2026-07-30 20:30:00+00:00,291.0363,291.0363,289.46,289.46,0
2026-07-30 20:35:00+00:00,289.03,289.46,289.03,289.46,0
2026-07-30 20:45:00+00:00,289.45,289.45,289.45,289.45,0
2026-07-30 20:50:00+00:00,287.76,289.02,287.21,287.21,0
2026-07-30 20:55:00+00:00,289.46,289.46,289.3,289.3,0
2026-07-30 21:00:00+00:00,289.46,289.46,289.0,289.0,0
2026-07-30 21:05:00+00:00,289.0,289.46,289.0,289.46,0
2026-07-30 21:30:00+00:00,289.51,289.51,289.51,289.51,0
2026-07-30 21:35:00+00:00,289.89,292.95,289.89,292.95,0
2026-07-30 21:45:00+00:00,288.7,289.85,288.7,289.75,0
2026-07-30 21:50:00+00:00,289.65,289.65,289.45,289.625,0
2026-07-30 21:55:00+00:00,289.4041,289.45,289.01,289.45,0
2026-07-30 22:00:00+00:00,289.45,289.75,289.45,289.75,0
2026-07-30 22:15:00+00:00,288.7,288.7,288.7,288.7,0
2026-07-30 22:30:00+00:00,290.0,290.0,290.0,290.0,0
2026-07-30 22:35:00+00:00,289.0,289.3,289.0,289.3,0
2026-07-30 22:45:00+00:00,290.49,290.49,290.49,290.49,0
2026-07-30 23:10:00+00:00,290.49,290.49,290.49,290.49,0
2026-07-30 23:30:00+00:00,289.15,289.15,289.15,289.15,0
2026-07-30 23:40:00+00:00,291.955,291.955,291.955,291.955,0
2026-07-30 23:45:00+00:00,290.49,290.49,290.49,290.49,0
2026-07-31 08:00:00+00:00,289.46,290.4,289.46,290.4,0
2026-07-31 08:05:00+00:00,290.4,290.4,290.4,290.4,0
2026-07-31 08:15:00+00:00,290.4,290.4,290.4,290.4,0
2026-07-31 08:30:00+00:00,290.4,290.4,290.4,290.4,0
2026-07-31 08:50:00+00:00,290.4,290.4,290.4,290.4,0
2026-07-31 09:00:00+00:00,289.5,289.5,289.5,289.5,0
2026-07-31 09:30:00+00:00,289.5,289.5,289.5,289.5,0
2026-07-31 09:45:00+00:00,289.5,289.5,289.5,289.5,0
2026-07-31 10:25:00+00:00,289.8,289.8,289.8,289.8,0
2026-07-31 10:30:00+00:00,294.43,294.43,294.43,294.43,0
2026-07-31 10:50:00+00:00,276.0537,276.0537,276.0537,276.0537,0
2026-07-31 11:00:00+00:00,290.0,290.0,290.0,290.0,0
2026-07-31 11:15:00+00:00,291.0,291.0,291.0,291.0,0
2026-07-31 11:20:00+00:00,290.48,290.48,287.2539,287.2539,0
2026-07-31 11:25:00+00:00,288.7,288.7,288.7,288.7,0
2026-07-31 11:40:00+00:00,290.48,290.48,289.94,289.94,0
2026-07-31 11:45:00+00:00,288.72,288.72,288.72,288.72,0
2026-07-31 11:50:00+00:00,289.5,289.99,289.5,289.99,0
2026-07-31 12:00:00+00:00,290.0,290.0,290.0,290.0,0
2026-07-31 12:10:00+00:00,290.0,290.0,290.0,290.0,0
2026-07-31 12:15:00+00:00,289.9,289.9,289.9,289.9,0
2026-07-31 12:20:00+00:00,290.2022,290.2022,290.2022,290.2022,0
2026-07-31 12:25:00+00:00,290.22,290.5,289.88,290.5,0
2026-07-31 12:30:00+00:00,290.34,290.34,290.32,290.33,0
2026-07-31 12:35:00+00:00,292.6174,292.6174,290.27,290.7,0
2026-07-31 12:45:00+00:00,292.809,292.809,290.4,290.4,0
2026-07-31 12:50:00+00:00,290.4,290.4,290.4,290.4,0
2026-07-31 13:00:00+00:00,289.6,289.76,289.6,289.68,0
2026-07-31 13:05:00+00:00,289.68,289.68,289.64,289.64,0
2026-07-31 13:10:00+00:00,291.62,291.62,291.62,291.62,0
2026-07-31 13:30:00+00:00,289.70001220703125,290.3800048828125,288.3999938964844,289.06500244140625,47346
2026-07-31 13:35:00+00:00,288.9700012207031,289.32000732421875,287.9100036621094,288.8599853515625,21157
2026-07-31 13:40:00+00:00,288.8599853515625,289.2449951171875,288.3699951171875,289.2300109863281,22547
2026-07-31 13:45:00+00:00,288.9100036621094,289.80999755859375,288.7300109863281,289.4599914550781,34061
2026-07-31 13:50:00+00:00,289.5400085449219,289.5400085449219,288.8500061035156,289.1050109863281,17067
2026-07-31 13:55:00+00:00,289.1199035644531,289.1400146484375,288.70001220703125,288.9849853515625,23933
2026-07-31 14:00:00+00:00,289.1199951171875,289.5549011230469,288.94000244140625,289.0299987792969,55543
2026-07-31 14:05:00+00:00,289.1700134277344,289.5299987792969,288.94000244140625,289.5,41495
2026-07-31 14:10:00+00:00,289.5,289.9800109863281,289.0400085449219,289.80999755859375,29448
2026-07-31 14:15:00+00:00,289.760009765625,290.55499267578125,289.70001220703125,289.7099914550781,18606
2026-07-31 14:20:00+00:00,289.8599853515625,290.44000244140625,289.7099914550781,290.364990234375,12145
2026-07-31 14:25:00+00:00,290.1400146484375,291.0799865722656,290.1300048828125,291.0799865722656,33275
2026-07-31 14:30:00+00:00,291.0799865722656,291.0799865722656,290.44219970703125,290.5899963378906,26117
2026-07-31 14:35:00+00:00,290.5899963378906,290.9800109863281,290.5899963378906,290.8251037597656,12401
2026-07-31 14:40:00+00:00,290.8999938964844,291.5,290.8500061035156,290.92999267578125,30418
2026-07-31 14:45:00+00:00,290.9100036621094,291.2799987792969,290.7049865722656,290.82000732421875,31574
2026-07-31 14:50:00+00:00,290.8999938964844,291.1300048828125,290.6449890136719,290.9800109863281,17416
2026-07-31 14:55:00+00:00,290.9949951171875,291.0799865722656,290.80999755859375,291.010009765625,18262
2026-07-31 15:00:00+00:00,291.0199890136719,291.0400085449219,290.5199890136719,290.6700134277344,19016
2026-07-31 15:05:00+00:00,290.614990234375,290.760009765625,290.23748779296875,290.4100036621094,13696
2026-07-31 15:10:00+00:00,290.4150085449219,291.30999755859375,290.3999938964844,291.25,19099
2026-07-31 15:15:00+00:00,291.25,291.43499755859375,290.9949951171875,291.0799865722656,34286
2026-07-31 15:20:00+00:00,291.0350036621094,291.9700012207031,291.0350036621094,291.7650146484375,15627
2026-07-31 15:25:00+00:00,291.7650146484375,291.9700012207031,291.55999755859375,291.7200012207031,28625
2026-07-31 15:30:00+00:00,291.82000732421875,291.82000732421875,291.5400085449219,291.7900085449219,27246
2026-07-31 15:35:00+00:00,291.8299865722656,292.32000732421875,291.7300109863281,292.260009765625,24587
2026-07-31 15:40:00+00:00,292.3699951171875,292.6400146484375,292.2950134277344,292.5,54753
2026-07-31 15:45:00+00:00,292.5,292.54998779296875,292.1300048828125,292.3599853515625,45766
2026-07-31 15:50:00+00:00,292.3500061035156,292.42999267578125,292.1600036621094,292.2049865722656,17458
2026-07-31 15:55:00+00:00,292.2699890136719,292.54998779296875,292.1025085449219,292.4649963378906,16485
2026-07-31 16:00:00+00:00,292.3800048828125,292.6000061035156,292.1499938964844,292.2900085449219,36406
2026-07-31 16:05:00+00:00,292.3599853515625,292.4200134277344,292.20001220703125,292.2699890136719,15150
2026-07-31 16:10:00+00:00,292.25,292.4992980957031,292.19000244140625,292.32000732421875,18662
2026-07-31 16:15:00+00:00,292.2650146484375,292.2850036621094,292.010009765625,292.2300109863281,16880
2026-07-31 16:20:00+00:00,292.30999755859375,292.45001220703125,292.1499938964844,292.2099914550781,16821
2026-07-31 16:25:00+00:00,292.1700134277344,292.44000244140625,292.0299987792969,292.3399963378906,14403
2026-07-31 16:30:00+00:00,292.3999938964844,292.5299987792969,292.32000732421875,292.42498779296875,39289
2026-07-31 16:35:00+00:00,292.5199890136719,292.6499938964844,292.32000732421875,292.4849853515625,31746
2026-07-31 16:40:00+00:00,292.4599914550781,292.6499938964844,292.3699951171875,292.5899963378906,13447
2026-07-31 16:45:00+00:00,292.6199951171875,292.8949890136719,292.5849914550781,292.8299865722656,22207
2026-07-31 16:50:00+00:00,292.80999755859375,293.25,292.7550048828125,292.7550048828125,26126
2026-07-31 16:55:00+00:00,292.7550048828125,293.0299987792969,292.69000244140625,292.7900085449219,42232
2026-07-31 17:00:00+00:00,292.9200134277344,293.0400085449219,292.55999755859375,292.614990234375,19271
2026-07-31 17:05:00+00:00,292.6650085449219,292.6650085449219,292.2200012207031,292.5450134277344,16957
2026-07-31 17:10:00+00:00,292.5,292.5150146484375,292.2799987792969,292.2799987792969,15701
2026-07-31 17:15:00+00:00,292.32000732421875,292.3699951171875,291.8949890136719,291.94000244140625,16278
2026-07-31 17:20:00+00:00,292.0050048828125,292.1000061035156,291.5350036621094,291.80999755859375,19085
2026-07-31 17:25:00+00:00,291.760009765625,291.8500061035156,291.2749938964844,291.6000061035156,32257
2026-07-31 17:30:00+00:00,291.67999267578125,291.7300109863281,291.4750061035156,291.57000732421875,11210
2026-07-31 17:35:00+00:00,291.4949951171875,291.9798889160156,291.4200134277344,291.9798889160156,19886
2026-07-31 17:40:00+00:00,291.7799987792969,291.864990234375,291.5799865722656,291.75,14470
2026-07-31 17:45:00+00:00,291.6449890136719,291.8699951171875,291.6449890136719,291.760009765625,20720
2026-07-31 17:50:00+00:00,291.7650146484375,291.9100036621094,291.7099914550781,291.8299865722656,12778
2026-07-31 17:55:00+00:00,291.7799987792969,291.7799987792969,291.3699951171875,291.4049987792969,15475
2026-07-31 18:00:00+00:00,291.6499938964844,291.7300109863281,291.4800109863281,291.67999267578125,34263
2026-07-31 18:05:00+00:00,291.68499755859375,291.760009765625,291.42999267578125,291.69500732421875,28844
2026-07-31 18:10:00+00:00,291.6400146484375,291.7799987792969,291.489990234375,291.489990234375,18880
2026-07-31 18:15:00+00:00,291.510009765625,291.5199890136719,291.30999755859375,291.3299865722656,15087
2026-07-31 18:20:00+00:00,291.2799987792969,291.9150085449219,291.2799987792969,291.8299865722656,45493
2026-07-31 18:25:00+00:00,291.7900085449219,291.9299011230469,291.7300109863281,291.7900085449219,26793
2026-07-31 18:30:00+00:00,291.7850036621094,291.94000244140625,291.739990234375,291.82000732421875,44743
2026-07-31 18:35:00+00:00,291.760009765625,292.1400146484375,291.69000244140625,291.739990234375,23569
2026-07-31 18:40:00+00:00,291.760009765625,291.8999938964844,291.4599914550781,291.7799987792969,50319
2026-07-31 18:45:00+00:00,291.7799987792969,292.1400146484375,291.7799987792969,292.0299987792969,14081
2026-07-31 18:50:00+00:00,292.0,292.25,291.989990234375,292.20001220703125,25914
2026-07-31 18:55:00+00:00,292.25,292.6199951171875,292.2099914550781,292.3299865722656,28888
2026-07-31 19:00:00+00:00,292.32000732421875,292.7900085449219,292.2699890136719,292.7898864746094,45691
2026-07-31 19:05:00+00:00,292.7900085449219,293.4800109863281,292.7699890136719,293.3800048828125,34523
2026-07-31 19:10:00+00:00,293.375,293.5,293.1099853515625,293.19000244140625,32056
2026-07-31 19:15:00+00:00,293.20001220703125,293.5,293.1400146484375,293.3299865722656,27198
2026-07-31 19:20:00+00:00,293.3399963378906,293.6300048828125,293.260009765625,293.6300048828125,49975
2026-07-31 19:25:00+00:00,293.6499938964844,293.94000244140625,293.42999267578125,293.42999267578125,48299
2026-07-31 19:30:00+00:00,293.489990234375,293.70001220703125,293.260009765625,293.260009765625,41334
2026-07-31 19:35:00+00:00,293.2699890136719,293.5400085449219,293.2300109863281,293.5199890136719,25291
2026-07-31 19:40:00+00:00,293.4800109863281,293.7099914550781,293.3999938964844,293.6300048828125,48300
2026-07-31 19:45:00+00:00,293.6099853515625,293.7300109863281,293.32000732421875,293.67999267578125,40853
2026-07-31 19:50:00+00:00,293.6300048828125,293.75,293.125,293.2799987792969,71788
2026-07-31 19:55:00+00:00,293.2200012207031,293.3999938964844,291.44000244140625,292.1199951171875,316766
2026-07-31 20:00:00+00:00,292.13,293.53,292.13,292.13,0
2026-07-31 20:05:00+00:00,294.0,294.0,289.0588,292.29,0
2026-07-31 20:10:00+00:00,292.13,292.5,291.96,292.5,0
2026-07-31 20:15:00+00:00,292.13,292.13,288.0,288.0,0
2026-07-31 20:20:00+00:00,292.13,292.13,292.13,292.13,0
2026-07-31 20:25:00+00:00,292.5,292.99,292.5,292.6,0
2026-07-31 20:35:00+00:00,292.6,292.6,291.51,291.51,0
2026-07-31 20:55:00+00:00,291.0,291.0,291.0,291.0,0
2026-07-31 21:05:00+00:00,292.0,292.0,292.0,292.0,0
2026-07-31 21:10:00+00:00,292.0,292.0,292.0,292.0,0
2026-07-31 21:45:00+00:00,291.13,291.13,291.13,291.13,0
2026-07-31 21:50:00+00:00,291.13,291.97,291.13,291.97,0
2026-07-31 21:55:00+00:00,291.566,291.566,291.566,291.566,0
2026-07-31 22:00:00+00:00,291.566,291.566,291.566,291.566,0
2026-07-31 22:05:00+00:00,291.31,291.38,291.31,291.38,0
2026-07-31 22:30:00+00:00,292.13,292.13,292.13,292.13,0
2026-07-31 22:40:00+00:00,292.13,292.13,292.13,292.13,0
2026-07-31 23:00:00+00:00,291.5,291.5,291.5,291.5,0
2026-07-31 23:15:00+00:00,291.39,291.39,291.39,291.39,0
2026-07-31 23:30:00+00:00,291.39,291.39,289.0588,289.0588,0
2026-07-31 23:45:00+00:00,291.39,291.39,291.39,291.39,0
2026-07-31 23:50:00+00:00,291.39,294.0,291.39,294.0,0
2026-08-03 08:00:00+00:00,293.0,305.463,292.1,292.11,0
2026-08-03 08:25:00+00:00,292.11,292.11,292.11,292.11,0
2026-08-03 08:40:00+00:00,292.11,292.11,292.11,292.11,0
2026-08-03 09:00:00+00:00,292.11,292.11,292.11,292.11,0
2026-08-03 09:10:00+00:00,292.11,292.11,292.11,292.11,0
2026-08-03 09:15:00+00:00,292.15,292.19,292.15,292.19,0
2026-08-03 09:45:00+00:00,292.19,292.19,292.19,292.19,0
2026-08-03 09:55:00+00:00,292.19,292.19,292.19,292.19,0
2026-08-03 10:10:00+00:00,292.19,292.19,292.19,292.19,0
2026-08-03 10:25:00+00:00,292.19,292.19,292.19,292.19,0
2026-08-03 10:40:00+00:00,292.99,292.99,292.99,292.99,0
2026-08-03 10:45:00+00:00,292.99,293.72,292.99,293.45,0
2026-08-03 11:00:00+00:00,292.19,292.19,292.19,292.19,0
2026-08-03 11:10:00+00:00,292.77,292.77,292.77,292.77,0
2026-08-03 11:15:00+00:00,292.85,292.85,288.61,292.65,0
2026-08-03 11:25:00+00:00,286.2682,286.2682,286.2682,286.2682,0
2026-08-03 11:35:00+00:00,294.0,297.37,293.4,294.5,0
2026-08-03 11:55:00+00:00,298.0,298.0,298.0,298.0,0
2026-08-03 12:15:00+00:00,293.99,299.84,293.99,299.84,0
2026-08-03 12:25:00+00:00,293.01,298.0,293.0,298.0,0
2026-08-03 12:30:00+00:00,293.01,297.0,293.01,295.29,0
2026-08-03 12:35:00+00:00,295.3,295.3,293.02,293.02,0
2026-08-03 12:40:00+00:00,295.3,295.3,293.02,293.02,0
2026-08-03 12:55:00+00:00,292.13,292.13,292.13,292.13,0
2026-08-03 13:00:00+00:00,295.19,295.2,292.13,295.2,0
2026-08-03 13:05:00+00:00,295.19,295.19,294.9511,294.9511,0
2026-08-03 13:30:00+00:00,292.5,293.96990966796875,292.05999755859375,292.3399963378906,87929
2026-08-03 13:35:00+00:00,292.4100036621094,292.9372863769531,290.44000244140625,290.6700134277344,13754
2026-08-03 13:40:00+00:00,290.3235168457031,290.92840576171875,289.9200134277344,290.0,16540
2026-08-03 13:45:00+00:00,289.8999938964844,290.2699890136719,289.2099914550781,289.95001220703125,28716
2026-08-03 13:50:00+00:00,289.8500061035156,291.04998779296875,289.6199951171875,290.5899963378906,35225
2026-08-03 13:55:00+00:00,290.7149963378906,290.8299865722656,290.30999755859375,290.7799987792969,35844
2026-08-03 14:00:00+00:00,291.239990234375,292.3599853515625,290.6340026855469,292.06500244140625,31432
2026-08-03 14:05:00+00:00,291.5400085449219,292.2749938964844,291.5400085449219,291.6099853515625,26654
2026-08-03 14:10:00+00:00,291.3299865722656,291.94500732421875,291.17999267578125,291.7850036621094,29882
2026-08-03 14:15:00+00:00,292.07000732421875,292.260009765625,291.7900085449219,291.9599914550781,10882
2026-08-03 14:20:00+00:00,292.0150146484375,292.42999267578125,291.8399963378906,292.0450134277344,25212
2026-08-03 14:25:00+00:00,291.9906921386719,292.1400146484375,291.5799865722656,291.9200134277344,13595
2026-08-03 14:30:00+00:00,291.9075012207031,291.9075012207031,291.19000244140625,291.4649963378906,16419
2026-08-03 14:35:00+00:00,291.29998779296875,291.3999938964844,290.8500061035156,291.1050109863281,13619
2026-08-03 14:40:00+00:00,290.9100036621094,291.0199890136719,290.57501220703125,290.7650146484375,23244
2026-08-03 14:45:00+00:00,290.70001220703125,290.8900146484375,290.5199890136719,290.5199890136719,13497
2026-08-03 14:50:00+00:00,290.510009765625,290.8699951171875,290.25,290.8500061035156,28235
2026-08-03 14:55:00+00:00,291.0,291.07501220703125,290.739990234375,290.8900146484375,13235
2026-08-03 15:00:00+00:00,290.8399963378906,290.9150085449219,290.510009765625,290.75,19995
2026-08-03 15:05:00+00:00,290.6000061035156,290.7850036621094,290.260009765625,290.30999755859375,13052
2026-08-03 15:10:00+00:00,290.45001220703125,290.9200134277344,290.3800048828125,290.9200134277344,18498
2026-08-03 15:15:00+00:00,290.9200134277344,290.9599914550781,290.5849914550781,290.67498779296875,14940
2026-08-03 15:20:00+00:00,290.5,290.7300109863281,290.17999267578125,290.5199890136719,14768
2026-08-03 15:25:00+00:00,290.510009765625,291.010009765625,290.3500061035156,290.7900085449219,19827
2026-08-03 15:30:00+00:00,290.7950134277344,290.7950134277344,290.20001220703125,290.3550109863281,15373
2026-08-03 15:35:00+00:00,290.2699890136719,290.8299865722656,290.19000244140625,290.7749938964844,21804
2026-08-03 15:40:00+00:00,290.739990234375,290.92999267578125,290.5199890136719,290.57000732421875,23007
2026-08-03 15:45:00+00:00,290.57000732421875,291.0,290.45001220703125,290.885009765625,11498
2026-08-03 15:50:00+00:00,291.010009765625,291.3450012207031,290.8599853515625,291.05499267578125,16483
2026-08-03 15:55:00+00:00,290.9200134277344,291.0450134277344,290.8399963378906,290.8599853515625,6031
2026-08-03 16:00:00+00:00,290.80999755859375,291.0050048828125,290.760009765625,290.7799987792969,7985
2026-08-03 16:05:00+00:00,290.69000244140625,290.82000732421875,290.3299865722656,290.5799865722656,26860
2026-08-03 16:10:00+00:00,290.55999755859375,290.6199951171875,290.44000244140625,290.44000244140625,7270
2026-08-03 16:15:00+00:00,290.5400085449219,290.5400085449219,290.07000732421875,290.2099914550781,13973
2026-08-03 16:20:00+00:00,290.1499938964844,290.1700134277344,289.70001220703125,290.1300048828125,23628
2026-08-03 16:25:00+00:00,290.17498779296875,290.260009765625,289.82000732421875,290.260009765625,13760
2026-08-03 16:30:00+00:00,290.135009765625,290.135009765625,289.80999755859375,289.9200134277344,8917
2026-08-03 16:35:00+00:00,289.9200134277344,289.9200134277344,289.5400085449219,289.5899963378906,10604
2026-08-03 16:40:00+00:00,289.7149963378906,289.7900085449219,289.510009765625,289.5350036621094,12184
2026-08-03 16:45:00+00:00,289.4700012207031,289.6600036621094,289.30999755859375,289.6600036621094,13607
2026-08-03 16:50:00+00:00,289.70001220703125,289.7200012207031,289.1600036621094,289.1600036621094,7279
2026-08-03 16:55:00+00:00,289.29998779296875,289.864990234375,289.1700134277344,289.8299865722656,11920
2026-08-03 17:00:00+00:00,289.8349914550781,289.9200134277344,289.6000061035156,289.6000061035156,5803
2026-08-03 17:05:00+00:00,289.6300048828125,289.7300109863281,289.489990234375,289.5849914550781,12211
2026-08-03 17:10:00+00:00,289.5799865722656,289.70989990234375,289.1700134277344,289.19500732421875,11320
2026-08-03 17:15:00+00:00,289.01568603515625,289.7699890136719,288.9549865722656,289.7200012207031,38276
2026-08-03 17:20:00+00:00,289.7699890136719,290.1099853515625,289.760009765625,289.8500061035156,9665
2026-08-03 17:25:00+00:00,289.70001220703125,289.80999755859375,289.5299987792969,289.6600036621094,9118
2026-08-03 17:30:00+00:00,289.6449890136719,289.9800109863281,289.6000061035156,289.864990234375,8001
2026-08-03 17:35:00+00:00,289.79998779296875,290.19000244140625,289.79998779296875,290.19000244140625,6091
2026-08-03 17:40:00+00:00,290.19000244140625,290.19000244140625,289.9800109863281,289.9800109863281,8501
2026-08-03 17:45:00+00:00,289.9800109863281,290.05999755859375,289.8299865722656,289.8399963378906,9491
2026-08-03 17:50:00+00:00,289.82000732421875,290.1499938964844,289.82000732421875,289.9800109863281,6497
2026-08-03 17:55:00+00:00,289.94000244140625,290.1300048828125,289.94000244140625,290.05999755859375,9895
2026-08-03 18:00:00+00:00,290.07000732421875,290.0799865722656,289.625,289.70001220703125,19116
2026-08-03 18:05:00+00:00,289.6499938964844,289.79998779296875,289.54998779296875,289.6499938964844,13948
2026-08-03 18:10:00+00:00,289.7300109863281,289.760009765625,289.5299987792969,289.6199951171875,22576
2026-08-03 18:15:00+00:00,289.55999755859375,289.67999267578125,289.5400085449219,289.6549987792969,12153
2026-08-03 18:20:00+00:00,289.6700134277344,289.8399963378906,289.6000061035156,289.79998779296875,18712
2026-08-03 18:25:00+00:00,289.75,290.1300048828125,289.739990234375,290.0199890136719,17155
2026-08-03 18:30:00+00:00,290.0350036621094,290.32501220703125,289.9200134277344,289.9200134277344,22654
2026-08-03 18:35:00+00:00,289.8800048828125,290.4700012207031,289.8800048828125,290.2449951171875,26279
2026-08-03 18:40:00+00:00,290.2300109863281,290.2300109863281,290.0199890136719,290.0299987792969,5887
2026-08-03 18:45:00+00:00,290.010009765625,290.29998779296875,289.8999938964844,290.08990478515625,8535
2026-08-03 18:50:00+00:00,289.9849853515625,290.07000732421875,289.82000732421875,289.82000732421875,18317
2026-08-03 18:55:00+00:00,289.80999755859375,290.2300109863281,289.80999755859375,290.20001220703125,8962
2026-08-03 19:00:00+00:00,290.3598937988281,290.7300109863281,290.07000732421875,290.6000061035156,12342
2026-08-03 19:05:00+00:00,290.5299987792969,290.6549987792969,290.4200134277344,290.4849853515625,10340
2026-08-03 19:10:00+00:00,290.55999755859375,290.7200012207031,290.45001220703125,290.6199951171875,16003
2026-08-03 19:15:00+00:00,290.69000244140625,290.7998962402344,290.45001220703125,290.45001220703125,18272
2026-08-03 19:20:00+00:00,290.3999938964844,290.42999267578125,290.239990234375,290.25,12489
2026-08-03 19:25:00+00:00,290.30999755859375,290.5950012207031,290.30999755859375,290.54998779296875,29528
2026-08-03 19:30:00+00:00,290.4949951171875,290.75,290.3399963378906,290.385009765625,19298
2026-08-03 19:35:00+00:00,290.385009765625,290.42999267578125,290.2099914550781,290.3500061035156,14916
2026-08-03 19:40:00+00:00,290.70001220703125,290.8299865722656,290.239990234375,290.4700012207031,21770
2026-08-03 19:45:00+00:00,290.3800048828125,290.8599853515625,290.3599853515625,290.82501220703125,32036
2026-08-03 19:50:00+00:00,290.8900146484375,291.7300109863281,290.8900146484375,291.7300109863281,214869
2026-08-03 19:55:00+00:00,291.7900085449219,292.29998779296875,291.260009765625,291.3699951171875,228112
2026-08-03 20:00:00+00:00,291.34,291.36,291.23,291.23,0
2026-08-03 20:10:00+00:00,291.23,291.23,291.23,291.23,0
2026-08-03 20:15:00+00:00,291.23,293.0,291.23,291.23,0
2026-08-03 20:20:00+00:00,291.5466,291.5466,291.5466,291.5466,0
2026-08-03 20:40:00+00:00,291.5466,291.5466,291.5466,291.5466,0
2026-08-03 20:50:00+00:00,292.2233,292.2233,292.2233,292.2233,0
2026-08-03 21:00:00+00:00,292.2233,292.2233,292.2233,292.2233,0
2026-08-03 21:10:00+00:00,288.1224,288.1224,288.1224,288.1224,0
2026-08-03 21:15:00+00:00,292.8595,292.8595,292.8595,292.8595,0
2026-08-03 21:20:00+00:00,291.85,291.85,291.25,291.25,0
2026-08-03 21:30:00+00:00,294.014,294.014,294.014,294.014,0
2026-08-03 21:55:00+00:00,294.014,294.014,294.014,294.014,0
2026-08-03 22:05:00+00:00,291.85,291.85,291.85,291.85,0
2026-08-03 22:10:00+00:00,291.85,291.85,291.85,291.85,0
2026-08-03 22:15:00+00:00,291.85,291.85,291.85,291.85,0
2026-08-03 22:20:00+00:00,291.9,291.9,291.9,291.9,0
2026-08-03 22:50:00+00:00,291.88,291.88,291.88,291.88,0
2026-08-03 23:20:00+00:00,291.43,291.52,291.43,291.52,0
2026-08-03 23:30:00+00:00,291.23,291.23,291.23,291.23,0
2026-08-03 23:55:00+00:00,291.5,291.52,291.1722,291.1722,0
2026-08-04 08:00:00+00:00,291.23,293.0,290.48,290.48,0
2026-08-04 08:15:00+00:00,290.48,290.48,290.48,290.48,0
2026-08-04 08:25:00+00:00,287.5887,287.5887,287.5887,287.5887,0
2026-08-04 08:30:00+00:00,292.79,292.8,292.79,292.8,0
2026-08-04 08:35:00+00:00,292.79,292.8,292.79,292.8,0
2026-08-04 08:55:00+00:00,292.8,292.8,292.8,292.8,0
2026-08-04 09:20:00+00:00,292.8,292.8,292.8,292.8,0
2026-08-04 10:00:00+00:00,291.01,291.01,290.77,290.77,0
2026-08-04 10:05:00+00:00,290.77,290.77,290.77,290.77,0
2026-08-04 10:10:00+00:00,290.69,290.69,290.69,290.69,0
2026-08-04 10:15:00+00:00,290.01,290.01,290.01,290.01,0
2026-08-04 10:30:00+00:00,291.47,291.47,290.81,290.81,0
2026-08-04 10:35:00+00:00,290.4,290.4,290.4,290.4,0
2026-08-04 11:00:00+00:00,291.18,291.18,290.4,290.4,0
2026-08-04 11:05:00+00:00,291.98,292.95,291.98,292.95,0
2026-08-04 11:10:00+00:00,292.84,292.84,292.84,292.84,0
2026-08-04 11:15:00+00:00,292.84,292.84,292.84,292.84,0
2026-08-04 11:25:00+00:00,290.4162,290.4162,290.4162,290.4162,0
2026-08-04 11:30:00+00:00,291.83,291.83,291.81,291.81,0
2026-08-04 11:45:00+00:00,291.23,291.23,291.23,291.23,0
2026-08-04 11:50:00+00:00,290.075,290.075,290.075,290.075,0
2026-08-04 11:55:00+00:00,290.075,292.0,290.075,290.075,0
2026-08-04 12:00:00+00:00,292.0,292.0,292.0,292.0,0
2026-08-04 12:10:00+00:00,290.5,290.5,290.5,290.5,0
2026-08-04 12:25:00+00:00,290.5,290.5,290.5,290.5,0
2026-08-04 12:55:00+00:00,290.5,292.05,290.49,292.05,0
2026-08-04 13:05:00+00:00,290.5,290.5,290.075,290.075,0
2026-08-04 13:10:00+00:00,292.925,292.925,292.925,292.925,0
2026-08-04 13:30:00+00:00,289.3399963378906,290.43499755859375,288.0899963378906,288.7900085449219,37523
2026-08-04 13:35:00+00:00,288.7900085449219,289.7398986816406,288.0,288.9849853515625,17698
2026-08-04 13:40:00+00:00,288.9150085449219,289.7090148925781,288.9150085449219,289.25,21883
2026-08-04 13:45:00+00:00,289.17999267578125,289.47900390625,288.239990234375,289.0299987792969,18547
2026-08-04 13:50:00+00:00,289.3399963378906,290.2900085449219,288.94000244140625,290.0,15815
2026-08-04 13:55:00+00:00,290.20001220703125,291.57000732421875,290.1549987792969,291.4150085449219,16714
2026-08-04 14:00:00+00:00,291.37750244140625,291.5249938964844,291.010009765625,291.2300109863281,33609
2026-08-04 14:05:00+00:00,291.2349853515625,291.44000244140625,290.94000244140625,291.44000244140625,22058
2026-08-04 14:10:00+00:00,291.3999938964844,291.56500244140625,290.8599853515625,291.427490234375,17468
2026-08-04 14:15:00+00:00,291.4100036621094,291.7550048828125,291.29998779296875,291.7300109863281,19798
2026-08-04 14:20:00+00:00,291.61248779296875,291.7099914550781,290.85009765625,290.85009765625,19810
2026-08-04 14:25:00+00:00,291.3999938964844,291.57000732421875,290.85009765625,291.0299987792969,12211
2026-08-04 14:30:00+00:00,291.0299987792969,292.3399963378906,291.0299987792969,292.2449951171875,25280
2026-08-04 14:35:00+00:00,292.2449951171875,292.8900146484375,292.2449951171875,292.6400146484375,30136
2026-08-04 14:40:00+00:00,292.82501220703125,292.83990478515625,292.30499267578125,292.57501220703125,20788
2026-08-04 14:45:00+00:00,292.69000244140625,293.5400085449219,292.65008544921875,293.5400085449219,27664
2026-08-04 14:50:00+00:00,293.6099853515625,294.1300048828125,293.6099853515625,293.9200134277344,45911
2026-08-04 14:55:00+00:00,293.93499755859375,294.3599853515625,293.760009765625,294.2200012207031,31903
2026-08-04 15:00:00+00:00,294.2950134277344,294.4100036621094,293.9700012207031,294.0199890136719,33153
2026-08-04 15:05:00+00:00,293.9849853515625,294.260009765625,293.6000061035156,293.8500061035156,36902
2026-08-04 15:10:00+00:00,293.7699890136719,294.17999267578125,293.5700988769531,293.989990234375,41616
2026-08-04 15:15:00+00:00,293.9200134277344,294.1099853515625,293.9100036621094,294.07000732421875,14192
2026-08-04 15:20:00+00:00,294.1300048828125,294.3800048828125,293.9913024902344,294.20001220703125,15665
2026-08-04 15:25:00+00:00,294.20001220703125,294.32000732421875,293.92999267578125,294.010009765625,15458
2026-08-04 15:30:00+00:00,294.010009765625,294.44989013671875,293.8500061035156,294.05999755859375,15641
2026-08-04 15:35:00+00:00,294.05999755859375,294.45001220703125,294.05999755859375,294.18499755859375,15655
2026-08-04 15:40:00+00:00,294.1300048828125,294.6600036621094,294.010009765625,294.4750061035156,13565
2026-08-04 15:45:00+00:00,294.4750061035156,294.7799987792969,294.30999755859375,294.70001220703125,20480
2026-08-04 15:50:00+00:00,294.6000061035156,294.79998779296875,294.2699890136719,294.4208984375,38791
2026-08-04 15:55:00+00:00,294.5450134277344,294.95001220703125,294.5450134277344,294.8550109863281,14628
2026-08-04 16:00:00+00:00,294.885009765625,295.05999755859375,294.3949890136719,294.3949890136719,21516
2026-08-04 16:05:00+00:00,294.3900146484375,294.5899963378906,294.19000244140625,294.4800109863281,25643
2026-08-04 16:10:00+00:00,294.5199890136719,294.6499938964844,294.375,294.614990234375,12289
2026-08-04 16:15:00+00:00,294.5899963378906,294.95001220703125,294.57000732421875,294.95001220703125,7721
2026-08-04 16:20:00+00:00,294.8599853515625,295.0400085449219,294.8599853515625,294.9200134277344,12323
2026-08-04 16:25:00+00:00,294.9049987792969,295.1050109863281,294.80999755859375,294.9700012207031,18176
2026-08-04 16:30:00+00:00,295.0050048828125,295.1600036621094,294.9150085449219,295.0400085449219,17306
2026-08-04 16:35:00+00:00,295.1499938964844,295.18499755859375,294.9700012207031,295.07501220703125,14516
2026-08-04 16:40:00+00:00,295.07501220703125,295.3500061035156,295.05999755859375,295.1600036621094,13108
2026-08-04 16:45:00+00:00,295.239990234375,295.3999938964844,295.20001220703125,295.3900146484375,11066
2026-08-04 16:50:00+00:00,295.3299865722656,295.4100036621094,294.96258544921875,295.20001220703125,15429
2026-08-04 16:55:00+00:00,295.2300109863281,295.239990234375,294.8299865722656,294.9700012207031,14973
2026-08-04 17:00:00+00:00,295.0799865722656,295.1799011230469,294.9200134277344,294.9200134277344,11605
2026-08-04 17:05:00+00:00,295.0450134277344,295.3399963378906,294.8500061035156,295.25,22181
2026-08-04 17:10:00+00:00,295.2749938964844,295.3432922363281,295.19000244140625,295.2349853515625,8768
2026-08-04 17:15:00+00:00,295.25,295.4800109863281,295.239990234375,295.4049987792969,31152
2026-08-04 17:20:00+00:00,295.45001220703125,295.489990234375,295.0450134277344,295.05499267578125,23179
2026-08-04 17:25:00+00:00,295.0799865722656,295.260009765625,294.5899963378906,294.75,35364
2026-08-04 17:30:00+00:00,294.75,295.07000732421875,294.75,294.9599914550781,19198
2026-08-04 17:35:00+00:00,294.9100036621094,295.1499938964844,294.80999755859375,295.0450134277344,27166
2026-08-04 17:40:00+00:00,295.0350036621094,295.20001220703125,294.94000244140625,295.1400146484375,14009
2026-08-04 17:45:00+00:00,295.1400146484375,295.3999938964844,295.1400146484375,295.3450012207031,9636
2026-08-04 17:50:00+00:00,295.3450012207031,295.4200134277344,294.5299987792969,294.79998779296875,31380
2026-08-04 17:55:00+00:00,294.92999267578125,295.07000732421875,294.70001220703125,294.8399963378906,8768
2026-08-04 18:00:00+00:00,294.79998779296875,294.79998779296875,294.5199890136719,294.6050109863281,13252
2026-08-04 18:05:00+00:00,294.6099853515625,294.875,294.5899963378906,294.7950134277344,12393
2026-08-04 18:10:00+00:00,294.875,295.1199951171875,294.8299865722656,295.1199951171875,9710
2026-08-04 18:15:00+00:00,295.239990234375,295.239990234375,295.0249938964844,295.05999755859375,12426
2026-08-04 18:20:00+00:00,295.0899963378906,295.2099914550781,294.9700012207031,295.2099914550781,8813
2026-08-04 18:25:00+00:00,295.1300048828125,295.20001220703125,294.9750061035156,295.1099853515625,12951
2026-08-04 18:30:00+00:00,295.0299987792969,295.1000061035156,294.80999755859375,294.9100036621094,15832
2026-08-04 18:35:00+00:00,294.8399963378906,294.989990234375,294.760009765625,294.7950134277344,12174
2026-08-04 18:40:00+00:00,294.7749938964844,295.5299987792969,294.7749938964844,295.4549865722656,15834
2026-08-04 18:45:00+00:00,295.4649963378906,295.8800048828125,295.3399963378906,295.44000244140625,39633
2026-08-04 18:50:00+00:00,295.5050048828125,295.82000732421875,295.4100036621094,295.7799987792969,16344
2026-08-04 18:55:00+00:00,295.7900085449219,295.80499267578125,295.44000244140625,295.5350036621094,28165
2026-08-04 19:00:00+00:00,295.5350036621094,295.67999267578125,295.4849853515625,295.5400085449219,18578
2026-08-04 19:05:00+00:00,295.75,295.80999755859375,295.57000732421875,295.6549987792969,16595
2026-08-04 19:10:00+00:00,295.5801086425781,295.82501220703125,295.3927917480469,295.7900085449219,24308
2026-08-04 19:15:00+00:00,295.7799987792969,295.8900146484375,295.6099853515625,295.7749938964844,20530
2026-08-04 19:20:00+00:00,295.7449951171875,296.04998779296875,295.6700134277344,295.8500061035156,20631
2026-08-04 19:25:00+00:00,295.8399963378906,295.9599914550781,295.57000732421875,295.6600036621094,31765
2026-08-04 19:30:00+00:00,295.6600036621094,295.7850036621094,295.45001220703125,295.7850036621094,29482
2026-08-04 19:35:00+00:00,295.8399963378906,296.07000732421875,295.82000732421875,295.875,29369
2026-08-04 19:40:00+00:00,295.8800048828125,295.9800109863281,295.7724914550781,295.93499755859375,34811
2026-08-04 19:45:00+00:00,295.8900146484375,296.1600036621094,295.68499755859375,296.1400146484375,44659
2026-08-04 19:50:00+00:00,296.1700134277344,296.2799987792969,295.9200134277344,296.239990234375,67042
2026-08-04 19:55:00+00:00,296.2650146484375,296.8299865722656,296.1700134277344,296.32000732421875,197198
2026-08-04 20:00:00+00:00,296.35,296.35,291.23,296.35,0
2026-08-04 20:05:00+00:00,296.35,296.35,296.3499,296.35,0
2026-08-04 20:10:00+00:00,296.35,296.35,296.35,296.35,0
2026-08-04 20:15:00+00:00,296.35,296.35,296.35,296.35,0
2026-08-04 20:20:00+00:00,296.35,296.35,296.35,296.35,0
2026-08-04 20:30:00+00:00,296.35,296.35,296.35,296.35,0
2026-08-04 20:35:00+00:00,296.35,296.35,296.35,296.35,0
2026-08-04 20:45:00+00:00,296.5,296.5,296.5,296.5,0
2026-08-04 20:50:00+00:00,296.0,296.0,295.0,295.0,0
2026-08-04 21:00:00+00:00,296.35,296.35,296.35,296.35,0
2026-08-04 21:05:00+00:00,296.35,296.35,296.35,296.35,0
2026-08-04 21:20:00+00:00,296.35,296.35,296.35,296.35,0
2026-08-04 21:30:00+00:00,296.44,296.44,296.44,296.44,0
2026-08-04 21:35:00+00:00,296.44,296.44,296.44,296.44,0
2026-08-04 22:00:00+00:00,296.35,296.35,296.35,296.35,0
2026-08-04 22:05:00+00:00,296.3326,296.35,296.3326,296.35,0
2026-08-04 22:10:00+00:00,296.35,296.35,296.35,296.35,0
2026-08-04 22:25:00+00:00,295.7,295.7,295.7,295.7,0
2026-08-04 22:30:00+00:00,296.35,296.35,296.35,296.35,0
2026-08-04 22:35:00+00:00,296.35,296.35,296.35,296.35,0
2026-08-04 22:40:00+00:00,296.35,296.35,296.35,296.35,0
2026-08-04 23:00:00+00:00,296.34,296.48,296.0,296.0,0
2026-08-04 23:05:00+00:00,296.35,296.35,296.35,296.35,0
2026-08-04 23:10:00+00:00,295.7,295.7,295.7,295.7,0
2026-08-04 23:15:00+00:00,296.3326,296.49,296.284,296.284,0
2026-08-04 23:20:00+00:00,295.98,295.98,295.98,295.98,0
2026-08-04 23:25:00+00:00,295.98,295.98,295.98,295.98,0
2026-08-04 23:30:00+00:00,296.35,296.35,296.35,296.35,0
2026-08-04 23:45:00+00:00,296.0,296.0,296.0,296.0,0
2026-08-04 23:50:00+00:00,296.49,296.49,296.49,296.49,0
2026-08-04 23:55:00+00:00,296.49,296.49,295.98,296.0,0
2026-08-05 08:00:00+00:00,296.35,296.35,296.34,296.35,0
2026-08-05 08:10:00+00:00,296.4,296.4,296.4,296.4,0
2026-08-05 08:30:00+00:00,306.2288,306.2288,306.2288,306.2288,0
2026-08-05 08:40:00+00:00,296.4,296.4,296.4,296.4,0
2026-08-05 09:00:00+00:00,297.29,298.64,297.03,297.03,0
2026-08-05 09:35:00+00:00,300.48,300.48,297.06,297.06,0
2026-08-05 10:05:00+00:00,297.06,297.06,297.06,297.06,0
2026-08-05 10:20:00+00:00,297.05,297.06,297.05,297.06,0
2026-08-05 10:50:00+00:00,296.6,296.6,296.6,296.6,0
2026-08-05 11:00:00+00:00,296.6,296.6,296.6,296.6,0
2026-08-05 11:05:00+00:00,296.6,299.6361,296.6,299.6361,0
2026-08-05 11:15:00+00:00,296.6,298.0,296.6,298.0,0
2026-08-05 11:20:00+00:00,296.6,296.6,296.6,296.6,0
2026-08-05 11:25:00+00:00,296.0856,296.0856,296.0856,296.0856,0
2026-08-05 11:30:00+00:00,296.55,296.6,296.35,296.35,0
2026-08-05 11:35:00+00:00,296.36,296.36,295.42,295.71,0
2026-08-05 11:55:00+00:00,295.72,295.72,295.42,295.71,0
2026-08-05 12:05:00+00:00,295.71,295.71,295.71,295.71,0
2026-08-05 12:15:00+00:00,289.5,297.0358,289.5,297.0358,0
2026-08-05 12:30:00+00:00,296.43,296.43,296.43,296.43,0
2026-08-05 12:40:00+00:00,296.35,296.41,296.35,296.41,0
2026-08-05 12:50:00+00:00,296.44,296.44,296.44,296.44,0
2026-08-05 13:05:00+00:00,297.0,297.0,297.0,297.0,0
2026-08-05 13:10:00+00:00,297.0,297.0,297.0,297.0,0
2026-08-05 13:30:00+00:00,295.0400085449219,295.7099914550781,292.9649963378906,293.07501220703125,104941
2026-08-05 13:35:00+00:00,293.7300109863281,295.05999755859375,293.4200134277344,294.70001220703125,38898
2026-08-05 13:40:00+00:00,295.1099853515625,295.2200012207031,294.2799987792969,294.875,32333
2026-08-05 13:45:00+00:00,294.8450012207031,295.0198974609375,293.5899963378906,294.2699890136719,37906
2026-08-05 13:50:00+00:00,294.2900085449219,295.427490234375,293.95001220703125,295.385009765625,18877
2026-08-05 13:55:00+00:00,295.3800048828125,296.1099853515625,295.375,295.8800048828125,16914
2026-08-05 14:00:00+00:00,295.80999755859375,296.1213073730469,295.45001220703125,295.760009765625,5191
2026-08-05 14:05:00+00:00,295.5050048828125,295.8599853515625,295.3399963378906,295.3500061035156,15836
2026-08-05 14:10:00+00:00,295.20001220703125,295.6099853515625,294.93499755859375,295.6099853515625,18772
2026-08-05 14:15:00+00:00,295.5,295.5,294.67498779296875,295.2799987792969,11921
2026-08-05 14:20:00+00:00,295.32000732421875,295.6000061035156,295.1099853515625,295.3800048828125,10206
2026-08-05 14:25:00+00:00,295.385009765625,295.5299987792969,294.7900085449219,295.0849914550781,9961
2026-08-05 14:30:00+00:00,295.3999938964844,295.7543029785156,295.07000732421875,295.0799865722656,13552
2026-08-05 14:35:00+00:00,295.07000732421875,295.1708984375,294.6600036621094,294.99371337890625,12044
2026-08-05 14:40:00+00:00,294.92498779296875,295.05999755859375,294.1499938964844,294.3500061035156,11377
2026-08-05 14:45:00+00:00,294.3500061035156,294.86248779296875,293.8800048828125,294.635009765625,19951
2026-08-05 14:50:00+00:00,294.8500061035156,294.95001220703125,294.1499938964844,294.1499938964844,38556
2026-08-05 14:55:00+00:00,294.3399963378906,294.42999267578125,294.21551513671875,294.364990234375,8098
2026-08-05 15:00:00+00:00,294.3699951171875,294.6300048828125,294.260009765625,294.56500244140625,23724
2026-08-05 15:05:00+00:00,294.42999267578125,294.6028137207031,294.20001220703125,294.2149963378906,9743
2026-08-05 15:10:00+00:00,294.44000244140625,294.4700012207031,294.17999267578125,294.31500244140625,3778
2026-08-05 15:15:00+00:00,294.3599853515625,294.7200012207031,294.17999267578125,294.4649963378906,54833
2026-08-05 15:20:00+00:00,294.4649963378906,294.8949890136719,294.45001220703125,294.8949890136719,16981
2026-08-05 15:25:00+00:00,294.9049987792969,295.2200012207031,294.3800048828125,294.989990234375,41841
2026-08-05 15:30:00+00:00,294.8999938964844,295.1099853515625,294.56500244140625,294.6099853515625,51896
2026-08-05 15:35:00+00:00,294.5950012207031,295.05999755859375,294.43011474609375,294.9549865722656,46024
2026-08-05 15:40:00+00:00,294.94000244140625,295.32000732421875,294.8999938964844,295.260009765625,11771
2026-08-05 15:45:00+00:00,295.2699890136719,295.3999938964844,295.2099914550781,295.239990234375,14796
2026-08-05 15:50:00+00:00,295.1000061035156,296.0199890136719,295.0799865722656,296.0199890136719,26274
2026-08-05 15:55:00+00:00,295.9024963378906,296.0199890136719,295.55999755859375,295.69000244140625,67535
2026-08-05 16:00:00+00:00,295.79998779296875,296.1099853515625,295.625,295.8900146484375,85121
2026-08-05 16:05:00+00:00,295.7850036621094,296.2699890136719,295.7850036621094,296.2699890136719,15946
2026-08-05 16:10:00+00:00,296.260009765625,296.5199890136719,296.260009765625,296.30499267578125,14569
2026-08-05 16:15:00+00:00,296.3599853515625,296.44500732421875,296.1000061035156,296.1700134277344,10195
2026-08-05 16:20:00+00:00,296.0400085449219,296.25,295.92999267578125,295.92999267578125,8214
2026-08-05 16:25:00+00:00,296.08990478515625,296.08990478515625,295.75,295.7550048828125,8882
2026-08-05 16:30:00+00:00,295.739990234375,296.1299133300781,295.7200012207031,295.9049987792969,11617
2026-08-05 16:35:00+00:00,295.8900146484375,296.1400146484375,295.8299865722656,295.8299865722656,14523
2026-08-05 16:40:00+00:00,295.8800048828125,295.9700012207031,295.70001220703125,295.7200012207031,7146
2026-08-05 16:45:00+00:00,295.7749938964844,295.80999755859375,295.7099914550781,295.7200012207031,6137
2026-08-05 16:50:00+00:00,295.739990234375,295.8399963378906,295.70379638671875,295.80999755859375,7685
2026-08-05 16:55:00+00:00,295.9100036621094,295.9700012207031,295.7699890136719,295.9150085449219,6778
2026-08-05 17:00:00+00:00,295.9800109863281,296.0799865722656,295.8507995605469,295.9849853515625,13672
2026-08-05 17:05:00+00:00,295.9849853515625,296.0799865722656,295.8800048828125,296.0,11603
2026-08-05 17:10:00+00:00,296.0199890136719,296.1499938964844,295.8900146484375,295.9200134277344,19807
2026-08-05 17:15:00+00:00,295.906005859375,296.1050109863281,295.489990234375,295.5799865722656,20405
2026-08-05 17:20:00+00:00,295.75,295.75,295.3500061035156,295.44000244140625,34840
2026-08-05 17:25:00+00:00,295.5350036621094,295.6700134277344,295.32000732421875,295.3575134277344,11507
2026-08-05 17:30:00+00:00,295.3699951171875,295.4949951171875,295.2200012207031,295.4949951171875,9956
2026-08-05 17:35:00+00:00,295.4949951171875,295.6300048828125,295.3699951171875,295.44500732421875,13147
2026-08-05 17:40:00+00:00,295.6000061035156,295.7699890136719,295.510009765625,295.7699890136719,12889
2026-08-05 17:45:00+00:00,295.5799865722656,295.5799865722656,294.7200012207031,294.989990234375,22433
2026-08-05 17:50:00+00:00,294.9949951171875,295.0199890136719,294.6000061035156,294.6000061035156,30633
2026-08-05 17:55:00+00:00,294.57000732421875,294.67999267578125,294.4700012207031,294.6050109863281,26387
2026-08-05 18:00:00+00:00,294.5849914550781,294.7200012207031,294.4599914550781,294.5350036621094,25987
2026-08-05 18:05:00+00:00,294.6003112792969,294.7699890136719,294.4800109863281,294.7699890136719,10088
2026-08-05 18:10:00+00:00,294.7349853515625,294.79998779296875,294.6300048828125,294.6650085449219,9268
2026-08-05 18:15:00+00:00,294.5799865722656,294.739990234375,294.3900146484375,294.7149963378906,13422
2026-08-05 18:20:00+00:00,294.69000244140625,294.75,294.5299987792969,294.6099853515625,10683
2026-08-05 18:25:00+00:00,294.5199890136719,294.6199951171875,294.489990234375,294.614990234375,12507
2026-08-05 18:30:00+00:00,294.6000061035156,294.75,294.5199890136719,294.5199890136719,15885
2026-08-05 18:35:00+00:00,294.6300048828125,294.6600036621094,294.4100036621094,294.4100036621094,16084
2026-08-05 18:40:00+00:00,294.4100036621094,294.7099914550781,294.4100036621094,294.7099914550781,14796
2026-08-05 18:45:00+00:00,294.6600036621094,294.79998779296875,294.5400085449219,294.7049865722656,46804
2026-08-05 18:50:00+00:00,294.70001220703125,294.7200012207031,294.2699890136719,294.3999938964844,15181
2026-08-05 18:55:00+00:00,294.44000244140625,294.6700134277344,294.42498779296875,294.6099853515625,15277
2026-08-05 19:00:00+00:00,294.6099853515625,294.8599853515625,294.54998779296875,294.7799987792969,21110
2026-08-05 19:05:00+00:00,294.7799987792969,294.8800048828125,294.4849853515625,294.80499267578125,23125
2026-08-05 19:10:00+00:00,294.80499267578125,294.80499267578125,294.4599914550781,294.6199951171875,18426
2026-08-05 19:15:00+00:00,294.7200012207031,294.8949890136719,294.6600036621094,294.8699951171875,42810
2026-08-05 19:20:00+00:00,294.760009765625,294.8699951171875,294.45001220703125,294.4949951171875,39566
2026-08-05 19:25:00+00:00,294.45001220703125,294.55999755859375,294.1875,294.2900085449219,17350
2026-08-05 19:30:00+00:00,294.4700012207031,294.9200134277344,294.2449951171875,294.9200134277344,20755
2026-08-05 19:35:00+00:00,294.8450012207031,294.8500061035156,294.510009765625,294.67999267578125,15301
2026-08-05 19:40:00+00:00,294.67999267578125,295.0350036621094,294.54998779296875,295.0350036621094,25323
2026-08-05 19:45:00+00:00,295.1000061035156,295.44000244140625,295.0199890136719,295.44000244140625,25683
2026-08-05 19:50:00+00:00,295.3500061035156,295.614990234375,295.3299865722656,295.5221862792969,42830
2026-08-05 19:55:00+00:00,295.5299987792969,295.8599853515625,295.32000732421875,295.5199890136719,162692
2026-08-05 20:00:00+00:00,295.54,295.91,295.54,295.54,0
2026-08-05 20:05:00+00:00,295.92,295.92,295.54,295.54,0
2026-08-05 20:10:00+00:00,295.54,295.54,295.54,295.54,0
2026-08-05 20:15:00+00:00,295.54,297.048,295.54,297.048,0
2026-08-05 20:30:00+00:00,293.99,295.54,293.99,295.54,0
2026-08-05 20:35:00+00:00,297.0,297.07,297.0,297.07,0
2026-08-05 20:40:00+00:00,297.07,297.07,297.07,297.07,0
2026-08-05 20:50:00+00:00,295.54,295.54,295.54,295.54,0
2026-08-05 21:00:00+00:00,295.54,295.54,295.54,295.54,0
2026-08-05 21:05:00+00:00,295.92,295.92,295.92,295.92,0
2026-08-05 21:10:00+00:00,295.95,297.85,295.95,296.0,0
2026-08-05 21:15:00+00:00,295.6,295.6,295.54,295.54,0
2026-08-05 21:20:00+00:00,297.55,297.55,297.55,297.55,0
2026-08-05 21:40:00+00:00,297.85,297.85,295.54,295.54,0
2026-08-05 21:50:00+00:00,296.43,296.43,296.43,296.43,0
2026-08-05 22:00:00+00:00,300.0,300.0,300.0,300.0,0
2026-08-05 22:25:00+00:00,295.54,295.54,295.54,295.54,0
2026-08-05 22:35:00+00:00,295.54,295.54,295.54,295.54,0
2026-08-05 22:40:00+00:00,295.54,295.54,295.54,295.54,0
2026-08-05 23:20:00+00:00,297.55,297.55,297.55,297.55,0
2026-08-05 23:25:00+00:00,296.6317,296.65,296.6317,296.65,0
2026-08-05 23:30:00+00:00,295.54,295.92,295.54,295.92,0
2026-08-05 23:35:00+00:00,293.99,293.99,293.99,293.99,0
2026-08-05 23:45:00+00:00,295.56,295.56,295.56,295.56,0
2026-08-06 08:00:00+00:00,298.64,298.64,295.54,295.54,0
2026-08-06 08:05:00+00:00,297.24,297.24,297.24,297.24,0
2026-08-06 08:10:00+00:00,297.25,297.32,297.25,297.25,0
2026-08-06 08:20:00+00:00,297.2,297.54,297.2,297.54,0
2026-08-06 08:25:00+00:00,297.32,297.32,297.32,297.32,0
2026-08-06 08:35:00+00:00,289.9865,289.9865,289.9865,289.9865,0
2026-08-06 08:45:00+00:00,297.3,297.3,297.3,297.3,0
2026-08-06 08:50:00+00:00,297.3,297.3,297.3,297.3,0
2026-08-06 09:00:00+00:00,289.57,289.57,289.57,289.57,0
2026-08-06 09:10:00+00:00,296.44,296.44,296.44,296.44,0
2026-08-06 09:15:00+00:00,296.47,296.5,296.47,296.5,0
2026-08-06 09:30:00+00:00,296.5,296.5,296.5,296.5,0
2026-08-06 09:50:00+00:00,297.28,297.28,297.28,297.28,0
2026-08-06 10:00:00+00:00,297.28,297.28,297.28,297.28,0
2026-08-06 10:05:00+00:00,297.28,297.28,297.28,297.28,0
2026-08-06 10:45:00+00:00,297.0,297.04,297.0,297.02,0
2026-08-06 11:00:00+00:00,296.44,297.51,296.44,297.51,0
2026-08-06 11:05:00+00:00,297.5,297.52,296.79,297.5,0
2026-08-06 11:10:00+00:00,297.55,297.55,297.55,297.55,0
2026-08-06 11:15:00+00:00,297.55,297.55,297.55,297.55,0
2026-08-06 11:20:00+00:00,297.5,297.52,297.02,297.02,0
2026-08-06 11:25:00+00:00,297.05,297.84,297.05,297.84,0
2026-08-06 11:35:00+00:00,297.49,297.49,297.49,297.49,0
2026-08-06 11:45:00+00:00,297.49,297.49,297.49,297.49,0
2026-08-06 11:50:00+00:00,297.49,297.49,297.49,297.49,0
2026-08-06 11:55:00+00:00,297.49,297.49,297.05,297.05,0
2026-08-06 12:10:00+00:00,297.05,297.05,297.05,297.05,0
2026-08-06 12:15:00+00:00,297.49,297.49,297.49,297.49,0
2026-08-06 12:25:00+00:00,295.4765,295.4765,295.4765,295.4765,0
2026-08-06 12:30:00+00:00,295.54,297.3965,295.54,297.06,0
2026-08-06 12:40:00+00:00,295.67,296.54,295.67,296.54,0
2026-08-06 12:50:00+00:00,296.0,296.0,296.0,296.0,0
2026-08-06 12:55:00+00:00,297.5,297.5,297.0,297.0,0
2026-08-06 13:00:00+00:00,297.55,297.55,297.55,297.55,0
2026-08-06 13:05:00+00:00,297.46,297.5,297.1,297.1,0
2026-08-06 13:10:00+00:00,297.1,297.1,297.1,297.1,0
2026-08-06 13:30:00+00:00,296.0,298.1499938964844,296.0,297.1499938964844,62628
2026-08-06 13:35:00+00:00,296.9549865722656,296.9549865722656,295.510009765625,295.5799865722656,12690
2026-08-06 13:40:00+00:00,295.5048828125,296.260009765625,295.30499267578125,296.0799865722656,15831
2026-08-06 13:45:00+00:00,296.010009765625,296.0299987792969,295.3500061035156,295.3500061035156,29788
2026-08-06 13:50:00+00:00,295.4750061035156,295.4750061035156,294.9100036621094,295.1700134277344,15600
2026-08-06 13:55:00+00:00,295.1300048828125,295.6600036621094,294.69500732421875,295.1499938964844,11571
2026-08-06 14:00:00+00:00,295.1499938964844,295.94189453125,294.8699951171875,295.94189453125,9533
2026-08-06 14:05:00+00:00,295.92498779296875,296.1390075683594,295.6000061035156,295.7300109863281,15074
2026-08-06 14:10:00+00:00,295.7300109863281,295.8399963378906,295.4700012207031,295.489990234375,12408
2026-08-06 14:15:00+00:00,295.70001220703125,295.70001220703125,294.92999267578125,295.260009765625,9485
2026-08-06 14:20:00+00:00,295.3900146484375,295.3900146484375,294.8800048828125,295.114990234375,6302
2026-08-06 14:25:00+00:00,295.2300109863281,295.3500061035156,294.8999938964844,295.3500061035156,11860
2026-08-06 14:30:00+00:00,295.2200012207031,295.489990234375,294.82000732421875,295.30999755859375,17527
2026-08-06 14:35:00+00:00,295.510009765625,295.8900146484375,294.8599853515625,295.8900146484375,11567
2026-08-06 14:40:00+00:00,295.5299987792969,296.2099914550781,295.5299987792969,295.75,11279
2026-08-06 14:45:00+00:00,295.6199951171875,295.8800048828125,295.29998779296875,295.3299865722656,19221
2026-08-06 14:50:00+00:00,295.18011474609375,295.875,295.0249938964844,295.6099853515625,14840
2026-08-06 14:55:00+00:00,295.7049865722656,295.7049865722656,295.3800048828125,295.45001220703125,5999
2026-08-06 15:00:00+00:00,295.3599853515625,295.8699951171875,295.3399963378906,295.7349853515625,14372
2026-08-06 15:05:00+00:00,295.7799987792969,295.8399963378906,295.2699890136719,295.3999938964844,8115
2026-08-06 15:10:00+00:00,295.385009765625,295.43499755859375,295.2799987792969,295.2799987792969,15452
2026-08-06 15:15:00+00:00,295.29998779296875,295.3550109863281,295.14599609375,295.3550109863281,10486
2026-08-06 15:20:00+00:00,295.3550109863281,295.3550109863281,294.82000732421875,295.2099914550781,16786
2026-08-06 15:25:00+00:00,295.2200012207031,295.32000732421875,294.9599914550781,295.114990234375,21454
2026-08-06 15:30:00+00:00,295.0899963378906,295.42999267578125,295.0899963378906,295.3399963378906,12801
2026-08-06 15:35:00+00:00,295.2799987792969,295.42999267578125,295.20001220703125,295.3924865722656,5459
2026-08-06 15:40:00+00:00,295.42999267578125,295.6600036621094,295.3374938964844,295.4100036621094,12513
2026-08-06 15:45:00+00:00,295.4599914550781,295.510009765625,295.32470703125,295.5,5453
2026-08-06 15:50:00+00:00,295.42999267578125,295.6099853515625,295.1600036621094,295.48388671875,39282
2026-08-06 15:55:00+00:00,295.43499755859375,295.4599914550781,295.30999755859375,295.4599914550781,3822
2026-08-06 16:00:00+00:00,295.510009765625,296.0,295.5,295.8999938964844,22713
2026-08-06 16:05:00+00:00,295.8999938964844,296.1099853515625,295.7994079589844,295.8800048828125,10796
2026-08-06 16:10:00+00:00,295.9599914550781,296.0150146484375,295.70001220703125,296.0,8374
2026-08-06 16:15:00+00:00,296.010009765625,296.32000732421875,296.010009765625,296.29998779296875,24528
2026-08-06 16:20:00+00:00,296.3399963378906,296.6000061035156,296.2300109863281,296.4150085449219,7772
2026-08-06 16:25:00+00:00,296.385009765625,296.84161376953125,296.385009765625,296.8299865722656,9055
2026-08-06 16:30:00+00:00,296.760009765625,297.010009765625,296.3999938964844,296.57501220703125,11377
2026-08-06 16:35:00+00:00,296.6700134277344,296.75,296.5050048828125,296.75,11347
2026-08-06 16:40:00+00:00,296.6099853515625,296.739990234375,296.32000732421875,296.4200134277344,13462
2026-08-06 16:45:00+00:00,296.54998779296875,296.6400146484375,296.3599853515625,296.4320068359375,10547
2026-08-06 16:50:00+00:00,296.45001220703125,296.489990234375,296.2200012207031,296.2200012207031,8762
2026-08-06 16:55:00+00:00,296.3900146484375,296.5799865722656,296.0249938964844,296.0249938964844,24193
2026-08-06 17:00:00+00:00,296.0249938964844,296.2699890136719,295.989990234375,296.260009765625,17329
2026-08-06 17:05:00+00:00,296.30999755859375,296.3399963378906,296.0400085449219,296.2699890136719,17605
2026-08-06 17:10:00+00:00,296.3699951171875,296.42999267578125,296.30499267578125,296.3299865722656,4674
2026-08-06 17:15:00+00:00,296.2200012207031,296.33990478515625,296.05999755859375,296.05999755859375,6386
2026-08-06 17:20:00+00:00,296.1199035644531,296.1400146484375,295.9200134277344,296.1400146484375,9145
2026-08-06 17:25:00+00:00,296.2300109863281,296.260009765625,295.9800109863281,295.9800109863281,7732
2026-08-06 17:30:00+00:00,296.1400146484375,296.3663024902344,296.05999755859375,296.1199951171875,9458
2026-08-06 17:35:00+00:00,296.2200012207031,296.2200012207031,295.95001220703125,296.2200012207031,7909
2026-08-06 17:40:00+00:00,296.3399963378906,296.6400146484375,296.30999755859375,296.5824890136719,6602
2026-08-06 17:45:00+00:00,296.6199951171875,296.7099914550781,296.44500732421875,296.44500732421875,7916
2026-08-06 17:50:00+00:00,296.42999267578125,296.42999267578125,296.0899963378906,296.1650085449219,8766
2026-08-06 17:55:00+00:00,296.1600036621094,296.2900085449219,296.1202087402344,296.1600036621094,3862
2026-08-06 18:00:00+00:00,296.1000061035156,296.2300109863281,295.6199951171875,295.6199951171875,21191
2026-08-06 18:05:00+00:00,295.79998779296875,295.94000244140625,295.7799987792969,295.7799987792969,5787
2026-08-06 18:10:00+00:00,295.739990234375,295.8500061035156,295.66461181640625,295.8299865722656,5238
2026-08-06 18:15:00+00:00,295.87109375,295.9599914550781,295.5299987792969,295.5299987792969,8266
2026-08-06 18:20:00+00:00,295.6943054199219,295.6943054199219,295.4949951171875,295.6499938964844,4146
2026-08-06 18:25:00+00:00,295.70001220703125,295.7799987792969,295.42999267578125,295.7650146484375,7806
2026-08-06 18:30:00+00:00,295.70721435546875,295.885009765625,295.4381103515625,295.5899963378906,10930
2026-08-06 18:35:00+00:00,295.5899963378906,295.7699890136719,295.43011474609375,295.7699890136719,5955
2026-08-06 18:40:00+00:00,295.7900085449219,295.8399963378906,295.70001220703125,295.8399963378906,9326
2026-08-06 18:45:00+00:00,295.79998779296875,295.8800048828125,295.6199951171875,295.8500061035156,13184
2026-08-06 18:50:00+00:00,295.8800048828125,295.9750061035156,295.82000732421875,295.9750061035156,9490
2026-08-06 18:55:00+00:00,296.0199890136719,296.0249938964844,295.82000732421875,295.9100036621094,7549
2026-08-06 19:00:00+00:00,295.8800048828125,295.9599914550781,295.7300109863281,295.7300109863281,11202
2026-08-06 19:05:00+00:00,295.7699890136719,295.8699951171875,295.67999267578125,295.81500244140625,7360
2026-08-06 19:10:00+00:00,295.80999755859375,295.82000732421875,295.5199890136719,295.69000244140625,14092
2026-08-06 19:15:00+00:00,295.68499755859375,295.7300109863281,295.6199951171875,295.6400146484375,14022
2026-08-06 19:20:00+00:00,295.6600036621094,295.7200012207031,295.6199951171875,295.70989990234375,10488
2026-08-06 19:25:00+00:00,295.67999267578125,295.70001220703125,295.3800048828125,295.3800048828125,18463
2026-08-06 19:30:00+00:00,295.3399963378906,295.4200134277344,295.1700134277344,295.32000732421875,34672
2026-08-06 19:35:00+00:00,295.260009765625,295.5899963378906,295.1968078613281,295.4100036621094,22720
2026-08-06 19:40:00+00:00,295.29998779296875,295.45001220703125,295.1400146484375,295.30999755859375,13285
2026-08-06 19:45:00+00:00,295.3599853515625,295.6600036621094,295.3200988769531,295.5346984863281,20055
2026-08-06 19:50:00+00:00,295.70001220703125,295.7699890136719,295.30999755859375,295.44000244140625,42855
2026-08-06 19:55:00+00:00,295.44000244140625,295.6300048828125,294.79998779296875,295.5350036621094,120833
2026-08-06 20:00:00+00:00,295.44,295.44,295.38,295.38,0
2026-08-06 20:05:00+00:00,295.38,295.38,294.81,295.37,0
2026-08-06 20:10:00+00:00,295.38,295.38,295.38,295.38,0
2026-08-06 20:15:00+00:00,295.38,295.38,294.6345,294.6345,0
2026-08-06 20:35:00+00:00,295.38,295.38,295.38,295.38,0
2026-08-06 20:55:00+00:00,293.2776,295.38,293.2776,295.38,0
2026-08-06 21:00:00+00:00,295.38,295.38,295.38,295.38,0
2026-08-06 21:05:00+00:00,295.38,295.38,295.38,295.38,0
2026-08-06 21:15:00+00:00,294.81,294.81,294.81,294.81,0
2026-08-06 21:20:00+00:00,295.2597,295.38,295.2597,295.38,0
2026-08-06 21:25:00+00:00,295.38,295.38,295.38,295.38,0
2026-08-06 21:35:00+00:00,295.37,295.37,295.0,295.0,0
2026-08-06 21:40:00+00:00,295.0,295.0,295.0,295.0,0
2026-08-06 22:00:00+00:00,295.36,295.36,295.36,295.36,0
2026-08-06 22:05:00+00:00,295.38,295.38,295.38,295.38,0
2026-08-06 22:15:00+00:00,295.326,295.38,295.326,295.38,0
2026-08-06 22:40:00+00:00,293.22,293.22,293.22,293.22,0
2026-08-06 23:20:00+00:00,295.2262,295.2262,295.2262,295.2262,0
2026-08-06 23:25:00+00:00,295.25,295.25,295.0,295.0,0
2026-08-06 23:30:00+00:00,295.38,295.38,295.38,295.38,0
2026-08-07 08:00:00+00:00,295.38,305.8242,294.93,305.8242,0
2026-08-07 08:05:00+00:00,305.8242,305.8242,297.68,297.68,0
2026-08-07 08:15:00+00:00,298.64,298.64,298.64,298.64,0
2026-08-07 08:25:00+00:00,290.8433,292.0827,290.8433,292.0827,0
2026-08-07 08:30:00+00:00,292.0827,292.0827,292.0827,292.0827,0
2026-08-07 08:40:00+00:00,292.0827,292.0827,292.0827,292.0827,0
2026-08-07 09:00:00+00:00,292.0827,292.0827,292.0827,292.0827,0
2026-08-07 09:20:00+00:00,292.0827,292.0827,292.0827,292.0827,0
2026-08-07 09:35:00+00:00,292.0827,292.0827,292.0827,292.0827,0
2026-08-07 09:40:00+00:00,295.3,295.3,295.3,295.3,0
2026-08-07 09:50:00+00:00,294.03,298.06,293.95,298.06,0
2026-08-07 10:00:00+00:00,298.06,298.06,298.06,298.06,0
2026-08-07 10:10:00+00:00,298.06,298.06,298.06,298.06,0
2026-08-07 10:35:00+00:00,298.06,298.06,298.06,298.06,0
2026-08-07 10:50:00+00:00,295.5,295.5,295.46,295.46,0
2026-08-07 10:55:00+00:00,296.01,296.02,296.0,296.0,0
2026-08-07 11:00:00+00:00,297.31,297.31,297.31,297.31,0
2026-08-07 11:05:00+00:00,297.31,297.31,297.31,297.31,0
2026-08-07 11:10:00+00:00,297.31,297.31,297.31,297.31,0
2026-08-07 11:15:00+00:00,297.28,297.28,297.28,297.28,0
2026-08-07 11:20:00+00:00,295.32,295.32,295.32,295.32,0
2026-08-07 11:30:00+00:00,296.02,296.02,296.02,296.02,0
2026-08-07 11:35:00+00:00,297.27,297.89,297.27,297.89,0
2026-08-07 11:40:00+00:00,295.5,297.97,295.4,297.97,0
2026-08-07 11:45:00+00:00,295.51,295.51,295.51,295.51,0
2026-08-07 11:55:00+00:00,297.31,297.31,297.31,297.31,0
2026-08-07 12:00:00+00:00,297.0,297.0,297.0,297.0,0
2026-08-07 12:10:00+00:00,297.0,297.0,297.0,297.0,0
2026-08-07 12:15:00+00:00,296.02,296.02,296.02,296.02,0
2026-08-07 12:20:00+00:00,296.02,296.02,296.02,296.02,0
2026-08-07 12:25:00+00:00,297.8142,297.8142,297.0,297.0,0
2026-08-07 12:30:00+00:00,297.0,297.0,297.0,297.0,0
2026-08-07 12:35:00+00:00,295.7,297.95,295.36,297.95,0
2026-08-07 12:40:00+00:00,297.45,297.45,295.0,295.0,0
2026-08-07 12:45:00+00:00,295.0,295.0,295.0,295.0,0
2026-08-07 12:50:00+00:00,295.0,295.0,295.0,295.0,0
2026-08-07 13:00:00+00:00,293.97,294.15,293.97,293.97,0
2026-08-07 13:05:00+00:00,294.15,295.82,293.26,293.26,0
2026-08-07 13:10:00+00:00,293.3,293.3,293.25,293.25,0
2026-08-07 13:30:00+00:00,292.739990234375,294.0799865722656,291.6300048828125,291.7699890136719,48249
2026-08-07 13:35:00+00:00,291.760009765625,293.2200012207031,291.29998779296875,293.2200012207031,16356
2026-08-07 13:40:00+00:00,293.10455322265625,294.3399963378906,293.10455322265625,294.2250061035156,9744
2026-08-07 13:45:00+00:00,294.239990234375,294.4949951171875,293.94000244140625,294.05499267578125,21338
2026-08-07 13:50:00+00:00,294.1449890136719,294.9100036621094,293.7900085449219,294.67999267578125,19019
2026-08-07 13:55:00+00:00,294.67999267578125,294.739990234375,293.82000732421875,294.69000244140625,17183
2026-08-07 14:00:00+00:00,294.739990234375,295.8900146484375,294.7300109863281,295.389892578125,24304
2026-08-07 14:05:00+00:00,294.7799987792969,294.7900085449219,294.0400085449219,294.2200012207031,17618
2026-08-07 14:10:00+00:00,294.2149963378906,294.5199890136719,294.2099914550781,294.364990234375,33116
2026-08-07 14:15:00+00:00,294.3900146484375,294.6499938964844,294.0799865722656,294.3699951171875,27353
2026-08-07 14:20:00+00:00,294.19500732421875,294.54998779296875,294.1700134277344,294.2650146484375,25806
2026-08-07 14:25:00+00:00,294.260009765625,294.69000244140625,294.1400146484375,294.31500244140625,12586
2026-08-07 14:30:00+00:00,294.29998779296875,294.9049987792969,293.510009765625,293.9599914550781,51484
2026-08-07 14:35:00+00:00,293.7550048828125,294.0849914550781,293.510009765625,293.9750061035156,27015
2026-08-07 14:40:00+00:00,293.7300109863281,294.17999267578125,293.32000732421875,293.739990234375,10471
2026-08-07 14:45:00+00:00,293.7650146484375,294.7099914550781,293.7449951171875,294.4599914550781,19657
2026-08-07 14:50:00+00:00,294.4599914550781,294.5199890136719,294.0799865722656,294.45001220703125,13888
2026-08-07 14:55:00+00:00,294.489990234375,294.510009765625,294.239990234375,294.4100036621094,11723
2026-08-07 15:00:00+00:00,294.54998779296875,294.82000732421875,294.30999755859375,294.3949890136719,12779
2026-08-07 15:05:00+00:00,294.3949890136719,294.3949890136719,293.8800048828125,294.2799987792969,14172
2026-08-07 15:10:00+00:00,294.239990234375,294.42999267578125,294.04998779296875,294.42999267578125,10516
2026-08-07 15:15:00+00:00,294.3949890136719,294.9700012207031,294.29998779296875,294.9700012207031,12734
2026-08-07 15:20:00+00:00,294.9700012207031,295.5950012207031,294.9700012207031,295.447509765625,17079
2026-08-07 15:25:00+00:00,295.4549865722656,295.4549865722656,295.1400146484375,295.2099914550781,14156
2026-08-07 15:30:00+00:00,295.2099914550781,295.3399963378906,294.7900085449219,294.8800048828125,15206
2026-08-07 15:35:00+00:00,294.8699951171875,295.07000732421875,294.6650085449219,294.9100036621094,14730
2026-08-07 15:40:00+00:00,295.07000732421875,295.3399963378906,295.0199890136719,295.1400146484375,20077
2026-08-07 15:45:00+00:00,295.1400146484375,295.6199035644531,295.010009765625,295.4750061035156,12707
2026-08-07 15:50:00+00:00,295.5299987792969,295.739990234375,295.3160095214844,295.69000244140625,13460
2026-08-07 15:55:00+00:00,295.70001220703125,295.70001220703125,295.4800109863281,295.57501220703125,9269
2026-08-07 16:00:00+00:00,295.4800109863281,295.67999267578125,295.4150085449219,295.67999267578125,9281
2026-08-07 16:05:00+00:00,295.7200012207031,295.739990234375,295.4150085449219,295.4599914550781,9963
2026-08-07 16:10:00+00:00,295.510009765625,295.69000244140625,295.510009765625,295.6000061035156,11191
2026-08-07 16:15:00+00:00,295.6600036621094,295.885009765625,295.6600036621094,295.82000732421875,8719
2026-08-07 16:20:00+00:00,295.7699890136719,295.9700012207031,295.70001220703125,295.9700012207031,8596
2026-08-07 16:25:00+00:00,295.8699951171875,295.989990234375,295.6499938964844,295.989990234375,11391
2026-08-07 16:30:00+00:00,296.0400085449219,296.4200134277344,296.0299987792969,296.32000732421875,11634
2026-08-07 16:35:00+00:00,296.32000732421875,296.44000244140625,296.260009765625,296.44000244140625,8150
2026-08-07 16:40:00+00:00,296.44000244140625,296.7699890136719,296.44000244140625,296.7699890136719,11510
2026-08-07 16:45:00+00:00,296.7699890136719,296.8800048828125,296.6000061035156,296.6600036621094,15312
2026-08-07 16:50:00+00:00,296.75,296.8399963378906,296.6199951171875,296.739990234375,11112
2026-08-07 16:55:00+00:00,296.79998779296875,296.79998779296875,296.42999267578125,296.44000244140625,25222
2026-08-07 17:00:00+00:00,296.5899963378906,297.1000061035156,296.5899963378906,297.0199890136719,33954
2026-08-07 17:05:00+00:00,297.05499267578125,297.05499267578125,296.80499267578125,296.82501220703125,8239
2026-08-07 17:10:00+00:00,296.80999755859375,296.9150085449219,296.7749938964844,296.82000732421875,9038
2026-08-07 17:15:00+00:00,296.7900085449219,296.8399963378906,296.5799865722656,296.69000244140625,14132
2026-08-07 17:20:00+00:00,296.6099853515625,296.6600036621094,296.44000244140625,296.5,17331
2026-08-07 17:25:00+00:00,296.55999755859375,296.69000244140625,296.45001220703125,296.6700134277344,16345
2026-08-07 17:30:00+00:00,296.6600036621094,296.7699890136719,296.4800109863281,296.6000061035156,16452
2026-08-07 17:35:00+00:00,296.55999755859375,296.55999755859375,296.239990234375,296.2799987792969,11685
2026-08-07 17:40:00+00:00,296.1700134277344,296.3399963378906,295.2049865722656,295.6474914550781,30397
2026-08-07 17:45:00+00:00,295.63250732421875,295.6700134277344,294.760009765625,294.8550109863281,34977
2026-08-07 17:50:00+00:00,294.6199951171875,295.1600036621094,294.010009765625,294.43499755859375,62262
2026-08-07 17:55:00+00:00,294.5299987792969,294.94500732421875,294.29998779296875,294.30999755859375,26873
2026-08-07 18:00:00+00:00,294.1400146484375,294.55999755859375,294.1199951171875,294.3399963378906,37371
2026-08-07 18:05:00+00:00,294.3399963378906,294.6000061035156,293.2699890136719,294.2900085449219,21163
2026-08-07 18:10:00+00:00,294.2300109863281,294.5,294.1300048828125,294.2349853515625,13384
2026-08-07 18:15:00+00:00,294.239990234375,294.5199890136719,294.2052917480469,294.2900085449219,11534
2026-08-07 18:20:00+00:00,294.44000244140625,294.6400146484375,294.4100036621094,294.5199890136719,14515
2026-08-07 18:25:00+00:00,294.6256103515625,294.7950134277344,294.4200134277344,294.5899963378906,22053
2026-08-07 18:30:00+00:00,294.625,294.625,294.2900085449219,294.4700012207031,12836
2026-08-07 18:35:00+00:00,294.3599853515625,294.375,293.9599914550781,294.1000061035156,13592
2026-08-07 18:40:00+00:00,294.1300048828125,294.3599853515625,294.0150146484375,294.2149963378906,17834
2026-08-07 18:45:00+00:00,294.2275085449219,294.2449951171875,293.3299865722656,293.6700134277344,21278
2026-08-07 18:50:00+00:00,293.6199951171875,293.9800109863281,293.54998779296875,293.7900085449219,28734
2026-08-07 18:55:00+00:00,293.9599914550781,294.1051940917969,293.5,293.614990234375,52746
2026-08-07 19:00:00+00:00,293.8699951171875,293.9100036621094,293.45001220703125,293.8500061035156,68590
2026-08-07 19:05:00+00:00,293.67999267578125,293.80499267578125,293.0299987792969,293.4599914550781,55872
2026-08-07 19:10:00+00:00,293.4849853515625,293.74859619140625,293.20001220703125,293.2200012207031,32199
2026-08-07 19:15:00+00:00,293.2200012207031,293.9599914550781,293.1300048828125,293.57000732421875,54258
2026-08-07 19:20:00+00:00,293.6300048828125,293.7200012207031,293.3399963378906,293.7200012207031,37572
2026-08-07 19:25:00+00:00,293.7349853515625,294.1300048828125,293.6499938964844,293.9599914550781,49844
2026-08-07 19:30:00+00:00,293.9100036621094,294.4700012207031,293.7799987792969,293.8399963378906,47362
2026-08-07 19:35:00+00:00,293.8324890136719,294.260009765625,293.739990234375,293.82501220703125,44173
2026-08-07 19:40:00+00:00,293.8900146484375,294.260009765625,293.75,293.8800048828125,43785
2026-08-07 19:45:00+00:00,293.8800048828125,294.0199890136719,293.6400146484375,293.8800048828125,70836
2026-08-07 19:50:00+00:00,293.7699890136719,293.7699890136719,292.8800048828125,292.8900146484375,91487
2026-08-07 19:55:00+00:00,292.9800109863281,293.260009765625,292.6600036621094,293.07000732421875,233776
2026-08-07 20:00:00+00:00,293.13,294.09,293.13,293.13,0
2026-08-07 20:05:00+00:00,293.13,293.13,293.13,293.13,0
2026-08-07 20:10:00+00:00,293.13,293.13,293.0,293.0,0
2026-08-07 20:15:00+00:00,293.13,293.13,293.05,293.05,0
2026-08-07 20:20:00+00:00,293.13,293.13,293.13,293.13,0
2026-08-07 20:35:00+00:00,293.0,293.0,293.0,293.0,0
2026-08-07 20:40:00+00:00,293.13,293.13,293.13,293.13,0
2026-08-07 20:45:00+00:00,293.13,295.14,293.13,295.14,0
2026-08-07 20:50:00+00:00,295.14,295.14,295.14,295.14,0
2026-08-07 20:55:00+00:00,295.09,295.1,293.13,293.13,0
2026-08-07 21:05:00+00:00,293.0,293.0,293.0,293.0,0
2026-08-07 21:20:00+00:00,293.0,293.13,290.7982,290.7982,0
2026-08-07 21:30:00+00:00,293.13,293.85,293.13,293.85,0
2026-08-07 21:40:00+00:00,293.0,293.0,292.29,292.39,0
2026-08-07 21:45:00+00:00,292.39,292.39,292.39,292.39,0
2026-08-07 22:05:00+00:00,293.85,293.85,293.85,293.85,0
2026-08-07 22:15:00+00:00,293.39,293.39,293.13,293.13,0
2026-08-07 22:30:00+00:00,295.0399,295.0399,293.13,293.13,0
2026-08-07 22:40:00+00:00,292.2483,292.2483,292.2483,292.2483,0
2026-08-07 22:50:00+00:00,292.2483,292.2483,292.2483,292.2483,0
2026-08-07 23:00:00+00:00,293.244,293.244,293.244,293.244,0
2026-08-07 23:15:00+00:00,292.51,292.5492,292.51,292.5492,0
2026-08-07 23:30:00+00:00,292.51,293.13,292.51,293.13,0
2026-08-07 23:45:00+00:00,293.13,293.13,293.13,293.13,0
2026-08-10 08:00:00+00:00,292.5,295.98,292.31,292.33,0
2026-08-10 08:15:00+00:00,292.33,292.33,292.33,292.33,0
2026-08-10 08:30:00+00:00,292.33,292.41,292.1,292.31,0
2026-08-10 08:40:00+00:00,292.31,292.31,292.31,292.31,0
2026-08-10 09:00:00+00:00,292.31,292.31,292.31,292.31,0
2026-08-10 09:10:00+00:00,292.46,292.46,292.46,292.46,0
2026-08-10 09:30:00+00:00,292.46,292.46,292.46,292.46,0
2026-08-10 09:40:00+00:00,292.46,292.46,292.46,292.46,0
2026-08-10 10:00:00+00:00,292.46,292.46,292.46,292.46,0
2026-08-10 10:25:00+00:00,292.46,292.46,292.46,292.46,0
2026-08-10 10:40:00+00:00,292.46,292.46,292.46,292.46,0
2026-08-10 11:00:00+00:00,292.31,293.13,291.95,291.95,0
2026-08-10 11:05:00+00:00,293.0,293.0,293.0,293.0,0
2026-08-10 11:10:00+00:00,293.0,293.0,293.0,293.0,0
2026-08-10 11:30:00+00:00,293.01,293.01,293.01,293.01,0
2026-08-10 11:35:00+00:00,293.01,293.01,293.01,293.01,0
2026-08-10 12:05:00+00:00,300.0,300.0,300.0,300.0,0
2026-08-10 12:10:00+00:00,294.2189,294.2189,294.2189,294.2189,0
2026-08-10 12:15:00+00:00,293.0,293.0,293.0,293.0,0
2026-08-10 12:25:00+00:00,293.0,293.0,293.0,293.0,0
2026-08-10 12:30:00+00:00,293.24,293.24,292.42,292.42,0
2026-08-10 12:35:00+00:00,292.42,292.42,292.42,292.42,0
2026-08-10 13:10:00+00:00,293.12,293.12,293.12,293.12,0
2026-08-10 13:30:00+00:00,292.1300048828125,293.4100036621094,291.239990234375,293.375,40240
2026-08-10 13:35:00+00:00,293.375,293.9200134277344,292.7799987792969,293.8299865722656,21835
2026-08-10 13:40:00+00:00,293.8299865722656,294.6400146484375,293.6199951171875,293.6199951171875,28419
2026-08-10 13:45:00+00:00,293.8599853515625,293.8599853515625,292.57000732421875,292.8399963378906,48102
2026-08-10 13:50:00+00:00,292.6400146484375,293.69000244140625,292.5299987792969,293.4100036621094,12876
2026-08-10 13:55:00+00:00,293.44000244140625,294.1499938964844,292.8399963378906,292.9549865722656,32135
2026-08-10 14:00:00+00:00,292.9750061035156,294.05999755859375,292.9700012207031,293.80999755859375,27397
2026-08-10 14:05:00+00:00,293.92999267578125,293.92999267578125,293.05499267578125,293.3800048828125,31743
2026-08-10 14:10:00+00:00,293.2049865722656,293.2799987792969,292.9599914550781,293.0,10697
2026-08-10 14:15:00+00:00,292.92999267578125,293.3999938964844,292.82000732421875,293.07000732421875,11734
2026-08-10 14:20:00+00:00,293.07501220703125,293.4100036621094,293.07501220703125,293.3999938964844,9557
2026-08-10 14:25:00+00:00,293.4100036621094,293.42999267578125,292.5899963378906,292.6099853515625,14449
2026-08-10 14:30:00+00:00,292.6099853515625,293.6000061035156,292.2301025390625,293.6000061035156,19396
2026-08-10 14:35:00+00:00,293.3900146484375,293.4599914550781,292.9200134277344,293.0799865722656,17271
2026-08-10 14:40:00+00:00,293.2099914550781,293.4200134277344,292.95001220703125,292.989990234375,12301
2026-08-10 14:45:00+00:00,293.32000732421875,293.8299865722656,293.29998779296875,293.4700012207031,12754
2026-08-10 14:50:00+00:00,293.5799865722656,293.8599853515625,293.4100036621094,293.8599853515625,10992
2026-08-10 14:55:00+00:00,293.7900085449219,294.19000244140625,293.6000061035156,293.6000061035156,12980
2026-08-10 15:00:00+00:00,293.6400146484375,293.69000244140625,293.3999938964844,293.45001220703125,9757
2026-08-10 15:05:00+00:00,293.3599853515625,293.5799865722656,293.2900085449219,293.3999938964844,7984
2026-08-10 15:10:00+00:00,293.2550048828125,293.44000244140625,293.0899963378906,293.239990234375,10495
2026-08-10 15:15:00+00:00,293.3299865722656,293.6199951171875,293.1099853515625,293.5899963378906,6224
2026-08-10 15:20:00+00:00,293.5299987792969,293.6199951171875,293.2900085449219,293.2900085449219,9062
2026-08-10 15:25:00+00:00,293.2950134277344,293.55999755859375,293.2349853515625,293.25,8400
2026-08-10 15:30:00+00:00,293.3999938964844,293.9100036621094,293.3999938964844,293.7049865722656,12563
2026-08-10 15:35:00+00:00,293.6199951171875,293.7049865722656,293.2200012207031,293.375,26298
2026-08-10 15:40:00+00:00,293.19000244140625,293.29998779296875,293.0400085449219,293.1300048828125,6561
2026-08-10 15:45:00+00:00,293.17999267578125,293.29998779296875,292.6650085449219,293.0249938964844,11368
2026-08-10 15:50:00+00:00,292.8999938964844,293.19000244140625,292.8800048828125,292.9649963378906,9332
2026-08-10 15:55:00+00:00,293.0450134277344,293.1099853515625,292.6300048828125,292.6300048828125,20765
2026-08-10 16:00:00+00:00,292.625,292.75,292.2200012207031,292.375,9239
2026-08-10 16:05:00+00:00,292.4599914550781,292.7099914550781,292.2699890136719,292.29998779296875,17464
2026-08-10 16:10:00+00:00,292.29998779296875,292.5513916015625,292.1600036621094,292.4200134277344,14311
2026-08-10 16:15:00+00:00,292.3399963378906,292.3399963378906,292.1600036621094,292.31500244140625,7977
2026-08-10 16:20:00+00:00,292.1990051269531,292.5050048828125,292.1990051269531,292.5050048828125,9939
2026-08-10 16:25:00+00:00,292.4200134277344,292.6300048828125,292.4200134277344,292.5849914550781,8020
2026-08-10 16:30:00+00:00,292.92999267578125,293.0350036621094,292.54998779296875,292.9549865722656,8888
2026-08-10 16:35:00+00:00,293.07000732421875,293.7799987792969,293.07000732421875,293.7799987792969,14486
2026-08-10 16:40:00+00:00,293.67999267578125,293.67999267578125,293.3599853515625,293.510009765625,10176
2026-08-10 16:45:00+00:00,293.4599914550781,293.6600036621094,293.260009765625,293.5249938964844,5687
2026-08-10 16:50:00+00:00,293.4800109863281,293.5849914550781,293.32000732421875,293.5849914550781,16591
2026-08-10 16:55:00+00:00,293.489990234375,293.5849914550781,293.0,293.2850036621094,27412
2026-08-10 17:00:00+00:00,293.2300109863281,293.25,292.739990234375,293.05999755859375,12082
2026-08-10 17:05:00+00:00,293.0050048828125,293.0960998535156,292.92999267578125,293.0950012207031,6715
2026-08-10 17:10:00+00:00,293.0249938964844,293.0249938964844,292.69000244140625,292.80999755859375,14874
2026-08-10 17:15:00+00:00,292.7799987792969,292.92999267578125,292.4601135253906,292.5799865722656,12674
2026-08-10 17:20:00+00:00,292.54998779296875,292.67999267578125,292.4100036621094,292.67999267578125,11465
2026-08-10 17:25:00+00:00,292.776611328125,292.776611328125,292.3949890136719,292.6000061035156,8766
2026-08-10 17:30:00+00:00,292.3599853515625,292.4939880371094,292.19500732421875,292.3900146484375,9055
2026-08-10 17:35:00+00:00,292.2799987792969,292.5299987792969,292.19000244140625,292.239990234375,13285
2026-08-10 17:40:00+00:00,292.3399963378906,292.489990234375,292.239990234375,292.3800048828125,4100
2026-08-10 17:45:00+00:00,292.3699951171875,292.42999267578125,292.25,292.41900634765625,6916
2026-08-10 17:50:00+00:00,292.385009765625,292.3900146484375,292.32501220703125,292.3800048828125,4474
2026-08-10 17:55:00+00:00,292.3399963378906,292.4150085449219,292.29010009765625,292.29010009765625,6987
2026-08-10 18:00:00+00:00,292.4049987792969,292.8800048828125,292.3550109863281,292.82000732421875,13997
2026-08-10 18:05:00+00:00,292.80499267578125,292.8800048828125,292.6449890136719,292.7950134277344,13216
2026-08-10 18:10:00+00:00,292.79998779296875,293.1734924316406,292.79998779296875,292.8800048828125,10226
2026-08-10 18:15:00+00:00,292.92999267578125,292.9649963378906,292.7099914550781,292.7200012207031,16195
2026-08-10 18:20:00+00:00,292.875,292.875,292.67999267578125,292.7200012207031,8378
2026-08-10 18:25:00+00:00,292.7799987792969,292.82000732421875,292.70001220703125,292.75,10641
2026-08-10 18:30:00+00:00,292.7799987792969,292.7799987792969,292.3612060546875,292.3612060546875,11945
2026-08-10 18:35:00+00:00,292.364990234375,292.4700012207031,292.2900085449219,292.4599914550781,16750
2026-08-10 18:40:00+00:00,292.42999267578125,292.4700012207031,292.12249755859375,292.19500732421875,23879
2026-08-10 18:45:00+00:00,292.1216125488281,292.7349853515625,292.1099853515625,292.5350036621094,20190
2026-08-10 18:50:00+00:00,292.5299987792969,292.9800109863281,292.4849853515625,292.760009765625,25620
2026-08-10 18:55:00+00:00,292.8349914550781,292.9800109863281,292.5050048828125,292.5050048828125,34382
2026-08-10 19:00:00+00:00,292.4949951171875,293.0400085449219,292.2099914550781,292.8399963378906,51997
2026-08-10 19:05:00+00:00,292.8699951171875,293.2699890136719,292.8699951171875,293.20001220703125,30979
2026-08-10 19:10:00+00:00,293.0950012207031,293.1700134277344,292.92999267578125,293.0249938964844,32178
2026-08-10 19:15:00+00:00,292.8299865722656,293.1000061035156,292.80999755859375,293.04998779296875,15561
2026-08-10 19:20:00+00:00,293.0409851074219,293.1600036621094,292.8399963378906,292.94500732421875,16958
2026-08-10 19:25:00+00:00,292.8399963378906,292.8599853515625,292.5350036621094,292.57000732421875,11754
2026-08-10 19:30:00+00:00,292.6300048828125,292.67999267578125,292.44500732421875,292.67999267578125,18860
2026-08-10 19:35:00+00:00,292.6700134277344,292.9599914550781,292.57000732421875,292.7799987792969,13882
2026-08-10 19:40:00+00:00,292.7650146484375,292.8500061035156,292.56500244140625,292.56500244140625,13792
2026-08-10 19:45:00+00:00,292.7099914550781,292.7900085449219,292.3800048828125,292.3800048828125,19432
2026-08-10 19:50:00+00:00,292.4150085449219,292.57000732421875,292.0199890136719,292.2900085449219,30038
2026-08-10 19:55:00+00:00,292.3299865722656,292.375,291.8699951171875,292.1499938964844,148235
2026-08-10 20:00:00+00:00,292.15,292.24,291.5624,292.24,0
2026-08-10 20:05:00+00:00,292.24,293.2734,291.5,293.2734,0
2026-08-10 20:10:00+00:00,292.24,292.24,292.24,292.24,0
2026-08-10 20:15:00+00:00,292.24,292.24,292.24,292.24,0
2026-08-10 20:20:00+00:00,292.24,292.7,292.24,292.7,0
2026-08-10 20:25:00+00:00,291.85,291.85,291.85,291.85,0
2026-08-10 20:35:00+00:00,294.5,294.5,294.5,294.5,0
2026-08-10 20:45:00+00:00,292.24,292.24,292.24,292.24,0
2026-08-10 21:00:00+00:00,292.24,292.24,292.24,292.24,0
2026-08-10 21:10:00+00:00,292.24,292.24,292.24,292.24,0
2026-08-10 21:25:00+00:00,292.24,292.24,291.97,292.24,0
2026-08-10 21:30:00+00:00,291.31,291.31,291.31,291.31,0
2026-08-10 22:00:00+00:00,291.31,291.31,291.31,291.31,0
2026-08-10 22:40:00+00:00,292.7,292.7,292.7,292.7,0
2026-08-10 23:30:00+00:00,292.24,292.24,292.24,292.24,0
2026-08-11 08:00:00+00:00,292.24,293.41,292.24,292.39,0
2026-08-11 08:10:00+00:00,292.39,292.39,292.39,292.39,0
2026-08-11 08:30:00+00:00,292.39,292.39,291.76,291.76,0
2026-08-11 08:45:00+00:00,291.76,291.76,291.76,291.76,0
2026-08-11 09:20:00+00:00,291.75,291.75,291.75,291.75,0
2026-08-11 09:30:00+00:00,292.14,292.14,292.14,292.14,0
2026-08-11 10:25:00+00:00,306.2288,306.2288,306.2288,306.2288,0
2026-08-11 10:35:00+00:00,306.2288,306.2288,306.2288,306.2288,0
2026-08-11 11:00:00+00:00,294.28,294.28,292.14,292.24,0
2026-08-11 11:15:00+00:00,290.87,290.87,290.87,290.87,0
2026-08-11 11:30:00+00:00,290.87,290.87,290.87,290.87,0
2026-08-11 11:50:00+00:00,292.09,292.09,292.09,292.09,0
2026-08-11 12:20:00+00:00,292.29,292.29,292.29,292.29,0
2026-08-11 12:25:00+00:00,292.25,292.25,292.25,292.25,0
2026-08-11 13:00:00+00:00,292.02,292.02,292.01,292.01,0
2026-08-11 13:05:00+00:00,292.2,292.2,292.2,292.2,0
2026-08-11 13:10:00+00:00,292.2,292.2,292.2,292.2,0
2026-08-11 13:30:00+00:00,291.8800048828125,293.3999938964844,291.0617980957031,291.7799987792969,22704
2026-08-11 13:35:00+00:00,292.6099853515625,294.5,292.6099853515625,294.385009765625,5464
2026-08-11 13:40:00+00:00,293.79119873046875,293.79119873046875,292.8999938964844,293.0950012207031,9519
2026-08-11 13:45:00+00:00,292.6401062011719,293.9200134277344,292.6401062011719,293.760009765625,11888
2026-08-11 13:50:00+00:00,293.70001220703125,293.92999267578125,293.1499938964844,293.4599914550781,13228
2026-08-11 13:55:00+00:00,293.30999755859375,293.30999755859375,292.29998779296875,292.5400085449219,5983
2026-08-11 14:00:00+00:00,292.4649963378906,292.989990234375,291.8299865722656,291.8299865722656,10436
2026-08-11 14:05:00+00:00,291.360595703125,291.45001220703125,290.3399963378906,291.29998779296875,20201
2026-08-11 14:10:00+00:00,291.29998779296875,292.1499938964844,291.1650085449219,292.04998779296875,13460
2026-08-11 14:15:00+00:00,292.3999938964844,292.55499267578125,292.1099853515625,292.3800048828125,14615
2026-08-11 14:20:00+00:00,292.489990234375,292.7099914550781,292.1099853515625,292.4599914550781,12116
2026-08-11 14:25:00+00:00,292.6400146484375,292.885009765625,292.114990234375,292.1499938964844,37605
2026-08-11 14:30:00+00:00,292.1449890136719,292.1449890136719,291.75,291.75,7050
2026-08-11 14:35:00+00:00,292.0050048828125,292.010009765625,291.55999755859375,291.9200134277344,27846
2026-08-11 14:40:00+00:00,291.7900085449219,292.1400146484375,291.4599914550781,291.4599914550781,14663
2026-08-11 14:45:00+00:00,291.55499267578125,291.760009765625,291.3900146484375,291.57501220703125,6183
2026-08-11 14:50:00+00:00,291.4949951171875,291.57000732421875,291.0801086425781,291.20001220703125,19603
2026-08-11 14:55:00+00:00,291.27911376953125,291.29998779296875,290.7200012207031,290.7200012207031,23233
2026-08-11 15:00:00+00:00,290.79998779296875,291.489990234375,290.6600036621094,291.3599853515625,16148
2026-08-11 15:05:00+00:00,291.25,291.25,290.9200134277344,290.989990234375,8059
2026-08-11 15:10:00+00:00,290.989990234375,291.0899963378906,290.82000732421875,291.0849914550781,6866
2026-08-11 15:15:00+00:00,291.19000244140625,291.3699951171875,291.04998779296875,291.04998779296875,12673
2026-08-11 15:20:00+00:00,291.0299987792969,291.5,290.92999267578125,291.5,9963
2026-08-11 15:25:00+00:00,291.3699951171875,291.4750061035156,291.1099853515625,291.19000244140625,6543
2026-08-11 15:30:00+00:00,291.2699890136719,291.6600036621094,291.2699890136719,291.5899963378906,11924
2026-08-11 15:35:00+00:00,291.5199890136719,291.92999267578125,291.3999938964844,291.635009765625,23814
2026-08-11 15:40:00+00:00,291.55999755859375,291.6400146484375,290.80999755859375,290.80999755859375,20776
2026-08-11 15:45:00+00:00,290.8949890136719,291.239990234375,290.79998779296875,291.1199951171875,0
2026-08-11 15:50:00+00:00,291.25,291.7049865722656,291.2099914550781,291.70001220703125,429297
2026-08-11 15:55:00+00:00,291.7300109863281,292.04998779296875,291.6549987792969,291.7799987792969,51259
2026-08-11 16:00:00+00:00,291.7900085449219,291.8999938964844,291.5899963378906,291.6050109863281,17322
2026-08-11 16:05:00+00:00,291.760009765625,291.8299865722656,291.5799865722656,291.6499938964844,12010
2026-08-11 16:10:00+00:00,291.7200012207031,291.92999267578125,291.6300048828125,291.6300048828125,17697
2026-08-11 16:15:00+00:00,291.6449890136719,292.0799865722656,291.5400085449219,292.0799865722656,20985
2026-08-11 16:20:00+00:00,292.0799865722656,292.0799865722656,291.75,291.79998779296875,10170
2026-08-11 16:25:00+00:00,291.68499755859375,291.9100036621094,291.68499755859375,291.8500061035156,7683
2026-08-11 16:30:00+00:00,291.8999938964844,291.8999938964844,291.7300109863281,291.7300109863281,10779
2026-08-11 16:35:00+00:00,291.7300109863281,291.8045959472656,291.4800109863281,291.57000732421875,15475
2026-08-11 16:40:00+00:00,291.6499938964844,291.9750061035156,291.54998779296875,291.9200134277344,16564
2026-08-11 16:45:00+00:00,291.9200134277344,291.94000244140625,291.7900085449219,291.93499755859375,8944
2026-08-11 16:50:00+00:00,292.0400085449219,292.1300048828125,291.92999267578125,292.0249938964844,10867
2026-08-11 16:55:00+00:00,292.1099853515625,292.2099914550781,291.989990234375,291.989990234375,9027
2026-08-11 17:00:00+00:00,292.07000732421875,292.2300109863281,291.9800109863281,292.22601318359375,12442
2026-08-11 17:05:00+00:00,292.2099914550781,292.54998779296875,292.1549987792969,292.45001220703125,15294
2026-08-11 17:10:00+00:00,292.45001220703125,292.5299987792969,292.29998779296875,292.30999755859375,14911
2026-08-11 17:15:00+00:00,292.3550109863281,292.82000732421875,292.260009765625,292.82000732421875,28743
2026-08-11 17:20:00+00:00,292.8450012207031,293.1499938964844,292.8450012207031,292.9800109863281,33050
2026-08-11 17:25:00+00:00,293.06500244140625,293.07000732421875,292.8999938964844,293.052490234375,16487
2026-08-11 17:30:00+00:00,293.0199890136719,293.22479248046875,292.9800109863281,292.9849853515625,18326
2026-08-11 17:35:00+00:00,293.05999755859375,293.1499938964844,292.8699951171875,292.8900146484375,24839
2026-08-11 17:40:00+00:00,292.9700012207031,292.989990234375,292.7349853515625,292.7650146484375,27405
2026-08-11 17:45:00+00:00,292.7650146484375,292.9100036621094,292.7650146484375,292.8399963378906,9033
2026-08-11 17:50:00+00:00,292.8800048828125,292.94000244140625,292.6199951171875,292.7149963378906,15545
2026-08-11 17:55:00+00:00,292.6300048828125,292.82000732421875,292.5899963378906,292.6650085449219,10685
2026-08-11 18:00:00+00:00,292.6700134277344,292.7099914550781,292.4700012207031,292.6650085449219,10977
2026-08-11 18:05:00+00:00,292.6700134277344,292.8699951171875,292.6700134277344,292.7950134277344,11977
2026-08-11 18:10:00+00:00,292.7699890136719,292.7799987792969,292.42999267578125,292.4949951171875,8164
2026-08-11 18:15:00+00:00,292.5299987792969,292.6099853515625,292.42999267578125,292.4800109863281,6208
2026-08-11 18:20:00+00:00,292.42999267578125,292.510009765625,292.2149963378906,292.4700012207031,18569
2026-08-11 18:25:00+00:00,292.4800109863281,292.55999755859375,292.135009765625,292.135009765625,15465
2026-08-11 18:30:00+00:00,292.1449890136719,292.42999267578125,292.1449890136719,292.42999267578125,15060
2026-08-11 18:35:00+00:00,292.2701110839844,292.3500061035156,291.9750061035156,292.2799987792969,18040
2026-08-11 18:40:00+00:00,292.20001220703125,292.32501220703125,292.17999267578125,292.32501220703125,9744
2026-08-11 18:45:00+00:00,292.29998779296875,292.29998779296875,292.0,292.010009765625,8292
2026-08-11 18:50:00+00:00,292.010009765625,292.0736999511719,291.7449951171875,291.7449951171875,25018
2026-08-11 18:55:00+00:00,291.8399963378906,292.010009765625,291.7550048828125,292.0,22051
2026-08-11 19:00:00+00:00,292.0174865722656,292.20001220703125,291.8299865722656,292.0299987792969,15072
2026-08-11 19:05:00+00:00,292.0799865722656,292.0899963378906,291.94000244140625,292.04998779296875,16679
2026-08-11 19:10:00+00:00,292.0199890136719,292.2650146484375,292.010009765625,292.135009765625,15734
2026-08-11 19:15:00+00:00,292.05499267578125,292.2049865722656,292.05499267578125,292.2049865722656,11338
2026-08-11 19:20:00+00:00,292.2200012207031,292.55499267578125,292.2200012207031,292.5299987792969,15485
2026-08-11 19:25:00+00:00,292.5899963378906,292.8299865722656,292.5299987792969,292.7580871582031,22538
2026-08-11 19:30:00+00:00,292.6000061035156,292.6400146484375,292.4100036621094,292.4599914550781,17979
2026-08-11 19:35:00+00:00,292.57000732421875,292.5799865722656,292.4100036621094,292.4750061035156,12482
2026-08-11 19:40:00+00:00,292.4750061035156,292.80999755859375,292.44500732421875,292.6400146484375,23707
2026-08-11 19:45:00+00:00,292.5199890136719,292.8999938964844,292.5043029785156,292.635009765625,40699
2026-08-11 19:50:00+00:00,292.54998779296875,292.92999267578125,292.3599853515625,292.3599853515625,60662
2026-08-11 19:55:00+00:00,292.29998779296875,292.8299865722656,292.0199890136719,292.8299865722656,179075
2026-08-11 20:00:00+00:00,292.87,293.29,292.87,292.87,0
2026-08-11 20:05:00+00:00,292.87,292.87,292.87,292.87,0
2026-08-11 20:10:00+00:00,292.87,292.87,292.87,292.87,0
2026-08-11 20:15:00+00:00,292.87,292.87,292.87,292.87,0
2026-08-11 20:20:00+00:00,292.87,292.87,292.87,292.87,0
2026-08-11 20:35:00+00:00,290.71,290.71,290.71,290.71,0
2026-08-11 21:00:00+00:00,292.21,292.21,292.21,292.21,0
2026-08-11 21:05:00+00:00,292.87,292.87,292.21,292.21,0
2026-08-11 21:15:00+00:00,292.87,292.87,292.87,292.87,0
2026-08-11 22:15:00+00:00,292.21,292.21,292.21,292.21,0
2026-08-11 22:45:00+00:00,293.05,293.05,293.05,293.05,0
2026-08-11 23:10:00+00:00,292.21,292.95,292.21,292.95,0
2026-08-11 23:15:00+00:00,292.85,293.018,292.4198,293.0095,0
2026-08-11 23:20:00+00:00,292.6,293.0095,292.2846,292.2846,0
2026-08-11 23:25:00+00:00,292.77,292.9757,292.3353,292.75,0
2026-08-11 23:30:00+00:00,292.54,293.29,292.5,292.66,0
2026-08-11 23:45:00+00:00,292.56,292.56,292.56,292.56,0
2026-08-12 08:00:00+00:00,292.87,292.87,292.87,292.87,0
2026-08-12 08:15:00+00:00,292.87,292.87,292.87,292.87,0
2026-08-12 08:30:00+00:00,292.3,292.3,292.3,292.3,0
2026-08-12 08:55:00+00:00,292.3,292.3,292.3,292.3,0
2026-08-12 09:00:00+00:00,292.3,292.3,291.52,291.52,0
2026-08-12 09:10:00+00:00,292.3,292.3,292.3,292.3,0
2026-08-12 09:45:00+00:00,292.3,292.3,292.3,292.3,0
2026-08-12 09:50:00+00:00,292.3,292.3,292.3,292.3,0
2026-08-12 09:55:00+00:00,292.3,292.3,292.3,292.3,0
2026-08-12 10:10:00+00:00,292.78,292.78,292.78,292.78,0
2026-08-12 10:30:00+00:00,292.61,292.61,292.61,292.61,0
2026-08-12 10:35:00+00:00,305.8742,305.8742,305.8742,305.8742,0
2026-08-12 10:45:00+00:00,292.61,292.61,292.02,292.02,0
2026-08-12 11:00:00+00:00,292.02,292.02,292.02,292.02,0
2026-08-12 11:20:00+00:00,292.1,292.1,292.1,292.1,0
2026-08-12 11:25:00+00:00,292.1,292.1,292.1,292.1,0
2026-08-12 11:30:00+00:00,292.02,292.02,292.02,292.02,0
2026-08-12 11:45:00+00:00,293.26,293.29,293.26,293.29,0
2026-08-12 12:00:00+00:00,292.85,292.85,292.85,292.85,0
2026-08-12 12:05:00+00:00,294.02,294.02,294.02,294.02,0
2026-08-12 12:15:00+00:00,292.5,292.5,292.0583,292.0583,0
2026-08-12 12:20:00+00:00,292.182,292.182,292.182,292.182,0
2026-08-12 12:25:00+00:00,292.4333,292.4333,292.4333,292.4333,0
2026-08-12 12:35:00+00:00,292.51,292.87,292.51,292.87,0
2026-08-12 12:45:00+00:00,292.87,292.87,292.87,292.87,0
2026-08-12 12:50:00+00:00,292.85,293.06,292.85,293.06,0
2026-08-12 12:55:00+00:00,293.3,293.3,293.3,293.3,0
2026-08-12 13:10:00+00:00,292.5,293.3,292.5,293.3,0
2026-08-12 13:30:00+00:00,292.44000244140625,292.8699951171875,291.0799865722656,292.7070007324219,36551
2026-08-12 13:35:00+00:00,292.8399963378906,293.44000244140625,291.8349914550781,293.44000244140625,13425
2026-08-12 13:40:00+00:00,293.0450134277344,293.05999755859375,292.06500244140625,292.7099914550781,20229
2026-08-12 13:45:00+00:00,292.6199951171875,292.8699951171875,292.114990234375,292.3800048828125,15106
2026-08-12 13:50:00+00:00,292.7200012207031,292.8500061035156,291.9949951171875,292.7250061035156,30731
2026-08-12 13:55:00+00:00,292.5899963378906,292.7799987792969,292.32000732421875,292.489990234375,23029
2026-08-12 14:00:00+00:00,292.385009765625,293.3900146484375,292.385009765625,293.1400146484375,28296
2026-08-12 14:05:00+00:00,293.29998779296875,293.29998779296875,291.7699890136719,291.8500061035156,26169
2026-08-12 14:10:00+00:00,291.92999267578125,292.45001220703125,291.75,292.32501220703125,32365
2026-08-12 14:15:00+00:00,292.32501220703125,293.0199890136719,292.2699890136719,292.760009765625,22296
2026-08-12 14:20:00+00:00,292.7200012207031,292.94000244140625,292.5400085449219,292.6499938964844,11116
2026-08-12 14:25:00+00:00,292.6549987792969,292.69000244140625,292.0199890136719,292.2200012207031,19538
2026-08-12 14:30:00+00:00,292.3299865722656,292.3599853515625,291.7200927734375,292.0150146484375,24592
2026-08-12 14:35:00+00:00,291.9700012207031,292.2650146484375,291.8999938964844,292.1300048828125,12374
2026-08-12 14:40:00+00:00,292.25,292.75,292.25,292.5249938964844,13547
2026-08-12 14:45:00+00:00,292.6400146484375,292.7799987792969,292.2200012207031,292.2200012207031,29432
2026-08-12 14:50:00+00:00,292.2799987792969,292.4599914550781,292.2049865722656,292.2749938964844,9970
2026-08-12 14:55:00+00:00,292.3500061035156,292.6300048828125,292.0799865722656,292.239990234375,27725
2026-08-12 15:00:00+00:00,292.2300109863281,292.23748779296875,291.92999267578125,292.1050109863281,12107
2026-08-12 15:05:00+00:00,292.1000061035156,292.489990234375,292.07000732421875,292.20001220703125,16368
2026-08-12 15:10:00+00:00,292.3599853515625,292.69000244140625,292.3125,292.5799865722656,6313
2026-08-12 15:15:00+00:00,292.54998779296875,292.6000061035156,291.760009765625,291.82000732421875,10968
2026-08-12 15:20:00+00:00,291.8500061035156,292.6199951171875,291.8500061035156,292.5199890136719,27715
2026-08-12 15:25:00+00:00,292.6199951171875,292.9800109863281,292.5072021484375,292.9800109863281,12602
2026-08-12 15:30:00+00:00,292.9800109863281,293.17999267578125,292.8197021484375,292.94500732421875,9935
2026-08-12 15:35:00+00:00,292.95001220703125,293.0899963378906,292.7799987792969,292.81500244140625,10076
2026-08-12 15:40:00+00:00,292.81500244140625,293.0,292.81500244140625,293.0,6035
2026-08-12 15:45:00+00:00,293.0299987792969,293.3800048828125,293.010009765625,293.2799987792969,10737
2026-08-12 15:50:00+00:00,293.3800048828125,293.8999938964844,293.2850036621094,293.6600036621094,20133
2026-08-12 15:55:00+00:00,293.8500061035156,293.8500061035156,293.4200134277344,293.510009765625,11754
2026-08-12 16:00:00+00:00,293.510009765625,293.67999267578125,293.43341064453125,293.67999267578125,11119
2026-08-12 16:05:00+00:00,293.5899963378906,293.739990234375,293.5899963378906,293.739990234375,9285
2026-08-12 16:10:00+00:00,293.67498779296875,293.9599914550781,293.6700134277344,293.82000732421875,15401
2026-08-12 16:15:00+00:00,293.70001220703125,293.9599914550781,293.6600036621094,293.9599914550781,14995
2026-08-12 16:20:00+00:00,293.94000244140625,294.2099914550781,293.8399963378906,293.8742980957031,28431
2026-08-12 16:25:00+00:00,293.8599853515625,293.9800109863281,293.82000732421875,293.9100036621094,6674
2026-08-12 16:30:00+00:00,293.8299865722656,294.3999938964844,293.8299865722656,294.20001220703125,13769
2026-08-12 16:35:00+00:00,294.1000061035156,294.1099853515625,293.614990234375,293.889892578125,24984
2026-08-12 16:40:00+00:00,293.7300109863281,293.93499755859375,293.6000061035156,293.635009765625,12351
2026-08-12 16:45:00+00:00,293.7650146484375,294.05999755859375,293.7149963378906,294.05999755859375,24032
2026-08-12 16:50:00+00:00,293.8999938964844,294.239990234375,293.7449951171875,293.75,16686
2026-08-12 16:55:00+00:00,293.7449951171875,293.9599914550781,293.739990234375,293.8900146484375,13958
2026-08-12 17:00:00+00:00,293.8500061035156,293.9599914550781,293.7699890136719,293.9599914550781,7594
2026-08-12 17:05:00+00:00,293.94000244140625,294.0799865722656,293.7900085449219,293.80999755859375,11949
2026-08-12 17:10:00+00:00,293.80999755859375,293.92999267578125,293.489990234375,293.6199951171875,6279
2026-08-12 17:15:00+00:00,293.6199951171875,293.760009765625,293.5299987792969,293.7300109863281,5421
2026-08-12 17:20:00+00:00,293.6499938964844,293.6499938964844,293.4100036621094,293.51348876953125,10454
2026-08-12 17:25:00+00:00,293.42999267578125,293.55999755859375,293.2300109863281,293.5,11333
2026-08-12 17:30:00+00:00,293.4800109863281,293.4800109863281,293.0,293.19000244140625,10801
2026-08-12 17:35:00+00:00,293.2250061035156,293.239990234375,293.0201110839844,293.1400146484375,12887
2026-08-12 17:40:00+00:00,293.1050109863281,293.17999267578125,292.9750061035156,293.0899963378906,23303
2026-08-12 17:45:00+00:00,293.0899963378906,293.2200012207031,292.6300048828125,292.7550048828125,12032
2026-08-12 17:50:00+00:00,292.7550048828125,293.0,292.7550048828125,292.8699951171875,18004
2026-08-12 17:55:00+00:00,292.760009765625,293.0899963378906,292.6600036621094,292.7950134277344,27751
2026-08-12 18:00:00+00:00,292.67999267578125,293.125,292.67999267578125,293.0899963378906,16067
2026-08-12 18:05:00+00:00,293.125,293.1549987792969,292.75,292.8599853515625,11803
2026-08-12 18:10:00+00:00,292.82000732421875,293.0299987792969,292.6700134277344,292.739990234375,26467
2026-08-12 18:15:00+00:00,292.75,293.0899963378906,292.7300109863281,293.0400085449219,26737
2026-08-12 18:20:00+00:00,293.07000732421875,293.260009765625,292.95001220703125,292.9599914550781,9453
2026-08-12 18:25:00+00:00,293.0299987792969,293.0899963378906,292.92498779296875,293.0,23333
2026-08-12 18:30:00+00:00,292.9800109863281,293.49951171875,292.94000244140625,293.49951171875,16344
2026-08-12 18:35:00+00:00,293.4100036621094,293.6600036621094,293.4100036621094,293.6300048828125,11492
2026-08-12 18:40:00+00:00,293.6650085449219,293.739990234375,293.6199951171875,293.739990234375,11239
2026-08-12 18:45:00+00:00,293.75,293.82000732421875,293.57000732421875,293.6600036621094,7431
2026-08-12 18:50:00+00:00,293.6650085449219,293.82000732421875,293.6000061035156,293.80999755859375,10570
2026-08-12 18:55:00+00:00,293.7799987792969,293.79998779296875,293.5400085449219,293.5950012207031,13969
2026-08-12 19:00:00+00:00,293.5299987792969,293.6700134277344,293.4700012207031,293.5,12203
2026-08-12 19:05:00+00:00,293.4700012207031,293.6400146484375,293.4049987792969,293.5799865722656,10362
2026-08-12 19:10:00+00:00,293.57501220703125,293.79998779296875,293.57501220703125,293.75,21562
2026-08-12 19:15:00+00:00,293.7149963378906,293.74420166015625,293.3500061035156,293.5400085449219,21708
2026-08-12 19:20:00+00:00,293.4599914550781,293.6300048828125,293.4200134277344,293.510009765625,21152
2026-08-12 19:25:00+00:00,293.510009765625,293.760009765625,293.4100036621094,293.6451110839844,12877
2026-08-12 19:30:00+00:00,293.7349853515625,293.8900146484375,293.6400146484375,293.75,24908
2026-08-12 19:35:00+00:00,293.7974853515625,294.260009765625,293.7699890136719,294.125,20043
2026-08-12 19:40:00+00:00,294.0199890136719,294.30999755859375,293.9599914550781,294.260009765625,28669
2026-08-12 19:45:00+00:00,294.260009765625,294.4549865722656,294.07501220703125,294.3399963378906,32231
2026-08-12 19:50:00+00:00,294.2799987792969,294.30999755859375,293.7200012207031,294.0098876953125,33213
2026-08-12 19:55:00+00:00,293.9200134277344,294.1499938964844,293.6000061035156,293.7200012207031,157897
2026-08-12 20:00:00+00:00,293.8,296.11,293.44,293.73,0
2026-08-12 20:05:00+00:00,292.8184,292.8184,292.8184,292.8184,0
2026-08-12 20:10:00+00:00,293.73,294.4988,293.73,294.4988,0
2026-08-12 20:15:00+00:00,293.73,293.73,293.73,293.73,0
2026-08-12 20:20:00+00:00,292.69,292.69,292.69,292.69,0
2026-08-12 20:25:00+00:00,292.69,292.69,292.69,292.69,0
2026-08-12 20:30:00+00:00,292.75,292.75,292.75,292.75,0
2026-08-12 20:45:00+00:00,293.73,293.73,293.73,293.73,0
2026-08-12 20:50:00+00:00,294.3697,294.3697,294.3697,294.3697,0
2026-08-12 21:00:00+00:00,293.73,293.73,293.73,293.73,0
2026-08-12 21:05:00+00:00,291.0,291.0,291.0,291.0,0
2026-08-12 21:10:00+00:00,291.0,291.0,291.0,291.0,0
2026-08-12 21:25:00+00:00,297.7691,297.7691,293.73,293.73,0
2026-08-12 21:30:00+00:00,293.73,293.73,293.73,293.73,0
2026-08-12 21:35:00+00:00,293.73,293.73,293.73,293.73,0
2026-08-12 22:15:00+00:00,293.73,293.73,293.73,293.73,0
2026-08-12 22:25:00+00:00,294.3135,294.3135,294.3135,294.3135,0
2026-08-12 22:30:00+00:00,294.25,294.25,294.25,294.25,0
2026-08-12 22:35:00+00:00,294.5,294.5,294.5,294.5,0
2026-08-12 22:40:00+00:00,294.5,294.5,294.5,294.5,0
2026-08-12 23:30:00+00:00,293.44,293.44,293.44,293.44,0
2026-08-13 08:00:00+00:00,293.73,293.73,293.73,293.73,0
2026-08-13 08:05:00+00:00,293.73,293.73,293.73,293.73,0
2026-08-13 08:10:00+00:00,293.73,293.73,293.73,293.73,0
2026-08-13 08:30:00+00:00,293.73,293.73,293.73,293.73,0
2026-08-13 08:45:00+00:00,293.73,293.73,293.73,293.73,0
2026-08-13 09:00:00+00:00,293.73,293.73,293.73,293.73,0
2026-08-13 09:15:00+00:00,293.73,293.73,293.73,293.73,0
2026-08-13 09:25:00+00:00,293.73,293.73,293.73,293.73,0
2026-08-13 09:50:00+00:00,299.0,299.0,299.0,299.0,0
2026-08-13 10:00:00+00:00,299.0,299.0,299.0,299.0,0
2026-08-13 10:30:00+00:00,299.0,299.0,299.0,299.0,0
2026-08-13 10:45:00+00:00,294.02,294.02,293.19,294.02,0
2026-08-13 11:00:00+00:00,294.04,294.04,294.04,294.04,0
2026-08-13 11:10:00+00:00,293.73,294.02,293.73,294.02,0
2026-08-13 11:20:00+00:00,293.2,293.2,293.2,293.2,0
2026-08-13 11:35:00+00:00,294.0,294.0,294.0,294.0,0
2026-08-13 12:10:00+00:00,293.73,293.73,293.73,293.73,0
2026-08-13 12:45:00+00:00,293.75,293.75,293.02,293.02,0
2026-08-13 13:00:00+00:00,293.02,293.02,293.02,293.02,0
2026-08-13 13:30:00+00:00,295.2099914550781,297.4700012207031,295.2099914550781,296.20001220703125,33456
2026-08-13 13:35:00+00:00,296.20001220703125,296.93499755859375,295.6600036621094,296.8900146484375,6387
2026-08-13 13:40:00+00:00,296.8999938964844,297.1000061035156,296.239990234375,296.5400085449219,8272
2026-08-13 13:45:00+00:00,296.5350036621094,296.875,296.05499267578125,296.2449951171875,15886
2026-08-13 13:50:00+00:00,296.30999755859375,296.9800109863281,296.0249938964844,296.69000244140625,18098
2026-08-13 13:55:00+00:00,296.7749938964844,296.9100036621094,296.4100036621094,296.4150085449219,14166
2026-08-13 14:00:00+00:00,296.43499755859375,297.5,296.43499755859375,297.5,8910
2026-08-13 14:05:00+00:00,297.55999755859375,297.5799865722656,297.0,297.1400146484375,10649
2026-08-13 14:10:00+00:00,297.1400146484375,297.1650085449219,296.94000244140625,297.0,6027
2026-08-13 14:15:00+00:00,297.1000061035156,297.18499755859375,296.6300048828125,296.9849853515625,11140
2026-08-13 14:20:00+00:00,296.9949951171875,297.82000732421875,296.9949951171875,297.5299987792969,6623
2026-08-13 14:25:00+00:00,297.5299987792969,297.9200134277344,297.32000732421875,297.7250061035156,13505
2026-08-13 14:30:00+00:00,297.82501220703125,297.989990234375,297.3949890136719,297.42999267578125,13581
2026-08-13 14:35:00+00:00,297.43499755859375,298.1000061035156,297.3800048828125,297.79998779296875,23402
2026-08-13 14:40:00+00:00,297.9049987792969,298.1199951171875,297.6700134277344,297.6700134277344,25726
2026-08-13 14:45:00+00:00,297.70001220703125,297.989990234375,296.67999267578125,296.82000732421875,67727
2026-08-13 14:50:00+00:00,296.9700012207031,297.29998779296875,296.75,296.9100036621094,21293
2026-08-13 14:55:00+00:00,296.9150085449219,297.2049865722656,296.7699890136719,297.2049865722656,18991
2026-08-13 15:00:00+00:00,297.114990234375,297.5899963378906,297.1000061035156,297.43499755859375,21226
2026-08-13 15:05:00+00:00,297.43499755859375,297.43499755859375,296.8399963378906,296.9100036621094,17744
2026-08-13 15:10:00+00:00,296.9700012207031,297.57000732421875,296.9700012207031,297.3999938964844,27975
2026-08-13 15:15:00+00:00,297.3999938964844,297.3999938964844,297.0,297.1700134277344,18336
2026-08-13 15:20:00+00:00,297.2049865722656,297.2300109863281,297.0,297.2298889160156,12846
2026-08-13 15:25:00+00:00,297.135009765625,297.2300109863281,296.75,296.8450012207031,23842
2026-08-13 15:30:00+00:00,296.95001220703125,296.989990234375,296.6600036621094,296.8699951171875,23221
2026-08-13 15:35:00+00:00,296.8599853515625,297.19000244140625,296.7300109863281,296.8299865722656,24148
2026-08-13 15:40:00+00:00,296.875,296.92559814453125,296.3399963378906,296.4100036621094,23212
2026-08-13 15:45:00+00:00,296.2782897949219,296.760009765625,296.2782897949219,296.6700134277344,20731
2026-08-13 15:50:00+00:00,296.6650085449219,297.32000732421875,296.6449890136719,297.32000732421875,18213
2026-08-13 15:55:00+00:00,297.32000732421875,297.48748779296875,297.05999755859375,297.3550109863281,31001
2026-08-13 16:00:00+00:00,297.3500061035156,297.4599914550781,297.17999267578125,297.3550109863281,17310
2026-08-13 16:05:00+00:00,297.375,297.385009765625,296.92999267578125,296.94000244140625,17963
2026-08-13 16:10:00+00:00,297.01251220703125,297.20001220703125,296.9800109863281,297.05999755859375,8881
2026-08-13 16:15:00+00:00,297.1400146484375,297.2300109863281,297.07000732421875,297.2200012207031,16509
2026-08-13 16:20:00+00:00,297.2200012207031,297.239990234375,297.04998779296875,297.1650085449219,14903
2026-08-13 16:25:00+00:00,297.2200012207031,297.5299987792969,297.010009765625,297.2699890136719,29165
2026-08-13 16:30:00+00:00,297.260009765625,297.4750061035156,297.0199890136719,297.2799987792969,22464
2026-08-13 16:35:00+00:00,297.2799987792969,297.6400146484375,297.25,297.3949890136719,18024
2026-08-13 16:40:00+00:00,297.4024963378906,297.4100036621094,297.20001220703125,297.30999755859375,17614
2026-08-13 16:45:00+00:00,297.3450012207031,297.45001220703125,297.20001220703125,297.364990234375,14901
2026-08-13 16:50:00+00:00,297.364990234375,297.7099914550781,297.364990234375,297.7099914550781,22378
2026-08-13 16:55:00+00:00,297.8500061035156,297.8900146484375,297.67999267578125,297.70001220703125,39424
2026-08-13 17:00:00+00:00,297.70001220703125,297.7699890136719,297.5,297.6499938964844,18173
2026-08-13 17:05:00+00:00,297.6499938964844,297.989990234375,297.55999755859375,297.8299865722656,13301
2026-08-13 17:10:00+00:00,297.79998779296875,297.8399963378906,297.5299987792969,297.625,24502
2026-08-13 17:15:00+00:00,297.739990234375,298.04998779296875,297.7300109863281,298.0350036621094,15832
2026-08-13 17:20:00+00:00,298.0400085449219,298.20001220703125,297.92999267578125,298.13751220703125,17948
2026-08-13 17:25:00+00:00,298.1449890136719,298.20001220703125,297.92999267578125,298.0950012207031,24208
2026-08-13 17:30:00+00:00,298.1025085449219,298.1025085449219,297.82000732421875,297.8900146484375,12607
2026-08-13 17:35:00+00:00,297.8841857910156,297.9800109863281,297.7799987792969,297.8599853515625,13223
2026-08-13 17:40:00+00:00,297.8599853515625,298.0899963378906,297.7799987792969,298.0799865722656,11128
2026-08-13 17:45:00+00:00,298.0799865722656,298.55999755859375,297.9700012207031,298.45001220703125,17174
2026-08-13 17:50:00+00:00,298.385009765625,298.5220031738281,298.3399963378906,298.44500732421875,20766
2026-08-13 17:55:00+00:00,298.45001220703125,298.7799987792969,298.45001220703125,298.75,15347
2026-08-13 18:00:00+00:00,298.7799987792969,299.25,298.7799987792969,299.25,46651
2026-08-13 18:05:00+00:00,299.25,299.3900146484375,298.67999267578125,298.67999267578125,34324
2026-08-13 18:10:00+00:00,298.5299987792969,298.9599914550781,298.5299987792969,298.8699951171875,50669
2026-08-13 18:15:00+00:00,298.8900146484375,299.0899963378906,298.7900085449219,299.0094909667969,20384
2026-08-13 18:20:00+00:00,298.9599914550781,298.9700012207031,298.739990234375,298.8799133300781,13998
2026-08-13 18:25:00+00:00,298.8799133300781,298.8800048828125,298.6675109863281,298.80999755859375,17972
2026-08-13 18:30:00+00:00,298.8599853515625,298.9049987792969,298.57000732421875,298.625,18598
2026-08-13 18:35:00+00:00,298.70001220703125,298.70001220703125,298.4100036621094,298.510009765625,24661
2026-08-13 18:40:00+00:00,298.45001220703125,298.5,297.9200134277344,298.2099914550781,32135
2026-08-13 18:45:00+00:00,298.2300109863281,298.75,298.2300109863281,298.625,21783
2026-08-13 18:50:00+00:00,298.5799865722656,298.6600036621094,298.07000732421875,298.07000732421875,32661
2026-08-13 18:55:00+00:00,298.0849914550781,298.17999267578125,297.5799865722656,297.67999267578125,20329
2026-08-13 19:00:00+00:00,297.68499755859375,297.7799987792969,297.4800109863281,297.7699890136719,29430
2026-08-13 19:05:00+00:00,297.6000061035156,297.7650146484375,297.4200134277344,297.67999267578125,31406
2026-08-13 19:10:00+00:00,297.739990234375,298.0400085449219,297.57000732421875,297.885009765625,38142
2026-08-13 19:15:00+00:00,297.95001220703125,298.5199890136719,297.9049987792969,298.489990234375,30508
2026-08-13 19:20:00+00:00,298.385009765625,298.4700012207031,298.0,298.1700134277344,37146
2026-08-13 19:25:00+00:00,298.1700134277344,298.2200012207031,297.739990234375,297.885009765625,47379
2026-08-13 19:30:00+00:00,297.8599853515625,298.1300048828125,297.7300109863281,298.0199890136719,49261
2026-08-13 19:35:00+00:00,298.05999755859375,298.06500244140625,297.7699890136719,297.885009765625,42737
2026-08-13 19:40:00+00:00,297.8900146484375,298.17498779296875,297.57000732421875,297.8500061035156,70467
2026-08-13 19:45:00+00:00,297.7900085449219,298.010009765625,297.57000732421875,297.7749938964844,49496
2026-08-13 19:50:00+00:00,297.8500061035156,298.2799987792969,297.8399963378906,297.94000244140625,56221
2026-08-13 19:55:00+00:00,297.9949951171875,298.260009765625,297.6700134277344,297.6700134277344,150931
2026-08-13 20:00:00+00:00,297.66,298.46,297.66,297.79,0
2026-08-13 20:05:00+00:00,297.79,297.79,297.79,297.79,0
2026-08-13 20:10:00+00:00,297.79,297.79,297.79,297.79,0
2026-08-13 20:15:00+00:00,297.79,298.61,297.79,298.48,0
2026-08-13 20:20:00+00:00,297.79,297.79,297.79,297.79,0
2026-08-13 20:25:00+00:00,297.8,297.8,297.8,297.8,0
2026-08-13 20:55:00+00:00,297.79,297.79,297.79,297.79,0
2026-08-13 21:00:00+00:00,297.9247,297.9247,297.9247,297.9247,0
2026-08-13 21:05:00+00:00,297.9247,298.5,297.9247,298.5,0
2026-08-13 21:10:00+00:00,299.08,299.08,297.79,297.79,0
2026-08-13 21:15:00+00:00,297.79,297.79,297.79,297.79,0
2026-08-13 21:20:00+00:00,298.06,298.06,298.03,298.04,0
2026-08-13 21:35:00+00:00,298.49,298.49,298.49,298.49,0
2026-08-13 21:45:00+00:00,298.01,298.01,298.01,298.01,0
2026-08-13 22:10:00+00:00,298.49,298.49,298.49,298.49,0
2026-08-13 22:15:00+00:00,298.49,298.49,298.49,298.49,0
2026-08-13 22:50:00+00:00,298.49,298.49,298.49,298.49,0
2026-08-13 23:00:00+00:00,298.0,298.0,298.0,298.0,0
2026-08-13 23:15:00+00:00,298.5,298.5,298.5,298.5,0
2026-08-13 23:30:00+00:00,298.49,298.49,298.49,298.49,0
2026-08-13 23:40:00+00:00,298.49,298.49,298.49,298.49,0
2026-08-14 08:00:00+00:00,297.79,299.49,297.79,298.48,0
2026-08-14 08:25:00+00:00,298.48,298.48,298.48,298.48,0
2026-08-14 08:40:00+00:00,298.48,298.48,298.48,298.48,0
2026-08-14 09:05:00+00:00,298.48,298.48,298.48,298.48,0
2026-08-14 09:30:00+00:00,298.49,298.49,298.49,298.49,0
2026-08-14 09:55:00+00:00,298.49,298.49,298.49,298.49,0
2026-08-14 10:30:00+00:00,298.49,298.49,298.49,298.49,0
2026-08-14 10:45:00+00:00,294.9575,294.9575,294.9575,294.9575,0
2026-08-14 11:00:00+00:00,294.9575,294.9575,294.9575,294.9575,0
2026-08-14 11:10:00+00:00,294.9575,294.9575,294.9575,294.9575,0
2026-08-14 11:25:00+00:00,298.02,298.02,298.02,298.02,0
2026-08-14 11:35:00+00:00,298.0,298.0,298.0,298.0,0
2026-08-14 11:40:00+00:00,298.0,298.0,298.0,298.0,0
2026-08-14 11:45:00+00:00,298.0,298.0,298.0,298.0,0
2026-08-14 12:00:00+00:00,297.0,298.0,297.0,298.0,0
2026-08-14 12:20:00+00:00,298.49,298.49,298.49,298.49,0
2026-08-14 12:25:00+00:00,298.49,298.49,298.49,298.49,0
2026-08-14 12:30:00+00:00,298.48,298.48,298.48,298.48,0
2026-08-14 12:55:00+00:00,296.67,296.67,296.67,296.67,0
2026-08-14 13:00:00+00:00,296.67,296.67,296.67,296.67,0
2026-08-14 13:30:00+00:00,298.04998779296875,299.0356140136719,297.30999755859375,298.8450012207031,31298
2026-08-14 13:35:00+00:00,298.7850036621094,298.9800109863281,297.75,297.9849853515625,39639
2026-08-14 13:40:00+00:00,297.9849853515625,298.70001220703125,297.9649963378906,298.70001220703125,14109
2026-08-14 13:45:00+00:00,298.4700012207031,300.05999755859375,298.4700012207031,300.05999755859375,18843
2026-08-14 13:50:00+00:00,300.2900085449219,300.3699951171875,299.5799865722656,299.7049865722656,32931
2026-08-14 13:55:00+00:00,299.8299865722656,300.1300048828125,299.4649963378906,299.6400146484375,22215
2026-08-14 14:00:00+00:00,299.6549987792969,300.1050109863281,299.44000244140625,299.7850036621094,18006
2026-08-14 14:05:00+00:00,299.989990234375,300.1000061035156,299.30999755859375,299.75,17984
2026-08-14 14:10:00+00:00,299.9599914550781,299.9599914550781,299.4100036621094,299.5400085449219,16889
2026-08-14 14:15:00+00:00,299.56500244140625,299.8900146484375,299.4949951171875,299.70001220703125,12828
2026-08-14 14:20:00+00:00,299.5199890136719,300.47760009765625,299.4599914550781,300.3900146484375,11596
2026-08-14 14:25:00+00:00,300.2749938964844,300.6299133300781,300.2099914550781,300.5199890136719,7675
2026-08-14 14:30:00+00:00,300.3500061035156,300.510009765625,299.9049987792969,299.9049987792969,18253
2026-08-14 14:35:00+00:00,299.9049987792969,299.9949951171875,299.55499267578125,299.55499267578125,26908
2026-08-14 14:40:00+00:00,299.5950012207031,299.9100036621094,299.5950012207031,299.6600036621094,44822
2026-08-14 14:45:00+00:00,299.82000732421875,299.8599853515625,298.8599853515625,299.0140075683594,15416
2026-08-14 14:50:00+00:00,298.8999938964844,298.9200134277344,298.5899963378906,298.6400146484375,57342
2026-08-14 14:55:00+00:00,298.7099914550781,298.8900146484375,298.3999938964844,298.7900085449219,70541
2026-08-14 15:00:00+00:00,298.82000732421875,299.16558837890625,298.739990234375,298.8800048828125,19659
2026-08-14 15:05:00+00:00,299.0602111816406,299.0602111816406,298.7250061035156,298.8949890136719,9283
2026-08-14 15:10:00+00:00,298.93499755859375,299.0799865722656,298.6300048828125,298.6300048828125,27875
2026-08-14 15:15:00+00:00,298.7099914550781,298.7799987792969,298.4700012207031,298.4700012207031,11140
2026-08-14 15:20:00+00:00,298.3999938964844,298.7250061035156,298.2349853515625,298.7049865722656,13536
2026-08-14 15:25:00+00:00,298.7049865722656,298.8599853515625,298.5849914550781,298.68499755859375,11511
2026-08-14 15:30:00+00:00,298.6449890136719,298.9849853515625,298.57000732421875,298.94500732421875,13196
2026-08-14 15:35:00+00:00,298.8349914550781,298.9599914550781,298.54998779296875,298.54998779296875,17444
2026-08-14 15:40:00+00:00,298.5799865722656,298.84991455078125,298.0899963378906,298.1650085449219,6104
2026-08-14 15:45:00+00:00,298.1600036621094,298.30999755859375,297.3299865722656,297.67999267578125,108657
2026-08-14 15:50:00+00:00,297.8465881347656,297.8465881347656,297.6400146484375,297.7749938964844,16657
2026-08-14 15:55:00+00:00,297.7699890136719,297.8500061035156,297.1300964355469,297.260009765625,47642
2026-08-14 16:00:00+00:00,297.3500061035156,297.45001220703125,297.135009765625,297.2149963378906,55822
2026-08-14 16:05:00+00:00,297.1700134277344,297.4399108886719,297.1700134277344,297.260009765625,14197
2026-08-14 16:10:00+00:00,297.30499267578125,297.32000732421875,297.0350036621094,297.29998779296875,13622
2026-08-14 16:15:00+00:00,297.42999267578125,297.510009765625,297.1000061035156,297.1449890136719,44065
2026-08-14 16:20:00+00:00,297.260009765625,297.260009765625,296.8299865722656,296.9599914550781,22791
2026-08-14 16:25:00+00:00,297.1400146484375,297.239990234375,296.5400085449219,296.5400085449219,47830
2026-08-14 16:30:00+00:00,296.4700012207031,296.6099853515625,296.1549987792969,296.5400085449219,14118
2026-08-14 16:35:00+00:00,296.5350036621094,296.6499938964844,296.2799987792969,296.5199890136719,11283
2026-08-14 16:40:00+00:00,296.4649963378906,296.5899963378906,296.29998779296875,296.29998779296875,6920
2026-08-14 16:45:00+00:00,296.45001220703125,296.6899108886719,296.260009765625,296.6899108886719,32687
2026-08-14 16:50:00+00:00,296.6499938964844,296.6499938964844,296.2300109863281,296.239990234375,30706
2026-08-14 16:55:00+00:00,296.1499938964844,296.3699951171875,295.94000244140625,296.1000061035156,11467
2026-08-14 17:00:00+00:00,296.17999267578125,296.17999267578125,295.8299865722656,295.8299865722656,11141
2026-08-14 17:05:00+00:00,295.79998779296875,296.0299987792969,295.5299987792969,295.5899963378906,12812
2026-08-14 17:10:00+00:00,295.5899963378906,295.9224853515625,295.57000732421875,295.80499267578125,10669
2026-08-14 17:15:00+00:00,295.8299865722656,296.17498779296875,295.70001220703125,295.9800109863281,10295
2026-08-14 17:20:00+00:00,295.9750061035156,295.9750061035156,295.5013122558594,295.6499938964844,28122
2026-08-14 17:25:00+00:00,295.69000244140625,295.8500061035156,295.44000244140625,295.45001220703125,21457
2026-08-14 17:30:00+00:00,295.56500244140625,295.7799987792969,295.3999938964844,295.6650085449219,11270
2026-08-14 17:35:00+00:00,295.5299987792969,295.5299987792969,295.17999267578125,295.2749938964844,7578
2026-08-14 17:40:00+00:00,295.2699890136719,295.3900146484375,294.82000732421875,294.82000732421875,20475
2026-08-14 17:45:00+00:00,294.75,294.92999267578125,294.70001220703125,294.8349914550781,9656
2026-08-14 17:50:00+00:00,294.7200012207031,294.8599853515625,294.7200012207031,294.80499267578125,6354
2026-08-14 17:55:00+00:00,294.8900146484375,295.010009765625,294.69000244140625,294.80499267578125,11073
2026-08-14 18:00:00+00:00,294.81500244140625,295.0899963378906,294.7449951171875,294.9049987792969,10977
2026-08-14 18:05:00+00:00,294.864990234375,295.0335998535156,294.67999267578125,294.864990234375,7359
2026-08-14 18:10:00+00:00,294.885009765625,295.0950012207031,294.80999755859375,294.80999755859375,7009
2026-08-14 18:15:00+00:00,294.80999755859375,295.17999267578125,294.80999755859375,295.0350036621094,10098
2026-08-14 18:20:00+00:00,295.0350036621094,295.0899963378906,294.6199951171875,295.0199890136719,15850
2026-08-14 18:25:00+00:00,295.0400085449219,295.44000244140625,294.9150085449219,295.3550109863281,14160
2026-08-14 18:30:00+00:00,295.3575134277344,295.4599914550781,295.25,295.2950134277344,9689
2026-08-14 18:35:00+00:00,295.2950134277344,295.5,295.2950134277344,295.489990234375,10848
2026-08-14 18:40:00+00:00,295.4621276855469,295.5736083984375,295.4150085449219,295.4150085449219,17538
2026-08-14 18:45:00+00:00,295.4100036621094,295.5799865722656,295.239990234375,295.239990234375,8398
2026-08-14 18:50:00+00:00,295.3599853515625,295.4200134277344,295.260009765625,295.3399963378906,8906
2026-08-14 18:55:00+00:00,295.3500061035156,295.3800048828125,295.1600036621094,295.239990234375,8361
2026-08-14 19:00:00+00:00,295.239990234375,295.2699890136719,295.04998779296875,295.05999755859375,11258
2026-08-14 19:05:00+00:00,295.05999755859375,295.1700134277344,295.010009765625,295.1700134277344,11586
2026-08-14 19:10:00+00:00,295.114990234375,295.2900085449219,295.0299987792969,295.0299987792969,13092
2026-08-14 19:15:00+00:00,295.09991455078125,295.1000061035156,294.8800048828125,294.93499755859375,11639
2026-08-14 19:20:00+00:00,294.9700012207031,295.05999755859375,294.8299865722656,294.9949951171875,9207
2026-08-14 19:25:00+00:00,294.8900146484375,295.0299987792969,294.82000732421875,294.8500061035156,14632
2026-08-14 19:30:00+00:00,294.8924865722656,294.8924865722656,294.3550109863281,294.54998779296875,14196
2026-08-14 19:35:00+00:00,294.4700012207031,294.55999755859375,294.25,294.55999755859375,20369
2026-08-14 19:40:00+00:00,294.5899963378906,294.6000061035156,294.3500061035156,294.42999267578125,15669
2026-08-14 19:45:00+00:00,294.42999267578125,294.42999267578125,293.82000732421875,293.82000732421875,32275
2026-08-14 19:50:00+00:00,293.7099914550781,294.05499267578125,293.5,293.8299865722656,54853
2026-08-14 19:55:00+00:00,293.9599914550781,294.0050048828125,293.1499938964844,293.7799987792969,158343
2026-08-14 20:00:00+00:00,293.68,293.68,293.68,293.68,0
2026-08-14 20:05:00+00:00,293.68,293.75,293.68,293.75,0
2026-08-14 20:10:00+00:00,293.68,294.3,293.68,294.3,0
2026-08-14 20:15:00+00:00,293.68,293.74,293.68,293.74,0
2026-08-14 20:20:00+00:00,293.68,293.68,293.0433,293.0433,0
2026-08-14 20:25:00+00:00,293.65,293.65,293.65,293.65,0
2026-08-14 20:30:00+00:00,293.65,297.16,293.0,297.16,0
2026-08-14 20:45:00+00:00,293.68,293.68,293.68,293.68,0
2026-08-14 20:50:00+00:00,294.1,294.1,294.1,294.1,0
2026-08-14 21:05:00+00:00,294.1,294.1,294.1,294.1,0
2026-08-14 21:10:00+00:00,294.2,294.2,294.2,294.2,0
2026-08-14 21:15:00+00:00,293.68,293.68,293.68,293.68,0
2026-08-14 21:20:00+00:00,293.49,293.49,293.49,293.49,0
2026-08-14 21:30:00+00:00,293.36,293.36,293.36,293.36,0
2026-08-14 21:35:00+00:00,293.99,293.99,293.99,293.99,0
2026-08-14 22:00:00+00:00,293.5,293.5,293.5,293.5,0
2026-08-14 22:10:00+00:00,293.9,293.9,293.9,293.9,0
2026-08-14 22:25:00+00:00,294.1,294.1,294.1,294.1,0
2026-08-14 22:30:00+00:00,294.1,294.1,294.1,294.1,0
2026-08-14 22:35:00+00:00,294.1,294.1,294.1,294.1,0
2026-08-14 22:40:00+00:00,294.1,294.1,294.1,294.1,0
2026-08-14 22:50:00+00:00,293.5233,293.5233,293.5233,293.5233,0
2026-08-14 23:30:00+00:00,293.68,293.68,293.68,293.68,0
2026-08-14 23:35:00+00:00,293.68,293.68,293.68,293.68,0
2026-08-14 23:50:00+00:00,293.68,293.68,293.68,293.68,0
2026-08-17 08:00:00+00:00,293.0012,297.329,293.0,293.0,0
2026-08-17 08:05:00+00:00,293.0,293.02,293.0,293.0,0
2026-08-17 08:10:00+00:00,293.0,293.0,293.0,293.0,0
2026-08-17 08:15:00+00:00,293.0,293.0,293.0,293.0,0
2026-08-17 08:25:00+00:00,292.95,292.95,292.95,292.95,0
2026-08-17 08:35:00+00:00,292.95,292.95,292.95,292.95,0
2026-08-17 08:50:00+00:00,292.86,292.86,292.86,292.86,0
2026-08-17 09:00:00+00:00,294.0,294.2,293.99,294.0,0
2026-08-17 09:05:00+00:00,294.01,294.01,294.0,294.0,0
2026-08-17 09:10:00+00:00,294.0,294.0,294.0,294.0,0
2026-08-17 10:00:00+00:00,294.0,294.25,294.0,294.25,0
2026-08-17 10:15:00+00:00,294.19,294.19,294.19,294.19,0
2026-08-17 10:20:00+00:00,294.0,294.0,294.0,294.0,0
2026-08-17 10:25:00+00:00,294.0,294.0,294.0,294.0,0
2026-08-17 10:30:00+00:00,294.0,294.0,294.0,294.0,0
2026-08-17 10:35:00+00:00,294.0,294.0,294.0,294.0,0
2026-08-17 10:45:00+00:00,294.0,294.0,294.0,294.0,0
2026-08-17 10:50:00+00:00,294.0,294.02,294.0,294.0,0
2026-08-17 10:55:00+00:00,294.0,294.0,293.43,293.43,0
2026-08-17 11:00:00+00:00,293.66,293.66,293.0,293.0,0
2026-08-17 11:05:00+00:00,293.7,293.7,293.7,293.7,0
2026-08-17 11:15:00+00:00,293.51,293.51,293.51,293.51,0
2026-08-17 11:25:00+00:00,293.5,293.5,293.5,293.5,0
2026-08-17 11:40:00+00:00,293.52,293.52,293.52,293.52,0
2026-08-17 11:45:00+00:00,293.52,295.7308,293.5,293.5,0
2026-08-17 11:50:00+00:00,293.55,293.55,293.55,293.55,0
2026-08-17 11:55:00+00:00,293.55,293.55,293.55,293.55,0
2026-08-17 12:10:00+00:00,294.59,295.0,293.71,293.71,0
2026-08-17 12:20:00+00:00,293.7,293.7,293.7,293.7,0
2026-08-17 12:25:00+00:00,293.7,293.7,293.7,293.7,0
2026-08-17 12:30:00+00:00,293.7,293.7,293.7,293.7,0
2026-08-17 12:35:00+00:00,294.0,294.0,294.0,294.0,0
2026-08-17 12:40:00+00:00,293.72,295.94,293.68,293.68,0
2026-08-17 12:45:00+00:00,293.68,293.68,293.68,293.68,0
2026-08-17 12:50:00+00:00,294.88,294.88,294.88,294.88,0
2026-08-17 12:55:00+00:00,296.14,296.14,296.14,296.14,0
2026-08-17 13:00:00+00:00,296.14,296.14,296.14,296.14,0
2026-08-17 13:10:00+00:00,293.68,293.68,293.68,293.68,0
2026-08-17 13:30:00+00:00,295.3500061035156,297.1600036621094,295.2900085449219,295.489990234375,75928
2026-08-17 13:35:00+00:00,296.18499755859375,298.19000244140625,295.8599853515625,298.1700134277344,20898
2026-08-17 13:40:00+00:00,297.9492492675781,299.3399963378906,297.9492492675781,299.3299865722656,18698
2026-08-17 13:45:00+00:00,299.2950134277344,299.29998779296875,298.2550048828125,298.3900146484375,23185
2026-08-17 13:50:00+00:00,298.32501220703125,298.55999755859375,297.8900146484375,298.1499938964844,28954
2026-08-17 13:55:00+00:00,298.1600036621094,299.30999755859375,298.1499938964844,298.8399963378906,33986
2026-08-17 14:00:00+00:00,298.614990234375,299.3699951171875,298.20001220703125,299.2550048828125,29500
2026-08-17 14:05:00+00:00,299.2550048828125,299.760009765625,299.1000061035156,299.2550048828125,22214
2026-08-17 14:10:00+00:00,299.3900146484375,299.45001220703125,299.1400146484375,299.3349914550781,20913
2026-08-17 14:15:00+00:00,299.3349914550781,299.7799987792969,298.9599914550781,299.7699890136719,25719
2026-08-17 14:20:00+00:00,299.7699890136719,300.0,299.6199951171875,299.92999267578125,17670
2026-08-17 14:25:00+00:00,299.95001220703125,299.95001220703125,299.5299987792969,299.7200012207031,11076
2026-08-17 14:30:00+00:00,299.7200012207031,300.1400146484375,299.6700134277344,299.79998779296875,19473
2026-08-17 14:35:00+00:00,299.79998779296875,299.94000244140625,299.3900146484375,299.5,20780
2026-08-17 14:40:00+00:00,299.4100036621094,299.5299987792969,299.1600036621094,299.3699951171875,11214
2026-08-17 14:45:00+00:00,299.2900085449219,299.75,299.1499938964844,299.5400085449219,17494
2026-08-17 14:50:00+00:00,299.28009033203125,299.989990234375,299.28009033203125,299.8175048828125,13473
2026-08-17 14:55:00+00:00,299.82501220703125,300.05999755859375,299.7200012207031,300.05999755859375,30150
2026-08-17 15:00:00+00:00,299.9549865722656,300.5299987792969,299.7300109863281,300.44000244140625,29121
2026-08-17 15:05:00+00:00,300.44500732421875,300.7699890136719,300.239990234375,300.4849853515625,34323
2026-08-17 15:10:00+00:00,300.5799865722656,300.6000061035156,300.3699951171875,300.57000732421875,17951
2026-08-17 15:15:00+00:00,300.57000732421875,301.1199951171875,300.260009765625,301.06500244140625,32207
2026-08-17 15:20:00+00:00,301.06500244140625,301.44000244140625,300.95001220703125,301.31500244140625,61121
2026-08-17 15:25:00+00:00,301.2900085449219,301.2900085449219,300.9750061035156,301.1499938964844,24287
2026-08-17 15:30:00+00:00,301.1000061035156,301.57000732421875,301.06500244140625,301.135009765625,21157
2026-08-17 15:35:00+00:00,301.2099914550781,301.5150146484375,301.0,301.43499755859375,21502
2026-08-17 15:40:00+00:00,301.4800109863281,301.4800109863281,300.7300109863281,301.1400146484375,19955
2026-08-17 15:45:00+00:00,301.17999267578125,301.3500061035156,301.0899963378906,301.2550048828125,15874
2026-08-17 15:50:00+00:00,301.30999755859375,301.3299865722656,300.9800109863281,301.25,20407
2026-08-17 15:55:00+00:00,301.239990234375,301.2449951171875,301.0050048828125,301.1499938964844,15540
2026-08-17 16:00:00+00:00,301.2099914550781,301.42999267578125,301.0950012207031,301.2799987792969,21929
2026-08-17 16:05:00+00:00,301.2099914550781,301.3399963378906,301.0400085449219,301.05999755859375,14744
2026-08-17 16:10:00+00:00,300.9599914550781,301.2300109863281,300.8900146484375,301.1300048828125,10666
2026-08-17 16:15:00+00:00,301.239990234375,301.510009765625,301.19000244140625,301.3299865722656,16903
