date,open,high,low,close,volume
2025-12-22 09:55:00+00:00,8.26,8.26,8.25,8.26,5867.0
2025-12-22 10:00:00+00:00,8.26,8.26,8.26,8.26,1513.0
2025-12-22 10:10:00+00:00,8.27,8.27,8.27,8.27,539.0
2025-12-22 10:20:00+00:00,8.28,8.28,8.27,8.27,2779.0
2025-12-22 10:25:00+00:00,8.28,8.29,8.28,8.29,643.0
2025-12-22 10:30:00+00:00,8.295,8.3,8.295,8.3,2279.0
2025-12-22 10:35:00+00:00,8.29,8.29,8.28,8.29,1367.0
2025-12-22 10:50:00+00:00,8.28,8.28,8.28,8.28,674.0
2025-12-22 10:55:00+00:00,8.28,8.28,8.28,8.28,485.0
2025-12-22 11:00:00+00:00,8.27,8.28,8.27,8.28,952.0
2025-12-22 11:20:00+00:00,8.29,8.3,8.29,8.3,1834.0
2025-12-22 11:25:00+00:00,8.3,8.3,8.3,8.3,885.0
2025-12-22 11:30:00+00:00,8.29,8.3,8.29,8.3,359.0
2025-12-22 11:35:00+00:00,8.3,8.3,8.3,8.3,1260.0
2025-12-22 11:40:00+00:00,8.29,8.29,8.29,8.29,169.0
2025-12-22 11:45:00+00:00,8.29,8.29,8.29,8.29,214.0
2025-12-22 11:50:00+00:00,8.29,8.29,8.29,8.29,1106.0
2025-12-22 11:55:00+00:00,8.29,8.29,8.29,8.29,200.0
2025-12-22 12:00:00+00:00,8.29,8.29,8.28,8.29,9882.0
2025-12-22 12:05:00+00:00,8.29,8.3,8.29,8.3,743.0
2025-12-22 12:10:00+00:00,8.295,8.295,8.295,8.295,150.0
2025-12-22 12:15:00+00:00,8.299,8.31,8.299,8.3,1823.0
2025-12-22 12:20:00+00:00,8.3,8.305,8.3,8.305,1488.0
2025-12-22 12:25:00+00:00,8.3,8.31,8.3,8.305,2722.0
2025-12-22 12:30:00+00:00,8.3,8.31,8.3,8.31,310.0
2025-12-22 12:35:00+00:00,8.3,8.31,8.3,8.31,3280.0
2025-12-22 12:45:00+00:00,8.3,8.3,8.3,8.3,310.0
2025-12-22 12:50:00+00:00,8.31,8.31,8.31,8.31,100.0
2025-12-22 12:55:00+00:00,8.305,8.305,8.28,8.28,7810.0
2025-12-22 13:00:00+00:00,8.29,8.31,8.24,8.28,158110.0
2025-12-22 13:05:00+00:00,8.27,8.28,8.27,8.2788,4028.0
2025-12-22 13:10:00+00:00,8.28,8.28,8.27,8.2797,23052.0
2025-12-22 13:15:00+00:00,8.2799,8.29,8.27,8.29,8399.0
2025-12-22 13:20:00+00:00,8.2801,8.3,8.2801,8.2997,8055.0
2025-12-22 13:25:00+00:00,8.2998,8.3,8.29,8.2997,4221.0
2025-12-22 13:30:00+00:00,8.29,8.3,8.29,8.3,9506.0
2025-12-22 13:35:00+00:00,8.29,8.2999,8.28,8.2898,4652.0
2025-12-22 13:40:00+00:00,8.29,8.2992,8.28,8.28,13358.0
2025-12-22 13:45:00+00:00,8.295,8.3,8.28,8.28,4451.0
2025-12-22 13:50:00+00:00,8.29,8.3,8.2899,8.3,7574.0
2025-12-22 13:55:00+00:00,8.2994,8.3,8.2895,8.3,14380.0
2025-12-22 14:00:00+00:00,8.3,8.31,8.29,8.29,8120.0
2025-12-22 14:05:00+00:00,8.29,8.3,8.29,8.3,5554.0
2025-12-22 14:10:00+00:00,8.2998,8.3,8.29,8.29,10395.0
2025-12-22 14:15:00+00:00,8.3,8.31,8.28,8.3,41508.0
2025-12-22 14:20:00+00:00,8.3,8.31,8.28,8.29,12246.0
2025-12-22 14:25:00+00:00,8.2898,8.29,8.25,8.28,38558.0
2025-12-22 14:30:00+00:00,8.29,8.4362,8.26,8.33,1115251.0
2025-12-22 14:35:00+00:00,8.3299,8.39,8.3,8.335,559699.0
2025-12-22 14:40:00+00:00,8.335,8.45,8.305,8.4373,588681.0
2025-12-22 14:45:00+00:00,8.435,8.48,8.395,8.435,823793.0
2025-12-22 14:50:00+00:00,8.4344,8.57,8.425,8.57,801304.0
2025-12-22 14:55:00+00:00,8.57,8.65,8.56,8.6127,841274.0
2025-12-22 15:00:00+00:00,8.61,8.64,8.48,8.49,901308.0
2025-12-22 15:05:00+00:00,8.495,8.55,8.48,8.54,429901.0
2025-12-22 15:10:00+00:00,8.545,8.5799,8.48,8.5,583753.0
2025-12-22 15:15:00+00:00,8.5011,8.5265,8.48,8.505,309375.0
2025-12-22 15:20:00+00:00,8.5,8.53,8.46,8.5101,399439.0
2025-12-22 15:25:00+00:00,8.51,8.53,8.4844,8.52,206961.0
2025-12-22 15:30:00+00:00,8.515,8.525,8.46,8.475,336708.0
2025-12-22 15:35:00+00:00,8.4745,8.475,8.41,8.44,368614.0
2025-12-22 15:40:00+00:00,8.45,8.5,8.42,8.4851,379042.0
2025-12-22 15:45:00+00:00,8.485,8.4999,8.465,8.485,239795.0
2025-12-22 15:50:00+00:00,8.49,8.52,8.48,8.51,270393.0
2025-12-22 15:55:00+00:00,8.505,8.52,8.4917,8.5097,274764.0
2025-12-22 16:00:00+00:00,8.505,8.52,8.48,8.495,362934.0
2025-12-22 16:05:00+00:00,8.4999,8.53,8.4902,8.5001,254109.0
2025-12-22 16:10:00+00:00,8.5,8.5099,8.48,8.4851,237919.0
2025-12-22 16:15:00+00:00,8.485,8.51,8.475,8.505,290000.0
2025-12-22 16:20:00+00:00,8.51,8.51,8.47,8.49,279820.0
2025-12-22 16:25:00+00:00,8.4836,8.49,8.47,8.47,224955.0
2025-12-22 16:30:00+00:00,8.47,8.48,8.45,8.45,230064.0
2025-12-22 16:35:00+00:00,8.455,8.48,8.45,8.465,139894.0
2025-12-22 16:40:00+00:00,8.465,8.49,8.46,8.47,121346.0
2025-12-22 16:45:00+00:00,8.47,8.5,8.46,8.4876,271989.0
2025-12-22 16:50:00+00:00,8.4861,8.5186,8.48,8.505,309712.0
2025-12-22 16:55:00+00:00,8.5001,8.506,8.46,8.475,286808.0
2025-12-22 17:00:00+00:00,8.4734,8.49,8.44,8.46,341553.0
2025-12-22 17:05:00+00:00,8.4633,8.48,8.45,8.47,156358.0
2025-12-22 17:10:00+00:00,8.465,8.49,8.46,8.485,185634.0
2025-12-22 17:15:00+00:00,8.4814,8.495,8.4637,8.468,241875.0
2025-12-22 17:20:00+00:00,8.4699,8.475,8.4545,8.4657,231155.0
2025-12-22 17:25:00+00:00,8.46,8.47,8.45,8.4611,169965.0
2025-12-22 17:30:00+00:00,8.46,8.4601,8.38,8.385,347242.0
2025-12-22 17:35:00+00:00,8.39,8.42,8.38,8.415,229836.0
2025-12-22 17:40:00+00:00,8.42,8.44,8.4142,8.42,276328.0
2025-12-22 17:45:00+00:00,8.4206,8.45,8.41,8.442,261672.0
2025-12-22 17:50:00+00:00,8.4401,8.47,8.44,8.455,213928.0
2025-12-22 17:55:00+00:00,8.45,8.4664,8.44,8.465,172222.0
2025-12-22 18:00:00+00:00,8.47,8.47,8.445,8.4456,72281.0
2025-12-22 18:05:00+00:00,8.44,8.45,8.4,8.4,184042.0
2025-12-22 18:10:00+00:00,8.4012,8.42,8.4,8.42,210534.0
2025-12-22 18:15:00+00:00,8.415,8.42,8.395,8.4,237337.0
2025-12-22 18:20:00+00:00,8.405,8.41,8.385,8.4099,339113.0
2025-12-22 18:25:00+00:00,8.4084,8.4499,8.4,8.4401,300055.0
2025-12-22 18:30:00+00:00,8.45,8.46,8.405,8.41,250600.0
2025-12-22 18:35:00+00:00,8.405,8.45,8.395,8.445,454320.0
2025-12-22 18:40:00+00:00,8.44,8.44,8.4,8.4,696553.0
2025-12-22 18:45:00+00:00,8.4019,8.44,8.4,8.44,353135.0
2025-12-22 18:50:00+00:00,8.435,8.44,8.42,8.425,246613.0
2025-12-22 18:55:00+00:00,8.425,8.45,8.42,8.44,190700.0
2025-12-22 19:00:00+00:00,8.4355,8.45,8.4,8.415,380605.0
2025-12-22 19:05:00+00:00,8.4135,8.42,8.4,8.41,321917.0
2025-12-22 19:10:00+00:00,8.415,8.4278,8.4,8.4261,321641.0
2025-12-22 19:15:00+00:00,8.4247,8.435,8.42,8.435,151228.0
2025-12-22 19:20:00+00:00,8.44,8.45,8.4244,8.44,358749.0
2025-12-22 19:25:00+00:00,8.45,8.45,8.4,8.438,333949.0
2025-12-22 19:30:00+00:00,8.4375,8.4575,8.4336,8.455,262937.0
2025-12-22 19:35:00+00:00,8.4501,8.47,8.445,8.445,342022.0
2025-12-22 19:40:00+00:00,8.449,8.46,8.42,8.42,276654.0
2025-12-22 19:45:00+00:00,8.425,8.43,8.4,8.425,308781.0
2025-12-22 19:50:00+00:00,8.425,8.44,8.42,8.425,270586.0
2025-12-22 19:55:00+00:00,8.42,8.425,8.41,8.415,196721.0
2025-12-22 20:00:00+00:00,8.41,8.45,8.4,8.44,323027.0
2025-12-22 20:05:00+00:00,8.4314,8.457,8.415,8.435,460412.0
2025-12-22 20:10:00+00:00,8.4336,8.45,8.42,8.4255,292254.0
2025-12-22 20:15:00+00:00,8.425,8.4361,8.41,8.425,588065.0
2025-12-22 20:20:00+00:00,8.42,8.43,8.375,8.395,521933.0
2025-12-22 20:25:00+00:00,8.395,8.4187,8.381,8.405,531601.0
2025-12-22 20:30:00+00:00,8.405,8.4253,8.38,8.415,741097.0
2025-12-22 20:35:00+00:00,8.415,8.43,8.41,8.41,238987.0
2025-12-22 20:40:00+00:00,8.41,8.415,8.385,8.385,331330.0
2025-12-22 20:45:00+00:00,8.385,8.42,8.38,8.4132,439778.0
2025-12-22 20:50:00+00:00,8.42,8.43,8.34,8.355,664108.0
2025-12-22 20:55:00+00:00,8.3546,8.41,8.34,8.405,1150855.0
2025-12-22 21:00:00+00:00,8.4,8.48,8.398,8.45,5579141.0
2025-12-22 21:05:00+00:00,8.45,8.45,8.41,8.42,12758.0
2025-12-22 21:10:00+00:00,8.44,8.46,8.42,8.42,10631.0
2025-12-22 21:15:00+00:00,8.45,8.45,8.42,8.42,22852.0
2025-12-22 21:20:00+00:00,8.43,8.43,8.42,8.43,6417.0
2025-12-22 21:25:00+00:00,8.42,8.43,8.42,8.43,896.0
2025-12-22 21:30:00+00:00,8.43,8.43,8.39,8.39,14105.0
2025-12-22 21:35:00+00:00,8.4,8.4197,8.4,8.4197,3081.0
2025-12-22 21:40:00+00:00,8.41,8.42,8.4,8.42,13314.0
2025-12-22 21:45:00+00:00,8.41,8.44,8.41,8.4199,5012.0
2025-12-22 21:50:00+00:00,8.42,8.4398,8.4,8.4392,7161.0
2025-12-22 21:55:00+00:00,8.44,8.44,8.4,8.43,22734.0
2025-12-22 22:00:00+00:00,8.4385,8.44,8.4005,8.4005,3390.0
2025-12-22 22:05:00+00:00,8.43,8.43,8.43,8.43,560.0
2025-12-22 22:10:00+00:00,8.43,8.43,8.4,8.4,2302.0
2025-12-22 22:15:00+00:00,8.42,8.42,8.41,8.41,523.0
2025-12-22 22:20:00+00:00,8.4,8.41,8.4,8.4,11575.0
2025-12-22 22:25:00+00:00,8.39,8.39,8.39,8.39,318.0
2025-12-22 22:30:00+00:00,8.3901,8.44,8.39,8.4399,8419.0
2025-12-22 22:35:00+00:00,8.42,8.44,8.42,8.44,1960.0
2025-12-22 22:40:00+00:00,8.41,8.43,8.41,8.43,1451.0
2025-12-22 22:45:00+00:00,8.42,8.44,8.42,8.44,1513.0
2025-12-22 22:50:00+00:00,8.41,8.43,8.41,8.42,11394.0
2025-12-22 22:55:00+00:00,8.41,8.4135,8.4,8.4,698.0
2025-12-22 23:00:00+00:00,8.42,8.42,8.42,8.42,572.0
2025-12-22 23:05:00+00:00,8.44,8.44,8.43,8.43,2006.0
2025-12-22 23:10:00+00:00,8.43,8.43,8.4299,8.4299,212.0
2025-12-22 23:15:00+00:00,8.43,8.43,8.41,8.41,1253.0
2025-12-22 23:20:00+00:00,8.4,8.42,8.4,8.42,2382.0
2025-12-22 23:25:00+00:00,8.44,8.44,8.44,8.44,6145.0
2025-12-22 23:30:00+00:00,8.42,8.4223,8.42,8.4222,1414.0
2025-12-22 23:40:00+00:00,8.4201,8.44,8.4201,8.44,583.0
2025-12-22 23:45:00+00:00,8.44,8.44,8.421,8.421,5786.0
2025-12-22 23:50:00+00:00,8.43,8.44,8.4299,8.44,26989.0
2025-12-22 23:55:00+00:00,8.4,8.4,8.4,8.4,511.0
2025-12-23 00:00:00+00:00,8.42,8.42,8.41,8.42,725.0
2025-12-23 00:05:00+00:00,8.4101,8.4101,8.41,8.41,688.0
2025-12-23 00:10:00+00:00,8.42,8.42,8.41,8.41,597.0
2025-12-23 00:15:00+00:00,8.4004,8.4004,8.4004,8.4004,174.0
2025-12-23 00:20:00+00:00,8.41,8.41,8.41,8.41,512.0
2025-12-23 00:25:00+00:00,8.42,8.43,8.42,8.43,3094.0
2025-12-23 00:30:00+00:00,8.42,8.42,8.41,8.41,494.0
2025-12-23 00:35:00+00:00,8.43,8.43,8.42,8.42,977.0
2025-12-23 00:40:00+00:00,8.42,8.42,8.42,8.42,210.0
2025-12-23 00:45:00+00:00,8.42,8.42,8.42,8.42,418.0
2025-12-23 00:50:00+00:00,8.41,8.41,8.4,8.4001,3622.0
2025-12-23 00:55:00+00:00,8.4192,8.4192,8.41,8.41,2248.0
2025-12-23 09:00:00+00:00,8.46,8.465,8.4,8.41,8139.0
2025-12-23 09:05:00+00:00,8.425,8.43,8.425,8.43,200.0
2025-12-23 09:25:00+00:00,8.43,8.43,8.43,8.43,121.0
2025-12-23 09:30:00+00:00,8.45,8.45,8.45,8.45,983.0
2025-12-23 09:40:00+00:00,8.46,8.46,8.46,8.46,108.0
2025-12-23 09:45:00+00:00,8.46,8.46,8.46,8.46,219.0
2025-12-23 10:05:00+00:00,8.46,8.46,8.44,8.44,4338.0
2025-12-23 10:10:00+00:00,8.44,8.45,8.44,8.45,1794.0
2025-12-23 10:25:00+00:00,8.42,8.42,8.42,8.42,574.0
2025-12-23 10:30:00+00:00,8.42,8.45,8.42,8.44,5101.0
2025-12-23 10:45:00+00:00,8.43,8.45,8.43,8.45,2747.0
2025-12-23 10:50:00+00:00,8.45,8.5,8.41,8.43,17369.0
2025-12-23 10:55:00+00:00,8.44,8.44,8.44,8.44,787.0
2025-12-23 11:05:00+00:00,8.45,8.45,8.45,8.45,201.0
2025-12-23 11:10:00+00:00,8.44,8.44,8.44,8.44,176.0
2025-12-23 11:15:00+00:00,8.445,8.445,8.445,8.445,191.0
2025-12-23 11:20:00+00:00,8.43,8.43,8.43,8.43,1115.0
2025-12-23 11:25:00+00:00,8.42,8.42,8.41,8.41,1427.0
2025-12-23 11:35:00+00:00,8.4,8.4,8.4,8.4,5993.0
2025-12-23 11:40:00+00:00,8.42,8.42,8.42,8.42,418.0
2025-12-23 11:45:00+00:00,8.41,8.41,8.4,8.4,494.0
2025-12-23 11:50:00+00:00,8.4,8.4,8.4,8.4,299.0
2025-12-23 12:00:00+00:00,8.41,8.41,8.39,8.39,2267.0
2025-12-23 12:05:00+00:00,8.4,8.41,8.39,8.409,4256.0
2025-12-23 12:10:00+00:00,8.395,8.395,8.39,8.39,703.0
2025-12-23 12:15:00+00:00,8.38,8.38,8.38,8.38,5580.0
2025-12-23 12:20:00+00:00,8.37,8.37,8.355,8.355,5173.0
2025-12-23 12:25:00+00:00,8.35,8.35,8.34,8.34,1561.0
2025-12-23 12:30:00+00:00,8.34,8.34,8.34,8.34,932.0
2025-12-23 12:35:00+00:00,8.34,8.34,8.34,8.34,3792.0
2025-12-23 12:40:00+00:00,8.34,8.34,8.315,8.32,25735.0
2025-12-23 12:45:00+00:00,8.32,8.33,8.32,8.33,3109.0
2025-12-23 12:50:00+00:00,8.321,8.321,8.321,8.321,100.0
2025-12-23 12:55:00+00:00,8.34,8.34,8.34,8.34,1097.0
2025-12-23 13:00:00+00:00,8.41,8.49,8.31,8.3201,133039.0
2025-12-23 13:05:00+00:00,8.3201,8.3232,8.31,8.32,6209.0
2025-12-23 13:10:00+00:00,8.33,8.33,8.31,8.31,7001.0
2025-12-23 13:15:00+00:00,8.31,8.32,8.31,8.31,9919.0
2025-12-23 13:20:00+00:00,8.31,8.31,8.295,8.3003,25187.0
2025-12-23 13:25:00+00:00,8.3002,8.31,8.29,8.31,25884.0
2025-12-23 13:30:00+00:00,8.31,8.32,8.3,8.3,7293.0
2025-12-23 13:35:00+00:00,8.3,8.3,8.22,8.23,34344.0
2025-12-23 13:40:00+00:00,8.2302,8.25,8.23,8.2499,18701.0
2025-12-23 13:45:00+00:00,8.25,8.28,8.24,8.27,23213.0
2025-12-23 13:50:00+00:00,8.26,8.26,8.2503,8.2503,5509.0
2025-12-23 13:55:00+00:00,8.2508,8.26,8.24,8.25,15683.0
2025-12-23 14:00:00+00:00,8.25,8.26,8.25,8.26,8888.0
2025-12-23 14:05:00+00:00,8.26,8.26,8.25,8.25,6222.0
2025-12-23 14:10:00+00:00,8.25,8.29,8.25,8.29,14341.0
2025-12-23 14:15:00+00:00,8.29,8.2952,8.2799,8.28,8939.0
2025-12-23 14:20:00+00:00,8.2702,8.33,8.27,8.31,15901.0
2025-12-23 14:25:00+00:00,8.3,8.3,8.23,8.23,37490.0
2025-12-23 14:30:00+00:00,8.23,8.37,8.15,8.335,885901.0
2025-12-23 14:35:00+00:00,8.34,8.37,8.29,8.36,476958.0
2025-12-23 14:40:00+00:00,8.355,8.37,8.29,8.3036,285158.0
2025-12-23 14:45:00+00:00,8.305,8.36,8.295,8.299,235468.0
2025-12-23 14:50:00+00:00,8.2981,8.34,8.265,8.275,255397.0
2025-12-23 14:55:00+00:00,8.27,8.29,8.21,8.215,325863.0
2025-12-23 15:00:00+00:00,8.215,8.25,8.15,8.17,399771.0
2025-12-23 15:05:00+00:00,8.1651,8.24,8.13,8.235,382932.0
2025-12-23 15:10:00+00:00,8.235,8.26,8.1944,8.225,243456.0
2025-12-23 15:15:00+00:00,8.2281,8.31,8.225,8.305,278896.0
2025-12-23 15:20:00+00:00,8.305,8.3301,8.28,8.295,292780.0
2025-12-23 15:25:00+00:00,8.295,8.31,8.274,8.2986,221708.0
2025-12-23 15:30:00+00:00,8.295,8.3151,8.275,8.295,297472.0
2025-12-23 15:35:00+00:00,8.295,8.3299,8.295,8.3064,296513.0
2025-12-23 15:40:00+00:00,8.305,8.33,8.3,8.315,307372.0
2025-12-23 15:45:00+00:00,8.3101,8.315,8.28,8.29,510343.0
2025-12-23 15:50:00+00:00,8.295,8.295,8.25,8.26,458484.0
2025-12-23 15:55:00+00:00,8.255,8.27,8.25,8.2643,182311.0
2025-12-23 16:00:00+00:00,8.2655,8.27,8.24,8.26,349290.0
2025-12-23 16:05:00+00:00,8.2544,8.2766,8.22,8.2256,238702.0
2025-12-23 16:10:00+00:00,8.225,8.225,8.19,8.205,502215.0
2025-12-23 16:15:00+00:00,8.205,8.25,8.2001,8.2333,559981.0
2025-12-23 16:20:00+00:00,8.2301,8.25,8.21,8.2109,554153.0
2025-12-23 16:25:00+00:00,8.2199,8.2199,8.16,8.175,728233.0
2025-12-23 16:30:00+00:00,8.1788,8.205,8.175,8.195,524572.0
2025-12-23 16:35:00+00:00,8.195,8.2,8.17,8.17,401272.0
2025-12-23 16:40:00+00:00,8.1704,8.2,8.17,8.185,332519.0
2025-12-23 16:45:00+00:00,8.185,8.19,8.17,8.1753,251150.0
2025-12-23 16:50:00+00:00,8.1701,8.2,8.17,8.19,193130.0
2025-12-23 16:55:00+00:00,8.195,8.22,8.19,8.2049,187108.0
2025-12-23 17:00:00+00:00,8.21,8.22,8.195,8.195,304738.0
2025-12-23 17:05:00+00:00,8.195,8.23,8.1944,8.225,281708.0
2025-12-23 17:10:00+00:00,8.225,8.225,8.19,8.2,253346.0
2025-12-23 17:15:00+00:00,8.21,8.21,8.19,8.205,176611.0
2025-12-23 17:20:00+00:00,8.202,8.21,8.19,8.1919,135829.0
2025-12-23 17:25:00+00:00,8.19,8.1964,8.17,8.185,243247.0
2025-12-23 17:30:00+00:00,8.185,8.19,8.18,8.1825,79762.0
2025-12-23 17:35:00+00:00,8.19,8.195,8.1743,8.1899,110060.0
2025-12-23 17:40:00+00:00,8.18,8.196,8.18,8.181,95285.0
2025-12-23 17:45:00+00:00,8.181,8.19,8.17,8.179,101848.0
2025-12-23 17:50:00+00:00,8.1765,8.1784,8.14,8.145,286966.0
2025-12-23 17:55:00+00:00,8.145,8.15,8.12,8.13,201351.0
2025-12-23 18:00:00+00:00,8.13,8.15,8.12,8.145,167803.0
2025-12-23 18:05:00+00:00,8.145,8.15,8.13,8.135,110061.0
2025-12-23 18:10:00+00:00,8.14,8.1571,8.125,8.1443,125959.0
2025-12-23 18:15:00+00:00,8.15,8.165,8.145,8.162,137173.0
2025-12-23 18:20:00+00:00,8.1611,8.17,8.15,8.1532,145703.0
2025-12-23 18:25:00+00:00,8.16,8.1879,8.15,8.175,270161.0
2025-12-23 18:30:00+00:00,8.175,8.19,8.17,8.185,150022.0
2025-12-23 18:35:00+00:00,8.185,8.21,8.17,8.2037,144324.0
2025-12-23 18:40:00+00:00,8.2033,8.2099,8.18,8.2081,229249.0
2025-12-23 18:45:00+00:00,8.21,8.21,8.18,8.185,95820.0
2025-12-23 18:50:00+00:00,8.185,8.19,8.17,8.18,196689.0
2025-12-23 18:55:00+00:00,8.1802,8.1899,8.1601,8.165,194079.0
2025-12-23 19:00:00+00:00,8.17,8.175,8.15,8.16,205770.0
2025-12-23 19:05:00+00:00,8.15,8.17,8.144,8.16,183913.0
2025-12-23 19:10:00+00:00,8.155,8.17,8.15,8.155,125977.0
2025-12-23 19:15:00+00:00,8.155,8.165,8.145,8.15,151816.0
2025-12-23 19:20:00+00:00,8.1499,8.156,8.14,8.15,124113.0
2025-12-23 19:25:00+00:00,8.1573,8.16,8.15,8.155,52113.0
2025-12-23 19:30:00+00:00,8.16,8.18,8.15,8.18,112877.0
2025-12-23 19:35:00+00:00,8.175,8.2,8.1725,8.1725,177224.0
2025-12-23 19:40:00+00:00,8.1782,8.1799,8.16,8.165,133172.0
2025-12-23 19:45:00+00:00,8.16,8.1799,8.145,8.15,306100.0
2025-12-23 19:50:00+00:00,8.15,8.16,8.14,8.155,156177.0
2025-12-23 19:55:00+00:00,8.16,8.18,8.15,8.18,161057.0
2025-12-23 20:00:00+00:00,8.1789,8.195,8.1615,8.175,245202.0
2025-12-23 20:05:00+00:00,8.175,8.19,8.17,8.19,91465.0
2025-12-23 20:10:00+00:00,8.185,8.2156,8.175,8.2101,218123.0
2025-12-23 20:15:00+00:00,8.2101,8.2299,8.2027,8.22,213576.0
2025-12-23 20:20:00+00:00,8.2237,8.23,8.2,8.2,231988.0
2025-12-23 20:25:00+00:00,8.1985,8.1999,8.17,8.1755,269982.0
2025-12-23 20:30:00+00:00,8.1715,8.1899,8.1644,8.175,226800.0
2025-12-23 20:35:00+00:00,8.17,8.1875,8.16,8.165,205640.0
2025-12-23 20:40:00+00:00,8.1691,8.18,8.15,8.165,332442.0
2025-12-23 20:45:00+00:00,8.16,8.195,8.16,8.185,385403.0
2025-12-23 20:50:00+00:00,8.18,8.18,8.11,8.115,637303.0
2025-12-23 20:55:00+00:00,8.115,8.16,8.1,8.16,1183351.0
2025-12-23 21:00:00+00:00,8.159,8.16,8.13,8.13,7724232.0
2025-12-23 21:05:00+00:00,8.13,8.13,8.13,8.13,1513.0
2025-12-23 21:10:00+00:00,8.12,8.14,8.12,8.1316,733.0
2025-12-23 21:15:00+00:00,8.14,8.14,8.13,8.1399,3139.0
2025-12-23 21:20:00+00:00,8.1301,8.14,8.13,8.13,2462.0
2025-12-23 21:25:00+00:00,8.14,8.14,8.13,8.13,5114.0
2025-12-23 21:30:00+00:00,8.14,8.14,8.13,8.14,2660.0
2025-12-23 21:35:00+00:00,8.14,8.14,8.13,8.13,5345.0
2025-12-23 21:40:00+00:00,8.13,8.14,8.13,8.14,1074.0
2025-12-23 21:45:00+00:00,8.1301,8.14,8.13,8.14,1374.0
2025-12-23 21:50:00+00:00,8.14,8.14,8.1397,8.1397,411.0
2025-12-23 21:55:00+00:00,8.13,8.14,8.13,8.14,2502.0
2025-12-23 22:00:00+00:00,8.13,8.13,8.13,8.13,128.0
2025-12-23 22:05:00+00:00,8.1397,8.14,8.1397,8.14,473.0
2025-12-23 22:10:00+00:00,8.14,8.14,8.13,8.14,2347.0
2025-12-23 22:15:00+00:00,8.13,8.1398,8.13,8.1398,390.0
2025-12-23 22:20:00+00:00,8.14,8.14,8.13,8.14,2661013.0
2025-12-23 22:25:00+00:00,8.14,8.14,8.13,8.13,5710.0
2025-12-23 22:30:00+00:00,8.1303,8.14,8.13,8.1302,2282.0
2025-12-23 22:35:00+00:00,8.14,8.14,8.13,8.13,408.0
2025-12-23 22:40:00+00:00,8.14,8.14,8.13,8.1397,2550.0
2025-12-23 22:45:00+00:00,8.14,8.15,8.13,8.14,10455.0
2025-12-23 22:50:00+00:00,8.14,8.14,8.1303,8.14,2136.0
2025-12-23 22:55:00+00:00,8.14,8.14,8.1395,8.14,3784.0
2025-12-23 23:00:00+00:00,8.14,8.14,8.1397,8.1397,336.0
2025-12-23 23:05:00+00:00,8.1398,8.15,8.1303,8.15,19641.0
2025-12-23 23:10:00+00:00,8.15,8.15,8.14,8.1494,7696.0
2025-12-23 23:15:00+00:00,8.15,8.15,8.13,8.13,1472.0
2025-12-23 23:20:00+00:00,8.15,8.15,8.1403,8.1403,799.0
2025-12-23 23:35:00+00:00,8.15,8.15,8.15,8.15,343.0
2025-12-23 23:40:00+00:00,8.1593,8.1593,8.1401,8.1401,538.0
2025-12-23 23:45:00+00:00,8.15,8.15,8.1484,8.15,1560.0
2025-12-23 23:50:00+00:00,8.1484,8.1497,8.1484,8.1497,484.0
2025-12-23 23:55:00+00:00,8.15,8.15,8.15,8.15,1248.0
2025-12-24 00:00:00+00:00,8.16,8.16,8.14,8.1403,3964.0
2025-12-24 00:05:00+00:00,8.14,8.14,8.1309,8.1309,1424.0
2025-12-24 00:10:00+00:00,8.13,8.1301,8.13,8.1301,1350.0
2025-12-24 00:15:00+00:00,8.14,8.14,8.14,8.14,1686.0
2025-12-24 00:20:00+00:00,8.14,8.14,8.13,8.13,796.0
2025-12-24 00:25:00+00:00,8.14,8.14,8.13,8.13,956.0
2025-12-24 00:30:00+00:00,8.13,8.1301,8.13,8.1301,1376.0
2025-12-24 00:35:00+00:00,8.1301,8.1301,8.1301,8.1301,1511.0
2025-12-24 00:40:00+00:00,8.14,8.14,8.13,8.13,607.0
2025-12-24 00:45:00+00:00,8.13,8.15,8.13,8.15,4092.0
2025-12-24 00:50:00+00:00,8.13,8.14,8.13,8.14,402.0
2025-12-24 00:55:00+00:00,8.14,8.14,8.14,8.14,548.0
2025-12-24 09:00:00+00:00,8.15,8.15,8.15,8.15,547.0
2025-12-24 09:05:00+00:00,8.13,8.13,8.13,8.13,1187.0
2025-12-24 09:20:00+00:00,8.13,8.13,8.13,8.13,630.0
2025-12-24 09:25:00+00:00,8.12,8.12,8.11,8.11,1445.0
2025-12-24 09:30:00+00:00,8.11,8.11,8.1,8.1,777.0
2025-12-24 09:35:00+00:00,8.1,8.11,8.1,8.11,943.0
2025-12-24 09:40:00+00:00,8.12,8.12,8.12,8.12,415.0
2025-12-24 09:45:00+00:00,8.12,8.12,8.12,8.12,1217.0
2025-12-24 09:55:00+00:00,8.12,8.14,8.12,8.14,2392.0
2025-12-24 10:00:00+00:00,8.14,8.14,8.14,8.14,168.0
2025-12-24 10:25:00+00:00,8.14,8.14,8.14,8.14,945.0
2025-12-24 10:30:00+00:00,8.13,8.13,8.13,8.13,5733.0
2025-12-24 10:35:00+00:00,8.13,8.13,8.13,8.13,338.0
2025-12-24 10:45:00+00:00,8.14,8.14,8.14,8.14,337.0
2025-12-24 10:50:00+00:00,8.13,8.15,8.13,8.15,2936.0
2025-12-24 10:55:00+00:00,8.16,8.17,8.16,8.17,9522.0
2025-12-24 11:00:00+00:00,8.17,8.17,8.17,8.17,511.0
2025-12-24 11:05:00+00:00,8.17,8.17,8.17,8.17,580.0
2025-12-24 11:10:00+00:00,8.16,8.17,8.16,8.17,904.0
2025-12-24 11:15:00+00:00,8.16,8.16,8.16,8.16,844.0
2025-12-24 11:30:00+00:00,8.15,8.15,8.15,8.15,258.0
2025-12-24 11:40:00+00:00,8.16,8.16,8.16,8.16,461.0
2025-12-24 11:45:00+00:00,8.14,8.14,8.13,8.13,1621.0
2025-12-24 12:00:00+00:00,8.13,8.14,8.13,8.13,1553.0
2025-12-24 12:10:00+00:00,8.14,8.14,8.14,8.14,1308.0
2025-12-24 12:15:00+00:00,8.14,8.18,8.14,8.175,57338.0
2025-12-24 12:25:00+00:00,8.18,8.19,8.16,8.18,15133.0
2025-12-24 12:30:00+00:00,8.18,8.2,8.18,8.2,959.0
2025-12-24 12:35:00+00:00,8.19,8.2,8.19,8.2,3910.0
2025-12-24 12:40:00+00:00,8.2,8.2,8.2,8.2,3560.0
2025-12-24 12:45:00+00:00,8.2,8.21,8.2,8.21,4666.0
2025-12-24 12:50:00+00:00,8.2,8.2,8.2,8.2,380.0
2025-12-24 13:00:00+00:00,8.1398,8.21,8.12,8.19,85501.0
2025-12-24 13:05:00+00:00,8.19,8.19,8.18,8.19,5345.0
2025-12-24 13:10:00+00:00,8.18,8.18,8.18,8.18,2865.0
2025-12-24 13:15:00+00:00,8.175,8.18,8.17,8.1799,16451.0
2025-12-24 13:20:00+00:00,8.18,8.18,8.17,8.17,6205.0
2025-12-24 13:25:00+00:00,8.1784,8.1784,8.1684,8.1684,12244.0
2025-12-24 13:30:00+00:00,8.17,8.18,8.16,8.1745,9616.0
2025-12-24 13:35:00+00:00,8.17,8.18,8.17,8.18,12192.0
2025-12-24 13:40:00+00:00,8.17,8.18,8.17,8.18,5403.0
2025-12-24 13:45:00+00:00,8.18,8.18,8.1784,8.1784,1766.0
2025-12-24 13:50:00+00:00,8.17,8.18,8.17,8.18,7469.0
2025-12-24 13:55:00+00:00,8.18,8.18,8.17,8.1792,5902.0
2025-12-24 14:00:00+00:00,8.17,8.18,8.17,8.17,2523.0
2025-12-24 14:05:00+00:00,8.17,8.18,8.17,8.18,1218.0
2025-12-24 14:10:00+00:00,8.175,8.26,8.17,8.21,262245.0
2025-12-24 14:15:00+00:00,8.21,8.26,8.1992,8.21,49235.0
2025-12-24 14:20:00+00:00,8.22,8.25,8.21,8.24,13910.0
2025-12-24 14:25:00+00:00,8.26,8.28,8.24,8.28,36760.0
2025-12-24 14:30:00+00:00,8.25,8.37,8.211,8.315,800333.0
2025-12-24 14:35:00+00:00,8.315,8.39,8.21,8.22,819672.0
2025-12-24 14:40:00+00:00,8.215,8.31,8.2,8.24,433777.0
2025-12-24 14:45:00+00:00,8.24,8.2633,8.15,8.1938,413908.0
2025-12-24 14:50:00+00:00,8.1974,8.24,8.175,8.19,199040.0
2025-12-24 14:55:00+00:00,8.195,8.2,8.08,8.08,364787.0
2025-12-24 15:00:00+00:00,8.085,8.16,8.07,8.145,334037.0
2025-12-24 15:05:00+00:00,8.1484,8.165,8.115,8.1158,168820.0
2025-12-24 15:10:00+00:00,8.115,8.135,8.09,8.1238,129091.0
2025-12-24 15:15:00+00:00,8.125,8.15,8.1,8.1201,193254.0
2025-12-24 15:20:00+00:00,8.125,8.14,8.09,8.105,147678.0
2025-12-24 15:25:00+00:00,8.11,8.15,8.1,8.15,191069.0
2025-12-24 15:30:00+00:00,8.145,8.175,8.1338,8.1561,152645.0
2025-12-24 15:35:00+00:00,8.155,8.21,8.155,8.1863,270468.0
2025-12-24 15:40:00+00:00,8.185,8.22,8.185,8.195,271047.0
2025-12-24 15:45:00+00:00,8.1997,8.21,8.15,8.1555,197455.0
2025-12-24 15:50:00+00:00,8.1563,8.1799,8.15,8.165,248898.0
2025-12-24 15:55:00+00:00,8.16,8.17,8.14,8.155,294755.0
2025-12-24 16:00:00+00:00,8.1501,8.195,8.14,8.18,177889.0
2025-12-24 16:05:00+00:00,8.1801,8.1862,8.15,8.175,359346.0
2025-12-24 16:10:00+00:00,8.175,8.19,8.16,8.16,184016.0
2025-12-24 16:15:00+00:00,8.1648,8.17,8.14,8.1431,248956.0
2025-12-24 16:20:00+00:00,8.145,8.15,8.12,8.135,229874.0
2025-12-24 16:25:00+00:00,8.135,8.15,8.135,8.1425,139997.0
2025-12-24 16:30:00+00:00,8.145,8.15,8.12,8.135,201462.0
2025-12-24 16:35:00+00:00,8.1336,8.155,8.1301,8.145,103279.0
2025-12-24 16:40:00+00:00,8.15,8.17,8.145,8.1479,137183.0
2025-12-24 16:45:00+00:00,8.14,8.15,8.135,8.15,79086.0
2025-12-24 16:50:00+00:00,8.1444,8.1462,8.11,8.135,260689.0
2025-12-24 16:55:00+00:00,8.135,8.1454,8.13,8.135,150049.0
2025-12-24 17:00:00+00:00,8.14,8.17,8.14,8.1641,129471.0
2025-12-24 17:05:00+00:00,8.1656,8.18,8.15,8.155,189162.0
2025-12-24 17:10:00+00:00,8.16,8.1699,8.13,8.1451,368618.0
2025-12-24 17:15:00+00:00,8.1406,8.155,8.13,8.145,590022.0
2025-12-24 17:20:00+00:00,8.145,8.16,8.14,8.1427,154722.0
2025-12-24 17:25:00+00:00,8.145,8.15,8.14,8.145,66941.0
2025-12-24 17:30:00+00:00,8.149,8.17,8.149,8.167,127702.0
2025-12-24 17:35:00+00:00,8.1653,8.18,8.16,8.165,280281.0
2025-12-24 17:40:00+00:00,8.165,8.18,8.15,8.155,350522.0
2025-12-24 17:45:00+00:00,8.155,8.165,8.14,8.155,313755.0
2025-12-24 17:50:00+00:00,8.155,8.16,8.13,8.14,341808.0
2025-12-24 17:55:00+00:00,8.14,8.15,8.12,8.145,532415.0
2025-12-24 18:00:00+00:00,8.15,8.16,8.12,8.12,595606.0
2025-12-24 18:05:00+00:00,8.1496,8.1499,8.13,8.13,2244.0
2025-12-24 18:10:00+00:00,8.14,8.15,8.14,8.14,1099.0
2025-12-24 18:15:00+00:00,8.15,8.15,8.14,8.1489,2369.0
2025-12-24 18:20:00+00:00,8.14,8.1479,8.14,8.1479,364.0
2025-12-24 18:25:00+00:00,8.14,8.1479,8.13,8.13,4461.0
2025-12-24 18:30:00+00:00,8.1454,8.1454,8.1284,8.1284,1019.0
2025-12-24 18:35:00+00:00,8.12,8.12,8.1198,8.1198,4913.0
2025-12-24 18:40:00+00:00,8.12,8.12,8.11,8.12,9966.0
2025-12-24 18:45:00+00:00,8.12,8.12,8.11,8.11,3915.0
2025-12-24 18:50:00+00:00,8.12,8.14,8.11,8.14,3846.0
2025-12-24 18:55:00+00:00,8.14,8.14,8.12,8.12,4044.0
2025-12-24 19:00:00+00:00,8.14,8.14,8.11,8.11,12105.0
2025-12-24 19:05:00+00:00,8.11,8.11,8.11,8.11,326.0
2025-12-24 19:10:00+00:00,8.11,8.11,8.11,8.11,155.0
2025-12-24 19:15:00+00:00,8.12,8.14,8.11,8.1399,2299.0
2025-12-24 19:25:00+00:00,8.12,8.14,8.12,8.14,242.0
2025-12-24 19:30:00+00:00,8.14,8.14,8.14,8.14,324.0
2025-12-24 19:35:00+00:00,8.14,8.14,8.11,8.11,2370.0
2025-12-24 19:40:00+00:00,8.12,8.14,8.1148,8.1148,8981.0
2025-12-24 19:45:00+00:00,8.13,8.13,8.11,8.1101,3453.0
2025-12-24 19:50:00+00:00,8.11,8.12,8.11,8.1199,1009.0
2025-12-24 20:00:00+00:00,8.1197,8.1197,8.1197,8.1197,205.0
2025-12-24 20:05:00+00:00,8.12,8.12,8.1101,8.1101,1856.0
2025-12-24 20:10:00+00:00,8.12,8.12,8.11,8.11,987.0
2025-12-24 20:15:00+00:00,8.11,8.12,8.11,8.12,300.0
2025-12-24 20:20:00+00:00,8.12,8.12,8.12,8.12,862.0
2025-12-24 20:25:00+00:00,8.13,8.13,8.1284,8.1284,522.0
2025-12-24 20:30:00+00:00,8.13,8.13,8.11,8.13,1296.0
2025-12-24 20:35:00+00:00,8.13,8.14,8.13,8.14,1339.0
2025-12-24 20:40:00+00:00,8.11,8.14,8.11,8.14,956.0
2025-12-24 20:45:00+00:00,8.14,8.1456,8.14,8.1456,826.0
2025-12-24 20:50:00+00:00,8.14,8.14,8.11,8.11,384.0
2025-12-24 20:55:00+00:00,8.1499,8.1499,8.14,8.14,744.0
2025-12-24 21:00:00+00:00,8.15,8.15,8.15,8.15,1890.0
2025-12-24 21:05:00+00:00,8.15,8.15,8.15,8.15,1505.0
2025-12-24 21:10:00+00:00,8.12,8.12,8.12,8.12,256.0
2025-12-24 21:15:00+00:00,8.13,8.13,8.13,8.13,500.0
2025-12-24 21:20:00+00:00,8.13,8.13,8.13,8.13,2085.0
2025-12-24 21:30:00+00:00,8.12,8.12,8.12,8.12,200.0
2025-12-24 21:40:00+00:00,8.14,8.15,8.14,8.15,17110.0
2025-12-24 21:45:00+00:00,8.14,8.15,8.14,8.14,2098.0
2025-12-24 21:50:00+00:00,8.14,8.15,8.14,8.14,1566.0
2025-12-26 09:00:00+00:00,8.14,8.14,8.12,8.12,1128.0
2025-12-26 09:05:00+00:00,8.14,8.14,8.14,8.14,251.0
2025-12-26 09:25:00+00:00,8.13,8.13,8.12,8.12,519.0
2025-12-26 09:50:00+00:00,8.12,8.12,8.12,8.12,1723.0
2025-12-26 09:55:00+00:00,8.11,8.12,8.1,8.11,2619.0
2025-12-26 10:00:00+00:00,8.1,8.12,8.1,8.12,1649.0
2025-12-26 10:05:00+00:00,8.1,8.11,8.1,8.11,2512.0
2025-12-26 10:10:00+00:00,8.1,8.1,8.1,8.1,485.0
2025-12-26 10:15:00+00:00,8.11,8.12,8.11,8.12,673.0
2025-12-26 10:20:00+00:00,8.12,8.12,8.11,8.12,721.0
2025-12-26 10:45:00+00:00,8.11,8.11,8.11,8.11,193.0
2025-12-26 10:55:00+00:00,8.11,8.11,8.1,8.11,1903.0
2025-12-26 11:25:00+00:00,8.11,8.11,8.1,8.1,460.0
2025-12-26 11:35:00+00:00,8.1,8.1,8.1,8.1,1701.0
2025-12-26 11:40:00+00:00,8.09,8.09,8.09,8.09,775.0
2025-12-26 11:50:00+00:00,8.09,8.09,8.09,8.09,249.0
2025-12-26 11:55:00+00:00,8.1,8.11,8.1,8.11,680.0
2025-12-26 12:00:00+00:00,8.1,8.11,8.09,8.09,14837.0
2025-12-26 12:05:00+00:00,8.09,8.09,8.09,8.09,1171.0
2025-12-26 12:15:00+00:00,8.1,8.1,8.1,8.1,3304.0
2025-12-26 12:20:00+00:00,8.11,8.11,8.11,8.11,101.0
2025-12-26 12:25:00+00:00,8.11,8.11,8.11,8.11,2210.0
2025-12-26 13:00:00+00:00,8.0998,8.16,8.09,8.11,54231.0
2025-12-26 13:05:00+00:00,8.11,8.11,8.1,8.1,18959.0
2025-12-26 13:10:00+00:00,8.1,8.1,8.1,8.1,5106.0
2025-12-26 13:15:00+00:00,8.091,8.1,8.09,8.09,5334.0
2025-12-26 13:20:00+00:00,8.09,8.11,8.09,8.1001,5313.0
2025-12-26 13:25:00+00:00,8.1,8.11,8.1,8.1099,7299.0
2025-12-26 13:30:00+00:00,8.11,8.1113,8.11,8.11,6733.0
2025-12-26 13:35:00+00:00,8.11,8.1184,8.11,8.11,13163.0
2025-12-26 13:40:00+00:00,8.11,8.11,8.1,8.1,15173.0
2025-12-26 13:45:00+00:00,8.11,8.11,8.1005,8.1005,3297.0
2025-12-26 13:50:00+00:00,8.11,8.11,8.0995,8.0995,8191.0
2025-12-26 13:55:00+00:00,8.1,8.11,8.1,8.11,5616.0
2025-12-26 14:00:00+00:00,8.1011,8.11,8.09,8.09,7179.0
2025-12-26 14:05:00+00:00,8.09,8.1,8.09,8.09,10135.0
2025-12-26 14:10:00+00:00,8.09,8.11,8.09,8.1,6768.0
2025-12-26 14:15:00+00:00,8.09,8.1,8.09,8.1,6485.0
2025-12-26 14:20:00+00:00,8.1,8.12,8.0999,8.12,25731.0
2025-12-26 14:25:00+00:00,8.12,8.15,8.11,8.145,26855.0
2025-12-26 14:30:00+00:00,8.13,8.14,7.975,8.02,891526.0
2025-12-26 14:35:00+00:00,8.02,8.07,7.96,8.015,429353.0
2025-12-26 14:40:00+00:00,8.015,8.0186,7.93,7.985,329171.0
2025-12-26 14:45:00+00:00,7.985,8.01,7.945,8.0,405149.0
2025-12-26 14:50:00+00:00,8.005,8.02,7.99,8.0,410049.0
2025-12-26 14:55:00+00:00,7.995,8.02,7.92,7.965,289493.0
2025-12-26 15:00:00+00:00,7.965,7.965,7.9201,7.944,259218.0
2025-12-26 15:05:00+00:00,7.9444,7.965,7.92,7.945,371422.0
2025-12-26 15:10:00+00:00,7.945,7.95,7.9,7.904,391268.0
2025-12-26 15:15:00+00:00,7.905,7.95,7.88,7.925,455555.0
2025-12-26 15:20:00+00:00,7.93,7.94,7.9,7.93,300745.0
2025-12-26 15:25:00+00:00,7.925,7.96,7.92,7.9499,177813.0
2025-12-26 15:30:00+00:00,7.945,7.97,7.93,7.9565,229404.0
2025-12-26 15:35:00+00:00,7.9545,7.96,7.93,7.935,180266.0
2025-12-26 15:40:00+00:00,7.935,7.95,7.93,7.94,160078.0
2025-12-26 15:45:00+00:00,7.935,7.9699,7.935,7.965,189903.0
2025-12-26 15:50:00+00:00,7.96,7.97,7.93,7.95,220871.0
2025-12-26 15:55:00+00:00,7.945,7.97,7.94,7.965,128182.0
2025-12-26 16:00:00+00:00,7.965,7.99,7.96,7.97,316374.0
2025-12-26 16:05:00+00:00,7.975,7.985,7.96,7.985,147165.0
2025-12-26 16:10:00+00:00,7.985,7.99,7.97,7.9701,104130.0
2025-12-26 16:15:00+00:00,7.975,7.99,7.95,7.9651,197013.0
2025-12-26 16:20:00+00:00,7.965,7.9999,7.96,7.985,185559.0
2025-12-26 16:25:00+00:00,7.98,7.9899,7.955,7.965,260792.0
2025-12-26 16:30:00+00:00,7.965,7.97,7.95,7.965,112850.0
2025-12-26 16:35:00+00:00,7.9699,7.98,7.95,7.97,185750.0
2025-12-26 16:40:00+00:00,7.975,7.99,7.97,7.9758,124083.0
2025-12-26 16:45:00+00:00,7.9744,7.98,7.95,7.955,201143.0
2025-12-26 16:50:00+00:00,7.96,7.9677,7.95,7.95,250459.0
2025-12-26 16:55:00+00:00,7.955,7.96,7.9301,7.94,168897.0
2025-12-26 17:00:00+00:00,7.9399,7.96,7.935,7.955,129565.0
2025-12-26 17:05:00+00:00,7.95,7.96,7.95,7.96,93869.0
2025-12-26 17:10:00+00:00,7.96,7.96,7.94,7.95,141406.0
2025-12-26 17:15:00+00:00,7.955,7.96,7.95,7.9558,93065.0
2025-12-26 17:20:00+00:00,7.9553,7.96,7.935,7.94,108807.0
2025-12-26 17:25:00+00:00,7.94,7.99,7.9344,7.9832,356714.0
2025-12-26 17:30:00+00:00,7.985,7.99,7.98,7.9807,137717.0
2025-12-26 17:35:00+00:00,7.985,7.99,7.964,7.964,116999.0
2025-12-26 17:40:00+00:00,7.964,7.97,7.96,7.965,50757.0
2025-12-26 17:45:00+00:00,7.97,7.98,7.964,7.965,146288.0
2025-12-26 17:50:00+00:00,7.9657,7.97,7.96,7.9672,40130.0
2025-12-26 17:55:00+00:00,7.96,7.97,7.96,7.97,40824.0
2025-12-26 18:00:00+00:00,7.965,7.97,7.955,7.965,149061.0
2025-12-26 18:05:00+00:00,7.9601,7.97,7.95,7.965,99191.0
2025-12-26 18:10:00+00:00,7.968,7.99,7.968,7.98,126008.0
2025-12-26 18:15:00+00:00,7.975,7.99,7.975,7.9862,69038.0
2025-12-26 18:20:00+00:00,7.99,7.995,7.98,7.9898,92126.0
2025-12-26 18:25:00+00:00,7.9897,8.0,7.98,7.9856,115173.0
2025-12-26 18:30:00+00:00,7.985,7.99,7.965,7.965,196119.0
2025-12-26 18:35:00+00:00,7.96,7.97,7.95,7.955,123025.0
2025-12-26 18:40:00+00:00,7.96,7.97,7.95,7.955,132581.0
2025-12-26 18:45:00+00:00,7.954,7.965,7.95,7.955,147735.0
2025-12-26 18:50:00+00:00,7.955,7.96,7.94,7.945,87782.0
2025-12-26 18:55:00+00:00,7.95,7.95,7.94,7.95,64237.0
2025-12-26 19:00:00+00:00,7.95,7.95,7.93,7.935,119911.0
2025-12-26 19:05:00+00:00,7.935,7.94,7.92,7.935,101171.0
2025-12-26 19:10:00+00:00,7.935,7.94,7.93,7.935,57633.0
2025-12-26 19:15:00+00:00,7.935,7.9499,7.93,7.935,133612.0
2025-12-26 19:20:00+00:00,7.9399,7.95,7.93,7.935,105049.0
2025-12-26 19:25:00+00:00,7.935,7.94,7.92,7.925,151847.0
2025-12-26 19:30:00+00:00,7.925,7.9386,7.91,7.9324,128547.0
2025-12-26 19:35:00+00:00,7.935,7.95,7.93,7.944,96143.0
2025-12-26 19:40:00+00:00,7.95,7.95,7.94,7.95,67736.0
2025-12-26 19:45:00+00:00,7.9445,7.96,7.94,7.945,116343.0
2025-12-26 19:50:00+00:00,7.95,7.95,7.92,7.9273,176687.0
2025-12-26 19:55:00+00:00,7.93,7.93,7.91,7.91,197512.0
2025-12-26 20:00:00+00:00,7.915,7.93,7.91,7.9293,134230.0
2025-12-26 20:05:00+00:00,7.924,7.93,7.92,7.925,70032.0
2025-12-26 20:10:00+00:00,7.925,7.9386,7.92,7.925,107728.0
2025-12-26 20:15:00+00:00,7.925,7.925,7.88,7.905,334176.0
2025-12-26 20:20:00+00:00,7.905,7.91,7.9,7.905,79453.0
2025-12-26 20:25:00+00:00,7.9,7.91,7.9,7.906,128407.0
2025-12-26 20:30:00+00:00,7.905,7.9299,7.9,7.915,218512.0
2025-12-26 20:35:00+00:00,7.92,7.93,7.91,7.93,222978.0
2025-12-26 20:40:00+00:00,7.9299,7.935,7.91,7.915,183129.0
2025-12-26 20:45:00+00:00,7.91,7.92,7.89,7.9,154983.0
2025-12-26 20:50:00+00:00,7.9,7.9,7.87,7.875,536018.0
2025-12-26 20:55:00+00:00,7.875,7.9,7.865,7.88,1351118.0
2025-12-26 21:00:00+00:00,7.88,7.93,7.86,7.91,822574.0
2025-12-26 21:05:00+00:00,7.91,7.93,7.89,7.9,4438.0
2025-12-26 21:10:00+00:00,7.9,7.9102,7.9,7.9,8447.0
2025-12-26 21:15:00+00:00,7.91,7.91,7.9,7.9,2114.0
2025-12-26 21:20:00+00:00,7.91,7.91,7.89,7.9,14277.0
2025-12-26 21:25:00+00:00,7.92,7.92,7.9101,7.9101,3089.0
2025-12-26 21:30:00+00:00,7.91,7.91,7.9,7.9,26607.0
2025-12-26 21:35:00+00:00,7.9,7.91,7.9,7.91,2479.0
2025-12-26 21:40:00+00:00,7.9097,7.91,7.9,7.91,3279.0
2025-12-26 21:45:00+00:00,7.91,7.91,7.91,7.91,925.0
2025-12-26 21:50:00+00:00,7.9,7.91,7.9,7.91,4612.0
2025-12-26 21:55:00+00:00,7.9098,7.91,7.9003,7.9003,3206.0
2025-12-26 22:00:00+00:00,7.9,7.92,7.9,7.9,1989.0
2025-12-26 22:05:00+00:00,7.9,7.91,7.9,7.91,2639.0
2025-12-26 22:10:00+00:00,7.91,7.91,7.9,7.91,11602.0
2025-12-26 22:15:00+00:00,7.91,7.92,7.9,7.92,3680.0
2025-12-26 22:20:00+00:00,7.92,7.92,7.92,7.92,226.0
2025-12-26 22:25:00+00:00,7.92,7.92,7.91,7.91,6053.0
2025-12-26 22:30:00+00:00,7.9,7.9097,7.9,7.9,1133.0
2025-12-26 22:35:00+00:00,7.9,7.91,7.9,7.91,1942.0
2025-12-26 22:40:00+00:00,7.91,7.91,7.9,7.91,2505.0
2025-12-26 22:45:00+00:00,7.91,7.91,7.9,7.9001,1387.0
2025-12-26 22:50:00+00:00,7.9,7.9001,7.89,7.9,5820.0
2025-12-26 22:55:00+00:00,7.89,7.8903,7.89,7.8903,8618.0
2025-12-26 23:00:00+00:00,7.89,7.9,7.89,7.9,409.0
2025-12-26 23:05:00+00:00,7.89,7.9,7.89,7.9,1290.0
2025-12-26 23:10:00+00:00,7.9,7.9,7.89,7.9,9805.0
2025-12-26 23:15:00+00:00,7.89,7.9,7.89,7.8998,8382.0
2025-12-26 23:20:00+00:00,7.8998,7.9,7.8901,7.8901,627.0
2025-12-26 23:30:00+00:00,7.89,7.9,7.89,7.9,1726.0
2025-12-26 23:35:00+00:00,7.9,7.9,7.9,7.9,1521.0
2025-12-26 23:40:00+00:00,7.9,7.9,7.89,7.89,3280.0
2025-12-26 23:45:00+00:00,7.89,7.9,7.89,7.89,685.0
2025-12-26 23:50:00+00:00,7.89,7.89,7.89,7.89,152.0
2025-12-26 23:55:00+00:00,7.89,7.89,7.89,7.89,513.0
2025-12-27 00:00:00+00:00,7.9,7.9,7.9,7.9,366.0
2025-12-27 00:05:00+00:00,7.9,7.9,7.89,7.89,1845.0
2025-12-27 00:10:00+00:00,7.89,7.89,7.89,7.89,154.0
2025-12-27 00:15:00+00:00,7.8997,7.9,7.8997,7.9,1215.0
2025-12-27 00:20:00+00:00,7.89,7.8901,7.89,7.8901,1186.0
2025-12-27 00:25:00+00:00,7.9,7.9,7.89,7.89,2206.0
2025-12-27 00:30:00+00:00,7.9,7.9,7.8902,7.8902,574.0
2025-12-27 00:35:00+00:00,7.8998,7.9,7.8998,7.9,455.0
2025-12-27 00:40:00+00:00,7.89,7.89,7.89,7.89,635.0
2025-12-27 00:45:00+00:00,7.8999,7.8999,7.88,7.88,939.0
2025-12-27 00:50:00+00:00,7.89,7.89,7.87,7.88,11471.0
2025-12-27 00:55:00+00:00,7.87,7.89,7.87,7.8801,6845.0
2025-12-29 09:00:00+00:00,7.84,7.88,7.84,7.85,5990.0
2025-12-29 09:05:00+00:00,7.85,7.85,7.85,7.85,917.0
2025-12-29 09:10:00+00:00,7.85,7.86,7.85,7.86,3000.0
2025-12-29 09:15:00+00:00,7.86,7.87,7.85,7.85,5498.0
2025-12-29 09:20:00+00:00,7.86,7.86,7.85,7.85,3879.0
2025-12-29 09:25:00+00:00,7.85,7.85,7.85,7.85,100.0
2025-12-29 09:30:00+00:00,7.86,7.86,7.86,7.86,678.0
2025-12-29 09:35:00+00:00,7.86,7.86,7.86,7.86,558.0
2025-12-29 09:40:00+00:00,7.85,7.86,7.85,7.85,2868.0
2025-12-29 09:45:00+00:00,7.84,7.84,7.83,7.83,1562.0
2025-12-29 09:50:00+00:00,7.83,7.85,7.83,7.85,1819.0
2025-12-29 09:55:00+00:00,7.84,7.85,7.84,7.84,3387.0
2025-12-29 10:00:00+00:00,7.85,7.85,7.85,7.85,1701.0
2025-12-29 10:05:00+00:00,7.845,7.85,7.84,7.85,1722.0
2025-12-29 10:10:00+00:00,7.85,7.85,7.85,7.85,386.0
2025-12-29 10:15:00+00:00,7.84,7.84,7.84,7.84,1788.0
2025-12-29 10:25:00+00:00,7.83,7.83,7.83,7.83,607.0
2025-12-29 10:35:00+00:00,7.83,7.83,7.79,7.805,13454.0
2025-12-29 10:40:00+00:00,7.815,7.815,7.81,7.81,1167.0
2025-12-29 11:00:00+00:00,7.8,7.8,7.8,7.8,852.0
2025-12-29 11:05:00+00:00,7.81,7.81,7.81,7.81,1244.0
2025-12-29 11:15:00+00:00,7.815,7.82,7.81,7.81,2695.0
2025-12-29 11:20:00+00:00,7.8,7.8,7.8,7.8,966.0
2025-12-29 11:25:00+00:00,7.79,7.8,7.79,7.8,594.0
2025-12-29 11:35:00+00:00,7.795,7.795,7.795,7.795,270.0
2025-12-29 11:40:00+00:00,7.78,7.79,7.78,7.78,5346.0
2025-12-29 11:45:00+00:00,7.775,7.775,7.775,7.775,354.0
2025-12-29 11:50:00+00:00,7.77,7.77,7.77,7.77,1301.0
2025-12-29 11:55:00+00:00,7.77,7.77,7.77,7.77,3854.0
2025-12-29 12:00:00+00:00,7.78,7.805,7.78,7.805,12948.0
2025-12-29 12:05:00+00:00,7.8,7.8,7.79,7.79,12200.0
2025-12-29 12:10:00+00:00,7.78,7.78,7.78,7.78,2254.0
2025-12-29 12:20:00+00:00,7.775,7.775,7.775,7.775,200.0
2025-12-29 12:25:00+00:00,7.775,7.775,7.75,7.77,10696.0
2025-12-29 12:30:00+00:00,7.76,7.76,7.75,7.75,1163.0
2025-12-29 12:35:00+00:00,7.76,7.77,7.76,7.77,2990.0
2025-12-29 12:40:00+00:00,7.76,7.76,7.76,7.76,1271.0
2025-12-29 12:45:00+00:00,7.755,7.76,7.75,7.76,1342.0
2025-12-29 12:50:00+00:00,7.76,7.76,7.76,7.76,900.0
2025-12-29 12:55:00+00:00,7.769,7.769,7.769,7.769,300.0
2025-12-29 13:00:00+00:00,7.8,7.88,7.75,7.7784,195219.0
2025-12-29 13:05:00+00:00,7.77,7.7702,7.77,7.77,1167.0
2025-12-29 13:10:00+00:00,7.7789,7.78,7.77,7.77,3307.0
2025-12-29 13:15:00+00:00,7.7798,7.78,7.77,7.779,2477.0
2025-12-29 13:20:00+00:00,7.77,7.78,7.76,7.77,16801.0
2025-12-29 13:25:00+00:00,7.761,7.78,7.76,7.77,13926.0
2025-12-29 13:30:00+00:00,7.7601,7.7695,7.755,7.76,11548.0
2025-12-29 13:35:00+00:00,7.76,7.77,7.76,7.76,11848.0
2025-12-29 13:40:00+00:00,7.76,7.77,7.76,7.7698,4411.0
2025-12-29 13:45:00+00:00,7.76,7.77,7.75,7.75,21152.0
2025-12-29 13:50:00+00:00,7.7584,7.7584,7.73,7.74,29801.0
2025-12-29 13:55:00+00:00,7.7303,7.75,7.7303,7.7403,15520.0
2025-12-29 14:00:00+00:00,7.74,7.75,7.73,7.74,23628.0
2025-12-29 14:05:00+00:00,7.7301,7.74,7.72,7.7303,14392.0
2025-12-29 14:10:00+00:00,7.73,7.74,7.72,7.72,24152.0
2025-12-29 14:15:00+00:00,7.725,7.73,7.7,7.7,49723.0
2025-12-29 14:20:00+00:00,7.71,7.73,7.71,7.715,60569.0
2025-12-29 14:25:00+00:00,7.72,7.77,7.71,7.75,57700.0
2025-12-29 14:30:00+00:00,7.73,7.92,7.71,7.91,1121207.0
2025-12-29 14:35:00+00:00,7.915,7.97,7.87,7.895,505838.0
2025-12-29 14:40:00+00:00,7.89,7.97,7.86,7.9632,286646.0
2025-12-29 14:45:00+00:00,7.96,7.97,7.86,7.88,231564.0
2025-12-29 14:50:00+00:00,7.875,7.92,7.8557,7.8557,191297.0
2025-12-29 14:55:00+00:00,7.85,7.8795,7.83,7.835,315858.0
2025-12-29 15:00:00+00:00,7.835,7.835,7.8,7.8,154289.0
2025-12-29 15:05:00+00:00,7.8014,7.83,7.79,7.8193,184233.0
2025-12-29 15:10:00+00:00,7.815,7.82,7.8,7.81,117017.0
2025-12-29 15:15:00+00:00,7.815,7.83,7.79,7.795,232507.0
2025-12-29 15:20:00+00:00,7.7944,7.82,7.79,7.82,176381.0
2025-12-29 15:25:00+00:00,7.82,7.82,7.795,7.8,176257.0
2025-12-29 15:30:00+00:00,7.8,7.8,7.77,7.798,200696.0
2025-12-29 15:35:00+00:00,7.795,7.8,7.75,7.765,188502.0
2025-12-29 15:40:00+00:00,7.765,7.78,7.75,7.78,207981.0
2025-12-29 15:45:00+00:00,7.7766,7.78,7.74,7.74,192646.0
2025-12-29 15:50:00+00:00,7.74,7.76,7.74,7.7411,174278.0
2025-12-29 15:55:00+00:00,7.745,7.76,7.74,7.745,122076.0
2025-12-29 16:00:00+00:00,7.7485,7.76,7.73,7.735,273997.0
2025-12-29 16:05:00+00:00,7.7318,7.75,7.73,7.75,126680.0
2025-12-29 16:10:00+00:00,7.745,7.75,7.73,7.74,240436.0
2025-12-29 16:15:00+00:00,7.7444,7.76,7.74,7.755,82283.0
2025-12-29 16:20:00+00:00,7.755,7.7699,7.7425,7.7501,116489.0
2025-12-29 16:25:00+00:00,7.7523,7.7599,7.73,7.7472,114695.0
2025-12-29 16:30:00+00:00,7.7451,7.77,7.74,7.755,141617.0
2025-12-29 16:35:00+00:00,7.7598,7.77,7.75,7.76,67303.0
2025-12-29 16:40:00+00:00,7.765,7.78,7.76,7.772,131710.0
2025-12-29 16:45:00+00:00,7.7729,7.795,7.77,7.7925,106489.0
2025-12-29 16:50:00+00:00,7.7961,7.797,7.77,7.77,115592.0
2025-12-29 16:55:00+00:00,7.78,7.78,7.77,7.78,93495.0
2025-12-29 17:00:00+00:00,7.775,7.78,7.75,7.7591,277845.0
2025-12-29 17:05:00+00:00,7.76,7.776,7.75,7.77,181003.0
2025-12-29 17:10:00+00:00,7.765,7.77,7.75,7.76,157452.0
2025-12-29 17:15:00+00:00,7.7551,7.76,7.74,7.755,165654.0
2025-12-29 17:20:00+00:00,7.755,7.76,7.74,7.75,187550.0
2025-12-29 17:25:00+00:00,7.75,7.75,7.73,7.738,164242.0
2025-12-29 17:30:00+00:00,7.735,7.74,7.73,7.735,69074.0
2025-12-29 17:35:00+00:00,7.735,7.74,7.72,7.7266,136620.0
2025-12-29 17:40:00+00:00,7.72,7.73,7.72,7.72,61980.0
2025-12-29 17:45:00+00:00,7.725,7.74,7.72,7.74,77439.0
2025-12-29 17:50:00+00:00,7.735,7.75,7.73,7.74,71831.0
2025-12-29 17:55:00+00:00,7.745,7.75,7.73,7.745,150851.0
2025-12-29 18:00:00+00:00,7.745,7.7485,7.71,7.715,120150.0
2025-12-29 18:05:00+00:00,7.71,7.72,7.7,7.715,190931.0
2025-12-29 18:10:00+00:00,7.715,7.725,7.7,7.705,162316.0
2025-12-29 18:15:00+00:00,7.705,7.73,7.7,7.725,174446.0
2025-12-29 18:20:00+00:00,7.7242,7.74,7.71,7.735,219140.0
2025-12-29 18:25:00+00:00,7.7344,7.74,7.72,7.7344,127425.0
2025-12-29 18:30:00+00:00,7.735,7.7358,7.71,7.725,113767.0
2025-12-29 18:35:00+00:00,7.73,7.74,7.71,7.715,113459.0
2025-12-29 18:40:00+00:00,7.7101,7.72,7.7,7.705,151972.0
2025-12-29 18:45:00+00:00,7.705,7.72,7.7,7.715,198070.0
2025-12-29 18:50:00+00:00,7.71,7.71,7.68,7.6861,218644.0
2025-12-29 18:55:00+00:00,7.68,7.69,7.6707,7.6895,184652.0
2025-12-29 19:00:00+00:00,7.69,7.715,7.685,7.705,347566.0
2025-12-29 19:05:00+00:00,7.7065,7.72,7.7,7.705,141156.0
2025-12-29 19:10:00+00:00,7.705,7.72,7.7,7.715,177012.0
2025-12-29 19:15:00+00:00,7.7102,7.72,7.71,7.7193,56012.0
2025-12-29 19:20:00+00:00,7.71,7.735,7.71,7.715,275211.0
2025-12-29 19:25:00+00:00,7.715,7.72,7.7,7.7199,74208.0
2025-12-29 19:30:00+00:00,7.715,7.73,7.71,7.725,119611.0
2025-12-29 19:35:00+00:00,7.7215,7.73,7.71,7.725,126113.0
2025-12-29 19:40:00+00:00,7.73,7.73,7.71,7.715,152189.0
2025-12-29 19:45:00+00:00,7.7186,7.72,7.7,7.705,120805.0
2025-12-29 19:50:00+00:00,7.71,7.725,7.7,7.72,143883.0
2025-12-29 19:55:00+00:00,7.7201,7.73,7.71,7.715,125723.0
2025-12-29 20:00:00+00:00,7.715,7.73,7.705,7.71,142860.0
2025-12-29 20:05:00+00:00,7.71,7.7156,7.7,7.705,86609.0
2025-12-29 20:10:00+00:00,7.7,7.71,7.685,7.7045,258700.0
2025-12-29 20:15:00+00:00,7.7,7.73,7.7,7.715,129631.0
2025-12-29 20:20:00+00:00,7.7198,7.72,7.68,7.69,273192.0
2025-12-29 20:25:00+00:00,7.685,7.69,7.68,7.685,74942.0
2025-12-29 20:30:00+00:00,7.685,7.69,7.67,7.685,307867.0
2025-12-29 20:35:00+00:00,7.685,7.7,7.67,7.675,246332.0
2025-12-29 20:40:00+00:00,7.68,7.68,7.67,7.675,95405.0
2025-12-29 20:45:00+00:00,7.675,7.68,7.67,7.68,257582.0
2025-12-29 20:50:00+00:00,7.675,7.68,7.6501,7.6612,350750.0
2025-12-29 20:55:00+00:00,7.665,7.715,7.66,7.705,1262228.0
2025-12-29 21:00:00+00:00,7.7,7.78,7.67,7.72,985354.0
2025-12-29 21:05:00+00:00,7.72,7.73,7.7007,7.7007,5464.0
2025-12-29 21:10:00+00:00,7.73,7.73,7.7,7.7293,2512.0
2025-12-29 21:15:00+00:00,7.7268,7.73,7.71,7.73,5816.0
2025-12-29 21:20:00+00:00,7.73,7.73,7.72,7.72,990.0
2025-12-29 21:25:00+00:00,7.71,7.72,7.7,7.7,5636.0
2025-12-29 21:30:00+00:00,7.72,7.72,7.68,7.68,10516.0
2025-12-29 21:35:00+00:00,7.69,7.72,7.69,7.69,2160.0
2025-12-29 21:40:00+00:00,7.7,7.72,7.7,7.72,1335.0
2025-12-29 21:45:00+00:00,7.72,7.72,7.69,7.69,2033.0
2025-12-29 21:50:00+00:00,7.71,7.71,7.68,7.68,14033.0
2025-12-29 21:55:00+00:00,7.71,7.71,7.682,7.682,7675.0
2025-12-29 22:00:00+00:00,7.69,7.72,7.69,7.71,2503.0
2025-12-29 22:05:00+00:00,7.72,7.72,7.7,7.7004,2890.0
2025-12-29 22:10:00+00:00,7.71,7.71,7.71,7.71,156.0
2025-12-29 22:15:00+00:00,7.7101,7.72,7.7,7.72,4725.0
2025-12-29 22:20:00+00:00,7.71,7.71,7.7,7.7,6073.0
2025-12-29 22:25:00+00:00,7.7,7.7,7.67,7.67,247036.0
2025-12-29 22:30:00+00:00,7.67,7.72,7.67,7.69,1999.0
2025-12-29 22:35:00+00:00,7.71,7.71,7.69,7.69,2408.0
2025-12-29 22:40:00+00:00,7.69,7.69,7.69,7.69,506.0
2025-12-29 22:45:00+00:00,7.68,7.69,7.68,7.69,1527.0
2025-12-29 22:50:00+00:00,7.69,7.7,7.69,7.7,1287.0
2025-12-29 22:55:00+00:00,7.69,7.69,7.69,7.69,2918.0
2025-12-29 23:00:00+00:00,7.7,7.7,7.68,7.68,8824.0
2025-12-29 23:05:00+00:00,7.7,7.7136,7.67,7.67,2224.0
2025-12-29 23:10:00+00:00,7.72,7.72,7.68,7.72,489.0
2025-12-29 23:15:00+00:00,7.68,7.7,7.67,7.7,32912.0
2025-12-29 23:20:00+00:00,7.68,7.69,7.68,7.68,3375.0
2025-12-29 23:25:00+00:00,7.68,7.7,7.68,7.7,489.0
2025-12-29 23:30:00+00:00,7.7,7.7,7.68,7.6832,785.0
2025-12-29 23:35:00+00:00,7.6998,7.6998,7.6998,7.6998,1560.0
2025-12-29 23:40:00+00:00,7.7,7.7,7.7,7.7,1031.0
2025-12-29 23:50:00+00:00,7.69,7.6901,7.68,7.6816,4369.0
2025-12-29 23:55:00+00:00,7.68,7.69,7.67,7.69,1928.0
2025-12-30 00:00:00+00:00,7.6899,7.69,7.67,7.67,5036.0
2025-12-30 00:05:00+00:00,7.69,7.69,7.67,7.6701,1054.0
2025-12-30 00:10:00+00:00,7.67,7.6898,7.67,7.67,1394.0
2025-12-30 00:15:00+00:00,7.67,7.6899,7.67,7.6884,1401.0
2025-12-30 00:20:00+00:00,7.69,7.69,7.68,7.68,673.0
2025-12-30 00:25:00+00:00,7.68,7.6897,7.66,7.6897,2649.0
2025-12-30 00:30:00+00:00,7.67,7.68,7.66,7.66,1262.0
2025-12-30 00:35:00+00:00,7.69,7.69,7.68,7.68,8607.0
2025-12-30 00:40:00+00:00,7.6797,7.6797,7.66,7.66,3382.0
2025-12-30 00:45:00+00:00,7.66,7.67,7.66,7.67,3214.0
2025-12-30 00:50:00+00:00,7.67,7.69,7.67,7.69,5196.0
2025-12-30 00:55:00+00:00,7.6898,7.69,7.6802,7.69,7839.0
2025-12-30 09:05:00+00:00,7.75,7.77,7.75,7.77,435.0
2025-12-30 09:10:00+00:00,7.78,7.78,7.78,7.78,3513.0
2025-12-30 09:15:00+00:00,7.77,7.77,7.77,7.77,301.0
2025-12-30 09:25:00+00:00,7.77,7.77,7.77,7.77,102.0
2025-12-30 09:30:00+00:00,7.76,7.76,7.75,7.75,622.0
2025-12-30 09:35:00+00:00,7.76,7.76,7.76,7.76,189.0
2025-12-30 09:45:00+00:00,7.75,7.75,7.74,7.74,1496.0
2025-12-30 09:55:00+00:00,7.75,7.76,7.75,7.76,3039.0
2025-12-30 10:00:00+00:00,7.75,7.75,7.74,7.74,888.0
2025-12-30 10:15:00+00:00,7.76,7.76,7.76,7.76,572.0
2025-12-30 10:20:00+00:00,7.76,7.78,7.76,7.78,4476.0
2025-12-30 10:25:00+00:00,7.76,7.76,7.76,7.76,210.0
2025-12-30 10:30:00+00:00,7.78,7.78,7.78,7.78,699.0
2025-12-30 10:35:00+00:00,7.77,7.77,7.74,7.76,4456.0
2025-12-30 10:40:00+00:00,7.76,7.77,7.76,7.77,5659.0
2025-12-30 10:50:00+00:00,7.78,7.79,7.77,7.77,2806.0
2025-12-30 10:55:00+00:00,7.76,7.78,7.76,7.78,1926.0
2025-12-30 11:00:00+00:00,7.78,7.78,7.78,7.78,390.0
2025-12-30 11:05:00+00:00,7.78,7.78,7.78,7.78,961.0
2025-12-30 11:10:00+00:00,7.78,7.78,7.77,7.77,1111.0
2025-12-30 11:20:00+00:00,7.76,7.76,7.76,7.76,626.0
2025-12-30 11:25:00+00:00,7.75,7.75,7.75,7.75,1405.0
2025-12-30 11:35:00+00:00,7.75,7.75,7.74,7.74,456.0
2025-12-30 11:40:00+00:00,7.76,7.77,7.76,7.76,815.0
2025-12-30 11:50:00+00:00,7.75,7.75,7.75,7.75,401.0
2025-12-30 12:00:00+00:00,7.76,7.77,7.75,7.77,2475.0
2025-12-30 12:05:00+00:00,7.76,7.76,7.74,7.75,3741.0
2025-12-30 12:10:00+00:00,7.76,7.76,7.76,7.76,1285.0
2025-12-30 12:15:00+00:00,7.76,7.76,7.76,7.76,202.0
2025-12-30 12:20:00+00:00,7.75,7.75,7.74,7.75,1318.0
2025-12-30 12:25:00+00:00,7.759,7.759,7.75,7.75,630.0
2025-12-30 12:30:00+00:00,7.74,7.74,7.74,7.74,171.0
2025-12-30 12:45:00+00:00,7.76,7.76,7.75,7.75,5560.0
2025-12-30 12:50:00+00:00,7.75,7.75,7.75,7.75,100.0
2025-12-30 12:55:00+00:00,7.75,7.75,7.74,7.74,926.0
2025-12-30 13:00:00+00:00,7.77,7.82,7.69,7.74,68140.0
2025-12-30 13:05:00+00:00,7.75,7.76,7.75,7.7599,6160.0
2025-12-30 13:10:00+00:00,7.76,7.77,7.75,7.76,5071.0
2025-12-30 13:15:00+00:00,7.7598,7.76,7.75,7.75,1889.0
2025-12-30 13:20:00+00:00,7.77,7.77,7.75,7.76,2326.0
2025-12-30 13:25:00+00:00,7.7599,7.77,7.75,7.7584,4838.0
2025-12-30 13:30:00+00:00,7.75,7.7501,7.72,7.75,9575.0
2025-12-30 13:35:00+00:00,7.745,7.745,7.71,7.73,11211.0
2025-12-30 13:40:00+00:00,7.73,7.74,7.73,7.74,4755.0
2025-12-30 13:45:00+00:00,7.7452,7.75,7.74,7.75,1332.0
2025-12-30 13:50:00+00:00,7.749,7.75,7.74,7.74,4257.0
2025-12-30 13:55:00+00:00,7.7399,7.74,7.7399,7.74,1467.0
2025-12-30 14:00:00+00:00,7.73,7.74,7.72,7.74,4267.0
2025-12-30 14:05:00+00:00,7.74,7.74,7.72,7.74,11169.0
2025-12-30 14:10:00+00:00,7.74,7.74,7.72,7.73,11639.0
2025-12-30 14:15:00+00:00,7.73,7.74,7.72,7.74,14814.0
2025-12-30 14:20:00+00:00,7.725,7.75,7.725,7.73,15111.0
2025-12-30 14:25:00+00:00,7.7375,7.75,7.71,7.71,21403.0
2025-12-30 14:30:00+00:00,7.71,7.82,7.71,7.7401,630255.0
2025-12-30 14:35:00+00:00,7.745,7.78,7.725,7.735,280124.0
2025-12-30 14:40:00+00:00,7.73,7.75,7.715,7.73,153071.0
2025-12-30 14:45:00+00:00,7.735,7.75,7.7,7.7301,217447.0
2025-12-30 14:50:00+00:00,7.7312,7.7887,7.73,7.765,364674.0
2025-12-30 14:55:00+00:00,7.765,7.78,7.7471,7.76,255433.0
2025-12-30 15:00:00+00:00,7.75,7.75,7.7,7.7099,351228.0
2025-12-30 15:05:00+00:00,7.705,7.73,7.69,7.7069,215907.0
2025-12-30 15:10:00+00:00,7.7067,7.7156,7.69,7.705,152161.0
2025-12-30 15:15:00+00:00,7.71,7.73,7.7,7.7234,209505.0
2025-12-30 15:20:00+00:00,7.725,7.7386,7.71,7.725,107659.0
2025-12-30 15:25:00+00:00,7.725,7.74,7.71,7.725,259712.0
2025-12-30 15:30:00+00:00,7.725,7.73,7.705,7.715,90174.0
2025-12-30 15:35:00+00:00,7.715,7.74,7.7101,7.735,142139.0
2025-12-30 15:40:00+00:00,7.7375,7.75,7.72,7.74,116262.0
2025-12-30 15:45:00+00:00,7.75,7.75,7.72,7.7232,172641.0
2025-12-30 15:50:00+00:00,7.725,7.756,7.7118,7.75,158052.0
2025-12-30 15:55:00+00:00,7.75,7.77,7.7301,7.765,186056.0
2025-12-30 16:00:00+00:00,7.765,7.78,7.75,7.755,297769.0
2025-12-30 16:05:00+00:00,7.7544,7.77,7.75,7.765,163850.0
2025-12-30 16:10:00+00:00,7.765,7.7666,7.73,7.74,149329.0
2025-12-30 16:15:00+00:00,7.735,7.77,7.734,7.74,282065.0
2025-12-30 16:20:00+00:00,7.745,7.77,7.74,7.77,92610.0
2025-12-30 16:25:00+00:00,7.7681,7.77,7.76,7.765,89034.0
2025-12-30 16:30:00+00:00,7.765,7.78,7.76,7.765,210748.0
2025-12-30 16:35:00+00:00,7.766,7.766,7.724,7.73,322721.0
2025-12-30 16:40:00+00:00,7.725,7.749,7.715,7.7399,219953.0
2025-12-30 16:45:00+00:00,7.7347,7.76,7.73,7.755,166892.0
2025-12-30 16:50:00+00:00,7.755,7.7665,7.75,7.755,138842.0
2025-12-30 16:55:00+00:00,7.76,7.768,7.74,7.74,151734.0
2025-12-30 17:00:00+00:00,7.74,7.76,7.74,7.7414,149907.0
2025-12-30 17:05:00+00:00,7.745,7.76,7.73,7.735,157447.0
2025-12-30 17:10:00+00:00,7.7301,7.74,7.72,7.72,167868.0
2025-12-30 17:15:00+00:00,7.725,7.73,7.72,7.73,57841.0
2025-12-30 17:20:00+00:00,7.725,7.73,7.71,7.715,190655.0
2025-12-30 17:25:00+00:00,7.7115,7.72,7.7,7.705,137835.0
2025-12-30 17:30:00+00:00,7.71,7.73,7.705,7.725,115560.0
2025-12-30 17:35:00+00:00,7.725,7.73,7.71,7.7101,157302.0
2025-12-30 17:40:00+00:00,7.7144,7.7261,7.71,7.715,111196.0
2025-12-30 17:45:00+00:00,7.715,7.716,7.7,7.7044,142016.0
2025-12-30 17:50:00+00:00,7.7061,7.72,7.7043,7.71,160376.0
2025-12-30 17:55:00+00:00,7.715,7.7199,7.71,7.71,50370.0
2025-12-30 18:00:00+00:00,7.71,7.72,7.695,7.7086,210652.0
2025-12-30 18:05:00+00:00,7.71,7.72,7.7,7.705,240801.0
2025-12-30 18:10:00+00:00,7.705,7.72,7.7,7.71,172861.0
2025-12-30 18:15:00+00:00,7.7097,7.71,7.69,7.71,119138.0
2025-12-30 18:20:00+00:00,7.705,7.71,7.69,7.6901,176909.0
2025-12-30 18:25:00+00:00,7.695,7.7,7.67,7.6798,291874.0
2025-12-30 18:30:00+00:00,7.675,7.7,7.675,7.685,346763.0
2025-12-30 18:35:00+00:00,7.685,7.69,7.66,7.665,155500.0
2025-12-30 18:40:00+00:00,7.67,7.68,7.66,7.675,149092.0
2025-12-30 18:45:00+00:00,7.68,7.68,7.66,7.6699,195207.0
2025-12-30 18:50:00+00:00,7.665,7.67,7.65,7.6569,176120.0
2025-12-30 18:55:00+00:00,7.655,7.66,7.65,7.66,129570.0
2025-12-30 19:00:00+00:00,7.6529,7.67,7.63,7.639,382063.0
2025-12-30 19:05:00+00:00,7.635,7.6486,7.6223,7.6244,195034.0
2025-12-30 19:10:00+00:00,7.625,7.646,7.62,7.635,246298.0
2025-12-30 19:15:00+00:00,7.635,7.6399,7.61,7.635,215316.0
2025-12-30 19:20:00+00:00,7.6344,7.65,7.63,7.645,119126.0
2025-12-30 19:25:00+00:00,7.645,7.65,7.624,7.625,236274.0
2025-12-30 19:30:00+00:00,7.6265,7.63,7.62,7.625,148164.0
2025-12-30 19:35:00+00:00,7.62,7.63,7.62,7.625,99816.0
2025-12-30 19:40:00+00:00,7.625,7.63,7.62,7.625,95678.0
2025-12-30 19:45:00+00:00,7.625,7.63,7.605,7.616,167106.0
2025-12-30 19:50:00+00:00,7.6188,7.62,7.58,7.5946,282139.0
2025-12-30 19:55:00+00:00,7.5961,7.6,7.59,7.5902,108504.0
2025-12-30 20:00:00+00:00,7.59,7.6,7.585,7.595,175097.0
2025-12-30 20:05:00+00:00,7.5999,7.6,7.59,7.595,89314.0
2025-12-30 20:10:00+00:00,7.595,7.6,7.58,7.58,198807.0
2025-12-30 20:15:00+00:00,7.5899,7.62,7.58,7.615,179230.0
2025-12-30 20:20:00+00:00,7.615,7.62,7.6,7.61,100689.0
2025-12-30 20:25:00+00:00,7.61,7.62,7.58,7.585,211632.0
2025-12-30 20:30:00+00:00,7.5856,7.59,7.58,7.5859,72287.0
2025-12-30 20:35:00+00:00,7.585,7.59,7.58,7.585,116474.0
2025-12-30 20:40:00+00:00,7.59,7.59,7.57,7.5703,173204.0
2025-12-30 20:45:00+00:00,7.575,7.58,7.56,7.578,274332.0
2025-12-30 20:50:00+00:00,7.58,7.58,7.55,7.555,459631.0
2025-12-30 20:55:00+00:00,7.555,7.57,7.54,7.555,1320450.0
2025-12-30 21:00:00+00:00,7.55,7.56,7.54,7.56,1319421.0
2025-12-30 21:05:00+00:00,7.5584,7.56,7.54,7.56,7681.0
2025-12-30 21:10:00+00:00,7.55,7.56,7.52,7.5202,54419.0
2025-12-30 21:15:00+00:00,7.5302,7.55,7.53,7.5497,3337.0
2025-12-30 21:20:00+00:00,7.55,7.55,7.54,7.54,3336.0
2025-12-30 21:25:00+00:00,7.54,7.55,7.54,7.54,7628.0
2025-12-30 21:30:00+00:00,7.55,7.55,7.54,7.55,5300.0
2025-12-30 21:35:00+00:00,7.55,7.55,7.54,7.54,1615.0
2025-12-30 21:40:00+00:00,7.54,7.55,7.54,7.55,3733.0
2025-12-30 21:45:00+00:00,7.55,7.55,7.54,7.54,5971.0
2025-12-30 21:50:00+00:00,7.54,7.55,7.54,7.55,340.0
2025-12-30 21:55:00+00:00,7.55,7.55,7.54,7.54,2081.0
2025-12-30 22:00:00+00:00,7.55,7.55,7.54,7.55,2759.0
2025-12-30 22:05:00+00:00,7.54,7.5599,7.54,7.5599,33795.0
2025-12-30 22:10:00+00:00,7.56,7.57,7.56,7.57,313.0
2025-12-30 22:15:00+00:00,7.5616,7.57,7.5402,7.5402,13294.0
2025-12-30 22:20:00+00:00,7.55,7.56,7.5426,7.56,67806.0
2025-12-30 22:25:00+00:00,7.56,7.57,7.54,7.54,9181.0
2025-12-30 22:30:00+00:00,7.56,7.57,7.56,7.57,1294.0
2025-12-30 22:35:00+00:00,7.55,7.56,7.5484,7.5484,921.0
2025-12-30 22:40:00+00:00,7.54,7.57,7.54,7.57,4782.0
2025-12-30 22:45:00+00:00,7.56,7.5696,7.55,7.55,12593.0
2025-12-30 22:50:00+00:00,7.55,7.57,7.55,7.57,2639.0
2025-12-30 22:55:00+00:00,7.55,7.56,7.55,7.56,8973.0
2025-12-30 23:00:00+00:00,7.56,7.5699,7.5401,7.56,1660.0
2025-12-30 23:05:00+00:00,7.54,7.56,7.54,7.56,15295.0
2025-12-30 23:10:00+00:00,7.54,7.56,7.54,7.56,5035.0
2025-12-30 23:15:00+00:00,7.56,7.56,7.54,7.56,18995.0
2025-12-30 23:20:00+00:00,7.55,7.55,7.54,7.55,737.0
2025-12-30 23:25:00+00:00,7.5584,7.5584,7.5502,7.5502,690.0
2025-12-30 23:30:00+00:00,7.5599,7.56,7.5501,7.5501,4917.0
2025-12-30 23:35:00+00:00,7.55,7.55,7.55,7.55,3645.0
2025-12-30 23:40:00+00:00,7.55,7.56,7.5487,7.5502,8303.0
2025-12-30 23:50:00+00:00,7.55,7.55,7.5401,7.5424,661.0
2025-12-30 23:55:00+00:00,7.56,7.56,7.5598,7.5598,200.0
2025-12-31 00:00:00+00:00,7.54,7.54,7.54,7.54,410.0
2025-12-31 00:05:00+00:00,7.56,7.56,7.54,7.54,1217.0
2025-12-31 00:10:00+00:00,7.5599,7.56,7.54,7.54,13202.0
2025-12-31 00:20:00+00:00,7.5597,7.5599,7.5597,7.5599,1108.0
2025-12-31 00:25:00+00:00,7.56,7.56,7.5516,7.56,752.0
2025-12-31 00:30:00+00:00,7.5599,7.56,7.55,7.55,1102.0
2025-12-31 00:35:00+00:00,7.55,7.55,7.55,7.55,817.0
2025-12-31 00:40:00+00:00,7.56,7.56,7.55,7.5584,1646.0
2025-12-31 00:45:00+00:00,7.56,7.56,7.55,7.55,5415.0
2025-12-31 00:50:00+00:00,7.55,7.56,7.55,7.56,2807.0
2025-12-31 00:55:00+00:00,7.5599,7.56,7.55,7.56,4234.0
2025-12-31 09:00:00+00:00,7.55,7.56,7.54,7.54,802.0
2025-12-31 09:05:00+00:00,7.56,7.56,7.55,7.56,4961.0
2025-12-31 09:20:00+00:00,7.56,7.56,7.56,7.56,474.0
2025-12-31 09:25:00+00:00,7.55,7.55,7.54,7.55,802.0
2025-12-31 09:35:00+00:00,7.54,7.54,7.54,7.54,200.0
2025-12-31 09:40:00+00:00,7.55,7.55,7.55,7.55,609.0
2025-12-31 09:45:00+00:00,7.55,7.55,7.55,7.55,528.0
2025-12-31 10:50:00+00:00,7.55,7.55,7.55,7.55,100.0
2025-12-31 10:55:00+00:00,7.55,7.55,7.55,7.55,117.0
2025-12-31 11:30:00+00:00,7.55,7.55,7.55,7.55,110.0
2025-12-31 11:40:00+00:00,7.54,7.54,7.54,7.54,2630.0
2025-12-31 11:50:00+00:00,7.53,7.53,7.53,7.53,127.0
2025-12-31 11:55:00+00:00,7.54,7.54,7.54,7.54,110.0
2025-12-31 12:00:00+00:00,7.545,7.55,7.53,7.53,4324.0
2025-12-31 12:05:00+00:00,7.53,7.54,7.53,7.53,1221.0
2025-12-31 12:15:00+00:00,7.53,7.53,7.53,7.53,626.0
2025-12-31 12:20:00+00:00,7.54,7.55,7.54,7.54,1031.0
2025-12-31 12:25:00+00:00,7.55,7.55,7.55,7.55,2560.0
2025-12-31 12:30:00+00:00,7.55,7.55,7.55,7.55,394.0
2025-12-31 12:35:00+00:00,7.54,7.54,7.54,7.54,505.0
2025-12-31 12:40:00+00:00,7.54,7.55,7.54,7.55,2143.0
2025-12-31 12:45:00+00:00,7.55,7.55,7.55,7.55,912.0
2025-12-31 12:50:00+00:00,7.55,7.55,7.55,7.55,729.0
2025-12-31 13:00:00+00:00,7.54,7.57,7.5,7.565,42076.0
2025-12-31 13:05:00+00:00,7.5598,7.56,7.5598,7.5599,1271.0
2025-12-31 13:10:00+00:00,7.55,7.56,7.55,7.56,1200.0
2025-12-31 13:15:00+00:00,7.55,7.55,7.55,7.55,1112.0
2025-12-31 13:20:00+00:00,7.5503,7.57,7.5503,7.57,8391.0
2025-12-31 13:25:00+00:00,7.56,7.57,7.55,7.5697,35019.0
2025-12-31 13:30:00+00:00,7.55,7.575,7.55,7.575,4770.0
2025-12-31 13:35:00+00:00,7.56,7.57,7.55,7.5598,13063.0
2025-12-31 13:40:00+00:00,7.5599,7.57,7.55,7.55,17132.0
2025-12-31 13:45:00+00:00,7.56,7.57,7.56,7.56,2942.0
2025-12-31 13:50:00+00:00,7.55,7.59,7.53,7.57,24580.0
2025-12-31 13:55:00+00:00,7.5833,7.59,7.57,7.58,9265.0
2025-12-31 14:00:00+00:00,7.57,7.58,7.57,7.57,17565.0
2025-12-31 14:05:00+00:00,7.57,7.57,7.56,7.56,7129.0
2025-12-31 14:10:00+00:00,7.57,7.57,7.56,7.5698,4568.0
2025-12-31 14:15:00+00:00,7.57,7.57,7.56,7.56,11972.0
2025-12-31 14:20:00+00:00,7.57,7.59,7.5601,7.57,14337.0
2025-12-31 14:25:00+00:00,7.57,7.57,7.49,7.56,22049.0
2025-12-31 14:30:00+00:00,7.56,7.59,7.525,7.545,655358.0
2025-12-31 14:35:00+00:00,7.54,7.565,7.48,7.5,573446.0
2025-12-31 14:40:00+00:00,7.505,7.53,7.5,7.515,270706.0
2025-12-31 14:45:00+00:00,7.515,7.53,7.475,7.4992,383131.0
2025-12-31 14:50:00+00:00,7.4993,7.53,7.49,7.515,284399.0
2025-12-31 14:55:00+00:00,7.52,7.54,7.51,7.515,211597.0
2025-12-31 15:00:00+00:00,7.515,7.52,7.5,7.51,201575.0
2025-12-31 15:05:00+00:00,7.51,7.52,7.5,7.515,220676.0
2025-12-31 15:10:00+00:00,7.51,7.52,7.49,7.505,253794.0
2025-12-31 15:15:00+00:00,7.51,7.51,7.48,7.495,211765.0
2025-12-31 15:20:00+00:00,7.5,7.52,7.48,7.485,222418.0
2025-12-31 15:25:00+00:00,7.485,7.5,7.47,7.5,235527.0
2025-12-31 15:30:00+00:00,7.495,7.5,7.48,7.49,331624.0
2025-12-31 15:35:00+00:00,7.495,7.53,7.49,7.5199,429903.0
2025-12-31 15:40:00+00:00,7.515,7.53,7.51,7.524,152329.0
2025-12-31 15:45:00+00:00,7.53,7.53,7.51,7.525,198720.0
2025-12-31 15:50:00+00:00,7.52,7.526,7.5,7.51,285887.0
2025-12-31 15:55:00+00:00,7.505,7.53,7.5,7.52,288436.0
2025-12-31 16:00:00+00:00,7.52,7.53,7.51,7.5155,288361.0
2025-12-31 16:05:00+00:00,7.52,7.5256,7.5001,7.52,273952.0
2025-12-31 16:10:00+00:00,7.52,7.5261,7.51,7.5199,255960.0
2025-12-31 16:15:00+00:00,7.5111,7.54,7.51,7.535,249685.0
2025-12-31 16:20:00+00:00,7.5393,7.55,7.53,7.535,244064.0
2025-12-31 16:25:00+00:00,7.535,7.54,7.51,7.5144,225507.0
2025-12-31 16:30:00+00:00,7.515,7.535,7.51,7.5261,235766.0
2025-12-31 16:35:00+00:00,7.5261,7.53,7.52,7.52,119482.0
2025-12-31 16:40:00+00:00,7.53,7.53,7.51,7.525,174202.0
2025-12-31 16:45:00+00:00,7.52,7.525,7.5,7.505,412093.0
2025-12-31 16:50:00+00:00,7.505,7.53,7.5,7.53,192800.0
2025-12-31 16:55:00+00:00,7.53,7.53,7.52,7.525,143517.0
2025-12-31 17:00:00+00:00,7.5217,7.53,7.51,7.52,426916.0
2025-12-31 17:05:00+00:00,7.52,7.52,7.5,7.505,185726.0
2025-12-31 17:10:00+00:00,7.505,7.52,7.5,7.515,166112.0
2025-12-31 17:15:00+00:00,7.51,7.53,7.51,7.525,119164.0
2025-12-31 17:20:00+00:00,7.5214,7.54,7.52,7.535,219694.0
2025-12-31 17:25:00+00:00,7.535,7.54,7.52,7.5201,150108.0
2025-12-31 17:30:00+00:00,7.5257,7.53,7.51,7.5272,165126.0
2025-12-31 17:35:00+00:00,7.525,7.5357,7.5101,7.525,293651.0
2025-12-31 17:40:00+00:00,7.525,7.53,7.51,7.52,136633.0
2025-12-31 17:45:00+00:00,7.5165,7.52,7.51,7.515,178234.0
2025-12-31 17:50:00+00:00,7.515,7.536,7.5,7.5303,289551.0
2025-12-31 17:55:00+00:00,7.54,7.54,7.52,7.535,352296.0
2025-12-31 18:00:00+00:00,7.54,7.54,7.525,7.535,194554.0
2025-12-31 18:05:00+00:00,7.5388,7.56,7.53,7.55,400687.0
2025-12-31 18:10:00+00:00,7.54,7.55,7.54,7.545,120341.0
2025-12-31 18:15:00+00:00,7.545,7.55,7.5106,7.515,324543.0
2025-12-31 18:20:00+00:00,7.5145,7.52,7.5,7.505,228110.0
2025-12-31 18:25:00+00:00,7.51,7.52,7.5,7.515,157418.0
2025-12-31 18:30:00+00:00,7.52,7.54,7.5105,7.535,263018.0
2025-12-31 18:35:00+00:00,7.535,7.535,7.515,7.525,162961.0
2025-12-31 18:40:00+00:00,7.525,7.53,7.5114,7.515,129807.0
2025-12-31 18:45:00+00:00,7.52,7.525,7.5,7.5,235988.0
2025-12-31 18:50:00+00:00,7.5039,7.51,7.48,7.505,542824.0
2025-12-31 18:55:00+00:00,7.505,7.52,7.505,7.515,109873.0
2025-12-31 19:00:00+00:00,7.51,7.5299,7.51,7.515,117971.0
2025-12-31 19:05:00+00:00,7.515,7.515,7.495,7.5,253895.0
2025-12-31 19:10:00+00:00,7.496,7.51,7.49,7.4932,149984.0
2025-12-31 19:15:00+00:00,7.4902,7.4975,7.461,7.47,1010616.0
2025-12-31 19:20:00+00:00,7.475,7.48,7.45,7.4744,540775.0
2025-12-31 19:25:00+00:00,7.4714,7.48,7.461,7.475,150428.0
2025-12-31 19:30:00+00:00,7.475,7.48,7.43,7.435,424946.0
2025-12-31 19:35:00+00:00,7.44,7.46,7.43,7.445,381842.0
2025-12-31 19:40:00+00:00,7.45,7.4698,7.4448,7.463,274984.0
2025-12-31 19:45:00+00:00,7.4606,7.4632,7.44,7.445,288738.0
2025-12-31 19:50:00+00:00,7.445,7.45,7.43,7.45,196574.0
2025-12-31 19:55:00+00:00,7.445,7.45,7.43,7.445,268323.0
2025-12-31 20:00:00+00:00,7.44,7.445,7.41,7.43,395015.0
2025-12-31 20:05:00+00:00,7.4241,7.4399,7.41,7.415,366227.0
2025-12-31 20:10:00+00:00,7.41,7.42,7.4,7.415,357985.0
2025-12-31 20:15:00+00:00,7.415,7.44,7.41,7.42,470521.0
2025-12-31 20:20:00+00:00,7.425,7.43,7.405,7.41,406262.0
2025-12-31 20:25:00+00:00,7.42,7.4299,7.41,7.415,435128.0
2025-12-31 20:30:00+00:00,7.415,7.43,7.41,7.4202,306213.0
2025-12-31 20:35:00+00:00,7.4209,7.43,7.4,7.415,467093.0
2025-12-31 20:40:00+00:00,7.415,7.425,7.4,7.425,661745.0
2025-12-31 20:45:00+00:00,7.425,7.44,7.42,7.435,384940.0
2025-12-31 20:50:00+00:00,7.435,7.44,7.42,7.435,1042552.0
2025-12-31 20:55:00+00:00,7.44,7.53,7.435,7.53,2367929.0
2025-12-31 21:00:00+00:00,7.52,7.6002,7.52,7.52,6926653.0
2025-12-31 21:05:00+00:00,7.5207,7.53,7.5,7.5007,35524.0
2025-12-31 21:10:00+00:00,7.52,7.5359,7.5019,7.51,5642.0
2025-12-31 21:15:00+00:00,7.51,7.5101,7.51,7.51,4354.0
2025-12-31 21:20:00+00:00,7.52,7.53,7.51,7.53,3573.0
2025-12-31 21:25:00+00:00,7.5297,7.53,7.52,7.52,2135.0
2025-12-31 21:30:00+00:00,7.52,7.53,7.52,7.52,1254.0
2025-12-31 21:35:00+00:00,7.52,7.525,7.51,7.52,5173.0
2025-12-31 21:40:00+00:00,7.52,7.52,7.51,7.52,2348.0
2025-12-31 21:45:00+00:00,7.5184,7.5184,7.51,7.51,937.0
2025-12-31 21:50:00+00:00,7.51,7.54,7.51,7.54,7352.0
2025-12-31 21:55:00+00:00,7.54,7.55,7.54,7.5402,10064.0
2025-12-31 22:00:00+00:00,7.54,7.55,7.53,7.5395,84601.0
2025-12-31 22:05:00+00:00,7.54,7.5471,7.53,7.5301,1351.0
2025-12-31 22:10:00+00:00,7.52,7.54,7.52,7.5213,2677.0
2025-12-31 22:15:00+00:00,7.54,7.54,7.52,7.5379,15096.0
2025-12-31 22:20:00+00:00,7.52,7.5299,7.52,7.5299,3074.0
2025-12-31 22:25:00+00:00,7.53,7.54,7.53,7.54,662281.0
2025-12-31 22:30:00+00:00,7.54,7.55,7.52,7.53,7195.0
2025-12-31 22:35:00+00:00,7.52,7.5487,7.52,7.5206,1963.0
2025-12-31 22:40:00+00:00,7.5248,7.5499,7.52,7.5203,4622.0
2025-12-31 22:50:00+00:00,7.52,7.5207,7.52,7.5207,6000.0
2025-12-31 22:55:00+00:00,7.5203,7.5203,7.5203,7.5203,125.0
2025-12-31 23:00:00+00:00,7.52,7.53,7.51,7.53,4541.0
2025-12-31 23:05:00+00:00,7.52,7.52,7.52,7.52,2203.0
2025-12-31 23:10:00+00:00,7.53,7.53,7.51,7.51,3310.0
2025-12-31 23:15:00+00:00,7.53,7.53,7.53,7.53,102.0
2025-12-31 23:25:00+00:00,7.51,7.53,7.51,7.53,239.0
2025-12-31 23:30:00+00:00,7.52,7.5296,7.51,7.51,1010.0
2025-12-31 23:35:00+00:00,7.52,7.52,7.52,7.52,503.0
2025-12-31 23:40:00+00:00,7.53,7.53,7.53,7.53,1011.0
2025-12-31 23:45:00+00:00,7.52,7.52,7.52,7.52,424.0
2025-12-31 23:50:00+00:00,7.5132,7.53,7.5101,7.5101,2690.0
2025-12-31 23:55:00+00:00,7.51,7.53,7.51,7.53,3028.0
2026-01-01 00:00:00+00:00,7.51,7.51,7.51,7.51,100.0
2026-01-01 00:05:00+00:00,7.51,7.51,7.51,7.51,898.0
2026-01-01 00:10:00+00:00,7.52,7.52,7.51,7.51,3811.0
2026-01-01 00:15:00+00:00,7.51,7.51,7.51,7.51,228.0
2026-01-01 00:20:00+00:00,7.51,7.51,7.51,7.51,10879.0
2026-01-01 00:25:00+00:00,7.51,7.51,7.5,7.5,19736.0
2026-01-01 00:30:00+00:00,7.5003,7.51,7.5003,7.51,1470.0
2026-01-01 00:35:00+00:00,7.51,7.51,7.51,7.51,174.0
2026-01-01 00:40:00+00:00,7.5001,7.5097,7.5001,7.5097,4439.0
2026-01-01 00:45:00+00:00,7.51,7.51,7.5,7.5,4856.0
2026-01-01 00:55:00+00:00,7.51,7.51,7.5,7.51,19283.0
2026-01-02 09:00:00+00:00,7.64,7.64,7.64,7.64,867.0
2026-01-02 09:10:00+00:00,7.68,7.68,7.68,7.68,4141.0
2026-01-02 09:15:00+00:00,7.7,7.71,7.68,7.7,25601.0
2026-01-02 09:20:00+00:00,7.71,7.72,7.71,7.72,4675.0
2026-01-02 09:25:00+00:00,7.72,7.72,7.72,7.72,1070.0
2026-01-02 09:35:00+00:00,7.725,7.73,7.725,7.73,473.0
2026-01-02 09:40:00+00:00,7.74,7.74,7.74,7.74,501.0
2026-01-02 09:45:00+00:00,7.74,7.74,7.74,7.74,253.0
2026-01-02 09:55:00+00:00,7.73,7.74,7.73,7.73,6999.0
2026-01-02 10:00:00+00:00,7.73,7.73,7.73,7.73,2015.0
2026-01-02 10:20:00+00:00,7.73,7.73,7.73,7.73,893.0
2026-01-02 10:25:00+00:00,7.72,7.72,7.72,7.72,1165.0
2026-01-02 10:30:00+00:00,7.72,7.72,7.72,7.72,1166.0
2026-01-02 10:35:00+00:00,7.72,7.72,7.72,7.72,614.0
2026-01-02 11:00:00+00:00,7.73,7.74,7.73,7.74,955.0
2026-01-02 11:05:00+00:00,7.74,7.74,7.74,7.74,190.0
2026-01-02 11:15:00+00:00,7.74,7.74,7.74,7.74,1263.0
2026-01-02 11:20:00+00:00,7.73,7.73,7.73,7.73,388.0
2026-01-02 11:30:00+00:00,7.73,7.73,7.73,7.73,249.0
2026-01-02 11:35:00+00:00,7.73,7.73,7.73,7.73,335.0
2026-01-02 11:40:00+00:00,7.73,7.73,7.73,7.73,506.0
2026-01-02 11:50:00+00:00,7.735,7.735,7.72,7.72,3797.0
2026-01-02 11:55:00+00:00,7.715,7.72,7.715,7.72,363.0
2026-01-02 12:00:00+00:00,7.71,7.73,7.67,7.67,17648.0
2026-01-02 12:05:00+00:00,7.67,7.685,7.67,7.68,2923.0
2026-01-02 12:10:00+00:00,7.68,7.68,7.68,7.68,180.0
2026-01-02 12:15:00+00:00,7.685,7.7,7.685,7.7,6414.0
2026-01-02 12:20:00+00:00,7.69,7.7,7.685,7.69,6071.0
2026-01-02 12:25:00+00:00,7.69,7.69,7.69,7.69,1000.0
2026-01-02 12:30:00+00:00,7.69,7.69,7.69,7.69,2032.0
2026-01-02 12:35:00+00:00,7.69,7.69,7.68,7.68,2317.0
2026-01-02 12:40:00+00:00,7.68,7.69,7.68,7.69,3668.0
2026-01-02 12:50:00+00:00,7.68,7.69,7.67,7.69,1875.0
2026-01-02 12:55:00+00:00,7.68,7.68,7.66,7.67,4363.0
2026-01-02 13:00:00+00:00,7.715,7.74,7.64,7.67,109391.0
2026-01-02 13:05:00+00:00,7.66,7.67,7.66,7.67,2908.0
2026-01-02 13:10:00+00:00,7.6699,7.6699,7.6698,7.6698,643.0
2026-01-02 13:15:00+00:00,7.66,7.68,7.66,7.68,3685.0
2026-01-02 13:20:00+00:00,7.68,7.68,7.6799,7.68,843.0
2026-01-02 13:25:00+00:00,7.671,7.68,7.66,7.6699,7126.0
2026-01-02 13:30:00+00:00,7.66,7.66,7.64,7.65,27707.0
2026-01-02 13:35:00+00:00,7.65,7.65,7.62,7.62,26226.0
2026-01-02 13:40:00+00:00,7.63,7.64,7.62,7.62,7177.0
2026-01-02 13:45:00+00:00,7.64,7.6499,7.64,7.6484,4556.0
2026-01-02 13:50:00+00:00,7.64,7.65,7.63,7.64,4907.0
2026-01-02 13:55:00+00:00,7.6498,7.66,7.64,7.66,12396.0
2026-01-02 14:00:00+00:00,7.66,7.66,7.65,7.66,11596.0
2026-01-02 14:05:00+00:00,7.66,7.66,7.62,7.6301,13162.0
2026-01-02 14:10:00+00:00,7.6301,7.64,7.63,7.6301,5117.0
2026-01-02 14:15:00+00:00,7.6299,7.63,7.6193,7.62,11123.0
2026-01-02 14:20:00+00:00,7.62,7.65,7.6,7.63,43516.0
2026-01-02 14:25:00+00:00,7.6199,7.67,7.61,7.67,47192.0
2026-01-02 14:30:00+00:00,7.67,7.71,7.5414,7.555,1016239.0
2026-01-02 14:35:00+00:00,7.555,7.58,7.505,7.57,655267.0
2026-01-02 14:40:00+00:00,7.565,7.6,7.52,7.575,632819.0
2026-01-02 14:45:00+00:00,7.57,7.64,7.565,7.6345,572951.0
2026-01-02 14:50:00+00:00,7.635,7.66,7.61,7.66,400915.0
2026-01-02 14:55:00+00:00,7.655,7.67,7.6,7.6061,498323.0
2026-01-02 15:00:00+00:00,7.605,7.65,7.6,7.635,382119.0
2026-01-02 15:05:00+00:00,7.635,7.64,7.6,7.6256,424595.0
2026-01-02 15:10:00+00:00,7.625,7.645,7.6,7.615,580976.0
2026-01-02 15:15:00+00:00,7.615,7.625,7.58,7.5999,556484.0
2026-01-02 15:20:00+00:00,7.5999,7.6,7.55,7.56,592717.0
2026-01-02 15:25:00+00:00,7.5599,7.62,7.55,7.6169,393458.0
2026-01-02 15:30:00+00:00,7.62,7.73,7.6,7.7214,1390510.0
2026-01-02 15:35:00+00:00,7.725,7.81,7.7232,7.81,1178368.0
2026-01-02 15:40:00+00:00,7.8,7.835,7.775,7.815,1061436.0
2026-01-02 15:45:00+00:00,7.812,7.835,7.78,7.805,656728.0
2026-01-02 15:50:00+00:00,7.805,7.82,7.765,7.82,499492.0
2026-01-02 15:55:00+00:00,7.8101,7.83,7.78,7.83,565369.0
2026-01-02 16:00:00+00:00,7.825,7.86,7.78,7.785,737142.0
2026-01-02 16:05:00+00:00,7.78,7.8,7.75,7.765,629645.0
2026-01-02 16:10:00+00:00,7.765,7.8,7.75,7.795,403608.0
2026-01-02 16:15:00+00:00,7.795,7.85,7.795,7.835,447773.0
2026-01-02 16:20:00+00:00,7.8334,7.87,7.81,7.8345,535010.0
2026-01-02 16:25:00+00:00,7.84,7.885,7.83,7.855,942753.0
2026-01-02 16:30:00+00:00,7.855,7.8597,7.8216,7.835,366831.0
2026-01-02 16:35:00+00:00,7.835,7.84,7.8,7.8066,436309.0
2026-01-02 16:40:00+00:00,7.805,7.82,7.79,7.795,530493.0
2026-01-02 16:45:00+00:00,7.795,7.7978,7.76,7.785,422572.0
2026-01-02 16:50:00+00:00,7.785,7.8,7.76,7.7747,402870.0
2026-01-02 16:55:00+00:00,7.7799,7.8299,7.7799,7.815,443913.0
2026-01-02 17:00:00+00:00,7.815,7.83,7.7945,7.8101,304487.0
2026-01-02 17:05:00+00:00,7.82,7.83,7.8,7.82,141499.0
2026-01-02 17:10:00+00:00,7.815,7.84,7.8008,7.8399,299845.0
2026-01-02 17:15:00+00:00,7.84,7.856,7.835,7.85,350271.0
2026-01-02 17:20:00+00:00,7.85,7.89,7.84,7.87,364566.0
2026-01-02 17:25:00+00:00,7.875,7.8787,7.84,7.855,287319.0
2026-01-02 17:30:00+00:00,7.8599,7.87,7.82,7.83,535626.0
2026-01-02 17:35:00+00:00,7.8299,7.8555,7.82,7.85,493098.0
2026-01-02 17:40:00+00:00,7.85,7.87,7.8423,7.86,376107.0
2026-01-02 17:45:00+00:00,7.855,7.866,7.82,7.825,492232.0
2026-01-02 17:50:00+00:00,7.825,7.83,7.81,7.825,258461.0
2026-01-02 17:55:00+00:00,7.825,7.8465,7.82,7.845,259765.0
2026-01-02 18:00:00+00:00,7.8427,7.85,7.82,7.825,322623.0
2026-01-02 18:05:00+00:00,7.825,7.84,7.81,7.8158,293760.0
2026-01-02 18:10:00+00:00,7.815,7.825,7.8,7.81,159393.0
2026-01-02 18:15:00+00:00,7.805,7.835,7.79,7.835,238530.0
2026-01-02 18:20:00+00:00,7.8317,7.85,7.824,7.83,326486.0
2026-01-02 18:25:00+00:00,7.835,7.85,7.82,7.846,193879.0
2026-01-02 18:30:00+00:00,7.845,7.88,7.835,7.86,1522212.0
2026-01-02 18:35:00+00:00,7.86,7.8786,7.84,7.865,306318.0
2026-01-02 18:40:00+00:00,7.865,7.88,7.86,7.875,269248.0
2026-01-02 18:45:00+00:00,7.875,7.9,7.85,7.85,404863.0
2026-01-02 18:50:00+00:00,7.8472,7.8499,7.82,7.83,331768.0
2026-01-02 18:55:00+00:00,7.8332,7.86,7.83,7.86,261605.0
2026-01-02 19:00:00+00:00,7.86,7.88,7.85,7.875,234538.0
2026-01-02 19:05:00+00:00,7.875,7.94,7.875,7.94,490683.0
2026-01-02 19:10:00+00:00,7.935,7.98,7.9345,7.9675,414101.0
2026-01-02 19:15:00+00:00,7.965,7.99,7.95,7.965,401224.0
2026-01-02 19:20:00+00:00,7.96,7.98,7.95,7.975,187704.0
2026-01-02 19:25:00+00:00,7.9702,7.98,7.9601,7.975,293188.0
2026-01-02 19:30:00+00:00,7.9761,8.04,7.9761,8.035,1055474.0
2026-01-02 19:35:00+00:00,8.035,8.04,8.0,8.01,548485.0
2026-01-02 19:40:00+00:00,8.0099,8.02,7.99,7.995,288814.0
2026-01-02 19:45:00+00:00,7.995,8.02,7.97,7.9845,381981.0
2026-01-02 19:50:00+00:00,7.99,7.99,7.955,7.96,319967.0
2026-01-02 19:55:00+00:00,7.9561,7.99,7.9514,7.985,572867.0
2026-01-02 20:00:00+00:00,7.985,8.0,7.9725,7.995,278134.0
2026-01-02 20:05:00+00:00,7.99,8.005,7.98,7.99,435088.0
2026-01-02 20:10:00+00:00,7.995,8.02,7.99,8.02,305766.0
2026-01-02 20:15:00+00:00,8.02,8.035,8.01,8.03,320926.0
2026-01-02 20:20:00+00:00,8.0299,8.03,8.01,8.025,411584.0
2026-01-02 20:25:00+00:00,8.025,8.06,8.02,8.026,624818.0
2026-01-02 20:30:00+00:00,8.025,8.05,8.015,8.05,413015.0
2026-01-02 20:35:00+00:00,8.05,8.08,8.04,8.065,638205.0
2026-01-02 20:40:00+00:00,8.065,8.08,8.06,8.065,518078.0
2026-01-02 20:45:00+00:00,8.0622,8.08,8.05,8.06,628904.0
2026-01-02 20:50:00+00:00,8.06,8.09,8.03,8.0719,1324619.0
2026-01-02 20:55:00+00:00,8.07,8.16,8.05,8.15,1814985.0
2026-01-02 21:00:00+00:00,8.15,8.21,8.1,8.12,3952121.0
2026-01-02 21:05:00+00:00,8.12,8.15,8.12,8.13,12131.0
2026-01-02 21:10:00+00:00,8.15,8.15,8.13,8.15,10415.0
2026-01-02 21:15:00+00:00,8.1303,8.15,8.1303,8.14,3033.0
2026-01-02 21:20:00+00:00,8.14,8.14,8.13,8.14,10641.0
2026-01-02 21:25:00+00:00,8.13,8.14,8.13,8.14,2718.0
2026-01-02 21:30:00+00:00,8.1384,8.14,8.12,8.12,8500.0
2026-01-02 21:35:00+00:00,8.12,8.13,8.11,8.11,6595.0
2026-01-02 21:40:00+00:00,8.101,8.13,8.1,8.1038,3389.0
2026-01-02 21:45:00+00:00,8.1193,8.1193,8.1,8.1,1196.0
2026-01-02 21:50:00+00:00,8.1,8.13,8.1,8.13,1045.0
2026-01-02 21:55:00+00:00,8.13,8.13,8.11,8.11,1389.0
2026-01-02 22:00:00+00:00,8.1048,8.1048,8.1,8.1,2272.0
2026-01-02 22:05:00+00:00,8.11,8.13,8.11,8.13,3880.0
2026-01-02 22:10:00+00:00,8.13,8.13,8.12,8.12,2325.0
2026-01-02 22:15:00+00:00,8.12,8.13,8.12,8.1216,4933.0
2026-01-02 22:20:00+00:00,8.12,8.13,8.12,8.13,4034.0
2026-01-02 22:25:00+00:00,8.12,8.12,8.1032,8.1032,4501.0
2026-01-02 22:30:00+00:00,8.1,8.12,8.1,8.12,1219.0
2026-01-02 22:35:00+00:00,8.1,8.11,8.1,8.11,3128.0
2026-01-02 22:40:00+00:00,8.11,8.11,8.1,8.1,1754.0
2026-01-02 22:45:00+00:00,8.1,8.1195,8.1,8.1102,11706.0
2026-01-02 22:50:00+00:00,8.12,8.12,8.1,8.12,1914.0
2026-01-02 22:55:00+00:00,8.09,8.11,8.09,8.11,1451.0
2026-01-02 23:00:00+00:00,8.11,8.12,8.11,8.12,2400.0
2026-01-02 23:05:00+00:00,8.13,8.13,8.11,8.11,2272.0
2026-01-02 23:10:00+00:00,8.11,8.11,8.11,8.11,606.0
2026-01-02 23:15:00+00:00,8.1197,8.12,8.11,8.11,3425.0
2026-01-02 23:20:00+00:00,8.11,8.1199,8.11,8.1199,7996.0
2026-01-02 23:25:00+00:00,8.12,8.13,8.1199,8.12,3977.0
2026-01-02 23:30:00+00:00,8.12,8.13,8.12,8.1201,7485.0
2026-01-02 23:35:00+00:00,8.1201,8.1201,8.1201,8.1201,303.0
2026-01-02 23:45:00+00:00,8.13,8.13,8.13,8.13,8540.0
2026-01-02 23:50:00+00:00,8.1302,8.1302,8.13,8.13,363.0
2026-01-02 23:55:00+00:00,8.13,8.14,8.13,8.14,1215.0
2026-01-03 00:00:00+00:00,8.14,8.14,8.13,8.1368,4111.0
2026-01-03 00:05:00+00:00,8.1201,8.14,8.12,8.1394,2409.0
2026-01-03 00:10:00+00:00,8.12,8.12,8.11,8.12,3711.0
2026-01-03 00:15:00+00:00,8.12,8.13,8.12,8.13,995.0
2026-01-03 00:20:00+00:00,8.13,8.13,8.1299,8.13,1234.0
2026-01-03 00:25:00+00:00,8.12,8.1297,8.12,8.1297,251.0
2026-01-03 00:30:00+00:00,8.13,8.13,8.1201,8.13,3502.0
2026-01-03 00:35:00+00:00,8.14,8.14,8.13,8.13,494.0
2026-01-03 00:40:00+00:00,8.13,8.13,8.1295,8.1295,3780.0
2026-01-03 00:45:00+00:00,8.11,8.1393,8.11,8.13,904.0
2026-01-03 00:50:00+00:00,8.1398,8.14,8.11,8.13,46452.0
2026-01-03 00:55:00+00:00,8.14,8.14,8.13,8.13,1349.0
2026-01-05 09:00:00+00:00,8.16,8.18,8.14,8.16,7240.0
2026-01-05 09:10:00+00:00,8.16,8.16,8.16,8.16,888.0
2026-01-05 09:20:00+00:00,8.16,8.16,8.15,8.15,1301.0
2026-01-05 09:25:00+00:00,8.14,8.14,8.12,8.12,11998.0
2026-01-05 09:30:00+00:00,8.14,8.15,8.14,8.15,1838.0
2026-01-05 09:35:00+00:00,8.16,8.16,8.16,8.16,1553.0
2026-01-05 09:40:00+00:00,8.15,8.15,8.15,8.15,132.0
2026-01-05 09:45:00+00:00,8.16,8.17,8.16,8.16,1551.0
2026-01-05 09:55:00+00:00,8.16,8.16,8.15,8.15,247.0
2026-01-05 10:00:00+00:00,8.14,8.14,8.14,8.14,3468.0
2026-01-05 10:05:00+00:00,8.13,8.14,8.13,8.14,489.0
2026-01-05 10:10:00+00:00,8.14,8.14,8.14,8.14,664.0
2026-01-05 10:15:00+00:00,8.16,8.16,8.15,8.16,2527.0
2026-01-05 10:40:00+00:00,8.16,8.17,8.16,8.16,2124.0
2026-01-05 10:45:00+00:00,8.16,8.16,8.16,8.16,1419.0
2026-01-05 10:55:00+00:00,8.17,8.17,8.17,8.17,210.0
2026-01-05 11:00:00+00:00,8.17,8.17,8.16,8.16,849.0
2026-01-05 11:05:00+00:00,8.165,8.17,8.165,8.17,4028.0
2026-01-05 11:10:00+00:00,8.16,8.16,8.15,8.16,1200.0
2026-01-05 11:15:00+00:00,8.15,8.15,8.15,8.15,1500.0
2026-01-05 11:20:00+00:00,8.16,8.17,8.16,8.17,524.0
2026-01-05 11:25:00+00:00,8.18,8.18,8.18,8.18,1763.0
2026-01-05 11:30:00+00:00,8.18,8.19,8.18,8.19,812.0
2026-01-05 11:35:00+00:00,8.18,8.18,8.18,8.18,431.0
2026-01-05 11:40:00+00:00,8.18,8.18,8.18,8.18,2333.0
2026-01-05 11:45:00+00:00,8.18,8.18,8.18,8.18,447.0
2026-01-05 11:50:00+00:00,8.18,8.18,8.18,8.18,604.0
2026-01-05 12:00:00+00:00,8.17,8.17,8.15,8.17,19302.0
2026-01-05 12:05:00+00:00,8.16,8.189,8.16,8.18,7139.0
2026-01-05 12:10:00+00:00,8.18,8.18,8.18,8.18,4530.0
2026-01-05 12:15:00+00:00,8.19,8.19,8.18,8.19,10427.0
2026-01-05 12:20:00+00:00,8.2,8.21,8.2,8.21,6650.0
2026-01-05 12:25:00+00:00,8.2,8.2,8.2,8.2,1313.0
2026-01-05 12:30:00+00:00,8.19,8.19,8.19,8.19,1618.0
2026-01-05 12:35:00+00:00,8.19,8.2,8.19,8.2,1228.0
2026-01-05 12:40:00+00:00,8.19,8.19,8.17,8.17,687.0
2026-01-05 12:45:00+00:00,8.18,8.18,8.17,8.17,709.0
2026-01-05 12:50:00+00:00,8.18,8.185,8.18,8.185,605.0
2026-01-05 12:55:00+00:00,8.19,8.19,8.18,8.18,2540.0
2026-01-05 13:00:00+00:00,8.1799,8.23,8.13,8.16,122406.0
2026-01-05 13:05:00+00:00,8.18,8.19,8.16,8.19,13658.0
2026-01-05 13:10:00+00:00,8.1898,8.19,8.17,8.17,9316.0
2026-01-05 13:15:00+00:00,8.17,8.1796,8.1688,8.1688,7328.0
2026-01-05 13:20:00+00:00,8.16,8.1605,8.15,8.1605,6389.0
2026-01-05 13:25:00+00:00,8.16,8.1699,8.15,8.1699,9706.0
2026-01-05 13:30:00+00:00,8.1689,8.1689,8.15,8.1532,29012.0
2026-01-05 13:35:00+00:00,8.151,8.17,8.15,8.17,5116.0
2026-01-05 13:40:00+00:00,8.17,8.17,8.15,8.17,12208.0
2026-01-05 13:45:00+00:00,8.18,8.1896,8.17,8.18,12561.0
2026-01-05 13:50:00+00:00,8.18,8.18,8.17,8.17,20050.0
2026-01-05 13:55:00+00:00,8.17,8.18,8.15,8.16,13091.0
2026-01-05 14:00:00+00:00,8.17,8.2,8.16,8.19,23655.0
2026-01-05 14:05:00+00:00,8.18,8.19,8.17,8.17,6812.0
2026-01-05 14:10:00+00:00,8.1875,8.1892,8.17,8.18,6103.0
2026-01-05 14:15:00+00:00,8.1892,8.19,8.1797,8.18,7265.0
2026-01-05 14:20:00+00:00,8.19,8.2,8.18,8.2,20436.0
2026-01-05 14:25:00+00:00,8.19,8.24,8.15,8.24,49470.0
2026-01-05 14:30:00+00:00,8.25,8.31,8.18,8.25,1177093.0
2026-01-05 14:35:00+00:00,8.255,8.33,8.181,8.325,707473.0
2026-01-05 14:40:00+00:00,8.3214,8.48,8.2701,8.4355,918854.0
2026-01-05 14:45:00+00:00,8.435,8.46,8.39,8.415,672065.0
2026-01-05 14:50:00+00:00,8.4151,8.43,8.35,8.355,407022.0
2026-01-05 14:55:00+00:00,8.355,8.42,8.345,8.375,321977.0
2026-01-05 15:00:00+00:00,8.38,8.5,8.3601,8.495,578749.0
2026-01-05 15:05:00+00:00,8.492,8.51,8.445,8.4701,673308.0
2026-01-05 15:10:00+00:00,8.47,8.48,8.4,8.435,443188.0
2026-01-05 15:15:00+00:00,8.435,8.51,8.42,8.5,713402.0
2026-01-05 15:20:00+00:00,8.5,8.545,8.4845,8.505,694922.0
2026-01-05 15:25:00+00:00,8.51,8.51,8.46,8.465,607070.0
2026-01-05 15:30:00+00:00,8.465,8.49,8.45,8.455,625675.0
2026-01-05 15:35:00+00:00,8.455,8.51,8.44,8.47,518943.0
2026-01-05 15:40:00+00:00,8.475,8.49,8.454,8.465,593692.0
2026-01-05 15:45:00+00:00,8.4601,8.49,8.45,8.45,423617.0
2026-01-05 15:50:00+00:00,8.4501,8.47,8.43,8.445,612945.0
2026-01-05 15:55:00+00:00,8.445,8.57,8.43,8.5644,1226920.0
2026-01-05 16:00:00+00:00,8.57,8.62,8.5,8.6123,2382845.0
2026-01-05 16:05:00+00:00,8.615,8.66,8.6,8.616,1292566.0
2026-01-05 16:10:00+00:00,8.6179,8.62,8.57,8.585,736768.0
2026-01-05 16:15:00+00:00,8.585,8.605,8.56,8.59,1070513.0
2026-01-05 16:20:00+00:00,8.595,8.61,8.57,8.575,887908.0
2026-01-05 16:25:00+00:00,8.5797,8.59,8.57,8.5837,608348.0
2026-01-05 16:30:00+00:00,8.585,8.585,8.495,8.4957,1316918.0
2026-01-05 16:35:00+00:00,8.4961,8.59,8.49,8.575,1174204.0
2026-01-05 16:40:00+00:00,8.575,8.64,8.57,8.59,881745.0
2026-01-05 16:45:00+00:00,8.59,8.62,8.58,8.605,1001266.0
2026-01-05 16:50:00+00:00,8.6086,8.62,8.59,8.615,538374.0
2026-01-05 16:55:00+00:00,8.615,8.62,8.58,8.585,436795.0
2026-01-05 17:00:00+00:00,8.5845,8.595,8.57,8.59,425613.0
2026-01-05 17:05:00+00:00,8.585,8.6,8.55,8.59,290576.0
2026-01-05 17:10:00+00:00,8.595,8.62,8.585,8.61,538354.0
2026-01-05 17:15:00+00:00,8.615,8.635,8.61,8.612,487124.0
2026-01-05 17:20:00+00:00,8.615,8.625,8.59,8.605,390264.0
2026-01-05 17:25:00+00:00,8.605,8.6261,8.5923,8.625,474809.0
2026-01-05 17:30:00+00:00,8.62,8.665,8.575,8.64,713132.0
2026-01-05 17:35:00+00:00,8.6456,8.67,8.63,8.6651,673408.0
2026-01-05 17:40:00+00:00,8.665,8.67,8.63,8.635,495079.0
2026-01-05 17:45:00+00:00,8.635,8.665,8.63,8.635,410388.0
2026-01-05 17:50:00+00:00,8.6345,8.64,8.62,8.635,341201.0
2026-01-05 17:55:00+00:00,8.635,8.635,8.62,8.625,369086.0
2026-01-05 18:00:00+00:00,8.625,8.635,8.61,8.6339,455578.0
2026-01-05 18:05:00+00:00,8.6399,8.65,8.62,8.635,560716.0
2026-01-05 18:10:00+00:00,8.635,8.65,8.6345,8.645,316893.0
2026-01-05 18:15:00+00:00,8.6451,8.65,8.6,8.605,347581.0
2026-01-05 18:20:00+00:00,8.605,8.62,8.5929,8.62,364692.0
2026-01-05 18:25:00+00:00,8.62,8.646,8.61,8.6345,516759.0
2026-01-05 18:30:00+00:00,8.63,8.665,8.63,8.6506,532731.0
2026-01-05 18:35:00+00:00,8.65,8.65,8.615,8.625,487277.0
2026-01-05 18:40:00+00:00,8.6268,8.66,8.62,8.655,230205.0
2026-01-05 18:45:00+00:00,8.655,8.6757,8.63,8.6485,366204.0
2026-01-05 18:50:00+00:00,8.645,8.675,8.64,8.675,452904.0
2026-01-05 18:55:00+00:00,8.675,8.69,8.6706,8.685,283136.0
2026-01-05 19:00:00+00:00,8.69,8.72,8.675,8.7145,526635.0
2026-01-05 19:05:00+00:00,8.71,8.72,8.68,8.695,647251.0
2026-01-05 19:10:00+00:00,8.69,8.7,8.67,8.6956,483012.0
2026-01-05 19:15:00+00:00,8.6998,8.74,8.6901,8.735,537322.0
2026-01-05 19:20:00+00:00,8.735,8.7399,8.72,8.7399,417286.0
2026-01-05 19:25:00+00:00,8.735,8.8,8.73,8.79,1246414.0
2026-01-05 19:30:00+00:00,8.8,8.82,8.79,8.815,529373.0
2026-01-05 19:35:00+00:00,8.82,8.82,8.76,8.76,436853.0
2026-01-05 19:40:00+00:00,8.76,8.76,8.74,8.74,414493.0
2026-01-05 19:45:00+00:00,8.74,8.76,8.74,8.755,250946.0
2026-01-05 19:50:00+00:00,8.755,8.765,8.74,8.755,557961.0
2026-01-05 19:55:00+00:00,8.76,8.81,8.754,8.79,872140.0
2026-01-05 20:00:00+00:00,8.795,8.8,8.76,8.785,516594.0
2026-01-05 20:05:00+00:00,8.785,8.8,8.67,8.6802,1670780.0
2026-01-05 20:10:00+00:00,8.6855,8.7,8.675,8.6899,691200.0
2026-01-05 20:15:00+00:00,8.68,8.69,8.62,8.6301,840286.0
2026-01-05 20:20:00+00:00,8.63,8.65,8.62,8.645,566476.0
2026-01-05 20:25:00+00:00,8.644,8.675,8.64,8.66,421421.0
2026-01-05 20:30:00+00:00,8.66,8.665,8.61,8.6101,642334.0
2026-01-05 20:35:00+00:00,8.61,8.62,8.555,8.565,901303.0
2026-01-05 20:40:00+00:00,8.56,8.58,8.56,8.575,431330.0
2026-01-05 20:45:00+00:00,8.5703,8.5855,8.54,8.545,630846.0
2026-01-05 20:50:00+00:00,8.545,8.555,8.5202,8.535,988750.0
2026-01-05 20:55:00+00:00,8.535,8.59,8.52,8.565,1802272.0
2026-01-05 21:00:00+00:00,8.56,8.57,8.51,8.55,1407567.0
2026-01-05 21:05:00+00:00,8.5495,8.56,8.53,8.56,32924.0
2026-01-05 21:10:00+00:00,8.5572,8.56,8.53,8.53,5331.0
2026-01-05 21:15:00+00:00,8.54,8.56,8.54,8.56,14405.0
2026-01-05 21:20:00+00:00,8.55,8.56,8.55,8.56,3759.0
2026-01-05 21:25:00+00:00,8.5516,8.56,8.55,8.55,5972.0
2026-01-05 21:30:00+00:00,8.55,8.55,8.53,8.55,10637.0
2026-01-05 21:35:00+00:00,8.55,8.56,8.55,8.56,3497.0
2026-01-05 21:40:00+00:00,8.5516,8.56,8.55,8.55,3061.0
2026-01-05 21:45:00+00:00,8.5501,8.56,8.55,8.55,2592.0
2026-01-05 21:50:00+00:00,8.5468,8.56,8.5357,8.55,2252.0
2026-01-05 21:55:00+00:00,8.55,8.56,8.55,8.56,5314.0
2026-01-05 22:00:00+00:00,8.56,8.56,8.55,8.55,10354.0
2026-01-05 22:05:00+00:00,8.55,8.56,8.55,8.56,11393.0
2026-01-05 22:10:00+00:00,8.56,8.56,8.55,8.56,7277.0
2026-01-05 22:15:00+00:00,8.56,8.56,8.56,8.56,2445.0
2026-01-05 22:20:00+00:00,8.55,8.56,8.55,8.5503,985.0
2026-01-05 22:25:00+00:00,8.5597,8.6,8.55,8.6,4259.0
2026-01-05 22:30:00+00:00,8.56,8.5907,8.56,8.59,1421.0
2026-01-05 22:35:00+00:00,8.5601,8.59,8.56,8.56,4745.0
2026-01-05 22:40:00+00:00,8.6,8.6,8.55,8.55,19697.0
2026-01-05 22:45:00+00:00,8.55,8.56,8.55,8.5501,5545.0
2026-01-05 22:50:00+00:00,8.55,8.56,8.55,8.55,7179.0
2026-01-05 22:55:00+00:00,8.56,8.58,8.56,8.58,1779.0
2026-01-05 23:00:00+00:00,8.5601,8.59,8.5601,8.59,1093.0
2026-01-05 23:05:00+00:00,8.59,8.59,8.5701,8.5701,1838.0
2026-01-05 23:10:00+00:00,8.57,8.58,8.57,8.58,1499.0
2026-01-05 23:15:00+00:00,8.59,8.59,8.55,8.5896,2107.0
2026-01-05 23:20:00+00:00,8.59,8.59,8.57,8.57,832.0
2026-01-05 23:25:00+00:00,8.55,8.55,8.55,8.55,2364.0
2026-01-05 23:35:00+00:00,8.56,8.57,8.55,8.55,2495.0
2026-01-05 23:40:00+00:00,8.55,8.57,8.55,8.56,3492.0
2026-01-05 23:45:00+00:00,8.5597,8.56,8.55,8.55,353.0
2026-01-05 23:50:00+00:00,8.56,8.56,8.55,8.55,14790.0
2026-01-05 23:55:00+00:00,8.56,8.56,8.55,8.5503,1183.0
2026-01-06 00:00:00+00:00,8.56,8.56,8.5502,8.56,3141.0
2026-01-06 00:05:00+00:00,8.5598,8.5598,8.55,8.55,1056.0
2026-01-06 00:10:00+00:00,8.5501,8.56,8.55,8.5503,2770.0
2026-01-06 00:15:00+00:00,8.55,8.5502,8.55,8.55,4179.0
2026-01-06 00:20:00+00:00,8.5699,8.57,8.5699,8.5699,2796.0
2026-01-06 00:25:00+00:00,8.57,8.57,8.5699,8.57,13464.0
2026-01-06 00:30:00+00:00,8.5601,8.57,8.56,8.5698,3170.0
2026-01-06 00:35:00+00:00,8.5687,8.57,8.5687,8.57,1006.0
2026-01-06 00:40:00+00:00,8.5699,8.5699,8.56,8.5699,3472.0
2026-01-06 00:45:00+00:00,8.57,8.57,8.5684,8.57,1068.0
2026-01-06 00:50:00+00:00,8.57,8.57,8.55,8.57,8095.0
2026-01-06 00:55:00+00:00,8.5691,8.58,8.5691,8.58,6245.0
2026-01-06 09:00:00+00:00,8.58,8.58,8.54,8.57,6176.0
2026-01-06 09:05:00+00:00,8.58,8.58,8.545,8.545,2203.0
2026-01-06 09:10:00+00:00,8.54,8.54,8.53,8.53,1451.0
2026-01-06 09:15:00+00:00,8.53,8.58,8.53,8.57,14910.0
2026-01-06 09:20:00+00:00,8.56,8.59,8.56,8.58,6072.0
2026-01-06 09:25:00+00:00,8.56,8.57,8.56,8.57,1848.0
2026-01-06 09:30:00+00:00,8.57,8.57,8.55,8.55,2107.0
2026-01-06 09:35:00+00:00,8.53,8.54,8.52,8.52,2693.0
2026-01-06 09:50:00+00:00,8.52,8.54,8.52,8.53,4749.0
2026-01-06 10:05:00+00:00,8.53,8.54,8.53,8.54,707.0
2026-01-06 10:10:00+00:00,8.54,8.54,8.54,8.54,350.0
2026-01-06 10:25:00+00:00,8.53,8.53,8.53,8.53,868.0
2026-01-06 10:30:00+00:00,8.55,8.55,8.55,8.55,448.0
2026-01-06 10:40:00+00:00,8.54,8.54,8.53,8.53,1305.0
2026-01-06 10:45:00+00:00,8.55,8.55,8.55,8.55,506.0
2026-01-06 10:50:00+00:00,8.54,8.54,8.54,8.54,469.0
2026-01-06 10:55:00+00:00,8.535,8.54,8.535,8.54,912.0
2026-01-06 11:00:00+00:00,8.55,8.55,8.55,8.55,205.0
2026-01-06 11:05:00+00:00,8.54,8.54,8.54,8.54,206.0
2026-01-06 11:20:00+00:00,8.55,8.56,8.55,8.55,7350.0
2026-01-06 11:30:00+00:00,8.56,8.56,8.56,8.56,400.0
2026-01-06 11:40:00+00:00,8.56,8.56,8.56,8.56,778.0
2026-01-06 11:45:00+00:00,8.56,8.56,8.56,8.56,308.0
2026-01-06 11:55:00+00:00,8.57,8.57,8.56,8.56,1705.0
2026-01-06 12:00:00+00:00,8.56,8.58,8.56,8.56,4479.0
2026-01-06 12:05:00+00:00,8.57,8.57,8.57,8.57,2050.0
2026-01-06 12:10:00+00:00,8.57,8.57,8.56,8.56,4058.0
2026-01-06 12:15:00+00:00,8.57,8.58,8.57,8.58,8875.0
2026-01-06 12:20:00+00:00,8.58,8.58,8.579,8.579,309.0
2026-01-06 12:25:00+00:00,8.58,8.58,8.58,8.58,300.0
2026-01-06 12:30:00+00:00,8.57,8.57,8.56,8.57,2824.0
2026-01-06 12:35:00+00:00,8.56,8.56,8.56,8.56,6730.0
2026-01-06 12:40:00+00:00,8.57,8.57,8.56,8.56,1526.0
2026-01-06 12:45:00+00:00,8.57,8.57,8.56,8.56,200.0
2026-01-06 12:50:00+00:00,8.57,8.57,8.57,8.57,170.0
2026-01-06 13:00:00+00:00,8.569,8.66,8.52,8.574,98918.0
2026-01-06 13:05:00+00:00,8.5601,8.5739,8.56,8.56,742.0
2026-01-06 13:10:00+00:00,8.57,8.5799,8.5609,8.5793,6251.0
2026-01-06 13:15:00+00:00,8.5605,8.5698,8.56,8.5698,945.0
2026-01-06 13:20:00+00:00,8.5698,8.57,8.56,8.56,3990.0
2026-01-06 13:25:00+00:00,8.56,8.57,8.56,8.57,6467.0
2026-01-06 13:30:00+00:00,8.57,8.57,8.56,8.57,13135.0
2026-01-06 13:35:00+00:00,8.57,8.57,8.55,8.56,28678.0
2026-01-06 13:40:00+00:00,8.57,8.57,8.56,8.569,11064.0
2026-01-06 13:45:00+00:00,8.56,8.57,8.55,8.56,8919.0
2026-01-06 13:50:00+00:00,8.55,8.55,8.52,8.5384,13226.0
2026-01-06 13:55:00+00:00,8.53,8.57,8.53,8.57,28625.0
2026-01-06 14:00:00+00:00,8.5601,8.5601,8.54,8.5501,7716.0
2026-01-06 14:05:00+00:00,8.5509,8.5795,8.54,8.57,12092.0
2026-01-06 14:10:00+00:00,8.57,8.58,8.57,8.5799,2042.0
2026-01-06 14:15:00+00:00,8.58,8.58,8.56,8.56,16554.0
2026-01-06 14:20:00+00:00,8.57,8.6,8.56,8.6,16512.0
2026-01-06 14:25:00+00:00,8.59,8.61,8.59,8.59,8313.0
2026-01-06 14:30:00+00:00,8.605,8.68,8.54,8.66,827067.0
2026-01-06 14:35:00+00:00,8.6535,8.6855,8.59,8.664,460337.0
2026-01-06 14:40:00+00:00,8.665,8.68,8.5901,8.6043,451268.0
2026-01-06 14:45:00+00:00,8.6,8.61,8.47,8.555,753850.0
2026-01-06 14:50:00+00:00,8.55,8.625,8.5427,8.59,381145.0
2026-01-06 14:55:00+00:00,8.585,8.585,8.4844,8.54,555860.0
2026-01-06 15:00:00+00:00,8.53,8.56,8.5,8.53,394969.0
2026-01-06 15:05:00+00:00,8.5301,8.61,8.5201,8.6,434411.0
2026-01-06 15:10:00+00:00,8.61,8.61,8.52,8.5446,411060.0
2026-01-06 15:15:00+00:00,8.545,8.5794,8.535,8.57,307523.0
2026-01-06 15:20:00+00:00,8.565,8.6055,8.53,8.599,481092.0
2026-01-06 15:25:00+00:00,8.6,8.63,8.585,8.625,483181.0
2026-01-06 15:30:00+00:00,8.625,8.65,8.61,8.6299,441805.0
2026-01-06 15:35:00+00:00,8.63,8.63,8.585,8.61,265136.0
2026-01-06 15:40:00+00:00,8.61,8.62,8.59,8.6101,415007.0
2026-01-06 15:45:00+00:00,8.61,8.675,8.6,8.6546,1215861.0
2026-01-06 15:50:00+00:00,8.655,8.68,8.65,8.66,565366.0
2026-01-06 15:55:00+00:00,8.665,8.7,8.65,8.695,417379.0
2026-01-06 16:00:00+00:00,8.695,8.705,8.66,8.6845,861783.0
2026-01-06 16:05:00+00:00,8.6815,8.7,8.67,8.685,803259.0
2026-01-06 16:10:00+00:00,8.69,8.7,8.67,8.68,355343.0
2026-01-06 16:15:00+00:00,8.685,8.69,8.6633,8.675,307604.0
2026-01-06 16:20:00+00:00,8.675,8.7,8.66,8.66,380904.0
2026-01-06 16:25:00+00:00,8.6618,8.6699,8.62,8.65,692204.0
2026-01-06 16:30:00+00:00,8.645,8.646,8.6,8.605,818063.0
2026-01-06 16:35:00+00:00,8.605,8.6256,8.575,8.58,540136.0
2026-01-06 16:40:00+00:00,8.5801,8.61,8.58,8.61,406660.0
2026-01-06 16:45:00+00:00,8.605,8.61,8.59,8.605,405137.0
2026-01-06 16:50:00+00:00,8.605,8.62,8.595,8.605,387786.0
2026-01-06 16:55:00+00:00,8.605,8.62,8.59,8.615,327251.0
2026-01-06 17:00:00+00:00,8.615,8.62,8.6,8.6068,308919.0
2026-01-06 17:05:00+00:00,8.6054,8.64,8.6,8.635,426004.0
2026-01-06 17:10:00+00:00,8.635,8.64,8.605,8.6054,366640.0
2026-01-06 17:15:00+00:00,8.6099,8.62,8.575,8.575,327794.0
2026-01-06 17:20:00+00:00,8.575,8.6,8.57,8.59,380897.0
2026-01-06 17:25:00+00:00,8.595,8.6,8.57,8.585,338184.0
2026-01-06 17:30:00+00:00,8.59,8.595,8.57,8.575,280399.0
2026-01-06 17:35:00+00:00,8.575,8.585,8.57,8.575,292980.0
2026-01-06 17:40:00+00:00,8.575,8.5775,8.54,8.57,332584.0
2026-01-06 17:45:00+00:00,8.565,8.576,8.55,8.565,430541.0
2026-01-06 17:50:00+00:00,8.565,8.58,8.55,8.57,330124.0
2026-01-06 17:55:00+00:00,8.575,8.58,8.555,8.555,235695.0
2026-01-06 18:00:00+00:00,8.555,8.56,8.51,8.515,342086.0
2026-01-06 18:05:00+00:00,8.515,8.52,8.49,8.505,470362.0
2026-01-06 18:10:00+00:00,8.5062,8.55,8.505,8.545,323946.0
2026-01-06 18:15:00+00:00,8.55,8.58,8.5425,8.575,408683.0
2026-01-06 18:20:00+00:00,8.575,8.575,8.525,8.53,278832.0
2026-01-06 18:25:00+00:00,8.535,8.58,8.52,8.58,413201.0
2026-01-06 18:30:00+00:00,8.57,8.5755,8.55,8.565,393067.0
2026-01-06 18:35:00+00:00,8.565,8.575,8.545,8.555,398413.0
2026-01-06 18:40:00+00:00,8.555,8.5567,8.53,8.535,328603.0
2026-01-06 18:45:00+00:00,8.535,8.54,8.5,8.53,690671.0
2026-01-06 18:50:00+00:00,8.525,8.56,8.52,8.56,372527.0
2026-01-06 18:55:00+00:00,8.555,8.56,8.54,8.555,269583.0
2026-01-06 19:00:00+00:00,8.555,8.5677,8.54,8.555,376693.0
2026-01-06 19:05:00+00:00,8.5546,8.6,8.5546,8.595,274376.0
2026-01-06 19:10:00+00:00,8.595,8.65,8.59,8.65,410457.0
2026-01-06 19:15:00+00:00,8.6474,8.705,8.64,8.685,770975.0
2026-01-06 19:20:00+00:00,8.68,8.7,8.675,8.695,497067.0
2026-01-06 19:25:00+00:00,8.695,8.71,8.67,8.6801,624215.0
2026-01-06 19:30:00+00:00,8.68,8.705,8.68,8.685,467038.0
2026-01-06 19:35:00+00:00,8.6889,8.7,8.67,8.675,340743.0
2026-01-06 19:40:00+00:00,8.675,8.68,8.65,8.665,309167.0
2026-01-06 19:45:00+00:00,8.6643,8.68,8.66,8.675,307686.0
2026-01-06 19:50:00+00:00,8.675,8.68,8.66,8.67,374063.0
2026-01-06 19:55:00+00:00,8.67,8.68,8.65,8.675,291878.0
2026-01-06 20:00:00+00:00,8.675,8.72,8.675,8.715,495926.0
2026-01-06 20:05:00+00:00,8.715,8.74,8.71,8.73,473071.0
2026-01-06 20:10:00+00:00,8.732,8.75,8.72,8.7401,541832.0
2026-01-06 20:15:00+00:00,8.7401,8.7999,8.74,8.795,755010.0
2026-01-06 20:20:00+00:00,8.79,8.81,8.785,8.795,813200.0
2026-01-06 20:25:00+00:00,8.795,8.835,8.79,8.835,548207.0
2026-01-06 20:30:00+00:00,8.83,8.84,8.8145,8.815,566223.0
2026-01-06 20:35:00+00:00,8.815,8.855,8.815,8.8229,830757.0
2026-01-06 20:40:00+00:00,8.823,8.85,8.81,8.84,803759.0
2026-01-06 20:45:00+00:00,8.84,8.88,8.83,8.865,861675.0
2026-01-06 20:50:00+00:00,8.87,8.875,8.79,8.845,1051503.0
2026-01-06 20:55:00+00:00,8.85,8.85,8.8,8.83,1548730.0
2026-01-06 21:00:00+00:00,8.82,8.83,8.76,8.8,1768296.0
2026-01-06 21:05:00+00:00,8.8,8.8,8.79,8.79,4611.0
2026-01-06 21:10:00+00:00,8.8,8.84,8.7999,8.8101,14730.0
2026-01-06 21:15:00+00:00,8.81,8.82,8.76,8.8,17522.0
2026-01-06 21:20:00+00:00,8.8,8.8,8.79,8.79,2993.0
2026-01-06 21:25:00+00:00,8.8,8.8,8.79,8.8,5234.0
2026-01-06 21:30:00+00:00,8.8,8.8,8.79,8.8,7482.0
2026-01-06 21:35:00+00:00,8.7902,8.8,8.79,8.8,876.0
2026-01-06 21:40:00+00:00,8.79,8.81,8.78,8.81,41984.0
2026-01-06 21:45:00+00:00,8.7928,8.8,8.79,8.79,2217.0
2026-01-06 21:50:00+00:00,8.79,8.79,8.7884,8.79,1793.0
2026-01-06 21:55:00+00:00,8.78,8.8,8.78,8.8,1705.0
2026-01-06 22:00:00+00:00,8.79,8.79,8.77,8.7757,6431.0
2026-01-06 22:05:00+00:00,8.8,8.8,8.78,8.7803,3067.0
2026-01-06 22:10:00+00:00,8.8,8.8,8.79,8.8,2607.0
2026-01-06 22:15:00+00:00,8.8,8.8,8.8,8.8,331.0
2026-01-06 22:20:00+00:00,8.78,8.78,8.78,8.78,3433.0
2026-01-06 22:25:00+00:00,8.78,8.8,8.78,8.8,2635.0
2026-01-06 22:30:00+00:00,8.8,8.8,8.8,8.8,3584.0
2026-01-06 22:35:00+00:00,8.8,8.8,8.79,8.79,3270.0
2026-01-06 22:40:00+00:00,8.8,8.8,8.79,8.8,700.0
2026-01-06 22:45:00+00:00,8.8,8.8,8.7997,8.7997,544.0
2026-01-06 22:50:00+00:00,8.7916,8.8,8.78,8.7997,9389.0
2026-01-06 22:55:00+00:00,8.8,8.8,8.78,8.79,2943.0
2026-01-06 23:00:00+00:00,8.79,8.79,8.79,8.79,160.0
2026-01-06 23:05:00+00:00,8.79,8.79,8.7897,8.7899,952.0
2026-01-06 23:10:00+00:00,8.8,8.8,8.79,8.7902,1826.0
2026-01-06 23:15:00+00:00,8.79,8.8,8.79,8.7999,5082.0
2026-01-06 23:20:00+00:00,8.7999,8.8,8.7999,8.8,3354.0
2026-01-06 23:25:00+00:00,8.8,8.8,8.8,8.8,4869.0
2026-01-06 23:30:00+00:00,8.7901,8.7901,8.79,8.7901,865.0
2026-01-06 23:35:00+00:00,8.79,8.8,8.79,8.8,793.0
2026-01-06 23:40:00+00:00,8.8,8.8,8.7808,8.7808,3238.0
2026-01-06 23:45:00+00:00,8.79,8.79,8.78,8.79,1284.0
2026-01-06 23:50:00+00:00,8.7901,8.7902,8.7901,8.7902,301.0
2026-01-06 23:55:00+00:00,8.79,8.8,8.79,8.8,2080.0
2026-01-07 00:00:00+00:00,8.8,8.81,8.79,8.81,7462.0
2026-01-07 00:05:00+00:00,8.8,8.82,8.79,8.8184,17042.0
2026-01-07 00:10:00+00:00,8.8197,8.8197,8.8,8.8,1306.0
2026-01-07 00:20:00+00:00,8.8003,8.82,8.8,8.82,3334.0
2026-01-07 00:25:00+00:00,8.8014,8.82,8.8014,8.81,1709.0
2026-01-07 00:30:00+00:00,8.81,8.82,8.8,8.8168,4902.0
2026-01-07 00:35:00+00:00,8.82,8.82,8.8001,8.81,3489.0
2026-01-07 00:40:00+00:00,8.81,8.81,8.8,8.81,1210.0
2026-01-07 00:45:00+00:00,8.81,8.81,8.8,8.8,557.0
2026-01-07 00:50:00+00:00,8.8008,8.81,8.8008,8.8099,1277.0
2026-01-07 00:55:00+00:00,8.81,8.81,8.8,8.81,1068.0
2026-01-07 09:00:00+00:00,8.74,8.83,8.74,8.77,1162.0
2026-01-07 09:05:00+00:00,8.765,8.765,8.74,8.74,4131.0
2026-01-07 09:10:00+00:00,8.74,8.75,8.74,8.75,2499.0
2026-01-07 09:15:00+00:00,8.75,8.75,8.75,8.75,1380.0
2026-01-07 09:25:00+00:00,8.76,8.77,8.76,8.77,2364.0
2026-01-07 09:30:00+00:00,8.75,8.75,8.75,8.75,183.0
2026-01-07 09:50:00+00:00,8.75,8.75,8.75,8.75,277.0
2026-01-07 09:55:00+00:00,8.75,8.75,8.75,8.75,462.0
2026-01-07 10:05:00+00:00,8.74,8.74,8.74,8.74,240.0
2026-01-07 10:20:00+00:00,8.74,8.74,8.73,8.73,454.0
2026-01-07 10:25:00+00:00,8.74,8.74,8.74,8.74,300.0
2026-01-07 10:30:00+00:00,8.73,8.73,8.73,8.73,274.0
2026-01-07 10:35:00+00:00,8.74,8.74,8.72,8.72,5771.0
2026-01-07 10:45:00+00:00,8.73,8.73,8.73,8.73,157.0
2026-01-07 10:55:00+00:00,8.72,8.72,8.71,8.71,1154.0
2026-01-07 11:05:00+00:00,8.69,8.69,8.69,8.69,465.0
2026-01-07 11:10:00+00:00,8.7,8.71,8.7,8.71,454.0
2026-01-07 11:20:00+00:00,8.69,8.69,8.69,8.69,828.0
2026-01-07 11:25:00+00:00,8.7,8.71,8.69,8.71,937.0
2026-01-07 11:30:00+00:00,8.71,8.72,8.71,8.72,550.0
2026-01-07 11:40:00+00:00,8.71,8.71,8.71,8.71,650.0
2026-01-07 11:45:00+00:00,8.72,8.72,8.715,8.72,1506.0
2026-01-07 11:50:00+00:00,8.715,8.72,8.715,8.72,866.0
2026-01-07 11:55:00+00:00,8.72,8.73,8.715,8.73,1317.0
2026-01-07 12:00:00+00:00,8.74,8.74,8.73,8.73,4061.0
2026-01-07 12:05:00+00:00,8.72,8.72,8.72,8.72,1656.0
2026-01-07 12:15:00+00:00,8.71,8.71,8.71,8.71,100.0
2026-01-07 12:30:00+00:00,8.71,8.71,8.71,8.71,1243.0
2026-01-07 12:35:00+00:00,8.7,8.7,8.68,8.7,6635.0
2026-01-07 12:40:00+00:00,8.7,8.7,8.7,8.7,644.0
2026-01-07 12:45:00+00:00,8.7,8.72,8.7,8.7,2855.0
2026-01-07 12:50:00+00:00,8.7,8.7,8.7,8.7,3206.0
2026-01-07 13:00:00+00:00,8.73,8.81,8.68,8.69,72518.0
2026-01-07 13:05:00+00:00,8.7001,8.71,8.7,8.7098,3485.0
2026-01-07 13:10:00+00:00,8.7002,8.7002,8.69,8.7,6369.0
2026-01-07 13:15:00+00:00,8.69,8.7,8.69,8.6911,13070.0
2026-01-07 13:20:00+00:00,8.7,8.7,8.69,8.6998,2272.0
2026-01-07 13:25:00+00:00,8.69,8.7,8.69,8.6999,5592.0
2026-01-07 13:30:00+00:00,8.6984,8.72,8.69,8.71,9106.0
2026-01-07 13:35:00+00:00,8.715,8.72,8.7,8.719,3786.0
2026-01-07 13:40:00+00:00,8.72,8.74,8.72,8.74,2563.0
2026-01-07 13:45:00+00:00,8.74,8.75,8.73,8.75,28051.0
2026-01-07 13:50:00+00:00,8.7499,8.75,8.74,8.74,2964.0
2026-01-07 13:55:00+00:00,8.75,8.76,8.75,8.76,8623.0
2026-01-07 14:00:00+00:00,8.77,8.77,8.75,8.7502,5016.0
2026-01-07 14:05:00+00:00,8.75,8.8,8.74,8.77,17429.0
2026-01-07 14:10:00+00:00,8.76,8.7601,8.75,8.75,2707.0
2026-01-07 14:15:00+00:00,8.77,8.79,8.76,8.7884,15976.0
2026-01-07 14:20:00+00:00,8.79,8.8,8.75,8.75,29931.0
2026-01-07 14:25:00+00:00,8.74,8.79,8.74,8.79,20790.0
2026-01-07 14:30:00+00:00,8.8,8.8,8.63,8.6599,1030761.0
2026-01-07 14:35:00+00:00,8.66,8.71,8.6,8.625,556856.0
2026-01-07 14:40:00+00:00,8.625,8.67,8.6136,8.65,332113.0
2026-01-07 14:45:00+00:00,8.6501,8.7,8.63,8.69,253497.0
2026-01-07 14:50:00+00:00,8.6922,8.715,8.6346,8.665,221907.0
2026-01-07 14:55:00+00:00,8.6646,8.6646,8.635,8.645,197527.0
2026-01-07 15:00:00+00:00,8.65,8.655,8.55,8.555,614764.0
2026-01-07 15:05:00+00:00,8.555,8.61,8.54,8.5836,345824.0
2026-01-07 15:10:00+00:00,8.5836,8.6,8.57,8.59,273513.0
2026-01-07 15:15:00+00:00,8.5912,8.5912,8.56,8.565,210781.0
2026-01-07 15:20:00+00:00,8.57,8.5898,8.56,8.575,237017.0
2026-01-07 15:25:00+00:00,8.5799,8.595,8.56,8.58,170065.0
2026-01-07 15:30:00+00:00,8.5855,8.605,8.52,8.5299,391671.0
2026-01-07 15:35:00+00:00,8.525,8.55,8.514,8.545,370482.0
2026-01-07 15:40:00+00:00,8.545,8.59,8.5414,8.59,291597.0
2026-01-07 15:45:00+00:00,8.58,8.5899,8.53,8.5456,695869.0
2026-01-07 15:50:00+00:00,8.54,8.55,8.51,8.515,623167.0
2026-01-07 15:55:00+00:00,8.515,8.53,8.51,8.515,233003.0
2026-01-07 16:00:00+00:00,8.515,8.6,8.51,8.5905,829194.0
2026-01-07 16:05:00+00:00,8.595,8.61,8.56,8.58,434677.0
2026-01-07 16:10:00+00:00,8.575,8.59,8.56,8.57,399152.0
2026-01-07 16:15:00+00:00,8.572,8.59,8.57,8.585,184514.0
2026-01-07 16:20:00+00:00,8.58,8.59,8.56,8.575,225871.0
2026-01-07 16:25:00+00:00,8.57,8.6051,8.565,8.605,261305.0
2026-01-07 16:30:00+00:00,8.6097,8.61,8.59,8.595,214356.0
2026-01-07 16:35:00+00:00,8.6,8.63,8.6,8.63,251360.0
2026-01-07 16:40:00+00:00,8.6284,8.65,8.62,8.64,238326.0
2026-01-07 16:45:00+00:00,8.64,8.67,8.63,8.665,396655.0
2026-01-07 16:50:00+00:00,8.6655,8.69,8.66,8.675,406674.0
2026-01-07 16:55:00+00:00,8.67,8.68,8.6301,8.635,319441.0
2026-01-07 17:00:00+00:00,8.635,8.65,8.63,8.635,237435.0
2026-01-07 17:05:00+00:00,8.63,8.64,8.62,8.64,234244.0
2026-01-07 17:10:00+00:00,8.64,8.64,8.59,8.595,264008.0
2026-01-07 17:15:00+00:00,8.595,8.62,8.585,8.585,270881.0
2026-01-07 17:20:00+00:00,8.585,8.61,8.58,8.59,429063.0
2026-01-07 17:25:00+00:00,8.58,8.59,8.57,8.585,212611.0
2026-01-07 17:30:00+00:00,8.58,8.5886,8.57,8.5724,218878.0
2026-01-07 17:35:00+00:00,8.57,8.585,8.5601,8.585,260782.0
2026-01-07 17:40:00+00:00,8.5845,8.59,8.57,8.575,196188.0
2026-01-07 17:45:00+00:00,8.575,8.585,8.53,8.535,254284.0
2026-01-07 17:50:00+00:00,8.535,8.545,8.51,8.535,332923.0
2026-01-07 17:55:00+00:00,8.535,8.565,8.53,8.5599,208989.0
2026-01-07 18:00:00+00:00,8.55,8.555,8.52,8.53,233717.0
2026-01-07 18:05:00+00:00,8.53,8.55,8.525,8.5301,221238.0
2026-01-07 18:10:00+00:00,8.535,8.55,8.53,8.545,184831.0
2026-01-07 18:15:00+00:00,8.545,8.55,8.534,8.536,281235.0
2026-01-07 18:20:00+00:00,8.53,8.55,8.53,8.538,165092.0
2026-01-07 18:25:00+00:00,8.535,8.55,8.53,8.55,160784.0
2026-01-07 18:30:00+00:00,8.5459,8.56,8.53,8.5399,268925.0
2026-01-07 18:35:00+00:00,8.54,8.54,8.53,8.535,158426.0
2026-01-07 18:40:00+00:00,8.535,8.55,8.531,8.54,222658.0
2026-01-07 18:45:00+00:00,8.5399,8.55,8.51,8.5456,244613.0
2026-01-07 18:50:00+00:00,8.545,8.5597,8.54,8.545,157830.0
2026-01-07 18:55:00+00:00,8.545,8.565,8.54,8.56,215208.0
2026-01-07 19:00:00+00:00,8.555,8.59,8.5526,8.585,180964.0
2026-01-07 19:05:00+00:00,8.585,8.6,8.55,8.5501,205920.0
2026-01-07 19:10:00+00:00,8.55,8.565,8.52,8.555,387132.0
2026-01-07 19:15:00+00:00,8.555,8.57,8.535,8.57,330540.0
2026-01-07 19:20:00+00:00,8.57,8.59,8.5686,8.575,200441.0
2026-01-07 19:25:00+00:00,8.57,8.58,8.56,8.5795,188056.0
2026-01-07 19:30:00+00:00,8.58,8.61,8.58,8.6014,147678.0
2026-01-07 19:35:00+00:00,8.605,8.6099,8.55,8.5543,297522.0
2026-01-07 19:40:00+00:00,8.55,8.57,8.54,8.5699,354143.0
2026-01-07 19:45:00+00:00,8.5651,8.59,8.555,8.575,400941.0
2026-01-07 19:50:00+00:00,8.57,8.58,8.56,8.564,300818.0
2026-01-07 19:55:00+00:00,8.56,8.57,8.56,8.5699,120359.0
2026-01-07 20:00:00+00:00,8.57,8.575,8.55,8.565,306049.0
2026-01-07 20:05:00+00:00,8.565,8.57,8.54,8.555,624418.0
2026-01-07 20:10:00+00:00,8.5529,8.555,8.5199,8.535,295744.0
2026-01-07 20:15:00+00:00,8.535,8.55,8.52,8.5401,349860.0
2026-01-07 20:20:00+00:00,8.54,8.55,8.52,8.525,274017.0
2026-01-07 20:25:00+00:00,8.52,8.53,8.49,8.495,531374.0
2026-01-07 20:30:00+00:00,8.495,8.505,8.47,8.4775,377477.0
2026-01-07 20:35:00+00:00,8.4799,8.4976,8.47,8.495,356943.0
2026-01-07 20:40:00+00:00,8.49,8.5099,8.483,8.506,282665.0
2026-01-07 20:45:00+00:00,8.5,8.51,8.49,8.4985,248875.0
2026-01-07 20:50:00+00:00,8.5,8.51,8.45,8.4547,869457.0
2026-01-07 20:55:00+00:00,8.455,8.455,8.4,8.415,942941.0
2026-01-07 21:00:00+00:00,8.42,8.45,8.4002,8.42,1444671.0
2026-01-07 21:05:00+00:00,8.41,8.42,8.41,8.4197,12009.0
2026-01-07 21:10:00+00:00,8.4184,8.45,8.41,8.45,8874.0
2026-01-07 21:15:00+00:00,8.45,8.47,8.43,8.43,10410.0
2026-01-07 21:20:00+00:00,8.44,8.45,8.42,8.42,2697.0
2026-01-07 21:25:00+00:00,8.42,8.45,8.42,8.43,4896.0
2026-01-07 21:30:00+00:00,8.42,8.53,8.42,8.52,73936.0
2026-01-07 21:35:00+00:00,8.52,8.6,8.47,8.52,67160.0
2026-01-07 21:40:00+00:00,8.51,8.54,8.51,8.54,15141.0
2026-01-07 21:45:00+00:00,8.49,8.56,8.49,8.55,59777.0
2026-01-07 21:50:00+00:00,8.5392,8.57,8.44,8.5,72557.0
2026-01-07 21:55:00+00:00,8.49,8.55,8.49,8.55,2080.0
2026-01-07 22:00:00+00:00,8.5,8.55,8.49,8.55,6599.0
2026-01-07 22:05:00+00:00,8.52,8.55,8.48,8.51,28314.0
2026-01-07 22:10:00+00:00,8.49,8.54,8.49,8.498,1695.0
2026-01-07 22:15:00+00:00,8.4901,8.4915,8.49,8.49,16448.0
2026-01-07 22:20:00+00:00,8.49,8.5,8.49,8.49,2803.0
2026-01-07 22:25:00+00:00,8.51,8.54,8.5,8.5,1016.0
2026-01-07 22:30:00+00:00,8.52,8.5379,8.49,8.51,3176.0
2026-01-07 22:35:00+00:00,8.51,8.54,8.51,8.54,1708.0
2026-01-07 22:40:00+00:00,8.4997,8.4997,8.49,8.49,855.0
2026-01-07 22:45:00+00:00,8.49,8.49,8.49,8.49,2217.0
2026-01-07 22:50:00+00:00,8.49,8.5,8.49,8.5,531.0
2026-01-07 22:55:00+00:00,8.49,8.49,8.4832,8.4832,266.0
2026-01-07 23:00:00+00:00,8.49,8.49,8.49,8.49,152.0
2026-01-07 23:05:00+00:00,8.5,8.5,8.49,8.49,2425.0
2026-01-07 23:10:00+00:00,8.49,8.4901,8.49,8.49,1371.0
2026-01-07 23:15:00+00:00,8.5,8.5,8.48,8.48,1261.0
2026-01-07 23:20:00+00:00,8.4704,8.4898,8.45,8.4898,11707.0
2026-01-07 23:25:00+00:00,8.4892,8.49,8.48,8.49,1315.0
2026-01-07 23:30:00+00:00,8.49,8.49,8.46,8.46,871.0
2026-01-07 23:35:00+00:00,8.47,8.48,8.47,8.48,808.0
2026-01-07 23:40:00+00:00,8.47,8.48,8.45,8.47,4370.0
2026-01-07 23:45:00+00:00,8.47,8.47,8.45,8.46,991.0
2026-01-07 23:50:00+00:00,8.47,8.47,8.46,8.46,836.0
2026-01-07 23:55:00+00:00,8.4599,8.46,8.4599,8.46,332.0
2026-01-08 00:00:00+00:00,8.4599,8.4599,8.4599,8.4599,152.0
2026-01-08 00:05:00+00:00,8.45,8.45,8.45,8.45,2085.0
2026-01-08 00:10:00+00:00,8.46,8.47,8.4599,8.47,1270.0
2026-01-08 00:15:00+00:00,8.47,8.47,8.47,8.47,1153.0
2026-01-08 00:20:00+00:00,8.46,8.46,8.46,8.46,360.0
2026-01-08 00:25:00+00:00,8.47,8.48,8.47,8.47,1554.0
2026-01-08 00:30:00+00:00,8.45,8.47,8.45,8.47,602.0
2026-01-08 00:35:00+00:00,8.48,8.48,8.48,8.48,545.0
2026-01-08 00:40:00+00:00,8.48,8.48,8.47,8.4799,3585.0
2026-01-08 00:45:00+00:00,8.47,8.48,8.46,8.46,51572.0
2026-01-08 00:50:00+00:00,8.46,8.49,8.46,8.49,28123.0
2026-01-08 00:55:00+00:00,8.48,8.49,8.48,8.48,6936.0
2026-01-08 09:00:00+00:00,8.4,8.42,8.35,8.36,14587.0
2026-01-08 09:05:00+00:00,8.38,8.38,8.38,8.38,100.0
2026-01-08 09:10:00+00:00,8.38,8.38,8.38,8.38,2100.0
2026-01-08 09:15:00+00:00,8.37,8.37,8.35,8.35,7028.0
2026-01-08 09:20:00+00:00,8.35,8.35,8.35,8.35,215.0
2026-01-08 09:30:00+00:00,8.35,8.35,8.35,8.35,1265.0
2026-01-08 09:35:00+00:00,8.36,8.36,8.36,8.36,150.0
2026-01-08 09:50:00+00:00,8.36,8.36,8.36,8.36,200.0
2026-01-08 10:10:00+00:00,8.35,8.35,8.35,8.35,247.0
2026-01-08 10:25:00+00:00,8.355,8.36,8.355,8.36,615.0
2026-01-08 10:30:00+00:00,8.35,8.35,8.34,8.35,3201.0
2026-01-08 10:35:00+00:00,8.36,8.36,8.36,8.36,275.0
2026-01-08 10:40:00+00:00,8.36,8.38,8.36,8.38,744.0
2026-01-08 10:45:00+00:00,8.37,8.37,8.36,8.36,899.0
2026-01-08 11:05:00+00:00,8.38,8.38,8.38,8.38,100.0
2026-01-08 11:10:00+00:00,8.36,8.37,8.36,8.37,909.0
2026-01-08 11:15:00+00:00,8.36,8.36,8.36,8.36,1403.0
2026-01-08 11:20:00+00:00,8.37,8.37,8.37,8.37,100.0
2026-01-08 11:25:00+00:00,8.37,8.38,8.37,8.38,1105.0
2026-01-08 11:30:00+00:00,8.36,8.36,8.35,8.36,1866.0
2026-01-08 11:35:00+00:00,8.38,8.38,8.37,8.37,469.0
2026-01-08 11:45:00+00:00,8.39,8.39,8.36,8.39,5803.0
2026-01-08 11:50:00+00:00,8.39,8.4,8.39,8.39,6081.0
2026-01-08 11:55:00+00:00,8.41,8.41,8.4,8.4,927.0
2026-01-08 12:00:00+00:00,8.41,8.44,8.41,8.44,4758.0
2026-01-08 12:05:00+00:00,8.43,8.44,8.43,8.43,1710.0
2026-01-08 12:10:00+00:00,8.431,8.44,8.43,8.43,1903.0
2026-01-08 12:15:00+00:00,8.43,8.43,8.43,8.43,1793.0
2026-01-08 12:20:00+00:00,8.43,8.45,8.43,8.45,2333.0
2026-01-08 12:25:00+00:00,8.45,8.45,8.45,8.45,2547.0
2026-01-08 12:30:00+00:00,8.46,8.47,8.455,8.47,2006.0
2026-01-08 12:45:00+00:00,8.47,8.49,8.47,8.49,6337.0
2026-01-08 12:50:00+00:00,8.5,8.511,8.5,8.511,4239.0
2026-01-08 12:55:00+00:00,8.51,8.51,8.5,8.51,3832.0
2026-01-08 13:00:00+00:00,8.52,8.77,8.35,8.58,251692.0
2026-01-08 13:05:00+00:00,8.6099,8.68,8.56,8.6797,51898.0
2026-01-08 13:10:00+00:00,8.67,8.72,8.6,8.62,56397.0
2026-01-08 13:15:00+00:00,8.6201,8.65,8.56,8.6,48588.0
2026-01-08 13:20:00+00:00,8.5808,8.63,8.56,8.56,37608.0
2026-01-08 13:25:00+00:00,8.571,8.62,8.571,8.62,37316.0
2026-01-08 13:30:00+00:00,8.62,8.62,8.58,8.585,28939.0
2026-01-08 13:35:00+00:00,8.595,8.61,8.58,8.6,20904.0
2026-01-08 13:40:00+00:00,8.6,8.62,8.5795,8.5795,41672.0
2026-01-08 13:45:00+00:00,8.5784,8.59,8.55,8.56,10977.0
2026-01-08 13:50:00+00:00,8.56,8.59,8.55,8.58,18494.0
2026-01-08 13:55:00+00:00,8.58,8.59,8.58,8.589,18806.0
2026-01-08 14:00:00+00:00,8.59,8.6,8.57,8.57,30619.0
2026-01-08 14:05:00+00:00,8.57,8.58,8.56,8.5799,7875.0
2026-01-08 14:10:00+00:00,8.58,8.58,8.53,8.54,18059.0
2026-01-08 14:15:00+00:00,8.54,8.57,8.531,8.5632,9356.0
2026-01-08 14:20:00+00:00,8.57,8.59,8.55,8.5891,28975.0
2026-01-08 14:25:00+00:00,8.5801,8.6,8.49,8.49,41960.0
2026-01-08 14:30:00+00:00,8.49,8.6299,8.44,8.565,891573.0
2026-01-08 14:35:00+00:00,8.5601,8.765,8.5511,8.74,1049859.0
2026-01-08 14:40:00+00:00,8.75,8.87,8.73,8.7999,1005910.0
2026-01-08 14:45:00+00:00,8.79,8.93,8.78,8.92,1260430.0
2026-01-08 14:50:00+00:00,8.925,8.94,8.81,8.81,737532.0
2026-01-08 14:55:00+00:00,8.81,8.82,8.74,8.765,625680.0
2026-01-08 15:00:00+00:00,8.76,8.7686,8.64,8.655,830111.0
2026-01-08 15:05:00+00:00,8.65,8.7,8.61,8.67,533244.0
2026-01-08 15:10:00+00:00,8.6714,8.8198,8.655,8.8,585043.0
2026-01-08 15:15:00+00:00,8.795,8.885,8.771,8.885,576217.0
2026-01-08 15:20:00+00:00,8.885,9.01,8.88,8.9799,1573377.0
2026-01-08 15:25:00+00:00,8.975,9.0,8.89,8.9207,828076.0
2026-01-08 15:30:00+00:00,8.925,8.97,8.9,8.9434,627282.0
2026-01-08 15:35:00+00:00,8.945,8.945,8.78,8.7894,531356.0
2026-01-08 15:40:00+00:00,8.785,8.8257,8.775,8.805,716857.0
2026-01-08 15:45:00+00:00,8.81,8.83,8.7,8.72,578591.0
2026-01-08 15:50:00+00:00,8.72,8.735,8.67,8.6815,482167.0
2026-01-08 15:55:00+00:00,8.685,8.75,8.68,8.7248,593072.0
2026-01-08 16:00:00+00:00,8.725,8.735,8.6906,8.7,340063.0
2026-01-08 16:05:00+00:00,8.7,8.7,8.595,8.595,532815.0
2026-01-08 16:10:00+00:00,8.595,8.66,8.59,8.6401,571455.0
2026-01-08 16:15:00+00:00,8.645,8.6556,8.615,8.625,337580.0
2026-01-08 16:20:00+00:00,8.63,8.7367,8.625,8.72,513606.0
2026-01-08 16:25:00+00:00,8.715,8.83,8.7146,8.825,951381.0
2026-01-08 16:30:00+00:00,8.825,8.9,8.82,8.8951,890064.0
2026-01-08 16:35:00+00:00,8.89,8.9,8.8117,8.815,876753.0
2026-01-08 16:40:00+00:00,8.815,8.845,8.7801,8.8388,702026.0
2026-01-08 16:45:00+00:00,8.835,8.87,8.835,8.855,603047.0
2026-01-08 16:50:00+00:00,8.8591,8.875,8.83,8.8587,906894.0
2026-01-08 16:55:00+00:00,8.855,8.88,8.84,8.8535,774675.0
2026-01-08 17:00:00+00:00,8.855,8.87,8.8438,8.855,606596.0
2026-01-08 17:05:00+00:00,8.85,8.86,8.83,8.845,565124.0
2026-01-08 17:10:00+00:00,8.8455,8.87,8.84,8.86,493682.0
2026-01-08 17:15:00+00:00,8.8563,8.87,8.83,8.854,521761.0
2026-01-08 17:20:00+00:00,8.855,8.86,8.81,8.8103,581470.0
2026-01-08 17:25:00+00:00,8.815,8.815,8.7647,8.795,798313.0
2026-01-08 17:30:00+00:00,8.795,8.815,8.76,8.7615,445455.0
2026-01-08 17:35:00+00:00,8.7617,8.81,8.76,8.81,352722.0
2026-01-08 17:40:00+00:00,8.81,8.84,8.805,8.835,467543.0
2026-01-08 17:45:00+00:00,8.835,8.8599,8.83,8.8551,315425.0
2026-01-08 17:50:00+00:00,8.855,8.92,8.85,8.885,468855.0
2026-01-08 17:55:00+00:00,8.885,8.89,8.86,8.875,259100.0
2026-01-08 18:00:00+00:00,8.875,8.88,8.795,8.795,276349.0
2026-01-08 18:05:00+00:00,8.79,8.82,8.78,8.81,271467.0
2026-01-08 18:10:00+00:00,8.815,8.82,8.78,8.785,208212.0
2026-01-08 18:15:00+00:00,8.785,8.79,8.77,8.785,207934.0
2026-01-08 18:20:00+00:00,8.79,8.81,8.785,8.785,348855.0
2026-01-08 18:25:00+00:00,8.785,8.8,8.77,8.78,152308.0
2026-01-08 18:30:00+00:00,8.7799,8.78,8.74,8.745,390593.0
2026-01-08 18:35:00+00:00,8.745,8.76,8.7301,8.735,293538.0
2026-01-08 18:40:00+00:00,8.74,8.75,8.73,8.735,106353.0
2026-01-08 18:45:00+00:00,8.74,8.75,8.72,8.73,250557.0
2026-01-08 18:50:00+00:00,8.73,8.735,8.7114,8.715,145916.0
2026-01-08 18:55:00+00:00,8.715,8.72,8.68,8.7098,270079.0
2026-01-08 19:00:00+00:00,8.71,8.775,8.71,8.765,420131.0
2026-01-08 19:05:00+00:00,8.765,8.78,8.75,8.76,344567.0
2026-01-08 19:10:00+00:00,8.755,8.755,8.726,8.74,380399.0
2026-01-08 19:15:00+00:00,8.7399,8.75,8.71,8.74,714564.0
2026-01-08 19:20:00+00:00,8.745,8.79,8.745,8.775,512911.0
2026-01-08 19:25:00+00:00,8.775,8.7899,8.75,8.77,744927.0
2026-01-08 19:30:00+00:00,8.775,8.7953,8.7541,8.755,491930.0
2026-01-08 19:35:00+00:00,8.755,8.765,8.72,8.7201,484432.0
2026-01-08 19:40:00+00:00,8.725,8.76,8.72,8.7534,551152.0
2026-01-08 19:45:00+00:00,8.7532,8.78,8.7425,8.77,768503.0
2026-01-08 19:50:00+00:00,8.775,8.86,8.77,8.825,1937928.0
2026-01-08 19:55:00+00:00,8.8203,8.825,8.76,8.785,853144.0
2026-01-08 20:00:00+00:00,8.785,8.7872,8.725,8.7484,738717.0
2026-01-08 20:05:00+00:00,8.745,8.76,8.73,8.76,485612.0
2026-01-08 20:10:00+00:00,8.7549,8.79,8.73,8.7701,549504.0
2026-01-08 20:15:00+00:00,8.775,8.7757,8.73,8.7401,320815.0
2026-01-08 20:20:00+00:00,8.75,8.76,8.715,8.715,604597.0
2026-01-08 20:25:00+00:00,8.715,8.7466,8.7101,8.735,618260.0
2026-01-08 20:30:00+00:00,8.735,8.77,8.73,8.755,687515.0
2026-01-08 20:35:00+00:00,8.755,8.776,8.74,8.745,548942.0
2026-01-08 20:40:00+00:00,8.75,8.75,8.7,8.705,672705.0
2026-01-08 20:45:00+00:00,8.705,8.75,8.7,8.71,1193176.0
2026-01-08 20:50:00+00:00,8.7068,8.7068,8.6501,8.675,870250.0
2026-01-08 20:55:00+00:00,8.675,8.73,8.67,8.7,1282133.0
2026-01-08 21:00:00+00:00,8.7,8.75,8.68,8.74,1319405.0
2026-01-08 21:05:00+00:00,8.71,8.75,8.68,8.74,18314.0
2026-01-08 21:10:00+00:00,8.74,8.74,8.72,8.72,4556.0
2026-01-08 21:15:00+00:00,8.74,8.75,8.72,8.75,1971.0
2026-01-08 21:20:00+00:00,8.75,8.75,8.72,8.7452,3009.0
2026-01-08 21:25:00+00:00,8.73,8.75,8.72,8.72,3684.0
2026-01-08 21:30:00+00:00,8.73,8.73,8.72,8.73,4867.0
2026-01-08 21:35:00+00:00,8.7216,8.75,8.7216,8.74,6712.0
2026-01-08 21:40:00+00:00,8.7391,8.74,8.73,8.74,1379.0
2026-01-08 21:45:00+00:00,8.74,8.75,8.7387,8.74,10412.0
2026-01-08 21:50:00+00:00,8.75,8.75,8.74,8.75,2438.0
2026-01-08 21:55:00+00:00,8.74,8.75,8.74,8.7498,10217.0
2026-01-08 22:00:00+00:00,8.7499,8.75,8.74,8.75,3906.0
2026-01-08 22:05:00+00:00,8.7724,8.7724,8.76,8.76,1329.0
2026-01-08 22:10:00+00:00,8.76,8.77,8.76,8.77,12869.0
2026-01-08 22:15:00+00:00,8.77,8.77,8.76,8.7601,14926.0
2026-01-08 22:20:00+00:00,8.7616,8.79,8.7616,8.79,10080.0
2026-01-08 22:25:00+00:00,8.79,8.8,8.78,8.8,8852.0
2026-01-08 22:30:00+00:00,8.8,8.8,8.7601,8.8,7320.0
2026-01-08 22:35:00+00:00,8.78,8.78,8.77,8.77,3449.0
2026-01-08 22:40:00+00:00,8.7704,8.7704,8.77,8.77,5313.0
2026-01-08 22:45:00+00:00,8.77,8.7711,8.77,8.7709,2023.0
2026-01-08 22:50:00+00:00,8.78,8.78,8.77,8.7702,3302.0
2026-01-08 22:55:00+00:00,8.78,8.78,8.77,8.78,1242.0
2026-01-08 23:00:00+00:00,8.76,8.78,8.76,8.77,2689.0
2026-01-08 23:05:00+00:00,8.77,8.77,8.74,8.76,3551.0
2026-01-08 23:10:00+00:00,8.75,8.76,8.74,8.74,13943.0
2026-01-08 23:15:00+00:00,8.74,8.74,8.72,8.72,5378.0
2026-01-08 23:20:00+00:00,8.72,8.73,8.72,8.73,1209.0
2026-01-08 23:25:00+00:00,8.72,8.72,8.72,8.72,302.0
2026-01-08 23:30:00+00:00,8.7562,8.76,8.72,8.76,3213.0
2026-01-08 23:35:00+00:00,8.76,8.76,8.7598,8.7598,1183.0
2026-01-08 23:40:00+00:00,8.7599,8.7599,8.75,8.75,1326.0
2026-01-08 23:45:00+00:00,8.755,8.76,8.74,8.74,5611.0
2026-01-08 23:50:00+00:00,8.74,8.74,8.73,8.73,2932.0
2026-01-08 23:55:00+00:00,8.75,8.76,8.73,8.73,1253.0
2026-01-09 00:00:00+00:00,8.7593,8.76,8.73,8.73,1254.0
2026-01-09 00:05:00+00:00,8.75,8.76,8.73,8.76,4594.0
2026-01-09 00:10:00+00:00,8.76,8.76,8.7597,8.7598,1588.0
2026-01-09 00:15:00+00:00,8.75,8.77,8.75,8.77,1936.0
2026-01-09 00:20:00+00:00,8.77,8.78,8.77,8.78,14132.0
2026-01-09 00:25:00+00:00,8.78,8.78,8.75,8.78,2287.0
2026-01-09 00:30:00+00:00,8.7795,8.7795,8.7795,8.7795,4057.0
2026-01-09 00:35:00+00:00,8.78,8.78,8.75,8.75,2060.0
2026-01-09 00:40:00+00:00,8.77,8.7784,8.76,8.77,2289.0
2026-01-09 00:45:00+00:00,8.7601,8.7601,8.7601,8.7601,712.0
2026-01-09 00:50:00+00:00,8.7699,8.7699,8.76,8.7601,3912.0
2026-01-09 00:55:00+00:00,8.76,8.78,8.76,8.7797,6393.0
2026-01-09 09:00:00+00:00,8.82,8.82,8.77,8.77,3963.0
2026-01-09 09:05:00+00:00,8.8,8.8,8.79,8.79,753.0
2026-01-09 09:10:00+00:00,8.78,8.78,8.78,8.78,362.0
2026-01-09 09:25:00+00:00,8.79,8.83,8.79,8.83,3139.0
2026-01-09 09:30:00+00:00,8.83,8.83,8.82,8.83,7209.0
2026-01-09 09:35:00+00:00,8.83,8.85,8.83,8.85,8823.0
2026-01-09 09:40:00+00:00,8.85,8.85,8.85,8.85,939.0
2026-01-09 09:50:00+00:00,8.86,8.86,8.86,8.86,1220.0
2026-01-09 09:55:00+00:00,8.87,8.88,8.87,8.88,692.0
2026-01-09 10:00:00+00:00,8.88,8.88,8.86,8.86,5411.0
2026-01-09 10:05:00+00:00,8.85,8.85,8.84,8.84,900.0
2026-01-09 10:10:00+00:00,8.85,8.85,8.84,8.84,816.0
2026-01-09 10:15:00+00:00,8.84,8.84,8.84,8.84,538.0
2026-01-09 10:20:00+00:00,8.845,8.845,8.845,8.845,589.0
2026-01-09 10:25:00+00:00,8.84,8.85,8.84,8.85,361.0
2026-01-09 10:30:00+00:00,8.85,8.86,8.85,8.85,1192.0
2026-01-09 10:35:00+00:00,8.86,8.88,8.86,8.86,3067.0
2026-01-09 10:40:00+00:00,8.87,8.87,8.87,8.87,1378.0
2026-01-09 10:45:00+00:00,8.87,8.9,8.87,8.9,9187.0
2026-01-09 10:50:00+00:00,8.91,8.96,8.9,8.96,22230.0
2026-01-09 10:55:00+00:00,8.94,8.94,8.89,8.92,6995.0
2026-01-09 11:00:00+00:00,8.92,8.93,8.92,8.93,6254.0
2026-01-09 11:05:00+00:00,8.92,8.92,8.89,8.89,9839.0
2026-01-09 11:10:00+00:00,8.9,8.9,8.9,8.9,354.0
2026-01-09 11:15:00+00:00,8.9,8.91,8.9,8.91,601.0
2026-01-09 11:20:00+00:00,8.92,8.93,8.92,8.93,4217.0
2026-01-09 11:25:00+00:00,8.93,8.93,8.93,8.93,1716.0
2026-01-09 11:30:00+00:00,8.93,8.93,8.9,8.9,13571.0
2026-01-09 11:35:00+00:00,8.88,8.88,8.88,8.88,987.0
2026-01-09 11:40:00+00:00,8.88,8.91,8.88,8.89,5895.0
2026-01-09 11:45:00+00:00,8.9,8.9,8.89,8.89,2486.0
2026-01-09 11:50:00+00:00,8.89,8.9,8.89,8.9,1219.0
2026-01-09 11:55:00+00:00,8.89,8.89,8.87,8.88,6702.0
2026-01-09 12:00:00+00:00,8.87,8.9,8.87,8.9,11758.0
2026-01-09 12:05:00+00:00,8.9,8.9,8.9,8.9,1118.0
2026-01-09 12:10:00+00:00,8.89,8.9,8.89,8.89,2818.0
2026-01-09 12:15:00+00:00,8.89,8.901,8.88,8.901,26915.0
2026-01-09 12:20:00+00:00,8.91,8.92,8.901,8.92,4113.0
2026-01-09 12:25:00+00:00,8.925,8.93,8.925,8.93,502.0
2026-01-09 12:30:00+00:00,8.92,8.93,8.92,8.93,1834.0
2026-01-09 12:35:00+00:00,8.93,8.93,8.92,8.92,6799.0
2026-01-09 12:40:00+00:00,8.92,8.94,8.92,8.94,6822.0
2026-01-09 12:45:00+00:00,8.94,8.98,8.94,8.98,34131.0
2026-01-09 12:50:00+00:00,8.97,8.97,8.94,8.94,7885.0
2026-01-09 12:55:00+00:00,8.94,8.969,8.94,8.95,5185.0
2026-01-09 13:00:00+00:00,8.89,8.98,8.76,8.9354,388000.0
2026-01-09 13:05:00+00:00,8.93,8.94,8.93,8.94,9909.0
2026-01-09 13:10:00+00:00,8.94,8.94,8.93,8.93,23057.0
2026-01-09 13:15:00+00:00,8.935,8.94,8.93,8.9399,31078.0
2026-01-09 13:20:00+00:00,8.93,8.97,8.93,8.95,36310.0
2026-01-09 13:25:00+00:00,8.95,8.95,8.93,8.94,9545.0
2026-01-09 13:30:00+00:00,8.94,8.97,8.93,8.95,112809.0
2026-01-09 13:35:00+00:00,8.96,8.98,8.95,8.95,23838.0
2026-01-09 13:40:00+00:00,8.96,8.96,8.94,8.9599,13392.0
2026-01-09 13:45:00+00:00,8.9568,8.96,8.94,8.94,9121.0
2026-01-09 13:50:00+00:00,8.9497,8.95,8.9201,8.93,24584.0
2026-01-09 13:55:00+00:00,8.9305,8.9305,8.92,8.92,13869.0
2026-01-09 14:00:00+00:00,8.93,8.94,8.92,8.93,14261.0
2026-01-09 14:05:00+00:00,8.93,8.94,8.92,8.93,25551.0
2026-01-09 14:10:00+00:00,8.93,8.94,8.9,8.9007,136557.0
2026-01-09 14:15:00+00:00,8.9,8.92,8.9,8.91,9375.0
2026-01-09 14:20:00+00:00,8.91,8.94,8.88,8.89,34825.0
2026-01-09 14:25:00+00:00,8.88,8.93,8.88,8.9,28405.0
2026-01-09 14:30:00+00:00,8.9,8.93,8.7,8.72,1222871.0
2026-01-09 14:35:00+00:00,8.725,8.8,8.65,8.78,685666.0
2026-01-09 14:40:00+00:00,8.77,8.89,8.77,8.815,607447.0
2026-01-09 14:45:00+00:00,8.815,8.885,8.73,8.74,526375.0
2026-01-09 14:50:00+00:00,8.7445,8.765,8.67,8.715,531170.0
2026-01-09 14:55:00+00:00,8.7198,8.74,8.67,8.71,312990.0
2026-01-09 15:00:00+00:00,8.71,8.72,8.61,8.62,587628.0
2026-01-09 15:05:00+00:00,8.62,8.635,8.55,8.6,624865.0
2026-01-09 15:10:00+00:00,8.6,8.65,8.58,8.635,663026.0
2026-01-09 15:15:00+00:00,8.64,8.72,8.6297,8.68,392858.0
2026-01-09 15:20:00+00:00,8.685,8.76,8.68,8.75,389748.0
2026-01-09 15:25:00+00:00,8.745,8.85,8.73,8.845,435516.0
2026-01-09 15:30:00+00:00,8.845,8.93,8.84,8.9,988094.0
2026-01-09 15:35:00+00:00,8.9,8.91,8.82,8.83,551507.0
2026-01-09 15:40:00+00:00,8.8225,8.83,8.75,8.7691,495729.0
2026-01-09 15:45:00+00:00,8.77,8.795,8.685,8.6877,478627.0
2026-01-09 15:50:00+00:00,8.6803,8.7,8.63,8.6429,362062.0
2026-01-09 15:55:00+00:00,8.65,8.7,8.6445,8.695,410245.0
2026-01-09 16:00:00+00:00,8.695,8.74,8.69,8.716,550661.0
2026-01-09 16:05:00+00:00,8.715,8.725,8.68,8.705,456966.0
2026-01-09 16:10:00+00:00,8.7025,8.75,8.69,8.7455,759872.0
2026-01-09 16:15:00+00:00,8.745,8.75,8.71,8.75,457356.0
2026-01-09 16:20:00+00:00,8.75,8.77,8.74,8.765,367995.0
2026-01-09 16:25:00+00:00,8.77,8.775,8.75,8.76,218515.0
2026-01-09 16:30:00+00:00,8.77,8.7999,8.765,8.78,640036.0
2026-01-09 16:35:00+00:00,8.775,8.78,8.75,8.775,501756.0
2026-01-09 16:40:00+00:00,8.775,8.81,8.76,8.8,402411.0
2026-01-09 16:45:00+00:00,8.795,8.845,8.785,8.845,769155.0
2026-01-09 16:50:00+00:00,8.84,8.9,8.8399,8.89,762898.0
2026-01-09 16:55:00+00:00,8.895,8.97,8.89,8.949,2344992.0
2026-01-09 17:00:00+00:00,8.9401,8.965,8.93,8.948,1161505.0
2026-01-09 17:05:00+00:00,8.95,8.96,8.93,8.935,590381.0
2026-01-09 17:10:00+00:00,8.935,8.9399,8.84,8.885,1054613.0
2026-01-09 17:15:00+00:00,8.88,8.885,8.83,8.8459,661010.0
2026-01-09 17:20:00+00:00,8.845,8.9,8.835,8.89,871788.0
2026-01-09 17:25:00+00:00,8.895,8.91,8.874,8.895,853501.0
2026-01-09 17:30:00+00:00,8.9,8.92,8.9,8.915,298759.0
2026-01-09 17:35:00+00:00,8.9193,8.95,8.9,8.9473,718627.0
2026-01-09 17:40:00+00:00,8.94,8.945,8.92,8.939,704184.0
2026-01-09 17:45:00+00:00,8.94,8.94,8.9,8.9073,673379.0
2026-01-09 17:50:00+00:00,8.905,8.91,8.86,8.8602,745399.0
2026-01-09 17:55:00+00:00,8.865,8.87,8.84,8.8401,499475.0
2026-01-09 18:00:00+00:00,8.8497,8.8499,8.8,8.815,645188.0
2026-01-09 18:05:00+00:00,8.815,8.83,8.8041,8.8108,738801.0
2026-01-09 18:10:00+00:00,8.81,8.8199,8.765,8.775,1038935.0
2026-01-09 18:15:00+00:00,8.7799,8.78,8.71,8.725,1441982.0
2026-01-09 18:20:00+00:00,8.7277,8.76,8.72,8.745,1080237.0
2026-01-09 18:25:00+00:00,8.745,8.76,8.71,8.755,808220.0
2026-01-09 18:30:00+00:00,8.755,8.7859,8.74,8.77,925400.0
2026-01-09 18:35:00+00:00,8.7679,8.84,8.7601,8.835,1143770.0
2026-01-09 18:40:00+00:00,8.835,8.86,8.83,8.855,1060196.0
2026-01-09 18:45:00+00:00,8.86,8.92,8.855,8.9195,818700.0
2026-01-09 18:50:00+00:00,8.92,8.945,8.905,8.93,864127.0
2026-01-09 18:55:00+00:00,8.925,8.9259,8.89,8.895,465222.0
2026-01-09 19:00:00+00:00,8.8967,8.9,8.81,8.8799,1576597.0
2026-01-09 19:05:00+00:00,8.8799,8.88,8.85,8.875,1164004.0
2026-01-09 19:10:00+00:00,8.875,8.88,8.83,8.8307,470706.0
2026-01-09 19:15:00+00:00,8.835,8.84,8.81,8.811,655256.0
2026-01-09 19:20:00+00:00,8.815,8.815,8.765,8.795,1136009.0
2026-01-09 19:25:00+00:00,8.795,8.8,8.7709,8.7799,643583.0
2026-01-09 19:30:00+00:00,8.7759,8.79,8.75,8.76,1266222.0
2026-01-09 19:35:00+00:00,8.76,8.7799,8.75,8.7666,676549.0
2026-01-09 19:40:00+00:00,8.77,8.78,8.745,8.78,491981.0
2026-01-09 19:45:00+00:00,8.775,8.82,8.7612,8.805,583363.0
2026-01-09 19:50:00+00:00,8.8099,8.83,8.8,8.815,598538.0
2026-01-09 19:55:00+00:00,8.815,8.82,8.78,8.78,474741.0
2026-01-09 20:00:00+00:00,8.785,8.81,8.7436,8.81,923987.0
2026-01-09 20:05:00+00:00,8.805,8.82,8.775,8.785,744154.0
2026-01-09 20:10:00+00:00,8.785,8.785,8.73,8.745,640259.0
2026-01-09 20:15:00+00:00,8.745,8.76,8.72,8.7297,921757.0
2026-01-09 20:20:00+00:00,8.725,8.74,8.7,8.715,556479.0
2026-01-09 20:25:00+00:00,8.71,8.73,8.705,8.7072,472977.0
2026-01-09 20:30:00+00:00,8.705,8.72,8.67,8.705,932081.0
2026-01-09 20:35:00+00:00,8.71,8.74,8.7,8.715,788880.0
2026-01-09 20:40:00+00:00,8.715,8.73,8.71,8.7296,612689.0
2026-01-09 20:45:00+00:00,8.73,8.77,8.72,8.76,591932.0
2026-01-09 20:50:00+00:00,8.765,8.775,8.73,8.775,935453.0
2026-01-09 20:55:00+00:00,8.77,8.82,8.755,8.815,1222665.0
2026-01-09 21:00:00+00:00,8.81,8.85,8.7606,8.81,1302734.0
2026-01-09 21:05:00+00:00,8.83,8.83,8.79,8.81,9940.0
2026-01-09 21:10:00+00:00,8.8,8.82,8.8,8.82,16200.0
2026-01-09 21:15:00+00:00,8.81,8.82,8.81,8.82,4950.0
2026-01-09 21:20:00+00:00,8.8103,8.83,8.81,8.82,31322.0
2026-01-09 21:25:00+00:00,8.84,8.84,8.82,8.83,4192.0
2026-01-09 21:30:00+00:00,8.8209,8.83,8.82,8.82,1253.0
2026-01-09 21:35:00+00:00,8.83,8.84,8.83,8.83,7450.0
2026-01-09 21:45:00+00:00,8.81,8.8297,8.81,8.8297,2391.0
2026-01-09 21:50:00+00:00,8.83,8.83,8.82,8.83,6331.0
2026-01-09 21:55:00+00:00,8.8299,8.8299,8.8284,8.8284,803.0
2026-01-09 22:00:00+00:00,8.83,8.86,8.83,8.86,17393.0
2026-01-09 22:05:00+00:00,8.85,8.86,8.83,8.86,5234.0
2026-01-09 22:10:00+00:00,8.8569,8.86,8.84,8.86,3489.0
2026-01-09 22:15:00+00:00,8.85,8.85,8.84,8.84,443.0
2026-01-09 22:20:00+00:00,8.8499,8.85,8.8483,8.8483,2157.0
2026-01-09 22:25:00+00:00,8.85,8.85,8.84,8.85,5565.0
2026-01-09 22:30:00+00:00,8.85,8.86,8.85,8.85,3173.0
2026-01-09 22:35:00+00:00,8.8598,8.86,8.8597,8.8597,3290.0
2026-01-09 22:40:00+00:00,8.86,8.87,8.86,8.87,16793.0
2026-01-09 22:45:00+00:00,8.87,8.87,8.86,8.8695,13924.0
2026-01-09 22:50:00+00:00,8.86,8.87,8.85,8.87,8955.0
2026-01-09 22:55:00+00:00,8.8693,8.87,8.85,8.8501,2099.0
2026-01-09 23:00:00+00:00,8.8597,8.8599,8.85,8.8599,2649.0
2026-01-09 23:05:00+00:00,8.8501,8.87,8.85,8.87,2604.0
2026-01-09 23:10:00+00:00,8.87,8.87,8.8502,8.8502,772.0
2026-01-09 23:15:00+00:00,8.8597,8.86,8.85,8.85,3348.0
2026-01-09 23:20:00+00:00,8.85,8.86,8.85,8.85,5109.0
2026-01-09 23:25:00+00:00,8.8688,8.87,8.84,8.85,7183.0
2026-01-09 23:30:00+00:00,8.87,8.87,8.8693,8.87,726.0
2026-01-09 23:35:00+00:00,8.8697,8.87,8.86,8.87,2842.0
2026-01-09 23:40:00+00:00,8.87,8.87,8.86,8.86,1523.0
2026-01-09 23:45:00+00:00,8.87,8.87,8.86,8.8601,2748.0
2026-01-09 23:50:00+00:00,8.87,8.87,8.86,8.86,840.0
2026-01-09 23:55:00+00:00,8.87,8.87,8.86,8.8616,2541.0
2026-01-10 00:00:00+00:00,8.8699,8.87,8.8601,8.8602,3145.0
2026-01-10 00:05:00+00:00,8.87,8.87,8.8601,8.8602,2231.0
2026-01-10 00:10:00+00:00,8.87,8.87,8.86,8.86,8548.0
2026-01-10 00:15:00+00:00,8.87,8.87,8.87,8.87,1216.0
2026-01-10 00:20:00+00:00,8.8791,8.88,8.8632,8.88,3465.0
2026-01-10 00:25:00+00:00,8.88,8.89,8.8799,8.89,3629.0
2026-01-10 00:30:00+00:00,8.86,8.89,8.86,8.8884,3130.0
2026-01-10 00:35:00+00:00,8.89,8.89,8.87,8.88,2711.0
2026-01-10 00:40:00+00:00,8.88,8.8852,8.87,8.8852,1796.0
2026-01-10 00:45:00+00:00,8.8608,8.89,8.86,8.86,5379.0
2026-01-10 00:50:00+00:00,8.87,8.87,8.86,8.87,2515.0
2026-01-10 00:55:00+00:00,8.87,8.91,8.87,8.8806,57450.0
