symbol,timestamp,open,high,low,close,volume,trade_count,vwap
RXRX,2025-12-24 00:00:00+00:00,4.3699,4.3699,4.35,4.35,2343.0,16.0,4.359748
RXRX,2025-12-24 00:05:00+00:00,4.36,4.36,4.35,4.35,4155.0,7.0,4.359732
RXRX,2025-12-24 00:10:00+00:00,4.3598,4.3598,4.3598,4.3598,834.0,3.0,4.3598
RXRX,2025-12-24 00:20:00+00:00,4.3598,4.3598,4.35,4.35,350.0,3.0,4.356533
RXRX,2025-12-24 00:25:00+00:00,4.35,4.35,4.35,4.35,100.0,1.0,4.35
RXRX,2025-12-24 00:30:00+00:00,4.36,4.36,4.36,4.36,1178.0,9.0,4.36
RXRX,2025-12-24 00:35:00+00:00,4.36,4.36,4.3597,4.3597,2847.0,4.0,4.359729
RXRX,2025-12-24 00:40:00+00:00,4.36,4.36,4.3599,4.36,2073.0,14.0,4.359988
RXRX,2025-12-24 00:45:00+00:00,4.36,4.36,4.36,4.36,123.0,1.0,4.36
RXRX,2025-12-24 00:50:00+00:00,4.36,4.36,4.35,4.35,30420.0,7.0,4.350166
RXRX,2025-12-24 00:55:00+00:00,4.36,4.36,4.35,4.35,991.0,6.0,4.358889
RXRX,2025-12-24 09:00:00+00:00,4.37,4.37,4.34,4.35,9895.0,45.0,4.350661
RXRX,2025-12-24 09:05:00+00:00,4.35,4.35,4.35,4.35,1051.0,4.0,4.35
RXRX,2025-12-24 09:15:00+00:00,4.35,4.35,4.35,4.35,1238.0,11.0,4.35
RXRX,2025-12-24 09:25:00+00:00,4.35,4.35,4.35,4.35,735.0,12.0,4.35
RXRX,2025-12-24 09:30:00+00:00,4.35,4.35,4.35,4.35,300.0,1.0,4.35
RXRX,2025-12-24 09:35:00+00:00,4.35,4.36,4.35,4.35,1171.0,12.0,4.351843
RXRX,2025-12-24 09:40:00+00:00,4.36,4.36,4.36,4.36,387.0,7.0,4.36
RXRX,2025-12-24 09:45:00+00:00,4.355,4.36,4.355,4.36,1549.0,17.0,4.356762
RXRX,2025-12-24 09:55:00+00:00,4.36,4.36,4.36,4.36,495.0,8.0,4.36
RXRX,2025-12-24 10:00:00+00:00,4.355,4.355,4.355,4.355,314.0,2.0,4.355
RXRX,2025-12-24 10:05:00+00:00,4.35,4.35,4.34,4.34,8367.0,46.0,4.348958
RXRX,2025-12-24 10:10:00+00:00,4.35,4.35,4.35,4.35,998.0,5.0,4.35
RXRX,2025-12-24 10:15:00+00:00,4.35,4.35,4.35,4.35,712.0,11.0,4.35
RXRX,2025-12-24 10:20:00+00:00,4.35,4.35,4.34,4.34,985.0,13.0,4.346252
RXRX,2025-12-24 10:25:00+00:00,4.35,4.35,4.35,4.35,625.0,3.0,4.35
RXRX,2025-12-24 10:30:00+00:00,4.35,4.35,4.35,4.35,440.0,4.0,4.35
RXRX,2025-12-24 10:35:00+00:00,4.35,4.35,4.35,4.35,555.0,6.0,4.35
RXRX,2025-12-24 10:40:00+00:00,4.34,4.35,4.34,4.35,659.0,7.0,4.346111
RXRX,2025-12-24 10:45:00+00:00,4.35,4.35,4.35,4.35,1149.0,5.0,4.35
RXRX,2025-12-24 10:50:00+00:00,4.34,4.35,4.34,4.35,1764.0,26.0,4.349265
RXRX,2025-12-24 10:55:00+00:00,4.35,4.35,4.35,4.35,2625.0,21.0,4.35
RXRX,2025-12-24 11:00:00+00:00,4.35,4.35,4.35,4.35,1224.0,9.0,4.35
RXRX,2025-12-24 11:05:00+00:00,4.35,4.35,4.35,4.35,997.0,21.0,4.35
RXRX,2025-12-24 11:10:00+00:00,4.34,4.34,4.34,4.34,788.0,5.0,4.34
RXRX,2025-12-24 11:15:00+00:00,4.34,4.35,4.34,4.35,1254.0,13.0,4.348951
RXRX,2025-12-24 11:20:00+00:00,4.35,4.35,4.34,4.34,1203.0,14.0,4.345677
RXRX,2025-12-24 11:25:00+00:00,4.35,4.35,4.35,4.35,6762.0,11.0,4.35
RXRX,2025-12-24 11:30:00+00:00,4.35,4.35,4.35,4.35,1076.0,5.0,4.35
RXRX,2025-12-24 11:35:00+00:00,4.35,4.35,4.35,4.35,913.0,7.0,4.35
RXRX,2025-12-24 11:40:00+00:00,4.35,4.36,4.35,4.35,2564.0,20.0,4.356003
RXRX,2025-12-24 11:45:00+00:00,4.36,4.36,4.35,4.355,1414.0,9.0,4.352809
RXRX,2025-12-24 11:50:00+00:00,4.355,4.355,4.35,4.35,883.0,9.0,4.350906
RXRX,2025-12-24 11:55:00+00:00,4.355,4.36,4.35,4.35,1128.0,16.0,4.352951
RXRX,2025-12-24 12:00:00+00:00,4.36,4.36,4.35,4.36,793.0,14.0,4.353906
RXRX,2025-12-24 12:05:00+00:00,4.36,4.36,4.36,4.36,200.0,1.0,4.36
RXRX,2025-12-24 12:10:00+00:00,4.36,4.36,4.36,4.36,24118.0,59.0,4.36
RXRX,2025-12-24 12:15:00+00:00,4.37,4.37,4.36,4.36,1694.0,11.0,4.363947
RXRX,2025-12-24 12:20:00+00:00,4.36,4.37,4.36,4.37,685.0,11.0,4.368117
RXRX,2025-12-24 12:25:00+00:00,4.37,4.37,4.37,4.37,726.0,6.0,4.37
RXRX,2025-12-24 12:30:00+00:00,4.37,4.37,4.37,4.37,1232.0,11.0,4.37
RXRX,2025-12-24 12:35:00+00:00,4.37,4.37,4.37,4.37,154.0,1.0,4.37
RXRX,2025-12-24 12:40:00+00:00,4.37,4.37,4.365,4.37,950.0,6.0,4.368448
RXRX,2025-12-24 12:45:00+00:00,4.37,4.37,4.37,4.37,2947.0,15.0,4.37
RXRX,2025-12-24 12:50:00+00:00,4.36,4.37,4.36,4.37,769.0,10.0,4.366975
RXRX,2025-12-24 13:00:00+00:00,4.3502,4.38,4.28,4.37,270251.0,1335.0,4.336433
RXRX,2025-12-24 13:05:00+00:00,4.37,4.38,4.36,4.3693,14148.0,45.0,4.362105
RXRX,2025-12-24 13:10:00+00:00,4.3698,4.37,4.36,4.36,18249.0,73.0,4.363846
RXRX,2025-12-24 13:15:00+00:00,4.37,4.37,4.365,4.37,520.0,8.0,4.3675
RXRX,2025-12-24 13:20:00+00:00,4.3602,4.37,4.36,4.37,14834.0,27.0,4.368545
RXRX,2025-12-24 13:25:00+00:00,4.37,4.37,4.36,4.36,3795.0,21.0,4.362857
RXRX,2025-12-24 13:30:00+00:00,4.37,4.37,4.36,4.36,18300.0,56.0,4.361006
RXRX,2025-12-24 13:35:00+00:00,4.36,4.37,4.36,4.36,5851.0,139.0,4.360229
RXRX,2025-12-24 13:40:00+00:00,4.36,4.37,4.36,4.3696,4041.0,55.0,4.361465
RXRX,2025-12-24 13:45:00+00:00,4.3603,4.37,4.36,4.37,12058.0,38.0,4.361899
RXRX,2025-12-24 13:50:00+00:00,4.37,4.37,4.36,4.37,7056.0,40.0,4.369248
RXRX,2025-12-24 13:55:00+00:00,4.36,4.37,4.36,4.37,9128.0,31.0,4.36322
RXRX,2025-12-24 14:00:00+00:00,4.37,4.37,4.36,4.36,11906.0,74.0,4.365781
RXRX,2025-12-24 14:05:00+00:00,4.3602,4.37,4.36,4.3602,21046.0,146.0,4.365442
RXRX,2025-12-24 14:10:00+00:00,4.3698,4.37,4.36,4.37,2933.0,31.0,4.369014
RXRX,2025-12-24 14:15:00+00:00,4.37,4.37,4.36,4.36,5576.0,18.0,4.363064
RXRX,2025-12-24 14:20:00+00:00,4.3601,4.37,4.36,4.365,8876.0,61.0,4.365241
RXRX,2025-12-24 14:25:00+00:00,4.36,4.36,4.35,4.36,34730.0,100.0,4.359269
RXRX,2025-12-24 14:30:00+00:00,4.35,4.43,4.34,4.355,623027.0,1237.0,4.374052
RXRX,2025-12-24 14:35:00+00:00,4.3501,4.355,4.3,4.3201,391433.0,1374.0,4.324363
RXRX,2025-12-24 14:40:00+00:00,4.325,4.36,4.32,4.345,256805.0,581.0,4.337617
RXRX,2025-12-24 14:45:00+00:00,4.34,4.3499,4.32,4.335,147662.0,499.0,4.336724
RXRX,2025-12-24 14:50:00+00:00,4.335,4.36,4.3301,4.345,287175.0,657.0,4.347453
RXRX,2025-12-24 14:55:00+00:00,4.341,4.35,4.32,4.335,226277.0,489.0,4.334141
RXRX,2025-12-24 15:00:00+00:00,4.33,4.3565,4.33,4.35,139972.0,572.0,4.345367
RXRX,2025-12-24 15:05:00+00:00,4.35,4.35,4.34,4.35,98277.0,380.0,4.344403
RXRX,2025-12-24 15:10:00+00:00,4.3404,4.35,4.32,4.3209,146445.0,637.0,4.330857
RXRX,2025-12-24 15:15:00+00:00,4.3212,4.35,4.32,4.35,145999.0,453.0,4.340782
RXRX,2025-12-24 15:20:00+00:00,4.35,4.36,4.34,4.345,196194.0,553.0,4.351244
RXRX,2025-12-24 15:25:00+00:00,4.345,4.3788,4.34,4.37,221804.0,536.0,4.360049
RXRX,2025-12-24 15:30:00+00:00,4.371,4.38,4.34,4.36,321866.0,646.0,4.355713
RXRX,2025-12-24 15:35:00+00:00,4.365,4.37,4.3405,4.36,223075.0,420.0,4.352178
RXRX,2025-12-24 15:40:00+00:00,4.355,4.37,4.35,4.35,89625.0,369.0,4.358812
RXRX,2025-12-24 15:45:00+00:00,4.3549,4.37,4.3549,4.37,83967.0,354.0,4.363265
RXRX,2025-12-24 15:50:00+00:00,4.365,4.39,4.36,4.385,243848.0,549.0,4.378743
RXRX,2025-12-24 15:55:00+00:00,4.38,4.38,4.37,4.375,79852.0,362.0,4.37611
RXRX,2025-12-24 16:00:00+00:00,4.3702,4.38,4.37,4.37,74792.0,282.0,4.376742
RXRX,2025-12-24 16:05:00+00:00,4.375,4.38,4.36,4.36,141658.0,424.0,4.366639
RXRX,2025-12-24 16:10:00+00:00,4.3699,4.38,4.36,4.3798,90480.0,368.0,4.370348
RXRX,2025-12-24 16:15:00+00:00,4.38,4.39,4.37,4.37,151771.0,469.0,4.379843
RXRX,2025-12-24 16:20:00+00:00,4.3798,4.38,4.3644,4.375,145823.0,406.0,4.370111
RXRX,2025-12-24 16:25:00+00:00,4.375,4.3778,4.36,4.365,121566.0,302.0,4.369924
RXRX,2025-12-24 16:30:00+00:00,4.365,4.37,4.36,4.37,68802.0,285.0,4.36654
RXRX,2025-12-24 16:35:00+00:00,4.365,4.4,4.365,4.395,185539.0,524.0,4.382338
RXRX,2025-12-24 16:40:00+00:00,4.3962,4.41,4.385,4.3997,265624.0,561.0,4.399665
RXRX,2025-12-24 16:45:00+00:00,4.395,4.4,4.37,4.375,231418.0,399.0,4.382786
RXRX,2025-12-24 16:50:00+00:00,4.3799,4.39,4.375,4.385,70544.0,312.0,4.381056
RXRX,2025-12-24 16:55:00+00:00,4.39,4.4,4.38,4.39,115485.0,402.0,4.389527
RXRX,2025-12-24 17:00:00+00:00,4.395,4.41,4.39,4.4001,161435.0,362.0,4.39923
RXRX,2025-12-24 17:05:00+00:00,4.405,4.41,4.4,4.405,197655.0,346.0,4.404474
RXRX,2025-12-24 17:10:00+00:00,4.405,4.405,4.39,4.4,108754.0,395.0,4.397044
RXRX,2025-12-24 17:15:00+00:00,4.4,4.41,4.395,4.41,80260.0,328.0,4.403545
RXRX,2025-12-24 17:20:00+00:00,4.41,4.41,4.393,4.3949,261000.0,511.0,4.402243
RXRX,2025-12-24 17:25:00+00:00,4.4,4.405,4.39,4.405,274775.0,300.0,4.397483
RXRX,2025-12-24 17:30:00+00:00,4.4038,4.42,4.4,4.42,124302.0,371.0,4.409257
RXRX,2025-12-24 17:35:00+00:00,4.415,4.42,4.405,4.405,153269.0,426.0,4.412668
RXRX,2025-12-24 17:40:00+00:00,4.405,4.42,4.4,4.415,95455.0,374.0,4.407539
RXRX,2025-12-24 17:45:00+00:00,4.415,4.415,4.39,4.4,342698.0,629.0,4.401802
RXRX,2025-12-24 17:50:00+00:00,4.4,4.405,4.39,4.395,265371.0,518.0,4.394246
RXRX,2025-12-24 17:55:00+00:00,4.395,4.41,4.39,4.405,468450.0,1569.0,4.401142
RXRX,2025-12-24 18:00:00+00:00,4.4,4.41,4.39,4.4,573952.0,55.0,4.400035
RXRX,2025-12-24 18:05:00+00:00,4.4,4.41,4.39,4.4096,2765.0,20.0,4.399924
RXRX,2025-12-24 18:10:00+00:00,4.4,4.4,4.39,4.3997,5303.0,22.0,4.392365
RXRX,2025-12-24 18:15:00+00:00,4.4,4.4,4.4,4.4,300.0,2.0,4.4
RXRX,2025-12-24 18:20:00+00:00,4.39,4.3903,4.39,4.39,3497.0,13.0,4.390023
RXRX,2025-12-24 18:25:00+00:00,4.39,4.4,4.39,4.39,14146.0,17.0,4.392666
RXRX,2025-12-24 18:30:00+00:00,4.4,4.4,4.4,4.4,680.0,4.0,4.4
RXRX,2025-12-24 18:35:00+00:00,4.3999,4.4,4.39,4.39,1828.0,8.0,4.398981
RXRX,2025-12-24 18:45:00+00:00,4.39,4.39,4.39,4.39,400.0,2.0,4.39
RXRX,2025-12-24 18:50:00+00:00,4.4,4.4,4.3998,4.4,1289.0,14.0,4.399957
RXRX,2025-12-24 18:55:00+00:00,4.4,4.4,4.3901,4.4,1654.0,14.0,4.399274
RXRX,2025-12-24 19:00:00+00:00,4.4,4.4,4.39,4.4,2603.0,5.0,4.392121
RXRX,2025-12-24 19:05:00+00:00,4.3903,4.3903,4.3903,4.3903,301.0,2.0,4.3903
RXRX,2025-12-24 19:10:00+00:00,4.39,4.39,4.39,4.39,2580.0,4.0,4.39
RXRX,2025-12-24 19:15:00+00:00,4.39,4.4,4.39,4.3999,1183.0,10.0,4.392888
RXRX,2025-12-24 19:20:00+00:00,4.4,4.4,4.4,4.4,374.0,2.0,4.4
RXRX,2025-12-24 19:25:00+00:00,4.4,4.4,4.39,4.3901,1903.0,12.0,4.393512
RXRX,2025-12-24 19:30:00+00:00,4.4,4.4,4.39,4.4,1370.0,5.0,4.397905
RXRX,2025-12-24 19:35:00+00:00,4.39,4.4,4.39,4.3903,15300.0,30.0,4.397493
RXRX,2025-12-24 19:40:00+00:00,4.39,4.4,4.39,4.39,3182.0,15.0,4.391
RXRX,2025-12-24 19:45:00+00:00,4.39,4.39,4.3801,4.3801,22041.0,100.0,4.389954
RXRX,2025-12-24 19:50:00+00:00,4.38,4.38,4.38,4.38,922.0,15.0,4.38
RXRX,2025-12-24 19:55:00+00:00,4.39,4.39,4.3801,4.3801,605.0,5.0,4.386667
RXRX,2025-12-24 20:00:00+00:00,4.39,4.39,4.36,4.37,17424.0,74.0,4.366139
RXRX,2025-12-24 20:05:00+00:00,4.3707,4.38,4.3707,4.38,1492.0,8.0,4.37849
RXRX,2025-12-24 20:10:00+00:00,4.38,4.39,4.38,4.38,6648.0,9.0,4.384984
RXRX,2025-12-24 20:15:00+00:00,4.39,4.39,4.39,4.39,216.0,2.0,4.39
RXRX,2025-12-24 20:20:00+00:00,4.39,4.39,4.39,4.39,844.0,10.0,4.39
RXRX,2025-12-24 20:25:00+00:00,4.39,4.39,4.3801,4.3801,2330.0,8.0,4.383304
RXRX,2025-12-24 20:30:00+00:00,4.3899,4.39,4.38,4.39,8061.0,26.0,4.388356
RXRX,2025-12-24 20:35:00+00:00,4.3803,4.3998,4.3803,4.3997,1838.0,17.0,4.38814
RXRX,2025-12-24 20:40:00+00:00,4.3903,4.4,4.3903,4.4,1082.0,7.0,4.394324
RXRX,2025-12-24 20:45:00+00:00,4.39,4.4,4.39,4.4,3605.0,5.0,4.395597
RXRX,2025-12-24 20:50:00+00:00,4.4,4.4,4.39,4.3901,7437.0,34.0,4.398318
RXRX,2025-12-24 20:55:00+00:00,4.39,4.4,4.39,4.39,1650.0,22.0,4.394407
RXRX,2025-12-24 21:00:00+00:00,4.4,4.4,4.39,4.39,701.0,3.0,4.392857
RXRX,2025-12-24 21:05:00+00:00,4.4,4.4,4.39,4.4,4210.0,20.0,4.394083
RXRX,2025-12-24 21:10:00+00:00,4.39,4.4,4.39,4.4,748.0,19.0,4.393436
RXRX,2025-12-24 21:15:00+00:00,4.39,4.4,4.39,4.4,754.0,7.0,4.398357
RXRX,2025-12-24 21:20:00+00:00,4.4,4.4,4.39,4.3984,1810.0,12.0,4.398763
RXRX,2025-12-24 21:25:00+00:00,4.39,4.4,4.39,4.4,1144.0,5.0,4.395298
RXRX,2025-12-24 21:30:00+00:00,4.39,4.39,4.39,4.39,1513.0,15.0,4.39
RXRX,2025-12-24 21:35:00+00:00,4.39,4.4,4.39,4.39,7026.0,20.0,4.39061
RXRX,2025-12-24 21:40:00+00:00,4.39,4.4,4.39,4.39,3772.0,18.0,4.392767
RXRX,2025-12-24 21:45:00+00:00,4.39,4.4,4.39,4.4,3770.0,40.0,4.397844
RXRX,2025-12-24 21:50:00+00:00,4.4,4.4,4.39,4.39,4019.0,27.0,4.390308
RXRX,2025-12-24 21:55:00+00:00,4.4,4.4,4.4,4.4,924.0,3.0,4.4
RXRX,2025-12-26 09:00:00+00:00,4.44,4.44,4.4,4.43,13250.0,114.0,4.412623
RXRX,2025-12-26 09:05:00+00:00,4.43,4.435,4.43,4.43,2027.0,24.0,4.43035
RXRX,2025-12-26 09:10:00+00:00,4.43,4.43,4.41,4.415,13359.0,123.0,4.422339
RXRX,2025-12-26 09:15:00+00:00,4.415,4.415,4.41,4.41,647.0,5.0,4.41329
RXRX,2025-12-26 09:20:00+00:00,4.42,4.42,4.42,4.42,457.0,6.0,4.42
RXRX,2025-12-26 09:25:00+00:00,4.41,4.42,4.41,4.42,2436.0,18.0,4.419516
RXRX,2025-12-26 09:30:00+00:00,4.41,4.41,4.4,4.4,11924.0,47.0,4.409094
RXRX,2025-12-26 09:35:00+00:00,4.4,4.4,4.4,4.4,643.0,6.0,4.4
RXRX,2025-12-26 09:40:00+00:00,4.41,4.41,4.4,4.4,1216.0,13.0,4.400905
RXRX,2025-12-26 09:45:00+00:00,4.405,4.41,4.4,4.4,2049.0,16.0,4.405718
RXRX,2025-12-26 09:50:00+00:00,4.4,4.41,4.395,4.41,6513.0,59.0,4.400105
RXRX,2025-12-26 09:55:00+00:00,4.4,4.41,4.395,4.41,1242.0,18.0,4.39941
RXRX,2025-12-26 10:00:00+00:00,4.41,4.41,4.4,4.4,7836.0,37.0,4.405924
RXRX,2025-12-26 10:05:00+00:00,4.405,4.41,4.405,4.41,863.0,5.0,4.406914
RXRX,2025-12-26 10:10:00+00:00,4.41,4.41,4.41,4.41,232.0,3.0,4.41
RXRX,2025-12-26 10:15:00+00:00,4.41,4.41,4.41,4.41,957.0,14.0,4.41
RXRX,2025-12-26 10:20:00+00:00,4.4,4.41,4.4,4.4,1949.0,21.0,4.40683
RXRX,2025-12-26 10:25:00+00:00,4.4,4.4,4.4,4.4,1111.0,7.0,4.4
RXRX,2025-12-26 10:30:00+00:00,4.4,4.4,4.4,4.4,100.0,1.0,4.4
RXRX,2025-12-26 10:40:00+00:00,4.41,4.41,4.405,4.41,2853.0,32.0,4.4097
RXRX,2025-12-26 10:45:00+00:00,4.405,4.405,4.4,4.4,2215.0,23.0,4.40246
RXRX,2025-12-26 10:50:00+00:00,4.4,4.4,4.4,4.4,1222.0,6.0,4.4
RXRX,2025-12-26 10:55:00+00:00,4.4,4.4,4.4,4.4,918.0,5.0,4.4
RXRX,2025-12-26 11:00:00+00:00,4.4,4.41,4.4,4.4,6964.0,53.0,4.401584
RXRX,2025-12-26 11:05:00+00:00,4.4,4.4,4.4,4.4,880.0,7.0,4.4
RXRX,2025-12-26 11:10:00+00:00,4.4,4.41,4.4,4.41,757.0,11.0,4.405066
RXRX,2025-12-26 11:15:00+00:00,4.4,4.41,4.4,4.405,5395.0,15.0,4.402434
RXRX,2025-12-26 11:20:00+00:00,4.405,4.405,4.4,4.4,2087.0,14.0,4.400266
RXRX,2025-12-26 11:25:00+00:00,4.4,4.4,4.4,4.4,1212.0,14.0,4.4
RXRX,2025-12-26 11:30:00+00:00,4.4,4.405,4.4,4.4,2029.0,16.0,4.400336
RXRX,2025-12-26 11:35:00+00:00,4.4,4.41,4.4,4.4,1965.0,22.0,4.401367
RXRX,2025-12-26 11:40:00+00:00,4.41,4.41,4.4,4.41,9165.0,46.0,4.408718
RXRX,2025-12-26 11:50:00+00:00,4.41,4.41,4.41,4.41,550.0,5.0,4.41
RXRX,2025-12-26 11:55:00+00:00,4.41,4.41,4.4,4.4,2896.0,23.0,4.40514
RXRX,2025-12-26 12:00:00+00:00,4.41,4.41,4.4,4.4,2798.0,21.0,4.408025
RXRX,2025-12-26 12:05:00+00:00,4.4,4.41,4.4,4.41,1158.0,19.0,4.4045
RXRX,2025-12-26 12:10:00+00:00,4.401,4.41,4.4,4.4,10847.0,104.0,4.400274
RXRX,2025-12-26 12:15:00+00:00,4.4,4.4,4.4,4.4,653.0,6.0,4.4
RXRX,2025-12-26 12:20:00+00:00,4.4,4.4,4.4,4.4,7301.0,36.0,4.4
RXRX,2025-12-26 12:25:00+00:00,4.41,4.41,4.4,4.4,1898.0,21.0,4.406667
RXRX,2025-12-26 12:30:00+00:00,4.405,4.405,4.4,4.4,1553.0,10.0,4.40106
RXRX,2025-12-26 12:35:00+00:00,4.4,4.41,4.4,4.41,4519.0,93.0,4.400509
RXRX,2025-12-26 12:40:00+00:00,4.4,4.41,4.4,4.4,1594.0,6.0,4.402505
RXRX,2025-12-26 12:45:00+00:00,4.4,4.41,4.4,4.4,2181.0,22.0,4.401651
RXRX,2025-12-26 12:50:00+00:00,4.41,4.41,4.4,4.4,918.0,14.0,4.401538
RXRX,2025-12-26 12:55:00+00:00,4.4,4.41,4.4,4.41,7257.0,34.0,4.404457
RXRX,2025-12-26 13:00:00+00:00,4.405,4.45,4.39,4.4,339434.0,1377.0,4.407562
RXRX,2025-12-26 13:05:00+00:00,4.41,4.41,4.4,4.4,6441.0,37.0,4.40199
RXRX,2025-12-26 13:10:00+00:00,4.4099,4.41,4.4,4.41,2258.0,19.0,4.405168
RXRX,2025-12-26 13:15:00+00:00,4.4,4.41,4.4,4.41,21912.0,138.0,4.403043
RXRX,2025-12-26 13:20:00+00:00,4.4,4.41,4.4,4.41,7777.0,20.0,4.402704
RXRX,2025-12-26 13:25:00+00:00,4.4,4.41,4.4,4.41,14777.0,66.0,4.40681
RXRX,2025-12-26 13:30:00+00:00,4.4,4.41,4.4,4.4,18701.0,67.0,4.402882
RXRX,2025-12-26 13:35:00+00:00,4.41,4.41,4.4,4.4,10321.0,40.0,4.402704
RXRX,2025-12-26 13:40:00+00:00,4.4003,4.41,4.4,4.4099,5955.0,53.0,4.404374
RXRX,2025-12-26 13:45:00+00:00,4.4095,4.41,4.4,4.41,15568.0,39.0,4.409099
RXRX,2025-12-26 13:50:00+00:00,4.4099,4.41,4.4,4.41,14100.0,52.0,4.404256
RXRX,2025-12-26 13:55:00+00:00,4.41,4.41,4.4,4.4,4484.0,22.0,4.402332
RXRX,2025-12-26 14:00:00+00:00,4.41,4.41,4.4,4.41,13067.0,30.0,4.402976
RXRX,2025-12-26 14:05:00+00:00,4.41,4.41,4.4,4.41,18743.0,98.0,4.40629
RXRX,2025-12-26 14:10:00+00:00,4.4,4.41,4.4,4.4,14590.0,34.0,4.403323
RXRX,2025-12-26 14:15:00+00:00,4.41,4.41,4.4,4.41,4446.0,26.0,4.40975
RXRX,2025-12-26 14:20:00+00:00,4.4,4.41,4.4,4.4,14481.0,76.0,4.403744
RXRX,2025-12-26 14:25:00+00:00,4.4,4.41,4.4,4.4,23646.0,165.0,4.402172
RXRX,2025-12-26 14:30:00+00:00,4.41,4.41,4.31,4.325,685687.0,2193.0,4.349317
RXRX,2025-12-26 14:35:00+00:00,4.32,4.3499,4.28,4.28,606003.0,1937.0,4.309197
RXRX,2025-12-26 14:40:00+00:00,4.285,4.29,4.26,4.27,354588.0,1108.0,4.275171
RXRX,2025-12-26 14:45:00+00:00,4.275,4.29,4.27,4.285,397110.0,820.0,4.27749
RXRX,2025-12-26 14:50:00+00:00,4.285,4.29,4.26,4.26,415075.0,1081.0,4.268515
RXRX,2025-12-26 14:55:00+00:00,4.26,4.27,4.25,4.26,370570.0,898.0,4.259261
RXRX,2025-12-26 15:00:00+00:00,4.26,4.27,4.24,4.2601,628623.0,1474.0,4.254081
RXRX,2025-12-26 15:05:00+00:00,4.262,4.27,4.25,4.2599,328847.0,586.0,4.258828
RXRX,2025-12-26 15:10:00+00:00,4.26,4.26,4.24,4.2477,349776.0,782.0,4.250461
RXRX,2025-12-26 15:15:00+00:00,4.245,4.25,4.23,4.245,303218.0,869.0,4.241887
RXRX,2025-12-26 15:20:00+00:00,4.245,4.26,4.24,4.2462,184305.0,624.0,4.250869
RXRX,2025-12-26 15:25:00+00:00,4.245,4.27,4.24,4.265,386062.0,673.0,4.253213
RXRX,2025-12-26 15:30:00+00:00,4.265,4.27,4.26,4.265,153240.0,497.0,4.263623
RXRX,2025-12-26 15:35:00+00:00,4.2657,4.2668,4.25,4.255,118254.0,412.0,4.257472
RXRX,2025-12-26 15:40:00+00:00,4.25,4.27,4.25,4.26,125935.0,549.0,4.258996
RXRX,2025-12-26 15:45:00+00:00,4.2649,4.28,4.26,4.28,242679.0,616.0,4.274175
RXRX,2025-12-26 15:50:00+00:00,4.28,4.28,4.26,4.2699,145005.0,516.0,4.267888
RXRX,2025-12-26 15:55:00+00:00,4.265,4.27,4.25,4.25,395972.0,670.0,4.258764
RXRX,2025-12-26 16:00:00+00:00,4.255,4.27,4.25,4.2614,129064.0,432.0,4.261711
RXRX,2025-12-26 16:05:00+00:00,4.26,4.27,4.26,4.26,108065.0,454.0,4.26353
RXRX,2025-12-26 16:10:00+00:00,4.2697,4.27,4.25,4.255,424172.0,594.0,4.25671
RXRX,2025-12-26 16:15:00+00:00,4.255,4.26,4.25,4.25,152750.0,366.0,4.254463
RXRX,2025-12-26 16:20:00+00:00,4.2597,4.2765,4.25,4.265,235546.0,603.0,4.264825
RXRX,2025-12-26 16:25:00+00:00,4.269,4.27,4.26,4.265,47757.0,334.0,4.266426
RXRX,2025-12-26 16:30:00+00:00,4.269,4.29,4.2644,4.275,208101.0,527.0,4.27767
RXRX,2025-12-26 16:35:00+00:00,4.275,4.2855,4.27,4.27,231190.0,391.0,4.279472
RXRX,2025-12-26 16:40:00+00:00,4.275,4.285,4.27,4.275,141967.0,376.0,4.279062
RXRX,2025-12-26 16:45:00+00:00,4.275,4.28,4.27,4.2799,49541.0,274.0,4.273996
RXRX,2025-12-26 16:50:00+00:00,4.275,4.28,4.27,4.275,74176.0,300.0,4.276383
RXRX,2025-12-26 16:55:00+00:00,4.275,4.2886,4.27,4.28,154443.0,434.0,4.279315
RXRX,2025-12-26 17:00:00+00:00,4.28,4.29,4.27,4.2836,147763.0,355.0,4.278305
RXRX,2025-12-26 17:05:00+00:00,4.2838,4.29,4.27,4.285,175098.0,369.0,4.278941
RXRX,2025-12-26 17:10:00+00:00,4.285,4.29,4.28,4.285,37322.0,192.0,4.282831
RXRX,2025-12-26 17:15:00+00:00,4.29,4.29,4.27,4.275,60535.0,241.0,4.278585
RXRX,2025-12-26 17:20:00+00:00,4.275,4.28,4.265,4.27,182950.0,428.0,4.27043
RXRX,2025-12-26 17:25:00+00:00,4.2699,4.29,4.26,4.28,129499.0,290.0,4.277445
RXRX,2025-12-26 17:30:00+00:00,4.28,4.29,4.28,4.28,297197.0,281.0,4.287302
RXRX,2025-12-26 17:35:00+00:00,4.285,4.29,4.28,4.2885,61474.0,261.0,4.285783
RXRX,2025-12-26 17:40:00+00:00,4.28,4.29,4.28,4.285,74157.0,249.0,4.281455
RXRX,2025-12-26 17:45:00+00:00,4.28,4.29,4.28,4.285,51660.0,167.0,4.283835
RXRX,2025-12-26 17:50:00+00:00,4.29,4.29,4.28,4.29,27264.0,192.0,4.286288
RXRX,2025-12-26 17:55:00+00:00,4.285,4.29,4.28,4.2801,157839.0,362.0,4.281275
RXRX,2025-12-26 18:00:00+00:00,4.2837,4.29,4.27,4.2875,150308.0,354.0,4.281959
RXRX,2025-12-26 18:05:00+00:00,4.2857,4.2899,4.27,4.275,97782.0,279.0,4.27643
RXRX,2025-12-26 18:10:00+00:00,4.275,4.28,4.27,4.2714,44612.0,244.0,4.272953
RXRX,2025-12-26 18:15:00+00:00,4.28,4.28,4.27,4.28,97008.0,253.0,4.278313
RXRX,2025-12-26 18:20:00+00:00,4.28,4.28,4.27,4.2799,60077.0,276.0,4.276168
RXRX,2025-12-26 18:25:00+00:00,4.28,4.28,4.27,4.28,49902.0,151.0,4.274719
RXRX,2025-12-26 18:30:00+00:00,4.275,4.28,4.27,4.276,39954.0,162.0,4.276276
RXRX,2025-12-26 18:35:00+00:00,4.275,4.28,4.26,4.265,291112.0,437.0,4.269996
RXRX,2025-12-26 18:40:00+00:00,4.2645,4.27,4.26,4.265,44984.0,195.0,4.264242
RXRX,2025-12-26 18:45:00+00:00,4.265,4.27,4.26,4.2691,66439.0,183.0,4.264333
RXRX,2025-12-26 18:50:00+00:00,4.265,4.27,4.26,4.265,48222.0,200.0,4.267363
RXRX,2025-12-26 18:55:00+00:00,4.265,4.2699,4.25,4.25,210026.0,547.0,4.260209
RXRX,2025-12-26 19:00:00+00:00,4.259,4.26,4.25,4.255,73504.0,193.0,4.252801
RXRX,2025-12-26 19:05:00+00:00,4.26,4.27,4.25,4.265,134640.0,264.0,4.260008
RXRX,2025-12-26 19:10:00+00:00,4.265,4.27,4.26,4.265,36787.0,167.0,4.26291
RXRX,2025-12-26 19:15:00+00:00,4.27,4.2799,4.26,4.2799,92572.0,246.0,4.268804
RXRX,2025-12-26 19:20:00+00:00,4.275,4.28,4.27,4.2756,40182.0,203.0,4.272809
RXRX,2025-12-26 19:25:00+00:00,4.27,4.28,4.265,4.265,107371.0,341.0,4.271445
RXRX,2025-12-26 19:30:00+00:00,4.265,4.28,4.26,4.275,65425.0,232.0,4.269633
RXRX,2025-12-26 19:35:00+00:00,4.2799,4.28,4.27,4.2703,53940.0,192.0,4.273475
RXRX,2025-12-26 19:40:00+00:00,4.275,4.28,4.27,4.275,54887.0,223.0,4.271974
RXRX,2025-12-26 19:45:00+00:00,4.28,4.28,4.27,4.274,70580.0,205.0,4.27461
RXRX,2025-12-26 19:50:00+00:00,4.275,4.28,4.2602,4.265,76569.0,301.0,4.271045
RXRX,2025-12-26 19:55:00+00:00,4.27,4.27,4.26,4.265,31075.0,148.0,4.265356
RXRX,2025-12-26 20:00:00+00:00,4.265,4.27,4.26,4.265,114901.0,390.0,4.26188
RXRX,2025-12-26 20:05:00+00:00,4.265,4.27,4.26,4.265,55473.0,216.0,4.264172
RXRX,2025-12-26 20:10:00+00:00,4.2601,4.27,4.26,4.265,81945.0,263.0,4.266562
RXRX,2025-12-26 20:15:00+00:00,4.27,4.27,4.26,4.27,41128.0,180.0,4.267272
RXRX,2025-12-26 20:20:00+00:00,4.265,4.27,4.26,4.27,124244.0,306.0,4.265736
RXRX,2025-12-26 20:25:00+00:00,4.265,4.27,4.26,4.265,48879.0,250.0,4.267466
RXRX,2025-12-26 20:30:00+00:00,4.27,4.27,4.26,4.2685,74712.0,437.0,4.26496
RXRX,2025-12-26 20:35:00+00:00,4.27,4.28,4.26,4.2756,149392.0,419.0,4.270205
RXRX,2025-12-26 20:40:00+00:00,4.275,4.28,4.27,4.2701,109074.0,379.0,4.273226
RXRX,2025-12-26 20:45:00+00:00,4.27,4.28,4.27,4.275,97289.0,428.0,4.275186
RXRX,2025-12-26 20:50:00+00:00,4.275,4.28,4.25,4.25,695471.0,1506.0,4.256559
RXRX,2025-12-26 20:55:00+00:00,4.255,4.26,4.24,4.245,583260.0,1528.0,4.249176
RXRX,2025-12-26 21:00:00+00:00,4.25,4.25,4.24,4.2499,1133160.0,187.0,4.249969
RXRX,2025-12-26 21:05:00+00:00,4.245,4.26,4.24,4.25,11068.0,66.0,4.249706
RXRX,2025-12-26 21:10:00+00:00,4.25,4.26,4.25,4.25,19817.0,46.0,4.254622
RXRX,2025-12-26 21:15:00+00:00,4.26,4.26,4.25,4.26,26895.0,32.0,4.258341
RXRX,2025-12-26 21:20:00+00:00,4.26,4.26,4.25,4.2599,11505.0,41.0,4.250917
RXRX,2025-12-26 21:25:00+00:00,4.25,4.26,4.25,4.255,10014.0,65.0,4.250537
RXRX,2025-12-26 21:30:00+00:00,4.25,4.26,4.25,4.25,5794.0,38.0,4.253477
RXRX,2025-12-26 21:35:00+00:00,4.26,4.26,4.25,4.26,9967.0,31.0,4.256349
RXRX,2025-12-26 21:40:00+00:00,4.2597,4.26,4.25,4.2501,12681.0,69.0,4.254241
RXRX,2025-12-26 21:45:00+00:00,4.26,4.26,4.24,4.24,6236.0,81.0,4.250576
RXRX,2025-12-26 21:50:00+00:00,4.25,4.25,4.24,4.25,20151.0,56.0,4.245639
RXRX,2025-12-26 21:55:00+00:00,4.24,4.25,4.24,4.2493,17772.0,74.0,4.242217
RXRX,2025-12-26 22:00:00+00:00,4.2488,4.25,4.24,4.24,6325.0,37.0,4.247688
RXRX,2025-12-26 22:05:00+00:00,4.25,4.25,4.2404,4.2498,7377.0,27.0,4.249811
RXRX,2025-12-26 22:10:00+00:00,4.24,4.25,4.24,4.25,8066.0,14.0,4.240211
RXRX,2025-12-26 22:15:00+00:00,4.2488,4.25,4.24,4.25,4146.0,20.0,4.243911
RXRX,2025-12-26 22:20:00+00:00,4.25,4.25,4.24,4.25,3620.0,21.0,4.245922
RXRX,2025-12-26 22:25:00+00:00,4.25,4.25,4.24,4.25,4414.0,26.0,4.248901
RXRX,2025-12-26 22:30:00+00:00,4.25,4.25,4.24,4.245,3438.0,22.0,4.24792
RXRX,2025-12-26 22:35:00+00:00,4.2484,4.25,4.24,4.24,9672.0,18.0,4.242146
RXRX,2025-12-26 22:40:00+00:00,4.25,4.25,4.24,4.24,9826.0,41.0,4.245403
RXRX,2025-12-26 22:45:00+00:00,4.24,4.25,4.24,4.2499,8784.0,48.0,4.241705
RXRX,2025-12-26 22:50:00+00:00,4.245,4.25,4.24,4.25,3276.0,18.0,4.246303
RXRX,2025-12-26 22:55:00+00:00,4.24,4.25,4.24,4.2402,4455.0,12.0,4.246246
RXRX,2025-12-26 23:00:00+00:00,4.2401,4.2466,4.24,4.2466,10489.0,52.0,4.240167
RXRX,2025-12-26 23:05:00+00:00,4.24,4.2487,4.24,4.2484,5535.0,16.0,4.244972
RXRX,2025-12-26 23:10:00+00:00,4.245,4.25,4.245,4.25,206.0,4.0,4.2475
RXRX,2025-12-26 23:15:00+00:00,4.25,4.25,4.24,4.24,2290.0,16.0,4.246453
RXRX,2025-12-26 23:20:00+00:00,4.2413,4.2413,4.24,4.2401,448.0,6.0,4.240318
RXRX,2025-12-26 23:25:00+00:00,4.25,4.25,4.24,4.25,2237.0,16.0,4.243489
RXRX,2025-12-26 23:30:00+00:00,4.2463,4.25,4.24,4.2416,8923.0,14.0,4.246583
RXRX,2025-12-26 23:35:00+00:00,4.2497,4.25,4.24,4.2499,3573.0,20.0,4.24548
RXRX,2025-12-26 23:40:00+00:00,4.25,4.25,4.24,4.2402,14701.0,69.0,4.240565
RXRX,2025-12-26 23:45:00+00:00,4.24,4.245,4.24,4.24,2045.0,13.0,4.240258
RXRX,2025-12-26 23:50:00+00:00,4.2499,4.2499,4.24,4.24,6202.0,16.0,4.240466
RXRX,2025-12-26 23:55:00+00:00,4.2462,4.25,4.2462,4.2499,2772.0,11.0,4.249563
RXRX,2025-12-27 00:00:00+00:00,4.25,4.25,4.2462,4.25,3216.0,14.0,4.24975
RXRX,2025-12-27 00:05:00+00:00,4.24,4.25,4.24,4.25,1988.0,18.0,4.246688
RXRX,2025-12-27 00:10:00+00:00,4.25,4.25,4.24,4.24,4684.0,10.0,4.240439
RXRX,2025-12-27 00:15:00+00:00,4.24,4.2466,4.24,4.2466,936.0,9.0,4.240823
RXRX,2025-12-27 00:20:00+00:00,4.245,4.245,4.24,4.24,720.0,25.0,4.24104
RXRX,2025-12-27 00:25:00+00:00,4.24,4.2497,4.24,4.2497,2495.0,9.0,4.241085
RXRX,2025-12-27 00:30:00+00:00,4.24,4.25,4.24,4.2403,2986.0,11.0,4.240397
RXRX,2025-12-27 00:35:00+00:00,4.24,4.24,4.24,4.24,819.0,1.0,4.24
RXRX,2025-12-27 00:40:00+00:00,4.2499,4.25,4.24,4.24,2482.0,12.0,4.247133
RXRX,2025-12-27 00:45:00+00:00,4.2489,4.25,4.2402,4.2477,2256.0,16.0,4.248294
RXRX,2025-12-27 00:50:00+00:00,4.2401,4.25,4.24,4.24,18453.0,25.0,4.245548
RXRX,2025-12-27 00:55:00+00:00,4.24,4.25,4.24,4.25,14964.0,49.0,4.241119
RXRX,2025-12-29 09:00:00+00:00,4.24,4.27,4.24,4.24,15591.0,112.0,4.252997
RXRX,2025-12-29 09:05:00+00:00,4.24,4.24,4.23,4.23,3372.0,13.0,4.2388
RXRX,2025-12-29 09:10:00+00:00,4.235,4.24,4.23,4.23,3964.0,29.0,4.235806
RXRX,2025-12-29 09:15:00+00:00,4.22,4.23,4.22,4.22,2466.0,24.0,4.223602
RXRX,2025-12-29 09:20:00+00:00,4.22,4.23,4.22,4.22,1966.0,27.0,4.223545
RXRX,2025-12-29 09:25:00+00:00,4.23,4.23,4.22,4.22,3861.0,51.0,4.222933
RXRX,2025-12-29 09:30:00+00:00,4.21,4.21,4.21,4.21,1285.0,17.0,4.21
RXRX,2025-12-29 09:35:00+00:00,4.21,4.22,4.21,4.21,2141.0,45.0,4.212123
RXRX,2025-12-29 09:40:00+00:00,4.22,4.22,4.21,4.21,4351.0,32.0,4.213261
RXRX,2025-12-29 09:45:00+00:00,4.21,4.22,4.21,4.22,2595.0,29.0,4.217679
RXRX,2025-12-29 09:50:00+00:00,4.22,4.22,4.22,4.22,530.0,7.0,4.22
RXRX,2025-12-29 09:55:00+00:00,4.22,4.22,4.21,4.21,2791.0,21.0,4.218747
RXRX,2025-12-29 10:00:00+00:00,4.21,4.21,4.21,4.21,750.0,14.0,4.21
RXRX,2025-12-29 10:05:00+00:00,4.21,4.22,4.21,4.21,1692.0,19.0,4.212048
RXRX,2025-12-29 10:10:00+00:00,4.22,4.22,4.21,4.21,635.0,11.0,4.213333
RXRX,2025-12-29 10:15:00+00:00,4.22,4.22,4.21,4.21,1335.0,42.0,4.212952
RXRX,2025-12-29 10:20:00+00:00,4.21,4.22,4.21,4.22,736.0,5.0,4.214615
RXRX,2025-12-29 10:25:00+00:00,4.21,4.22,4.21,4.22,4606.0,25.0,4.216133
RXRX,2025-12-29 10:30:00+00:00,4.22,4.22,4.21,4.21,6155.0,46.0,4.211575
RXRX,2025-12-29 10:35:00+00:00,4.21,4.21,4.21,4.21,5218.0,104.0,4.21
RXRX,2025-12-29 10:40:00+00:00,4.21,4.215,4.21,4.21,2475.0,24.0,4.210292
RXRX,2025-12-29 10:45:00+00:00,4.21,4.21,4.21,4.21,169.0,3.0,4.21
RXRX,2025-12-29 10:50:00+00:00,4.21,4.21,4.21,4.21,688.0,5.0,4.21
RXRX,2025-12-29 10:55:00+00:00,4.21,4.22,4.21,4.21,6984.0,34.0,4.213076
RXRX,2025-12-29 11:00:00+00:00,4.21,4.22,4.21,4.215,5674.0,59.0,4.210639
RXRX,2025-12-29 11:05:00+00:00,4.21,4.215,4.21,4.21,2646.0,17.0,4.210518
RXRX,2025-12-29 11:10:00+00:00,4.215,4.22,4.21,4.21,27975.0,206.0,4.211276
RXRX,2025-12-29 11:15:00+00:00,4.21,4.215,4.21,4.21,2735.0,40.0,4.210351
RXRX,2025-12-29 11:20:00+00:00,4.21,4.21,4.2,4.2,5314.0,53.0,4.201804
RXRX,2025-12-29 11:25:00+00:00,4.21,4.21,4.2,4.2,9842.0,63.0,4.201804
RXRX,2025-12-29 11:30:00+00:00,4.205,4.21,4.2,4.21,5838.0,35.0,4.206522
RXRX,2025-12-29 11:35:00+00:00,4.205,4.21,4.2,4.21,10654.0,38.0,4.201324
RXRX,2025-12-29 11:40:00+00:00,4.2,4.21,4.2,4.21,2307.0,20.0,4.205481
RXRX,2025-12-29 11:45:00+00:00,4.205,4.205,4.2,4.2,792.0,20.0,4.203494
RXRX,2025-12-29 11:50:00+00:00,4.205,4.21,4.205,4.21,18378.0,76.0,4.20997
RXRX,2025-12-29 11:55:00+00:00,4.2,4.21,4.2,4.2,4820.0,29.0,4.200332
RXRX,2025-12-29 12:00:00+00:00,4.21,4.22,4.21,4.21,43261.0,120.0,4.213014
RXRX,2025-12-29 12:05:00+00:00,4.21,4.215,4.19,4.19,69902.0,296.0,4.198655
RXRX,2025-12-29 12:10:00+00:00,4.19,4.19,4.19,4.19,2000.0,1.0,4.19
RXRX,2025-12-29 12:15:00+00:00,4.19,4.195,4.19,4.19,2223.0,15.0,4.191029
RXRX,2025-12-29 12:20:00+00:00,4.19,4.2,4.19,4.2,6606.0,82.0,4.19329
RXRX,2025-12-29 12:25:00+00:00,4.195,4.2,4.19,4.2,7620.0,49.0,4.19861
RXRX,2025-12-29 12:30:00+00:00,4.2,4.2,4.2,4.2,32841.0,46.0,4.2
RXRX,2025-12-29 12:35:00+00:00,4.21,4.22,4.21,4.21,2847.0,30.0,4.210393
RXRX,2025-12-29 12:40:00+00:00,4.21,4.21,4.21,4.21,2524.0,25.0,4.21
RXRX,2025-12-29 12:45:00+00:00,4.21,4.22,4.21,4.22,1565.0,9.0,4.211505
RXRX,2025-12-29 12:50:00+00:00,4.21,4.21,4.2,4.2,5330.0,37.0,4.207732
RXRX,2025-12-29 12:55:00+00:00,4.21,4.21,4.21,4.21,101.0,2.0,4.21
RXRX,2025-12-29 13:00:00+00:00,4.21,4.26,4.19,4.2097,441339.0,1790.0,4.212324
RXRX,2025-12-29 13:05:00+00:00,4.2,4.21,4.2,4.2,28770.0,152.0,4.200311
RXRX,2025-12-29 13:10:00+00:00,4.2002,4.21,4.2,4.2,27746.0,138.0,4.202674
RXRX,2025-12-29 13:15:00+00:00,4.2,4.21,4.2,4.2098,14500.0,37.0,4.202003
RXRX,2025-12-29 13:20:00+00:00,4.2,4.21,4.2,4.2,20976.0,47.0,4.20204
RXRX,2025-12-29 13:25:00+00:00,4.2,4.21,4.2,4.2002,19074.0,75.0,4.206311
RXRX,2025-12-29 13:30:00+00:00,4.2,4.21,4.19,4.2001,51395.0,172.0,4.199494
RXRX,2025-12-29 13:35:00+00:00,4.2,4.2001,4.19,4.19,34151.0,99.0,4.193792
RXRX,2025-12-29 13:40:00+00:00,4.19,4.21,4.19,4.2002,21436.0,89.0,4.198576
RXRX,2025-12-29 13:45:00+00:00,4.2,4.21,4.19,4.19,15748.0,107.0,4.199603
RXRX,2025-12-29 13:50:00+00:00,4.19,4.2,4.18,4.1897,54262.0,327.0,4.18926
RXRX,2025-12-29 13:55:00+00:00,4.1805,4.19,4.18,4.18,31319.0,142.0,4.183109
RXRX,2025-12-29 14:00:00+00:00,4.18,4.19,4.18,4.1801,28159.0,79.0,4.18281
RXRX,2025-12-29 14:05:00+00:00,4.18,4.19,4.18,4.18,34073.0,101.0,4.187769
RXRX,2025-12-29 14:10:00+00:00,4.18,4.1904,4.18,4.19,48942.0,257.0,4.185708
RXRX,2025-12-29 14:15:00+00:00,4.1803,4.19,4.18,4.19,61448.0,140.0,4.182243
RXRX,2025-12-29 14:20:00+00:00,4.18,4.19,4.18,4.1897,46602.0,164.0,4.18403
RXRX,2025-12-29 14:25:00+00:00,4.19,4.1902,4.18,4.18,57400.0,192.0,4.187787
RXRX,2025-12-29 14:30:00+00:00,4.18,4.25,4.175,4.235,1081489.0,2425.0,4.204064
RXRX,2025-12-29 14:35:00+00:00,4.235,4.3,4.23,4.26,595657.0,1917.0,4.27557
RXRX,2025-12-29 14:40:00+00:00,4.26,4.31,4.24,4.3003,503993.0,1033.0,4.269571
RXRX,2025-12-29 14:45:00+00:00,4.305,4.31,4.25,4.2522,360040.0,915.0,4.274167
RXRX,2025-12-29 14:50:00+00:00,4.255,4.27,4.25,4.265,230831.0,700.0,4.256723
RXRX,2025-12-29 14:55:00+00:00,4.26,4.26,4.23,4.235,166472.0,676.0,4.242991
RXRX,2025-12-29 15:00:00+00:00,4.235,4.24,4.21,4.21,267055.0,725.0,4.221923
RXRX,2025-12-29 15:05:00+00:00,4.2114,4.23,4.21,4.22,230423.0,576.0,4.221797
RXRX,2025-12-29 15:10:00+00:00,4.2201,4.225,4.21,4.22,215299.0,505.0,4.217299
RXRX,2025-12-29 15:15:00+00:00,4.2199,4.22,4.2,4.2001,498329.0,1262.0,4.210405
RXRX,2025-12-29 15:20:00+00:00,4.2,4.21,4.19,4.19,338557.0,804.0,4.198833
RXRX,2025-12-29 15:25:00+00:00,4.1976,4.2,4.17,4.17,464476.0,1084.0,4.186625
RXRX,2025-12-29 15:30:00+00:00,4.175,4.19,4.17,4.185,250805.0,936.0,4.176188
RXRX,2025-12-29 15:35:00+00:00,4.19,4.19,4.16,4.1647,356619.0,1117.0,4.172901
RXRX,2025-12-29 15:40:00+00:00,4.1603,4.17,4.15,4.155,386454.0,1105.0,4.15768
RXRX,2025-12-29 15:45:00+00:00,4.1599,4.16,4.15,4.15,248107.0,822.0,4.157223
RXRX,2025-12-29 15:50:00+00:00,4.1507,4.16,4.15,4.155,195700.0,627.0,4.155336
RXRX,2025-12-29 15:55:00+00:00,4.155,4.17,4.15,4.1599,262045.0,778.0,4.158498
RXRX,2025-12-29 16:00:00+00:00,4.155,4.16,4.15,4.155,133245.0,507.0,4.156895
RXRX,2025-12-29 16:05:00+00:00,4.1599,4.16,4.15,4.1507,274102.0,575.0,4.154159
RXRX,2025-12-29 16:10:00+00:00,4.16,4.18,4.15,4.1744,371567.0,715.0,4.164007
RXRX,2025-12-29 16:15:00+00:00,4.1745,4.18,4.17,4.175,180748.0,435.0,4.171999
RXRX,2025-12-29 16:20:00+00:00,4.1799,4.18,4.17,4.17,144328.0,407.0,4.172357
RXRX,2025-12-29 16:25:00+00:00,4.175,4.18,4.15,4.155,374258.0,717.0,4.162134
RXRX,2025-12-29 16:30:00+00:00,4.155,4.16,4.13,4.135,1241348.0,2138.0,4.144895
RXRX,2025-12-29 16:35:00+00:00,4.135,4.15,4.13,4.145,364009.0,698.0,4.137588
RXRX,2025-12-29 16:40:00+00:00,4.14,4.15,4.135,4.145,375318.0,479.0,4.14054
RXRX,2025-12-29 16:45:00+00:00,4.15,4.15,4.14,4.15,148800.0,410.0,4.14521
RXRX,2025-12-29 16:50:00+00:00,4.1458,4.15,4.14,4.145,81347.0,384.0,4.14487
RXRX,2025-12-29 16:55:00+00:00,4.145,4.15,4.13,4.13,279529.0,667.0,4.137933
RXRX,2025-12-29 17:00:00+00:00,4.13,4.14,4.12,4.13,421698.0,1088.0,4.128307
RXRX,2025-12-29 17:05:00+00:00,4.125,4.13,4.11,4.1175,422486.0,849.0,4.121008
RXRX,2025-12-29 17:10:00+00:00,4.1135,4.13,4.11,4.125,330515.0,571.0,4.118604
RXRX,2025-12-29 17:15:00+00:00,4.125,4.13,4.12,4.125,175271.0,400.0,4.126535
RXRX,2025-12-29 17:20:00+00:00,4.125,4.13,4.11,4.115,263385.0,632.0,4.118764
RXRX,2025-12-29 17:25:00+00:00,4.1114,4.12,4.11,4.1157,146591.0,460.0,4.1123
RXRX,2025-12-29 17:30:00+00:00,4.12,4.12,4.11,4.115,152355.0,521.0,4.116602
RXRX,2025-12-29 17:35:00+00:00,4.12,4.12,4.11,4.115,93083.0,373.0,4.114583
RXRX,2025-12-29 17:40:00+00:00,4.115,4.12,4.11,4.1185,122883.0,422.0,4.117311
RXRX,2025-12-29 17:45:00+00:00,4.12,4.13,4.11,4.1246,137643.0,345.0,4.121086
RXRX,2025-12-29 17:50:00+00:00,4.125,4.14,4.12,4.1342,191236.0,448.0,4.132736
RXRX,2025-12-29 17:55:00+00:00,4.135,4.14,4.13,4.135,115216.0,283.0,4.133201
RXRX,2025-12-29 18:00:00+00:00,4.135,4.14,4.11,4.11,323873.0,776.0,4.124449
RXRX,2025-12-29 18:05:00+00:00,4.1154,4.12,4.11,4.115,84699.0,456.0,4.114626
RXRX,2025-12-29 18:10:00+00:00,4.1101,4.12,4.11,4.1107,333845.0,596.0,4.116462
RXRX,2025-12-29 18:15:00+00:00,4.1107,4.12,4.11,4.1198,232574.0,516.0,4.117724
RXRX,2025-12-29 18:20:00+00:00,4.12,4.13,4.11,4.125,288814.0,480.0,4.117509
RXRX,2025-12-29 18:25:00+00:00,4.125,4.13,4.12,4.125,90495.0,279.0,4.123711
RXRX,2025-12-29 18:30:00+00:00,4.13,4.14,4.12,4.14,301166.0,449.0,4.126918
RXRX,2025-12-29 18:35:00+00:00,4.135,4.14,4.12,4.125,187307.0,418.0,4.133017
RXRX,2025-12-29 18:40:00+00:00,4.13,4.13,4.12,4.13,139934.0,369.0,4.12672
RXRX,2025-12-29 18:45:00+00:00,4.125,4.13,4.12,4.12,54179.0,260.0,4.126427
RXRX,2025-12-29 18:50:00+00:00,4.125,4.1256,4.11,4.12,146280.0,561.0,4.118411
RXRX,2025-12-29 18:55:00+00:00,4.115,4.13,4.11,4.13,509460.0,1057.0,4.114109
RXRX,2025-12-29 19:00:00+00:00,4.12,4.13,4.115,4.13,170578.0,400.0,4.121766
RXRX,2025-12-29 19:05:00+00:00,4.125,4.14,4.125,4.135,199843.0,426.0,4.132785
RXRX,2025-12-29 19:10:00+00:00,4.135,4.14,4.13,4.13,121399.0,245.0,4.133068
RXRX,2025-12-29 19:15:00+00:00,4.135,4.14,4.13,4.13,136194.0,210.0,4.133327
RXRX,2025-12-29 19:20:00+00:00,4.1307,4.14,4.13,4.1301,105666.0,313.0,4.133867
RXRX,2025-12-29 19:25:00+00:00,4.13,4.1399,4.11,4.11,437253.0,664.0,4.126467
RXRX,2025-12-29 19:30:00+00:00,4.115,4.12,4.11,4.115,195384.0,421.0,4.11681
RXRX,2025-12-29 19:35:00+00:00,4.12,4.13,4.12,4.12,163850.0,335.0,4.121629
RXRX,2025-12-29 19:40:00+00:00,4.12,4.13,4.1144,4.125,221019.0,507.0,4.120251
RXRX,2025-12-29 19:45:00+00:00,4.125,4.13,4.11,4.1244,455990.0,529.0,4.12051
RXRX,2025-12-29 19:50:00+00:00,4.1257,4.13,4.12,4.12,354539.0,484.0,4.1288
RXRX,2025-12-29 19:55:00+00:00,4.12,4.13,4.12,4.125,75467.0,201.0,4.126753
RXRX,2025-12-29 20:00:00+00:00,4.125,4.14,4.12,4.12,210353.0,415.0,4.129426
RXRX,2025-12-29 20:05:00+00:00,4.12,4.1293,4.12,4.1239,121353.0,241.0,4.121725
RXRX,2025-12-29 20:10:00+00:00,4.12,4.13,4.11,4.1255,483918.0,828.0,4.119512
RXRX,2025-12-29 20:15:00+00:00,4.125,4.16,4.1243,4.1493,369170.0,525.0,4.146078
RXRX,2025-12-29 20:20:00+00:00,4.145,4.15,4.14,4.1456,82464.0,208.0,4.143143
RXRX,2025-12-29 20:25:00+00:00,4.14,4.15,4.14,4.15,103416.0,277.0,4.142451
RXRX,2025-12-29 20:30:00+00:00,4.145,4.1497,4.13,4.1377,126308.0,493.0,4.138639
RXRX,2025-12-29 20:35:00+00:00,4.135,4.14,4.13,4.135,89821.0,266.0,4.132935
RXRX,2025-12-29 20:40:00+00:00,4.13,4.14,4.12,4.12,204214.0,498.0,4.127927
RXRX,2025-12-29 20:45:00+00:00,4.125,4.13,4.12,4.1257,214150.0,570.0,4.127348
RXRX,2025-12-29 20:50:00+00:00,4.13,4.13,4.12,4.125,148149.0,468.0,4.123852
RXRX,2025-12-29 20:55:00+00:00,4.13,4.14,4.12,4.125,989649.0,2200.0,4.125339
RXRX,2025-12-29 21:00:00+00:00,4.13,4.13,4.12,4.1277,1011626.0,81.0,4.129941
RXRX,2025-12-29 21:05:00+00:00,4.12,4.13,4.12,4.12,13865.0,91.0,4.121425
RXRX,2025-12-29 21:10:00+00:00,4.12,4.13,4.12,4.13,2066.0,31.0,4.12249
RXRX,2025-12-29 21:15:00+00:00,4.1266,4.13,4.12,4.12,5157.0,36.0,4.122553
RXRX,2025-12-29 21:20:00+00:00,4.1203,4.13,4.12,4.12,21492.0,81.0,4.124148
RXRX,2025-12-29 21:25:00+00:00,4.1201,4.13,4.12,4.1284,32514.0,43.0,4.127765
RXRX,2025-12-29 21:30:00+00:00,4.13,4.13,4.12,4.12,6627.0,27.0,4.121434
RXRX,2025-12-29 21:35:00+00:00,4.1202,4.13,4.12,4.125,8281.0,32.0,4.123496
RXRX,2025-12-29 21:40:00+00:00,4.12,4.13,4.12,4.1202,11490.0,55.0,4.121239
RXRX,2025-12-29 21:45:00+00:00,4.1202,4.13,4.12,4.125,13928.0,33.0,4.126752
RXRX,2025-12-29 21:50:00+00:00,4.13,4.13,4.12,4.12,4578.0,43.0,4.122591
RXRX,2025-12-29 21:55:00+00:00,4.13,4.13,4.12,4.12,8998.0,39.0,4.128901
RXRX,2025-12-29 22:00:00+00:00,4.1268,4.13,4.12,4.12,10773.0,68.0,4.124871
RXRX,2025-12-29 22:05:00+00:00,4.1299,4.13,4.12,4.13,15615.0,30.0,4.128738
RXRX,2025-12-29 22:10:00+00:00,4.13,4.13,4.12,4.13,11140.0,33.0,4.126099
RXRX,2025-12-29 22:15:00+00:00,4.1201,4.13,4.12,4.13,22661.0,62.0,4.125383
RXRX,2025-12-29 22:20:00+00:00,4.13,4.13,4.12,4.13,9443.0,53.0,4.122043
RXRX,2025-12-29 22:25:00+00:00,4.1299,4.13,4.12,4.13,10681.0,55.0,4.125064
RXRX,2025-12-29 22:30:00+00:00,4.1297,4.13,4.12,4.12,17770.0,74.0,4.121661
RXRX,2025-12-29 22:35:00+00:00,4.12,4.13,4.12,4.1264,15043.0,58.0,4.123377
RXRX,2025-12-29 22:40:00+00:00,4.125,4.1298,4.12,4.12,28891.0,110.0,4.120084
RXRX,2025-12-29 22:45:00+00:00,4.12,4.13,4.12,4.1296,10283.0,35.0,4.126445
RXRX,2025-12-29 22:50:00+00:00,4.12,4.13,4.12,4.12,3172.0,27.0,4.122921
RXRX,2025-12-29 22:55:00+00:00,4.13,4.13,4.12,4.13,4331.0,30.0,4.125386
RXRX,2025-12-29 23:00:00+00:00,4.13,4.13,4.12,4.13,3323.0,11.0,4.129683
RXRX,2025-12-29 23:05:00+00:00,4.12,4.13,4.12,4.1279,5668.0,38.0,4.123814
RXRX,2025-12-29 23:10:00+00:00,4.12,4.13,4.11,4.12,56516.0,135.0,4.118101
RXRX,2025-12-29 23:15:00+00:00,4.12,4.12,4.11,4.11,15468.0,42.0,4.113046
RXRX,2025-12-29 23:20:00+00:00,4.12,4.1298,4.1141,4.12,38923.0,38.0,4.119839
RXRX,2025-12-29 23:25:00+00:00,4.1297,4.1297,4.12,4.1201,4414.0,13.0,4.121582
RXRX,2025-12-29 23:30:00+00:00,4.12,4.13,4.12,4.13,4299.0,21.0,4.12463
RXRX,2025-12-29 23:35:00+00:00,4.12,4.13,4.12,4.12,3702.0,20.0,4.1263
RXRX,2025-12-29 23:40:00+00:00,4.12,4.125,4.12,4.125,5363.0,11.0,4.120384
RXRX,2025-12-29 23:45:00+00:00,4.12,4.13,4.12,4.13,1286.0,2.0,4.127776
RXRX,2025-12-29 23:50:00+00:00,4.12,4.125,4.12,4.12,10260.0,11.0,4.120049
RXRX,2025-12-29 23:55:00+00:00,4.12,4.13,4.12,4.13,2204.0,10.0,4.124524
RXRX,2025-12-30 00:00:00+00:00,4.12,4.12,4.12,4.12,225.0,10.0,4.12
RXRX,2025-12-30 00:05:00+00:00,4.12,4.13,4.12,4.13,4455.0,28.0,4.12642
RXRX,2025-12-30 00:10:00+00:00,4.13,4.13,4.125,4.13,5270.0,28.0,4.129721
RXRX,2025-12-30 00:15:00+00:00,4.13,4.13,4.12,4.13,4648.0,25.0,4.128603
RXRX,2025-12-30 00:20:00+00:00,4.1296,4.13,4.1296,4.13,1799.0,8.0,4.129976
RXRX,2025-12-30 00:25:00+00:00,4.125,4.1299,4.12,4.1293,2064.0,11.0,4.125362
RXRX,2025-12-30 00:30:00+00:00,4.13,4.13,4.12,4.13,3158.0,12.0,4.129312
RXRX,2025-12-30 00:35:00+00:00,4.13,4.13,4.12,4.13,2983.0,14.0,4.122903
RXRX,2025-12-30 00:40:00+00:00,4.1299,4.13,4.1299,4.13,528.0,5.0,4.129931
RXRX,2025-12-30 00:45:00+00:00,4.12,4.13,4.12,4.1297,2476.0,12.0,4.127327
RXRX,2025-12-30 00:50:00+00:00,4.1284,4.13,4.12,4.12,615.0,5.0,4.124467
RXRX,2025-12-30 00:55:00+00:00,4.1292,4.13,4.12,4.13,2172.0,7.0,4.127746
RXRX,2025-12-30 09:00:00+00:00,4.12,4.17,4.12,4.16,13425.0,111.0,4.140739
RXRX,2025-12-30 09:05:00+00:00,4.17,4.2,4.17,4.17,12402.0,142.0,4.182506
RXRX,2025-12-30 09:10:00+00:00,4.18,4.18,4.17,4.17,5795.0,25.0,4.179567
RXRX,2025-12-30 09:15:00+00:00,4.17,4.18,4.165,4.18,8672.0,60.0,4.169993
RXRX,2025-12-30 09:20:00+00:00,4.18,4.18,4.17,4.17,682.0,10.0,4.176384
RXRX,2025-12-30 09:25:00+00:00,4.18,4.19,4.18,4.18,6788.0,91.0,4.181694
RXRX,2025-12-30 09:30:00+00:00,4.18,4.18,4.17,4.17,2384.0,18.0,4.175719
RXRX,2025-12-30 09:35:00+00:00,4.17,4.17,4.16,4.17,6972.0,93.0,4.169817
RXRX,2025-12-30 09:40:00+00:00,4.17,4.17,4.17,4.17,210.0,9.0,4.17
RXRX,2025-12-30 09:45:00+00:00,4.17,4.17,4.17,4.17,100.0,1.0,4.17
RXRX,2025-12-30 09:50:00+00:00,4.17,4.18,4.16,4.18,4218.0,44.0,4.168985
RXRX,2025-12-30 10:00:00+00:00,4.18,4.18,4.16,4.16,14686.0,146.0,4.166315
RXRX,2025-12-30 10:05:00+00:00,4.17,4.17,4.17,4.17,1839.0,20.0,4.17
RXRX,2025-12-30 10:10:00+00:00,4.17,4.175,4.17,4.17,5929.0,54.0,4.170309
RXRX,2025-12-30 10:15:00+00:00,4.17,4.17,4.165,4.165,11080.0,124.0,4.169574
RXRX,2025-12-30 10:20:00+00:00,4.17,4.18,4.17,4.18,3163.0,35.0,4.175593
RXRX,2025-12-30 10:25:00+00:00,4.18,4.18,4.18,4.18,1666.0,28.0,4.18
RXRX,2025-12-30 10:35:00+00:00,4.18,4.18,4.17,4.17,9771.0,70.0,4.170939
RXRX,2025-12-30 10:45:00+00:00,4.17,4.17,4.16,4.16,11860.0,60.0,4.168406
RXRX,2025-12-30 10:50:00+00:00,4.16,4.17,4.16,4.16,2035.0,24.0,4.165891
RXRX,2025-12-30 10:55:00+00:00,4.16,4.17,4.16,4.17,4221.0,45.0,4.168891
RXRX,2025-12-30 11:00:00+00:00,4.18,4.18,4.17,4.18,2349.0,11.0,4.179011
RXRX,2025-12-30 11:05:00+00:00,4.18,4.18,4.17,4.17,479.0,3.0,4.172252
RXRX,2025-12-30 11:10:00+00:00,4.17,4.17,4.17,4.17,1124.0,11.0,4.17
RXRX,2025-12-30 11:15:00+00:00,4.17,4.17,4.17,4.17,5175.0,55.0,4.17
RXRX,2025-12-30 11:20:00+00:00,4.17,4.17,4.17,4.17,1146.0,12.0,4.17
RXRX,2025-12-30 11:35:00+00:00,4.17,4.17,4.15,4.16,15234.0,178.0,4.161486
RXRX,2025-12-30 11:40:00+00:00,4.16,4.16,4.16,4.16,115.0,3.0,4.16
RXRX,2025-12-30 11:45:00+00:00,4.16,4.16,4.16,4.16,2830.0,63.0,4.16
RXRX,2025-12-30 11:50:00+00:00,4.16,4.16,4.14,4.15,10273.0,140.0,4.150569
RXRX,2025-12-30 11:55:00+00:00,4.15,4.15,4.15,4.15,372.0,5.0,4.15
RXRX,2025-12-30 12:00:00+00:00,4.16,4.16,4.16,4.16,1687.0,21.0,4.16
RXRX,2025-12-30 12:05:00+00:00,4.16,4.16,4.15,4.15,4168.0,50.0,4.159006
RXRX,2025-12-30 12:10:00+00:00,4.15,4.15,4.15,4.15,764.0,19.0,4.15
RXRX,2025-12-30 12:15:00+00:00,4.15,4.15,4.15,4.15,1259.0,32.0,4.15
RXRX,2025-12-30 12:20:00+00:00,4.155,4.16,4.15,4.16,2276.0,12.0,4.158574
RXRX,2025-12-30 12:25:00+00:00,4.16,4.161,4.15,4.16,20894.0,131.0,4.15535
RXRX,2025-12-30 12:30:00+00:00,4.16,4.16,4.16,4.16,9300.0,40.0,4.16
RXRX,2025-12-30 12:35:00+00:00,4.16,4.16,4.16,4.16,4211.0,35.0,4.16
RXRX,2025-12-30 12:40:00+00:00,4.16,4.16,4.15,4.15,4842.0,57.0,4.150245
RXRX,2025-12-30 12:45:00+00:00,4.16,4.16,4.16,4.16,300.0,3.0,4.16
RXRX,2025-12-30 12:55:00+00:00,4.15,4.15,4.15,4.15,12463.0,160.0,4.15
RXRX,2025-12-30 13:00:00+00:00,4.16,4.19,4.14,4.1497,236237.0,881.0,4.162287
RXRX,2025-12-30 13:05:00+00:00,4.15,4.16,4.15,4.16,11251.0,50.0,4.155507
RXRX,2025-12-30 13:10:00+00:00,4.16,4.16,4.15,4.15,14951.0,36.0,4.15976
RXRX,2025-12-30 13:15:00+00:00,4.16,4.17,4.1595,4.17,37907.0,131.0,4.161735
RXRX,2025-12-30 13:20:00+00:00,4.18,4.19,4.17,4.19,23603.0,121.0,4.181463
RXRX,2025-12-30 13:25:00+00:00,4.1899,4.1899,4.17,4.1784,3334.0,45.0,4.179717
RXRX,2025-12-30 13:30:00+00:00,4.18,4.18,4.16,4.16,12485.0,140.0,4.169934
RXRX,2025-12-30 13:35:00+00:00,4.17,4.17,4.16,4.1697,4575.0,25.0,4.166137
RXRX,2025-12-30 13:40:00+00:00,4.17,4.17,4.16,4.1605,7336.0,22.0,4.165112
RXRX,2025-12-30 13:45:00+00:00,4.17,4.17,4.16,4.1698,2983.0,22.0,4.161764
RXRX,2025-12-30 13:50:00+00:00,4.16,4.17,4.16,4.16,29100.0,143.0,4.161503
RXRX,2025-12-30 13:55:00+00:00,4.17,4.19,4.16,4.19,43413.0,280.0,4.174051
RXRX,2025-12-30 14:00:00+00:00,4.2,4.2,4.185,4.19,36533.0,205.0,4.195978
RXRX,2025-12-30 14:05:00+00:00,4.1901,4.21,4.19,4.2,41523.0,111.0,4.198096
RXRX,2025-12-30 14:10:00+00:00,4.21,4.23,4.2001,4.21,88569.0,213.0,4.218314
RXRX,2025-12-30 14:15:00+00:00,4.2099,4.21,4.17,4.2,40993.0,298.0,4.19192
RXRX,2025-12-30 14:20:00+00:00,4.2,4.21,4.17,4.18,40731.0,188.0,4.193877
RXRX,2025-12-30 14:25:00+00:00,4.181,4.19,4.15,4.1595,52724.0,357.0,4.170028
RXRX,2025-12-30 14:30:00+00:00,4.15,4.21,4.135,4.176,747677.0,1615.0,4.16562
RXRX,2025-12-30 14:35:00+00:00,4.175,4.2,4.17,4.175,326563.0,1141.0,4.186161
RXRX,2025-12-30 14:40:00+00:00,4.17,4.2,4.16,4.185,479771.0,969.0,4.178358
RXRX,2025-12-30 14:45:00+00:00,4.185,4.185,4.15,4.1655,311962.0,947.0,4.162559
RXRX,2025-12-30 14:50:00+00:00,4.16,4.1799,4.15,4.165,281656.0,725.0,4.169547
RXRX,2025-12-30 14:55:00+00:00,4.165,4.1799,4.16,4.165,257469.0,576.0,4.167141
RXRX,2025-12-30 15:00:00+00:00,4.165,4.1699,4.14,4.1422,285676.0,1114.0,4.151225
RXRX,2025-12-30 15:05:00+00:00,4.14,4.1468,4.13,4.134,259902.0,729.0,4.138665
RXRX,2025-12-30 15:10:00+00:00,4.14,4.16,4.14,4.1455,389889.0,625.0,4.144527
RXRX,2025-12-30 15:15:00+00:00,4.15,4.16,4.14,4.145,114017.0,449.0,4.149257
RXRX,2025-12-30 15:20:00+00:00,4.145,4.15,4.13,4.145,236475.0,616.0,4.141469
RXRX,2025-12-30 15:25:00+00:00,4.145,4.15,4.12,4.125,183423.0,932.0,4.134376
RXRX,2025-12-30 15:30:00+00:00,4.125,4.13,4.12,4.12,170277.0,666.0,4.121985
RXRX,2025-12-30 15:35:00+00:00,4.1201,4.13,4.12,4.125,111072.0,508.0,4.123788
RXRX,2025-12-30 15:40:00+00:00,4.13,4.13,4.11,4.125,360566.0,852.0,4.120119
RXRX,2025-12-30 15:45:00+00:00,4.125,4.14,4.12,4.13,269492.0,543.0,4.130135
RXRX,2025-12-30 15:50:00+00:00,4.125,4.15,4.12,4.1325,286341.0,604.0,4.133199
RXRX,2025-12-30 15:55:00+00:00,4.1364,4.14,4.13,4.135,186457.0,306.0,4.132762
RXRX,2025-12-30 16:00:00+00:00,4.1369,4.14,4.12,4.125,108700.0,531.0,4.130334
RXRX,2025-12-30 16:05:00+00:00,4.125,4.13,4.12,4.125,193213.0,495.0,4.122138
RXRX,2025-12-30 16:10:00+00:00,4.1201,4.13,4.115,4.13,332155.0,722.0,4.121133
RXRX,2025-12-30 16:15:00+00:00,4.125,4.15,4.12,4.14,176147.0,425.0,4.136316
RXRX,2025-12-30 16:20:00+00:00,4.15,4.16,4.1439,4.155,180268.0,459.0,4.15266
RXRX,2025-12-30 16:25:00+00:00,4.1584,4.16,4.1414,4.1491,175880.0,498.0,4.151388
RXRX,2025-12-30 16:30:00+00:00,4.145,4.15,4.13,4.13,275044.0,557.0,4.141728
RXRX,2025-12-30 16:35:00+00:00,4.1393,4.1399,4.12,4.1201,205849.0,423.0,4.123219
RXRX,2025-12-30 16:40:00+00:00,4.12,4.13,4.12,4.1299,175676.0,331.0,4.122072
RXRX,2025-12-30 16:45:00+00:00,4.13,4.13,4.12,4.13,224903.0,519.0,4.127981
RXRX,2025-12-30 16:50:00+00:00,4.125,4.14,4.125,4.135,246347.0,391.0,4.131349
RXRX,2025-12-30 16:55:00+00:00,4.139,4.14,4.12,4.125,304640.0,420.0,4.129557
RXRX,2025-12-30 17:00:00+00:00,4.129,4.13,4.12,4.12,52609.0,317.0,4.122481
RXRX,2025-12-30 17:05:00+00:00,4.13,4.13,4.12,4.125,67844.0,233.0,4.123774
RXRX,2025-12-30 17:10:00+00:00,4.12,4.13,4.12,4.125,99624.0,406.0,4.122755
RXRX,2025-12-30 17:15:00+00:00,4.125,4.14,4.11,4.135,378918.0,742.0,4.126117
RXRX,2025-12-30 17:20:00+00:00,4.14,4.1456,4.13,4.1413,84160.0,231.0,4.13779
RXRX,2025-12-30 17:25:00+00:00,4.145,4.1469,4.13,4.13,141094.0,274.0,4.136099
RXRX,2025-12-30 17:30:00+00:00,4.1301,4.14,4.13,4.1301,42970.0,152.0,4.133173
RXRX,2025-12-30 17:35:00+00:00,4.135,4.15,4.135,4.14,179061.0,327.0,4.140494
RXRX,2025-12-30 17:40:00+00:00,4.1413,4.145,4.13,4.135,74750.0,209.0,4.137483
RXRX,2025-12-30 17:45:00+00:00,4.1301,4.1388,4.13,4.135,509827.0,608.0,4.13078
RXRX,2025-12-30 17:50:00+00:00,4.135,4.1398,4.13,4.13,46230.0,174.0,4.134515
RXRX,2025-12-30 17:55:00+00:00,4.135,4.14,4.13,4.135,128814.0,286.0,4.137404
RXRX,2025-12-30 18:00:00+00:00,4.135,4.14,4.13,4.13,72992.0,180.0,4.132804
RXRX,2025-12-30 18:05:00+00:00,4.135,4.14,4.13,4.135,144254.0,405.0,4.137848
RXRX,2025-12-30 18:10:00+00:00,4.135,4.14,4.13,4.135,35759.0,205.0,4.13449
RXRX,2025-12-30 18:15:00+00:00,4.1399,4.14,4.13,4.135,97435.0,308.0,4.137956
RXRX,2025-12-30 18:20:00+00:00,4.1344,4.14,4.13,4.135,38796.0,177.0,4.135082
RXRX,2025-12-30 18:25:00+00:00,4.135,4.14,4.13,4.136,38455.0,198.0,4.134467
RXRX,2025-12-30 18:30:00+00:00,4.135,4.1373,4.125,4.13,213233.0,488.0,4.130805
RXRX,2025-12-30 18:35:00+00:00,4.13,4.1499,4.13,4.135,303678.0,457.0,4.137667
RXRX,2025-12-30 18:40:00+00:00,4.13,4.14,4.13,4.1353,26568.0,168.0,4.132465
RXRX,2025-12-30 18:45:00+00:00,4.13,4.14,4.13,4.135,31317.0,168.0,4.134433
RXRX,2025-12-30 18:50:00+00:00,4.1398,4.14,4.12,4.13,171595.0,314.0,4.125477
RXRX,2025-12-30 18:55:00+00:00,4.125,4.13,4.12,4.12,87881.0,252.0,4.126337
RXRX,2025-12-30 19:00:00+00:00,4.12,4.13,4.12,4.12,97560.0,254.0,4.127374
RXRX,2025-12-30 19:05:00+00:00,4.12,4.13,4.11,4.12,296504.0,647.0,4.119677
RXRX,2025-12-30 19:10:00+00:00,4.115,4.12,4.11,4.115,113329.0,277.0,4.116113
RXRX,2025-12-30 19:15:00+00:00,4.115,4.1199,4.1,4.1012,350637.0,1094.0,4.105592
RXRX,2025-12-30 19:20:00+00:00,4.105,4.11,4.1,4.105,106604.0,320.0,4.102869
RXRX,2025-12-30 19:25:00+00:00,4.1001,4.12,4.1,4.1199,217175.0,419.0,4.109217
RXRX,2025-12-30 19:30:00+00:00,4.1161,4.12,4.11,4.1111,159450.0,221.0,4.113049
RXRX,2025-12-30 19:35:00+00:00,4.11,4.12,4.11,4.115,201158.0,305.0,4.114621
RXRX,2025-12-30 19:40:00+00:00,4.12,4.13,4.115,4.125,227699.0,376.0,4.122092
RXRX,2025-12-30 19:45:00+00:00,4.121,4.13,4.12,4.1255,195022.0,209.0,4.125908
RXRX,2025-12-30 19:50:00+00:00,4.125,4.125,4.11,4.115,166933.0,342.0,4.11702
RXRX,2025-12-30 19:55:00+00:00,4.115,4.12,4.11,4.115,96116.0,276.0,4.112474
RXRX,2025-12-30 20:00:00+00:00,4.115,4.12,4.1,4.1101,398440.0,477.0,4.105888
RXRX,2025-12-30 20:05:00+00:00,4.1135,4.12,4.105,4.1116,121771.0,303.0,4.111025
RXRX,2025-12-30 20:10:00+00:00,4.11,4.115,4.1,4.11,146858.0,394.0,4.109265
RXRX,2025-12-30 20:15:00+00:00,4.11,4.12,4.1,4.115,92089.0,238.0,4.114193
RXRX,2025-12-30 20:20:00+00:00,4.115,4.12,4.11,4.1115,106948.0,230.0,4.11689
RXRX,2025-12-30 20:25:00+00:00,4.115,4.12,4.11,4.11,57978.0,239.0,4.113062
RXRX,2025-12-30 20:30:00+00:00,4.11,4.12,4.1,4.1093,264138.0,615.0,4.109804
RXRX,2025-12-30 20:35:00+00:00,4.11,4.12,4.105,4.115,125602.0,268.0,4.110973
RXRX,2025-12-30 20:40:00+00:00,4.115,4.12,4.11,4.115,154060.0,263.0,4.11378
RXRX,2025-12-30 20:45:00+00:00,4.115,4.12,4.11,4.11,63442.0,335.0,4.114261
RXRX,2025-12-30 20:50:00+00:00,4.11,4.115,4.1,4.105,404091.0,983.0,4.108501
RXRX,2025-12-30 20:55:00+00:00,4.11,4.11,4.1,4.1,708041.0,2109.0,4.104696
RXRX,2025-12-30 21:00:00+00:00,4.1,4.12,4.1,4.11,963082.0,77.0,4.109994
RXRX,2025-12-30 21:05:00+00:00,4.12,4.12,4.11,4.1197,5293.0,28.0,4.116542
RXRX,2025-12-30 21:10:00+00:00,4.11,4.12,4.11,4.12,10736.0,35.0,4.115497
RXRX,2025-12-30 21:15:00+00:00,4.11,4.12,4.11,4.12,10312.0,31.0,4.115999
RXRX,2025-12-30 21:20:00+00:00,4.115,4.115,4.11,4.111,3833.0,14.0,4.110425
RXRX,2025-12-30 21:25:00+00:00,4.1198,4.12,4.11,4.12,3967.0,17.0,4.115382
RXRX,2025-12-30 21:30:00+00:00,4.11,4.12,4.11,4.11,8060.0,18.0,4.117673
RXRX,2025-12-30 21:35:00+00:00,4.11,4.11,4.11,4.11,2030.0,4.0,4.11
RXRX,2025-12-30 21:40:00+00:00,4.11,4.12,4.11,4.11,6340.0,36.0,4.110397
RXRX,2025-12-30 21:45:00+00:00,4.12,4.12,4.11,4.12,7973.0,24.0,4.11941
RXRX,2025-12-30 21:50:00+00:00,4.1101,4.115,4.11,4.11,4635.0,14.0,4.112851
RXRX,2025-12-30 21:55:00+00:00,4.12,4.12,4.12,4.12,1338.0,12.0,4.12
RXRX,2025-12-30 22:00:00+00:00,4.11,4.12,4.11,4.12,6259.0,19.0,4.115648
RXRX,2025-12-30 22:05:00+00:00,4.1186,4.12,4.11,4.12,1907.0,12.0,4.119112
RXRX,2025-12-30 22:10:00+00:00,4.1185,4.12,4.11,4.1198,2742.0,20.0,4.113607
RXRX,2025-12-30 22:15:00+00:00,4.12,4.12,4.1186,4.12,3625.0,22.0,4.119821
RXRX,2025-12-30 22:20:00+00:00,4.11,4.12,4.11,4.12,2516.0,21.0,4.11197
RXRX,2025-12-30 22:25:00+00:00,4.11,4.12,4.11,4.1193,11353.0,17.0,4.111835
RXRX,2025-12-30 22:30:00+00:00,4.12,4.12,4.11,4.12,3059.0,18.0,4.115143
RXRX,2025-12-30 22:35:00+00:00,4.1185,4.12,4.11,4.11,4557.0,27.0,4.113595
RXRX,2025-12-30 22:40:00+00:00,4.1182,4.12,4.11,4.12,1022.0,7.0,4.113699
RXRX,2025-12-30 22:45:00+00:00,4.12,4.12,4.11,4.1189,931.0,24.0,4.117374
RXRX,2025-12-30 22:50:00+00:00,4.115,4.12,4.11,4.12,1559.0,13.0,4.116034
RXRX,2025-12-30 22:55:00+00:00,4.12,4.12,4.11,4.12,3712.0,36.0,4.114389
RXRX,2025-12-30 23:00:00+00:00,4.12,4.12,4.1101,4.1186,17495.0,19.0,4.119005
RXRX,2025-12-30 23:05:00+00:00,4.115,4.12,4.115,4.115,3812.0,16.0,4.117666
RXRX,2025-12-30 23:10:00+00:00,4.115,4.12,4.115,4.12,1550.0,5.0,4.118333
RXRX,2025-12-30 23:15:00+00:00,4.1102,4.12,4.11,4.11,10616.0,10.0,4.110381
RXRX,2025-12-30 23:20:00+00:00,4.115,4.12,4.115,4.12,26702.0,22.0,4.119795
RXRX,2025-12-30 23:25:00+00:00,4.1197,4.12,4.115,4.12,9078.0,23.0,4.119645
RXRX,2025-12-30 23:30:00+00:00,4.1198,4.12,4.1198,4.12,1862.0,7.0,4.119944
RXRX,2025-12-30 23:35:00+00:00,4.12,4.12,4.115,4.12,1152.0,8.0,4.118777
RXRX,2025-12-30 23:40:00+00:00,4.115,4.12,4.115,4.12,1394.0,12.0,4.118046
RXRX,2025-12-30 23:45:00+00:00,4.12,4.12,4.11,4.115,1455.0,9.0,4.112237
RXRX,2025-12-30 23:50:00+00:00,4.115,4.12,4.1101,4.1101,6311.0,9.0,4.111452
RXRX,2025-12-30 23:55:00+00:00,4.1102,4.1102,4.11,4.1101,5347.0,5.0,4.110154
RXRX,2025-12-31 00:00:00+00:00,4.115,4.12,4.11,4.12,3334.0,19.0,4.111162
RXRX,2025-12-31 00:05:00+00:00,4.12,4.12,4.12,4.12,1294.0,10.0,4.12
RXRX,2025-12-31 00:10:00+00:00,4.12,4.12,4.12,4.12,100.0,1.0,4.12
RXRX,2025-12-31 00:20:00+00:00,4.12,4.12,4.12,4.12,900.0,3.0,4.12
RXRX,2025-12-31 00:25:00+00:00,4.11,4.12,4.11,4.1185,648.0,74.0,4.116892
RXRX,2025-12-31 00:30:00+00:00,4.11,4.1198,4.11,4.1198,577.0,14.0,4.114279
RXRX,2025-12-31 00:35:00+00:00,4.1184,4.1184,4.11,4.11,401.0,3.0,4.115983
RXRX,2025-12-31 00:40:00+00:00,4.11,4.115,4.11,4.115,13693.0,15.0,4.110037
RXRX,2025-12-31 00:45:00+00:00,4.12,4.12,4.115,4.115,808.0,5.0,4.118569
RXRX,2025-12-31 00:50:00+00:00,4.12,4.12,4.11,4.11,61771.0,49.0,4.110155
RXRX,2025-12-31 00:55:00+00:00,4.12,4.12,4.11,4.11,18255.0,54.0,4.11236
RXRX,2025-12-31 09:00:00+00:00,4.12,4.13,4.12,4.13,1249.0,13.0,4.123341
RXRX,2025-12-31 09:05:00+00:00,4.13,4.13,4.13,4.13,101.0,2.0,4.13
RXRX,2025-12-31 09:10:00+00:00,4.12,4.12,4.12,4.12,2992.0,39.0,4.12
RXRX,2025-12-31 09:15:00+00:00,4.12,4.125,4.12,4.125,384.0,2.0,4.121589
RXRX,2025-12-31 09:20:00+00:00,4.12,4.12,4.12,4.12,187.0,3.0,4.12
RXRX,2025-12-31 09:25:00+00:00,4.13,4.13,4.13,4.13,161.0,1.0,4.13
RXRX,2025-12-31 09:30:00+00:00,4.12,4.13,4.12,4.12,22552.0,240.0,4.124138
RXRX,2025-12-31 09:35:00+00:00,4.13,4.13,4.13,4.13,666.0,13.0,4.13
RXRX,2025-12-31 09:45:00+00:00,4.13,4.13,4.13,4.13,797.0,12.0,4.13
RXRX,2025-12-31 10:00:00+00:00,4.125,4.125,4.12,4.125,936.0,5.0,4.122783
RXRX,2025-12-31 10:05:00+00:00,4.12,4.12,4.12,4.12,1530.0,18.0,4.12
RXRX,2025-12-31 10:10:00+00:00,4.12,4.12,4.1,4.11,27094.0,165.0,4.110875
RXRX,2025-12-31 10:25:00+00:00,4.115,4.13,4.11,4.13,5396.0,38.0,4.120885
RXRX,2025-12-31 10:30:00+00:00,4.13,4.13,4.125,4.125,1161.0,8.0,4.128522
RXRX,2025-12-31 10:35:00+00:00,4.13,4.13,4.13,4.13,846.0,7.0,4.13
RXRX,2025-12-31 10:50:00+00:00,4.13,4.13,4.13,4.13,1487.0,51.0,4.13
RXRX,2025-12-31 10:55:00+00:00,4.13,4.13,4.13,4.13,1257.0,41.0,4.13
RXRX,2025-12-31 11:00:00+00:00,4.13,4.13,4.13,4.13,1935.0,26.0,4.13
RXRX,2025-12-31 11:05:00+00:00,4.135,4.135,4.13,4.13,1246.0,24.0,4.130546
RXRX,2025-12-31 11:15:00+00:00,4.13,4.14,4.13,4.14,993.0,17.0,4.137143
RXRX,2025-12-31 11:20:00+00:00,4.125,4.125,4.125,4.125,302.0,3.0,4.125
RXRX,2025-12-31 11:25:00+00:00,4.14,4.14,4.14,4.14,4152.0,42.0,4.14
RXRX,2025-12-31 11:30:00+00:00,4.14,4.14,4.14,4.14,4580.0,57.0,4.14
RXRX,2025-12-31 11:40:00+00:00,4.13,4.13,4.13,4.13,343.0,6.0,4.13
RXRX,2025-12-31 11:45:00+00:00,4.13,4.135,4.13,4.135,899.0,12.0,4.131225
RXRX,2025-12-31 11:50:00+00:00,4.13,4.13,4.13,4.13,1373.0,27.0,4.13
RXRX,2025-12-31 11:55:00+00:00,4.135,4.135,4.135,4.135,100.0,1.0,4.135
RXRX,2025-12-31 12:00:00+00:00,4.13,4.135,4.12,4.12,11645.0,101.0,4.127097
RXRX,2025-12-31 12:05:00+00:00,4.12,4.12,4.12,4.12,1059.0,10.0,4.12
RXRX,2025-12-31 12:10:00+00:00,4.11,4.11,4.11,4.11,1721.0,33.0,4.11
RXRX,2025-12-31 12:15:00+00:00,4.12,4.12,4.12,4.12,4109.0,31.0,4.12
RXRX,2025-12-31 12:25:00+00:00,4.12,4.12,4.12,4.12,6029.0,94.0,4.12
RXRX,2025-12-31 12:45:00+00:00,4.12,4.12,4.12,4.12,406.0,8.0,4.12
RXRX,2025-12-31 12:50:00+00:00,4.12,4.12,4.115,4.115,858.0,7.0,4.117766
RXRX,2025-12-31 12:55:00+00:00,4.12,4.12,4.12,4.12,547.0,14.0,4.12
RXRX,2025-12-31 13:00:00+00:00,4.12,4.15,4.1,4.13,134109.0,699.0,4.122861
RXRX,2025-12-31 13:05:00+00:00,4.1202,4.121,4.12,4.12,888.0,17.0,4.120434
RXRX,2025-12-31 13:10:00+00:00,4.1299,4.1299,4.11,4.11,66811.0,152.0,4.115911
RXRX,2025-12-31 13:15:00+00:00,4.11,4.13,4.1016,4.13,10410.0,43.0,4.109611
RXRX,2025-12-31 13:20:00+00:00,4.1298,4.13,4.1296,4.1296,10323.0,6.0,4.12999
RXRX,2025-12-31 13:25:00+00:00,4.1293,4.1293,4.1197,4.1197,4397.0,46.0,4.120868
RXRX,2025-12-31 13:30:00+00:00,4.13,4.13,4.11,4.1101,6070.0,62.0,4.121058
RXRX,2025-12-31 13:35:00+00:00,4.11,4.11,4.11,4.11,1336.0,23.0,4.11
RXRX,2025-12-31 13:40:00+00:00,4.1198,4.13,4.1195,4.1292,7502.0,37.0,4.12359
RXRX,2025-12-31 13:45:00+00:00,4.12,4.13,4.12,4.1299,4795.0,18.0,4.129228
RXRX,2025-12-31 13:50:00+00:00,4.13,4.13,4.12,4.13,6033.0,40.0,4.126498
RXRX,2025-12-31 13:55:00+00:00,4.1297,4.13,4.12,4.1298,12400.0,87.0,4.121104
RXRX,2025-12-31 14:00:00+00:00,4.13,4.13,4.12,4.12,12386.0,103.0,4.122311
RXRX,2025-12-31 14:05:00+00:00,4.11,4.12,4.11,4.11,4928.0,56.0,4.113922
RXRX,2025-12-31 14:10:00+00:00,4.11,4.1299,4.11,4.1299,7358.0,55.0,4.116827
RXRX,2025-12-31 14:15:00+00:00,4.12,4.1202,4.11,4.11,20960.0,71.0,4.11964
RXRX,2025-12-31 14:20:00+00:00,4.12,4.12,4.11,4.12,31382.0,94.0,4.115981
RXRX,2025-12-31 14:25:00+00:00,4.11,4.12,4.1,4.1099,29182.0,125.0,4.106494
RXRX,2025-12-31 14:30:00+00:00,4.1,4.105,4.06,4.075,836043.0,1747.0,4.084461
RXRX,2025-12-31 14:35:00+00:00,4.0762,4.1,4.07,4.09,356555.0,1151.0,4.082844
RXRX,2025-12-31 14:40:00+00:00,4.0941,4.13,4.09,4.12,331621.0,564.0,4.107678
RXRX,2025-12-31 14:45:00+00:00,4.11,4.12,4.09,4.1139,259440.0,720.0,4.106753
RXRX,2025-12-31 14:50:00+00:00,4.11,4.13,4.11,4.12,294241.0,548.0,4.119415
RXRX,2025-12-31 14:55:00+00:00,4.1193,4.14,4.11,4.14,161357.0,425.0,4.122602
RXRX,2025-12-31 15:00:00+00:00,4.135,4.14,4.12,4.125,161451.0,437.0,4.127559
RXRX,2025-12-31 15:05:00+00:00,4.13,4.13,4.1114,4.1202,239319.0,673.0,4.121623
RXRX,2025-12-31 15:10:00+00:00,4.13,4.13,4.11,4.115,116527.0,445.0,4.11856
RXRX,2025-12-31 15:15:00+00:00,4.115,4.12,4.11,4.11,126481.0,372.0,4.111789
RXRX,2025-12-31 15:20:00+00:00,4.117,4.12,4.09,4.09,193676.0,527.0,4.102974
RXRX,2025-12-31 15:25:00+00:00,4.095,4.1055,4.09,4.1,183837.0,515.0,4.095949
RXRX,2025-12-31 15:30:00+00:00,4.1,4.1099,4.09,4.095,76591.0,404.0,4.096709
RXRX,2025-12-31 15:35:00+00:00,4.0973,4.11,4.085,4.1056,362854.0,707.0,4.096684
RXRX,2025-12-31 15:40:00+00:00,4.105,4.1155,4.1,4.11,130403.0,463.0,4.107664
RXRX,2025-12-31 15:45:00+00:00,4.1143,4.12,4.11,4.1126,137796.0,322.0,4.114957
RXRX,2025-12-31 15:50:00+00:00,4.11,4.12,4.11,4.11,137669.0,403.0,4.114712
RXRX,2025-12-31 15:55:00+00:00,4.115,4.12,4.09,4.1101,358142.0,686.0,4.106823
RXRX,2025-12-31 16:00:00+00:00,4.115,4.115,4.1,4.115,134947.0,373.0,4.107887
RXRX,2025-12-31 16:05:00+00:00,4.115,4.115,4.1,4.1098,95015.0,339.0,4.108228
RXRX,2025-12-31 16:10:00+00:00,4.1099,4.12,4.1,4.115,157301.0,436.0,4.108739
RXRX,2025-12-31 16:15:00+00:00,4.11,4.125,4.11,4.125,148960.0,438.0,4.116095
RXRX,2025-12-31 16:20:00+00:00,4.125,4.1399,4.12,4.1302,102364.0,364.0,4.129333
RXRX,2025-12-31 16:25:00+00:00,4.13,4.14,4.12,4.1201,84047.0,336.0,4.126362
RXRX,2025-12-31 16:30:00+00:00,4.128,4.13,4.11,4.12,121057.0,419.0,4.120049
RXRX,2025-12-31 16:35:00+00:00,4.126,4.13,4.11,4.1299,85118.0,332.0,4.118871
RXRX,2025-12-31 16:40:00+00:00,4.1259,4.13,4.11,4.115,86726.0,360.0,4.121885
RXRX,2025-12-31 16:45:00+00:00,4.1139,4.12,4.11,4.115,164366.0,421.0,4.113208
RXRX,2025-12-31 16:50:00+00:00,4.1199,4.12,4.11,4.115,142671.0,324.0,4.116532
RXRX,2025-12-31 16:55:00+00:00,4.1195,4.12,4.11,4.12,91974.0,288.0,4.116198
RXRX,2025-12-31 17:00:00+00:00,4.115,4.12,4.11,4.115,61563.0,274.0,4.117562
RXRX,2025-12-31 17:05:00+00:00,4.1145,4.12,4.11,4.1101,101697.0,238.0,4.111913
RXRX,2025-12-31 17:10:00+00:00,4.115,4.1255,4.11,4.12,127285.0,396.0,4.117264
RXRX,2025-12-31 17:15:00+00:00,4.1228,4.13,4.12,4.1232,43112.0,174.0,4.125808
RXRX,2025-12-31 17:20:00+00:00,4.1217,4.13,4.12,4.12,78070.0,251.0,4.124638
RXRX,2025-12-31 17:25:00+00:00,4.1255,4.13,4.12,4.125,97554.0,255.0,4.123442
RXRX,2025-12-31 17:30:00+00:00,4.125,4.13,4.12,4.12,69796.0,241.0,4.124201
RXRX,2025-12-31 17:35:00+00:00,4.1256,4.1375,4.12,4.135,176089.0,510.0,4.129011
RXRX,2025-12-31 17:40:00+00:00,4.135,4.135,4.11,4.11,123961.0,357.0,4.121243
RXRX,2025-12-31 17:45:00+00:00,4.115,4.12,4.11,4.1102,105137.0,244.0,4.112135
RXRX,2025-12-31 17:50:00+00:00,4.11,4.12,4.11,4.11,48331.0,258.0,4.116417
RXRX,2025-12-31 17:55:00+00:00,4.115,4.1255,4.11,4.1145,186282.0,391.0,4.118315
RXRX,2025-12-31 18:00:00+00:00,4.115,4.12,4.11,4.115,41639.0,164.0,4.115506
RXRX,2025-12-31 18:05:00+00:00,4.115,4.12,4.11,4.115,40559.0,203.0,4.113896
RXRX,2025-12-31 18:10:00+00:00,4.11,4.13,4.11,4.125,315034.0,307.0,4.120038
RXRX,2025-12-31 18:15:00+00:00,4.125,4.13,4.1,4.105,262524.0,457.0,4.115937
RXRX,2025-12-31 18:20:00+00:00,4.105,4.11,4.1,4.105,86502.0,339.0,4.10297
RXRX,2025-12-31 18:25:00+00:00,4.1051,4.1099,4.1,4.105,132314.0,290.0,4.102917
RXRX,2025-12-31 18:30:00+00:00,4.105,4.11,4.1,4.105,59746.0,293.0,4.107233
RXRX,2025-12-31 18:35:00+00:00,4.1,4.11,4.1,4.1,63487.0,295.0,4.103585
RXRX,2025-12-31 18:40:00+00:00,4.105,4.11,4.1,4.1045,39865.0,230.0,4.10537
RXRX,2025-12-31 18:45:00+00:00,4.1,4.11,4.09,4.0993,263008.0,654.0,4.099995
RXRX,2025-12-31 18:50:00+00:00,4.095,4.1,4.09,4.095,67519.0,224.0,4.093364
RXRX,2025-12-31 18:55:00+00:00,4.09,4.1,4.09,4.0956,56510.0,259.0,4.094986
RXRX,2025-12-31 19:00:00+00:00,4.095,4.11,4.09,4.1,96600.0,282.0,4.101015
RXRX,2025-12-31 19:05:00+00:00,4.105,4.1051,4.09,4.095,85266.0,281.0,4.098591
RXRX,2025-12-31 19:10:00+00:00,4.095,4.1,4.09,4.095,50899.0,202.0,4.093893
RXRX,2025-12-31 19:15:00+00:00,4.09,4.1,4.09,4.0904,76953.0,249.0,4.092009
RXRX,2025-12-31 19:20:00+00:00,4.095,4.095,4.08,4.085,339130.0,417.0,4.088126
RXRX,2025-12-31 19:25:00+00:00,4.08,4.085,4.07,4.0742,238310.0,608.0,4.079175
RXRX,2025-12-31 19:30:00+00:00,4.07,4.08,4.06,4.075,543397.0,732.0,4.067763
RXRX,2025-12-31 19:35:00+00:00,4.075,4.0855,4.07,4.075,219519.0,351.0,4.077673
RXRX,2025-12-31 19:40:00+00:00,4.075,4.08,4.07,4.075,66470.0,198.0,4.075451
RXRX,2025-12-31 19:45:00+00:00,4.075,4.09,4.07,4.085,150515.0,309.0,4.079771
RXRX,2025-12-31 19:50:00+00:00,4.08,4.09,4.07,4.08,137455.0,342.0,4.077334
RXRX,2025-12-31 19:55:00+00:00,4.075,4.08,4.07,4.075,69947.0,262.0,4.0739
RXRX,2025-12-31 20:00:00+00:00,4.08,4.08,4.07,4.07,97138.0,277.0,4.075646
RXRX,2025-12-31 20:05:00+00:00,4.0786,4.0786,4.06,4.065,218840.0,489.0,4.069319
RXRX,2025-12-31 20:10:00+00:00,4.0651,4.07,4.06,4.0615,147365.0,309.0,4.061126
RXRX,2025-12-31 20:15:00+00:00,4.065,4.07,4.06,4.065,132438.0,328.0,4.06541
RXRX,2025-12-31 20:20:00+00:00,4.065,4.07,4.06,4.065,146429.0,331.0,4.067085
RXRX,2025-12-31 20:25:00+00:00,4.06,4.07,4.06,4.065,114278.0,327.0,4.061844
RXRX,2025-12-31 20:30:00+00:00,4.06,4.07,4.06,4.0699,112521.0,324.0,4.064411
RXRX,2025-12-31 20:35:00+00:00,4.065,4.07,4.06,4.065,103708.0,339.0,4.062491
RXRX,2025-12-31 20:40:00+00:00,4.06,4.07,4.06,4.06,169122.0,440.0,4.062316
RXRX,2025-12-31 20:45:00+00:00,4.06,4.07,4.06,4.06,116512.0,447.0,4.063457
RXRX,2025-12-31 20:50:00+00:00,4.065,4.07,4.05,4.06,589761.0,1316.0,4.060118
RXRX,2025-12-31 20:55:00+00:00,4.06,4.1,4.06,4.085,897973.0,1780.0,4.080687
RXRX,2025-12-31 21:00:00+00:00,4.09,4.09,4.0701,4.0802,858137.0,92.0,4.08992
RXRX,2025-12-31 21:05:00+00:00,4.08,4.0893,4.06,4.07,59948.0,100.0,4.078586
RXRX,2025-12-31 21:10:00+00:00,4.08,4.08,4.07,4.08,6124.0,21.0,4.079211
RXRX,2025-12-31 21:15:00+00:00,4.08,4.08,4.07,4.07,5441.0,24.0,4.074953
RXRX,2025-12-31 21:20:00+00:00,4.08,4.08,4.0797,4.0797,2029.0,17.0,4.079951
RXRX,2025-12-31 21:25:00+00:00,4.08,4.08,4.07,4.07,1552.0,7.0,4.073338
RXRX,2025-12-31 21:30:00+00:00,4.07,4.08,4.07,4.08,4955.0,20.0,4.079307
RXRX,2025-12-31 21:35:00+00:00,4.07,4.08,4.07,4.08,5010.0,24.0,4.077678
RXRX,2025-12-31 21:40:00+00:00,4.08,4.08,4.07,4.07,1891.0,16.0,4.076133
RXRX,2025-12-31 21:45:00+00:00,4.07,4.08,4.07,4.08,483.0,6.0,4.075708
RXRX,2025-12-31 21:50:00+00:00,4.08,4.08,4.08,4.08,2011.0,26.0,4.08
RXRX,2025-12-31 21:55:00+00:00,4.08,4.0859,4.07,4.08,1781.0,27.0,4.077956
RXRX,2025-12-31 22:00:00+00:00,4.08,4.0812,4.07,4.07,7117.0,22.0,4.080244
RXRX,2025-12-31 22:05:00+00:00,4.07,4.0884,4.07,4.0884,649.0,6.0,4.0792
RXRX,2025-12-31 22:10:00+00:00,4.08,4.08,4.07,4.08,8040.0,18.0,4.071447
RXRX,2025-12-31 22:15:00+00:00,4.08,4.08,4.07,4.0787,2365.0,11.0,4.078962
RXRX,2025-12-31 22:20:00+00:00,4.0734,4.09,4.0734,4.09,1059.0,27.0,4.0806
RXRX,2025-12-31 22:25:00+00:00,4.08,4.08,4.08,4.08,200.0,5.0,4.08
RXRX,2025-12-31 22:30:00+00:00,4.08,4.09,4.08,4.09,296.0,6.0,4.084444
RXRX,2025-12-31 22:35:00+00:00,4.08,4.08,4.08,4.08,460.0,3.0,4.08
RXRX,2025-12-31 22:40:00+00:00,4.09,4.09,4.08,4.08,1241.0,14.0,4.085834
RXRX,2025-12-31 22:45:00+00:00,4.08,4.09,4.08,4.0898,890.0,19.0,4.086877
RXRX,2025-12-31 22:50:00+00:00,4.09,4.09,4.08,4.08,728.0,6.0,4.086537
RXRX,2025-12-31 22:55:00+00:00,4.09,4.09,4.08,4.0898,5931.0,7.0,4.088941
RXRX,2025-12-31 23:00:00+00:00,4.09,4.09,4.08,4.08,2620.0,12.0,4.089225
RXRX,2025-12-31 23:05:00+00:00,4.09,4.09,4.0802,4.09,2616.0,16.0,4.089589
RXRX,2025-12-31 23:10:00+00:00,4.09,4.09,4.0884,4.09,1020.0,8.0,4.089828
RXRX,2025-12-31 23:15:00+00:00,4.09,4.09,4.0899,4.09,744.0,5.0,4.089942
RXRX,2025-12-31 23:20:00+00:00,4.0801,4.09,4.07,4.07,90132.0,137.0,4.076508
RXRX,2025-12-31 23:25:00+00:00,4.07,4.0716,4.07,4.07,7016.0,19.0,4.070955
RXRX,2025-12-31 23:30:00+00:00,4.0701,4.08,4.07,4.07,13177.0,10.0,4.071265
RXRX,2025-12-31 23:35:00+00:00,4.08,4.08,4.08,4.08,170.0,2.0,4.08
RXRX,2025-12-31 23:40:00+00:00,4.08,4.08,4.075,4.0797,5073.0,11.0,4.079481
RXRX,2025-12-31 23:45:00+00:00,4.0799,4.08,4.0799,4.08,234.0,6.0,4.079947
RXRX,2025-12-31 23:50:00+00:00,4.08,4.08,4.08,4.08,12226.0,10.0,4.08
RXRX,2025-12-31 23:55:00+00:00,4.08,4.08,4.06,4.06,30858.0,32.0,4.070066
RXRX,2026-01-01 00:00:00+00:00,4.06,4.0698,4.06,4.0698,3014.0,10.0,4.061369
RXRX,2026-01-01 00:05:00+00:00,4.0601,4.08,4.0601,4.08,3680.0,15.0,4.069254
RXRX,2026-01-01 00:10:00+00:00,4.08,4.08,4.08,4.08,315.0,4.0,4.08
RXRX,2026-01-01 00:15:00+00:00,4.07,4.07,4.06,4.06,2163.0,11.0,4.068854
RXRX,2026-01-01 00:20:00+00:00,4.075,4.0884,4.075,4.0884,2380.0,7.0,4.084368
RXRX,2026-01-01 00:25:00+00:00,4.0888,4.09,4.0888,4.09,1626.0,4.0,4.088885
RXRX,2026-01-01 00:30:00+00:00,4.0803,4.0897,4.08,4.08,70485.0,7.0,4.080351
RXRX,2026-01-01 00:35:00+00:00,4.0801,4.09,4.0801,4.0899,37533.0,5.0,4.089843
RXRX,2026-01-01 00:40:00+00:00,4.08,4.09,4.08,4.09,1514.0,7.0,4.088
RXRX,2026-01-01 00:45:00+00:00,4.08,4.09,4.08,4.09,1108.0,5.0,4.084585
RXRX,2026-01-01 00:50:00+00:00,4.09,4.09,4.09,4.09,2215.0,5.0,4.09
RXRX,2026-01-01 00:55:00+00:00,4.09,4.11,4.09,4.11,7325.0,19.0,4.098199
RXRX,2026-01-02 09:00:00+00:00,4.2,4.2,4.18,4.18,2512.0,57.0,4.18814
RXRX,2026-01-02 09:05:00+00:00,4.18,4.19,4.18,4.18,3810.0,16.0,4.187858
RXRX,2026-01-02 09:10:00+00:00,4.19,4.19,4.18,4.18,356.0,5.0,4.183571
RXRX,2026-01-02 09:15:00+00:00,4.19,4.19,4.19,4.19,2132.0,19.0,4.19
RXRX,2026-01-02 09:20:00+00:00,4.19,4.195,4.19,4.195,1001.0,7.0,4.190556
RXRX,2026-01-02 09:25:00+00:00,4.19,4.19,4.19,4.19,4803.0,19.0,4.19
RXRX,2026-01-02 09:30:00+00:00,4.2,4.2,4.2,4.2,319.0,5.0,4.2
RXRX,2026-01-02 09:35:00+00:00,4.2,4.2,4.2,4.2,5988.0,15.0,4.2
RXRX,2026-01-02 09:40:00+00:00,4.19,4.19,4.18,4.19,6813.0,50.0,4.184762
RXRX,2026-01-02 09:45:00+00:00,4.2,4.2,4.19,4.19,5421.0,23.0,4.190399
RXRX,2026-01-02 09:50:00+00:00,4.2,4.2,4.2,4.2,2386.0,12.0,4.2
RXRX,2026-01-02 09:55:00+00:00,4.2,4.2,4.2,4.2,7591.0,28.0,4.2
RXRX,2026-01-02 10:00:00+00:00,4.205,4.21,4.2,4.21,10576.0,60.0,4.200625
RXRX,2026-01-02 10:05:00+00:00,4.2,4.21,4.2,4.2,3526.0,42.0,4.205872
RXRX,2026-01-02 10:10:00+00:00,4.2,4.21,4.2,4.21,437.0,3.0,4.206215
RXRX,2026-01-02 10:15:00+00:00,4.21,4.21,4.21,4.21,249.0,7.0,4.21
RXRX,2026-01-02 10:20:00+00:00,4.21,4.21,4.21,4.21,3766.0,18.0,4.21
RXRX,2026-01-02 10:25:00+00:00,4.2,4.21,4.2,4.21,8405.0,42.0,4.202388
RXRX,2026-01-02 10:30:00+00:00,4.21,4.21,4.21,4.21,329.0,6.0,4.21
RXRX,2026-01-02 10:35:00+00:00,4.21,4.21,4.21,4.21,2190.0,15.0,4.21
RXRX,2026-01-02 10:40:00+00:00,4.21,4.21,4.2,4.2,5512.0,44.0,4.205085
RXRX,2026-01-02 10:45:00+00:00,4.2,4.2,4.19,4.2,6499.0,54.0,4.199823
RXRX,2026-01-02 10:50:00+00:00,4.2,4.2,4.2,4.2,174.0,2.0,4.2
RXRX,2026-01-02 10:55:00+00:00,4.2,4.2,4.2,4.2,560.0,9.0,4.2
RXRX,2026-01-02 11:00:00+00:00,4.2,4.2,4.2,4.2,780.0,11.0,4.2
RXRX,2026-01-02 11:05:00+00:00,4.2,4.205,4.2,4.205,1012.0,15.0,4.201171
RXRX,2026-01-02 11:10:00+00:00,4.21,4.21,4.2,4.21,3458.0,33.0,4.207187
RXRX,2026-01-02 11:20:00+00:00,4.21,4.21,4.21,4.21,3395.0,19.0,4.21
RXRX,2026-01-02 11:25:00+00:00,4.21,4.21,4.205,4.205,961.0,15.0,4.208919
RXRX,2026-01-02 11:30:00+00:00,4.2,4.205,4.2,4.2,18644.0,115.0,4.200101
RXRX,2026-01-02 11:35:00+00:00,4.2,4.2,4.2,4.2,1400.0,19.0,4.2
RXRX,2026-01-02 11:45:00+00:00,4.21,4.21,4.2,4.2,4369.0,27.0,4.203916
RXRX,2026-01-02 11:50:00+00:00,4.19,4.2,4.19,4.19,577.0,6.0,4.192151
RXRX,2026-01-02 11:55:00+00:00,4.2,4.2,4.2,4.2,2773.0,22.0,4.2
RXRX,2026-01-02 12:00:00+00:00,4.2,4.2,4.17,4.18,22850.0,178.0,4.187694
RXRX,2026-01-02 12:05:00+00:00,4.17,4.17,4.17,4.17,193.0,3.0,4.17
RXRX,2026-01-02 12:10:00+00:00,4.18,4.18,4.18,4.18,1467.0,16.0,4.18
RXRX,2026-01-02 12:15:00+00:00,4.18,4.18,4.18,4.18,2287.0,13.0,4.18
RXRX,2026-01-02 12:20:00+00:00,4.18,4.185,4.18,4.185,4086.0,62.0,4.180231
RXRX,2026-01-02 12:25:00+00:00,4.19,4.19,4.19,4.19,760.0,3.0,4.19
RXRX,2026-01-02 12:30:00+00:00,4.19,4.19,4.19,4.19,2815.0,21.0,4.19
RXRX,2026-01-02 12:35:00+00:00,4.19,4.19,4.19,4.19,4364.0,16.0,4.19
RXRX,2026-01-02 12:40:00+00:00,4.19,4.19,4.18,4.18,9441.0,62.0,4.183912
RXRX,2026-01-02 12:45:00+00:00,4.18,4.18,4.18,4.18,285.0,7.0,4.18
RXRX,2026-01-02 12:50:00+00:00,4.18,4.18,4.18,4.18,180.0,1.0,4.18
RXRX,2026-01-02 12:55:00+00:00,4.19,4.19,4.19,4.19,1790.0,47.0,4.19
RXRX,2026-01-02 13:00:00+00:00,4.2,4.21,4.17,4.1703,179857.0,1147.0,4.191153
RXRX,2026-01-02 13:05:00+00:00,4.1705,4.19,4.1705,4.1803,36655.0,20.0,4.189533
RXRX,2026-01-02 13:10:00+00:00,4.1899,4.2,4.17,4.2,42652.0,83.0,4.181479
RXRX,2026-01-02 13:15:00+00:00,4.19,4.2,4.185,4.185,10861.0,32.0,4.190375
RXRX,2026-01-02 13:20:00+00:00,4.2,4.2,4.19,4.2,2019.0,27.0,4.198624
RXRX,2026-01-02 13:25:00+00:00,4.1903,4.1903,4.09,4.19,54746.0,51.0,4.119447
RXRX,2026-01-02 13:30:00+00:00,4.19,4.19,4.1797,4.1797,14716.0,61.0,4.188108
RXRX,2026-01-02 13:35:00+00:00,4.18,4.18,4.17,4.17,13788.0,121.0,4.176882
RXRX,2026-01-02 13:40:00+00:00,4.18,4.18,4.17,4.1702,1055.0,11.0,4.174661
RXRX,2026-01-02 13:45:00+00:00,4.19,4.19,4.17,4.18,8761.0,47.0,4.177873
RXRX,2026-01-02 13:50:00+00:00,4.18,4.19,4.18,4.1898,1117.0,24.0,4.184868
RXRX,2026-01-02 13:55:00+00:00,4.19,4.19,4.18,4.19,15849.0,22.0,4.188668
RXRX,2026-01-02 14:00:00+00:00,4.19,4.19,4.18,4.1899,8694.0,21.0,4.187245
RXRX,2026-01-02 14:05:00+00:00,4.1816,4.19,4.18,4.1897,4210.0,21.0,4.187117
RXRX,2026-01-02 14:10:00+00:00,4.18,4.19,4.17,4.18,30568.0,123.0,4.18224
RXRX,2026-01-02 14:15:00+00:00,4.17,4.18,4.17,4.1799,3310.0,25.0,4.177374
RXRX,2026-01-02 14:20:00+00:00,4.1795,4.18,4.16,4.1695,9662.0,115.0,4.166282
RXRX,2026-01-02 14:25:00+00:00,4.16,4.18,4.16,4.17,27014.0,128.0,4.170124
RXRX,2026-01-02 14:30:00+00:00,4.17,4.2,4.16,4.17,730130.0,1242.0,4.175541
RXRX,2026-01-02 14:35:00+00:00,4.16,4.17,4.13,4.135,326797.0,964.0,4.149541
RXRX,2026-01-02 14:40:00+00:00,4.1359,4.16,4.12,4.145,383237.0,1143.0,4.138247
RXRX,2026-01-02 14:45:00+00:00,4.145,4.2,4.1411,4.195,350751.0,922.0,4.170141
RXRX,2026-01-02 14:50:00+00:00,4.2,4.23,4.195,4.2099,461658.0,729.0,4.216267
RXRX,2026-01-02 14:55:00+00:00,4.2,4.216,4.19,4.195,283071.0,933.0,4.201858
RXRX,2026-01-02 15:00:00+00:00,4.195,4.2,4.18,4.1886,213045.0,1197.0,4.188842
RXRX,2026-01-02 15:05:00+00:00,4.18,4.185,4.16,4.17,246962.0,719.0,4.170325
RXRX,2026-01-02 15:10:00+00:00,4.175,4.18,4.15,4.16,156404.0,502.0,4.156137
RXRX,2026-01-02 15:15:00+00:00,4.154,4.18,4.154,4.1699,156330.0,486.0,4.165451
RXRX,2026-01-02 15:20:00+00:00,4.165,4.17,4.13,4.1468,433906.0,789.0,4.144556
RXRX,2026-01-02 15:25:00+00:00,4.14,4.16,4.14,4.155,146879.0,494.0,4.149317
RXRX,2026-01-02 15:30:00+00:00,4.155,4.18,4.15,4.1785,221642.0,660.0,4.165972
RXRX,2026-01-02 15:35:00+00:00,4.175,4.19,4.17,4.185,327811.0,605.0,4.178834
RXRX,2026-01-02 15:40:00+00:00,4.185,4.19,4.18,4.1848,227365.0,476.0,4.18705
RXRX,2026-01-02 15:45:00+00:00,4.1852,4.19,4.17,4.175,119167.0,467.0,4.180411
RXRX,2026-01-02 15:50:00+00:00,4.175,4.1899,4.165,4.175,240976.0,679.0,4.172958
RXRX,2026-01-02 15:55:00+00:00,4.1714,4.19,4.16,4.1899,396125.0,649.0,4.178333
RXRX,2026-01-02 16:00:00+00:00,4.185,4.19,4.16,4.165,191653.0,615.0,4.178718
RXRX,2026-01-02 16:05:00+00:00,4.16,4.17,4.155,4.16,138706.0,517.0,4.161969
RXRX,2026-01-02 16:10:00+00:00,4.165,4.18,4.16,4.175,254347.0,505.0,4.169117
RXRX,2026-01-02 16:15:00+00:00,4.1707,4.21,4.1707,4.1999,402140.0,777.0,4.193293
RXRX,2026-01-02 16:20:00+00:00,4.1945,4.23,4.185,4.22,331106.0,601.0,4.205448
RXRX,2026-01-02 16:25:00+00:00,4.215,4.23,4.2119,4.2119,141638.0,432.0,4.22167
RXRX,2026-01-02 16:30:00+00:00,4.215,4.23,4.21,4.225,137226.0,386.0,4.218906
RXRX,2026-01-02 16:35:00+00:00,4.2244,4.2299,4.205,4.21,382919.0,488.0,4.216882
RXRX,2026-01-02 16:40:00+00:00,4.21,4.215,4.2,4.21,212405.0,392.0,4.208804
RXRX,2026-01-02 16:45:00+00:00,4.2099,4.2099,4.185,4.185,288728.0,598.0,4.197678
RXRX,2026-01-02 16:50:00+00:00,4.1819,4.2,4.174,4.175,249805.0,563.0,4.182725
RXRX,2026-01-02 16:55:00+00:00,4.1721,4.1886,4.17,4.185,350759.0,469.0,4.179631
RXRX,2026-01-02 17:00:00+00:00,4.185,4.19,4.17,4.185,219059.0,405.0,4.180787
RXRX,2026-01-02 17:05:00+00:00,4.19,4.195,4.18,4.1897,209242.0,350.0,4.184511
RXRX,2026-01-02 17:10:00+00:00,4.185,4.199,4.18,4.19,120374.0,359.0,4.189527
RXRX,2026-01-02 17:15:00+00:00,4.2,4.21,4.19,4.195,201552.0,499.0,4.200172
RXRX,2026-01-02 17:20:00+00:00,4.1998,4.21,4.19,4.2043,180276.0,351.0,4.20074
RXRX,2026-01-02 17:25:00+00:00,4.2,4.2,4.18,4.1886,218421.0,423.0,4.189149
RXRX,2026-01-02 17:30:00+00:00,4.18,4.2,4.18,4.195,111299.0,259.0,4.19467
RXRX,2026-01-02 17:35:00+00:00,4.195,4.2,4.18,4.185,68850.0,298.0,4.187989
RXRX,2026-01-02 17:40:00+00:00,4.19,4.19,4.18,4.185,40068.0,265.0,4.186609
RXRX,2026-01-02 17:45:00+00:00,4.18,4.19,4.18,4.185,74871.0,249.0,4.185674
RXRX,2026-01-02 17:50:00+00:00,4.1838,4.2,4.18,4.2,81551.0,299.0,4.190865
RXRX,2026-01-02 17:55:00+00:00,4.1935,4.21,4.18,4.1827,196221.0,456.0,4.198025
RXRX,2026-01-02 18:00:00+00:00,4.19,4.1999,4.18,4.19,101578.0,363.0,4.190046
RXRX,2026-01-02 18:05:00+00:00,4.185,4.19,4.18,4.185,68350.0,251.0,4.184444
RXRX,2026-01-02 18:10:00+00:00,4.1801,4.1889,4.17,4.1701,122168.0,375.0,4.178419
RXRX,2026-01-02 18:15:00+00:00,4.17,4.1799,4.16,4.1701,124000.0,401.0,4.171136
RXRX,2026-01-02 18:20:00+00:00,4.18,4.18,4.165,4.17,80175.0,337.0,4.173313
RXRX,2026-01-02 18:25:00+00:00,4.165,4.17,4.16,4.16,51548.0,255.0,4.164913
RXRX,2026-01-02 18:30:00+00:00,4.165,4.17,4.15,4.155,89019.0,408.0,4.160971
RXRX,2026-01-02 18:35:00+00:00,4.155,4.17,4.15,4.16,195058.0,454.0,4.160196
RXRX,2026-01-02 18:40:00+00:00,4.155,4.17,4.155,4.165,70098.0,264.0,4.158705
RXRX,2026-01-02 18:45:00+00:00,4.1601,4.17,4.15,4.155,120578.0,296.0,4.157202
RXRX,2026-01-02 18:50:00+00:00,4.15,4.16,4.13,4.1501,367964.0,882.0,4.144606
RXRX,2026-01-02 18:55:00+00:00,4.155,4.16,4.15,4.16,62344.0,280.0,4.157309
RXRX,2026-01-02 19:00:00+00:00,4.16,4.1751,4.1595,4.17,181376.0,421.0,4.167136
RXRX,2026-01-02 19:05:00+00:00,4.1641,4.1799,4.164,4.17,146843.0,339.0,4.172243
RXRX,2026-01-02 19:10:00+00:00,4.175,4.19,4.17,4.19,99368.0,282.0,4.182666
RXRX,2026-01-02 19:15:00+00:00,4.1869,4.19,4.17,4.17,75240.0,295.0,4.18242
RXRX,2026-01-02 19:20:00+00:00,4.17,4.19,4.17,4.19,64096.0,289.0,4.178614
RXRX,2026-01-02 19:25:00+00:00,4.19,4.19,4.1801,4.19,67315.0,261.0,4.187652
RXRX,2026-01-02 19:30:00+00:00,4.1855,4.2,4.18,4.1937,90321.0,386.0,4.192724
RXRX,2026-01-02 19:35:00+00:00,4.19,4.2,4.1801,4.1943,87241.0,301.0,4.191757
RXRX,2026-01-02 19:40:00+00:00,4.2,4.2,4.19,4.19,50662.0,218.0,4.196595
RXRX,2026-01-02 19:45:00+00:00,4.2,4.2,4.18,4.195,114554.0,420.0,4.189942
RXRX,2026-01-02 19:50:00+00:00,4.2,4.2,4.185,4.185,65607.0,287.0,4.195458
RXRX,2026-01-02 19:55:00+00:00,4.185,4.2,4.185,4.185,84164.0,319.0,4.193282
RXRX,2026-01-02 20:00:00+00:00,4.18,4.1999,4.18,4.195,83537.0,336.0,4.188637
RXRX,2026-01-02 20:05:00+00:00,4.191,4.2,4.19,4.195,33434.0,223.0,4.194856
RXRX,2026-01-02 20:10:00+00:00,4.195,4.21,4.19,4.195,113393.0,419.0,4.199455
RXRX,2026-01-02 20:15:00+00:00,4.2,4.2,4.19,4.2,55633.0,278.0,4.192698
RXRX,2026-01-02 20:20:00+00:00,4.19,4.21,4.19,4.205,112853.0,418.0,4.20073
RXRX,2026-01-02 20:25:00+00:00,4.2,4.21,4.2,4.2,64806.0,292.0,4.204866
RXRX,2026-01-02 20:30:00+00:00,4.205,4.2075,4.19,4.195,68172.0,351.0,4.197313
RXRX,2026-01-02 20:35:00+00:00,4.195,4.21,4.19,4.2,150909.0,567.0,4.200438
RXRX,2026-01-02 20:40:00+00:00,4.2,4.21,4.19,4.2036,224446.0,492.0,4.203057
RXRX,2026-01-02 20:45:00+00:00,4.205,4.22,4.2,4.21,192408.0,633.0,4.210081
RXRX,2026-01-02 20:50:00+00:00,4.2,4.22,4.19,4.195,362165.0,922.0,4.202385
RXRX,2026-01-02 20:55:00+00:00,4.195,4.21,4.19,4.205,413182.0,1369.0,4.20104
RXRX,2026-01-02 21:00:00+00:00,4.2,4.22,4.2,4.2,603321.0,66.0,4.200164
RXRX,2026-01-02 21:05:00+00:00,4.21,4.22,4.21,4.22,2071.0,6.0,4.215
RXRX,2026-01-02 21:10:00+00:00,4.2,4.22,4.2,4.22,2402.0,17.0,4.208652
RXRX,2026-01-02 21:15:00+00:00,4.2196,4.22,4.2099,4.2099,11083.0,25.0,4.215046
RXRX,2026-01-02 21:20:00+00:00,4.21,4.22,4.2099,4.22,1774.0,14.0,4.213345
RXRX,2026-01-02 21:25:00+00:00,4.2199,4.22,4.2199,4.22,1300.0,11.0,4.21998
RXRX,2026-01-02 21:30:00+00:00,4.215,4.22,4.21,4.215,2726.0,14.0,4.212862
RXRX,2026-01-02 21:35:00+00:00,4.2198,4.22,4.2,4.2099,7239.0,43.0,4.212726
RXRX,2026-01-02 21:40:00+00:00,4.2,4.2101,4.2,4.2101,6712.0,24.0,4.207559
RXRX,2026-01-02 21:45:00+00:00,4.215,4.22,4.2,4.21,24650.0,120.0,4.207976
RXRX,2026-01-02 21:50:00+00:00,4.2,4.21,4.2,4.2,10163.0,8.0,4.200419
RXRX,2026-01-02 21:55:00+00:00,4.21,4.21,4.2,4.21,2985.0,8.0,4.209052
RXRX,2026-01-02 22:00:00+00:00,4.2084,4.21,4.2,4.2,2531.0,13.0,4.207249
RXRX,2026-01-02 22:05:00+00:00,4.2013,4.2198,4.2013,4.2184,7786.0,26.0,4.210274
RXRX,2026-01-02 22:10:00+00:00,4.21,4.22,4.21,4.215,2610.0,11.0,4.216661
RXRX,2026-01-02 22:15:00+00:00,4.2199,4.22,4.21,4.21,2725.0,9.0,4.211146
RXRX,2026-01-02 22:20:00+00:00,4.22,4.22,4.21,4.21,3085.0,18.0,4.214638
RXRX,2026-01-02 22:25:00+00:00,4.21,4.22,4.21,4.2102,1971.0,13.0,4.211321
RXRX,2026-01-02 22:30:00+00:00,4.22,4.22,4.21,4.215,5176.0,14.0,4.214335
RXRX,2026-01-02 22:35:00+00:00,4.22,4.22,4.21,4.22,2022.0,11.0,4.21732
RXRX,2026-01-02 22:40:00+00:00,4.22,4.22,4.21,4.21,2097.0,10.0,4.21889
RXRX,2026-01-02 22:45:00+00:00,4.2102,4.22,4.2102,4.22,10951.0,27.0,4.219052
RXRX,2026-01-02 22:50:00+00:00,4.22,4.2201,4.2103,4.2201,50024.0,38.0,4.219971
RXRX,2026-01-02 22:55:00+00:00,4.23,4.23,4.2297,4.23,3246.0,22.0,4.229856
RXRX,2026-01-02 23:00:00+00:00,4.23,4.23,4.22,4.2216,2697.0,10.0,4.227157
RXRX,2026-01-02 23:05:00+00:00,4.23,4.23,4.2298,4.2298,2166.0,5.0,4.22999
RXRX,2026-01-02 23:10:00+00:00,4.2203,4.23,4.22,4.2203,8723.0,13.0,4.223581
RXRX,2026-01-02 23:15:00+00:00,4.23,4.23,4.22,4.22,843.0,12.0,4.224386
RXRX,2026-01-02 23:20:00+00:00,4.22,4.23,4.22,4.22,1139.0,13.0,4.223399
RXRX,2026-01-02 23:25:00+00:00,4.23,4.23,4.22,4.23,1334.0,6.0,4.228609
RXRX,2026-01-02 23:30:00+00:00,4.2299,4.23,4.22,4.22,25907.0,15.0,4.227677
RXRX,2026-01-02 23:35:00+00:00,4.23,4.23,4.23,4.23,332.0,5.0,4.23
RXRX,2026-01-02 23:40:00+00:00,4.2202,4.23,4.22,4.23,4361.0,28.0,4.222673
RXRX,2026-01-02 23:45:00+00:00,4.23,4.23,4.2298,4.23,457.0,5.0,4.22995
RXRX,2026-01-02 23:50:00+00:00,4.22,4.22,4.22,4.22,219.0,4.0,4.22
RXRX,2026-01-02 23:55:00+00:00,4.23,4.23,4.22,4.22,390.0,5.0,4.226667
RXRX,2026-01-03 00:00:00+00:00,4.22,4.22,4.22,4.22,620.0,3.0,4.22
RXRX,2026-01-03 00:05:00+00:00,4.23,4.23,4.22,4.22,1390.0,15.0,4.222427
RXRX,2026-01-03 00:10:00+00:00,4.22,4.2299,4.22,4.2299,1273.0,3.0,4.222117
RXRX,2026-01-03 00:15:00+00:00,4.225,4.23,4.22,4.23,1290.0,8.0,4.224792
RXRX,2026-01-03 00:20:00+00:00,4.225,4.23,4.22,4.22,3370.0,21.0,4.226498
RXRX,2026-01-03 00:25:00+00:00,4.2203,4.2203,4.22,4.22,420.0,3.0,4.22011
RXRX,2026-01-03 00:30:00+00:00,4.225,4.23,4.22,4.2299,10700.0,16.0,4.229197
RXRX,2026-01-03 00:35:00+00:00,4.2298,4.23,4.225,4.225,2316.0,18.0,4.229412
RXRX,2026-01-03 00:40:00+00:00,4.2216,4.23,4.21,4.21,10474.0,45.0,4.214841
RXRX,2026-01-03 00:45:00+00:00,4.22,4.22,4.21,4.22,4197.0,18.0,4.215677
RXRX,2026-01-03 00:50:00+00:00,4.22,4.22,4.21,4.21,11980.0,22.0,4.211393
RXRX,2026-01-03 00:55:00+00:00,4.2199,4.2298,4.2199,4.2297,14669.0,13.0,4.221222
RXRX,2026-01-05 09:00:00+00:00,4.29,4.3,4.26,4.275,19790.0,135.0,4.287776
RXRX,2026-01-05 09:05:00+00:00,4.275,4.28,4.275,4.275,9202.0,69.0,4.278942
RXRX,2026-01-05 09:10:00+00:00,4.28,4.28,4.27,4.27,3018.0,10.0,4.270347
RXRX,2026-01-05 09:15:00+00:00,4.27,4.28,4.27,4.28,1210.0,8.0,4.275424
RXRX,2026-01-05 09:20:00+00:00,4.28,4.28,4.27,4.27,1401.0,9.0,4.271986
RXRX,2026-01-05 09:25:00+00:00,4.27,4.27,4.26,4.27,9566.0,207.0,4.267729
RXRX,2026-01-05 09:30:00+00:00,4.27,4.27,4.27,4.27,2248.0,13.0,4.27
RXRX,2026-01-05 09:35:00+00:00,4.27,4.29,4.27,4.28,9624.0,32.0,4.280059
RXRX,2026-01-05 09:40:00+00:00,4.28,4.28,4.28,4.28,937.0,15.0,4.28
RXRX,2026-01-05 09:45:00+00:00,4.28,4.28,4.28,4.28,1265.0,9.0,4.28
RXRX,2026-01-05 09:50:00+00:00,4.28,4.28,4.28,4.28,1766.0,10.0,4.28
RXRX,2026-01-05 09:55:00+00:00,4.28,4.28,4.28,4.28,236.0,3.0,4.28
RXRX,2026-01-05 10:00:00+00:00,4.28,4.28,4.27,4.28,3577.0,35.0,4.271401
RXRX,2026-01-05 10:05:00+00:00,4.28,4.28,4.27,4.27,807.0,12.0,4.272151
RXRX,2026-01-05 10:10:00+00:00,4.28,4.29,4.27,4.28,7374.0,88.0,4.281239
RXRX,2026-01-05 10:15:00+00:00,4.27,4.27,4.27,4.27,424.0,9.0,4.27
RXRX,2026-01-05 10:20:00+00:00,4.27,4.28,4.27,4.28,1920.0,8.0,4.278533
RXRX,2026-01-05 10:25:00+00:00,4.28,4.28,4.28,4.28,986.0,16.0,4.28
RXRX,2026-01-05 10:30:00+00:00,4.28,4.28,4.28,4.28,504.0,7.0,4.28
RXRX,2026-01-05 10:35:00+00:00,4.28,4.28,4.28,4.28,444.0,4.0,4.28
RXRX,2026-01-05 10:40:00+00:00,4.28,4.28,4.27,4.27,308.0,5.0,4.274065
RXRX,2026-01-05 10:45:00+00:00,4.27,4.28,4.27,4.28,1058.0,20.0,4.271018
RXRX,2026-01-05 10:50:00+00:00,4.27,4.28,4.27,4.28,2366.0,16.0,4.275706
RXRX,2026-01-05 10:55:00+00:00,4.27,4.28,4.27,4.27,767.0,5.0,4.271997
RXRX,2026-01-05 11:00:00+00:00,4.27,4.27,4.27,4.27,645.0,2.0,4.27
RXRX,2026-01-05 11:05:00+00:00,4.28,4.28,4.28,4.28,3293.0,23.0,4.28
RXRX,2026-01-05 11:10:00+00:00,4.28,4.28,4.27,4.28,1664.0,21.0,4.277682
RXRX,2026-01-05 11:15:00+00:00,4.27,4.27,4.27,4.27,735.0,17.0,4.27
RXRX,2026-01-05 11:20:00+00:00,4.28,4.28,4.28,4.28,10263.0,58.0,4.28
RXRX,2026-01-05 11:25:00+00:00,4.28,4.28,4.28,4.28,4301.0,48.0,4.28
RXRX,2026-01-05 11:30:00+00:00,4.28,4.28,4.28,4.28,1976.0,24.0,4.28
RXRX,2026-01-05 11:35:00+00:00,4.28,4.29,4.28,4.29,11169.0,100.0,4.288647
RXRX,2026-01-05 11:45:00+00:00,4.29,4.29,4.29,4.29,896.0,22.0,4.29
RXRX,2026-01-05 11:50:00+00:00,4.29,4.29,4.28,4.29,1480.0,23.0,4.285741
RXRX,2026-01-05 11:55:00+00:00,4.28,4.29,4.27,4.27,10407.0,81.0,4.279428
RXRX,2026-01-05 12:00:00+00:00,4.28,4.285,4.275,4.28,6381.0,63.0,4.281078
RXRX,2026-01-05 12:05:00+00:00,4.27,4.28,4.27,4.27,20477.0,241.0,4.271179
RXRX,2026-01-05 12:10:00+00:00,4.28,4.28,4.27,4.27,2285.0,22.0,4.274351
RXRX,2026-01-05 12:15:00+00:00,4.27,4.28,4.27,4.271,1437.0,28.0,4.27666
RXRX,2026-01-05 12:20:00+00:00,4.28,4.28,4.28,4.28,3331.0,12.0,4.28
RXRX,2026-01-05 12:25:00+00:00,4.28,4.28,4.28,4.28,6777.0,134.0,4.28
RXRX,2026-01-05 12:30:00+00:00,4.28,4.28,4.28,4.28,1726.0,16.0,4.28
RXRX,2026-01-05 12:35:00+00:00,4.28,4.28,4.28,4.28,1743.0,21.0,4.28
RXRX,2026-01-05 12:40:00+00:00,4.29,4.29,4.29,4.29,2603.0,37.0,4.29
RXRX,2026-01-05 12:45:00+00:00,4.29,4.29,4.281,4.281,2057.0,23.0,4.289455
RXRX,2026-01-05 12:50:00+00:00,4.28,4.29,4.26,4.27,34684.0,213.0,4.273492
RXRX,2026-01-05 12:55:00+00:00,4.28,4.28,4.27,4.27,7261.0,31.0,4.27173
RXRX,2026-01-05 13:00:00+00:00,4.28,4.3,4.25,4.28,289914.0,1415.0,4.275104
RXRX,2026-01-05 13:05:00+00:00,4.28,4.28,4.27,4.27,18266.0,100.0,4.270667
RXRX,2026-01-05 13:10:00+00:00,4.28,4.28,4.27,4.2702,3695.0,26.0,4.277094
RXRX,2026-01-05 13:15:00+00:00,4.28,4.29,4.27,4.27,53617.0,350.0,4.278077
RXRX,2026-01-05 13:20:00+00:00,4.27,4.28,4.27,4.2797,3342.0,38.0,4.273505
RXRX,2026-01-05 13:25:00+00:00,4.28,4.28,4.27,4.27,13643.0,104.0,4.272167
RXRX,2026-01-05 13:30:00+00:00,4.27,4.28,4.27,4.28,4141.0,34.0,4.275765
RXRX,2026-01-05 13:35:00+00:00,4.28,4.3,4.27,4.3,37272.0,210.0,4.287
RXRX,2026-01-05 13:40:00+00:00,4.2998,4.3,4.29,4.29,9576.0,108.0,4.294502
RXRX,2026-01-05 13:45:00+00:00,4.29,4.2999,4.29,4.29,8419.0,46.0,4.290642
RXRX,2026-01-05 13:50:00+00:00,4.29,4.3,4.28,4.28,6067.0,82.0,4.291524
RXRX,2026-01-05 13:55:00+00:00,4.28,4.3,4.28,4.3,50917.0,130.0,4.298184
RXRX,2026-01-05 14:00:00+00:00,4.3,4.3,4.29,4.29,6896.0,44.0,4.293667
RXRX,2026-01-05 14:05:00+00:00,4.3,4.3,4.28,4.29,20561.0,100.0,4.287431
RXRX,2026-01-05 14:10:00+00:00,4.29,4.29,4.28,4.29,19615.0,90.0,4.282737
RXRX,2026-01-05 14:15:00+00:00,4.28,4.29,4.28,4.29,6858.0,81.0,4.287632
RXRX,2026-01-05 14:20:00+00:00,4.29,4.29,4.28,4.29,14118.0,95.0,4.287285
RXRX,2026-01-05 14:25:00+00:00,4.29,4.29,4.26,4.26,24048.0,199.0,4.279325
RXRX,2026-01-05 14:30:00+00:00,4.26,4.34,4.25,4.325,822700.0,1922.0,4.285906
RXRX,2026-01-05 14:35:00+00:00,4.3264,4.36,4.27,4.3471,1300331.0,2051.0,4.320515
RXRX,2026-01-05 14:40:00+00:00,4.34,4.41,4.335,4.4,600278.0,1380.0,4.374508
RXRX,2026-01-05 14:45:00+00:00,4.3987,4.42,4.37,4.385,506096.0,1139.0,4.39561
RXRX,2026-01-05 14:50:00+00:00,4.39,4.39,4.34,4.345,404577.0,945.0,4.360528
RXRX,2026-01-05 14:55:00+00:00,4.35,4.36,4.34,4.3451,353134.0,709.0,4.350493
RXRX,2026-01-05 15:00:00+00:00,4.34,4.37,4.32,4.3424,338056.0,898.0,4.343655
RXRX,2026-01-05 15:05:00+00:00,4.3401,4.355,4.32,4.325,250817.0,703.0,4.332288
RXRX,2026-01-05 15:10:00+00:00,4.32,4.32,4.28,4.2901,359474.0,967.0,4.303683
RXRX,2026-01-05 15:15:00+00:00,4.295,4.3098,4.28,4.295,231734.0,703.0,4.29431
RXRX,2026-01-05 15:20:00+00:00,4.3,4.33,4.295,4.305,312590.0,748.0,4.309746
RXRX,2026-01-05 15:25:00+00:00,4.305,4.31,4.29,4.3,152412.0,499.0,4.297508
RXRX,2026-01-05 15:30:00+00:00,4.295,4.31,4.28,4.2975,289470.0,768.0,4.298616
RXRX,2026-01-05 15:35:00+00:00,4.2993,4.325,4.29,4.3203,294957.0,715.0,4.305649
RXRX,2026-01-05 15:40:00+00:00,4.3264,4.33,4.3,4.309,152193.0,444.0,4.31337
RXRX,2026-01-05 15:45:00+00:00,4.3098,4.33,4.3001,4.31,157860.0,513.0,4.318169
RXRX,2026-01-05 15:50:00+00:00,4.316,4.32,4.305,4.305,109700.0,430.0,4.31407
RXRX,2026-01-05 15:55:00+00:00,4.305,4.35,4.305,4.3401,149577.0,524.0,4.328072
RXRX,2026-01-05 16:00:00+00:00,4.345,4.35,4.33,4.3499,187816.0,454.0,4.339427
RXRX,2026-01-05 16:05:00+00:00,4.3499,4.35,4.32,4.329,234328.0,658.0,4.333016
RXRX,2026-01-05 16:10:00+00:00,4.33,4.33,4.32,4.3233,82683.0,341.0,4.325155
RXRX,2026-01-05 16:15:00+00:00,4.3298,4.3299,4.31,4.319,172310.0,475.0,4.318981
RXRX,2026-01-05 16:20:00+00:00,4.32,4.33,4.3101,4.325,113207.0,394.0,4.324114
RXRX,2026-01-05 16:25:00+00:00,4.325,4.33,4.31,4.3156,170486.0,519.0,4.319379
RXRX,2026-01-05 16:30:00+00:00,4.315,4.32,4.29,4.29,255546.0,687.0,4.30282
RXRX,2026-01-05 16:35:00+00:00,4.29,4.3,4.28,4.29,253393.0,591.0,4.289572
RXRX,2026-01-05 16:40:00+00:00,4.2989,4.3086,4.29,4.3,108135.0,435.0,4.296775
RXRX,2026-01-05 16:45:00+00:00,4.2993,4.3,4.29,4.295,143348.0,314.0,4.294598
RXRX,2026-01-05 16:50:00+00:00,4.29,4.31,4.29,4.305,90427.0,370.0,4.302173
RXRX,2026-01-05 16:55:00+00:00,4.31,4.32,4.3,4.32,89499.0,414.0,4.310274
RXRX,2026-01-05 17:00:00+00:00,4.32,4.33,4.31,4.315,165246.0,482.0,4.320878
RXRX,2026-01-05 17:05:00+00:00,4.31,4.32,4.31,4.3114,57665.0,290.0,4.313504
RXRX,2026-01-05 17:10:00+00:00,4.3111,4.33,4.31,4.3202,81107.0,336.0,4.320881
RXRX,2026-01-05 17:15:00+00:00,4.32,4.325,4.31,4.3198,85447.0,302.0,4.314812
RXRX,2026-01-05 17:20:00+00:00,4.31,4.33,4.31,4.3297,117170.0,336.0,4.319688
RXRX,2026-01-05 17:25:00+00:00,4.324,4.34,4.32,4.3362,108554.0,370.0,4.331352
RXRX,2026-01-05 17:30:00+00:00,4.34,4.34,4.3101,4.318,122706.0,357.0,4.324174
RXRX,2026-01-05 17:35:00+00:00,4.3199,4.33,4.31,4.32,185068.0,371.0,4.319872
RXRX,2026-01-05 17:40:00+00:00,4.3237,4.33,4.31,4.32,99476.0,289.0,4.319717
RXRX,2026-01-05 17:45:00+00:00,4.3198,4.32,4.31,4.3101,184567.0,270.0,4.311427
RXRX,2026-01-05 17:50:00+00:00,4.31,4.32,4.3,4.3199,177260.0,426.0,4.30908
RXRX,2026-01-05 17:55:00+00:00,4.315,4.32,4.31,4.31,77003.0,263.0,4.312247
RXRX,2026-01-05 18:00:00+00:00,4.31,4.3192,4.31,4.315,44397.0,253.0,4.31209
RXRX,2026-01-05 18:05:00+00:00,4.31,4.32,4.3025,4.3108,101103.0,389.0,4.3123
RXRX,2026-01-05 18:10:00+00:00,4.3101,4.32,4.31,4.315,39965.0,182.0,4.313627
RXRX,2026-01-05 18:15:00+00:00,4.312,4.32,4.3,4.305,194810.0,293.0,4.312177
RXRX,2026-01-05 18:20:00+00:00,4.3002,4.3151,4.3,4.315,76402.0,278.0,4.307553
RXRX,2026-01-05 18:25:00+00:00,4.3101,4.32,4.31,4.315,24144.0,222.0,4.314789
RXRX,2026-01-05 18:30:00+00:00,4.3186,4.3199,4.31,4.315,46670.0,209.0,4.313715
RXRX,2026-01-05 18:35:00+00:00,4.31,4.32,4.3014,4.305,71332.0,294.0,4.310315
RXRX,2026-01-05 18:40:00+00:00,4.305,4.31,4.3,4.3001,74055.0,255.0,4.306579
RXRX,2026-01-05 18:45:00+00:00,4.305,4.33,4.3001,4.3155,211417.0,475.0,4.316986
RXRX,2026-01-05 18:50:00+00:00,4.3139,4.32,4.31,4.31,62607.0,202.0,4.31457
RXRX,2026-01-05 18:55:00+00:00,4.315,4.32,4.31,4.315,36643.0,247.0,4.313963
RXRX,2026-01-05 19:00:00+00:00,4.315,4.33,4.31,4.32,166404.0,431.0,4.319552
RXRX,2026-01-05 19:05:00+00:00,4.315,4.32,4.31,4.315,59552.0,202.0,4.315151
RXRX,2026-01-05 19:10:00+00:00,4.31,4.32,4.31,4.315,67878.0,228.0,4.313653
RXRX,2026-01-05 19:15:00+00:00,4.31,4.33,4.31,4.325,95508.0,345.0,4.32123
RXRX,2026-01-05 19:20:00+00:00,4.325,4.34,4.3201,4.339,242030.0,328.0,4.33045
RXRX,2026-01-05 19:25:00+00:00,4.339,4.34,4.33,4.335,78755.0,237.0,4.336511
RXRX,2026-01-05 19:30:00+00:00,4.34,4.36,4.34,4.35,193857.0,488.0,4.349292
RXRX,2026-01-05 19:35:00+00:00,4.35,4.3555,4.33,4.3314,131734.0,335.0,4.344197
RXRX,2026-01-05 19:40:00+00:00,4.33,4.34,4.33,4.33,123663.0,222.0,4.336165
RXRX,2026-01-05 19:45:00+00:00,4.335,4.34,4.33,4.3379,92285.0,274.0,4.336352
RXRX,2026-01-05 19:50:00+00:00,4.34,4.35,4.3345,4.345,72960.0,305.0,4.343544
RXRX,2026-01-05 19:55:00+00:00,4.34,4.36,4.34,4.3501,84866.0,348.0,4.350618
RXRX,2026-01-05 20:00:00+00:00,4.355,4.37,4.35,4.3699,192858.0,472.0,4.359937
RXRX,2026-01-05 20:05:00+00:00,4.37,4.37,4.36,4.366,68925.0,257.0,4.362939
RXRX,2026-01-05 20:10:00+00:00,4.36,4.38,4.36,4.375,130110.0,467.0,4.370668
RXRX,2026-01-05 20:15:00+00:00,4.3738,4.38,4.35,4.354,161183.0,397.0,4.358023
RXRX,2026-01-05 20:20:00+00:00,4.3501,4.365,4.35,4.36,268772.0,445.0,4.356864
RXRX,2026-01-05 20:25:00+00:00,4.3645,4.39,4.36,4.385,327612.0,734.0,4.381949
RXRX,2026-01-05 20:30:00+00:00,4.3812,4.3899,4.37,4.37,146516.0,489.0,4.377927
RXRX,2026-01-05 20:35:00+00:00,4.375,4.38,4.36,4.36,107283.0,400.0,4.36931
RXRX,2026-01-05 20:40:00+00:00,4.37,4.37,4.3501,4.37,173022.0,584.0,4.361388
RXRX,2026-01-05 20:45:00+00:00,4.37,4.38,4.36,4.37,175649.0,618.0,4.372641
RXRX,2026-01-05 20:50:00+00:00,4.37,4.38,4.36,4.37,382686.0,851.0,4.368614
RXRX,2026-01-05 20:55:00+00:00,4.37,4.4,4.36,4.36,1108610.0,2270.0,4.376963
RXRX,2026-01-05 21:00:00+00:00,4.37,4.38,4.37,4.38,744593.0,83.0,4.370082
RXRX,2026-01-05 21:05:00+00:00,4.38,4.39,4.37,4.38,4218.0,28.0,4.379506
RXRX,2026-01-05 21:10:00+00:00,4.37,4.38,4.37,4.37,3657.0,28.0,4.376477
RXRX,2026-01-05 21:15:00+00:00,4.3606,4.38,4.3606,4.38,4144.0,27.0,4.372366
RXRX,2026-01-05 21:20:00+00:00,4.38,4.3813,4.3799,4.3799,7963.0,35.0,4.380002
RXRX,2026-01-05 21:25:00+00:00,4.38,4.38,4.37,4.37,16422.0,37.0,4.371691
RXRX,2026-01-05 21:30:00+00:00,4.36,4.37,4.36,4.3699,2441.0,12.0,4.365395
RXRX,2026-01-05 21:35:00+00:00,4.3699,4.37,4.36,4.36,3215.0,15.0,4.3668
RXRX,2026-01-05 21:40:00+00:00,4.37,4.37,4.36,4.37,7997.0,20.0,4.361672
RXRX,2026-01-05 21:45:00+00:00,4.3699,4.37,4.36,4.36,2395.0,13.0,4.367065
RXRX,2026-01-05 21:50:00+00:00,4.3602,4.37,4.36,4.37,7181.0,21.0,4.361919
RXRX,2026-01-05 21:55:00+00:00,4.37,4.37,4.36,4.3698,1832.0,25.0,4.362934
RXRX,2026-01-05 22:00:00+00:00,4.365,4.3698,4.36,4.36,2513.0,19.0,4.365349
RXRX,2026-01-05 22:05:00+00:00,4.3698,4.37,4.36,4.36,6575.0,18.0,4.36672
RXRX,2026-01-05 22:10:00+00:00,4.365,4.365,4.36,4.36,343.0,6.0,4.362835
RXRX,2026-01-05 22:15:00+00:00,4.365,4.37,4.3602,4.3616,3686.0,15.0,4.365429
RXRX,2026-01-05 22:20:00+00:00,4.36,4.38,4.36,4.38,15709.0,57.0,4.370314
RXRX,2026-01-05 22:25:00+00:00,4.37,4.37,4.37,4.37,4463.0,20.0,4.37
RXRX,2026-01-05 22:30:00+00:00,4.3601,4.37,4.36,4.36,14320.0,10.0,4.360415
RXRX,2026-01-05 22:35:00+00:00,4.36,4.37,4.36,4.37,1132.0,7.0,4.364771
RXRX,2026-01-05 22:40:00+00:00,4.37,4.37,4.3699,4.3699,2453.0,10.0,4.369991
RXRX,2026-01-05 22:45:00+00:00,4.365,4.365,4.36,4.36,3295.0,18.0,4.360767
RXRX,2026-01-05 22:50:00+00:00,4.3698,4.38,4.365,4.3798,29820.0,38.0,4.373661
RXRX,2026-01-05 22:55:00+00:00,4.37,4.38,4.37,4.38,8991.0,18.0,4.372054
RXRX,2026-01-05 23:00:00+00:00,4.37,4.38,4.37,4.37,14490.0,38.0,4.370738
RXRX,2026-01-05 23:05:00+00:00,4.3603,4.37,4.3601,4.37,6397.0,7.0,4.361762
RXRX,2026-01-05 23:10:00+00:00,4.36,4.3601,4.36,4.36,9021.0,77.0,4.360004
RXRX,2026-01-05 23:15:00+00:00,4.3601,4.37,4.36,4.36,1373.0,8.0,4.365943
RXRX,2026-01-05 23:20:00+00:00,4.36,4.365,4.36,4.36,15742.0,17.0,4.360244
RXRX,2026-01-05 23:25:00+00:00,4.36,4.365,4.36,4.365,8285.0,29.0,4.360158
RXRX,2026-01-05 23:30:00+00:00,4.37,4.37,4.36,4.365,5349.0,58.0,4.362463
RXRX,2026-01-05 23:40:00+00:00,4.36,4.36,4.36,4.36,660.0,1.0,4.36
RXRX,2026-01-05 23:45:00+00:00,4.37,4.37,4.36,4.36,2494.0,8.0,4.360503
RXRX,2026-01-05 23:50:00+00:00,4.37,4.37,4.37,4.37,129.0,4.0,4.37
RXRX,2026-01-05 23:55:00+00:00,4.36,4.37,4.36,4.37,728.0,3.0,4.362401
RXRX,2026-01-06 00:00:00+00:00,4.37,4.37,4.37,4.37,1010.0,2.0,4.37
RXRX,2026-01-06 00:05:00+00:00,4.37,4.37,4.37,4.37,5368.0,3.0,4.37
RXRX,2026-01-06 00:10:00+00:00,4.365,4.37,4.36,4.36,3028.0,13.0,4.36308
RXRX,2026-01-06 00:15:00+00:00,4.37,4.37,4.36,4.37,2111.0,9.0,4.369443
RXRX,2026-01-06 00:20:00+00:00,4.36,4.37,4.36,4.36,4519.0,72.0,4.361129
RXRX,2026-01-06 00:25:00+00:00,4.36,4.36,4.35,4.36,1925.0,28.0,4.355077
RXRX,2026-01-06 00:30:00+00:00,4.36,4.36,4.3503,4.36,478.0,8.0,4.357229
RXRX,2026-01-06 00:35:00+00:00,4.35,4.36,4.35,4.36,479.0,2.0,4.355825
RXRX,2026-01-06 00:40:00+00:00,4.36,4.36,4.35,4.35,4554.0,26.0,4.354355
RXRX,2026-01-06 00:45:00+00:00,4.35,4.36,4.35,4.3598,1658.0,13.0,4.35564
RXRX,2026-01-06 00:50:00+00:00,4.35,4.36,4.35,4.36,1353.0,8.0,4.3572
RXRX,2026-01-06 00:55:00+00:00,4.35,4.37,4.35,4.36,3357.0,17.0,4.359174
RXRX,2026-01-06 09:00:00+00:00,4.38,4.38,4.34,4.36,6271.0,82.0,4.357022
RXRX,2026-01-06 09:05:00+00:00,4.36,4.36,4.35,4.35,1202.0,10.0,4.353016
RXRX,2026-01-06 09:10:00+00:00,4.35,4.35,4.35,4.35,1019.0,14.0,4.35
RXRX,2026-01-06 09:15:00+00:00,4.35,4.36,4.35,4.35,10580.0,106.0,4.356041
RXRX,2026-01-06 09:20:00+00:00,4.37,4.37,4.36,4.36,1781.0,17.0,4.361989
RXRX,2026-01-06 09:25:00+00:00,4.37,4.37,4.37,4.37,357.0,1.0,4.37
RXRX,2026-01-06 09:30:00+00:00,4.37,4.37,4.36,4.36,507.0,10.0,4.366868
RXRX,2026-01-06 09:35:00+00:00,4.37,4.38,4.36,4.36,4437.0,30.0,4.367379
RXRX,2026-01-06 09:40:00+00:00,4.36,4.37,4.36,4.37,855.0,8.0,4.368571
RXRX,2026-01-06 09:45:00+00:00,4.36,4.36,4.36,4.36,410.0,10.0,4.36
RXRX,2026-01-06 09:50:00+00:00,4.36,4.36,4.36,4.36,300.0,7.0,4.36
RXRX,2026-01-06 09:55:00+00:00,4.37,4.37,4.36,4.36,453.0,8.0,4.36659
RXRX,2026-01-06 10:00:00+00:00,4.36,4.36,4.36,4.36,424.0,5.0,4.36
RXRX,2026-01-06 10:05:00+00:00,4.37,4.37,4.37,4.37,835.0,13.0,4.37
RXRX,2026-01-06 10:10:00+00:00,4.37,4.37,4.37,4.37,1600.0,6.0,4.37
RXRX,2026-01-06 10:15:00+00:00,4.37,4.37,4.37,4.37,100.0,1.0,4.37
RXRX,2026-01-06 10:20:00+00:00,4.37,4.38,4.37,4.37,13102.0,40.0,4.370371
RXRX,2026-01-06 10:25:00+00:00,4.37,4.37,4.37,4.37,180.0,2.0,4.37
RXRX,2026-01-06 10:30:00+00:00,4.37,4.37,4.37,4.37,1400.0,6.0,4.37
RXRX,2026-01-06 10:35:00+00:00,4.36,4.37,4.35,4.35,11911.0,124.0,4.35647
RXRX,2026-01-06 10:40:00+00:00,4.35,4.35,4.35,4.35,6169.0,59.0,4.35
RXRX,2026-01-06 10:50:00+00:00,4.35,4.35,4.35,4.35,270.0,3.0,4.35
RXRX,2026-01-06 10:55:00+00:00,4.34,4.35,4.34,4.35,2577.0,32.0,4.342344
RXRX,2026-01-06 11:05:00+00:00,4.35,4.35,4.34,4.34,2538.0,27.0,4.340453
RXRX,2026-01-06 11:10:00+00:00,4.35,4.35,4.33,4.33,6703.0,90.0,4.33647
RXRX,2026-01-06 11:15:00+00:00,4.33,4.33,4.33,4.33,2774.0,19.0,4.33
RXRX,2026-01-06 11:20:00+00:00,4.335,4.335,4.33,4.33,4488.0,39.0,4.330232
RXRX,2026-01-06 11:25:00+00:00,4.34,4.34,4.34,4.34,1332.0,4.0,4.34
RXRX,2026-01-06 11:30:00+00:00,4.34,4.34,4.33,4.34,5969.0,35.0,4.336783
RXRX,2026-01-06 11:35:00+00:00,4.34,4.34,4.33,4.33,4235.0,52.0,4.331761
RXRX,2026-01-06 11:40:00+00:00,4.34,4.34,4.33,4.33,1097.0,13.0,4.333077
RXRX,2026-01-06 11:45:00+00:00,4.34,4.34,4.33,4.34,1499.0,21.0,4.336412
RXRX,2026-01-06 11:50:00+00:00,4.34,4.35,4.34,4.35,1511.0,14.0,4.340737
RXRX,2026-01-06 11:55:00+00:00,4.34,4.34,4.34,4.34,1635.0,26.0,4.34
RXRX,2026-01-06 12:00:00+00:00,4.35,4.35,4.335,4.34,19880.0,76.0,4.340321
RXRX,2026-01-06 12:05:00+00:00,4.34,4.34,4.34,4.34,2350.0,5.0,4.34
RXRX,2026-01-06 12:10:00+00:00,4.34,4.35,4.34,4.35,3240.0,15.0,4.349195
RXRX,2026-01-06 12:15:00+00:00,4.36,4.37,4.36,4.36,15203.0,28.0,4.368497
RXRX,2026-01-06 12:25:00+00:00,4.369,4.369,4.36,4.36,303.0,6.0,4.363913
RXRX,2026-01-06 12:30:00+00:00,4.37,4.37,4.35,4.35,3930.0,54.0,4.361882
RXRX,2026-01-06 12:35:00+00:00,4.35,4.35,4.35,4.35,2909.0,23.0,4.35
RXRX,2026-01-06 12:40:00+00:00,4.36,4.36,4.36,4.36,2324.0,72.0,4.36
RXRX,2026-01-06 12:45:00+00:00,4.36,4.36,4.36,4.36,204.0,5.0,4.36
RXRX,2026-01-06 12:55:00+00:00,4.36,4.36,4.35,4.36,2751.0,40.0,4.354819
RXRX,2026-01-06 13:00:00+00:00,4.38,4.39,4.33,4.36,184832.0,1040.0,4.355971
RXRX,2026-01-06 13:05:00+00:00,4.36,4.36,4.35,4.35,3485.0,32.0,4.355833
RXRX,2026-01-06 13:10:00+00:00,4.35,4.37,4.35,4.3605,12832.0,79.0,4.357539
RXRX,2026-01-06 13:15:00+00:00,4.3695,4.37,4.36,4.37,20069.0,119.0,4.365255
RXRX,2026-01-06 13:20:00+00:00,4.3602,4.37,4.36,4.36,8063.0,68.0,4.365839
RXRX,2026-01-06 13:25:00+00:00,4.37,4.3795,4.3698,4.3703,6557.0,61.0,4.370234
RXRX,2026-01-06 13:30:00+00:00,4.37,4.39,4.37,4.39,26375.0,120.0,4.387621
RXRX,2026-01-06 13:35:00+00:00,4.39,4.39,4.38,4.39,7601.0,76.0,4.387579
RXRX,2026-01-06 13:40:00+00:00,4.39,4.39,4.37,4.3894,9541.0,83.0,4.381993
RXRX,2026-01-06 13:45:00+00:00,4.38,4.39,4.38,4.38,16285.0,52.0,4.386499
RXRX,2026-01-06 13:50:00+00:00,4.381,4.385,4.38,4.38,5971.0,29.0,4.381857
RXRX,2026-01-06 13:55:00+00:00,4.38,4.39,4.38,4.3899,11786.0,56.0,4.386331
RXRX,2026-01-06 14:00:00+00:00,4.38,4.39,4.37,4.38,43135.0,167.0,4.383541
RXRX,2026-01-06 14:05:00+00:00,4.39,4.39,4.37,4.38,6547.0,75.0,4.381114
RXRX,2026-01-06 14:10:00+00:00,4.39,4.39,4.37,4.38,19420.0,91.0,4.384282
RXRX,2026-01-06 14:15:00+00:00,4.38,4.39,4.38,4.3899,8170.0,49.0,4.3865
RXRX,2026-01-06 14:20:00+00:00,4.39,4.39,4.38,4.3899,19940.0,101.0,4.388819
RXRX,2026-01-06 14:25:00+00:00,4.38,4.38,4.36,4.36,37629.0,349.0,4.367135
RXRX,2026-01-06 14:30:00+00:00,4.36,4.52,4.35,4.52,1699138.0,2964.0,4.441654
RXRX,2026-01-06 14:35:00+00:00,4.52,4.57,4.48,4.56,1603660.0,2690.0,4.521771
RXRX,2026-01-06 14:40:00+00:00,4.56,4.62,4.54,4.62,893601.0,1692.0,4.577338
RXRX,2026-01-06 14:45:00+00:00,4.62,4.66,4.5914,4.6499,1638666.0,2789.0,4.633586
RXRX,2026-01-06 14:50:00+00:00,4.6402,4.655,4.525,4.5799,837436.0,1930.0,4.578367
RXRX,2026-01-06 14:55:00+00:00,4.575,4.585,4.54,4.5798,527413.0,1077.0,4.566461
RXRX,2026-01-06 15:00:00+00:00,4.575,4.575,4.52,4.525,647215.0,1305.0,4.545787
RXRX,2026-01-06 15:05:00+00:00,4.525,4.56,4.52,4.53,343224.0,736.0,4.53746
RXRX,2026-01-06 15:10:00+00:00,4.54,4.545,4.49,4.494,538337.0,1227.0,4.513106
RXRX,2026-01-06 15:15:00+00:00,4.5,4.51,4.47,4.485,355815.0,957.0,4.486668
RXRX,2026-01-06 15:20:00+00:00,4.4899,4.515,4.46,4.5024,639232.0,1180.0,4.488791
RXRX,2026-01-06 15:25:00+00:00,4.5078,4.51,4.49,4.49,243338.0,614.0,4.499246
RXRX,2026-01-06 15:30:00+00:00,4.495,4.52,4.49,4.5,375228.0,765.0,4.501763
RXRX,2026-01-06 15:35:00+00:00,4.491,4.5,4.47,4.495,199959.0,577.0,4.486019
RXRX,2026-01-06 15:40:00+00:00,4.495,4.51,4.49,4.495,103217.0,347.0,4.49938
RXRX,2026-01-06 15:45:00+00:00,4.495,4.5,4.48,4.4899,118254.0,434.0,4.489217
RXRX,2026-01-06 15:50:00+00:00,4.485,4.51,4.48,4.495,339451.0,637.0,4.496716
RXRX,2026-01-06 15:55:00+00:00,4.5,4.52,4.49,4.515,186833.0,510.0,4.506736
RXRX,2026-01-06 16:00:00+00:00,4.52,4.52,4.47,4.4799,269810.0,569.0,4.488136
RXRX,2026-01-06 16:05:00+00:00,4.48,4.49,4.47,4.4799,187686.0,502.0,4.474989
RXRX,2026-01-06 16:10:00+00:00,4.48,4.5,4.48,4.48,120109.0,389.0,4.485872
RXRX,2026-01-06 16:15:00+00:00,4.4899,4.5,4.4707,4.475,102694.0,384.0,4.487049
RXRX,2026-01-06 16:20:00+00:00,4.475,4.485,4.47,4.4714,190094.0,340.0,4.478605
RXRX,2026-01-06 16:25:00+00:00,4.47,4.48,4.46,4.475,178481.0,588.0,4.467879
RXRX,2026-01-06 16:30:00+00:00,4.4721,4.48,4.445,4.4637,555267.0,893.0,4.460381
RXRX,2026-01-06 16:35:00+00:00,4.46,4.47,4.44,4.458,257980.0,484.0,4.454743
RXRX,2026-01-06 16:40:00+00:00,4.455,4.47,4.45,4.46,163666.0,332.0,4.458824
RXRX,2026-01-06 16:45:00+00:00,4.4699,4.47,4.46,4.465,76508.0,271.0,4.466656
RXRX,2026-01-06 16:50:00+00:00,4.465,4.47,4.45,4.45,122051.0,358.0,4.459979
RXRX,2026-01-06 16:55:00+00:00,4.4501,4.47,4.44,4.4601,235148.0,517.0,4.451579
RXRX,2026-01-06 17:00:00+00:00,4.465,4.47,4.455,4.46,132555.0,323.0,4.461722
RXRX,2026-01-06 17:05:00+00:00,4.46,4.48,4.46,4.4793,221575.0,279.0,4.46934
RXRX,2026-01-06 17:10:00+00:00,4.475,4.485,4.46,4.4687,222685.0,396.0,4.474413
RXRX,2026-01-06 17:15:00+00:00,4.465,4.47,4.46,4.465,41898.0,166.0,4.46401
RXRX,2026-01-06 17:20:00+00:00,4.47,4.47,4.46,4.465,79338.0,243.0,4.46734
RXRX,2026-01-06 17:25:00+00:00,4.47,4.47,4.45,4.45,34772.0,255.0,4.460594
RXRX,2026-01-06 17:30:00+00:00,4.46,4.46,4.45,4.4501,52026.0,251.0,4.457274
RXRX,2026-01-06 17:35:00+00:00,4.455,4.47,4.45,4.4694,172711.0,416.0,4.457722
RXRX,2026-01-06 17:40:00+00:00,4.465,4.465,4.43,4.4427,165032.0,615.0,4.445954
RXRX,2026-01-06 17:45:00+00:00,4.44,4.455,4.44,4.445,71909.0,338.0,4.447773
RXRX,2026-01-06 17:50:00+00:00,4.4487,4.45,4.44,4.445,76314.0,277.0,4.444944
RXRX,2026-01-06 17:55:00+00:00,4.45,4.45,4.44,4.445,172086.0,258.0,4.447764
RXRX,2026-01-06 18:00:00+00:00,4.44,4.4467,4.43,4.44,73890.0,333.0,4.434609
RXRX,2026-01-06 18:05:00+00:00,4.435,4.44,4.425,4.426,101770.0,267.0,4.433099
RXRX,2026-01-06 18:10:00+00:00,4.42,4.44,4.42,4.44,111479.0,330.0,4.429068
RXRX,2026-01-06 18:15:00+00:00,4.44,4.45,4.44,4.445,34844.0,181.0,4.442254
RXRX,2026-01-06 18:20:00+00:00,4.445,4.45,4.44,4.445,75991.0,164.0,4.446469
RXRX,2026-01-06 18:25:00+00:00,4.445,4.46,4.44,4.455,65086.0,269.0,4.449195
RXRX,2026-01-06 18:30:00+00:00,4.458,4.47,4.45,4.47,89075.0,275.0,4.455779
RXRX,2026-01-06 18:35:00+00:00,4.465,4.47,4.45,4.45,91976.0,286.0,4.460653
RXRX,2026-01-06 18:40:00+00:00,4.4515,4.46,4.44,4.45,60136.0,279.0,4.452001
RXRX,2026-01-06 18:45:00+00:00,4.4501,4.465,4.45,4.465,179486.0,243.0,4.458933
RXRX,2026-01-06 18:50:00+00:00,4.47,4.47,4.46,4.465,42132.0,171.0,4.466359
RXRX,2026-01-06 18:55:00+00:00,4.465,4.47,4.455,4.455,54572.0,286.0,4.463312
RXRX,2026-01-06 19:00:00+00:00,4.46,4.46,4.44,4.44,62368.0,234.0,4.447268
RXRX,2026-01-06 19:05:00+00:00,4.44,4.47,4.44,4.465,79578.0,279.0,4.452837
RXRX,2026-01-06 19:10:00+00:00,4.465,4.49,4.46,4.485,93662.0,286.0,4.477297
RXRX,2026-01-06 19:15:00+00:00,4.4856,4.49,4.48,4.49,113611.0,261.0,4.483989
RXRX,2026-01-06 19:20:00+00:00,4.49,4.5,4.48,4.5,58415.0,324.0,4.48859
RXRX,2026-01-06 19:25:00+00:00,4.495,4.51,4.48,4.49,164359.0,418.0,4.495578
RXRX,2026-01-06 19:30:00+00:00,4.4869,4.51,4.485,4.505,190926.0,360.0,4.50113
RXRX,2026-01-06 19:35:00+00:00,4.505,4.51,4.49,4.495,88522.0,284.0,4.50237
RXRX,2026-01-06 19:40:00+00:00,4.49,4.5,4.49,4.495,142020.0,223.0,4.497762
RXRX,2026-01-06 19:45:00+00:00,4.495,4.5,4.4814,4.5,66931.0,309.0,4.492105
RXRX,2026-01-06 19:50:00+00:00,4.5,4.5,4.49,4.5,52224.0,160.0,4.496412
RXRX,2026-01-06 19:55:00+00:00,4.495,4.52,4.49,4.52,140107.0,380.0,4.504146
RXRX,2026-01-06 20:00:00+00:00,4.52,4.54,4.515,4.54,103912.0,317.0,4.531321
RXRX,2026-01-06 20:05:00+00:00,4.535,4.55,4.53,4.55,143761.0,421.0,4.542495
RXRX,2026-01-06 20:10:00+00:00,4.55,4.555,4.54,4.5459,190193.0,386.0,4.546916
RXRX,2026-01-06 20:15:00+00:00,4.545,4.56,4.54,4.555,85739.0,356.0,4.550954
RXRX,2026-01-06 20:20:00+00:00,4.555,4.59,4.555,4.575,342177.0,767.0,4.574648
RXRX,2026-01-06 20:25:00+00:00,4.57,4.59,4.57,4.59,118077.0,384.0,4.580286
RXRX,2026-01-06 20:30:00+00:00,4.585,4.61,4.58,4.6,724827.0,1085.0,4.597155
RXRX,2026-01-06 20:35:00+00:00,4.61,4.62,4.6,4.6007,218924.0,497.0,4.608997
RXRX,2026-01-06 20:40:00+00:00,4.6003,4.62,4.6,4.615,424874.0,746.0,4.609647
RXRX,2026-01-06 20:45:00+00:00,4.615,4.62,4.6,4.605,326366.0,610.0,4.61203
RXRX,2026-01-06 20:50:00+00:00,4.605,4.61,4.57,4.575,332133.0,921.0,4.590246
RXRX,2026-01-06 20:55:00+00:00,4.57,4.58,4.55,4.55,674824.0,1848.0,4.563042
RXRX,2026-01-06 21:00:00+00:00,4.55,4.56,4.55,4.56,921720.0,48.0,4.550041
RXRX,2026-01-06 21:05:00+00:00,4.56,4.5693,4.55,4.56,95313.0,29.0,4.553111
RXRX,2026-01-06 21:10:00+00:00,4.5501,4.5502,4.5298,4.55,110199.0,127.0,4.538684
RXRX,2026-01-06 21:15:00+00:00,4.5403,4.55,4.54,4.55,2725.0,19.0,4.542585
RXRX,2026-01-06 21:20:00+00:00,4.5405,4.56,4.53,4.5301,2281.0,27.0,4.541125
RXRX,2026-01-06 21:25:00+00:00,4.54,4.54,4.53,4.54,10929.0,18.0,4.53207
RXRX,2026-01-06 21:30:00+00:00,4.54,4.6,4.53,4.59,60996.0,132.0,4.564795
RXRX,2026-01-06 21:35:00+00:00,4.6,4.6,4.55,4.55,3760.0,18.0,4.579305
RXRX,2026-01-06 21:40:00+00:00,4.5598,4.5598,4.54,4.54,1952.0,15.0,4.545277
RXRX,2026-01-06 21:45:00+00:00,4.55,4.55,4.54,4.55,2820.0,16.0,4.546423
RXRX,2026-01-06 21:50:00+00:00,4.54,4.55,4.54,4.54,2651.0,22.0,4.540852
RXRX,2026-01-06 21:55:00+00:00,4.54,4.54,4.52,4.52,16334.0,73.0,4.531401
RXRX,2026-01-06 22:00:00+00:00,4.52,4.52,4.52,4.52,1777.0,26.0,4.52
RXRX,2026-01-06 22:05:00+00:00,4.52,4.53,4.52,4.5201,8421.0,46.0,4.520612
RXRX,2026-01-06 22:10:00+00:00,4.5201,4.53,4.52,4.53,3281.0,23.0,4.52431
RXRX,2026-01-06 22:15:00+00:00,4.5201,4.53,4.52,4.53,2209.0,14.0,4.522679
RXRX,2026-01-06 22:20:00+00:00,4.52,4.53,4.52,4.5202,4671.0,9.0,4.52232
RXRX,2026-01-06 22:25:00+00:00,4.53,4.53,4.52,4.52,6714.0,29.0,4.522005
RXRX,2026-01-06 22:30:00+00:00,4.53,4.53,4.52,4.52,2800.0,12.0,4.520889
RXRX,2026-01-06 22:35:00+00:00,4.52,4.52,4.51,4.51,9889.0,50.0,4.519564
RXRX,2026-01-06 22:40:00+00:00,4.52,4.52,4.51,4.52,3397.0,20.0,4.518689
RXRX,2026-01-06 22:45:00+00:00,4.51,4.52,4.51,4.52,12182.0,18.0,4.510832
RXRX,2026-01-06 22:50:00+00:00,4.51,4.52,4.5,4.5,10881.0,52.0,4.50472
RXRX,2026-01-06 22:55:00+00:00,4.5,4.51,4.5,4.51,20147.0,27.0,4.509308
RXRX,2026-01-06 23:00:00+00:00,4.5,4.52,4.5,4.52,9683.0,43.0,4.517336
RXRX,2026-01-06 23:05:00+00:00,4.53,4.53,4.52,4.52,2200.0,5.0,4.524598
RXRX,2026-01-06 23:10:00+00:00,4.52,4.52,4.5199,4.5199,4130.0,10.0,4.519951
RXRX,2026-01-06 23:15:00+00:00,4.51,4.52,4.51,4.5199,766.0,7.0,4.51786
RXRX,2026-01-06 23:20:00+00:00,4.52,4.52,4.52,4.52,520.0,2.0,4.52
RXRX,2026-01-06 23:25:00+00:00,4.51,4.52,4.51,4.5199,8852.0,70.0,4.5186
RXRX,2026-01-06 23:30:00+00:00,4.5184,4.5184,4.51,4.5102,4469.0,10.0,4.516361
RXRX,2026-01-06 23:35:00+00:00,4.51,4.51,4.51,4.51,465.0,11.0,4.51
RXRX,2026-01-06 23:40:00+00:00,4.5199,4.52,4.51,4.51,6181.0,25.0,4.516135
RXRX,2026-01-06 23:45:00+00:00,4.51,4.52,4.51,4.5101,5737.0,13.0,4.513556
RXRX,2026-01-06 23:50:00+00:00,4.52,4.52,4.52,4.52,3733.0,31.0,4.52
RXRX,2026-01-06 23:55:00+00:00,4.53,4.53,4.5287,4.5287,3520.0,10.0,4.529505
RXRX,2026-01-07 00:00:00+00:00,4.54,4.54,4.54,4.54,227.0,4.0,4.54
RXRX,2026-01-07 00:05:00+00:00,4.54,4.57,4.53,4.57,23386.0,50.0,4.546969
RXRX,2026-01-07 00:10:00+00:00,4.57,4.5992,4.57,4.59,2129.0,6.0,4.592867
RXRX,2026-01-07 00:15:00+00:00,4.59,4.59,4.56,4.56,4045.0,9.0,4.577143
RXRX,2026-01-07 00:20:00+00:00,4.58,4.58,4.56,4.56,10609.0,6.0,4.577075
RXRX,2026-01-07 00:25:00+00:00,4.58,4.58,4.5794,4.5798,467.0,4.0,4.579823
RXRX,2026-01-07 00:30:00+00:00,4.5787,4.5787,4.56,4.57,1574.0,8.0,4.568809
RXRX,2026-01-07 00:35:00+00:00,4.57,4.57,4.56,4.57,2303.0,8.0,4.569032
RXRX,2026-01-07 00:40:00+00:00,4.5751,4.5768,4.5751,4.5768,316.0,7.0,4.57595
RXRX,2026-01-07 00:45:00+00:00,4.57,4.58,4.57,4.58,955.0,4.0,4.576842
RXRX,2026-01-07 00:50:00+00:00,4.57,4.57,4.57,4.57,430.0,4.0,4.57
RXRX,2026-01-07 00:55:00+00:00,4.56,4.57,4.56,4.56,12457.0,10.0,4.561047
RXRX,2026-01-07 09:00:00+00:00,4.6,4.6,4.565,4.57,3521.0,56.0,4.577049
RXRX,2026-01-07 09:05:00+00:00,4.57,4.58,4.57,4.57,3605.0,52.0,4.57042
RXRX,2026-01-07 09:10:00+00:00,4.57,4.57,4.56,4.57,2404.0,20.0,4.565359
RXRX,2026-01-07 09:15:00+00:00,4.57,4.57,4.56,4.56,4372.0,36.0,4.567306
RXRX,2026-01-07 09:20:00+00:00,4.56,4.56,4.55,4.555,11605.0,72.0,4.55161
RXRX,2026-01-07 09:25:00+00:00,4.555,4.56,4.55,4.55,2907.0,23.0,4.556235
RXRX,2026-01-07 09:30:00+00:00,4.55,4.55,4.55,4.55,470.0,9.0,4.55
RXRX,2026-01-07 09:35:00+00:00,4.55,4.55,4.5,4.5,25403.0,177.0,4.526757
RXRX,2026-01-07 09:40:00+00:00,4.52,4.52,4.51,4.52,1009.0,10.0,4.518575
RXRX,2026-01-07 09:50:00+00:00,4.53,4.53,4.52,4.53,1304.0,7.0,4.528759
RXRX,2026-01-07 09:55:00+00:00,4.52,4.52,4.52,4.52,1046.0,17.0,4.52
RXRX,2026-01-07 10:00:00+00:00,4.53,4.53,4.525,4.53,2121.0,16.0,4.52959
RXRX,2026-01-07 10:05:00+00:00,4.53,4.53,4.53,4.53,1318.0,28.0,4.53
RXRX,2026-01-07 10:10:00+00:00,4.53,4.53,4.52,4.52,13966.0,36.0,4.529925
RXRX,2026-01-07 10:15:00+00:00,4.53,4.53,4.53,4.53,6981.0,21.0,4.53
RXRX,2026-01-07 10:20:00+00:00,4.53,4.53,4.53,4.53,1127.0,26.0,4.53
RXRX,2026-01-07 10:25:00+00:00,4.52,4.53,4.52,4.53,1604.0,16.0,4.527862
RXRX,2026-01-07 10:30:00+00:00,4.53,4.53,4.53,4.53,252.0,3.0,4.53
RXRX,2026-01-07 10:35:00+00:00,4.53,4.53,4.53,4.53,267.0,4.0,4.53
RXRX,2026-01-07 10:40:00+00:00,4.53,4.53,4.52,4.52,1208.0,19.0,4.5214
RXRX,2026-01-07 10:45:00+00:00,4.52,4.52,4.51,4.51,3123.0,19.0,4.517595
RXRX,2026-01-07 10:55:00+00:00,4.52,4.52,4.51,4.51,4647.0,49.0,4.517837
RXRX,2026-01-07 11:00:00+00:00,4.51,4.51,4.51,4.51,329.0,2.0,4.51
RXRX,2026-01-07 11:05:00+00:00,4.51,4.51,4.51,4.51,829.0,8.0,4.51
RXRX,2026-01-07 11:10:00+00:00,4.51,4.515,4.51,4.515,1012.0,20.0,4.510682
RXRX,2026-01-07 11:15:00+00:00,4.51,4.51,4.51,4.51,707.0,7.0,4.51
RXRX,2026-01-07 11:20:00+00:00,4.51,4.52,4.51,4.52,4464.0,48.0,4.516338
RXRX,2026-01-07 11:35:00+00:00,4.52,4.53,4.52,4.53,7991.0,46.0,4.528471
RXRX,2026-01-07 11:40:00+00:00,4.53,4.53,4.51,4.51,11022.0,95.0,4.52315
RXRX,2026-01-07 11:50:00+00:00,4.52,4.52,4.52,4.52,493.0,12.0,4.52
RXRX,2026-01-07 11:55:00+00:00,4.52,4.52,4.51,4.51,2262.0,33.0,4.515474
RXRX,2026-01-07 12:00:00+00:00,4.52,4.52,4.52,4.52,1226.0,7.0,4.52
RXRX,2026-01-07 12:05:00+00:00,4.53,4.53,4.53,4.53,2867.0,34.0,4.53
RXRX,2026-01-07 12:10:00+00:00,4.529,4.54,4.529,4.54,7660.0,141.0,4.535695
RXRX,2026-01-07 12:15:00+00:00,4.54,4.54,4.54,4.54,3471.0,67.0,4.54
RXRX,2026-01-07 12:20:00+00:00,4.54,4.555,4.54,4.555,15289.0,55.0,4.547739
RXRX,2026-01-07 12:25:00+00:00,4.55,4.56,4.55,4.56,4348.0,61.0,4.559509
RXRX,2026-01-07 12:30:00+00:00,4.56,4.56,4.56,4.56,2358.0,23.0,4.56
RXRX,2026-01-07 12:35:00+00:00,4.56,4.56,4.56,4.56,4638.0,23.0,4.56
RXRX,2026-01-07 12:40:00+00:00,4.56,4.57,4.56,4.57,4653.0,35.0,4.561039
RXRX,2026-01-07 12:50:00+00:00,4.56,4.57,4.56,4.57,3570.0,40.0,4.561553
RXRX,2026-01-07 13:00:00+00:00,4.52,4.6,4.51,4.56,302642.0,1043.0,4.557313
RXRX,2026-01-07 13:05:00+00:00,4.55,4.56,4.55,4.55,5051.0,38.0,4.55247
RXRX,2026-01-07 13:10:00+00:00,4.55,4.56,4.55,4.55,20567.0,57.0,4.555207
RXRX,2026-01-07 13:15:00+00:00,4.56,4.57,4.55,4.57,8299.0,80.0,4.562448
RXRX,2026-01-07 13:20:00+00:00,4.5695,4.57,4.56,4.56,6034.0,43.0,4.569236
RXRX,2026-01-07 13:25:00+00:00,4.55,4.56,4.55,4.56,5144.0,29.0,4.552332
RXRX,2026-01-07 13:30:00+00:00,4.56,4.57,4.55,4.57,9889.0,39.0,4.559548
RXRX,2026-01-07 13:35:00+00:00,4.56,4.57,4.56,4.5697,8226.0,27.0,4.56302
RXRX,2026-01-07 13:40:00+00:00,4.57,4.57,4.56,4.56,9251.0,29.0,4.568178
RXRX,2026-01-07 13:45:00+00:00,4.56,4.56,4.55,4.5598,6509.0,50.0,4.557871
RXRX,2026-01-07 13:50:00+00:00,4.56,4.56,4.55,4.5598,11180.0,67.0,4.557463
RXRX,2026-01-07 13:55:00+00:00,4.55,4.56,4.55,4.56,2860.0,21.0,4.557633
RXRX,2026-01-07 14:00:00+00:00,4.5598,4.56,4.55,4.5502,4158.0,29.0,4.556524
RXRX,2026-01-07 14:05:00+00:00,4.55,4.56,4.55,4.55,3209.0,21.0,4.55495
RXRX,2026-01-07 14:10:00+00:00,4.55,4.56,4.55,4.55,10801.0,15.0,4.550279
RXRX,2026-01-07 14:15:00+00:00,4.5516,4.56,4.55,4.55,11092.0,28.0,4.556191
RXRX,2026-01-07 14:20:00+00:00,4.56,4.56,4.55,4.55,20418.0,145.0,4.551553
RXRX,2026-01-07 14:25:00+00:00,4.54,4.56,4.54,4.56,7847.0,73.0,4.548947
RXRX,2026-01-07 14:30:00+00:00,4.555,4.64,4.55,4.571,746542.0,1651.0,4.589146
RXRX,2026-01-07 14:35:00+00:00,4.575,4.6056,4.55,4.5599,357955.0,1187.0,4.570694
RXRX,2026-01-07 14:40:00+00:00,4.5501,4.61,4.5441,4.595,297708.0,886.0,4.57683
RXRX,2026-01-07 14:45:00+00:00,4.5996,4.63,4.59,4.625,349964.0,814.0,4.603477
RXRX,2026-01-07 14:50:00+00:00,4.63,4.67,4.63,4.67,426361.0,1075.0,4.651151
RXRX,2026-01-07 14:55:00+00:00,4.67,4.7,4.66,4.685,412835.0,929.0,4.682829
RXRX,2026-01-07 15:00:00+00:00,4.685,4.7,4.66,4.68,671988.0,1133.0,4.68072
RXRX,2026-01-07 15:05:00+00:00,4.675,4.74,4.655,4.735,1288289.0,1825.0,4.69754
RXRX,2026-01-07 15:10:00+00:00,4.731,4.8,4.71,4.76,1351112.0,1883.0,4.753044
RXRX,2026-01-07 15:15:00+00:00,4.755,4.76,4.71,4.735,1393820.0,1784.0,4.734861
RXRX,2026-01-07 15:20:00+00:00,4.735,4.75,4.71,4.7386,684951.0,1085.0,4.729929
RXRX,2026-01-07 15:25:00+00:00,4.7301,4.7487,4.72,4.725,402915.0,774.0,4.732829
RXRX,2026-01-07 15:30:00+00:00,4.725,4.73,4.67,4.695,645728.0,1048.0,4.698883
RXRX,2026-01-07 15:35:00+00:00,4.6901,4.7161,4.69,4.715,366240.0,685.0,4.699788
RXRX,2026-01-07 15:40:00+00:00,4.715,4.7399,4.71,4.7301,325872.0,519.0,4.719331
RXRX,2026-01-07 15:45:00+00:00,4.73,4.74,4.7,4.7175,241944.0,529.0,4.715896
RXRX,2026-01-07 15:50:00+00:00,4.72,4.745,4.71,4.7145,276281.0,574.0,4.728425
RXRX,2026-01-07 15:55:00+00:00,4.72,4.73,4.71,4.73,153309.0,458.0,4.719532
RXRX,2026-01-07 16:00:00+00:00,4.7273,4.73,4.69,4.6949,183571.0,528.0,4.709563
RXRX,2026-01-07 16:05:00+00:00,4.6955,4.71,4.69,4.705,120255.0,371.0,4.702135
RXRX,2026-01-07 16:10:00+00:00,4.71,4.72,4.7,4.715,206346.0,497.0,4.70973
RXRX,2026-01-07 16:15:00+00:00,4.714,4.75,4.7102,4.7499,234037.0,571.0,4.733619
RXRX,2026-01-07 16:20:00+00:00,4.745,4.78,4.74,4.775,317497.0,690.0,4.756882
RXRX,2026-01-07 16:25:00+00:00,4.7799,4.81,4.76,4.805,645021.0,1028.0,4.791027
RXRX,2026-01-07 16:30:00+00:00,4.8058,4.84,4.8058,4.84,450117.0,916.0,4.824876
RXRX,2026-01-07 16:35:00+00:00,4.84,4.85,4.82,4.835,448461.0,822.0,4.834525
RXRX,2026-01-07 16:40:00+00:00,4.835,4.87,4.83,4.86,465412.0,901.0,4.851599
RXRX,2026-01-07 16:45:00+00:00,4.86,4.89,4.85,4.87,513242.0,914.0,4.876818
RXRX,2026-01-07 16:50:00+00:00,4.875,4.885,4.86,4.8701,404978.0,621.0,4.871066
RXRX,2026-01-07 16:55:00+00:00,4.8702,4.9,4.86,4.89,651137.0,739.0,4.8836
RXRX,2026-01-07 17:00:00+00:00,4.895,4.9,4.865,4.88,366831.0,614.0,4.876914
RXRX,2026-01-07 17:05:00+00:00,4.8801,4.89,4.88,4.885,182634.0,410.0,4.885451
RXRX,2026-01-07 17:10:00+00:00,4.8828,4.89,4.84,4.85,531120.0,742.0,4.856257
RXRX,2026-01-07 17:15:00+00:00,4.856,4.86,4.84,4.8475,400626.0,667.0,4.848822
RXRX,2026-01-07 17:20:00+00:00,4.85,4.85,4.8301,4.8354,225521.0,440.0,4.84213
RXRX,2026-01-07 17:25:00+00:00,4.835,4.85,4.83,4.84,209049.0,394.0,4.842905
RXRX,2026-01-07 17:30:00+00:00,4.84,4.88,4.84,4.876,478130.0,760.0,4.854909
RXRX,2026-01-07 17:35:00+00:00,4.875,4.89,4.87,4.89,167509.0,399.0,4.880117
RXRX,2026-01-07 17:40:00+00:00,4.885,4.89,4.87,4.88,189290.0,391.0,4.878572
RXRX,2026-01-07 17:45:00+00:00,4.8786,4.8786,4.85,4.855,436196.0,775.0,4.856064
RXRX,2026-01-07 17:50:00+00:00,4.855,4.88,4.83,4.8758,606832.0,905.0,4.849705
RXRX,2026-01-07 17:55:00+00:00,4.88,4.89,4.8623,4.8699,230322.0,465.0,4.876567
RXRX,2026-01-07 18:00:00+00:00,4.8699,4.87,4.82,4.8297,276448.0,463.0,4.839699
RXRX,2026-01-07 18:05:00+00:00,4.825,4.88,4.825,4.86,238988.0,527.0,4.845573
RXRX,2026-01-07 18:10:00+00:00,4.86,4.86,4.835,4.8401,227404.0,476.0,4.845123
RXRX,2026-01-07 18:15:00+00:00,4.84,4.85,4.83,4.8463,131685.0,408.0,4.838485
RXRX,2026-01-07 18:20:00+00:00,4.845,4.85,4.83,4.835,164013.0,439.0,4.844745
RXRX,2026-01-07 18:25:00+00:00,4.83,4.8399,4.81,4.825,343824.0,547.0,4.826005
RXRX,2026-01-07 18:30:00+00:00,4.8294,4.84,4.82,4.8248,243147.0,429.0,4.83029
RXRX,2026-01-07 18:35:00+00:00,4.825,4.83,4.81,4.821,276634.0,541.0,4.818932
RXRX,2026-01-07 18:40:00+00:00,4.82,4.84,4.82,4.8302,181726.0,247.0,4.831466
RXRX,2026-01-07 18:45:00+00:00,4.83,4.83,4.81,4.825,121877.0,349.0,4.822549
RXRX,2026-01-07 18:50:00+00:00,4.825,4.83,4.81,4.8151,110742.0,316.0,4.819704
RXRX,2026-01-07 18:55:00+00:00,4.8151,4.835,4.81,4.8301,162924.0,388.0,4.824648
RXRX,2026-01-07 19:00:00+00:00,4.835,4.875,4.835,4.87,346264.0,563.0,4.857459
RXRX,2026-01-07 19:05:00+00:00,4.87,4.87,4.83,4.83,182192.0,374.0,4.85525
RXRX,2026-01-07 19:10:00+00:00,4.8345,4.84,4.81,4.8299,184192.0,448.0,4.823486
RXRX,2026-01-07 19:15:00+00:00,4.825,4.83,4.81,4.815,271880.0,365.0,4.818024
RXRX,2026-01-07 19:20:00+00:00,4.815,4.83,4.81,4.82,154498.0,288.0,4.81982
RXRX,2026-01-07 19:25:00+00:00,4.8235,4.83,4.81,4.8256,120161.0,385.0,4.822737
RXRX,2026-01-07 19:30:00+00:00,4.83,4.85,4.82,4.85,96878.0,269.0,4.839325
RXRX,2026-01-07 19:35:00+00:00,4.845,4.85,4.82,4.8231,90353.0,313.0,4.835872
RXRX,2026-01-07 19:40:00+00:00,4.82,4.86,4.81,4.86,414196.0,579.0,4.829831
RXRX,2026-01-07 19:45:00+00:00,4.855,4.91,4.85,4.9016,590355.0,1146.0,4.88326
RXRX,2026-01-07 19:50:00+00:00,4.905,4.95,4.901,4.94,694277.0,1232.0,4.932176
RXRX,2026-01-07 19:55:00+00:00,4.9401,4.99,4.92,4.975,1161999.0,1581.0,4.960864
RXRX,2026-01-07 20:00:00+00:00,4.975,4.9888,4.94,4.94,627756.0,1048.0,4.966864
RXRX,2026-01-07 20:05:00+00:00,4.9455,5.0,4.9401,4.975,560873.0,969.0,4.974982
RXRX,2026-01-07 20:10:00+00:00,4.97,4.98,4.9505,4.9651,353253.0,608.0,4.968748
RXRX,2026-01-07 20:15:00+00:00,4.965,4.9697,4.935,4.955,333088.0,617.0,4.951304
RXRX,2026-01-07 20:20:00+00:00,4.955,4.96,4.895,4.8999,494246.0,777.0,4.928157
RXRX,2026-01-07 20:25:00+00:00,4.895,4.925,4.89,4.91,371442.0,785.0,4.906357
RXRX,2026-01-07 20:30:00+00:00,4.905,4.9057,4.86,4.865,155801.0,487.0,4.879211
RXRX,2026-01-07 20:35:00+00:00,4.865,4.89,4.86,4.885,192096.0,527.0,4.878582
RXRX,2026-01-07 20:40:00+00:00,4.89,4.91,4.88,4.885,212136.0,617.0,4.893308
RXRX,2026-01-07 20:45:00+00:00,4.8893,4.9,4.87,4.8801,214599.0,828.0,4.885182
RXRX,2026-01-07 20:50:00+00:00,4.88,4.9,4.85,4.8901,572512.0,1255.0,4.873059
RXRX,2026-01-07 20:55:00+00:00,4.89,4.89,4.85,4.85,1070569.0,2607.0,4.86635
RXRX,2026-01-07 21:00:00+00:00,4.86,4.86,4.82,4.82,1054849.0,138.0,4.85914
RXRX,2026-01-07 21:05:00+00:00,4.83,4.84,4.82,4.83,13510.0,86.0,4.829511
RXRX,2026-01-07 21:10:00+00:00,4.83,4.85,4.83,4.85,3027.0,36.0,4.836487
RXRX,2026-01-07 21:15:00+00:00,4.83,4.83,4.82,4.8201,6900.0,39.0,4.826131
RXRX,2026-01-07 21:20:00+00:00,4.82,4.83,4.81,4.81,15222.0,103.0,4.819217
RXRX,2026-01-07 21:25:00+00:00,4.81,4.82,4.81,4.81,5771.0,54.0,4.81179
RXRX,2026-01-07 21:30:00+00:00,4.8101,4.86,4.81,4.81,30534.0,85.0,4.840313
RXRX,2026-01-07 21:35:00+00:00,4.8116,4.83,4.81,4.82,16499.0,81.0,4.825046
RXRX,2026-01-07 21:40:00+00:00,4.8203,4.83,4.82,4.83,4297.0,24.0,4.828273
RXRX,2026-01-07 21:45:00+00:00,4.82,4.83,4.8,4.8,12470.0,82.0,4.812981
RXRX,2026-01-07 21:50:00+00:00,4.8,4.81,4.8,4.81,5575.0,34.0,4.80541
RXRX,2026-01-07 21:55:00+00:00,4.81,4.82,4.8,4.81,6079.0,52.0,4.810173
RXRX,2026-01-07 22:00:00+00:00,4.82,4.82,4.8,4.8099,8358.0,44.0,4.803802
RXRX,2026-01-07 22:05:00+00:00,4.81,4.82,4.8,4.8,16098.0,76.0,4.804404
RXRX,2026-01-07 22:10:00+00:00,4.8098,4.8102,4.8,4.8102,19403.0,55.0,4.808013
RXRX,2026-01-07 22:15:00+00:00,4.81,4.83,4.81,4.83,4518.0,25.0,4.820267
RXRX,2026-01-07 22:20:00+00:00,4.82,4.82,4.81,4.81,6768.0,45.0,4.810533
RXRX,2026-01-07 22:25:00+00:00,4.81,4.81,4.78,4.78,39422.0,179.0,4.799234
RXRX,2026-01-07 22:30:00+00:00,4.78,4.7816,4.76,4.77,27214.0,86.0,4.777151
RXRX,2026-01-07 22:35:00+00:00,4.7697,4.77,4.75,4.77,17414.0,80.0,4.763517
RXRX,2026-01-07 22:40:00+00:00,4.77,4.77,4.76,4.77,8345.0,40.0,4.762819
RXRX,2026-01-07 22:45:00+00:00,4.7601,4.7799,4.76,4.7799,17726.0,41.0,4.765578
RXRX,2026-01-07 22:50:00+00:00,4.775,4.79,4.775,4.78,13846.0,35.0,4.78021
RXRX,2026-01-07 22:55:00+00:00,4.78,4.7802,4.77,4.77,5639.0,28.0,4.776449
RXRX,2026-01-07 23:00:00+00:00,4.7702,4.7702,4.77,4.77,3361.0,13.0,4.770007
RXRX,2026-01-07 23:05:00+00:00,4.775,4.78,4.77,4.77,3185.0,30.0,4.771985
RXRX,2026-01-07 23:10:00+00:00,4.77,4.77,4.76,4.76,2031.0,15.0,4.761915
RXRX,2026-01-07 23:15:00+00:00,4.77,4.77,4.76,4.76,3584.0,17.0,4.767193
RXRX,2026-01-07 23:20:00+00:00,4.77,4.79,4.77,4.78,7934.0,36.0,4.780818
RXRX,2026-01-07 23:25:00+00:00,4.78,4.8,4.7705,4.7705,11340.0,19.0,4.779812
RXRX,2026-01-07 23:30:00+00:00,4.78,4.7895,4.77,4.78,7004.0,20.0,4.775674
RXRX,2026-01-07 23:35:00+00:00,4.78,4.79,4.77,4.78,3906.0,25.0,4.779783
RXRX,2026-01-07 23:40:00+00:00,4.7898,4.8094,4.7898,4.8094,4563.0,29.0,4.792718
RXRX,2026-01-07 23:45:00+00:00,4.78,4.8,4.78,4.8,4877.0,8.0,4.799383
RXRX,2026-01-07 23:50:00+00:00,4.8,4.82,4.8,4.82,7767.0,16.0,4.809871
RXRX,2026-01-07 23:55:00+00:00,4.8102,4.82,4.81,4.8199,4346.0,27.0,4.81828
RXRX,2026-01-08 00:00:00+00:00,4.8184,4.82,4.8184,4.8198,6046.0,12.0,4.819742
RXRX,2026-01-08 00:05:00+00:00,4.8198,4.8198,4.8,4.81,14626.0,31.0,4.811723
RXRX,2026-01-08 00:10:00+00:00,4.8,4.8,4.79,4.8,14704.0,9.0,4.790734
RXRX,2026-01-08 00:15:00+00:00,4.8097,4.8097,4.7902,4.8,1916.0,22.0,4.80141
RXRX,2026-01-08 00:20:00+00:00,4.79,4.8,4.79,4.8,3623.0,6.0,4.79728
RXRX,2026-01-08 00:25:00+00:00,4.79,4.81,4.79,4.81,2520.0,10.0,4.808255
RXRX,2026-01-08 00:30:00+00:00,4.8068,4.81,4.8,4.81,858.0,10.0,4.806064
RXRX,2026-01-08 00:35:00+00:00,4.7998,4.8,4.79,4.79,5124.0,17.0,4.796468
RXRX,2026-01-08 00:40:00+00:00,4.79,4.8,4.79,4.7999,747.0,11.0,4.793455
RXRX,2026-01-08 00:45:00+00:00,4.7903,4.8,4.79,4.79,2572.0,9.0,4.791738
RXRX,2026-01-08 00:50:00+00:00,4.7984,4.8,4.79,4.79,3870.0,6.0,4.794078
RXRX,2026-01-08 00:55:00+00:00,4.8,4.8,4.8,4.8,101.0,2.0,4.8
RXRX,2026-01-08 09:00:00+00:00,4.8,4.83,4.8,4.81,2712.0,13.0,4.823931
RXRX,2026-01-08 09:05:00+00:00,4.81,4.81,4.81,4.81,2647.0,10.0,4.81
RXRX,2026-01-08 09:10:00+00:00,4.81,4.81,4.8,4.8,575.0,14.0,4.803106
RXRX,2026-01-08 09:15:00+00:00,4.8,4.81,4.8,4.81,615.0,6.0,4.802424
RXRX,2026-01-08 09:20:00+00:00,4.81,4.81,4.8,4.8,676.0,12.0,4.802366
RXRX,2026-01-08 09:25:00+00:00,4.81,4.81,4.8,4.81,1830.0,13.0,4.809298
RXRX,2026-01-08 09:30:00+00:00,4.79,4.8,4.78,4.79,5529.0,51.0,4.787454
RXRX,2026-01-08 09:35:00+00:00,4.78,4.78,4.78,4.78,424.0,5.0,4.78
RXRX,2026-01-08 09:40:00+00:00,4.78,4.79,4.78,4.78,3267.0,11.0,4.780445
RXRX,2026-01-08 09:45:00+00:00,4.78,4.79,4.78,4.79,9518.0,23.0,4.780933
RXRX,2026-01-08 09:50:00+00:00,4.79,4.79,4.79,4.79,802.0,8.0,4.79
RXRX,2026-01-08 09:55:00+00:00,4.78,4.79,4.78,4.78,3400.0,38.0,4.78385
RXRX,2026-01-08 10:00:00+00:00,4.78,4.78,4.76,4.76,5005.0,61.0,4.771033
RXRX,2026-01-08 10:05:00+00:00,4.76,4.76,4.76,4.76,505.0,5.0,4.76
RXRX,2026-01-08 10:10:00+00:00,4.76,4.76,4.76,4.76,1799.0,19.0,4.76
RXRX,2026-01-08 10:15:00+00:00,4.76,4.76,4.76,4.76,1537.0,26.0,4.76
RXRX,2026-01-08 10:20:00+00:00,4.75,4.76,4.75,4.76,5301.0,27.0,4.751677
RXRX,2026-01-08 10:25:00+00:00,4.75,4.75,4.75,4.75,1341.0,14.0,4.75
RXRX,2026-01-08 10:30:00+00:00,4.75,4.76,4.74,4.76,5463.0,62.0,4.754672
RXRX,2026-01-08 10:35:00+00:00,4.76,4.765,4.76,4.76,4775.0,36.0,4.761593
RXRX,2026-01-08 10:40:00+00:00,4.75,4.76,4.75,4.76,2886.0,19.0,4.756886
RXRX,2026-01-08 10:45:00+00:00,4.76,4.76,4.75,4.75,979.0,11.0,4.752958
RXRX,2026-01-08 10:50:00+00:00,4.76,4.76,4.75,4.75,2202.0,24.0,4.753215
RXRX,2026-01-08 10:55:00+00:00,4.76,4.76,4.75,4.75,1614.0,19.0,4.752552
RXRX,2026-01-08 11:00:00+00:00,4.75,4.76,4.75,4.76,2545.0,43.0,4.758258
RXRX,2026-01-08 11:05:00+00:00,4.76,4.76,4.76,4.76,2819.0,25.0,4.76
RXRX,2026-01-08 11:10:00+00:00,4.76,4.77,4.75,4.77,4459.0,20.0,4.758864
RXRX,2026-01-08 11:15:00+00:00,4.77,4.78,4.77,4.78,1627.0,29.0,4.770916
RXRX,2026-01-08 11:20:00+00:00,4.78,4.79,4.78,4.79,1015.0,10.0,4.781345
RXRX,2026-01-08 11:25:00+00:00,4.78,4.78,4.78,4.78,178.0,2.0,4.78
RXRX,2026-01-08 11:30:00+00:00,4.78,4.79,4.78,4.79,4130.0,39.0,4.786663
RXRX,2026-01-08 11:35:00+00:00,4.79,4.795,4.79,4.79,2352.0,36.0,4.790267
RXRX,2026-01-08 11:40:00+00:00,4.78,4.78,4.78,4.78,526.0,3.0,4.78
RXRX,2026-01-08 11:45:00+00:00,4.78,4.79,4.78,4.78,3930.0,22.0,4.780284
RXRX,2026-01-08 11:50:00+00:00,4.78,4.78,4.78,4.78,101.0,2.0,4.78
RXRX,2026-01-08 11:55:00+00:00,4.78,4.79,4.78,4.79,5368.0,22.0,4.780675
RXRX,2026-01-08 12:00:00+00:00,4.79,4.79,4.78,4.78,5290.0,43.0,4.785931
RXRX,2026-01-08 12:05:00+00:00,4.78,4.79,4.78,4.789,1331.0,9.0,4.789008
RXRX,2026-01-08 12:10:00+00:00,4.79,4.79,4.78,4.78,844.0,23.0,4.782439
RXRX,2026-01-08 12:15:00+00:00,4.78,4.8,4.78,4.8,4667.0,32.0,4.7882
RXRX,2026-01-08 12:25:00+00:00,4.79,4.79,4.78,4.79,9175.0,61.0,4.785006
RXRX,2026-01-08 12:30:00+00:00,4.8,4.8,4.8,4.8,16087.0,43.0,4.8
RXRX,2026-01-08 12:35:00+00:00,4.79,4.81,4.79,4.81,6528.0,37.0,4.799718
RXRX,2026-01-08 12:40:00+00:00,4.8,4.81,4.8,4.81,1807.0,20.0,4.806933
RXRX,2026-01-08 12:45:00+00:00,4.82,4.83,4.82,4.82,17178.0,58.0,4.82012
RXRX,2026-01-08 12:50:00+00:00,4.82,4.82,4.81,4.82,3322.0,45.0,4.818095
RXRX,2026-01-08 12:55:00+00:00,4.82,4.82,4.82,4.82,1530.0,45.0,4.82
RXRX,2026-01-08 13:00:00+00:00,4.78,4.82,4.74,4.8,316909.0,1284.0,4.790613
RXRX,2026-01-08 13:05:00+00:00,4.8,4.83,4.8,4.82,7222.0,67.0,4.818292
RXRX,2026-01-08 13:10:00+00:00,4.83,4.84,4.82,4.83,28372.0,96.0,4.83708
RXRX,2026-01-08 13:15:00+00:00,4.8209,4.83,4.82,4.83,3423.0,64.0,4.822328
RXRX,2026-01-08 13:20:00+00:00,4.83,4.84,4.83,4.84,6752.0,33.0,4.83515
RXRX,2026-01-08 13:25:00+00:00,4.839,4.84,4.83,4.83,9883.0,42.0,4.837473
RXRX,2026-01-08 13:30:00+00:00,4.83,4.84,4.83,4.83,4555.0,63.0,4.834546
RXRX,2026-01-08 13:35:00+00:00,4.8497,4.85,4.83,4.85,8833.0,95.0,4.842658
RXRX,2026-01-08 13:40:00+00:00,4.84,4.85,4.84,4.85,9083.0,78.0,4.84397
RXRX,2026-01-08 13:45:00+00:00,4.8405,4.85,4.83,4.84,30770.0,73.0,4.845628
RXRX,2026-01-08 13:50:00+00:00,4.83,4.84,4.83,4.84,3210.0,41.0,4.836502
RXRX,2026-01-08 13:55:00+00:00,4.8398,4.84,4.83,4.8316,4676.0,27.0,4.83193
RXRX,2026-01-08 14:00:00+00:00,4.8398,4.84,4.83,4.83,8664.0,75.0,4.830847
RXRX,2026-01-08 14:05:00+00:00,4.83,4.84,4.83,4.83,9183.0,52.0,4.830873
RXRX,2026-01-08 14:10:00+00:00,4.8305,4.84,4.83,4.84,15178.0,90.0,4.836092
RXRX,2026-01-08 14:15:00+00:00,4.84,4.84,4.83,4.84,3249.0,54.0,4.83914
RXRX,2026-01-08 14:20:00+00:00,4.8402,4.8402,4.83,4.83,5189.0,41.0,4.839617
RXRX,2026-01-08 14:25:00+00:00,4.83,4.83,4.8,4.8,32188.0,257.0,4.809971
RXRX,2026-01-08 14:30:00+00:00,4.795,4.795,4.65,4.6901,1980337.0,2841.0,4.713362
RXRX,2026-01-08 14:35:00+00:00,4.695,4.725,4.66,4.6801,743721.0,1814.0,4.691364
RXRX,2026-01-08 14:40:00+00:00,4.685,4.75,4.67,4.725,855914.0,1375.0,4.713275
RXRX,2026-01-08 14:45:00+00:00,4.725,4.765,4.72,4.75,291358.0,877.0,4.738612
RXRX,2026-01-08 14:50:00+00:00,4.745,4.75,4.7,4.7,269397.0,784.0,4.722529
RXRX,2026-01-08 14:55:00+00:00,4.6909,4.7199,4.68,4.695,310385.0,807.0,4.691394
RXRX,2026-01-08 15:00:00+00:00,4.69,4.69,4.65,4.68,408800.0,1241.0,4.666299
RXRX,2026-01-08 15:05:00+00:00,4.675,4.7,4.665,4.695,223804.0,802.0,4.682529
RXRX,2026-01-08 15:10:00+00:00,4.695,4.72,4.68,4.6945,195889.0,592.0,4.698526
RXRX,2026-01-08 15:15:00+00:00,4.69,4.74,4.69,4.73,401679.0,907.0,4.722941
RXRX,2026-01-08 15:20:00+00:00,4.73,4.775,4.7298,4.7607,370406.0,937.0,4.752933
RXRX,2026-01-08 15:25:00+00:00,4.7603,4.765,4.73,4.755,123072.0,509.0,4.754341
RXRX,2026-01-08 15:30:00+00:00,4.755,4.78,4.75,4.78,154192.0,446.0,4.76658
RXRX,2026-01-08 15:35:00+00:00,4.77,4.78,4.75,4.76,129628.0,491.0,4.767576
RXRX,2026-01-08 15:40:00+00:00,4.7603,4.78,4.75,4.76,134478.0,389.0,4.764118
RXRX,2026-01-08 15:45:00+00:00,4.75,4.77,4.72,4.73,459816.0,670.0,4.746532
RXRX,2026-01-08 15:50:00+00:00,4.725,4.73,4.7,4.7099,137682.0,521.0,4.711582
RXRX,2026-01-08 15:55:00+00:00,4.7007,4.74,4.7007,4.735,148197.0,453.0,4.722374
RXRX,2026-01-08 16:00:00+00:00,4.74,4.74,4.72,4.73,105246.0,375.0,4.731941
RXRX,2026-01-08 16:05:00+00:00,4.7246,4.73,4.71,4.72,97358.0,360.0,4.721474
RXRX,2026-01-08 16:10:00+00:00,4.72,4.735,4.72,4.72,64108.0,363.0,4.726237
RXRX,2026-01-08 16:15:00+00:00,4.725,4.73,4.7,4.7286,123479.0,416.0,4.716505
RXRX,2026-01-08 16:20:00+00:00,4.7286,4.74,4.72,4.72,68702.0,371.0,4.73106
RXRX,2026-01-08 16:25:00+00:00,4.7234,4.75,4.72,4.7401,97416.0,386.0,4.734125
RXRX,2026-01-08 16:30:00+00:00,4.7445,4.75,4.74,4.75,42202.0,238.0,4.745313
RXRX,2026-01-08 16:35:00+00:00,4.745,4.745,4.72,4.725,119734.0,536.0,4.729648
RXRX,2026-01-08 16:40:00+00:00,4.729,4.75,4.71,4.745,149692.0,473.0,4.730857
RXRX,2026-01-08 16:45:00+00:00,4.745,4.75,4.74,4.75,61337.0,291.0,4.744269
RXRX,2026-01-08 16:50:00+00:00,4.75,4.75,4.735,4.735,122459.0,378.0,4.74292
RXRX,2026-01-08 16:55:00+00:00,4.735,4.75,4.73,4.7468,105611.0,327.0,4.739757
RXRX,2026-01-08 17:00:00+00:00,4.75,4.76,4.7414,4.755,73812.0,326.0,4.75563
RXRX,2026-01-08 17:05:00+00:00,4.755,4.78,4.7401,4.7738,314992.0,482.0,4.759502
RXRX,2026-01-08 17:10:00+00:00,4.775,4.78,4.76,4.765,193792.0,453.0,4.77496
RXRX,2026-01-08 17:15:00+00:00,4.76,4.775,4.75,4.77,158743.0,400.0,4.761955
RXRX,2026-01-08 17:20:00+00:00,4.77,4.775,4.755,4.7698,100070.0,297.0,4.764278
RXRX,2026-01-08 17:25:00+00:00,4.7699,4.77,4.745,4.754,97483.0,282.0,4.753286
RXRX,2026-01-08 17:30:00+00:00,4.76,4.7613,4.75,4.755,40189.0,184.0,4.75498
RXRX,2026-01-08 17:35:00+00:00,4.76,4.76,4.74,4.745,56664.0,220.0,4.74671
RXRX,2026-01-08 17:40:00+00:00,4.745,4.7574,4.71,4.755,433796.0,867.0,4.72817
RXRX,2026-01-08 17:45:00+00:00,4.755,4.77,4.7539,4.765,64189.0,185.0,4.763067
RXRX,2026-01-08 17:50:00+00:00,4.76,4.77,4.76,4.765,62202.0,295.0,4.766147
RXRX,2026-01-08 17:55:00+00:00,4.76,4.77,4.75,4.766,111578.0,374.0,4.760128
RXRX,2026-01-08 18:00:00+00:00,4.77,4.77,4.75,4.7554,100300.0,238.0,4.758644
RXRX,2026-01-08 18:05:00+00:00,4.75,4.759,4.75,4.755,61639.0,189.0,4.755443
RXRX,2026-01-08 18:10:00+00:00,4.76,4.76,4.72,4.73,131815.0,395.0,4.739733
RXRX,2026-01-08 18:15:00+00:00,4.734,4.76,4.72,4.7538,286999.0,475.0,4.741732
RXRX,2026-01-08 18:20:00+00:00,4.755,4.77,4.74,4.755,84590.0,275.0,4.757724
RXRX,2026-01-08 18:25:00+00:00,4.755,4.755,4.74,4.745,27734.0,147.0,4.748125
RXRX,2026-01-08 18:30:00+00:00,4.745,4.75,4.72,4.7299,93081.0,369.0,4.735855
RXRX,2026-01-08 18:35:00+00:00,4.725,4.735,4.72,4.725,75975.0,223.0,4.72894
RXRX,2026-01-08 18:40:00+00:00,4.725,4.735,4.72,4.7299,114161.0,341.0,4.72851
RXRX,2026-01-08 18:45:00+00:00,4.73,4.76,4.73,4.7501,97900.0,251.0,4.743098
RXRX,2026-01-08 18:50:00+00:00,4.7579,4.76,4.74,4.745,63382.0,180.0,4.746884
RXRX,2026-01-08 18:55:00+00:00,4.7456,4.75,4.725,4.7368,104489.0,354.0,4.734939
RXRX,2026-01-08 19:00:00+00:00,4.735,4.77,4.735,4.7628,169446.0,322.0,4.74939
RXRX,2026-01-08 19:05:00+00:00,4.765,4.77,4.75,4.75,76786.0,195.0,4.758758
RXRX,2026-01-08 19:10:00+00:00,4.757,4.76,4.74,4.745,88441.0,253.0,4.745799
RXRX,2026-01-08 19:15:00+00:00,4.745,4.76,4.73,4.75,101121.0,317.0,4.745766
RXRX,2026-01-08 19:20:00+00:00,4.7501,4.77,4.75,4.755,105277.0,309.0,4.762454
RXRX,2026-01-08 19:25:00+00:00,4.755,4.76,4.745,4.755,56832.0,202.0,4.751986
RXRX,2026-01-08 19:30:00+00:00,4.755,4.77,4.74,4.745,143447.0,353.0,4.755747
RXRX,2026-01-08 19:35:00+00:00,4.74,4.741,4.7246,4.725,39865.0,193.0,4.732515
RXRX,2026-01-08 19:40:00+00:00,4.725,4.74,4.72,4.74,59409.0,239.0,4.731303
RXRX,2026-01-08 19:45:00+00:00,4.735,4.75,4.735,4.75,38509.0,151.0,4.746823
RXRX,2026-01-08 19:50:00+00:00,4.75,4.755,4.73,4.73,105023.0,330.0,4.746922
RXRX,2026-01-08 19:55:00+00:00,4.73,4.75,4.72,4.745,78568.0,261.0,4.732977
RXRX,2026-01-08 20:00:00+00:00,4.7454,4.7454,4.72,4.7295,51312.0,231.0,4.731072
RXRX,2026-01-08 20:05:00+00:00,4.7246,4.735,4.72,4.73,73971.0,301.0,4.728099
RXRX,2026-01-08 20:10:00+00:00,4.73,4.75,4.73,4.7403,114740.0,205.0,4.740199
RXRX,2026-01-08 20:15:00+00:00,4.74,4.75,4.73,4.735,82530.0,263.0,4.742289
RXRX,2026-01-08 20:20:00+00:00,4.735,4.74,4.73,4.7354,67639.0,178.0,4.735276
RXRX,2026-01-08 20:25:00+00:00,4.73,4.74,4.73,4.735,102341.0,358.0,4.731528
RXRX,2026-01-08 20:30:00+00:00,4.73,4.7356,4.72,4.725,110313.0,404.0,4.726679
RXRX,2026-01-08 20:35:00+00:00,4.72,4.74,4.72,4.73,155079.0,502.0,4.729375
RXRX,2026-01-08 20:40:00+00:00,4.735,4.77,4.735,4.76,533225.0,1109.0,4.75415
RXRX,2026-01-08 20:45:00+00:00,4.76,4.77,4.75,4.7554,178215.0,492.0,4.758421
RXRX,2026-01-08 20:50:00+00:00,4.75,4.76,4.71,4.715,452801.0,1123.0,4.728145
RXRX,2026-01-08 20:55:00+00:00,4.71,4.72,4.7,4.705,688675.0,1872.0,4.708259
RXRX,2026-01-08 21:00:00+00:00,4.7,4.72,4.7,4.71,1227915.0,74.0,4.700045
RXRX,2026-01-08 21:05:00+00:00,4.7198,4.7198,4.71,4.71,7102.0,35.0,4.710328
RXRX,2026-01-08 21:10:00+00:00,4.72,4.72,4.71,4.72,3976.0,19.0,4.713429
RXRX,2026-01-08 21:15:00+00:00,4.71,4.7199,4.71,4.7116,3847.0,24.0,4.713084
RXRX,2026-01-08 21:20:00+00:00,4.71,4.72,4.71,4.71,2960.0,15.0,4.710541
RXRX,2026-01-08 21:25:00+00:00,4.71,4.7198,4.71,4.7101,4778.0,15.0,4.710389
RXRX,2026-01-08 21:30:00+00:00,4.7198,4.72,4.71,4.72,653.0,13.0,4.715085
RXRX,2026-01-08 21:35:00+00:00,4.72,4.72,4.71,4.71,5168.0,36.0,4.718487
RXRX,2026-01-08 21:40:00+00:00,4.715,4.72,4.71,4.72,4839.0,31.0,4.718518
RXRX,2026-01-08 21:45:00+00:00,4.71,4.71,4.71,4.71,1552.0,10.0,4.71
RXRX,2026-01-08 21:50:00+00:00,4.71,4.7103,4.71,4.71,2748.0,13.0,4.710112
RXRX,2026-01-08 21:55:00+00:00,4.71,4.7102,4.71,4.71,2390.0,5.0,4.710126
RXRX,2026-01-08 22:00:00+00:00,4.71,4.72,4.71,4.72,5126.0,20.0,4.718243
RXRX,2026-01-08 22:05:00+00:00,4.72,4.72,4.71,4.71,3135.0,19.0,4.717334
RXRX,2026-01-08 22:10:00+00:00,4.72,4.72,4.71,4.7101,2758.0,17.0,4.711206
RXRX,2026-01-08 22:15:00+00:00,4.71,4.71,4.71,4.71,2898.0,9.0,4.71
RXRX,2026-01-08 22:25:00+00:00,4.72,4.72,4.71,4.72,12921.0,16.0,4.716648
RXRX,2026-01-08 22:30:00+00:00,4.715,4.715,4.71,4.71,645.0,3.0,4.711434
RXRX,2026-01-08 22:35:00+00:00,4.7198,4.7199,4.715,4.7199,2198.0,17.0,4.718619
RXRX,2026-01-08 22:40:00+00:00,4.72,4.72,4.72,4.72,100.0,1.0,4.72
RXRX,2026-01-08 22:45:00+00:00,4.72,4.72,4.715,4.715,2469.0,7.0,4.719583
RXRX,2026-01-08 22:50:00+00:00,4.715,4.715,4.71,4.715,3479.0,17.0,4.711928
RXRX,2026-01-08 22:55:00+00:00,4.7197,4.7197,4.715,4.715,5694.0,11.0,4.719308
RXRX,2026-01-08 23:00:00+00:00,4.715,4.72,4.715,4.72,1496.0,14.0,4.719017
RXRX,2026-01-08 23:05:00+00:00,4.71,4.71,4.71,4.71,154.0,3.0,4.71
RXRX,2026-01-08 23:10:00+00:00,4.72,4.72,4.71,4.7103,5733.0,10.0,4.71761
RXRX,2026-01-08 23:20:00+00:00,4.72,4.72,4.72,4.72,500.0,4.0,4.72
RXRX,2026-01-08 23:25:00+00:00,4.71,4.72,4.71,4.7101,10013.0,15.0,4.710298
RXRX,2026-01-08 23:30:00+00:00,4.71,4.71,4.71,4.71,3341.0,6.0,4.71
RXRX,2026-01-08 23:35:00+00:00,4.72,4.72,4.72,4.72,783.0,4.0,4.72
RXRX,2026-01-08 23:40:00+00:00,4.71,4.7198,4.71,4.71,6390.0,5.0,4.717759
RXRX,2026-01-08 23:45:00+00:00,4.7198,4.72,4.7198,4.72,1481.0,6.0,4.719959
RXRX,2026-01-08 23:50:00+00:00,4.71,4.7198,4.71,4.71,1053.0,10.0,4.711023
RXRX,2026-01-08 23:55:00+00:00,4.72,4.72,4.72,4.72,6865.0,4.0,4.72
RXRX,2026-01-09 00:00:00+00:00,4.7103,4.7103,4.7,4.71,8149.0,60.0,4.709434
RXRX,2026-01-09 00:05:00+00:00,4.71,4.71,4.7001,4.7099,2249.0,13.0,4.706855
RXRX,2026-01-09 00:10:00+00:00,4.705,4.71,4.7,4.71,2802.0,11.0,4.705361
RXRX,2026-01-09 00:20:00+00:00,4.71,4.71,4.7003,4.71,1720.0,5.0,4.709265
RXRX,2026-01-09 00:25:00+00:00,4.7,4.7001,4.7,4.7,4486.0,6.0,4.700015
RXRX,2026-01-09 00:30:00+00:00,4.71,4.71,4.7002,4.7002,3268.0,7.0,4.708711
RXRX,2026-01-09 00:35:00+00:00,4.7,4.7099,4.7,4.7099,2249.0,5.0,4.700446
RXRX,2026-01-09 00:40:00+00:00,4.7,4.705,4.7,4.7001,7124.0,17.0,4.700154
RXRX,2026-01-09 00:45:00+00:00,4.7,4.7,4.7,4.7,1182.0,14.0,4.7
RXRX,2026-01-09 00:50:00+00:00,4.7084,4.7098,4.7002,4.7002,5200.0,3.0,4.708269
RXRX,2026-01-09 00:55:00+00:00,4.7,4.7099,4.7,4.7,3334.0,23.0,4.703208
RXRX,2026-01-09 09:00:00+00:00,4.75,4.76,4.745,4.76,4615.0,43.0,4.750665
RXRX,2026-01-09 09:05:00+00:00,4.75,4.75,4.75,4.75,183.0,4.0,4.75
RXRX,2026-01-09 09:10:00+00:00,4.76,4.76,4.76,4.76,736.0,7.0,4.76
RXRX,2026-01-09 09:15:00+00:00,4.76,4.76,4.75,4.75,1261.0,24.0,4.755721
RXRX,2026-01-09 09:20:00+00:00,4.76,4.77,4.76,4.77,628.0,7.0,4.762
RXRX,2026-01-09 09:25:00+00:00,4.76,4.76,4.76,4.76,825.0,11.0,4.76
RXRX,2026-01-09 09:30:00+00:00,4.76,4.76,4.76,4.76,2240.0,46.0,4.76
RXRX,2026-01-09 09:35:00+00:00,4.77,4.77,4.77,4.77,100.0,1.0,4.77
RXRX,2026-01-09 09:40:00+00:00,4.76,4.78,4.76,4.78,2800.0,30.0,4.775698
RXRX,2026-01-09 09:45:00+00:00,4.77,4.77,4.77,4.77,2187.0,19.0,4.77
RXRX,2026-01-09 09:50:00+00:00,4.77,4.77,4.77,4.77,1860.0,5.0,4.77
RXRX,2026-01-09 09:55:00+00:00,4.76,4.76,4.76,4.76,2993.0,53.0,4.76
RXRX,2026-01-09 10:00:00+00:00,4.755,4.76,4.755,4.76,695.0,6.0,4.75856
RXRX,2026-01-09 10:05:00+00:00,4.76,4.76,4.76,4.76,915.0,19.0,4.76
RXRX,2026-01-09 10:15:00+00:00,4.76,4.77,4.76,4.77,607.0,10.0,4.762299
RXRX,2026-01-09 10:20:00+00:00,4.76,4.77,4.76,4.77,231.0,4.0,4.765
RXRX,2026-01-09 10:25:00+00:00,4.76,4.76,4.75,4.75,10164.0,70.0,4.754034
RXRX,2026-01-09 10:30:00+00:00,4.75,4.76,4.75,4.76,829.0,14.0,4.7575
RXRX,2026-01-09 10:35:00+00:00,4.76,4.76,4.75,4.75,1433.0,8.0,4.75243
RXRX,2026-01-09 10:40:00+00:00,4.75,4.75,4.75,4.75,9343.0,28.0,4.75
RXRX,2026-01-09 10:45:00+00:00,4.74,4.74,4.74,4.74,1303.0,40.0,4.74
RXRX,2026-01-09 10:50:00+00:00,4.74,4.74,4.74,4.74,713.0,9.0,4.74
RXRX,2026-01-09 10:55:00+00:00,4.74,4.75,4.74,4.74,1080.0,18.0,4.743153
RXRX,2026-01-09 11:00:00+00:00,4.74,4.74,4.73,4.73,1510.0,13.0,4.736976
RXRX,2026-01-09 11:05:00+00:00,4.73,4.73,4.72,4.73,857.0,32.0,4.727817
RXRX,2026-01-09 11:10:00+00:00,4.73,4.74,4.73,4.74,4663.0,48.0,4.73453
RXRX,2026-01-09 11:15:00+00:00,4.74,4.74,4.73,4.74,3681.0,44.0,4.737935
RXRX,2026-01-09 11:20:00+00:00,4.74,4.75,4.74,4.745,1737.0,13.0,4.744261
RXRX,2026-01-09 11:25:00+00:00,4.74,4.74,4.73,4.73,4959.0,72.0,4.732136
RXRX,2026-01-09 11:30:00+00:00,4.73,4.74,4.73,4.74,1103.0,13.0,4.732633
RXRX,2026-01-09 11:35:00+00:00,4.73,4.73,4.73,4.73,194.0,3.0,4.73
RXRX,2026-01-09 11:40:00+00:00,4.73,4.73,4.73,4.73,1079.0,63.0,4.73
RXRX,2026-01-09 11:45:00+00:00,4.73,4.73,4.73,4.73,6676.0,74.0,4.73
RXRX,2026-01-09 11:50:00+00:00,4.74,4.74,4.73,4.73,1745.0,28.0,4.73288
RXRX,2026-01-09 11:55:00+00:00,4.74,4.74,4.73,4.74,3105.0,35.0,4.739607
RXRX,2026-01-09 12:00:00+00:00,4.73,4.74,4.72,4.74,8482.0,100.0,4.729435
RXRX,2026-01-09 12:05:00+00:00,4.74,4.74,4.74,4.74,9234.0,13.0,4.74
RXRX,2026-01-09 12:10:00+00:00,4.74,4.74,4.74,4.74,1848.0,33.0,4.74
RXRX,2026-01-09 12:15:00+00:00,4.75,4.75,4.73,4.73,4808.0,118.0,4.737946
RXRX,2026-01-09 12:20:00+00:00,4.74,4.75,4.73,4.75,5608.0,47.0,4.740026
RXRX,2026-01-09 12:25:00+00:00,4.75,4.75,4.74,4.75,1067.0,11.0,4.746686
RXRX,2026-01-09 12:30:00+00:00,4.74,4.74,4.73,4.74,5187.0,67.0,4.733498
RXRX,2026-01-09 12:35:00+00:00,4.75,4.76,4.741,4.741,1117.0,18.0,4.749112
RXRX,2026-01-09 12:40:00+00:00,4.74,4.75,4.74,4.75,1470.0,21.0,4.749149
RXRX,2026-01-09 12:50:00+00:00,4.74,4.75,4.74,4.75,2595.0,36.0,4.742734
RXRX,2026-01-09 12:55:00+00:00,4.75,4.75,4.75,4.75,1318.0,12.0,4.75
RXRX,2026-01-09 13:00:00+00:00,4.72,4.8,4.72,4.76,185999.0,1013.0,4.753586
RXRX,2026-01-09 13:05:00+00:00,4.76,4.76,4.75,4.7501,7204.0,62.0,4.758504
RXRX,2026-01-09 13:10:00+00:00,4.76,4.76,4.75,4.7594,4382.0,30.0,4.756067
RXRX,2026-01-09 13:15:00+00:00,4.7594,4.76,4.75,4.7596,9867.0,38.0,4.750792
RXRX,2026-01-09 13:20:00+00:00,4.75,4.7599,4.75,4.75,3916.0,22.0,4.751391
RXRX,2026-01-09 13:25:00+00:00,4.75,4.76,4.75,4.7501,9192.0,26.0,4.75486
RXRX,2026-01-09 13:30:00+00:00,4.76,4.78,4.75,4.75,25068.0,108.0,4.767642
RXRX,2026-01-09 13:35:00+00:00,4.7603,4.78,4.7603,4.78,6289.0,69.0,4.771435
RXRX,2026-01-09 13:40:00+00:00,4.7798,4.7798,4.7699,4.7699,10165.0,87.0,4.771363
RXRX,2026-01-09 13:45:00+00:00,4.77,4.77,4.76,4.76,22776.0,33.0,4.76335
RXRX,2026-01-09 13:50:00+00:00,4.76,4.77,4.76,4.76,15391.0,94.0,4.763315
RXRX,2026-01-09 13:55:00+00:00,4.7588,4.7598,4.75,4.7598,63547.0,133.0,4.750283
RXRX,2026-01-09 14:00:00+00:00,4.75,4.77,4.75,4.7503,28123.0,59.0,4.759124
RXRX,2026-01-09 14:05:00+00:00,4.76,4.78,4.76,4.76,22724.0,135.0,4.768277
RXRX,2026-01-09 14:10:00+00:00,4.76,4.77,4.75,4.77,14714.0,100.0,4.758653
RXRX,2026-01-09 14:15:00+00:00,4.7696,4.77,4.75,4.75,21638.0,127.0,4.763872
RXRX,2026-01-09 14:20:00+00:00,4.76,4.76,4.75,4.76,5178.0,54.0,4.75779
RXRX,2026-01-09 14:25:00+00:00,4.77,4.78,4.75,4.77,68380.0,211.0,4.765342
RXRX,2026-01-09 14:30:00+00:00,4.78,4.815,4.73,4.7419,848839.0,2021.0,4.777144
RXRX,2026-01-09 14:35:00+00:00,4.745,4.78,4.71,4.745,233147.0,1227.0,4.743971
RXRX,2026-01-09 14:40:00+00:00,4.74,4.7755,4.73,4.7301,195626.0,658.0,4.750764
RXRX,2026-01-09 14:45:00+00:00,4.735,4.761,4.71,4.725,315587.0,872.0,4.732773
RXRX,2026-01-09 14:50:00+00:00,4.73,4.73,4.7,4.708,330252.0,763.0,4.712591
RXRX,2026-01-09 14:55:00+00:00,4.701,4.72,4.7,4.71,213670.0,523.0,4.71252
RXRX,2026-01-09 15:00:00+00:00,4.715,4.7192,4.66,4.665,472189.0,1336.0,4.685131
RXRX,2026-01-09 15:05:00+00:00,4.665,4.67,4.62,4.635,699854.0,1442.0,4.65082
RXRX,2026-01-09 15:10:00+00:00,4.6314,4.67,4.63,4.67,556258.0,803.0,4.654805
RXRX,2026-01-09 15:15:00+00:00,4.6693,4.6773,4.65,4.6674,316246.0,574.0,4.662625
RXRX,2026-01-09 15:20:00+00:00,4.66,4.69,4.66,4.68,160551.0,360.0,4.677459
RXRX,2026-01-09 15:25:00+00:00,4.68,4.73,4.68,4.73,291549.0,610.0,4.70095
RXRX,2026-01-09 15:30:00+00:00,4.725,4.75,4.7,4.735,338216.0,733.0,4.727931
RXRX,2026-01-09 15:35:00+00:00,4.735,4.749,4.7,4.705,449364.0,814.0,4.727057
RXRX,2026-01-09 15:40:00+00:00,4.7,4.7086,4.67,4.67,249105.0,649.0,4.689934
RXRX,2026-01-09 15:45:00+00:00,4.675,4.69,4.67,4.6707,162586.0,530.0,4.67996
RXRX,2026-01-09 15:50:00+00:00,4.675,4.69,4.65,4.6501,192507.0,650.0,4.670118
RXRX,2026-01-09 15:55:00+00:00,4.655,4.6799,4.65,4.675,118680.0,451.0,4.666218
RXRX,2026-01-09 16:00:00+00:00,4.675,4.68,4.66,4.675,181531.0,474.0,4.670603
RXRX,2026-01-09 16:05:00+00:00,4.68,4.69,4.67,4.68,95301.0,320.0,4.680766
RXRX,2026-01-09 16:10:00+00:00,4.68,4.705,4.68,4.7,133980.0,428.0,4.693912
RXRX,2026-01-09 16:15:00+00:00,4.705,4.71,4.7,4.7,78817.0,303.0,4.702133
RXRX,2026-01-09 16:20:00+00:00,4.7,4.72,4.69,4.715,192054.0,589.0,4.704651
RXRX,2026-01-09 16:25:00+00:00,4.715,4.72,4.7,4.72,147568.0,529.0,4.714138
RXRX,2026-01-09 16:30:00+00:00,4.7176,4.73,4.71,4.715,226704.0,499.0,4.720133
RXRX,2026-01-09 16:35:00+00:00,4.715,4.74,4.7,4.715,283934.0,474.0,4.722861
RXRX,2026-01-09 16:40:00+00:00,4.715,4.73,4.71,4.7201,99220.0,296.0,4.720066
RXRX,2026-01-09 16:45:00+00:00,4.72,4.73,4.72,4.72,51373.0,202.0,4.724378
RXRX,2026-01-09 16:50:00+00:00,4.725,4.74,4.72,4.74,236269.0,480.0,4.728173
RXRX,2026-01-09 16:55:00+00:00,4.735,4.76,4.73,4.755,194802.0,481.0,4.74361
RXRX,2026-01-09 17:00:00+00:00,4.76,4.76,4.73,4.74,252358.0,562.0,4.744322
RXRX,2026-01-09 17:05:00+00:00,4.75,4.75,4.72,4.725,75319.0,284.0,4.733137
RXRX,2026-01-09 17:10:00+00:00,4.725,4.73,4.7,4.7099,119466.0,329.0,4.713729
RXRX,2026-01-09 17:15:00+00:00,4.7,4.71,4.6901,4.6901,99602.0,272.0,4.699171
RXRX,2026-01-09 17:20:00+00:00,4.695,4.7251,4.69,4.725,123828.0,355.0,4.709306
RXRX,2026-01-09 17:25:00+00:00,4.725,4.725,4.7,4.7016,101195.0,215.0,4.71294
RXRX,2026-01-09 17:30:00+00:00,4.71,4.72,4.7,4.705,198286.0,319.0,4.709767
RXRX,2026-01-09 17:35:00+00:00,4.705,4.71,4.6948,4.695,54978.0,249.0,4.701763
RXRX,2026-01-09 17:40:00+00:00,4.695,4.705,4.69,4.7,97311.0,341.0,4.697859
RXRX,2026-01-09 17:45:00+00:00,4.705,4.71,4.695,4.705,199031.0,263.0,4.701037
RXRX,2026-01-09 17:50:00+00:00,4.7,4.7195,4.7,4.7,98364.0,306.0,4.708033
RXRX,2026-01-09 17:55:00+00:00,4.7,4.705,4.69,4.69,45644.0,229.0,4.696341
RXRX,2026-01-09 18:00:00+00:00,4.6944,4.7,4.67,4.69,334062.0,698.0,4.684313
RXRX,2026-01-09 18:05:00+00:00,4.69,4.7,4.68,4.68,41103.0,232.0,4.688513
RXRX,2026-01-09 18:10:00+00:00,4.685,4.7,4.68,4.69,86638.0,335.0,4.694032
RXRX,2026-01-09 18:15:00+00:00,4.695,4.695,4.67,4.68,85240.0,329.0,4.681516
RXRX,2026-01-09 18:20:00+00:00,4.685,4.6954,4.68,4.695,43999.0,274.0,4.688404
RXRX,2026-01-09 18:25:00+00:00,4.6907,4.695,4.67,4.685,108607.0,394.0,4.683235
RXRX,2026-01-09 18:30:00+00:00,4.69,4.7,4.68,4.695,48533.0,276.0,4.691933
RXRX,2026-01-09 18:35:00+00:00,4.695,4.71,4.695,4.705,67258.0,264.0,4.701745
RXRX,2026-01-09 18:40:00+00:00,4.7,4.71,4.69,4.708,94785.0,392.0,4.699978
RXRX,2026-01-09 18:45:00+00:00,4.705,4.72,4.7001,4.715,61758.0,318.0,4.714237
RXRX,2026-01-09 18:50:00+00:00,4.72,4.72,4.71,4.715,62137.0,190.0,4.714184
RXRX,2026-01-09 18:55:00+00:00,4.715,4.715,4.69,4.695,56117.0,315.0,4.703386
RXRX,2026-01-09 19:00:00+00:00,4.695,4.695,4.68,4.685,122818.0,418.0,4.687108
RXRX,2026-01-09 19:05:00+00:00,4.685,4.7,4.68,4.69,67064.0,260.0,4.692786
RXRX,2026-01-09 19:10:00+00:00,4.69,4.69,4.67,4.6785,85542.0,378.0,4.6807
RXRX,2026-01-09 19:15:00+00:00,4.675,4.68,4.67,4.67,45719.0,190.0,4.675525
RXRX,2026-01-09 19:20:00+00:00,4.6701,4.68,4.67,4.6799,53719.0,264.0,4.672812
RXRX,2026-01-09 19:25:00+00:00,4.67,4.6751,4.66,4.665,127396.0,379.0,4.667208
RXRX,2026-01-09 19:30:00+00:00,4.67,4.67,4.65,4.655,103565.0,509.0,4.655571
RXRX,2026-01-09 19:35:00+00:00,4.65,4.66,4.64,4.645,112190.0,457.0,4.652118
RXRX,2026-01-09 19:40:00+00:00,4.645,4.66,4.64,4.65,114551.0,374.0,4.649158
RXRX,2026-01-09 19:45:00+00:00,4.655,4.66,4.65,4.66,55374.0,254.0,4.654361
RXRX,2026-01-09 19:50:00+00:00,4.655,4.67,4.65,4.6515,78443.0,317.0,4.657761
RXRX,2026-01-09 19:55:00+00:00,4.65,4.65,4.64,4.645,76824.0,440.0,4.645798
RXRX,2026-01-09 20:00:00+00:00,4.64,4.655,4.64,4.6537,82739.0,317.0,4.647712
RXRX,2026-01-09 20:05:00+00:00,4.655,4.66,4.64,4.6455,87695.0,270.0,4.650222
RXRX,2026-01-09 20:10:00+00:00,4.6452,4.65,4.64,4.645,53378.0,248.0,4.645539
RXRX,2026-01-09 20:15:00+00:00,4.645,4.65,4.64,4.6401,88669.0,252.0,4.645422
RXRX,2026-01-09 20:20:00+00:00,4.645,4.66,4.64,4.645,111389.0,425.0,4.64768
RXRX,2026-01-09 20:25:00+00:00,4.645,4.65,4.64,4.64,37907.0,263.0,4.645076
RXRX,2026-01-09 20:30:00+00:00,4.64,4.64,4.63,4.6398,160484.0,570.0,4.637412
RXRX,2026-01-09 20:35:00+00:00,4.64,4.64,4.63,4.635,79262.0,293.0,4.635647
RXRX,2026-01-09 20:40:00+00:00,4.635,4.64,4.63,4.64,70404.0,364.0,4.63459
RXRX,2026-01-09 20:45:00+00:00,4.63,4.64,4.63,4.63,123985.0,536.0,4.635292
RXRX,2026-01-09 20:50:00+00:00,4.635,4.6376,4.62,4.62,227026.0,959.0,4.625172
RXRX,2026-01-09 20:55:00+00:00,4.62,4.68,4.62,4.66,1019475.0,2397.0,4.652811
RXRX,2026-01-09 21:00:00+00:00,4.66,4.67,4.66,4.66,647657.0,56.0,4.660011
RXRX,2026-01-09 21:05:00+00:00,4.66,4.66,4.6597,4.6597,499.0,13.0,4.6599
RXRX,2026-01-09 21:10:00+00:00,4.66,4.66,4.65,4.65,1930.0,21.0,4.655941
RXRX,2026-01-09 21:15:00+00:00,4.6501,4.66,4.6501,4.66,1400.0,6.0,4.652778
RXRX,2026-01-09 21:20:00+00:00,4.65,4.66,4.65,4.65,47665.0,66.0,4.655308
RXRX,2026-01-09 21:25:00+00:00,4.655,4.67,4.65,4.67,15895.0,7.0,4.6502
RXRX,2026-01-09 21:30:00+00:00,4.65,4.66,4.65,4.66,2167.0,17.0,4.656023
RXRX,2026-01-09 21:35:00+00:00,4.65,4.66,4.65,4.66,5996.0,16.0,4.657986
RXRX,2026-01-09 21:40:00+00:00,4.67,4.67,4.67,4.67,620.0,4.0,4.67
RXRX,2026-01-09 21:45:00+00:00,4.66,4.67,4.65,4.65,9012.0,34.0,4.653179
RXRX,2026-01-09 21:50:00+00:00,4.67,4.67,4.6532,4.6532,3250.0,3.0,4.654487
RXRX,2026-01-09 21:55:00+00:00,4.65,4.66,4.65,4.66,518.0,7.0,4.655
RXRX,2026-01-09 22:00:00+00:00,4.66,4.66,4.65,4.66,6707.0,18.0,4.658469
RXRX,2026-01-09 22:05:00+00:00,4.66,4.66,4.65,4.66,7112.0,22.0,4.652118
RXRX,2026-01-09 22:10:00+00:00,4.65,4.66,4.65,4.66,21625.0,20.0,4.650205
RXRX,2026-01-09 22:15:00+00:00,4.66,4.66,4.6503,4.6503,405.0,4.0,4.653742
RXRX,2026-01-09 22:20:00+00:00,4.65,4.66,4.65,4.65,6864.0,65.0,4.650381
RXRX,2026-01-09 22:25:00+00:00,4.66,4.66,4.65,4.655,1316.0,9.0,4.658606
RXRX,2026-01-09 22:30:00+00:00,4.65,4.65,4.65,4.65,115.0,6.0,4.65
RXRX,2026-01-09 22:40:00+00:00,4.65,4.66,4.65,4.66,4123.0,16.0,4.656844
RXRX,2026-01-09 22:45:00+00:00,4.65,4.65,4.65,4.65,3974.0,16.0,4.65
RXRX,2026-01-09 22:50:00+00:00,4.65,4.66,4.65,4.65,703.0,8.0,4.655814
RXRX,2026-01-09 22:55:00+00:00,4.6503,4.66,4.65,4.65,7012.0,15.0,4.650591
RXRX,2026-01-09 23:05:00+00:00,4.655,4.655,4.655,4.655,120.0,2.0,4.655
RXRX,2026-01-09 23:10:00+00:00,4.65,4.66,4.65,4.66,1475.0,16.0,4.658519
RXRX,2026-01-09 23:15:00+00:00,4.66,4.66,4.66,4.66,203.0,2.0,4.66
RXRX,2026-01-09 23:20:00+00:00,4.66,4.66,4.655,4.66,4734.0,12.0,4.658839
RXRX,2026-01-09 23:25:00+00:00,4.65,4.66,4.65,4.65,2442.0,24.0,4.654075
RXRX,2026-01-09 23:30:00+00:00,4.66,4.67,4.655,4.66,9504.0,30.0,4.66135
RXRX,2026-01-09 23:35:00+00:00,4.66,4.66,4.66,4.66,16473.0,21.0,4.66
RXRX,2026-01-09 23:40:00+00:00,4.6616,4.67,4.66,4.6603,2669.0,10.0,4.662056
RXRX,2026-01-09 23:45:00+00:00,4.67,4.67,4.6698,4.67,1237.0,7.0,4.669833
RXRX,2026-01-09 23:50:00+00:00,4.6603,4.6603,4.6603,4.6603,542.0,4.0,4.6603
RXRX,2026-01-09 23:55:00+00:00,4.67,4.67,4.66,4.66,237.0,4.0,4.665
RXRX,2026-01-10 00:05:00+00:00,4.6601,4.6601,4.6601,4.6601,111.0,2.0,4.6601
RXRX,2026-01-10 00:10:00+00:00,4.66,4.6697,4.66,4.66,798.0,19.0,4.661717
RXRX,2026-01-10 00:15:00+00:00,4.67,4.67,4.66,4.66,345.0,5.0,4.6659
RXRX,2026-01-10 00:20:00+00:00,4.66,4.66,4.66,4.66,1023.0,3.0,4.66
RXRX,2026-01-10 00:25:00+00:00,4.6603,4.68,4.6603,4.68,6179.0,25.0,4.673825
RXRX,2026-01-10 00:30:00+00:00,4.68,4.68,4.67,4.6703,3830.0,4.0,4.670542
RXRX,2026-01-10 00:35:00+00:00,4.68,4.68,4.68,4.68,601.0,3.0,4.68
RXRX,2026-01-10 00:40:00+00:00,4.6716,4.68,4.67,4.6782,2116.0,9.0,4.677594
RXRX,2026-01-10 00:45:00+00:00,4.68,4.68,4.67,4.68,3490.0,8.0,4.679324
RXRX,2026-01-10 00:50:00+00:00,4.68,4.68,4.68,4.68,2163.0,6.0,4.68
RXRX,2026-01-10 00:55:00+00:00,4.68,4.68,4.67,4.68,6402.0,25.0,4.679157
