symbol,timestamp,open,high,low,close,volume,trade_count,vwap
BBAI,2026-01-01 00:00:00+00:00,5.43,5.43,5.4298,5.4298,990.0,14.0,5.429922
BBAI,2026-01-01 00:05:00+00:00,5.4299,5.43,5.4299,5.43,4655.0,13.0,5.429911
BBAI,2026-01-01 00:10:00+00:00,5.43,5.43,5.42,5.43,6979.0,17.0,5.42897
BBAI,2026-01-01 00:15:00+00:00,5.42,5.4284,5.42,5.42,2313.0,12.0,5.421145
BBAI,2026-01-01 00:20:00+00:00,5.4298,5.43,5.4203,5.4203,1910.0,12.0,5.428081
BBAI,2026-01-01 00:25:00+00:00,5.43,5.43,5.42,5.43,1873.0,11.0,5.427831
BBAI,2026-01-01 00:30:00+00:00,5.4216,5.43,5.4216,5.43,1075.0,11.0,5.429006
BBAI,2026-01-01 00:35:00+00:00,5.42,5.44,5.42,5.43,8571.0,34.0,5.432265
BBAI,2026-01-01 00:40:00+00:00,5.44,5.4431,5.43,5.43,17295.0,18.0,5.435332
BBAI,2026-01-01 00:45:00+00:00,5.4394,5.4399,5.43,5.4398,9510.0,25.0,5.430862
BBAI,2026-01-01 00:50:00+00:00,5.44,5.45,5.4301,5.4301,6079.0,50.0,5.439551
BBAI,2026-01-01 00:55:00+00:00,5.45,5.45,5.43,5.45,5899.0,24.0,5.439224
BBAI,2026-01-02 09:00:00+00:00,5.585,5.62,5.57,5.59,25684.0,131.0,5.595033
BBAI,2026-01-02 09:05:00+00:00,5.59,5.6,5.58,5.58,7272.0,78.0,5.58775
BBAI,2026-01-02 09:10:00+00:00,5.58,5.625,5.58,5.61,34856.0,143.0,5.604793
BBAI,2026-01-02 09:15:00+00:00,5.61,5.62,5.6,5.61,15127.0,81.0,5.608989
BBAI,2026-01-02 09:20:00+00:00,5.61,5.61,5.61,5.61,1481.0,31.0,5.61
BBAI,2026-01-02 09:25:00+00:00,5.62,5.63,5.62,5.63,1200.0,6.0,5.626945
BBAI,2026-01-02 09:30:00+00:00,5.63,5.63,5.63,5.63,324.0,8.0,5.63
BBAI,2026-01-02 09:35:00+00:00,5.64,5.66,5.64,5.66,2824.0,32.0,5.65
BBAI,2026-01-02 09:40:00+00:00,5.66,5.67,5.66,5.66,6835.0,58.0,5.661815
BBAI,2026-01-02 09:45:00+00:00,5.655,5.66,5.65,5.65,4642.0,38.0,5.654117
BBAI,2026-01-02 09:50:00+00:00,5.67,5.67,5.66,5.66,642.0,23.0,5.662746
BBAI,2026-01-02 09:55:00+00:00,5.66,5.66,5.66,5.66,340.0,7.0,5.66
BBAI,2026-01-02 10:00:00+00:00,5.66,5.66,5.65,5.65,4567.0,62.0,5.655311
BBAI,2026-01-02 10:05:00+00:00,5.66,5.66,5.66,5.66,1063.0,12.0,5.66
BBAI,2026-01-02 10:10:00+00:00,5.66,5.66,5.65,5.66,5265.0,16.0,5.655276
BBAI,2026-01-02 10:15:00+00:00,5.66,5.66,5.66,5.66,1265.0,16.0,5.66
BBAI,2026-01-02 10:20:00+00:00,5.66,5.66,5.66,5.66,3514.0,8.0,5.66
BBAI,2026-01-02 10:25:00+00:00,5.66,5.67,5.66,5.67,7886.0,34.0,5.661281
BBAI,2026-01-02 10:30:00+00:00,5.67,5.67,5.67,5.67,8128.0,23.0,5.67
BBAI,2026-01-02 10:45:00+00:00,5.67,5.7,5.67,5.7,21890.0,90.0,5.6926
BBAI,2026-01-02 10:50:00+00:00,5.7,5.7,5.69,5.7,6897.0,63.0,5.696891
BBAI,2026-01-02 10:55:00+00:00,5.7,5.74,5.7,5.71,16407.0,95.0,5.712033
BBAI,2026-01-02 11:00:00+00:00,5.7,5.74,5.7,5.73,4779.0,59.0,5.719523
BBAI,2026-01-02 11:05:00+00:00,5.73,5.73,5.71,5.73,4150.0,39.0,5.719906
BBAI,2026-01-02 11:10:00+00:00,5.72,5.73,5.72,5.73,6051.0,37.0,5.728503
BBAI,2026-01-02 11:15:00+00:00,5.73,5.73,5.72,5.72,2178.0,30.0,5.72557
BBAI,2026-01-02 11:20:00+00:00,5.73,5.75,5.73,5.74,8484.0,71.0,5.739234
BBAI,2026-01-02 11:25:00+00:00,5.75,5.75,5.75,5.75,2246.0,24.0,5.75
BBAI,2026-01-02 11:30:00+00:00,5.74,5.74,5.72,5.74,2930.0,66.0,5.73448
BBAI,2026-01-02 11:35:00+00:00,5.74,5.75,5.73,5.73,3164.0,29.0,5.735957
BBAI,2026-01-02 11:40:00+00:00,5.74,5.74,5.74,5.74,814.0,20.0,5.74
BBAI,2026-01-02 11:50:00+00:00,5.73,5.73,5.72,5.73,7040.0,84.0,5.72241
BBAI,2026-01-02 11:55:00+00:00,5.71,5.71,5.705,5.705,7275.0,26.0,5.709632
BBAI,2026-01-02 12:00:00+00:00,5.71,5.71,5.63,5.63,73696.0,363.0,5.661065
BBAI,2026-01-02 12:05:00+00:00,5.63,5.64,5.62,5.64,17444.0,65.0,5.625386
BBAI,2026-01-02 12:10:00+00:00,5.635,5.635,5.62,5.62,19265.0,97.0,5.622872
BBAI,2026-01-02 12:15:00+00:00,5.615,5.63,5.61,5.61,9275.0,58.0,5.621434
BBAI,2026-01-02 12:20:00+00:00,5.62,5.62,5.61,5.62,5860.0,49.0,5.613934
BBAI,2026-01-02 12:25:00+00:00,5.62,5.62,5.6,5.6,8649.0,60.0,5.603126
BBAI,2026-01-02 12:30:00+00:00,5.61,5.62,5.61,5.61,11677.0,59.0,5.614929
BBAI,2026-01-02 12:35:00+00:00,5.62,5.62,5.61,5.61,14167.0,33.0,5.612859
BBAI,2026-01-02 12:40:00+00:00,5.62,5.64,5.62,5.64,6992.0,21.0,5.625763
BBAI,2026-01-02 12:45:00+00:00,5.63,5.63,5.63,5.63,1994.0,22.0,5.63
BBAI,2026-01-02 12:50:00+00:00,5.621,5.621,5.61,5.615,4753.0,58.0,5.617588
BBAI,2026-01-02 12:55:00+00:00,5.61,5.62,5.61,5.61,1109.0,13.0,5.613406
BBAI,2026-01-02 13:00:00+00:00,5.65,5.75,5.53,5.61,461115.0,1551.0,5.628715
BBAI,2026-01-02 13:05:00+00:00,5.6199,5.62,5.61,5.62,10256.0,79.0,5.616372
BBAI,2026-01-02 13:10:00+00:00,5.62,5.62,5.61,5.6199,17600.0,58.0,5.618057
BBAI,2026-01-02 13:15:00+00:00,5.61,5.63,5.61,5.62,10585.0,54.0,5.620213
BBAI,2026-01-02 13:20:00+00:00,5.63,5.63,5.62,5.63,5504.0,43.0,5.627435
BBAI,2026-01-02 13:25:00+00:00,5.6296,5.65,5.62,5.63,17012.0,85.0,5.633271
BBAI,2026-01-02 13:30:00+00:00,5.64,5.65,5.62,5.6299,28286.0,117.0,5.633693
BBAI,2026-01-02 13:35:00+00:00,5.6202,5.64,5.62,5.64,33051.0,104.0,5.634584
BBAI,2026-01-02 13:40:00+00:00,5.65,5.65,5.63,5.64,22097.0,65.0,5.635189
BBAI,2026-01-02 13:45:00+00:00,5.64,5.64,5.63,5.6399,36036.0,98.0,5.638687
BBAI,2026-01-02 13:50:00+00:00,5.63,5.63,5.6,5.6099,90706.0,150.0,5.608413
BBAI,2026-01-02 13:55:00+00:00,5.61,5.62,5.6,5.6101,13208.0,57.0,5.609881
BBAI,2026-01-02 14:00:00+00:00,5.61,5.62,5.61,5.6184,15696.0,52.0,5.619247
BBAI,2026-01-02 14:05:00+00:00,5.6199,5.62,5.6,5.61,27250.0,76.0,5.612578
BBAI,2026-01-02 14:10:00+00:00,5.605,5.6199,5.6,5.6,37752.0,91.0,5.609177
BBAI,2026-01-02 14:15:00+00:00,5.61,5.61,5.59,5.5901,71020.0,202.0,5.599985
BBAI,2026-01-02 14:20:00+00:00,5.5999,5.6,5.58,5.58,15478.0,132.0,5.595453
BBAI,2026-01-02 14:25:00+00:00,5.59,5.6,5.56,5.6,95412.0,353.0,5.578596
BBAI,2026-01-02 14:30:00+00:00,5.6,5.625,5.46,5.485,2087907.0,4441.0,5.554946
BBAI,2026-01-02 14:35:00+00:00,5.485,5.505,5.42,5.455,1225655.0,2804.0,5.452298
BBAI,2026-01-02 14:40:00+00:00,5.4542,5.5199,5.44,5.4986,815996.0,1967.0,5.482373
BBAI,2026-01-02 14:45:00+00:00,5.4956,5.54,5.485,5.515,916363.0,2164.0,5.512805
BBAI,2026-01-02 14:50:00+00:00,5.52,5.57,5.5,5.565,857998.0,1776.0,5.533196
BBAI,2026-01-02 14:55:00+00:00,5.565,5.59,5.555,5.555,811956.0,1843.0,5.573071
BBAI,2026-01-02 15:00:00+00:00,5.555,5.565,5.48,5.5099,926889.0,2064.0,5.522141
BBAI,2026-01-02 15:05:00+00:00,5.505,5.51,5.4742,5.5,614977.0,1326.0,5.495094
BBAI,2026-01-02 15:10:00+00:00,5.505,5.55,5.5,5.5452,908009.0,1605.0,5.521898
BBAI,2026-01-02 15:15:00+00:00,5.54,5.55,5.48,5.505,660385.0,1731.0,5.513362
BBAI,2026-01-02 15:20:00+00:00,5.51,5.5199,5.49,5.5082,537805.0,1226.0,5.501809
BBAI,2026-01-02 15:25:00+00:00,5.505,5.54,5.4932,5.535,789429.0,1194.0,5.51978
BBAI,2026-01-02 15:30:00+00:00,5.53,5.61,5.525,5.595,1045335.0,1537.0,5.572447
BBAI,2026-01-02 15:35:00+00:00,5.5961,5.65,5.59,5.6452,1546363.0,1603.0,5.621625
BBAI,2026-01-02 15:40:00+00:00,5.6438,5.66,5.62,5.66,1133469.0,1391.0,5.638765
BBAI,2026-01-02 15:45:00+00:00,5.65,5.68,5.64,5.6583,1197081.0,1579.0,5.658557
BBAI,2026-01-02 15:50:00+00:00,5.66,5.675,5.63,5.662,705980.0,1299.0,5.658027
BBAI,2026-01-02 15:55:00+00:00,5.665,5.68,5.635,5.68,723521.0,1362.0,5.662844
BBAI,2026-01-02 16:00:00+00:00,5.675,5.71,5.65,5.6961,954969.0,1456.0,5.683977
BBAI,2026-01-02 16:05:00+00:00,5.69,5.71,5.66,5.67,1124647.0,1149.0,5.684992
BBAI,2026-01-02 16:10:00+00:00,5.67,5.7167,5.635,5.715,1182055.0,1501.0,5.671543
BBAI,2026-01-02 16:15:00+00:00,5.7174,5.74,5.7,5.735,1004545.0,1202.0,5.72189
BBAI,2026-01-02 16:20:00+00:00,5.74,5.7798,5.71,5.7401,1347151.0,1746.0,5.749563
BBAI,2026-01-02 16:25:00+00:00,5.747,5.76,5.72,5.73,572806.0,961.0,5.742697
BBAI,2026-01-02 16:30:00+00:00,5.73,5.7586,5.71,5.755,701919.0,952.0,5.733606
BBAI,2026-01-02 16:35:00+00:00,5.7537,5.78,5.735,5.755,758234.0,1135.0,5.758136
BBAI,2026-01-02 16:40:00+00:00,5.755,5.765,5.73,5.735,815109.0,953.0,5.739832
BBAI,2026-01-02 16:45:00+00:00,5.73,5.75,5.72,5.7488,479602.0,828.0,5.734479
BBAI,2026-01-02 16:50:00+00:00,5.7414,5.76,5.715,5.74,454235.0,818.0,5.735569
BBAI,2026-01-02 16:55:00+00:00,5.735,5.77,5.7338,5.7632,394283.0,846.0,5.751683
BBAI,2026-01-02 17:00:00+00:00,5.76,5.8,5.75,5.7822,761903.0,1190.0,5.778291
BBAI,2026-01-02 17:05:00+00:00,5.79,5.8,5.75,5.7667,457545.0,998.0,5.772816
BBAI,2026-01-02 17:10:00+00:00,5.77,5.785,5.77,5.7825,304621.0,607.0,5.77782
BBAI,2026-01-02 17:15:00+00:00,5.78,5.8,5.78,5.7899,384058.0,700.0,5.790865
BBAI,2026-01-02 17:20:00+00:00,5.79,5.8284,5.79,5.8145,581568.0,1029.0,5.809023
BBAI,2026-01-02 17:25:00+00:00,5.8127,5.82,5.7901,5.795,425441.0,787.0,5.807837
BBAI,2026-01-02 17:30:00+00:00,5.8,5.82,5.79,5.8032,372730.0,847.0,5.802213
BBAI,2026-01-02 17:35:00+00:00,5.805,5.8171,5.78,5.795,328175.0,844.0,5.797097
BBAI,2026-01-02 17:40:00+00:00,5.7956,5.8,5.76,5.76,484603.0,817.0,5.776176
BBAI,2026-01-02 17:45:00+00:00,5.765,5.77,5.73,5.74,413364.0,856.0,5.747523
BBAI,2026-01-02 17:50:00+00:00,5.7401,5.76,5.7314,5.7578,413579.0,773.0,5.745318
BBAI,2026-01-02 17:55:00+00:00,5.755,5.775,5.745,5.765,409801.0,819.0,5.757171
BBAI,2026-01-02 18:00:00+00:00,5.765,5.775,5.75,5.755,318154.0,747.0,5.75963
BBAI,2026-01-02 18:05:00+00:00,5.7537,5.76,5.72,5.725,481605.0,790.0,5.740829
BBAI,2026-01-02 18:10:00+00:00,5.73,5.74,5.725,5.735,513363.0,651.0,5.732716
BBAI,2026-01-02 18:15:00+00:00,5.7399,5.78,5.73,5.7626,346223.0,775.0,5.755813
BBAI,2026-01-02 18:20:00+00:00,5.77,5.78,5.76,5.765,299966.0,647.0,5.767857
BBAI,2026-01-02 18:25:00+00:00,5.7699,5.77,5.7501,5.755,197930.0,638.0,5.761854
BBAI,2026-01-02 18:30:00+00:00,5.755,5.76,5.73,5.732,352438.0,588.0,5.743921
BBAI,2026-01-02 18:35:00+00:00,5.735,5.75,5.73,5.745,238364.0,510.0,5.740277
BBAI,2026-01-02 18:40:00+00:00,5.75,5.7599,5.74,5.749,235700.0,465.0,5.749613
BBAI,2026-01-02 18:45:00+00:00,5.7497,5.76,5.73,5.73,431505.0,782.0,5.745285
BBAI,2026-01-02 18:50:00+00:00,5.725,5.725,5.7,5.72,407340.0,637.0,5.71095
BBAI,2026-01-02 18:55:00+00:00,5.715,5.73,5.7,5.7298,401721.0,741.0,5.714095
BBAI,2026-01-02 19:00:00+00:00,5.7299,5.74,5.71,5.7114,254097.0,604.0,5.721075
BBAI,2026-01-02 19:05:00+00:00,5.715,5.75,5.7132,5.745,445647.0,748.0,5.731329
BBAI,2026-01-02 19:10:00+00:00,5.75,5.78,5.7401,5.765,690006.0,1050.0,5.757474
BBAI,2026-01-02 19:15:00+00:00,5.76,5.785,5.75,5.765,460180.0,818.0,5.766543
BBAI,2026-01-02 19:20:00+00:00,5.76,5.78,5.75,5.771,510903.0,916.0,5.76429
BBAI,2026-01-02 19:25:00+00:00,5.7704,5.785,5.7655,5.78,310006.0,775.0,5.776039
BBAI,2026-01-02 19:30:00+00:00,5.7735,5.785,5.76,5.77,411345.0,779.0,5.772345
BBAI,2026-01-02 19:35:00+00:00,5.78,5.78,5.75,5.7567,273364.0,725.0,5.763262
BBAI,2026-01-02 19:40:00+00:00,5.76,5.77,5.75,5.755,316869.0,660.0,5.761427
BBAI,2026-01-02 19:45:00+00:00,5.76,5.765,5.74,5.745,414992.0,740.0,5.751434
BBAI,2026-01-02 19:50:00+00:00,5.7445,5.75,5.7201,5.7201,288414.0,804.0,5.737365
BBAI,2026-01-02 19:55:00+00:00,5.725,5.7475,5.72,5.725,282765.0,822.0,5.735509
BBAI,2026-01-02 20:00:00+00:00,5.725,5.74,5.71,5.735,418552.0,835.0,5.726517
BBAI,2026-01-02 20:05:00+00:00,5.7399,5.75,5.73,5.75,406146.0,696.0,5.739226
BBAI,2026-01-02 20:10:00+00:00,5.7427,5.765,5.74,5.765,433008.0,894.0,5.75192
BBAI,2026-01-02 20:15:00+00:00,5.765,5.7757,5.74,5.7743,415185.0,808.0,5.760075
BBAI,2026-01-02 20:20:00+00:00,5.775,5.78,5.77,5.775,408051.0,793.0,5.774678
BBAI,2026-01-02 20:25:00+00:00,5.7745,5.8,5.7713,5.785,528612.0,1139.0,5.788537
BBAI,2026-01-02 20:30:00+00:00,5.7847,5.8,5.78,5.795,528066.0,1128.0,5.789664
BBAI,2026-01-02 20:35:00+00:00,5.7951,5.84,5.79,5.8301,1127684.0,1524.0,5.822949
BBAI,2026-01-02 20:40:00+00:00,5.8317,5.85,5.82,5.835,740693.0,1568.0,5.839706
BBAI,2026-01-02 20:45:00+00:00,5.8368,5.84,5.8101,5.835,857551.0,2036.0,5.829368
BBAI,2026-01-02 20:50:00+00:00,5.84,5.85,5.82,5.835,1225958.0,2476.0,5.837232
BBAI,2026-01-02 20:55:00+00:00,5.835,5.84,5.8,5.84,2414256.0,4104.0,5.822146
BBAI,2026-01-02 21:00:00+00:00,5.84,5.86,5.83,5.84,2391656.0,240.0,5.840132
BBAI,2026-01-02 21:05:00+00:00,5.84,5.84,5.8,5.82,33815.0,100.0,5.817745
BBAI,2026-01-02 21:10:00+00:00,5.8201,5.85,5.82,5.85,10885.0,37.0,5.837752
BBAI,2026-01-02 21:15:00+00:00,5.85,5.88,5.81,5.83,302080.0,481.0,5.85557
BBAI,2026-01-02 21:20:00+00:00,5.83,5.86,5.8148,5.8301,28139.0,84.0,5.836998
BBAI,2026-01-02 21:25:00+00:00,5.83,5.84,5.81,5.83,21540.0,50.0,5.834443
BBAI,2026-01-02 21:30:00+00:00,5.83,5.83,5.75,5.7501,113440.0,354.0,5.805923
BBAI,2026-01-02 21:35:00+00:00,5.76,5.77,5.73,5.74,92303.0,137.0,5.75208
BBAI,2026-01-02 21:40:00+00:00,5.74,5.7491,5.64,5.6511,96110.0,402.0,5.697066
BBAI,2026-01-02 21:45:00+00:00,5.66,5.7,5.64,5.69,77081.0,325.0,5.667702
BBAI,2026-01-02 21:50:00+00:00,5.68,5.7,5.64,5.66,70545.0,312.0,5.665028
BBAI,2026-01-02 21:55:00+00:00,5.66,5.69,5.64,5.6816,34543.0,175.0,5.66074
BBAI,2026-01-02 22:00:00+00:00,5.69,5.74,5.68,5.7308,18760.0,111.0,5.70927
BBAI,2026-01-02 22:05:00+00:00,5.7498,5.8,5.7398,5.7694,25810.0,119.0,5.768617
BBAI,2026-01-02 22:10:00+00:00,5.7501,5.77,5.75,5.75,15404.0,47.0,5.753463
BBAI,2026-01-02 22:15:00+00:00,5.7552,5.76,5.7341,5.7503,21077.0,63.0,5.757462
BBAI,2026-01-02 22:20:00+00:00,5.76,5.76,5.75,5.76,22243.0,27.0,5.756889
BBAI,2026-01-02 22:25:00+00:00,5.76,5.76,5.75,5.76,9632.0,37.0,5.754192
BBAI,2026-01-02 22:30:00+00:00,5.76,5.76,5.75,5.75,1970.0,10.0,5.752456
BBAI,2026-01-02 22:35:00+00:00,5.7504,5.76,5.75,5.7501,5344.0,27.0,5.75387
BBAI,2026-01-02 22:40:00+00:00,5.76,5.76,5.7501,5.76,1686.0,34.0,5.7562
BBAI,2026-01-02 22:45:00+00:00,5.76,5.79,5.76,5.79,22093.0,40.0,5.772128
BBAI,2026-01-02 22:50:00+00:00,5.79,5.7998,5.79,5.79,8547.0,38.0,5.790935
BBAI,2026-01-02 22:55:00+00:00,5.7902,5.8,5.79,5.7999,2388.0,22.0,5.791982
BBAI,2026-01-02 23:00:00+00:00,5.79,5.8,5.79,5.7984,2112.0,14.0,5.799195
BBAI,2026-01-02 23:05:00+00:00,5.7998,5.8,5.79,5.79,3719.0,22.0,5.792258
BBAI,2026-01-02 23:10:00+00:00,5.7999,5.7999,5.77,5.77,17056.0,28.0,5.787908
BBAI,2026-01-02 23:15:00+00:00,5.79,5.79,5.7644,5.79,957.0,15.0,5.7868
BBAI,2026-01-02 23:20:00+00:00,5.7802,5.79,5.7802,5.79,4423.0,20.0,5.787172
BBAI,2026-01-02 23:25:00+00:00,5.79,5.79,5.78,5.7898,4058.0,22.0,5.788839
BBAI,2026-01-02 23:30:00+00:00,5.79,5.79,5.78,5.78,5509.0,14.0,5.780411
BBAI,2026-01-02 23:35:00+00:00,5.79,5.79,5.78,5.78,3393.0,17.0,5.787879
BBAI,2026-01-02 23:40:00+00:00,5.78,5.7816,5.78,5.7816,2147.0,6.0,5.780933
BBAI,2026-01-02 23:45:00+00:00,5.79,5.8,5.7832,5.79,14933.0,25.0,5.793247
BBAI,2026-01-02 23:50:00+00:00,5.7818,5.82,5.7806,5.8199,5450.0,33.0,5.809672
BBAI,2026-01-02 23:55:00+00:00,5.8103,5.82,5.81,5.81,7990.0,12.0,5.817867
BBAI,2026-01-03 00:00:00+00:00,5.81,5.82,5.8,5.8,9143.0,20.0,5.815551
BBAI,2026-01-03 00:05:00+00:00,5.8199,5.82,5.8,5.81,7875.0,15.0,5.803265
BBAI,2026-01-03 00:10:00+00:00,5.81,5.81,5.8,5.8098,3012.0,19.0,5.803424
BBAI,2026-01-03 00:15:00+00:00,5.81,5.82,5.81,5.82,4394.0,33.0,5.814556
BBAI,2026-01-03 00:20:00+00:00,5.8113,5.83,5.81,5.82,11114.0,39.0,5.819483
BBAI,2026-01-03 00:25:00+00:00,5.83,5.83,5.81,5.8199,6957.0,32.0,5.819496
BBAI,2026-01-03 00:30:00+00:00,5.82,5.82,5.8101,5.8101,3680.0,12.0,5.819593
BBAI,2026-01-03 00:35:00+00:00,5.8101,5.82,5.81,5.8197,2044.0,17.0,5.812803
BBAI,2026-01-03 00:40:00+00:00,5.8199,5.82,5.81,5.81,1500.0,20.0,5.8119
BBAI,2026-01-03 00:45:00+00:00,5.82,5.82,5.8104,5.82,7019.0,6.0,5.813145
BBAI,2026-01-03 00:50:00+00:00,5.8104,5.82,5.81,5.82,19807.0,19.0,5.81032
BBAI,2026-01-03 00:55:00+00:00,5.82,5.82,5.81,5.81,10107.0,35.0,5.815344
BBAI,2026-01-05 09:00:00+00:00,5.9,5.9,5.88,5.9,24431.0,157.0,5.892446
BBAI,2026-01-05 09:05:00+00:00,5.91,5.93,5.91,5.93,17111.0,20.0,5.919685
BBAI,2026-01-05 09:10:00+00:00,5.92,5.92,5.91,5.92,3255.0,26.0,5.917368
BBAI,2026-01-05 09:15:00+00:00,5.91,5.91,5.9,5.91,4649.0,53.0,5.905121
BBAI,2026-01-05 09:20:00+00:00,5.91,5.91,5.91,5.91,1971.0,5.0,5.91
BBAI,2026-01-05 09:25:00+00:00,5.91,5.91,5.91,5.91,4315.0,34.0,5.91
BBAI,2026-01-05 09:30:00+00:00,5.92,5.94,5.92,5.92,7020.0,45.0,5.927046
BBAI,2026-01-05 09:35:00+00:00,5.93,5.93,5.93,5.93,474.0,10.0,5.93
BBAI,2026-01-05 09:40:00+00:00,5.93,5.93,5.93,5.93,3831.0,21.0,5.93
BBAI,2026-01-05 09:45:00+00:00,5.94,5.94,5.93,5.93,978.0,8.0,5.936567
BBAI,2026-01-05 09:50:00+00:00,5.93,5.93,5.92,5.92,19157.0,119.0,5.927008
BBAI,2026-01-05 09:55:00+00:00,5.92,5.92,5.91,5.91,1421.0,37.0,5.915584
BBAI,2026-01-05 10:00:00+00:00,5.91,6.0,5.91,5.94,55035.0,414.0,5.956922
BBAI,2026-01-05 10:05:00+00:00,5.95,5.95,5.95,5.95,1227.0,16.0,5.95
BBAI,2026-01-05 10:10:00+00:00,5.95,5.95,5.95,5.95,1780.0,9.0,5.95
BBAI,2026-01-05 10:15:00+00:00,5.95,5.95,5.95,5.95,398.0,10.0,5.95
BBAI,2026-01-05 10:20:00+00:00,5.96,5.97,5.96,5.97,3934.0,79.0,5.966243
BBAI,2026-01-05 10:25:00+00:00,5.97,5.97,5.96,5.96,1885.0,40.0,5.966379
BBAI,2026-01-05 10:30:00+00:00,5.96,5.96,5.95,5.95,1348.0,33.0,5.958663
BBAI,2026-01-05 10:35:00+00:00,5.95,5.96,5.94,5.95,3422.0,57.0,5.951482
BBAI,2026-01-05 10:40:00+00:00,5.945,5.945,5.945,5.945,742.0,6.0,5.945
BBAI,2026-01-05 10:45:00+00:00,5.96,5.96,5.95,5.95,2078.0,25.0,5.95111
BBAI,2026-01-05 10:50:00+00:00,5.95,5.95,5.935,5.935,5490.0,80.0,5.94
BBAI,2026-01-05 10:55:00+00:00,5.93,5.93,5.93,5.93,500.0,9.0,5.93
BBAI,2026-01-05 11:00:00+00:00,5.93,5.94,5.93,5.93,2759.0,68.0,5.931191
BBAI,2026-01-05 11:05:00+00:00,5.93,5.94,5.92,5.93,4540.0,65.0,5.929279
BBAI,2026-01-05 11:10:00+00:00,5.94,5.95,5.94,5.95,2269.0,29.0,5.94661
BBAI,2026-01-05 11:15:00+00:00,5.95,5.95,5.95,5.95,1636.0,41.0,5.95
BBAI,2026-01-05 11:20:00+00:00,5.95,5.96,5.95,5.96,2664.0,38.0,5.95077
BBAI,2026-01-05 11:25:00+00:00,5.95,5.95,5.95,5.95,621.0,16.0,5.95
BBAI,2026-01-05 11:30:00+00:00,5.95,5.95,5.95,5.95,1892.0,30.0,5.95
BBAI,2026-01-05 11:35:00+00:00,5.96,5.96,5.95,5.95,2175.0,47.0,5.955081
BBAI,2026-01-05 11:40:00+00:00,5.95,5.96,5.95,5.96,1623.0,16.0,5.952777
BBAI,2026-01-05 11:45:00+00:00,5.96,5.96,5.96,5.96,1296.0,11.0,5.96
BBAI,2026-01-05 11:50:00+00:00,5.95,5.95,5.95,5.95,501.0,9.0,5.95
BBAI,2026-01-05 11:55:00+00:00,5.95,5.95,5.93,5.94,4662.0,32.0,5.946746
BBAI,2026-01-05 12:00:00+00:00,5.94,5.95,5.91,5.94,29392.0,217.0,5.925146
BBAI,2026-01-05 12:05:00+00:00,5.93,5.94,5.93,5.94,2122.0,20.0,5.933369
BBAI,2026-01-05 12:10:00+00:00,5.94,5.95,5.94,5.95,3453.0,45.0,5.948361
BBAI,2026-01-05 12:15:00+00:00,5.94,5.95,5.94,5.94,2397.0,24.0,5.944405
BBAI,2026-01-05 12:20:00+00:00,5.94,5.95,5.94,5.95,2772.0,20.0,5.948286
BBAI,2026-01-05 12:25:00+00:00,5.945,5.945,5.9,5.91,98469.0,223.0,5.907377
BBAI,2026-01-05 12:30:00+00:00,5.9,5.91,5.89,5.91,46016.0,137.0,5.896328
BBAI,2026-01-05 12:35:00+00:00,5.91,5.92,5.9,5.9,18589.0,68.0,5.90531
BBAI,2026-01-05 12:40:00+00:00,5.9,5.9,5.85,5.85,87611.0,329.0,5.857484
BBAI,2026-01-05 12:45:00+00:00,5.85,5.85,5.81,5.81,73593.0,468.0,5.82402
BBAI,2026-01-05 12:50:00+00:00,5.805,5.86,5.79,5.86,88069.0,316.0,5.816299
BBAI,2026-01-05 12:55:00+00:00,5.86,5.86,5.84,5.85,13612.0,90.0,5.852635
BBAI,2026-01-05 13:00:00+00:00,5.92,6.0,5.81,5.8305,613444.0,2201.0,5.890885
BBAI,2026-01-05 13:05:00+00:00,5.84,5.84,5.8,5.84,121948.0,496.0,5.810395
BBAI,2026-01-05 13:10:00+00:00,5.8401,5.85,5.82,5.82,61574.0,287.0,5.83743
BBAI,2026-01-05 13:15:00+00:00,5.82,5.85,5.81,5.8201,51733.0,241.0,5.827859
BBAI,2026-01-05 13:20:00+00:00,5.83,5.83,5.81,5.8299,32888.0,179.0,5.824436
BBAI,2026-01-05 13:25:00+00:00,5.82,5.83,5.81,5.81,42160.0,168.0,5.817327
BBAI,2026-01-05 13:30:00+00:00,5.82,5.85,5.81,5.8287,64335.0,251.0,5.833314
BBAI,2026-01-05 13:35:00+00:00,5.83,5.85,5.82,5.82,39337.0,214.0,5.833073
BBAI,2026-01-05 13:40:00+00:00,5.82,5.83,5.81,5.8195,21449.0,132.0,5.821489
BBAI,2026-01-05 13:45:00+00:00,5.8116,5.82,5.795,5.8002,137523.0,675.0,5.802317
BBAI,2026-01-05 13:50:00+00:00,5.8,5.83,5.79,5.81,227638.0,702.0,5.804277
BBAI,2026-01-05 13:55:00+00:00,5.8,5.82,5.8,5.82,55413.0,257.0,5.806887
BBAI,2026-01-05 14:00:00+00:00,5.8103,5.82,5.78,5.8,76715.0,293.0,5.798275
BBAI,2026-01-05 14:05:00+00:00,5.7999,5.84,5.79,5.84,87338.0,273.0,5.811185
BBAI,2026-01-05 14:10:00+00:00,5.8399,5.88,5.83,5.87,93699.0,434.0,5.864374
BBAI,2026-01-05 14:15:00+00:00,5.8601,5.87,5.85,5.86,68260.0,151.0,5.861443
BBAI,2026-01-05 14:20:00+00:00,5.87,5.87,5.82,5.82,85768.0,368.0,5.851867
BBAI,2026-01-05 14:25:00+00:00,5.82,5.86,5.8,5.86,73081.0,341.0,5.823471
BBAI,2026-01-05 14:30:00+00:00,5.87,5.8799,5.7,5.7,2199913.0,5370.0,5.784245
BBAI,2026-01-05 14:35:00+00:00,5.7099,5.7099,5.59,5.655,2492762.0,4844.0,5.641174
BBAI,2026-01-05 14:40:00+00:00,5.655,5.7,5.62,5.685,1301262.0,3822.0,5.665699
BBAI,2026-01-05 14:45:00+00:00,5.6839,5.71,5.65,5.68,1397316.0,3867.0,5.679717
BBAI,2026-01-05 14:50:00+00:00,5.6702,5.69,5.62,5.64,1206582.0,3251.0,5.647669
BBAI,2026-01-05 14:55:00+00:00,5.6451,5.6599,5.6,5.6,1095235.0,3034.0,5.622299
BBAI,2026-01-05 15:00:00+00:00,5.61,5.62,5.56,5.5945,2297156.0,4797.0,5.589551
BBAI,2026-01-05 15:05:00+00:00,5.5985,5.61,5.56,5.5845,1091204.0,2723.0,5.5825
BBAI,2026-01-05 15:10:00+00:00,5.585,5.61,5.58,5.595,824596.0,2342.0,5.59202
BBAI,2026-01-05 15:15:00+00:00,5.595,5.69,5.59,5.6861,1334146.0,2411.0,5.640242
BBAI,2026-01-05 15:20:00+00:00,5.685,5.71,5.66,5.6699,1913871.0,2578.0,5.68325
BBAI,2026-01-05 15:25:00+00:00,5.67,5.6719,5.625,5.645,1145439.0,1963.0,5.641655
BBAI,2026-01-05 15:30:00+00:00,5.645,5.67,5.64,5.645,726613.0,1512.0,5.652898
BBAI,2026-01-05 15:35:00+00:00,5.65,5.69,5.64,5.65,740908.0,1813.0,5.659952
BBAI,2026-01-05 15:40:00+00:00,5.645,5.655,5.62,5.63,639403.0,1391.0,5.642727
BBAI,2026-01-05 15:45:00+00:00,5.63,5.65,5.62,5.635,621515.0,1306.0,5.635145
BBAI,2026-01-05 15:50:00+00:00,5.635,5.66,5.63,5.6459,897167.0,1571.0,5.64511
BBAI,2026-01-05 15:55:00+00:00,5.64,5.69,5.634,5.685,665804.0,1237.0,5.670785
BBAI,2026-01-05 16:00:00+00:00,5.6875,5.7,5.65,5.68,1047944.0,1681.0,5.674331
BBAI,2026-01-05 16:05:00+00:00,5.68,5.7,5.67,5.6901,624754.0,1272.0,5.686167
BBAI,2026-01-05 16:10:00+00:00,5.6986,5.73,5.69,5.7157,1402821.0,2096.0,5.71344
BBAI,2026-01-05 16:15:00+00:00,5.715,5.74,5.7,5.7142,1049853.0,1507.0,5.719762
BBAI,2026-01-05 16:20:00+00:00,5.715,5.74,5.7114,5.735,599561.0,1325.0,5.731705
BBAI,2026-01-05 16:25:00+00:00,5.7397,5.75,5.7201,5.745,772088.0,1483.0,5.740102
BBAI,2026-01-05 16:30:00+00:00,5.75,5.76,5.68,5.685,942337.0,1647.0,5.71661
BBAI,2026-01-05 16:35:00+00:00,5.6855,5.72,5.68,5.705,530229.0,1113.0,5.704658
BBAI,2026-01-05 16:40:00+00:00,5.705,5.74,5.7,5.7399,779411.0,1260.0,5.722181
BBAI,2026-01-05 16:45:00+00:00,5.735,5.76,5.73,5.75,647774.0,1196.0,5.745467
BBAI,2026-01-05 16:50:00+00:00,5.755,5.77,5.75,5.7686,519292.0,1192.0,5.758435
BBAI,2026-01-05 16:55:00+00:00,5.7645,5.77,5.7411,5.7544,798522.0,1401.0,5.754087
BBAI,2026-01-05 17:00:00+00:00,5.75,5.76,5.72,5.7211,632624.0,1227.0,5.737635
BBAI,2026-01-05 17:05:00+00:00,5.725,5.74,5.71,5.7275,759766.0,1369.0,5.723477
BBAI,2026-01-05 17:10:00+00:00,5.7251,5.76,5.7251,5.755,685492.0,1075.0,5.749286
BBAI,2026-01-05 17:15:00+00:00,5.7517,5.76,5.7201,5.7301,691580.0,1176.0,5.73809
BBAI,2026-01-05 17:20:00+00:00,5.7301,5.74,5.71,5.7116,430943.0,963.0,5.723416
BBAI,2026-01-05 17:25:00+00:00,5.71,5.75,5.71,5.75,516165.0,1006.0,5.724383
BBAI,2026-01-05 17:30:00+00:00,5.7463,5.76,5.73,5.7551,720243.0,1068.0,5.747387
BBAI,2026-01-05 17:35:00+00:00,5.755,5.78,5.75,5.765,700079.0,1168.0,5.763921
BBAI,2026-01-05 17:40:00+00:00,5.77,5.7799,5.75,5.755,743192.0,963.0,5.767092
BBAI,2026-01-05 17:45:00+00:00,5.755,5.77,5.75,5.7601,507335.0,870.0,5.760799
BBAI,2026-01-05 17:50:00+00:00,5.766,5.77,5.75,5.765,336254.0,702.0,5.760042
BBAI,2026-01-05 17:55:00+00:00,5.7659,5.77,5.75,5.755,320298.0,802.0,5.758932
BBAI,2026-01-05 18:00:00+00:00,5.76,5.76,5.735,5.7567,608308.0,1119.0,5.747527
BBAI,2026-01-05 18:05:00+00:00,5.76,5.77,5.7401,5.765,522838.0,898.0,5.756857
BBAI,2026-01-05 18:10:00+00:00,5.765,5.79,5.76,5.7855,628310.0,904.0,5.773818
BBAI,2026-01-05 18:15:00+00:00,5.7856,5.7856,5.765,5.7775,806162.0,956.0,5.774519
BBAI,2026-01-05 18:20:00+00:00,5.775,5.81,5.7701,5.805,596267.0,977.0,5.791216
BBAI,2026-01-05 18:25:00+00:00,5.81,5.82,5.8,5.8099,673409.0,1049.0,5.808308
BBAI,2026-01-05 18:30:00+00:00,5.8099,5.81,5.78,5.785,512186.0,884.0,5.794918
BBAI,2026-01-05 18:35:00+00:00,5.7899,5.82,5.775,5.82,638761.0,996.0,5.795815
BBAI,2026-01-05 18:40:00+00:00,5.8193,5.82,5.8,5.8199,595193.0,949.0,5.81293
BBAI,2026-01-05 18:45:00+00:00,5.815,5.84,5.81,5.8246,1218572.0,1396.0,5.825262
BBAI,2026-01-05 18:50:00+00:00,5.825,5.86,5.82,5.835,1336763.0,1931.0,5.839722
BBAI,2026-01-05 18:55:00+00:00,5.835,5.8593,5.825,5.844,717542.0,1278.0,5.841231
BBAI,2026-01-05 19:00:00+00:00,5.85,5.86,5.83,5.845,1018959.0,1411.0,5.845322
BBAI,2026-01-05 19:05:00+00:00,5.845,5.85,5.82,5.8339,468544.0,882.0,5.833309
BBAI,2026-01-05 19:10:00+00:00,5.835,5.86,5.82,5.85,756494.0,1123.0,5.842125
BBAI,2026-01-05 19:15:00+00:00,5.855,5.8799,5.85,5.875,561537.0,853.0,5.863676
BBAI,2026-01-05 19:20:00+00:00,5.8734,5.9,5.87,5.89,591263.0,1020.0,5.881241
BBAI,2026-01-05 19:25:00+00:00,5.8898,5.92,5.88,5.915,888561.0,1101.0,5.905344
BBAI,2026-01-05 19:30:00+00:00,5.919,5.945,5.915,5.9351,898296.0,1212.0,5.932314
BBAI,2026-01-05 19:35:00+00:00,5.9312,5.94,5.88,5.885,931690.0,1360.0,5.90581
BBAI,2026-01-05 19:40:00+00:00,5.88,5.91,5.875,5.89,842917.0,1080.0,5.889083
BBAI,2026-01-05 19:45:00+00:00,5.8945,5.93,5.89,5.925,916518.0,1084.0,5.910071
BBAI,2026-01-05 19:50:00+00:00,5.9216,5.9286,5.91,5.91,447417.0,861.0,5.917425
BBAI,2026-01-05 19:55:00+00:00,5.915,5.94,5.91,5.925,764872.0,1219.0,5.930635
BBAI,2026-01-05 20:00:00+00:00,5.9268,5.94,5.9,5.925,1124707.0,1322.0,5.918205
BBAI,2026-01-05 20:05:00+00:00,5.93,5.93,5.91,5.915,634022.0,968.0,5.920922
BBAI,2026-01-05 20:10:00+00:00,5.9132,5.94,5.9,5.925,858184.0,1212.0,5.92323
BBAI,2026-01-05 20:15:00+00:00,5.9254,5.9254,5.87,5.875,915568.0,1511.0,5.884355
BBAI,2026-01-05 20:20:00+00:00,5.8733,5.93,5.87,5.9241,905887.0,1490.0,5.891323
BBAI,2026-01-05 20:25:00+00:00,5.925,5.94,5.91,5.915,1053612.0,1697.0,5.925302
BBAI,2026-01-05 20:30:00+00:00,5.91,5.925,5.9,5.9159,1057691.0,1609.0,5.909069
BBAI,2026-01-05 20:35:00+00:00,5.92,5.93,5.905,5.925,1074576.0,1885.0,5.918896
BBAI,2026-01-05 20:40:00+00:00,5.93,5.93,5.91,5.9261,979256.0,1823.0,5.924035
BBAI,2026-01-05 20:45:00+00:00,5.925,5.935,5.905,5.92,864081.0,2104.0,5.923092
BBAI,2026-01-05 20:50:00+00:00,5.91,5.915,5.87,5.875,1331258.0,2405.0,5.887618
BBAI,2026-01-05 20:55:00+00:00,5.875,5.91,5.87,5.885,2575232.0,4162.0,5.890313
BBAI,2026-01-05 21:00:00+00:00,5.88,5.9,5.87,5.885,1155395.0,105.0,5.880157
BBAI,2026-01-05 21:05:00+00:00,5.89,5.91,5.88,5.9,56391.0,149.0,5.896433
BBAI,2026-01-05 21:10:00+00:00,5.9,5.92,5.89,5.8993,12445.0,58.0,5.900007
BBAI,2026-01-05 21:15:00+00:00,5.9,5.9,5.89,5.9,8387.0,26.0,5.891927
BBAI,2026-01-05 21:20:00+00:00,5.89,5.9,5.89,5.9,4590.0,40.0,5.893442
BBAI,2026-01-05 21:25:00+00:00,5.9,5.9,5.88,5.89,8423.0,50.0,5.891707
BBAI,2026-01-05 21:30:00+00:00,5.8897,5.9,5.88,5.8902,17237.0,44.0,5.886214
BBAI,2026-01-05 21:35:00+00:00,5.89,5.9,5.8806,5.8806,3409.0,34.0,5.89015
BBAI,2026-01-05 21:40:00+00:00,5.8802,5.89,5.88,5.88,6472.0,31.0,5.882562
BBAI,2026-01-05 21:45:00+00:00,5.8899,5.89,5.88,5.88,25026.0,34.0,5.880759
BBAI,2026-01-05 21:50:00+00:00,5.8899,5.8899,5.88,5.88,6098.0,25.0,5.880519
BBAI,2026-01-05 21:55:00+00:00,5.89,5.89,5.88,5.89,1620.0,18.0,5.881519
BBAI,2026-01-05 22:00:00+00:00,5.8801,5.89,5.88,5.89,13798.0,43.0,5.887637
BBAI,2026-01-05 22:05:00+00:00,5.88,5.89,5.87,5.8703,9404.0,44.0,5.877069
BBAI,2026-01-05 22:10:00+00:00,5.8703,5.88,5.87,5.8797,4735.0,16.0,5.875739
BBAI,2026-01-05 22:15:00+00:00,5.88,5.88,5.87,5.8708,12472.0,27.0,5.870794
BBAI,2026-01-05 22:20:00+00:00,5.87,5.88,5.87,5.88,15116.0,31.0,5.879384
BBAI,2026-01-05 22:25:00+00:00,5.8898,5.8898,5.87,5.88,7539.0,27.0,5.880649
BBAI,2026-01-05 22:30:00+00:00,5.872,5.8784,5.87,5.8718,1721.0,21.0,5.87235
BBAI,2026-01-05 22:35:00+00:00,5.88,5.88,5.87,5.88,9591.0,31.0,5.879345
BBAI,2026-01-05 22:40:00+00:00,5.8802,5.89,5.88,5.89,2256.0,18.0,5.887431
BBAI,2026-01-05 22:45:00+00:00,5.89,5.89,5.88,5.8891,9872.0,41.0,5.885071
BBAI,2026-01-05 22:50:00+00:00,5.8892,5.89,5.8892,5.89,44056.0,25.0,5.889895
BBAI,2026-01-05 22:55:00+00:00,5.8996,5.9,5.89,5.9,7828.0,13.0,5.890784
BBAI,2026-01-05 23:00:00+00:00,5.9,5.9,5.89,5.9,12955.0,30.0,5.892269
BBAI,2026-01-05 23:05:00+00:00,5.8996,5.8997,5.87,5.87,39162.0,59.0,5.883145
BBAI,2026-01-05 23:10:00+00:00,5.8998,5.8998,5.8721,5.89,2541.0,13.0,5.880005
BBAI,2026-01-05 23:15:00+00:00,5.88,5.9,5.88,5.9,9743.0,38.0,5.896327
BBAI,2026-01-05 23:20:00+00:00,5.89,5.9,5.89,5.8987,2615.0,20.0,5.896944
BBAI,2026-01-05 23:25:00+00:00,5.8984,5.9,5.89,5.8984,2726.0,17.0,5.898561
BBAI,2026-01-05 23:30:00+00:00,5.9,5.9,5.89,5.89,1385.0,14.0,5.895746
BBAI,2026-01-05 23:35:00+00:00,5.8998,5.9,5.89,5.89,4718.0,16.0,5.894936
BBAI,2026-01-05 23:40:00+00:00,5.89,5.89,5.88,5.88,15575.0,33.0,5.884625
BBAI,2026-01-05 23:45:00+00:00,5.87,5.89,5.87,5.87,2883.0,34.0,5.876494
BBAI,2026-01-05 23:50:00+00:00,5.88,5.88,5.8738,5.8738,4613.0,6.0,5.878414
BBAI,2026-01-05 23:55:00+00:00,5.8703,5.88,5.8702,5.8739,3138.0,10.0,5.874548
BBAI,2026-01-06 00:00:00+00:00,5.87,5.89,5.87,5.8883,1479.0,9.0,5.887657
BBAI,2026-01-06 00:05:00+00:00,5.87,5.8897,5.87,5.87,6651.0,22.0,5.876023
BBAI,2026-01-06 00:10:00+00:00,5.89,5.89,5.87,5.87,3718.0,20.0,5.870896
BBAI,2026-01-06 00:15:00+00:00,5.87,5.88,5.87,5.88,3842.0,31.0,5.870883
BBAI,2026-01-06 00:20:00+00:00,5.88,5.88,5.87,5.88,3186.0,12.0,5.873203
BBAI,2026-01-06 00:25:00+00:00,5.88,5.88,5.8704,5.8704,2995.0,24.0,5.876857
BBAI,2026-01-06 00:30:00+00:00,5.87,5.88,5.87,5.88,4705.0,34.0,5.876885
BBAI,2026-01-06 00:35:00+00:00,5.87,5.88,5.87,5.88,2287.0,12.0,5.875441
BBAI,2026-01-06 00:40:00+00:00,5.88,5.88,5.87,5.8702,4334.0,26.0,5.875746
BBAI,2026-01-06 00:45:00+00:00,5.875,5.88,5.87,5.88,7550.0,32.0,5.876297
BBAI,2026-01-06 00:50:00+00:00,5.9,5.9,5.88,5.89,7911.0,7.0,5.888857
BBAI,2026-01-06 00:55:00+00:00,5.89,5.89,5.88,5.88,6706.0,36.0,5.885205
BBAI,2026-01-06 09:00:00+00:00,5.92,5.92,5.81,5.825,8983.0,62.0,5.862476
BBAI,2026-01-06 09:05:00+00:00,5.83,5.84,5.83,5.84,1361.0,23.0,5.831714
BBAI,2026-01-06 09:10:00+00:00,5.84,5.84,5.84,5.84,708.0,13.0,5.84
BBAI,2026-01-06 09:20:00+00:00,5.84,5.84,5.84,5.84,200.0,2.0,5.84
BBAI,2026-01-06 09:25:00+00:00,5.84,5.84,5.835,5.835,413.0,8.0,5.837362
BBAI,2026-01-06 09:30:00+00:00,5.84,5.84,5.84,5.84,223.0,3.0,5.84
BBAI,2026-01-06 09:35:00+00:00,5.83,5.83,5.83,5.83,1445.0,25.0,5.83
BBAI,2026-01-06 09:40:00+00:00,5.83,5.84,5.83,5.83,1221.0,9.0,5.833594
BBAI,2026-01-06 09:45:00+00:00,5.84,5.84,5.84,5.84,339.0,4.0,5.84
BBAI,2026-01-06 09:50:00+00:00,5.84,5.84,5.83,5.84,5504.0,37.0,5.831013
BBAI,2026-01-06 09:55:00+00:00,5.835,5.86,5.835,5.85,3778.0,27.0,5.843487
BBAI,2026-01-06 10:05:00+00:00,5.855,5.855,5.855,5.855,496.0,8.0,5.855
BBAI,2026-01-06 10:10:00+00:00,5.86,5.86,5.86,5.86,200.0,3.0,5.86
BBAI,2026-01-06 10:15:00+00:00,5.85,5.86,5.84,5.86,2887.0,44.0,5.854853
BBAI,2026-01-06 10:25:00+00:00,5.86,5.86,5.86,5.86,205.0,4.0,5.86
BBAI,2026-01-06 10:30:00+00:00,5.86,5.86,5.86,5.86,993.0,16.0,5.86
BBAI,2026-01-06 10:35:00+00:00,5.86,5.86,5.86,5.86,178.0,5.0,5.86
BBAI,2026-01-06 10:40:00+00:00,5.865,5.865,5.865,5.865,156.0,3.0,5.865
BBAI,2026-01-06 10:45:00+00:00,5.86,5.86,5.86,5.86,1012.0,10.0,5.86
BBAI,2026-01-06 10:50:00+00:00,5.86,5.865,5.86,5.86,1050.0,5.0,5.862157
BBAI,2026-01-06 11:00:00+00:00,5.87,5.87,5.86,5.86,632.0,6.0,5.866535
BBAI,2026-01-06 11:10:00+00:00,5.87,5.87,5.87,5.87,2101.0,16.0,5.87
BBAI,2026-01-06 11:15:00+00:00,5.87,5.88,5.87,5.87,5617.0,39.0,5.876167
BBAI,2026-01-06 11:25:00+00:00,5.87,5.87,5.87,5.87,685.0,3.0,5.87
BBAI,2026-01-06 11:30:00+00:00,5.87,5.87,5.87,5.87,532.0,13.0,5.87
BBAI,2026-01-06 11:35:00+00:00,5.86,5.86,5.86,5.86,14845.0,37.0,5.86
BBAI,2026-01-06 11:45:00+00:00,5.86,5.86,5.86,5.86,500.0,6.0,5.86
BBAI,2026-01-06 12:00:00+00:00,5.86,5.87,5.85,5.869,2914.0,55.0,5.863413
BBAI,2026-01-06 12:05:00+00:00,5.87,5.87,5.865,5.87,6533.0,33.0,5.869802
BBAI,2026-01-06 12:10:00+00:00,5.88,5.89,5.88,5.89,8635.0,55.0,5.88555
BBAI,2026-01-06 12:15:00+00:00,5.89,5.89,5.89,5.89,1438.0,28.0,5.89
BBAI,2026-01-06 12:20:00+00:00,5.885,5.885,5.88,5.88,3271.0,23.0,5.880161
BBAI,2026-01-06 12:25:00+00:00,5.88,5.88,5.88,5.88,1685.0,21.0,5.88
BBAI,2026-01-06 12:30:00+00:00,5.88,5.88,5.88,5.88,1073.0,17.0,5.88
BBAI,2026-01-06 12:35:00+00:00,5.88,5.88,5.88,5.88,3159.0,11.0,5.88
BBAI,2026-01-06 12:40:00+00:00,5.885,5.885,5.88,5.88,317.0,3.0,5.881845
BBAI,2026-01-06 12:45:00+00:00,5.885,5.89,5.885,5.89,1557.0,5.0,5.88822
BBAI,2026-01-06 12:50:00+00:00,5.89,5.89,5.89,5.89,675.0,7.0,5.89
BBAI,2026-01-06 12:55:00+00:00,5.88,5.88,5.88,5.88,1635.0,17.0,5.88
BBAI,2026-01-06 13:00:00+00:00,5.86,5.91,5.81,5.8801,230632.0,954.0,5.874212
BBAI,2026-01-06 13:05:00+00:00,5.8802,5.89,5.88,5.88,3422.0,21.0,5.88792
BBAI,2026-01-06 13:10:00+00:00,5.88,5.89,5.87,5.8701,59189.0,112.0,5.878121
BBAI,2026-01-06 13:15:00+00:00,5.87,5.88,5.87,5.87,9403.0,64.0,5.877194
BBAI,2026-01-06 13:20:00+00:00,5.88,5.88,5.87,5.8705,7187.0,40.0,5.876368
BBAI,2026-01-06 13:25:00+00:00,5.88,5.88,5.87,5.8705,5550.0,47.0,5.874271
BBAI,2026-01-06 13:30:00+00:00,5.8705,5.88,5.87,5.88,5965.0,52.0,5.875974
BBAI,2026-01-06 13:35:00+00:00,5.88,5.88,5.87,5.8703,15572.0,71.0,5.878985
BBAI,2026-01-06 13:40:00+00:00,5.8797,5.89,5.8701,5.8898,15001.0,82.0,5.881478
BBAI,2026-01-06 13:45:00+00:00,5.88,5.89,5.87,5.87,32270.0,103.0,5.878959
BBAI,2026-01-06 13:50:00+00:00,5.87,5.88,5.865,5.87,22586.0,88.0,5.873229
BBAI,2026-01-06 13:55:00+00:00,5.87,5.87,5.86,5.86,12590.0,54.0,5.861798
BBAI,2026-01-06 14:00:00+00:00,5.87,5.87,5.85,5.85,27599.0,138.0,5.852202
BBAI,2026-01-06 14:05:00+00:00,5.8599,5.87,5.85,5.86,20811.0,96.0,5.858596
BBAI,2026-01-06 14:10:00+00:00,5.87,5.88,5.87,5.87,9296.0,66.0,5.874767
BBAI,2026-01-06 14:15:00+00:00,5.87,5.88,5.87,5.875,7434.0,57.0,5.872618
BBAI,2026-01-06 14:20:00+00:00,5.87,5.88,5.87,5.88,4424.0,66.0,5.874822
BBAI,2026-01-06 14:25:00+00:00,5.88,5.92,5.87,5.92,53517.0,239.0,5.890019
BBAI,2026-01-06 14:30:00+00:00,5.91,5.94,5.825,5.94,1630725.0,4243.0,5.897592
BBAI,2026-01-06 14:35:00+00:00,5.935,6.1,5.935,6.065,2283067.0,4890.0,6.040654
BBAI,2026-01-06 14:40:00+00:00,6.066,6.1,6.01,6.035,1379874.0,2964.0,6.048376
BBAI,2026-01-06 14:45:00+00:00,6.035,6.08,6.0014,6.009,1309660.0,2726.0,6.047952
BBAI,2026-01-06 14:50:00+00:00,6.005,6.03,5.97,6.025,1098337.0,1982.0,5.999701
BBAI,2026-01-06 14:55:00+00:00,6.0203,6.05,5.98,6.0003,806548.0,1894.0,6.014335
BBAI,2026-01-06 15:00:00+00:00,6.0,6.01,5.97,5.985,674678.0,1643.0,5.989104
BBAI,2026-01-06 15:05:00+00:00,5.9807,6.06,5.971,6.035,1088070.0,1798.0,6.022154
BBAI,2026-01-06 15:10:00+00:00,6.03,6.05,5.97,6.015,755943.0,1480.0,6.005268
BBAI,2026-01-06 15:15:00+00:00,6.0112,6.08,6.01,6.0737,848714.0,1550.0,6.047536
BBAI,2026-01-06 15:20:00+00:00,6.075,6.13,6.06,6.1299,2386396.0,3272.0,6.100481
BBAI,2026-01-06 15:25:00+00:00,6.1299,6.19,6.1201,6.19,2626351.0,3070.0,6.157082
BBAI,2026-01-06 15:30:00+00:00,6.18,6.2,6.16,6.1951,1834886.0,2786.0,6.181403
BBAI,2026-01-06 15:35:00+00:00,6.195,6.21,6.13,6.1301,2091362.0,2797.0,6.169391
BBAI,2026-01-06 15:40:00+00:00,6.13,6.1589,6.1101,6.125,979805.0,1792.0,6.133013
BBAI,2026-01-06 15:45:00+00:00,6.13,6.15,6.1,6.135,1015402.0,1744.0,6.130099
BBAI,2026-01-06 15:50:00+00:00,6.1375,6.15,6.0701,6.09,933599.0,1849.0,6.105822
BBAI,2026-01-06 15:55:00+00:00,6.095,6.15,6.09,6.145,898181.0,1858.0,6.126751
BBAI,2026-01-06 16:00:00+00:00,6.145,6.15,6.1,6.115,639351.0,1391.0,6.123937
BBAI,2026-01-06 16:05:00+00:00,6.115,6.14,6.1,6.115,611730.0,1240.0,6.116428
BBAI,2026-01-06 16:10:00+00:00,6.1172,6.13,6.09,6.0996,659188.0,1378.0,6.105634
BBAI,2026-01-06 16:15:00+00:00,6.0959,6.1088,6.08,6.095,528427.0,1175.0,6.093515
BBAI,2026-01-06 16:20:00+00:00,6.095,6.11,6.08,6.1,523192.0,1081.0,6.096412
BBAI,2026-01-06 16:25:00+00:00,6.1001,6.13,6.07,6.125,927661.0,1443.0,6.100731
BBAI,2026-01-06 16:30:00+00:00,6.124,6.13,6.1,6.1,344722.0,975.0,6.114092
BBAI,2026-01-06 16:35:00+00:00,6.105,6.11,6.07,6.0801,787803.0,1342.0,6.086572
BBAI,2026-01-06 16:40:00+00:00,6.08,6.1054,6.06,6.0999,1094976.0,1456.0,6.088977
BBAI,2026-01-06 16:45:00+00:00,6.0913,6.1,6.07,6.0918,740233.0,1194.0,6.084391
BBAI,2026-01-06 16:50:00+00:00,6.095,6.1,6.07,6.075,657117.0,1064.0,6.083676
BBAI,2026-01-06 16:55:00+00:00,6.07,6.08,6.05,6.06,924662.0,1319.0,6.065983
BBAI,2026-01-06 17:00:00+00:00,6.055,6.06,6.03,6.03,505734.0,1006.0,6.04782
BBAI,2026-01-06 17:05:00+00:00,6.035,6.06,6.03,6.055,585434.0,1015.0,6.050381
BBAI,2026-01-06 17:10:00+00:00,6.057,6.06,6.025,6.025,412855.0,817.0,6.048747
BBAI,2026-01-06 17:15:00+00:00,6.025,6.04,6.01,6.0314,496745.0,874.0,6.024716
BBAI,2026-01-06 17:20:00+00:00,6.035,6.06,6.03,6.045,427374.0,657.0,6.042505
BBAI,2026-01-06 17:25:00+00:00,6.05,6.05,6.03,6.0349,296824.0,674.0,6.042416
BBAI,2026-01-06 17:30:00+00:00,6.04,6.06,6.035,6.045,498709.0,930.0,6.044382
BBAI,2026-01-06 17:35:00+00:00,6.045,6.05,6.02,6.028,343797.0,729.0,6.034006
BBAI,2026-01-06 17:40:00+00:00,6.03,6.03,6.0,6.0,371492.0,1107.0,6.005492
BBAI,2026-01-06 17:45:00+00:00,6.0,6.02,5.99,5.995,590578.0,1091.0,6.002197
BBAI,2026-01-06 17:50:00+00:00,5.9962,6.02,5.99,6.01,436385.0,862.0,6.00251
BBAI,2026-01-06 17:55:00+00:00,6.015,6.02,5.9938,6.0,375531.0,951.0,6.005682
BBAI,2026-01-06 18:00:00+00:00,5.995,6.01,5.99,6.0,411452.0,1007.0,5.998271
BBAI,2026-01-06 18:05:00+00:00,5.995,6.01,5.98,6.005,725438.0,1130.0,5.991175
BBAI,2026-01-06 18:10:00+00:00,6.005,6.05,6.0,6.04,871907.0,1109.0,6.025356
BBAI,2026-01-06 18:15:00+00:00,6.045,6.07,6.04,6.0677,832563.0,1105.0,6.056836
BBAI,2026-01-06 18:20:00+00:00,6.07,6.08,5.99,5.995,1100301.0,1234.0,6.025441
BBAI,2026-01-06 18:25:00+00:00,5.995,6.03,5.99,6.03,796817.0,837.0,6.008259
BBAI,2026-01-06 18:30:00+00:00,6.025,6.09,6.0201,6.0665,1501744.0,1608.0,6.062577
BBAI,2026-01-06 18:35:00+00:00,6.07,6.12,6.07,6.115,1655310.0,1532.0,6.100454
BBAI,2026-01-06 18:40:00+00:00,6.11,6.12,6.09,6.095,967617.0,1243.0,6.10428
BBAI,2026-01-06 18:45:00+00:00,6.095,6.12,6.09,6.105,831396.0,1026.0,6.10473
BBAI,2026-01-06 18:50:00+00:00,6.1002,6.14,6.1,6.113,1008617.0,1290.0,6.11791
BBAI,2026-01-06 18:55:00+00:00,6.115,6.13,6.11,6.125,594206.0,915.0,6.124751
BBAI,2026-01-06 19:00:00+00:00,6.125,6.1355,6.1,6.135,963266.0,1212.0,6.12042
BBAI,2026-01-06 19:05:00+00:00,6.135,6.16,6.12,6.135,1332004.0,1485.0,6.14013
BBAI,2026-01-06 19:10:00+00:00,6.14,6.19,6.13,6.19,1151957.0,1332.0,6.164269
BBAI,2026-01-06 19:15:00+00:00,6.185,6.26,6.18,6.2301,3040870.0,3636.0,6.214093
BBAI,2026-01-06 19:20:00+00:00,6.2301,6.26,6.23,6.245,1856179.0,1959.0,6.247685
BBAI,2026-01-06 19:25:00+00:00,6.245,6.28,6.245,6.2799,1526297.0,1843.0,6.268088
BBAI,2026-01-06 19:30:00+00:00,6.2767,6.3151,6.27,6.285,2745215.0,2641.0,6.29442
BBAI,2026-01-06 19:35:00+00:00,6.285,6.31,6.2407,6.2407,1466419.0,1918.0,6.278402
BBAI,2026-01-06 19:40:00+00:00,6.245,6.25,6.23,6.237,510728.0,1231.0,6.242468
BBAI,2026-01-06 19:45:00+00:00,6.235,6.26,6.22,6.2553,1019950.0,2011.0,6.239489
BBAI,2026-01-06 19:50:00+00:00,6.26,6.27,6.24,6.245,1220803.0,1807.0,6.253114
BBAI,2026-01-06 19:55:00+00:00,6.2496,6.28,6.23,6.275,1014899.0,1587.0,6.256374
BBAI,2026-01-06 20:00:00+00:00,6.275,6.3251,6.275,6.315,1782424.0,1987.0,6.305208
BBAI,2026-01-06 20:05:00+00:00,6.315,6.39,6.31,6.355,2053345.0,2652.0,6.35372
BBAI,2026-01-06 20:10:00+00:00,6.36,6.38,6.3301,6.34,1266634.0,2124.0,6.36465
BBAI,2026-01-06 20:15:00+00:00,6.335,6.36,6.33,6.355,1434926.0,1944.0,6.347423
BBAI,2026-01-06 20:20:00+00:00,6.355,6.37,6.33,6.3442,1275433.0,2353.0,6.352061
BBAI,2026-01-06 20:25:00+00:00,6.3405,6.35,6.32,6.32,1144833.0,2027.0,6.334363
BBAI,2026-01-06 20:30:00+00:00,6.325,6.38,6.3201,6.355,2213563.0,2904.0,6.358543
BBAI,2026-01-06 20:35:00+00:00,6.355,6.39,6.35,6.375,1562707.0,2189.0,6.374847
BBAI,2026-01-06 20:40:00+00:00,6.375,6.4,6.36,6.3901,1439541.0,2329.0,6.380178
BBAI,2026-01-06 20:45:00+00:00,6.395,6.4,6.36,6.3702,1566902.0,2396.0,6.381235
BBAI,2026-01-06 20:50:00+00:00,6.375,6.38,6.33,6.38,1873814.0,3020.0,6.353447
BBAI,2026-01-06 20:55:00+00:00,6.375,6.41,6.37,6.41,4491569.0,5925.0,6.392966
BBAI,2026-01-06 21:00:00+00:00,6.41,6.43,6.38,6.42,2662409.0,298.0,6.409487
BBAI,2026-01-06 21:05:00+00:00,6.43,6.45,6.41,6.41,150349.0,245.0,6.436948
BBAI,2026-01-06 21:10:00+00:00,6.41,6.42,6.3708,6.3708,26656.0,134.0,6.401722
BBAI,2026-01-06 21:15:00+00:00,6.38,6.4,6.37,6.3884,16781.0,69.0,6.382487
BBAI,2026-01-06 21:20:00+00:00,6.39,6.4,6.38,6.3801,27451.0,84.0,6.388139
BBAI,2026-01-06 21:25:00+00:00,6.38,6.39,6.3716,6.3899,14460.0,78.0,6.381002
BBAI,2026-01-06 21:30:00+00:00,6.3807,6.39,6.38,6.39,28983.0,99.0,6.382153
BBAI,2026-01-06 21:35:00+00:00,6.37,6.39,6.37,6.38,9848.0,73.0,6.382214
BBAI,2026-01-06 21:40:00+00:00,6.38,6.39,6.38,6.38,12663.0,88.0,6.381414
BBAI,2026-01-06 21:45:00+00:00,6.38,6.39,6.38,6.39,9231.0,57.0,6.383448
BBAI,2026-01-06 21:50:00+00:00,6.38,6.39,6.38,6.3805,35970.0,36.0,6.381353
BBAI,2026-01-06 21:55:00+00:00,6.3801,6.4,6.38,6.39,24522.0,146.0,6.389459
BBAI,2026-01-06 22:00:00+00:00,6.3899,6.39,6.38,6.38,21462.0,61.0,6.388149
BBAI,2026-01-06 22:05:00+00:00,6.3807,6.39,6.38,6.38,5073.0,43.0,6.382471
BBAI,2026-01-06 22:10:00+00:00,6.39,6.39,6.38,6.38,6604.0,33.0,6.38285
BBAI,2026-01-06 22:15:00+00:00,6.3898,6.3898,6.37,6.37,28437.0,125.0,6.375851
BBAI,2026-01-06 22:20:00+00:00,6.37,6.38,6.37,6.38,9788.0,61.0,6.373241
BBAI,2026-01-06 22:25:00+00:00,6.38,6.39,6.37,6.3702,12873.0,68.0,6.377842
BBAI,2026-01-06 22:30:00+00:00,6.3703,6.38,6.37,6.3701,4506.0,23.0,6.371463
BBAI,2026-01-06 22:35:00+00:00,6.37,6.38,6.37,6.3716,11742.0,76.0,6.371562
BBAI,2026-01-06 22:40:00+00:00,6.37,6.3798,6.36,6.36,6757.0,74.0,6.369691
BBAI,2026-01-06 22:45:00+00:00,6.37,6.37,6.36,6.36,17145.0,38.0,6.367765
BBAI,2026-01-06 22:50:00+00:00,6.36,6.36,6.35,6.35,6400.0,59.0,6.357149
BBAI,2026-01-06 22:55:00+00:00,6.35,6.37,6.35,6.37,12320.0,48.0,6.356695
BBAI,2026-01-06 23:00:00+00:00,6.37,6.39,6.37,6.38,16209.0,57.0,6.375923
BBAI,2026-01-06 23:05:00+00:00,6.37,6.3801,6.36,6.3801,14945.0,30.0,6.366924
BBAI,2026-01-06 23:10:00+00:00,6.38,6.4,6.36,6.38,14879.0,65.0,6.37886
BBAI,2026-01-06 23:15:00+00:00,6.37,6.3816,6.37,6.38,7242.0,33.0,6.376416
BBAI,2026-01-06 23:20:00+00:00,6.39,6.39,6.37,6.37,14660.0,51.0,6.383157
BBAI,2026-01-06 23:25:00+00:00,6.3899,6.39,6.38,6.38,3867.0,27.0,6.382139
BBAI,2026-01-06 23:30:00+00:00,6.3802,6.39,6.37,6.38,7540.0,43.0,6.382123
BBAI,2026-01-06 23:35:00+00:00,6.3899,6.3899,6.38,6.38,2885.0,21.0,6.384411
BBAI,2026-01-06 23:40:00+00:00,6.38,6.3898,6.38,6.38,31814.0,53.0,6.380548
BBAI,2026-01-06 23:45:00+00:00,6.3801,6.39,6.38,6.38,6340.0,34.0,6.382562
BBAI,2026-01-06 23:50:00+00:00,6.38,6.3898,6.37,6.37,12291.0,24.0,6.381893
BBAI,2026-01-06 23:55:00+00:00,6.38,6.39,6.38,6.3899,3915.0,18.0,6.383066
BBAI,2026-01-07 00:00:00+00:00,6.3896,6.39,6.38,6.3801,5608.0,24.0,6.383333
BBAI,2026-01-07 00:05:00+00:00,6.38,6.39,6.38,6.3803,1670.0,15.0,6.386326
BBAI,2026-01-07 00:10:00+00:00,6.3801,6.39,6.38,6.39,2479.0,16.0,6.381595
BBAI,2026-01-07 00:15:00+00:00,6.3812,6.39,6.38,6.39,1892.0,27.0,6.384825
BBAI,2026-01-07 00:20:00+00:00,6.39,6.39,6.38,6.3894,7676.0,27.0,6.383418
BBAI,2026-01-07 00:25:00+00:00,6.3897,6.4,6.38,6.3995,14209.0,73.0,6.388151
BBAI,2026-01-07 00:30:00+00:00,6.39,6.3999,6.39,6.39,2618.0,24.0,6.39496
BBAI,2026-01-07 00:35:00+00:00,6.39,6.3999,6.37,6.37,9976.0,33.0,6.381928
BBAI,2026-01-07 00:40:00+00:00,6.38,6.38,6.37,6.3706,1815.0,28.0,6.375573
BBAI,2026-01-07 00:45:00+00:00,6.3744,6.39,6.3744,6.3899,1829.0,29.0,6.386714
BBAI,2026-01-07 00:50:00+00:00,6.3896,6.39,6.37,6.38,4488.0,23.0,6.37495
BBAI,2026-01-07 00:55:00+00:00,6.37,6.38,6.37,6.3784,11437.0,27.0,6.373077
BBAI,2026-01-07 09:00:00+00:00,6.36,6.37,6.33,6.36,9412.0,69.0,6.364696
BBAI,2026-01-07 09:05:00+00:00,6.35,6.35,6.33,6.33,5837.0,64.0,6.347308
BBAI,2026-01-07 09:10:00+00:00,6.33,6.33,6.29,6.32,21186.0,180.0,6.312413
BBAI,2026-01-07 09:15:00+00:00,6.31,6.31,6.3,6.3,3349.0,39.0,6.306429
BBAI,2026-01-07 09:20:00+00:00,6.31,6.31,6.31,6.31,4739.0,58.0,6.31
BBAI,2026-01-07 09:25:00+00:00,6.3,6.3,6.26,6.28,9760.0,104.0,6.283225
BBAI,2026-01-07 09:30:00+00:00,6.27,6.27,6.26,6.27,11089.0,143.0,6.262207
BBAI,2026-01-07 09:35:00+00:00,6.27,6.27,6.26,6.26,2622.0,31.0,6.268317
BBAI,2026-01-07 09:40:00+00:00,6.25,6.27,6.23,6.25,17702.0,167.0,6.248318
BBAI,2026-01-07 09:45:00+00:00,6.25,6.26,6.25,6.26,1708.0,24.0,6.256669
BBAI,2026-01-07 09:50:00+00:00,6.27,6.28,6.27,6.27,2133.0,29.0,6.270908
BBAI,2026-01-07 09:55:00+00:00,6.27,6.29,6.26,6.29,4810.0,52.0,6.268879
BBAI,2026-01-07 10:00:00+00:00,6.28,6.28,6.27,6.28,2417.0,38.0,6.277185
BBAI,2026-01-07 10:05:00+00:00,6.28,6.28,6.28,6.28,350.0,5.0,6.28
BBAI,2026-01-07 10:10:00+00:00,6.27,6.27,6.27,6.27,421.0,7.0,6.27
BBAI,2026-01-07 10:15:00+00:00,6.28,6.29,6.26,6.28,8661.0,96.0,6.276771
BBAI,2026-01-07 10:20:00+00:00,6.28,6.28,6.28,6.28,1264.0,10.0,6.28
BBAI,2026-01-07 10:25:00+00:00,6.28,6.28,6.28,6.28,429.0,9.0,6.28
BBAI,2026-01-07 10:30:00+00:00,6.27,6.27,6.27,6.27,481.0,7.0,6.27
BBAI,2026-01-07 10:35:00+00:00,6.28,6.28,6.28,6.28,2627.0,27.0,6.28
BBAI,2026-01-07 10:50:00+00:00,6.26,6.26,6.26,6.26,330.0,8.0,6.26
BBAI,2026-01-07 10:55:00+00:00,6.27,6.27,6.26,6.26,3868.0,21.0,6.269194
BBAI,2026-01-07 11:00:00+00:00,6.26,6.26,6.25,6.26,7332.0,85.0,6.253031
BBAI,2026-01-07 11:05:00+00:00,6.26,6.26,6.17,6.19,43528.0,340.0,6.21112
BBAI,2026-01-07 11:10:00+00:00,6.19,6.19,6.12,6.135,68937.0,423.0,6.151364
BBAI,2026-01-07 11:15:00+00:00,6.135,6.15,6.135,6.15,11828.0,117.0,6.145093
BBAI,2026-01-07 11:20:00+00:00,6.145,6.16,6.14,6.15,7219.0,98.0,6.154448
BBAI,2026-01-07 11:25:00+00:00,6.155,6.18,6.155,6.18,13961.0,93.0,6.173422
BBAI,2026-01-07 11:30:00+00:00,6.18,6.18,6.16,6.17,2322.0,44.0,6.170134
BBAI,2026-01-07 11:35:00+00:00,6.17,6.17,6.17,6.17,136.0,1.0,6.17
BBAI,2026-01-07 11:40:00+00:00,6.17,6.18,6.17,6.18,4937.0,70.0,6.170439
BBAI,2026-01-07 11:45:00+00:00,6.175,6.18,6.16,6.16,8514.0,53.0,6.17097
BBAI,2026-01-07 11:50:00+00:00,6.16,6.19,6.16,6.19,14257.0,108.0,6.172098
BBAI,2026-01-07 11:55:00+00:00,6.19,6.205,6.19,6.2,19188.0,88.0,6.197621
BBAI,2026-01-07 12:00:00+00:00,6.21,6.25,6.2,6.22,66780.0,361.0,6.232615
BBAI,2026-01-07 12:05:00+00:00,6.21,6.215,6.18,6.18,33533.0,135.0,6.199941
BBAI,2026-01-07 12:10:00+00:00,6.18,6.2,6.18,6.2,4254.0,54.0,6.194532
BBAI,2026-01-07 12:15:00+00:00,6.2,6.2,6.2,6.2,757.0,7.0,6.2
BBAI,2026-01-07 12:20:00+00:00,6.21,6.22,6.21,6.22,1476.0,17.0,6.217032
BBAI,2026-01-07 12:25:00+00:00,6.221,6.23,6.22,6.23,2778.0,31.0,6.222225
BBAI,2026-01-07 12:30:00+00:00,6.23,6.23,6.21,6.21,23657.0,77.0,6.224045
BBAI,2026-01-07 12:35:00+00:00,6.205,6.21,6.2,6.21,4376.0,34.0,6.208269
BBAI,2026-01-07 12:40:00+00:00,6.21,6.21,6.21,6.21,1318.0,8.0,6.21
BBAI,2026-01-07 12:45:00+00:00,6.21,6.21,6.21,6.21,470.0,5.0,6.21
BBAI,2026-01-07 12:50:00+00:00,6.22,6.22,6.215,6.215,4456.0,36.0,6.219328
BBAI,2026-01-07 12:55:00+00:00,6.21,6.21,6.19,6.19,15811.0,63.0,6.201179
BBAI,2026-01-07 13:00:00+00:00,6.24,6.37,6.13,6.1916,334113.0,1258.0,6.233971
BBAI,2026-01-07 13:05:00+00:00,6.1902,6.22,6.18,6.21,67791.0,328.0,6.198677
BBAI,2026-01-07 13:10:00+00:00,6.2,6.23,6.2,6.2199,32142.0,62.0,6.219639
BBAI,2026-01-07 13:15:00+00:00,6.21,6.23,6.2,6.2001,40233.0,100.0,6.220607
BBAI,2026-01-07 13:20:00+00:00,6.2,6.22,6.2,6.21,31413.0,148.0,6.213852
BBAI,2026-01-07 13:25:00+00:00,6.2,6.21,6.19,6.2,15024.0,117.0,6.200963
BBAI,2026-01-07 13:30:00+00:00,6.19,6.2,6.1702,6.1716,58937.0,115.0,6.182682
BBAI,2026-01-07 13:35:00+00:00,6.17,6.2,6.16,6.18,62376.0,263.0,6.175468
BBAI,2026-01-07 13:40:00+00:00,6.19,6.19,6.17,6.19,47284.0,121.0,6.182374
BBAI,2026-01-07 13:45:00+00:00,6.1899,6.19,6.17,6.1701,36506.0,87.0,6.180303
BBAI,2026-01-07 13:50:00+00:00,6.1701,6.18,6.17,6.18,34177.0,75.0,6.176138
BBAI,2026-01-07 13:55:00+00:00,6.17,6.18,6.17,6.1701,61997.0,128.0,6.175362
BBAI,2026-01-07 14:00:00+00:00,6.17,6.17,6.16,6.1601,60201.0,127.0,6.162589
BBAI,2026-01-07 14:05:00+00:00,6.1699,6.17,6.16,6.1601,18870.0,75.0,6.163428
BBAI,2026-01-07 14:10:00+00:00,6.1602,6.1602,6.13,6.14,124807.0,396.0,6.146722
BBAI,2026-01-07 14:15:00+00:00,6.1402,6.1402,6.12,6.13,112899.0,261.0,6.12856
BBAI,2026-01-07 14:20:00+00:00,6.14,6.17,6.12,6.14,79515.0,335.0,6.148155
BBAI,2026-01-07 14:25:00+00:00,6.14,6.18,6.1303,6.15,66411.0,284.0,6.151905
BBAI,2026-01-07 14:30:00+00:00,6.16,6.35,6.13,6.23,2410559.0,4592.0,6.232075
BBAI,2026-01-07 14:35:00+00:00,6.2399,6.25,6.08,6.1137,1696570.0,3890.0,6.130133
BBAI,2026-01-07 14:40:00+00:00,6.11,6.1699,6.09,6.0998,1308925.0,3069.0,6.120001
BBAI,2026-01-07 14:45:00+00:00,6.1,6.13,6.07,6.1101,1412092.0,2712.0,6.098513
BBAI,2026-01-07 14:50:00+00:00,6.11,6.135,6.09,6.11,751165.0,1285.0,6.111115
BBAI,2026-01-07 14:55:00+00:00,6.11,6.14,6.09,6.0971,712667.0,1540.0,6.113684
BBAI,2026-01-07 15:00:00+00:00,6.1,6.1,6.04,6.055,1412458.0,2722.0,6.0684
BBAI,2026-01-07 15:05:00+00:00,6.055,6.085,6.05,6.0685,788346.0,1594.0,6.065679
BBAI,2026-01-07 15:10:00+00:00,6.065,6.075,6.05,6.0561,579542.0,1162.0,6.062288
BBAI,2026-01-07 15:15:00+00:00,6.05,6.0799,6.04,6.06,832161.0,1332.0,6.061958
BBAI,2026-01-07 15:20:00+00:00,6.064,6.09,6.03,6.0401,1081237.0,1565.0,6.051713
BBAI,2026-01-07 15:25:00+00:00,6.04,6.05,6.02,6.045,958352.0,1360.0,6.037166
BBAI,2026-01-07 15:30:00+00:00,6.045,6.07,6.03,6.054,1297045.0,1351.0,6.052649
BBAI,2026-01-07 15:35:00+00:00,6.055,6.1297,6.05,6.116,1839253.0,1960.0,6.095427
BBAI,2026-01-07 15:40:00+00:00,6.12,6.15,6.12,6.131,1542918.0,1786.0,6.134981
BBAI,2026-01-07 15:45:00+00:00,6.14,6.14,6.1,6.13,923555.0,1431.0,6.119093
BBAI,2026-01-07 15:50:00+00:00,6.125,6.13,6.11,6.13,709019.0,1019.0,6.119331
BBAI,2026-01-07 15:55:00+00:00,6.13,6.15,6.125,6.138,526499.0,1062.0,6.137039
BBAI,2026-01-07 16:00:00+00:00,6.1383,6.1493,6.1102,6.1299,583876.0,1233.0,6.132283
BBAI,2026-01-07 16:05:00+00:00,6.1299,6.13,6.06,6.0668,991675.0,1712.0,6.096855
BBAI,2026-01-07 16:10:00+00:00,6.065,6.07,6.05,6.0599,615161.0,1075.0,6.060598
BBAI,2026-01-07 16:15:00+00:00,6.055,6.0699,6.05,6.0554,532636.0,1030.0,6.057856
BBAI,2026-01-07 16:20:00+00:00,6.055,6.06,6.01,6.015,730058.0,2006.0,6.030008
BBAI,2026-01-07 16:25:00+00:00,6.015,6.05,6.01,6.05,594034.0,1253.0,6.032905
BBAI,2026-01-07 16:30:00+00:00,6.0553,6.06,6.05,6.06,615892.0,968.0,6.054578
BBAI,2026-01-07 16:35:00+00:00,6.054,6.07,6.05,6.065,388000.0,872.0,6.060225
BBAI,2026-01-07 16:40:00+00:00,6.07,6.09,6.06,6.0875,787553.0,1065.0,6.076872
BBAI,2026-01-07 16:45:00+00:00,6.0859,6.12,6.085,6.105,884594.0,1161.0,6.106214
BBAI,2026-01-07 16:50:00+00:00,6.105,6.11,6.0823,6.084,442621.0,843.0,6.09714
BBAI,2026-01-07 16:55:00+00:00,6.0877,6.095,6.08,6.085,265133.0,699.0,6.086769
BBAI,2026-01-07 17:00:00+00:00,6.085,6.09,6.05,6.0598,388777.0,987.0,6.07005
BBAI,2026-01-07 17:05:00+00:00,6.055,6.08,6.05,6.075,560664.0,924.0,6.068591
BBAI,2026-01-07 17:10:00+00:00,6.08,6.08,6.05,6.05,415103.0,936.0,6.063917
BBAI,2026-01-07 17:15:00+00:00,6.0557,6.09,6.04,6.075,654911.0,1122.0,6.069831
BBAI,2026-01-07 17:20:00+00:00,6.0798,6.08,6.055,6.0601,397899.0,813.0,6.064832
BBAI,2026-01-07 17:25:00+00:00,6.065,6.08,6.06,6.0655,446723.0,884.0,6.067293
BBAI,2026-01-07 17:30:00+00:00,6.065,6.07,6.05,6.055,376536.0,749.0,6.057111
BBAI,2026-01-07 17:35:00+00:00,6.055,6.06,6.05,6.05,187963.0,646.0,6.054003
BBAI,2026-01-07 17:40:00+00:00,6.0568,6.06,6.04,6.05,359627.0,922.0,6.049813
BBAI,2026-01-07 17:45:00+00:00,6.0447,6.06,6.04,6.045,448825.0,839.0,6.04731
BBAI,2026-01-07 17:50:00+00:00,6.0486,6.05,6.02,6.035,547876.0,1139.0,6.030773
BBAI,2026-01-07 17:55:00+00:00,6.0361,6.0593,6.03,6.0549,359812.0,733.0,6.041889
BBAI,2026-01-07 18:00:00+00:00,6.055,6.0555,6.02,6.0299,423196.0,906.0,6.03031
BBAI,2026-01-07 18:05:00+00:00,6.025,6.04,6.0201,6.035,487050.0,676.0,6.030125
BBAI,2026-01-07 18:10:00+00:00,6.035,6.05,6.03,6.0465,617788.0,858.0,6.042035
BBAI,2026-01-07 18:15:00+00:00,6.045,6.05,6.03,6.0307,422100.0,694.0,6.039471
BBAI,2026-01-07 18:20:00+00:00,6.035,6.04,6.02,6.03,376270.0,778.0,6.030111
BBAI,2026-01-07 18:25:00+00:00,6.0374,6.04,6.02,6.02,356615.0,723.0,6.027631
BBAI,2026-01-07 18:30:00+00:00,6.02,6.07,6.02,6.05,973139.0,1018.0,6.051864
BBAI,2026-01-07 18:35:00+00:00,6.05,6.067,6.045,6.06,425293.0,683.0,6.055843
BBAI,2026-01-07 18:40:00+00:00,6.0662,6.08,6.06,6.06,609791.0,725.0,6.068295
BBAI,2026-01-07 18:45:00+00:00,6.065,6.08,6.05,6.075,600526.0,880.0,6.069425
BBAI,2026-01-07 18:50:00+00:00,6.08,6.08,6.07,6.075,238852.0,564.0,6.074122
BBAI,2026-01-07 18:55:00+00:00,6.07,6.08,6.0544,6.075,501246.0,897.0,6.068006
BBAI,2026-01-07 19:00:00+00:00,6.07,6.08,6.06,6.0799,563491.0,806.0,6.067527
BBAI,2026-01-07 19:05:00+00:00,6.075,6.095,6.07,6.07,521613.0,1116.0,6.083304
BBAI,2026-01-07 19:10:00+00:00,6.07,6.075,6.04,6.0639,596401.0,1084.0,6.059996
BBAI,2026-01-07 19:15:00+00:00,6.0699,6.08,6.05,6.0706,680371.0,897.0,6.064933
BBAI,2026-01-07 19:20:00+00:00,6.075,6.1,6.0747,6.095,586266.0,842.0,6.090866
BBAI,2026-01-07 19:25:00+00:00,6.095,6.105,6.09,6.1,431351.0,879.0,6.096795
BBAI,2026-01-07 19:30:00+00:00,6.105,6.15,6.1,6.14,1075975.0,1252.0,6.131705
BBAI,2026-01-07 19:35:00+00:00,6.145,6.16,6.11,6.11,805545.0,1197.0,6.136449
BBAI,2026-01-07 19:40:00+00:00,6.11,6.115,6.09,6.0936,595726.0,763.0,6.09729
BBAI,2026-01-07 19:45:00+00:00,6.1,6.12,6.09,6.1125,851446.0,854.0,6.109979
BBAI,2026-01-07 19:50:00+00:00,6.11,6.12,6.1,6.105,920703.0,866.0,6.111266
BBAI,2026-01-07 19:55:00+00:00,6.105,6.12,6.1,6.115,447882.0,728.0,6.1067
BBAI,2026-01-07 20:00:00+00:00,6.115,6.12,6.1,6.11,283126.0,662.0,6.110226
BBAI,2026-01-07 20:05:00+00:00,6.105,6.11,6.08,6.0842,375910.0,940.0,6.092838
BBAI,2026-01-07 20:10:00+00:00,6.0847,6.0872,6.05,6.05,493649.0,845.0,6.062247
BBAI,2026-01-07 20:15:00+00:00,6.0562,6.06,6.03,6.0355,783681.0,1024.0,6.040943
BBAI,2026-01-07 20:20:00+00:00,6.035,6.04,5.99,5.9989,1656395.0,2520.0,6.011162
BBAI,2026-01-07 20:25:00+00:00,5.997,6.0,5.98,5.995,934664.0,1384.0,5.990898
BBAI,2026-01-07 20:30:00+00:00,5.995,6.01,5.97,6.0,1031581.0,1492.0,5.988466
BBAI,2026-01-07 20:35:00+00:00,6.0,6.02,5.99,6.005,864189.0,1193.0,6.004999
BBAI,2026-01-07 20:40:00+00:00,6.005,6.02,6.0,6.005,609882.0,1054.0,6.010177
BBAI,2026-01-07 20:45:00+00:00,6.0086,6.03,6.0,6.005,1079829.0,1232.0,6.013855
BBAI,2026-01-07 20:50:00+00:00,6.005,6.01,5.974,5.9757,996832.0,1775.0,5.986049
BBAI,2026-01-07 20:55:00+00:00,5.975,6.01,5.96,5.9855,2401018.0,3517.0,5.981281
BBAI,2026-01-07 21:00:00+00:00,5.99,5.99,5.9503,5.9699,2037174.0,280.0,5.988646
BBAI,2026-01-07 21:05:00+00:00,5.97,5.97,5.96,5.9601,16813.0,96.0,5.96659
BBAI,2026-01-07 21:10:00+00:00,5.9697,5.9795,5.96,5.9627,16383.0,61.0,5.968393
BBAI,2026-01-07 21:15:00+00:00,5.97,5.97,5.96,5.97,23538.0,82.0,5.9684
BBAI,2026-01-07 21:20:00+00:00,5.97,5.97,5.96,5.9603,40398.0,82.0,5.963563
BBAI,2026-01-07 21:25:00+00:00,5.97,5.98,5.97,5.9799,10622.0,66.0,5.973039
BBAI,2026-01-07 21:30:00+00:00,5.97,5.99,5.94,5.95,54133.0,343.0,5.965547
BBAI,2026-01-07 21:35:00+00:00,5.94,5.96,5.94,5.96,2510040.0,133.0,5.957921
BBAI,2026-01-07 21:40:00+00:00,5.98,5.98,5.97,5.98,6353.0,25.0,5.972316
BBAI,2026-01-07 21:45:00+00:00,5.98,5.99,5.98,5.9899,8272.0,37.0,5.98721
BBAI,2026-01-07 21:50:00+00:00,5.99,5.99,5.98,5.9887,9804.0,49.0,5.986232
BBAI,2026-01-07 21:55:00+00:00,5.99,5.99,5.98,5.9803,7857.0,75.0,5.985352
BBAI,2026-01-07 22:00:00+00:00,5.99,5.99,5.98,5.98,6601.0,30.0,5.986085
BBAI,2026-01-07 22:05:00+00:00,5.99,6.0,5.9801,5.99,16194.0,56.0,5.995347
BBAI,2026-01-07 22:10:00+00:00,5.99,6.0275,5.99,6.0187,32121.0,118.0,6.012894
BBAI,2026-01-07 22:15:00+00:00,6.01,6.03,6.01,6.0101,13888.0,31.0,6.016502
BBAI,2026-01-07 22:20:00+00:00,6.0184,6.02,6.0,6.0,14397.0,86.0,6.009481
BBAI,2026-01-07 22:25:00+00:00,6.0,6.0,5.99,5.99,14287.0,22.0,5.992635
BBAI,2026-01-07 22:30:00+00:00,5.9998,6.0,5.99,6.0,3334.0,27.0,5.998594
BBAI,2026-01-07 22:35:00+00:00,5.9999,6.01,5.99,6.01,4147.0,36.0,6.001104
BBAI,2026-01-07 22:40:00+00:00,6.0097,6.01,6.0,6.0,4368.0,21.0,6.007518
BBAI,2026-01-07 22:45:00+00:00,6.0099,6.01,6.0003,6.01,10450.0,32.0,6.007079
BBAI,2026-01-07 22:50:00+00:00,6.0,6.01,6.0,6.0,6221.0,7.0,6.001129
BBAI,2026-01-07 22:55:00+00:00,6.01,6.01,6.0,6.0,1024.0,10.0,6.005476
BBAI,2026-01-07 23:00:00+00:00,6.0003,6.01,6.0003,6.01,1368.0,5.0,6.008568
BBAI,2026-01-07 23:05:00+00:00,6.0,6.0099,6.0,6.0099,2904.0,11.0,6.00482
BBAI,2026-01-07 23:10:00+00:00,6.0095,6.01,6.0,6.0,3013.0,12.0,6.004386
BBAI,2026-01-07 23:15:00+00:00,6.0,6.0099,6.0,6.0099,571.0,5.0,6.0044
BBAI,2026-01-07 23:20:00+00:00,6.0003,6.0097,6.0,6.0001,14106.0,16.0,6.000817
BBAI,2026-01-07 23:25:00+00:00,6.0,6.0192,6.0,6.0192,31267.0,53.0,6.008815
BBAI,2026-01-07 23:30:00+00:00,6.02,6.02,5.9998,5.9998,33460.0,101.0,6.000488
BBAI,2026-01-07 23:35:00+00:00,6.0,6.0,5.99,6.0,10870.0,22.0,5.994124
BBAI,2026-01-07 23:40:00+00:00,6.0,6.0,5.9999,6.0,971.0,13.0,5.999933
BBAI,2026-01-07 23:45:00+00:00,5.9905,6.0,5.9904,6.0,3644.0,7.0,5.998519
BBAI,2026-01-07 23:50:00+00:00,6.0,6.0,5.99,5.9999,5219.0,21.0,5.999377
BBAI,2026-01-07 23:55:00+00:00,6.0,6.0,5.99,6.0,3255.0,12.0,5.993275
BBAI,2026-01-08 00:00:00+00:00,6.0,6.0,5.99,6.0,1774.0,16.0,5.994559
BBAI,2026-01-08 00:05:00+00:00,5.9916,6.0,5.99,6.0,5969.0,29.0,5.992709
BBAI,2026-01-08 00:10:00+00:00,5.9984,6.0,5.98,5.98,17313.0,85.0,5.98915
BBAI,2026-01-08 00:15:00+00:00,5.9899,5.99,5.98,5.99,4291.0,29.0,5.985864
BBAI,2026-01-08 00:20:00+00:00,5.99,5.99,5.98,5.99,6676.0,28.0,5.982905
BBAI,2026-01-08 00:25:00+00:00,5.9804,5.99,5.98,5.99,2167.0,23.0,5.981817
BBAI,2026-01-08 00:30:00+00:00,5.98,5.99,5.98,5.99,3074.0,19.0,5.984628
BBAI,2026-01-08 00:35:00+00:00,5.9802,5.9816,5.98,5.98,1173.0,10.0,5.980197
BBAI,2026-01-08 00:40:00+00:00,5.98,5.99,5.98,5.98,3246.0,8.0,5.987187
BBAI,2026-01-08 00:45:00+00:00,5.9898,5.99,5.9808,5.99,8281.0,56.0,5.989576
BBAI,2026-01-08 00:50:00+00:00,5.99,6.0,5.9803,6.0,4567.0,21.0,5.99832
BBAI,2026-01-08 00:55:00+00:00,5.99,6.0,5.98,5.99,15072.0,53.0,5.992698
BBAI,2026-01-08 09:00:00+00:00,5.995,5.995,5.97,5.98,6637.0,61.0,5.986366
BBAI,2026-01-08 09:05:00+00:00,5.98,5.99,5.97,5.99,3066.0,21.0,5.982532
BBAI,2026-01-08 09:10:00+00:00,5.98,5.98,5.96,5.96,4321.0,62.0,5.961706
BBAI,2026-01-08 09:15:00+00:00,5.96,5.96,5.94,5.94,4549.0,39.0,5.948538
BBAI,2026-01-08 09:20:00+00:00,5.95,5.95,5.95,5.95,379.0,71.0,5.95
BBAI,2026-01-08 09:25:00+00:00,5.95,5.95,5.95,5.95,919.0,62.0,5.95
BBAI,2026-01-08 09:30:00+00:00,5.95,5.95,5.93,5.93,2400.0,31.0,5.937351
BBAI,2026-01-08 09:40:00+00:00,5.93,5.935,5.93,5.93,7869.0,24.0,5.930148
BBAI,2026-01-08 09:45:00+00:00,5.93,5.93,5.92,5.93,9758.0,27.0,5.922363
BBAI,2026-01-08 09:55:00+00:00,5.93,5.93,5.93,5.93,766.0,8.0,5.93
BBAI,2026-01-08 10:00:00+00:00,5.93,5.93,5.93,5.93,139.0,4.0,5.93
BBAI,2026-01-08 10:05:00+00:00,5.92,5.93,5.92,5.93,608.0,17.0,5.926164
BBAI,2026-01-08 10:10:00+00:00,5.93,5.93,5.93,5.93,628.0,18.0,5.93
BBAI,2026-01-08 10:15:00+00:00,5.93,5.93,5.92,5.92,2448.0,17.0,5.922326
BBAI,2026-01-08 10:20:00+00:00,5.92,5.92,5.92,5.92,457.0,4.0,5.92
BBAI,2026-01-08 10:25:00+00:00,5.93,5.93,5.93,5.93,343.0,9.0,5.93
BBAI,2026-01-08 10:40:00+00:00,5.92,5.94,5.92,5.94,2519.0,33.0,5.929732
BBAI,2026-01-08 10:45:00+00:00,5.94,5.94,5.94,5.94,639.0,17.0,5.94
BBAI,2026-01-08 10:50:00+00:00,5.945,5.95,5.945,5.95,997.0,8.0,5.948449
BBAI,2026-01-08 10:55:00+00:00,5.945,5.955,5.945,5.955,13670.0,38.0,5.949995
BBAI,2026-01-08 11:05:00+00:00,5.95,5.96,5.95,5.95,2069.0,28.0,5.953819
BBAI,2026-01-08 11:10:00+00:00,5.95,5.96,5.95,5.96,396.0,6.0,5.956304
BBAI,2026-01-08 11:20:00+00:00,5.96,5.96,5.96,5.96,2884.0,32.0,5.96
BBAI,2026-01-08 11:30:00+00:00,5.96,5.96,5.94,5.95,6606.0,92.0,5.951829
BBAI,2026-01-08 11:35:00+00:00,5.96,5.96,5.96,5.96,217.0,3.0,5.96
BBAI,2026-01-08 11:40:00+00:00,5.97,5.97,5.97,5.97,144.0,6.0,5.97
BBAI,2026-01-08 11:50:00+00:00,5.97,5.97,5.97,5.97,229.0,3.0,5.97
BBAI,2026-01-08 11:55:00+00:00,5.96,5.97,5.96,5.97,379.0,7.0,5.966689
BBAI,2026-01-08 12:00:00+00:00,5.96,5.98,5.96,5.98,15146.0,97.0,5.968556
BBAI,2026-01-08 12:05:00+00:00,5.98,5.99,5.98,5.98,1099.0,14.0,5.982135
BBAI,2026-01-08 12:10:00+00:00,5.99,6.0,5.99,6.0,4804.0,28.0,5.998772
BBAI,2026-01-08 12:15:00+00:00,6.0,6.0,6.0,6.0,1250.0,3.0,6.0
BBAI,2026-01-08 12:20:00+00:00,6.0,6.0,5.99,6.0,5102.0,48.0,5.99556
BBAI,2026-01-08 12:25:00+00:00,5.99,6.0,5.99,5.99,2339.0,19.0,5.990952
BBAI,2026-01-08 12:30:00+00:00,5.99,5.99,5.98,5.98,5664.0,35.0,5.981819
BBAI,2026-01-08 12:40:00+00:00,5.99,5.99,5.975,5.98,5320.0,48.0,5.98413
BBAI,2026-01-08 12:45:00+00:00,5.98,5.99,5.98,5.99,2836.0,25.0,5.986858
BBAI,2026-01-08 12:55:00+00:00,5.99,5.99,5.98,5.99,1101.0,14.0,5.987027
BBAI,2026-01-08 13:00:00+00:00,5.99,6.0,5.9,6.0,208821.0,1057.0,5.973031
BBAI,2026-01-08 13:05:00+00:00,5.9999,6.03,5.99,6.03,134463.0,132.0,6.003893
BBAI,2026-01-08 13:10:00+00:00,6.0197,6.09,6.01,6.04,51250.0,303.0,6.032979
BBAI,2026-01-08 13:15:00+00:00,6.04,6.1,6.03,6.1,56313.0,286.0,6.063639
BBAI,2026-01-08 13:20:00+00:00,6.09,6.0913,6.04,6.04,70578.0,341.0,6.066778
BBAI,2026-01-08 13:25:00+00:00,6.05,6.07,6.0416,6.0602,19219.0,97.0,6.060588
BBAI,2026-01-08 13:30:00+00:00,6.06,6.07,6.05,6.06,19488.0,89.0,6.062768
BBAI,2026-01-08 13:35:00+00:00,6.05,6.0697,6.05,6.06,28734.0,55.0,6.052603
BBAI,2026-01-08 13:40:00+00:00,6.0502,6.06,6.03,6.0301,37400.0,103.0,6.040098
BBAI,2026-01-08 13:45:00+00:00,6.03,6.04,6.01,6.02,31820.0,119.0,6.030459
BBAI,2026-01-08 13:50:00+00:00,6.02,6.02,6.01,6.0105,8700.0,44.0,6.016779
BBAI,2026-01-08 13:55:00+00:00,6.0199,6.02,6.01,6.01,27497.0,55.0,6.018904
BBAI,2026-01-08 14:00:00+00:00,6.01,6.02,6.01,6.02,4364.0,40.0,6.013678
BBAI,2026-01-08 14:05:00+00:00,6.01,6.02,6.01,6.0111,23909.0,76.0,6.016712
BBAI,2026-01-08 14:10:00+00:00,6.02,6.02,6.01,6.02,23684.0,49.0,6.019812
BBAI,2026-01-08 14:15:00+00:00,6.01,6.02,6.01,6.02,22181.0,54.0,6.012415
BBAI,2026-01-08 14:20:00+00:00,6.01,6.02,6.0,6.01,33147.0,102.0,6.009942
BBAI,2026-01-08 14:25:00+00:00,6.0,6.0,5.95,5.9599,74140.0,346.0,5.976508
BBAI,2026-01-08 14:30:00+00:00,5.95,6.1,5.9,6.0538,1682938.0,3532.0,5.995357
BBAI,2026-01-08 14:35:00+00:00,6.056,6.15,6.02,6.15,1123130.0,2317.0,6.103733
BBAI,2026-01-08 14:40:00+00:00,6.145,6.225,6.12,6.1299,1992684.0,3532.0,6.167677
BBAI,2026-01-08 14:45:00+00:00,6.122,6.27,6.12,6.25,1854778.0,3089.0,6.214524
BBAI,2026-01-08 14:50:00+00:00,6.2599,6.26,6.15,6.1697,1246797.0,2436.0,6.195972
BBAI,2026-01-08 14:55:00+00:00,6.165,6.175,6.11,6.1111,580432.0,1512.0,6.150773
BBAI,2026-01-08 15:00:00+00:00,6.11,6.12,6.06,6.1046,969965.0,2347.0,6.096727
BBAI,2026-01-08 15:05:00+00:00,6.1098,6.1499,6.06,6.0901,666734.0,1453.0,6.094796
BBAI,2026-01-08 15:10:00+00:00,6.0977,6.15,6.085,6.135,487846.0,1094.0,6.120163
BBAI,2026-01-08 15:15:00+00:00,6.1397,6.195,6.13,6.18,759475.0,1697.0,6.166204
BBAI,2026-01-08 15:20:00+00:00,6.18,6.24,6.165,6.21,735575.0,1661.0,6.202148
BBAI,2026-01-08 15:25:00+00:00,6.215,6.2411,6.17,6.23,649726.0,1725.0,6.213085
BBAI,2026-01-08 15:30:00+00:00,6.22,6.24,6.2,6.2,514302.0,1498.0,6.220046
BBAI,2026-01-08 15:35:00+00:00,6.2073,6.2073,6.13,6.135,402234.0,1180.0,6.155563
BBAI,2026-01-08 15:40:00+00:00,6.131,6.18,6.1142,6.12,597347.0,1351.0,6.141151
BBAI,2026-01-08 15:45:00+00:00,6.1199,6.13,6.06,6.075,1082780.0,1822.0,6.090092
BBAI,2026-01-08 15:50:00+00:00,6.075,6.0899,6.06,6.065,671030.0,1158.0,6.068823
BBAI,2026-01-08 15:55:00+00:00,6.065,6.15,6.06,6.1487,831413.0,1193.0,6.100419
BBAI,2026-01-08 16:00:00+00:00,6.14,6.17,6.14,6.1532,657880.0,1058.0,6.153392
BBAI,2026-01-08 16:05:00+00:00,6.155,6.1556,6.12,6.13,395785.0,678.0,6.132547
BBAI,2026-01-08 16:10:00+00:00,6.122,6.185,6.12,6.165,867144.0,1076.0,6.164543
BBAI,2026-01-08 16:15:00+00:00,6.1653,6.1754,6.15,6.165,452694.0,782.0,6.162954
BBAI,2026-01-08 16:20:00+00:00,6.165,6.245,6.16,6.22,1086650.0,1601.0,6.207205
BBAI,2026-01-08 16:25:00+00:00,6.23,6.28,6.21,6.255,1391632.0,1752.0,6.245057
BBAI,2026-01-08 16:30:00+00:00,6.255,6.28,6.245,6.26,847114.0,1327.0,6.260953
BBAI,2026-01-08 16:35:00+00:00,6.2523,6.26,6.21,6.215,811244.0,1299.0,6.238397
BBAI,2026-01-08 16:40:00+00:00,6.215,6.26,6.205,6.2556,1010404.0,1064.0,6.237497
BBAI,2026-01-08 16:45:00+00:00,6.255,6.2552,6.23,6.245,608189.0,911.0,6.243962
BBAI,2026-01-08 16:50:00+00:00,6.245,6.27,6.23,6.235,366327.0,891.0,6.244747
BBAI,2026-01-08 16:55:00+00:00,6.235,6.25,6.221,6.245,241847.0,693.0,6.237554
BBAI,2026-01-08 17:00:00+00:00,6.2457,6.2457,6.21,6.2251,313069.0,697.0,6.226323
BBAI,2026-01-08 17:05:00+00:00,6.225,6.235,6.21,6.225,231861.0,641.0,6.222609
BBAI,2026-01-08 17:10:00+00:00,6.2247,6.245,6.22,6.235,401109.0,616.0,6.233166
BBAI,2026-01-08 17:15:00+00:00,6.24,6.24,6.21,6.225,346703.0,644.0,6.222039
BBAI,2026-01-08 17:20:00+00:00,6.2234,6.2251,6.1944,6.205,334889.0,703.0,6.208154
BBAI,2026-01-08 17:25:00+00:00,6.2,6.21,6.16,6.1601,395502.0,817.0,6.182513
BBAI,2026-01-08 17:30:00+00:00,6.165,6.175,6.13,6.13,401195.0,901.0,6.152816
BBAI,2026-01-08 17:35:00+00:00,6.13,6.15,6.115,6.14,617241.0,1223.0,6.129825
BBAI,2026-01-08 17:40:00+00:00,6.1489,6.18,6.14,6.1639,595890.0,793.0,6.163855
BBAI,2026-01-08 17:45:00+00:00,6.1682,6.18,6.16,6.175,323544.0,514.0,6.168974
BBAI,2026-01-08 17:50:00+00:00,6.1766,6.21,6.17,6.195,633544.0,1239.0,6.191489
BBAI,2026-01-08 17:55:00+00:00,6.1903,6.21,6.18,6.205,986973.0,852.0,6.196117
BBAI,2026-01-08 18:00:00+00:00,6.2039,6.21,6.19,6.195,495798.0,628.0,6.197782
BBAI,2026-01-08 18:05:00+00:00,6.19,6.21,6.173,6.1799,638208.0,772.0,6.191094
BBAI,2026-01-08 18:10:00+00:00,6.1768,6.18,6.15,6.165,643741.0,648.0,6.166061
BBAI,2026-01-08 18:15:00+00:00,6.16,6.19,6.15,6.19,945321.0,758.0,6.165447
BBAI,2026-01-08 18:20:00+00:00,6.185,6.2,6.18,6.1813,631624.0,584.0,6.188389
BBAI,2026-01-08 18:25:00+00:00,6.185,6.19,6.17,6.175,512068.0,636.0,6.180276
BBAI,2026-01-08 18:30:00+00:00,6.1769,6.18,6.15,6.1555,357907.0,682.0,6.169066
BBAI,2026-01-08 18:35:00+00:00,6.1599,6.165,6.15,6.1506,251230.0,594.0,6.156835
BBAI,2026-01-08 18:40:00+00:00,6.1527,6.18,6.145,6.18,639544.0,885.0,6.16077
BBAI,2026-01-08 18:45:00+00:00,6.1745,6.18,6.1551,6.1599,551368.0,848.0,6.170307
BBAI,2026-01-08 18:50:00+00:00,6.154,6.1697,6.15,6.1501,236669.0,474.0,6.156682
BBAI,2026-01-08 18:55:00+00:00,6.15,6.1699,6.13,6.1501,425129.0,764.0,6.149339
BBAI,2026-01-08 19:00:00+00:00,6.16,6.2,6.16,6.185,857681.0,721.0,6.179459
BBAI,2026-01-08 19:05:00+00:00,6.19,6.2,6.19,6.194,232978.0,438.0,6.193149
BBAI,2026-01-08 19:10:00+00:00,6.195,6.195,6.17,6.1799,400062.0,647.0,6.182254
BBAI,2026-01-08 19:15:00+00:00,6.18,6.19,6.16,6.18,603742.0,823.0,6.168979
BBAI,2026-01-08 19:20:00+00:00,6.17,6.22,6.17,6.2005,570162.0,953.0,6.204053
BBAI,2026-01-08 19:25:00+00:00,6.2047,6.22,6.2,6.22,337916.0,754.0,6.208459
BBAI,2026-01-08 19:30:00+00:00,6.215,6.2386,6.19,6.195,618475.0,791.0,6.21289
BBAI,2026-01-08 19:35:00+00:00,6.1932,6.2,6.16,6.17,648805.0,729.0,6.180571
BBAI,2026-01-08 19:40:00+00:00,6.175,6.18,6.16,6.175,688095.0,572.0,6.171649
BBAI,2026-01-08 19:45:00+00:00,6.18,6.21,6.18,6.2058,809729.0,626.0,6.193508
BBAI,2026-01-08 19:50:00+00:00,6.205,6.22,6.19,6.2145,1013876.0,763.0,6.207912
BBAI,2026-01-08 19:55:00+00:00,6.215,6.2155,6.18,6.21,698120.0,766.0,6.196918
BBAI,2026-01-08 20:00:00+00:00,6.205,6.2054,6.15,6.175,702332.0,800.0,6.173452
BBAI,2026-01-08 20:05:00+00:00,6.175,6.18,6.16,6.1719,638013.0,610.0,6.171935
BBAI,2026-01-08 20:10:00+00:00,6.1786,6.19,6.16,6.175,907413.0,780.0,6.17347
BBAI,2026-01-08 20:15:00+00:00,6.1753,6.18,6.14,6.165,1316579.0,1177.0,6.155036
BBAI,2026-01-08 20:20:00+00:00,6.1664,6.1753,6.15,6.15,1125385.0,945.0,6.161741
BBAI,2026-01-08 20:25:00+00:00,6.149,6.16,6.14,6.155,662407.0,615.0,6.149942
BBAI,2026-01-08 20:30:00+00:00,6.155,6.16,6.14,6.145,421329.0,786.0,6.151998
BBAI,2026-01-08 20:35:00+00:00,6.145,6.15,6.11,6.115,716897.0,1032.0,6.128623
BBAI,2026-01-08 20:40:00+00:00,6.11,6.1253,6.1,6.105,744733.0,1069.0,6.11451
BBAI,2026-01-08 20:45:00+00:00,6.105,6.14,6.1049,6.135,917205.0,1123.0,6.127372
BBAI,2026-01-08 20:50:00+00:00,6.14,6.16,6.11,6.15,1645489.0,1512.0,6.134915
BBAI,2026-01-08 20:55:00+00:00,6.155,6.1857,6.15,6.165,2414394.0,3657.0,6.167899
BBAI,2026-01-08 21:00:00+00:00,6.16,6.21,6.16,6.2,1528256.0,237.0,6.172841
BBAI,2026-01-08 21:05:00+00:00,6.15,6.19,6.15,6.1702,11615.0,46.0,6.172545
BBAI,2026-01-08 21:10:00+00:00,6.17,6.18,6.17,6.17,9338.0,46.0,6.175444
BBAI,2026-01-08 21:15:00+00:00,6.1793,6.1793,6.1701,6.1781,867.0,10.0,6.17657
BBAI,2026-01-08 21:20:00+00:00,6.18,6.18,6.17,6.1794,21461.0,24.0,6.176791
BBAI,2026-01-08 21:25:00+00:00,6.17,6.18,6.17,6.17,4762.0,21.0,6.172154
BBAI,2026-01-08 21:30:00+00:00,6.17,6.18,6.17,6.18,4523.0,20.0,6.170345
BBAI,2026-01-08 21:35:00+00:00,6.17,6.18,6.17,6.17,5299.0,18.0,6.174483
BBAI,2026-01-08 21:40:00+00:00,6.17,6.1702,6.15,6.16,20021.0,90.0,6.166187
BBAI,2026-01-08 21:45:00+00:00,6.17,6.18,6.16,6.1614,5810.0,34.0,6.164539
BBAI,2026-01-08 21:50:00+00:00,6.18,6.18,6.1608,6.18,2404.0,14.0,6.169629
BBAI,2026-01-08 21:55:00+00:00,6.18,6.18,6.17,6.1786,6193.0,20.0,6.171223
BBAI,2026-01-08 22:00:00+00:00,6.17,6.1701,6.16,6.17,3136.0,27.0,6.169348
BBAI,2026-01-08 22:05:00+00:00,6.1789,6.18,6.17,6.1799,6261.0,23.0,6.175049
BBAI,2026-01-08 22:10:00+00:00,6.1798,6.1798,6.17,6.1703,6901.0,18.0,6.177331
BBAI,2026-01-08 22:15:00+00:00,6.17,6.18,6.17,6.18,3379.0,27.0,6.170678
BBAI,2026-01-08 22:20:00+00:00,6.1702,6.18,6.17,6.17,6457.0,36.0,6.170441
BBAI,2026-01-08 22:25:00+00:00,6.1602,6.17,6.16,6.17,5934.0,13.0,6.160363
BBAI,2026-01-08 22:30:00+00:00,6.16,6.17,6.16,6.16,4384.0,11.0,6.162757
BBAI,2026-01-08 22:35:00+00:00,6.17,6.17,6.16,6.1698,2929.0,12.0,6.168914
BBAI,2026-01-08 22:40:00+00:00,6.1601,6.1684,6.16,6.1684,1515.0,4.0,6.16114
BBAI,2026-01-08 22:45:00+00:00,6.1684,6.1684,6.16,6.16,2625.0,13.0,6.162976
BBAI,2026-01-08 22:50:00+00:00,6.17,6.17,6.16,6.16,1610.0,9.0,6.166936
BBAI,2026-01-08 22:55:00+00:00,6.1603,6.17,6.16,6.16,49753.0,36.0,6.160059
BBAI,2026-01-08 23:00:00+00:00,6.16,6.16,6.15,6.16,63641.0,12.0,6.156695
BBAI,2026-01-08 23:05:00+00:00,6.16,6.16,6.15,6.15,6011.0,11.0,6.150437
BBAI,2026-01-08 23:10:00+00:00,6.16,6.16,6.15,6.16,6376.0,12.0,6.158426
BBAI,2026-01-08 23:15:00+00:00,6.15,6.16,6.15,6.16,3609.0,15.0,6.15942
BBAI,2026-01-08 23:20:00+00:00,6.1501,6.1501,6.15,6.1501,5542.0,9.0,6.150006
BBAI,2026-01-08 23:25:00+00:00,6.15,6.1502,6.15,6.1502,207.0,5.0,6.1501
BBAI,2026-01-08 23:30:00+00:00,6.15,6.15,6.15,6.15,764.0,6.0,6.15
BBAI,2026-01-08 23:35:00+00:00,6.15,6.15,6.14,6.15,1678.0,21.0,6.145384
BBAI,2026-01-08 23:40:00+00:00,6.15,6.1501,6.14,6.14,13409.0,22.0,6.143125
BBAI,2026-01-08 23:45:00+00:00,6.15,6.1502,6.15,6.1502,3216.0,7.0,6.150119
BBAI,2026-01-08 23:50:00+00:00,6.15,6.16,6.15,6.16,4227.0,11.0,6.154762
BBAI,2026-01-08 23:55:00+00:00,6.15,6.15,6.1401,6.1401,7007.0,21.0,6.149708
BBAI,2026-01-09 00:00:00+00:00,6.1401,6.15,6.14,6.1402,3211.0,15.0,6.140423
BBAI,2026-01-09 00:05:00+00:00,6.14,6.14,6.13,6.13,8097.0,31.0,6.138332
BBAI,2026-01-09 00:10:00+00:00,6.13,6.14,6.13,6.13,2958.0,15.0,6.134297
BBAI,2026-01-09 00:15:00+00:00,6.14,6.14,6.13,6.14,5812.0,8.0,6.137834
BBAI,2026-01-09 00:20:00+00:00,6.14,6.14,6.13,6.13,4203.0,12.0,6.136419
BBAI,2026-01-09 00:25:00+00:00,6.1303,6.1303,6.13,6.13,308.0,4.0,6.130121
BBAI,2026-01-09 00:30:00+00:00,6.1312,6.1314,6.13,6.13,1819.0,11.0,6.130251
BBAI,2026-01-09 00:35:00+00:00,6.1313,6.14,6.1301,6.14,1661.0,12.0,6.136467
BBAI,2026-01-09 00:40:00+00:00,6.13,6.1303,6.13,6.1303,3275.0,4.0,6.13002
BBAI,2026-01-09 00:45:00+00:00,6.14,6.14,6.13,6.13,3676.0,13.0,6.130333
BBAI,2026-01-09 00:50:00+00:00,6.13,6.1305,6.13,6.1303,6646.0,19.0,6.130071
BBAI,2026-01-09 00:55:00+00:00,6.1301,6.14,6.13,6.14,16680.0,22.0,6.133473
BBAI,2026-01-09 09:00:00+00:00,6.17,6.17,6.17,6.17,1584.0,22.0,6.17
BBAI,2026-01-09 09:05:00+00:00,6.16,6.16,6.16,6.16,149.0,6.0,6.16
BBAI,2026-01-09 09:10:00+00:00,6.165,6.165,6.165,6.165,158.0,4.0,6.165
BBAI,2026-01-09 09:15:00+00:00,6.16,6.17,6.16,6.17,3238.0,28.0,6.167555
BBAI,2026-01-09 09:20:00+00:00,6.17,6.17,6.17,6.17,102.0,3.0,6.17
BBAI,2026-01-09 09:30:00+00:00,6.19,6.19,6.18,6.18,996.0,37.0,6.185312
BBAI,2026-01-09 09:35:00+00:00,6.19,6.19,6.19,6.19,1375.0,36.0,6.19
BBAI,2026-01-09 09:40:00+00:00,6.2,6.2,6.2,6.2,773.0,6.0,6.2
BBAI,2026-01-09 09:50:00+00:00,6.2,6.2,6.2,6.2,751.0,22.0,6.2
BBAI,2026-01-09 10:00:00+00:00,6.2,6.2,6.2,6.2,1168.0,30.0,6.2
BBAI,2026-01-09 10:10:00+00:00,6.2,6.2,6.2,6.2,489.0,2.0,6.2
BBAI,2026-01-09 10:20:00+00:00,6.2,6.2,6.2,6.2,1974.0,22.0,6.2
BBAI,2026-01-09 10:30:00+00:00,6.2,6.21,6.2,6.21,1425.0,15.0,6.202394
BBAI,2026-01-09 10:35:00+00:00,6.21,6.21,6.21,6.21,161.0,2.0,6.21
BBAI,2026-01-09 10:45:00+00:00,6.2,6.2,6.2,6.2,313.0,7.0,6.2
BBAI,2026-01-09 11:00:00+00:00,6.19,6.19,6.19,6.19,951.0,16.0,6.19
BBAI,2026-01-09 11:05:00+00:00,6.18,6.2,6.18,6.19,1820.0,16.0,6.190354
BBAI,2026-01-09 11:10:00+00:00,6.19,6.2,6.19,6.2,1040.0,22.0,6.197179
BBAI,2026-01-09 11:15:00+00:00,6.2,6.2,6.2,6.2,3941.0,20.0,6.2
BBAI,2026-01-09 11:20:00+00:00,6.21,6.22,6.21,6.22,1676.0,22.0,6.210841
BBAI,2026-01-09 11:25:00+00:00,6.21,6.22,6.2,6.21,2731.0,32.0,6.209923
BBAI,2026-01-09 11:35:00+00:00,6.21,6.21,6.21,6.21,2340.0,17.0,6.21
BBAI,2026-01-09 11:40:00+00:00,6.23,6.23,6.22,6.22,1675.0,31.0,6.223081
BBAI,2026-01-09 11:50:00+00:00,6.22,6.22,6.21,6.21,3000.0,34.0,6.218705
BBAI,2026-01-09 11:55:00+00:00,6.215,6.215,6.19,6.19,22037.0,39.0,6.199839
BBAI,2026-01-09 12:00:00+00:00,6.18,6.21,6.18,6.21,17568.0,131.0,6.190133
BBAI,2026-01-09 12:05:00+00:00,6.21,6.22,6.21,6.22,3100.0,20.0,6.219471
BBAI,2026-01-09 12:10:00+00:00,6.22,6.22,6.2,6.22,14433.0,71.0,6.211093
BBAI,2026-01-09 12:15:00+00:00,6.22,6.225,6.21,6.22,3254.0,45.0,6.21816
BBAI,2026-01-09 12:20:00+00:00,6.22,6.22,6.2,6.21,4377.0,58.0,6.206092
BBAI,2026-01-09 12:25:00+00:00,6.22,6.22,6.21,6.21,1303.0,12.0,6.218234
BBAI,2026-01-09 12:30:00+00:00,6.21,6.21,6.21,6.21,350.0,4.0,6.21
BBAI,2026-01-09 12:35:00+00:00,6.21,6.219,6.201,6.219,1638.0,39.0,6.207337
BBAI,2026-01-09 12:40:00+00:00,6.21,6.21,6.21,6.21,250.0,2.0,6.21
BBAI,2026-01-09 12:45:00+00:00,6.21,6.21,6.21,6.21,2865.0,27.0,6.21
BBAI,2026-01-09 12:50:00+00:00,6.21,6.22,6.21,6.21,6372.0,24.0,6.213363
BBAI,2026-01-09 13:00:00+00:00,6.22,6.23,6.14,6.2099,163203.0,727.0,6.206444
BBAI,2026-01-09 13:05:00+00:00,6.2082,6.22,6.2002,6.21,13402.0,31.0,6.212689
BBAI,2026-01-09 13:10:00+00:00,6.2183,6.22,6.21,6.21,8206.0,36.0,6.215721
BBAI,2026-01-09 13:15:00+00:00,6.22,6.22,6.21,6.21,8397.0,48.0,6.215468
BBAI,2026-01-09 13:20:00+00:00,6.22,6.22,6.2101,6.2197,5746.0,33.0,6.219413
BBAI,2026-01-09 13:25:00+00:00,6.2199,6.2294,6.21,6.2294,15356.0,40.0,6.22037
BBAI,2026-01-09 13:30:00+00:00,6.23,6.25,6.22,6.23,24470.0,113.0,6.23384
BBAI,2026-01-09 13:35:00+00:00,6.23,6.25,6.23,6.25,46773.0,118.0,6.242804
BBAI,2026-01-09 13:40:00+00:00,6.2499,6.25,6.23,6.2497,56210.0,69.0,6.244994
BBAI,2026-01-09 13:45:00+00:00,6.25,6.25,6.2003,6.2003,75269.0,156.0,6.221801
BBAI,2026-01-09 13:50:00+00:00,6.2,6.23,6.2,6.23,45891.0,156.0,6.217716
BBAI,2026-01-09 13:55:00+00:00,6.23,6.23,6.22,6.2201,11915.0,30.0,6.229167
BBAI,2026-01-09 14:00:00+00:00,6.22,6.23,6.22,6.22,23921.0,60.0,6.220645
BBAI,2026-01-09 14:05:00+00:00,6.21,6.2188,6.2,6.21,13098.0,98.0,6.204471
BBAI,2026-01-09 14:10:00+00:00,6.21,6.21,6.2,6.2,8447.0,57.0,6.205858
BBAI,2026-01-09 14:15:00+00:00,6.21,6.23,6.18,6.2001,115452.0,366.0,6.215191
BBAI,2026-01-09 14:20:00+00:00,6.2,6.21,6.1841,6.1841,52062.0,219.0,6.202459
BBAI,2026-01-09 14:25:00+00:00,6.19,6.23,6.17,6.23,93104.0,267.0,6.203516
BBAI,2026-01-09 14:30:00+00:00,6.24,6.27,6.19,6.265,1359784.0,2470.0,6.24
BBAI,2026-01-09 14:35:00+00:00,6.27,6.47,6.22,6.3703,3484436.0,7234.0,6.368114
BBAI,2026-01-09 14:40:00+00:00,6.3701,6.47,6.37,6.425,1701990.0,3862.0,6.422239
BBAI,2026-01-09 14:45:00+00:00,6.425,6.51,6.35,6.385,2300679.0,4304.0,6.451617
BBAI,2026-01-09 14:50:00+00:00,6.3851,6.45,6.37,6.4398,1247051.0,2105.0,6.399809
BBAI,2026-01-09 14:55:00+00:00,6.439,6.45,6.38,6.42,782208.0,1560.0,6.428703
BBAI,2026-01-09 15:00:00+00:00,6.415,6.415,6.305,6.34,1274534.0,2463.0,6.359634
BBAI,2026-01-09 15:05:00+00:00,6.345,6.385,6.31,6.345,1046447.0,2229.0,6.345693
BBAI,2026-01-09 15:10:00+00:00,6.345,6.375,6.31,6.32,786584.0,1536.0,6.341791
BBAI,2026-01-09 15:15:00+00:00,6.3199,6.32,6.28,6.305,1995161.0,1620.0,6.304547
BBAI,2026-01-09 15:20:00+00:00,6.3046,6.38,6.3038,6.3503,3831316.0,1499.0,6.348429
BBAI,2026-01-09 15:25:00+00:00,6.355,6.4,6.34,6.395,982507.0,1651.0,6.375219
BBAI,2026-01-09 15:30:00+00:00,6.395,6.47,6.38,6.4631,1297244.0,2339.0,6.430735
BBAI,2026-01-09 15:35:00+00:00,6.465,6.48,6.41,6.4134,1082793.0,2106.0,6.446247
BBAI,2026-01-09 15:40:00+00:00,6.42,6.42,6.35,6.355,942270.0,2228.0,6.376001
BBAI,2026-01-09 15:45:00+00:00,6.355,6.38,6.3,6.31,802795.0,1648.0,6.336799
BBAI,2026-01-09 15:50:00+00:00,6.315,6.3155,6.22,6.2346,1221799.0,2009.0,6.259314
BBAI,2026-01-09 15:55:00+00:00,6.2314,6.3099,6.23,6.3,881102.0,1465.0,6.260057
BBAI,2026-01-09 16:00:00+00:00,6.305,6.32,6.28,6.305,611072.0,1265.0,6.300403
BBAI,2026-01-09 16:05:00+00:00,6.31,6.32,6.28,6.3,725178.0,1204.0,6.303452
BBAI,2026-01-09 16:10:00+00:00,6.3015,6.335,6.28,6.33,700348.0,1410.0,6.307793
BBAI,2026-01-09 16:15:00+00:00,6.3303,6.345,6.31,6.3126,823191.0,1264.0,6.330484
BBAI,2026-01-09 16:20:00+00:00,6.31,6.35,6.31,6.34,473295.0,759.0,6.330311
BBAI,2026-01-09 16:25:00+00:00,6.3401,6.35,6.32,6.34,307448.0,809.0,6.334938
BBAI,2026-01-09 16:30:00+00:00,6.338,6.345,6.3,6.305,322220.0,768.0,6.319768
BBAI,2026-01-09 16:35:00+00:00,6.303,6.31,6.28,6.31,354110.0,744.0,6.294027
BBAI,2026-01-09 16:40:00+00:00,6.31,6.31,6.29,6.31,270627.0,719.0,6.30382
BBAI,2026-01-09 16:45:00+00:00,6.31,6.335,6.3,6.335,450505.0,757.0,6.31838
BBAI,2026-01-09 16:50:00+00:00,6.33,6.375,6.33,6.365,760598.0,1210.0,6.352791
BBAI,2026-01-09 16:55:00+00:00,6.3663,6.4,6.36,6.395,547971.0,1025.0,6.379864
BBAI,2026-01-09 17:00:00+00:00,6.4,6.42,6.39,6.395,972082.0,1371.0,6.404693
BBAI,2026-01-09 17:05:00+00:00,6.395,6.43,6.39,6.415,614754.0,1040.0,6.41379
BBAI,2026-01-09 17:10:00+00:00,6.415,6.42,6.39,6.397,493714.0,1029.0,6.401906
BBAI,2026-01-09 17:15:00+00:00,6.3951,6.4,6.37,6.37,413470.0,972.0,6.383062
BBAI,2026-01-09 17:20:00+00:00,6.375,6.42,6.37,6.415,443798.0,902.0,6.40208
BBAI,2026-01-09 17:25:00+00:00,6.415,6.42,6.39,6.395,391395.0,911.0,6.403875
BBAI,2026-01-09 17:30:00+00:00,6.394,6.43,6.39,6.4229,631793.0,875.0,6.415015
BBAI,2026-01-09 17:35:00+00:00,6.43,6.43,6.405,6.41,342781.0,990.0,6.417836
BBAI,2026-01-09 17:40:00+00:00,6.415,6.43,6.4,6.42,405690.0,965.0,6.417337
BBAI,2026-01-09 17:45:00+00:00,6.42,6.4248,6.39,6.3999,429839.0,914.0,6.406734
BBAI,2026-01-09 17:50:00+00:00,6.3926,6.4,6.36,6.3742,688583.0,1368.0,6.371854
BBAI,2026-01-09 17:55:00+00:00,6.375,6.379,6.36,6.365,145855.0,602.0,6.367661
BBAI,2026-01-09 18:00:00+00:00,6.36,6.36,6.27,6.27,921374.0,1383.0,6.313135
BBAI,2026-01-09 18:05:00+00:00,6.2701,6.29,6.26,6.26,583078.0,866.0,6.275066
BBAI,2026-01-09 18:10:00+00:00,6.26,6.28,6.26,6.265,328366.0,650.0,6.267207
BBAI,2026-01-09 18:15:00+00:00,6.2686,6.27,6.22,6.234,667843.0,1091.0,6.244418
BBAI,2026-01-09 18:20:00+00:00,6.24,6.25,6.23,6.24,875437.0,990.0,6.239986
BBAI,2026-01-09 18:25:00+00:00,6.245,6.25,6.22,6.2285,467723.0,693.0,6.230741
BBAI,2026-01-09 18:30:00+00:00,6.2285,6.24,6.21,6.2386,597834.0,794.0,6.22309
BBAI,2026-01-09 18:35:00+00:00,6.2399,6.27,6.23,6.265,776604.0,1114.0,6.24518
BBAI,2026-01-09 18:40:00+00:00,6.2637,6.28,6.25,6.2792,859711.0,1204.0,6.265667
BBAI,2026-01-09 18:45:00+00:00,6.275,6.33,6.27,6.325,1188252.0,1556.0,6.297846
BBAI,2026-01-09 18:50:00+00:00,6.325,6.36,6.32,6.3301,1010440.0,1319.0,6.341074
BBAI,2026-01-09 18:55:00+00:00,6.33,6.34,6.31,6.325,972945.0,1172.0,6.327147
BBAI,2026-01-09 19:00:00+00:00,6.3273,6.33,6.28,6.29,665932.0,952.0,6.293776
BBAI,2026-01-09 19:05:00+00:00,6.3,6.31,6.29,6.295,615905.0,870.0,6.301758
BBAI,2026-01-09 19:10:00+00:00,6.295,6.295,6.24,6.24,464511.0,815.0,6.266952
BBAI,2026-01-09 19:15:00+00:00,6.2457,6.25,6.23,6.235,519442.0,930.0,6.241163
BBAI,2026-01-09 19:20:00+00:00,6.2385,6.26,6.22,6.26,803163.0,1147.0,6.240318
BBAI,2026-01-09 19:25:00+00:00,6.2599,6.26,6.23,6.235,612383.0,805.0,6.242739
BBAI,2026-01-09 19:30:00+00:00,6.235,6.24,6.22,6.225,691070.0,946.0,6.228654
BBAI,2026-01-09 19:35:00+00:00,6.225,6.23,6.22,6.225,272818.0,676.0,6.224688
BBAI,2026-01-09 19:40:00+00:00,6.22,6.24,6.21,6.22,469597.0,1107.0,6.220522
BBAI,2026-01-09 19:45:00+00:00,6.215,6.26,6.21,6.247,903934.0,1345.0,6.238247
BBAI,2026-01-09 19:50:00+00:00,6.25,6.27,6.23,6.2373,693738.0,1086.0,6.256176
BBAI,2026-01-09 19:55:00+00:00,6.235,6.25,6.22,6.2202,511308.0,952.0,6.232636
BBAI,2026-01-09 20:00:00+00:00,6.2209,6.23,6.15,6.2268,2365527.0,3332.0,6.186745
BBAI,2026-01-09 20:05:00+00:00,6.22,6.24,6.22,6.222,1011980.0,1346.0,6.230363
BBAI,2026-01-09 20:10:00+00:00,6.2258,6.2258,6.16,6.165,1070070.0,1472.0,6.181814
BBAI,2026-01-09 20:15:00+00:00,6.16,6.22,6.16,6.205,1071446.0,1253.0,6.195672
BBAI,2026-01-09 20:20:00+00:00,6.205,6.2158,6.19,6.2059,849278.0,1119.0,6.204538
BBAI,2026-01-09 20:25:00+00:00,6.2086,6.22,6.19,6.2,779048.0,1267.0,6.202505
BBAI,2026-01-09 20:30:00+00:00,6.2,6.23,6.2,6.2251,700009.0,1230.0,6.210206
BBAI,2026-01-09 20:35:00+00:00,6.225,6.23,6.2,6.205,964593.0,1497.0,6.217351
BBAI,2026-01-09 20:40:00+00:00,6.21,6.21,6.185,6.19,485291.0,1025.0,6.195313
BBAI,2026-01-09 20:45:00+00:00,6.1966,6.23,6.19,6.225,962942.0,1518.0,6.214483
BBAI,2026-01-09 20:50:00+00:00,6.23,6.23,6.2,6.215,725070.0,1659.0,6.210303
BBAI,2026-01-09 20:55:00+00:00,6.215,6.24,6.19,6.215,2257517.0,3828.0,6.207022
BBAI,2026-01-09 21:00:00+00:00,6.2,6.25,6.2,6.22,1109102.0,140.0,6.200629
BBAI,2026-01-09 21:05:00+00:00,6.23,6.24,6.23,6.2399,6611.0,24.0,6.232305
BBAI,2026-01-09 21:10:00+00:00,6.2303,6.24,6.23,6.24,13426.0,41.0,6.230861
BBAI,2026-01-09 21:15:00+00:00,6.21,6.24,6.21,6.24,9427.0,37.0,6.237183
BBAI,2026-01-09 21:20:00+00:00,6.23,6.23,6.21,6.21,2539.0,60.0,6.218853
BBAI,2026-01-09 21:25:00+00:00,6.21,6.22,6.2,6.22,7922.0,44.0,6.207085
BBAI,2026-01-09 21:30:00+00:00,6.22,6.22,6.2001,6.2001,1157.0,5.0,6.201909
BBAI,2026-01-09 21:35:00+00:00,6.21,6.22,6.2,6.2034,22011.0,17.0,6.205391
BBAI,2026-01-09 21:40:00+00:00,6.21,6.23,6.21,6.23,13344.0,42.0,6.223107
BBAI,2026-01-09 21:45:00+00:00,6.2,6.2101,6.2,6.2101,967.0,12.0,6.207859
BBAI,2026-01-09 21:50:00+00:00,6.2183,6.22,6.21,6.22,2468.0,8.0,6.215896
BBAI,2026-01-09 21:55:00+00:00,6.22,6.22,6.21,6.22,6895.0,33.0,6.218132
BBAI,2026-01-09 22:00:00+00:00,6.2199,6.2199,6.21,6.2197,8362.0,16.0,6.216996
BBAI,2026-01-09 22:05:00+00:00,6.21,6.22,6.21,6.2199,1547.0,9.0,6.219179
BBAI,2026-01-09 22:10:00+00:00,6.22,6.22,6.21,6.2199,7976.0,18.0,6.219823
BBAI,2026-01-09 22:15:00+00:00,6.22,6.22,6.21,6.22,2083.0,16.0,6.218586
BBAI,2026-01-09 22:20:00+00:00,6.21,6.22,6.21,6.22,731.0,14.0,6.216418
BBAI,2026-01-09 22:25:00+00:00,6.21,6.22,6.21,6.22,1647.0,39.0,6.214467
BBAI,2026-01-09 22:30:00+00:00,6.23,6.23,6.22,6.23,1252.0,10.0,6.228854
BBAI,2026-01-09 22:35:00+00:00,6.23,6.23,6.225,6.23,5262.0,13.0,6.2299
BBAI,2026-01-09 22:40:00+00:00,6.2294,6.23,6.22,6.23,3085.0,12.0,6.229428
BBAI,2026-01-09 22:45:00+00:00,6.22,6.2216,6.22,6.22,1802.0,13.0,6.220995
BBAI,2026-01-09 22:50:00+00:00,6.23,6.23,6.22,6.2203,4803.0,10.0,6.228252
BBAI,2026-01-09 22:55:00+00:00,6.23,6.23,6.22,6.22,13313.0,19.0,6.229797
BBAI,2026-01-09 23:00:00+00:00,6.2203,6.23,6.22,6.23,3950.0,11.0,6.227289
BBAI,2026-01-09 23:05:00+00:00,6.23,6.24,6.23,6.2399,37069.0,31.0,6.233088
BBAI,2026-01-09 23:10:00+00:00,6.25,6.25,6.24,6.24,3526.0,14.0,6.248214
BBAI,2026-01-09 23:15:00+00:00,6.2402,6.25,6.2402,6.25,1946.0,8.0,6.247937
BBAI,2026-01-09 23:20:00+00:00,6.25,6.25,6.2401,6.25,6423.0,16.0,6.247954
BBAI,2026-01-09 23:25:00+00:00,6.25,6.25,6.24,6.24,2404.0,17.0,6.246999
BBAI,2026-01-09 23:30:00+00:00,6.25,6.25,6.24,6.25,2242.0,11.0,6.247637
BBAI,2026-01-09 23:35:00+00:00,6.25,6.25,6.24,6.24,24859.0,17.0,6.245656
BBAI,2026-01-09 23:40:00+00:00,6.25,6.25,6.2498,6.2498,386.0,6.0,6.249866
BBAI,2026-01-09 23:45:00+00:00,6.25,6.25,6.22,6.22,14475.0,53.0,6.227869
BBAI,2026-01-09 23:50:00+00:00,6.22,6.22,6.22,6.22,3536.0,14.0,6.22
BBAI,2026-01-09 23:55:00+00:00,6.22,6.2394,6.22,6.22,4536.0,12.0,6.235184
BBAI,2026-01-10 00:00:00+00:00,6.23,6.24,6.23,6.24,742.0,6.0,6.238357
BBAI,2026-01-10 00:05:00+00:00,6.22,6.24,6.22,6.2207,6716.0,21.0,6.231592
BBAI,2026-01-10 00:10:00+00:00,6.24,6.24,6.2364,6.24,5107.0,8.0,6.238518
BBAI,2026-01-10 00:15:00+00:00,6.24,6.24,6.2399,6.2399,1130.0,5.0,6.239973
BBAI,2026-01-10 00:20:00+00:00,6.2202,6.24,6.2202,6.24,3711.0,11.0,6.225099
BBAI,2026-01-10 00:25:00+00:00,6.22,6.2397,6.22,6.22,1513.0,10.0,6.228587
BBAI,2026-01-10 00:30:00+00:00,6.22,6.22,6.22,6.22,551.0,4.0,6.22
BBAI,2026-01-10 00:35:00+00:00,6.22,6.23,6.22,6.2202,1000.0,12.0,6.221656
BBAI,2026-01-10 00:40:00+00:00,6.23,6.23,6.2216,6.23,859.0,9.0,6.227219
BBAI,2026-01-10 00:45:00+00:00,6.2284,6.24,6.2203,6.23,15778.0,20.0,6.233011
BBAI,2026-01-10 00:50:00+00:00,6.2299,6.24,6.2299,6.24,1907.0,10.0,6.233005
BBAI,2026-01-10 00:55:00+00:00,6.24,6.24,6.22,6.22,2685.0,18.0,6.224015
BBAI,2026-01-12 09:00:00+00:00,6.1,6.3,6.1,6.12,28522.0,251.0,6.152961
BBAI,2026-01-12 09:05:00+00:00,6.12,6.14,6.11,6.13,14388.0,106.0,6.126792
BBAI,2026-01-12 09:10:00+00:00,6.13,6.13,6.13,6.13,6576.0,24.0,6.13
BBAI,2026-01-12 09:15:00+00:00,6.14,6.16,6.14,6.16,9881.0,57.0,6.147329
BBAI,2026-01-12 09:20:00+00:00,6.16,6.16,6.16,6.16,5877.0,24.0,6.16
BBAI,2026-01-12 09:25:00+00:00,6.15,6.15,6.15,6.15,158.0,2.0,6.15
BBAI,2026-01-12 09:30:00+00:00,6.15,6.15,6.13,6.14,9975.0,40.0,6.139672
BBAI,2026-01-12 09:35:00+00:00,6.14,6.14,6.13,6.13,792.0,10.0,6.132778
BBAI,2026-01-12 09:40:00+00:00,6.13,6.13,6.13,6.13,787.0,12.0,6.13
BBAI,2026-01-12 09:45:00+00:00,6.13,6.13,6.13,6.13,1253.0,16.0,6.13
BBAI,2026-01-12 09:50:00+00:00,6.13,6.13,6.13,6.13,950.0,15.0,6.13
BBAI,2026-01-12 09:55:00+00:00,6.13,6.13,6.12,6.12,1767.0,22.0,6.128308
BBAI,2026-01-12 10:00:00+00:00,6.13,6.13,6.13,6.13,1930.0,26.0,6.13
BBAI,2026-01-12 10:05:00+00:00,6.13,6.13,6.12,6.12,732.0,7.0,6.123637
BBAI,2026-01-12 10:15:00+00:00,6.13,6.13,6.13,6.13,309.0,7.0,6.13
BBAI,2026-01-12 10:20:00+00:00,6.14,6.14,6.13,6.13,719.0,13.0,6.131493
BBAI,2026-01-12 10:25:00+00:00,6.14,6.14,6.14,6.14,745.0,12.0,6.14
BBAI,2026-01-12 10:30:00+00:00,6.145,6.15,6.145,6.15,1385.0,16.0,6.149072
BBAI,2026-01-12 10:35:00+00:00,6.15,6.15,6.14,6.14,1184.0,11.0,6.149078
BBAI,2026-01-12 10:40:00+00:00,6.15,6.15,6.15,6.15,647.0,7.0,6.15
BBAI,2026-01-12 10:45:00+00:00,6.15,6.15,6.15,6.15,240.0,5.0,6.15
BBAI,2026-01-12 10:50:00+00:00,6.16,6.16,6.16,6.16,1104.0,18.0,6.16
BBAI,2026-01-12 10:55:00+00:00,6.16,6.16,6.16,6.16,202.0,3.0,6.16
BBAI,2026-01-12 11:05:00+00:00,6.16,6.16,6.16,6.16,515.0,6.0,6.16
BBAI,2026-01-12 11:10:00+00:00,6.16,6.165,6.16,6.165,1999.0,18.0,6.16266
BBAI,2026-01-12 11:15:00+00:00,6.16,6.16,6.16,6.16,1000.0,3.0,6.16
BBAI,2026-01-12 11:20:00+00:00,6.17,6.17,6.17,6.17,142.0,3.0,6.17
BBAI,2026-01-12 11:30:00+00:00,6.16,6.16,6.16,6.16,416.0,12.0,6.16
BBAI,2026-01-12 11:35:00+00:00,6.15,6.15,6.15,6.15,370.0,7.0,6.15
BBAI,2026-01-12 11:40:00+00:00,6.15,6.15,6.15,6.15,299.0,4.0,6.15
BBAI,2026-01-12 11:45:00+00:00,6.15,6.155,6.15,6.155,1002.0,8.0,6.150508
BBAI,2026-01-12 11:50:00+00:00,6.15,6.15,6.15,6.15,1775.0,30.0,6.15
BBAI,2026-01-12 11:55:00+00:00,6.15,6.16,6.15,6.15,3431.0,28.0,6.150429
BBAI,2026-01-12 12:00:00+00:00,6.16,6.19,6.15,6.19,18599.0,137.0,6.160269
BBAI,2026-01-12 12:05:00+00:00,6.19,6.21,6.19,6.21,16692.0,70.0,6.200177
BBAI,2026-01-12 12:10:00+00:00,6.21,6.22,6.2,6.22,8665.0,52.0,6.20748
BBAI,2026-01-12 12:15:00+00:00,6.21,6.21,6.2,6.21,11146.0,46.0,6.208022
BBAI,2026-01-12 12:20:00+00:00,6.21,6.21,6.21,6.21,319.0,4.0,6.21
BBAI,2026-01-12 12:25:00+00:00,6.21,6.22,6.21,6.22,4063.0,24.0,6.210538
BBAI,2026-01-12 12:30:00+00:00,6.22,6.22,6.21,6.22,2545.0,22.0,6.219355
BBAI,2026-01-12 12:35:00+00:00,6.22,6.23,6.22,6.22,3779.0,20.0,6.220281
BBAI,2026-01-12 12:40:00+00:00,6.221,6.221,6.2,6.21,15940.0,53.0,6.21794
BBAI,2026-01-12 12:45:00+00:00,6.21,6.225,6.21,6.225,1605.0,26.0,6.215119
BBAI,2026-01-12 12:50:00+00:00,6.221,6.225,6.221,6.225,360.0,9.0,6.223
BBAI,2026-01-12 12:55:00+00:00,6.22,6.22,6.21,6.21,1119.0,35.0,6.212801
BBAI,2026-01-12 13:00:00+00:00,6.16,6.23,6.1,6.21,298679.0,1127.0,6.171158
BBAI,2026-01-12 13:05:00+00:00,6.21,6.21,6.2,6.21,10888.0,46.0,6.20391
BBAI,2026-01-12 13:10:00+00:00,6.21,6.215,6.2,6.2,11866.0,69.0,6.207756
BBAI,2026-01-12 13:15:00+00:00,6.2005,6.21,6.2,6.2,7484.0,41.0,6.203034
BBAI,2026-01-12 13:20:00+00:00,6.2001,6.21,6.2,6.2098,9023.0,51.0,6.205267
BBAI,2026-01-12 13:25:00+00:00,6.21,6.22,6.2,6.2018,21943.0,75.0,6.212644
BBAI,2026-01-12 13:30:00+00:00,6.2,6.21,6.19,6.19,12379.0,53.0,6.200709
BBAI,2026-01-12 13:35:00+00:00,6.1999,6.2,6.18,6.19,11945.0,59.0,6.18942
BBAI,2026-01-12 13:40:00+00:00,6.1897,6.19,6.18,6.18,8587.0,40.0,6.189001
BBAI,2026-01-12 13:45:00+00:00,6.18,6.19,6.16,6.18,34130.0,137.0,6.172206
BBAI,2026-01-12 13:50:00+00:00,6.1799,6.19,6.17,6.19,8092.0,60.0,6.182011
BBAI,2026-01-12 13:55:00+00:00,6.19,6.19,6.1801,6.19,4382.0,22.0,6.188961
BBAI,2026-01-12 14:00:00+00:00,6.19,6.2,6.18,6.18,18078.0,87.0,6.187423
BBAI,2026-01-12 14:05:00+00:00,6.17,6.19,6.17,6.18,14921.0,71.0,6.179946
BBAI,2026-01-12 14:10:00+00:00,6.17,6.1997,6.17,6.1997,16440.0,51.0,6.188716
BBAI,2026-01-12 14:15:00+00:00,6.1999,6.2,6.19,6.2,30240.0,67.0,6.192975
BBAI,2026-01-12 14:20:00+00:00,6.2,6.2,6.155,6.16,50533.0,202.0,6.175473
BBAI,2026-01-12 14:25:00+00:00,6.16,6.17,6.1501,6.1682,28871.0,129.0,6.161389
BBAI,2026-01-12 14:30:00+00:00,6.17,6.19,6.06,6.1701,2183374.0,4832.0,6.12078
BBAI,2026-01-12 14:35:00+00:00,6.18,6.24,6.15,6.235,1408686.0,2673.0,6.19821
BBAI,2026-01-12 14:40:00+00:00,6.2341,6.35,6.2314,6.2854,1273760.0,2535.0,6.287614
BBAI,2026-01-12 14:45:00+00:00,6.29,6.33,6.2,6.235,656665.0,1703.0,6.248159
BBAI,2026-01-12 14:50:00+00:00,6.23,6.2899,6.2,6.21,657447.0,1615.0,6.248223
BBAI,2026-01-12 14:55:00+00:00,6.215,6.25,6.18,6.235,648160.0,1556.0,6.212676
BBAI,2026-01-12 15:00:00+00:00,6.23,6.23,6.165,6.1715,668665.0,1525.0,6.197613
BBAI,2026-01-12 15:05:00+00:00,6.175,6.19,6.11,6.1198,995860.0,1768.0,6.135332
BBAI,2026-01-12 15:10:00+00:00,6.1144,6.13,6.1,6.1192,634782.0,1557.0,6.109749
BBAI,2026-01-12 15:15:00+00:00,6.115,6.13,6.1,6.115,639357.0,1244.0,6.113746
BBAI,2026-01-12 15:20:00+00:00,6.118,6.125,6.08,6.105,589254.0,1456.0,6.100684
BBAI,2026-01-12 15:25:00+00:00,6.1089,6.14,6.1,6.125,513658.0,1271.0,6.11521
BBAI,2026-01-12 15:30:00+00:00,6.125,6.1626,6.12,6.135,636592.0,1182.0,6.138231
BBAI,2026-01-12 15:35:00+00:00,6.135,6.14,6.11,6.1386,541383.0,942.0,6.125536
BBAI,2026-01-12 15:40:00+00:00,6.135,6.15,6.12,6.1402,499686.0,981.0,6.142715
BBAI,2026-01-12 15:45:00+00:00,6.145,6.1756,6.12,6.17,517589.0,1031.0,6.155819
BBAI,2026-01-12 15:50:00+00:00,6.17,6.2,6.16,6.19,709012.0,1278.0,6.179712
BBAI,2026-01-12 15:55:00+00:00,6.188,6.24,6.18,6.235,1059043.0,1449.0,6.211836
BBAI,2026-01-12 16:00:00+00:00,6.24,6.24,6.19,6.2,642057.0,1176.0,6.208402
BBAI,2026-01-12 16:05:00+00:00,6.199,6.25,6.17,6.25,543293.0,1111.0,6.195438
BBAI,2026-01-12 16:10:00+00:00,6.2454,6.25,6.2,6.21,471201.0,978.0,6.222534
BBAI,2026-01-12 16:15:00+00:00,6.21,6.24,6.2,6.235,311810.0,934.0,6.223335
BBAI,2026-01-12 16:20:00+00:00,6.2398,6.24,6.2137,6.23,347239.0,889.0,6.22526
BBAI,2026-01-12 16:25:00+00:00,6.235,6.26,6.23,6.25,537791.0,1176.0,6.244777
BBAI,2026-01-12 16:30:00+00:00,6.255,6.26,6.25,6.25,323232.0,728.0,6.254763
BBAI,2026-01-12 16:35:00+00:00,6.2587,6.28,6.25,6.27,532750.0,1075.0,6.265396
BBAI,2026-01-12 16:40:00+00:00,6.275,6.28,6.25,6.265,639343.0,1011.0,6.262664
BBAI,2026-01-12 16:45:00+00:00,6.27,6.3,6.26,6.285,688070.0,1083.0,6.278191
BBAI,2026-01-12 16:50:00+00:00,6.28,6.29,6.25,6.2559,442098.0,997.0,6.267981
BBAI,2026-01-12 16:55:00+00:00,6.25,6.255,6.22,6.23,495476.0,1028.0,6.234079
BBAI,2026-01-12 17:00:00+00:00,6.235,6.24,6.2,6.2,346030.0,779.0,6.21329
BBAI,2026-01-12 17:05:00+00:00,6.2037,6.21,6.13,6.13,973657.0,1476.0,6.159605
BBAI,2026-01-12 17:10:00+00:00,6.1352,6.15,6.13,6.1327,747289.0,1185.0,6.137379
BBAI,2026-01-12 17:15:00+00:00,6.1367,6.14,6.1,6.13,1031788.0,1477.0,6.119617
BBAI,2026-01-12 17:20:00+00:00,6.14,6.14,6.11,6.125,729220.0,1178.0,6.122807
BBAI,2026-01-12 17:25:00+00:00,6.1212,6.125,6.1,6.11,547800.0,985.0,6.114195
BBAI,2026-01-12 17:30:00+00:00,6.115,6.12,6.1,6.105,499698.0,1022.0,6.107764
BBAI,2026-01-12 17:35:00+00:00,6.1001,6.12,6.07,6.079,1028492.0,1644.0,6.094301
BBAI,2026-01-12 17:40:00+00:00,6.075,6.09,6.07,6.08,638157.0,1355.0,6.078384
BBAI,2026-01-12 17:45:00+00:00,6.08,6.12,6.07,6.11,525510.0,1401.0,6.094503
BBAI,2026-01-12 17:50:00+00:00,6.115,6.12,6.1,6.11,341126.0,882.0,6.108979
BBAI,2026-01-12 17:55:00+00:00,6.11,6.11,6.09,6.09,578823.0,1162.0,6.100082
BBAI,2026-01-12 18:00:00+00:00,6.0915,6.1,6.08,6.09,260065.0,792.0,6.093911
BBAI,2026-01-12 18:05:00+00:00,6.08,6.11,6.08,6.1,401499.0,892.0,6.09539
BBAI,2026-01-12 18:10:00+00:00,6.105,6.15,6.1,6.1391,509410.0,953.0,6.126179
BBAI,2026-01-12 18:15:00+00:00,6.14,6.14,6.13,6.135,372192.0,474.0,6.13464
BBAI,2026-01-12 18:20:00+00:00,6.14,6.18,6.13,6.1726,525908.0,773.0,6.152677
BBAI,2026-01-12 18:25:00+00:00,6.18,6.21,6.17,6.205,1319420.0,1155.0,6.190229
BBAI,2026-01-12 18:30:00+00:00,6.205,6.29,6.2,6.235,2529787.0,2392.0,6.253241
BBAI,2026-01-12 18:35:00+00:00,6.2302,6.25,6.205,6.215,944753.0,976.0,6.227839
BBAI,2026-01-12 18:40:00+00:00,6.215,6.24,6.21,6.225,805921.0,819.0,6.226986
BBAI,2026-01-12 18:45:00+00:00,6.22,6.26,6.21,6.2597,1232080.0,1179.0,6.231803
BBAI,2026-01-12 18:50:00+00:00,6.2599,6.27,6.22,6.2217,693075.0,1063.0,6.248436
BBAI,2026-01-12 18:55:00+00:00,6.23,6.25,6.22,6.24,863130.0,990.0,6.237948
BBAI,2026-01-12 19:00:00+00:00,6.2401,6.2454,6.195,6.235,789809.0,1324.0,6.220146
BBAI,2026-01-12 19:05:00+00:00,6.235,6.25,6.22,6.245,687397.0,1071.0,6.235203
BBAI,2026-01-12 19:10:00+00:00,6.2473,6.25,6.22,6.22,541410.0,1070.0,6.236852
BBAI,2026-01-12 19:15:00+00:00,6.22,6.23,6.18,6.215,970699.0,1315.0,6.200668
BBAI,2026-01-12 19:20:00+00:00,6.22,6.22,6.18,6.2,433969.0,1000.0,6.196528
BBAI,2026-01-12 19:25:00+00:00,6.1978,6.21,6.19,6.2041,645812.0,831.0,6.198358
BBAI,2026-01-12 19:30:00+00:00,6.205,6.22,6.1992,6.2,725150.0,787.0,6.208618
BBAI,2026-01-12 19:35:00+00:00,6.2054,6.22,6.19,6.2134,476523.0,744.0,6.203679
BBAI,2026-01-12 19:40:00+00:00,6.21,6.2268,6.2,6.2096,1252455.0,1161.0,6.214447
BBAI,2026-01-12 19:45:00+00:00,6.2096,6.24,6.2,6.2311,799746.0,895.0,6.221099
BBAI,2026-01-12 19:50:00+00:00,6.2377,6.25,6.22,6.243,643544.0,706.0,6.235436
BBAI,2026-01-12 19:55:00+00:00,6.2418,6.3059,6.24,6.305,1051815.0,1328.0,6.280888
BBAI,2026-01-12 20:00:00+00:00,6.305,6.33,6.28,6.28,1272465.0,1452.0,6.30609
BBAI,2026-01-12 20:05:00+00:00,6.2858,6.29,6.25,6.2501,739569.0,906.0,6.268148
BBAI,2026-01-12 20:10:00+00:00,6.254,6.28,6.2401,6.2709,1024612.0,979.0,6.269161
BBAI,2026-01-12 20:15:00+00:00,6.275,6.34,6.265,6.335,1098098.0,1165.0,6.304009
BBAI,2026-01-12 20:20:00+00:00,6.335,6.35,6.31,6.345,1111119.0,1172.0,6.330715
BBAI,2026-01-12 20:25:00+00:00,6.3401,6.35,6.33,6.344,626497.0,978.0,6.342377
BBAI,2026-01-12 20:30:00+00:00,6.345,6.35,6.3,6.3168,1275232.0,1498.0,6.315348
BBAI,2026-01-12 20:35:00+00:00,6.32,6.33,6.31,6.3243,719214.0,733.0,6.32278
BBAI,2026-01-12 20:40:00+00:00,6.325,6.345,6.32,6.3278,544324.0,1101.0,6.327845
BBAI,2026-01-12 20:45:00+00:00,6.325,6.35,6.3141,6.3254,868145.0,1140.0,6.332668
BBAI,2026-01-12 20:50:00+00:00,6.32,6.35,6.31,6.35,1363858.0,1899.0,6.334635
BBAI,2026-01-12 20:55:00+00:00,6.345,6.35,6.31,6.315,1766147.0,3097.0,6.327324
BBAI,2026-01-12 21:00:00+00:00,6.31,6.37,6.3,6.3006,1020906.0,344.0,6.314822
BBAI,2026-01-12 21:05:00+00:00,6.3297,6.3297,6.31,6.31,16155.0,46.0,6.311633
BBAI,2026-01-12 21:10:00+00:00,6.3105,6.32,6.31,6.31,24836.0,52.0,6.315436
BBAI,2026-01-12 21:15:00+00:00,6.3199,6.3199,6.3,6.3098,28100.0,45.0,6.308042
BBAI,2026-01-12 21:20:00+00:00,6.31,6.31,6.3,6.3,10794.0,25.0,6.300891
BBAI,2026-01-12 21:25:00+00:00,6.3,6.31,6.3,6.31,3929.0,21.0,6.306243
BBAI,2026-01-12 21:30:00+00:00,6.3,6.31,6.3,6.3,11291.0,27.0,6.300654
BBAI,2026-01-12 21:35:00+00:00,6.31,6.31,6.2901,6.2902,6434.0,47.0,6.301114
BBAI,2026-01-12 21:40:00+00:00,6.29,6.3,6.29,6.29,3818.0,15.0,6.291075
BBAI,2026-01-12 21:45:00+00:00,6.3,6.3,6.29,6.2901,2988.0,14.0,6.291057
BBAI,2026-01-12 21:50:00+00:00,6.29,6.3,6.29,6.29,4190.0,16.0,6.290623
BBAI,2026-01-12 21:55:00+00:00,6.3,6.3,6.29,6.29,6019.0,61.0,6.295148
BBAI,2026-01-12 22:00:00+00:00,6.29,6.3,6.29,6.29,9936.0,36.0,6.29144
BBAI,2026-01-12 22:05:00+00:00,6.29,6.3,6.29,6.29,3587.0,23.0,6.293424
BBAI,2026-01-12 22:10:00+00:00,6.2902,6.2984,6.2902,6.2984,566.0,10.0,6.2943
BBAI,2026-01-12 22:15:00+00:00,6.2999,6.3,6.29,6.29,3978.0,25.0,6.293153
BBAI,2026-01-12 22:20:00+00:00,6.29,6.3,6.29,6.2997,2742.0,25.0,6.298717
BBAI,2026-01-12 22:25:00+00:00,6.3,6.3,6.29,6.29,3976.0,28.0,6.299275
BBAI,2026-01-12 22:30:00+00:00,6.29,6.3,6.29,6.2902,13067.0,14.0,6.290727
BBAI,2026-01-12 22:35:00+00:00,6.3,6.3,6.2903,6.3,8170.0,25.0,6.294516
BBAI,2026-01-12 22:40:00+00:00,6.31,6.31,6.3,6.3,1614.0,11.0,6.300805
BBAI,2026-01-12 22:45:00+00:00,6.3003,6.31,6.3,6.31,7253.0,26.0,6.302519
BBAI,2026-01-12 22:50:00+00:00,6.3,6.3098,6.3,6.3001,1802.0,9.0,6.300659
BBAI,2026-01-12 22:55:00+00:00,6.31,6.31,6.3,6.31,6152.0,30.0,6.306144
BBAI,2026-01-12 23:00:00+00:00,6.3,6.31,6.3,6.3002,3860.0,16.0,6.302465
BBAI,2026-01-12 23:05:00+00:00,6.3,6.31,6.3,6.3099,16081.0,30.0,6.303364
BBAI,2026-01-12 23:10:00+00:00,6.31,6.31,6.31,6.31,110.0,3.0,6.31
BBAI,2026-01-12 23:15:00+00:00,6.3,6.31,6.3,6.3,8566.0,20.0,6.307521
BBAI,2026-01-12 23:20:00+00:00,6.3001,6.31,6.3001,6.3002,1087.0,8.0,6.30118
BBAI,2026-01-12 23:25:00+00:00,6.31,6.31,6.3097,6.31,2175.0,9.0,6.309786
BBAI,2026-01-12 23:30:00+00:00,6.3,6.31,6.3,6.3,13907.0,29.0,6.300368
BBAI,2026-01-12 23:35:00+00:00,6.3,6.3,6.2902,6.2902,1094.0,10.0,6.29859
BBAI,2026-01-12 23:40:00+00:00,6.29,6.3,6.29,6.2914,1919.0,16.0,6.291679
BBAI,2026-01-12 23:45:00+00:00,6.3,6.3,6.29,6.2902,114386.0,26.0,6.290439
BBAI,2026-01-12 23:50:00+00:00,6.29,6.3,6.29,6.29,2401.0,5.0,6.294778
BBAI,2026-01-12 23:55:00+00:00,6.2902,6.3,6.29,6.29,1713.0,8.0,6.291313
BBAI,2026-01-13 00:00:00+00:00,6.3,6.3,6.2902,6.2915,931.0,7.0,6.293611
BBAI,2026-01-13 00:05:00+00:00,6.29,6.2903,6.29,6.2903,3632.0,9.0,6.290113
BBAI,2026-01-13 00:10:00+00:00,6.29,6.3,6.29,6.2905,2179.0,15.0,6.294082
BBAI,2026-01-13 00:15:00+00:00,6.3,6.3,6.29,6.29,3976.0,30.0,6.295093
BBAI,2026-01-13 00:20:00+00:00,6.29,6.3,6.29,6.2998,3386.0,10.0,6.298239
BBAI,2026-01-13 00:25:00+00:00,6.29,6.29,6.29,6.29,863.0,5.0,6.29
BBAI,2026-01-13 00:30:00+00:00,6.29,6.2997,6.29,6.2997,1421.0,11.0,6.290714
BBAI,2026-01-13 00:35:00+00:00,6.2999,6.2999,6.25,6.25,7852.0,30.0,6.287594
BBAI,2026-01-13 00:40:00+00:00,6.2601,6.2803,6.2601,6.28,3040.0,28.0,6.272724
BBAI,2026-01-13 00:45:00+00:00,6.26,6.29,6.26,6.29,5052.0,13.0,6.268393
BBAI,2026-01-13 00:50:00+00:00,6.2892,6.3,6.28,6.28,6577.0,16.0,6.289556
BBAI,2026-01-13 00:55:00+00:00,6.2895,6.29,6.27,6.28,1868.0,27.0,6.28078
BBAI,2026-01-13 09:00:00+00:00,6.35,6.35,6.3,6.31,4318.0,79.0,6.324474
BBAI,2026-01-13 09:05:00+00:00,6.31,6.32,6.3,6.31,4573.0,120.0,6.31302
BBAI,2026-01-13 09:10:00+00:00,6.32,6.32,6.31,6.32,7244.0,39.0,6.319329
BBAI,2026-01-13 09:15:00+00:00,6.32,6.34,6.32,6.34,1805.0,35.0,6.325114
BBAI,2026-01-13 09:20:00+00:00,6.33,6.34,6.32,6.33,7739.0,73.0,6.337128
BBAI,2026-01-13 09:25:00+00:00,6.33,6.34,6.33,6.34,1743.0,28.0,6.335738
BBAI,2026-01-13 09:30:00+00:00,6.34,6.35,6.34,6.35,4520.0,56.0,6.343362
BBAI,2026-01-13 09:35:00+00:00,6.35,6.35,6.34,6.34,2928.0,31.0,6.347019
BBAI,2026-01-13 09:40:00+00:00,6.36,6.36,6.35,6.35,1219.0,16.0,6.351214
BBAI,2026-01-13 09:45:00+00:00,6.34,6.34,6.34,6.34,891.0,14.0,6.34
BBAI,2026-01-13 09:50:00+00:00,6.34,6.34,6.34,6.34,2717.0,29.0,6.34
BBAI,2026-01-13 09:55:00+00:00,6.35,6.36,6.35,6.35,3642.0,48.0,6.350724
BBAI,2026-01-13 10:00:00+00:00,6.34,6.34,6.34,6.34,3259.0,48.0,6.34
BBAI,2026-01-13 10:05:00+00:00,6.34,6.35,6.34,6.35,2862.0,37.0,6.340654
BBAI,2026-01-13 10:10:00+00:00,6.34,6.34,6.33,6.33,3399.0,38.0,6.339648
BBAI,2026-01-13 10:15:00+00:00,6.33,6.35,6.33,6.35,1480.0,32.0,6.336073
BBAI,2026-01-13 10:20:00+00:00,6.35,6.35,6.35,6.35,389.0,8.0,6.35
BBAI,2026-01-13 10:25:00+00:00,6.33,6.33,6.33,6.33,5252.0,46.0,6.33
BBAI,2026-01-13 10:30:00+00:00,6.34,6.34,6.33,6.33,1779.0,25.0,6.337092
BBAI,2026-01-13 10:35:00+00:00,6.34,6.35,6.34,6.35,1072.0,15.0,6.342801
BBAI,2026-01-13 10:40:00+00:00,6.35,6.38,6.34,6.35,9303.0,185.0,6.356808
BBAI,2026-01-13 10:45:00+00:00,6.35,6.36,6.35,6.35,6638.0,126.0,6.350217
BBAI,2026-01-13 10:50:00+00:00,6.35,6.35,6.35,6.35,758.0,15.0,6.35
BBAI,2026-01-13 10:55:00+00:00,6.35,6.35,6.35,6.35,374.0,10.0,6.35
BBAI,2026-01-13 11:00:00+00:00,6.35,6.35,6.34,6.35,8160.0,73.0,6.349653
BBAI,2026-01-13 11:05:00+00:00,6.35,6.35,6.35,6.35,481.0,11.0,6.35
BBAI,2026-01-13 11:10:00+00:00,6.35,6.36,6.35,6.35,10617.0,98.0,6.352046
BBAI,2026-01-13 11:15:00+00:00,6.35,6.36,6.35,6.35,1234.0,33.0,6.351724
BBAI,2026-01-13 11:20:00+00:00,6.35,6.36,6.35,6.35,3846.0,67.0,6.350756
BBAI,2026-01-13 11:25:00+00:00,6.35,6.36,6.35,6.36,722.0,26.0,6.353279
BBAI,2026-01-13 11:30:00+00:00,6.36,6.36,6.34,6.34,7769.0,93.0,6.353052
BBAI,2026-01-13 11:35:00+00:00,6.34,6.35,6.33,6.35,5242.0,71.0,6.338698
BBAI,2026-01-13 11:40:00+00:00,6.35,6.36,6.345,6.345,2946.0,48.0,6.349083
BBAI,2026-01-13 11:50:00+00:00,6.35,6.355,6.35,6.355,636.0,12.0,6.350917
BBAI,2026-01-13 11:55:00+00:00,6.355,6.355,6.345,6.35,642.0,19.0,6.35
BBAI,2026-01-13 12:00:00+00:00,6.35,6.35,6.335,6.34,14642.0,134.0,6.342255
BBAI,2026-01-13 12:05:00+00:00,6.34,6.34,6.34,6.34,741.0,16.0,6.34
BBAI,2026-01-13 12:10:00+00:00,6.34,6.34,6.34,6.34,1007.0,17.0,6.34
BBAI,2026-01-13 12:15:00+00:00,6.34,6.35,6.34,6.35,993.0,11.0,6.341531
BBAI,2026-01-13 12:20:00+00:00,6.341,6.35,6.34,6.34,2898.0,49.0,6.343711
BBAI,2026-01-13 12:25:00+00:00,6.341,6.341,6.341,6.341,100.0,1.0,6.341
BBAI,2026-01-13 12:30:00+00:00,6.34,6.341,6.34,6.34,1286.0,15.0,6.340083
BBAI,2026-01-13 12:35:00+00:00,6.34,6.35,6.34,6.35,4746.0,80.0,6.346151
BBAI,2026-01-13 12:40:00+00:00,6.36,6.36,6.36,6.36,669.0,14.0,6.36
BBAI,2026-01-13 12:45:00+00:00,6.35,6.36,6.35,6.36,3275.0,52.0,6.357236
BBAI,2026-01-13 12:50:00+00:00,6.36,6.36,6.34,6.341,3680.0,70.0,6.348197
BBAI,2026-01-13 12:55:00+00:00,6.34,6.35,6.34,6.35,9762.0,60.0,6.345849
BBAI,2026-01-13 13:00:00+00:00,6.33,6.36,6.24,6.35,170175.0,1074.0,6.32919
BBAI,2026-01-13 13:05:00+00:00,6.35,6.35,6.34,6.34,8420.0,58.0,6.346024
BBAI,2026-01-13 13:10:00+00:00,6.34,6.35,6.34,6.34,11197.0,108.0,6.34171
BBAI,2026-01-13 13:15:00+00:00,6.34,6.35,6.34,6.35,10977.0,57.0,6.343258
BBAI,2026-01-13 13:20:00+00:00,6.3498,6.35,6.34,6.34,12404.0,44.0,6.345765
BBAI,2026-01-13 13:25:00+00:00,6.3492,6.35,6.34,6.3495,15685.0,120.0,6.342874
BBAI,2026-01-13 13:30:00+00:00,6.35,6.4694,6.35,6.42,149485.0,813.0,6.428432
BBAI,2026-01-13 13:35:00+00:00,6.43,6.45,6.385,6.4,58820.0,329.0,6.418482
BBAI,2026-01-13 13:40:00+00:00,6.4,6.4,6.38,6.4,33330.0,159.0,6.395822
BBAI,2026-01-13 13:45:00+00:00,6.4,6.4,6.38,6.38,52621.0,209.0,6.397731
BBAI,2026-01-13 13:50:00+00:00,6.3898,6.39,6.36,6.3893,38906.0,277.0,6.381662
BBAI,2026-01-13 13:55:00+00:00,6.39,6.4,6.38,6.4,53955.0,175.0,6.391956
BBAI,2026-01-13 14:00:00+00:00,6.39,6.4,6.36,6.38,32931.0,228.0,6.380243
BBAI,2026-01-13 14:05:00+00:00,6.3797,6.4,6.37,6.4,19324.0,90.0,6.384585
BBAI,2026-01-13 14:10:00+00:00,6.39,6.41,6.39,6.41,39407.0,167.0,6.396876
BBAI,2026-01-13 14:15:00+00:00,6.4,6.4,6.39,6.4,15920.0,94.0,6.39877
BBAI,2026-01-13 14:20:00+00:00,6.39,6.4,6.38,6.39,18984.0,172.0,6.389608
BBAI,2026-01-13 14:25:00+00:00,6.3892,6.39,6.35,6.36,37451.0,297.0,6.362476
BBAI,2026-01-13 14:30:00+00:00,6.39,6.46,6.34,6.395,1690170.0,3676.0,6.397365
BBAI,2026-01-13 14:35:00+00:00,6.4,6.415,6.225,6.26,1343801.0,2771.0,6.311386
BBAI,2026-01-13 14:40:00+00:00,6.2594,6.26,6.2,6.235,995268.0,2005.0,6.229609
BBAI,2026-01-13 14:45:00+00:00,6.235,6.24,6.13,6.145,1032835.0,2614.0,6.180955
BBAI,2026-01-13 14:50:00+00:00,6.15,6.169,6.12,6.125,1053702.0,2164.0,6.140274
BBAI,2026-01-13 14:55:00+00:00,6.125,6.16,6.12,6.14,926890.0,2150.0,6.146214
BBAI,2026-01-13 15:00:00+00:00,6.135,6.145,6.1,6.13,1058832.0,2373.0,6.123826
BBAI,2026-01-13 15:05:00+00:00,6.13,6.15,6.06,6.0689,1456520.0,2524.0,6.102919
BBAI,2026-01-13 15:10:00+00:00,6.065,6.08,6.03,6.0387,1273847.0,2736.0,6.053762
BBAI,2026-01-13 15:15:00+00:00,6.035,6.04,6.01,6.015,813755.0,2225.0,6.022043
BBAI,2026-01-13 15:20:00+00:00,6.015,6.035,5.99,6.015,1452240.0,3147.0,6.01026
BBAI,2026-01-13 15:25:00+00:00,6.0168,6.0363,5.98,6.035,1162127.0,2344.0,6.007767
BBAI,2026-01-13 15:30:00+00:00,6.035,6.065,6.025,6.055,1430152.0,1880.0,6.042058
BBAI,2026-01-13 15:35:00+00:00,6.055,6.09,6.04,6.07,892627.0,1558.0,6.067714
BBAI,2026-01-13 15:40:00+00:00,6.065,6.08,6.06,6.065,442705.0,1032.0,6.069718
BBAI,2026-01-13 15:45:00+00:00,6.066,6.08,6.04,6.0533,861556.0,1487.0,6.060054
BBAI,2026-01-13 15:50:00+00:00,6.055,6.11,6.0535,6.105,1005783.0,1541.0,6.078306
BBAI,2026-01-13 15:55:00+00:00,6.1084,6.11,6.08,6.085,1034528.0,1698.0,6.090936
BBAI,2026-01-13 16:00:00+00:00,6.0806,6.1,6.07,6.095,574233.0,1160.0,6.085987
BBAI,2026-01-13 16:05:00+00:00,6.09,6.11,6.08,6.085,476693.0,986.0,6.09692
BBAI,2026-01-13 16:10:00+00:00,6.0859,6.12,6.08,6.105,555637.0,1011.0,6.097312
BBAI,2026-01-13 16:15:00+00:00,6.107,6.14,6.105,6.13,607998.0,953.0,6.125034
BBAI,2026-01-13 16:20:00+00:00,6.1299,6.14,6.12,6.12,676941.0,936.0,6.131343
BBAI,2026-01-13 16:25:00+00:00,6.11,6.14,6.09,6.1237,1221612.0,1671.0,6.115976
BBAI,2026-01-13 16:30:00+00:00,6.125,6.135,6.11,6.125,623450.0,831.0,6.125577
BBAI,2026-01-13 16:35:00+00:00,6.1218,6.13,6.09,6.115,466399.0,988.0,6.107825
BBAI,2026-01-13 16:40:00+00:00,6.115,6.14,6.1,6.1317,1079244.0,1163.0,6.122657
BBAI,2026-01-13 16:45:00+00:00,6.1308,6.14,6.12,6.125,792571.0,856.0,6.129566
BBAI,2026-01-13 16:50:00+00:00,6.125,6.14,6.12,6.1259,411126.0,854.0,6.127293
BBAI,2026-01-13 16:55:00+00:00,6.12,6.14,6.12,6.125,408086.0,720.0,6.127829
BBAI,2026-01-13 17:00:00+00:00,6.1222,6.13,6.12,6.127,170620.0,536.0,6.124597
BBAI,2026-01-13 17:05:00+00:00,6.122,6.15,6.12,6.135,388351.0,948.0,6.135827
BBAI,2026-01-13 17:10:00+00:00,6.13,6.145,6.13,6.135,276881.0,667.0,6.134791
BBAI,2026-01-13 17:15:00+00:00,6.135,6.16,6.12,6.1545,475012.0,769.0,6.137158
BBAI,2026-01-13 17:20:00+00:00,6.155,6.18,6.135,6.175,1637780.0,1436.0,6.15812
BBAI,2026-01-13 17:25:00+00:00,6.17,6.175,6.09,6.125,1121755.0,1375.0,6.112997
BBAI,2026-01-13 17:30:00+00:00,6.125,6.15,6.12,6.145,596603.0,1033.0,6.13603
BBAI,2026-01-13 17:35:00+00:00,6.14,6.15,6.1,6.105,410185.0,846.0,6.118868
BBAI,2026-01-13 17:40:00+00:00,6.105,6.14,6.1,6.135,407955.0,978.0,6.116441
BBAI,2026-01-13 17:45:00+00:00,6.14,6.15,6.1146,6.125,374972.0,951.0,6.127923
BBAI,2026-01-13 17:50:00+00:00,6.1211,6.14,6.12,6.1337,204561.0,522.0,6.131902
BBAI,2026-01-13 17:55:00+00:00,6.135,6.145,6.13,6.1371,197755.0,503.0,6.135277
BBAI,2026-01-13 18:00:00+00:00,6.135,6.14,6.12,6.125,464564.0,533.0,6.129257
BBAI,2026-01-13 18:05:00+00:00,6.12,6.16,6.12,6.1445,591936.0,680.0,6.145596
BBAI,2026-01-13 18:10:00+00:00,6.145,6.16,6.13,6.1563,375389.0,587.0,6.146004
BBAI,2026-01-13 18:15:00+00:00,6.155,6.16,6.14,6.155,577963.0,630.0,6.150222
BBAI,2026-01-13 18:20:00+00:00,6.15,6.16,6.14,6.143,523587.0,684.0,6.149728
BBAI,2026-01-13 18:25:00+00:00,6.1414,6.18,6.14,6.1641,830041.0,865.0,6.164386
BBAI,2026-01-13 18:30:00+00:00,6.17,6.18,6.16,6.1751,477006.0,637.0,6.170092
BBAI,2026-01-13 18:35:00+00:00,6.1731,6.18,6.16,6.165,547678.0,577.0,6.170435
BBAI,2026-01-13 18:40:00+00:00,6.1613,6.17,6.15,6.1501,416769.0,466.0,6.158618
BBAI,2026-01-13 18:45:00+00:00,6.155,6.1858,6.15,6.1647,516188.0,718.0,6.173083
BBAI,2026-01-13 18:50:00+00:00,6.165,6.17,6.15,6.165,295075.0,473.0,6.160852
BBAI,2026-01-13 18:55:00+00:00,6.1615,6.175,6.155,6.172,359770.0,546.0,6.162693
BBAI,2026-01-13 19:00:00+00:00,6.1701,6.1799,6.12,6.125,399808.0,740.0,6.142246
BBAI,2026-01-13 19:05:00+00:00,6.125,6.14,6.12,6.125,391588.0,567.0,6.130992
BBAI,2026-01-13 19:10:00+00:00,6.13,6.13,6.11,6.1246,766922.0,970.0,6.121142
BBAI,2026-01-13 19:15:00+00:00,6.1246,6.15,6.115,6.1454,452844.0,538.0,6.132493
BBAI,2026-01-13 19:20:00+00:00,6.145,6.15,6.13,6.135,681774.0,577.0,6.140217
BBAI,2026-01-13 19:25:00+00:00,6.1385,6.15,6.13,6.145,299037.0,451.0,6.13941
BBAI,2026-01-13 19:30:00+00:00,6.145,6.16,6.14,6.15,1101543.0,948.0,6.15013
BBAI,2026-01-13 19:35:00+00:00,6.149,6.16,6.144,6.155,438658.0,420.0,6.152979
BBAI,2026-01-13 19:40:00+00:00,6.15,6.16,6.14,6.1557,682516.0,656.0,6.14938
BBAI,2026-01-13 19:45:00+00:00,6.155,6.1699,6.14,6.1599,494401.0,668.0,6.153179
BBAI,2026-01-13 19:50:00+00:00,6.1599,6.21,6.1549,6.205,1273259.0,1142.0,6.188517
BBAI,2026-01-13 19:55:00+00:00,6.2033,6.28,6.19,6.275,1785923.0,1669.0,6.234215
BBAI,2026-01-13 20:00:00+00:00,6.275,6.28,6.23,6.233,1782417.0,1777.0,6.257998
BBAI,2026-01-13 20:05:00+00:00,6.2336,6.24,6.22,6.235,1229513.0,857.0,6.229495
BBAI,2026-01-13 20:10:00+00:00,6.23,6.235,6.2,6.225,932610.0,777.0,6.218741
BBAI,2026-01-13 20:15:00+00:00,6.2227,6.225,6.15,6.15,926995.0,981.0,6.174831
BBAI,2026-01-13 20:20:00+00:00,6.15,6.175,6.13,6.16,1551283.0,1349.0,6.154116
BBAI,2026-01-13 20:25:00+00:00,6.1679,6.18,6.13,6.13,1467188.0,939.0,6.151644
BBAI,2026-01-13 20:30:00+00:00,6.135,6.135,6.1,6.105,1421944.0,1329.0,6.113548
BBAI,2026-01-13 20:35:00+00:00,6.105,6.1099,6.08,6.105,750382.0,1010.0,6.093042
BBAI,2026-01-13 20:40:00+00:00,6.1024,6.12,6.09,6.0959,1207390.0,1123.0,6.108216
BBAI,2026-01-13 20:45:00+00:00,6.0988,6.11,6.08,6.0888,832817.0,1119.0,6.098267
BBAI,2026-01-13 20:50:00+00:00,6.08,6.1,6.06,6.085,1790840.0,2154.0,6.076917
BBAI,2026-01-13 20:55:00+00:00,6.09,6.1,6.07,6.1,1914606.0,3298.0,6.088675
BBAI,2026-01-13 21:00:00+00:00,6.095,6.11,6.09,6.105,1178847.0,183.0,6.090876
BBAI,2026-01-13 21:05:00+00:00,6.105,6.11,6.1,6.11,32492.0,44.0,6.109012
BBAI,2026-01-13 21:10:00+00:00,6.1,6.11,6.0902,6.1,24416.0,97.0,6.104729
BBAI,2026-01-13 21:15:00+00:00,6.1097,6.11,6.105,6.11,7885.0,48.0,6.109797
BBAI,2026-01-13 21:20:00+00:00,6.105,6.11,6.1,6.11,20278.0,77.0,6.104366
BBAI,2026-01-13 21:25:00+00:00,6.11,6.11,6.1,6.1003,2411.0,25.0,6.104646
BBAI,2026-01-13 21:30:00+00:00,6.11,6.11,6.09,6.1,12963.0,43.0,6.103715
BBAI,2026-01-13 21:35:00+00:00,6.11,6.11,6.1,6.11,8483.0,41.0,6.105826
BBAI,2026-01-13 21:40:00+00:00,6.1,6.12,6.1,6.11,33754.0,103.0,6.10951
BBAI,2026-01-13 21:45:00+00:00,6.11,6.12,6.11,6.11,5259.0,41.0,6.114516
BBAI,2026-01-13 21:50:00+00:00,6.11,6.12,6.11,6.12,2294.0,26.0,6.1145
BBAI,2026-01-13 21:55:00+00:00,6.11,6.12,6.11,6.12,10901.0,91.0,6.119106
BBAI,2026-01-13 22:00:00+00:00,6.12,6.12,6.11,6.12,5490.0,37.0,6.11475
BBAI,2026-01-13 22:05:00+00:00,6.12,6.12,6.12,6.12,2396.0,17.0,6.12
BBAI,2026-01-13 22:10:00+00:00,6.12,6.1299,6.12,6.1201,5669.0,19.0,6.121266
BBAI,2026-01-13 22:15:00+00:00,6.13,6.14,6.13,6.13,12859.0,71.0,6.136739
BBAI,2026-01-13 22:20:00+00:00,6.14,6.15,6.13,6.1418,7983.0,40.0,6.138905
BBAI,2026-01-13 22:25:00+00:00,6.1499,6.1499,6.13,6.14,17738.0,25.0,6.138292
BBAI,2026-01-13 22:30:00+00:00,6.13,6.14,6.13,6.13,3794.0,44.0,6.136966
BBAI,2026-01-13 22:35:00+00:00,6.14,6.14,6.1302,6.1302,1474.0,16.0,6.13198
BBAI,2026-01-13 22:40:00+00:00,6.13,6.13,6.11,6.13,10142.0,47.0,6.119
BBAI,2026-01-13 22:45:00+00:00,6.13,6.13,6.12,6.12,3549.0,21.0,6.122803
BBAI,2026-01-13 22:50:00+00:00,6.1203,6.13,6.12,6.1203,11171.0,22.0,6.121634
BBAI,2026-01-13 22:55:00+00:00,6.13,6.13,6.12,6.13,3316.0,29.0,6.129069
BBAI,2026-01-13 23:00:00+00:00,6.1297,6.13,6.12,6.13,7143.0,34.0,6.129761
BBAI,2026-01-13 23:05:00+00:00,6.13,6.13,6.11,6.11,17236.0,51.0,6.120955
BBAI,2026-01-13 23:10:00+00:00,6.12,6.12,6.1199,6.12,3047.0,10.0,6.119966
BBAI,2026-01-13 23:15:00+00:00,6.13,6.13,6.13,6.13,814.0,12.0,6.13
BBAI,2026-01-13 23:20:00+00:00,6.12,6.12,6.11,6.11,3413.0,22.0,6.115558
BBAI,2026-01-13 23:25:00+00:00,6.12,6.12,6.11,6.11,2411.0,20.0,6.112363
BBAI,2026-01-13 23:30:00+00:00,6.12,6.1203,6.12,6.1203,1267.0,8.0,6.120157
BBAI,2026-01-13 23:35:00+00:00,6.13,6.15,6.12,6.12,13619.0,30.0,6.131226
BBAI,2026-01-13 23:40:00+00:00,6.14,6.14,6.12,6.12,3984.0,16.0,6.13318
BBAI,2026-01-13 23:45:00+00:00,6.14,6.14,6.13,6.13,1905.0,7.0,6.133972
BBAI,2026-01-13 23:50:00+00:00,6.14,6.14,6.13,6.13,2671.0,16.0,6.138405
BBAI,2026-01-13 23:55:00+00:00,6.13,6.13,6.1298,6.13,9002.0,13.0,6.129992
BBAI,2026-01-14 00:00:00+00:00,6.13,6.13,6.12,6.13,2161.0,13.0,6.125596
BBAI,2026-01-14 00:05:00+00:00,6.12,6.1299,6.12,6.12,6796.0,22.0,6.120152
BBAI,2026-01-14 00:10:00+00:00,6.13,6.13,6.13,6.13,8291.0,8.0,6.13
BBAI,2026-01-14 00:15:00+00:00,6.13,6.13,6.12,6.12,5113.0,15.0,6.128222
BBAI,2026-01-14 00:20:00+00:00,6.12,6.13,6.11,6.11,15945.0,50.0,6.11299
BBAI,2026-01-14 00:25:00+00:00,6.11,6.12,6.1,6.1169,6006.0,30.0,6.109426
BBAI,2026-01-14 00:30:00+00:00,6.1,6.11,6.1,6.11,8168.0,10.0,6.109876
BBAI,2026-01-14 00:35:00+00:00,6.12,6.12,6.1,6.1,3719.0,16.0,6.113889
BBAI,2026-01-14 00:40:00+00:00,6.12,6.12,6.11,6.12,3700.0,28.0,6.119407
BBAI,2026-01-14 00:45:00+00:00,6.1002,6.11,6.1,6.1,22989.0,50.0,6.100246
BBAI,2026-01-14 00:50:00+00:00,6.11,6.12,6.1,6.12,3662.0,19.0,6.115736
BBAI,2026-01-14 00:55:00+00:00,6.1185,6.14,6.1,6.1,11961.0,35.0,6.118876
BBAI,2026-01-14 09:00:00+00:00,6.13,6.14,6.13,6.14,4198.0,66.0,6.13507
BBAI,2026-01-14 09:10:00+00:00,6.14,6.14,6.14,6.14,1223.0,19.0,6.14
BBAI,2026-01-14 09:20:00+00:00,6.14,6.14,6.14,6.14,1261.0,17.0,6.14
BBAI,2026-01-14 09:25:00+00:00,6.14,6.14,6.14,6.14,445.0,10.0,6.14
BBAI,2026-01-14 09:30:00+00:00,6.14,6.14,6.14,6.14,244.0,4.0,6.14
BBAI,2026-01-14 09:35:00+00:00,6.14,6.14,6.14,6.14,1561.0,26.0,6.14
BBAI,2026-01-14 09:40:00+00:00,6.13,6.13,6.13,6.13,611.0,9.0,6.13
BBAI,2026-01-14 09:45:00+00:00,6.13,6.13,6.13,6.13,201.0,5.0,6.13
BBAI,2026-01-14 09:50:00+00:00,6.13,6.13,6.13,6.13,689.0,1.0,6.13
BBAI,2026-01-14 09:55:00+00:00,6.14,6.14,6.14,6.14,1607.0,42.0,6.14
BBAI,2026-01-14 10:10:00+00:00,6.145,6.145,6.13,6.13,5776.0,44.0,6.138834
BBAI,2026-01-14 10:15:00+00:00,6.13,6.13,6.13,6.13,837.0,12.0,6.13
BBAI,2026-01-14 10:20:00+00:00,6.13,6.13,6.11,6.11,14398.0,211.0,6.121026
BBAI,2026-01-14 10:25:00+00:00,6.11,6.11,6.1,6.1,6323.0,31.0,6.10573
BBAI,2026-01-14 10:30:00+00:00,6.1,6.1,6.085,6.085,12031.0,112.0,6.098429
BBAI,2026-01-14 10:35:00+00:00,6.08,6.08,6.08,6.08,302.0,8.0,6.08
BBAI,2026-01-14 10:45:00+00:00,6.08,6.08,6.06,6.07,11266.0,185.0,6.070585
BBAI,2026-01-14 10:50:00+00:00,6.07,6.07,6.03,6.04,24147.0,301.0,6.037776
BBAI,2026-01-14 10:55:00+00:00,6.05,6.06,6.03,6.03,6616.0,86.0,6.042278
BBAI,2026-01-14 11:00:00+00:00,6.02,6.03,6.02,6.03,10102.0,92.0,6.027179
BBAI,2026-01-14 11:05:00+00:00,6.03,6.04,6.02,6.04,1910.0,33.0,6.028973
BBAI,2026-01-14 11:10:00+00:00,6.03,6.06,6.03,6.06,7633.0,108.0,6.048383
BBAI,2026-01-14 11:15:00+00:00,6.07,6.07,6.07,6.07,553.0,11.0,6.07
BBAI,2026-01-14 11:20:00+00:00,6.07,6.07,6.05,6.05,2868.0,45.0,6.058626
BBAI,2026-01-14 11:25:00+00:00,6.05,6.05,6.04,6.04,15248.0,132.0,6.041686
BBAI,2026-01-14 11:30:00+00:00,6.06,6.06,6.05,6.05,517.0,12.0,6.055
BBAI,2026-01-14 11:35:00+00:00,6.055,6.06,6.055,6.06,208.0,4.0,6.0575
BBAI,2026-01-14 11:40:00+00:00,6.055,6.055,6.055,6.055,109.0,4.0,6.055
BBAI,2026-01-14 11:45:00+00:00,6.06,6.06,6.06,6.06,345.0,8.0,6.06
BBAI,2026-01-14 11:50:00+00:00,6.06,6.06,6.05,6.05,1288.0,17.0,6.054253
BBAI,2026-01-14 11:55:00+00:00,6.06,6.07,6.06,6.07,2303.0,20.0,6.063562
BBAI,2026-01-14 12:00:00+00:00,6.065,6.065,6.035,6.04,10480.0,101.0,6.051726
BBAI,2026-01-14 12:05:00+00:00,6.05,6.06,6.05,6.06,1263.0,15.0,6.053977
BBAI,2026-01-14 12:10:00+00:00,6.05,6.05,6.05,6.05,300.0,5.0,6.05
BBAI,2026-01-14 12:15:00+00:00,6.06,6.06,6.06,6.06,4390.0,54.0,6.06
BBAI,2026-01-14 12:20:00+00:00,6.06,6.07,6.06,6.07,5677.0,47.0,6.066154
BBAI,2026-01-14 12:25:00+00:00,6.08,6.09,6.08,6.09,10878.0,83.0,6.085531
BBAI,2026-01-14 12:30:00+00:00,6.095,6.11,6.095,6.101,3778.0,84.0,6.107732
BBAI,2026-01-14 12:35:00+00:00,6.11,6.11,6.1,6.1,6778.0,77.0,6.105075
BBAI,2026-01-14 12:40:00+00:00,6.11,6.11,6.11,6.11,219.0,5.0,6.11
BBAI,2026-01-14 12:45:00+00:00,6.1,6.1,6.09,6.09,17050.0,122.0,6.091574
BBAI,2026-01-14 12:50:00+00:00,6.08,6.08,6.08,6.08,401.0,12.0,6.08
BBAI,2026-01-14 12:55:00+00:00,6.08,6.08,6.07,6.075,1458.0,17.0,6.076917
BBAI,2026-01-14 13:00:00+00:00,6.0699,6.15,6.02,6.09,186185.0,931.0,6.086961
BBAI,2026-01-14 13:05:00+00:00,6.09,6.09,6.08,6.0895,5513.0,57.0,6.084156
BBAI,2026-01-14 13:10:00+00:00,6.0899,6.09,6.08,6.09,6495.0,128.0,6.082659
BBAI,2026-01-14 13:15:00+00:00,6.0815,6.1,6.0815,6.1,15059.0,57.0,6.096938
BBAI,2026-01-14 13:20:00+00:00,6.0985,6.1,6.08,6.0898,13392.0,83.0,6.090637
BBAI,2026-01-14 13:25:00+00:00,6.09,6.1,6.09,6.1,3552.0,32.0,6.097599
BBAI,2026-01-14 13:30:00+00:00,6.09,6.09,6.065,6.08,10850.0,76.0,6.078375
BBAI,2026-01-14 13:35:00+00:00,6.075,6.075,6.06,6.07,18360.0,75.0,6.064346
BBAI,2026-01-14 13:40:00+00:00,6.06,6.07,6.06,6.06,6371.0,43.0,6.06613
BBAI,2026-01-14 13:45:00+00:00,6.0601,6.08,6.06,6.06,27616.0,143.0,6.071216
BBAI,2026-01-14 13:50:00+00:00,6.07,6.07,6.06,6.07,6978.0,39.0,6.063624
BBAI,2026-01-14 13:55:00+00:00,6.08,6.08,6.06,6.07,16319.0,46.0,6.065297
BBAI,2026-01-14 14:00:00+00:00,6.07,6.07,6.055,6.0598,13191.0,85.0,6.061238
BBAI,2026-01-14 14:05:00+00:00,6.06,6.06,6.05,6.06,9517.0,57.0,6.053118
BBAI,2026-01-14 14:10:00+00:00,6.06,6.06,6.05,6.06,84413.0,180.0,6.056193
BBAI,2026-01-14 14:15:00+00:00,6.06,6.07,6.05,6.07,17064.0,99.0,6.062918
BBAI,2026-01-14 14:20:00+00:00,6.07,6.07,6.05,6.06,19867.0,87.0,6.058534
BBAI,2026-01-14 14:25:00+00:00,6.06,6.07,6.05,6.07,27552.0,120.0,6.057244
BBAI,2026-01-14 14:30:00+00:00,6.07,6.08,5.9601,5.975,1800690.0,3571.0,6.009235
BBAI,2026-01-14 14:35:00+00:00,5.975,5.9785,5.9,5.9075,1498068.0,3602.0,5.925915
BBAI,2026-01-14 14:40:00+00:00,5.9041,5.945,5.9,5.9069,793125.0,2115.0,5.916088
BBAI,2026-01-14 14:45:00+00:00,5.905,5.96,5.86,5.96,1518418.0,3320.0,5.894924
BBAI,2026-01-14 14:50:00+00:00,5.965,6.05,5.935,6.04,1002728.0,1923.0,5.999262
BBAI,2026-01-14 14:55:00+00:00,6.0327,6.04,5.9414,5.945,726644.0,1744.0,6.002018
BBAI,2026-01-14 15:00:00+00:00,5.945,5.95,5.89,5.925,1013599.0,2162.0,5.919467
BBAI,2026-01-14 15:05:00+00:00,5.9232,5.95,5.91,5.92,628670.0,1445.0,5.931902
BBAI,2026-01-14 15:10:00+00:00,5.925,5.98,5.905,5.975,721355.0,1808.0,5.93668
BBAI,2026-01-14 15:15:00+00:00,5.975,6.01,5.95,6.0055,639217.0,1201.0,5.983871
BBAI,2026-01-14 15:20:00+00:00,6.01,6.04,6.0,6.0377,683102.0,1482.0,6.021518
BBAI,2026-01-14 15:25:00+00:00,6.035,6.04,6.0001,6.015,447058.0,1118.0,6.025512
BBAI,2026-01-14 15:30:00+00:00,6.015,6.03,5.96,5.9764,1042283.0,1677.0,5.993647
BBAI,2026-01-14 15:35:00+00:00,5.975,5.99,5.95,5.965,680465.0,1339.0,5.964326
BBAI,2026-01-14 15:40:00+00:00,5.9601,5.98,5.95,5.97,535733.0,1007.0,5.965894
BBAI,2026-01-14 15:45:00+00:00,5.97,5.98,5.93,5.9399,663781.0,1057.0,5.951743
BBAI,2026-01-14 15:50:00+00:00,5.94,5.96,5.92,5.955,767821.0,1087.0,5.940226
BBAI,2026-01-14 15:55:00+00:00,5.9527,6.03,5.95,6.0233,1748712.0,1801.0,5.991984
BBAI,2026-01-14 16:00:00+00:00,6.03,6.04,5.9943,5.9997,1091879.0,1158.0,6.013733
BBAI,2026-01-14 16:05:00+00:00,5.9986,6.02,5.99,6.0036,567248.0,991.0,5.999818
BBAI,2026-01-14 16:10:00+00:00,6.01,6.0173,5.993,6.0,599075.0,775.0,6.005749
BBAI,2026-01-14 16:15:00+00:00,6.0001,6.04,6.0,6.0312,448961.0,855.0,6.015617
BBAI,2026-01-14 16:20:00+00:00,6.04,6.1,6.03,6.0942,1546916.0,1522.0,6.06922
BBAI,2026-01-14 16:25:00+00:00,6.095,6.14,6.09,6.125,1585671.0,2003.0,6.111934
BBAI,2026-01-14 16:30:00+00:00,6.1242,6.2,6.12,6.19,2200828.0,3080.0,6.173276
BBAI,2026-01-14 16:35:00+00:00,6.185,6.185,6.12,6.1309,1072100.0,1361.0,6.14183
BBAI,2026-01-14 16:40:00+00:00,6.135,6.15,6.11,6.1274,731892.0,890.0,6.125916
BBAI,2026-01-14 16:45:00+00:00,6.125,6.17,6.12,6.1687,959647.0,1064.0,6.150679
BBAI,2026-01-14 16:50:00+00:00,6.16,6.17,6.12,6.1301,708227.0,954.0,6.145151
BBAI,2026-01-14 16:55:00+00:00,6.14,6.15,6.12,6.1201,1020589.0,925.0,6.136184
BBAI,2026-01-14 17:00:00+00:00,6.125,6.19,6.1141,6.175,1761954.0,1685.0,6.160327
BBAI,2026-01-14 17:05:00+00:00,6.175,6.2,6.17,6.1911,1825992.0,1600.0,6.184959
BBAI,2026-01-14 17:10:00+00:00,6.1908,6.195,6.16,6.165,1686172.0,1225.0,6.176131
BBAI,2026-01-14 17:15:00+00:00,6.165,6.19,6.15,6.1836,1143036.0,935.0,6.168626
BBAI,2026-01-14 17:20:00+00:00,6.185,6.1961,6.17,6.1851,623140.0,881.0,6.183811
BBAI,2026-01-14 17:25:00+00:00,6.185,6.2,6.17,6.18,791316.0,896.0,6.186857
BBAI,2026-01-14 17:30:00+00:00,6.185,6.19,6.1,6.115,1534506.0,1609.0,6.127581
BBAI,2026-01-14 17:35:00+00:00,6.1158,6.1458,6.1,6.14,1053499.0,1061.0,6.12281
BBAI,2026-01-14 17:40:00+00:00,6.1446,6.16,6.12,6.12,1002411.0,1046.0,6.14404
BBAI,2026-01-14 17:45:00+00:00,6.1278,6.16,6.115,6.1497,800616.0,964.0,6.138356
BBAI,2026-01-14 17:50:00+00:00,6.14,6.146,6.1,6.1199,751018.0,954.0,6.116268
BBAI,2026-01-14 17:55:00+00:00,6.12,6.13,6.07,6.0757,785135.0,1010.0,6.106707
BBAI,2026-01-14 18:00:00+00:00,6.075,6.09,6.05,6.086,855585.0,941.0,6.072393
BBAI,2026-01-14 18:05:00+00:00,6.0822,6.11,6.07,6.09,745133.0,1088.0,6.093998
BBAI,2026-01-14 18:10:00+00:00,6.095,6.095,6.07,6.083,494831.0,859.0,6.078709
BBAI,2026-01-14 18:15:00+00:00,6.09,6.0968,6.07,6.075,304127.0,710.0,6.079962
BBAI,2026-01-14 18:20:00+00:00,6.0786,6.12,6.0714,6.0885,732534.0,1203.0,6.096919
BBAI,2026-01-14 18:25:00+00:00,6.0899,6.0899,6.06,6.08,455404.0,754.0,6.070574
BBAI,2026-01-14 18:30:00+00:00,6.085,6.1,6.06,6.0699,772959.0,1003.0,6.081948
BBAI,2026-01-14 18:35:00+00:00,6.0658,6.09,6.055,6.065,1097477.0,1207.0,6.070651
BBAI,2026-01-14 18:40:00+00:00,6.065,6.08,6.04,6.065,1027763.0,962.0,6.064558
BBAI,2026-01-14 18:45:00+00:00,6.0682,6.08,6.04,6.0491,744150.0,963.0,6.064166
BBAI,2026-01-14 18:50:00+00:00,6.0473,6.1,6.04,6.09,1161329.0,1105.0,6.071045
BBAI,2026-01-14 18:55:00+00:00,6.095,6.1,6.07,6.09,665652.0,1080.0,6.085216
BBAI,2026-01-14 19:00:00+00:00,6.09,6.11,6.0701,6.075,581640.0,861.0,6.094247
BBAI,2026-01-14 19:05:00+00:00,6.0749,6.0899,6.06,6.0676,592798.0,795.0,6.073582
BBAI,2026-01-14 19:10:00+00:00,6.065,6.11,6.05,6.105,860810.0,930.0,6.077692
BBAI,2026-01-14 19:15:00+00:00,6.1,6.15,6.09,6.1455,1478300.0,1297.0,6.119319
BBAI,2026-01-14 19:20:00+00:00,6.14,6.19,6.14,6.16,1393171.0,1163.0,6.169043
BBAI,2026-01-14 19:25:00+00:00,6.16,6.2,6.15,6.1901,1628345.0,1562.0,6.172821
BBAI,2026-01-14 19:30:00+00:00,6.195,6.2,6.16,6.175,1658477.0,1594.0,6.184434
BBAI,2026-01-14 19:35:00+00:00,6.18,6.25,6.165,6.22,2139185.0,2160.0,6.216556
BBAI,2026-01-14 19:40:00+00:00,6.2142,6.22,6.165,6.185,1626316.0,1698.0,6.189327
BBAI,2026-01-14 19:45:00+00:00,6.185,6.27,6.17,6.2501,2606685.0,1962.0,6.23856
BBAI,2026-01-14 19:50:00+00:00,6.2559,6.27,6.22,6.22,1341392.0,1501.0,6.247295
BBAI,2026-01-14 19:55:00+00:00,6.225,6.25,6.19,6.245,1527935.0,1657.0,6.213929
BBAI,2026-01-14 20:00:00+00:00,6.245,6.27,6.18,6.205,1912210.0,2094.0,6.213891
BBAI,2026-01-14 20:05:00+00:00,6.205,6.28,6.205,6.26,1791878.0,1744.0,6.249191
BBAI,2026-01-14 20:10:00+00:00,6.2598,6.29,6.24,6.27,1386506.0,1419.0,6.270663
BBAI,2026-01-14 20:15:00+00:00,6.2701,6.31,6.27,6.3027,1511106.0,1885.0,6.292802
BBAI,2026-01-14 20:20:00+00:00,6.305,6.33,6.28,6.31,1601767.0,1925.0,6.306824
BBAI,2026-01-14 20:25:00+00:00,6.31,6.33,6.28,6.31,829616.0,1378.0,6.313564
BBAI,2026-01-14 20:30:00+00:00,6.31,6.33,6.28,6.2886,1212688.0,1779.0,6.309879
BBAI,2026-01-14 20:35:00+00:00,6.29,6.32,6.28,6.305,1086050.0,1436.0,6.303405
BBAI,2026-01-14 20:40:00+00:00,6.305,6.31,6.29,6.295,546870.0,1169.0,6.300853
BBAI,2026-01-14 20:45:00+00:00,6.295,6.316,6.28,6.2842,967294.0,1825.0,6.298108
BBAI,2026-01-14 20:50:00+00:00,6.28,6.29,6.255,6.275,2175576.0,3366.0,6.272438
BBAI,2026-01-14 20:55:00+00:00,6.27,6.31,6.26,6.26,3424463.0,5218.0,6.280887
BBAI,2026-01-14 21:00:00+00:00,6.26,6.28,6.25,6.27,2050073.0,198.0,6.260052
BBAI,2026-01-14 21:05:00+00:00,6.27,6.2799,6.27,6.27,15731.0,44.0,6.27134
BBAI,2026-01-14 21:10:00+00:00,6.26,6.2696,6.2399,6.2403,35511.0,149.0,6.248527
BBAI,2026-01-14 21:15:00+00:00,6.2497,6.25,6.24,6.24,9876.0,39.0,6.245634
BBAI,2026-01-14 21:20:00+00:00,6.24,6.25,6.23,6.24,8749.0,61.0,6.241239
BBAI,2026-01-14 21:25:00+00:00,6.24,6.25,6.23,6.24,20664.0,71.0,6.237912
BBAI,2026-01-14 21:30:00+00:00,6.23,6.24,6.23,6.2397,6678.0,48.0,6.232045
BBAI,2026-01-14 21:35:00+00:00,6.23,6.24,6.23,6.24,9545.0,34.0,6.232077
BBAI,2026-01-14 21:40:00+00:00,6.23,6.24,6.22,6.2382,18034.0,132.0,6.231044
BBAI,2026-01-14 21:45:00+00:00,6.2301,6.2301,6.22,6.22,2501.0,14.0,6.222506
BBAI,2026-01-14 21:50:00+00:00,6.2203,6.24,6.2182,6.2182,21488.0,78.0,6.224255
BBAI,2026-01-14 21:55:00+00:00,6.22,6.23,6.21,6.23,9020.0,163.0,6.215265
BBAI,2026-01-14 22:00:00+00:00,6.22,6.23,6.22,6.23,3401.0,21.0,6.223245
BBAI,2026-01-14 22:05:00+00:00,6.2299,6.23,6.22,6.2201,6439.0,22.0,6.221068
BBAI,2026-01-14 22:10:00+00:00,6.23,6.23,6.2299,6.23,3282.0,21.0,6.229973
BBAI,2026-01-14 22:15:00+00:00,6.2303,6.24,6.23,6.23,9347.0,40.0,6.233104
BBAI,2026-01-14 22:20:00+00:00,6.23,6.23,6.22,6.2298,849.0,13.0,6.22828
BBAI,2026-01-14 22:25:00+00:00,6.2215,6.23,6.22,6.23,6411.0,49.0,6.222908
BBAI,2026-01-14 22:30:00+00:00,6.23,6.23,6.2201,6.2298,5169.0,36.0,6.226993
BBAI,2026-01-14 22:35:00+00:00,6.2297,6.2297,6.22,6.22,2714.0,21.0,6.226083
BBAI,2026-01-14 22:40:00+00:00,6.22,6.23,6.22,6.22,1972.0,30.0,6.220725
BBAI,2026-01-14 22:45:00+00:00,6.22,6.2399,6.2199,6.2399,5918.0,25.0,6.223946
BBAI,2026-01-14 22:50:00+00:00,6.24,6.2499,6.24,6.2499,14324.0,28.0,6.245246
BBAI,2026-01-14 22:55:00+00:00,6.25,6.25,6.23,6.23,10870.0,13.0,6.245861
BBAI,2026-01-14 23:00:00+00:00,6.25,6.25,6.23,6.23,3602.0,13.0,6.234128
BBAI,2026-01-14 23:05:00+00:00,6.24,6.24,6.23,6.24,2013.0,20.0,6.23424
BBAI,2026-01-14 23:10:00+00:00,6.23,6.2301,6.23,6.23,2970.0,13.0,6.230074
BBAI,2026-01-14 23:15:00+00:00,6.23,6.24,6.23,6.24,13969.0,42.0,6.23761
BBAI,2026-01-14 23:20:00+00:00,6.24,6.26,6.24,6.26,29554.0,80.0,6.24939
BBAI,2026-01-14 23:25:00+00:00,6.26,6.26,6.24,6.25,1015.0,9.0,6.245263
BBAI,2026-01-14 23:30:00+00:00,6.25,6.25,6.22,6.23,4816.0,19.0,6.230872
BBAI,2026-01-14 23:35:00+00:00,6.22,6.23,6.22,6.2206,4897.0,20.0,6.227563
BBAI,2026-01-14 23:40:00+00:00,6.24,6.24,6.22,6.22,807.0,10.0,6.230681
BBAI,2026-01-14 23:45:00+00:00,6.24,6.24,6.24,6.24,3090.0,9.0,6.24
BBAI,2026-01-14 23:50:00+00:00,6.24,6.24,6.23,6.24,7562.0,13.0,6.238895
BBAI,2026-01-14 23:55:00+00:00,6.24,6.24,6.2398,6.24,1356.0,10.0,6.239979
BBAI,2026-01-15 00:00:00+00:00,6.24,6.24,6.24,6.24,1528.0,4.0,6.24
BBAI,2026-01-15 00:05:00+00:00,6.25,6.25,6.24,6.24,10786.0,29.0,6.246861
BBAI,2026-01-15 00:10:00+00:00,6.2402,6.27,6.24,6.27,6610.0,53.0,6.25707
BBAI,2026-01-15 00:15:00+00:00,6.2602,6.27,6.26,6.2699,6827.0,20.0,6.268398
BBAI,2026-01-15 00:20:00+00:00,6.2699,6.27,6.26,6.27,8426.0,21.0,6.267402
BBAI,2026-01-15 00:25:00+00:00,6.2602,6.2685,6.26,6.26,348.0,10.0,6.2629
BBAI,2026-01-15 00:30:00+00:00,6.27,6.27,6.2699,6.27,3781.0,11.0,6.269986
BBAI,2026-01-15 00:35:00+00:00,6.26,6.27,6.26,6.27,5462.0,26.0,6.26427
BBAI,2026-01-15 00:40:00+00:00,6.26,6.27,6.26,6.26,13478.0,23.0,6.262175
BBAI,2026-01-15 00:45:00+00:00,6.26,6.2676,6.25,6.26,4155.0,33.0,6.258762
BBAI,2026-01-15 00:50:00+00:00,6.26,6.27,6.26,6.2602,3741.0,21.0,6.266556
BBAI,2026-01-15 00:55:00+00:00,6.2682,6.27,6.25,6.2599,14397.0,31.0,6.258938
BBAI,2026-01-15 09:00:00+00:00,6.28,6.3,6.28,6.29,3350.0,23.0,6.286289
BBAI,2026-01-15 09:05:00+00:00,6.29,6.29,6.29,6.29,296.0,3.0,6.29
BBAI,2026-01-15 09:10:00+00:00,6.29,6.29,6.28,6.28,6797.0,15.0,6.282036
BBAI,2026-01-15 09:15:00+00:00,6.29,6.31,6.29,6.31,7443.0,64.0,6.30141
BBAI,2026-01-15 09:20:00+00:00,6.32,6.34,6.32,6.33,10630.0,90.0,6.327023
BBAI,2026-01-15 09:25:00+00:00,6.33,6.33,6.315,6.32,2799.0,45.0,6.325928
BBAI,2026-01-15 09:30:00+00:00,6.33,6.33,6.33,6.33,1476.0,13.0,6.33
BBAI,2026-01-15 09:35:00+00:00,6.33,6.33,6.33,6.33,496.0,6.0,6.33
BBAI,2026-01-15 09:40:00+00:00,6.33,6.33,6.33,6.33,2230.0,28.0,6.33
BBAI,2026-01-15 09:45:00+00:00,6.33,6.33,6.325,6.325,3410.0,33.0,6.329767
BBAI,2026-01-15 09:50:00+00:00,6.33,6.33,6.32,6.32,1199.0,17.0,6.321278
BBAI,2026-01-15 09:55:00+00:00,6.32,6.32,6.32,6.32,680.0,1.0,6.32
BBAI,2026-01-15 10:00:00+00:00,6.31,6.31,6.31,6.31,1589.0,29.0,6.31
BBAI,2026-01-15 10:05:00+00:00,6.3,6.31,6.3,6.31,4739.0,24.0,6.301638
BBAI,2026-01-15 10:10:00+00:00,6.31,6.31,6.31,6.31,268.0,2.0,6.31
BBAI,2026-01-15 10:20:00+00:00,6.31,6.31,6.31,6.31,433.0,5.0,6.31
BBAI,2026-01-15 10:25:00+00:00,6.31,6.32,6.31,6.32,1131.0,9.0,6.311125
BBAI,2026-01-15 10:30:00+00:00,6.31,6.31,6.31,6.31,131.0,2.0,6.31
BBAI,2026-01-15 10:35:00+00:00,6.31,6.31,6.31,6.31,932.0,8.0,6.31
BBAI,2026-01-15 10:40:00+00:00,6.32,6.32,6.32,6.32,400.0,2.0,6.32
BBAI,2026-01-15 10:45:00+00:00,6.31,6.31,6.31,6.31,144.0,4.0,6.31
BBAI,2026-01-15 10:50:00+00:00,6.31,6.32,6.31,6.32,1588.0,17.0,6.318179
BBAI,2026-01-15 10:55:00+00:00,6.32,6.32,6.31,6.31,709.0,3.0,6.311429
BBAI,2026-01-15 11:05:00+00:00,6.31,6.31,6.31,6.31,2344.0,17.0,6.31
BBAI,2026-01-15 11:25:00+00:00,6.32,6.32,6.31,6.31,10840.0,47.0,6.318175
BBAI,2026-01-15 11:30:00+00:00,6.31,6.31,6.31,6.31,1034.0,8.0,6.31
BBAI,2026-01-15 11:35:00+00:00,6.31,6.32,6.31,6.32,3646.0,26.0,6.319202
BBAI,2026-01-15 11:45:00+00:00,6.32,6.32,6.31,6.31,1217.0,19.0,6.314667
BBAI,2026-01-15 11:50:00+00:00,6.31,6.31,6.31,6.31,957.0,13.0,6.31
BBAI,2026-01-15 11:55:00+00:00,6.3,6.31,6.3,6.31,834.0,4.0,6.302218
BBAI,2026-01-15 12:00:00+00:00,6.3,6.315,6.3,6.3,15129.0,86.0,6.303666
BBAI,2026-01-15 12:05:00+00:00,6.3,6.3,6.3,6.3,321.0,4.0,6.3
BBAI,2026-01-15 12:10:00+00:00,6.31,6.31,6.3,6.3,903.0,11.0,6.307375
BBAI,2026-01-15 12:15:00+00:00,6.31,6.31,6.3,6.3,8900.0,57.0,6.30253
BBAI,2026-01-15 12:20:00+00:00,6.3,6.3,6.3,6.3,918.0,7.0,6.3
BBAI,2026-01-15 12:25:00+00:00,6.3,6.3,6.3,6.3,720.0,3.0,6.3
BBAI,2026-01-15 12:30:00+00:00,6.3,6.31,6.3,6.3,1963.0,17.0,6.305228
BBAI,2026-01-15 12:35:00+00:00,6.3,6.305,6.28,6.28,13140.0,168.0,6.297279
BBAI,2026-01-15 12:40:00+00:00,6.29,6.29,6.28,6.285,4123.0,51.0,6.282151
BBAI,2026-01-15 12:45:00+00:00,6.285,6.3,6.285,6.29,7635.0,45.0,6.289399
BBAI,2026-01-15 12:50:00+00:00,6.29,6.29,6.28,6.29,6541.0,79.0,6.287893
BBAI,2026-01-15 12:55:00+00:00,6.28,6.28,6.28,6.28,3897.0,45.0,6.28
BBAI,2026-01-15 13:00:00+00:00,6.29,6.34,6.24,6.2899,241166.0,1068.0,6.298564
BBAI,2026-01-15 13:05:00+00:00,6.28,6.295,6.28,6.29,12597.0,67.0,6.288001
BBAI,2026-01-15 13:10:00+00:00,6.29,6.29,6.28,6.28,3695.0,30.0,6.288327
BBAI,2026-01-15 13:15:00+00:00,6.29,6.2905,6.28,6.2905,24724.0,72.0,6.289783
BBAI,2026-01-15 13:20:00+00:00,6.2905,6.31,6.29,6.3099,14514.0,48.0,6.302901
BBAI,2026-01-15 13:25:00+00:00,6.31,6.31,6.3018,6.31,8244.0,57.0,6.308437
BBAI,2026-01-15 13:30:00+00:00,6.31,6.31,6.29,6.2997,12271.0,80.0,6.298821
BBAI,2026-01-15 13:35:00+00:00,6.3,6.3,6.29,6.29,20947.0,69.0,6.296495
BBAI,2026-01-15 13:40:00+00:00,6.29,6.29,6.2801,6.2805,4434.0,44.0,6.287402
BBAI,2026-01-15 13:45:00+00:00,6.29,6.29,6.28,6.28,11255.0,102.0,6.288582
BBAI,2026-01-15 13:50:00+00:00,6.28,6.29,6.28,6.29,17284.0,125.0,6.289145
BBAI,2026-01-15 13:55:00+00:00,6.2882,6.29,6.28,6.28,8879.0,46.0,6.282378
BBAI,2026-01-15 14:00:00+00:00,6.2801,6.29,6.28,6.29,25900.0,153.0,6.283098
BBAI,2026-01-15 14:05:00+00:00,6.2898,6.29,6.27,6.2705,16882.0,117.0,6.281595
BBAI,2026-01-15 14:10:00+00:00,6.27,6.3,6.27,6.2995,13618.0,111.0,6.284808
BBAI,2026-01-15 14:15:00+00:00,6.29,6.3,6.265,6.27,63885.0,151.0,6.283877
BBAI,2026-01-15 14:20:00+00:00,6.26,6.28,6.26,6.28,21814.0,181.0,6.272713
BBAI,2026-01-15 14:25:00+00:00,6.27,6.28,6.25,6.27,68589.0,334.0,6.263558
BBAI,2026-01-15 14:30:00+00:00,6.29,6.375,6.2301,6.3598,2143336.0,5282.0,6.300572
BBAI,2026-01-15 14:35:00+00:00,6.36,6.41,6.29,6.38,1406204.0,3269.0,6.349026
BBAI,2026-01-15 14:40:00+00:00,6.3734,6.38,6.26,6.265,1318097.0,3841.0,6.306682
BBAI,2026-01-15 14:45:00+00:00,6.2651,6.38,6.265,6.3766,765144.0,1708.0,6.340427
BBAI,2026-01-15 14:50:00+00:00,6.38,6.38,6.325,6.375,699382.0,1666.0,6.354964
BBAI,2026-01-15 14:55:00+00:00,6.375,6.385,6.34,6.345,546031.0,1571.0,6.365155
BBAI,2026-01-15 15:00:00+00:00,6.35,6.39,6.34,6.385,787994.0,1868.0,6.361951
BBAI,2026-01-15 15:05:00+00:00,6.3801,6.47,6.37,6.466,2059710.0,3433.0,6.424061
BBAI,2026-01-15 15:10:00+00:00,6.4633,6.47,6.355,6.3597,1245525.0,2464.0,6.426987
BBAI,2026-01-15 15:15:00+00:00,6.355,6.36,6.28,6.305,1820262.0,2475.0,6.304604
BBAI,2026-01-15 15:20:00+00:00,6.307,6.34,6.29,6.295,1073314.0,1609.0,6.312057
BBAI,2026-01-15 15:25:00+00:00,6.2902,6.3,6.255,6.2997,1182713.0,1683.0,6.278803
BBAI,2026-01-15 15:30:00+00:00,6.295,6.2951,6.26,6.2699,702941.0,1098.0,6.278318
BBAI,2026-01-15 15:35:00+00:00,6.26,6.29,6.25,6.267,841261.0,1251.0,6.268184
BBAI,2026-01-15 15:40:00+00:00,6.27,6.29,6.26,6.2846,788845.0,1210.0,6.276452
BBAI,2026-01-15 15:45:00+00:00,6.29,6.3,6.26,6.265,881693.0,1210.0,6.279017
BBAI,2026-01-15 15:50:00+00:00,6.265,6.31,6.26,6.3053,1366175.0,1408.0,6.284492
BBAI,2026-01-15 15:55:00+00:00,6.3,6.37,6.3,6.365,1864597.0,1842.0,6.343853
BBAI,2026-01-15 16:00:00+00:00,6.3644,6.43,6.35,6.415,2398024.0,2345.0,6.39712
BBAI,2026-01-15 16:05:00+00:00,6.415,6.42,6.37,6.395,1039683.0,1440.0,6.400347
BBAI,2026-01-15 16:10:00+00:00,6.39,6.49,6.39,6.415,2631301.0,3684.0,6.446332
BBAI,2026-01-15 16:15:00+00:00,6.4199,6.43,6.38,6.395,1154265.0,1500.0,6.404683
BBAI,2026-01-15 16:20:00+00:00,6.395,6.43,6.38,6.405,814407.0,1003.0,6.405653
BBAI,2026-01-15 16:25:00+00:00,6.405,6.42,6.39,6.3917,833169.0,1125.0,6.405623
BBAI,2026-01-15 16:30:00+00:00,6.395,6.3986,6.3514,6.355,831346.0,1160.0,6.376778
BBAI,2026-01-15 16:35:00+00:00,6.36,6.4242,6.36,6.415,1171530.0,1279.0,6.391763
BBAI,2026-01-15 16:40:00+00:00,6.41,6.415,6.36,6.3799,1046706.0,1150.0,6.384794
BBAI,2026-01-15 16:45:00+00:00,6.38,6.385,6.37,6.377,482286.0,710.0,6.375681
BBAI,2026-01-15 16:50:00+00:00,6.3745,6.38,6.36,6.37,543817.0,741.0,6.369596
BBAI,2026-01-15 16:55:00+00:00,6.36,6.365,6.33,6.33,867187.0,1092.0,6.341911
BBAI,2026-01-15 17:00:00+00:00,6.335,6.35,6.325,6.34,839931.0,1005.0,6.338765
BBAI,2026-01-15 17:05:00+00:00,6.35,6.36,6.3201,6.335,1185581.0,1108.0,6.346647
BBAI,2026-01-15 17:10:00+00:00,6.3311,6.35,6.32,6.33,775913.0,720.0,6.332768
BBAI,2026-01-15 17:15:00+00:00,6.325,6.34,6.31,6.335,361347.0,576.0,6.323812
BBAI,2026-01-15 17:20:00+00:00,6.33,6.33,6.295,6.3,498381.0,847.0,6.310052
BBAI,2026-01-15 17:25:00+00:00,6.295,6.32,6.285,6.3,781777.0,856.0,6.300397
BBAI,2026-01-15 17:30:00+00:00,6.305,6.34,6.29,6.3375,1203871.0,956.0,6.313669
BBAI,2026-01-15 17:35:00+00:00,6.3398,6.37,6.33,6.3475,1367017.0,960.0,6.350608
BBAI,2026-01-15 17:40:00+00:00,6.3476,6.35,6.32,6.345,861307.0,812.0,6.336812
BBAI,2026-01-15 17:45:00+00:00,6.3471,6.365,6.33,6.33,1072476.0,906.0,6.350558
BBAI,2026-01-15 17:50:00+00:00,6.3301,6.34,6.31,6.32,412058.0,717.0,6.324871
BBAI,2026-01-15 17:55:00+00:00,6.3229,6.34,6.32,6.32,523003.0,733.0,6.332682
BBAI,2026-01-15 18:00:00+00:00,6.33,6.34,6.305,6.3399,740928.0,960.0,6.324122
BBAI,2026-01-15 18:05:00+00:00,6.335,6.35,6.32,6.344,365523.0,670.0,6.338958
BBAI,2026-01-15 18:10:00+00:00,6.34,6.35,6.325,6.35,1053705.0,869.0,6.339174
BBAI,2026-01-15 18:15:00+00:00,6.345,6.35,6.33,6.335,1516141.0,997.0,6.339346
BBAI,2026-01-15 18:20:00+00:00,6.3355,6.37,6.33,6.3674,702629.0,830.0,6.351723
BBAI,2026-01-15 18:25:00+00:00,6.365,6.41,6.36,6.3899,1621104.0,1559.0,6.388025
BBAI,2026-01-15 18:30:00+00:00,6.39,6.43,6.37,6.425,1310179.0,1269.0,6.405717
BBAI,2026-01-15 18:35:00+00:00,6.4265,6.43,6.39,6.4077,723333.0,1056.0,6.410509
BBAI,2026-01-15 18:40:00+00:00,6.4,6.47,6.4,6.4521,1700172.0,1621.0,6.445398
BBAI,2026-01-15 18:45:00+00:00,6.45,6.46,6.43,6.44,992407.0,1247.0,6.443885
BBAI,2026-01-15 18:50:00+00:00,6.445,6.51,6.43,6.475,3210997.0,3363.0,6.480895
BBAI,2026-01-15 18:55:00+00:00,6.475,6.52,6.4601,6.515,1933086.0,1592.0,6.488629
BBAI,2026-01-15 19:00:00+00:00,6.515,6.62,6.5,6.59,3691166.0,3764.0,6.559482
BBAI,2026-01-15 19:05:00+00:00,6.5901,6.62,6.54,6.5435,3923941.0,3696.0,6.583353
BBAI,2026-01-15 19:10:00+00:00,6.5411,6.57,6.485,6.5674,3095511.0,2908.0,6.533744
BBAI,2026-01-15 19:15:00+00:00,6.5658,6.6,6.54,6.5983,1858641.0,1907.0,6.567801
BBAI,2026-01-15 19:20:00+00:00,6.6,6.6,6.5221,6.525,2055318.0,1748.0,6.57164
BBAI,2026-01-15 19:25:00+00:00,6.53,6.58,6.5,6.5704,3073754.0,2379.0,6.533165
BBAI,2026-01-15 19:30:00+00:00,6.573,6.575,6.45,6.4602,2480456.0,2511.0,6.494813
BBAI,2026-01-15 19:35:00+00:00,6.465,6.48,6.44,6.445,1921773.0,1534.0,6.460644
BBAI,2026-01-15 19:40:00+00:00,6.445,6.4758,6.44,6.4701,2365050.0,1721.0,6.458308
BBAI,2026-01-15 19:45:00+00:00,6.4772,6.52,6.46,6.515,1937430.0,1628.0,6.481772
BBAI,2026-01-15 19:50:00+00:00,6.514,6.56,6.47,6.485,2725226.0,2079.0,6.514304
BBAI,2026-01-15 19:55:00+00:00,6.4842,6.55,6.44,6.55,2583447.0,1990.0,6.486608
BBAI,2026-01-15 20:00:00+00:00,6.55,6.55,6.41,6.45,2672654.0,2185.0,6.447591
BBAI,2026-01-15 20:05:00+00:00,6.44,6.45,6.41,6.41,1834431.0,1565.0,6.431732
BBAI,2026-01-15 20:10:00+00:00,6.41,6.43,6.34,6.4033,2985350.0,2423.0,6.391218
BBAI,2026-01-15 20:15:00+00:00,6.41,6.41,6.32,6.322,2011366.0,1808.0,6.362363
BBAI,2026-01-15 20:20:00+00:00,6.325,6.355,6.29,6.32,3370918.0,2787.0,6.326004
BBAI,2026-01-15 20:25:00+00:00,6.3242,6.35,6.29,6.295,2334062.0,2288.0,6.310366
BBAI,2026-01-15 20:30:00+00:00,6.29,6.31,6.27,6.31,1695682.0,1978.0,6.296177
BBAI,2026-01-15 20:35:00+00:00,6.305,6.34,6.19,6.285,4099720.0,4334.0,6.2622
BBAI,2026-01-15 20:40:00+00:00,6.29,6.305,6.27,6.29,1082111.0,1295.0,6.288581
BBAI,2026-01-15 20:45:00+00:00,6.285,6.285,6.18,6.185,2039793.0,2489.0,6.233215
BBAI,2026-01-15 20:50:00+00:00,6.185,6.23,6.18,6.21,2545893.0,2652.0,6.207445
BBAI,2026-01-15 20:55:00+00:00,6.21,6.23,6.16,6.18,3748927.0,5265.0,6.186972
BBAI,2026-01-15 21:00:00+00:00,6.17,6.22,6.16,6.1797,2150030.0,449.0,6.170761
BBAI,2026-01-15 21:05:00+00:00,6.1715,6.18,6.16,6.16,77187.0,180.0,6.173733
BBAI,2026-01-15 21:10:00+00:00,6.16,6.1699,6.1201,6.1201,141487.0,294.0,6.145664
BBAI,2026-01-15 21:15:00+00:00,6.13,6.15,6.11,6.1202,144917.0,474.0,6.124115
BBAI,2026-01-15 21:20:00+00:00,6.12,6.16,6.12,6.1598,27001.0,177.0,6.137687
BBAI,2026-01-15 21:25:00+00:00,6.16,6.16,6.15,6.1502,11407.0,64.0,6.156838
BBAI,2026-01-15 21:30:00+00:00,6.16,6.16,6.15,6.16,12229.0,94.0,6.158459
BBAI,2026-01-15 21:35:00+00:00,6.15,6.18,6.15,6.18,33244.0,89.0,6.168026
BBAI,2026-01-15 21:40:00+00:00,6.1785,6.18,6.1702,6.18,2339.0,27.0,6.179255
BBAI,2026-01-15 21:45:00+00:00,6.1797,6.19,6.17,6.19,19614.0,54.0,6.181462
BBAI,2026-01-15 21:50:00+00:00,6.19,6.2,6.1797,6.1797,27830.0,132.0,6.189346
BBAI,2026-01-15 21:55:00+00:00,6.18,6.19,6.18,6.1898,9252.0,32.0,6.186638
BBAI,2026-01-15 22:00:00+00:00,6.19,6.19,6.1882,6.1898,1778.0,24.0,6.188724
BBAI,2026-01-15 22:05:00+00:00,6.19,6.2,6.19,6.19,3523.0,18.0,6.197242
BBAI,2026-01-15 22:10:00+00:00,6.1901,6.21,6.19,6.21,59641.0,182.0,6.201362
BBAI,2026-01-15 22:15:00+00:00,6.2,6.21,6.2,6.21,4092.0,10.0,6.208452
BBAI,2026-01-15 22:20:00+00:00,6.21,6.21,6.18,6.19,46252.0,129.0,6.199404
BBAI,2026-01-15 22:25:00+00:00,6.19,6.19,6.17,6.18,10742.0,107.0,6.180112
BBAI,2026-01-15 22:30:00+00:00,6.18,6.18,6.17,6.17,2888.0,39.0,6.177963
BBAI,2026-01-15 22:35:00+00:00,6.18,6.18,6.17,6.18,2096.0,31.0,6.176842
BBAI,2026-01-15 22:40:00+00:00,6.18,6.18,6.17,6.18,22688.0,26.0,6.171891
BBAI,2026-01-15 22:45:00+00:00,6.19,6.2,6.19,6.2,5666.0,18.0,6.193863
BBAI,2026-01-15 22:50:00+00:00,6.1999,6.2,6.19,6.2,9608.0,25.0,6.19353
BBAI,2026-01-15 22:55:00+00:00,6.2,6.2,6.19,6.2,7873.0,26.0,6.193789
BBAI,2026-01-15 23:00:00+00:00,6.19,6.2,6.19,6.2,33591.0,22.0,6.192951
BBAI,2026-01-15 23:05:00+00:00,6.2,6.2,6.19,6.19,18304.0,33.0,6.192698
BBAI,2026-01-15 23:10:00+00:00,6.1885,6.19,6.18,6.19,4941.0,29.0,6.184387
BBAI,2026-01-15 23:15:00+00:00,6.18,6.19,6.18,6.19,667.0,5.0,6.188065
BBAI,2026-01-15 23:20:00+00:00,6.19,6.2,6.185,6.2,6857.0,36.0,6.194665
BBAI,2026-01-15 23:25:00+00:00,6.2,6.21,6.19,6.19,6243.0,30.0,6.201465
BBAI,2026-01-15 23:30:00+00:00,6.2,6.2,6.19,6.2,3471.0,26.0,6.196247
BBAI,2026-01-15 23:35:00+00:00,6.19,6.2,6.18,6.1818,6739.0,40.0,6.181978
BBAI,2026-01-15 23:40:00+00:00,6.19,6.19,6.19,6.19,9116.0,15.0,6.19
BBAI,2026-01-15 23:45:00+00:00,6.19,6.1901,6.18,6.1901,7851.0,28.0,6.189224
BBAI,2026-01-15 23:50:00+00:00,6.1915,6.2,6.19,6.1999,5776.0,19.0,6.198614
BBAI,2026-01-15 23:55:00+00:00,6.2,6.2,6.2,6.2,151.0,3.0,6.2
BBAI,2026-01-16 00:00:00+00:00,6.1997,6.21,6.1997,6.2,7040.0,17.0,6.206334
BBAI,2026-01-16 00:05:00+00:00,6.2,6.21,6.2,6.21,6661.0,14.0,6.201532
BBAI,2026-01-16 00:10:00+00:00,6.2098,6.22,6.2082,6.22,5688.0,28.0,6.210475
BBAI,2026-01-16 00:15:00+00:00,6.22,6.22,6.2115,6.2115,1153.0,6.0,6.212273
BBAI,2026-01-16 00:20:00+00:00,6.21,6.22,6.21,6.22,710.0,8.0,6.213031
BBAI,2026-01-16 00:25:00+00:00,6.22,6.22,6.21,6.22,875.0,14.0,6.215973
BBAI,2026-01-16 00:30:00+00:00,6.22,6.22,6.21,6.22,5167.0,18.0,6.215909
BBAI,2026-01-16 00:35:00+00:00,6.21,6.2199,6.2,6.2103,3202.0,21.0,6.208815
BBAI,2026-01-16 00:40:00+00:00,6.22,6.22,6.21,6.2115,1439.0,11.0,6.213965
BBAI,2026-01-16 00:45:00+00:00,6.2198,6.2199,6.2,6.21,11937.0,31.0,6.203947
BBAI,2026-01-16 00:50:00+00:00,6.21,6.21,6.2,6.2018,6809.0,31.0,6.208285
BBAI,2026-01-16 00:55:00+00:00,6.21,6.21,6.1985,6.1985,37720.0,57.0,6.202243
BBAI,2026-01-16 09:10:00+00:00,6.26,6.27,6.26,6.27,4960.0,36.0,6.263065
BBAI,2026-01-16 09:15:00+00:00,6.265,6.27,6.25,6.25,2959.0,27.0,6.262393
BBAI,2026-01-16 09:20:00+00:00,6.26,6.28,6.26,6.28,5884.0,28.0,6.275263
BBAI,2026-01-16 09:25:00+00:00,6.285,6.285,6.285,6.285,519.0,4.0,6.285
BBAI,2026-01-16 09:30:00+00:00,6.29,6.3,6.28,6.28,2816.0,36.0,6.287616
BBAI,2026-01-16 09:35:00+00:00,6.28,6.28,6.28,6.28,217.0,2.0,6.28
BBAI,2026-01-16 09:45:00+00:00,6.29,6.3,6.29,6.3,1742.0,11.0,6.290926
BBAI,2026-01-16 09:50:00+00:00,6.3,6.31,6.3,6.31,6228.0,66.0,6.304677
BBAI,2026-01-16 09:55:00+00:00,6.3,6.3,6.3,6.3,1591.0,22.0,6.3
BBAI,2026-01-16 10:00:00+00:00,6.3,6.31,6.3,6.31,1648.0,19.0,6.308972
BBAI,2026-01-16 10:10:00+00:00,6.32,6.32,6.31,6.31,2491.0,41.0,6.313333
BBAI,2026-01-16 10:15:00+00:00,6.3,6.31,6.3,6.3,615.0,7.0,6.301795
BBAI,2026-01-16 10:20:00+00:00,6.3,6.31,6.3,6.3,4314.0,56.0,6.300787
BBAI,2026-01-16 10:25:00+00:00,6.31,6.31,6.31,6.31,1803.0,12.0,6.31
BBAI,2026-01-16 10:30:00+00:00,6.3,6.31,6.3,6.3,8977.0,55.0,6.304457
BBAI,2026-01-16 10:40:00+00:00,6.31,6.31,6.3,6.31,3407.0,73.0,6.309596
BBAI,2026-01-16 10:45:00+00:00,6.31,6.32,6.31,6.31,7188.0,93.0,6.316592
BBAI,2026-01-16 10:50:00+00:00,6.31,6.31,6.29,6.29,14798.0,67.0,6.297469
BBAI,2026-01-16 10:55:00+00:00,6.29,6.3,6.29,6.3,1939.0,40.0,6.2975
BBAI,2026-01-16 11:00:00+00:00,6.29,6.29,6.29,6.29,210.0,3.0,6.29
BBAI,2026-01-16 11:05:00+00:00,6.28,6.3,6.28,6.3,625.0,14.0,6.287407
BBAI,2026-01-16 11:15:00+00:00,6.29,6.29,6.29,6.29,1332.0,11.0,6.29
BBAI,2026-01-16 11:25:00+00:00,6.29,6.29,6.29,6.29,553.0,13.0,6.29
BBAI,2026-01-16 11:30:00+00:00,6.29,6.29,6.285,6.285,1688.0,22.0,6.289577
BBAI,2026-01-16 11:40:00+00:00,6.28,6.28,6.26,6.26,4229.0,52.0,6.277288
BBAI,2026-01-16 11:45:00+00:00,6.26,6.265,6.255,6.26,1676.0,23.0,6.260838
BBAI,2026-01-16 11:50:00+00:00,6.26,6.265,6.26,6.265,890.0,33.0,6.263978
BBAI,2026-01-16 11:55:00+00:00,6.265,6.265,6.25,6.25,12365.0,61.0,6.258893
BBAI,2026-01-16 12:00:00+00:00,6.245,6.25,6.24,6.25,12823.0,65.0,6.247408
BBAI,2026-01-16 12:10:00+00:00,6.26,6.27,6.26,6.27,1971.0,23.0,6.260951
BBAI,2026-01-16 12:15:00+00:00,6.27,6.27,6.27,6.27,2764.0,26.0,6.27
BBAI,2026-01-16 12:20:00+00:00,6.26,6.26,6.25,6.25,5147.0,59.0,6.252978
BBAI,2026-01-16 12:25:00+00:00,6.25,6.25,6.24,6.25,2672.0,19.0,6.249295
BBAI,2026-01-16 12:30:00+00:00,6.245,6.25,6.24,6.24,4393.0,36.0,6.242874
BBAI,2026-01-16 12:35:00+00:00,6.235,6.235,6.235,6.235,328.0,2.0,6.235
BBAI,2026-01-16 12:40:00+00:00,6.235,6.235,6.23,6.23,546.0,9.0,6.231386
BBAI,2026-01-16 12:45:00+00:00,6.24,6.24,6.235,6.235,3361.0,36.0,6.239292
BBAI,2026-01-16 12:50:00+00:00,6.23,6.23,6.22,6.22,4185.0,30.0,6.226271
BBAI,2026-01-16 12:55:00+00:00,6.23,6.24,6.22,6.24,3417.0,26.0,6.228979
BBAI,2026-01-16 13:00:00+00:00,6.26,6.32,6.22,6.24,235687.0,735.0,6.25128
BBAI,2026-01-16 13:05:00+00:00,6.24,6.25,6.24,6.25,10861.0,39.0,6.248297
BBAI,2026-01-16 13:10:00+00:00,6.25,6.25,6.24,6.24,2889.0,32.0,6.246364
BBAI,2026-01-16 13:15:00+00:00,6.2398,6.24,6.23,6.235,1926.0,21.0,6.237369
BBAI,2026-01-16 13:20:00+00:00,6.24,6.24,6.23,6.2301,4238.0,24.0,6.23081
BBAI,2026-01-16 13:25:00+00:00,6.23,6.26,6.23,6.26,4927.0,37.0,6.246938
BBAI,2026-01-16 13:30:00+00:00,6.26,6.26,6.24,6.25,8234.0,40.0,6.255484
BBAI,2026-01-16 13:35:00+00:00,6.25,6.25,6.235,6.24,5665.0,55.0,6.241596
BBAI,2026-01-16 13:40:00+00:00,6.24,6.25,6.2298,6.24,30884.0,133.0,6.231613
BBAI,2026-01-16 13:45:00+00:00,6.25,6.25,6.24,6.25,3067.0,28.0,6.246486
BBAI,2026-01-16 13:50:00+00:00,6.2403,6.2495,6.23,6.23,5414.0,60.0,6.238643
BBAI,2026-01-16 13:55:00+00:00,6.23,6.23,6.22,6.2293,7852.0,35.0,6.22928
BBAI,2026-01-16 14:00:00+00:00,6.22,6.23,6.22,6.2298,7165.0,52.0,6.228724
BBAI,2026-01-16 14:05:00+00:00,6.22,6.23,6.22,6.2203,6837.0,27.0,6.223918
BBAI,2026-01-16 14:10:00+00:00,6.22,6.23,6.22,6.23,13831.0,67.0,6.229231
BBAI,2026-01-16 14:15:00+00:00,6.23,6.25,6.22,6.25,37551.0,157.0,6.234312
BBAI,2026-01-16 14:20:00+00:00,6.25,6.25,6.2118,6.2118,52251.0,257.0,6.234633
BBAI,2026-01-16 14:25:00+00:00,6.21,6.21,6.2,6.21,126968.0,403.0,6.204093
BBAI,2026-01-16 14:30:00+00:00,6.2,6.245,6.15,6.16,1856050.0,3408.0,6.193724
BBAI,2026-01-16 14:35:00+00:00,6.17,6.17,6.05,6.0599,2446230.0,4622.0,6.082705
BBAI,2026-01-16 14:40:00+00:00,6.055,6.12,6.05,6.075,1553669.0,2987.0,6.09061
BBAI,2026-01-16 14:45:00+00:00,6.075,6.115,6.07,6.09,962142.0,2346.0,6.091953
BBAI,2026-01-16 14:50:00+00:00,6.085,6.15,6.085,6.1186,1068791.0,2089.0,6.116119
BBAI,2026-01-16 14:55:00+00:00,6.115,6.13,6.08,6.09,832967.0,1914.0,6.108469
BBAI,2026-01-16 15:00:00+00:00,6.0875,6.14,6.07,6.12,991012.0,1822.0,6.09319
BBAI,2026-01-16 15:05:00+00:00,6.12,6.22,6.1145,6.215,1489790.0,2321.0,6.193533
BBAI,2026-01-16 15:10:00+00:00,6.2145,6.2795,6.19,6.225,2491934.0,3352.0,6.238359
BBAI,2026-01-16 15:15:00+00:00,6.2293,6.255,6.21,6.2222,860103.0,1928.0,6.232131
BBAI,2026-01-16 15:20:00+00:00,6.225,6.29,6.225,6.275,1338809.0,1756.0,6.269628
BBAI,2026-01-16 15:25:00+00:00,6.279,6.285,6.22,6.24,1313313.0,1880.0,6.255348
BBAI,2026-01-16 15:30:00+00:00,6.2385,6.25,6.185,6.1999,1107921.0,1662.0,6.221448
BBAI,2026-01-16 15:35:00+00:00,6.195,6.2,6.12,6.124,739578.0,1253.0,6.157642
BBAI,2026-01-16 15:40:00+00:00,6.125,6.13,6.04,6.085,2109033.0,2743.0,6.075621
BBAI,2026-01-16 15:45:00+00:00,6.085,6.1,6.06,6.095,1131287.0,1589.0,6.078924
BBAI,2026-01-16 15:50:00+00:00,6.1,6.14,6.07,6.1234,1436754.0,2033.0,6.110348
BBAI,2026-01-16 15:55:00+00:00,6.12,6.16,6.1,6.155,1173417.0,1553.0,6.12754
BBAI,2026-01-16 16:00:00+00:00,6.155,6.24,6.13,6.2312,2162843.0,2055.0,6.187493
BBAI,2026-01-16 16:05:00+00:00,6.235,6.27,6.22,6.245,1957784.0,1991.0,6.243191
BBAI,2026-01-16 16:10:00+00:00,6.2401,6.26,6.21,6.25,1400008.0,1436.0,6.237432
BBAI,2026-01-16 16:15:00+00:00,6.2472,6.32,6.23,6.2701,2207038.0,2015.0,6.275734
BBAI,2026-01-16 16:20:00+00:00,6.2652,6.27,6.22,6.245,1009825.0,1225.0,6.241336
BBAI,2026-01-16 16:25:00+00:00,6.24,6.245,6.22,6.2228,947256.0,870.0,6.230503
BBAI,2026-01-16 16:30:00+00:00,6.2215,6.23,6.205,6.215,1088301.0,870.0,6.217441
BBAI,2026-01-16 16:35:00+00:00,6.213,6.27,6.2,6.2667,990048.0,981.0,6.237645
BBAI,2026-01-16 16:40:00+00:00,6.2646,6.31,6.25,6.267,1490670.0,1403.0,6.276765
BBAI,2026-01-16 16:45:00+00:00,6.265,6.275,6.24,6.27,1513537.0,1254.0,6.259347
BBAI,2026-01-16 16:50:00+00:00,6.2616,6.265,6.23,6.2523,445938.0,810.0,6.246368
BBAI,2026-01-16 16:55:00+00:00,6.255,6.28,6.25,6.27,732181.0,936.0,6.260523
BBAI,2026-01-16 17:00:00+00:00,6.2708,6.2799,6.25,6.2778,831995.0,738.0,6.263113
BBAI,2026-01-16 17:05:00+00:00,6.2755,6.29,6.24,6.2556,659359.0,878.0,6.265607
BBAI,2026-01-16 17:10:00+00:00,6.255,6.28,6.25,6.265,699503.0,1036.0,6.264232
BBAI,2026-01-16 17:15:00+00:00,6.265,6.28,6.255,6.2701,705814.0,679.0,6.265909
BBAI,2026-01-16 17:20:00+00:00,6.27,6.28,6.24,6.2572,801059.0,795.0,6.259501
BBAI,2026-01-16 17:25:00+00:00,6.257,6.26,6.24,6.2401,731766.0,737.0,6.249626
BBAI,2026-01-16 17:30:00+00:00,6.2401,6.26,6.234,6.2556,586832.0,668.0,6.245039
BBAI,2026-01-16 17:35:00+00:00,6.255,6.2579,6.23,6.24,793010.0,655.0,6.245546
BBAI,2026-01-16 17:40:00+00:00,6.238,6.24,6.2,6.2123,689772.0,757.0,6.215019
BBAI,2026-01-16 17:45:00+00:00,6.215,6.25,6.2,6.235,855625.0,920.0,6.225245
BBAI,2026-01-16 17:50:00+00:00,6.235,6.245,6.21,6.24,850108.0,785.0,6.229121
BBAI,2026-01-16 17:55:00+00:00,6.2399,6.26,6.23,6.235,847846.0,891.0,6.245947
BBAI,2026-01-16 18:00:00+00:00,6.23,6.28,6.23,6.2767,926530.0,996.0,6.26499
BBAI,2026-01-16 18:05:00+00:00,6.2763,6.29,6.27,6.285,602579.0,755.0,6.282118
BBAI,2026-01-16 18:10:00+00:00,6.285,6.29,6.255,6.27,888237.0,944.0,6.269593
BBAI,2026-01-16 18:15:00+00:00,6.2758,6.3,6.27,6.2846,834093.0,1046.0,6.284959
BBAI,2026-01-16 18:20:00+00:00,6.285,6.29,6.27,6.2897,545124.0,728.0,6.280899
BBAI,2026-01-16 18:25:00+00:00,6.29,6.3,6.28,6.3,715196.0,805.0,6.291673
BBAI,2026-01-16 18:30:00+00:00,6.3,6.32,6.29,6.295,1135665.0,1109.0,6.304611
BBAI,2026-01-16 18:35:00+00:00,6.29,6.32,6.29,6.3101,499842.0,742.0,6.30864
BBAI,2026-01-16 18:40:00+00:00,6.3142,6.36,6.31,6.32,1654061.0,1542.0,6.332734
BBAI,2026-01-16 18:45:00+00:00,6.3203,6.34,6.305,6.32,1016480.0,891.0,6.326634
BBAI,2026-01-16 18:50:00+00:00,6.32,6.345,6.32,6.33,931671.0,969.0,6.333953
BBAI,2026-01-16 18:55:00+00:00,6.3324,6.34,6.321,6.335,833269.0,791.0,6.331881
BBAI,2026-01-16 19:00:00+00:00,6.335,6.34,6.29,6.315,1234904.0,1365.0,6.313767
BBAI,2026-01-16 19:05:00+00:00,6.315,6.32,6.297,6.31,1228724.0,911.0,6.30966
BBAI,2026-01-16 19:10:00+00:00,6.315,6.33,6.3,6.305,567998.0,813.0,6.313942
BBAI,2026-01-16 19:15:00+00:00,6.305,6.31,6.29,6.305,829934.0,930.0,6.297351
BBAI,2026-01-16 19:20:00+00:00,6.305,6.32,6.255,6.2701,1168358.0,1057.0,6.286528
BBAI,2026-01-16 19:25:00+00:00,6.27,6.275,6.23,6.23,1065403.0,781.0,6.24926
BBAI,2026-01-16 19:30:00+00:00,6.235,6.26,6.23,6.245,1563134.0,947.0,6.244186
BBAI,2026-01-16 19:35:00+00:00,6.2467,6.27,6.23,6.27,917870.0,822.0,6.243081
BBAI,2026-01-16 19:40:00+00:00,6.265,6.29,6.25,6.28,1190927.0,864.0,6.275582
BBAI,2026-01-16 19:45:00+00:00,6.2736,6.29,6.26,6.275,1769226.0,949.0,6.276687
BBAI,2026-01-16 19:50:00+00:00,6.28,6.29,6.27,6.28,900167.0,723.0,6.275977
BBAI,2026-01-16 19:55:00+00:00,6.285,6.29,6.2528,6.275,1605213.0,969.0,6.27697
BBAI,2026-01-16 20:00:00+00:00,6.27,6.27,6.2,6.215,1576117.0,1291.0,6.227396
BBAI,2026-01-16 20:05:00+00:00,6.2186,6.2186,6.18,6.203,1459465.0,853.0,6.196756
BBAI,2026-01-16 20:10:00+00:00,6.205,6.21,6.17,6.1946,1018921.0,858.0,6.189774
BBAI,2026-01-16 20:15:00+00:00,6.1999,6.2,6.15,6.175,1440521.0,1078.0,6.171717
BBAI,2026-01-16 20:20:00+00:00,6.175,6.18,6.13,6.145,1432120.0,1123.0,6.153903
BBAI,2026-01-16 20:25:00+00:00,6.1462,6.1499,6.12,6.1201,1156887.0,1132.0,6.132693
BBAI,2026-01-16 20:30:00+00:00,6.12,6.12,6.09,6.0998,1147595.0,1473.0,6.101795
BBAI,2026-01-16 20:35:00+00:00,6.0958,6.13,6.09,6.105,984218.0,1162.0,6.108054
BBAI,2026-01-16 20:40:00+00:00,6.105,6.13,6.1,6.1263,770250.0,1134.0,6.112932
BBAI,2026-01-16 20:45:00+00:00,6.125,6.13,6.1,6.115,942868.0,1128.0,6.113674
BBAI,2026-01-16 20:50:00+00:00,6.11,6.115,6.09,6.115,1422937.0,1718.0,6.102281
BBAI,2026-01-16 20:55:00+00:00,6.115,6.13,6.11,6.125,1700410.0,2612.0,6.119226
BBAI,2026-01-16 21:00:00+00:00,6.12,6.13,6.11,6.13,1122510.0,195.0,6.120045
BBAI,2026-01-16 21:05:00+00:00,6.13,6.14,6.12,6.14,38559.0,111.0,6.133814
BBAI,2026-01-16 21:10:00+00:00,6.1389,6.14,6.12,6.13,18966.0,94.0,6.130745
BBAI,2026-01-16 21:15:00+00:00,6.13,6.14,6.12,6.1301,22306.0,67.0,6.132917
BBAI,2026-01-16 21:20:00+00:00,6.1385,6.14,6.13,6.14,29012.0,86.0,6.130599
BBAI,2026-01-16 21:25:00+00:00,6.13,6.14,6.13,6.13,13687.0,37.0,6.130149
BBAI,2026-01-16 21:30:00+00:00,6.13,6.14,6.12,6.13,12404.0,47.0,6.130271
BBAI,2026-01-16 21:35:00+00:00,6.13,6.14,6.12,6.1301,11162.0,54.0,6.130996
BBAI,2026-01-16 21:40:00+00:00,6.14,6.14,6.13,6.14,3417.0,30.0,6.133923
BBAI,2026-01-16 21:45:00+00:00,6.14,6.14,6.13,6.14,3985.0,33.0,6.134092
BBAI,2026-01-16 21:50:00+00:00,6.14,6.14,6.1302,6.1399,2669.0,18.0,6.137937
BBAI,2026-01-16 21:55:00+00:00,6.13,6.14,6.13,6.14,4396.0,31.0,6.139048
BBAI,2026-01-16 22:00:00+00:00,6.14,6.14,6.13,6.13,2541.0,15.0,6.137074
BBAI,2026-01-16 22:05:00+00:00,6.13,6.14,6.12,6.12,19743.0,104.0,6.126682
BBAI,2026-01-16 22:10:00+00:00,6.1201,6.13,6.12,6.13,12179.0,35.0,6.12259
BBAI,2026-01-16 22:15:00+00:00,6.13,6.13,6.12,6.12,58181.0,18.0,6.124306
BBAI,2026-01-16 22:20:00+00:00,6.12,6.13,6.12,6.13,3145.0,32.0,6.127598
BBAI,2026-01-16 22:25:00+00:00,6.13,6.13,6.12,6.12,1886.0,20.0,6.122591
BBAI,2026-01-16 22:30:00+00:00,6.12,6.13,6.12,6.12,974.0,15.0,6.122851
BBAI,2026-01-16 22:35:00+00:00,6.12,6.13,6.12,6.12,2385.0,18.0,6.123316
BBAI,2026-01-16 22:40:00+00:00,6.1298,6.13,6.12,6.13,2336.0,24.0,6.126933
BBAI,2026-01-16 22:45:00+00:00,6.1285,6.13,6.12,6.12,3410.0,21.0,6.12708
BBAI,2026-01-16 22:50:00+00:00,6.13,6.13,6.13,6.13,1089.0,27.0,6.13
BBAI,2026-01-16 22:55:00+00:00,6.13,6.13,6.12,6.13,1346.0,20.0,6.122483
BBAI,2026-01-16 23:00:00+00:00,6.12,6.13,6.12,6.13,4180.0,29.0,6.128286
BBAI,2026-01-16 23:05:00+00:00,6.12,6.13,6.12,6.12,6022.0,41.0,6.122366
BBAI,2026-01-16 23:10:00+00:00,6.13,6.13,6.12,6.13,2222.0,16.0,6.122582
BBAI,2026-01-16 23:15:00+00:00,6.13,6.13,6.12,6.12,4577.0,15.0,6.124237
BBAI,2026-01-16 23:20:00+00:00,6.1201,6.13,6.12,6.12,1469.0,14.0,6.12397
BBAI,2026-01-16 23:25:00+00:00,6.13,6.13,6.1201,6.13,3281.0,20.0,6.125447
BBAI,2026-01-16 23:30:00+00:00,6.12,6.13,6.12,6.1297,3571.0,16.0,6.129239
BBAI,2026-01-16 23:35:00+00:00,6.1299,6.13,6.1299,6.13,3768.0,17.0,6.129986
BBAI,2026-01-16 23:40:00+00:00,6.13,6.1398,6.13,6.1398,3894.0,21.0,6.136926
BBAI,2026-01-16 23:45:00+00:00,6.1399,6.1399,6.13,6.13,5593.0,16.0,6.135974
BBAI,2026-01-16 23:50:00+00:00,6.13,6.13,6.12,6.1298,4189.0,19.0,6.127623
BBAI,2026-01-16 23:55:00+00:00,6.12,6.13,6.12,6.13,3616.0,9.0,6.125547
BBAI,2026-01-17 00:00:00+00:00,6.13,6.13,6.12,6.12,12233.0,15.0,6.127998
BBAI,2026-01-17 00:05:00+00:00,6.13,6.13,6.12,6.13,3105.0,21.0,6.128913
BBAI,2026-01-17 00:10:00+00:00,6.1299,6.13,6.1203,6.13,2876.0,11.0,6.129567
BBAI,2026-01-17 00:15:00+00:00,6.13,6.1316,6.1205,6.13,11930.0,17.0,6.129675
BBAI,2026-01-17 00:20:00+00:00,6.14,6.14,6.1382,6.1382,622.0,11.0,6.13928
BBAI,2026-01-17 00:25:00+00:00,6.14,6.14,6.13,6.13,6224.0,17.0,6.13495
BBAI,2026-01-17 00:30:00+00:00,6.13,6.13,6.1215,6.13,2707.0,12.0,6.12452
BBAI,2026-01-17 00:35:00+00:00,6.1204,6.13,6.1203,6.13,2628.0,11.0,6.126726
BBAI,2026-01-17 00:40:00+00:00,6.12,6.13,6.12,6.13,7455.0,5.0,6.12973
BBAI,2026-01-17 00:45:00+00:00,6.1202,6.13,6.1202,6.1299,11061.0,12.0,6.121614
BBAI,2026-01-17 00:50:00+00:00,6.1204,6.13,6.12,6.13,4857.0,17.0,6.129238
BBAI,2026-01-17 00:55:00+00:00,6.1299,6.13,6.12,6.1201,32496.0,58.0,6.122976
