date,open,high,low,close,volume
2024-09-24 11:30:00+00:00,7.98,7.98,7.98,7.98,1000.0
2024-09-24 11:35:00+00:00,7.99,7.99,7.99,7.99,100.0
2024-09-24 11:40:00+00:00,7.99,7.99,7.99,7.99,1902.0
2024-09-24 11:45:00+00:00,7.98,7.99,7.98,7.98,6158.0
2024-09-24 11:50:00+00:00,7.97,7.97,7.97,7.97,13785.0
2024-09-24 11:55:00+00:00,7.96,7.96,7.96,7.96,8087.0
2024-09-24 12:00:00+00:00,8.0,8.0112,7.9,7.96,133117.0
2024-09-24 12:05:00+00:00,7.96,7.98,7.95,7.98,19084.0
2024-09-24 12:10:00+00:00,7.97,7.98,7.97,7.97,3459.0
2024-09-24 12:15:00+00:00,7.98,7.98,7.98,7.98,13440.0
2024-09-24 12:20:00+00:00,7.98,7.98,7.97,7.98,2228.0
2024-09-24 12:25:00+00:00,7.97,7.98,7.97,7.98,3419.0
2024-09-24 12:30:00+00:00,7.98,7.98,7.97,7.97,14858.0
2024-09-24 12:35:00+00:00,7.98,7.98,7.95,7.97,24733.0
2024-09-24 12:40:00+00:00,7.96,7.97,7.96,7.97,8489.0
2024-09-24 12:45:00+00:00,7.96,7.97,7.96,7.96,16108.0
2024-09-24 12:50:00+00:00,7.97,7.98,7.97,7.98,12989.0
2024-09-24 12:55:00+00:00,7.98,7.98,7.97,7.97,8552.0
2024-09-24 13:00:00+00:00,7.98,7.98,7.979,7.979,2014.0
2024-09-24 13:05:00+00:00,7.98,7.98,7.97,7.97,11919.0
2024-09-24 13:10:00+00:00,7.98,7.98,7.97,7.9712,24101.0
2024-09-24 13:15:00+00:00,7.98,7.98,7.9703,7.98,16016.0
2024-09-24 13:20:00+00:00,7.975,7.98,7.97,7.98,4448.0
2024-09-24 13:25:00+00:00,7.98,7.99,7.95,7.95,34025.0
2024-09-24 13:30:00+00:00,7.96,7.97,7.8,7.8,1357667.0
2024-09-24 13:35:00+00:00,7.805,7.88,7.79,7.8799,925854.0
2024-09-24 13:40:00+00:00,7.8794,7.8875,7.83,7.86,455685.0
2024-09-24 13:45:00+00:00,7.854,7.88,7.84,7.845,515042.0
2024-09-24 13:50:00+00:00,7.844,7.85,7.79,7.8011,897315.0
2024-09-24 13:55:00+00:00,7.8,7.81,7.77,7.774,901872.0
2024-09-24 14:00:00+00:00,7.775,7.78,7.7,7.7099,1545222.0
2024-09-24 14:05:00+00:00,7.705,7.725,7.69,7.7071,964891.0
2024-09-24 14:10:00+00:00,7.705,7.72,7.67,7.6727,1027969.0
2024-09-24 14:15:00+00:00,7.6796,7.69,7.65,7.6792,986335.0
2024-09-24 14:20:00+00:00,7.6793,7.68,7.64,7.655,1121026.0
2024-09-24 14:25:00+00:00,7.655,7.66,7.62,7.6279,1038602.0
2024-09-24 14:30:00+00:00,7.625,7.645,7.61,7.6199,695799.0
2024-09-24 14:35:00+00:00,7.615,7.63,7.59,7.605,1254581.0
2024-09-24 14:40:00+00:00,7.605,7.64,7.58,7.6282,971610.0
2024-09-24 14:45:00+00:00,7.625,7.67,7.62,7.665,989844.0
2024-09-24 14:50:00+00:00,7.665,7.69,7.6601,7.6872,1120722.0
2024-09-24 14:55:00+00:00,7.685,7.71,7.68,7.704,598171.0
2024-09-24 15:00:00+00:00,7.705,7.71,7.67,7.695,633371.0
2024-09-24 15:05:00+00:00,7.7,7.7,7.67,7.6901,501016.0
2024-09-24 15:10:00+00:00,7.695,7.71,7.68,7.6959,562760.0
2024-09-24 15:15:00+00:00,7.7,7.71,7.69,7.695,498114.0
2024-09-24 15:20:00+00:00,7.695,7.71,7.675,7.685,571943.0
2024-09-24 15:25:00+00:00,7.6836,7.69,7.67,7.68,291940.0
2024-09-24 15:30:00+00:00,7.673,7.69,7.64,7.6484,758112.0
2024-09-24 15:35:00+00:00,7.6499,7.665,7.64,7.655,597143.0
2024-09-24 15:40:00+00:00,7.6573,7.6698,7.65,7.65,463672.0
2024-09-24 15:45:00+00:00,7.6583,7.67,7.64,7.655,950046.0
2024-09-24 15:50:00+00:00,7.6574,7.6599,7.64,7.645,527200.0
2024-09-24 15:55:00+00:00,7.645,7.65,7.63,7.6399,522775.0
2024-09-24 16:00:00+00:00,7.6399,7.6485,7.63,7.6343,335699.0
2024-09-24 16:05:00+00:00,7.6344,7.65,7.63,7.635,281052.0
2024-09-24 16:10:00+00:00,7.6347,7.64,7.61,7.6299,707375.0
2024-09-24 16:15:00+00:00,7.62,7.63,7.62,7.625,236006.0
2024-09-24 16:20:00+00:00,7.6299,7.64,7.62,7.635,364722.0
2024-09-24 16:25:00+00:00,7.64,7.64,7.63,7.635,275877.0
2024-09-24 16:30:00+00:00,7.64,7.64,7.63,7.64,165162.0
2024-09-24 16:35:00+00:00,7.635,7.64,7.63,7.635,237968.0
2024-09-24 16:40:00+00:00,7.635,7.64,7.61,7.635,687973.0
2024-09-24 16:45:00+00:00,7.6343,7.66,7.63,7.645,407622.0
2024-09-24 16:50:00+00:00,7.645,7.66,7.63,7.6576,329848.0
2024-09-24 16:55:00+00:00,7.655,7.666,7.64,7.6525,274853.0
2024-09-24 17:00:00+00:00,7.65,7.6675,7.65,7.655,264234.0
2024-09-24 17:05:00+00:00,7.656,7.67,7.65,7.655,149033.0
2024-09-24 17:10:00+00:00,7.655,7.67,7.65,7.67,228938.0
2024-09-24 17:15:00+00:00,7.665,7.68,7.6601,7.6735,287786.0
2024-09-24 17:20:00+00:00,7.6799,7.68,7.67,7.6799,107827.0
2024-09-24 17:25:00+00:00,7.67,7.69,7.67,7.6795,375726.0
2024-09-24 17:30:00+00:00,7.6795,7.72,7.67,7.715,622583.0
2024-09-24 17:35:00+00:00,7.72,7.73,7.71,7.725,403387.0
2024-09-24 17:40:00+00:00,7.72,7.75,7.71,7.735,713743.0
2024-09-24 17:45:00+00:00,7.735,7.74,7.73,7.73,205894.0
2024-09-24 17:50:00+00:00,7.73,7.7699,7.73,7.753,657063.0
2024-09-24 17:55:00+00:00,7.7575,7.77,7.75,7.755,313661.0
2024-09-24 18:00:00+00:00,7.757,7.79,7.75,7.7701,465164.0
2024-09-24 18:05:00+00:00,7.7701,7.79,7.765,7.78,288555.0
2024-09-24 18:10:00+00:00,7.785,7.8,7.78,7.8,430256.0
2024-09-24 18:15:00+00:00,7.8,7.81,7.78,7.8,390801.0
2024-09-24 18:20:00+00:00,7.795,7.8,7.78,7.785,279869.0
2024-09-24 18:25:00+00:00,7.785,7.7961,7.775,7.79,347613.0
2024-09-24 18:30:00+00:00,7.79,7.79,7.76,7.79,331729.0
2024-09-24 18:35:00+00:00,7.78,7.8,7.78,7.795,211563.0
2024-09-24 18:40:00+00:00,7.795,7.8,7.7813,7.785,109210.0
2024-09-24 18:45:00+00:00,7.785,7.79,7.78,7.785,264442.0
2024-09-24 18:50:00+00:00,7.784,7.82,7.78,7.815,490052.0
2024-09-24 18:55:00+00:00,7.81,7.84,7.81,7.825,1115266.0
2024-09-24 19:00:00+00:00,7.825,7.84,7.81,7.815,515060.0
2024-09-24 19:05:00+00:00,7.815,7.815,7.785,7.795,359074.0
2024-09-24 19:10:00+00:00,7.79,7.81,7.78,7.81,280813.0
2024-09-24 19:15:00+00:00,7.804,7.82,7.8,7.805,304928.0
2024-09-24 19:20:00+00:00,7.805,7.8399,7.8,7.825,332205.0
2024-09-24 19:25:00+00:00,7.8265,7.83,7.82,7.825,262058.0
2024-09-24 19:30:00+00:00,7.83,7.835,7.814,7.8299,301055.0
2024-09-24 19:35:00+00:00,7.825,7.83,7.81,7.8135,432085.0
2024-09-24 19:40:00+00:00,7.815,7.83,7.8,7.8235,833972.0
2024-09-24 19:45:00+00:00,7.83,7.8477,7.82,7.8358,917366.0
2024-09-24 19:50:00+00:00,7.84,7.85,7.82,7.835,877940.0
2024-09-24 19:55:00+00:00,7.83,7.85,7.83,7.835,1564348.0
2024-09-24 20:00:00+00:00,7.83,7.87,7.83,7.85,1447511.0
2024-09-24 20:05:00+00:00,7.85,7.85,7.84,7.8405,5666.0
2024-09-24 20:10:00+00:00,7.85,7.85,7.84,7.84,12637.0
2024-09-24 20:15:00+00:00,7.85,7.85,7.84,7.85,9770.0
2024-09-24 20:20:00+00:00,7.8498,7.85,7.84,7.85,7277.0
2024-09-24 20:25:00+00:00,7.8495,7.87,7.845,7.86,45394.0
2024-09-24 20:30:00+00:00,7.8605,7.87,7.86,7.86,26648.0
2024-09-24 20:35:00+00:00,7.86,7.86,7.85,7.8502,19137.0
2024-09-24 20:40:00+00:00,7.85,7.85,7.84,7.85,18709.0
2024-09-24 20:45:00+00:00,7.85,7.85,7.84,7.8499,4706.0
2024-09-24 20:50:00+00:00,7.8499,7.85,7.84,7.84,10455.0
2024-09-24 20:55:00+00:00,7.8499,7.8499,7.8499,7.8499,286.0
2024-09-24 21:00:00+00:00,7.84,7.85,7.84,7.85,9453.0
2024-09-24 21:05:00+00:00,7.845,7.85,7.84,7.85,4006.0
2024-09-24 21:10:00+00:00,7.8499,7.85,7.8405,7.85,2363.0
2024-09-24 21:15:00+00:00,7.845,7.85,7.845,7.85,220.0
2024-09-24 21:20:00+00:00,7.85,7.85,7.845,7.845,1840.0
2024-09-24 21:25:00+00:00,7.84,7.85,7.84,7.8497,9345.0
2024-09-24 21:30:00+00:00,7.84,7.84,7.84,7.84,15027.0
2024-09-24 21:35:00+00:00,7.84,7.84,7.84,7.84,897.0
2024-09-24 21:40:00+00:00,7.85,7.85,7.84,7.84,2210.0
2024-09-24 21:45:00+00:00,7.84,7.85,7.84,7.85,843.0
2024-09-24 21:50:00+00:00,7.8495,7.8499,7.84,7.84,2173.0
2024-09-24 21:55:00+00:00,7.85,7.85,7.84,7.84,2937.0
2024-09-24 22:00:00+00:00,7.85,7.85,7.8495,7.8495,1182.0
2024-09-24 22:05:00+00:00,7.8498,7.8498,7.84,7.8495,441.0
2024-09-24 22:15:00+00:00,7.85,7.85,7.84,7.84,2979.0
2024-09-24 22:20:00+00:00,7.84,7.84,7.83,7.8399,14527.0
2024-09-24 22:25:00+00:00,7.8397,7.8397,7.8397,7.8397,1000.0
2024-09-24 22:30:00+00:00,7.83,7.83,7.83,7.83,3256.0
2024-09-24 22:35:00+00:00,7.84,7.84,7.83,7.84,4280.0
2024-09-24 22:40:00+00:00,7.84,7.84,7.83,7.83,2797.0
2024-09-24 22:45:00+00:00,7.84,7.85,7.84,7.8401,19886.0
2024-09-24 22:50:00+00:00,7.84,7.85,7.84,7.85,1549.0
2024-09-24 22:55:00+00:00,7.84,7.85,7.83,7.83,1815.0
2024-09-24 23:00:00+00:00,7.83,7.84,7.83,7.835,852.0
2024-09-24 23:05:00+00:00,7.84,7.84,7.83,7.83,18670.0
2024-09-24 23:10:00+00:00,7.825,7.83,7.825,7.83,1835.0
2024-09-24 23:15:00+00:00,7.8201,7.83,7.82,7.83,30263.0
2024-09-24 23:20:00+00:00,7.83,7.8399,7.83,7.8399,8136.0
2024-09-24 23:25:00+00:00,7.84,7.84,7.83,7.83,1200.0
2024-09-24 23:30:00+00:00,7.84,7.84,7.835,7.8399,3671.0
2024-09-24 23:35:00+00:00,7.83,7.84,7.83,7.84,3307.0
2024-09-24 23:40:00+00:00,7.84,7.84,7.8301,7.84,3765.0
2024-09-24 23:45:00+00:00,7.83,7.84,7.83,7.8399,2743.0
2024-09-24 23:50:00+00:00,7.84,7.84,7.83,7.83,6483.0
2024-09-24 23:55:00+00:00,7.8397,7.84,7.83,7.84,6852.0
2024-09-25 08:00:00+00:00,7.8,7.81,7.8,7.81,573.0
2024-09-25 08:05:00+00:00,7.82,7.82,7.8,7.8,228.0
2024-09-25 08:10:00+00:00,7.81,7.81,7.8,7.8,410.0
2024-09-25 08:20:00+00:00,7.8,7.8,7.8,7.8,2044.0
2024-09-25 08:25:00+00:00,7.8,7.8,7.8,7.8,160.0
2024-09-25 08:30:00+00:00,7.8,7.8,7.8,7.8,1501.0
2024-09-25 08:55:00+00:00,7.79,7.79,7.79,7.79,2027.0
2024-09-25 09:00:00+00:00,7.78,7.78,7.78,7.78,1155.0
2024-09-25 09:05:00+00:00,7.79,7.79,7.79,7.79,403.0
2024-09-25 09:10:00+00:00,7.78,7.79,7.78,7.78,1312.0
2024-09-25 09:15:00+00:00,7.79,7.79,7.79,7.79,355.0
2024-09-25 09:25:00+00:00,7.78,7.78,7.78,7.78,669.0
2024-09-25 09:30:00+00:00,7.79,7.79,7.79,7.79,4982.0
2024-09-25 09:45:00+00:00,7.79,7.79,7.79,7.79,2601.0
2024-09-25 09:50:00+00:00,7.79,7.8,7.79,7.8,2362.0
2024-09-25 10:00:00+00:00,7.8,7.8,7.79,7.79,4301.0
2024-09-25 10:05:00+00:00,7.8,7.81,7.8,7.81,7486.0
2024-09-25 10:10:00+00:00,7.81,7.81,7.8,7.81,859.0
2024-09-25 10:15:00+00:00,7.81,7.81,7.81,7.81,1000.0
2024-09-25 10:30:00+00:00,7.81,7.81,7.81,7.81,500.0
2024-09-25 10:40:00+00:00,7.8,7.8,7.8,7.8,1329.0
2024-09-25 10:50:00+00:00,7.8,7.8,7.8,7.8,212.0
2024-09-25 10:55:00+00:00,7.8,7.8,7.8,7.8,600.0
2024-09-25 11:00:00+00:00,7.805,7.81,7.805,7.81,4565.0
2024-09-25 11:05:00+00:00,7.81,7.83,7.81,7.83,17065.0
2024-09-25 11:25:00+00:00,7.82,7.82,7.82,7.82,4165.0
2024-09-25 11:35:00+00:00,7.81,7.81,7.81,7.81,957.0
2024-09-25 11:40:00+00:00,7.81,7.81,7.81,7.81,738.0
2024-09-25 11:45:00+00:00,7.82,7.82,7.82,7.82,485.0
2024-09-25 11:50:00+00:00,7.82,7.82,7.82,7.82,635.0
2024-09-25 12:00:00+00:00,7.81,7.83,7.75,7.81,79853.0
2024-09-25 12:05:00+00:00,7.81,7.82,7.8,7.8,9219.0
2024-09-25 12:10:00+00:00,7.8,7.81,7.8,7.81,9505.0
2024-09-25 12:15:00+00:00,7.82,7.82,7.81,7.82,12578.0
2024-09-25 12:20:00+00:00,7.82,7.83,7.82,7.83,25985.0
2024-09-25 12:25:00+00:00,7.83,7.85,7.83,7.83,21795.0
2024-09-25 12:30:00+00:00,7.8395,7.85,7.8395,7.8497,8380.0
2024-09-25 12:35:00+00:00,7.85,7.85,7.84,7.85,6476.0
2024-09-25 12:40:00+00:00,7.85,7.85,7.84,7.8499,11446.0
2024-09-25 12:45:00+00:00,7.85,7.85,7.84,7.84,8237.0
2024-09-25 12:50:00+00:00,7.84,7.85,7.84,7.84,3055.0
2024-09-25 12:55:00+00:00,7.85,7.86,7.85,7.85,34961.0
2024-09-25 13:00:00+00:00,7.86,7.86,7.85,7.85,10584.0
2024-09-25 13:05:00+00:00,7.85,7.85,7.84,7.84,14028.0
2024-09-25 13:10:00+00:00,7.83,7.84,7.83,7.83,5624.0
2024-09-25 13:15:00+00:00,7.8305,7.8305,7.82,7.83,6656.0
2024-09-25 13:20:00+00:00,7.83,7.83,7.82,7.8205,25048.0
2024-09-25 13:25:00+00:00,7.83,7.84,7.82,7.84,5386.0
2024-09-25 13:30:00+00:00,7.85,7.87,7.77,7.86,797922.0
2024-09-25 13:35:00+00:00,7.86,7.88,7.85,7.855,335311.0
2024-09-25 13:40:00+00:00,7.855,7.88,7.82,7.83,425793.0
2024-09-25 13:45:00+00:00,7.83,7.845,7.8,7.8009,329063.0
2024-09-25 13:50:00+00:00,7.805,7.81,7.78,7.795,208767.0
2024-09-25 13:55:00+00:00,7.795,7.82,7.78,7.82,286337.0
2024-09-25 14:00:00+00:00,7.8199,7.84,7.81,7.835,319927.0
2024-09-25 14:05:00+00:00,7.8399,7.8556,7.8212,7.8399,325522.0
2024-09-25 14:10:00+00:00,7.836,7.84,7.805,7.815,215582.0
2024-09-25 14:15:00+00:00,7.815,7.8299,7.79,7.8074,296785.0
2024-09-25 14:20:00+00:00,7.805,7.81,7.79,7.795,210147.0
2024-09-25 14:25:00+00:00,7.8,7.825,7.78,7.794,595187.0
2024-09-25 14:30:00+00:00,7.791,7.8,7.78,7.79,209890.0
2024-09-25 14:35:00+00:00,7.785,7.7999,7.77,7.785,368125.0
2024-09-25 14:40:00+00:00,7.785,7.8,7.78,7.7995,262232.0
2024-09-25 14:45:00+00:00,7.795,7.8,7.78,7.785,134901.0
2024-09-25 14:50:00+00:00,7.7884,7.8,7.78,7.8,261563.0
2024-09-25 14:55:00+00:00,7.795,7.8,7.78,7.785,282210.0
2024-09-25 15:00:00+00:00,7.785,7.8,7.78,7.795,169466.0
2024-09-25 15:05:00+00:00,7.7962,7.81,7.79,7.805,214294.0
2024-09-25 15:10:00+00:00,7.805,7.82,7.79,7.805,310209.0
2024-09-25 15:15:00+00:00,7.805,7.83,7.8,7.8215,282384.0
2024-09-25 15:20:00+00:00,7.83,7.83,7.805,7.805,349746.0
2024-09-25 15:25:00+00:00,7.8048,7.81,7.794,7.8,151945.0
2024-09-25 15:30:00+00:00,7.797,7.82,7.79,7.8064,271902.0
2024-09-25 15:35:00+00:00,7.8055,7.82,7.8055,7.82,114330.0
2024-09-25 15:40:00+00:00,7.82,7.825,7.8001,7.815,409660.0
2024-09-25 15:45:00+00:00,7.8112,7.82,7.8,7.8101,210701.0
2024-09-25 15:50:00+00:00,7.8101,7.82,7.8,7.8,180365.0
2024-09-25 15:55:00+00:00,7.805,7.83,7.8,7.83,259728.0
2024-09-25 16:00:00+00:00,7.82,7.83,7.81,7.82,259368.0
2024-09-25 16:05:00+00:00,7.825,7.825,7.81,7.815,146161.0
2024-09-25 16:10:00+00:00,7.8147,7.84,7.8101,7.835,200228.0
2024-09-25 16:15:00+00:00,7.84,7.87,7.833,7.8689,474790.0
2024-09-25 16:20:00+00:00,7.8699,7.875,7.8515,7.865,235592.0
2024-09-25 16:25:00+00:00,7.865,7.87,7.86,7.865,69031.0
2024-09-25 16:30:00+00:00,7.8647,7.865,7.8409,7.845,205906.0
2024-09-25 16:35:00+00:00,7.845,7.855,7.84,7.845,220678.0
2024-09-25 16:40:00+00:00,7.845,7.85,7.84,7.845,36406.0
2024-09-25 16:45:00+00:00,7.845,7.845,7.8121,7.8177,171436.0
2024-09-25 16:50:00+00:00,7.815,7.83,7.81,7.8212,105443.0
2024-09-25 16:55:00+00:00,7.82,7.825,7.79,7.795,278881.0
2024-09-25 17:00:00+00:00,7.795,7.8,7.78,7.7826,202883.0
2024-09-25 17:05:00+00:00,7.785,7.785,7.76,7.7673,266755.0
2024-09-25 17:10:00+00:00,7.765,7.77,7.75,7.76,252765.0
2024-09-25 17:15:00+00:00,7.75,7.77,7.75,7.765,221313.0
2024-09-25 17:20:00+00:00,7.7685,7.77,7.76,7.765,178389.0
2024-09-25 17:25:00+00:00,7.7669,7.785,7.76,7.765,888546.0
2024-09-25 17:30:00+00:00,7.765,7.77,7.74,7.7413,394459.0
2024-09-25 17:35:00+00:00,7.745,7.76,7.73,7.7445,299340.0
2024-09-25 17:40:00+00:00,7.742,7.745,7.72,7.7324,459928.0
2024-09-25 17:45:00+00:00,7.7356,7.7356,7.72,7.7286,491965.0
2024-09-25 17:50:00+00:00,7.721,7.76,7.7201,7.755,330265.0
2024-09-25 17:55:00+00:00,7.76,7.765,7.75,7.765,174551.0
2024-09-25 18:00:00+00:00,7.765,7.77,7.74,7.745,481765.0
2024-09-25 18:05:00+00:00,7.744,7.756,7.735,7.755,321990.0
2024-09-25 18:10:00+00:00,7.7533,7.76,7.74,7.745,168105.0
2024-09-25 18:15:00+00:00,7.74,7.7599,7.734,7.745,306513.0
2024-09-25 18:20:00+00:00,7.745,7.75,7.74,7.7463,242934.0
2024-09-25 18:25:00+00:00,7.75,7.76,7.74,7.744,326123.0
2024-09-25 18:30:00+00:00,7.74,7.75,7.74,7.745,52006.0
2024-09-25 18:35:00+00:00,7.745,7.75,7.73,7.735,177401.0
2024-09-25 18:40:00+00:00,7.735,7.75,7.73,7.735,282424.0
2024-09-25 18:45:00+00:00,7.74,7.74,7.73,7.7362,440065.0
2024-09-25 18:50:00+00:00,7.7397,7.75,7.73,7.7409,326273.0
2024-09-25 18:55:00+00:00,7.74,7.745,7.72,7.735,370323.0
2024-09-25 19:00:00+00:00,7.73,7.74,7.7201,7.725,467800.0
2024-09-25 19:05:00+00:00,7.73,7.73,7.72,7.725,145745.0
2024-09-25 19:10:00+00:00,7.725,7.74,7.725,7.7399,287857.0
2024-09-25 19:15:00+00:00,7.735,7.75,7.73,7.739,348992.0
2024-09-25 19:20:00+00:00,7.74,7.74,7.7201,7.735,323981.0
2024-09-25 19:25:00+00:00,7.7361,7.75,7.73,7.7499,283923.0
2024-09-25 19:30:00+00:00,7.745,7.745,7.725,7.74,366255.0
2024-09-25 19:35:00+00:00,7.735,7.74,7.73,7.735,200579.0
2024-09-25 19:40:00+00:00,7.739,7.74,7.72,7.72,391883.0
2024-09-25 19:45:00+00:00,7.725,7.73,7.72,7.725,384524.0
2024-09-25 19:50:00+00:00,7.73,7.74,7.71,7.72,1069083.0
2024-09-25 19:55:00+00:00,7.725,7.73,7.72,7.72,1143808.0
2024-09-25 20:00:00+00:00,7.73,7.74,7.72,7.73,1106244.0
2024-09-25 20:05:00+00:00,7.72,7.74,7.72,7.7301,44348.0
2024-09-25 20:10:00+00:00,7.74,7.74,7.72,7.73,10837.0
2024-09-25 20:15:00+00:00,7.7295,7.73,7.72,7.73,7669.0
2024-09-25 20:20:00+00:00,7.73,7.74,7.73,7.73,12019.0
2024-09-25 20:25:00+00:00,7.7305,7.74,7.73,7.74,1071.0
2024-09-25 20:30:00+00:00,7.74,7.74,7.74,7.74,10314.0
2024-09-25 20:35:00+00:00,7.74,7.74,7.73,7.7399,12257.0
2024-09-25 20:40:00+00:00,7.73,7.74,7.73,7.73,2969.0
2024-09-25 20:45:00+00:00,7.74,7.74,7.73,7.7399,6424.0
2024-09-25 20:50:00+00:00,7.74,7.74,7.735,7.74,1080.0
2024-09-25 20:55:00+00:00,7.74,7.74,7.73,7.73,1856.0
2024-09-25 21:00:00+00:00,7.7399,7.74,7.73,7.73,5400.0
2024-09-25 21:05:00+00:00,7.74,7.75,7.74,7.75,31529.0
2024-09-25 21:10:00+00:00,7.75,7.75,7.74,7.75,3354.0
2024-09-25 21:15:00+00:00,7.75,7.75,7.7495,7.75,4092.0
2024-09-25 21:20:00+00:00,7.74,7.75,7.74,7.7402,1249.0
2024-09-25 21:25:00+00:00,7.7499,7.7499,7.74,7.7499,7727.0
2024-09-25 21:30:00+00:00,7.74,7.75,7.74,7.75,3691.0
2024-09-25 21:35:00+00:00,7.75,7.75,7.74,7.74,4415.0
2024-09-25 21:40:00+00:00,7.75,7.75,7.74,7.75,1568.0
2024-09-25 21:45:00+00:00,7.74,7.74,7.74,7.74,219.0
2024-09-25 21:50:00+00:00,7.75,7.75,7.7399,7.7399,5565.0
2024-09-25 21:55:00+00:00,7.73,7.74,7.73,7.73,10217.0
2024-09-25 22:00:00+00:00,7.7305,7.74,7.7305,7.74,5302.0
2024-09-25 22:05:00+00:00,7.74,7.74,7.73,7.73,380.0
2024-09-25 22:10:00+00:00,7.7399,7.74,7.73,7.735,6580.0
2024-09-25 22:15:00+00:00,7.74,7.74,7.73,7.73,8455.0
2024-09-25 22:20:00+00:00,7.7399,7.7399,7.73,7.7301,1800.0
2024-09-25 22:30:00+00:00,7.735,7.75,7.735,7.75,9661.0
2024-09-25 22:35:00+00:00,7.75,7.75,7.7405,7.7405,769.0
2024-09-25 22:40:00+00:00,7.75,7.75,7.75,7.75,31243.0
2024-09-25 22:45:00+00:00,7.76,7.76,7.76,7.76,1231.0
2024-09-25 22:50:00+00:00,7.75,7.76,7.75,7.75,11196.0
2024-09-25 22:55:00+00:00,7.76,7.76,7.755,7.7599,982.0
2024-09-25 23:00:00+00:00,7.7501,7.76,7.75,7.76,5855.0
2024-09-25 23:05:00+00:00,7.75,7.75,7.74,7.74,4170.0
2024-09-25 23:10:00+00:00,7.74,7.75,7.74,7.74,5164.0
2024-09-25 23:15:00+00:00,7.745,7.75,7.73,7.73,33699.0
2024-09-25 23:20:00+00:00,7.74,7.74,7.73,7.74,7155.0
2024-09-25 23:25:00+00:00,7.7398,7.74,7.73,7.74,6371.0
2024-09-25 23:30:00+00:00,7.7305,7.7395,7.7302,7.7302,2759.0
2024-09-25 23:35:00+00:00,7.73,7.74,7.73,7.7305,2168.0
2024-09-25 23:40:00+00:00,7.7398,7.7499,7.735,7.7499,14742.0
2024-09-25 23:45:00+00:00,7.74,7.75,7.74,7.7405,2187.0
2024-09-25 23:50:00+00:00,7.74,7.75,7.74,7.75,11476.0
2024-09-25 23:55:00+00:00,7.7499,7.75,7.74,7.74,18754.0
2024-09-26 08:00:00+00:00,7.76,7.81,7.76,7.8,8951.0
2024-09-26 08:05:00+00:00,7.81,7.81,7.8,7.81,2623.0
2024-09-26 08:10:00+00:00,7.81,7.81,7.81,7.81,19504.0
2024-09-26 08:15:00+00:00,7.82,7.82,7.81,7.82,6185.0
2024-09-26 08:20:00+00:00,7.82,7.82,7.82,7.82,5240.0
2024-09-26 08:25:00+00:00,7.83,7.83,7.82,7.82,10106.0
2024-09-26 08:30:00+00:00,7.83,7.83,7.82,7.82,21216.0
2024-09-26 08:35:00+00:00,7.82,7.82,7.82,7.82,802.0
2024-09-26 08:40:00+00:00,7.82,7.82,7.82,7.82,458.0
2024-09-26 08:45:00+00:00,7.82,7.82,7.82,7.82,1015.0
2024-09-26 08:50:00+00:00,7.82,7.82,7.82,7.82,483.0
2024-09-26 08:55:00+00:00,7.81,7.82,7.81,7.81,3135.0
2024-09-26 09:00:00+00:00,7.81,7.81,7.81,7.81,300.0
2024-09-26 09:05:00+00:00,7.81,7.81,7.81,7.81,430.0
2024-09-26 09:10:00+00:00,7.81,7.81,7.81,7.81,304.0
2024-09-26 09:15:00+00:00,7.81,7.82,7.81,7.82,1531.0
2024-09-26 09:20:00+00:00,7.81,7.81,7.8,7.8,4304.0
2024-09-26 09:25:00+00:00,7.8,7.8,7.8,7.8,3633.0
2024-09-26 09:30:00+00:00,7.79,7.79,7.78,7.79,6965.0
2024-09-26 09:35:00+00:00,7.79,7.79,7.79,7.79,424.0
2024-09-26 09:40:00+00:00,7.8,7.8,7.8,7.8,466.0
2024-09-26 09:45:00+00:00,7.8,7.8,7.8,7.8,100.0
2024-09-26 09:50:00+00:00,7.8,7.8,7.79,7.79,2700.0
2024-09-26 09:55:00+00:00,7.8,7.8,7.8,7.8,1494.0
2024-09-26 10:00:00+00:00,7.8,7.8,7.78,7.78,12428.0
2024-09-26 10:05:00+00:00,7.78,7.79,7.78,7.79,3995.0
2024-09-26 10:10:00+00:00,7.79,7.8,7.79,7.8,3780.0
2024-09-26 10:15:00+00:00,7.8,7.8,7.8,7.8,1447.0
2024-09-26 10:20:00+00:00,7.79,7.8,7.79,7.8,1954.0
2024-09-26 10:25:00+00:00,7.8,7.8,7.8,7.8,914.0
2024-09-26 10:40:00+00:00,7.795,7.81,7.795,7.81,3556.0
2024-09-26 10:45:00+00:00,7.81,7.81,7.81,7.81,1956.0
2024-09-26 10:50:00+00:00,7.81,7.81,7.81,7.81,701.0
2024-09-26 10:55:00+00:00,7.81,7.81,7.81,7.81,1050.0
2024-09-26 11:00:00+00:00,7.8,7.81,7.8,7.81,9054.0
2024-09-26 11:05:00+00:00,7.8,7.8,7.8,7.8,2819.0
2024-09-26 11:10:00+00:00,7.8,7.8,7.78,7.78,14895.0
2024-09-26 11:15:00+00:00,7.78,7.78,7.78,7.78,510.0
2024-09-26 11:20:00+00:00,7.79,7.79,7.79,7.79,4281.0
2024-09-26 11:25:00+00:00,7.8,7.8,7.79,7.79,5857.0
2024-09-26 11:30:00+00:00,7.79,7.79,7.79,7.79,3300.0
2024-09-26 11:35:00+00:00,7.79,7.8,7.79,7.8,7134.0
2024-09-26 11:40:00+00:00,7.81,7.81,7.8,7.81,9801.0
2024-09-26 11:45:00+00:00,7.8,7.8,7.8,7.8,7752.0
2024-09-26 11:50:00+00:00,7.799,7.82,7.799,7.81,6133.0
2024-09-26 11:55:00+00:00,7.81,7.82,7.81,7.82,2904.0
2024-09-26 12:00:00+00:00,7.81,7.83,7.78,7.81,224585.0
2024-09-26 12:05:00+00:00,7.81,7.82,7.8,7.81,6711.0
2024-09-26 12:10:00+00:00,7.8,7.81,7.8,7.809,4290.0
2024-09-26 12:15:00+00:00,7.81,7.81,7.79,7.7995,15587.0
2024-09-26 12:20:00+00:00,7.79,7.8,7.79,7.79,7029.0
2024-09-26 12:25:00+00:00,7.8,7.8,7.79,7.8,11561.0
2024-09-26 12:30:00+00:00,7.7905,7.83,7.7905,7.82,61215.0
2024-09-26 12:35:00+00:00,7.82,7.8203,7.81,7.8203,14785.0
2024-09-26 12:40:00+00:00,7.83,7.83,7.8105,7.82,41457.0
2024-09-26 12:45:00+00:00,7.82,7.83,7.82,7.8295,19954.0
2024-09-26 12:50:00+00:00,7.83,7.83,7.82,7.8295,25804.0
2024-09-26 12:55:00+00:00,7.82,7.83,7.81,7.82,28022.0
2024-09-26 13:00:00+00:00,7.82,7.82,7.81,7.82,19564.0
2024-09-26 13:05:00+00:00,7.82,7.85,7.82,7.8498,136541.0
2024-09-26 13:10:00+00:00,7.85,7.86,7.84,7.85,14814.0
2024-09-26 13:15:00+00:00,7.86,7.86,7.83,7.83,56417.0
2024-09-26 13:20:00+00:00,7.8303,7.86,7.82,7.86,50193.0
2024-09-26 13:25:00+00:00,7.85,7.89,7.83,7.84,45105.0
2024-09-26 13:30:00+00:00,7.83,7.84,7.76,7.77,739979.0
2024-09-26 13:35:00+00:00,7.78,7.8,7.77,7.7995,574890.0
2024-09-26 13:40:00+00:00,7.799,7.835,7.79,7.825,553449.0
2024-09-26 13:45:00+00:00,7.8298,7.85,7.825,7.825,445864.0
2024-09-26 13:50:00+00:00,7.835,7.8361,7.79,7.805,610450.0
2024-09-26 13:55:00+00:00,7.805,7.8272,7.79,7.805,453281.0
2024-09-26 14:00:00+00:00,7.805,7.87,7.805,7.81,665732.0
2024-09-26 14:05:00+00:00,7.815,7.8187,7.765,7.7792,441324.0
2024-09-26 14:10:00+00:00,7.78,7.8192,7.7701,7.8018,541903.0
2024-09-26 14:15:00+00:00,7.81,7.83,7.8,7.815,304961.0
2024-09-26 14:20:00+00:00,7.8101,7.82,7.73,7.745,770295.0
2024-09-26 14:25:00+00:00,7.745,7.75,7.71,7.725,410175.0
2024-09-26 14:30:00+00:00,7.725,7.73,7.69,7.7,667802.0
2024-09-26 14:35:00+00:00,7.7025,7.73,7.69,7.722,419953.0
2024-09-26 14:40:00+00:00,7.7254,7.73,7.69,7.7,518954.0
2024-09-26 14:45:00+00:00,7.695,7.73,7.6901,7.725,582665.0
2024-09-26 14:50:00+00:00,7.725,7.73,7.69,7.705,374017.0
2024-09-26 14:55:00+00:00,7.71,7.72,7.684,7.7,275695.0
2024-09-26 15:00:00+00:00,7.705,7.71,7.68,7.69,313046.0
2024-09-26 15:05:00+00:00,7.69,7.7098,7.69,7.6903,339949.0
2024-09-26 15:10:00+00:00,7.69,7.73,7.69,7.7205,325126.0
2024-09-26 15:15:00+00:00,7.7209,7.745,7.72,7.7399,293291.0
2024-09-26 15:20:00+00:00,7.735,7.76,7.73,7.7515,202840.0
2024-09-26 15:25:00+00:00,7.755,7.755,7.73,7.735,366022.0
2024-09-26 15:30:00+00:00,7.7399,7.74,7.72,7.736,541482.0
2024-09-26 15:35:00+00:00,7.736,7.75,7.73,7.745,202148.0
2024-09-26 15:40:00+00:00,7.745,7.755,7.735,7.7401,260953.0
2024-09-26 15:45:00+00:00,7.7421,7.7591,7.74,7.74,388890.0
2024-09-26 15:50:00+00:00,7.745,7.76,7.74,7.755,144669.0
2024-09-26 15:55:00+00:00,7.75,7.78,7.75,7.775,218563.0
2024-09-26 16:00:00+00:00,7.78,7.78,7.75,7.7585,387624.0
2024-09-26 16:05:00+00:00,7.755,7.78,7.75,7.7605,410712.0
2024-09-26 16:10:00+00:00,7.77,7.775,7.75,7.756,480420.0
2024-09-26 16:15:00+00:00,7.75,7.76,7.74,7.7541,276741.0
2024-09-26 16:20:00+00:00,7.755,7.7699,7.74,7.755,265019.0
2024-09-26 16:25:00+00:00,7.7505,7.76,7.74,7.7491,208874.0
2024-09-26 16:30:00+00:00,7.74,7.76,7.74,7.745,120451.0
2024-09-26 16:35:00+00:00,7.74,7.75,7.74,7.74,85159.0
2024-09-26 16:40:00+00:00,7.7403,7.75,7.73,7.7376,344019.0
2024-09-26 16:45:00+00:00,7.7371,7.74,7.725,7.725,194293.0
2024-09-26 16:50:00+00:00,7.725,7.73,7.72,7.73,123030.0
2024-09-26 16:55:00+00:00,7.725,7.73,7.72,7.725,178728.0
2024-09-26 17:00:00+00:00,7.72,7.74,7.71,7.73,398726.0
2024-09-26 17:05:00+00:00,7.73,7.74,7.72,7.725,235577.0
2024-09-26 17:10:00+00:00,7.725,7.735,7.72,7.725,165389.0
2024-09-26 17:15:00+00:00,7.725,7.73,7.69,7.695,251959.0
2024-09-26 17:20:00+00:00,7.6999,7.71,7.695,7.7,186157.0
2024-09-26 17:25:00+00:00,7.7034,7.74,7.7,7.735,338735.0
2024-09-26 17:30:00+00:00,7.73,7.745,7.73,7.7393,152920.0
2024-09-26 17:35:00+00:00,7.74,7.74,7.73,7.7359,134190.0
2024-09-26 17:40:00+00:00,7.7316,7.745,7.72,7.74,296762.0
2024-09-26 17:45:00+00:00,7.7399,7.75,7.73,7.75,88189.0
2024-09-26 17:50:00+00:00,7.75,7.75,7.73,7.7499,264739.0
2024-09-26 17:55:00+00:00,7.75,7.77,7.7405,7.765,323155.0
2024-09-26 18:00:00+00:00,7.76,7.78,7.76,7.77,224401.0
2024-09-26 18:05:00+00:00,7.765,7.77,7.76,7.77,54726.0
2024-09-26 18:10:00+00:00,7.77,7.775,7.76,7.766,178058.0
2024-09-26 18:15:00+00:00,7.765,7.77,7.75,7.7551,355227.0
2024-09-26 18:20:00+00:00,7.755,7.76,7.75,7.755,47751.0
2024-09-26 18:25:00+00:00,7.76,7.76,7.75,7.755,84624.0
2024-09-26 18:30:00+00:00,7.755,7.76,7.74,7.745,241242.0
2024-09-26 18:35:00+00:00,7.75,7.76,7.74,7.76,176923.0
2024-09-26 18:40:00+00:00,7.755,7.76,7.75,7.76,124532.0
2024-09-26 18:45:00+00:00,7.76,7.76,7.74,7.75,205319.0
2024-09-26 18:50:00+00:00,7.75,7.76,7.74,7.76,240058.0
2024-09-26 18:55:00+00:00,7.755,7.76,7.75,7.7588,95839.0
2024-09-26 19:00:00+00:00,7.755,7.77,7.7419,7.77,226833.0
2024-09-26 19:05:00+00:00,7.7661,7.77,7.76,7.765,154352.0
2024-09-26 19:10:00+00:00,7.7695,7.78,7.76,7.7797,212804.0
2024-09-26 19:15:00+00:00,7.775,7.78,7.76,7.7726,258430.0
2024-09-26 19:20:00+00:00,7.775,7.78,7.77,7.775,315624.0
2024-09-26 19:25:00+00:00,7.7765,7.78,7.76,7.766,207334.0
2024-09-26 19:30:00+00:00,7.765,7.77,7.75,7.7698,293888.0
2024-09-26 19:35:00+00:00,7.765,7.77,7.76,7.765,102933.0
2024-09-26 19:40:00+00:00,7.765,7.77,7.76,7.765,72119.0
2024-09-26 19:45:00+00:00,7.765,7.77,7.76,7.765,169640.0
2024-09-26 19:50:00+00:00,7.765,7.77,7.74,7.755,909519.0
2024-09-26 19:55:00+00:00,7.755,7.77,7.74,7.77,1344202.0
2024-09-26 20:00:00+00:00,7.76,7.76,7.75,7.76,929427.0
2024-09-26 20:05:00+00:00,7.75,7.76,7.75,7.75,2145.0
2024-09-26 20:10:00+00:00,7.76,7.76,7.75,7.75,4551.0
2024-09-26 20:15:00+00:00,7.75,7.76,7.75,7.75,8841.0
2024-09-26 20:20:00+00:00,7.7597,7.76,7.7597,7.76,1752.0
2024-09-26 20:25:00+00:00,7.75,7.76,7.75,7.76,2292.0
2024-09-26 20:30:00+00:00,7.75,7.76,7.75,7.76,3224.0
2024-09-26 20:35:00+00:00,7.75,7.75,7.75,7.75,141.0
2024-09-26 20:40:00+00:00,7.75,7.76,7.75,7.75,908.0
2024-09-26 20:45:00+00:00,7.75,7.76,7.75,7.76,2845.0
2024-09-26 20:50:00+00:00,7.76,7.76,7.7595,7.76,1230.0
2024-09-26 20:55:00+00:00,7.76,7.76,7.76,7.76,566.0
2024-09-26 21:00:00+00:00,7.76,7.76,7.75,7.76,8993.0
2024-09-26 21:05:00+00:00,7.755,7.7595,7.75,7.75,2100.0
2024-09-26 21:10:00+00:00,7.755,7.76,7.75,7.755,900.0
2024-09-26 21:15:00+00:00,7.76,7.76,7.7595,7.76,2248.0
2024-09-26 21:20:00+00:00,7.7501,7.76,7.75,7.75,7906.0
2024-09-26 21:25:00+00:00,7.7599,7.76,7.75,7.7595,20006.0
2024-09-26 21:30:00+00:00,7.7595,7.76,7.7595,7.76,5510.0
2024-09-26 21:35:00+00:00,7.76,7.76,7.755,7.76,1377.0
2024-09-26 21:40:00+00:00,7.76,7.76,7.76,7.76,1199.0
2024-09-26 21:45:00+00:00,7.76,7.76,7.7502,7.7502,689.0
2024-09-26 21:50:00+00:00,7.76,7.76,7.75,7.7599,25630.0
2024-09-26 22:05:00+00:00,7.76,7.76,7.75,7.75,909.0
2024-09-26 22:10:00+00:00,7.755,7.76,7.75,7.76,9014.0
2024-09-26 22:15:00+00:00,7.75,7.755,7.75,7.75,60146.0
2024-09-26 22:20:00+00:00,7.75,7.76,7.7495,7.76,5872.0
2024-09-26 22:25:00+00:00,7.75,7.76,7.75,7.7599,1432.0
2024-09-26 22:30:00+00:00,7.75,7.7595,7.75,7.7595,1400.0
2024-09-26 22:35:00+00:00,7.76,7.76,7.76,7.76,1144.0
2024-09-26 22:40:00+00:00,7.7599,7.7599,7.755,7.755,285.0
2024-09-26 22:45:00+00:00,7.76,7.76,7.76,7.76,2964.0
2024-09-26 22:50:00+00:00,7.75,7.7599,7.75,7.7599,1660.0
2024-09-26 22:55:00+00:00,7.7598,7.76,7.74,7.74,7166.0
2024-09-26 23:05:00+00:00,7.75,7.75,7.745,7.75,5154.0
2024-09-26 23:10:00+00:00,7.76,7.76,7.76,7.76,1114.0
2024-09-26 23:15:00+00:00,7.7502,7.7595,7.7502,7.7595,3500.0
2024-09-26 23:20:00+00:00,7.76,7.76,7.76,7.76,150.0
2024-09-26 23:25:00+00:00,7.7597,7.76,7.7597,7.76,2574.0
2024-09-26 23:30:00+00:00,7.76,7.76,7.76,7.76,2500.0
2024-09-26 23:35:00+00:00,7.76,7.76,7.755,7.76,9838.0
2024-09-26 23:40:00+00:00,7.76,7.76,7.76,7.76,100.0
2024-09-26 23:45:00+00:00,7.7599,7.76,7.74,7.76,14583.0
2024-09-26 23:50:00+00:00,7.75,7.76,7.75,7.76,2342.0
2024-09-26 23:55:00+00:00,7.7599,7.76,7.75,7.76,3924.0
2024-09-27 08:00:00+00:00,7.77,7.77,7.76,7.76,7220.0
2024-09-27 08:05:00+00:00,7.76,7.76,7.76,7.76,1050.0
2024-09-27 08:10:00+00:00,7.75,7.76,7.75,7.76,1249.0
2024-09-27 08:15:00+00:00,7.75,7.76,7.75,7.76,780.0
2024-09-27 08:20:00+00:00,7.75,7.75,7.74,7.75,6797.0
2024-09-27 08:25:00+00:00,7.75,7.75,7.75,7.75,4008.0
2024-09-27 08:30:00+00:00,7.75,7.75,7.75,7.75,5995.0
2024-09-27 08:35:00+00:00,7.75,7.75,7.75,7.75,335.0
2024-09-27 08:40:00+00:00,7.755,7.755,7.75,7.75,2660.0
2024-09-27 08:45:00+00:00,7.75,7.75,7.75,7.75,249.0
2024-09-27 08:50:00+00:00,7.75,7.75,7.75,7.75,4961.0
2024-09-27 09:00:00+00:00,7.755,7.76,7.755,7.76,510.0
2024-09-27 09:10:00+00:00,7.76,7.76,7.76,7.76,2231.0
2024-09-27 09:15:00+00:00,7.77,7.77,7.77,7.77,150.0
2024-09-27 09:20:00+00:00,7.77,7.78,7.77,7.78,4859.0
2024-09-27 09:25:00+00:00,7.78,7.78,7.78,7.78,1528.0
2024-09-27 09:30:00+00:00,7.78,7.78,7.78,7.78,2072.0
2024-09-27 09:40:00+00:00,7.79,7.79,7.78,7.78,1250.0
2024-09-27 09:45:00+00:00,7.78,7.78,7.78,7.78,6255.0
2024-09-27 09:55:00+00:00,7.78,7.78,7.78,7.78,1829.0
2024-09-27 10:10:00+00:00,7.78,7.78,7.78,7.78,469.0
2024-09-27 10:15:00+00:00,7.78,7.78,7.78,7.78,394.0
2024-09-27 10:35:00+00:00,7.78,7.78,7.78,7.78,320.0
2024-09-27 10:40:00+00:00,7.78,7.78,7.78,7.78,1394.0
2024-09-27 10:45:00+00:00,7.77,7.77,7.77,7.77,500.0
2024-09-27 10:50:00+00:00,7.77,7.77,7.77,7.77,100.0
2024-09-27 10:55:00+00:00,7.78,7.78,7.78,7.78,320.0
2024-09-27 11:00:00+00:00,7.78,7.78,7.77,7.78,1881.0
2024-09-27 11:05:00+00:00,7.77,7.78,7.77,7.78,7476.0
2024-09-27 11:10:00+00:00,7.78,7.79,7.78,7.79,10471.0
2024-09-27 11:15:00+00:00,7.79,7.79,7.79,7.79,2341.0
2024-09-27 11:20:00+00:00,7.79,7.79,7.79,7.79,1251.0
2024-09-27 11:25:00+00:00,7.78,7.78,7.78,7.78,150.0
2024-09-27 11:30:00+00:00,7.79,7.79,7.79,7.79,1500.0
2024-09-27 11:35:00+00:00,7.79,7.79,7.78,7.79,7727.0
2024-09-27 11:40:00+00:00,7.79,7.8,7.79,7.79,10449.0
2024-09-27 11:45:00+00:00,7.8,7.8,7.8,7.8,325.0
2024-09-27 11:50:00+00:00,7.79,7.8,7.79,7.8,1050.0
2024-09-27 11:55:00+00:00,7.79,7.79,7.79,7.79,700.0
2024-09-27 12:00:00+00:00,7.78,7.8,7.74,7.74,79551.0
2024-09-27 12:05:00+00:00,7.8,7.8,7.7903,7.8,996.0
2024-09-27 12:10:00+00:00,7.8,7.8,7.79,7.7903,9565.0
2024-09-27 12:15:00+00:00,7.79,7.8,7.79,7.7999,5434.0
2024-09-27 12:20:00+00:00,7.79,7.8,7.79,7.7902,8256.0
2024-09-27 12:25:00+00:00,7.8,7.8,7.79,7.8,9161.0
2024-09-27 12:30:00+00:00,7.8,7.82,7.79,7.8,107178.0
2024-09-27 12:35:00+00:00,7.8,7.85,7.8,7.84,105393.0
2024-09-27 12:40:00+00:00,7.839,7.86,7.83,7.86,74953.0
2024-09-27 12:45:00+00:00,7.86,7.89,7.85,7.86,70893.0
2024-09-27 12:50:00+00:00,7.87,7.87,7.84,7.85,53988.0
2024-09-27 12:55:00+00:00,7.85,7.85,7.8402,7.85,5798.0
2024-09-27 13:00:00+00:00,7.85,7.86,7.84,7.85,19783.0
2024-09-27 13:05:00+00:00,7.84,7.85,7.84,7.85,26265.0
2024-09-27 13:10:00+00:00,7.84,7.85,7.84,7.84,22431.0
2024-09-27 13:15:00+00:00,7.84,7.85,7.84,7.85,45311.0
2024-09-27 13:20:00+00:00,7.85,7.85,7.84,7.85,19993.0
2024-09-27 13:25:00+00:00,7.84,7.84,7.83,7.83,38433.0
2024-09-27 13:30:00+00:00,7.83,7.92,7.82,7.92,1160622.0
2024-09-27 13:35:00+00:00,7.92,7.94,7.895,7.92,867756.0
2024-09-27 13:40:00+00:00,7.92,7.96,7.91,7.915,842202.0
2024-09-27 13:45:00+00:00,7.915,7.95,7.91,7.945,546814.0
2024-09-27 13:50:00+00:00,7.9466,7.9862,7.9313,7.975,792275.0
2024-09-27 13:55:00+00:00,7.975,8.02,7.97,8.0003,757751.0
2024-09-27 14:00:00+00:00,8.005,8.095,7.97,8.08,2581037.0
2024-09-27 14:05:00+00:00,8.075,8.09,8.02,8.0301,1172005.0
2024-09-27 14:10:00+00:00,8.0349,8.05,7.98,7.995,1730764.0
2024-09-27 14:15:00+00:00,7.9985,8.01,7.96,8.005,514518.0
2024-09-27 14:20:00+00:00,8.005,8.06,8.005,8.0593,641579.0
2024-09-27 14:25:00+00:00,8.055,8.07,8.02,8.025,813126.0
2024-09-27 14:30:00+00:00,8.026,8.06,8.01,8.035,530672.0
2024-09-27 14:35:00+00:00,8.035,8.08,8.03,8.065,693633.0
2024-09-27 14:40:00+00:00,8.065,8.0883,8.0435,8.075,690510.0
2024-09-27 14:45:00+00:00,8.0719,8.08,8.05,8.06,525982.0
2024-09-27 14:50:00+00:00,8.055,8.06,8.03,8.05,416314.0
2024-09-27 14:55:00+00:00,8.045,8.05,8.02,8.035,276801.0
2024-09-27 15:00:00+00:00,8.0362,8.055,8.03,8.04,456785.0
2024-09-27 15:05:00+00:00,8.0388,8.04,8.01,8.025,322400.0
2024-09-27 15:10:00+00:00,8.0299,8.03,8.0,8.015,321545.0
2024-09-27 15:15:00+00:00,8.01,8.02,8.0,8.01,300098.0
2024-09-27 15:20:00+00:00,8.005,8.02,7.99,7.995,286886.0
2024-09-27 15:25:00+00:00,7.99,8.02,7.99,8.015,638004.0
2024-09-27 15:30:00+00:00,8.02,8.025,8.0,8.005,629314.0
2024-09-27 15:35:00+00:00,8.0098,8.01,7.99,8.0,133697.0
2024-09-27 15:40:00+00:00,7.995,8.02,7.99,8.0061,237817.0
2024-09-27 15:45:00+00:00,8.0099,8.01,8.0,8.005,120207.0
2024-09-27 15:50:00+00:00,8.0099,8.02,8.0,8.005,223670.0
2024-09-27 15:55:00+00:00,8.005,8.01,7.995,8.005,359220.0
2024-09-27 16:00:00+00:00,8.005,8.05,8.005,8.04,648722.0
2024-09-27 16:05:00+00:00,8.04,8.05,8.02,8.02,249031.0
2024-09-27 16:10:00+00:00,8.025,8.0261,7.99,7.995,400849.0
2024-09-27 16:15:00+00:00,7.9947,8.01,7.99,8.0076,146879.0
2024-09-27 16:20:00+00:00,8.01,8.01,7.99,8.0,131843.0
2024-09-27 16:25:00+00:00,7.9993,8.0,7.98,7.9895,102461.0
2024-09-27 16:30:00+00:00,7.98,7.989,7.965,7.975,347778.0
2024-09-27 16:35:00+00:00,7.975,7.99,7.97,7.975,210745.0
2024-09-27 16:40:00+00:00,7.971,7.98,7.97,7.975,131702.0
2024-09-27 16:45:00+00:00,7.98,7.98,7.97,7.97,134445.0
2024-09-27 16:50:00+00:00,7.9768,7.98,7.97,7.975,69614.0
2024-09-27 16:55:00+00:00,7.98,7.99,7.97,7.975,157221.0
2024-09-27 17:00:00+00:00,7.9722,7.98,7.97,7.975,104333.0
2024-09-27 17:05:00+00:00,7.9701,7.98,7.93,7.94,400050.0
2024-09-27 17:10:00+00:00,7.932,7.955,7.93,7.945,657344.0
2024-09-27 17:15:00+00:00,7.945,7.95,7.935,7.935,108776.0
2024-09-27 17:20:00+00:00,7.935,7.94,7.92,7.935,231196.0
2024-09-27 17:25:00+00:00,7.935,7.94,7.93,7.935,54014.0
2024-09-27 17:30:00+00:00,7.935,7.94,7.92,7.9269,127447.0
2024-09-27 17:35:00+00:00,7.93,7.94,7.9,7.9001,323625.0
2024-09-27 17:40:00+00:00,7.905,7.92,7.9,7.915,185610.0
2024-09-27 17:45:00+00:00,7.91,7.92,7.905,7.9101,222496.0
2024-09-27 17:50:00+00:00,7.915,7.92,7.91,7.9199,93745.0
2024-09-27 17:55:00+00:00,7.9192,7.93,7.91,7.93,181618.0
2024-09-27 18:00:00+00:00,7.93,7.93,7.915,7.925,198383.0
2024-09-27 18:05:00+00:00,7.925,7.93,7.9,7.9101,179959.0
2024-09-27 18:10:00+00:00,7.9174,7.92,7.91,7.92,93773.0
2024-09-27 18:15:00+00:00,7.915,7.93,7.9,7.905,276349.0
2024-09-27 18:20:00+00:00,7.9096,7.915,7.9,7.905,188784.0
2024-09-27 18:25:00+00:00,7.9035,7.91,7.87,7.8701,559047.0
2024-09-27 18:30:00+00:00,7.87,7.88,7.844,7.87,282165.0
2024-09-27 18:35:00+00:00,7.865,7.87,7.85,7.86,264246.0
2024-09-27 18:40:00+00:00,7.85,7.87,7.85,7.865,192597.0
2024-09-27 18:45:00+00:00,7.87,7.89,7.86,7.885,167194.0
2024-09-27 18:50:00+00:00,7.885,7.9,7.88,7.9,178137.0
2024-09-27 18:55:00+00:00,7.9,7.92,7.8939,7.915,131620.0
2024-09-27 19:00:00+00:00,7.91,7.92,7.9,7.91,188611.0
2024-09-27 19:05:00+00:00,7.9038,7.92,7.9,7.905,182939.0
2024-09-27 19:10:00+00:00,7.905,7.91,7.8901,7.9099,200210.0
2024-09-27 19:15:00+00:00,7.91,7.92,7.9,7.915,230308.0
2024-09-27 19:20:00+00:00,7.915,7.92,7.89,7.895,105381.0
2024-09-27 19:25:00+00:00,7.895,7.9,7.89,7.8901,122603.0
2024-09-27 19:30:00+00:00,7.895,7.9,7.89,7.8963,86109.0
2024-09-27 19:35:00+00:00,7.895,7.92,7.885,7.915,323876.0
2024-09-27 19:40:00+00:00,7.915,7.92,7.9,7.91,294362.0
2024-09-27 19:45:00+00:00,7.914,7.93,7.91,7.92,240114.0
2024-09-27 19:50:00+00:00,7.925,7.94,7.92,7.9334,575627.0
2024-09-27 19:55:00+00:00,7.9359,7.965,7.93,7.95,1070533.0
2024-09-27 20:00:00+00:00,7.95,7.96,7.93,7.9305,958184.0
2024-09-27 20:05:00+00:00,7.94,7.94,7.93,7.93,16268.0
2024-09-27 20:10:00+00:00,7.94,7.94,7.93,7.94,16546.0
2024-09-27 20:15:00+00:00,7.94,7.94,7.93,7.94,3836.0
2024-09-27 20:20:00+00:00,7.93,7.93,7.92,7.93,21451.0
2024-09-27 20:25:00+00:00,7.92,7.93,7.92,7.92,8746.0
2024-09-27 20:30:00+00:00,7.92,7.9295,7.92,7.92,760.0
2024-09-27 20:35:00+00:00,7.92,7.93,7.92,7.93,4580.0
2024-09-27 20:40:00+00:00,7.93,7.93,7.92,7.93,8018.0
2024-09-27 20:45:00+00:00,7.93,7.95,7.93,7.94,28028.0
2024-09-27 20:50:00+00:00,7.94,7.94,7.93,7.93,11793.0
2024-09-27 20:55:00+00:00,7.94,7.94,7.93,7.93,834.0
2024-09-27 21:00:00+00:00,7.94,7.94,7.94,7.94,9278.0
2024-09-27 21:05:00+00:00,7.95,7.95,7.94,7.94,6932.0
2024-09-27 21:10:00+00:00,7.9399,7.94,7.93,7.94,3622.0
2024-09-27 21:15:00+00:00,7.93,7.9395,7.93,7.93,4819.0
2024-09-27 21:20:00+00:00,7.9301,7.9301,7.93,7.93,2698.0
2024-09-27 21:25:00+00:00,7.9301,7.9399,7.9301,7.9301,2234.0
2024-09-27 21:30:00+00:00,7.9395,7.94,7.93,7.93,1033.0
2024-09-27 21:35:00+00:00,7.94,7.94,7.94,7.94,203.0
2024-09-27 21:40:00+00:00,7.9398,7.94,7.93,7.93,6664.0
2024-09-27 21:45:00+00:00,7.9395,7.94,7.9395,7.94,5650.0
2024-09-27 21:50:00+00:00,7.9395,7.9395,7.93,7.9301,2980.0
2024-09-27 21:55:00+00:00,7.94,7.94,7.935,7.935,466.0
2024-09-27 22:00:00+00:00,7.94,7.94,7.9301,7.9301,4920.0
2024-09-27 22:05:00+00:00,7.93,7.9398,7.93,7.9398,310.0
2024-09-27 22:10:00+00:00,7.94,7.94,7.9305,7.9305,1802.0
2024-09-27 22:15:00+00:00,7.9301,7.9501,7.9301,7.9501,21424.0
2024-09-27 22:20:00+00:00,7.95,7.9599,7.9401,7.9497,10776.0
2024-09-27 22:25:00+00:00,7.9405,7.9498,7.9405,7.9498,385.0
2024-09-27 22:30:00+00:00,7.94,7.94,7.94,7.94,2575.0
2024-09-27 22:35:00+00:00,7.945,7.9498,7.945,7.9498,253.0
2024-09-27 22:40:00+00:00,7.945,7.95,7.9402,7.9498,7943.0
2024-09-27 22:45:00+00:00,7.94,7.94,7.94,7.94,200.0
2024-09-27 22:50:00+00:00,7.95,7.95,7.9402,7.9498,1033.0
2024-09-27 22:55:00+00:00,7.95,7.95,7.95,7.95,180.0
2024-09-27 23:00:00+00:00,7.9495,7.95,7.94,7.9405,6849.0
2024-09-27 23:05:00+00:00,7.95,7.95,7.94,7.945,510.0
2024-09-27 23:10:00+00:00,7.95,7.95,7.95,7.95,100.0
2024-09-27 23:15:00+00:00,7.95,7.95,7.9405,7.9405,4501.0
2024-09-27 23:20:00+00:00,7.945,7.95,7.94,7.94,436.0
2024-09-27 23:25:00+00:00,7.9405,7.95,7.94,7.94,1732.0
2024-09-27 23:30:00+00:00,7.9402,7.9402,7.9402,7.9402,1010.0
2024-09-27 23:35:00+00:00,7.95,7.96,7.9405,7.9405,6722.0
2024-09-27 23:40:00+00:00,7.95,7.95,7.9401,7.9401,727.0
2024-09-27 23:45:00+00:00,7.9498,7.95,7.94,7.94,5736.0
2024-09-27 23:50:00+00:00,7.95,7.96,7.95,7.95,11902.0
2024-09-27 23:55:00+00:00,7.94,7.94,7.94,7.94,7191.0
2024-09-30 08:00:00+00:00,7.95,8.0,7.94,7.94,13187.0
2024-09-30 08:05:00+00:00,7.93,7.94,7.93,7.93,2948.0
2024-09-30 08:10:00+00:00,7.92,7.92,7.9,7.9,6035.0
2024-09-30 08:15:00+00:00,7.9,7.9,7.9,7.9,4577.0
2024-09-30 08:20:00+00:00,7.89,7.89,7.89,7.89,7598.0
2024-09-30 08:25:00+00:00,7.89,7.92,7.89,7.92,3769.0
2024-09-30 08:30:00+00:00,7.91,7.91,7.91,7.91,1311.0
2024-09-30 08:35:00+00:00,7.91,7.93,7.91,7.93,5329.0
2024-09-30 08:40:00+00:00,7.93,7.93,7.92,7.92,1156.0
2024-09-30 08:45:00+00:00,7.93,7.93,7.92,7.93,12079.0
2024-09-30 08:50:00+00:00,7.92,7.92,7.9,7.9,6566.0
2024-09-30 09:00:00+00:00,7.91,7.91,7.91,7.91,176.0
2024-09-30 09:05:00+00:00,7.9,7.9,7.89,7.89,4006.0
2024-09-30 09:10:00+00:00,7.89,7.9,7.89,7.9,1475.0
2024-09-30 09:15:00+00:00,7.9,7.9,7.9,7.9,3695.0
2024-09-30 09:20:00+00:00,7.9,7.91,7.9,7.91,5718.0
2024-09-30 09:25:00+00:00,7.91,7.91,7.91,7.91,101.0
2024-09-30 09:30:00+00:00,7.92,7.92,7.91,7.91,3943.0
2024-09-30 09:35:00+00:00,7.91,7.91,7.91,7.91,161.0
2024-09-30 09:40:00+00:00,7.9,7.91,7.9,7.91,1271.0
2024-09-30 09:45:00+00:00,7.91,7.91,7.91,7.91,307.0
2024-09-30 09:50:00+00:00,7.91,7.91,7.91,7.91,1933.0
2024-09-30 10:05:00+00:00,7.91,7.91,7.91,7.91,283.0
2024-09-30 10:30:00+00:00,7.92,7.92,7.92,7.92,3582.0
2024-09-30 10:35:00+00:00,7.92,7.92,7.91,7.91,3054.0
2024-09-30 10:40:00+00:00,7.91,7.91,7.91,7.91,1001.0
2024-09-30 10:50:00+00:00,7.91,7.91,7.9,7.9,537.0
2024-09-30 10:55:00+00:00,7.9,7.91,7.9,7.9,2050.0
2024-09-30 11:00:00+00:00,7.91,7.92,7.9,7.9,25286.0
2024-09-30 11:05:00+00:00,7.9,7.9,7.89,7.9,21995.0
2024-09-30 11:10:00+00:00,7.9,7.9,7.9,7.9,9346.0
2024-09-30 11:15:00+00:00,7.89,7.89,7.89,7.89,7953.0
2024-09-30 11:20:00+00:00,7.89,7.9,7.89,7.9,6237.0
2024-09-30 11:25:00+00:00,7.9,7.9,7.9,7.9,200.0
2024-09-30 11:35:00+00:00,7.89,7.89,7.87,7.87,22719.0
2024-09-30 11:40:00+00:00,7.87,7.87,7.87,7.87,10945.0
2024-09-30 11:45:00+00:00,7.86,7.86,7.85,7.86,15603.0
2024-09-30 11:50:00+00:00,7.85,7.85,7.83,7.83,7427.0
2024-09-30 11:55:00+00:00,7.82,7.82,7.82,7.82,7713.0
2024-09-30 12:00:00+00:00,7.91,8.06,7.81,7.8501,212602.0
2024-09-30 12:05:00+00:00,7.86,7.89,7.86,7.89,7280.0
2024-09-30 12:10:00+00:00,7.89,7.89,7.87,7.8799,8349.0
2024-09-30 12:15:00+00:00,7.87,7.88,7.86,7.87,12315.0
2024-09-30 12:20:00+00:00,7.86,7.87,7.8501,7.8597,5923.0
2024-09-30 12:25:00+00:00,7.85,7.86,7.85,7.86,6499.0
2024-09-30 12:30:00+00:00,7.86,7.86,7.85,7.8597,8694.0
2024-09-30 12:35:00+00:00,7.86,7.86,7.85,7.85,11446.0
2024-09-30 12:40:00+00:00,7.86,7.86,7.85,7.8599,11080.0
2024-09-30 12:45:00+00:00,7.86,7.86,7.85,7.86,3035.0
2024-09-30 12:50:00+00:00,7.86,7.88,7.85,7.8797,15156.0
2024-09-30 12:55:00+00:00,7.88,7.88,7.88,7.88,3515.0
2024-09-30 13:00:00+00:00,7.88,7.88,7.87,7.88,10775.0
2024-09-30 13:05:00+00:00,7.8795,7.88,7.87,7.88,15812.0
2024-09-30 13:10:00+00:00,7.88,7.88,7.87,7.88,1144.0
2024-09-30 13:15:00+00:00,7.88,7.88,7.86,7.87,34953.0
2024-09-30 13:20:00+00:00,7.8695,7.88,7.86,7.88,32085.0
2024-09-30 13:25:00+00:00,7.89,7.92,7.89,7.89,35061.0
2024-09-30 13:30:00+00:00,7.88,7.95,7.87,7.88,880096.0
2024-09-30 13:35:00+00:00,7.8703,7.93,7.86,7.92,569529.0
2024-09-30 13:40:00+00:00,7.93,8.01,7.93,8.0095,669156.0
2024-09-30 13:45:00+00:00,8.01,8.03,7.99,8.0063,925265.0
2024-09-30 13:50:00+00:00,8.0098,8.06,8.005,8.0495,482940.0
2024-09-30 13:55:00+00:00,8.045,8.07,8.0,8.01,678955.0
2024-09-30 14:00:00+00:00,8.005,8.06,8.0005,8.0305,368058.0
2024-09-30 14:05:00+00:00,8.0301,8.04,8.015,8.025,394020.0
2024-09-30 14:10:00+00:00,8.025,8.03,7.99,7.996,215390.0
2024-09-30 14:15:00+00:00,7.996,8.0,7.94,7.945,440619.0
2024-09-30 14:20:00+00:00,7.945,7.96,7.94,7.95,258696.0
2024-09-30 14:25:00+00:00,7.96,7.97,7.95,7.9575,286561.0
2024-09-30 14:30:00+00:00,7.96,7.98,7.95,7.9788,325756.0
2024-09-30 14:35:00+00:00,7.975,7.99,7.965,7.975,342333.0
2024-09-30 14:40:00+00:00,7.9765,7.99,7.97,7.985,215328.0
2024-09-30 14:45:00+00:00,7.985,8.0,7.97,7.97,310974.0
2024-09-30 14:50:00+00:00,7.9705,7.9774,7.95,7.955,415077.0
2024-09-30 14:55:00+00:00,7.955,7.96,7.92,7.9213,360528.0
2024-09-30 15:00:00+00:00,7.925,7.98,7.9201,7.9799,418661.0
2024-09-30 15:05:00+00:00,7.9701,8.0,7.97,7.985,222416.0
2024-09-30 15:10:00+00:00,7.985,7.99,7.98,7.9887,184903.0
2024-09-30 15:15:00+00:00,7.9805,7.99,7.98,7.98,91240.0
2024-09-30 15:20:00+00:00,7.985,8.02,7.98,8.015,510566.0
2024-09-30 15:25:00+00:00,8.016,8.02,7.95,7.95,358881.0
2024-09-30 15:30:00+00:00,7.955,7.96,7.94,7.945,350161.0
2024-09-30 15:35:00+00:00,7.95,7.956,7.935,7.9402,250140.0
2024-09-30 15:40:00+00:00,7.9404,7.96,7.93,7.945,309281.0
2024-09-30 15:45:00+00:00,7.9468,7.96,7.94,7.955,237597.0
2024-09-30 15:50:00+00:00,7.95,7.96,7.94,7.96,149561.0
2024-09-30 15:55:00+00:00,7.9591,7.96,7.95,7.95,137181.0
2024-09-30 16:00:00+00:00,7.95,7.9699,7.95,7.9601,116756.0
2024-09-30 16:05:00+00:00,7.97,7.98,7.96,7.975,209007.0
2024-09-30 16:10:00+00:00,7.9766,7.98,7.97,7.9715,86641.0
2024-09-30 16:15:00+00:00,7.9799,7.985,7.97,7.97,328410.0
2024-09-30 16:20:00+00:00,7.975,7.98,7.96,7.975,79653.0
2024-09-30 16:25:00+00:00,7.975,7.99,7.97,7.985,105655.0
2024-09-30 16:30:00+00:00,7.9899,7.9899,7.96,7.96,161137.0
2024-09-30 16:35:00+00:00,7.965,7.97,7.9502,7.955,229129.0
2024-09-30 16:40:00+00:00,7.9568,7.96,7.95,7.955,99720.0
2024-09-30 16:45:00+00:00,7.955,7.97,7.95,7.96,129837.0
2024-09-30 16:50:00+00:00,7.965,7.97,7.95,7.9599,109877.0
2024-09-30 16:55:00+00:00,7.9536,7.96,7.95,7.95,66524.0
2024-09-30 17:00:00+00:00,7.955,7.96,7.94,7.945,138585.0
2024-09-30 17:05:00+00:00,7.948,7.9669,7.944,7.955,134259.0
2024-09-30 17:10:00+00:00,7.955,7.96,7.94,7.94,131441.0
2024-09-30 17:15:00+00:00,7.945,7.95,7.94,7.945,64749.0
2024-09-30 17:20:00+00:00,7.945,7.96,7.94,7.9501,117990.0
2024-09-30 17:25:00+00:00,7.9501,7.96,7.94,7.945,76795.0
2024-09-30 17:30:00+00:00,7.9499,7.95,7.94,7.945,67567.0
2024-09-30 17:35:00+00:00,7.9401,7.945,7.92,7.9356,262864.0
2024-09-30 17:40:00+00:00,7.936,7.9363,7.92,7.9299,101746.0
2024-09-30 17:45:00+00:00,7.92,7.94,7.92,7.936,148687.0
2024-09-30 17:50:00+00:00,7.935,7.94,7.93,7.94,90317.0
2024-09-30 17:55:00+00:00,7.935,7.94,7.91,7.925,278674.0
2024-09-30 18:00:00+00:00,7.93,7.93,7.91,7.915,164233.0
2024-09-30 18:05:00+00:00,7.915,7.93,7.91,7.92,169272.0
2024-09-30 18:10:00+00:00,7.915,7.92,7.8849,7.89,402348.0
2024-09-30 18:15:00+00:00,7.895,7.9,7.875,7.875,415471.0
2024-09-30 18:20:00+00:00,7.875,7.875,7.82,7.84,761435.0
2024-09-30 18:25:00+00:00,7.8316,7.85,7.824,7.845,687618.0
2024-09-30 18:30:00+00:00,7.845,7.85,7.81,7.8375,475095.0
2024-09-30 18:35:00+00:00,7.835,7.865,7.8324,7.8588,577289.0
2024-09-30 18:40:00+00:00,7.855,7.87,7.85,7.865,855505.0
2024-09-30 18:45:00+00:00,7.865,7.8891,7.86,7.875,522263.0
2024-09-30 18:50:00+00:00,7.875,7.88,7.86,7.8733,225121.0
2024-09-30 18:55:00+00:00,7.875,7.88,7.85,7.85,506417.0
2024-09-30 19:00:00+00:00,7.85,7.87,7.83,7.865,449585.0
2024-09-30 19:05:00+00:00,7.865,7.865,7.85,7.855,154657.0
2024-09-30 19:10:00+00:00,7.86,7.86,7.83,7.845,204507.0
2024-09-30 19:15:00+00:00,7.85,7.86,7.84,7.86,198660.0
2024-09-30 19:20:00+00:00,7.8501,7.86,7.85,7.855,112143.0
2024-09-30 19:25:00+00:00,7.8581,7.86,7.84,7.854,305385.0
2024-09-30 19:30:00+00:00,7.855,7.86,7.83,7.84,292304.0
2024-09-30 19:35:00+00:00,7.835,7.85,7.83,7.846,189349.0
2024-09-30 19:40:00+00:00,7.845,7.8469,7.82,7.8371,380793.0
2024-09-30 19:45:00+00:00,7.835,7.87,7.83,7.86,542639.0
2024-09-30 19:50:00+00:00,7.855,7.88,7.855,7.875,1203803.0
2024-09-30 19:55:00+00:00,7.875,7.88,7.855,7.8699,1696783.0
2024-09-30 20:00:00+00:00,7.86,7.88,7.86,7.8705,1283801.0
2024-09-30 20:05:00+00:00,7.88,7.88,7.87,7.88,3634.0
2024-09-30 20:10:00+00:00,7.87,7.88,7.87,7.88,7355.0
2024-09-30 20:15:00+00:00,7.87,7.88,7.87,7.8701,12583.0
2024-09-30 20:20:00+00:00,7.88,7.88,7.87,7.88,7465.0
2024-09-30 20:25:00+00:00,7.88,7.88,7.88,7.88,401.0
2024-09-30 20:30:00+00:00,7.87,7.88,7.87,7.88,21693.0
2024-09-30 20:35:00+00:00,7.88,7.88,7.87,7.87,3878.0
2024-09-30 20:40:00+00:00,7.88,7.88,7.875,7.88,28026.0
2024-09-30 20:45:00+00:00,7.88,7.88,7.88,7.88,101.0
2024-09-30 20:50:00+00:00,7.88,7.88,7.87,7.8701,2716.0
2024-09-30 20:55:00+00:00,7.88,7.88,7.87,7.87,5383.0
2024-09-30 21:00:00+00:00,7.87,7.87,7.86,7.87,2257.0
2024-09-30 21:05:00+00:00,7.87,7.87,7.86,7.8699,16273.0
2024-09-30 21:10:00+00:00,7.87,7.87,7.86,7.87,6766.0
2024-09-30 21:15:00+00:00,7.8697,7.8697,7.8602,7.8602,3610.0
2024-09-30 21:20:00+00:00,7.87,7.87,7.8603,7.8603,5897.0
2024-09-30 21:25:00+00:00,7.87,7.87,7.86,7.86,466.0
2024-09-30 21:30:00+00:00,7.8695,7.8799,7.8695,7.8799,3855.0
2024-09-30 21:35:00+00:00,7.87,7.87,7.87,7.87,4655.0
2024-09-30 21:40:00+00:00,7.87,7.87,7.86,7.87,6678.0
2024-09-30 21:45:00+00:00,7.8698,7.87,7.8695,7.87,1326.0
2024-09-30 21:50:00+00:00,7.8699,7.8699,7.8699,7.8699,254.0
2024-09-30 21:55:00+00:00,7.86,7.87,7.86,7.8695,1919.0
2024-09-30 22:00:00+00:00,7.87,7.87,7.86,7.86,11495.0
2024-09-30 22:05:00+00:00,7.87,7.87,7.8695,7.87,2807.0
2024-09-30 22:10:00+00:00,7.87,7.87,7.86,7.8601,5567.0
2024-09-30 22:15:00+00:00,7.87,7.87,7.86,7.86,10426.0
2024-09-30 22:20:00+00:00,7.8699,7.87,7.8601,7.87,2371.0
2024-09-30 22:25:00+00:00,7.87,7.87,7.86,7.86,3750.0
2024-09-30 22:30:00+00:00,7.87,7.87,7.8601,7.8601,652.0
2024-09-30 22:35:00+00:00,7.87,7.87,7.86,7.8601,3372.0
2024-09-30 22:40:00+00:00,7.8605,7.87,7.8605,7.87,10560.0
2024-09-30 22:45:00+00:00,7.8699,7.87,7.8699,7.87,18386.0
2024-09-30 22:50:00+00:00,7.8697,7.8699,7.8697,7.8699,561.0
2024-09-30 22:55:00+00:00,7.8695,7.8695,7.86,7.86,248.0
2024-09-30 23:00:00+00:00,7.86,7.86,7.86,7.86,103.0
2024-09-30 23:05:00+00:00,7.865,7.87,7.865,7.87,1059.0
2024-09-30 23:10:00+00:00,7.865,7.87,7.8601,7.8699,15258.0
2024-09-30 23:15:00+00:00,7.87,7.87,7.8601,7.87,1712.0
2024-09-30 23:20:00+00:00,7.8698,7.87,7.8601,7.8601,4690.0
2024-09-30 23:25:00+00:00,7.87,7.87,7.87,7.87,636.0
2024-09-30 23:30:00+00:00,7.87,7.87,7.86,7.86,6716.0
2024-09-30 23:35:00+00:00,7.8605,7.87,7.86,7.86,1251.0
2024-09-30 23:40:00+00:00,7.8697,7.87,7.86,7.86,2772.0
2024-09-30 23:45:00+00:00,7.87,7.87,7.87,7.87,6109.0
2024-09-30 23:50:00+00:00,7.87,7.87,7.86,7.86,14282.0
2024-09-30 23:55:00+00:00,7.87,7.87,7.86,7.86,20594.0
2024-10-01 08:00:00+00:00,7.87,7.9,7.86,7.87,4877.0
2024-10-01 08:05:00+00:00,7.87,7.87,7.86,7.87,5288.0
2024-10-01 08:10:00+00:00,7.86,7.86,7.82,7.82,27575.0
2024-10-01 08:15:00+00:00,7.82,7.85,7.82,7.85,15649.0
2024-10-01 08:20:00+00:00,7.85,7.85,7.85,7.85,1857.0
2024-10-01 08:30:00+00:00,7.86,7.86,7.86,7.86,5377.0
2024-10-01 08:35:00+00:00,7.86,7.86,7.86,7.86,463.0
2024-10-01 08:40:00+00:00,7.87,7.87,7.87,7.87,100.0
2024-10-01 08:55:00+00:00,7.87,7.87,7.87,7.87,1023.0
2024-10-01 09:00:00+00:00,7.86,7.86,7.86,7.86,1109.0
2024-10-01 09:05:00+00:00,7.87,7.87,7.87,7.87,126.0
2024-10-01 09:10:00+00:00,7.87,7.87,7.86,7.86,1354.0
2024-10-01 09:15:00+00:00,7.87,7.87,7.87,7.87,500.0
2024-10-01 09:20:00+00:00,7.86,7.86,7.86,7.86,417.0
2024-10-01 09:25:00+00:00,7.87,7.87,7.87,7.87,602.0
2024-10-01 09:30:00+00:00,7.88,7.88,7.88,7.88,150.0
2024-10-01 09:35:00+00:00,7.87,7.87,7.87,7.87,6765.0
2024-10-01 09:40:00+00:00,7.87,7.87,7.87,7.87,450.0
2024-10-01 09:45:00+00:00,7.87,7.87,7.87,7.87,2341.0
2024-10-01 09:50:00+00:00,7.88,7.89,7.88,7.89,3293.0
2024-10-01 09:55:00+00:00,7.88,7.89,7.88,7.89,306.0
2024-10-01 10:00:00+00:00,7.88,7.88,7.88,7.88,1020.0
2024-10-01 10:05:00+00:00,7.89,7.89,7.88,7.88,400.0
2024-10-01 10:10:00+00:00,7.89,7.89,7.88,7.88,800.0
2024-10-01 10:20:00+00:00,7.88,7.89,7.88,7.89,2221.0
2024-10-01 10:25:00+00:00,7.89,7.89,7.88,7.88,431.0
2024-10-01 10:45:00+00:00,7.89,7.89,7.89,7.89,375.0
2024-10-01 10:55:00+00:00,7.89,7.89,7.88,7.88,821.0
2024-10-01 11:00:00+00:00,7.88,7.89,7.88,7.88,8287.0
2024-10-01 11:05:00+00:00,7.88,7.91,7.88,7.91,10558.0
2024-10-01 11:10:00+00:00,7.9,7.9,7.9,7.9,100.0
2024-10-01 11:15:00+00:00,7.9,7.9,7.88,7.88,7156.0
2024-10-01 11:20:00+00:00,7.88,7.88,7.87,7.87,1836.0
2024-10-01 11:25:00+00:00,7.87,7.87,7.87,7.87,101.0
2024-10-01 11:30:00+00:00,7.88,7.88,7.87,7.87,5940.0
2024-10-01 11:35:00+00:00,7.87,7.87,7.86,7.86,18764.0
2024-10-01 11:40:00+00:00,7.87,7.87,7.87,7.87,1126.0
2024-10-01 11:45:00+00:00,7.879,7.879,7.879,7.879,342.0
2024-10-01 11:50:00+00:00,7.879,7.88,7.879,7.88,2755.0
2024-10-01 12:00:00+00:00,7.88,7.94,7.85,7.89,79618.0
2024-10-01 12:05:00+00:00,7.891,7.8995,7.88,7.88,18130.0
2024-10-01 12:10:00+00:00,7.8897,7.89,7.88,7.88,3625.0
2024-10-01 12:15:00+00:00,7.88,7.89,7.88,7.88,6306.0
2024-10-01 12:20:00+00:00,7.88,7.88,7.88,7.88,4148.0
2024-10-01 12:25:00+00:00,7.8701,7.89,7.8701,7.89,16952.0
2024-10-01 12:30:00+00:00,7.89,7.89,7.88,7.88,17397.0
2024-10-01 12:35:00+00:00,7.87,7.88,7.87,7.88,356.0
2024-10-01 12:40:00+00:00,7.88,7.88,7.87,7.88,5495.0
2024-10-01 12:45:00+00:00,7.88,7.89,7.88,7.88,7813.0
2024-10-01 12:50:00+00:00,7.89,7.89,7.88,7.8805,894.0
2024-10-01 12:55:00+00:00,7.8899,7.89,7.88,7.8805,27392.0
2024-10-01 13:00:00+00:00,7.89,7.89,7.88,7.89,16424.0
2024-10-01 13:05:00+00:00,7.88,7.89,7.88,7.89,12938.0
2024-10-01 13:10:00+00:00,7.89,7.89,7.87,7.8799,4401.0
2024-10-01 13:15:00+00:00,7.8703,7.88,7.8605,7.8605,28088.0
2024-10-01 13:20:00+00:00,7.87,7.87,7.86,7.8603,21192.0
2024-10-01 13:25:00+00:00,7.87,7.88,7.86,7.88,15682.0
2024-10-01 13:30:00+00:00,7.88,7.9,7.79,7.815,1056985.0
2024-10-01 13:35:00+00:00,7.815,7.815,7.76,7.765,674959.0
2024-10-01 13:40:00+00:00,7.76,7.8,7.75,7.7951,939783.0
2024-10-01 13:45:00+00:00,7.8,7.805,7.74,7.745,796077.0
2024-10-01 13:50:00+00:00,7.745,7.75,7.72,7.725,546395.0
2024-10-01 13:55:00+00:00,7.7209,7.765,7.72,7.758,619305.0
2024-10-01 14:00:00+00:00,7.755,7.8,7.72,7.7501,910522.0
2024-10-01 14:05:00+00:00,7.755,7.76,7.7,7.7,362012.0
2024-10-01 14:10:00+00:00,7.705,7.7188,7.66,7.675,736566.0
2024-10-01 14:15:00+00:00,7.675,7.68,7.65,7.665,606658.0
2024-10-01 14:20:00+00:00,7.665,7.715,7.66,7.6741,817096.0
2024-10-01 14:25:00+00:00,7.6793,7.685,7.64,7.645,624067.0
2024-10-01 14:30:00+00:00,7.65,7.65,7.6125,7.635,691444.0
2024-10-01 14:35:00+00:00,7.63,7.66,7.62,7.655,455697.0
2024-10-01 14:40:00+00:00,7.655,7.68,7.65,7.67,425885.0
2024-10-01 14:45:00+00:00,7.665,7.685,7.66,7.68,372550.0
2024-10-01 14:50:00+00:00,7.675,7.7095,7.67,7.705,551660.0
2024-10-01 14:55:00+00:00,7.705,7.73,7.7,7.7114,537771.0
2024-10-01 15:00:00+00:00,7.715,7.73,7.71,7.715,321907.0
2024-10-01 15:05:00+00:00,7.715,7.7191,7.68,7.685,429500.0
2024-10-01 15:10:00+00:00,7.6829,7.7,7.66,7.685,425214.0
2024-10-01 15:15:00+00:00,7.69,7.71,7.68,7.705,356060.0
2024-10-01 15:20:00+00:00,7.705,7.73,7.7001,7.7107,466767.0
2024-10-01 15:25:00+00:00,7.715,7.76,7.7124,7.7546,291900.0
2024-10-01 15:30:00+00:00,7.755,7.77,7.74,7.77,360994.0
2024-10-01 15:35:00+00:00,7.761,7.8,7.76,7.7801,444500.0
2024-10-01 15:40:00+00:00,7.78,7.805,7.78,7.787,374613.0
2024-10-01 15:45:00+00:00,7.79,7.8,7.77,7.7708,377162.0
2024-10-01 15:50:00+00:00,7.77,7.79,7.77,7.78,173678.0
2024-10-01 15:55:00+00:00,7.7899,7.7899,7.76,7.765,235199.0
2024-10-01 16:00:00+00:00,7.76,7.79,7.76,7.785,145874.0
2024-10-01 16:05:00+00:00,7.785,7.8,7.77,7.77,401069.0
2024-10-01 16:10:00+00:00,7.775,7.79,7.76,7.7701,190879.0
2024-10-01 16:15:00+00:00,7.775,7.79,7.77,7.78,216778.0
2024-10-01 16:20:00+00:00,7.78,7.79,7.77,7.775,273921.0
2024-10-01 16:25:00+00:00,7.7701,7.79,7.77,7.788,151606.0
2024-10-01 16:30:00+00:00,7.785,7.785,7.733,7.7605,330715.0
2024-10-01 16:35:00+00:00,7.765,7.77,7.73,7.735,261910.0
2024-10-01 16:40:00+00:00,7.735,7.74,7.713,7.7201,231237.0
2024-10-01 16:45:00+00:00,7.729,7.729,7.69,7.6999,237968.0
2024-10-01 16:50:00+00:00,7.69,7.7399,7.69,7.725,478553.0
2024-10-01 16:55:00+00:00,7.7273,7.73,7.71,7.725,202013.0
2024-10-01 17:00:00+00:00,7.72,7.72,7.6901,7.6998,226221.0
2024-10-01 17:05:00+00:00,7.695,7.7,7.68,7.695,243538.0
2024-10-01 17:10:00+00:00,7.695,7.6953,7.6665,7.6683,249018.0
2024-10-01 17:15:00+00:00,7.665,7.6699,7.64,7.645,922972.0
2024-10-01 17:20:00+00:00,7.645,7.66,7.62,7.636,1426724.0
2024-10-01 17:25:00+00:00,7.6384,7.64,7.6201,7.6317,378576.0
2024-10-01 17:30:00+00:00,7.6329,7.6697,7.62,7.656,487872.0
2024-10-01 17:35:00+00:00,7.655,7.6599,7.63,7.6593,416085.0
2024-10-01 17:40:00+00:00,7.65,7.68,7.65,7.675,465992.0
2024-10-01 17:45:00+00:00,7.6716,7.68,7.65,7.655,307196.0
2024-10-01 17:50:00+00:00,7.655,7.67,7.65,7.6665,281890.0
2024-10-01 17:55:00+00:00,7.665,7.69,7.6601,7.6799,334234.0
2024-10-01 18:00:00+00:00,7.675,7.71,7.67,7.7006,504414.0
2024-10-01 18:05:00+00:00,7.705,7.7199,7.7,7.716,258056.0
2024-10-01 18:10:00+00:00,7.71,7.73,7.71,7.7248,141575.0
2024-10-01 18:15:00+00:00,7.7209,7.73,7.72,7.73,208289.0
2024-10-01 18:20:00+00:00,7.73,7.74,7.72,7.73,175200.0
2024-10-01 18:25:00+00:00,7.7299,7.74,7.72,7.735,224100.0
2024-10-01 18:30:00+00:00,7.735,7.74,7.72,7.72,119404.0
2024-10-01 18:35:00+00:00,7.725,7.73,7.7,7.71,259692.0
2024-10-01 18:40:00+00:00,7.71,7.72,7.7,7.705,118865.0
2024-10-01 18:45:00+00:00,7.7,7.72,7.7,7.7118,222020.0
2024-10-01 18:50:00+00:00,7.715,7.72,7.7,7.7029,93093.0
2024-10-01 18:55:00+00:00,7.705,7.72,7.7,7.705,212891.0
2024-10-01 19:00:00+00:00,7.71,7.71,7.7,7.701,83965.0
2024-10-01 19:05:00+00:00,7.7099,7.71,7.7,7.705,108485.0
2024-10-01 19:10:00+00:00,7.7,7.71,7.69,7.695,125582.0
2024-10-01 19:15:00+00:00,7.69,7.6999,7.68,7.68,145223.0
2024-10-01 19:20:00+00:00,7.69,7.7,7.68,7.685,170736.0
2024-10-01 19:25:00+00:00,7.685,7.7,7.68,7.685,174206.0
2024-10-01 19:30:00+00:00,7.69,7.69,7.65,7.655,340511.0
2024-10-01 19:35:00+00:00,7.65,7.66,7.64,7.655,485690.0
2024-10-01 19:40:00+00:00,7.66,7.66,7.64,7.644,364736.0
2024-10-01 19:45:00+00:00,7.64,7.65,7.64,7.65,286147.0
2024-10-01 19:50:00+00:00,7.64,7.65,7.62,7.6372,1249884.0
2024-10-01 19:55:00+00:00,7.635,7.64,7.63,7.635,1315044.0
2024-10-01 20:00:00+00:00,7.63,7.65,7.63,7.65,1347714.0
2024-10-01 20:05:00+00:00,7.65,7.65,7.64,7.65,23478.0
2024-10-01 20:10:00+00:00,7.645,7.65,7.64,7.65,4804.0
2024-10-01 20:15:00+00:00,7.6497,7.65,7.64,7.645,6361.0
2024-10-01 20:20:00+00:00,7.65,7.66,7.64,7.64,23624.0
2024-10-01 20:25:00+00:00,7.65,7.65,7.64,7.6403,10334.0
2024-10-01 20:30:00+00:00,7.6495,7.65,7.6405,7.65,15579.0
2024-10-01 20:35:00+00:00,7.65,7.66,7.65,7.65,12404.0
2024-10-01 20:40:00+00:00,7.66,7.66,7.64,7.65,16294.0
2024-10-01 20:45:00+00:00,7.65,7.65,7.64,7.6401,11725.0
2024-10-01 20:50:00+00:00,7.6402,7.65,7.64,7.6401,26356.0
2024-10-01 20:55:00+00:00,7.6403,7.67,7.64,7.66,33895.0
2024-10-01 21:00:00+00:00,7.66,7.6601,7.66,7.66,9265.0
2024-10-01 21:05:00+00:00,7.66,7.67,7.65,7.66,6227.0
2024-10-01 21:10:00+00:00,7.66,7.66,7.65,7.65,5089.0
2024-10-01 21:15:00+00:00,7.66,7.66,7.65,7.65,3091.0
2024-10-01 21:20:00+00:00,7.6599,7.66,7.65,7.66,4281.0
2024-10-01 21:25:00+00:00,7.655,7.66,7.655,7.6598,6449.0
2024-10-01 21:30:00+00:00,7.66,7.66,7.64,7.65,7744.0
2024-10-01 21:35:00+00:00,7.65,7.65,7.64,7.64,17611.0
2024-10-01 21:40:00+00:00,7.6499,7.65,7.64,7.65,3920.0
2024-10-01 21:45:00+00:00,7.64,7.66,7.64,7.66,8142.0
2024-10-01 21:50:00+00:00,7.66,7.66,7.65,7.6599,6807.0
2024-10-01 21:55:00+00:00,7.655,7.67,7.655,7.67,19594.0
2024-10-01 22:00:00+00:00,7.6695,7.6695,7.66,7.66,6367.0
2024-10-01 22:05:00+00:00,7.65,7.65,7.63,7.6499,36588.0
2024-10-01 22:10:00+00:00,7.64,7.64,7.63,7.64,6074.0
2024-10-01 22:15:00+00:00,7.63,7.64,7.63,7.64,2155.0
2024-10-01 22:20:00+00:00,7.63,7.64,7.63,7.64,3535.0
2024-10-01 22:25:00+00:00,7.64,7.64,7.63,7.63,6114.0
2024-10-01 22:30:00+00:00,7.6395,7.64,7.63,7.63,6666.0
2024-10-01 22:35:00+00:00,7.63,7.64,7.63,7.64,2105.0
2024-10-01 22:40:00+00:00,7.635,7.64,7.62,7.63,8201.0
2024-10-01 22:45:00+00:00,7.63,7.6399,7.62,7.6399,5631.0
2024-10-01 22:50:00+00:00,7.6305,7.64,7.63,7.64,5907.0
2024-10-01 22:55:00+00:00,7.64,7.64,7.63,7.64,3073.0
2024-10-01 23:00:00+00:00,7.63,7.64,7.6295,7.6295,3225.0
2024-10-01 23:05:00+00:00,7.62,7.63,7.62,7.6297,6457.0
2024-10-01 23:10:00+00:00,7.62,7.63,7.62,7.6202,5994.0
2024-10-01 23:15:00+00:00,7.6295,7.63,7.6201,7.6205,1676.0
2024-10-01 23:20:00+00:00,7.6298,7.63,7.62,7.6205,3770.0
2024-10-01 23:25:00+00:00,7.62,7.62,7.61,7.62,18864.0
2024-10-01 23:30:00+00:00,7.6199,7.62,7.61,7.6101,17456.0
2024-10-01 23:35:00+00:00,7.61,7.62,7.61,7.62,2079.0
2024-10-01 23:40:00+00:00,7.62,7.62,7.6,7.61,27091.0
2024-10-01 23:45:00+00:00,7.62,7.63,7.6103,7.6201,10958.0
2024-10-01 23:50:00+00:00,7.6298,7.63,7.62,7.62,18175.0
2024-10-01 23:55:00+00:00,7.62,7.6201,7.6,7.6158,18447.0
2024-10-02 08:00:00+00:00,7.6,7.6,7.58,7.6,28605.0
2024-10-02 08:05:00+00:00,7.61,7.62,7.61,7.62,5605.0
2024-10-02 08:10:00+00:00,7.63,7.63,7.61,7.61,2356.0
2024-10-02 08:20:00+00:00,7.6,7.61,7.6,7.61,4793.0
2024-10-02 08:30:00+00:00,7.61,7.62,7.61,7.62,2166.0
2024-10-02 08:35:00+00:00,7.63,7.63,7.63,7.63,101.0
2024-10-02 08:40:00+00:00,7.63,7.63,7.62,7.62,2105.0
2024-10-02 08:45:00+00:00,7.62,7.62,7.62,7.62,8906.0
2024-10-02 08:50:00+00:00,7.61,7.61,7.6,7.6,5413.0
2024-10-02 08:55:00+00:00,7.595,7.595,7.58,7.59,1994.0
2024-10-02 09:00:00+00:00,7.59,7.59,7.59,7.59,535.0
2024-10-02 09:05:00+00:00,7.59,7.59,7.59,7.59,3336.0
2024-10-02 09:10:00+00:00,7.59,7.6,7.59,7.6,1019.0
2024-10-02 09:15:00+00:00,7.6,7.6,7.59,7.6,447.0
2024-10-02 09:20:00+00:00,7.59,7.6,7.59,7.59,2070.0
2024-10-02 09:25:00+00:00,7.59,7.59,7.57,7.58,22481.0
2024-10-02 09:30:00+00:00,7.59,7.59,7.59,7.59,100.0
2024-10-02 09:35:00+00:00,7.59,7.59,7.58,7.58,9188.0
2024-10-02 09:40:00+00:00,7.59,7.59,7.59,7.59,670.0
2024-10-02 09:45:00+00:00,7.58,7.58,7.58,7.58,1595.0
2024-10-02 09:50:00+00:00,7.59,7.59,7.59,7.59,3960.0
2024-10-02 09:55:00+00:00,7.59,7.6,7.59,7.6,8448.0
2024-10-02 10:00:00+00:00,7.59,7.59,7.57,7.57,6099.0
2024-10-02 10:05:00+00:00,7.57,7.57,7.56,7.56,1207.0
2024-10-02 10:10:00+00:00,7.57,7.57,7.57,7.57,500.0
2024-10-02 10:15:00+00:00,7.56,7.58,7.56,7.57,18262.0
2024-10-02 10:20:00+00:00,7.58,7.58,7.58,7.58,3917.0
2024-10-02 10:25:00+00:00,7.59,7.59,7.59,7.59,4802.0
2024-10-02 10:30:00+00:00,7.6,7.63,7.6,7.62,6472.0
2024-10-02 10:35:00+00:00,7.6,7.6,7.59,7.59,2952.0
2024-10-02 10:40:00+00:00,7.59,7.59,7.59,7.59,500.0
2024-10-02 10:45:00+00:00,7.59,7.59,7.59,7.59,807.0
2024-10-02 10:50:00+00:00,7.6,7.6,7.6,7.6,3230.0
2024-10-02 11:00:00+00:00,7.61,7.62,7.59,7.59,30051.0
2024-10-02 11:05:00+00:00,7.6,7.6,7.57,7.57,16322.0
2024-10-02 11:10:00+00:00,7.57,7.57,7.56,7.57,9449.0
2024-10-02 11:15:00+00:00,7.57,7.57,7.57,7.57,1000.0
2024-10-02 11:20:00+00:00,7.57,7.57,7.57,7.57,3829.0
2024-10-02 11:25:00+00:00,7.57,7.59,7.57,7.58,9270.0
2024-10-02 11:30:00+00:00,7.58,7.58,7.58,7.58,3710.0
2024-10-02 11:35:00+00:00,7.57,7.59,7.57,7.59,7434.0
2024-10-02 11:40:00+00:00,7.59,7.59,7.59,7.59,1383.0
2024-10-02 11:45:00+00:00,7.59,7.6,7.59,7.59,5861.0
2024-10-02 11:50:00+00:00,7.59,7.59,7.59,7.59,200.0
2024-10-02 12:00:00+00:00,7.58,7.64,7.56,7.59,148574.0
2024-10-02 12:05:00+00:00,7.5898,7.59,7.57,7.57,8616.0
2024-10-02 12:10:00+00:00,7.57,7.58,7.57,7.58,21528.0
2024-10-02 12:15:00+00:00,7.56,7.59,7.5,7.5595,170270.0
2024-10-02 12:20:00+00:00,7.55,7.58,7.55,7.57,26651.0
2024-10-02 12:25:00+00:00,7.5798,7.5798,7.55,7.57,28438.0
2024-10-02 12:30:00+00:00,7.56,7.5644,7.55,7.56,18887.0
2024-10-02 12:35:00+00:00,7.56,7.58,7.56,7.58,22554.0
2024-10-02 12:40:00+00:00,7.58,7.59,7.57,7.59,19720.0
2024-10-02 12:45:00+00:00,7.59,7.6,7.5897,7.59,10666.0
2024-10-02 12:50:00+00:00,7.5905,7.6,7.58,7.58,15439.0
2024-10-02 12:55:00+00:00,7.59,7.59,7.58,7.58,12097.0
2024-10-02 13:00:00+00:00,7.59,7.6,7.58,7.5802,24013.0
2024-10-02 13:05:00+00:00,7.599,7.6,7.58,7.5802,21737.0
2024-10-02 13:10:00+00:00,7.58,7.6,7.58,7.59,19164.0
2024-10-02 13:15:00+00:00,7.6,7.6,7.58,7.58,20951.0
2024-10-02 13:20:00+00:00,7.59,7.59,7.5895,7.59,14294.0
2024-10-02 13:25:00+00:00,7.59,7.61,7.59,7.6,10087.0
2024-10-02 13:30:00+00:00,7.6,7.69,7.57,7.6829,761449.0
2024-10-02 13:35:00+00:00,7.6899,7.698,7.65,7.6599,938270.0
2024-10-02 13:40:00+00:00,7.6597,7.67,7.62,7.625,589811.0
2024-10-02 13:45:00+00:00,7.625,7.7099,7.625,7.705,574004.0
2024-10-02 13:50:00+00:00,7.7,7.75,7.7,7.745,483270.0
2024-10-02 13:55:00+00:00,7.745,7.77,7.74,7.755,688422.0
2024-10-02 14:00:00+00:00,7.7506,7.79,7.745,7.75,692715.0
2024-10-02 14:05:00+00:00,7.7597,7.785,7.74,7.7792,511830.0
2024-10-02 14:10:00+00:00,7.775,7.82,7.7624,7.765,887600.0
2024-10-02 14:15:00+00:00,7.765,7.78,7.74,7.7701,393481.0
2024-10-02 14:20:00+00:00,7.775,7.79,7.744,7.76,394773.0
2024-10-02 14:25:00+00:00,7.76,7.79,7.755,7.765,273643.0
2024-10-02 14:30:00+00:00,7.76,7.78,7.755,7.77,378859.0
2024-10-02 14:35:00+00:00,7.76,7.77,7.74,7.7539,263267.0
2024-10-02 14:40:00+00:00,7.755,7.7691,7.74,7.755,291840.0
2024-10-02 14:45:00+00:00,7.7599,7.83,7.7501,7.8224,742544.0
2024-10-02 14:50:00+00:00,7.825,7.83,7.7858,7.79,415310.0
2024-10-02 14:55:00+00:00,7.79,7.8,7.76,7.76,345947.0
2024-10-02 15:00:00+00:00,7.76,7.78,7.755,7.775,241762.0
2024-10-02 15:05:00+00:00,7.77,7.795,7.73,7.735,434038.0
2024-10-02 15:10:00+00:00,7.735,7.745,7.71,7.73,249682.0
2024-10-02 15:15:00+00:00,7.725,7.74,7.72,7.735,346485.0
2024-10-02 15:20:00+00:00,7.735,7.735,7.7,7.716,360351.0
2024-10-02 15:25:00+00:00,7.72,7.7271,7.7032,7.72,378861.0
2024-10-02 15:30:00+00:00,7.725,7.74,7.715,7.7398,278584.0
2024-10-02 15:35:00+00:00,7.7336,7.76,7.7301,7.745,573632.0
2024-10-02 15:40:00+00:00,7.748,7.748,7.73,7.745,443346.0
2024-10-02 15:45:00+00:00,7.74,7.75,7.725,7.735,267635.0
2024-10-02 15:50:00+00:00,7.7382,7.7383,7.715,7.7203,673422.0
2024-10-02 15:55:00+00:00,7.72,7.74,7.72,7.735,197049.0
2024-10-02 16:00:00+00:00,7.735,7.75,7.73,7.75,191908.0
2024-10-02 16:05:00+00:00,7.7406,7.76,7.735,7.7351,301196.0
2024-10-02 16:10:00+00:00,7.735,7.745,7.715,7.735,426157.0
2024-10-02 16:15:00+00:00,7.7375,7.74,7.71,7.715,147243.0
2024-10-02 16:20:00+00:00,7.72,7.74,7.7,7.73,342661.0
2024-10-02 16:25:00+00:00,7.724,7.74,7.724,7.735,230137.0
2024-10-02 16:30:00+00:00,7.735,7.736,7.72,7.725,96893.0
2024-10-02 16:35:00+00:00,7.725,7.74,7.72,7.73,134803.0
2024-10-02 16:40:00+00:00,7.7303,7.74,7.7021,7.705,220424.0
2024-10-02 16:45:00+00:00,7.71,7.72,7.7,7.7165,165141.0
2024-10-02 16:50:00+00:00,7.71,7.72,7.71,7.715,85830.0
2024-10-02 16:55:00+00:00,7.72,7.72,7.69,7.695,198565.0
2024-10-02 17:00:00+00:00,7.695,7.71,7.69,7.7025,131693.0
2024-10-02 17:05:00+00:00,7.7,7.71,7.7,7.705,54894.0
2024-10-02 17:10:00+00:00,7.705,7.71,7.69,7.695,305165.0
2024-10-02 17:15:00+00:00,7.695,7.7,7.68,7.6898,128763.0
2024-10-02 17:20:00+00:00,7.685,7.7,7.68,7.69,191835.0
2024-10-02 17:25:00+00:00,7.695,7.71,7.68,7.7097,175483.0
2024-10-02 17:30:00+00:00,7.7,7.705,7.68,7.684,160856.0
2024-10-02 17:35:00+00:00,7.685,7.7,7.67,7.7,166732.0
2024-10-02 17:40:00+00:00,7.695,7.7,7.68,7.7,97284.0
2024-10-02 17:45:00+00:00,7.7,7.71,7.6901,7.7096,132512.0
2024-10-02 17:50:00+00:00,7.71,7.74,7.71,7.735,293077.0
2024-10-02 17:55:00+00:00,7.735,7.75,7.73,7.75,170056.0
2024-10-02 18:00:00+00:00,7.745,7.75,7.735,7.74,131145.0
2024-10-02 18:05:00+00:00,7.745,7.746,7.724,7.74,154744.0
2024-10-02 18:10:00+00:00,7.735,7.75,7.73,7.745,123261.0
2024-10-02 18:15:00+00:00,7.745,7.76,7.74,7.7569,164800.0
2024-10-02 18:20:00+00:00,7.758,7.78,7.75,7.775,292386.0
2024-10-02 18:25:00+00:00,7.775,7.78,7.75,7.78,290813.0
2024-10-02 18:30:00+00:00,7.7797,7.8,7.77,7.7998,305036.0
2024-10-02 18:35:00+00:00,7.795,7.81,7.79,7.81,293080.0
2024-10-02 18:40:00+00:00,7.8097,7.82,7.8001,7.815,263702.0
2024-10-02 18:45:00+00:00,7.815,7.82,7.79,7.8,240345.0
2024-10-02 18:50:00+00:00,7.795,7.8,7.78,7.7803,177398.0
2024-10-02 18:55:00+00:00,7.78,7.8,7.78,7.7901,241382.0
2024-10-02 19:00:00+00:00,7.795,7.8,7.78,7.7945,221436.0
2024-10-02 19:05:00+00:00,7.795,7.8,7.79,7.8,199989.0
2024-10-02 19:10:00+00:00,7.8,7.8,7.78,7.795,169209.0
2024-10-02 19:15:00+00:00,7.79,7.795,7.7709,7.78,229763.0
2024-10-02 19:20:00+00:00,7.7748,7.79,7.774,7.785,239666.0
2024-10-02 19:25:00+00:00,7.785,7.786,7.77,7.775,185719.0
2024-10-02 19:30:00+00:00,7.775,7.78,7.76,7.775,322530.0
2024-10-02 19:35:00+00:00,7.7799,7.79,7.77,7.785,180278.0
2024-10-02 19:40:00+00:00,7.7858,7.8,7.78,7.7982,261399.0
2024-10-02 19:45:00+00:00,7.7957,7.805,7.79,7.79,473422.0
2024-10-02 19:50:00+00:00,7.795,7.795,7.7601,7.78,990490.0
2024-10-02 19:55:00+00:00,7.785,7.8,7.78,7.785,1357243.0
2024-10-02 20:00:00+00:00,7.79,7.7988,7.78,7.78,661069.0
2024-10-02 20:05:00+00:00,7.79,7.8,7.7801,7.799,2107.0
2024-10-02 20:10:00+00:00,7.8,7.8,7.79,7.7997,30817.0
2024-10-02 20:15:00+00:00,7.7902,7.7902,7.79,7.7901,2641.0
2024-10-02 20:20:00+00:00,7.79,7.7998,7.7899,7.79,11797.0
2024-10-02 20:25:00+00:00,7.7998,7.8,7.7998,7.8,209.0
2024-10-02 20:30:00+00:00,7.7905,7.7905,7.79,7.79,783.0
2024-10-02 20:35:00+00:00,7.8,7.8,7.8,7.8,731.0
2024-10-02 20:40:00+00:00,7.8,7.8,7.7995,7.7995,8713.0
2024-10-02 20:45:00+00:00,7.7998,7.8,7.79,7.8,1458.0
2024-10-02 20:50:00+00:00,7.8,7.8,7.8,7.8,824.0
2024-10-02 20:55:00+00:00,7.8,7.8,7.79,7.8,31317.0
2024-10-02 21:00:00+00:00,7.795,7.8,7.79,7.7999,8804.0
2024-10-02 21:05:00+00:00,7.795,7.795,7.795,7.795,334.0
2024-10-02 21:10:00+00:00,7.8,7.8,7.8,7.8,117.0
2024-10-02 21:15:00+00:00,7.79,7.8,7.79,7.8,2702.0
2024-10-02 21:20:00+00:00,7.79,7.8,7.79,7.7999,4785.0
2024-10-02 21:25:00+00:00,7.8,7.8,7.79,7.79,4685.0
2024-10-02 21:30:00+00:00,7.795,7.8,7.795,7.8,530.0
2024-10-02 21:40:00+00:00,7.7901,7.795,7.79,7.79,3025.0
2024-10-02 21:45:00+00:00,7.79,7.8,7.79,7.7902,5074.0
2024-10-02 21:50:00+00:00,7.8,7.8,7.8,7.8,206.0
2024-10-02 21:55:00+00:00,7.79,7.79,7.79,7.79,122.0
2024-10-02 22:00:00+00:00,7.795,7.8,7.7903,7.8,3843.0
2024-10-02 22:05:00+00:00,7.795,7.795,7.7902,7.7902,432.0
2024-10-02 22:10:00+00:00,7.79,7.7995,7.79,7.7995,5357.0
2024-10-02 22:15:00+00:00,7.7999,7.7999,7.79,7.795,613.0
2024-10-02 22:20:00+00:00,7.8,7.8,7.7998,7.7998,5525.0
2024-10-02 22:25:00+00:00,7.7999,7.7999,7.7999,7.7999,618.0
2024-10-02 22:30:00+00:00,7.7901,7.8,7.79,7.8,2751.0
2024-10-02 22:40:00+00:00,7.8,7.8,7.79,7.7901,1511.0
2024-10-02 22:45:00+00:00,7.7995,7.8,7.795,7.7999,1308.0
2024-10-02 22:50:00+00:00,7.79,7.8,7.79,7.79,3125.0
2024-10-02 22:55:00+00:00,7.8,7.8,7.7902,7.7902,1614.0
2024-10-02 23:00:00+00:00,7.7903,7.8,7.7903,7.8,536.0
2024-10-02 23:05:00+00:00,7.8,7.8,7.79,7.7995,4840.0
2024-10-02 23:15:00+00:00,7.8,7.8,7.795,7.8,500.0
2024-10-02 23:20:00+00:00,7.8,7.8,7.8,7.8,103.0
2024-10-02 23:25:00+00:00,7.8,7.8,7.79,7.79,4393.0
2024-10-02 23:30:00+00:00,7.79,7.79,7.79,7.79,5831.0
2024-10-02 23:35:00+00:00,7.8,7.8,7.7805,7.79,6724.0
2024-10-02 23:40:00+00:00,7.8,7.8,7.78,7.8,2190.0
2024-10-02 23:45:00+00:00,7.8,7.8,7.79,7.8,9122.0
2024-10-02 23:50:00+00:00,7.795,7.8,7.79,7.79,3420.0
2024-10-02 23:55:00+00:00,7.79,7.8,7.78,7.7999,17246.0
2024-10-03 08:00:00+00:00,7.8,7.8,7.7,7.75,10940.0
2024-10-03 08:05:00+00:00,7.75,7.75,7.75,7.75,200.0
2024-10-03 08:10:00+00:00,7.74,7.75,7.74,7.74,4884.0
2024-10-03 08:15:00+00:00,7.73,7.74,7.73,7.73,436.0
2024-10-03 08:20:00+00:00,7.73,7.74,7.73,7.74,205.0
2024-10-03 08:25:00+00:00,7.73,7.73,7.73,7.73,100.0
2024-10-03 08:30:00+00:00,7.74,7.74,7.74,7.74,300.0
2024-10-03 08:35:00+00:00,7.73,7.74,7.73,7.74,532.0
2024-10-03 08:40:00+00:00,7.73,7.73,7.73,7.73,225.0
2024-10-03 09:10:00+00:00,7.73,7.74,7.73,7.74,543.0
2024-10-03 09:20:00+00:00,7.74,7.74,7.74,7.74,1015.0
2024-10-03 09:35:00+00:00,7.73,7.73,7.73,7.73,1017.0
2024-10-03 09:45:00+00:00,7.74,7.74,7.74,7.74,230.0
2024-10-03 09:55:00+00:00,7.735,7.735,7.735,7.735,104.0
2024-10-03 10:00:00+00:00,7.735,7.74,7.735,7.735,1600.0
2024-10-03 10:15:00+00:00,7.73,7.735,7.73,7.735,828.0
2024-10-03 10:20:00+00:00,7.73,7.74,7.73,7.73,2623.0
2024-10-03 10:25:00+00:00,7.73,7.73,7.73,7.73,4651.0
2024-10-03 10:35:00+00:00,7.73,7.73,7.73,7.73,409.0
2024-10-03 10:55:00+00:00,7.735,7.74,7.73,7.74,2231.0
2024-10-03 11:00:00+00:00,7.735,7.74,7.735,7.74,11445.0
2024-10-03 11:05:00+00:00,7.75,7.75,7.75,7.75,110.0
2024-10-03 11:15:00+00:00,7.75,7.75,7.75,7.75,499.0
2024-10-03 11:20:00+00:00,7.74,7.74,7.74,7.74,6759.0
2024-10-03 11:25:00+00:00,7.745,7.75,7.745,7.75,3050.0
2024-10-03 11:30:00+00:00,7.75,7.75,7.74,7.74,9382.0
2024-10-03 11:35:00+00:00,7.73,7.73,7.73,7.73,9318.0
2024-10-03 11:40:00+00:00,7.759,7.759,7.759,7.759,403.0
2024-10-03 11:50:00+00:00,7.759,7.76,7.759,7.76,1401.0
2024-10-03 11:55:00+00:00,7.76,7.76,7.76,7.76,400.0
2024-10-03 12:00:00+00:00,7.75,7.77,7.73,7.75,67407.0
2024-10-03 12:05:00+00:00,7.75,7.76,7.75,7.75,8738.0
2024-10-03 12:10:00+00:00,7.75,7.76,7.75,7.76,3296.0
2024-10-03 12:15:00+00:00,7.75,7.75,7.75,7.75,6586.0
2024-10-03 12:20:00+00:00,7.7405,7.75,7.74,7.75,11555.0
2024-10-03 12:25:00+00:00,7.75,7.75,7.74,7.74,3337.0
2024-10-03 12:30:00+00:00,7.76,7.76,7.75,7.75,2423.0
2024-10-03 12:35:00+00:00,7.75,7.75,7.74,7.74,17616.0
2024-10-03 12:40:00+00:00,7.74,7.74,7.73,7.73,5177.0
2024-10-03 12:45:00+00:00,7.74,7.74,7.7398,7.74,5592.0
2024-10-03 12:50:00+00:00,7.7397,7.7397,7.73,7.73,5302.0
2024-10-03 12:55:00+00:00,7.74,7.74,7.73,7.7305,4288.0
2024-10-03 13:00:00+00:00,7.74,7.74,7.73,7.74,7848.0
2024-10-03 13:05:00+00:00,7.7301,7.74,7.73,7.74,24140.0
2024-10-03 13:10:00+00:00,7.74,7.74,7.73,7.73,5416.0
2024-10-03 13:15:00+00:00,7.7302,7.74,7.73,7.73,25190.0
2024-10-03 13:20:00+00:00,7.73,7.74,7.73,7.73,6347.0
2024-10-03 13:25:00+00:00,7.74,7.76,7.74,7.76,8229.0
2024-10-03 13:30:00+00:00,7.75,7.79,7.75,7.79,408069.0
2024-10-03 13:35:00+00:00,7.785,7.82,7.78,7.8049,411073.0
2024-10-03 13:40:00+00:00,7.808,7.82,7.7903,7.8055,267235.0
2024-10-03 13:45:00+00:00,7.81,7.82,7.755,7.77,533333.0
2024-10-03 13:50:00+00:00,7.765,7.7693,7.74,7.755,493976.0
2024-10-03 13:55:00+00:00,7.755,7.79,7.7403,7.78,482459.0
2024-10-03 14:00:00+00:00,7.78,7.82,7.77,7.8101,619555.0
2024-10-03 14:05:00+00:00,7.815,7.86,7.81,7.8599,596196.0
2024-10-03 14:10:00+00:00,7.855,7.86,7.76,7.775,494610.0
2024-10-03 14:15:00+00:00,7.7707,7.82,7.77,7.785,477616.0
2024-10-03 14:20:00+00:00,7.7833,7.786,7.69,7.715,1442573.0
2024-10-03 14:25:00+00:00,7.715,7.735,7.69,7.72,328115.0
2024-10-03 14:30:00+00:00,7.71,7.73,7.69,7.725,546524.0
2024-10-03 14:35:00+00:00,7.725,7.73,7.68,7.6992,500200.0
2024-10-03 14:40:00+00:00,7.7,7.7,7.654,7.685,454750.0
2024-10-03 14:45:00+00:00,7.684,7.71,7.67,7.705,338641.0
2024-10-03 14:50:00+00:00,7.705,7.72,7.695,7.705,402547.0
2024-10-03 14:55:00+00:00,7.7099,7.72,7.68,7.705,522339.0
2024-10-03 15:00:00+00:00,7.705,7.7199,7.69,7.695,297259.0
2024-10-03 15:05:00+00:00,7.69,7.71,7.68,7.682,298753.0
2024-10-03 15:10:00+00:00,7.685,7.69,7.67,7.6899,256079.0
2024-10-03 15:15:00+00:00,7.69,7.6999,7.67,7.695,364173.0
2024-10-03 15:20:00+00:00,7.69,7.72,7.68,7.71,309218.0
2024-10-03 15:25:00+00:00,7.715,7.73,7.7001,7.73,212762.0
2024-10-03 15:30:00+00:00,7.73,7.74,7.72,7.725,248157.0
2024-10-03 15:35:00+00:00,7.72,7.73,7.72,7.7219,43531.0
2024-10-03 15:40:00+00:00,7.725,7.735,7.71,7.71,297808.0
2024-10-03 15:45:00+00:00,7.715,7.73,7.7101,7.7223,165658.0
2024-10-03 15:50:00+00:00,7.725,7.76,7.725,7.74,503580.0
2024-10-03 15:55:00+00:00,7.7461,7.75,7.73,7.735,186287.0
2024-10-03 16:00:00+00:00,7.735,7.74,7.73,7.736,123682.0
2024-10-03 16:05:00+00:00,7.735,7.74,7.72,7.73,250117.0
2024-10-03 16:10:00+00:00,7.7301,7.75,7.72,7.73,246985.0
2024-10-03 16:15:00+00:00,7.735,7.74,7.73,7.7312,82558.0
2024-10-03 16:20:00+00:00,7.7344,7.7487,7.73,7.745,126615.0
2024-10-03 16:25:00+00:00,7.74,7.75,7.7303,7.7391,96170.0
2024-10-03 16:30:00+00:00,7.735,7.74,7.72,7.725,268900.0
2024-10-03 16:35:00+00:00,7.725,7.74,7.72,7.74,87500.0
2024-10-03 16:40:00+00:00,7.735,7.74,7.71,7.7212,177463.0
2024-10-03 16:45:00+00:00,7.725,7.73,7.69,7.695,178378.0
2024-10-03 16:50:00+00:00,7.695,7.7,7.68,7.695,222377.0
2024-10-03 16:55:00+00:00,7.695,7.7088,7.68,7.69,200302.0
2024-10-03 17:00:00+00:00,7.685,7.6899,7.66,7.67,286464.0
2024-10-03 17:05:00+00:00,7.665,7.69,7.6613,7.68,199637.0
2024-10-03 17:10:00+00:00,7.685,7.69,7.68,7.685,79559.0
2024-10-03 17:15:00+00:00,7.6899,7.7,7.68,7.695,172191.0
2024-10-03 17:20:00+00:00,7.7,7.73,7.69,7.72,318490.0
2024-10-03 17:25:00+00:00,7.725,7.735,7.72,7.7227,236453.0
2024-10-03 17:30:00+00:00,7.72,7.7354,7.71,7.725,212463.0
2024-10-03 17:35:00+00:00,7.725,7.73,7.72,7.725,115939.0
2024-10-03 17:40:00+00:00,7.7217,7.73,7.71,7.7201,236510.0
2024-10-03 17:45:00+00:00,7.725,7.73,7.72,7.725,60519.0
2024-10-03 17:50:00+00:00,7.72,7.73,7.72,7.72,31232.0
2024-10-03 17:55:00+00:00,7.725,7.74,7.7248,7.735,108091.0
2024-10-03 18:00:00+00:00,7.7313,7.75,7.73,7.745,164303.0
2024-10-03 18:05:00+00:00,7.7406,7.75,7.74,7.745,49814.0
2024-10-03 18:10:00+00:00,7.745,7.75,7.74,7.745,57088.0
2024-10-03 18:15:00+00:00,7.7401,7.76,7.74,7.755,135109.0
2024-10-03 18:20:00+00:00,7.755,7.77,7.75,7.77,236586.0
2024-10-03 18:25:00+00:00,7.77,7.78,7.76,7.77,300061.0
2024-10-03 18:30:00+00:00,7.7719,7.78,7.76,7.7689,157722.0
2024-10-03 18:35:00+00:00,7.77,7.79,7.76,7.79,141634.0
2024-10-03 18:40:00+00:00,7.785,7.79,7.78,7.7888,40185.0
2024-10-03 18:45:00+00:00,7.785,7.79,7.77,7.77,149611.0
2024-10-03 18:50:00+00:00,7.7713,7.79,7.77,7.7701,282312.0
2024-10-03 18:55:00+00:00,7.775,7.78,7.77,7.77,86651.0
2024-10-03 19:00:00+00:00,7.77,7.78,7.76,7.775,211421.0
2024-10-03 19:05:00+00:00,7.77,7.79,7.77,7.7821,132111.0
2024-10-03 19:10:00+00:00,7.7805,7.7874,7.76,7.7695,211739.0
2024-10-03 19:15:00+00:00,7.76,7.78,7.76,7.775,98670.0
2024-10-03 19:20:00+00:00,7.78,7.79,7.77,7.785,115109.0
2024-10-03 19:25:00+00:00,7.785,7.81,7.78,7.805,947789.0
2024-10-03 19:30:00+00:00,7.805,7.82,7.8,7.816,351834.0
2024-10-03 19:35:00+00:00,7.8107,7.82,7.8,7.81,2168487.0
2024-10-03 19:40:00+00:00,7.8029,7.82,7.79,7.815,271840.0
2024-10-03 19:45:00+00:00,7.815,7.83,7.81,7.8203,436477.0
2024-10-03 19:50:00+00:00,7.825,7.84,7.8042,7.8322,997386.0
2024-10-03 19:55:00+00:00,7.83,7.85,7.81,7.84,1665732.0
2024-10-03 20:00:00+00:00,7.83,7.85,7.82,7.85,1947794.0
2024-10-03 20:05:00+00:00,7.83,7.84,7.83,7.84,19962.0
2024-10-03 20:10:00+00:00,7.84,7.84,7.83,7.83,33411.0
2024-10-03 20:15:00+00:00,7.8302,7.84,7.82,7.8297,32189.0
2024-10-03 20:20:00+00:00,7.82,7.83,7.82,7.82,29971.0
2024-10-03 20:25:00+00:00,7.83,7.83,7.82,7.82,26025.0
2024-10-03 20:30:00+00:00,7.82,7.83,7.82,7.83,3912.0
2024-10-03 20:35:00+00:00,7.83,7.84,7.8205,7.84,71054.0
2024-10-03 20:40:00+00:00,7.84,7.84,7.8201,7.8201,10007.0
2024-10-03 20:45:00+00:00,7.82,7.8295,7.82,7.82,17316.0
2024-10-03 20:50:00+00:00,7.82,7.83,7.82,7.8297,2172.0
2024-10-03 20:55:00+00:00,7.83,7.83,7.83,7.83,601.0
2024-10-03 21:00:00+00:00,7.82,7.83,7.82,7.8299,6519.0
2024-10-03 21:05:00+00:00,7.83,7.83,7.82,7.82,734.0
2024-10-03 21:10:00+00:00,7.8299,7.8299,7.8299,7.8299,1060.0
2024-10-03 21:15:00+00:00,7.83,7.83,7.81,7.81,11856.0
2024-10-03 21:20:00+00:00,7.82,7.82,7.8199,7.82,5470.0
2024-10-03 21:25:00+00:00,7.83,7.83,7.83,7.83,434.0
2024-10-03 21:30:00+00:00,7.83,7.83,7.83,7.83,1503.0
2024-10-03 21:35:00+00:00,7.8295,7.8295,7.82,7.8201,1687.0
2024-10-03 21:40:00+00:00,7.8205,7.8205,7.82,7.82,1701.0
2024-10-03 21:45:00+00:00,7.83,7.83,7.82,7.82,3845.0
2024-10-03 21:50:00+00:00,7.83,7.8395,7.83,7.8395,7452.0
2024-10-03 21:55:00+00:00,7.84,7.84,7.83,7.83,4237.0
2024-10-03 22:00:00+00:00,7.83,7.835,7.83,7.835,512.0
2024-10-03 22:05:00+00:00,7.83,7.84,7.83,7.83,2042.0
2024-10-03 22:10:00+00:00,7.83,7.8301,7.82,7.82,15892.0
2024-10-03 22:20:00+00:00,7.8205,7.8205,7.82,7.82,7082.0
2024-10-03 22:25:00+00:00,7.83,7.83,7.82,7.8299,3899.0
2024-10-03 22:30:00+00:00,7.82,7.8202,7.82,7.8202,744.0
2024-10-03 22:35:00+00:00,7.8202,7.83,7.8202,7.83,2249.0
2024-10-03 22:40:00+00:00,7.83,7.84,7.83,7.84,2734.0
2024-10-03 22:45:00+00:00,7.83,7.84,7.83,7.84,1438.0
2024-10-03 22:50:00+00:00,7.84,7.84,7.8301,7.835,4058.0
2024-10-03 22:55:00+00:00,7.8302,7.84,7.83,7.8399,3388.0
2024-10-03 23:00:00+00:00,7.84,7.84,7.83,7.8395,12775.0
2024-10-03 23:05:00+00:00,7.84,7.84,7.84,7.84,18227.0
2024-10-03 23:10:00+00:00,7.84,7.8595,7.84,7.8595,21796.0
2024-10-03 23:15:00+00:00,7.85,7.86,7.84,7.84,4465.0
2024-10-03 23:20:00+00:00,7.84,7.85,7.84,7.84,1345.0
2024-10-03 23:25:00+00:00,7.85,7.85,7.8401,7.8401,3294.0
2024-10-03 23:30:00+00:00,7.8405,7.85,7.8401,7.85,1601.0
2024-10-03 23:35:00+00:00,7.84,7.84,7.84,7.84,134.0
2024-10-03 23:40:00+00:00,7.84,7.85,7.84,7.84,4948.0
2024-10-03 23:45:00+00:00,7.84,7.8497,7.84,7.8497,8800.0
2024-10-03 23:50:00+00:00,7.8499,7.8505,7.8404,7.8505,14552.0
2024-10-03 23:55:00+00:00,7.84,7.86,7.84,7.86,22105.0
2024-10-04 08:00:00+00:00,7.85,7.86,7.85,7.86,1617.0
2024-10-04 08:05:00+00:00,7.85,7.85,7.85,7.85,100.0
2024-10-04 08:10:00+00:00,7.86,7.86,7.85,7.85,740.0
2024-10-04 08:15:00+00:00,7.86,7.86,7.86,7.86,267.0
2024-10-04 08:20:00+00:00,7.87,7.87,7.87,7.87,823.0
2024-10-04 08:30:00+00:00,7.88,7.89,7.88,7.88,5695.0
2024-10-04 08:35:00+00:00,7.88,7.88,7.88,7.88,805.0
2024-10-04 08:45:00+00:00,7.88,7.88,7.88,7.88,3492.0
2024-10-04 08:50:00+00:00,7.88,7.88,7.88,7.88,140.0
2024-10-04 08:55:00+00:00,7.88,7.88,7.87,7.87,4449.0
2024-10-04 09:00:00+00:00,7.87,7.87,7.87,7.87,500.0
2024-10-04 09:10:00+00:00,7.87,7.87,7.87,7.87,1018.0
2024-10-04 09:20:00+00:00,7.88,7.88,7.88,7.88,100.0
2024-10-04 09:25:00+00:00,7.87,7.87,7.87,7.87,899.0
2024-10-04 09:30:00+00:00,7.87,7.87,7.87,7.87,501.0
2024-10-04 09:35:00+00:00,7.88,7.88,7.88,7.88,702.0
2024-10-04 09:40:00+00:00,7.88,7.88,7.88,7.88,3258.0
2024-10-04 09:45:00+00:00,7.88,7.93,7.88,7.92,24322.0
2024-10-04 09:50:00+00:00,7.92,7.92,7.91,7.91,5415.0
2024-10-04 09:55:00+00:00,7.91,7.91,7.91,7.91,1100.0
2024-10-04 10:00:00+00:00,7.91,7.91,7.91,7.91,554.0
2024-10-04 10:05:00+00:00,7.91,7.91,7.88,7.89,11444.0
2024-10-04 10:10:00+00:00,7.9,7.91,7.9,7.91,4095.0
2024-10-04 10:15:00+00:00,7.9,7.9,7.89,7.89,6959.0
2024-10-04 10:20:00+00:00,7.89,7.9,7.88,7.89,4042.0
2024-10-04 10:25:00+00:00,7.89,7.89,7.89,7.89,1148.0
2024-10-04 10:30:00+00:00,7.89,7.89,7.89,7.89,103.0
2024-10-04 10:35:00+00:00,7.89,7.89,7.89,7.89,851.0
2024-10-04 10:40:00+00:00,7.9,7.91,7.9,7.91,2436.0
2024-10-04 10:45:00+00:00,7.92,7.92,7.9,7.9,6589.0
2024-10-04 10:50:00+00:00,7.9,7.9,7.9,7.9,6966.0
2024-10-04 10:55:00+00:00,7.9,7.9,7.89,7.89,10551.0
2024-10-04 11:00:00+00:00,7.9,7.9,7.89,7.89,10534.0
2024-10-04 11:05:00+00:00,7.89,7.89,7.89,7.89,1723.0
2024-10-04 11:10:00+00:00,7.9,7.9,7.9,7.9,100.0
2024-10-04 11:20:00+00:00,7.89,7.89,7.89,7.89,415.0
2024-10-04 11:30:00+00:00,7.9,7.9,7.9,7.9,250.0
2024-10-04 11:35:00+00:00,7.9,7.9,7.89,7.89,3990.0
2024-10-04 11:40:00+00:00,7.89,7.89,7.89,7.89,629.0
2024-10-04 11:45:00+00:00,7.89,7.9,7.89,7.89,1682.0
2024-10-04 11:50:00+00:00,7.9,7.9,7.9,7.9,3580.0
2024-10-04 11:55:00+00:00,7.89,7.89,7.89,7.89,500.0
2024-10-04 12:00:00+00:00,7.9,7.91,7.85,7.9,108223.0
2024-10-04 12:05:00+00:00,7.9,7.9,7.89,7.89,936.0
2024-10-04 12:10:00+00:00,7.89,7.9,7.89,7.8905,20506.0
2024-10-04 12:15:00+00:00,7.9,7.9,7.88,7.89,57618.0
2024-10-04 12:20:00+00:00,7.89,7.9,7.89,7.9,10558.0
2024-10-04 12:25:00+00:00,7.89,7.9,7.89,7.89,15867.0
2024-10-04 12:30:00+00:00,7.9,7.98,7.9,7.95,199985.0
2024-10-04 12:35:00+00:00,7.96,8.0,7.96,8.0,100335.0
2024-10-04 12:40:00+00:00,7.9995,8.01,7.98,8.0005,89221.0
2024-10-04 12:45:00+00:00,8.01,8.01,7.99,8.01,185229.0
2024-10-04 12:50:00+00:00,8.0095,8.03,8.0095,8.03,70135.0
2024-10-04 12:55:00+00:00,8.02,8.02,7.99,8.0191,44673.0
2024-10-04 13:00:00+00:00,8.02,8.02,7.99,8.01,70280.0
2024-10-04 13:05:00+00:00,8.02,8.03,8.01,8.0203,59240.0
2024-10-04 13:10:00+00:00,8.02,8.02,8.0,8.0102,26900.0
2024-10-04 13:15:00+00:00,8.02,8.03,8.01,8.01,40393.0
2024-10-04 13:20:00+00:00,8.01,8.02,8.0,8.0,115117.0
2024-10-04 13:25:00+00:00,8.02,8.04,8.01,8.02,39106.0
2024-10-04 13:30:00+00:00,8.03,8.05,7.9601,7.994,1347674.0
2024-10-04 13:35:00+00:00,8.0,8.06,8.0,8.0593,1157452.0
2024-10-04 13:40:00+00:00,8.055,8.08,8.01,8.065,1243928.0
2024-10-04 13:45:00+00:00,8.065,8.11,8.05,8.085,1130160.0
2024-10-04 13:50:00+00:00,8.08,8.09,8.02,8.03,706520.0
2024-10-04 13:55:00+00:00,8.03,8.06,8.02,8.0235,483711.0
2024-10-04 14:00:00+00:00,8.025,8.03,7.98,8.01,509623.0
2024-10-04 14:05:00+00:00,8.005,8.02,7.96,7.975,548736.0
2024-10-04 14:10:00+00:00,7.975,7.99,7.95,7.9808,419839.0
2024-10-04 14:15:00+00:00,7.985,7.99,7.96,7.975,410457.0
2024-10-04 14:20:00+00:00,7.97,7.98,7.96,7.97,213839.0
2024-10-04 14:25:00+00:00,7.965,7.98,7.9201,7.935,988201.0
2024-10-04 14:30:00+00:00,7.93,7.98,7.91,7.9287,862493.0
2024-10-04 14:35:00+00:00,7.925,7.94,7.9,7.91,527844.0
2024-10-04 14:40:00+00:00,7.905,7.94,7.905,7.925,426981.0
2024-10-04 14:45:00+00:00,7.925,7.9499,7.9145,7.9497,266537.0
2024-10-04 14:50:00+00:00,7.9471,8.0,7.94,7.9902,404912.0
2024-10-04 14:55:00+00:00,7.995,8.05,7.99,8.045,314283.0
2024-10-04 15:00:00+00:00,8.045,8.06,8.03,8.045,856261.0
2024-10-04 15:05:00+00:00,8.05,8.08,8.04,8.065,715462.0
2024-10-04 15:10:00+00:00,8.07,8.07,8.0401,8.045,548439.0
2024-10-04 15:15:00+00:00,8.045,8.07,8.04,8.0449,487115.0
2024-10-04 15:20:00+00:00,8.045,8.05,8.0101,8.025,350784.0
2024-10-04 15:25:00+00:00,8.025,8.03,8.005,8.015,230525.0
2024-10-04 15:30:00+00:00,8.015,8.02,8.0,8.015,250253.0
2024-10-04 15:35:00+00:00,8.015,8.0287,8.0,8.01,292670.0
2024-10-04 15:40:00+00:00,8.0024,8.04,8.0,8.024,269848.0
2024-10-04 15:45:00+00:00,8.025,8.04,8.02,8.028,152562.0
2024-10-04 15:50:00+00:00,8.025,8.06,8.02,8.05,306592.0
2024-10-04 15:55:00+00:00,8.05,8.075,8.05,8.07,458141.0
2024-10-04 16:00:00+00:00,8.07,8.08,8.07,8.075,127606.0
2024-10-04 16:05:00+00:00,8.075,8.1,8.064,8.095,509319.0
2024-10-04 16:10:00+00:00,8.095,8.12,8.09,8.102,814441.0
2024-10-04 16:15:00+00:00,8.1001,8.15,8.1,8.14,590034.0
2024-10-04 16:20:00+00:00,8.14,8.18,8.14,8.156,787675.0
2024-10-04 16:25:00+00:00,8.155,8.18,8.15,8.175,608514.0
2024-10-04 16:30:00+00:00,8.17,8.2,8.165,8.185,629231.0
2024-10-04 16:35:00+00:00,8.185,8.23,8.185,8.215,686134.0
2024-10-04 16:40:00+00:00,8.2156,8.25,8.195,8.25,989378.0
2024-10-04 16:45:00+00:00,8.2487,8.27,8.235,8.265,913420.0
2024-10-04 16:50:00+00:00,8.265,8.29,8.25,8.28,806436.0
2024-10-04 16:55:00+00:00,8.28,8.32,8.2701,8.3,1419986.0
2024-10-04 17:00:00+00:00,8.3012,8.34,8.2943,8.33,1027384.0
2024-10-04 17:05:00+00:00,8.33,8.38,8.31,8.365,1347059.0
2024-10-04 17:10:00+00:00,8.365,8.38,8.3232,8.335,1196891.0
2024-10-04 17:15:00+00:00,8.3301,8.3379,8.265,8.275,1300397.0
2024-10-04 17:20:00+00:00,8.275,8.295,8.25,8.272,949148.0
2024-10-04 17:25:00+00:00,8.275,8.29,8.24,8.2442,765645.0
2024-10-04 17:30:00+00:00,8.24,8.26,8.225,8.226,555923.0
2024-10-04 17:35:00+00:00,8.225,8.25,8.22,8.24,743717.0
2024-10-04 17:40:00+00:00,8.245,8.2995,8.24,8.2913,831433.0
2024-10-04 17:45:00+00:00,8.295,8.33,8.28,8.325,578389.0
2024-10-04 17:50:00+00:00,8.325,8.33,8.305,8.3178,559683.0
2024-10-04 17:55:00+00:00,8.316,8.32,8.2936,8.295,350889.0
2024-10-04 18:00:00+00:00,8.295,8.32,8.285,8.2972,592846.0
2024-10-04 18:05:00+00:00,8.2901,8.2901,8.265,8.275,569975.0
2024-10-04 18:10:00+00:00,8.2788,8.28,8.25,8.265,629481.0
2024-10-04 18:15:00+00:00,8.2689,8.305,8.255,8.29,713767.0
2024-10-04 18:20:00+00:00,8.295,8.31,8.28,8.305,518079.0
2024-10-04 18:25:00+00:00,8.3005,8.33,8.29,8.295,700041.0
2024-10-04 18:30:00+00:00,8.295,8.31,8.285,8.3038,406964.0
2024-10-04 18:35:00+00:00,8.3008,8.31,8.285,8.2923,416986.0
2024-10-04 18:40:00+00:00,8.295,8.3,8.28,8.285,221187.0
2024-10-04 18:45:00+00:00,8.2899,8.31,8.28,8.2999,534495.0
2024-10-04 18:50:00+00:00,8.3,8.34,8.3,8.325,1148382.0
2024-10-04 18:55:00+00:00,8.324,8.33,8.3,8.3107,465125.0
2024-10-04 19:00:00+00:00,8.315,8.32,8.2936,8.295,582280.0
2024-10-04 19:05:00+00:00,8.295,8.3,8.28,8.2897,335839.0
2024-10-04 19:10:00+00:00,8.28,8.29,8.275,8.285,512064.0
2024-10-04 19:15:00+00:00,8.29,8.31,8.285,8.305,495970.0
2024-10-04 19:20:00+00:00,8.305,8.31,8.29,8.295,478793.0
2024-10-04 19:25:00+00:00,8.295,8.3056,8.285,8.295,814660.0
2024-10-04 19:30:00+00:00,8.297,8.3187,8.29,8.3125,852673.0
2024-10-04 19:35:00+00:00,8.315,8.33,8.3,8.3233,545325.0
2024-10-04 19:40:00+00:00,8.324,8.33,8.29,8.305,883638.0
2024-10-04 19:45:00+00:00,8.3,8.33,8.29,8.315,906078.0
2024-10-04 19:50:00+00:00,8.32,8.37,8.31,8.3654,2045915.0
2024-10-04 19:55:00+00:00,8.37,8.405,8.36,8.38,2466702.0
2024-10-04 20:00:00+00:00,8.39,8.4,8.34,8.35,2462287.0
2024-10-04 20:05:00+00:00,8.36,8.36,8.35,8.36,23394.0
2024-10-04 20:10:00+00:00,8.351,8.37,8.34,8.34,50987.0
2024-10-04 20:15:00+00:00,8.35,8.35,8.34,8.34,15012.0
2024-10-04 20:20:00+00:00,8.34,8.35,8.34,8.35,58640.0
2024-10-04 20:25:00+00:00,8.34,8.35,8.34,8.34,13680.0
2024-10-04 20:30:00+00:00,8.34,8.35,8.34,8.3499,29499.0
2024-10-04 20:35:00+00:00,8.35,8.35,8.33,8.34,24596.0
2024-10-04 20:40:00+00:00,8.34,8.34,8.33,8.33,2699.0
2024-10-04 20:45:00+00:00,8.33,8.34,8.33,8.3395,8912.0
2024-10-04 20:50:00+00:00,8.33,8.349,8.33,8.34,15554.0
2024-10-04 20:55:00+00:00,8.335,8.35,8.33,8.34,11571.0
2024-10-04 21:00:00+00:00,8.33,8.35,8.33,8.3301,6661.0
2024-10-04 21:05:00+00:00,8.33,8.349,8.33,8.3402,7583.0
2024-10-04 21:10:00+00:00,8.35,8.35,8.34,8.3499,4580.0
2024-10-04 21:15:00+00:00,8.34,8.35,8.34,8.34,6226.0
2024-10-04 21:20:00+00:00,8.34,8.37,8.34,8.37,36922.0
2024-10-04 21:25:00+00:00,8.36,8.36,8.35,8.3502,3882.0
2024-10-04 21:30:00+00:00,8.3599,8.36,8.35,8.36,4315.0
2024-10-04 21:35:00+00:00,8.3599,8.3599,8.35,8.35,274.0
2024-10-04 21:40:00+00:00,8.35,8.36,8.35,8.3599,2026.0
2024-10-04 21:45:00+00:00,8.35,8.3595,8.35,8.3595,2247.0
2024-10-04 21:50:00+00:00,8.35,8.36,8.35,8.3597,7126.0
2024-10-04 21:55:00+00:00,8.36,8.36,8.3598,8.36,12650.0
2024-10-04 22:00:00+00:00,8.35,8.36,8.35,8.35,2530.0
2024-10-04 22:05:00+00:00,8.3503,8.36,8.35,8.35,17117.0
2024-10-04 22:10:00+00:00,8.36,8.36,8.35,8.355,3477.0
2024-10-04 22:15:00+00:00,8.3599,8.36,8.35,8.36,2571.0
2024-10-04 22:20:00+00:00,8.355,8.36,8.35,8.3503,17781.0
2024-10-04 22:25:00+00:00,8.35,8.36,8.35,8.3597,5230.0
2024-10-04 22:30:00+00:00,8.36,8.36,8.35,8.3501,2293.0
2024-10-04 22:35:00+00:00,8.35,8.3501,8.35,8.3501,2785.0
2024-10-04 22:40:00+00:00,8.35,8.36,8.35,8.36,2503.0
2024-10-04 22:45:00+00:00,8.3595,8.36,8.35,8.36,7580.0
2024-10-04 22:50:00+00:00,8.35,8.36,8.35,8.35,2523.0
2024-10-04 22:55:00+00:00,8.35,8.36,8.34,8.34,6390.0
2024-10-04 23:00:00+00:00,8.34,8.35,8.34,8.35,731.0
2024-10-04 23:05:00+00:00,8.34,8.35,8.34,8.35,2205.0
2024-10-04 23:10:00+00:00,8.3498,8.35,8.34,8.34,2063.0
2024-10-04 23:15:00+00:00,8.3495,8.35,8.34,8.34,1847.0
2024-10-04 23:20:00+00:00,8.35,8.36,8.35,8.36,22764.0
2024-10-04 23:25:00+00:00,8.35,8.37,8.35,8.37,8737.0
2024-10-04 23:30:00+00:00,8.3601,8.37,8.36,8.36,1403.0
2024-10-04 23:35:00+00:00,8.36,8.37,8.36,8.37,1067.0
2024-10-04 23:40:00+00:00,8.36,8.36,8.35,8.35,7605.0
2024-10-04 23:45:00+00:00,8.35,8.36,8.35,8.35,8900.0
2024-10-04 23:50:00+00:00,8.35,8.36,8.35,8.3599,8172.0
2024-10-04 23:55:00+00:00,8.3501,8.36,8.35,8.36,15155.0
2024-10-07 08:00:00+00:00,8.39,8.45,8.36,8.38,9675.0
2024-10-07 08:05:00+00:00,8.37,8.37,8.36,8.37,4736.0
2024-10-07 08:10:00+00:00,8.36,8.36,8.35,8.35,4048.0
2024-10-07 08:15:00+00:00,8.35,8.35,8.35,8.35,100.0
2024-10-07 08:20:00+00:00,8.35,8.35,8.34,8.34,2100.0
2024-10-07 08:25:00+00:00,8.34,8.35,8.34,8.35,2702.0
2024-10-07 08:30:00+00:00,8.35,8.35,8.34,8.35,4181.0
2024-10-07 08:35:00+00:00,8.34,8.34,8.34,8.34,134.0
2024-10-07 08:40:00+00:00,8.35,8.35,8.34,8.35,1327.0
2024-10-07 08:45:00+00:00,8.33,8.34,8.33,8.33,941.0
2024-10-07 08:50:00+00:00,8.33,8.33,8.33,8.33,562.0
2024-10-07 08:55:00+00:00,8.33,8.33,8.32,8.32,11545.0
2024-10-07 09:00:00+00:00,8.32,8.32,8.31,8.32,12466.0
2024-10-07 09:05:00+00:00,8.31,8.33,8.31,8.33,16273.0
2024-10-07 09:10:00+00:00,8.33,8.33,8.31,8.31,4131.0
2024-10-07 09:15:00+00:00,8.31,8.31,8.31,8.31,400.0
2024-10-07 09:20:00+00:00,8.32,8.32,8.32,8.32,120.0
2024-10-07 09:25:00+00:00,8.32,8.32,8.31,8.31,6024.0
2024-10-07 09:30:00+00:00,8.3,8.3,8.3,8.3,600.0
2024-10-07 09:35:00+00:00,8.305,8.31,8.305,8.31,1464.0
2024-10-07 09:40:00+00:00,8.3,8.3,8.3,8.3,4200.0
2024-10-07 09:45:00+00:00,8.295,8.295,8.29,8.29,4761.0
2024-10-07 09:50:00+00:00,8.29,8.29,8.26,8.28,17581.0
2024-10-07 09:55:00+00:00,8.27,8.29,8.27,8.29,9044.0
2024-10-07 10:00:00+00:00,8.3,8.3,8.3,8.3,2572.0
2024-10-07 10:05:00+00:00,8.3,8.3,8.3,8.3,100.0
2024-10-07 10:10:00+00:00,8.3,8.3,8.29,8.3,561.0
2024-10-07 10:15:00+00:00,8.29,8.29,8.29,8.29,995.0
2024-10-07 10:20:00+00:00,8.295,8.3,8.295,8.295,2324.0
2024-10-07 10:25:00+00:00,8.29,8.295,8.29,8.295,300.0
2024-10-07 10:30:00+00:00,8.29,8.29,8.29,8.29,501.0
2024-10-07 10:40:00+00:00,8.3,8.3,8.295,8.3,2228.0
2024-10-07 10:45:00+00:00,8.3,8.3,8.3,8.3,562.0
2024-10-07 10:50:00+00:00,8.31,8.31,8.3,8.3,1177.0
2024-10-07 10:55:00+00:00,8.3,8.31,8.3,8.31,560.0
2024-10-07 11:00:00+00:00,8.31,8.33,8.3,8.33,25886.0
2024-10-07 11:05:00+00:00,8.33,8.35,8.33,8.33,11058.0
2024-10-07 11:10:00+00:00,8.33,8.35,8.33,8.34,17342.0
2024-10-07 11:15:00+00:00,8.31,8.32,8.31,8.32,3001.0
2024-10-07 11:20:00+00:00,8.31,8.31,8.31,8.31,2823.0
2024-10-07 11:25:00+00:00,8.31,8.31,8.31,8.31,2452.0
2024-10-07 11:30:00+00:00,8.31,8.32,8.31,8.31,2903.0
2024-10-07 11:35:00+00:00,8.31,8.31,8.31,8.31,6811.0
2024-10-07 11:40:00+00:00,8.31,8.33,8.31,8.33,10876.0
2024-10-07 11:45:00+00:00,8.34,8.34,8.34,8.34,1274.0
2024-10-07 11:50:00+00:00,8.34,8.34,8.34,8.34,1697.0
2024-10-07 11:55:00+00:00,8.34,8.349,8.34,8.349,1753.0
2024-10-07 12:00:00+00:00,8.31,8.48,8.3,8.34,127891.0
2024-10-07 12:05:00+00:00,8.35,8.35,8.34,8.35,11105.0
2024-10-07 12:10:00+00:00,8.35,8.35,8.3497,8.35,6873.0
2024-10-07 12:15:00+00:00,8.3501,8.38,8.3501,8.36,27363.0
2024-10-07 12:20:00+00:00,8.35,8.37,8.35,8.36,8847.0
2024-10-07 12:25:00+00:00,8.36,8.37,8.36,8.37,17852.0
2024-10-07 12:30:00+00:00,8.37,8.37,8.36,8.36,16554.0
2024-10-07 12:35:00+00:00,8.36,8.37,8.36,8.36,4812.0
2024-10-07 12:40:00+00:00,8.37,8.37,8.36,8.36,8398.0
2024-10-07 12:45:00+00:00,8.37,8.37,8.36,8.36,11978.0
2024-10-07 12:50:00+00:00,8.3501,8.3501,8.35,8.35,11446.0
2024-10-07 12:55:00+00:00,8.36,8.36,8.35,8.3503,2451.0
2024-10-07 13:00:00+00:00,8.35,8.35,8.3497,8.3497,3610.0
2024-10-07 13:05:00+00:00,8.35,8.36,8.3497,8.35,27945.0
2024-10-07 13:10:00+00:00,8.36,8.36,8.35,8.35,7039.0
2024-10-07 13:15:00+00:00,8.35,8.36,8.35,8.36,15028.0
2024-10-07 13:20:00+00:00,8.36,8.36,8.35,8.36,3977.0
2024-10-07 13:25:00+00:00,8.36,8.37,8.32,8.37,47542.0
2024-10-07 13:30:00+00:00,8.36,8.41,8.35,8.405,1095444.0
2024-10-07 13:35:00+00:00,8.4001,8.52,8.4,8.4801,1734286.0
2024-10-07 13:40:00+00:00,8.48,8.49,8.43,8.4679,1111002.0
2024-10-07 13:45:00+00:00,8.465,8.49,8.435,8.44,891274.0
2024-10-07 13:50:00+00:00,8.44,8.44,8.3305,8.335,813701.0
2024-10-07 13:55:00+00:00,8.3399,8.39,8.32,8.375,787510.0
2024-10-07 14:00:00+00:00,8.375,8.4,8.35,8.395,507148.0
2024-10-07 14:05:00+00:00,8.395,8.46,8.3908,8.452,802044.0
2024-10-07 14:10:00+00:00,8.4595,8.5,8.45,8.4962,628403.0
2024-10-07 14:15:00+00:00,8.495,8.5,8.4629,8.47,669031.0
2024-10-07 14:20:00+00:00,8.47,8.49,8.44,8.44,536126.0
2024-10-07 14:25:00+00:00,8.4402,8.4688,8.43,8.4688,547396.0
2024-10-07 14:30:00+00:00,8.46,8.46,8.4008,8.41,473175.0
2024-10-07 14:35:00+00:00,8.4001,8.44,8.4,8.41,403092.0
2024-10-07 14:40:00+00:00,8.405,8.44,8.4,8.4285,324557.0
2024-10-07 14:45:00+00:00,8.425,8.43,8.39,8.4003,352477.0
2024-10-07 14:50:00+00:00,8.4,8.41,8.36,8.365,455125.0
2024-10-07 14:55:00+00:00,8.366,8.37,8.335,8.3378,648307.0
2024-10-07 15:00:00+00:00,8.33,8.33,8.28,8.3199,925372.0
2024-10-07 15:05:00+00:00,8.31,8.34,8.31,8.315,578449.0
2024-10-07 15:10:00+00:00,8.3179,8.33,8.3,8.325,704013.0
2024-10-07 15:15:00+00:00,8.33,8.36,8.3201,8.35,367435.0
2024-10-07 15:20:00+00:00,8.3479,8.35,8.34,8.35,203533.0
2024-10-07 15:25:00+00:00,8.3499,8.36,8.345,8.355,308023.0
2024-10-07 15:30:00+00:00,8.355,8.36,8.31,8.325,697194.0
2024-10-07 15:35:00+00:00,8.325,8.33,8.3,8.3099,325951.0
2024-10-07 15:40:00+00:00,8.3079,8.32,8.3,8.315,382255.0
2024-10-07 15:45:00+00:00,8.315,8.32,8.28,8.284,464068.0
2024-10-07 15:50:00+00:00,8.285,8.3,8.284,8.285,209047.0
2024-10-07 15:55:00+00:00,8.285,8.29,8.28,8.28,148290.0
2024-10-07 16:00:00+00:00,8.285,8.29,8.28,8.285,187193.0
2024-10-07 16:05:00+00:00,8.2805,8.31,8.28,8.305,269906.0
2024-10-07 16:10:00+00:00,8.3099,8.31,8.2801,8.306,366047.0
2024-10-07 16:15:00+00:00,8.305,8.33,8.3,8.32,367610.0
2024-10-07 16:20:00+00:00,8.315,8.34,8.3117,8.3301,236470.0
2024-10-07 16:25:00+00:00,8.335,8.34,8.33,8.3326,136009.0
2024-10-07 16:30:00+00:00,8.34,8.36,8.33,8.3555,269502.0
2024-10-07 16:35:00+00:00,8.355,8.36,8.34,8.34,146413.0
2024-10-07 16:40:00+00:00,8.3443,8.35,8.31,8.3199,450198.0
2024-10-07 16:45:00+00:00,8.32,8.3291,8.31,8.3214,347042.0
2024-10-07 16:50:00+00:00,8.325,8.3399,8.31,8.32,526232.0
2024-10-07 16:55:00+00:00,8.325,8.33,8.31,8.325,276214.0
2024-10-07 17:00:00+00:00,8.3299,8.33,8.31,8.31,195816.0
2024-10-07 17:05:00+00:00,8.315,8.36,8.31,8.36,712851.0
2024-10-07 17:10:00+00:00,8.355,8.3589,8.34,8.3499,400582.0
2024-10-07 17:15:00+00:00,8.345,8.36,8.33,8.3442,566676.0
2024-10-07 17:20:00+00:00,8.34,8.35,8.315,8.3201,469781.0
2024-10-07 17:25:00+00:00,8.3285,8.34,8.32,8.32,314235.0
2024-10-07 17:30:00+00:00,8.32,8.32,8.31,8.31,144446.0
2024-10-07 17:35:00+00:00,8.315,8.33,8.31,8.33,219619.0
2024-10-07 17:40:00+00:00,8.325,8.34,8.32,8.3342,203613.0
2024-10-07 17:45:00+00:00,8.335,8.34,8.31,8.32,443976.0
2024-10-07 17:50:00+00:00,8.315,8.32,8.28,8.285,441779.0
2024-10-07 17:55:00+00:00,8.2899,8.295,8.28,8.295,210699.0
2024-10-07 18:00:00+00:00,8.295,8.3,8.2412,8.2469,930946.0
2024-10-07 18:05:00+00:00,8.2402,8.25,8.24,8.2486,202562.0
2024-10-07 18:10:00+00:00,8.2499,8.25,8.24,8.244,226110.0
2024-10-07 18:15:00+00:00,8.25,8.25,8.24,8.24,152872.0
2024-10-07 18:20:00+00:00,8.245,8.26,8.24,8.252,350388.0
2024-10-07 18:25:00+00:00,8.2507,8.27,8.25,8.255,277429.0
2024-10-07 18:30:00+00:00,8.255,8.26,8.1901,8.25,1075104.0
2024-10-07 18:35:00+00:00,8.25,8.2501,8.21,8.215,509018.0
2024-10-07 18:40:00+00:00,8.2125,8.24,8.2125,8.23,315939.0
2024-10-07 18:45:00+00:00,8.22,8.23,8.17,8.18,809854.0
2024-10-07 18:50:00+00:00,8.18,8.19,8.16,8.1664,772157.0
2024-10-07 18:55:00+00:00,8.1685,8.19,8.16,8.16,401773.0
2024-10-07 19:00:00+00:00,8.165,8.19,8.16,8.185,308181.0
2024-10-07 19:05:00+00:00,8.186,8.22,8.18,8.2188,395292.0
2024-10-07 19:10:00+00:00,8.22,8.24,8.195,8.2388,461727.0
2024-10-07 19:15:00+00:00,8.235,8.24,8.22,8.225,256417.0
2024-10-07 19:20:00+00:00,8.225,8.26,8.2201,8.2499,458289.0
2024-10-07 19:25:00+00:00,8.25,8.26,8.24,8.2417,182470.0
2024-10-07 19:30:00+00:00,8.25,8.26,8.24,8.245,308515.0
2024-10-07 19:35:00+00:00,8.245,8.26,8.23,8.254,344505.0
2024-10-07 19:40:00+00:00,8.255,8.265,8.25,8.255,351780.0
2024-10-07 19:45:00+00:00,8.255,8.26,8.24,8.2599,300208.0
2024-10-07 19:50:00+00:00,8.255,8.3,8.255,8.285,1193845.0
2024-10-07 19:55:00+00:00,8.285,8.29,8.26,8.27,1384656.0
2024-10-07 20:00:00+00:00,8.27,8.2899,8.27,8.2801,1561948.0
2024-10-07 20:05:00+00:00,8.29,8.29,8.2801,8.29,11457.0
2024-10-07 20:10:00+00:00,8.2895,8.29,8.2705,8.28,5856.0
2024-10-07 20:15:00+00:00,8.28,8.28,8.27,8.28,1640.0
2024-10-07 20:20:00+00:00,8.2701,8.28,8.27,8.28,1902.0
2024-10-07 20:25:00+00:00,8.27,8.2897,8.27,8.28,19517.0
2024-10-07 20:30:00+00:00,8.2801,8.29,8.2801,8.29,3235.0
2024-10-07 20:35:00+00:00,8.28,8.28,8.28,8.28,2240.0
2024-10-07 20:40:00+00:00,8.275,8.29,8.275,8.29,20817.0
2024-10-07 20:45:00+00:00,8.29,8.29,8.28,8.2897,5758.0
2024-10-07 20:50:00+00:00,8.285,8.33,8.285,8.32,76338.0
2024-10-07 20:55:00+00:00,8.31,8.31,8.3,8.3099,11882.0
2024-10-07 21:00:00+00:00,8.3,8.3,8.29,8.2901,7162.0
2024-10-07 21:05:00+00:00,8.2901,8.3,8.2901,8.2901,915.0
2024-10-07 21:10:00+00:00,8.3,8.3,8.29,8.29,840.0
2024-10-07 21:15:00+00:00,8.29,8.29,8.28,8.29,11657.0
2024-10-07 21:20:00+00:00,8.29,8.29,8.29,8.29,524.0
2024-10-07 21:25:00+00:00,8.2898,8.2898,8.2898,8.2898,116.0
2024-10-07 21:30:00+00:00,8.28,8.29,8.28,8.2895,1430.0
2024-10-07 21:35:00+00:00,8.29,8.29,8.28,8.28,5273.0
2024-10-07 21:40:00+00:00,8.29,8.29,8.29,8.29,920.0
2024-10-07 21:45:00+00:00,8.2899,8.29,8.2895,8.2899,4630.0
2024-10-07 21:50:00+00:00,8.28,8.28,8.28,8.28,348.0
2024-10-07 21:55:00+00:00,8.28,8.2802,8.28,8.2801,1375.0
2024-10-07 22:00:00+00:00,8.29,8.29,8.285,8.29,12692.0
2024-10-07 22:05:00+00:00,8.29,8.29,8.2897,8.29,5692.0
2024-10-07 22:10:00+00:00,8.29,8.31,8.29,8.31,10874.0
2024-10-07 22:15:00+00:00,8.3,8.3,8.295,8.2995,2403.0
2024-10-07 22:20:00+00:00,8.2905,8.3,8.2905,8.2995,2615.0
2024-10-07 22:25:00+00:00,8.3,8.3094,8.2995,8.2995,10190.0
2024-10-07 22:30:00+00:00,8.3,8.31,8.28,8.28,33226.0
2024-10-07 22:35:00+00:00,8.28,8.2805,8.28,8.2805,3707.0
2024-10-07 22:40:00+00:00,8.285,8.29,8.28,8.29,1573.0
2024-10-07 22:45:00+00:00,8.28,8.29,8.28,8.28,6566.0
2024-10-07 22:50:00+00:00,8.2899,8.2899,8.28,8.28,4975.0
2024-10-07 22:55:00+00:00,8.28,8.29,8.27,8.2705,12270.0
2024-10-07 23:00:00+00:00,8.28,8.28,8.27,8.2705,3576.0
2024-10-07 23:05:00+00:00,8.28,8.28,8.27,8.28,10438.0
2024-10-07 23:10:00+00:00,8.2799,8.2799,8.2799,8.2799,106.0
2024-10-07 23:15:00+00:00,8.2799,8.28,8.2799,8.28,5359.0
2024-10-07 23:20:00+00:00,8.275,8.28,8.2602,8.2602,9383.0
2024-10-07 23:25:00+00:00,8.261,8.2799,8.261,8.2799,2949.0
2024-10-07 23:30:00+00:00,8.275,8.275,8.2602,8.2602,2964.0
2024-10-07 23:35:00+00:00,8.26,8.2699,8.26,8.2699,1080.0
2024-10-07 23:40:00+00:00,8.2698,8.28,8.2698,8.28,2794.0
2024-10-07 23:50:00+00:00,8.275,8.28,8.27,8.27,16763.0
2024-10-07 23:55:00+00:00,8.27,8.27,8.24,8.26,5897.0
2024-10-08 08:00:00+00:00,8.26,8.26,8.25,8.25,1293.0
2024-10-08 08:05:00+00:00,8.25,8.25,8.24,8.24,2974.0
2024-10-08 08:10:00+00:00,8.25,8.25,8.24,8.24,693.0
2024-10-08 08:15:00+00:00,8.25,8.25,8.25,8.25,4751.0
2024-10-08 08:20:00+00:00,8.26,8.26,8.26,8.26,3357.0
2024-10-08 08:25:00+00:00,8.27,8.27,8.27,8.27,1513.0
2024-10-08 08:30:00+00:00,8.27,8.27,8.27,8.27,2148.0
2024-10-08 08:35:00+00:00,8.27,8.27,8.26,8.26,2501.0
2024-10-08 08:40:00+00:00,8.26,8.26,8.26,8.26,3700.0
2024-10-08 08:50:00+00:00,8.26,8.26,8.26,8.26,1000.0
2024-10-08 08:55:00+00:00,8.26,8.26,8.26,8.26,5092.0
2024-10-08 09:00:00+00:00,8.27,8.28,8.27,8.28,2958.0
2024-10-08 09:05:00+00:00,8.28,8.29,8.28,8.29,320.0
2024-10-08 09:10:00+00:00,8.29,8.29,8.28,8.28,2372.0
2024-10-08 09:15:00+00:00,8.29,8.29,8.29,8.29,738.0
2024-10-08 09:20:00+00:00,8.29,8.31,8.29,8.31,3098.0
2024-10-08 09:25:00+00:00,8.3,8.3,8.3,8.3,962.0
2024-10-08 09:30:00+00:00,8.3,8.3,8.3,8.3,2390.0
2024-10-08 09:35:00+00:00,8.3,8.3,8.3,8.3,205.0
2024-10-08 09:40:00+00:00,8.3,8.3,8.3,8.3,2090.0
2024-10-08 09:45:00+00:00,8.3,8.3,8.3,8.3,3320.0
2024-10-08 09:50:00+00:00,8.29,8.29,8.29,8.29,500.0
2024-10-08 10:00:00+00:00,8.29,8.29,8.29,8.29,146.0
2024-10-08 10:05:00+00:00,8.3,8.31,8.3,8.31,1678.0
2024-10-08 10:10:00+00:00,8.3,8.3,8.3,8.3,959.0
2024-10-08 10:15:00+00:00,8.31,8.31,8.3,8.3,1346.0
2024-10-08 10:20:00+00:00,8.31,8.31,8.3,8.3,5573.0
2024-10-08 10:25:00+00:00,8.3,8.3,8.3,8.3,900.0
2024-10-08 10:30:00+00:00,8.3,8.3,8.3,8.3,1045.0
2024-10-08 10:35:00+00:00,8.3,8.3,8.3,8.3,500.0
2024-10-08 10:40:00+00:00,8.3,8.3,8.3,8.3,1693.0
2024-10-08 10:50:00+00:00,8.29,8.29,8.27,8.29,4881.0
2024-10-08 10:55:00+00:00,8.29,8.29,8.29,8.29,952.0
2024-10-08 11:00:00+00:00,8.3,8.3,8.29,8.29,3155.0
2024-10-08 11:05:00+00:00,8.29,8.29,8.28,8.29,30611.0
2024-10-08 11:10:00+00:00,8.28,8.31,8.28,8.3,20033.0
2024-10-08 11:15:00+00:00,8.3,8.3,8.3,8.3,1586.0
2024-10-08 11:20:00+00:00,8.301,8.31,8.3,8.3,624.0
2024-10-08 11:25:00+00:00,8.31,8.31,8.31,8.31,1229.0
2024-10-08 11:30:00+00:00,8.31,8.31,8.31,8.31,1200.0
2024-10-08 11:35:00+00:00,8.3,8.3,8.3,8.3,1211.0
2024-10-08 11:40:00+00:00,8.3,8.33,8.3,8.32,7774.0
2024-10-08 11:45:00+00:00,8.32,8.32,8.32,8.32,1600.0
2024-10-08 11:50:00+00:00,8.31,8.32,8.31,8.32,10422.0
2024-10-08 11:55:00+00:00,8.32,8.32,8.31,8.31,8247.0
2024-10-08 12:00:00+00:00,8.29,8.33,8.24,8.31,72497.0
2024-10-08 12:05:00+00:00,8.3,8.31,8.3,8.3,6601.0
2024-10-08 12:15:00+00:00,8.31,8.31,8.3,8.31,14213.0
2024-10-08 12:20:00+00:00,8.31,8.31,8.3095,8.31,12302.0
2024-10-08 12:25:00+00:00,8.32,8.33,8.31,8.33,7970.0
2024-10-08 12:30:00+00:00,8.3297,8.33,8.32,8.32,13267.0
2024-10-08 12:35:00+00:00,8.33,8.33,8.32,8.33,2856.0
2024-10-08 12:40:00+00:00,8.33,8.33,8.31,8.3103,20526.0
2024-10-08 12:45:00+00:00,8.3102,8.32,8.3101,8.3199,8382.0
2024-10-08 12:50:00+00:00,8.31,8.32,8.31,8.32,4766.0
2024-10-08 12:55:00+00:00,8.32,8.33,8.31,8.32,25523.0
2024-10-08 13:00:00+00:00,8.3197,8.32,8.31,8.32,7613.0
2024-10-08 13:05:00+00:00,8.32,8.32,8.31,8.3195,11686.0
2024-10-08 13:10:00+00:00,8.31,8.32,8.31,8.32,5257.0
2024-10-08 13:15:00+00:00,8.31,8.32,8.31,8.32,9926.0
2024-10-08 13:20:00+00:00,8.33,8.34,8.3299,8.33,27421.0
2024-10-08 13:25:00+00:00,8.34,8.34,8.32,8.32,32473.0
2024-10-08 13:30:00+00:00,8.32,8.3799,8.3,8.3536,740388.0
2024-10-08 13:35:00+00:00,8.3551,8.4,8.34,8.355,690024.0
2024-10-08 13:40:00+00:00,8.3555,8.3596,8.31,8.325,301812.0
2024-10-08 13:45:00+00:00,8.325,8.33,8.255,8.275,457920.0
2024-10-08 13:50:00+00:00,8.28,8.32,8.2612,8.315,615547.0
2024-10-08 13:55:00+00:00,8.32,8.35,8.31,8.345,274585.0
2024-10-08 14:00:00+00:00,8.345,8.42,8.345,8.4,892590.0
2024-10-08 14:05:00+00:00,8.4097,8.41,8.3607,8.375,654224.0
2024-10-08 14:10:00+00:00,8.3799,8.38,8.3,8.305,433701.0
2024-10-08 14:15:00+00:00,8.305,8.32,8.29,8.29,434843.0
2024-10-08 14:20:00+00:00,8.295,8.295,8.26,8.265,324585.0
2024-10-08 14:25:00+00:00,8.2697,8.325,8.26,8.3088,678026.0
2024-10-08 14:30:00+00:00,8.305,8.3277,8.3,8.31,537595.0
2024-10-08 14:35:00+00:00,8.305,8.32,8.3001,8.31,514819.0
2024-10-08 14:40:00+00:00,8.315,8.42,8.315,8.4021,1290169.0
2024-10-08 14:45:00+00:00,8.405,8.42,8.37,8.375,623208.0
2024-10-08 14:50:00+00:00,8.3753,8.39,8.33,8.39,905066.0
2024-10-08 14:55:00+00:00,8.389,8.45,8.38,8.4204,1871872.0
2024-10-08 15:00:00+00:00,8.425,8.46,8.42,8.45,868828.0
2024-10-08 15:05:00+00:00,8.4571,8.46,8.43,8.445,842250.0
2024-10-08 15:10:00+00:00,8.4405,8.5,8.43,8.4922,864249.0
2024-10-08 15:15:00+00:00,8.4999,8.5,8.47,8.475,899627.0
2024-10-08 15:20:00+00:00,8.47,8.54,8.47,8.51,1265123.0
2024-10-08 15:25:00+00:00,8.515,8.56,8.49,8.55,817295.0
2024-10-08 15:30:00+00:00,8.5501,8.58,8.55,8.56,750687.0
2024-10-08 15:35:00+00:00,8.565,8.6,8.56,8.58,765514.0
2024-10-08 15:40:00+00:00,8.575,8.58,8.53,8.534,502420.0
2024-10-08 15:45:00+00:00,8.535,8.54,8.484,8.505,955937.0
2024-10-08 15:50:00+00:00,8.5097,8.52,8.465,8.5,679246.0
2024-10-08 15:55:00+00:00,8.5099,8.5099,8.475,8.4999,344708.0
2024-10-08 16:00:00+00:00,8.5,8.51,8.48,8.485,334470.0
2024-10-08 16:05:00+00:00,8.4813,8.49,8.45,8.45,708288.0
2024-10-08 16:10:00+00:00,8.45,8.46,8.44,8.455,332588.0
2024-10-08 16:15:00+00:00,8.455,8.46,8.44,8.45,426997.0
2024-10-08 16:20:00+00:00,8.45,8.46,8.43,8.435,877572.0
2024-10-08 16:25:00+00:00,8.4391,8.45,8.415,8.4229,463592.0
2024-10-08 16:30:00+00:00,8.4299,8.44,8.41,8.435,423514.0
2024-10-08 16:35:00+00:00,8.438,8.45,8.425,8.425,386882.0
2024-10-08 16:40:00+00:00,8.425,8.44,8.42,8.4287,249502.0
2024-10-08 16:45:00+00:00,8.425,8.44,8.41,8.425,524748.0
2024-10-08 16:50:00+00:00,8.425,8.43,8.42,8.425,152859.0
2024-10-08 16:55:00+00:00,8.4283,8.44,8.42,8.42,225255.0
2024-10-08 17:00:00+00:00,8.4278,8.44,8.3536,8.3536,717493.0
2024-10-08 17:05:00+00:00,8.3553,8.39,8.33,8.3571,879631.0
2024-10-08 17:10:00+00:00,8.35,8.37,8.35,8.3647,241561.0
2024-10-08 17:15:00+00:00,8.3689,8.3689,8.335,8.35,482746.0
2024-10-08 17:20:00+00:00,8.36,8.38,8.35,8.3782,342629.0
2024-10-08 17:25:00+00:00,8.375,8.39,8.37,8.3772,224265.0
2024-10-08 17:30:00+00:00,8.3744,8.38,8.37,8.3759,234858.0
2024-10-08 17:35:00+00:00,8.3759,8.38,8.35,8.365,308963.0
2024-10-08 17:40:00+00:00,8.365,8.38,8.36,8.375,228400.0
2024-10-08 17:45:00+00:00,8.37,8.38,8.36,8.365,158944.0
2024-10-08 17:50:00+00:00,8.365,8.37,8.36,8.3604,97283.0
2024-10-08 17:55:00+00:00,8.365,8.4,8.3601,8.39,277153.0
2024-10-08 18:00:00+00:00,8.39,8.3999,8.38,8.395,314567.0
2024-10-08 18:05:00+00:00,8.3901,8.41,8.39,8.405,367823.0
2024-10-08 18:10:00+00:00,8.4099,8.41,8.4,8.405,83893.0
2024-10-08 18:15:00+00:00,8.4001,8.43,8.4001,8.43,448397.0
2024-10-08 18:20:00+00:00,8.426,8.43,8.405,8.425,193601.0
2024-10-08 18:25:00+00:00,8.425,8.43,8.405,8.425,233025.0
2024-10-08 18:30:00+00:00,8.425,8.43,8.39,8.3992,317870.0
2024-10-08 18:35:00+00:00,8.3903,8.4091,8.39,8.395,138497.0
2024-10-08 18:40:00+00:00,8.3901,8.41,8.3834,8.4081,171471.0
2024-10-08 18:45:00+00:00,8.405,8.42,8.4,8.41,140575.0
2024-10-08 18:50:00+00:00,8.416,8.42,8.41,8.42,55496.0
2024-10-08 18:55:00+00:00,8.415,8.43,8.41,8.41,125411.0
2024-10-08 19:00:00+00:00,8.41,8.44,8.39,8.435,310483.0
2024-10-08 19:05:00+00:00,8.43,8.44,8.405,8.42,191185.0
2024-10-08 19:10:00+00:00,8.4196,8.42,8.41,8.4101,182054.0
2024-10-08 19:15:00+00:00,8.415,8.43,8.4,8.42,228867.0
2024-10-08 19:20:00+00:00,8.42,8.43,8.41,8.41,320254.0
2024-10-08 19:25:00+00:00,8.41,8.42,8.41,8.415,101352.0
2024-10-08 19:30:00+00:00,8.415,8.43,8.41,8.415,288513.0
2024-10-08 19:35:00+00:00,8.415,8.43,8.41,8.42,340589.0
2024-10-08 19:40:00+00:00,8.4247,8.44,8.41,8.41,694523.0
2024-10-08 19:45:00+00:00,8.41,8.42,8.385,8.4,425093.0
2024-10-08 19:50:00+00:00,8.395,8.43,8.385,8.415,837824.0
2024-10-08 19:55:00+00:00,8.415,8.42,8.39,8.41,1286471.0
2024-10-08 20:00:00+00:00,8.41,8.42,8.4,8.41,897767.0
2024-10-08 20:05:00+00:00,8.4001,8.41,8.39,8.41,86902.0
2024-10-08 20:10:00+00:00,8.41,8.41,8.4,8.4,2728.0
2024-10-08 20:15:00+00:00,8.41,8.41,8.4,8.41,4945.0
2024-10-08 20:20:00+00:00,8.4,8.4099,8.4,8.405,8352.0
2024-10-08 20:25:00+00:00,8.4,8.41,8.4,8.4097,12108.0
2024-10-08 20:30:00+00:00,8.4,8.4005,8.4,8.4005,3498.0
2024-10-08 20:35:00+00:00,8.405,8.41,8.4,8.4,12697.0
2024-10-08 20:40:00+00:00,8.4005,8.4095,8.4,8.4,3678.0
2024-10-08 20:45:00+00:00,8.405,8.41,8.4,8.4002,1593.0
2024-10-08 20:50:00+00:00,8.4005,8.4005,8.4,8.4005,1445.0
2024-10-08 20:55:00+00:00,8.41,8.41,8.41,8.41,310.0
2024-10-08 21:00:00+00:00,8.405,8.41,8.4,8.41,1770.0
2024-10-08 21:05:00+00:00,8.41,8.42,8.41,8.41,19356.0
2024-10-08 21:10:00+00:00,8.41,8.4197,8.41,8.4197,4060.0
2024-10-08 21:15:00+00:00,8.41,8.42,8.41,8.42,3390.0
2024-10-08 21:25:00+00:00,8.41,8.43,8.41,8.43,12211.0
2024-10-08 21:35:00+00:00,8.42,8.43,8.42,8.42,570.0
2024-10-08 21:40:00+00:00,8.42,8.43,8.42,8.43,1067.0
2024-10-08 21:45:00+00:00,8.4205,8.43,8.42,8.43,853.0
2024-10-08 21:50:00+00:00,8.43,8.43,8.43,8.43,248.0
2024-10-08 21:55:00+00:00,8.42,8.42,8.42,8.42,1144.0
2024-10-08 22:00:00+00:00,8.42,8.43,8.42,8.43,1779.0
2024-10-08 22:05:00+00:00,8.42,8.43,8.42,8.43,1161.0
2024-10-08 22:10:00+00:00,8.43,8.43,8.4295,8.43,2125.0
2024-10-08 22:15:00+00:00,8.42,8.42,8.42,8.42,4845.0
2024-10-08 22:20:00+00:00,8.41,8.41,8.41,8.41,101.0
2024-10-08 22:30:00+00:00,8.4195,8.42,8.41,8.41,6389.0
2024-10-08 22:35:00+00:00,8.42,8.42,8.4105,8.42,2004.0
2024-10-08 22:40:00+00:00,8.42,8.42,8.42,8.42,102.0
2024-10-08 22:45:00+00:00,8.42,8.42,8.42,8.42,304.0
2024-10-08 22:50:00+00:00,8.42,8.42,8.4103,8.4103,237.0
2024-10-08 22:55:00+00:00,8.42,8.42,8.41,8.41,1814.0
2024-10-08 23:05:00+00:00,8.42,8.42,8.42,8.42,839.0
2024-10-08 23:10:00+00:00,8.42,8.42,8.42,8.42,710.0
2024-10-08 23:15:00+00:00,8.4103,8.4103,8.4103,8.4103,188.0
2024-10-08 23:20:00+00:00,8.4103,8.42,8.4103,8.42,376.0
2024-10-08 23:25:00+00:00,8.42,8.42,8.41,8.42,901.0
2024-10-08 23:30:00+00:00,8.42,8.42,8.41,8.41,1100.0
2024-10-08 23:40:00+00:00,8.42,8.42,8.42,8.42,2072.0
2024-10-08 23:45:00+00:00,8.41,8.42,8.41,8.42,390.0
2024-10-08 23:50:00+00:00,8.42,8.42,8.41,8.42,2311.0
2024-10-08 23:55:00+00:00,8.42,8.42,8.41,8.42,1766.0
2024-10-09 08:00:00+00:00,8.41,8.41,8.38,8.38,10874.0
2024-10-09 08:05:00+00:00,8.37,8.37,8.37,8.37,936.0
2024-10-09 08:10:00+00:00,8.38,8.38,8.38,8.38,210.0
2024-10-09 08:15:00+00:00,8.38,8.38,8.37,8.37,654.0
2024-10-09 08:20:00+00:00,8.37,8.37,8.37,8.37,100.0
2024-10-09 08:25:00+00:00,8.37,8.38,8.37,8.38,7318.0
2024-10-09 08:30:00+00:00,8.38,8.38,8.38,8.38,2470.0
2024-10-09 08:35:00+00:00,8.39,8.39,8.39,8.39,240.0
2024-10-09 08:40:00+00:00,8.38,8.39,8.38,8.39,1270.0
2024-10-09 08:50:00+00:00,8.38,8.38,8.38,8.38,3850.0
2024-10-09 09:00:00+00:00,8.39,8.4,8.39,8.4,3612.0
2024-10-09 09:05:00+00:00,8.4,8.4,8.39,8.39,2160.0
2024-10-09 09:10:00+00:00,8.4,8.4,8.4,8.4,300.0
2024-10-09 09:20:00+00:00,8.4,8.4,8.39,8.39,1958.0
2024-10-09 09:25:00+00:00,8.4,8.4,8.39,8.4,1498.0
2024-10-09 09:40:00+00:00,8.39,8.39,8.39,8.39,3247.0
2024-10-09 09:55:00+00:00,8.4,8.4,8.4,8.4,2600.0
2024-10-09 10:00:00+00:00,8.4,8.4,8.4,8.4,100.0
2024-10-09 10:15:00+00:00,8.39,8.4,8.39,8.4,3298.0
2024-10-09 10:20:00+00:00,8.39,8.4,8.39,8.4,5009.0
2024-10-09 10:25:00+00:00,8.395,8.4,8.395,8.4,600.0
2024-10-09 10:30:00+00:00,8.4,8.4,8.4,8.4,3378.0
2024-10-09 10:35:00+00:00,8.4,8.4,8.4,8.4,139.0
2024-10-09 10:40:00+00:00,8.41,8.41,8.41,8.41,882.0
2024-10-09 10:45:00+00:00,8.4,8.4,8.4,8.4,3229.0
2024-10-09 10:50:00+00:00,8.41,8.41,8.41,8.41,5358.0
2024-10-09 10:55:00+00:00,8.41,8.41,8.41,8.41,813.0
2024-10-09 11:00:00+00:00,8.4,8.43,8.4,8.43,2318.0
2024-10-09 11:10:00+00:00,8.43,8.43,8.42,8.42,601.0
2024-10-09 11:15:00+00:00,8.43,8.43,8.42,8.42,3107.0
2024-10-09 11:20:00+00:00,8.43,8.43,8.43,8.43,2044.0
2024-10-09 11:25:00+00:00,8.43,8.44,8.421,8.43,11678.0
2024-10-09 11:35:00+00:00,8.43,8.43,8.42,8.42,5974.0
2024-10-09 11:45:00+00:00,8.42,8.42,8.42,8.42,1338.0
2024-10-09 11:50:00+00:00,8.42,8.42,8.42,8.42,231.0
2024-10-09 11:55:00+00:00,8.42,8.42,8.42,8.42,300.0
2024-10-09 12:00:00+00:00,8.43,8.4395,8.32,8.42,62094.0
2024-10-09 12:05:00+00:00,8.42,8.42,8.41,8.42,4593.0
2024-10-09 12:10:00+00:00,8.42,8.42,8.41,8.4198,1997.0
2024-10-09 12:15:00+00:00,8.41,8.42,8.4,8.41,11415.0
2024-10-09 12:20:00+00:00,8.41,8.44,8.41,8.43,27950.0
2024-10-09 12:25:00+00:00,8.4301,8.45,8.4301,8.45,11580.0
2024-10-09 12:30:00+00:00,8.45,8.45,8.4401,8.45,10653.0
2024-10-09 12:35:00+00:00,8.4499,8.46,8.4499,8.45,14404.0
2024-10-09 12:40:00+00:00,8.4597,8.46,8.44,8.45,13057.0
2024-10-09 12:45:00+00:00,8.44,8.44,8.42,8.43,27537.0
2024-10-09 12:50:00+00:00,8.43,8.44,8.43,8.43,14005.0
2024-10-09 12:55:00+00:00,8.43,8.435,8.41,8.41,28034.0
2024-10-09 13:00:00+00:00,8.42,8.46,8.42,8.46,25856.0
2024-10-09 13:05:00+00:00,8.4597,8.4697,8.4501,8.46,11683.0
2024-10-09 13:10:00+00:00,8.47,8.47,8.45,8.46,17687.0
2024-10-09 13:15:00+00:00,8.4597,8.47,8.45,8.4698,10862.0
2024-10-09 13:20:00+00:00,8.46,8.46,8.44,8.44,18315.0
2024-10-09 13:25:00+00:00,8.44,8.44,8.39,8.4,22004.0
2024-10-09 13:30:00+00:00,8.43,8.44,8.34,8.345,875857.0
2024-10-09 13:35:00+00:00,8.345,8.36,8.3,8.35,801606.0
2024-10-09 13:40:00+00:00,8.35,8.42,8.34,8.415,838917.0
2024-10-09 13:45:00+00:00,8.415,8.46,8.405,8.45,663067.0
2024-10-09 13:50:00+00:00,8.4495,8.485,8.425,8.485,388270.0
2024-10-09 13:55:00+00:00,8.49,8.55,8.48,8.525,908655.0
2024-10-09 14:00:00+00:00,8.5201,8.56,8.5,8.535,585414.0
2024-10-09 14:05:00+00:00,8.53,8.575,8.5,8.57,444683.0
2024-10-09 14:10:00+00:00,8.5699,8.59,8.5609,8.5785,624232.0
2024-10-09 14:15:00+00:00,8.5708,8.61,8.57,8.605,945318.0
2024-10-09 14:20:00+00:00,8.605,8.61,8.55,8.5697,905316.0
2024-10-09 14:25:00+00:00,8.565,8.58,8.54,8.545,425335.0
2024-10-09 14:30:00+00:00,8.54,8.565,8.51,8.5119,473387.0
2024-10-09 14:35:00+00:00,8.516,8.516,8.4701,8.4895,465378.0
2024-10-09 14:40:00+00:00,8.48,8.49,8.45,8.458,667011.0
2024-10-09 14:45:00+00:00,8.455,8.5,8.45,8.4991,564340.0
2024-10-09 14:50:00+00:00,8.4979,8.5288,8.495,8.52,443653.0
2024-10-09 14:55:00+00:00,8.5222,8.5598,8.5222,8.5525,380733.0
2024-10-09 15:00:00+00:00,8.555,8.57,8.53,8.54,290319.0
2024-10-09 15:05:00+00:00,8.5301,8.56,8.5301,8.555,326715.0
2024-10-09 15:10:00+00:00,8.5594,8.57,8.55,8.5501,307929.0
2024-10-09 15:15:00+00:00,8.56,8.58,8.55,8.58,335627.0
2024-10-09 15:20:00+00:00,8.575,8.59,8.5601,8.5762,429045.0
2024-10-09 15:25:00+00:00,8.575,8.59,8.56,8.5663,418203.0
2024-10-09 15:30:00+00:00,8.57,8.6,8.57,8.593,244408.0
2024-10-09 15:35:00+00:00,8.6,8.6,8.565,8.58,459442.0
2024-10-09 15:40:00+00:00,8.58,8.59,8.56,8.5699,409063.0
2024-10-09 15:45:00+00:00,8.5654,8.58,8.55,8.55,502120.0
2024-10-09 15:50:00+00:00,8.5547,8.57,8.545,8.545,292827.0
2024-10-09 15:55:00+00:00,8.545,8.555,8.54,8.5499,236657.0
2024-10-09 16:00:00+00:00,8.55,8.55,8.5122,8.5138,414792.0
2024-10-09 16:05:00+00:00,8.5189,8.5189,8.49,8.4999,425764.0
2024-10-09 16:10:00+00:00,8.5,8.54,8.5,8.539,583226.0
2024-10-09 16:15:00+00:00,8.53,8.54,8.52,8.525,312282.0
2024-10-09 16:20:00+00:00,8.52,8.54,8.51,8.53,292669.0
2024-10-09 16:25:00+00:00,8.5387,8.57,8.53,8.565,254612.0
2024-10-09 16:30:00+00:00,8.57,8.57,8.54,8.545,376297.0
2024-10-09 16:35:00+00:00,8.5401,8.57,8.5401,8.5688,116335.0
2024-10-09 16:40:00+00:00,8.566,8.575,8.555,8.5699,296416.0
2024-10-09 16:45:00+00:00,8.565,8.57,8.56,8.565,106568.0
2024-10-09 16:50:00+00:00,8.5635,8.57,8.55,8.5598,229864.0
2024-10-09 16:55:00+00:00,8.5589,8.57,8.55,8.5603,238901.0
2024-10-09 17:00:00+00:00,8.565,8.57,8.5503,8.5599,151047.0
2024-10-09 17:05:00+00:00,8.56,8.58,8.55,8.5679,177921.0
2024-10-09 17:10:00+00:00,8.565,8.57,8.554,8.5601,164353.0
2024-10-09 17:15:00+00:00,8.565,8.57,8.56,8.5607,182329.0
2024-10-09 17:20:00+00:00,8.565,8.58,8.56,8.5794,261799.0
2024-10-09 17:25:00+00:00,8.575,8.58,8.56,8.565,137498.0
2024-10-09 17:30:00+00:00,8.565,8.58,8.56,8.575,107776.0
2024-10-09 17:35:00+00:00,8.575,8.58,8.56,8.5608,121871.0
2024-10-09 17:40:00+00:00,8.5694,8.59,8.56,8.58,215543.0
2024-10-09 17:45:00+00:00,8.58,8.59,8.58,8.5886,168986.0
2024-10-09 17:50:00+00:00,8.59,8.59,8.5601,8.585,217401.0
2024-10-09 17:55:00+00:00,8.585,8.64,8.58,8.635,771567.0
2024-10-09 18:00:00+00:00,8.635,8.64,8.6001,8.635,368790.0
2024-10-09 18:05:00+00:00,8.6307,8.65,8.625,8.645,312888.0
2024-10-09 18:10:00+00:00,8.645,8.66,8.63,8.645,486267.0
2024-10-09 18:15:00+00:00,8.6436,8.65,8.6,8.6178,531930.0
2024-10-09 18:20:00+00:00,8.6158,8.62,8.59,8.6145,542079.0
2024-10-09 18:25:00+00:00,8.6138,8.63,8.61,8.615,257163.0
2024-10-09 18:30:00+00:00,8.615,8.64,8.6,8.6191,587442.0
2024-10-09 18:35:00+00:00,8.6179,8.63,8.604,8.615,306961.0
2024-10-09 18:40:00+00:00,8.61,8.63,8.6,8.625,211568.0
2024-10-09 18:45:00+00:00,8.6201,8.63,8.61,8.63,179930.0
2024-10-09 18:50:00+00:00,8.6271,8.64,8.61,8.6228,328547.0
2024-10-09 18:55:00+00:00,8.6255,8.63,8.6033,8.61,306672.0
2024-10-09 19:00:00+00:00,8.602,8.6189,8.6,8.605,243449.0
2024-10-09 19:05:00+00:00,8.605,8.61,8.59,8.5988,251199.0
2024-10-09 19:10:00+00:00,8.595,8.6,8.58,8.595,287284.0
2024-10-09 19:15:00+00:00,8.5951,8.61,8.59,8.59,270773.0
2024-10-09 19:20:00+00:00,8.59,8.6,8.58,8.595,164451.0
2024-10-09 19:25:00+00:00,8.6,8.605,8.57,8.576,472399.0
2024-10-09 19:30:00+00:00,8.57,8.58,8.56,8.57,316561.0
2024-10-09 19:35:00+00:00,8.575,8.575,8.56,8.565,75946.0
2024-10-09 19:40:00+00:00,8.565,8.57,8.56,8.565,192713.0
2024-10-09 19:45:00+00:00,8.5603,8.576,8.555,8.565,348449.0
2024-10-09 19:50:00+00:00,8.57,8.59,8.56,8.5859,915030.0
2024-10-09 19:55:00+00:00,8.5869,8.61,8.58,8.59,1314034.0
2024-10-09 20:00:00+00:00,8.59,8.59,8.56,8.57,1051226.0
2024-10-09 20:05:00+00:00,8.5697,8.57,8.56,8.57,8294.0
2024-10-09 20:10:00+00:00,8.56,8.57,8.56,8.57,49570.0
2024-10-09 20:15:00+00:00,8.57,8.57,8.5602,8.5602,16220.0
2024-10-09 20:20:00+00:00,8.56,8.57,8.56,8.57,9502.0
2024-10-09 20:25:00+00:00,8.5697,8.57,8.56,8.5605,1610.0
2024-10-09 20:30:00+00:00,8.56,8.57,8.56,8.5602,5398.0
2024-10-09 20:35:00+00:00,8.58,8.58,8.57,8.5703,14674.0
2024-10-09 20:40:00+00:00,8.58,8.58,8.57,8.58,2248.0
2024-10-09 20:45:00+00:00,8.57,8.58,8.57,8.58,1253.0
2024-10-09 20:50:00+00:00,8.58,8.58,8.57,8.57,1101.0
2024-10-09 20:55:00+00:00,8.5703,8.575,8.57,8.575,793.0
2024-10-09 21:00:00+00:00,8.58,8.58,8.57,8.58,2252.0
2024-10-09 21:05:00+00:00,8.58,8.58,8.575,8.575,1824.0
2024-10-09 21:10:00+00:00,8.575,8.575,8.57,8.57,1210.0
2024-10-09 21:15:00+00:00,8.57,8.58,8.57,8.58,2380.0
2024-10-09 21:20:00+00:00,8.58,8.58,8.57,8.57,588.0
2024-10-09 21:25:00+00:00,8.575,8.58,8.57,8.57,4958.0
2024-10-09 21:30:00+00:00,8.58,8.58,8.58,8.58,995.0
2024-10-09 21:35:00+00:00,8.57,8.58,8.57,8.57,1850.0
2024-10-09 21:40:00+00:00,8.57,8.5703,8.57,8.5703,4008.0
2024-10-09 21:45:00+00:00,8.5797,8.58,8.5705,8.58,8357.0
2024-10-09 21:50:00+00:00,8.59,8.59,8.58,8.5897,1631.0
2024-10-09 21:55:00+00:00,8.585,8.5899,8.58,8.58,1014.0
2024-10-09 22:00:00+00:00,8.5895,8.5895,8.5895,8.5895,232.0
2024-10-09 22:05:00+00:00,8.59,8.59,8.58,8.58,3393.0
2024-10-09 22:10:00+00:00,8.59,8.59,8.58,8.59,804.0
2024-10-09 22:15:00+00:00,8.59,8.59,8.58,8.58,2429.0
2024-10-09 22:20:00+00:00,8.59,8.59,8.585,8.585,585.0
2024-10-09 22:25:00+00:00,8.58,8.5897,8.58,8.5897,752.0
2024-10-09 22:30:00+00:00,8.585,8.585,8.58,8.58,1938.0
2024-10-09 22:35:00+00:00,8.5802,8.5802,8.58,8.58,628.0
2024-10-09 22:45:00+00:00,8.59,8.59,8.59,8.59,729.0
2024-10-09 22:50:00+00:00,8.59,8.59,8.59,8.59,816.0
2024-10-09 22:55:00+00:00,8.59,8.59,8.59,8.59,102.0
2024-10-09 23:00:00+00:00,8.585,8.5895,8.58,8.5895,3205.0
2024-10-09 23:05:00+00:00,8.5801,8.5801,8.58,8.58,1324.0
2024-10-09 23:10:00+00:00,8.585,8.585,8.585,8.585,654.0
2024-10-09 23:15:00+00:00,8.58,8.59,8.58,8.58,7551.0
2024-10-09 23:20:00+00:00,8.59,8.59,8.58,8.58,552.0
2024-10-09 23:25:00+00:00,8.59,8.59,8.58,8.58,2924.0
2024-10-09 23:30:00+00:00,8.59,8.59,8.5895,8.59,3013.0
2024-10-09 23:35:00+00:00,8.5899,8.59,8.5898,8.59,4488.0
2024-10-09 23:40:00+00:00,8.59,8.63,8.58,8.6,20183.0
2024-10-09 23:45:00+00:00,8.6,8.62,8.6,8.6,6061.0
2024-10-09 23:50:00+00:00,8.62,8.62,8.6,8.61,5935.0
2024-10-09 23:55:00+00:00,8.6,8.61,8.59,8.6,4634.0
2024-10-10 08:00:00+00:00,8.67,8.67,8.58,8.58,7244.0
2024-10-10 08:05:00+00:00,8.58,8.58,8.56,8.58,990.0
2024-10-10 08:10:00+00:00,8.58,8.58,8.58,8.58,620.0
2024-10-10 08:15:00+00:00,8.58,8.58,8.57,8.57,2670.0
2024-10-10 08:20:00+00:00,8.57,8.58,8.57,8.57,1162.0
2024-10-10 08:30:00+00:00,8.58,8.58,8.58,8.58,6831.0
2024-10-10 08:35:00+00:00,8.57,8.57,8.57,8.57,2406.0
2024-10-10 08:40:00+00:00,8.56,8.56,8.55,8.55,9504.0
2024-10-10 08:45:00+00:00,8.55,8.55,8.55,8.55,110.0
2024-10-10 08:50:00+00:00,8.56,8.57,8.56,8.56,6760.0
2024-10-10 08:55:00+00:00,8.56,8.56,8.56,8.56,428.0
2024-10-10 09:05:00+00:00,8.55,8.56,8.55,8.56,633.0
2024-10-10 09:10:00+00:00,8.56,8.56,8.56,8.56,174.0
2024-10-10 09:15:00+00:00,8.56,8.56,8.56,8.56,100.0
2024-10-10 09:20:00+00:00,8.56,8.56,8.56,8.56,1497.0
2024-10-10 09:25:00+00:00,8.57,8.57,8.57,8.57,3108.0
2024-10-10 09:30:00+00:00,8.58,8.58,8.58,8.58,1201.0
2024-10-10 09:35:00+00:00,8.57,8.57,8.57,8.57,331.0
2024-10-10 09:40:00+00:00,8.57,8.57,8.57,8.57,364.0
2024-10-10 09:45:00+00:00,8.58,8.58,8.58,8.58,399.0
2024-10-10 09:55:00+00:00,8.58,8.58,8.58,8.58,500.0
2024-10-10 10:00:00+00:00,8.57,8.575,8.55,8.55,19291.0
2024-10-10 10:05:00+00:00,8.55,8.56,8.55,8.56,7693.0
2024-10-10 10:10:00+00:00,8.57,8.58,8.57,8.57,4710.0
2024-10-10 10:15:00+00:00,8.57,8.57,8.57,8.57,501.0
2024-10-10 10:20:00+00:00,8.57,8.58,8.57,8.58,1635.0
2024-10-10 10:25:00+00:00,8.58,8.58,8.58,8.58,1088.0
2024-10-10 10:35:00+00:00,8.58,8.58,8.58,8.58,301.0
2024-10-10 10:40:00+00:00,8.58,8.58,8.58,8.58,151.0
2024-10-10 10:45:00+00:00,8.58,8.58,8.58,8.58,800.0
2024-10-10 10:50:00+00:00,8.58,8.58,8.58,8.58,200.0
2024-10-10 10:55:00+00:00,8.59,8.59,8.59,8.59,234.0
2024-10-10 11:00:00+00:00,8.58,8.59,8.58,8.58,9435.0
2024-10-10 11:05:00+00:00,8.58,8.58,8.58,8.58,2454.0
2024-10-10 11:20:00+00:00,8.58,8.58,8.58,8.58,1981.0
2024-10-10 11:25:00+00:00,8.59,8.59,8.58,8.58,1742.0
2024-10-10 11:30:00+00:00,8.58,8.58,8.58,8.58,100.0
2024-10-10 11:35:00+00:00,8.59,8.59,8.59,8.59,3093.0
2024-10-10 11:45:00+00:00,8.6,8.6,8.6,8.6,600.0
2024-10-10 11:50:00+00:00,8.591,8.591,8.591,8.591,200.0
2024-10-10 11:55:00+00:00,8.59,8.59,8.59,8.59,100.0
2024-10-10 12:00:00+00:00,8.58,8.65,8.56,8.61,93056.0
2024-10-10 12:05:00+00:00,8.61,8.61,8.6,8.61,3436.0
2024-10-10 12:10:00+00:00,8.61,8.61,8.6,8.6,11187.0
2024-10-10 12:15:00+00:00,8.6,8.61,8.6,8.6,14933.0
2024-10-10 12:20:00+00:00,8.61,8.63,8.601,8.6202,23460.0
2024-10-10 12:25:00+00:00,8.6205,8.63,8.6195,8.62,69618.0
2024-10-10 12:30:00+00:00,8.63,8.63,8.52,8.53,425737.0
2024-10-10 12:35:00+00:00,8.53,8.54,8.48,8.49,130575.0
2024-10-10 12:40:00+00:00,8.49,8.5,8.4501,8.5,81855.0
2024-10-10 12:45:00+00:00,8.5005,8.56,8.5,8.54,73568.0
2024-10-10 12:50:00+00:00,8.54,8.55,8.51,8.52,37904.0
2024-10-10 12:55:00+00:00,8.53,8.54,8.48,8.48,862432.0
2024-10-10 13:00:00+00:00,8.49,8.51,8.48,8.51,18695.0
2024-10-10 13:05:00+00:00,8.53,8.53,8.47,8.4702,35455.0
2024-10-10 13:10:00+00:00,8.47,8.49,8.47,8.49,11119.0
2024-10-10 13:15:00+00:00,8.48,8.49,8.47,8.49,11473.0
2024-10-10 13:20:00+00:00,8.481,8.5,8.46,8.46,27424.0
2024-10-10 13:25:00+00:00,8.48,8.53,8.48,8.53,41614.0
2024-10-10 13:30:00+00:00,8.51,8.565,8.48,8.4949,1071204.0
2024-10-10 13:35:00+00:00,8.5,8.5,8.4605,8.4904,434962.0
2024-10-10 13:40:00+00:00,8.49,8.52,8.475,8.505,443361.0
2024-10-10 13:45:00+00:00,8.5,8.55,8.48,8.485,512093.0
2024-10-10 13:50:00+00:00,8.4853,8.53,8.475,8.525,362064.0
2024-10-10 13:55:00+00:00,8.525,8.63,8.525,8.6095,827512.0
2024-10-10 14:00:00+00:00,8.605,8.68,8.595,8.665,728244.0
2024-10-10 14:05:00+00:00,8.665,8.68,8.64,8.6697,520579.0
2024-10-10 14:10:00+00:00,8.6696,8.725,8.6696,8.72,870841.0
2024-10-10 14:15:00+00:00,8.72,8.76,8.7138,8.7225,1038741.0
2024-10-10 14:20:00+00:00,8.725,8.74,8.685,8.72,625133.0
2024-10-10 14:25:00+00:00,8.72,8.74,8.7,8.7399,560150.0
2024-10-10 14:30:00+00:00,8.735,8.74,8.6901,8.695,318732.0
2024-10-10 14:35:00+00:00,8.7,8.71,8.64,8.665,613501.0
2024-10-10 14:40:00+00:00,8.665,8.685,8.6401,8.6539,438835.0
2024-10-10 14:45:00+00:00,8.65,8.67,8.63,8.634,504230.0
2024-10-10 14:50:00+00:00,8.6364,8.65,8.605,8.625,306209.0
2024-10-10 14:55:00+00:00,8.625,8.67,8.6237,8.645,502576.0
2024-10-10 15:00:00+00:00,8.6409,8.66,8.63,8.66,322482.0
2024-10-10 15:05:00+00:00,8.6595,8.715,8.655,8.687,604808.0
2024-10-10 15:10:00+00:00,8.6897,8.7,8.68,8.6891,173057.0
2024-10-10 15:15:00+00:00,8.686,8.69,8.66,8.665,207335.0
2024-10-10 15:20:00+00:00,8.6601,8.67,8.6401,8.65,163223.0
2024-10-10 15:25:00+00:00,8.655,8.66,8.63,8.635,229795.0
2024-10-10 15:30:00+00:00,8.635,8.64,8.6002,8.6187,355131.0
2024-10-10 15:35:00+00:00,8.62,8.64,8.61,8.64,246020.0
2024-10-10 15:40:00+00:00,8.64,8.65,8.63,8.645,184511.0
2024-10-10 15:45:00+00:00,8.645,8.66,8.63,8.6501,168794.0
2024-10-10 15:50:00+00:00,8.655,8.67,8.65,8.6692,205418.0
2024-10-10 15:55:00+00:00,8.67,8.7,8.665,8.695,368839.0
2024-10-10 16:00:00+00:00,8.6984,8.73,8.695,8.715,344913.0
2024-10-10 16:05:00+00:00,8.7183,8.72,8.6902,8.695,263884.0
2024-10-10 16:10:00+00:00,8.6908,8.73,8.6908,8.7197,313444.0
2024-10-10 16:15:00+00:00,8.72,8.74,8.7199,8.74,403066.0
2024-10-10 16:20:00+00:00,8.735,8.74,8.7,8.705,423478.0
2024-10-10 16:25:00+00:00,8.7,8.72,8.7,8.7192,221506.0
2024-10-10 16:30:00+00:00,8.715,8.718,8.68,8.685,261366.0
2024-10-10 16:35:00+00:00,8.69,8.71,8.6801,8.695,264210.0
2024-10-10 16:40:00+00:00,8.6999,8.72,8.695,8.7007,297216.0
2024-10-10 16:45:00+00:00,8.705,8.72,8.68,8.695,303708.0
2024-10-10 16:50:00+00:00,8.695,8.7,8.685,8.6999,127217.0
2024-10-10 16:55:00+00:00,8.695,8.7,8.681,8.6974,143109.0
2024-10-10 17:00:00+00:00,8.6981,8.7,8.67,8.675,150119.0
2024-10-10 17:05:00+00:00,8.67,8.6704,8.6401,8.6417,231557.0
2024-10-10 17:10:00+00:00,8.6485,8.65,8.63,8.635,369225.0
2024-10-10 17:15:00+00:00,8.635,8.68,8.635,8.671,775359.0
2024-10-10 17:20:00+00:00,8.67,8.7,8.67,8.695,442869.0
2024-10-10 17:25:00+00:00,8.695,8.71,8.69,8.7,311159.0
2024-10-10 17:30:00+00:00,8.705,8.72,8.7,8.7099,172649.0
2024-10-10 17:35:00+00:00,8.7001,8.71,8.6847,8.688,155222.0
2024-10-10 17:40:00+00:00,8.685,8.6997,8.68,8.68,240166.0
2024-10-10 17:45:00+00:00,8.6825,8.69,8.65,8.655,372999.0
2024-10-10 17:50:00+00:00,8.655,8.66,8.62,8.6324,280975.0
2024-10-10 17:55:00+00:00,8.6365,8.67,8.6365,8.655,255438.0
2024-10-10 18:00:00+00:00,8.655,8.66,8.6327,8.6327,145176.0
2024-10-10 18:05:00+00:00,8.635,8.64,8.62,8.63,236119.0
2024-10-10 18:10:00+00:00,8.64,8.64,8.605,8.61,225445.0
2024-10-10 18:15:00+00:00,8.6101,8.6101,8.56,8.5717,775660.0
2024-10-10 18:20:00+00:00,8.5792,8.59,8.57,8.585,313346.0
2024-10-10 18:25:00+00:00,8.59,8.6,8.58,8.592,240959.0
2024-10-10 18:30:00+00:00,8.59,8.64,8.59,8.64,358060.0
2024-10-10 18:35:00+00:00,8.635,8.64,8.62,8.6201,407168.0
2024-10-10 18:40:00+00:00,8.6299,8.635,8.604,8.6147,480167.0
2024-10-10 18:45:00+00:00,8.6105,8.62,8.59,8.595,356623.0
2024-10-10 18:50:00+00:00,8.595,8.65,8.585,8.645,307576.0
2024-10-10 18:55:00+00:00,8.6499,8.6557,8.64,8.645,197494.0
2024-10-10 19:00:00+00:00,8.645,8.65,8.63,8.64,139544.0
2024-10-10 19:05:00+00:00,8.645,8.6499,8.62,8.625,177243.0
2024-10-10 19:10:00+00:00,8.62,8.64,8.62,8.6307,191261.0
2024-10-10 19:15:00+00:00,8.635,8.635,8.615,8.625,238427.0
2024-10-10 19:20:00+00:00,8.625,8.64,8.625,8.635,208469.0
2024-10-10 19:25:00+00:00,8.63,8.655,8.63,8.65,221372.0
2024-10-10 19:30:00+00:00,8.645,8.65,8.62,8.625,255147.0
2024-10-10 19:35:00+00:00,8.625,8.64,8.62,8.63,246132.0
2024-10-10 19:40:00+00:00,8.63,8.64,8.62,8.6269,290512.0
2024-10-10 19:45:00+00:00,8.625,8.67,8.62,8.655,600843.0
2024-10-10 19:50:00+00:00,8.655,8.6639,8.64,8.65,847756.0
2024-10-10 19:55:00+00:00,8.645,8.657,8.62,8.625,1260450.0
2024-10-10 20:00:00+00:00,8.63,8.656,8.62,8.62,1295190.0
2024-10-10 20:05:00+00:00,8.62,8.63,8.62,8.63,45177.0
2024-10-10 20:10:00+00:00,8.6297,8.63,8.62,8.62,6681613.0
2024-10-10 20:15:00+00:00,8.63,8.63,8.62,8.6202,11353.0
2024-10-10 20:20:00+00:00,8.62,8.63,8.62,8.63,8638.0
2024-10-10 20:25:00+00:00,8.63,8.63,8.63,8.63,144.0
2024-10-10 20:30:00+00:00,8.63,8.63,8.6201,8.63,5254.0
2024-10-10 20:35:00+00:00,8.63,8.63,8.63,8.63,1224.0
2024-10-10 20:40:00+00:00,8.63,8.63,8.62,8.63,18988.0
2024-10-10 20:50:00+00:00,8.64,8.64,8.63,8.63,4936.0
2024-10-10 20:55:00+00:00,8.63,8.63,8.62,8.62,18001.0
2024-10-10 21:00:00+00:00,8.63,8.63,8.62,8.62,5394.0
2024-10-10 21:05:00+00:00,8.63,8.63,8.62,8.6295,427.0
2024-10-10 21:10:00+00:00,8.62,8.63,8.62,8.62,3209.0
2024-10-10 21:15:00+00:00,8.62,8.63,8.62,8.63,2208.0
2024-10-10 21:20:00+00:00,8.63,8.63,8.6203,8.6203,4142.0
2024-10-10 21:25:00+00:00,8.62,8.63,8.62,8.63,6916.0
2024-10-10 21:30:00+00:00,8.63,8.63,8.62,8.63,2548.0
2024-10-10 21:35:00+00:00,8.63,8.63,8.63,8.63,907.0
2024-10-10 21:40:00+00:00,8.63,8.63,8.62,8.62,26639.0
2024-10-10 21:45:00+00:00,8.63,8.63,8.62,8.63,27886.0
2024-10-10 21:50:00+00:00,8.64,8.64,8.64,8.64,150.0
2024-10-10 21:55:00+00:00,8.64,8.64,8.63,8.63,345.0
2024-10-10 22:00:00+00:00,8.64,8.64,8.63,8.63,2744.0
2024-10-10 22:05:00+00:00,8.63,8.64,8.63,8.63,1308.0
2024-10-10 22:10:00+00:00,8.63,8.63,8.63,8.63,1106.0
2024-10-10 22:15:00+00:00,8.63,8.63,8.63,8.63,114.0
2024-10-10 22:20:00+00:00,8.64,8.64,8.63,8.63,2321.0
2024-10-10 22:25:00+00:00,8.63,8.63,8.62,8.62,10033.0
2024-10-10 22:30:00+00:00,8.63,8.63,8.63,8.63,501.0
2024-10-10 22:35:00+00:00,8.6203,8.63,8.62,8.62,495.0
2024-10-10 22:40:00+00:00,8.63,8.63,8.63,8.63,111.0
2024-10-10 22:45:00+00:00,8.6297,8.63,8.62,8.62,1251.0
2024-10-10 22:50:00+00:00,8.62,8.62,8.62,8.62,120.0
2024-10-10 23:00:00+00:00,8.63,8.63,8.62,8.63,1010.0
2024-10-10 23:05:00+00:00,8.63,8.63,8.63,8.63,100.0
2024-10-10 23:10:00+00:00,8.62,8.63,8.62,8.63,5425.0
2024-10-10 23:15:00+00:00,8.63,8.63,8.62,8.62,5001.0
2024-10-10 23:20:00+00:00,8.62,8.64,8.62,8.64,11398.0
2024-10-10 23:25:00+00:00,8.64,8.64,8.63,8.6397,5617.0
2024-10-10 23:30:00+00:00,8.63,8.64,8.63,8.63,5983.0
2024-10-10 23:40:00+00:00,8.63,8.63,8.63,8.63,806.0
2024-10-10 23:45:00+00:00,8.63,8.63,8.63,8.63,268.0
2024-10-10 23:50:00+00:00,8.63,8.64,8.63,8.63,1576.0
2024-10-10 23:55:00+00:00,8.64,8.65,8.63,8.65,19968.0
2024-10-11 08:00:00+00:00,8.67,8.67,8.61,8.62,4484.0
2024-10-11 08:05:00+00:00,8.62,8.62,8.62,8.62,400.0
2024-10-11 08:10:00+00:00,8.62,8.62,8.6,8.6,5404.0
2024-10-11 08:15:00+00:00,8.6,8.62,8.6,8.62,4102.0
2024-10-11 08:30:00+00:00,8.61,8.61,8.61,8.61,3486.0
2024-10-11 08:35:00+00:00,8.6,8.6,8.57,8.59,14213.0
2024-10-11 08:40:00+00:00,8.58,8.58,8.58,8.58,826.0
2024-10-11 08:45:00+00:00,8.59,8.59,8.59,8.59,1000.0
2024-10-11 09:00:00+00:00,8.59,8.59,8.59,8.59,2182.0
2024-10-11 09:05:00+00:00,8.6,8.6,8.6,8.6,2141.0
2024-10-11 09:10:00+00:00,8.6,8.6,8.6,8.6,1305.0
2024-10-11 09:15:00+00:00,8.6,8.6,8.6,8.6,2300.0
2024-10-11 09:20:00+00:00,8.6,8.6,8.6,8.6,1115.0
2024-10-11 09:25:00+00:00,8.6,8.6,8.6,8.6,700.0
2024-10-11 09:50:00+00:00,8.6,8.6,8.6,8.6,469.0
2024-10-11 09:55:00+00:00,8.61,8.61,8.61,8.61,250.0
2024-10-11 10:05:00+00:00,8.59,8.62,8.59,8.62,4001.0
2024-10-11 10:10:00+00:00,8.62,8.62,8.62,8.62,300.0
2024-10-11 10:15:00+00:00,8.62,8.62,8.62,8.62,302.0
2024-10-11 10:25:00+00:00,8.61,8.61,8.61,8.61,100.0
2024-10-11 10:35:00+00:00,8.61,8.61,8.61,8.61,1852.0
2024-10-11 10:40:00+00:00,8.62,8.62,8.62,8.62,176.0
2024-10-11 10:45:00+00:00,8.61,8.61,8.61,8.61,450.0
2024-10-11 10:55:00+00:00,8.61,8.61,8.61,8.61,504.0
2024-10-11 11:00:00+00:00,8.62,8.63,8.62,8.63,3044.0
2024-10-11 11:05:00+00:00,8.64,8.64,8.64,8.64,1057.0
2024-10-11 11:10:00+00:00,8.635,8.65,8.63,8.65,15912.0
2024-10-11 11:15:00+00:00,8.65,8.66,8.65,8.65,9587.0
2024-10-11 11:20:00+00:00,8.641,8.65,8.641,8.65,413.0
2024-10-11 11:25:00+00:00,8.66,8.66,8.651,8.651,206.0
2024-10-11 11:30:00+00:00,8.66,8.67,8.66,8.67,4167.0
2024-10-11 11:35:00+00:00,8.66,8.66,8.66,8.66,10297.0
2024-10-11 11:40:00+00:00,8.65,8.65,8.65,8.65,11170.0
2024-10-11 11:45:00+00:00,8.64,8.64,8.64,8.64,1000.0
2024-10-11 11:55:00+00:00,8.65,8.67,8.65,8.67,11033.0
2024-10-11 12:00:00+00:00,8.63,8.68,8.5988,8.65,84322.0
2024-10-11 12:05:00+00:00,8.6598,8.67,8.6598,8.67,7467.0
2024-10-11 12:10:00+00:00,8.67,8.67,8.64,8.65,22672.0
2024-10-11 12:15:00+00:00,8.65,8.65,8.65,8.65,2651.0
2024-10-11 12:20:00+00:00,8.65,8.66,8.64,8.66,11954.0
2024-10-11 12:25:00+00:00,8.66,8.67,8.66,8.6695,13576.0
2024-10-11 12:30:00+00:00,8.67,8.74,8.67,8.72,52827.0
2024-10-11 12:35:00+00:00,8.72,8.73,8.67,8.68,57222.0
2024-10-11 12:40:00+00:00,8.68,8.68,8.66,8.66,61165.0
2024-10-11 12:45:00+00:00,8.65,8.66,8.63,8.66,35129.0
2024-10-11 12:50:00+00:00,8.66,8.67,8.6595,8.6603,8569.0
2024-10-11 12:55:00+00:00,8.67,8.67,8.65,8.6595,9702.0
2024-10-11 13:00:00+00:00,8.66,8.7,8.66,8.68,31603.0
2024-10-11 13:05:00+00:00,8.69,8.7,8.67,8.67,14595.0
2024-10-11 13:10:00+00:00,8.68,8.68,8.67,8.67,9269.0
2024-10-11 13:15:00+00:00,8.67,8.68,8.67,8.67,13083.0
2024-10-11 13:20:00+00:00,8.68,8.68,8.67,8.68,6669.0
2024-10-11 13:25:00+00:00,8.68,8.69,8.64,8.64,34321.0
2024-10-11 13:30:00+00:00,8.65,8.87,8.63,8.815,1693691.0
2024-10-11 13:35:00+00:00,8.82,8.84,8.78,8.8,1793224.0
2024-10-11 13:40:00+00:00,8.795,8.91,8.79,8.89,1480826.0
2024-10-11 13:45:00+00:00,8.89,8.9,8.85,8.8888,696575.0
2024-10-11 13:50:00+00:00,8.885,8.89,8.85,8.8715,355600.0
2024-10-11 13:55:00+00:00,8.875,8.8799,8.8401,8.864,349831.0
2024-10-11 14:00:00+00:00,8.865,8.87,8.83,8.87,437906.0
2024-10-11 14:05:00+00:00,8.865,8.9198,8.85,8.915,636542.0
2024-10-11 14:10:00+00:00,8.915,8.925,8.88,8.9009,630993.0
2024-10-11 14:15:00+00:00,8.9084,8.91,8.83,8.835,618340.0
2024-10-11 14:20:00+00:00,8.8378,8.84,8.78,8.785,574614.0
2024-10-11 14:25:00+00:00,8.78,8.8,8.77,8.78,514061.0
2024-10-11 14:30:00+00:00,8.7885,8.855,8.775,8.845,574114.0
2024-10-11 14:35:00+00:00,8.8413,8.86,8.83,8.845,416985.0
2024-10-11 14:40:00+00:00,8.845,8.85,8.83,8.8332,187536.0
2024-10-11 14:45:00+00:00,8.8399,8.84,8.81,8.825,395769.0
2024-10-11 14:50:00+00:00,8.825,8.83,8.795,8.825,289194.0
2024-10-11 14:55:00+00:00,8.828,8.84,8.81,8.835,175431.0
2024-10-11 15:00:00+00:00,8.835,8.85,8.83,8.835,265260.0
2024-10-11 15:05:00+00:00,8.83,8.85,8.83,8.845,160806.0
2024-10-11 15:10:00+00:00,8.84,8.85,8.83,8.8336,198873.0
2024-10-11 15:15:00+00:00,8.8317,8.856,8.8111,8.85,417956.0
2024-10-11 15:20:00+00:00,8.855,8.89,8.8436,8.8891,320498.0
2024-10-11 15:25:00+00:00,8.88,8.9,8.88,8.8912,303636.0
2024-10-11 15:30:00+00:00,8.895,8.92,8.89,8.91,439895.0
2024-10-11 15:35:00+00:00,8.915,8.93,8.9009,8.9217,311225.0
2024-10-11 15:40:00+00:00,8.92,8.93,8.9,8.905,456958.0
2024-10-11 15:45:00+00:00,8.9016,8.93,8.89,8.9235,688734.0
2024-10-11 15:50:00+00:00,8.93,8.94,8.92,8.9359,533960.0
2024-10-11 15:55:00+00:00,8.935,8.96,8.93,8.9416,543386.0
2024-10-11 16:00:00+00:00,8.945,8.945,8.89,8.9,433112.0
2024-10-11 16:05:00+00:00,8.895,8.91,8.88,8.91,489785.0
2024-10-11 16:10:00+00:00,8.91,8.93,8.89,8.9085,352698.0
2024-10-11 16:15:00+00:00,8.905,8.92,8.9,8.91,201428.0
2024-10-11 16:20:00+00:00,8.91,8.93,8.9,8.9208,256181.0
2024-10-11 16:25:00+00:00,8.9202,8.94,8.91,8.94,270609.0
2024-10-11 16:30:00+00:00,8.935,8.94,8.92,8.925,338125.0
2024-10-11 16:35:00+00:00,8.925,8.93,8.91,8.925,188892.0
2024-10-11 16:40:00+00:00,8.925,8.94,8.91,8.915,289975.0
2024-10-11 16:45:00+00:00,8.9176,8.92,8.91,8.92,116024.0
2024-10-11 16:50:00+00:00,8.915,8.94,8.914,8.9312,152436.0
2024-10-11 16:55:00+00:00,8.935,8.95,8.93,8.945,339795.0
2024-10-11 17:00:00+00:00,8.94,8.95,8.94,8.945,249859.0
2024-10-11 17:05:00+00:00,8.9401,8.95,8.93,8.9461,394938.0
2024-10-11 17:10:00+00:00,8.945,8.95,8.9024,8.9024,366363.0
2024-10-11 17:15:00+00:00,8.9,8.91,8.89,8.905,204623.0
2024-10-11 17:20:00+00:00,8.905,8.92,8.9,8.915,185632.0
2024-10-11 17:25:00+00:00,8.9134,8.94,8.905,8.94,293728.0
2024-10-11 17:30:00+00:00,8.94,8.94,8.92,8.94,173336.0
2024-10-11 17:35:00+00:00,8.93,8.96,8.93,8.9541,263375.0
2024-10-11 17:40:00+00:00,8.955,8.97,8.95,8.955,337889.0
2024-10-11 17:45:00+00:00,8.955,8.97,8.95,8.964,256956.0
2024-10-11 17:50:00+00:00,8.97,8.98,8.9515,8.97,340366.0
2024-10-11 17:55:00+00:00,8.9779,8.98,8.97,8.9724,184367.0
2024-10-11 18:00:00+00:00,8.975,8.98,8.955,8.9699,404275.0
2024-10-11 18:05:00+00:00,8.965,8.97,8.9301,8.955,360931.0
2024-10-11 18:10:00+00:00,8.9513,8.96,8.94,8.945,181889.0
2024-10-11 18:15:00+00:00,8.945,8.98,8.945,8.98,254534.0
2024-10-11 18:20:00+00:00,8.97,8.99,8.97,8.99,299865.0
2024-10-11 18:25:00+00:00,8.985,8.99,8.98,8.9899,928369.0
2024-10-11 18:30:00+00:00,8.99,9.055,8.9836,9.0358,3016733.0
2024-10-11 18:35:00+00:00,9.0343,9.06,9.03,9.045,578014.0
2024-10-11 18:40:00+00:00,9.044,9.06,9.04,9.0519,444771.0
2024-10-11 18:45:00+00:00,9.055,9.07,9.02,9.025,727267.0
2024-10-11 18:50:00+00:00,9.0288,9.03,9.02,9.0211,347589.0
2024-10-11 18:55:00+00:00,9.0295,9.03,9.01,9.0146,219462.0
2024-10-11 19:00:00+00:00,9.01,9.03,9.0,9.015,669399.0
2024-10-11 19:05:00+00:00,9.02,9.02,9.0,9.005,310884.0
2024-10-11 19:10:00+00:00,9.005,9.04,9.0,9.035,469089.0
2024-10-11 19:15:00+00:00,9.035,9.05,9.03,9.045,386828.0
2024-10-11 19:20:00+00:00,9.045,9.05,9.03,9.035,321762.0
2024-10-11 19:25:00+00:00,9.035,9.04,9.01,9.015,387963.0
2024-10-11 19:30:00+00:00,9.016,9.0262,9.0,9.025,559228.0
2024-10-11 19:35:00+00:00,9.026,9.026,8.99,9.0036,855425.0
2024-10-11 19:40:00+00:00,9.005,9.01,8.99,9.005,355090.0
2024-10-11 19:45:00+00:00,9.0052,9.01,9.0,9.005,334583.0
2024-10-11 19:50:00+00:00,9.005,9.035,8.99,9.015,2214809.0
2024-10-11 19:55:00+00:00,9.015,9.02,9.0,9.01,2078598.0
2024-10-11 20:00:00+00:00,9.01,9.01,9.0,9.01,1338237.0
2024-10-11 20:05:00+00:00,9.0,9.0097,8.99,8.99,51301.0
2024-10-11 20:10:00+00:00,8.99,9.0,8.98,9.0,53794.0
2024-10-11 20:15:00+00:00,8.99,9.0,8.99,8.99,7269.0
2024-10-11 20:20:00+00:00,9.0,9.0,8.99,9.0,4364.0
2024-10-11 20:25:00+00:00,8.9999,9.0,8.99,9.0,3473.0
2024-10-11 20:30:00+00:00,8.99,9.0,8.99,8.99,8047.0
2024-10-11 20:35:00+00:00,8.995,8.995,8.99,8.995,4160.0
2024-10-11 20:40:00+00:00,8.9901,9.0,8.99,9.0,15005.0
2024-10-11 20:45:00+00:00,9.0,9.0,8.99,8.99,9271.0
2024-10-11 20:50:00+00:00,8.9998,9.0,8.99,8.99,12283.0
2024-10-11 20:55:00+00:00,8.99,9.0,8.99,9.0,3374.0
2024-10-11 21:00:00+00:00,8.995,8.995,8.99,8.9902,2943.0
2024-10-11 21:05:00+00:00,8.9905,8.9995,8.99,8.9903,10683.0
2024-10-11 21:10:00+00:00,8.995,9.0,8.99,8.99,28113.0
2024-10-11 21:15:00+00:00,8.98,8.98,8.97,8.9798,6925.0
2024-10-11 21:20:00+00:00,8.98,8.98,8.97,8.98,7923.0
2024-10-11 21:25:00+00:00,8.97,8.9803,8.97,8.9795,23862.0
2024-10-11 21:30:00+00:00,8.98,8.98,8.97,8.9703,29088.0
2024-10-11 21:35:00+00:00,8.97,8.98,8.97,8.9799,1208.0
2024-10-11 21:40:00+00:00,8.975,8.975,8.94,8.96,17994.0
2024-10-11 21:45:00+00:00,8.9695,8.97,8.96,8.9605,2604.0
2024-10-11 21:50:00+00:00,8.9697,8.97,8.96,8.965,2626.0
2024-10-11 21:55:00+00:00,8.9699,8.97,8.95,8.95,8417.0
2024-10-11 22:00:00+00:00,8.96,9.0,8.96,8.99,91561.0
2024-10-11 22:05:00+00:00,8.97,8.9897,8.97,8.97,1444.0
2024-10-11 22:10:00+00:00,8.985,8.99,8.98,8.99,3606.0
2024-10-11 22:15:00+00:00,8.98,8.98,8.98,8.98,354.0
2024-10-11 22:20:00+00:00,8.99,8.99,8.97,8.99,10879.0
2024-10-11 22:25:00+00:00,8.99,8.99,8.98,8.99,4940.0
2024-10-11 22:35:00+00:00,8.99,9.0,8.99,9.0,8149.0
2024-10-11 22:40:00+00:00,8.99,9.0,8.98,8.98,24945.0
2024-10-11 22:45:00+00:00,8.999,8.999,8.98,8.98,3221.0
2024-10-11 22:50:00+00:00,8.98,8.99,8.98,8.99,2277.0
2024-10-11 22:55:00+00:00,8.99,8.99,8.98,8.98,640.0
2024-10-11 23:00:00+00:00,8.99,8.99,8.99,8.99,136.0
2024-10-11 23:10:00+00:00,8.9802,8.9802,8.9802,8.9802,201.0
2024-10-11 23:15:00+00:00,8.99,9.0,8.99,9.0,16371.0
2024-10-11 23:20:00+00:00,9.01,9.01,9.01,9.01,425.0
2024-10-11 23:25:00+00:00,9.01,9.01,9.0,9.01,656.0
2024-10-11 23:30:00+00:00,9.0003,9.01,9.0,9.01,1296.0
2024-10-11 23:35:00+00:00,9.01,9.01,9.0005,9.01,9317.0
2024-10-11 23:40:00+00:00,9.01,9.01,9.01,9.01,2800.0
2024-10-11 23:45:00+00:00,9.01,9.01,9.01,9.01,2956.0
2024-10-11 23:50:00+00:00,9.0,9.01,9.0,9.01,10748.0
2024-10-11 23:55:00+00:00,9.01,9.01,9.0,9.0,57013.0
