date,open,high,low,close,volume
2026-05-07 09:45:00+00:00,43.5407,43.57,43.53,43.53,3334.0
2026-05-07 09:50:00+00:00,43.53,43.53,43.35,43.35,2452.0
2026-05-07 09:55:00+00:00,43.36,43.43,43.3,43.39,1070.0
2026-05-07 10:00:00+00:00,43.3168,43.48,43.3168,43.42,2728.0
2026-05-07 10:05:00+00:00,43.3,43.3983,43.3,43.37,5139.0
2026-05-07 10:10:00+00:00,43.34,43.34,43.18,43.22,6906.0
2026-05-07 10:15:00+00:00,43.19,43.24,43.19,43.23,1075.0
2026-05-07 10:20:00+00:00,43.01,43.1,42.97,43.1,9500.0
2026-05-07 10:25:00+00:00,43.0,43.1,43.0,43.04,2479.0
2026-05-07 10:30:00+00:00,43.1,43.18,43.0,43.0,1649.0
2026-05-07 10:35:00+00:00,43.15,43.28,43.0655,43.0655,3047.0
2026-05-07 10:40:00+00:00,43.33,43.33,43.24,43.24,1184.0
2026-05-07 10:45:00+00:00,43.32,43.32,43.32,43.32,173.0
2026-05-07 10:50:00+00:00,43.39,43.39,43.13,43.13,2262.0
2026-05-07 10:55:00+00:00,43.3,43.44,43.3,43.44,6049.0
2026-05-07 11:00:00+00:00,43.41,43.6,43.4043,43.5,20985.0
2026-05-07 11:05:00+00:00,43.55,43.6,43.39,43.4721,9499.0
2026-05-07 11:10:00+00:00,43.49,43.5898,43.47,43.47,5842.0
2026-05-07 11:15:00+00:00,43.4679,43.4679,43.14,43.21,13629.0
2026-05-07 11:20:00+00:00,43.22,43.3,43.1869,43.3,8254.0
2026-05-07 11:25:00+00:00,43.38,43.43,43.2,43.22,8112.0
2026-05-07 11:30:00+00:00,43.24,43.2652,43.23,43.26,9976.0
2026-05-07 11:35:00+00:00,43.287,43.3,43.2409,43.3,5395.0
2026-05-07 11:40:00+00:00,43.4,43.4,43.3,43.3,24092.0
2026-05-07 11:45:00+00:00,43.3,43.3486,43.01,43.31,10191.0
2026-05-07 11:50:00+00:00,43.17,43.2577,43.1,43.17,4535.0
2026-05-07 11:55:00+00:00,43.17,43.2793,43.11,43.2,4557.0
2026-05-07 12:00:00+00:00,43.1707,43.2082,43.02,43.0657,11163.0
2026-05-07 12:05:00+00:00,43.0103,43.17,42.9,42.97,29034.0
2026-05-07 12:10:00+00:00,42.96,43.2761,42.96,43.2761,3775.0
2026-05-07 12:15:00+00:00,43.3275,43.3275,43.0,43.0,14732.0
2026-05-07 12:20:00+00:00,43.19,43.2297,42.8,42.8,13214.0
2026-05-07 12:25:00+00:00,42.8,42.91,42.65,42.7962,22629.0
2026-05-07 12:30:00+00:00,42.75,42.75,42.6656,42.7383,17874.0
2026-05-07 12:35:00+00:00,42.7435,42.91,42.7,42.91,11406.0
2026-05-07 12:40:00+00:00,42.94,43.0,42.8459,43.0,3988.0
2026-05-07 12:45:00+00:00,42.91,43.0,42.9,43.0,11065.0
2026-05-07 12:50:00+00:00,43.0145,43.099,42.68,42.81,34517.0
2026-05-07 12:55:00+00:00,42.7,42.8165,42.607,42.706,12244.0
2026-05-07 13:00:00+00:00,42.73,42.73,42.49,42.55,28195.0
2026-05-07 13:05:00+00:00,42.51,42.5184,42.1,42.3,60473.0
2026-05-07 13:10:00+00:00,42.4305,42.45,42.3,42.45,21492.0
2026-05-07 13:15:00+00:00,42.5337,42.5337,42.4,42.4,17039.0
2026-05-07 13:20:00+00:00,42.35,42.4,42.3,42.325,15165.0
2026-05-07 13:25:00+00:00,42.34,43.36,42.3,43.36,29656.0
2026-05-07 13:30:00+00:00,43.28,43.85,42.72,42.82,988387.0
2026-05-07 13:35:00+00:00,42.82,43.0531,42.31,42.595,748793.0
2026-05-07 13:40:00+00:00,42.6,42.75,41.53,41.555,1011736.0
2026-05-07 13:45:00+00:00,41.54,41.8,40.92,41.39,1100172.0
2026-05-07 13:50:00+00:00,41.4,41.75,41.21,41.585,564008.0
2026-05-07 13:55:00+00:00,41.595,41.98,41.52,41.66,547552.0
2026-05-07 14:00:00+00:00,41.675,42.2,41.56,41.61,429158.0
2026-05-07 14:05:00+00:00,41.6,42.11,41.5,42.09,311023.0
2026-05-07 14:10:00+00:00,42.1,42.55,42.025,42.47,444200.0
2026-05-07 14:15:00+00:00,42.4701,42.85,42.3701,42.59,508555.0
2026-05-07 14:20:00+00:00,42.6,43.0,42.525,42.66,373993.0
2026-05-07 14:25:00+00:00,42.655,42.97,42.65,42.92,303416.0
2026-05-07 14:30:00+00:00,42.97,43.25,42.8,43.2,418745.0
2026-05-07 14:35:00+00:00,43.19,43.39,43.05,43.185,328247.0
2026-05-07 14:40:00+00:00,43.21,43.38,42.81,42.83,305394.0
2026-05-07 14:45:00+00:00,42.84,43.15,42.8201,43.06,230730.0
2026-05-07 14:50:00+00:00,43.06,43.15,42.95,43.1325,142723.0
2026-05-07 14:55:00+00:00,43.1301,43.2,42.81,42.845,142606.0
2026-05-07 15:00:00+00:00,42.855,42.89,42.61,42.7423,206712.0
2026-05-07 15:05:00+00:00,42.74,42.85,42.56,42.78,142102.0
2026-05-07 15:10:00+00:00,42.78,42.81,42.4,42.48,209978.0
2026-05-07 15:15:00+00:00,42.475,42.5999,42.29,42.34,157072.0
2026-05-07 15:20:00+00:00,42.31,42.36,42.0264,42.23,240194.0
2026-05-07 15:25:00+00:00,42.2216,42.5,42.19,42.385,153033.0
2026-05-07 15:30:00+00:00,42.4,42.5999,42.39,42.445,163558.0
2026-05-07 15:35:00+00:00,42.435,42.51,42.21,42.25,166807.0
2026-05-07 15:40:00+00:00,42.24,42.25,41.88,42.2,215693.0
2026-05-07 15:45:00+00:00,42.195,42.2,41.8,41.85,211724.0
2026-05-07 15:50:00+00:00,41.84,41.84,41.46,41.655,287467.0
2026-05-07 15:55:00+00:00,41.67,41.6764,41.32,41.3806,208931.0
2026-05-07 16:00:00+00:00,41.4,41.5768,41.29,41.47,276027.0
2026-05-07 16:05:00+00:00,41.435,41.435,40.96,41.2151,322791.0
2026-05-07 16:10:00+00:00,41.21,41.22,40.87,41.0,267231.0
2026-05-07 16:15:00+00:00,41.0,41.0,40.39,40.425,456340.0
2026-05-07 16:20:00+00:00,40.415,40.49,40.16,40.47,372418.0
2026-05-07 16:25:00+00:00,40.49,40.9694,40.47,40.92,337532.0
2026-05-07 16:30:00+00:00,40.92,41.22,40.76,41.07,317270.0
2026-05-07 16:35:00+00:00,41.0658,41.0658,40.449,40.46,262230.0
2026-05-07 16:40:00+00:00,40.44,40.86,40.4373,40.84,223921.0
2026-05-07 16:45:00+00:00,40.835,40.92,40.7,40.78,163374.0
2026-05-07 16:50:00+00:00,40.795,41.08,40.74,41.07,147811.0
2026-05-07 16:55:00+00:00,41.07,41.11,40.85,41.04,124469.0
2026-05-07 17:00:00+00:00,41.05,41.2999,40.94,41.135,147922.0
2026-05-07 17:05:00+00:00,41.15,41.2869,41.025,41.1,139285.0
2026-05-07 17:10:00+00:00,41.1,41.1,40.81,40.81,133803.0
2026-05-07 17:15:00+00:00,40.81,40.9,40.4801,40.525,180181.0
2026-05-07 17:20:00+00:00,40.53,40.92,40.465,40.81,136484.0
2026-05-07 17:25:00+00:00,40.7801,40.9,40.37,40.54,246625.0
2026-05-07 17:30:00+00:00,40.535,40.84,40.46,40.83,133201.0
2026-05-07 17:35:00+00:00,40.82,41.14,40.75,40.965,185732.0
2026-05-07 17:40:00+00:00,40.96,41.17,40.93,41.03,144529.0
2026-05-07 17:45:00+00:00,41.035,41.04,40.65,40.69,283557.0
2026-05-07 17:50:00+00:00,40.67,40.95,40.58,40.89,182346.0
2026-05-07 17:55:00+00:00,40.91,41.38,40.9092,41.2701,294397.0
2026-05-07 18:00:00+00:00,41.29,41.59,41.23,41.57,237260.0
2026-05-07 18:05:00+00:00,41.57,41.95,41.5101,41.68,318807.0
2026-05-07 18:10:00+00:00,41.69,41.7797,41.53,41.68,183268.0
2026-05-07 18:15:00+00:00,41.68,41.75,41.36,41.44,358930.0
2026-05-07 18:20:00+00:00,41.45,41.45,41.03,41.0954,247964.0
2026-05-07 18:25:00+00:00,41.07,41.085,40.61,40.77,290975.0
2026-05-07 18:30:00+00:00,40.77,41.01,40.73,40.77,269314.0
2026-05-07 18:35:00+00:00,40.775,40.87,40.72,40.81,212089.0
2026-05-07 18:40:00+00:00,40.815,40.93,40.66,40.775,205835.0
2026-05-07 18:45:00+00:00,40.79,41.06,40.72,40.87,131710.0
2026-05-07 18:50:00+00:00,40.85,40.945,40.76,40.92,125441.0
2026-05-07 18:55:00+00:00,40.9296,41.215,40.81,41.07,187542.0
2026-05-07 19:00:00+00:00,41.09,41.1,40.96,41.0,118150.0
2026-05-07 19:05:00+00:00,41.01,41.035,40.53,40.57,239421.0
2026-05-07 19:10:00+00:00,40.57,40.965,40.5304,40.95,169351.0
2026-05-07 19:15:00+00:00,40.965,41.0,40.83,40.83,119472.0
2026-05-07 19:20:00+00:00,40.82,41.01,40.78,40.795,199067.0
2026-05-07 19:25:00+00:00,40.795,40.885,40.72,40.84,165354.0
2026-05-07 19:30:00+00:00,40.83,41.2,40.82,41.19,185607.0
2026-05-07 19:35:00+00:00,41.2,41.6973,41.16,41.665,257358.0
2026-05-07 19:40:00+00:00,41.67,41.84,41.54,41.58,294948.0
2026-05-07 19:45:00+00:00,41.58,41.725,41.5667,41.615,184476.0
2026-05-07 19:50:00+00:00,41.65,41.75,41.31,41.49,415162.0
2026-05-07 19:55:00+00:00,41.48,41.67,41.41,41.52,817286.0
2026-05-07 20:00:00+00:00,41.51,41.58,41.3,41.31,1161706.0
2026-05-07 20:05:00+00:00,41.3759,41.78,41.2103,41.735,38706.0
2026-05-07 20:10:00+00:00,41.6,41.6,41.0,41.07,18885.0
2026-05-07 20:15:00+00:00,41.11,41.4765,41.11,41.4765,7846.0
2026-05-07 20:20:00+00:00,41.35,41.426,41.3079,41.3278,8588.0
2026-05-07 20:25:00+00:00,41.4218,41.6,41.3267,41.6,24951.0
2026-05-07 20:30:00+00:00,41.5998,42.27,41.3,42.27,42525.0
2026-05-07 20:35:00+00:00,42.23,43.02,42.22,42.65,125111.0
2026-05-07 20:40:00+00:00,42.67,42.7,42.1,42.2465,29857.0
2026-05-07 20:45:00+00:00,42.5,42.5389,42.295,42.3,40670.0
2026-05-07 20:50:00+00:00,42.42,42.5,42.2,42.42,15412.0
2026-05-07 20:55:00+00:00,42.3818,42.4,42.2,42.24,19562.0
2026-05-07 21:00:00+00:00,42.2,42.26,42.0,42.06,43442.0
2026-05-07 21:05:00+00:00,41.7958,42.12,41.7958,42.09,2832.0
2026-05-07 21:10:00+00:00,41.9998,41.9998,41.6,41.74,20010.0
2026-05-07 21:15:00+00:00,41.8305,41.85,41.35,41.47,9296.0
2026-05-07 21:20:00+00:00,41.469,41.48,41.19,41.2143,15293.0
2026-05-07 21:25:00+00:00,41.21,41.37,41.2015,41.2104,13570.0
2026-05-07 21:30:00+00:00,41.25,41.25,40.99,41.0006,21002.0
2026-05-07 21:35:00+00:00,40.962,41.2938,40.51,40.9545,14746.0
2026-05-07 21:40:00+00:00,40.65,41.0,40.65,40.7864,10092.0
2026-05-07 21:45:00+00:00,40.8,41.0,40.712,40.72,8182.0
2026-05-07 21:50:00+00:00,40.72,40.8984,39.85,39.85,52009.0
2026-05-07 21:55:00+00:00,40.0,40.12,39.85,39.8504,37084.0
2026-05-07 22:00:00+00:00,39.899,40.12,39.88,40.1103,20705.0
2026-05-07 22:05:00+00:00,40.15,40.2904,40.0,40.0,13242.0
2026-05-07 22:10:00+00:00,40.04,40.19,39.86,39.8725,49095.0
2026-05-07 22:15:00+00:00,39.8703,40.0,39.78,39.84,29373.0
2026-05-07 22:20:00+00:00,39.88,40.1846,39.8,40.0,17265.0
2026-05-07 22:25:00+00:00,40.18,40.18,39.826,39.9,34022.0
2026-05-07 22:30:00+00:00,39.8718,39.8836,39.71,39.7618,13065.0
2026-05-07 22:35:00+00:00,39.76,39.82,39.3,39.35,18642.0
2026-05-07 22:40:00+00:00,39.36,39.7288,39.3046,39.68,16150.0
2026-05-07 22:45:00+00:00,39.6614,39.7291,39.6112,39.6135,9104.0
2026-05-07 22:50:00+00:00,39.7137,39.73,39.55,39.55,17745.0
2026-05-07 22:55:00+00:00,39.7259,39.7259,39.55,39.55,8931.0
2026-05-07 23:00:00+00:00,39.5545,39.7,39.5545,39.6,1620.0
2026-05-07 23:05:00+00:00,39.63,39.7,39.55,39.7,5924.0
2026-05-07 23:10:00+00:00,39.73,40.0,39.73,40.0,13341.0
2026-05-07 23:15:00+00:00,39.9991,39.9991,39.81,39.97,4219.0
2026-05-07 23:20:00+00:00,39.97,40.0,39.9,39.99,14466.0
2026-05-07 23:25:00+00:00,39.9609,39.97,39.9,39.97,5333.0
2026-05-07 23:30:00+00:00,39.9,39.9375,39.9,39.9218,2488.0
2026-05-07 23:35:00+00:00,39.97,40.2,39.97,40.18,11496.0
2026-05-07 23:40:00+00:00,40.2,40.2,40.05,40.05,5969.0
2026-05-07 23:45:00+00:00,40.0503,40.13,40.0503,40.1,2236.0
2026-05-07 23:50:00+00:00,40.07,40.13,40.01,40.02,4921.0
2026-05-07 23:55:00+00:00,40.08,40.08,40.0,40.0562,4994.0
2026-05-08 08:00:00+00:00,40.91,40.91,40.55,40.79,17521.0
2026-05-08 08:05:00+00:00,40.8,40.95,40.52,40.95,4915.0
2026-05-08 08:10:00+00:00,41.0,41.2,41.0,41.08,3598.0
2026-05-08 08:15:00+00:00,41.2,41.2,41.2,41.2,149.0
2026-05-08 08:20:00+00:00,41.09,41.09,41.07,41.07,800.0
2026-05-08 08:25:00+00:00,41.27,41.34,41.27,41.32,5114.0
2026-05-08 08:30:00+00:00,41.27,41.5,41.27,41.5,5349.0
2026-05-08 08:35:00+00:00,41.39,41.6,41.39,41.4,28780.0
2026-05-08 08:40:00+00:00,41.4,41.63,41.33,41.46,8617.0
2026-05-08 08:45:00+00:00,41.62,41.63,41.53,41.59,2719.0
2026-05-08 08:50:00+00:00,41.5908,41.6,41.5,41.5247,2664.0
2026-05-08 08:55:00+00:00,41.53,41.53,41.47,41.47,886.0
2026-05-08 09:00:00+00:00,41.6,41.65,41.6,41.63,3308.0
2026-05-08 09:05:00+00:00,41.8,41.8719,41.8,41.8719,1444.0
2026-05-08 09:10:00+00:00,41.84,41.88,41.84,41.85,4382.0
2026-05-08 09:15:00+00:00,41.8006,41.86,41.79,41.8,2395.0
2026-05-08 09:20:00+00:00,41.82,41.82,41.82,41.82,525.0
2026-05-08 09:25:00+00:00,41.7611,41.9,41.76,41.82,18993.0
2026-05-08 09:30:00+00:00,41.82,41.87,41.78,41.78,3362.0
2026-05-08 09:35:00+00:00,41.8,41.8,41.73,41.77,1285.0
2026-05-08 09:40:00+00:00,41.8428,41.8428,41.7,41.7,2733.0
2026-05-08 09:45:00+00:00,41.64,41.65,41.36,41.37,7349.0
2026-05-08 09:50:00+00:00,41.3,41.33,41.3,41.33,6142.0
2026-05-08 09:55:00+00:00,41.4,41.4,41.4,41.4,103.0
2026-05-08 10:00:00+00:00,41.48,41.48,41.48,41.48,1190.0
2026-05-08 10:05:00+00:00,41.24,41.24,41.24,41.24,127.0
2026-05-08 10:10:00+00:00,41.22,41.2628,41.22,41.26,397.0
2026-05-08 10:15:00+00:00,41.26,41.26,41.22,41.22,1692.0
2026-05-08 10:25:00+00:00,41.39,41.41,41.39,41.39,318.0
2026-05-08 10:30:00+00:00,41.4,41.45,41.24,41.45,2259.0
2026-05-08 10:35:00+00:00,41.2656,41.5,41.2656,41.5,348.0
2026-05-08 10:40:00+00:00,41.5,41.5,41.5,41.5,989.0
2026-05-08 10:45:00+00:00,41.45,41.45,41.39,41.39,1576.0
2026-05-08 10:55:00+00:00,41.26,41.26,41.2,41.23,1743.0
2026-05-08 11:00:00+00:00,41.35,41.46,41.11,41.46,18858.0
2026-05-08 11:05:00+00:00,41.4918,41.54,41.4116,41.53,13552.0
2026-05-08 11:10:00+00:00,41.56,41.6,41.45,41.5307,5955.0
2026-05-08 11:15:00+00:00,41.5394,41.5394,41.25,41.3,12647.0
2026-05-08 11:20:00+00:00,41.49,41.49,41.11,41.3952,4554.0
2026-05-08 11:25:00+00:00,41.404,41.404,41.266,41.3525,4400.0
2026-05-08 11:30:00+00:00,41.45,41.48,41.4,41.4,4691.0
2026-05-08 11:35:00+00:00,41.4,41.49,41.4,41.47,6425.0
2026-05-08 11:40:00+00:00,41.53,41.6276,41.4939,41.52,7369.0
2026-05-08 11:45:00+00:00,41.6762,41.6762,41.59,41.6024,10364.0
2026-05-08 11:50:00+00:00,41.61,41.65,41.563,41.58,3788.0
2026-05-08 11:55:00+00:00,41.6185,41.62,41.54,41.54,4693.0
2026-05-08 12:00:00+00:00,41.5621,41.65,41.5042,41.6,10632.0
2026-05-08 12:05:00+00:00,41.615,41.6685,41.6,41.6685,8713.0
2026-05-08 12:10:00+00:00,41.65,41.71,41.56,41.6718,11423.0
2026-05-08 12:15:00+00:00,41.5986,41.71,41.5986,41.6,8690.0
2026-05-08 12:20:00+00:00,41.63,41.66,41.6,41.6548,1810.0
2026-05-08 12:25:00+00:00,41.5911,41.65,41.51,41.6,8223.0
2026-05-08 12:30:00+00:00,41.6,41.99,41.6,41.9188,14969.0
2026-05-08 12:35:00+00:00,41.9277,41.95,41.72,41.77,13095.0
2026-05-08 12:40:00+00:00,41.81,42.0,41.76,41.86,25631.0
2026-05-08 12:45:00+00:00,41.94,41.94,41.76,41.76,11343.0
2026-05-08 12:50:00+00:00,41.79,41.95,41.7506,41.9325,9710.0
2026-05-08 12:55:00+00:00,41.9435,41.9439,41.7,41.7,19891.0
2026-05-08 13:00:00+00:00,41.75,41.84,41.7,41.7,8583.0
2026-05-08 13:05:00+00:00,41.7527,41.7527,41.66,41.7,23987.0
2026-05-08 13:10:00+00:00,41.75,41.77,41.68,41.77,10569.0
2026-05-08 13:15:00+00:00,41.7016,41.8399,41.7016,41.8,22279.0
2026-05-08 13:20:00+00:00,41.82,41.95,41.721,41.81,4414.0
2026-05-08 13:25:00+00:00,41.94,42.5,41.84,42.22,66379.0
2026-05-08 13:30:00+00:00,42.401,42.401,41.17,41.5,691049.0
2026-05-08 13:35:00+00:00,41.46,41.73,41.0,41.21,487089.0
2026-05-08 13:40:00+00:00,41.21,41.65,41.05,41.13,384461.0
2026-05-08 13:45:00+00:00,41.11,41.3963,40.3101,40.45,661658.0
2026-05-08 13:50:00+00:00,40.475,40.85,40.34,40.79,427234.0
2026-05-08 13:55:00+00:00,40.78,41.07,40.52,41.03,342552.0
2026-05-08 14:00:00+00:00,41.01,41.25,40.92,41.14,305053.0
2026-05-08 14:05:00+00:00,41.1544,41.58,41.04,41.58,413168.0
2026-05-08 14:10:00+00:00,41.5601,41.75,41.43,41.615,376032.0
2026-05-08 14:15:00+00:00,41.63,42.12,41.55,41.97,583502.0
2026-05-08 14:20:00+00:00,41.97,41.99,41.565,41.67,235501.0
2026-05-08 14:25:00+00:00,41.65,41.6999,40.78,40.83,301976.0
2026-05-08 14:30:00+00:00,40.83,41.12,40.63,41.0,398060.0
2026-05-08 14:35:00+00:00,41.0001,41.18,40.77,41.1119,270533.0
2026-05-08 14:40:00+00:00,41.125,41.15,40.76,41.08,174412.0
2026-05-08 14:45:00+00:00,41.0803,41.25,40.96,41.09,144034.0
2026-05-08 14:50:00+00:00,41.1,41.38,41.05,41.33,138956.0
2026-05-08 14:55:00+00:00,41.345,41.66,41.26,41.35,261235.0
2026-05-08 15:00:00+00:00,41.37,41.37,40.98,41.025,244265.0
2026-05-08 15:05:00+00:00,41.0101,41.33,41.0101,41.055,149889.0
2026-05-08 15:10:00+00:00,41.055,41.1583,40.86,41.07,123695.0
2026-05-08 15:15:00+00:00,41.0958,41.12,40.88,40.92,138199.0
2026-05-08 15:20:00+00:00,40.92,41.04,40.755,40.76,147633.0
2026-05-08 15:25:00+00:00,40.7503,40.83,40.56,40.72,196697.0
2026-05-08 15:30:00+00:00,40.73,41.035,40.62,41.03,139227.0
2026-05-08 15:35:00+00:00,41.01,41.17,41.01,41.06,122847.0
2026-05-08 15:40:00+00:00,41.0899,41.12,40.89,41.0001,96880.0
2026-05-08 15:45:00+00:00,41.01,41.095,40.8728,40.9,115940.0
2026-05-08 15:50:00+00:00,40.9,40.97,40.6,40.72,173031.0
2026-05-08 15:55:00+00:00,40.73,40.77,40.56,40.57,155361.0
2026-05-08 16:00:00+00:00,40.5737,40.88,40.5737,40.8401,222373.0
2026-05-08 16:05:00+00:00,40.8401,40.9499,40.7,40.755,139105.0
2026-05-08 16:10:00+00:00,40.74,40.7519,40.6,40.645,128088.0
2026-05-08 16:15:00+00:00,40.635,40.67,40.415,40.43,197028.0
2026-05-08 16:20:00+00:00,40.41,40.52,40.32,40.37,166143.0
2026-05-08 16:25:00+00:00,40.38,40.61,40.35,40.56,159700.0
2026-05-08 16:30:00+00:00,40.565,40.58,40.43,40.49,178927.0
2026-05-08 16:35:00+00:00,40.47,40.585,40.32,40.5628,129462.0
2026-05-08 16:40:00+00:00,40.57,40.695,40.56,40.62,160434.0
2026-05-08 16:45:00+00:00,40.6201,40.75,40.47,40.52,139876.0
2026-05-08 16:50:00+00:00,40.5,40.58,40.41,40.4401,113536.0
2026-05-08 16:55:00+00:00,40.45,40.67,40.43,40.43,109801.0
2026-05-08 17:00:00+00:00,40.42,40.47,40.27,40.41,159015.0
2026-05-08 17:05:00+00:00,40.4195,40.6,40.3,40.5801,94642.0
2026-05-08 17:10:00+00:00,40.5901,40.6193,40.5,40.5368,98862.0
2026-05-08 17:15:00+00:00,40.54,40.68,40.5034,40.68,85944.0
2026-05-08 17:20:00+00:00,40.66,40.9155,40.62,40.87,120272.0
2026-05-08 17:25:00+00:00,40.8728,41.12,40.87,41.075,175241.0
2026-05-08 17:30:00+00:00,41.0701,41.3999,41.03,41.33,204202.0
2026-05-08 17:35:00+00:00,41.33,41.4668,41.3,41.41,168598.0
2026-05-08 17:40:00+00:00,41.41,41.46,41.21,41.395,157683.0
2026-05-08 17:45:00+00:00,41.39,41.64,41.35,41.55,226885.0
2026-05-08 17:50:00+00:00,41.55,41.66,41.3701,41.6199,172786.0
2026-05-08 17:55:00+00:00,41.61,41.66,41.36,41.395,137062.0
2026-05-08 18:00:00+00:00,41.38,41.73,41.31,41.6,181540.0
2026-05-08 18:05:00+00:00,41.6,41.8,41.585,41.69,144999.0
2026-05-08 18:10:00+00:00,41.69,41.97,41.66,41.97,176843.0
2026-05-08 18:15:00+00:00,41.98,42.04,41.5901,41.71,246832.0
2026-05-08 18:20:00+00:00,41.71,41.85,41.6801,41.8,103235.0
2026-05-08 18:25:00+00:00,41.81,41.99,41.75,41.92,106173.0
2026-05-08 18:30:00+00:00,41.92,42.0,41.79,41.855,145483.0
2026-05-08 18:35:00+00:00,41.8698,42.04,41.84,41.84,165341.0
2026-05-08 18:40:00+00:00,41.835,41.87,41.6901,41.71,117719.0
2026-05-08 18:45:00+00:00,41.71,41.74,41.5,41.6,278518.0
2026-05-08 18:50:00+00:00,41.62,41.79,41.56,41.66,133596.0
2026-05-08 18:55:00+00:00,41.65,41.825,41.305,41.37,201586.0
2026-05-08 19:00:00+00:00,41.355,41.56,41.34,41.53,133138.0
2026-05-08 19:05:00+00:00,41.55,41.57,41.35,41.395,126648.0
2026-05-08 19:10:00+00:00,41.4,41.44,41.16,41.22,137784.0
2026-05-08 19:15:00+00:00,41.22,41.36,41.0548,41.12,138639.0
2026-05-08 19:20:00+00:00,41.13,41.23,41.03,41.1601,149806.0
2026-05-08 19:25:00+00:00,41.15,41.18,40.94,40.96,186523.0
2026-05-08 19:30:00+00:00,40.95,41.21,40.93,41.17,157657.0
2026-05-08 19:35:00+00:00,41.17,41.3634,41.17,41.33,177281.0
2026-05-08 19:40:00+00:00,41.32,41.48,41.25,41.35,193038.0
2026-05-08 19:45:00+00:00,41.36,41.4,41.173,41.215,292398.0
2026-05-08 19:50:00+00:00,41.22,41.5206,41.15,41.21,353699.0
2026-05-08 19:55:00+00:00,41.23,41.31,41.1101,41.28,980833.0
2026-05-08 20:00:00+00:00,41.28,41.28,40.84,41.165,1959707.0
2026-05-08 20:05:00+00:00,41.2,41.25,41.13,41.23,7439.0
2026-05-08 20:10:00+00:00,41.1628,41.2,41.15,41.18,6834.0
2026-05-08 20:15:00+00:00,41.15,41.25,41.15,41.21,10194.0
2026-05-08 20:20:00+00:00,41.22,41.2299,41.1608,41.1608,4438.0
2026-05-08 20:25:00+00:00,41.16,41.25,41.16,41.1684,2369.0
2026-05-08 20:30:00+00:00,41.116,41.24,41.11,41.2,26619.0
2026-05-08 20:35:00+00:00,41.21,41.22,41.1169,41.1169,440.0
2026-05-08 20:40:00+00:00,41.16,41.2,41.135,41.2,1795.0
2026-05-08 20:45:00+00:00,41.1,41.2,41.1,41.143,836.0
2026-05-08 20:50:00+00:00,41.1379,41.1379,41.13,41.13,472.0
2026-05-08 20:55:00+00:00,41.1391,41.1391,41.1391,41.1391,646.0
2026-05-08 21:00:00+00:00,41.13,41.24,41.13,41.19,3987.0
2026-05-08 21:05:00+00:00,41.1933,41.21,41.1933,41.21,585.0
2026-05-08 21:10:00+00:00,41.2,41.205,41.16,41.16,5170.0
2026-05-08 21:15:00+00:00,41.16,41.16,41.1505,41.16,1127.0
2026-05-08 21:25:00+00:00,41.17,41.18,41.17,41.18,391.0
2026-05-08 21:30:00+00:00,41.18,41.18,41.1511,41.1511,1085.0
2026-05-08 21:35:00+00:00,41.17,41.17,41.1691,41.1691,400.0
2026-05-08 21:40:00+00:00,41.17,41.17,41.16,41.16,426.0
2026-05-08 21:45:00+00:00,41.17,41.21,41.16,41.17,1206.0
2026-05-08 21:50:00+00:00,41.21,41.21,41.2,41.21,748.0
2026-05-08 21:55:00+00:00,41.2013,41.2013,41.2013,41.2013,509.0
2026-05-08 22:00:00+00:00,41.2,41.2394,41.2,41.2394,1300.0
2026-05-08 22:05:00+00:00,41.2,41.2,41.19,41.2,1181.0
2026-05-08 22:10:00+00:00,41.2,41.2,41.1517,41.1517,976.0
2026-05-08 22:15:00+00:00,41.15,41.15,41.13,41.1499,3772.0
2026-05-08 22:20:00+00:00,41.15,41.2,41.13,41.19,6227.0
2026-05-08 22:25:00+00:00,41.19,41.19,41.14,41.14,3168.0
2026-05-08 22:30:00+00:00,41.1301,41.1499,41.1,41.1,5637.0
2026-05-08 22:35:00+00:00,41.0592,41.13,41.0,41.13,4909.0
2026-05-08 22:40:00+00:00,41.0365,41.08,41.0,41.0,2967.0
2026-05-08 22:45:00+00:00,41.02,41.05,41.0,41.01,3419.0
2026-05-08 22:50:00+00:00,41.04,41.04,41.03,41.03,569.0
2026-05-08 22:55:00+00:00,41.05,41.05,41.02,41.02,790.0
2026-05-08 23:00:00+00:00,41.0481,41.05,41.02,41.05,1951.0
2026-05-08 23:05:00+00:00,41.04,41.05,41.02,41.05,1155.0
2026-05-08 23:10:00+00:00,41.02,41.05,41.02,41.05,500.0
2026-05-08 23:15:00+00:00,41.02,41.02,41.0152,41.0152,329.0
2026-05-08 23:20:00+00:00,41.02,41.05,41.01,41.05,2105.0
2026-05-08 23:25:00+00:00,41.05,41.05,41.02,41.02,563.0
2026-05-08 23:30:00+00:00,41.02,41.05,41.0,41.05,9981.0
2026-05-08 23:35:00+00:00,41.02,41.05,41.0,41.01,8467.0
2026-05-08 23:40:00+00:00,41.0,41.02,41.0,41.02,534.0
2026-05-08 23:45:00+00:00,41.02,41.04,41.0,41.04,2130.0
2026-05-08 23:50:00+00:00,41.0297,41.0297,41.02,41.02,1674.0
2026-05-08 23:55:00+00:00,41.0098,41.05,41.0,41.05,5347.0
2026-05-11 08:00:00+00:00,41.01,41.36,41.01,41.08,12471.0
2026-05-11 08:05:00+00:00,41.1021,41.12,41.09,41.09,2212.0
2026-05-11 08:10:00+00:00,41.15,41.15,41.02,41.13,2074.0
2026-05-11 08:15:00+00:00,41.0171,41.0182,41.01,41.01,2442.0
2026-05-11 08:20:00+00:00,41.07,41.07,41.07,41.07,1070.0
2026-05-11 08:25:00+00:00,41.08,41.08,40.75,40.75,5593.0
2026-05-11 08:30:00+00:00,40.76,40.89,40.75,40.89,1683.0
2026-05-11 08:35:00+00:00,40.82,40.82,40.81,40.81,331.0
2026-05-11 08:40:00+00:00,40.73,40.73,40.69,40.7,5222.0
2026-05-11 08:45:00+00:00,40.7,40.7,40.61,40.61,3197.0
2026-05-11 09:00:00+00:00,40.62,40.62,40.62,40.62,148.0
2026-05-11 09:05:00+00:00,40.71,40.8,40.71,40.77,1997.0
2026-05-11 09:15:00+00:00,40.75,40.75,40.65,40.65,640.0
2026-05-11 09:20:00+00:00,40.77,40.9,40.76,40.9,4777.0
2026-05-11 09:25:00+00:00,40.9,40.9,40.9,40.9,212.0
2026-05-11 09:35:00+00:00,40.99,40.99,40.99,40.99,115.0
2026-05-11 09:40:00+00:00,41.02,41.1,41.02,41.1,346.0
2026-05-11 09:45:00+00:00,41.13,41.14,41.05,41.05,1280.0
2026-05-11 09:50:00+00:00,40.97,40.97,40.97,40.97,100.0
2026-05-11 09:55:00+00:00,41.04,41.04,41.04,41.04,106.0
2026-05-11 10:00:00+00:00,40.95,40.95,40.59,40.75,6168.0
2026-05-11 10:05:00+00:00,40.77,40.77,40.77,40.77,220.0
2026-05-11 10:10:00+00:00,41.0,41.0,41.0,41.0,175.0
2026-05-11 10:15:00+00:00,40.88,40.96,40.88,40.96,771.0
2026-05-11 10:20:00+00:00,40.94,40.95,40.94,40.95,365.0
2026-05-11 10:25:00+00:00,40.77,40.77,40.77,40.77,200.0
2026-05-11 10:30:00+00:00,40.82,40.9,40.82,40.9,222.0
2026-05-11 10:35:00+00:00,40.86,40.86,40.86,40.86,270.0
2026-05-11 10:45:00+00:00,40.84,40.84,40.84,40.84,330.0
2026-05-11 11:00:00+00:00,40.89,40.96,40.67,40.7,17350.0
2026-05-11 11:05:00+00:00,40.71,40.94,40.7078,40.9,5772.0
2026-05-11 11:10:00+00:00,40.9,40.9299,40.75,40.75,4262.0
2026-05-11 11:15:00+00:00,40.75,40.8687,40.75,40.7901,3571.0
2026-05-11 11:20:00+00:00,40.79,40.8399,40.66,40.66,7786.0
2026-05-11 11:25:00+00:00,40.67,40.83,40.65,40.83,8957.0
2026-05-11 11:30:00+00:00,40.84,40.87,40.82,40.8481,3356.0
2026-05-11 11:35:00+00:00,40.85,40.8999,40.8052,40.8052,1888.0
2026-05-11 11:40:00+00:00,40.81,40.89,40.8,40.8,2460.0
2026-05-11 11:45:00+00:00,40.75,40.75,40.66,40.66,15703.0
2026-05-11 11:50:00+00:00,40.71,40.8488,40.56,40.56,8218.0
2026-05-11 11:55:00+00:00,40.79,40.79,40.51,40.55,2303.0
2026-05-11 12:00:00+00:00,40.5217,40.66,40.36,40.36,14396.0
2026-05-11 12:05:00+00:00,40.36,40.62,40.36,40.62,6874.0
2026-05-11 12:10:00+00:00,40.4,40.4,40.3,40.3,11028.0
2026-05-11 12:15:00+00:00,40.29,40.39,40.25,40.33,14769.0
2026-05-11 12:20:00+00:00,40.3,40.63,40.29,40.63,3311.0
2026-05-11 12:25:00+00:00,40.45,40.48,40.3592,40.4065,8174.0
2026-05-11 12:30:00+00:00,40.4498,40.51,40.4,40.47,11226.0
2026-05-11 12:35:00+00:00,40.45,40.45,40.4,40.44,3000.0
2026-05-11 12:40:00+00:00,40.44,40.46,40.3615,40.37,27251.0
2026-05-11 12:45:00+00:00,40.33,40.45,40.3,40.3,4123.0
2026-05-11 12:50:00+00:00,40.3908,40.3908,40.3,40.38,3956.0
2026-05-11 12:55:00+00:00,40.3576,40.3576,40.34,40.345,1226.0
2026-05-11 13:00:00+00:00,40.3698,40.38,40.32,40.38,10790.0
2026-05-11 13:05:00+00:00,40.39,40.49,40.34,40.49,8022.0
2026-05-11 13:10:00+00:00,40.3901,40.49,40.3901,40.4481,6422.0
2026-05-11 13:15:00+00:00,40.4086,40.4325,40.35,40.36,16693.0
2026-05-11 13:20:00+00:00,40.336,40.39,40.3,40.3,11337.0
2026-05-11 13:25:00+00:00,40.3,40.56,40.22,40.23,25489.0
2026-05-11 13:30:00+00:00,40.38,40.42,38.83,39.3205,1576667.0
2026-05-11 13:35:00+00:00,39.265,41.1295,39.11,41.11,808523.0
2026-05-11 13:40:00+00:00,41.09,42.2899,41.01,42.24,1043027.0
2026-05-11 13:45:00+00:00,42.28,42.85,41.77,42.85,823921.0
2026-05-11 13:50:00+00:00,42.85,43.71,42.62,43.065,907811.0
2026-05-11 13:55:00+00:00,43.07,43.35,42.79,43.0302,481912.0
2026-05-11 14:00:00+00:00,43.05,43.99,42.9305,43.63,538345.0
2026-05-11 14:05:00+00:00,43.615,44.6599,43.5201,44.63,800589.0
2026-05-11 14:10:00+00:00,44.645,45.36,44.25,45.0899,994084.0
2026-05-11 14:15:00+00:00,45.0636,45.16,44.7901,44.9001,527336.0
2026-05-11 14:20:00+00:00,44.89,45.34,44.7,45.1351,583308.0
2026-05-11 14:25:00+00:00,45.155,45.38,44.871,44.925,555132.0
2026-05-11 14:30:00+00:00,44.92,45.68,44.83,45.64,603984.0
2026-05-11 14:35:00+00:00,45.6434,46.17,45.61,46.06,742957.0
2026-05-11 14:40:00+00:00,46.07,46.2601,45.88,45.945,493431.0
2026-05-11 14:45:00+00:00,45.95,46.065,45.64,45.92,440759.0
2026-05-11 14:50:00+00:00,45.945,46.0,45.72,45.86,446769.0
2026-05-11 14:55:00+00:00,45.8525,46.0,45.72,45.76,367150.0
2026-05-11 15:00:00+00:00,45.75,45.855,45.3006,45.46,374208.0
2026-05-11 15:05:00+00:00,45.45,45.84,45.4,45.6,333801.0
2026-05-11 15:10:00+00:00,45.62,45.87,45.43,45.5,281944.0
2026-05-11 15:15:00+00:00,45.485,45.85,45.4301,45.57,184209.0
2026-05-11 15:20:00+00:00,45.55,45.99,45.55,45.94,248252.0
2026-05-11 15:25:00+00:00,45.96,45.99,45.72,45.865,171998.0
2026-05-11 15:30:00+00:00,45.85,45.91,45.66,45.77,136472.0
2026-05-11 15:35:00+00:00,45.78,45.91,45.49,45.805,209276.0
2026-05-11 15:40:00+00:00,45.82,45.8573,45.62,45.74,145036.0
2026-05-11 15:45:00+00:00,45.73,45.84,45.64,45.665,134000.0
2026-05-11 15:50:00+00:00,45.65,45.82,45.62,45.77,126574.0
2026-05-11 15:55:00+00:00,45.77,45.77,45.42,45.43,152989.0
2026-05-11 16:00:00+00:00,45.41,45.7299,45.3,45.7,235479.0
2026-05-11 16:05:00+00:00,45.7151,45.9401,45.69,45.755,187988.0
2026-05-11 16:10:00+00:00,45.755,45.9999,45.73,45.94,170041.0
2026-05-11 16:15:00+00:00,45.95,45.99,45.6603,45.76,164558.0
2026-05-11 16:20:00+00:00,45.76,45.76,45.63,45.67,102756.0
2026-05-11 16:25:00+00:00,45.64,45.85,45.64,45.8,136072.0
2026-05-11 16:30:00+00:00,45.79,45.89,45.71,45.785,220618.0
2026-05-11 16:35:00+00:00,45.78,45.83,45.6301,45.655,133584.0
2026-05-11 16:40:00+00:00,45.64,45.77,45.19,45.56,251447.0
2026-05-11 16:45:00+00:00,45.555,45.96,45.54,45.89,149742.0
2026-05-11 16:50:00+00:00,45.89,45.93,45.78,45.88,83370.0
2026-05-11 16:55:00+00:00,45.88,45.97,45.75,45.83,114861.0
2026-05-11 17:00:00+00:00,45.86,45.95,45.65,45.805,115252.0
2026-05-11 17:05:00+00:00,45.7902,45.835,45.59,45.64,144099.0
2026-05-11 17:10:00+00:00,45.64,45.8,45.47,45.71,113124.0
2026-05-11 17:15:00+00:00,45.69,45.81,45.665,45.76,104798.0
2026-05-11 17:20:00+00:00,45.78,46.16,45.74,46.0587,563164.0
2026-05-11 17:25:00+00:00,46.06,46.43,46.05,46.41,273908.0
2026-05-11 17:30:00+00:00,46.402,46.5,46.25,46.415,228017.0
2026-05-11 17:35:00+00:00,46.4298,46.61,46.415,46.48,229684.0
2026-05-11 17:40:00+00:00,46.52,46.6399,46.41,46.5701,161776.0
2026-05-11 17:45:00+00:00,46.5799,46.58,46.0101,46.08,268830.0
2026-05-11 17:50:00+00:00,46.08,46.13,45.76,45.86,217821.0
2026-05-11 17:55:00+00:00,45.83,46.04,45.26,45.27,299606.0
2026-05-11 18:00:00+00:00,45.28,45.4551,45.225,45.28,190410.0
2026-05-11 18:05:00+00:00,45.29,45.62,45.23,45.55,132227.0
2026-05-11 18:10:00+00:00,45.58,45.58,45.3305,45.36,116962.0
2026-05-11 18:15:00+00:00,45.355,45.47,45.15,45.43,172936.0
2026-05-11 18:20:00+00:00,45.42,45.49,45.28,45.42,98252.0
2026-05-11 18:25:00+00:00,45.4,45.45,45.22,45.28,116349.0
2026-05-11 18:30:00+00:00,45.25,45.38,45.19,45.37,149485.0
2026-05-11 18:35:00+00:00,45.4,45.48,45.29,45.33,100109.0
2026-05-11 18:40:00+00:00,45.345,45.437,45.26,45.32,100742.0
2026-05-11 18:45:00+00:00,45.32,45.45,45.29,45.41,94246.0
2026-05-11 18:50:00+00:00,45.425,45.58,45.2,45.28,183661.0
2026-05-11 18:55:00+00:00,45.27,45.47,44.88,45.0901,305926.0
2026-05-11 19:00:00+00:00,45.1199,45.4,45.1,45.275,142852.0
2026-05-11 19:05:00+00:00,45.29,45.6899,45.26,45.54,184053.0
2026-05-11 19:10:00+00:00,45.58,45.66,45.49,45.63,172565.0
2026-05-11 19:15:00+00:00,45.6204,45.66,45.3701,45.38,245206.0
2026-05-11 19:20:00+00:00,45.41,45.555,45.27,45.325,214450.0
2026-05-11 19:25:00+00:00,45.31,45.3188,44.55,44.63,366552.0
2026-05-11 19:30:00+00:00,44.61,45.11,44.52,44.78,222363.0
2026-05-11 19:35:00+00:00,44.78,44.8898,44.61,44.8,177868.0
2026-05-11 19:40:00+00:00,44.78,44.97,44.71,44.77,212169.0
2026-05-11 19:45:00+00:00,44.78,44.78,44.39,44.45,241399.0
2026-05-11 19:50:00+00:00,44.44,44.61,44.35,44.42,354456.0
2026-05-11 19:55:00+00:00,44.42,44.6284,44.36,44.59,727374.0
2026-05-11 20:00:00+00:00,44.59,44.87,44.48,44.63,1942390.0
2026-05-11 20:05:00+00:00,44.63,44.66,44.467,44.66,2933.0
2026-05-11 20:10:00+00:00,44.75,44.75,44.63,44.66,2951.0
2026-05-11 20:15:00+00:00,44.68,44.75,44.63,44.63,3186.0
2026-05-11 20:20:00+00:00,44.63,44.63,44.43,44.4637,13302.0
2026-05-11 20:25:00+00:00,44.55,44.6,44.2507,44.43,34348.0
2026-05-11 20:30:00+00:00,44.4699,44.4699,44.44,44.45,603.0
2026-05-11 20:35:00+00:00,44.51,44.5696,44.46,44.5099,2478.0
2026-05-11 20:40:00+00:00,44.46,44.51,44.45,44.49,23241.0
2026-05-11 20:45:00+00:00,44.454,44.46,44.355,44.39,4037.0
2026-05-11 20:50:00+00:00,44.4284,44.4284,44.33,44.37,2406.0
2026-05-11 20:55:00+00:00,44.4831,44.4831,44.37,44.42,1272.0
2026-05-11 21:00:00+00:00,44.399,44.399,44.3301,44.35,3479.0
2026-05-11 21:05:00+00:00,44.33,44.38,44.33,44.38,2182.0
2026-05-11 21:10:00+00:00,44.3,44.3607,44.3,44.3607,240.0
2026-05-11 21:15:00+00:00,44.3052,44.326,44.27,44.326,4460.0
2026-05-11 21:20:00+00:00,44.3348,44.3348,44.278,44.278,1760.0
2026-05-11 21:25:00+00:00,44.2536,44.3,44.2503,44.2503,3862.0
2026-05-11 21:30:00+00:00,44.2675,44.2707,44.26,44.26,686.0
2026-05-11 21:35:00+00:00,44.2686,44.36,44.26,44.36,5102.0
2026-05-11 21:40:00+00:00,44.38,44.5,44.326,44.4,5338.0
2026-05-11 21:50:00+00:00,44.35,44.35,44.3195,44.32,3465.0
2026-05-11 21:55:00+00:00,44.41,44.41,44.41,44.41,106.0
2026-05-11 22:00:00+00:00,44.44,44.47,44.41,44.4686,3244.0
2026-05-11 22:05:00+00:00,44.46,44.5,44.46,44.5,1108.0
2026-05-11 22:10:00+00:00,44.5,44.6,44.5,44.599,2476.0
2026-05-11 22:15:00+00:00,44.6,44.6,44.6,44.6,356.0
2026-05-11 22:20:00+00:00,44.5991,44.6,44.552,44.6,1435.0
2026-05-11 22:25:00+00:00,44.6,44.6,44.6,44.6,202.0
2026-05-11 22:30:00+00:00,44.6299,44.6299,44.6,44.6,2396.0
2026-05-11 22:40:00+00:00,44.64,44.64,44.64,44.64,190.0
2026-05-11 22:45:00+00:00,44.5545,44.65,44.55,44.65,2898.0
2026-05-11 22:50:00+00:00,44.65,44.85,44.65,44.65,3450.0
2026-05-11 22:55:00+00:00,44.67,44.67,44.65,44.6674,1378.0
2026-05-11 23:00:00+00:00,44.6504,44.6693,44.6504,44.6693,841.0
2026-05-11 23:05:00+00:00,44.66,44.7,44.66,44.7,1025.0
2026-05-11 23:10:00+00:00,44.7492,44.7492,44.67,44.67,2875.0
2026-05-11 23:15:00+00:00,44.67,44.7482,44.67,44.7,5025.0
2026-05-11 23:20:00+00:00,44.7494,44.7495,44.7494,44.7495,1007.0
2026-05-11 23:25:00+00:00,44.7492,44.75,44.7383,44.7383,631.0
2026-05-11 23:30:00+00:00,44.6794,44.7,44.67,44.7,915.0
2026-05-11 23:35:00+00:00,44.73,44.73,44.7246,44.73,1828.0
2026-05-11 23:40:00+00:00,44.73,44.73,44.66,44.6845,7373.0
2026-05-11 23:45:00+00:00,44.7147,44.73,44.6691,44.6691,1738.0
2026-05-11 23:50:00+00:00,44.715,44.73,44.7,44.7261,3027.0
2026-05-11 23:55:00+00:00,44.71,44.73,44.7,44.7217,4484.0
2026-05-12 08:00:00+00:00,44.54,44.56,43.52,43.75,31892.0
2026-05-12 08:05:00+00:00,43.62,43.79,43.52,43.52,1347.0
2026-05-12 08:10:00+00:00,43.55,43.93,43.5,43.51,7736.0
2026-05-12 08:15:00+00:00,43.42,43.65,43.26,43.4,7725.0
2026-05-12 08:20:00+00:00,43.4,43.57,43.4,43.57,260.0
2026-05-12 08:25:00+00:00,43.6,43.66,43.41,43.41,534.0
2026-05-12 08:30:00+00:00,43.57,43.715,43.5,43.57,6569.0
2026-05-12 08:35:00+00:00,43.83,43.83,43.6,43.83,943.0
2026-05-12 08:50:00+00:00,43.69,43.7,43.69,43.7,1400.0
2026-05-12 08:55:00+00:00,43.79,43.82,43.65,43.65,1870.0
2026-05-12 09:00:00+00:00,43.83,43.98,43.76,43.93,3715.0
2026-05-12 09:05:00+00:00,43.69,43.69,43.41,43.41,232.0
2026-05-12 09:10:00+00:00,43.84,43.84,43.62,43.62,490.0
2026-05-12 09:15:00+00:00,43.75,43.75,43.73,43.73,352.0
2026-05-12 09:20:00+00:00,43.73,43.82,43.71,43.82,1158.0
2026-05-12 09:40:00+00:00,44.02,44.02,43.99,43.99,1077.0
2026-05-12 09:45:00+00:00,44.06,44.11,44.05,44.11,1689.0
2026-05-12 09:50:00+00:00,44.17,44.2,44.17,44.2,1286.0
2026-05-12 09:55:00+00:00,44.18,44.21,44.18,44.21,1102.0
2026-05-12 10:00:00+00:00,44.16,44.16,44.16,44.16,209.0
2026-05-12 10:05:00+00:00,44.12,44.2,44.12,44.2,720.0
2026-05-12 10:10:00+00:00,44.26,44.4,44.26,44.33,2749.0
2026-05-12 10:15:00+00:00,44.32,44.32,44.26,44.26,2047.0
2026-05-12 10:20:00+00:00,44.35,44.35,44.35,44.35,709.0
2026-05-12 10:30:00+00:00,44.34,44.35,44.34,44.35,1140.0
2026-05-12 10:35:00+00:00,44.2,44.2,44.18,44.18,985.0
2026-05-12 10:40:00+00:00,44.1,44.1,44.09,44.09,1125.0
2026-05-12 10:45:00+00:00,44.1,44.1,44.1,44.1,335.0
2026-05-12 10:55:00+00:00,44.15,44.15,44.11,44.11,434.0
2026-05-12 11:00:00+00:00,44.28,44.35,44.086,44.35,14123.0
2026-05-12 11:05:00+00:00,44.0501,44.06,43.82,43.94,20555.0
2026-05-12 11:10:00+00:00,43.9585,44.3,43.85,43.85,22888.0
2026-05-12 11:15:00+00:00,43.8825,44.09,43.8825,44.0,4780.0
2026-05-12 11:20:00+00:00,43.8812,43.95,43.85,43.85,8234.0
2026-05-12 11:25:00+00:00,43.8812,44.0241,43.85,44.0241,4634.0
2026-05-12 11:30:00+00:00,43.938,44.09,43.88,44.0,4640.0
2026-05-12 11:35:00+00:00,43.92,44.09,43.92,44.0419,4830.0
2026-05-12 11:40:00+00:00,43.96,43.96,43.85,43.9235,12684.0
2026-05-12 11:45:00+00:00,43.85,43.937,43.85,43.875,5164.0
2026-05-12 11:50:00+00:00,43.95,43.95,43.89,43.9223,908.0
2026-05-12 11:55:00+00:00,43.85,43.89,43.82,43.82,1541.0
2026-05-12 12:00:00+00:00,43.9142,43.9142,43.7,43.7,30800.0
2026-05-12 12:05:00+00:00,43.7,43.8322,43.64,43.7346,11164.0
2026-05-12 12:10:00+00:00,43.65,43.7,43.58,43.58,16426.0
2026-05-12 12:15:00+00:00,43.55,43.67,43.5,43.5,15681.0
2026-05-12 12:20:00+00:00,43.54,43.6,43.43,43.4402,25653.0
2026-05-12 12:25:00+00:00,43.51,43.522,43.47,43.52,5018.0
2026-05-12 12:30:00+00:00,43.5,43.74,43.4,43.62,10252.0
2026-05-12 12:35:00+00:00,43.74,43.74,43.53,43.7279,13425.0
2026-05-12 12:40:00+00:00,43.7185,43.78,43.68,43.7,16400.0
2026-05-12 12:45:00+00:00,43.67,43.78,43.6,43.7414,5746.0
2026-05-12 12:50:00+00:00,43.71,43.7563,43.7,43.7,11322.0
2026-05-12 12:55:00+00:00,43.65,43.65,43.55,43.56,3338.0
2026-05-12 13:00:00+00:00,43.5,43.75,43.5,43.75,7764.0
2026-05-12 13:05:00+00:00,43.55,43.65,43.55,43.65,3346.0
2026-05-12 13:10:00+00:00,43.651,43.75,43.6,43.6,6741.0
2026-05-12 13:15:00+00:00,43.6,43.6503,43.41,43.41,24241.0
2026-05-12 13:20:00+00:00,43.4,43.5,43.4,43.5,9175.0
2026-05-12 13:25:00+00:00,43.5,43.88,43.42,43.64,22910.0
2026-05-12 13:30:00+00:00,43.65,44.96,43.3946,44.7,979458.0
2026-05-12 13:35:00+00:00,44.7,45.394,44.61,44.93,647117.0
2026-05-12 13:40:00+00:00,44.91,44.99,44.4601,44.615,495236.0
2026-05-12 13:45:00+00:00,44.72,44.99,44.23,44.445,491918.0
2026-05-12 13:50:00+00:00,44.48,44.85,44.42,44.825,492761.0
2026-05-12 13:55:00+00:00,44.81,44.8112,43.61,43.695,704996.0
2026-05-12 14:00:00+00:00,43.7143,44.3999,43.55,44.26,376405.0
2026-05-12 14:05:00+00:00,44.26,44.93,44.25,44.8,336039.0
2026-05-12 14:10:00+00:00,44.82,44.87,44.3,44.75,273938.0
2026-05-12 14:15:00+00:00,44.7511,44.81,44.03,44.41,259595.0
2026-05-12 14:20:00+00:00,44.39,44.5816,43.86,43.95,358505.0
2026-05-12 14:25:00+00:00,43.95,44.12,43.25,43.29,420550.0
2026-05-12 14:30:00+00:00,43.28,43.42,42.43,42.715,847210.0
2026-05-12 14:35:00+00:00,42.7,43.32,42.42,43.27,361087.0
2026-05-12 14:40:00+00:00,43.27,43.3799,42.94,43.05,170223.0
2026-05-12 14:45:00+00:00,43.035,43.06,42.685,42.685,207960.0
2026-05-12 14:50:00+00:00,42.7088,43.0244,42.39,42.915,268012.0
2026-05-12 14:55:00+00:00,42.93,42.98,42.65,42.73,157254.0
2026-05-12 15:00:00+00:00,42.77,42.84,42.41,42.58,266417.0
2026-05-12 15:05:00+00:00,42.58,43.0,42.45,42.9591,237032.0
2026-05-12 15:10:00+00:00,42.99,42.99,42.37,42.375,146573.0
2026-05-12 15:15:00+00:00,42.4,42.415,41.9,42.2,389919.0
2026-05-12 15:20:00+00:00,42.19,42.3,41.6601,41.73,282314.0
2026-05-12 15:25:00+00:00,41.74,41.97,41.6333,41.715,221704.0
2026-05-12 15:30:00+00:00,41.75,42.42,41.69,42.4101,209881.0
2026-05-12 15:35:00+00:00,42.42,42.68,42.2601,42.64,213202.0
2026-05-12 15:40:00+00:00,42.6899,42.8199,42.49,42.62,101797.0
2026-05-12 15:45:00+00:00,42.64,42.78,42.38,42.38,96965.0
2026-05-12 15:50:00+00:00,42.395,42.49,42.12,42.12,108136.0
2026-05-12 15:55:00+00:00,42.11,42.115,41.83,41.8617,202860.0
2026-05-12 16:00:00+00:00,41.85,42.42,41.78,42.345,158735.0
2026-05-12 16:05:00+00:00,42.345,42.575,42.29,42.5,168502.0
2026-05-12 16:10:00+00:00,42.5,42.93,42.4801,42.8812,136495.0
2026-05-12 16:15:00+00:00,42.88,42.93,42.6207,42.75,170262.0
2026-05-12 16:20:00+00:00,42.7379,42.91,42.64,42.65,140867.0
2026-05-12 16:25:00+00:00,42.69,42.705,42.51,42.61,103569.0
2026-05-12 16:30:00+00:00,42.66,42.725,42.24,42.24,138187.0
2026-05-12 16:35:00+00:00,42.26,42.44,41.93,41.93,285510.0
2026-05-12 16:40:00+00:00,41.95,41.98,41.3401,41.53,332241.0
2026-05-12 16:45:00+00:00,41.56,41.6389,41.23,41.34,169039.0
2026-05-12 16:50:00+00:00,41.3401,41.49,41.21,41.285,193914.0
2026-05-12 16:55:00+00:00,41.28,41.37,41.05,41.125,151494.0
2026-05-12 17:00:00+00:00,41.14,41.44,41.14,41.25,140233.0
2026-05-12 17:05:00+00:00,41.29,41.575,41.29,41.37,235055.0
2026-05-12 17:10:00+00:00,41.34,41.94,41.32,41.9274,252057.0
2026-05-12 17:15:00+00:00,41.94,42.31,41.915,42.31,150213.0
2026-05-12 17:20:00+00:00,42.31,42.68,42.23,42.5996,219836.0
2026-05-12 17:25:00+00:00,42.61,42.645,42.27,42.64,131355.0
2026-05-12 17:30:00+00:00,42.6499,42.82,42.59,42.72,131067.0
2026-05-12 17:35:00+00:00,42.7299,42.82,42.5201,42.5201,118431.0
2026-05-12 17:40:00+00:00,42.56,42.5918,42.46,42.565,61366.0
2026-05-12 17:45:00+00:00,42.57,42.64,42.43,42.57,95912.0
2026-05-12 17:50:00+00:00,42.58,42.58,42.33,42.39,74113.0
2026-05-12 17:55:00+00:00,42.41,42.67,42.365,42.54,118493.0
2026-05-12 18:00:00+00:00,42.55,42.86,42.53,42.85,125122.0
2026-05-12 18:05:00+00:00,42.845,43.07,42.79,43.03,163323.0
2026-05-12 18:10:00+00:00,43.025,43.23,43.01,43.203,138014.0
2026-05-12 18:15:00+00:00,43.23,43.4495,43.18,43.38,184850.0
2026-05-12 18:20:00+00:00,43.365,43.66,43.2124,43.25,203023.0
2026-05-12 18:25:00+00:00,43.27,43.4599,43.0675,43.32,155700.0
2026-05-12 18:30:00+00:00,43.29,43.64,43.29,43.48,143904.0
2026-05-12 18:35:00+00:00,43.44,43.6799,43.4179,43.58,135875.0
2026-05-12 18:40:00+00:00,43.56,43.7674,43.46,43.46,109664.0
2026-05-12 18:45:00+00:00,43.44,43.47,43.09,43.265,157381.0
2026-05-12 18:50:00+00:00,43.23,43.2995,42.945,42.985,106352.0
2026-05-12 18:55:00+00:00,42.985,43.215,42.58,42.62,165750.0
2026-05-12 19:00:00+00:00,42.6,42.91,42.6,42.77,140351.0
2026-05-12 19:05:00+00:00,42.79,43.1875,42.7695,43.14,98459.0
2026-05-12 19:10:00+00:00,43.135,43.25,43.035,43.09,93714.0
2026-05-12 19:15:00+00:00,43.06,43.15,42.94,43.02,63254.0
2026-05-12 19:20:00+00:00,43.02,43.12,42.9401,42.99,59685.0
2026-05-12 19:25:00+00:00,42.99,43.1,42.64,42.7399,160361.0
2026-05-12 19:30:00+00:00,42.74,43.555,42.73,43.555,157491.0
2026-05-12 19:35:00+00:00,43.55,43.846,43.52,43.7403,216379.0
2026-05-12 19:40:00+00:00,43.73,43.8905,43.72,43.825,147346.0
2026-05-12 19:45:00+00:00,43.81,43.96,43.8,43.9593,180032.0
2026-05-12 19:50:00+00:00,43.96,44.02,43.78,44.0,325604.0
2026-05-12 19:55:00+00:00,44.0,44.18,43.88,43.89,650315.0
2026-05-12 20:00:00+00:00,43.93,44.15,43.9,43.9,1440729.0
2026-05-12 20:05:00+00:00,43.9506,43.9506,43.76,43.79,8256.0
2026-05-12 20:10:00+00:00,43.85,43.95,43.8,43.91,1378.0
2026-05-12 20:15:00+00:00,43.91,43.91,43.8,43.88,22400.0
2026-05-12 20:20:00+00:00,43.9182,43.9182,43.8,43.9178,9728.0
2026-05-12 20:25:00+00:00,43.78,43.91,43.7723,43.87,1801.0
2026-05-12 20:30:00+00:00,43.76,43.87,43.71,43.71,3897.0
2026-05-12 20:35:00+00:00,43.67,43.69,43.67,43.69,1838.0
2026-05-12 20:40:00+00:00,43.69,43.7438,43.69,43.7438,3747.0
2026-05-12 20:45:00+00:00,43.79,43.91,43.75,43.91,1459.0
2026-05-12 20:55:00+00:00,43.8748,43.8748,43.8748,43.8748,242.0
2026-05-12 21:10:00+00:00,43.745,43.745,43.745,43.745,151.0
2026-05-12 21:20:00+00:00,43.79,43.8,43.79,43.8,436.0
2026-05-12 21:25:00+00:00,43.8,43.8,43.8,43.8,3043.0
2026-05-12 21:30:00+00:00,43.75,43.8,43.6911,43.7986,914.0
2026-05-12 21:40:00+00:00,43.8099,43.81,43.8099,43.81,270.0
2026-05-12 21:45:00+00:00,43.7502,43.7502,43.7502,43.7502,235.0
2026-05-12 22:00:00+00:00,43.8,43.8,43.7001,43.7001,1137.0
2026-05-12 22:05:00+00:00,43.81,43.89,43.81,43.89,2723.0
2026-05-12 22:10:00+00:00,43.77,43.82,43.77,43.82,511.0
2026-05-12 22:20:00+00:00,43.88,43.88,43.81,43.8185,3924.0
2026-05-12 22:25:00+00:00,43.82,43.82,43.82,43.82,210.0
2026-05-12 22:35:00+00:00,43.88,43.91,43.81,43.91,1758.0
2026-05-12 22:40:00+00:00,43.92,43.92,43.92,43.92,630.0
2026-05-12 22:50:00+00:00,43.827,43.827,43.827,43.827,135.0
2026-05-12 22:55:00+00:00,43.92,43.92,43.81,43.92,3126.0
2026-05-12 23:00:00+00:00,43.91,43.91,43.81,43.8891,891.0
2026-05-12 23:05:00+00:00,43.95,43.95,43.95,43.95,512.0
2026-05-12 23:10:00+00:00,43.93,43.93,43.93,43.93,184.0
2026-05-12 23:15:00+00:00,43.8975,43.93,43.8975,43.93,713.0
2026-05-12 23:20:00+00:00,43.88,43.8805,43.86,43.8805,535.0
2026-05-12 23:25:00+00:00,43.8144,43.8144,43.8144,43.8144,206.0
2026-05-12 23:30:00+00:00,43.82,43.82,43.8,43.8,459.0
2026-05-12 23:35:00+00:00,43.7943,43.8897,43.7801,43.8897,2331.0
2026-05-12 23:40:00+00:00,43.8185,43.8185,43.8185,43.8185,1451.0
2026-05-12 23:45:00+00:00,43.82,43.84,43.7005,43.8235,3745.0
2026-05-12 23:50:00+00:00,43.87,43.87,43.87,43.87,280.0
2026-05-12 23:55:00+00:00,43.7563,43.7563,43.7563,43.7563,278.0
2026-05-13 08:00:00+00:00,44.36,44.8,44.26,44.8,22332.0
2026-05-13 08:05:00+00:00,44.8,44.86,44.4,44.86,4000.0
2026-05-13 08:10:00+00:00,44.87,44.99,44.86,44.87,8027.0
2026-05-13 08:15:00+00:00,44.93,45.0,44.9,44.99,2891.0
2026-05-13 08:20:00+00:00,44.97,45.18,44.96,45.1,7523.0
2026-05-13 08:25:00+00:00,45.0926,45.2,45.08,45.1,4140.0
2026-05-13 08:30:00+00:00,45.15,45.15,45.09,45.09,5118.0
2026-05-13 08:35:00+00:00,45.1906,45.2,45.08,45.09,2379.0
2026-05-13 08:40:00+00:00,45.14,45.2,45.07,45.11,6466.0
2026-05-13 08:45:00+00:00,45.1,45.14,45.05,45.14,2433.0
2026-05-13 08:50:00+00:00,45.01,45.13,45.0,45.0,1552.0
2026-05-13 08:55:00+00:00,45.1,45.1,45.09,45.09,251.0
2026-05-13 09:00:00+00:00,45.1,45.1,44.94,44.94,1281.0
2026-05-13 09:05:00+00:00,45.04,45.04,44.89,44.89,1234.0
2026-05-13 09:10:00+00:00,44.88,44.89,44.77,44.88,3413.0
2026-05-13 09:15:00+00:00,44.88,44.88,44.75,44.75,3484.0
2026-05-13 09:20:00+00:00,44.79,44.9,44.79,44.86,3691.0
2026-05-13 09:25:00+00:00,44.89,44.99,44.89,44.97,2835.0
2026-05-13 09:30:00+00:00,45.0,45.0,45.0,45.0,110.0
2026-05-13 09:35:00+00:00,45.01,45.01,45.0,45.0,795.0
2026-05-13 09:40:00+00:00,45.01,45.02,44.7,44.73,8317.0
2026-05-13 09:45:00+00:00,44.88,44.88,44.88,44.88,417.0
2026-05-13 09:50:00+00:00,44.87,44.88,44.87,44.87,644.0
2026-05-13 09:55:00+00:00,44.9,44.9,44.88,44.88,2238.0
2026-05-13 10:00:00+00:00,44.86,44.86,44.86,44.86,100.0
2026-05-13 10:10:00+00:00,44.99,45.04,44.85,44.97,5963.0
2026-05-13 10:20:00+00:00,44.88,44.94,44.88,44.94,588.0
2026-05-13 10:25:00+00:00,44.88,45.06,44.88,45.06,800.0
2026-05-13 10:30:00+00:00,44.86,44.86,44.86,44.86,303.0
2026-05-13 10:35:00+00:00,44.86,44.86,44.86,44.86,366.0
2026-05-13 10:40:00+00:00,45.04,45.0462,45.0,45.0462,1340.0
2026-05-13 10:45:00+00:00,44.84,44.84,44.84,44.84,138.0
2026-05-13 10:50:00+00:00,44.9,44.9,44.9,44.9,100.0
2026-05-13 11:00:00+00:00,44.82,45.2,44.8,44.99,49821.0
2026-05-13 11:05:00+00:00,45.0,45.31,45.0,45.28,91486.0
2026-05-13 11:10:00+00:00,45.3036,45.49,45.2,45.49,33211.0
2026-05-13 11:15:00+00:00,45.393,45.5,45.36,45.3969,8685.0
2026-05-13 11:20:00+00:00,45.45,45.5,45.3782,45.45,9088.0
2026-05-13 11:25:00+00:00,45.38,45.4498,45.3,45.4,11346.0
2026-05-13 11:30:00+00:00,45.35,45.49,45.33,45.38,8364.0
2026-05-13 11:35:00+00:00,45.4,45.5,45.34,45.45,8713.0
2026-05-13 11:40:00+00:00,45.49,45.66,45.485,45.66,34194.0
2026-05-13 11:45:00+00:00,45.6,45.6,45.45,45.45,14449.0
2026-05-13 11:50:00+00:00,45.47,45.5,45.3968,45.4935,16221.0
2026-05-13 11:55:00+00:00,45.4986,45.56,45.48,45.5,11295.0
2026-05-13 12:00:00+00:00,45.4754,45.65,45.44,45.62,11325.0
2026-05-13 12:05:00+00:00,45.65,45.65,45.45,45.65,9128.0
2026-05-13 12:10:00+00:00,45.5935,45.63,45.4713,45.4713,12877.0
2026-05-13 12:15:00+00:00,45.45,45.5,45.4174,45.4174,4181.0
2026-05-13 12:20:00+00:00,45.37,45.4,45.25,45.25,7565.0
2026-05-13 12:25:00+00:00,45.33,45.33,45.15,45.19,4232.0
2026-05-13 12:30:00+00:00,45.14,45.14,44.6921,44.96,17687.0
2026-05-13 12:35:00+00:00,44.88,44.89,44.6,44.7123,12670.0
2026-05-13 12:40:00+00:00,44.63,44.96,44.6103,44.7714,14291.0
2026-05-13 12:45:00+00:00,44.8727,44.92,44.7191,44.8766,4516.0
2026-05-13 12:50:00+00:00,44.7307,44.93,44.65,44.83,8034.0
2026-05-13 12:55:00+00:00,44.84,44.91,44.6589,44.9,8297.0
2026-05-13 13:00:00+00:00,44.9,45.0,44.9,44.9972,18890.0
2026-05-13 13:05:00+00:00,44.9989,45.0,44.92,44.96,32863.0
2026-05-13 13:10:00+00:00,44.85,45.0,44.82,44.9426,10435.0
2026-05-13 13:15:00+00:00,44.9361,45.0,44.8,44.81,18695.0
2026-05-13 13:20:00+00:00,44.81,44.95,44.74,44.77,13338.0
2026-05-13 13:25:00+00:00,44.98,45.3,44.7625,45.0,109174.0
2026-05-13 13:30:00+00:00,45.0,45.6,44.51,44.615,847483.0
2026-05-13 13:35:00+00:00,44.6576,44.78,43.56,43.8027,658110.0
2026-05-13 13:40:00+00:00,43.8239,44.31,43.36,43.36,391662.0
2026-05-13 13:45:00+00:00,43.38,43.62,42.93,43.61,320568.0
2026-05-13 13:50:00+00:00,43.615,44.2,42.9635,44.105,457836.0
2026-05-13 13:55:00+00:00,44.105,44.3,43.45,43.68,338061.0
2026-05-13 14:00:00+00:00,43.73,43.84,43.3,43.645,202632.0
2026-05-13 14:05:00+00:00,43.6359,43.815,43.1623,43.34,169874.0
2026-05-13 14:10:00+00:00,43.34,43.7,43.26,43.55,185604.0
2026-05-13 14:15:00+00:00,43.5,43.78,43.34,43.525,158153.0
2026-05-13 14:20:00+00:00,43.49,44.0,43.45,43.9,259140.0
2026-05-13 14:25:00+00:00,43.89,44.17,43.66,43.685,223511.0
2026-05-13 14:30:00+00:00,43.66,44.15,43.643,44.01,208444.0
2026-05-13 14:35:00+00:00,44.01,44.23,43.875,44.09,132090.0
2026-05-13 14:40:00+00:00,44.06,44.255,44.02,44.255,142877.0
2026-05-13 14:45:00+00:00,44.25,44.46,44.0,44.25,177527.0
2026-05-13 14:50:00+00:00,44.28,44.55,44.22,44.46,149004.0
2026-05-13 14:55:00+00:00,44.455,44.63,44.4,44.58,121187.0
2026-05-13 15:00:00+00:00,44.56,44.59,44.05,44.07,231457.0
2026-05-13 15:05:00+00:00,44.0501,44.38,43.96,44.35,141742.0
2026-05-13 15:10:00+00:00,44.36,44.5,44.32,44.435,97968.0
2026-05-13 15:15:00+00:00,44.45,44.51,44.35,44.44,140113.0
2026-05-13 15:20:00+00:00,44.44,44.52,44.2,44.3,171810.0
2026-05-13 15:25:00+00:00,44.2901,44.335,44.13,44.3295,87309.0
2026-05-13 15:30:00+00:00,44.3,44.34,44.0,44.13,148869.0
2026-05-13 15:35:00+00:00,44.1,44.37,44.1,44.325,106537.0
2026-05-13 15:40:00+00:00,44.33,44.35,44.1227,44.3,101244.0
2026-05-13 15:45:00+00:00,44.28,44.45,44.12,44.395,123933.0
2026-05-13 15:50:00+00:00,44.383,44.4,44.2,44.2,92484.0
2026-05-13 15:55:00+00:00,44.19,44.3,43.8,43.89,141497.0
2026-05-13 16:00:00+00:00,43.88,44.33,43.85,44.22,120573.0
2026-05-13 16:05:00+00:00,44.22,44.46,44.2,44.44,73383.0
2026-05-13 16:10:00+00:00,44.44,44.72,44.41,44.685,207133.0
2026-05-13 16:15:00+00:00,44.685,44.73,44.62,44.71,176996.0
2026-05-13 16:20:00+00:00,44.69,44.99,44.54,44.945,139029.0
2026-05-13 16:25:00+00:00,44.95,45.15,44.761,44.95,181392.0
2026-05-13 16:30:00+00:00,44.93,45.16,44.77,45.135,162716.0
2026-05-13 16:35:00+00:00,45.125,45.15,44.875,44.9,122043.0
2026-05-13 16:40:00+00:00,44.87,45.11,44.87,44.987,81567.0
2026-05-13 16:45:00+00:00,44.98,45.0251,44.7101,44.76,81534.0
2026-05-13 16:50:00+00:00,44.74,45.0,44.66,44.835,122088.0
2026-05-13 16:55:00+00:00,44.85,45.03,44.8304,45.03,85103.0
2026-05-13 17:00:00+00:00,45.05,45.21,45.03,45.03,142638.0
2026-05-13 17:05:00+00:00,45.03,45.27,44.99,45.165,107875.0
2026-05-13 17:10:00+00:00,45.16,45.31,45.09,45.31,106906.0
2026-05-13 17:15:00+00:00,45.31,45.4,45.17,45.2556,97504.0
2026-05-13 17:20:00+00:00,45.26,45.33,45.22,45.24,72778.0
2026-05-13 17:25:00+00:00,45.28,45.39,45.22,45.3099,90782.0
2026-05-13 17:30:00+00:00,45.28,45.3,45.13,45.18,89866.0
2026-05-13 17:35:00+00:00,45.1702,45.299,45.15,45.255,64216.0
2026-05-13 17:40:00+00:00,45.25,45.3,45.17,45.22,101478.0
2026-05-13 17:45:00+00:00,45.215,45.215,45.02,45.07,79300.0
2026-05-13 17:50:00+00:00,45.085,45.25,45.0701,45.19,68197.0
2026-05-13 17:55:00+00:00,45.22,45.33,45.06,45.065,78858.0
2026-05-13 18:00:00+00:00,45.06,45.21,45.06,45.16,49969.0
2026-05-13 18:05:00+00:00,45.15,45.28,45.14,45.22,74843.0
2026-05-13 18:10:00+00:00,45.25,45.4399,45.195,45.39,106077.0
2026-05-13 18:15:00+00:00,45.418,45.56,45.36,45.56,155845.0
2026-05-13 18:20:00+00:00,45.56,45.86,45.55,45.8044,238017.0
2026-05-13 18:25:00+00:00,45.8,46.0592,45.68,45.775,432590.0
2026-05-13 18:30:00+00:00,45.785,45.97,45.7523,45.9,149210.0
2026-05-13 18:35:00+00:00,45.892,46.16,45.75,46.16,128516.0
2026-05-13 18:40:00+00:00,46.13,46.215,45.94,45.945,159485.0
2026-05-13 18:45:00+00:00,45.96,46.035,45.63,45.71,179097.0
2026-05-13 18:50:00+00:00,45.7216,45.9219,45.6805,45.8099,139680.0
2026-05-13 18:55:00+00:00,45.79,45.99,45.45,45.47,261200.0
2026-05-13 19:00:00+00:00,45.46,45.69,45.46,45.635,111086.0
2026-05-13 19:05:00+00:00,45.62,45.855,45.48,45.85,102485.0
2026-05-13 19:10:00+00:00,45.86,45.96,45.78,45.81,109062.0
2026-05-13 19:15:00+00:00,45.81,45.88,45.68,45.76,92213.0
2026-05-13 19:20:00+00:00,45.78,45.819,45.6101,45.66,121291.0
2026-05-13 19:25:00+00:00,45.67,45.92,45.64,45.65,138639.0
2026-05-13 19:30:00+00:00,45.64,46.09,45.61,46.04,194094.0
2026-05-13 19:35:00+00:00,46.04,46.21,46.02,46.2,158147.0
2026-05-13 19:40:00+00:00,46.21,46.28,45.9,45.95,174189.0
2026-05-13 19:45:00+00:00,45.96,45.98,45.79,45.9101,142782.0
2026-05-13 19:50:00+00:00,45.93,45.94,45.62,45.625,291494.0
2026-05-13 19:55:00+00:00,45.64,45.7251,45.45,45.48,723633.0
2026-05-13 20:00:00+00:00,45.48,45.48,45.06,45.2641,665649.0
2026-05-13 20:05:00+00:00,45.26,45.4483,45.26,45.4483,8956.0
2026-05-13 20:10:00+00:00,45.45,45.45,45.29,45.3793,3741.0
2026-05-13 20:15:00+00:00,45.38,45.45,45.3,45.45,2936.0
2026-05-13 20:20:00+00:00,45.4,45.4,45.3018,45.3018,790.0
2026-05-13 20:25:00+00:00,45.36,45.36,45.36,45.36,127.0
2026-05-13 20:30:00+00:00,45.31,45.44,45.31,45.44,575.0
2026-05-13 20:35:00+00:00,45.39,45.4497,45.39,45.4497,1710.0
2026-05-13 20:40:00+00:00,45.41,45.48,45.41,45.4152,4063.0
2026-05-13 20:45:00+00:00,45.45,45.48,45.45,45.48,2634.0
2026-05-13 20:50:00+00:00,45.4238,45.4238,45.4237,45.4237,482.0
2026-05-13 20:55:00+00:00,45.4,45.4,45.4,45.4,251.0
2026-05-13 21:00:00+00:00,45.4227,45.4227,45.4227,45.4227,231.0
2026-05-13 21:10:00+00:00,45.45,45.45,45.45,45.45,2041.0
2026-05-13 21:15:00+00:00,45.44,45.48,45.44,45.48,726.0
2026-05-13 21:20:00+00:00,45.466,45.47,45.4122,45.4122,1689.0
2026-05-13 21:25:00+00:00,45.48,45.48,45.4,45.48,1388.0
2026-05-13 21:30:00+00:00,45.5,45.5,45.46,45.46,845.0
2026-05-13 21:35:00+00:00,45.48,45.48,45.48,45.48,1001.0
2026-05-13 21:40:00+00:00,45.47,45.47,45.47,45.47,133.0
2026-05-13 21:45:00+00:00,45.5,45.5,45.46,45.46,1351.0
2026-05-13 21:50:00+00:00,45.46,45.46,45.42,45.4304,603.0
2026-05-13 21:55:00+00:00,45.4203,45.4203,45.4203,45.4203,915.0
2026-05-13 22:00:00+00:00,45.5,45.5,45.47,45.49,642.0
2026-05-13 22:05:00+00:00,45.4,45.4,45.4,45.4,114.0
2026-05-13 22:15:00+00:00,45.5,45.5,45.4,45.5,2133.0
2026-05-13 22:20:00+00:00,45.4988,45.5,45.4,45.5,1216.0
2026-05-13 22:25:00+00:00,45.418,45.5,45.418,45.4991,3137.0
2026-05-13 22:30:00+00:00,45.489,45.5,45.489,45.49,2120.0
2026-05-13 22:35:00+00:00,45.45,45.47,45.45,45.47,1204.0
2026-05-13 22:40:00+00:00,45.4258,45.5,45.4258,45.5,657.0
2026-05-13 22:45:00+00:00,45.46,45.5,45.4221,45.4221,1591.0
2026-05-13 22:50:00+00:00,45.5,45.5,45.46,45.5,698.0
2026-05-13 22:55:00+00:00,45.47,45.5,45.47,45.5,1355.0
2026-05-13 23:00:00+00:00,45.4993,45.5,45.4965,45.5,2991.0
2026-05-13 23:05:00+00:00,45.57,45.57,45.52,45.52,2227.0
2026-05-13 23:10:00+00:00,45.57,45.67,45.57,45.67,1921.0
2026-05-13 23:15:00+00:00,45.74,45.74,45.6,45.6687,2231.0
2026-05-13 23:20:00+00:00,45.6643,45.6643,45.4544,45.4544,1745.0
2026-05-13 23:25:00+00:00,45.55,45.55,45.44,45.44,2269.0
2026-05-13 23:30:00+00:00,45.46,45.5,45.46,45.5,373.0
2026-05-13 23:35:00+00:00,45.68,45.68,45.62,45.68,775.0
2026-05-13 23:40:00+00:00,45.62,45.66,45.45,45.66,2108.0
2026-05-13 23:45:00+00:00,45.65,45.65,45.5,45.5,758.0
2026-05-13 23:50:00+00:00,45.67,45.67,45.57,45.6479,2058.0
2026-05-13 23:55:00+00:00,45.56,45.6,45.55,45.55,766.0
2026-05-14 08:00:00+00:00,45.26,45.7008,45.23,45.56,9408.0
2026-05-14 08:05:00+00:00,45.6,45.6,45.6,45.6,653.0
2026-05-14 08:10:00+00:00,45.74,45.74,45.64,45.64,963.0
2026-05-14 08:15:00+00:00,45.65,45.65,45.65,45.65,232.0
2026-05-14 08:20:00+00:00,45.69,45.7,45.69,45.7,292.0
2026-05-14 08:25:00+00:00,45.69,45.69,45.6864,45.6864,316.0
2026-05-14 08:35:00+00:00,45.65,45.66,45.65,45.66,781.0
2026-05-14 08:40:00+00:00,45.61,45.64,45.5,45.5,1850.0
2026-05-14 08:50:00+00:00,45.56,45.6,45.56,45.6,397.0
2026-05-14 09:05:00+00:00,45.64,45.64,45.64,45.64,180.0
2026-05-14 09:10:00+00:00,45.64,45.65,45.62,45.62,723.0
2026-05-14 09:25:00+00:00,45.52,45.52,45.45,45.45,2269.0
2026-05-14 09:30:00+00:00,45.41,45.51,45.41,45.51,471.0
2026-05-14 09:35:00+00:00,45.41,45.41,45.22,45.22,2170.0
2026-05-14 09:40:00+00:00,45.2,45.2048,45.2,45.2,771.0
2026-05-14 09:55:00+00:00,45.3509,45.3509,45.3509,45.3509,200.0
2026-05-14 10:00:00+00:00,45.69,45.69,45.69,45.69,1070.0
2026-05-14 10:05:00+00:00,45.68,45.68,45.68,45.68,196.0
2026-05-14 10:10:00+00:00,45.6,45.61,45.6,45.61,386.0
2026-05-14 10:25:00+00:00,45.51,45.51,45.5,45.5,1070.0
2026-05-14 10:45:00+00:00,45.37,45.41,45.37,45.41,1300.0
2026-05-14 10:50:00+00:00,45.33,45.48,45.33,45.48,768.0
2026-05-14 10:55:00+00:00,45.32,45.41,45.32,45.41,540.0
2026-05-14 11:00:00+00:00,45.4,45.5,45.4,45.5,3163.0
2026-05-14 11:05:00+00:00,45.4,45.67,45.4,45.6,4878.0
2026-05-14 11:10:00+00:00,45.64,45.6716,45.55,45.55,2382.0
2026-05-14 11:15:00+00:00,45.6,45.7,45.56,45.59,1183.0
2026-05-14 11:20:00+00:00,45.66,45.72,45.4,45.6,8771.0
2026-05-14 11:25:00+00:00,45.7,45.7,45.5,45.52,1420.0
2026-05-14 11:30:00+00:00,45.5208,45.6,45.5208,45.6,2129.0
2026-05-14 11:35:00+00:00,45.6,45.65,45.52,45.65,4298.0
2026-05-14 11:40:00+00:00,45.67,45.75,45.57,45.57,26621.0
2026-05-14 11:45:00+00:00,45.6222,45.8,45.58,45.79,2131.0
2026-05-14 11:50:00+00:00,45.65,45.75,45.56,45.61,5142.0
2026-05-14 11:55:00+00:00,45.6,45.6,45.49,45.5018,3082.0
2026-05-14 12:00:00+00:00,45.5014,45.6,45.5014,45.5696,1677.0
2026-05-14 12:05:00+00:00,45.513,45.5993,45.51,45.55,4620.0
2026-05-14 12:10:00+00:00,45.6,45.6,45.5217,45.6,31214.0
2026-05-14 12:15:00+00:00,45.5881,45.5881,45.4086,45.41,15704.0
2026-05-14 12:20:00+00:00,45.45,45.58,45.45,45.5279,2592.0
2026-05-14 12:25:00+00:00,45.55,45.6,45.525,45.525,4834.0
2026-05-14 12:30:00+00:00,45.5,45.71,45.5,45.53,4565.0
2026-05-14 12:35:00+00:00,45.5,45.6675,45.45,45.55,8042.0
2026-05-14 12:40:00+00:00,45.5,45.5,45.4,45.43,15089.0
2026-05-14 12:45:00+00:00,45.42,45.49,45.3,45.41,24233.0
2026-05-14 12:50:00+00:00,45.4283,45.4283,45.3,45.3,6870.0
2026-05-14 12:55:00+00:00,45.4,45.4,45.25,45.34,23697.0
2026-05-14 13:00:00+00:00,45.3,45.33,45.25,45.2535,12318.0
2026-05-14 13:05:00+00:00,45.2973,45.2973,45.2,45.21,17590.0
2026-05-14 13:10:00+00:00,45.2011,45.34,45.2,45.2,3037.0
2026-05-14 13:15:00+00:00,45.2375,45.2649,45.22,45.26,8289.0
2026-05-14 13:20:00+00:00,45.2401,45.28,45.2401,45.28,5349.0
2026-05-14 13:25:00+00:00,45.2796,45.32,45.2,45.32,7208.0
2026-05-14 13:30:00+00:00,45.39,45.48,44.59,44.62,534964.0
2026-05-14 13:35:00+00:00,44.64,45.19,44.6,44.877,308066.0
2026-05-14 13:40:00+00:00,44.86,44.9299,44.41,44.7704,319350.0
2026-05-14 13:45:00+00:00,44.77,45.75,44.71,45.555,419943.0
2026-05-14 13:50:00+00:00,45.53,45.67,44.8707,45.025,283570.0
2026-05-14 13:55:00+00:00,45.015,45.4,44.2,44.2725,328906.0
2026-05-14 14:00:00+00:00,44.25,45.22,44.195,45.2,253380.0
2026-05-14 14:05:00+00:00,45.24,45.59,44.95,45.475,214453.0
2026-05-14 14:10:00+00:00,45.52,45.79,45.405,45.715,292712.0
2026-05-14 14:15:00+00:00,45.71,46.04,45.5201,45.85,357715.0
2026-05-14 14:20:00+00:00,45.885,46.1,45.72,45.795,263678.0
2026-05-14 14:25:00+00:00,45.84,46.39,45.84,46.25,443555.0
2026-05-14 14:30:00+00:00,46.22,46.5,45.922,46.43,299016.0
2026-05-14 14:35:00+00:00,46.3901,47.0599,46.35,46.9,574802.0
2026-05-14 14:40:00+00:00,46.92,47.11,46.42,46.65,310260.0
2026-05-14 14:45:00+00:00,46.68,46.97,46.42,46.78,246977.0
2026-05-14 14:50:00+00:00,46.795,47.15,46.6801,47.0196,215733.0
2026-05-14 14:55:00+00:00,47.005,47.16,46.18,46.18,220722.0
2026-05-14 15:00:00+00:00,46.1875,46.43,46.07,46.08,274026.0
2026-05-14 15:05:00+00:00,46.07,46.46,45.9322,46.455,172415.0
2026-05-14 15:10:00+00:00,46.47,46.7922,46.35,46.7591,142251.0
2026-05-14 15:15:00+00:00,46.742,46.8498,46.59,46.75,112505.0
2026-05-14 15:20:00+00:00,46.73,46.9,46.5607,46.59,161644.0
2026-05-14 15:25:00+00:00,46.62,46.7,46.41,46.68,108936.0
2026-05-14 15:30:00+00:00,46.665,46.79,46.4,46.54,129988.0
2026-05-14 15:35:00+00:00,46.5525,46.8,46.5,46.56,124834.0
2026-05-14 15:40:00+00:00,46.516,46.65,46.46,46.6,131663.0
2026-05-14 15:45:00+00:00,46.605,46.6466,46.41,46.6351,86109.0
2026-05-14 15:50:00+00:00,46.63,46.95,46.5203,46.89,129326.0
2026-05-14 15:55:00+00:00,46.89,46.97,46.7,46.7,110312.0
2026-05-14 16:00:00+00:00,46.69,47.03,46.69,46.98,112581.0
2026-05-14 16:05:00+00:00,46.99,47.1272,46.85,47.09,160367.0
2026-05-14 16:10:00+00:00,47.1,47.4299,47.09,47.32,209543.0
2026-05-14 16:15:00+00:00,47.325,47.48,47.17,47.19,130893.0
2026-05-14 16:20:00+00:00,47.19,47.45,47.0633,47.41,181380.0
2026-05-14 16:25:00+00:00,47.4343,47.44,47.15,47.31,130971.0
2026-05-14 16:30:00+00:00,47.32,47.73,47.305,47.6,320997.0
2026-05-14 16:35:00+00:00,47.63,47.69,47.47,47.49,168140.0
2026-05-14 16:40:00+00:00,47.49,47.74,47.4,47.47,194654.0
2026-05-14 16:45:00+00:00,47.48,47.6367,47.3146,47.55,144818.0
2026-05-14 16:50:00+00:00,47.58,47.62,47.32,47.375,101718.0
2026-05-14 16:55:00+00:00,47.3301,47.7,47.1,47.68,156998.0
2026-05-14 17:00:00+00:00,47.68,47.79,47.55,47.66,136248.0
2026-05-14 17:05:00+00:00,47.665,47.74,47.25,47.271,148779.0
2026-05-14 17:10:00+00:00,47.29,47.4,46.65,46.66,373954.0
2026-05-14 17:15:00+00:00,46.66,46.75,46.09,46.32,362516.0
2026-05-14 17:20:00+00:00,46.34,46.535,46.03,46.14,369344.0
2026-05-14 17:25:00+00:00,46.13,46.5632,46.08,46.2901,186939.0
2026-05-14 17:30:00+00:00,46.25,46.5,46.0,46.35,128754.0
2026-05-14 17:35:00+00:00,46.34,46.92,46.34,46.685,159188.0
2026-05-14 17:40:00+00:00,46.679,46.84,46.61,46.76,99111.0
2026-05-14 17:45:00+00:00,46.765,46.84,46.5676,46.79,99191.0
2026-05-14 17:50:00+00:00,46.8,46.865,46.6001,46.8,90855.0
2026-05-14 17:55:00+00:00,46.79,46.84,46.41,46.41,105676.0
2026-05-14 18:00:00+00:00,46.405,46.4799,46.21,46.2801,133205.0
2026-05-14 18:05:00+00:00,46.245,46.38,46.23,46.315,112325.0
2026-05-14 18:10:00+00:00,46.3,46.6874,46.29,46.65,102262.0
2026-05-14 18:15:00+00:00,46.65,46.79,46.57,46.79,90685.0
2026-05-14 18:20:00+00:00,46.79,46.99,46.53,46.56,154179.0
2026-05-14 18:25:00+00:00,46.58,46.655,46.52,46.6,70563.0
2026-05-14 18:30:00+00:00,46.61,46.92,46.61,46.8781,87669.0
2026-05-14 18:35:00+00:00,46.9,47.01,46.8438,46.89,94031.0
2026-05-14 18:40:00+00:00,46.9189,46.9189,46.64,46.66,82241.0
2026-05-14 18:45:00+00:00,46.65,46.88,46.51,46.73,109151.0
2026-05-14 18:50:00+00:00,46.77,46.8899,46.63,46.76,79115.0
2026-05-14 18:55:00+00:00,46.754,46.9,46.4,46.51,209636.0
2026-05-14 19:00:00+00:00,46.51,46.7589,46.5,46.56,96678.0
2026-05-14 19:05:00+00:00,46.56,46.73,46.56,46.63,65249.0
2026-05-14 19:10:00+00:00,46.625,46.6895,46.28,46.32,133381.0
2026-05-14 19:15:00+00:00,46.32,46.5767,46.275,46.485,110107.0
2026-05-14 19:20:00+00:00,46.52,46.73,46.47,46.57,93229.0
2026-05-14 19:25:00+00:00,46.55,46.6,46.1,46.13,148236.0
2026-05-14 19:30:00+00:00,46.16,46.81,46.16,46.725,172775.0
2026-05-14 19:35:00+00:00,46.7201,46.97,46.72,46.9,160099.0
2026-05-14 19:40:00+00:00,46.9,46.95,46.7135,46.82,119639.0
2026-05-14 19:45:00+00:00,46.82,46.89,46.76,46.83,163514.0
2026-05-14 19:50:00+00:00,46.82,46.9105,46.6,46.65,301822.0
2026-05-14 19:55:00+00:00,46.645,46.79,46.62,46.72,625593.0
2026-05-14 20:00:00+00:00,46.71,46.95,46.6,46.7,605590.0
2026-05-14 20:05:00+00:00,46.79,46.79,46.6201,46.74,2113.0
2026-05-14 20:10:00+00:00,46.69,46.71,46.6,46.6642,3955.0
2026-05-14 20:15:00+00:00,46.61,46.6718,46.61,46.65,840.0
2026-05-14 20:20:00+00:00,46.6012,46.628,46.55,46.55,3214.0
2026-05-14 20:25:00+00:00,46.55,46.6279,46.55,46.56,2292.0
2026-05-14 20:30:00+00:00,46.5692,46.6463,46.5632,46.5632,2605.0
2026-05-14 20:35:00+00:00,46.55,46.55,46.51,46.51,3470.0
2026-05-14 20:40:00+00:00,46.5195,46.52,46.5,46.5,2835.0
2026-05-14 20:45:00+00:00,46.46,46.46,46.34,46.46,1987.0
2026-05-14 20:50:00+00:00,46.4695,46.56,46.4695,46.56,569.0
2026-05-14 20:55:00+00:00,46.45,46.54,46.45,46.54,737.0
2026-05-14 21:00:00+00:00,46.5025,46.53,46.5025,46.53,1178.0
2026-05-14 21:05:00+00:00,46.61,46.61,46.581,46.581,260.0
2026-05-14 21:10:00+00:00,46.4793,46.4793,46.4793,46.4793,209.0
2026-05-14 21:15:00+00:00,46.49,46.62,46.49,46.61,2242.0
2026-05-14 21:20:00+00:00,46.65,46.65,46.55,46.55,861.0
2026-05-14 21:25:00+00:00,46.58,46.58,46.5107,46.5107,583.0
2026-05-14 21:30:00+00:00,46.5102,46.5102,46.5102,46.5102,130.0
2026-05-14 21:35:00+00:00,46.5298,46.6,46.5106,46.6,1319.0
2026-05-14 21:40:00+00:00,46.59,46.6,46.59,46.6,546.0
2026-05-14 21:45:00+00:00,46.5982,46.5982,46.55,46.55,670.0
2026-05-14 21:50:00+00:00,46.53,46.58,46.53,46.58,858.0
2026-05-14 21:55:00+00:00,46.58,46.58,46.26,46.35,13965.0
2026-05-14 22:00:00+00:00,46.36,46.5,46.24,46.41,9052.0
2026-05-14 22:05:00+00:00,46.41,46.46,46.4,46.45,1436.0
2026-05-14 22:10:00+00:00,46.363,46.45,46.363,46.45,426.0
2026-05-14 22:20:00+00:00,46.32,46.43,46.32,46.43,530.0
2026-05-14 22:25:00+00:00,46.42,46.42,46.3,46.42,3733.0
2026-05-14 22:30:00+00:00,46.3952,46.4,46.31,46.39,4181.0
2026-05-14 22:35:00+00:00,46.39,46.39,46.39,46.39,311.0
2026-05-14 22:40:00+00:00,46.39,46.48,46.39,46.47,4026.0
2026-05-14 22:45:00+00:00,46.4104,46.4104,46.4104,46.4104,349.0
2026-05-14 22:50:00+00:00,46.46,46.46,46.46,46.46,131.0
2026-05-14 22:55:00+00:00,46.4,46.4003,46.4,46.4003,1298.0
2026-05-14 23:00:00+00:00,46.46,46.46,46.46,46.46,100.0
2026-05-14 23:05:00+00:00,46.46,46.47,46.46,46.47,275.0
2026-05-14 23:20:00+00:00,46.4699,46.4699,46.4,46.4,1495.0
2026-05-14 23:30:00+00:00,46.44,46.46,46.44,46.46,538.0
2026-05-14 23:35:00+00:00,46.47,46.48,46.47,46.48,365.0
2026-05-14 23:40:00+00:00,46.43,46.46,46.43,46.46,1340.0
2026-05-14 23:45:00+00:00,46.45,46.48,46.45,46.47,1101.0
2026-05-14 23:50:00+00:00,46.48,46.48,46.3931,46.47,769.0
2026-05-14 23:55:00+00:00,46.47,46.48,46.39,46.48,2126.0
2026-05-15 08:00:00+00:00,45.58,46.02,44.92,45.6,56885.0
2026-05-15 08:05:00+00:00,45.53,45.53,45.29,45.31,11973.0
2026-05-15 08:10:00+00:00,45.26,45.84,45.25,45.35,4418.0
2026-05-15 08:15:00+00:00,45.25,45.3,45.1,45.3,2128.0
2026-05-15 08:20:00+00:00,45.24,45.25,45.1,45.2,1328.0
2026-05-15 08:25:00+00:00,45.36,45.36,45.16,45.17,1332.0
2026-05-15 08:30:00+00:00,45.1,45.25,44.89,45.03,13161.0
2026-05-15 08:35:00+00:00,45.03,45.5,45.03,45.5,1856.0
2026-05-15 08:45:00+00:00,45.2,45.2,45.13,45.13,222.0
2026-05-15 08:50:00+00:00,45.1419,45.1419,45.1419,45.1419,335.0
2026-05-15 08:55:00+00:00,45.1694,45.29,45.1694,45.29,2618.0
2026-05-15 09:00:00+00:00,45.14,45.14,45.09,45.09,2789.0
2026-05-15 09:05:00+00:00,45.1,45.1,45.1,45.1,293.0
2026-05-15 09:10:00+00:00,45.14,45.14,45.14,45.14,216.0
2026-05-15 09:15:00+00:00,45.1,45.1,45.05,45.05,1352.0
2026-05-15 09:20:00+00:00,45.05,45.05,45.0,45.0,1970.0
2026-05-15 09:25:00+00:00,45.0,45.05,45.0,45.0,1727.0
2026-05-15 09:30:00+00:00,45.04,45.12,45.0,45.0,1679.0
2026-05-15 09:35:00+00:00,45.0159,45.02,45.005,45.0198,833.0
2026-05-15 09:40:00+00:00,45.04,45.04,44.97,44.97,1491.0
2026-05-15 09:45:00+00:00,44.92,44.92,44.73,44.73,3886.0
2026-05-15 09:50:00+00:00,44.57,44.74,44.57,44.65,2955.0
2026-05-15 09:55:00+00:00,44.58,44.65,44.58,44.65,663.0
2026-05-15 10:00:00+00:00,44.65,45.0,44.65,44.98,2547.0
2026-05-15 10:05:00+00:00,44.85,45.0,44.85,45.0,3053.0
2026-05-15 10:10:00+00:00,45.08,45.11,45.06,45.06,723.0
2026-05-15 10:15:00+00:00,45.14,45.14,45.13,45.13,987.0
2026-05-15 10:20:00+00:00,45.25,45.25,45.25,45.25,475.0
2026-05-15 10:25:00+00:00,45.3,45.49,45.17,45.18,1615.0
2026-05-15 10:30:00+00:00,45.08,45.19,45.08,45.1,1641.0
2026-05-15 10:35:00+00:00,45.08,45.08,44.86,44.9,2954.0
2026-05-15 10:40:00+00:00,44.84,44.84,44.84,44.84,355.0
2026-05-15 10:45:00+00:00,45.07,45.25,44.9,45.21,8195.0
2026-05-15 10:50:00+00:00,45.479,45.479,45.2,45.4,1115.0
2026-05-15 11:00:00+00:00,45.28,45.47,45.01,45.05,19265.0
2026-05-15 11:05:00+00:00,45.1698,45.256,44.91,45.2,11282.0
2026-05-15 11:10:00+00:00,45.08,45.25,45.0,45.25,6315.0
2026-05-15 11:15:00+00:00,45.2,45.23,45.18,45.23,3807.0
2026-05-15 11:20:00+00:00,45.2305,45.25,45.16,45.16,10811.0
2026-05-15 11:25:00+00:00,45.12,45.12,45.0,45.0202,7161.0
2026-05-15 11:30:00+00:00,45.1766,45.2,45.1,45.2,3120.0
2026-05-15 11:35:00+00:00,45.1,45.1,45.0,45.0003,9006.0
2026-05-15 11:40:00+00:00,45.0,45.0,44.92,44.92,5677.0
2026-05-15 11:45:00+00:00,44.91,45.01,44.91,45.0,8470.0
2026-05-15 11:50:00+00:00,45.07,45.25,45.0,45.25,12399.0
2026-05-15 11:55:00+00:00,45.2201,45.25,45.02,45.1779,6254.0
2026-05-15 12:00:00+00:00,45.1799,45.1799,45.01,45.038,7266.0
2026-05-15 12:05:00+00:00,45.0881,45.0881,44.85,44.8503,15436.0
2026-05-15 12:10:00+00:00,44.9997,45.0,44.75,44.75,11686.0
2026-05-15 12:15:00+00:00,44.8,44.8,44.7,44.7,8715.0
2026-05-15 12:20:00+00:00,44.6726,44.75,44.65,44.6991,11177.0
2026-05-15 12:25:00+00:00,44.6682,44.67,44.5,44.5,18482.0
2026-05-15 12:30:00+00:00,44.4907,44.4907,44.23,44.27,23034.0
2026-05-15 12:35:00+00:00,44.2755,44.37,44.2341,44.37,9449.0
2026-05-15 12:40:00+00:00,44.3609,44.5,44.3,44.48,15004.0
2026-05-15 12:45:00+00:00,44.5,44.58,44.36,44.4561,16157.0
2026-05-15 12:50:00+00:00,44.3704,44.5159,44.37,44.46,3473.0
2026-05-15 12:55:00+00:00,44.55,44.71,44.38,44.65,11525.0
2026-05-15 13:00:00+00:00,44.59,44.6205,44.38,44.47,15166.0
2026-05-15 13:05:00+00:00,44.45,44.45,44.35,44.3677,11167.0
2026-05-15 13:10:00+00:00,44.3653,44.4428,44.3,44.32,14520.0
2026-05-15 13:15:00+00:00,44.34,44.5,44.31,44.4435,12012.0
2026-05-15 13:20:00+00:00,44.42,44.54,44.26,44.36,19590.0
2026-05-15 13:25:00+00:00,44.35,44.52,44.23,44.3,39823.0
2026-05-15 13:30:00+00:00,44.29,44.32,43.2001,43.7699,1138413.0
2026-05-15 13:35:00+00:00,43.715,43.85,42.7608,42.7608,680751.0
2026-05-15 13:40:00+00:00,42.79,43.64,42.75,43.215,394397.0
2026-05-15 13:45:00+00:00,43.26,43.76,42.86,43.7301,375707.0
2026-05-15 13:50:00+00:00,43.74,43.92,43.285,43.86,341556.0
2026-05-15 13:55:00+00:00,43.855,44.06,43.01,43.12,433689.0
2026-05-15 14:00:00+00:00,43.095,43.38,42.9201,43.06,349421.0
2026-05-15 14:05:00+00:00,43.06,43.72,43.06,43.6045,241196.0
2026-05-15 14:10:00+00:00,43.625,44.1492,43.3302,43.99,379876.0
2026-05-15 14:15:00+00:00,44.0,44.21,43.8,44.1,291243.0
2026-05-15 14:20:00+00:00,44.13,44.14,43.665,43.7008,145579.0
2026-05-15 14:25:00+00:00,43.705,43.7791,43.23,43.355,169332.0
2026-05-15 14:30:00+00:00,43.35,43.63,43.35,43.63,136434.0
2026-05-15 14:35:00+00:00,43.635,43.8,43.5,43.55,111712.0
2026-05-15 14:40:00+00:00,43.54,43.77,43.47,43.64,160749.0
2026-05-15 14:45:00+00:00,43.64,43.74,43.11,43.18,145309.0
2026-05-15 14:50:00+00:00,43.15,43.24,42.88,43.185,306125.0
2026-05-15 14:55:00+00:00,43.2,43.32,42.94,42.96,149560.0
2026-05-15 15:00:00+00:00,42.95,43.25,42.9,43.149,162093.0
2026-05-15 15:05:00+00:00,43.12,43.26,43.01,43.17,140074.0
2026-05-15 15:10:00+00:00,43.175,43.22,42.81,42.825,224059.0
2026-05-15 15:15:00+00:00,42.84,42.89,42.63,42.715,264747.0
2026-05-15 15:20:00+00:00,42.76,43.11,42.7,42.865,129187.0
2026-05-15 15:25:00+00:00,42.8795,43.12,42.8,43.03,127619.0
2026-05-15 15:30:00+00:00,43.03,43.4399,43.03,43.2,135732.0
2026-05-15 15:35:00+00:00,43.22,43.54,43.19,43.3899,158724.0
2026-05-15 15:40:00+00:00,43.35,43.49,43.25,43.45,106356.0
2026-05-15 15:45:00+00:00,43.46,43.79,43.42,43.5545,147755.0
2026-05-15 15:50:00+00:00,43.54,43.6199,43.3,43.3,111936.0
2026-05-15 15:55:00+00:00,43.28,43.3204,43.03,43.25,116139.0
2026-05-15 16:00:00+00:00,43.26,43.32,43.11,43.2541,136911.0
2026-05-15 16:05:00+00:00,43.21,43.3095,43.145,43.195,61237.0
2026-05-15 16:10:00+00:00,43.205,43.2276,42.98,43.185,114683.0
2026-05-15 16:15:00+00:00,43.19,43.265,43.05,43.155,166466.0
2026-05-15 16:20:00+00:00,43.155,43.32,43.12,43.21,64893.0
2026-05-15 16:25:00+00:00,43.23,43.24,42.91,43.21,183386.0
2026-05-15 16:30:00+00:00,43.22,43.3,43.04,43.11,82581.0
2026-05-15 16:35:00+00:00,43.09,43.22,43.03,43.15,82482.0
2026-05-15 16:40:00+00:00,43.17,43.42,43.14,43.3992,156110.0
2026-05-15 16:45:00+00:00,43.385,43.4,43.15,43.23,71557.0
2026-05-15 16:50:00+00:00,43.22,43.2799,43.1,43.195,60633.0
2026-05-15 16:55:00+00:00,43.21,43.38,43.12,43.185,49620.0
2026-05-15 17:00:00+00:00,43.17,43.2299,42.905,42.955,239511.0
2026-05-15 17:05:00+00:00,42.95,43.22,42.945,43.185,108908.0
2026-05-15 17:10:00+00:00,43.19,43.3486,43.11,43.2,97380.0
2026-05-15 17:15:00+00:00,43.183,43.2,43.08,43.125,64311.0
2026-05-15 17:20:00+00:00,43.13,43.38,43.05,43.21,141240.0
2026-05-15 17:25:00+00:00,43.23,43.41,43.15,43.39,85016.0
2026-05-15 17:30:00+00:00,43.405,43.5899,43.405,43.47,83629.0
2026-05-15 17:35:00+00:00,43.505,43.5129,43.1633,43.295,89856.0
2026-05-15 17:40:00+00:00,43.31,43.3499,43.105,43.13,106123.0
2026-05-15 17:45:00+00:00,43.13,43.16,42.99,43.065,161445.0
2026-05-15 17:50:00+00:00,43.08,43.1963,42.9698,43.15,108076.0
2026-05-15 17:55:00+00:00,43.18,43.3799,43.11,43.21,132592.0
2026-05-15 18:00:00+00:00,43.2151,43.525,43.21,43.51,118062.0
2026-05-15 18:05:00+00:00,43.5,43.55,43.23,43.34,104996.0
2026-05-15 18:10:00+00:00,43.31,43.58,43.29,43.5,146207.0
2026-05-15 18:15:00+00:00,43.49,43.55,43.07,43.1,177872.0
2026-05-15 18:20:00+00:00,43.12,43.3584,43.08,43.24,93517.0
2026-05-15 18:25:00+00:00,43.23,43.24,42.95,43.08,163721.0
2026-05-15 18:30:00+00:00,43.07,43.115,42.8704,43.06,138412.0
2026-05-15 18:35:00+00:00,43.09,43.35,43.04,43.295,104257.0
2026-05-15 18:40:00+00:00,43.295,43.3099,43.04,43.14,63702.0
2026-05-15 18:45:00+00:00,43.14,43.28,43.0253,43.26,91162.0
2026-05-15 18:50:00+00:00,43.25,43.39,43.1524,43.315,97712.0
2026-05-15 18:55:00+00:00,43.31,43.4301,43.17,43.1968,83418.0
2026-05-15 19:00:00+00:00,43.2,43.29,43.02,43.035,107244.0
2026-05-15 19:05:00+00:00,43.02,43.1099,42.99,43.03,100834.0
2026-05-15 19:10:00+00:00,43.01,43.14,42.9,43.03,102796.0
2026-05-15 19:15:00+00:00,43.02,43.07,42.87,42.985,90746.0
2026-05-15 19:20:00+00:00,42.97,42.9899,42.69,42.705,231316.0
2026-05-15 19:25:00+00:00,42.7,42.8,42.64,42.69,196249.0
2026-05-15 19:30:00+00:00,42.71,42.87,42.65,42.7,154614.0
2026-05-15 19:35:00+00:00,42.71,42.8698,42.6,42.83,235715.0
2026-05-15 19:40:00+00:00,42.83,42.92,42.625,42.64,204301.0
2026-05-15 19:45:00+00:00,42.635,42.68,42.26,42.295,503961.0
2026-05-15 19:50:00+00:00,42.29,42.45,42.1,42.14,624813.0
2026-05-15 19:55:00+00:00,42.15,42.595,42.15,42.55,1230046.0
2026-05-15 20:00:00+00:00,42.56,42.99,42.39,42.65,1494999.0
2026-05-15 20:05:00+00:00,42.5934,42.5934,42.4003,42.4409,12655.0
2026-05-15 20:10:00+00:00,42.44,42.5,42.25,42.25,9481.0
2026-05-15 20:15:00+00:00,42.47,42.69,42.45,42.4739,2967.0
2026-05-15 20:20:00+00:00,42.4934,42.5705,42.47,42.5,1868.0
2026-05-15 20:25:00+00:00,42.6305,42.6305,42.5,42.52,1603.0
2026-05-15 20:30:00+00:00,42.5,42.52,42.5,42.5,1834.0
2026-05-15 20:35:00+00:00,42.57,42.6,42.56,42.56,13272.0
2026-05-15 20:40:00+00:00,42.56,42.56,42.5,42.52,644.0
2026-05-15 20:45:00+00:00,42.5,42.51,42.5,42.5,1763.0
2026-05-15 20:50:00+00:00,42.51,42.51,42.5,42.5,1049.0
2026-05-15 20:55:00+00:00,42.51,42.54,42.51,42.5305,620.0
2026-05-15 21:00:00+00:00,42.54,42.66,42.54,42.65,8915.0
2026-05-15 21:05:00+00:00,42.56,42.56,42.543,42.543,622.0
2026-05-15 21:10:00+00:00,42.54,42.5691,42.53,42.5691,2344.0
2026-05-15 21:15:00+00:00,42.61,42.62,42.5691,42.6088,5961.0
2026-05-15 21:20:00+00:00,42.5678,42.65,42.5678,42.6165,2585.0
2026-05-15 21:25:00+00:00,42.64,42.64,42.63,42.63,686.0
2026-05-15 21:30:00+00:00,42.6457,42.66,42.5,42.51,3981.0
2026-05-15 21:35:00+00:00,42.5,42.5,42.5,42.5,383.0
2026-05-15 21:40:00+00:00,42.513,42.513,42.513,42.513,793.0
2026-05-15 21:45:00+00:00,42.5999,42.5999,42.5999,42.5999,151.0
2026-05-15 21:50:00+00:00,42.56,42.56,42.56,42.56,202.0
2026-05-15 21:55:00+00:00,42.5815,42.5815,42.56,42.56,886.0
2026-05-15 22:00:00+00:00,42.51,42.55,42.51,42.5185,1639.0
2026-05-15 22:05:00+00:00,42.51,42.51,42.51,42.51,245.0
2026-05-15 22:10:00+00:00,42.53,42.65,42.53,42.6319,1327.0
2026-05-15 22:15:00+00:00,42.63,42.63,42.63,42.63,394.0
2026-05-15 22:20:00+00:00,42.6,42.62,42.6,42.6,11246.0
2026-05-15 22:25:00+00:00,42.55,42.55,42.55,42.55,515.0
2026-05-15 22:30:00+00:00,42.51,42.52,42.5,42.5,4805.0
2026-05-15 22:40:00+00:00,42.5,42.5483,42.5,42.5,2259.0
2026-05-15 22:45:00+00:00,42.5,42.5435,42.5,42.5,2167.0
2026-05-15 22:50:00+00:00,42.5,42.55,42.48,42.55,4881.0
2026-05-15 22:55:00+00:00,42.5005,42.5005,42.5005,42.5005,128.0
2026-05-15 23:00:00+00:00,42.45,42.45,42.3,42.3,3512.0
2026-05-15 23:05:00+00:00,42.39,42.4,42.39,42.4,776.0
2026-05-15 23:10:00+00:00,42.4016,42.4065,42.4015,42.4065,642.0
2026-05-15 23:15:00+00:00,42.4025,42.45,42.276,42.45,4588.0
2026-05-15 23:20:00+00:00,42.38,42.4,42.38,42.4,231.0
2026-05-15 23:25:00+00:00,42.4,42.4,42.3001,42.3001,520.0
2026-05-15 23:30:00+00:00,42.36,42.36,42.36,42.36,101.0
2026-05-15 23:35:00+00:00,42.3104,42.36,42.3,42.3,1495.0
2026-05-15 23:40:00+00:00,42.32,42.35,42.32,42.34,1097.0
2026-05-15 23:45:00+00:00,42.39,42.39,42.3,42.31,2894.0
2026-05-15 23:50:00+00:00,42.4137,42.44,42.4137,42.44,618.0
2026-05-15 23:55:00+00:00,42.37,42.4153,42.37,42.4,1767.0
2026-05-18 08:00:00+00:00,42.02,42.34,42.0,42.15,10587.0
2026-05-18 08:05:00+00:00,42.15,42.25,42.15,42.25,2293.0
2026-05-18 08:10:00+00:00,42.29,42.33,42.29,42.33,701.0
2026-05-18 08:15:00+00:00,42.42,42.42,42.23,42.28,1899.0
2026-05-18 08:20:00+00:00,42.37,42.5628,42.37,42.5628,2700.0
2026-05-18 08:25:00+00:00,42.79,42.79,42.75,42.75,1852.0
2026-05-18 08:30:00+00:00,42.686,42.74,42.62,42.65,3256.0
2026-05-18 08:35:00+00:00,42.65,42.7754,42.6,42.63,1593.0
2026-05-18 08:40:00+00:00,42.67,42.76,42.67,42.76,4000.0
2026-05-18 08:45:00+00:00,42.65,42.7,42.65,42.7,564.0
2026-05-18 08:50:00+00:00,42.78,42.78,42.77,42.77,559.0
2026-05-18 08:55:00+00:00,42.8,42.86,42.77,42.77,2325.0
2026-05-18 09:00:00+00:00,42.85,42.85,42.85,42.85,192.0
2026-05-18 09:05:00+00:00,42.88,42.88,42.8,42.8,3164.0
2026-05-18 09:10:00+00:00,42.79,42.79,42.7,42.7,680.0
2026-05-18 09:15:00+00:00,42.84,42.84,42.84,42.84,360.0
2026-05-18 09:20:00+00:00,42.85,42.85,42.84,42.84,440.0
2026-05-18 09:25:00+00:00,42.8216,42.8216,42.8216,42.8216,245.0
2026-05-18 09:30:00+00:00,42.9,42.9,42.9,42.9,100.0
2026-05-18 09:50:00+00:00,42.62,42.62,42.6,42.61,1727.0
2026-05-18 09:55:00+00:00,42.57,42.57,42.57,42.57,323.0
2026-05-18 10:00:00+00:00,42.6,42.6,42.46,42.46,3743.0
2026-05-18 10:05:00+00:00,42.44,42.44,42.27,42.27,1007.0
2026-05-18 10:10:00+00:00,42.2725,42.7,42.24,42.4,2515.0
2026-05-18 10:15:00+00:00,42.4,42.66,42.4,42.66,1904.0
2026-05-18 10:20:00+00:00,42.5,42.5987,42.5,42.5987,1255.0
2026-05-18 10:25:00+00:00,42.5889,42.5889,42.37,42.54,2873.0
2026-05-18 10:30:00+00:00,42.5,42.55,42.37,42.37,1494.0
2026-05-18 10:35:00+00:00,42.4791,42.5346,42.27,42.27,830.0
2026-05-18 10:40:00+00:00,42.4831,42.4831,42.4831,42.4831,108.0
2026-05-18 10:45:00+00:00,42.41,42.5,42.22,42.5,2557.0
2026-05-18 10:50:00+00:00,42.48,42.48,42.47,42.47,705.0
2026-05-18 10:55:00+00:00,42.21,42.46,42.21,42.45,2698.0
2026-05-18 11:00:00+00:00,42.27,42.45,42.25,42.27,6026.0
2026-05-18 11:05:00+00:00,42.27,42.4273,42.15,42.25,10604.0
2026-05-18 11:10:00+00:00,42.1,42.25,42.0,42.137,12497.0
2026-05-18 11:15:00+00:00,42.1,42.2,42.05,42.2,2502.0
2026-05-18 11:20:00+00:00,42.18,42.2,42.1,42.15,2628.0
2026-05-18 11:25:00+00:00,42.2,42.2,42.1046,42.16,5021.0
2026-05-18 11:30:00+00:00,42.05,42.33,42.0408,42.33,4330.0
2026-05-18 11:35:00+00:00,42.2505,42.6228,42.2505,42.5,20983.0
2026-05-18 11:40:00+00:00,42.67,42.7599,42.6,42.6019,13480.0
2026-05-18 11:45:00+00:00,42.6,42.7,42.4954,42.58,4316.0
2026-05-18 11:50:00+00:00,42.42,42.51,42.35,42.35,5361.0
2026-05-18 11:55:00+00:00,42.63,42.63,42.62,42.62,716.0
2026-05-18 12:00:00+00:00,42.5754,42.5754,42.3501,42.37,16600.0
2026-05-18 12:05:00+00:00,42.44,42.7,42.42,42.5953,2039.0
2026-05-18 12:10:00+00:00,42.5977,42.7,42.52,42.5665,2707.0
2026-05-18 12:15:00+00:00,42.6,42.69,42.44,42.5,7473.0
2026-05-18 12:20:00+00:00,42.69,42.69,42.54,42.687,4553.0
2026-05-18 12:25:00+00:00,42.69,42.69,42.5131,42.5982,10356.0
2026-05-18 12:30:00+00:00,42.55,42.6,42.44,42.4505,4402.0
2026-05-18 12:35:00+00:00,42.6,42.75,42.6,42.75,14593.0
2026-05-18 12:40:00+00:00,42.75,42.93,42.75,42.93,11606.0
2026-05-18 12:45:00+00:00,42.93,43.16,42.93,43.16,18054.0
2026-05-18 12:50:00+00:00,43.1535,43.23,42.9381,43.23,21247.0
2026-05-18 12:55:00+00:00,43.06,43.2,42.96,43.2,3658.0
2026-05-18 13:00:00+00:00,43.1685,43.2,43.01,43.1,10885.0
2026-05-18 13:05:00+00:00,42.99,43.13,42.99,43.0817,9013.0
2026-05-18 13:10:00+00:00,43.0856,43.2,42.99,43.18,37936.0
2026-05-18 13:15:00+00:00,43.16,43.38,43.16,43.35,21523.0
2026-05-18 13:20:00+00:00,43.33,43.35,43.09,43.09,32359.0
2026-05-18 13:25:00+00:00,43.08,43.2689,43.01,43.07,38090.0
2026-05-18 13:30:00+00:00,43.01,43.0914,42.09,42.54,556876.0
2026-05-18 13:35:00+00:00,42.48,42.7,41.7365,41.8966,636659.0
2026-05-18 13:40:00+00:00,41.865,41.95,40.48,40.575,922875.0
2026-05-18 13:45:00+00:00,40.5515,41.31,40.55,40.685,597362.0
2026-05-18 13:50:00+00:00,40.68,42.0,40.68,41.51,499889.0
2026-05-18 13:55:00+00:00,41.51,41.58,40.8001,41.01,389044.0
2026-05-18 14:00:00+00:00,41.01,41.0656,40.1,40.39,628994.0
2026-05-18 14:05:00+00:00,40.4299,40.84,40.05,40.6,353426.0
2026-05-18 14:10:00+00:00,40.63,40.64,39.92,40.1437,568345.0
2026-05-18 14:15:00+00:00,40.14,40.47,39.5609,39.695,395165.0
2026-05-18 14:20:00+00:00,39.67,39.72,39.34,39.37,406584.0
2026-05-18 14:25:00+00:00,39.3693,39.49,39.01,39.09,391641.0
2026-05-18 14:30:00+00:00,39.11,39.1999,38.3,38.4001,841856.0
2026-05-18 14:35:00+00:00,38.43,39.16,38.26,38.98,588072.0
2026-05-18 14:40:00+00:00,39.0,39.06,38.77,38.77,249706.0
2026-05-18 14:45:00+00:00,38.77,38.785,38.28,38.3698,292138.0
2026-05-18 14:50:00+00:00,38.355,38.7887,38.295,38.405,256406.0
2026-05-18 14:55:00+00:00,38.42,39.11,38.4,38.87,223950.0
2026-05-18 15:00:00+00:00,38.85,39.2,38.67,39.07,197470.0
2026-05-18 15:05:00+00:00,39.065,39.1454,38.8,38.8369,135950.0
2026-05-18 15:10:00+00:00,38.8113,39.16,38.721,38.9835,143101.0
2026-05-18 15:15:00+00:00,38.97,39.0,38.605,38.65,138101.0
2026-05-18 15:20:00+00:00,38.6331,38.805,38.555,38.75,124226.0
2026-05-18 15:25:00+00:00,38.75,39.035,38.665,38.725,149976.0
2026-05-18 15:30:00+00:00,38.72,38.7972,38.55,38.79,105031.0
2026-05-18 15:35:00+00:00,38.79,39.2,38.75,38.87,155486.0
2026-05-18 15:40:00+00:00,38.89,39.0,38.7511,38.845,75229.0
2026-05-18 15:45:00+00:00,38.86,38.92,38.77,38.81,82469.0
2026-05-18 15:50:00+00:00,38.8199,38.92,38.66,38.86,60173.0
2026-05-18 15:55:00+00:00,38.855,39.045,38.77,38.8,91934.0
2026-05-18 16:00:00+00:00,38.8,38.82,38.48,38.5001,335207.0
2026-05-18 16:05:00+00:00,38.5114,38.54,38.35,38.475,102289.0
2026-05-18 16:10:00+00:00,38.48,38.675,38.4405,38.59,103406.0
2026-05-18 16:15:00+00:00,38.59,38.765,38.57,38.76,96937.0
2026-05-18 16:20:00+00:00,38.76,38.93,38.405,38.53,160397.0
2026-05-18 16:25:00+00:00,38.5385,38.5385,38.05,38.09,276350.0
2026-05-18 16:30:00+00:00,38.08,38.2598,37.91,38.2,307576.0
2026-05-18 16:35:00+00:00,38.19,38.4561,38.1636,38.32,140161.0
2026-05-18 16:40:00+00:00,38.32,38.42,38.2601,38.305,106433.0
2026-05-18 16:45:00+00:00,38.3,38.4,38.145,38.28,118840.0
2026-05-18 16:50:00+00:00,38.27,38.76,38.21,38.76,127064.0
2026-05-18 16:55:00+00:00,38.7699,38.85,38.6801,38.71,100526.0
2026-05-18 17:00:00+00:00,38.71,38.71,38.52,38.62,57740.0
2026-05-18 17:05:00+00:00,38.59,38.79,38.5,38.535,75137.0
2026-05-18 17:10:00+00:00,38.53,38.57,38.355,38.41,90109.0
2026-05-18 17:15:00+00:00,38.41,38.56,38.36,38.3999,64345.0
2026-05-18 17:20:00+00:00,38.38,38.44,38.21,38.2101,82853.0
2026-05-18 17:25:00+00:00,38.215,38.4296,38.16,38.4001,135399.0
2026-05-18 17:30:00+00:00,38.401,38.58,38.295,38.33,83918.0
2026-05-18 17:35:00+00:00,38.34,38.34,38.1501,38.185,87525.0
2026-05-18 17:40:00+00:00,38.1899,38.39,38.18,38.34,79582.0
2026-05-18 17:45:00+00:00,38.3259,38.39,38.2601,38.28,90106.0
2026-05-18 17:50:00+00:00,38.27,38.32,38.15,38.3,89503.0
2026-05-18 17:55:00+00:00,38.3,38.36,38.18,38.215,101173.0
2026-05-18 18:00:00+00:00,38.22,38.31,38.0,38.045,187018.0
2026-05-18 18:05:00+00:00,38.05,38.235,38.045,38.06,162781.0
2026-05-18 18:10:00+00:00,38.05,38.13,38.0,38.125,141603.0
2026-05-18 18:15:00+00:00,38.12,38.13,37.72,37.765,237000.0
2026-05-18 18:20:00+00:00,37.7693,37.87,37.68,37.8301,147250.0
2026-05-18 18:25:00+00:00,37.835,37.84,37.6,37.75,143760.0
2026-05-18 18:30:00+00:00,37.73,38.135,37.685,37.91,185343.0
2026-05-18 18:35:00+00:00,37.9399,37.96,37.705,37.72,140482.0
2026-05-18 18:40:00+00:00,37.71,37.8599,37.705,37.79,113245.0
2026-05-18 18:45:00+00:00,37.79,37.87,37.625,37.6599,136384.0
2026-05-18 18:50:00+00:00,37.63,37.7778,37.6186,37.66,125599.0
2026-05-18 18:55:00+00:00,37.6589,37.91,37.652,37.82,194452.0
2026-05-18 19:00:00+00:00,37.83,38.77,37.81,38.22,338056.0
2026-05-18 19:05:00+00:00,38.22,38.405,37.91,38.135,178717.0
2026-05-18 19:10:00+00:00,38.14,38.64,38.14,38.42,231291.0
2026-05-18 19:15:00+00:00,38.42,38.5426,38.235,38.33,234986.0
2026-05-18 19:20:00+00:00,38.34,38.42,38.27,38.285,155240.0
2026-05-18 19:25:00+00:00,38.285,38.3099,38.055,38.14,187847.0
2026-05-18 19:30:00+00:00,38.13,38.455,38.065,38.35,184373.0
2026-05-18 19:35:00+00:00,38.35,38.79,38.345,38.74,219116.0
2026-05-18 19:40:00+00:00,38.74,38.92,38.69,38.9,257243.0
2026-05-18 19:45:00+00:00,38.895,39.24,38.88,39.129,396655.0
2026-05-18 19:50:00+00:00,39.12,39.31,39.04,39.235,322934.0
2026-05-18 19:55:00+00:00,39.22,39.24,39.0,39.14,486184.0
2026-05-18 20:00:00+00:00,39.14,39.23,38.84,39.02,694462.0
2026-05-18 20:05:00+00:00,39.0496,39.06,38.98,39.06,5158.0
2026-05-18 20:10:00+00:00,39.03,39.14,39.02,39.1183,8052.0
2026-05-18 20:15:00+00:00,39.09,39.09,39.04,39.05,5302.0
2026-05-18 20:20:00+00:00,39.05,39.09,39.0,39.02,2154.0
2026-05-18 20:25:00+00:00,39.1,39.14,39.1,39.14,1422.0
2026-05-18 20:30:00+00:00,39.08,39.23,39.08,39.23,3059.0
2026-05-18 20:35:00+00:00,39.23,39.23,39.05,39.2,3306.0
2026-05-18 20:40:00+00:00,39.18,39.2235,39.16,39.2235,7257.0
2026-05-18 20:45:00+00:00,39.22,39.23,39.19,39.2125,4379.0
2026-05-18 20:50:00+00:00,39.2207,39.25,39.18,39.25,2325.0
2026-05-18 20:55:00+00:00,39.2499,39.2499,39.18,39.18,2186.0
2026-05-18 21:00:00+00:00,39.2,39.25,39.1991,39.25,1082.0
2026-05-18 21:05:00+00:00,39.19,39.2,39.18,39.18,1150.0
2026-05-18 21:10:00+00:00,39.2103,39.22,39.18,39.2109,2073.0
2026-05-18 21:15:00+00:00,39.15,39.15,39.1396,39.15,2027.0
2026-05-18 21:20:00+00:00,39.12,39.12,39.12,39.12,120.0
2026-05-18 21:25:00+00:00,39.15,39.15,39.15,39.15,154.0
2026-05-18 21:30:00+00:00,39.15,39.15,39.1,39.1,410.0
2026-05-18 21:35:00+00:00,39.1095,39.22,39.1095,39.22,1897.0
2026-05-18 21:40:00+00:00,39.13,39.13,39.1116,39.1116,413.0
2026-05-18 21:45:00+00:00,39.2181,39.22,39.2174,39.2174,1267.0
2026-05-18 21:50:00+00:00,39.2,39.2499,39.2,39.2499,1240.0
2026-05-18 21:55:00+00:00,39.24,39.25,39.24,39.25,897.0
2026-05-18 22:00:00+00:00,39.19,39.2,39.19,39.2,555.0
2026-05-18 22:05:00+00:00,39.2492,39.3986,39.2492,39.3,1394.0
2026-05-18 22:10:00+00:00,39.3494,39.35,39.3,39.3,856.0
2026-05-18 22:15:00+00:00,39.3,39.32,39.3,39.32,2979.0
2026-05-18 22:20:00+00:00,39.36,39.4,39.32,39.35,12863.0
2026-05-18 22:25:00+00:00,39.3895,39.3895,39.38,39.38,471.0
2026-05-18 22:30:00+00:00,39.3783,39.39,39.36,39.36,1350.0
2026-05-18 22:35:00+00:00,39.39,39.4,39.3716,39.38,10281.0
2026-05-18 22:40:00+00:00,39.38,39.5,39.38,39.5,2225.0
2026-05-18 22:45:00+00:00,39.4931,39.4996,39.4339,39.4339,694.0
2026-05-18 22:50:00+00:00,39.4996,39.4999,39.39,39.4999,1030.0
2026-05-18 22:55:00+00:00,39.42,39.42,39.3,39.35,2152.0
2026-05-18 23:00:00+00:00,39.35,39.36,39.35,39.36,1575.0
2026-05-18 23:05:00+00:00,39.37,39.4076,39.36,39.4076,1106.0
2026-05-18 23:10:00+00:00,39.41,39.41,39.36,39.41,2346.0
2026-05-18 23:15:00+00:00,39.41,39.43,39.41,39.43,2082.0
2026-05-18 23:20:00+00:00,39.43,39.44,39.41,39.44,3754.0
2026-05-18 23:25:00+00:00,39.44,39.44,39.42,39.433,5636.0
2026-05-18 23:30:00+00:00,39.42,39.44,39.42,39.44,873.0
2026-05-18 23:35:00+00:00,39.42,39.44,39.42,39.44,5610.0
2026-05-18 23:40:00+00:00,39.4301,39.44,39.43,39.43,4240.0
2026-05-18 23:45:00+00:00,39.4398,39.4398,39.42,39.42,2913.0
2026-05-18 23:50:00+00:00,39.43,39.5,39.41,39.5,4825.0
2026-05-18 23:55:00+00:00,39.4965,39.5,39.4,39.4052,2369.0
2026-05-19 08:00:00+00:00,38.98,39.11,38.48,38.86,25722.0
2026-05-19 08:05:00+00:00,38.67,38.68,38.4548,38.51,4293.0
2026-05-19 08:10:00+00:00,38.51,38.51,38.23,38.23,3512.0
2026-05-19 08:15:00+00:00,38.29,38.42,38.29,38.42,2951.0
2026-05-19 08:20:00+00:00,38.2754,38.4,38.2754,38.3,1496.0
2026-05-19 08:25:00+00:00,38.15,38.21,38.13,38.21,874.0
2026-05-19 08:30:00+00:00,38.14,38.21,38.14,38.19,3980.0
2026-05-19 08:35:00+00:00,38.16,38.18,38.14,38.16,3307.0
2026-05-19 08:40:00+00:00,38.2,38.27,38.16,38.25,3400.0
2026-05-19 08:45:00+00:00,38.16,38.16,38.16,38.16,576.0
2026-05-19 08:50:00+00:00,38.2,38.2,38.17,38.17,1922.0
2026-05-19 08:55:00+00:00,38.18,38.2,38.11,38.11,1204.0
2026-05-19 09:00:00+00:00,38.13,38.13,37.95,37.95,3846.0
2026-05-19 09:05:00+00:00,37.83,38.1,37.83,38.0111,3739.0
2026-05-19 09:10:00+00:00,38.01,38.01,38.0,38.0,533.0
2026-05-19 09:15:00+00:00,38.13,38.13,37.94,37.94,560.0
2026-05-19 09:20:00+00:00,37.99,37.99,37.94,37.94,225.0
2026-05-19 09:25:00+00:00,37.9,37.9,37.8,37.8,435.0
2026-05-19 09:30:00+00:00,37.72,37.72,37.52,37.59,7818.0
2026-05-19 09:35:00+00:00,37.66,38.0,37.64,37.86,6228.0
2026-05-19 09:40:00+00:00,37.83,37.83,37.82,37.82,899.0
2026-05-19 09:45:00+00:00,37.8369,37.84,37.8369,37.84,275.0
2026-05-19 09:50:00+00:00,37.94,38.05,37.94,38.05,3392.0
2026-05-19 10:00:00+00:00,38.01,38.01,38.01,38.01,250.0
2026-05-19 10:05:00+00:00,38.07,38.07,38.07,38.07,335.0
2026-05-19 10:10:00+00:00,38.02,38.07,38.0,38.07,3582.0
2026-05-19 10:15:00+00:00,37.98,37.98,37.9,37.9,800.0
2026-05-19 10:20:00+00:00,37.87,37.87,37.86,37.86,1001.0
2026-05-19 10:25:00+00:00,37.92,37.9997,37.92,37.9997,332.0
2026-05-19 10:30:00+00:00,37.98,38.07,37.98,38.0,2315.0
2026-05-19 10:40:00+00:00,38.0,38.0,38.0,38.0,323.0
2026-05-19 10:45:00+00:00,37.97,37.97,37.97,37.97,604.0
2026-05-19 10:50:00+00:00,38.01,38.01,37.97,37.97,348.0
2026-05-19 10:55:00+00:00,38.15,38.24,38.05,38.24,1070.0
2026-05-19 11:00:00+00:00,38.24,38.35,38.17,38.305,9552.0
2026-05-19 11:05:00+00:00,38.29,38.29,38.17,38.2158,6136.0
2026-05-19 11:10:00+00:00,38.15,38.24,38.1,38.195,3377.0
2026-05-19 11:15:00+00:00,38.1,38.2523,38.0,38.1584,6822.0
2026-05-19 11:20:00+00:00,38.06,38.2,38.06,38.0715,4403.0
2026-05-19 11:25:00+00:00,38.08,38.08,37.82,37.85,14552.0
2026-05-19 11:30:00+00:00,37.8,37.85,37.78,37.8,19368.0
2026-05-19 11:35:00+00:00,37.7891,37.84,37.7207,37.7356,4700.0
2026-05-19 11:40:00+00:00,37.73,37.8,37.724,37.79,5542.0
2026-05-19 11:45:00+00:00,37.75,37.85,37.75,37.81,10300.0
2026-05-19 11:50:00+00:00,37.8306,37.85,37.82,37.82,2957.0
2026-05-19 11:55:00+00:00,37.78,37.8044,37.71,37.71,6055.0
2026-05-19 12:00:00+00:00,37.7,37.79,37.61,37.7315,10540.0
2026-05-19 12:05:00+00:00,37.77,37.77,37.61,37.72,6970.0
2026-05-19 12:10:00+00:00,37.7104,37.7718,37.6506,37.6506,2696.0
2026-05-19 12:15:00+00:00,37.74,37.77,37.61,37.6689,8052.0
2026-05-19 12:20:00+00:00,37.67,37.75,37.6282,37.75,6108.0
2026-05-19 12:25:00+00:00,37.61,37.74,37.61,37.7001,9690.0
2026-05-19 12:30:00+00:00,37.73,37.755,37.63,37.755,7308.0
2026-05-19 12:35:00+00:00,37.78,37.82,37.7387,37.79,5141.0
2026-05-19 12:40:00+00:00,37.78,37.8805,37.75,37.78,5554.0
2026-05-19 12:45:00+00:00,37.88,37.88,37.75,37.7643,1520.0
2026-05-19 12:50:00+00:00,37.8215,37.8215,37.75,37.75,3217.0
2026-05-19 12:55:00+00:00,37.7883,37.7883,37.65,37.74,15843.0
2026-05-19 13:00:00+00:00,37.8,37.86,37.645,37.65,18698.0
2026-05-19 13:05:00+00:00,37.64,37.76,37.47,37.5,12285.0
2026-05-19 13:10:00+00:00,37.55,37.73,37.41,37.41,30902.0
2026-05-19 13:15:00+00:00,37.6891,37.76,37.6,37.7075,9198.0
2026-05-19 13:20:00+00:00,37.6114,37.66,37.51,37.51,6625.0
2026-05-19 13:25:00+00:00,37.5,37.79,37.4,37.79,16857.0
2026-05-19 13:30:00+00:00,37.75,37.9,37.12,37.58,651889.0
2026-05-19 13:35:00+00:00,37.6,38.79,37.5799,38.26,425196.0
2026-05-19 13:40:00+00:00,38.24,38.25,37.4501,37.5182,266418.0
2026-05-19 13:45:00+00:00,37.45,37.63,36.92,37.2501,510664.0
2026-05-19 13:50:00+00:00,37.27,37.47,36.88,37.4101,402864.0
2026-05-19 13:55:00+00:00,37.415,37.6,36.88,37.085,316758.0
2026-05-19 14:00:00+00:00,37.09,37.11,36.71,37.05,258398.0
2026-05-19 14:05:00+00:00,37.08,37.165,36.15,36.2591,438506.0
2026-05-19 14:10:00+00:00,36.26,36.635,36.0432,36.07,232722.0
2026-05-19 14:15:00+00:00,36.05,36.1699,35.68,35.97,519768.0
2026-05-19 14:20:00+00:00,35.98,36.18,35.8,36.17,321072.0
2026-05-19 14:25:00+00:00,36.17,36.38,35.96,36.132,215079.0
2026-05-19 14:30:00+00:00,36.1201,36.58,36.02,36.123,276052.0
2026-05-19 14:35:00+00:00,36.0603,36.62,36.03,36.4128,161215.0
2026-05-19 14:40:00+00:00,36.43,36.5,36.1,36.135,227218.0
2026-05-19 14:45:00+00:00,36.135,36.32,35.95,36.1101,188267.0
2026-05-19 14:50:00+00:00,36.1199,36.5699,36.095,36.41,164961.0
2026-05-19 14:55:00+00:00,36.4,36.7299,36.27,36.54,214750.0
2026-05-19 15:00:00+00:00,36.545,36.765,36.54,36.58,112069.0
2026-05-19 15:05:00+00:00,36.59,36.655,36.29,36.45,117932.0
2026-05-19 15:10:00+00:00,36.46,36.76,36.46,36.755,118099.0
2026-05-19 15:15:00+00:00,36.755,37.015,36.69,36.7,201247.0
2026-05-19 15:20:00+00:00,36.6999,36.86,36.63,36.64,74897.0
2026-05-19 15:25:00+00:00,36.63,36.8576,36.585,36.85,78509.0
2026-05-19 15:30:00+00:00,36.81,37.07,36.7,37.04,116511.0
2026-05-19 15:35:00+00:00,37.02,37.35,36.9,37.3,129311.0
2026-05-19 15:40:00+00:00,37.295,37.54,37.27,37.54,129518.0
2026-05-19 15:45:00+00:00,37.5242,37.5999,37.37,37.4,114518.0
2026-05-19 15:50:00+00:00,37.4001,37.4848,37.16,37.28,69994.0
2026-05-19 15:55:00+00:00,37.26,37.37,37.05,37.35,80377.0
2026-05-19 16:00:00+00:00,37.39,37.5158,37.34,37.44,65687.0
2026-05-19 16:05:00+00:00,37.43,37.43,37.2,37.2112,84048.0
2026-05-19 16:10:00+00:00,37.19,37.27,37.055,37.14,99780.0
2026-05-19 16:15:00+00:00,37.15,37.25,36.871,36.875,93783.0
2026-05-19 16:20:00+00:00,36.875,37.04,36.8244,36.9901,70848.0
2026-05-19 16:25:00+00:00,37.02,37.2316,36.975,37.16,94430.0
2026-05-19 16:30:00+00:00,37.15,37.52,37.15,37.52,109982.0
2026-05-19 16:35:00+00:00,37.52,37.64,37.31,37.4,130726.0
2026-05-19 16:40:00+00:00,37.405,37.53,37.325,37.46,74255.0
2026-05-19 16:45:00+00:00,37.4656,37.5699,37.1725,37.22,98024.0
2026-05-19 16:50:00+00:00,37.2102,37.3199,37.07,37.315,96422.0
2026-05-19 16:55:00+00:00,37.315,37.32,37.1601,37.2,88705.0
2026-05-19 17:00:00+00:00,37.21,37.45,37.19,37.45,136842.0
2026-05-19 17:05:00+00:00,37.455,37.54,37.2501,37.42,121647.0
2026-05-19 17:10:00+00:00,37.43,37.49,37.36,37.48,120957.0
2026-05-19 17:15:00+00:00,37.49,37.71,37.45,37.64,127266.0
2026-05-19 17:20:00+00:00,37.65,37.77,37.56,37.58,178939.0
2026-05-19 17:25:00+00:00,37.57,37.5731,37.275,37.39,174453.0
2026-05-19 17:30:00+00:00,37.3999,37.5199,37.245,37.28,108271.0
2026-05-19 17:35:00+00:00,37.275,37.5,37.26,37.43,112561.0
2026-05-19 17:40:00+00:00,37.43,37.52,37.1133,37.19,73255.0
2026-05-19 17:45:00+00:00,37.18,37.195,36.97,37.1,120577.0
2026-05-19 17:50:00+00:00,37.0901,37.175,36.885,36.95,116219.0
2026-05-19 17:55:00+00:00,36.96,37.19,36.96,37.19,86104.0
2026-05-19 18:00:00+00:00,37.2,37.35,37.19,37.24,82192.0
2026-05-19 18:05:00+00:00,37.24,37.495,37.19,37.495,76096.0
2026-05-19 18:10:00+00:00,37.5,37.56,37.42,37.455,99412.0
2026-05-19 18:15:00+00:00,37.455,37.5965,37.45,37.545,106550.0
2026-05-19 18:20:00+00:00,37.5499,37.5499,37.275,37.35,146619.0
2026-05-19 18:25:00+00:00,37.3599,37.45,37.26,37.4194,112004.0
2026-05-19 18:30:00+00:00,37.42,37.445,37.3301,37.37,86115.0
2026-05-19 18:35:00+00:00,37.38,37.3999,37.17,37.18,93403.0
2026-05-19 18:40:00+00:00,37.17,37.26,37.13,37.1899,71459.0
2026-05-19 18:45:00+00:00,37.1855,37.2,37.055,37.1986,106667.0
2026-05-19 18:50:00+00:00,37.1899,37.415,37.045,37.045,148532.0
2026-05-19 18:55:00+00:00,37.04,37.08,36.705,36.775,416342.0
2026-05-19 19:00:00+00:00,36.78,37.07,36.77,37.045,247068.0
2026-05-19 19:05:00+00:00,37.03,37.255,36.835,37.22,112048.0
2026-05-19 19:10:00+00:00,37.215,37.435,37.18,37.26,119269.0
2026-05-19 19:15:00+00:00,37.25,37.26,36.92,36.925,87020.0
2026-05-19 19:20:00+00:00,36.925,36.94,36.615,36.635,139555.0
2026-05-19 19:25:00+00:00,36.635,36.71,36.552,36.6901,132184.0
2026-05-19 19:30:00+00:00,36.71,36.825,36.63,36.6401,127917.0
2026-05-19 19:35:00+00:00,36.65,36.83,36.65,36.8299,190222.0
2026-05-19 19:40:00+00:00,36.815,36.94,36.76,36.87,194651.0
2026-05-19 19:45:00+00:00,36.89,36.94,36.81,36.85,297111.0
2026-05-19 19:50:00+00:00,36.85,36.85,36.665,36.665,347290.0
2026-05-19 19:55:00+00:00,36.66,36.7,36.5,36.645,746737.0
2026-05-19 20:00:00+00:00,36.62,36.62,36.25,36.4609,787839.0
2026-05-19 20:05:00+00:00,36.46,36.537,36.42,36.4369,7415.0
2026-05-19 20:10:00+00:00,36.55,36.55,36.5,36.54,2326.0
2026-05-19 20:15:00+00:00,36.5018,36.6,36.5018,36.587,2174.0
2026-05-19 20:20:00+00:00,36.5585,36.5585,36.5585,36.5585,207.0
2026-05-19 20:25:00+00:00,36.59,36.59,36.55,36.5848,2596.0
2026-05-19 20:30:00+00:00,36.5502,36.59,36.55,36.55,2049.0
2026-05-19 20:35:00+00:00,36.53,36.53,36.5,36.53,989.0
2026-05-19 20:40:00+00:00,36.53,36.53,36.5,36.5,1034.0
2026-05-19 20:45:00+00:00,36.531,36.55,36.53,36.5495,2775.0
2026-05-19 20:50:00+00:00,36.5498,36.55,36.5435,36.5484,608.0
2026-05-19 20:55:00+00:00,36.55,36.55,36.55,36.55,216.0
2026-05-19 21:00:00+00:00,36.55,36.55,36.5,36.5239,1396.0
2026-05-19 21:05:00+00:00,36.55,36.55,36.53,36.55,1532.0
2026-05-19 21:10:00+00:00,36.55,36.57,36.53,36.55,2074.0
2026-05-19 21:15:00+00:00,36.55,36.61,36.55,36.6008,2617.0
2026-05-19 21:20:00+00:00,36.6,36.69,36.6,36.6117,5809.0
2026-05-19 21:25:00+00:00,36.6104,36.68,36.6104,36.67,864.0
2026-05-19 21:30:00+00:00,36.67,36.67,36.64,36.64,784.0
2026-05-19 21:35:00+00:00,36.64,36.68,36.55,36.68,21813.0
2026-05-19 21:40:00+00:00,36.6,36.68,36.56,36.64,2186.0
2026-05-19 21:45:00+00:00,36.65,36.68,36.61,36.61,3760.0
2026-05-19 21:50:00+00:00,36.68,36.68,36.6,36.6,2192.0
2026-05-19 21:55:00+00:00,36.66,36.66,36.66,36.66,288.0
2026-05-19 22:00:00+00:00,36.6684,36.68,36.6,36.68,1593.0
2026-05-19 22:05:00+00:00,36.65,36.68,36.65,36.6793,2427.0
2026-05-19 22:10:00+00:00,36.68,36.68,36.66,36.6789,7918.0
2026-05-19 22:15:00+00:00,36.6794,36.6794,36.6376,36.64,1577.0
2026-05-19 22:20:00+00:00,36.61,36.64,36.61,36.64,1094.0
2026-05-19 22:25:00+00:00,36.65,36.65,36.57,36.57,2176.0
2026-05-19 22:30:00+00:00,36.52,36.52,36.5025,36.52,1238.0
2026-05-19 22:35:00+00:00,36.52,36.55,36.51,36.55,1562.0
2026-05-19 22:40:00+00:00,36.55,36.5995,36.55,36.5995,1462.0
2026-05-19 22:50:00+00:00,36.57,36.57,36.57,36.57,272.0
2026-05-19 22:55:00+00:00,36.55,36.6,36.55,36.6,3230.0
2026-05-19 23:00:00+00:00,36.57,36.63,36.5501,36.59,1759.0
2026-05-19 23:05:00+00:00,36.63,36.63,36.63,36.63,683.0
2026-05-19 23:10:00+00:00,36.64,36.65,36.6,36.637,2053.0
2026-05-19 23:15:00+00:00,36.637,36.696,36.637,36.696,3657.0
2026-05-19 23:20:00+00:00,36.65,36.75,36.65,36.75,764.0
2026-05-19 23:25:00+00:00,36.65,36.737,36.65,36.6807,2814.0
2026-05-19 23:30:00+00:00,36.66,36.66,36.66,36.66,637.0
2026-05-19 23:35:00+00:00,36.75,36.75,36.72,36.72,2318.0
2026-05-19 23:40:00+00:00,36.7209,36.75,36.72,36.75,3486.0
2026-05-19 23:45:00+00:00,36.73,36.81,36.73,36.81,1386.0
2026-05-19 23:50:00+00:00,36.7987,36.8089,36.72,36.8,2598.0
2026-05-19 23:55:00+00:00,36.73,36.81,36.73,36.8,1926.0
2026-05-20 08:00:00+00:00,36.96,37.05,36.55,37.02,26189.0
2026-05-20 08:05:00+00:00,37.1884,37.19,36.81,37.08,7174.0
2026-05-20 08:10:00+00:00,37.08,37.154,37.08,37.09,835.0
2026-05-20 08:15:00+00:00,37.08,37.19,37.08,37.18,5986.0
2026-05-20 08:20:00+00:00,37.2452,37.2452,37.15,37.15,2283.0
2026-05-20 08:25:00+00:00,37.25,37.5375,37.25,37.3,5357.0
2026-05-20 08:30:00+00:00,37.3,37.3,37.3,37.3,376.0
2026-05-20 08:35:00+00:00,37.3,37.33,37.3,37.33,1020.0
2026-05-20 08:40:00+00:00,37.44,37.52,37.44,37.47,2800.0
2026-05-20 08:45:00+00:00,37.47,37.6,37.47,37.57,1814.0
2026-05-20 08:50:00+00:00,37.5,37.57,37.5,37.57,601.0
2026-05-20 08:55:00+00:00,37.55,37.56,37.5,37.55,2879.0
2026-05-20 09:00:00+00:00,37.61,37.61,37.61,37.61,474.0
2026-05-20 09:05:00+00:00,37.5,37.52,37.49,37.5,10174.0
2026-05-20 09:10:00+00:00,37.48,37.5,37.48,37.5,805.0
2026-05-20 09:15:00+00:00,37.5,37.51,37.44,37.5,1552.0
2026-05-20 09:20:00+00:00,37.52,37.52,37.51,37.52,1099.0
2026-05-20 09:25:00+00:00,37.55,37.61,37.52,37.61,1816.0
2026-05-20 09:30:00+00:00,37.5515,37.5515,37.5515,37.5515,753.0
2026-05-20 09:35:00+00:00,37.6,37.62,37.6,37.62,2526.0
2026-05-20 09:40:00+00:00,37.59,37.66,37.57,37.62,1027.0
2026-05-20 09:45:00+00:00,37.64,37.64,37.61,37.62,940.0
2026-05-20 09:50:00+00:00,37.65,37.7,37.65,37.7,4957.0
2026-05-20 09:55:00+00:00,37.7,37.83,37.65,37.8137,3933.0
2026-05-20 10:00:00+00:00,37.8,37.99,37.7585,37.9,16363.0
2026-05-20 10:05:00+00:00,37.97,37.99,37.92,37.92,2799.0
2026-05-20 10:10:00+00:00,37.94,37.95,37.88,37.94,2355.0
2026-05-20 10:15:00+00:00,37.9471,37.95,37.9471,37.95,265.0
2026-05-20 10:20:00+00:00,37.85,37.95,37.82,37.91,6739.0
2026-05-20 10:25:00+00:00,37.85,37.85,37.76,37.76,4838.0
2026-05-20 10:35:00+00:00,37.82,37.82,37.82,37.82,300.0
2026-05-20 10:40:00+00:00,37.7,37.71,37.7,37.71,2354.0
2026-05-20 10:45:00+00:00,37.71,37.72,37.68,37.68,2887.0
2026-05-20 10:50:00+00:00,37.6,37.6,37.6,37.6,184.0
2026-05-20 10:55:00+00:00,37.57,37.57,37.55,37.55,2084.0
2026-05-20 11:00:00+00:00,37.64,37.8,37.55,37.69,22520.0
2026-05-20 11:05:00+00:00,37.7,37.8,37.6,37.74,7864.0
2026-05-20 11:10:00+00:00,37.75,37.8,37.7482,37.7498,3432.0
2026-05-20 11:15:00+00:00,37.7,37.7787,37.7,37.7209,4731.0
2026-05-20 11:20:00+00:00,37.78,37.85,37.7248,37.81,6916.0
2026-05-20 11:25:00+00:00,37.8001,37.85,37.8001,37.8435,8026.0
2026-05-20 11:30:00+00:00,37.85,37.9,37.85,37.9,10021.0
2026-05-20 11:35:00+00:00,37.8987,37.9,37.83,37.9,7034.0
2026-05-20 11:40:00+00:00,37.81,37.85,37.71,37.79,6076.0
2026-05-20 11:45:00+00:00,37.8,37.8094,37.7,37.71,4814.0
2026-05-20 11:50:00+00:00,37.7519,37.8,37.7011,37.75,3049.0
2026-05-20 11:55:00+00:00,37.74,37.75,37.7,37.73,11096.0
2026-05-20 12:00:00+00:00,37.7,37.85,37.65,37.8266,8223.0
2026-05-20 12:05:00+00:00,37.85,37.85,37.66,37.78,3146.0
2026-05-20 12:10:00+00:00,37.7786,37.84,37.68,37.82,5610.0
2026-05-20 12:15:00+00:00,37.81,37.86,37.6773,37.816,6360.0
2026-05-20 12:20:00+00:00,37.77,37.82,37.71,37.81,4399.0
2026-05-20 12:25:00+00:00,37.84,37.92,37.82,37.9,5171.0
2026-05-20 12:30:00+00:00,37.9,37.99,37.83,37.99,9440.0
2026-05-20 12:35:00+00:00,37.98,37.99,37.8,37.8,17586.0
2026-05-20 12:40:00+00:00,37.8586,37.88,37.75,37.7994,3636.0
2026-05-20 12:45:00+00:00,37.8,37.87,37.7558,37.8245,6400.0
2026-05-20 12:50:00+00:00,37.866,37.97,37.83,37.97,13380.0
2026-05-20 12:55:00+00:00,37.96,37.96,37.75,37.75,16430.0
2026-05-20 13:00:00+00:00,37.81,37.85,37.7,37.85,3084.0
2026-05-20 13:05:00+00:00,37.8,37.91,37.73,37.88,15423.0
2026-05-20 13:10:00+00:00,37.89,37.9196,37.84,37.8475,16231.0
2026-05-20 13:15:00+00:00,37.8356,37.85,37.73,37.8109,15195.0
2026-05-20 13:20:00+00:00,37.8527,37.92,37.75,37.9,4097.0
2026-05-20 13:25:00+00:00,37.96,38.28,37.865,37.97,34922.0
2026-05-20 13:30:00+00:00,37.99,38.03,36.85,37.088,803348.0
2026-05-20 13:35:00+00:00,37.05,37.11,36.435,36.7072,597321.0
2026-05-20 13:40:00+00:00,36.66,36.91,36.41,36.735,309046.0
2026-05-20 13:45:00+00:00,36.78,37.02,36.54,36.735,333610.0
2026-05-20 13:50:00+00:00,36.75,37.02,36.435,36.57,398409.0
2026-05-20 13:55:00+00:00,36.56,36.73,36.38,36.7,256448.0
2026-05-20 14:00:00+00:00,36.71,36.95,36.7001,36.83,256291.0
2026-05-20 14:05:00+00:00,36.85,36.9399,36.6653,36.7443,159784.0
2026-05-20 14:10:00+00:00,36.7,37.04,36.35,36.86,383501.0
2026-05-20 14:15:00+00:00,36.87,37.8,36.715,37.59,708111.0
2026-05-20 14:20:00+00:00,37.59,38.02,37.39,37.4,371210.0
2026-05-20 14:25:00+00:00,37.4,37.47,37.2,37.3052,262666.0
2026-05-20 14:30:00+00:00,37.37,37.8904,37.28,37.45,266353.0
2026-05-20 14:35:00+00:00,37.44,37.62,37.27,37.4,185766.0
2026-05-20 14:40:00+00:00,37.4,37.85,37.37,37.83,244374.0
2026-05-20 14:45:00+00:00,37.84,38.08,37.775,37.8156,271646.0
2026-05-20 14:50:00+00:00,37.81,37.97,37.69,37.9,207280.0
2026-05-20 14:55:00+00:00,37.88,38.12,37.82,37.88,215933.0
2026-05-20 15:00:00+00:00,37.87,38.23,37.81,37.8501,222452.0
2026-05-20 15:05:00+00:00,37.835,38.14,37.8117,37.9,159454.0
2026-05-20 15:10:00+00:00,37.88,37.91,37.76,37.89,125220.0
2026-05-20 15:15:00+00:00,37.9,38.42,37.88,38.2273,430197.0
2026-05-20 15:20:00+00:00,38.23,38.332,37.85,37.85,170094.0
2026-05-20 15:25:00+00:00,37.85,38.11,37.81,38.055,190206.0
2026-05-20 15:30:00+00:00,38.07,38.28,38.005,38.17,192714.0
2026-05-20 15:35:00+00:00,38.16,38.44,38.13,38.14,177311.0
2026-05-20 15:40:00+00:00,38.17,38.38,38.06,38.29,144715.0
2026-05-20 15:45:00+00:00,38.3,38.85,38.3,38.7004,484549.0
2026-05-20 15:50:00+00:00,38.74,38.8,38.5509,38.62,219748.0
2026-05-20 15:55:00+00:00,38.64,38.97,38.64,38.9599,208854.0
2026-05-20 16:00:00+00:00,38.95,39.075,38.8701,39.01,315361.0
2026-05-20 16:05:00+00:00,39.015,39.14,38.9213,38.95,339645.0
2026-05-20 16:10:00+00:00,38.945,39.0991,38.88,38.93,159630.0
2026-05-20 16:15:00+00:00,38.94,38.94,38.56,38.62,175911.0
2026-05-20 16:20:00+00:00,38.63,38.75,38.31,38.31,306417.0
2026-05-20 16:25:00+00:00,38.3,38.37,38.05,38.27,155495.0
2026-05-20 16:30:00+00:00,38.29,38.64,38.24,38.47,232956.0
2026-05-20 16:35:00+00:00,38.47,38.5092,38.31,38.31,92897.0
2026-05-20 16:40:00+00:00,38.3,38.42,38.1338,38.42,115208.0
2026-05-20 16:45:00+00:00,38.43,38.45,38.24,38.4,101257.0
2026-05-20 16:50:00+00:00,38.41,38.5599,38.37,38.52,79576.0
2026-05-20 16:55:00+00:00,38.515,38.579,38.315,38.51,96946.0
2026-05-20 17:00:00+00:00,38.53,38.68,38.466,38.5,144845.0
2026-05-20 17:05:00+00:00,38.48,38.685,38.47,38.63,112874.0
2026-05-20 17:10:00+00:00,38.6393,38.93,38.5505,38.86,202799.0
2026-05-20 17:15:00+00:00,38.83,38.8699,38.5408,38.7601,118182.0
2026-05-20 17:20:00+00:00,38.77,38.92,38.7201,38.785,119025.0
2026-05-20 17:25:00+00:00,38.77,38.83,38.72,38.79,110450.0
2026-05-20 17:30:00+00:00,38.81,38.86,38.7301,38.75,123627.0
2026-05-20 17:35:00+00:00,38.75,38.92,38.63,38.6589,137339.0
2026-05-20 17:40:00+00:00,38.62,38.68,38.5199,38.5818,134675.0
2026-05-20 17:45:00+00:00,38.59,38.63,38.46,38.46,105840.0
2026-05-20 17:50:00+00:00,38.4795,38.48,38.3,38.42,84201.0
2026-05-20 17:55:00+00:00,38.41,38.53,38.35,38.52,134914.0
2026-05-20 18:00:00+00:00,38.53,38.7899,38.51,38.755,176570.0
2026-05-20 18:05:00+00:00,38.7412,38.99,38.72,38.95,191130.0
2026-05-20 18:10:00+00:00,38.99,39.0,38.6501,38.6501,79059.0
2026-05-20 18:15:00+00:00,38.7,38.8,38.66,38.7,108661.0
2026-05-20 18:20:00+00:00,38.715,38.7295,38.54,38.59,79175.0
2026-05-20 18:25:00+00:00,38.6099,38.66,38.53,38.65,124590.0
2026-05-20 18:30:00+00:00,38.66,38.77,38.51,38.66,5626925.0
2026-05-20 18:35:00+00:00,38.66,38.861,38.63,38.82,95671.0
2026-05-20 18:40:00+00:00,38.83,38.97,38.745,38.78,195949.0
2026-05-20 18:45:00+00:00,38.75,38.99,38.59,38.7,141209.0
2026-05-20 18:50:00+00:00,38.695,38.88,38.57,38.79,115990.0
2026-05-20 18:55:00+00:00,38.78,38.7858,38.405,38.59,224708.0
2026-05-20 19:00:00+00:00,38.61,38.95,38.59,38.87,168346.0
2026-05-20 19:05:00+00:00,38.85,38.99,38.71,38.85,101384.0
2026-05-20 19:10:00+00:00,38.84,38.94,38.78,38.9,86345.0
2026-05-20 19:15:00+00:00,38.9,38.98,38.7985,38.96,90598.0
2026-05-20 19:20:00+00:00,38.97,39.23,38.9599,39.22,214023.0
2026-05-20 19:25:00+00:00,39.25,39.34,39.06,39.34,190662.0
2026-05-20 19:30:00+00:00,39.34,39.43,39.18,39.37,180625.0
2026-05-20 19:35:00+00:00,39.37,39.55,39.2301,39.46,192369.0
2026-05-20 19:40:00+00:00,39.46,39.48,39.23,39.31,626400.0
2026-05-20 19:45:00+00:00,39.31,39.39,39.21,39.34,196214.0
2026-05-20 19:50:00+00:00,39.33,39.48,39.2736,39.3592,275933.0
2026-05-20 19:55:00+00:00,39.38,39.585,39.3,39.52,710022.0
2026-05-20 20:00:00+00:00,39.52,39.89,39.42,39.53,1341012.0
2026-05-20 20:05:00+00:00,39.56,39.6562,39.36,39.45,7932.0
2026-05-20 20:10:00+00:00,39.38,39.38,39.21,39.26,25344.0
2026-05-20 20:15:00+00:00,39.32,42.48,39.32,42.0,521997.0
2026-05-20 20:20:00+00:00,42.02,42.6,40.85,42.4,326898.0
2026-05-20 20:25:00+00:00,42.37,43.05,42.0,42.95,251432.0
2026-05-20 20:30:00+00:00,42.94,43.019,42.01,42.48,252979.0
2026-05-20 20:35:00+00:00,42.44,43.12,42.21,43.12,161847.0
2026-05-20 20:40:00+00:00,43.06,43.15,42.74,42.96,168259.0
2026-05-20 20:45:00+00:00,42.94,43.03,42.62,42.8219,154769.0
2026-05-20 20:50:00+00:00,42.75,42.8318,42.3,42.42,142764.0
2026-05-20 20:55:00+00:00,42.41,42.51,41.99,42.3268,85427.0
2026-05-20 21:00:00+00:00,42.3,42.4109,42.123,42.2,35673.0
2026-05-20 21:05:00+00:00,42.34,42.4,41.75,41.99,98517.0
2026-05-20 21:10:00+00:00,42.08,42.25,41.7772,41.9909,31654.0
2026-05-20 21:15:00+00:00,41.9301,42.2,41.9,42.02,56284.0
2026-05-20 21:20:00+00:00,42.02,42.1435,41.91,41.999,41234.0
2026-05-20 21:25:00+00:00,41.9371,42.75,41.9371,42.65,63283.0
2026-05-20 21:30:00+00:00,42.65,42.7,42.2,42.31,24029.0
2026-05-20 21:35:00+00:00,42.26,42.65,42.25,42.3987,23999.0
2026-05-20 21:40:00+00:00,42.2873,42.47,42.26,42.37,11725.0
2026-05-20 21:45:00+00:00,42.3707,42.57,42.35,42.5472,23382.0
2026-05-20 21:50:00+00:00,42.55,42.75,42.46,42.6,16800.0
2026-05-20 21:55:00+00:00,42.71,42.72,42.4,42.44,26132.0
2026-05-20 22:00:00+00:00,42.5,42.5,42.0,42.34,30185.0
2026-05-20 22:05:00+00:00,42.26,42.4,41.89,41.89,47360.0
2026-05-20 22:10:00+00:00,41.9,42.0,41.76,42.0,23315.0
2026-05-20 22:15:00+00:00,41.9,42.2,41.9,41.9999,19499.0
2026-05-20 22:20:00+00:00,41.99,42.0,41.85,41.9,7535.0
2026-05-20 22:25:00+00:00,41.951,42.1805,41.9091,42.0,17321.0
2026-05-20 22:30:00+00:00,41.9217,42.15,41.92,42.0421,8509.0
2026-05-20 22:35:00+00:00,42.08,42.13,42.0,42.1,6211.0
2026-05-20 22:40:00+00:00,42.1844,42.1844,42.1,42.17,2070.0
2026-05-20 22:45:00+00:00,42.1109,42.14,42.04,42.04,7368.0
2026-05-20 22:50:00+00:00,42.13,42.2,42.1,42.15,10265.0
2026-05-20 22:55:00+00:00,42.1,42.5822,42.1,42.4975,27381.0
2026-05-20 23:00:00+00:00,42.51,42.5156,42.25,42.4688,14137.0
2026-05-20 23:05:00+00:00,42.3683,42.3683,42.21,42.2957,5119.0
2026-05-20 23:10:00+00:00,42.26,42.4,42.26,42.4,5117.0
2026-05-20 23:15:00+00:00,42.3,42.4,42.19,42.39,6642.0
2026-05-20 23:20:00+00:00,42.3691,42.3691,42.15,42.15,5520.0
2026-05-20 23:25:00+00:00,42.324,42.324,42.2334,42.25,6551.0
2026-05-20 23:30:00+00:00,42.2065,42.4,42.2,42.4,20469.0
2026-05-20 23:35:00+00:00,42.42,42.45,42.37,42.437,9862.0
2026-05-20 23:40:00+00:00,42.437,42.45,42.36,42.414,8058.0
2026-05-20 23:45:00+00:00,42.41,42.45,42.35,42.45,17701.0
2026-05-20 23:50:00+00:00,42.47,42.5,42.3,42.36,18140.0
2026-05-20 23:55:00+00:00,42.37,42.5684,42.37,42.55,15829.0
2026-05-21 08:00:00+00:00,42.96,43.66,42.52,43.28,78727.0
2026-05-21 08:05:00+00:00,43.29,43.5,43.0,43.5,11298.0
2026-05-21 08:10:00+00:00,43.58,43.78,43.58,43.78,14387.0
2026-05-21 08:15:00+00:00,43.77,43.82,43.54,43.54,12332.0
2026-05-21 08:20:00+00:00,43.53,43.7,43.49,43.67,20384.0
2026-05-21 08:25:00+00:00,43.72,43.88,43.61,43.88,7994.0
2026-05-21 08:30:00+00:00,43.88,43.8947,43.717,43.81,6839.0
2026-05-21 08:35:00+00:00,43.76,43.9,43.75,43.85,6077.0
2026-05-21 08:40:00+00:00,43.88,44.33,43.88,44.31,16580.0
2026-05-21 08:45:00+00:00,44.16,44.3,44.16,44.3,10323.0
2026-05-21 08:50:00+00:00,44.28,44.28,44.1,44.13,6577.0
2026-05-21 08:55:00+00:00,44.19,44.45,44.19,44.43,7715.0
2026-05-21 09:00:00+00:00,44.29,44.45,44.13,44.29,12943.0
2026-05-21 09:05:00+00:00,44.2,44.36,44.17,44.2,3692.0
2026-05-21 09:10:00+00:00,44.27,44.27,44.24,44.24,1305.0
2026-05-21 09:15:00+00:00,44.15,44.19,44.13,44.14,4101.0
2026-05-21 09:20:00+00:00,44.1,44.1,44.07,44.09,2200.0
2026-05-21 09:25:00+00:00,44.0585,44.15,44.01,44.1372,9531.0
2026-05-21 09:30:00+00:00,44.12,44.25,43.88,43.88,16072.0
2026-05-21 09:35:00+00:00,43.9,44.0,43.7,43.74,7405.0
2026-05-21 09:40:00+00:00,43.69,43.8,43.69,43.76,4741.0
2026-05-21 09:45:00+00:00,43.62,43.85,43.62,43.85,9372.0
2026-05-21 09:50:00+00:00,43.88,43.89,43.7087,43.7087,933.0
2026-05-21 09:55:00+00:00,43.9,44.0,43.8,43.92,5387.0
2026-05-21 10:00:00+00:00,43.97,44.02,43.87,44.0,4699.0
2026-05-21 10:05:00+00:00,43.9,43.95,43.7,43.75,6030.0
2026-05-21 10:10:00+00:00,43.752,44.0,43.75,44.0,23560.0
2026-05-21 10:15:00+00:00,43.87,43.87,43.8,43.8457,1082.0
2026-05-21 10:20:00+00:00,43.8,43.8,43.6,43.68,16461.0
2026-05-21 10:25:00+00:00,43.65,43.65,43.36,43.44,11339.0
2026-05-21 10:30:00+00:00,43.36,43.55,43.36,43.55,10189.0
2026-05-21 10:35:00+00:00,43.53,43.53,43.06,43.06,64066.0
2026-05-21 10:40:00+00:00,43.06,43.35,42.75,43.08,21114.0
2026-05-21 10:45:00+00:00,43.3,43.32,43.1,43.23,7674.0
2026-05-21 10:50:00+00:00,43.26,43.2713,43.0,43.12,8068.0
2026-05-21 10:55:00+00:00,43.17,43.35,43.17,43.21,4016.0
2026-05-21 11:00:00+00:00,43.2,43.4,43.0,43.35,52160.0
2026-05-21 11:05:00+00:00,43.3,43.4,43.101,43.2015,25731.0
2026-05-21 11:10:00+00:00,43.23,43.5,43.18,43.5,21238.0
2026-05-21 11:15:00+00:00,43.51,43.66,43.36,43.624,27165.0
2026-05-21 11:20:00+00:00,43.5675,43.76,43.5,43.619,20086.0
2026-05-21 11:25:00+00:00,43.59,43.75,43.55,43.71,21205.0
2026-05-21 11:30:00+00:00,43.76,43.8,43.55,43.55,20411.0
2026-05-21 11:35:00+00:00,43.55,43.65,43.4,43.5,17659.0
2026-05-21 11:40:00+00:00,43.4275,43.5,43.4,43.45,14437.0
2026-05-21 11:45:00+00:00,43.42,43.58,43.4,43.51,26995.0
2026-05-21 11:50:00+00:00,43.5103,43.7,43.51,43.65,17011.0
2026-05-21 11:55:00+00:00,43.695,43.695,43.4586,43.65,18887.0
2026-05-21 12:00:00+00:00,43.63,43.63,43.42,43.5898,21965.0
2026-05-21 12:05:00+00:00,43.59,43.59,43.33,43.36,11127.0
2026-05-21 12:10:00+00:00,43.3979,43.46,43.321,43.4181,10428.0
2026-05-21 12:15:00+00:00,43.41,43.44,43.2,43.3,21556.0
2026-05-21 12:20:00+00:00,43.31,43.36,43.23,43.2565,19955.0
2026-05-21 12:25:00+00:00,43.2529,43.3099,43.2,43.21,17078.0
2026-05-21 12:30:00+00:00,43.2239,43.44,43.12,43.32,33945.0
2026-05-21 12:35:00+00:00,43.41,43.44,43.12,43.12,29163.0
2026-05-21 12:40:00+00:00,43.07,43.22,43.05,43.1913,17017.0
2026-05-21 12:45:00+00:00,43.2,43.3,43.14,43.2252,15734.0
2026-05-21 12:50:00+00:00,43.27,43.59,43.22,43.59,65354.0
2026-05-21 12:55:00+00:00,43.55,43.65,43.29,43.29,966991.0
2026-05-21 13:00:00+00:00,43.34,43.55,43.33,43.55,18010.0
2026-05-21 13:05:00+00:00,43.55,43.6,43.3,43.3015,30255.0
2026-05-21 13:10:00+00:00,43.3,43.3176,43.15,43.15,29232.0
2026-05-21 13:15:00+00:00,43.1,43.1,42.87,42.9,39283.0
2026-05-21 13:20:00+00:00,42.99,43.1,42.9784,43.07,17838.0
2026-05-21 13:25:00+00:00,43.1,43.1,42.36,42.39,101098.0
2026-05-21 13:30:00+00:00,42.37,44.37,42.3,44.06,2390390.0
2026-05-21 13:35:00+00:00,44.1155,46.19,43.8,45.5186,2038506.0
2026-05-21 13:40:00+00:00,45.515,45.81,44.79,45.145,1141752.0
2026-05-21 13:45:00+00:00,45.16,45.45,44.68,45.085,870834.0
2026-05-21 13:50:00+00:00,45.04,45.54,44.65,45.3841,810654.0
2026-05-21 13:55:00+00:00,45.4,45.555,45.02,45.4105,669603.0
2026-05-21 14:00:00+00:00,45.425,46.0,45.27,45.665,854714.0
2026-05-21 14:05:00+00:00,45.65,45.7637,45.26,45.57,485659.0
2026-05-21 14:10:00+00:00,45.605,46.36,45.31,46.32,1211166.0
2026-05-21 14:15:00+00:00,46.3001,46.6086,45.8,46.02,1322360.0
2026-05-21 14:20:00+00:00,46.0,46.5,45.4506,46.33,864359.0
2026-05-21 14:25:00+00:00,46.34,47.35,46.21,47.19,1151732.0
2026-05-21 14:30:00+00:00,47.19,47.5,46.59,46.64,1121322.0
2026-05-21 14:35:00+00:00,46.6351,47.13,46.47,46.96,644523.0
2026-05-21 14:40:00+00:00,46.955,46.99,46.5504,46.775,406754.0
2026-05-21 14:45:00+00:00,46.77,47.22,46.02,46.34,714426.0
2026-05-21 14:50:00+00:00,46.35,46.7448,45.88,46.4418,597295.0
2026-05-21 14:55:00+00:00,46.45,47.25,46.42,46.955,567222.0
2026-05-21 15:00:00+00:00,46.96,47.11,46.3001,46.325,522811.0
2026-05-21 15:05:00+00:00,46.36,46.64,46.155,46.63,287835.0
2026-05-21 15:10:00+00:00,46.62,46.9,46.19,46.715,385783.0
2026-05-21 15:15:00+00:00,46.7151,46.98,46.58,46.71,279043.0
2026-05-21 15:20:00+00:00,46.71,46.84,46.52,46.53,266096.0
2026-05-21 15:25:00+00:00,46.52,46.76,46.43,46.58,202148.0
2026-05-21 15:30:00+00:00,46.58,46.6112,46.31,46.4983,235831.0
2026-05-21 15:35:00+00:00,46.5,46.79,46.46,46.69,160654.0
2026-05-21 15:40:00+00:00,46.69,46.71,46.52,46.64,144083.0
2026-05-21 15:45:00+00:00,46.64,47.03,46.6,46.9899,355791.0
2026-05-21 15:50:00+00:00,46.975,47.219,46.85,47.18,276829.0
2026-05-21 15:55:00+00:00,47.18,47.43,47.05,47.12,406154.0
2026-05-21 16:00:00+00:00,47.135,47.57,47.1233,47.325,474449.0
2026-05-21 16:05:00+00:00,47.325,47.36,47.2135,47.3,213052.0
2026-05-21 16:10:00+00:00,47.31,47.57,47.28,47.4667,382221.0
2026-05-21 16:15:00+00:00,47.441,47.49,47.23,47.24,260309.0
2026-05-21 16:20:00+00:00,47.2586,47.44,47.21,47.32,217180.0
2026-05-21 16:25:00+00:00,47.32,47.41,47.0,47.36,319549.0
2026-05-21 16:30:00+00:00,47.35,47.48,47.31,47.36,193055.0
2026-05-21 16:35:00+00:00,47.3301,47.42,47.04,47.19,246645.0
2026-05-21 16:40:00+00:00,47.1901,47.44,47.0917,47.355,227945.0
2026-05-21 16:45:00+00:00,47.38,47.4605,47.22,47.3797,159209.0
2026-05-21 16:50:00+00:00,47.38,47.4,47.12,47.35,183609.0
2026-05-21 16:55:00+00:00,47.33,47.36,47.05,47.05,135354.0
2026-05-21 17:00:00+00:00,47.07,47.37,47.065,47.22,254813.0
2026-05-21 17:05:00+00:00,47.215,47.27,47.1,47.2492,182327.0
2026-05-21 17:10:00+00:00,47.23,47.77,47.23,47.59,583762.0
2026-05-21 17:15:00+00:00,47.58,47.93,47.525,47.7,399808.0
2026-05-21 17:20:00+00:00,47.695,47.83,47.34,47.65,241503.0
2026-05-21 17:25:00+00:00,47.67,47.73,47.515,47.515,224169.0
2026-05-21 17:30:00+00:00,47.52,48.04,47.5,47.95,558950.0
2026-05-21 17:35:00+00:00,47.96,48.0,47.67,47.75,251101.0
2026-05-21 17:40:00+00:00,47.7799,48.065,47.77,48.0201,267017.0
2026-05-21 17:45:00+00:00,48.01,48.02,47.66,47.91,200433.0
2026-05-21 17:50:00+00:00,47.8933,48.26,47.88,48.18,288944.0
2026-05-21 17:55:00+00:00,48.22,48.27,47.78,47.83,210167.0
2026-05-21 18:00:00+00:00,47.83,48.14,47.8,47.99,284667.0
2026-05-21 18:05:00+00:00,47.98,48.25,47.98,48.17,273605.0
2026-05-21 18:10:00+00:00,48.16,48.26,47.96,48.185,229402.0
2026-05-21 18:15:00+00:00,48.185,48.225,47.975,48.18,221991.0
2026-05-21 18:20:00+00:00,48.18,48.35,48.05,48.35,297441.0
2026-05-21 18:25:00+00:00,48.3401,48.39,48.0032,48.22,312128.0
2026-05-21 18:30:00+00:00,48.235,48.5732,48.205,48.57,312597.0
2026-05-21 18:35:00+00:00,48.57,48.57,48.02,48.15,344439.0
2026-05-21 18:40:00+00:00,48.16,48.25,48.03,48.1171,232976.0
2026-05-21 18:45:00+00:00,48.12,48.145,47.73,47.895,383308.0
2026-05-21 18:50:00+00:00,47.88,48.0,47.57,47.745,315994.0
2026-05-21 18:55:00+00:00,47.7301,48.07,47.695,47.935,293847.0
2026-05-21 19:00:00+00:00,47.92,48.07,47.85,47.95,298027.0
2026-05-21 19:05:00+00:00,47.94,48.135,47.8281,48.05,278884.0
2026-05-21 19:10:00+00:00,48.04,48.3799,47.95,48.26,229060.0
2026-05-21 19:15:00+00:00,48.285,48.3343,47.96,48.285,350244.0
2026-05-21 19:20:00+00:00,48.27,48.43,48.2,48.385,287556.0
2026-05-21 19:25:00+00:00,48.37,48.39,48.02,48.1504,343723.0
2026-05-21 19:30:00+00:00,48.15,48.36,48.15,48.3225,340395.0
2026-05-21 19:35:00+00:00,48.325,48.53,48.03,48.19,437784.0
2026-05-21 19:40:00+00:00,48.17,48.235,47.63,47.67,446241.0
2026-05-21 19:45:00+00:00,47.68,47.84,47.5,47.795,484901.0
2026-05-21 19:50:00+00:00,47.81,48.01,47.565,47.95,700422.0
2026-05-21 19:55:00+00:00,47.96,48.18,47.85,48.03,1337827.0
2026-05-21 20:00:00+00:00,48.02,48.5,47.93,48.1431,2459055.0
2026-05-21 20:05:00+00:00,48.1589,48.23,48.03,48.07,12294.0
2026-05-21 20:10:00+00:00,48.12,48.2333,48.12,48.1622,10493.0
2026-05-21 20:15:00+00:00,48.17,48.26,48.13,48.17,17062.0
2026-05-21 20:20:00+00:00,48.1282,48.18,48.0,48.05,9385.0
2026-05-21 20:25:00+00:00,48.06,48.07,47.9308,47.99,10360.0
2026-05-21 20:30:00+00:00,47.9703,48.1691,47.9703,48.1691,9520.0
2026-05-21 20:35:00+00:00,48.11,48.136,48.1,48.1,3087.0
2026-05-21 20:40:00+00:00,48.06,48.1,48.0,48.0,5241.0
2026-05-21 20:45:00+00:00,48.01,48.149,48.01,48.1318,17816.0
2026-05-21 20:50:00+00:00,48.0373,48.17,48.0265,48.17,949542.0
2026-05-21 20:55:00+00:00,48.2,48.2,48.03,48.03,10573.0
2026-05-21 21:00:00+00:00,48.0915,48.19,48.09,48.19,8495.0
2026-05-21 21:05:00+00:00,48.16,48.19,48.12,48.17,10929.0
2026-05-21 21:10:00+00:00,48.15,48.19,48.15,48.176,2812.0
2026-05-21 21:15:00+00:00,48.19,48.19,48.02,48.0797,30002.0
2026-05-21 21:20:00+00:00,48.02,48.18,48.02,48.1,13135.0
2026-05-21 21:25:00+00:00,48.1794,48.19,48.1005,48.19,13503.0
2026-05-21 21:30:00+00:00,48.17,48.19,48.16,48.17,2607.0
2026-05-21 21:35:00+00:00,48.1809,48.19,48.12,48.19,4715.0
2026-05-21 21:40:00+00:00,48.1927,48.1935,48.15,48.1922,6093.0
2026-05-21 21:45:00+00:00,48.1996,48.2,48.15,48.19,5345.0
2026-05-21 21:50:00+00:00,48.15,48.175,48.15,48.1568,1921.0
2026-05-21 21:55:00+00:00,48.1935,48.1935,48.16,48.19,3589.0
2026-05-21 22:00:00+00:00,48.18,48.25,48.18,48.24,8329.0
2026-05-21 22:05:00+00:00,48.25,48.28,48.22,48.28,15144.0
2026-05-21 22:10:00+00:00,48.28,48.44,48.28,48.44,5423.0
2026-05-21 22:15:00+00:00,48.42,48.5,48.33,48.4,7722.0
2026-05-21 22:20:00+00:00,48.39,48.4,48.3,48.3,6596.0
2026-05-21 22:25:00+00:00,48.29,48.35,48.27,48.3222,6579.0
2026-05-21 22:30:00+00:00,48.25,48.25,48.2304,48.2304,1845.0
2026-05-21 22:35:00+00:00,48.28,48.299,48.25,48.299,2059.0
2026-05-21 22:40:00+00:00,48.2602,48.3,48.2602,48.28,2004.0
2026-05-21 22:45:00+00:00,48.34,48.34,48.27,48.31,4122.0
2026-05-21 22:50:00+00:00,48.28,48.33,48.26,48.33,2419.0
2026-05-21 22:55:00+00:00,48.3,48.33,48.2691,48.3,2298.0
2026-05-21 23:00:00+00:00,48.3,48.38,48.2756,48.2756,6116.0
2026-05-21 23:05:00+00:00,48.3049,48.38,48.3,48.35,3394.0
2026-05-21 23:10:00+00:00,48.38,48.3985,48.2686,48.2686,4089.0
2026-05-21 23:15:00+00:00,48.2691,48.38,48.26,48.38,2717.0
2026-05-21 23:20:00+00:00,48.33,48.33,48.33,48.33,225.0
2026-05-21 23:25:00+00:00,48.3011,48.38,48.3011,48.38,6275.0
2026-05-21 23:30:00+00:00,48.4,48.4499,48.4,48.43,6700.0
2026-05-21 23:35:00+00:00,48.45,48.45,48.3736,48.4499,6271.0
2026-05-21 23:40:00+00:00,48.4,48.48,48.4,48.48,5238.0
2026-05-21 23:45:00+00:00,48.47,48.48,48.45,48.47,7567.0
2026-05-21 23:50:00+00:00,48.47,48.57,48.4502,48.5065,18441.0
2026-05-21 23:55:00+00:00,48.5016,48.65,48.5,48.62,20008.0
2026-05-22 08:00:00+00:00,48.63,49.84,48.45,48.69,42043.0
2026-05-22 08:05:00+00:00,48.65,48.69,48.6,48.6,6324.0
2026-05-22 08:10:00+00:00,48.6,48.6,48.5,48.6,4796.0
2026-05-22 08:15:00+00:00,48.58,49.15,48.58,49.07,20461.0
2026-05-22 08:20:00+00:00,49.0975,49.13,48.93,48.99,5969.0
2026-05-22 08:25:00+00:00,49.01,49.15,48.82,48.82,5996.0
2026-05-22 08:30:00+00:00,48.99,48.99,48.81,48.81,2910.0
2026-05-22 08:35:00+00:00,48.75,49.0388,48.6,48.76,4038.0
2026-05-22 08:40:00+00:00,48.87,48.87,48.86,48.87,1165.0
2026-05-22 08:45:00+00:00,48.9,48.9,48.88,48.88,1337.0
2026-05-22 08:50:00+00:00,48.89,48.89,48.8,48.81,453.0
2026-05-22 08:55:00+00:00,48.8145,48.84,48.45,48.45,13787.0
2026-05-22 09:00:00+00:00,48.42,48.45,48.26,48.3,6022.0
2026-05-22 09:05:00+00:00,48.25,48.3,48.07,48.3,9151.0
2026-05-22 09:10:00+00:00,48.14,48.18,48.1,48.18,1447.0
2026-05-22 09:15:00+00:00,48.08,48.15,48.0,48.13,5142.0
2026-05-22 09:20:00+00:00,48.05,48.16,48.05,48.06,4199.0
2026-05-22 09:25:00+00:00,48.01,48.01,47.9,47.9091,3944.0
2026-05-22 09:30:00+00:00,47.9,47.91,47.8043,47.9,4119.0
2026-05-22 09:35:00+00:00,47.9,48.08,47.9,48.08,1034.0
2026-05-22 09:40:00+00:00,47.9317,48.34,47.93,48.305,2690.0
2026-05-22 09:45:00+00:00,48.31,48.38,48.22,48.22,2902.0
2026-05-22 09:50:00+00:00,48.22,48.23,47.93,48.05,1038.0
2026-05-22 10:05:00+00:00,48.3042,48.3042,48.3042,48.3042,211.0
2026-05-22 10:10:00+00:00,48.16,48.16,48.16,48.16,669.0
2026-05-22 10:15:00+00:00,47.9,47.91,47.85,47.88,4052.0
2026-05-22 10:20:00+00:00,47.79,47.79,47.515,47.73,14214.0
2026-05-22 10:25:00+00:00,47.74,47.74,47.5,47.67,3800.0
2026-05-22 10:30:00+00:00,47.5037,47.617,47.3,47.37,7669.0
2026-05-22 10:35:00+00:00,47.37,47.5,47.3005,47.5,5839.0
2026-05-22 10:40:00+00:00,47.5,47.52,47.44,47.52,794.0
2026-05-22 10:45:00+00:00,47.52,47.73,47.52,47.72,3448.0
2026-05-22 10:50:00+00:00,47.73,47.79,47.36,47.77,9657.0
2026-05-22 10:55:00+00:00,47.45,47.45,47.45,47.45,171.0
2026-05-22 11:00:00+00:00,47.82,47.99,47.695,47.98,26071.0
2026-05-22 11:05:00+00:00,47.8234,47.98,47.8,47.8,10684.0
2026-05-22 11:10:00+00:00,47.8,47.9414,47.72,47.72,6726.0
2026-05-22 11:15:00+00:00,47.7,47.7409,47.39,47.4,13887.0
2026-05-22 11:20:00+00:00,47.42,47.49,47.2251,47.3304,25912.0
2026-05-22 11:25:00+00:00,47.377,47.4779,47.25,47.43,12645.0
2026-05-22 11:30:00+00:00,47.33,47.45,47.16,47.16,14729.0
2026-05-22 11:35:00+00:00,47.1501,47.39,47.02,47.39,45985.0
2026-05-22 11:40:00+00:00,47.4036,47.4036,47.16,47.25,12363.0
2026-05-22 11:45:00+00:00,47.29,47.5,47.2084,47.3,24100.0
2026-05-22 11:50:00+00:00,47.33,47.3831,47.05,47.2756,24157.0
2026-05-22 11:55:00+00:00,47.269,47.28,47.01,47.01,12991.0
2026-05-22 12:00:00+00:00,47.16,47.2,46.89,46.89,32238.0
2026-05-22 12:05:00+00:00,46.89,46.9999,46.75,46.81,25630.0
2026-05-22 12:10:00+00:00,46.85,47.35,46.7489,47.3279,31258.0
2026-05-22 12:15:00+00:00,47.2795,47.35,47.1,47.15,11238.0
2026-05-22 12:20:00+00:00,47.25,47.285,47.11,47.1707,7299.0
2026-05-22 12:25:00+00:00,47.12,47.2,47.0143,47.1,11327.0
2026-05-22 12:30:00+00:00,47.1,47.12,47.0,47.0,5785.0
2026-05-22 12:35:00+00:00,47.2,47.2,47.026,47.11,6317.0
2026-05-22 12:40:00+00:00,47.15,47.18,47.05,47.06,8315.0
2026-05-22 12:45:00+00:00,47.03,47.4,47.03,47.3305,18003.0
2026-05-22 12:50:00+00:00,47.2102,47.3,47.1138,47.1138,32329.0
2026-05-22 12:55:00+00:00,47.14,47.2,47.14,47.19,19064.0
2026-05-22 13:00:00+00:00,47.19,47.19,46.92,47.1405,21200.0
2026-05-22 13:05:00+00:00,47.18,47.1896,47.0014,47.05,14976.0
2026-05-22 13:10:00+00:00,47.1,47.34,47.03,47.3094,36634.0
2026-05-22 13:15:00+00:00,47.31,47.6422,47.31,47.5656,38758.0
2026-05-22 13:20:00+00:00,47.59,47.6,47.2,47.26,15555.0
2026-05-22 13:25:00+00:00,47.3,47.6,47.3,47.57,31676.0
2026-05-22 13:30:00+00:00,47.59,48.5,46.55,46.6747,1416264.0
2026-05-22 13:35:00+00:00,46.74,47.35,46.63,47.085,705954.0
2026-05-22 13:40:00+00:00,47.095,47.095,45.84,46.11,915644.0
2026-05-22 13:45:00+00:00,46.15,46.499,46.02,46.235,362621.0
2026-05-22 13:50:00+00:00,46.28,46.79,46.11,46.665,389890.0
2026-05-22 13:55:00+00:00,46.65,47.01,46.485,46.985,323400.0
2026-05-22 14:00:00+00:00,46.9,46.91,46.175,46.3339,389694.0
2026-05-22 14:05:00+00:00,46.33,46.45,45.92,46.08,524657.0
2026-05-22 14:10:00+00:00,46.06,46.24,45.7,45.83,482833.0
2026-05-22 14:15:00+00:00,45.82,46.16,45.7701,46.1,315163.0
2026-05-22 14:20:00+00:00,46.15,46.1899,45.63,45.885,336875.0
2026-05-22 14:25:00+00:00,45.875,46.14,45.75,46.06,196514.0
2026-05-22 14:30:00+00:00,46.07,46.14,45.82,46.07,258824.0
2026-05-22 14:35:00+00:00,46.12,46.36,45.86,45.98,299910.0
2026-05-22 14:40:00+00:00,45.97,46.31,45.9127,46.31,194454.0
2026-05-22 14:45:00+00:00,46.28,46.35,46.08,46.155,189034.0
2026-05-22 14:50:00+00:00,46.1699,46.1798,45.9001,46.0,149705.0
2026-05-22 14:55:00+00:00,45.9978,46.27,45.9,46.245,201154.0
2026-05-22 15:00:00+00:00,46.23,46.45,46.16,46.38,163008.0
2026-05-22 15:05:00+00:00,46.41,46.677,46.38,46.57,283087.0
2026-05-22 15:10:00+00:00,46.56,46.74,46.52,46.595,260945.0
2026-05-22 15:15:00+00:00,46.6,46.71,46.5,46.6355,126056.0
2026-05-22 15:20:00+00:00,46.63,46.7,46.53,46.6433,180461.0
2026-05-22 15:25:00+00:00,46.625,46.7,46.442,46.48,127057.0
2026-05-22 15:30:00+00:00,46.49,46.52,46.3,46.395,133074.0
2026-05-22 15:35:00+00:00,46.4371,46.4371,46.1,46.26,122808.0
2026-05-22 15:40:00+00:00,46.245,46.475,46.2194,46.31,178670.0
2026-05-22 15:45:00+00:00,46.305,46.305,46.0501,46.1,247217.0
2026-05-22 15:50:00+00:00,46.1299,46.27,46.115,46.15,120746.0
2026-05-22 15:55:00+00:00,46.14,46.23,46.1,46.19,94093.0
2026-05-22 16:00:00+00:00,46.18,46.43,46.13,46.19,162200.0
2026-05-22 16:05:00+00:00,46.22,46.31,46.12,46.165,104850.0
2026-05-22 16:10:00+00:00,46.14,46.19,46.03,46.13,134134.0
2026-05-22 16:15:00+00:00,46.1,46.14,45.72,45.79,352054.0
2026-05-22 16:20:00+00:00,45.8,45.8578,45.6327,45.69,199580.0
2026-05-22 16:25:00+00:00,45.69,46.0,45.68,45.975,180815.0
2026-05-22 16:30:00+00:00,45.975,46.1,45.95,45.97,126281.0
2026-05-22 16:35:00+00:00,45.98,46.24,45.9322,46.09,146523.0
2026-05-22 16:40:00+00:00,46.08,46.08,45.925,46.01,93835.0
2026-05-22 16:45:00+00:00,46.03,46.15,45.9803,45.99,115574.0
2026-05-22 16:50:00+00:00,46.02,46.15,45.995,46.12,119971.0
2026-05-22 16:55:00+00:00,46.11,46.12,46.0,46.06,90749.0
2026-05-22 17:00:00+00:00,46.05,46.07,45.92,46.0,121250.0
2026-05-22 17:05:00+00:00,45.98,46.14,45.87,46.14,126184.0
2026-05-22 17:10:00+00:00,46.12,46.15,45.94,45.9699,98058.0
2026-05-22 17:15:00+00:00,45.9403,46.17,45.93,46.02,156973.0
2026-05-22 17:20:00+00:00,46.01,46.28,45.95,46.24,157826.0
2026-05-22 17:25:00+00:00,46.24,46.56,46.22,46.47,209180.0
2026-05-22 17:30:00+00:00,46.48,46.5502,46.2,46.25,155824.0
2026-05-22 17:35:00+00:00,46.26,46.37,46.1501,46.27,87896.0
2026-05-22 17:40:00+00:00,46.27,46.4,46.15,46.345,78227.0
2026-05-22 17:45:00+00:00,46.3652,46.3652,46.19,46.19,1088220.0
2026-05-22 17:50:00+00:00,46.195,46.23,46.03,46.16,114302.0
2026-05-22 17:55:00+00:00,46.17,46.2,45.95,45.9941,627103.0
2026-05-22 18:00:00+00:00,45.985,46.23,45.89,46.115,156412.0
2026-05-22 18:05:00+00:00,46.09,46.2,46.03,46.135,88776.0
2026-05-22 18:10:00+00:00,46.11,46.1659,45.95,46.04,106334.0
2026-05-22 18:15:00+00:00,46.04,46.14,45.945,46.005,82242.0
2026-05-22 18:20:00+00:00,46.0,46.1,45.85,46.0627,274970.0
2026-05-22 18:25:00+00:00,46.06,46.135,45.98,46.03,494655.0
2026-05-22 18:30:00+00:00,46.05,46.0799,45.87,46.0651,149498.0
2026-05-22 18:35:00+00:00,46.07,46.16,45.91,46.1,120768.0
2026-05-22 18:40:00+00:00,46.1,46.18,46.04,46.0861,116402.0
2026-05-22 18:45:00+00:00,46.11,46.14,45.98,46.105,121462.0
2026-05-22 18:50:00+00:00,46.125,46.26,46.1001,46.235,102696.0
2026-05-22 18:55:00+00:00,46.25,46.45,46.07,46.12,172282.0
2026-05-22 19:00:00+00:00,46.16,46.3397,46.08,46.105,182364.0
2026-05-22 19:05:00+00:00,46.09,46.175,45.92,46.0192,133477.0
2026-05-22 19:10:00+00:00,46.0,46.09,45.92,45.935,110934.0
2026-05-22 19:15:00+00:00,45.92,46.0,45.8,45.885,235441.0
2026-05-22 19:20:00+00:00,45.87,45.9354,45.54,45.64,369424.0
2026-05-22 19:25:00+00:00,45.6611,45.68,45.4118,45.56,368992.0
2026-05-22 19:30:00+00:00,45.59,45.8,45.49,45.755,228781.0
2026-05-22 19:35:00+00:00,45.7385,45.92,45.73,45.89,216649.0
2026-05-22 19:40:00+00:00,45.8806,46.12,45.77,45.95,225092.0
2026-05-22 19:45:00+00:00,45.93,45.93,45.75,45.86,231663.0
2026-05-22 19:50:00+00:00,45.85,46.0,45.64,45.74,364859.0
2026-05-22 19:55:00+00:00,45.73,45.905,45.73,45.87,709165.0
2026-05-22 20:00:00+00:00,45.87,46.1,45.69,45.9,1217305.0
2026-05-22 20:05:00+00:00,45.9854,46.0,45.84,45.8501,6740.0
2026-05-22 20:10:00+00:00,45.91,45.91,45.85,45.8971,7315.0
2026-05-22 20:15:00+00:00,45.85,45.9,45.82,45.85,2782.0
2026-05-22 20:20:00+00:00,45.88,45.88,45.7553,45.7553,5703.0
2026-05-22 20:25:00+00:00,45.75,45.8,45.71,45.8,7414.0
2026-05-22 20:30:00+00:00,45.6,45.75,45.6,45.7411,2647.0
2026-05-22 20:35:00+00:00,45.63,45.87,45.63,45.79,76649.0
2026-05-22 20:40:00+00:00,45.77,45.77,45.64,45.65,63748.0
2026-05-22 20:45:00+00:00,45.6696,45.7,45.6,45.7,1395.0
2026-05-22 20:50:00+00:00,45.6,45.72,45.6,45.72,5256.0
2026-05-22 20:55:00+00:00,45.8,45.83,45.71,45.717,3078.0
2026-05-22 21:00:00+00:00,45.85,45.85,45.71,45.714,2702.0
2026-05-22 21:05:00+00:00,45.7899,45.7899,45.7101,45.7143,3511.0
2026-05-22 21:10:00+00:00,45.71,45.7117,45.611,45.611,19614.0
2026-05-22 21:15:00+00:00,45.62,45.7283,45.62,45.7283,7627.0
2026-05-22 21:20:00+00:00,45.6859,45.7684,45.6824,45.6824,3578.0
2026-05-22 21:25:00+00:00,45.6625,45.69,45.66,45.6678,1029.0
2026-05-22 21:30:00+00:00,45.65,45.65,45.65,45.65,183.0
2026-05-22 21:35:00+00:00,45.71,45.71,45.71,45.71,162.0
2026-05-22 21:40:00+00:00,45.61,45.6691,45.61,45.63,1603.0
2026-05-22 21:45:00+00:00,45.62,45.65,45.62,45.64,1821.0
2026-05-22 21:50:00+00:00,45.65,45.66,45.62,45.62,1475.0
2026-05-22 21:55:00+00:00,45.66,45.66,45.62,45.62,817.0
2026-05-22 22:00:00+00:00,45.6252,45.66,45.62,45.62,2060.0
2026-05-22 22:05:00+00:00,45.66,45.68,45.66,45.66,2075.0
2026-05-22 22:10:00+00:00,45.6429,45.66,45.63,45.63,1249.0
2026-05-22 22:15:00+00:00,45.62,45.62,45.55,45.55,8163.0
2026-05-22 22:20:00+00:00,45.59,45.59,45.59,45.59,605.0
2026-05-22 22:25:00+00:00,45.602,45.63,45.56,45.6,2445.0
2026-05-22 22:30:00+00:00,45.6,45.6,45.57,45.57,726.0
2026-05-22 22:35:00+00:00,45.56,45.6196,45.5526,45.57,1677.0
2026-05-22 22:40:00+00:00,45.58,45.58,45.55,45.557,1858.0
2026-05-22 22:45:00+00:00,45.55,45.5987,45.55,45.5987,3440.0
2026-05-22 22:50:00+00:00,45.57,45.58,45.55,45.56,4231.0
2026-05-22 22:55:00+00:00,45.55,45.6,45.51,45.6,3047.0
2026-05-22 23:00:00+00:00,45.5141,45.6,45.5141,45.5247,1219.0
2026-05-22 23:05:00+00:00,45.55,45.59,45.51,45.51,4980.0
2026-05-22 23:10:00+00:00,45.55,45.63,45.55,45.63,1266.0
2026-05-22 23:15:00+00:00,45.53,45.53,45.52,45.52,1571.0
2026-05-22 23:20:00+00:00,45.6,45.6,45.6,45.6,284.0
2026-05-22 23:25:00+00:00,45.6,45.6,45.52,45.52,654.0
2026-05-22 23:30:00+00:00,45.53,45.53,45.5,45.52,4814.0
2026-05-22 23:35:00+00:00,45.5019,45.5356,45.43,45.4429,4961.0
2026-05-22 23:40:00+00:00,45.5395,45.5395,45.43,45.43,1348.0
2026-05-22 23:45:00+00:00,45.5,45.6,45.41,45.49,4423.0
2026-05-22 23:50:00+00:00,45.5,45.53,45.4105,45.53,2411.0
2026-05-22 23:55:00+00:00,45.6,45.6,45.4139,45.44,1847.0
2026-05-26 08:00:00+00:00,47.18,47.35,46.36,47.0,49566.0
2026-05-26 08:05:00+00:00,47.12,47.36,47.0,47.2,6103.0
2026-05-26 08:10:00+00:00,47.07,47.35,47.07,47.35,934.0
2026-05-26 08:15:00+00:00,47.34,47.4681,47.31,47.34,5135.0
2026-05-26 08:20:00+00:00,47.36,47.36,47.33,47.35,4374.0
2026-05-26 08:25:00+00:00,47.37,47.42,47.35,47.35,2054.0
2026-05-26 08:30:00+00:00,47.38,47.42,47.35,47.36,2050.0
2026-05-26 08:35:00+00:00,47.46,47.5,47.46,47.5,3635.0
2026-05-26 08:40:00+00:00,47.52,47.58,47.42,47.51,2304.0
2026-05-26 08:45:00+00:00,47.58,47.58,47.42,47.42,4769.0
2026-05-26 08:50:00+00:00,47.44,47.44,47.35,47.39,1925.0
2026-05-26 08:55:00+00:00,47.45,47.5,47.45,47.45,532.0
2026-05-26 09:00:00+00:00,47.45,47.49,47.38,47.46,3951.0
2026-05-26 09:05:00+00:00,47.4907,47.5,47.49,47.5,2648.0
2026-05-26 09:10:00+00:00,47.44,47.44,47.42,47.42,297.0
2026-05-26 09:15:00+00:00,47.45,47.45,47.44,47.45,476.0
2026-05-26 09:20:00+00:00,47.4354,47.49,47.42,47.42,906.0
2026-05-26 09:25:00+00:00,47.49,47.53,47.47,47.53,3960.0
2026-05-26 09:30:00+00:00,47.58,47.59,47.55,47.59,2668.0
2026-05-26 09:35:00+00:00,47.6,47.68,47.6,47.67,859.0
2026-05-26 09:40:00+00:00,47.58,47.6764,47.49,47.59,1384.0
2026-05-26 09:45:00+00:00,47.6,47.68,47.46,47.55,2812.0
