symbol,timestamp,open,high,low,close,volume,trade_count,vwap
QBTS,2026-05-21 08:00:00+00:00,19.38,19.39,19.16,19.31,55156.0,679.0,19.297832
QBTS,2026-05-21 08:05:00+00:00,19.31,19.39,19.21,19.39,2806.0,85.0,19.326643
QBTS,2026-05-21 08:10:00+00:00,19.4,19.42,19.36,19.39,5691.0,87.0,19.396962
QBTS,2026-05-21 08:15:00+00:00,19.4,19.52,19.4,19.41,7531.0,125.0,19.466717
QBTS,2026-05-21 08:20:00+00:00,19.4374,19.4374,19.38,19.4,3558.0,33.0,19.391832
QBTS,2026-05-21 08:25:00+00:00,19.4,19.4,19.38,19.38,808.0,14.0,19.388
QBTS,2026-05-21 08:30:00+00:00,19.44,19.48,19.44,19.44,1805.0,21.0,19.46623
QBTS,2026-05-21 08:35:00+00:00,19.44,19.45,19.44,19.45,747.0,7.0,19.442413
QBTS,2026-05-21 08:40:00+00:00,19.4,19.44,19.36,19.36,6737.0,69.0,19.397496
QBTS,2026-05-21 08:45:00+00:00,19.37,19.37,19.37,19.37,122.0,3.0,19.37
QBTS,2026-05-21 08:50:00+00:00,19.4,19.41,19.37,19.38,3541.0,48.0,19.384312
QBTS,2026-05-21 08:55:00+00:00,19.37,19.5,19.37,19.41,3392.0,70.0,19.417469
QBTS,2026-05-21 09:00:00+00:00,19.42,19.48,19.41,19.47,9333.0,75.0,19.434779
QBTS,2026-05-21 09:05:00+00:00,19.5,19.5,19.5,19.5,858.0,7.0,19.5
QBTS,2026-05-21 09:10:00+00:00,19.47,19.5155,19.47,19.5155,847.0,11.0,19.499242
QBTS,2026-05-21 09:15:00+00:00,19.5,19.5,19.5,19.5,281.0,3.0,19.5
QBTS,2026-05-21 09:20:00+00:00,19.49,19.49,19.49,19.49,581.0,18.0,19.49
QBTS,2026-05-21 09:25:00+00:00,19.52,19.52,19.47,19.47,453.0,17.0,19.486667
QBTS,2026-05-21 09:30:00+00:00,19.53,19.53,19.47,19.4928,2103.0,35.0,19.475502
QBTS,2026-05-21 09:35:00+00:00,19.48,19.48,19.48,19.48,150.0,2.0,19.48
QBTS,2026-05-21 09:40:00+00:00,19.4956,19.4956,19.42,19.42,1130.0,22.0,19.434376
QBTS,2026-05-21 09:45:00+00:00,19.42,19.42,19.41,19.42,1720.0,32.0,19.415787
QBTS,2026-05-21 09:50:00+00:00,19.42,19.49,19.4,19.4694,1812.0,23.0,19.416694
QBTS,2026-05-21 09:55:00+00:00,19.46,19.46,19.46,19.46,270.0,2.0,19.46
QBTS,2026-05-21 10:00:00+00:00,19.44,21.2,19.44,21.045,334768.0,3117.0,20.496043
QBTS,2026-05-21 10:05:00+00:00,21.04,21.46,20.65,21.17,212385.0,2447.0,21.133791
QBTS,2026-05-21 10:10:00+00:00,21.231,21.7,21.1041,21.54,202393.0,2054.0,21.506906
QBTS,2026-05-21 10:15:00+00:00,21.59,21.71,21.37,21.68,180678.0,2314.0,21.565957
QBTS,2026-05-21 10:20:00+00:00,21.66,21.74,21.22,21.41,101463.0,1523.0,21.41803
QBTS,2026-05-21 10:25:00+00:00,21.3669,21.43,20.97,21.25,162237.0,1595.0,21.173347
QBTS,2026-05-21 10:30:00+00:00,21.227,21.86,21.15,21.86,202510.0,2133.0,21.55905
QBTS,2026-05-21 10:35:00+00:00,21.865,22.2,21.8,21.93,279637.0,3387.0,22.016071
QBTS,2026-05-21 10:40:00+00:00,21.929,22.4,21.84,22.4,301869.0,4263.0,22.154903
QBTS,2026-05-21 10:45:00+00:00,22.4,22.6597,22.17,22.53,339302.0,4841.0,22.43144
QBTS,2026-05-21 10:50:00+00:00,22.52,22.88,22.47,22.811,349500.0,5662.0,22.640065
QBTS,2026-05-21 10:55:00+00:00,22.85,22.86,22.41,22.5,384181.0,3666.0,22.594435
QBTS,2026-05-21 11:00:00+00:00,22.5,22.69,22.22,22.68,654406.0,5471.0,22.469883
QBTS,2026-05-21 11:05:00+00:00,22.64,22.99,22.6,22.9709,447734.0,4179.0,22.759219
QBTS,2026-05-21 11:10:00+00:00,22.96,23.1,22.71,22.97,480105.0,4161.0,22.951502
QBTS,2026-05-21 11:15:00+00:00,22.95,23.18,22.9,22.91,332532.0,2785.0,23.033595
QBTS,2026-05-21 11:20:00+00:00,22.9495,23.14,22.8,22.82,295335.0,2860.0,22.97173
QBTS,2026-05-21 11:25:00+00:00,22.85,22.97,22.55,22.67,328572.0,2518.0,22.750215
QBTS,2026-05-21 11:30:00+00:00,22.61,22.76,22.42,22.4566,231663.0,1849.0,22.588985
QBTS,2026-05-21 11:35:00+00:00,22.48,22.58,22.27,22.31,260241.0,1697.0,22.428263
QBTS,2026-05-21 11:40:00+00:00,22.3373,22.67,22.3002,22.56,205852.0,1422.0,22.452792
QBTS,2026-05-21 11:45:00+00:00,22.57,22.73,22.53,22.53,138076.0,1004.0,22.641184
QBTS,2026-05-21 11:50:00+00:00,22.54,22.6,22.46,22.56,103585.0,932.0,22.536264
QBTS,2026-05-21 11:55:00+00:00,22.55,22.69,22.5,22.57,141501.0,1205.0,22.6093
QBTS,2026-05-21 12:00:00+00:00,22.57,22.62,22.48,22.6,167307.0,1409.0,22.533755
QBTS,2026-05-21 12:05:00+00:00,22.58,22.6661,22.45,22.52,159174.0,1544.0,22.520547
QBTS,2026-05-21 12:10:00+00:00,22.52,22.5481,22.3,22.3205,195913.0,1776.0,22.393235
QBTS,2026-05-21 12:15:00+00:00,22.33,22.34,22.03,22.3,333889.0,2848.0,22.15445
QBTS,2026-05-21 12:20:00+00:00,22.3,22.34,22.18,22.3,200205.0,1679.0,22.261995
QBTS,2026-05-21 12:25:00+00:00,22.3,22.35,22.14,22.1605,144503.0,1540.0,22.240372
QBTS,2026-05-21 12:30:00+00:00,22.15,22.31,22.08,22.31,143135.0,1290.0,22.211555
QBTS,2026-05-21 12:35:00+00:00,22.3165,22.39,22.06,22.1022,271485.0,1668.0,22.213807
QBTS,2026-05-21 12:40:00+00:00,22.09,22.1483,21.94,22.0,325851.0,2352.0,22.019297
QBTS,2026-05-21 12:45:00+00:00,21.98,22.12,21.91,22.06,140793.0,1383.0,21.993819
QBTS,2026-05-21 12:50:00+00:00,22.06,22.17,21.9222,22.07,193253.0,2094.0,22.033818
QBTS,2026-05-21 12:55:00+00:00,22.0541,22.14,21.98,22.03,122354.0,1454.0,22.056652
QBTS,2026-05-21 13:00:00+00:00,22.02,22.2,22.0,22.13,157748.0,1387.0,22.12932
QBTS,2026-05-21 13:05:00+00:00,22.1451,22.16,21.78,21.83,280777.0,2532.0,21.947384
QBTS,2026-05-21 13:10:00+00:00,21.84,21.97,21.69,21.9354,197314.0,2075.0,21.807528
QBTS,2026-05-21 13:15:00+00:00,21.9393,21.9393,21.68,21.8648,211132.0,2231.0,21.785178
QBTS,2026-05-21 13:20:00+00:00,21.87,21.88,21.57,21.64,300604.0,2647.0,21.732821
QBTS,2026-05-21 13:25:00+00:00,21.67,21.99,21.58,21.76,272949.0,2788.0,21.805708
QBTS,2026-05-21 13:30:00+00:00,21.76,22.8,21.61,22.655,5051993.0,43631.0,22.514494
QBTS,2026-05-21 13:35:00+00:00,22.66,23.54,22.56,23.2,5699493.0,48145.0,23.081753
QBTS,2026-05-21 13:40:00+00:00,23.19,23.71,23.18,23.5,3378274.0,31933.0,23.499803
QBTS,2026-05-21 13:45:00+00:00,23.52,23.93,23.31,23.5225,2870063.0,26663.0,23.614011
QBTS,2026-05-21 13:50:00+00:00,23.525,24.16,23.45,24.1201,3153060.0,31605.0,23.834899
QBTS,2026-05-21 13:55:00+00:00,24.12,24.26,23.92,24.17,2908371.0,26033.0,24.121898
QBTS,2026-05-21 14:00:00+00:00,24.18,24.47,24.0,24.27,2383627.0,22015.0,24.270741
QBTS,2026-05-21 14:05:00+00:00,24.27,24.75,24.205,24.65,2061569.0,18974.0,24.464428
QBTS,2026-05-21 14:10:00+00:00,24.65,24.78,24.03,24.1101,3034956.0,29129.0,24.383965
QBTS,2026-05-21 14:15:00+00:00,24.12,24.1951,23.5736,23.575,2827473.0,29007.0,23.891774
QBTS,2026-05-21 14:20:00+00:00,23.57,23.99,23.45,23.8,1953321.0,17486.0,23.678873
QBTS,2026-05-21 14:25:00+00:00,23.8,23.99,23.61,23.6203,1219889.0,11467.0,23.798228
QBTS,2026-05-21 14:30:00+00:00,23.625,23.8899,23.04,23.48,1612867.0,15262.0,23.626917
QBTS,2026-05-21 14:35:00+00:00,23.47,23.8566,23.46,23.82,1032813.0,8485.0,23.684684
QBTS,2026-05-21 14:40:00+00:00,23.81,23.8951,23.65,23.84,1054505.0,7976.0,23.787788
QBTS,2026-05-21 14:45:00+00:00,23.83,23.94,23.66,23.7106,933627.0,9206.0,23.78789
QBTS,2026-05-21 14:50:00+00:00,23.725,23.99,23.61,23.875,1055133.0,9705.0,23.801556
QBTS,2026-05-21 14:55:00+00:00,23.8778,24.34,23.86,24.245,1544349.0,11687.0,24.137748
QBTS,2026-05-21 15:00:00+00:00,24.24,24.285,23.98,24.002,944411.0,9706.0,24.117638
QBTS,2026-05-21 15:05:00+00:00,24.01,24.075,23.84,23.995,878060.0,7878.0,23.93455
QBTS,2026-05-21 15:10:00+00:00,23.9801,24.2,23.87,24.11,1034980.0,11105.0,24.025204
QBTS,2026-05-21 15:15:00+00:00,24.11,24.26,24.085,24.115,793303.0,6532.0,24.201962
QBTS,2026-05-21 15:20:00+00:00,24.12,24.41,24.1101,24.13,1064858.0,12356.0,24.268241
QBTS,2026-05-21 15:25:00+00:00,24.14,24.175,24.02,24.03,693638.0,7045.0,24.103575
QBTS,2026-05-21 15:30:00+00:00,24.04,24.14,23.75,23.77,934349.0,9304.0,23.943752
QBTS,2026-05-21 15:35:00+00:00,23.77,23.99,23.75,23.945,557360.0,5018.0,23.914093
QBTS,2026-05-21 15:40:00+00:00,23.935,24.07,23.835,24.065,567652.0,4366.0,23.979643
QBTS,2026-05-21 15:45:00+00:00,24.065,24.085,23.955,24.011,480563.0,3999.0,24.016631
QBTS,2026-05-21 15:50:00+00:00,24.012,24.12,23.889,24.085,732440.0,6116.0,24.003432
QBTS,2026-05-21 15:55:00+00:00,24.08,24.23,24.02,24.04,767572.0,6485.0,24.120706
QBTS,2026-05-21 16:00:00+00:00,24.055,24.33,24.03,24.28,882726.0,11289.0,24.225881
QBTS,2026-05-21 16:05:00+00:00,24.28,24.42,24.21,24.3851,831210.0,7287.0,24.329563
QBTS,2026-05-21 16:10:00+00:00,24.385,24.41,24.23,24.31,745321.0,7322.0,24.328709
QBTS,2026-05-21 16:15:00+00:00,24.305,24.355,24.155,24.225,541785.0,4721.0,24.251681
QBTS,2026-05-21 16:20:00+00:00,24.215,24.27,24.08,24.25,409070.0,4246.0,24.182915
QBTS,2026-05-21 16:25:00+00:00,24.258,24.345,24.22,24.295,435694.0,4462.0,24.285877
QBTS,2026-05-21 16:30:00+00:00,24.295,24.46,24.2601,24.375,684247.0,5724.0,24.399728
QBTS,2026-05-21 16:35:00+00:00,24.37,24.41,24.15,24.22,476316.0,4324.0,24.281026
QBTS,2026-05-21 16:40:00+00:00,24.225,24.34,24.195,24.29,364478.0,3452.0,24.263595
QBTS,2026-05-21 16:45:00+00:00,24.295,24.325,24.155,24.25,408411.0,3720.0,24.236583
QBTS,2026-05-21 16:50:00+00:00,24.25,24.43,24.195,24.245,658317.0,5424.0,24.275367
QBTS,2026-05-21 16:55:00+00:00,24.245,24.3699,24.235,24.36,472850.0,3619.0,24.292802
QBTS,2026-05-21 17:00:00+00:00,24.37,24.46,24.24,24.31,491786.0,4524.0,24.370446
QBTS,2026-05-21 17:05:00+00:00,24.31,24.4,24.27,24.335,270557.0,2856.0,24.344067
QBTS,2026-05-21 17:10:00+00:00,24.33,24.6,24.315,24.53,1105392.0,10083.0,24.500864
QBTS,2026-05-21 17:15:00+00:00,24.5247,24.75,24.49,24.58,956378.0,11239.0,24.630722
QBTS,2026-05-21 17:20:00+00:00,24.57,24.6,24.3208,24.45,747511.0,7292.0,24.498677
QBTS,2026-05-21 17:25:00+00:00,24.455,24.565,24.39,24.445,380973.0,3649.0,24.497833
QBTS,2026-05-21 17:30:00+00:00,24.42,24.595,24.41,24.54,536138.0,4848.0,24.523097
QBTS,2026-05-21 17:35:00+00:00,24.5301,24.8,24.49,24.74,1122578.0,9408.0,24.691744
QBTS,2026-05-21 17:40:00+00:00,24.74,24.88,24.74,24.835,1472011.0,11259.0,24.819825
QBTS,2026-05-21 17:45:00+00:00,24.84,24.875,24.73,24.855,669857.0,6320.0,24.808269
QBTS,2026-05-21 17:50:00+00:00,24.851,24.865,24.72,24.7699,584232.0,5687.0,24.786273
QBTS,2026-05-21 17:55:00+00:00,24.77,24.8,24.51,24.5328,724835.0,6294.0,24.651583
QBTS,2026-05-21 18:00:00+00:00,24.53,24.69,24.53,24.63,616781.0,6430.0,24.622866
QBTS,2026-05-21 18:05:00+00:00,24.63,24.67,24.42,24.535,781428.0,6133.0,24.549344
QBTS,2026-05-21 18:10:00+00:00,24.5311,24.73,24.455,24.63,564250.0,4497.0,24.602151
QBTS,2026-05-21 18:15:00+00:00,24.64,24.82,24.6,24.795,466698.0,4647.0,24.704873
QBTS,2026-05-21 18:20:00+00:00,24.7907,24.85,24.6935,24.825,425776.0,5376.0,24.783135
QBTS,2026-05-21 18:25:00+00:00,24.825,24.845,24.5646,24.62,598672.0,4330.0,24.669254
QBTS,2026-05-21 18:30:00+00:00,24.62,24.745,24.62,24.705,395163.0,4699.0,24.688876
QBTS,2026-05-21 18:35:00+00:00,24.705,24.77,24.61,24.6401,392737.0,3928.0,24.699942
QBTS,2026-05-21 18:40:00+00:00,24.645,24.785,24.625,24.75,386450.0,3256.0,24.70315
QBTS,2026-05-21 18:45:00+00:00,24.755,24.875,24.68,24.765,769442.0,7917.0,24.769345
QBTS,2026-05-21 18:50:00+00:00,24.76,24.855,24.6201,24.64,727450.0,9327.0,24.746834
QBTS,2026-05-21 18:55:00+00:00,24.64,24.8,24.59,24.7001,653839.0,7125.0,24.71043
QBTS,2026-05-21 19:00:00+00:00,24.715,24.95,24.715,24.825,912421.0,9744.0,24.851911
QBTS,2026-05-21 19:05:00+00:00,24.83,25.19,24.8,25.14,2402825.0,22225.0,25.039892
QBTS,2026-05-21 19:10:00+00:00,25.15,25.365,25.14,25.3535,1480576.0,14375.0,25.253599
QBTS,2026-05-21 19:15:00+00:00,25.36,25.45,25.285,25.385,1047232.0,10762.0,25.365896
QBTS,2026-05-21 19:20:00+00:00,25.385,25.45,25.27,25.335,934030.0,8704.0,25.358683
QBTS,2026-05-21 19:25:00+00:00,25.33,25.38,25.0519,25.235,1081289.0,10401.0,25.206693
QBTS,2026-05-21 19:30:00+00:00,25.23,25.328,25.19,25.265,913940.0,8674.0,25.252511
QBTS,2026-05-21 19:35:00+00:00,25.27,25.33,25.205,25.22,626495.0,5389.0,25.2684
QBTS,2026-05-21 19:40:00+00:00,25.22,25.29,25.12,25.245,912016.0,7886.0,25.212125
QBTS,2026-05-21 19:45:00+00:00,25.23,25.295,25.175,25.259,958380.0,7998.0,25.242879
QBTS,2026-05-21 19:50:00+00:00,25.27,25.33,25.06,25.19,1485863.0,14251.0,25.187542
QBTS,2026-05-21 19:55:00+00:00,25.2,25.83,25.2,25.72,5219139.0,39250.0,25.626957
QBTS,2026-05-21 20:00:00+00:00,25.73,26.0,25.57,25.91,8040118.0,2788.0,25.743372
QBTS,2026-05-21 20:05:00+00:00,25.9013,26.26,25.9,26.2,376646.0,3976.0,26.115398
QBTS,2026-05-21 20:10:00+00:00,26.17,26.22,25.84,26.16,242378.0,1658.0,26.062637
QBTS,2026-05-21 20:15:00+00:00,26.19,26.24,25.89,25.99,244317.0,1350.0,26.033437
QBTS,2026-05-21 20:20:00+00:00,25.96,26.0,25.84,25.95,88979.0,830.0,25.937577
QBTS,2026-05-21 20:25:00+00:00,25.95,26.1,25.87,26.05,76420.0,634.0,25.984467
QBTS,2026-05-21 20:30:00+00:00,26.04,26.49,26.0,26.47,303085.0,3458.0,26.310334
QBTS,2026-05-21 20:35:00+00:00,26.49,26.5,26.1,26.25,160226.0,987.0,26.301367
QBTS,2026-05-21 20:40:00+00:00,26.2599,26.3,26.07,26.13,214843.0,580.0,26.194508
QBTS,2026-05-21 20:45:00+00:00,26.146,26.45,26.146,26.32,93187.0,841.0,26.279923
QBTS,2026-05-21 20:50:00+00:00,26.35,26.47,26.23,26.3078,103646.0,938.0,26.378638
QBTS,2026-05-21 20:55:00+00:00,26.31,26.37,26.1632,26.3,108291.0,729.0,26.254722
QBTS,2026-05-21 21:00:00+00:00,26.29,26.44,26.25,26.37,80177.0,1003.0,26.332221
QBTS,2026-05-21 21:05:00+00:00,26.38,26.54,26.31,26.52,141937.0,1094.0,26.432488
QBTS,2026-05-21 21:10:00+00:00,26.54,26.88,26.46,26.85,160340.0,1829.0,26.67566
QBTS,2026-05-21 21:15:00+00:00,26.84,26.95,26.67,26.83,176441.0,1716.0,26.799551
QBTS,2026-05-21 21:20:00+00:00,26.86,27.22,26.8,27.03,288467.0,2192.0,27.029614
QBTS,2026-05-21 21:25:00+00:00,27.0,27.29,26.92,27.08,191088.0,1916.0,27.142974
QBTS,2026-05-21 21:30:00+00:00,27.09,27.25,26.98,26.99,154737.0,2209.0,27.134291
QBTS,2026-05-21 21:35:00+00:00,27.03,27.1275,26.8,26.9015,200027.0,1224.0,26.949504
QBTS,2026-05-21 21:40:00+00:00,26.9499,26.95,26.8,26.91,86611.0,794.0,26.866969
QBTS,2026-05-21 21:45:00+00:00,26.96,27.21,26.91,27.16,136338.0,1231.0,27.074342
QBTS,2026-05-21 21:50:00+00:00,27.1461,27.15,26.95,27.15,64597.0,735.0,27.079038
QBTS,2026-05-21 21:55:00+00:00,27.15,27.17,26.94,27.1,67034.0,714.0,27.075038
QBTS,2026-05-21 22:00:00+00:00,27.09,27.17,27.0,27.07,71696.0,561.0,27.093843
QBTS,2026-05-21 22:05:00+00:00,27.0819,27.16,27.02,27.14,79879.0,673.0,27.111897
QBTS,2026-05-21 22:10:00+00:00,27.14,27.3,27.05,27.25,91054.0,763.0,27.170851
QBTS,2026-05-21 22:15:00+00:00,27.25,27.65,27.19,27.5583,191459.0,1618.0,27.459604
QBTS,2026-05-21 22:20:00+00:00,27.5,27.8,27.5,27.8,180526.0,1638.0,27.697088
QBTS,2026-05-21 22:25:00+00:00,27.7935,27.8,27.5,27.8,209707.0,1354.0,27.684816
QBTS,2026-05-21 22:30:00+00:00,27.79,27.92,27.68,27.82,159409.0,1792.0,27.824101
QBTS,2026-05-21 22:35:00+00:00,27.83,27.83,27.64,27.77,161623.0,1518.0,27.688048
QBTS,2026-05-21 22:40:00+00:00,27.77,27.88,27.65,27.7,164014.0,1465.0,27.758385
QBTS,2026-05-21 22:45:00+00:00,27.72,27.77,27.39,27.45,202441.0,1525.0,27.616033
QBTS,2026-05-21 22:50:00+00:00,27.5,27.5,27.1,27.43,147000.0,1596.0,27.320385
QBTS,2026-05-21 22:55:00+00:00,27.3939,27.58,27.22,27.29,141445.0,1130.0,27.357102
QBTS,2026-05-21 23:00:00+00:00,27.29,27.5,27.29,27.39,50872.0,516.0,27.409131
QBTS,2026-05-21 23:05:00+00:00,27.4,27.46,27.31,27.45,87948.0,660.0,27.412587
QBTS,2026-05-21 23:10:00+00:00,27.45,27.6,27.4,27.48,130648.0,769.0,27.490171
QBTS,2026-05-21 23:15:00+00:00,27.5,27.75,27.48,27.61,109743.0,819.0,27.606895
QBTS,2026-05-21 23:20:00+00:00,27.64,27.74,27.6,27.65,63518.0,520.0,27.666678
QBTS,2026-05-21 23:25:00+00:00,27.6003,27.7,27.41,27.42,87953.0,565.0,27.592749
QBTS,2026-05-21 23:30:00+00:00,27.47,27.5855,27.36,27.4,78680.0,583.0,27.428026
QBTS,2026-05-21 23:35:00+00:00,27.4,27.69,27.3715,27.65,82714.0,643.0,27.528654
QBTS,2026-05-21 23:40:00+00:00,27.69,27.69,27.5591,27.6,70404.0,453.0,27.636723
QBTS,2026-05-21 23:45:00+00:00,27.6,27.72,27.5,27.7,80131.0,646.0,27.610267
QBTS,2026-05-21 23:50:00+00:00,27.7,27.7399,27.58,27.7,52020.0,499.0,27.672906
QBTS,2026-05-21 23:55:00+00:00,27.69,27.76,27.65,27.75,89935.0,579.0,27.714182
QBTS,2026-05-22 08:00:00+00:00,27.78,28.44,27.53,28.23,1326835.0,10955.0,27.917346
QBTS,2026-05-22 08:05:00+00:00,28.2,28.21,27.57,27.98,135609.0,1346.0,28.005459
QBTS,2026-05-22 08:10:00+00:00,27.97,28.18,27.93,27.941,59524.0,609.0,28.032972
QBTS,2026-05-22 08:15:00+00:00,27.99,28.09,27.93,27.97,96360.0,841.0,28.008568
QBTS,2026-05-22 08:20:00+00:00,27.94,28.0,27.7,27.73,131276.0,1222.0,27.848796
QBTS,2026-05-22 08:25:00+00:00,27.73,27.8,27.6821,27.75,48387.0,553.0,27.734989
QBTS,2026-05-22 08:30:00+00:00,27.78,27.94,27.67,27.67,86626.0,739.0,27.81196
QBTS,2026-05-22 08:35:00+00:00,27.81,27.81,27.4,27.4,74235.0,999.0,27.55241
QBTS,2026-05-22 08:40:00+00:00,27.38,27.4,27.16,27.183,96707.0,1118.0,27.255076
QBTS,2026-05-22 08:45:00+00:00,27.1865,27.27,26.72,26.74,140532.0,1811.0,27.070727
QBTS,2026-05-22 08:50:00+00:00,26.75,27.0,26.48,26.89,195874.0,1879.0,26.765731
QBTS,2026-05-22 08:55:00+00:00,26.935,27.0848,26.29,26.41,123212.0,1292.0,26.64271
QBTS,2026-05-22 09:00:00+00:00,26.39,26.4,25.56,26.055,448573.0,2577.0,25.932034
QBTS,2026-05-22 09:05:00+00:00,26.03,26.29,25.89,26.2,135488.0,1267.0,26.101049
QBTS,2026-05-22 09:10:00+00:00,26.2,26.8,26.1,26.64,262198.0,1446.0,26.515898
QBTS,2026-05-22 09:15:00+00:00,26.61,26.73,26.35,26.56,133520.0,817.0,26.527292
QBTS,2026-05-22 09:20:00+00:00,26.58,26.8,26.57,26.78,96848.0,627.0,26.686174
QBTS,2026-05-22 09:25:00+00:00,26.76,26.82,26.3,26.38,76413.0,1022.0,26.540275
QBTS,2026-05-22 09:30:00+00:00,26.4,26.5536,26.2021,26.545,74266.0,851.0,26.342446
QBTS,2026-05-22 09:35:00+00:00,26.55,26.662,26.48,26.5,61644.0,594.0,26.574108
QBTS,2026-05-22 09:40:00+00:00,26.48,26.62,26.43,26.6,28661.0,292.0,26.50359
QBTS,2026-05-22 09:45:00+00:00,26.6,26.66,26.5126,26.66,27220.0,499.0,26.565565
QBTS,2026-05-22 09:50:00+00:00,26.68,26.71,26.56,26.69,50772.0,374.0,26.666097
QBTS,2026-05-22 09:55:00+00:00,26.69,26.7366,26.6021,26.63,28885.0,338.0,26.673611
QBTS,2026-05-22 10:00:00+00:00,26.6,26.63,26.26,26.29,87302.0,895.0,26.465908
QBTS,2026-05-22 10:05:00+00:00,26.29,26.33,26.06,26.23,82897.0,962.0,26.174505
QBTS,2026-05-22 10:10:00+00:00,26.23,26.28,26.08,26.13,35094.0,467.0,26.154694
QBTS,2026-05-22 10:15:00+00:00,26.11,26.14,25.9,26.07,99615.0,957.0,25.993424
QBTS,2026-05-22 10:20:00+00:00,26.07,26.49,26.03,26.3,53265.0,494.0,26.313405
QBTS,2026-05-22 10:25:00+00:00,26.3,26.45,26.07,26.08,72827.0,488.0,26.286917
QBTS,2026-05-22 10:30:00+00:00,26.1,26.13,25.91,25.9277,44265.0,502.0,26.029416
QBTS,2026-05-22 10:35:00+00:00,25.9516,26.35,25.9,26.25,56349.0,434.0,26.100564
QBTS,2026-05-22 10:40:00+00:00,26.25,26.292,26.1,26.2,41133.0,624.0,26.163079
QBTS,2026-05-22 10:45:00+00:00,26.2243,26.29,26.1,26.25,19762.0,346.0,26.179134
QBTS,2026-05-22 10:50:00+00:00,26.29,26.46,26.24,26.43,63195.0,490.0,26.324138
QBTS,2026-05-22 10:55:00+00:00,26.35,26.45,26.27,26.43,80112.0,457.0,26.376384
QBTS,2026-05-22 11:00:00+00:00,26.43,26.5899,26.39,26.49,356357.0,1941.0,26.49113
QBTS,2026-05-22 11:05:00+00:00,26.5,26.7,26.4708,26.55,151697.0,1072.0,26.543223
QBTS,2026-05-22 11:10:00+00:00,26.55,26.55,26.23,26.25,122162.0,1061.0,26.43304
QBTS,2026-05-22 11:15:00+00:00,26.25,26.39,26.15,26.2,175904.0,1279.0,26.261621
QBTS,2026-05-22 11:20:00+00:00,26.19,26.34,26.14,26.24,98880.0,825.0,26.225401
QBTS,2026-05-22 11:25:00+00:00,26.23,26.39,26.18,26.1995,73857.0,770.0,26.247153
QBTS,2026-05-22 11:30:00+00:00,26.2,26.25,26.06,26.25,92507.0,649.0,26.145532
QBTS,2026-05-22 11:35:00+00:00,26.21,26.3499,26.16,26.3105,79744.0,503.0,26.27078
QBTS,2026-05-22 11:40:00+00:00,26.35,26.45,26.31,26.4019,51863.0,425.0,26.36606
QBTS,2026-05-22 11:45:00+00:00,26.4003,26.55,26.4,26.4899,135917.0,1010.0,26.493425
QBTS,2026-05-22 11:50:00+00:00,26.46,26.54,26.42,26.4873,70178.0,642.0,26.488644
QBTS,2026-05-22 11:55:00+00:00,26.46,26.4891,26.3,26.41,57407.0,570.0,26.399381
QBTS,2026-05-22 12:00:00+00:00,26.4662,26.47,25.98,26.0824,230820.0,1807.0,26.148993
QBTS,2026-05-22 12:05:00+00:00,26.07,26.3548,26.01,26.2893,89443.0,551.0,26.135759
QBTS,2026-05-22 12:10:00+00:00,26.25,26.4145,26.16,26.352,100694.0,690.0,26.304994
QBTS,2026-05-22 12:15:00+00:00,26.35,26.3991,26.1,26.18,97243.0,674.0,26.183937
QBTS,2026-05-22 12:20:00+00:00,26.1674,26.25,26.1,26.15,93133.0,538.0,26.157091
QBTS,2026-05-22 12:25:00+00:00,26.1586,26.3,26.14,26.28,58592.0,402.0,26.24207
QBTS,2026-05-22 12:30:00+00:00,26.28,26.44,26.23,26.4,61283.0,550.0,26.322961
QBTS,2026-05-22 12:35:00+00:00,26.4,26.48,26.23,26.3813,165769.0,1568.0,26.345647
QBTS,2026-05-22 12:40:00+00:00,26.38,26.4,26.247,26.35,162493.0,1551.0,26.30449
QBTS,2026-05-22 12:45:00+00:00,26.37,26.5,26.35,26.4613,121208.0,1047.0,26.456158
QBTS,2026-05-22 12:50:00+00:00,26.4791,26.53,26.41,26.5,113426.0,916.0,26.481832
QBTS,2026-05-22 12:55:00+00:00,26.53,26.84,26.43,26.77,306280.0,1939.0,26.692766
QBTS,2026-05-22 13:00:00+00:00,26.7884,26.99,26.6,26.94,312640.0,2406.0,26.812925
QBTS,2026-05-22 13:05:00+00:00,26.936,26.95,26.72,26.8676,207385.0,1585.0,26.823193
QBTS,2026-05-22 13:10:00+00:00,26.8753,26.95,26.64,26.86,229218.0,2088.0,26.781722
QBTS,2026-05-22 13:15:00+00:00,26.92,27.0,26.795,26.85,204599.0,1936.0,26.89125
QBTS,2026-05-22 13:20:00+00:00,26.88,27.0,26.5,26.5833,320653.0,2621.0,26.72895
QBTS,2026-05-22 13:25:00+00:00,26.57,26.62,26.26,26.33,321579.0,2106.0,26.408321
QBTS,2026-05-22 13:30:00+00:00,26.34,27.92,26.11,27.695,6995526.0,45333.0,27.323571
QBTS,2026-05-22 13:35:00+00:00,27.7,28.37,27.6901,28.34,4508944.0,32807.0,28.072193
QBTS,2026-05-22 13:40:00+00:00,28.3301,28.85,27.91,28.395,4835747.0,36513.0,28.436824
QBTS,2026-05-22 13:45:00+00:00,28.41,28.92,28.36,28.42,2777877.0,21886.0,28.621212
QBTS,2026-05-22 13:50:00+00:00,28.41,28.74,28.02,28.69,3299594.0,24463.0,28.390852
QBTS,2026-05-22 13:55:00+00:00,28.68,29.36,28.67,29.35,3811586.0,23405.0,29.028549
QBTS,2026-05-22 14:00:00+00:00,29.34,29.58,28.87,29.01,2953681.0,19671.0,29.248683
QBTS,2026-05-22 14:05:00+00:00,28.99,29.33,28.9501,29.15,1722202.0,13296.0,29.122002
QBTS,2026-05-22 14:10:00+00:00,29.14,29.34,28.75,28.7601,2050208.0,14722.0,29.139183
QBTS,2026-05-22 14:15:00+00:00,28.77,29.51,28.75,29.3501,1866747.0,13743.0,29.234414
QBTS,2026-05-22 14:20:00+00:00,29.355,29.448,28.91,28.94,1503663.0,12349.0,29.162532
QBTS,2026-05-22 14:25:00+00:00,28.945,29.295,28.93,29.26,1273730.0,9663.0,29.098562
QBTS,2026-05-22 14:30:00+00:00,29.27,29.62,29.16,29.54,1695579.0,12486.0,29.453432
QBTS,2026-05-22 14:35:00+00:00,29.545,30.0599,29.52,29.87,2750794.0,18324.0,29.870968
QBTS,2026-05-22 14:40:00+00:00,29.87,30.2,29.835,30.051,1874371.0,13550.0,30.042129
QBTS,2026-05-22 14:45:00+00:00,30.06,30.25,29.605,29.67,2116301.0,15863.0,29.97044
QBTS,2026-05-22 14:50:00+00:00,29.66,29.71,29.33,29.465,1837125.0,13140.0,29.498282
QBTS,2026-05-22 14:55:00+00:00,29.46,29.7699,29.1909,29.705,1507443.0,12017.0,29.467602
QBTS,2026-05-22 15:00:00+00:00,29.7,29.74,29.29,29.29,880768.0,8215.0,29.554908
QBTS,2026-05-22 15:05:00+00:00,29.29,29.719,29.2602,29.61,853255.0,7110.0,29.542611
QBTS,2026-05-22 15:10:00+00:00,29.615,29.84,29.525,29.76,850647.0,7106.0,29.697763
QBTS,2026-05-22 15:15:00+00:00,29.755,30.125,29.69,30.12,1113648.0,8382.0,29.89935
QBTS,2026-05-22 15:20:00+00:00,30.13,30.29,30.05,30.267,1768166.0,12438.0,30.190708
QBTS,2026-05-22 15:25:00+00:00,30.2699,30.28,30.05,30.13,1128391.0,9191.0,30.164179
QBTS,2026-05-22 15:30:00+00:00,30.125,30.145,29.88,30.0699,984009.0,8712.0,30.010695
QBTS,2026-05-22 15:35:00+00:00,30.065,30.395,29.98,30.335,1446516.0,9705.0,30.247711
QBTS,2026-05-22 15:40:00+00:00,30.335,30.51,30.23,30.47,1231250.0,10061.0,30.361478
QBTS,2026-05-22 15:45:00+00:00,30.47,30.65,30.4,30.42,1441229.0,12105.0,30.524697
QBTS,2026-05-22 15:50:00+00:00,30.425,30.76,30.425,30.745,1442999.0,10250.0,30.603064
QBTS,2026-05-22 15:55:00+00:00,30.7499,31.04,30.6,30.71,2470906.0,17498.0,30.840799
QBTS,2026-05-22 16:00:00+00:00,30.7,30.9604,30.6,30.83,1078268.0,8466.0,30.811619
QBTS,2026-05-22 16:05:00+00:00,30.82,30.945,30.6101,30.855,906398.0,7598.0,30.787769
QBTS,2026-05-22 16:10:00+00:00,30.855,31.0299,30.81,30.905,1100605.0,7961.0,30.925516
QBTS,2026-05-22 16:15:00+00:00,30.9186,31.15,30.91,31.0011,1574231.0,10923.0,31.023313
QBTS,2026-05-22 16:20:00+00:00,31.005,31.28,30.97,31.1801,1253262.0,8926.0,31.1562
QBTS,2026-05-22 16:25:00+00:00,31.185,31.55,31.15,31.43,1668076.0,13886.0,31.414343
QBTS,2026-05-22 16:30:00+00:00,31.425,31.455,31.25,31.41,1120958.0,10852.0,31.388953
QBTS,2026-05-22 16:35:00+00:00,31.4056,31.4799,31.0301,31.155,1232315.0,9869.0,31.25189
QBTS,2026-05-22 16:40:00+00:00,31.155,31.1778,30.415,30.615,1755389.0,17187.0,30.765465
QBTS,2026-05-22 16:45:00+00:00,30.62,30.97,30.62,30.6703,1380538.0,11818.0,30.817488
QBTS,2026-05-22 16:50:00+00:00,30.6724,30.75,30.35,30.3539,1290256.0,12020.0,30.550705
QBTS,2026-05-22 16:55:00+00:00,30.37,30.37,29.72,29.82,2766224.0,29846.0,30.01014
QBTS,2026-05-22 17:00:00+00:00,29.83,29.875,29.55,29.6697,1801403.0,16026.0,29.681473
QBTS,2026-05-22 17:05:00+00:00,29.67,30.04,29.32,30.03,2373954.0,19565.0,29.652018
QBTS,2026-05-22 17:10:00+00:00,30.0397,30.12,29.6,29.84,1286470.0,10661.0,29.8144
QBTS,2026-05-22 17:15:00+00:00,29.84,29.96,29.65,29.79,995035.0,9715.0,29.814932
QBTS,2026-05-22 17:20:00+00:00,29.8,30.12,29.68,30.12,928255.0,8477.0,29.951957
QBTS,2026-05-22 17:25:00+00:00,30.1075,30.39,30.012,30.16,1346026.0,11805.0,30.189218
QBTS,2026-05-22 17:30:00+00:00,30.165,30.39,30.05,30.19,1004242.0,8546.0,30.225725
QBTS,2026-05-22 17:35:00+00:00,30.195,30.25,29.63,29.68,1268948.0,9580.0,29.834137
QBTS,2026-05-22 17:40:00+00:00,29.68,29.725,29.48,29.715,1057591.0,7217.0,29.598621
QBTS,2026-05-22 17:45:00+00:00,29.72,29.785,29.54,29.68,730256.0,7358.0,29.666851
QBTS,2026-05-22 17:50:00+00:00,29.67,29.71,29.2701,29.285,1276143.0,11154.0,29.459
QBTS,2026-05-22 17:55:00+00:00,29.2996,29.4299,29.16,29.245,1281240.0,9878.0,29.264721
QBTS,2026-05-22 18:00:00+00:00,29.2401,29.2401,28.81,28.9599,2092723.0,18040.0,29.004783
QBTS,2026-05-22 18:05:00+00:00,28.955,29.3,28.9,29.29,1025852.0,6920.0,29.166479
QBTS,2026-05-22 18:10:00+00:00,29.29,29.4997,29.1,29.23,1146552.0,7602.0,29.301979
QBTS,2026-05-22 18:15:00+00:00,29.23,29.245,28.915,29.13,785990.0,6054.0,29.027429
QBTS,2026-05-22 18:20:00+00:00,29.125,29.16,28.91,29.04,674718.0,5440.0,29.039676
QBTS,2026-05-22 18:25:00+00:00,29.0591,29.17,28.88,28.9599,736754.0,6317.0,29.037638
QBTS,2026-05-22 18:30:00+00:00,28.95,29.0239,28.64,28.9401,1096142.0,9645.0,28.854707
QBTS,2026-05-22 18:35:00+00:00,28.935,29.13,28.78,29.08,892592.0,7070.0,28.925872
QBTS,2026-05-22 18:40:00+00:00,29.08,29.19,28.91,28.96,730184.0,5714.0,29.050332
QBTS,2026-05-22 18:45:00+00:00,28.95,29.12,28.895,29.025,622261.0,6071.0,29.012348
QBTS,2026-05-22 18:50:00+00:00,29.03,29.24,29.01,29.04,660290.0,5658.0,29.126233
QBTS,2026-05-22 18:55:00+00:00,29.04,29.11,28.66,28.81,924040.0,7801.0,28.888994
QBTS,2026-05-22 19:00:00+00:00,28.81,29.05,28.74,28.9514,794757.0,7541.0,28.913541
QBTS,2026-05-22 19:05:00+00:00,28.955,29.1,28.84,29.005,606993.0,5744.0,28.963463
QBTS,2026-05-22 19:10:00+00:00,29.0,29.035,28.87,28.88,472158.0,4982.0,28.956094
QBTS,2026-05-22 19:15:00+00:00,28.88,28.94,28.51,28.56,1157852.0,10357.0,28.672704
QBTS,2026-05-22 19:20:00+00:00,28.5699,28.675,28.2,28.365,2566249.0,23960.0,28.389225
QBTS,2026-05-22 19:25:00+00:00,28.37,28.5,28.15,28.3,1296734.0,12534.0,28.344097
QBTS,2026-05-22 19:30:00+00:00,28.3,28.48,28.25,28.37,855525.0,6718.0,28.373606
QBTS,2026-05-22 19:35:00+00:00,28.37,28.72,28.32,28.4501,1099070.0,8318.0,28.505068
QBTS,2026-05-22 19:40:00+00:00,28.45,28.64,28.39,28.505,738569.0,6471.0,28.526555
QBTS,2026-05-22 19:45:00+00:00,28.5,28.56,28.3399,28.555,846661.0,7475.0,28.445836
QBTS,2026-05-22 19:50:00+00:00,28.56,28.805,28.43,28.68,1411572.0,11312.0,28.639906
QBTS,2026-05-22 19:55:00+00:00,28.69,29.43,28.69,29.37,3891073.0,23706.0,29.117271
QBTS,2026-05-22 20:00:00+00:00,29.44,29.78,29.02,29.74,5786172.0,1788.0,29.406201
QBTS,2026-05-22 20:05:00+00:00,29.75,29.9793,29.59,29.8313,454869.0,2129.0,29.791504
QBTS,2026-05-22 20:10:00+00:00,29.83,29.89,29.39,29.43,194625.0,1504.0,29.596048
QBTS,2026-05-22 20:15:00+00:00,29.55,29.84,29.43,29.51,147005.0,1071.0,29.618236
QBTS,2026-05-22 20:20:00+00:00,29.5553,29.58,29.2,29.32,62681.0,974.0,29.355338
QBTS,2026-05-22 20:25:00+00:00,29.35,29.51,29.23,29.51,71162.0,572.0,29.381487
QBTS,2026-05-22 20:30:00+00:00,29.51,29.55,29.09,29.2517,126683.0,902.0,29.32005
QBTS,2026-05-22 20:35:00+00:00,29.26,29.78,29.26,29.3,63504.0,753.0,29.458549
QBTS,2026-05-22 20:40:00+00:00,29.27,29.35,29.16,29.17,51363.0,376.0,29.227645
QBTS,2026-05-22 20:45:00+00:00,29.2189,29.35,29.17,29.31,54033.0,639.0,29.2492
QBTS,2026-05-22 20:50:00+00:00,29.41,29.51,29.22,29.22,39578.0,344.0,29.340791
QBTS,2026-05-22 20:55:00+00:00,29.31,29.36,29.2,29.36,28202.0,242.0,29.268602
QBTS,2026-05-22 21:00:00+00:00,29.36,29.43,29.25,29.3028,17456.0,196.0,29.337748
QBTS,2026-05-22 21:05:00+00:00,29.32,29.35,29.2204,29.3,8944.0,126.0,29.277344
QBTS,2026-05-22 21:10:00+00:00,29.22,29.3,29.2,29.23,11330.0,157.0,29.23459
QBTS,2026-05-22 21:15:00+00:00,29.25,29.3,29.16,29.24,22652.0,188.0,29.195045
QBTS,2026-05-22 21:20:00+00:00,29.17,29.29,28.74,29.17,13894.0,407.0,29.22441
QBTS,2026-05-22 21:25:00+00:00,29.25,29.25,29.14,29.1461,11568.0,149.0,29.158519
QBTS,2026-05-22 21:30:00+00:00,29.15,29.1902,28.9,29.0,45186.0,636.0,29.008192
QBTS,2026-05-22 21:35:00+00:00,28.99,29.05,28.9,28.9503,27308.0,304.0,28.99704
QBTS,2026-05-22 21:40:00+00:00,28.9702,29.037,28.9477,28.99,14083.0,144.0,28.989954
QBTS,2026-05-22 21:45:00+00:00,29.0,29.0335,28.91,28.9597,16031.0,156.0,28.992235
QBTS,2026-05-22 21:50:00+00:00,28.96,28.96,28.9,28.9104,24565.0,196.0,28.918299
QBTS,2026-05-22 21:55:00+00:00,28.98,29.0,28.9,28.99,10710.0,127.0,28.964059
QBTS,2026-05-22 22:00:00+00:00,29.0,29.0,28.67,28.8538,33247.0,643.0,28.797795
QBTS,2026-05-22 22:05:00+00:00,28.83,28.87,28.65,28.78,15281.0,266.0,28.773895
QBTS,2026-05-22 22:10:00+00:00,28.77,28.8,28.72,28.7609,9731.0,220.0,28.756528
QBTS,2026-05-22 22:15:00+00:00,28.8,28.8,28.7089,28.75,15731.0,146.0,28.753301
QBTS,2026-05-22 22:20:00+00:00,28.76,28.76,28.66,28.7547,19478.0,301.0,28.721734
QBTS,2026-05-22 22:25:00+00:00,28.78,28.78,28.65,28.65,19994.0,376.0,28.697572
QBTS,2026-05-22 22:30:00+00:00,28.7,28.7,28.57,28.7,34302.0,355.0,28.631743
QBTS,2026-05-22 22:35:00+00:00,28.7,28.86,28.7,28.8,22268.0,185.0,28.820795
QBTS,2026-05-22 22:40:00+00:00,28.7995,28.88,28.7991,28.84,16663.0,167.0,28.844897
QBTS,2026-05-22 22:45:00+00:00,28.81,28.88,28.8,28.86,10367.0,190.0,28.850274
QBTS,2026-05-22 22:50:00+00:00,28.88,28.95,28.84,28.95,18525.0,154.0,28.883254
QBTS,2026-05-22 22:55:00+00:00,28.95,29.0,28.94,28.96,10310.0,135.0,28.981865
QBTS,2026-05-22 23:00:00+00:00,28.9859,28.9861,28.9124,28.9124,12287.0,130.0,28.954332
QBTS,2026-05-22 23:05:00+00:00,28.9226,28.94,28.8,28.8,17722.0,201.0,28.898528
QBTS,2026-05-22 23:10:00+00:00,28.81,28.89,28.71,28.71,21999.0,340.0,28.773593
QBTS,2026-05-22 23:15:00+00:00,28.73,28.8,28.71,28.73,16739.0,217.0,28.73504
QBTS,2026-05-22 23:20:00+00:00,28.73,28.7599,28.71,28.7488,12063.0,132.0,28.737125
QBTS,2026-05-22 23:25:00+00:00,28.7474,28.76,28.73,28.73,11042.0,140.0,28.746046
QBTS,2026-05-22 23:30:00+00:00,28.7292,28.7292,28.66,28.71,24396.0,195.0,28.701779
QBTS,2026-05-22 23:35:00+00:00,28.6774,28.7385,28.6037,28.64,14461.0,221.0,28.666454
QBTS,2026-05-22 23:40:00+00:00,28.67,28.714,28.62,28.7,9812.0,194.0,28.668475
QBTS,2026-05-22 23:45:00+00:00,28.6211,28.7,28.55,28.5504,21749.0,284.0,28.633457
QBTS,2026-05-22 23:50:00+00:00,28.53,28.9,28.53,28.74,58605.0,316.0,28.642475
QBTS,2026-05-22 23:55:00+00:00,28.74,28.88,28.65,28.65,28063.0,177.0,28.744069
QBTS,2026-05-26 08:00:00+00:00,29.59,29.68,28.91,29.01,383578.0,4565.0,29.503417
QBTS,2026-05-26 08:05:00+00:00,29.02,29.66,28.965,29.53,90447.0,793.0,29.223372
QBTS,2026-05-26 08:10:00+00:00,29.49,29.59,29.4,29.48,23238.0,325.0,29.526205
QBTS,2026-05-26 08:15:00+00:00,29.5,29.72,29.4342,29.72,22696.0,381.0,29.581459
QBTS,2026-05-26 08:20:00+00:00,29.7,29.78,29.56,29.66,48545.0,567.0,29.722262
QBTS,2026-05-26 08:25:00+00:00,29.67,29.67,29.45,29.5,36571.0,454.0,29.542411
QBTS,2026-05-26 08:30:00+00:00,29.53,29.6,29.29,29.6,48011.0,773.0,29.461925
QBTS,2026-05-26 08:35:00+00:00,29.38,29.52,29.35,29.43,11727.0,165.0,29.422011
QBTS,2026-05-26 08:40:00+00:00,29.41,29.41,29.1,29.1,25815.0,394.0,29.288736
QBTS,2026-05-26 08:45:00+00:00,29.12,29.35,29.1,29.16,24311.0,301.0,29.192653
QBTS,2026-05-26 08:50:00+00:00,29.12,29.19,29.02,29.1,32906.0,577.0,29.095485
QBTS,2026-05-26 08:55:00+00:00,29.09,29.21,29.0,29.15,33864.0,527.0,29.091508
QBTS,2026-05-26 09:00:00+00:00,29.18,29.35,29.1526,29.35,20531.0,307.0,29.22352
QBTS,2026-05-26 09:05:00+00:00,29.32,29.37,29.23,29.23,13944.0,314.0,29.298078
QBTS,2026-05-26 09:10:00+00:00,29.23,29.36,29.2,29.27,19626.0,240.0,29.295131
QBTS,2026-05-26 09:15:00+00:00,29.21,29.3,29.13,29.13,11236.0,270.0,29.216648
QBTS,2026-05-26 09:20:00+00:00,29.15,29.17,29.05,29.09,15016.0,290.0,29.084198
QBTS,2026-05-26 09:25:00+00:00,29.1251,29.25,29.1251,29.24,5999.0,106.0,29.190236
QBTS,2026-05-26 09:30:00+00:00,29.29,29.3,29.1333,29.24,10339.0,153.0,29.224365
QBTS,2026-05-26 09:35:00+00:00,29.24,29.27,29.14,29.17,12062.0,251.0,29.221342
QBTS,2026-05-26 09:40:00+00:00,29.13,29.145,29.09,29.1,11648.0,221.0,29.115659
QBTS,2026-05-26 09:45:00+00:00,29.08,29.17,29.07,29.11,9597.0,266.0,29.1164
QBTS,2026-05-26 09:50:00+00:00,29.15,29.4,29.1152,29.38,20216.0,266.0,29.233629
QBTS,2026-05-26 09:55:00+00:00,29.36,29.36,29.22,29.22,6398.0,89.0,29.272973
QBTS,2026-05-26 10:00:00+00:00,29.19,29.37,29.19,29.31,20547.0,256.0,29.244867
QBTS,2026-05-26 10:05:00+00:00,29.29,29.39,29.24,29.39,7225.0,131.0,29.333448
QBTS,2026-05-26 10:10:00+00:00,29.38,29.46,29.37,29.41,10023.0,197.0,29.413081
QBTS,2026-05-26 10:15:00+00:00,29.4364,29.6,29.43,29.57,28952.0,284.0,29.481961
QBTS,2026-05-26 10:20:00+00:00,29.55,29.58,29.4,29.43,32642.0,237.0,29.499553
QBTS,2026-05-26 10:25:00+00:00,29.45,29.53,29.38,29.53,14717.0,198.0,29.428174
QBTS,2026-05-26 10:30:00+00:00,29.54,29.59,29.52,29.54,12169.0,110.0,29.553786
QBTS,2026-05-26 10:35:00+00:00,29.58,29.58,29.47,29.51,13267.0,158.0,29.529081
QBTS,2026-05-26 10:40:00+00:00,29.48,29.51,29.41,29.41,16214.0,142.0,29.446686
QBTS,2026-05-26 10:45:00+00:00,29.4265,29.4265,29.3,29.33,13098.0,202.0,29.352702
QBTS,2026-05-26 10:50:00+00:00,29.33,29.37,29.3,29.3,15433.0,191.0,29.345208
QBTS,2026-05-26 10:55:00+00:00,29.3,29.375,29.2642,29.35,8812.0,189.0,29.318928
QBTS,2026-05-26 11:00:00+00:00,29.37,29.95,29.3,29.6697,261855.0,2315.0,29.558937
QBTS,2026-05-26 11:05:00+00:00,29.66,29.82,29.55,29.67,99588.0,736.0,29.658695
QBTS,2026-05-26 11:10:00+00:00,29.6784,29.83,29.48,29.48,112133.0,1736.0,29.661935
QBTS,2026-05-26 11:15:00+00:00,29.53,29.55,29.31,29.439,74335.0,866.0,29.439045
QBTS,2026-05-26 11:20:00+00:00,29.42,29.55,29.4,29.54,93211.0,2180.0,29.478474
QBTS,2026-05-26 11:25:00+00:00,29.52,29.54,29.42,29.43,44855.0,1636.0,29.459531
QBTS,2026-05-26 11:30:00+00:00,29.4573,29.49,29.3782,29.4,67071.0,1191.0,29.425351
QBTS,2026-05-26 11:35:00+00:00,29.4,29.5,29.3103,29.4842,43484.0,400.0,29.381155
QBTS,2026-05-26 11:40:00+00:00,29.49,29.51,29.38,29.44,44880.0,442.0,29.449209
QBTS,2026-05-26 11:45:00+00:00,29.47,29.4886,29.27,29.27,32779.0,502.0,29.358336
QBTS,2026-05-26 11:50:00+00:00,29.36,29.5,29.33,29.4975,42126.0,332.0,29.429101
QBTS,2026-05-26 11:55:00+00:00,29.475,29.5,29.3812,29.44,29886.0,251.0,29.427129
QBTS,2026-05-26 12:00:00+00:00,29.46,29.71,29.4278,29.6439,68414.0,568.0,29.562216
QBTS,2026-05-26 12:05:00+00:00,29.613,29.65,29.48,29.4894,56521.0,477.0,29.587526
QBTS,2026-05-26 12:10:00+00:00,29.48,29.53,29.45,29.4925,29238.0,292.0,29.500395
QBTS,2026-05-26 12:15:00+00:00,29.5,29.5,29.39,29.42,38226.0,388.0,29.448117
QBTS,2026-05-26 12:20:00+00:00,29.44,29.44,29.29,29.37,143242.0,1142.0,29.366283
QBTS,2026-05-26 12:25:00+00:00,29.3155,29.41,29.1,29.14,138811.0,1413.0,29.195871
QBTS,2026-05-26 12:30:00+00:00,29.1299,29.2054,28.95,29.1695,158216.0,1291.0,29.042717
QBTS,2026-05-26 12:35:00+00:00,29.17,29.3,29.06,29.17,101634.0,672.0,29.159358
QBTS,2026-05-26 12:40:00+00:00,29.18,29.38,29.18,29.31,59991.0,415.0,29.293343
QBTS,2026-05-26 12:45:00+00:00,29.311,29.3461,29.06,29.12,100716.0,440.0,29.188818
QBTS,2026-05-26 12:50:00+00:00,29.12,29.16,29.09,29.12,33343.0,345.0,29.125462
QBTS,2026-05-26 12:55:00+00:00,29.12,29.15,28.95,28.9896,131377.0,1424.0,29.04308
QBTS,2026-05-26 13:00:00+00:00,28.95,29.05,28.81,28.88,132430.0,1225.0,28.927762
QBTS,2026-05-26 13:05:00+00:00,28.8817,28.94,28.83,28.93,70545.0,795.0,28.884827
QBTS,2026-05-26 13:10:00+00:00,28.92,29.08,28.9006,29.0016,72859.0,645.0,29.00198
QBTS,2026-05-26 13:15:00+00:00,29.07,29.07,28.95,29.06,46122.0,430.0,29.00075
QBTS,2026-05-26 13:20:00+00:00,29.07,29.16,28.95,29.03,107958.0,1028.0,29.059907
QBTS,2026-05-26 13:25:00+00:00,29.09,29.46,29.0226,29.4,167903.0,1712.0,29.286426
QBTS,2026-05-26 13:30:00+00:00,29.32,29.48,27.06,27.435,5135448.0,43246.0,28.059783
QBTS,2026-05-26 13:35:00+00:00,27.435,27.93,27.2,27.77,2479218.0,23909.0,27.519308
QBTS,2026-05-26 13:40:00+00:00,27.78,27.8399,27.17,27.23,1716572.0,16946.0,27.519452
QBTS,2026-05-26 13:45:00+00:00,27.2395,27.36,26.63,26.991,2482332.0,20565.0,26.875448
QBTS,2026-05-26 13:50:00+00:00,27.0,27.335,26.86,26.91,1803023.0,17385.0,27.080974
QBTS,2026-05-26 13:55:00+00:00,26.92,26.97,26.46,26.89,1741421.0,15745.0,26.676015
QBTS,2026-05-26 14:00:00+00:00,26.9,27.22,26.88,27.215,1209751.0,9420.0,27.057934
QBTS,2026-05-26 14:05:00+00:00,27.22,27.2999,26.975,27.24,908036.0,7759.0,27.138665
QBTS,2026-05-26 14:10:00+00:00,27.245,27.435,26.95,27.4,817342.0,6855.0,27.197535
QBTS,2026-05-26 14:15:00+00:00,27.4,27.42,27.11,27.24,697008.0,7025.0,27.260869
QBTS,2026-05-26 14:20:00+00:00,27.24,27.39,27.11,27.205,504201.0,5319.0,27.273035
QBTS,2026-05-26 14:25:00+00:00,27.2,27.27,26.92,26.975,626894.0,5910.0,27.051287
QBTS,2026-05-26 14:30:00+00:00,26.9799,26.99,26.835,26.92,622706.0,5871.0,26.917996
QBTS,2026-05-26 14:35:00+00:00,26.93,27.13,26.9204,27.06,615753.0,5033.0,27.052045
QBTS,2026-05-26 14:40:00+00:00,27.07,27.21,26.921,27.0401,521646.0,4600.0,27.073643
QBTS,2026-05-26 14:45:00+00:00,27.045,27.1167,26.75,26.77,600881.0,4872.0,26.888968
QBTS,2026-05-26 14:50:00+00:00,26.77,26.98,26.7607,26.96,446368.0,3859.0,26.848715
QBTS,2026-05-26 14:55:00+00:00,26.955,27.08,26.9,26.93,375782.0,4575.0,26.983423
QBTS,2026-05-26 15:00:00+00:00,26.9351,27.06,26.85,26.94,344481.0,3285.0,26.956002
QBTS,2026-05-26 15:05:00+00:00,26.95,27.15,26.8601,27.11,401037.0,3097.0,27.021505
QBTS,2026-05-26 15:10:00+00:00,27.12,27.17,26.82,27.16,411093.0,3447.0,27.004744
QBTS,2026-05-26 15:15:00+00:00,27.155,27.16,26.96,27.1,299208.0,2929.0,27.040602
QBTS,2026-05-26 15:20:00+00:00,27.085,27.12,26.93,27.01,313597.0,3313.0,27.013483
QBTS,2026-05-26 15:25:00+00:00,27.02,27.17,26.935,27.1,325719.0,3193.0,27.072112
QBTS,2026-05-26 15:30:00+00:00,27.09,27.19,27.03,27.13,344176.0,3145.0,27.117675
QBTS,2026-05-26 15:35:00+00:00,27.125,27.125,26.89,26.99,402574.0,3429.0,26.979344
QBTS,2026-05-26 15:40:00+00:00,26.9801,27.07,26.94,26.97,165986.0,2051.0,26.989216
QBTS,2026-05-26 15:45:00+00:00,26.98,27.04,26.77,26.81,441018.0,3874.0,26.878315
QBTS,2026-05-26 15:50:00+00:00,26.81,26.8699,26.52,26.545,538481.0,4396.0,26.680138
QBTS,2026-05-26 15:55:00+00:00,26.542,26.64,26.3301,26.64,878686.0,6771.0,26.481289
QBTS,2026-05-26 16:00:00+00:00,26.635,27.1,26.635,26.92,860038.0,6490.0,26.898901
QBTS,2026-05-26 16:05:00+00:00,26.915,27.0406,26.8501,27.005,402314.0,2811.0,26.941514
QBTS,2026-05-26 16:10:00+00:00,27.005,27.17,26.93,27.15,366934.0,2796.0,27.066002
QBTS,2026-05-26 16:15:00+00:00,27.155,27.42,27.1,27.359,653225.0,3679.0,27.272369
QBTS,2026-05-26 16:20:00+00:00,27.355,27.73,27.35,27.72,786167.0,4847.0,27.509154
QBTS,2026-05-26 16:25:00+00:00,27.72,27.755,27.5,27.64,754476.0,5291.0,27.625225
QBTS,2026-05-26 16:30:00+00:00,27.645,27.6897,27.5,27.6,389035.0,3222.0,27.610067
QBTS,2026-05-26 16:35:00+00:00,27.605,27.79,27.605,27.76,458748.0,3173.0,27.731426
QBTS,2026-05-26 16:40:00+00:00,27.76,27.95,27.66,27.895,628058.0,4032.0,27.845482
QBTS,2026-05-26 16:45:00+00:00,27.895,27.99,27.75,27.7599,546022.0,4217.0,27.898092
QBTS,2026-05-26 16:50:00+00:00,27.755,28.0,27.61,27.64,431212.0,3272.0,27.815544
QBTS,2026-05-26 16:55:00+00:00,27.64,27.75,27.64,27.73,300165.0,2187.0,27.704913
QBTS,2026-05-26 17:00:00+00:00,27.72,27.86,27.635,27.825,302565.0,2423.0,27.766767
QBTS,2026-05-26 17:05:00+00:00,27.82,27.95,27.81,27.91,240547.0,2223.0,27.892123
QBTS,2026-05-26 17:10:00+00:00,27.92,28.02,27.75,27.88,398614.0,2824.0,27.907765
QBTS,2026-05-26 17:15:00+00:00,27.8801,27.95,27.76,27.8,215076.0,1717.0,27.865785
QBTS,2026-05-26 17:20:00+00:00,27.8099,27.9097,27.72,27.7299,249952.0,2063.0,27.812907
QBTS,2026-05-26 17:25:00+00:00,27.73,27.81,27.6203,27.665,333412.0,2094.0,27.698537
QBTS,2026-05-26 17:30:00+00:00,27.665,27.67,27.5101,27.63,298031.0,2371.0,27.587647
QBTS,2026-05-26 17:35:00+00:00,27.635,27.665,27.402,27.455,291723.0,2555.0,27.538305
QBTS,2026-05-26 17:40:00+00:00,27.455,27.64,27.45,27.475,233350.0,1809.0,27.518146
QBTS,2026-05-26 17:45:00+00:00,27.485,27.65,27.48,27.6,148908.0,1259.0,27.590887
QBTS,2026-05-26 17:50:00+00:00,27.5901,27.78,27.55,27.68,357305.0,2701.0,27.690131
QBTS,2026-05-26 17:55:00+00:00,27.65,27.71,27.54,27.55,188082.0,1931.0,27.633278
QBTS,2026-05-26 18:00:00+00:00,27.545,27.64,27.4201,27.485,323721.0,3009.0,27.514124
QBTS,2026-05-26 18:05:00+00:00,27.48,27.53,27.3301,27.465,311179.0,2360.0,27.410548
QBTS,2026-05-26 18:10:00+00:00,27.465,27.48,27.36,27.3701,182163.0,1624.0,27.430319
QBTS,2026-05-26 18:15:00+00:00,27.375,27.4657,27.35,27.43,150486.0,1794.0,27.40846
QBTS,2026-05-26 18:20:00+00:00,27.44,27.6499,27.4301,27.535,266543.0,2222.0,27.538343
QBTS,2026-05-26 18:25:00+00:00,27.53,27.65,27.4,27.475,206846.0,2556.0,27.524021
QBTS,2026-05-26 18:30:00+00:00,27.47,27.4999,27.36,27.43,250459.0,2764.0,27.420923
QBTS,2026-05-26 18:35:00+00:00,27.42,27.528,27.355,27.41,167614.0,2162.0,27.432008
QBTS,2026-05-26 18:40:00+00:00,27.39,27.47,27.27,27.31,201715.0,2518.0,27.376599
QBTS,2026-05-26 18:45:00+00:00,27.32,27.39,27.13,27.265,359536.0,3154.0,27.250596
QBTS,2026-05-26 18:50:00+00:00,27.265,27.39,27.23,27.31,255371.0,2336.0,27.289936
QBTS,2026-05-26 18:55:00+00:00,27.31,27.5,27.25,27.255,407106.0,3577.0,27.363033
QBTS,2026-05-26 19:00:00+00:00,27.255,27.54,27.255,27.535,334542.0,2793.0,27.411877
QBTS,2026-05-26 19:05:00+00:00,27.54,27.555,27.33,27.35,312209.0,2321.0,27.449129
QBTS,2026-05-26 19:10:00+00:00,27.36,27.4299,27.1,27.1369,350922.0,3006.0,27.291967
QBTS,2026-05-26 19:15:00+00:00,27.1399,27.26,27.13,27.19,272685.0,2274.0,27.189538
QBTS,2026-05-26 19:20:00+00:00,27.1901,27.38,27.19,27.365,268040.0,2392.0,27.298821
QBTS,2026-05-26 19:25:00+00:00,27.365,27.39,27.16,27.27,407924.0,3437.0,27.268002
QBTS,2026-05-26 19:30:00+00:00,27.266,27.435,27.18,27.36,416144.0,2775.0,27.336141
QBTS,2026-05-26 19:35:00+00:00,27.36,27.47,27.2901,27.445,312423.0,2797.0,27.376166
QBTS,2026-05-26 19:40:00+00:00,27.445,27.47,27.345,27.425,306811.0,2693.0,27.423459
QBTS,2026-05-26 19:45:00+00:00,27.425,27.59,27.4201,27.575,432726.0,3324.0,27.504808
QBTS,2026-05-26 19:50:00+00:00,27.57,27.8,27.57,27.7401,766102.0,5917.0,27.70122
QBTS,2026-05-26 19:55:00+00:00,27.745,27.885,27.705,27.815,1629213.0,11751.0,27.781705
QBTS,2026-05-26 20:00:00+00:00,27.81,27.9,27.52,27.57,3535713.0,574.0,27.816732
QBTS,2026-05-26 20:05:00+00:00,27.6035,27.7,27.56,27.64,25753.0,214.0,27.610134
QBTS,2026-05-26 20:10:00+00:00,27.65,27.65,27.54,27.54,15693.0,165.0,27.614241
QBTS,2026-05-26 20:15:00+00:00,27.5484,27.64,27.4934,27.4934,43196.0,550.0,27.558968
QBTS,2026-05-26 20:20:00+00:00,27.59,27.64,27.5,27.6,12809.0,246.0,27.589043
QBTS,2026-05-26 20:25:00+00:00,27.57,27.82,27.5389,27.65,81566.0,112.0,27.781948
QBTS,2026-05-26 20:30:00+00:00,27.65,27.75,27.6,27.75,10714.0,294.0,27.67919
QBTS,2026-05-26 20:35:00+00:00,27.74,27.75,27.6,27.6871,19910.0,226.0,27.710105
QBTS,2026-05-26 20:40:00+00:00,27.6994,27.7,27.6104,27.65,7128.0,109.0,27.661633
QBTS,2026-05-26 20:45:00+00:00,27.6883,27.6883,27.61,27.61,4619.0,70.0,27.659857
QBTS,2026-05-26 20:50:00+00:00,27.63,27.63,27.55,27.63,9747.0,164.0,27.587845
QBTS,2026-05-26 20:55:00+00:00,27.63,27.63,27.55,27.57,7685.0,68.0,27.577806
QBTS,2026-05-26 21:00:00+00:00,27.55,27.59,27.5323,27.59,7159.0,91.0,27.56638
QBTS,2026-05-26 21:05:00+00:00,27.56,27.5958,27.53,27.53,13528.0,106.0,27.560888
QBTS,2026-05-26 21:10:00+00:00,27.534,27.64,27.53,27.64,11538.0,112.0,27.576681
QBTS,2026-05-26 21:15:00+00:00,27.6348,27.7,27.63,27.67,4724.0,75.0,27.664358
QBTS,2026-05-26 21:20:00+00:00,27.54,27.61,27.5317,27.56,7047.0,107.0,27.56856
QBTS,2026-05-26 21:25:00+00:00,27.56,27.65,27.5551,27.611,8446.0,107.0,27.581058
QBTS,2026-05-26 21:30:00+00:00,27.64,27.702,27.57,27.6012,4469.0,78.0,27.616035
QBTS,2026-05-26 21:35:00+00:00,27.64,27.64,27.61,27.62,2220.0,31.0,27.631796
QBTS,2026-05-26 21:40:00+00:00,27.62,27.64,27.61,27.64,4815.0,77.0,27.619797
QBTS,2026-05-26 21:45:00+00:00,27.6206,27.64,27.61,27.62,3627.0,39.0,27.62547
QBTS,2026-05-26 21:50:00+00:00,27.64,27.64,27.61,27.61,3270.0,52.0,27.624047
QBTS,2026-05-26 21:55:00+00:00,27.63,27.63,27.52,27.56,16858.0,165.0,27.565325
QBTS,2026-05-26 22:00:00+00:00,27.56,27.58,27.54,27.57,7438.0,58.0,27.560625
QBTS,2026-05-26 22:05:00+00:00,27.57,27.57,27.43,27.45,7814.0,175.0,27.484295
QBTS,2026-05-26 22:10:00+00:00,27.47,27.5443,27.41,27.48,4936.0,99.0,27.476256
QBTS,2026-05-26 22:15:00+00:00,27.47,27.57,27.47,27.5,3744.0,74.0,27.496294
QBTS,2026-05-26 22:20:00+00:00,27.511,27.57,27.511,27.544,9110.0,77.0,27.54845
QBTS,2026-05-26 22:25:00+00:00,27.53,27.57,27.47,27.47,4801.0,84.0,27.516253
QBTS,2026-05-26 22:30:00+00:00,27.4,27.48,27.4,27.48,11412.0,108.0,27.449558
QBTS,2026-05-26 22:35:00+00:00,27.51,27.51,27.41,27.42,11344.0,116.0,27.428009
QBTS,2026-05-26 22:40:00+00:00,27.43,27.48,27.41,27.41,3355.0,77.0,27.433496
QBTS,2026-05-26 22:45:00+00:00,27.4,27.42,27.393,27.41,2362.0,72.0,27.407794
QBTS,2026-05-26 22:50:00+00:00,27.4245,27.47,27.38,27.3856,6787.0,93.0,27.457519
QBTS,2026-05-26 22:55:00+00:00,27.4089,27.45,27.36,27.36,7434.0,110.0,27.411962
QBTS,2026-05-26 23:00:00+00:00,27.39,27.45,27.39,27.45,5119.0,61.0,27.435508
QBTS,2026-05-26 23:05:00+00:00,27.45,27.54,27.4316,27.45,2208.0,53.0,27.450362
QBTS,2026-05-26 23:10:00+00:00,27.5,27.5,27.45,27.47,5874.0,51.0,27.45558
QBTS,2026-05-26 23:15:00+00:00,27.47,27.47,27.38,27.41,17509.0,91.0,27.416284
QBTS,2026-05-26 23:20:00+00:00,27.4,27.48,27.4,27.46,3972.0,131.0,27.447106
QBTS,2026-05-26 23:25:00+00:00,27.51,27.51,27.4,27.4401,12953.0,82.0,27.412479
QBTS,2026-05-26 23:30:00+00:00,27.44,27.44,27.4,27.4017,1854.0,45.0,27.423013
QBTS,2026-05-26 23:35:00+00:00,27.42,27.45,27.4,27.4374,5213.0,56.0,27.429805
QBTS,2026-05-26 23:40:00+00:00,27.42,27.55,27.42,27.55,6780.0,64.0,27.457073
QBTS,2026-05-26 23:45:00+00:00,27.55,27.57,27.51,27.55,5873.0,82.0,27.545251
QBTS,2026-05-26 23:50:00+00:00,27.553,27.59,27.52,27.585,5116.0,75.0,27.553106
QBTS,2026-05-26 23:55:00+00:00,27.5966,27.65,27.55,27.65,47950.0,121.0,27.622335
QBTS,2026-05-27 08:00:00+00:00,27.72,27.72,27.205,27.51,208394.0,2304.0,27.425248
QBTS,2026-05-27 08:05:00+00:00,27.47,27.57,27.26,27.4355,9104.0,174.0,27.455899
QBTS,2026-05-27 08:10:00+00:00,27.46,27.47,27.34,27.35,12881.0,206.0,27.39631
QBTS,2026-05-27 08:15:00+00:00,27.3999,27.44,27.31,27.39,40374.0,248.0,27.379353
QBTS,2026-05-27 08:20:00+00:00,27.39,27.43,27.2621,27.3,16169.0,190.0,27.364062
QBTS,2026-05-27 08:25:00+00:00,27.3,27.3,27.28,27.29,35264.0,257.0,27.299511
QBTS,2026-05-27 08:30:00+00:00,27.3,27.43,27.3,27.41,8298.0,106.0,27.37777
QBTS,2026-05-27 08:35:00+00:00,27.4,27.41,27.38,27.39,2210.0,48.0,27.398423
QBTS,2026-05-27 08:40:00+00:00,27.36,27.37,27.32,27.33,3838.0,130.0,27.344745
QBTS,2026-05-27 08:45:00+00:00,27.35,27.38,27.32,27.345,3523.0,40.0,27.350835
QBTS,2026-05-27 08:50:00+00:00,27.35,27.4,27.3436,27.3436,7118.0,69.0,27.388055
QBTS,2026-05-27 08:55:00+00:00,27.36,27.41,27.34,27.3625,6607.0,57.0,27.350397
QBTS,2026-05-27 09:00:00+00:00,27.38,27.39,27.34,27.35,13902.0,120.0,27.349771
QBTS,2026-05-27 09:05:00+00:00,27.38,27.4,27.32,27.37,1237.0,23.0,27.360953
QBTS,2026-05-27 09:10:00+00:00,27.331,27.37,27.31,27.31,3697.0,49.0,27.323476
QBTS,2026-05-27 09:15:00+00:00,27.3128,27.36,27.3026,27.32,6405.0,47.0,27.338235
QBTS,2026-05-27 09:20:00+00:00,27.32,27.4,27.32,27.36,8267.0,115.0,27.376892
QBTS,2026-05-27 09:25:00+00:00,27.39,27.4048,27.36,27.39,4817.0,65.0,27.390598
QBTS,2026-05-27 09:30:00+00:00,27.3647,27.3647,27.35,27.35,2026.0,44.0,27.351736
QBTS,2026-05-27 09:35:00+00:00,27.3384,27.4,27.3384,27.4,5521.0,122.0,27.366477
QBTS,2026-05-27 09:40:00+00:00,27.41,27.41,27.34,27.34,3076.0,89.0,27.368448
QBTS,2026-05-27 09:45:00+00:00,27.31,27.32,27.31,27.32,861.0,19.0,27.311465
QBTS,2026-05-27 09:50:00+00:00,27.33,27.34,27.31,27.3104,4787.0,59.0,27.317437
QBTS,2026-05-27 09:55:00+00:00,27.31,27.34,27.3013,27.34,4372.0,67.0,27.311145
QBTS,2026-05-27 10:00:00+00:00,27.3,27.31,27.27,27.31,10354.0,111.0,27.281148
QBTS,2026-05-27 10:05:00+00:00,27.29,27.33,27.29,27.29,1571.0,54.0,27.315
QBTS,2026-05-27 10:10:00+00:00,27.3,27.37,27.29,27.36,4350.0,112.0,27.327002
QBTS,2026-05-27 10:15:00+00:00,27.31,27.36,27.26,27.28,12309.0,145.0,27.290754
QBTS,2026-05-27 10:20:00+00:00,27.26,27.33,27.26,27.33,11931.0,88.0,27.295676
QBTS,2026-05-27 10:25:00+00:00,27.33,27.33,27.29,27.3,1571.0,43.0,27.315049
QBTS,2026-05-27 10:30:00+00:00,27.29,27.3,27.26,27.3,2193.0,56.0,27.279986
QBTS,2026-05-27 10:35:00+00:00,27.3,27.3,27.28,27.3,3524.0,48.0,27.297639
QBTS,2026-05-27 10:40:00+00:00,27.3047,27.37,27.3,27.3,12528.0,106.0,27.340806
QBTS,2026-05-27 10:45:00+00:00,27.3026,27.3026,27.2,27.2053,5330.0,195.0,27.246765
QBTS,2026-05-27 10:50:00+00:00,27.21,27.22,27.16,27.16,9917.0,217.0,27.183134
QBTS,2026-05-27 10:55:00+00:00,27.2,27.23,27.16,27.16,10918.0,72.0,27.182379
QBTS,2026-05-27 11:00:00+00:00,27.23,27.3693,27.22,27.3596,45990.0,350.0,27.314045
QBTS,2026-05-27 11:05:00+00:00,27.35,27.3588,27.22,27.22,29976.0,224.0,27.275938
QBTS,2026-05-27 11:10:00+00:00,27.25,27.26,27.17,27.181,19329.0,274.0,27.199671
QBTS,2026-05-27 11:15:00+00:00,27.18,27.23,27.1,27.1,41903.0,370.0,27.188284
QBTS,2026-05-27 11:20:00+00:00,27.14,27.14,26.88,26.9323,125949.0,831.0,27.005809
QBTS,2026-05-27 11:25:00+00:00,26.91,26.93,26.85,26.9,54359.0,350.0,26.893407
QBTS,2026-05-27 11:30:00+00:00,26.8917,27.04,26.85,27.04,60058.0,296.0,26.994899
QBTS,2026-05-27 11:35:00+00:00,26.9816,27.03,26.85,26.8674,31220.0,589.0,26.935033
QBTS,2026-05-27 11:40:00+00:00,26.8674,26.8674,26.61,26.8432,76278.0,736.0,26.824079
QBTS,2026-05-27 11:45:00+00:00,26.79,26.9,26.79,26.86,43129.0,287.0,26.832548
QBTS,2026-05-27 11:50:00+00:00,26.861,26.98,26.826,26.96,19420.0,219.0,26.88653
QBTS,2026-05-27 11:55:00+00:00,26.989,27.0,26.88,26.88,40982.0,218.0,26.9489
QBTS,2026-05-27 12:00:00+00:00,26.94,26.94,26.81,26.8888,36188.0,213.0,26.844406
QBTS,2026-05-27 12:05:00+00:00,26.89,26.9376,26.85,26.8937,20386.0,188.0,26.899579
QBTS,2026-05-27 12:10:00+00:00,26.85,26.85,26.6837,26.7,50223.0,437.0,26.765456
QBTS,2026-05-27 12:15:00+00:00,26.7008,26.8923,26.5,26.84,86623.0,637.0,26.674991
QBTS,2026-05-27 12:20:00+00:00,26.83,27.0,26.7,26.9,73970.0,524.0,26.880125
QBTS,2026-05-27 12:25:00+00:00,26.8946,26.96,26.86,26.95,23617.0,197.0,26.902372
QBTS,2026-05-27 12:30:00+00:00,26.937,26.9397,26.8039,26.8399,20258.0,174.0,26.845437
QBTS,2026-05-27 12:35:00+00:00,26.82,26.95,26.82,26.93,13352.0,175.0,26.8976
QBTS,2026-05-27 12:40:00+00:00,26.93,26.93,26.8302,26.8511,17181.0,177.0,26.872769
QBTS,2026-05-27 12:45:00+00:00,26.85,26.859,26.8,26.8023,27724.0,205.0,26.830068
QBTS,2026-05-27 12:50:00+00:00,26.8126,26.87,26.8,26.85,13071.0,166.0,26.829519
QBTS,2026-05-27 12:55:00+00:00,26.86,26.93,26.8513,26.902,21134.0,179.0,26.888633
QBTS,2026-05-27 13:00:00+00:00,26.91,26.93,26.85,26.85,47240.0,256.0,26.897128
QBTS,2026-05-27 13:05:00+00:00,26.821,26.85,26.7302,26.731,36840.0,414.0,26.789026
QBTS,2026-05-27 13:10:00+00:00,26.75,26.8,26.69,26.7106,30275.0,257.0,26.747252
QBTS,2026-05-27 13:15:00+00:00,26.7113,26.73,26.59,26.63,51381.0,395.0,26.666204
QBTS,2026-05-27 13:20:00+00:00,26.6513,26.799,26.65,26.65,59352.0,411.0,26.702649
QBTS,2026-05-27 13:25:00+00:00,26.7,27.28,26.66,27.28,92677.0,699.0,26.966451
QBTS,2026-05-27 13:30:00+00:00,27.26,27.63,26.73,26.86,1307280.0,9275.0,27.320692
QBTS,2026-05-27 13:35:00+00:00,26.851,27.23,26.7201,26.9,958449.0,9155.0,26.964938
QBTS,2026-05-27 13:40:00+00:00,26.89,26.98,26.23,26.3293,1231175.0,10472.0,26.551575
QBTS,2026-05-27 13:45:00+00:00,26.3154,26.5693,26.06,26.285,885041.0,8685.0,26.29761
QBTS,2026-05-27 13:50:00+00:00,26.2899,26.87,26.2,26.5262,809923.0,6986.0,26.619477
QBTS,2026-05-27 13:55:00+00:00,26.5,26.68,26.28,26.58,633750.0,5691.0,26.471824
QBTS,2026-05-27 14:00:00+00:00,26.575,26.775,26.465,26.755,631218.0,5901.0,26.603862
QBTS,2026-05-27 14:05:00+00:00,26.76,26.825,26.4875,26.505,537940.0,4921.0,26.657996
QBTS,2026-05-27 14:10:00+00:00,26.51,26.68,26.35,26.65,422432.0,4591.0,26.503535
QBTS,2026-05-27 14:15:00+00:00,26.64,26.83,26.5,26.53,360962.0,3185.0,26.644094
QBTS,2026-05-27 14:20:00+00:00,26.535,26.6,26.15,26.235,729048.0,5332.0,26.305661
QBTS,2026-05-27 14:25:00+00:00,26.235,26.235,25.695,25.87,1457929.0,11266.0,25.895552
QBTS,2026-05-27 14:30:00+00:00,25.87,26.2846,25.87,26.275,744849.0,5322.0,26.101578
QBTS,2026-05-27 14:35:00+00:00,26.28,26.45,26.23,26.39,522972.0,3712.0,26.338519
QBTS,2026-05-27 14:40:00+00:00,26.39,26.57,26.215,26.34,450327.0,3678.0,26.381834
QBTS,2026-05-27 14:45:00+00:00,26.35,26.6299,26.33,26.36,386935.0,3320.0,26.509719
QBTS,2026-05-27 14:50:00+00:00,26.358,26.61,26.35,26.5301,257798.0,2834.0,26.525045
QBTS,2026-05-27 14:55:00+00:00,26.53,26.55,26.281,26.42,204684.0,2130.0,26.403928
QBTS,2026-05-27 15:00:00+00:00,26.415,26.42,26.18,26.25,399384.0,3308.0,26.302303
QBTS,2026-05-27 15:05:00+00:00,26.26,26.39,26.2001,26.3701,200582.0,1830.0,26.294658
QBTS,2026-05-27 15:10:00+00:00,26.375,26.56,26.355,26.52,241733.0,2382.0,26.484959
QBTS,2026-05-27 15:15:00+00:00,26.525,26.555,26.36,26.48,218672.0,2095.0,26.473587
QBTS,2026-05-27 15:20:00+00:00,26.475,26.51,26.3,26.4,183960.0,1936.0,26.365479
QBTS,2026-05-27 15:25:00+00:00,26.405,26.44,26.3303,26.435,187015.0,1900.0,26.389223
QBTS,2026-05-27 15:30:00+00:00,26.435,26.79,26.435,26.775,499803.0,3025.0,26.6445
QBTS,2026-05-27 15:35:00+00:00,26.77,26.815,26.6,26.685,358158.0,2405.0,26.721077
QBTS,2026-05-27 15:40:00+00:00,26.685,26.93,26.68,26.8,471305.0,3059.0,26.822143
QBTS,2026-05-27 15:45:00+00:00,26.8,26.9099,26.565,26.61,343685.0,2661.0,26.717953
QBTS,2026-05-27 15:50:00+00:00,26.605,26.75,26.4507,26.63,280071.0,2418.0,26.618279
QBTS,2026-05-27 15:55:00+00:00,26.625,26.83,26.555,26.775,196126.0,1823.0,26.720759
QBTS,2026-05-27 16:00:00+00:00,26.778,27.23,26.68,27.21,561841.0,3515.0,27.031326
QBTS,2026-05-27 16:05:00+00:00,27.2,27.26,27.14,27.175,296616.0,2143.0,27.200766
QBTS,2026-05-27 16:10:00+00:00,27.18,27.3999,27.1201,27.36,406338.0,2797.0,27.264539
QBTS,2026-05-27 16:15:00+00:00,27.36,27.43,27.29,27.405,353963.0,2473.0,27.351682
QBTS,2026-05-27 16:20:00+00:00,27.41,27.75,27.41,27.745,609153.0,3847.0,27.62987
QBTS,2026-05-27 16:25:00+00:00,27.74,27.88,27.62,27.875,491791.0,3363.0,27.736721
QBTS,2026-05-27 16:30:00+00:00,27.88,27.95,27.69,27.832,525280.0,4022.0,27.831117
QBTS,2026-05-27 16:35:00+00:00,27.835,27.94,27.77,27.835,527091.0,3637.0,27.855885
QBTS,2026-05-27 16:40:00+00:00,27.84,27.845,27.62,27.62,283012.0,2533.0,27.758071
QBTS,2026-05-27 16:45:00+00:00,27.62,27.81,27.5407,27.73,396787.0,3198.0,27.666751
QBTS,2026-05-27 16:50:00+00:00,27.73,27.82,27.65,27.805,203834.0,2326.0,27.733728
QBTS,2026-05-27 16:55:00+00:00,27.81,27.845,27.7,27.76,252026.0,2273.0,27.788445
QBTS,2026-05-27 17:00:00+00:00,27.76,28.05,27.76,27.88,619267.0,3693.0,27.924962
QBTS,2026-05-27 17:05:00+00:00,27.88,27.8999,27.54,27.5401,385014.0,2957.0,27.714909
QBTS,2026-05-27 17:10:00+00:00,27.54,27.71,27.43,27.53,316545.0,2942.0,27.515068
QBTS,2026-05-27 17:15:00+00:00,27.53,27.68,27.47,27.665,211789.0,1926.0,27.577702
QBTS,2026-05-27 17:20:00+00:00,27.66,27.69,27.55,27.56,164441.0,1329.0,27.619154
QBTS,2026-05-27 17:25:00+00:00,27.57,27.725,27.57,27.665,167519.0,1729.0,27.647098
QBTS,2026-05-27 17:30:00+00:00,27.665,27.73,27.6,27.7,202822.0,1788.0,27.663971
QBTS,2026-05-27 17:35:00+00:00,27.69,27.7,27.5,27.55,170465.0,2083.0,27.618543
QBTS,2026-05-27 17:40:00+00:00,27.545,27.55,27.355,27.395,251123.0,2488.0,27.434676
QBTS,2026-05-27 17:45:00+00:00,27.4,27.445,27.33,27.355,234666.0,2174.0,27.376366
QBTS,2026-05-27 17:50:00+00:00,27.36,27.46,27.32,27.395,161082.0,1831.0,27.38234
QBTS,2026-05-27 17:55:00+00:00,27.4,27.44,27.23,27.3001,221380.0,2257.0,27.313645
QBTS,2026-05-27 18:00:00+00:00,27.3,27.3202,27.125,27.14,188422.0,2015.0,27.207308
QBTS,2026-05-27 18:05:00+00:00,27.135,27.38,27.135,27.3,190220.0,1771.0,27.248353
QBTS,2026-05-27 18:10:00+00:00,27.3,27.385,27.265,27.3501,139325.0,1538.0,27.330779
QBTS,2026-05-27 18:15:00+00:00,27.355,27.36,27.21,27.32,217530.0,2456.0,27.287783
QBTS,2026-05-27 18:20:00+00:00,27.315,27.37,27.23,27.345,170348.0,2215.0,27.301921
QBTS,2026-05-27 18:25:00+00:00,27.345,27.52,27.345,27.505,227138.0,1974.0,27.443253
QBTS,2026-05-27 18:30:00+00:00,27.5,27.5,27.405,27.42,124548.0,1720.0,27.447279
QBTS,2026-05-27 18:35:00+00:00,27.415,27.425,27.275,27.39,262833.0,1968.0,27.361735
QBTS,2026-05-27 18:40:00+00:00,27.385,27.43,27.2901,27.375,124478.0,1483.0,27.370248
QBTS,2026-05-27 18:45:00+00:00,27.38,27.45,27.28,27.355,237800.0,2190.0,27.367005
QBTS,2026-05-27 18:50:00+00:00,27.36,27.5199,27.315,27.39,195104.0,2032.0,27.417129
QBTS,2026-05-27 18:55:00+00:00,27.39,27.4,27.15,27.2501,251780.0,2186.0,27.245199
QBTS,2026-05-27 19:00:00+00:00,27.265,27.3,27.11,27.2,198494.0,2122.0,27.208516
QBTS,2026-05-27 19:05:00+00:00,27.21,27.265,27.072,27.15,236408.0,2008.0,27.158399
QBTS,2026-05-27 19:10:00+00:00,27.145,27.185,27.0301,27.095,196078.0,1734.0,27.107845
QBTS,2026-05-27 19:15:00+00:00,27.1,27.315,27.1,27.275,343570.0,2200.0,27.211046
QBTS,2026-05-27 19:20:00+00:00,27.275,27.475,27.275,27.475,353947.0,1883.0,27.385834
QBTS,2026-05-27 19:25:00+00:00,27.475,27.515,27.37,27.515,238696.0,2106.0,27.438801
QBTS,2026-05-27 19:30:00+00:00,27.515,27.65,27.44,27.5701,385821.0,2833.0,27.567677
QBTS,2026-05-27 19:35:00+00:00,27.58,27.72,27.575,27.625,334994.0,2653.0,27.658029
QBTS,2026-05-27 19:40:00+00:00,27.625,27.74,27.625,27.6669,246176.0,1920.0,27.686316
QBTS,2026-05-27 19:45:00+00:00,27.67,27.72,27.63,27.65,281920.0,2623.0,27.673381
QBTS,2026-05-27 19:50:00+00:00,27.645,27.795,27.59,27.795,615745.0,4925.0,27.680249
QBTS,2026-05-27 19:55:00+00:00,27.78,27.79,27.47,27.48,864272.0,7184.0,27.623901
QBTS,2026-05-27 20:00:00+00:00,27.43,27.52,27.2,27.25,1070935.0,402.0,27.445962
QBTS,2026-05-27 20:05:00+00:00,27.2598,27.38,27.1,27.38,36282.0,291.0,27.155306
QBTS,2026-05-27 20:10:00+00:00,27.33,27.33,27.25,27.33,5348.0,92.0,27.294666
QBTS,2026-05-27 20:15:00+00:00,27.25,27.37,27.25,27.3509,10388.0,52.0,27.268676
QBTS,2026-05-27 20:20:00+00:00,27.3585,27.3585,27.2604,27.272,13623.0,81.0,27.296519
QBTS,2026-05-27 20:25:00+00:00,27.2718,27.2718,27.2,27.2,12495.0,107.0,27.251428
QBTS,2026-05-27 20:30:00+00:00,27.21,27.27,27.21,27.27,6068.0,164.0,27.255787
QBTS,2026-05-27 20:35:00+00:00,27.27,27.27,27.2,27.21,8533.0,94.0,27.237273
QBTS,2026-05-27 20:40:00+00:00,27.21,27.25,27.191,27.191,1676.0,55.0,27.215627
QBTS,2026-05-27 20:45:00+00:00,27.21,27.24,27.19,27.2099,3369.0,48.0,27.210258
QBTS,2026-05-27 20:50:00+00:00,27.21,27.2521,27.17,27.2015,9816.0,103.0,27.192726
QBTS,2026-05-27 20:55:00+00:00,27.18,27.2343,27.18,27.2,115125.0,61.0,27.208418
QBTS,2026-05-27 21:00:00+00:00,27.184,27.2196,27.1,27.12,15369.0,90.0,27.153013
QBTS,2026-05-27 21:05:00+00:00,27.13,27.14,27.1001,27.14,1692.0,41.0,27.130702
QBTS,2026-05-27 21:10:00+00:00,27.144,27.187,27.1,27.1,2947.0,102.0,27.133123
QBTS,2026-05-27 21:15:00+00:00,27.1,27.1997,27.1,27.1997,3785.0,49.0,27.155816
QBTS,2026-05-27 21:20:00+00:00,27.12,27.2,27.12,27.15,4884.0,43.0,27.149784
QBTS,2026-05-27 21:25:00+00:00,27.12,27.1879,27.1101,27.17,5991.0,68.0,27.143587
QBTS,2026-05-27 21:30:00+00:00,27.1947,27.1947,27.16,27.18,1319.0,29.0,27.178116
QBTS,2026-05-27 21:35:00+00:00,27.18,27.1995,27.15,27.1995,8528.0,86.0,27.178194
QBTS,2026-05-27 21:40:00+00:00,27.16,27.2,27.1592,27.1993,1589.0,40.0,27.188913
QBTS,2026-05-27 21:45:00+00:00,27.2,27.2,27.15,27.15,3204.0,89.0,27.158192
QBTS,2026-05-27 21:50:00+00:00,27.144,27.167,27.13,27.167,5045.0,65.0,27.146023
QBTS,2026-05-27 21:55:00+00:00,27.1984,27.2,27.13,27.13,2176.0,29.0,27.170371
QBTS,2026-05-27 22:00:00+00:00,27.13,27.1899,27.13,27.1639,2591.0,63.0,27.161455
QBTS,2026-05-27 22:05:00+00:00,27.1603,27.19,27.1603,27.18,3224.0,55.0,27.185053
QBTS,2026-05-27 22:10:00+00:00,27.18,27.1893,27.07,27.09,10675.0,137.0,27.118721
QBTS,2026-05-27 22:15:00+00:00,27.0704,27.1,27.06,27.07,1904.0,38.0,27.077038
QBTS,2026-05-27 22:20:00+00:00,27.18,27.18,27.0701,27.1629,2933.0,67.0,27.149361
QBTS,2026-05-27 22:30:00+00:00,27.11,27.158,27.09,27.09,892.0,31.0,27.111333
QBTS,2026-05-27 22:35:00+00:00,27.1163,27.16,27.09,27.09,4596.0,42.0,27.111723
QBTS,2026-05-27 22:40:00+00:00,27.12,27.12,27.1017,27.1017,271.0,13.0,27.11085
QBTS,2026-05-27 22:45:00+00:00,27.13,27.13,27.1,27.1,1476.0,27.0,27.117514
QBTS,2026-05-27 22:50:00+00:00,27.1,27.16,27.092,27.16,8704.0,51.0,27.105574
QBTS,2026-05-27 22:55:00+00:00,27.16,27.16,27.1252,27.1252,758.0,17.0,27.153409
QBTS,2026-05-27 23:00:00+00:00,27.13,27.13,27.13,27.13,161.0,8.0,27.13
QBTS,2026-05-27 23:05:00+00:00,27.12,27.15,27.1,27.15,3357.0,36.0,27.115421
QBTS,2026-05-27 23:10:00+00:00,27.1433,27.1433,27.09,27.12,1024.0,36.0,27.110883
QBTS,2026-05-27 23:15:00+00:00,27.1,27.15,27.0905,27.15,2886.0,60.0,27.114598
QBTS,2026-05-27 23:20:00+00:00,27.1,27.16,27.0901,27.16,4741.0,47.0,27.126244
QBTS,2026-05-27 23:25:00+00:00,27.15,27.1647,27.1,27.11,6316.0,28.0,27.121777
QBTS,2026-05-27 23:30:00+00:00,27.1001,27.1001,27.0904,27.0957,3552.0,27.0,27.09501
QBTS,2026-05-27 23:35:00+00:00,27.16,27.16,27.09,27.1598,5326.0,39.0,27.14222
QBTS,2026-05-27 23:40:00+00:00,27.1,27.13,27.08,27.1,7311.0,36.0,27.100386
QBTS,2026-05-27 23:45:00+00:00,27.06,27.1,27.02,27.04,4796.0,69.0,27.063491
QBTS,2026-05-27 23:50:00+00:00,27.0748,27.0748,27.01,27.03,10198.0,72.0,27.024578
QBTS,2026-05-27 23:55:00+00:00,27.0139,27.13,27.0002,27.09,8531.0,90.0,27.054629
QBTS,2026-05-28 08:00:00+00:00,27.0,27.0,25.81,26.8,218286.0,2896.0,26.351091
QBTS,2026-05-28 08:05:00+00:00,26.8819,26.89,26.8819,26.8847,1935.0,25.0,26.888426
QBTS,2026-05-28 08:10:00+00:00,26.69,26.88,25.91,26.76,17814.0,232.0,26.588552
QBTS,2026-05-28 08:15:00+00:00,26.77,26.79,26.6752,26.7155,4485.0,57.0,26.73676
QBTS,2026-05-28 08:20:00+00:00,26.8,26.94,26.78,26.9,23905.0,57.0,26.790316
QBTS,2026-05-28 08:25:00+00:00,26.9,26.9,26.77,26.78,7624.0,42.0,26.816252
QBTS,2026-05-28 08:30:00+00:00,26.79,26.8,26.77,26.7887,3186.0,26.0,26.79479
QBTS,2026-05-28 08:35:00+00:00,26.78,26.87,26.78,26.8,3365.0,34.0,26.816419
QBTS,2026-05-28 08:40:00+00:00,26.8,26.81,26.7945,26.81,4655.0,36.0,26.800867
QBTS,2026-05-28 08:45:00+00:00,26.82,26.84,26.8,26.84,2340.0,40.0,26.812136
QBTS,2026-05-28 08:50:00+00:00,26.83,26.83,26.82,26.82,654.0,14.0,26.823059
QBTS,2026-05-28 08:55:00+00:00,26.83,26.87,26.8,26.8,3394.0,31.0,26.83086
QBTS,2026-05-28 09:00:00+00:00,26.87,26.87,26.8243,26.83,958.0,7.0,26.837574
QBTS,2026-05-28 09:05:00+00:00,26.83,26.84,26.8,26.8,5852.0,67.0,26.807222
QBTS,2026-05-28 09:10:00+00:00,26.8758,26.8758,26.8,26.825,4076.0,26.0,26.816589
QBTS,2026-05-28 09:15:00+00:00,26.8,26.8,26.75,26.76,14459.0,55.0,26.786537
QBTS,2026-05-28 09:20:00+00:00,26.765,26.765,26.7,26.7,2938.0,42.0,26.738839
QBTS,2026-05-28 09:25:00+00:00,26.74,26.74,26.705,26.7061,1667.0,21.0,26.713631
QBTS,2026-05-28 09:30:00+00:00,26.7076,26.7076,26.7,26.7,1084.0,13.0,26.703173
QBTS,2026-05-28 09:35:00+00:00,26.7,26.7758,26.67,26.67,3121.0,31.0,26.706833
QBTS,2026-05-28 09:40:00+00:00,26.665,26.73,26.6121,26.66,6487.0,108.0,26.661012
QBTS,2026-05-28 09:45:00+00:00,26.66,26.75,26.6316,26.75,6726.0,52.0,26.706524
QBTS,2026-05-28 09:50:00+00:00,26.74,26.78,26.73,26.74,3177.0,20.0,26.739934
QBTS,2026-05-28 09:55:00+00:00,26.775,26.775,26.775,26.775,401.0,6.0,26.775
QBTS,2026-05-28 10:00:00+00:00,26.775,26.775,26.752,26.752,1428.0,15.0,26.762656
QBTS,2026-05-28 10:05:00+00:00,26.75,26.77,26.75,26.75,2856.0,25.0,26.755225
QBTS,2026-05-28 10:10:00+00:00,26.76,26.76,26.76,26.76,828.0,10.0,26.76
QBTS,2026-05-28 10:15:00+00:00,26.7516,26.7516,26.7,26.7,1521.0,26.0,26.737169
QBTS,2026-05-28 10:20:00+00:00,26.68,26.68,26.5853,26.6,4275.0,84.0,26.642972
QBTS,2026-05-28 10:25:00+00:00,26.6,26.6,26.55,26.55,3111.0,60.0,26.568317
QBTS,2026-05-28 10:30:00+00:00,26.576,26.72,26.55,26.72,2895.0,34.0,26.574499
QBTS,2026-05-28 10:35:00+00:00,26.59,26.59,26.55,26.5759,3843.0,19.0,26.578168
QBTS,2026-05-28 10:40:00+00:00,26.5873,26.59,26.5551,26.59,776.0,4.0,26.581936
QBTS,2026-05-28 10:45:00+00:00,26.5526,26.6847,26.5526,26.58,1460.0,18.0,26.59375
QBTS,2026-05-28 10:50:00+00:00,26.63,27.57,26.63,27.03,82291.0,1803.0,27.001703
QBTS,2026-05-28 10:55:00+00:00,27.03,27.1413,26.88,26.945,7954.0,169.0,26.974894
QBTS,2026-05-28 11:00:00+00:00,26.9,27.0,26.73,26.75,28112.0,297.0,26.818278
QBTS,2026-05-28 11:05:00+00:00,26.79,26.87,26.6509,26.72,11431.0,138.0,26.741604
QBTS,2026-05-28 11:10:00+00:00,26.71,26.76,26.66,26.72,15380.0,127.0,26.711056
QBTS,2026-05-28 11:15:00+00:00,26.715,26.8792,26.6766,26.8792,12503.0,92.0,26.7324
QBTS,2026-05-28 11:20:00+00:00,26.87,26.96,26.8417,26.85,11266.0,87.0,26.903243
QBTS,2026-05-28 11:25:00+00:00,26.9197,26.9197,26.7948,26.8482,7146.0,64.0,26.834299
QBTS,2026-05-28 11:30:00+00:00,26.8428,26.85,26.77,26.85,8105.0,83.0,26.79012
QBTS,2026-05-28 11:35:00+00:00,26.7898,26.9196,26.7898,26.8503,13805.0,70.0,26.840815
QBTS,2026-05-28 11:40:00+00:00,26.89,27.0,26.88,26.9822,17323.0,191.0,26.968725
QBTS,2026-05-28 11:45:00+00:00,26.98,26.98,26.84,26.9,8033.0,157.0,26.901182
QBTS,2026-05-28 11:50:00+00:00,26.8354,26.8784,26.83,26.83,5232.0,88.0,26.851539
QBTS,2026-05-28 11:55:00+00:00,26.82,26.88,26.82,26.8313,5391.0,49.0,26.839747
QBTS,2026-05-28 12:00:00+00:00,26.83,26.87,26.8,26.84,10783.0,110.0,26.824473
QBTS,2026-05-28 12:05:00+00:00,26.86,26.9518,26.83,26.9,14114.0,99.0,26.890285
QBTS,2026-05-28 12:10:00+00:00,26.895,26.9,26.81,26.8656,9641.0,146.0,26.851525
QBTS,2026-05-28 12:15:00+00:00,26.89,26.89,26.86,26.86,6652.0,30.0,26.862567
QBTS,2026-05-28 12:20:00+00:00,26.89,26.9213,26.86,26.86,12389.0,91.0,26.868912
QBTS,2026-05-28 12:25:00+00:00,26.8792,26.9,26.85,26.88,6048.0,59.0,26.870129
QBTS,2026-05-28 12:30:00+00:00,26.89,27.1,26.87,27.04,29277.0,258.0,27.010748
QBTS,2026-05-28 12:35:00+00:00,27.02,27.2,27.02,27.09,19190.0,185.0,27.143025
QBTS,2026-05-28 12:40:00+00:00,27.09,27.179,27.08,27.1751,20758.0,124.0,27.130058
QBTS,2026-05-28 12:45:00+00:00,27.18,27.29,27.15,27.22,39542.0,407.0,27.227097
QBTS,2026-05-28 12:50:00+00:00,27.23,27.3,27.13,27.3,14049.0,208.0,27.215668
QBTS,2026-05-28 12:55:00+00:00,27.27,27.2924,27.24,27.26,19741.0,184.0,27.263953
QBTS,2026-05-28 13:00:00+00:00,27.27,27.48,27.27,27.45,26996.0,349.0,27.395033
QBTS,2026-05-28 13:05:00+00:00,27.4685,27.4685,27.24,27.25,45567.0,471.0,27.339787
QBTS,2026-05-28 13:10:00+00:00,27.28,27.31,27.24,27.28,18811.0,232.0,27.259557
QBTS,2026-05-28 13:15:00+00:00,27.3,27.3,27.17,27.2145,18349.0,251.0,27.253269
QBTS,2026-05-28 13:20:00+00:00,27.17,27.46,27.11,27.38,41872.0,551.0,27.260351
QBTS,2026-05-28 13:25:00+00:00,27.38,27.88,27.38,27.88,133612.0,822.0,27.567437
QBTS,2026-05-28 13:30:00+00:00,27.72,28.31,27.01,27.3,1284010.0,11270.0,27.545618
QBTS,2026-05-28 13:35:00+00:00,27.28,27.85,27.27,27.65,1072099.0,10824.0,27.612648
QBTS,2026-05-28 13:40:00+00:00,27.63,28.03,27.59,27.945,1077162.0,10715.0,27.826484
QBTS,2026-05-28 13:45:00+00:00,27.94,28.62,27.8401,28.31,1709888.0,17423.0,28.261457
QBTS,2026-05-28 13:50:00+00:00,28.31,28.32,27.93,28.21,1623537.0,22179.0,28.165871
QBTS,2026-05-28 13:55:00+00:00,28.2,28.281,27.9,28.25,1136602.0,15934.0,28.083868
QBTS,2026-05-28 14:00:00+00:00,28.26,28.4,27.715,27.735,903728.0,12072.0,28.121759
QBTS,2026-05-28 14:05:00+00:00,27.73,28.18,27.62,28.17,816449.0,9274.0,27.862136
QBTS,2026-05-28 14:10:00+00:00,28.16,28.5099,27.79,28.385,1057589.0,13073.0,28.237256
QBTS,2026-05-28 14:15:00+00:00,28.39,28.6,28.29,28.48,870188.0,11308.0,28.459469
QBTS,2026-05-28 14:20:00+00:00,28.47,28.67,28.08,28.14,993919.0,11003.0,28.406285
QBTS,2026-05-28 14:25:00+00:00,28.15,28.27,27.96,28.12,608625.0,6591.0,28.09102
QBTS,2026-05-28 14:30:00+00:00,28.115,28.14,27.94,28.06,526425.0,6136.0,28.040907
QBTS,2026-05-28 14:35:00+00:00,28.08,28.435,28.08,28.41,677703.0,5083.0,28.288805
QBTS,2026-05-28 14:40:00+00:00,28.405,28.64,28.37,28.422,625890.0,5593.0,28.486167
QBTS,2026-05-28 14:45:00+00:00,28.425,28.69,28.42,28.49,741133.0,7298.0,28.595021
QBTS,2026-05-28 14:50:00+00:00,28.5,29.07,28.4999,28.9299,1091429.0,8608.0,28.899874
QBTS,2026-05-28 14:55:00+00:00,28.93,29.01,28.74,28.996,754209.0,7534.0,28.892987
QBTS,2026-05-28 15:00:00+00:00,29.0,29.435,28.99,29.32,1115480.0,9100.0,29.29092
QBTS,2026-05-28 15:05:00+00:00,29.31,29.48,29.2999,29.475,627061.0,6208.0,29.358634
QBTS,2026-05-28 15:10:00+00:00,29.475,29.585,29.335,29.51,834898.0,6395.0,29.462252
QBTS,2026-05-28 15:15:00+00:00,29.515,29.93,29.45,29.915,987294.0,9685.0,29.750548
QBTS,2026-05-28 15:20:00+00:00,29.915,30.14,29.82,29.985,1389537.0,10862.0,29.988081
QBTS,2026-05-28 15:25:00+00:00,29.985,30.08,29.92,29.95,790962.0,6999.0,30.005214
QBTS,2026-05-28 15:30:00+00:00,29.94,29.95,29.46,29.73,1235114.0,10736.0,29.6683
QBTS,2026-05-28 15:35:00+00:00,29.7261,30.06,29.68,30.02,704338.0,4973.0,29.896
QBTS,2026-05-28 15:40:00+00:00,30.0302,30.0302,29.84,29.85,651442.0,6651.0,29.922342
QBTS,2026-05-28 15:45:00+00:00,29.85,30.0401,29.82,29.92,636442.0,6939.0,29.946456
QBTS,2026-05-28 15:50:00+00:00,29.91,30.21,29.87,30.1,956634.0,7879.0,30.092279
QBTS,2026-05-28 15:55:00+00:00,30.105,30.22,30.06,30.21,537082.0,4176.0,30.149725
QBTS,2026-05-28 16:00:00+00:00,30.21,30.215,30.035,30.0745,596757.0,5830.0,30.106826
QBTS,2026-05-28 16:05:00+00:00,30.07,30.11,29.91,30.01,744672.0,7591.0,30.028471
QBTS,2026-05-28 16:10:00+00:00,30.02,30.02,29.63,29.655,783523.0,7719.0,29.8327
QBTS,2026-05-28 16:15:00+00:00,29.66,29.75,29.57,29.595,652408.0,6029.0,29.638659
QBTS,2026-05-28 16:20:00+00:00,29.59,29.73,29.46,29.6999,638574.0,6662.0,29.595187
QBTS,2026-05-28 16:25:00+00:00,29.68,29.7115,29.59,29.61,479901.0,6267.0,29.653061
QBTS,2026-05-28 16:30:00+00:00,29.6107,29.68,29.38,29.525,529938.0,6439.0,29.507198
QBTS,2026-05-28 16:35:00+00:00,29.5301,29.77,29.48,29.765,449485.0,4161.0,29.610058
QBTS,2026-05-28 16:40:00+00:00,29.775,29.84,29.71,29.835,380574.0,3438.0,29.788471
QBTS,2026-05-28 16:45:00+00:00,29.8301,29.87,29.68,29.8,342668.0,3556.0,29.780072
QBTS,2026-05-28 16:50:00+00:00,29.8,29.89,29.76,29.84,262186.0,2528.0,29.836497
QBTS,2026-05-28 16:55:00+00:00,29.84,29.84,29.71,29.78,183455.0,2021.0,29.779823
QBTS,2026-05-28 17:00:00+00:00,29.79,29.81,29.5525,29.575,363986.0,3876.0,29.701259
QBTS,2026-05-28 17:05:00+00:00,29.5714,29.58,29.435,29.44,302110.0,3266.0,29.506382
QBTS,2026-05-28 17:10:00+00:00,29.445,29.49,29.15,29.2,534436.0,4860.0,29.3095
QBTS,2026-05-28 17:15:00+00:00,29.1999,29.29,29.18,29.285,286707.0,3024.0,29.239249
QBTS,2026-05-28 17:20:00+00:00,29.29,29.2999,29.11,29.125,293342.0,3433.0,29.207661
QBTS,2026-05-28 17:25:00+00:00,29.125,29.18,29.05,29.17,388877.0,4352.0,29.113789
QBTS,2026-05-28 17:30:00+00:00,29.165,29.185,28.902,28.9199,397734.0,3589.0,29.013635
QBTS,2026-05-28 17:35:00+00:00,28.915,28.9993,28.83,28.9799,502588.0,4441.0,28.921907
QBTS,2026-05-28 17:40:00+00:00,28.975,29.05,28.935,29.04,246066.0,2488.0,28.990924
QBTS,2026-05-28 17:45:00+00:00,29.045,29.23,29.035,29.1317,410241.0,4048.0,29.150352
QBTS,2026-05-28 17:50:00+00:00,29.14,29.33,29.14,29.18,480167.0,4596.0,29.237725
QBTS,2026-05-28 17:55:00+00:00,29.19,29.19,29.085,29.18,252927.0,3249.0,29.142522
QBTS,2026-05-28 18:00:00+00:00,29.19,29.3,29.14,29.28,288294.0,2885.0,29.237342
QBTS,2026-05-28 18:05:00+00:00,29.275,29.38,29.25,29.27,258510.0,2565.0,29.313519
QBTS,2026-05-28 18:10:00+00:00,29.275,29.34,29.2405,29.315,199767.0,2152.0,29.288229
QBTS,2026-05-28 18:15:00+00:00,29.3145,29.45,29.28,29.42,325181.0,3237.0,29.351048
QBTS,2026-05-28 18:20:00+00:00,29.41,29.68,29.365,29.6785,371192.0,3063.0,29.515041
QBTS,2026-05-28 18:25:00+00:00,29.68,29.77,29.54,29.59,497886.0,3239.0,29.667485
QBTS,2026-05-28 18:30:00+00:00,29.59,29.9,29.59,29.845,550009.0,4458.0,29.791777
QBTS,2026-05-28 18:35:00+00:00,29.845,29.86,29.48,29.58,453852.0,5049.0,29.647484
QBTS,2026-05-28 18:40:00+00:00,29.58,29.69,29.54,29.67,303377.0,4096.0,29.630143
QBTS,2026-05-28 18:45:00+00:00,29.6799,29.6799,29.33,29.44,350450.0,4568.0,29.515077
QBTS,2026-05-28 18:50:00+00:00,29.4401,29.54,29.385,29.46,238705.0,2301.0,29.481008
QBTS,2026-05-28 18:55:00+00:00,29.4574,29.52,29.17,29.395,496291.0,6407.0,29.326585
QBTS,2026-05-28 19:00:00+00:00,29.4,29.54,29.37,29.54,241857.0,2728.0,29.468177
QBTS,2026-05-28 19:05:00+00:00,29.55,29.77,29.525,29.7244,455738.0,4864.0,29.645235
QBTS,2026-05-28 19:10:00+00:00,29.73,29.7683,29.545,29.57,342650.0,4041.0,29.649671
QBTS,2026-05-28 19:15:00+00:00,29.58,29.58,29.055,29.2,563886.0,5178.0,29.306001
QBTS,2026-05-28 19:20:00+00:00,29.2,29.365,29.18,29.365,430108.0,4373.0,29.262571
QBTS,2026-05-28 19:25:00+00:00,29.36,29.53,29.36,29.5299,547535.0,6809.0,29.429128
QBTS,2026-05-28 19:30:00+00:00,29.54,29.61,29.5,29.57,345858.0,3613.0,29.551033
QBTS,2026-05-28 19:35:00+00:00,29.57,29.75,29.56,29.735,363043.0,4198.0,29.6671
QBTS,2026-05-28 19:40:00+00:00,29.73,29.82,29.68,29.815,537420.0,5063.0,29.753921
QBTS,2026-05-28 19:45:00+00:00,29.8147,30.055,29.81,29.96,1049819.0,8555.0,29.971394
QBTS,2026-05-28 19:50:00+00:00,29.96,29.995,29.5801,29.625,705768.0,7344.0,29.76254
QBTS,2026-05-28 19:55:00+00:00,29.605,29.68,29.43,29.49,1672337.0,14509.0,29.534658
QBTS,2026-05-28 20:00:00+00:00,29.495,29.54,29.3,29.46,2845033.0,240.0,29.489768
QBTS,2026-05-28 20:05:00+00:00,29.45,29.46,29.35,29.35,30105.0,293.0,29.407081
QBTS,2026-05-28 20:10:00+00:00,29.3998,29.3998,29.25,29.36,25798.0,300.0,29.341418
QBTS,2026-05-28 20:15:00+00:00,29.36,29.45,29.27,29.445,19587.0,263.0,29.343365
QBTS,2026-05-28 20:20:00+00:00,29.47,29.5,29.44,29.49,14892.0,97.0,29.466492
QBTS,2026-05-28 20:25:00+00:00,29.5,29.64,29.42,29.57,13390.0,206.0,29.528095
QBTS,2026-05-28 20:30:00+00:00,29.6047,29.62,29.5,29.61,13209.0,96.0,29.5676
QBTS,2026-05-28 20:35:00+00:00,29.57,29.63,29.56,29.56,13913.0,149.0,29.603238
QBTS,2026-05-28 20:40:00+00:00,29.56,29.67,29.52,29.63,15092.0,156.0,29.620038
QBTS,2026-05-28 20:45:00+00:00,29.6,29.6,29.51,29.5883,3670.0,64.0,29.575065
QBTS,2026-05-28 20:50:00+00:00,29.5101,29.5101,29.44,29.4517,22042.0,97.0,29.497957
QBTS,2026-05-28 20:55:00+00:00,29.46,29.59,29.45,29.5,4459.0,68.0,29.507867
QBTS,2026-05-28 21:00:00+00:00,29.58,29.58,29.5,29.5,5040.0,68.0,29.528676
QBTS,2026-05-28 21:05:00+00:00,29.5392,29.54,29.5,29.5,2875.0,37.0,29.535793
QBTS,2026-05-28 21:10:00+00:00,29.54,29.55,29.5,29.52,4860.0,78.0,29.519756
QBTS,2026-05-28 21:15:00+00:00,29.54,29.55,29.44,29.44,17480.0,92.0,29.475798
QBTS,2026-05-28 21:20:00+00:00,29.48,29.48,29.44,29.4502,2428.0,42.0,29.446797
QBTS,2026-05-28 21:25:00+00:00,29.4598,29.46,29.41,29.41,10771.0,54.0,29.442124
QBTS,2026-05-28 21:30:00+00:00,29.44,29.472,29.44,29.46,3718.0,67.0,29.450072
QBTS,2026-05-28 21:35:00+00:00,29.45,29.46,29.39,29.4341,8163.0,94.0,29.433203
QBTS,2026-05-28 21:40:00+00:00,29.41,29.4298,29.4,29.4,1540.0,51.0,29.408328
QBTS,2026-05-28 21:45:00+00:00,29.43,29.43,29.37,29.422,3449.0,64.0,29.396035
QBTS,2026-05-28 21:50:00+00:00,29.3711,29.44,29.35,29.35,4956.0,58.0,29.397808
QBTS,2026-05-28 21:55:00+00:00,29.42,29.44,29.36,29.36,2541.0,39.0,29.420476
QBTS,2026-05-28 22:00:00+00:00,29.37,29.46,29.35,29.4583,35786.0,122.0,29.435778
QBTS,2026-05-28 22:05:00+00:00,29.4496,29.46,29.3984,29.3984,2220.0,38.0,29.408282
QBTS,2026-05-28 22:10:00+00:00,29.39,29.39,29.3,29.37,23509.0,156.0,29.32445
QBTS,2026-05-28 22:15:00+00:00,29.34,29.34,29.27,29.2999,2445.0,65.0,29.300333
QBTS,2026-05-28 22:20:00+00:00,29.28,29.4118,29.28,29.3,11016.0,75.0,29.301876
QBTS,2026-05-28 22:25:00+00:00,29.3,29.4284,29.3,29.3,3888.0,56.0,29.414906
QBTS,2026-05-28 22:30:00+00:00,29.34,29.35,29.3,29.3,2462.0,41.0,29.309631
QBTS,2026-05-28 22:35:00+00:00,29.36,29.37,29.31,29.31,5189.0,78.0,29.332479
QBTS,2026-05-28 22:40:00+00:00,29.3598,29.3598,29.31,29.33,4783.0,50.0,29.318156
QBTS,2026-05-28 22:45:00+00:00,29.37,29.37,29.33,29.37,4051.0,40.0,29.354484
QBTS,2026-05-28 22:50:00+00:00,29.3697,29.37,29.3414,29.37,2781.0,60.0,29.36646
QBTS,2026-05-28 22:55:00+00:00,29.3748,29.38,29.34,29.3485,6631.0,47.0,29.346067
QBTS,2026-05-28 23:00:00+00:00,29.34,29.39,29.34,29.34,2264.0,30.0,29.346777
QBTS,2026-05-28 23:05:00+00:00,29.3899,29.47,29.38,29.38,13297.0,71.0,29.424756
QBTS,2026-05-28 23:10:00+00:00,29.47,29.48,29.35,29.35,1133.0,19.0,29.439638
QBTS,2026-05-28 23:15:00+00:00,29.35,29.5,29.35,29.5,1739.0,39.0,29.404649
QBTS,2026-05-28 23:20:00+00:00,29.47,29.5,29.35,29.5,2813.0,40.0,29.486315
QBTS,2026-05-28 23:25:00+00:00,29.4731,29.5,29.36,29.4993,5756.0,35.0,29.435225
QBTS,2026-05-28 23:30:00+00:00,29.43,29.46,29.37,29.37,2251.0,35.0,29.429554
QBTS,2026-05-28 23:35:00+00:00,29.36,29.4,29.35,29.38,14048.0,34.0,29.358981
QBTS,2026-05-28 23:40:00+00:00,29.38,29.4,29.35,29.36,4546.0,44.0,29.363892
QBTS,2026-05-28 23:45:00+00:00,29.3502,29.4,29.35,29.38,9010.0,66.0,29.36879
QBTS,2026-05-28 23:50:00+00:00,29.38,29.4,29.38,29.38,1264.0,34.0,29.390522
QBTS,2026-05-28 23:55:00+00:00,29.38,29.4435,29.37,29.4002,7606.0,54.0,29.392945
QBTS,2026-05-29 08:00:00+00:00,29.64,30.27,29.33,29.83,381676.0,3320.0,29.898469
QBTS,2026-05-29 08:05:00+00:00,29.8752,30.2,29.41,29.55,28448.0,386.0,29.749279
QBTS,2026-05-29 08:10:00+00:00,29.7684,29.8573,29.7,29.7,8239.0,144.0,29.740867
QBTS,2026-05-29 08:15:00+00:00,29.68,29.82,29.57,29.57,11466.0,187.0,29.653903
QBTS,2026-05-29 08:20:00+00:00,29.51,29.57,29.32,29.34,20822.0,232.0,29.448838
QBTS,2026-05-29 08:25:00+00:00,29.36,29.45,29.23,29.44,14854.0,125.0,29.307573
QBTS,2026-05-29 08:30:00+00:00,29.45,29.55,29.45,29.5,5661.0,75.0,29.503537
QBTS,2026-05-29 08:35:00+00:00,29.45,29.51,29.38,29.39,6134.0,97.0,29.429209
QBTS,2026-05-29 08:40:00+00:00,29.42,29.42,29.25,29.31,15063.0,152.0,29.32995
QBTS,2026-05-29 08:45:00+00:00,29.31,29.31,29.3,29.31,2362.0,50.0,29.305906
QBTS,2026-05-29 08:50:00+00:00,29.303,29.4842,29.303,29.4842,5781.0,56.0,29.361767
QBTS,2026-05-29 08:55:00+00:00,29.45,29.48,29.43,29.43,2296.0,30.0,29.445934
QBTS,2026-05-29 09:00:00+00:00,29.46,29.5,29.45,29.45,9953.0,65.0,29.490264
QBTS,2026-05-29 09:05:00+00:00,29.48,29.5,29.37,29.47,15835.0,79.0,29.492495
QBTS,2026-05-29 09:10:00+00:00,29.482,29.482,29.482,29.482,770.0,8.0,29.482
QBTS,2026-05-29 09:15:00+00:00,29.45,29.51,29.45,29.51,7346.0,74.0,29.495558
QBTS,2026-05-29 09:20:00+00:00,29.6,29.6,29.5,29.54,13365.0,62.0,29.578376
QBTS,2026-05-29 09:25:00+00:00,29.55,29.65,29.54,29.64,6586.0,50.0,29.628444
QBTS,2026-05-29 09:30:00+00:00,29.66,29.73,29.63,29.69,4165.0,74.0,29.672531
QBTS,2026-05-29 09:35:00+00:00,29.66,29.69,29.62,29.6805,3436.0,73.0,29.65735
QBTS,2026-05-29 09:40:00+00:00,29.7,29.7,29.61,29.61,4639.0,94.0,29.668662
QBTS,2026-05-29 09:45:00+00:00,29.7046,29.7046,29.67,29.6856,7005.0,61.0,29.683438
QBTS,2026-05-29 09:50:00+00:00,29.63,29.63,29.57,29.6,11676.0,73.0,29.60684
QBTS,2026-05-29 09:55:00+00:00,29.57,29.57,29.5,29.5,8339.0,118.0,29.525058
QBTS,2026-05-29 10:00:00+00:00,29.5,29.5,29.09,29.2,29516.0,425.0,29.335073
QBTS,2026-05-29 10:05:00+00:00,29.25,29.25,29.12,29.135,15966.0,174.0,29.197262
QBTS,2026-05-29 10:10:00+00:00,29.1647,29.25,29.05,29.21,13827.0,146.0,29.148137
QBTS,2026-05-29 10:15:00+00:00,29.21,29.2446,29.16,29.22,4409.0,86.0,29.198802
QBTS,2026-05-29 10:20:00+00:00,29.19,29.48,29.19,29.48,10097.0,93.0,29.317527
QBTS,2026-05-29 10:25:00+00:00,29.41,29.48,29.41,29.47,8421.0,36.0,29.471091
QBTS,2026-05-29 10:30:00+00:00,29.31,29.31,29.26,29.26,5212.0,55.0,29.270254
QBTS,2026-05-29 10:35:00+00:00,29.31,29.38,29.25,29.37,4834.0,67.0,29.325461
QBTS,2026-05-29 10:40:00+00:00,29.28,29.3376,29.24,29.28,2138.0,46.0,29.263488
QBTS,2026-05-29 10:50:00+00:00,29.28,29.29,29.2431,29.29,4117.0,33.0,29.273547
QBTS,2026-05-29 10:55:00+00:00,29.3,29.35,29.24,29.25,9395.0,87.0,29.293647
QBTS,2026-05-29 11:00:00+00:00,29.28,29.3,29.19,29.2554,22673.0,220.0,29.234803
QBTS,2026-05-29 11:05:00+00:00,29.28,29.35,29.28,29.3224,16221.0,90.0,29.307647
QBTS,2026-05-29 11:10:00+00:00,29.3,29.301,29.24,29.27,7513.0,98.0,29.271226
QBTS,2026-05-29 11:15:00+00:00,29.3,29.3,29.15,29.16,31932.0,217.0,29.207377
QBTS,2026-05-29 11:20:00+00:00,29.15,29.2461,29.05,29.05,21705.0,228.0,29.118864
QBTS,2026-05-29 11:25:00+00:00,29.06,29.15,29.06,29.1,19897.0,150.0,29.100386
QBTS,2026-05-29 11:30:00+00:00,29.1,29.11,28.71,28.72,56459.0,574.0,28.875298
QBTS,2026-05-29 11:35:00+00:00,28.71,28.82,28.7,28.75,53481.0,446.0,28.766481
QBTS,2026-05-29 11:40:00+00:00,28.8,28.95,28.8,28.9002,20620.0,219.0,28.885893
QBTS,2026-05-29 11:45:00+00:00,28.8578,28.9999,28.84,28.98,18358.0,162.0,28.904654
QBTS,2026-05-29 11:50:00+00:00,28.98,29.02,28.9,28.95,33178.0,193.0,28.979525
QBTS,2026-05-29 11:55:00+00:00,28.92,29.0,28.92,28.96,17474.0,175.0,28.973418
QBTS,2026-05-29 12:00:00+00:00,28.991,28.991,28.8742,28.88,38050.0,292.0,28.918263
QBTS,2026-05-29 12:05:00+00:00,28.87,28.9702,28.83,28.85,14181.0,160.0,28.867584
QBTS,2026-05-29 12:10:00+00:00,28.82,28.86,28.76,28.77,35537.0,248.0,28.812772
QBTS,2026-05-29 12:15:00+00:00,28.81,28.98,28.77,28.98,42187.0,248.0,28.853658
QBTS,2026-05-29 12:20:00+00:00,28.89,28.95,28.78,28.8086,14185.0,142.0,28.829167
QBTS,2026-05-29 12:25:00+00:00,28.81,28.9,28.75,28.9,37073.0,187.0,28.804395
QBTS,2026-05-29 12:30:00+00:00,28.9,28.97,28.78,28.8,25335.0,156.0,28.88075
QBTS,2026-05-29 12:35:00+00:00,28.76,28.79,28.55,28.6,47829.0,700.0,28.664314
QBTS,2026-05-29 12:40:00+00:00,28.61,28.8399,28.5836,28.7505,19751.0,298.0,28.67048
QBTS,2026-05-29 12:45:00+00:00,28.815,28.815,28.66,28.6938,26173.0,302.0,28.723293
QBTS,2026-05-29 12:50:00+00:00,28.6816,28.87,28.6757,28.85,21789.0,219.0,28.826043
QBTS,2026-05-29 12:55:00+00:00,28.833,28.84,28.75,28.84,15513.0,170.0,28.813132
QBTS,2026-05-29 13:00:00+00:00,28.84,28.85,28.74,28.74,22319.0,215.0,28.783111
QBTS,2026-05-29 13:05:00+00:00,28.7898,28.892,28.71,28.87,16847.0,212.0,28.786318
QBTS,2026-05-29 13:10:00+00:00,28.89,28.89,28.61,28.75,54553.0,820.0,28.707159
QBTS,2026-05-29 13:15:00+00:00,28.7723,29.05,28.76,29.05,48359.0,375.0,28.88484
QBTS,2026-05-29 13:20:00+00:00,29.06,29.09,28.8218,28.88,54215.0,471.0,28.990067
QBTS,2026-05-29 13:25:00+00:00,28.943,28.98,28.65,28.85,46978.0,369.0,28.797857
QBTS,2026-05-29 13:30:00+00:00,28.8,28.93,27.695,27.8,1807670.0,14046.0,28.107097
QBTS,2026-05-29 13:35:00+00:00,27.79,28.06,27.73,27.86,1124567.0,11467.0,27.873623
QBTS,2026-05-29 13:40:00+00:00,27.86,27.86,27.42,27.6324,1297136.0,10563.0,27.58656
QBTS,2026-05-29 13:45:00+00:00,27.64,28.11,27.53,28.078,1227409.0,10551.0,27.888368
QBTS,2026-05-29 13:50:00+00:00,28.088,28.35,27.975,28.135,1061332.0,8965.0,28.148708
QBTS,2026-05-29 13:55:00+00:00,28.115,28.33,27.94,27.96,778312.0,8475.0,28.115533
QBTS,2026-05-29 14:00:00+00:00,27.975,28.58,27.975,28.505,732333.0,7741.0,28.278674
QBTS,2026-05-29 14:05:00+00:00,28.52,28.52,28.1,28.18,740074.0,6469.0,28.31522
QBTS,2026-05-29 14:10:00+00:00,28.18,28.255,27.96,28.16,600842.0,5302.0,28.097121
QBTS,2026-05-29 14:15:00+00:00,28.1609,28.19,27.71,27.805,843528.0,6718.0,27.912389
QBTS,2026-05-29 14:20:00+00:00,27.81,28.1,27.765,27.81,722884.0,7602.0,27.958611
QBTS,2026-05-29 14:25:00+00:00,27.81,28.2499,27.67,28.2002,661511.0,5114.0,27.910558
QBTS,2026-05-29 14:30:00+00:00,28.2,28.5,28.142,28.5,670603.0,5910.0,28.304638
QBTS,2026-05-29 14:35:00+00:00,28.5,28.51,28.15,28.25,513943.0,4876.0,28.348282
QBTS,2026-05-29 14:40:00+00:00,28.26,28.38,28.1,28.1236,338119.0,3853.0,28.292836
QBTS,2026-05-29 14:45:00+00:00,28.12,28.38,28.08,28.32,331160.0,3408.0,28.2123
QBTS,2026-05-29 14:50:00+00:00,28.3108,28.71,28.3001,28.6098,648932.0,6326.0,28.589395
QBTS,2026-05-29 14:55:00+00:00,28.61,28.89,28.605,28.8099,482687.0,4007.0,28.804848
QBTS,2026-05-29 15:00:00+00:00,28.81,29.07,28.7458,28.9001,612198.0,4780.0,28.931141
QBTS,2026-05-29 15:05:00+00:00,28.92,28.97,28.7501,28.895,320234.0,2951.0,28.902345
QBTS,2026-05-29 15:10:00+00:00,28.91,29.035,28.82,28.845,320429.0,3461.0,28.936173
QBTS,2026-05-29 15:15:00+00:00,28.86,28.92,28.71,28.75,300606.0,2878.0,28.818438
QBTS,2026-05-29 15:20:00+00:00,28.75,28.75,28.5501,28.66,266928.0,2606.0,28.632309
QBTS,2026-05-29 15:25:00+00:00,28.65,28.7399,28.5798,28.655,186009.0,2167.0,28.665192
QBTS,2026-05-29 15:30:00+00:00,28.66,28.725,28.595,28.66,171373.0,2226.0,28.663039
QBTS,2026-05-29 15:35:00+00:00,28.64,28.74,28.6121,28.72,183979.0,1777.0,28.683623
QBTS,2026-05-29 15:40:00+00:00,28.7151,28.8,28.6801,28.78,166731.0,1871.0,28.757719
QBTS,2026-05-29 15:45:00+00:00,28.76,28.79,28.62,28.772,190055.0,2154.0,28.703367
QBTS,2026-05-29 15:50:00+00:00,28.77,28.9,28.75,28.895,214282.0,2191.0,28.814591
QBTS,2026-05-29 15:55:00+00:00,28.895,28.98,28.81,28.975,166710.0,1996.0,28.924206
QBTS,2026-05-29 16:00:00+00:00,28.975,29.2694,28.965,29.22,488362.0,2809.0,29.14658
QBTS,2026-05-29 16:05:00+00:00,29.22,29.32,29.15,29.28,258307.0,2049.0,29.23019
QBTS,2026-05-29 16:10:00+00:00,29.275,29.44,29.2001,29.24,647646.0,5309.0,29.360408
QBTS,2026-05-29 16:15:00+00:00,29.24,29.25,29.06,29.1308,223016.0,2390.0,29.159684
QBTS,2026-05-29 16:20:00+00:00,29.13,29.13,28.98,29.02,124903.0,1585.0,29.058307
QBTS,2026-05-29 16:25:00+00:00,29.015,29.02,28.775,28.81,177362.0,2502.0,28.879491
QBTS,2026-05-29 16:30:00+00:00,28.81,29.02,28.705,28.955,394918.0,4812.0,28.859126
QBTS,2026-05-29 16:35:00+00:00,28.96,29.01,28.852,28.87,147335.0,1814.0,28.950179
QBTS,2026-05-29 16:40:00+00:00,28.88,28.965,28.83,28.84,118202.0,1449.0,28.884464
QBTS,2026-05-29 16:45:00+00:00,28.835,28.905,28.76,28.76,137603.0,1476.0,28.822201
QBTS,2026-05-29 16:50:00+00:00,28.765,28.92,28.75,28.89,106666.0,1153.0,28.841995
QBTS,2026-05-29 16:55:00+00:00,28.895,29.08,28.875,29.045,138959.0,1647.0,28.977444
QBTS,2026-05-29 17:00:00+00:00,29.055,29.16,29.05,29.06,184945.0,1690.0,29.102093
QBTS,2026-05-29 17:05:00+00:00,29.05,29.18,29.04,29.12,101619.0,1229.0,29.120182
QBTS,2026-05-29 17:10:00+00:00,29.12,29.23,29.08,29.21,202696.0,1853.0,29.168272
QBTS,2026-05-29 17:15:00+00:00,29.215,29.235,29.1009,29.1009,147886.0,1732.0,29.178704
QBTS,2026-05-29 17:20:00+00:00,29.11,29.17,29.0,29.12,188269.0,2557.0,29.075071
QBTS,2026-05-29 17:25:00+00:00,29.13,29.16,29.033,29.12,207262.0,2517.0,29.113535
QBTS,2026-05-29 17:30:00+00:00,29.115,29.335,29.1,29.325,256889.0,2145.0,29.256684
QBTS,2026-05-29 17:35:00+00:00,29.325,29.34,29.225,29.27,213466.0,1510.0,29.286734
QBTS,2026-05-29 17:40:00+00:00,29.27,29.2898,29.1301,29.135,144320.0,1587.0,29.193913
QBTS,2026-05-29 17:45:00+00:00,29.135,29.2,29.12,29.155,111358.0,1315.0,29.158738
QBTS,2026-05-29 17:50:00+00:00,29.155,29.3098,29.1328,29.295,163658.0,1510.0,29.248137
QBTS,2026-05-29 17:55:00+00:00,29.3,29.34,29.185,29.2699,180771.0,1727.0,29.262329
QBTS,2026-05-29 18:00:00+00:00,29.26,29.415,29.2201,29.32,159538.0,2033.0,29.335013
QBTS,2026-05-29 18:05:00+00:00,29.318,29.39,29.28,29.365,134058.0,1479.0,29.32986
QBTS,2026-05-29 18:10:00+00:00,29.37,29.555,29.365,29.545,368660.0,2561.0,29.459601
QBTS,2026-05-29 18:15:00+00:00,29.56,29.865,29.545,29.8539,487386.0,3500.0,29.673757
QBTS,2026-05-29 18:20:00+00:00,29.85,29.89,29.7088,29.725,444439.0,4111.0,29.810565
QBTS,2026-05-29 18:25:00+00:00,29.72,29.755,29.51,29.64,414254.0,3290.0,29.649207
QBTS,2026-05-29 18:30:00+00:00,29.64,29.68,29.58,29.63,156669.0,1720.0,29.624999
QBTS,2026-05-29 18:35:00+00:00,29.625,29.68,29.5601,29.59,186955.0,1867.0,29.608436
QBTS,2026-05-29 18:40:00+00:00,29.585,29.585,29.3723,29.405,196906.0,1814.0,29.432013
QBTS,2026-05-29 18:45:00+00:00,29.4,29.46,29.3101,29.4107,405002.0,4350.0,29.390037
QBTS,2026-05-29 18:50:00+00:00,29.415,29.465,29.27,29.345,293765.0,3022.0,29.384954
QBTS,2026-05-29 18:55:00+00:00,29.345,29.345,29.1665,29.295,256279.0,2623.0,29.245936
QBTS,2026-05-29 19:00:00+00:00,29.293,29.315,28.9,28.91,404902.0,3967.0,29.071566
QBTS,2026-05-29 19:05:00+00:00,28.915,29.045,28.88,29.03,259109.0,2042.0,28.968252
QBTS,2026-05-29 19:10:00+00:00,29.015,29.145,28.9901,29.14,234547.0,1937.0,29.041795
QBTS,2026-05-29 19:15:00+00:00,29.14,29.17,29.0235,29.055,160021.0,1565.0,29.070694
QBTS,2026-05-29 19:20:00+00:00,29.0598,29.19,28.995,29.165,279060.0,2982.0,29.095619
QBTS,2026-05-29 19:25:00+00:00,29.16,29.25,29.07,29.25,279742.0,2795.0,29.162816
QBTS,2026-05-29 19:30:00+00:00,29.255,29.52,29.255,29.48,326000.0,2718.0,29.435522
QBTS,2026-05-29 19:35:00+00:00,29.49,29.74,29.49,29.735,449094.0,3459.0,29.637969
QBTS,2026-05-29 19:40:00+00:00,29.73,29.8,29.71,29.77,348027.0,3071.0,29.757661
QBTS,2026-05-29 19:45:00+00:00,29.775,29.84,29.7,29.7499,521619.0,5010.0,29.777843
QBTS,2026-05-29 19:50:00+00:00,29.75,29.91,29.73,29.9,851643.0,6527.0,29.817345
QBTS,2026-05-29 19:55:00+00:00,29.9,30.16,29.895,30.13,1749498.0,12831.0,30.045509
QBTS,2026-05-29 20:00:00+00:00,30.13,30.4,29.85,30.1677,2188889.0,1166.0,30.141069
QBTS,2026-05-29 20:05:00+00:00,30.2,30.2,29.93,29.9452,28817.0,223.0,30.054764
QBTS,2026-05-29 20:10:00+00:00,30.0,30.0,29.86,29.9,54035.0,260.0,29.918647
QBTS,2026-05-29 20:15:00+00:00,29.94,29.99,29.86,29.97,20042.0,133.0,29.921109
QBTS,2026-05-29 20:20:00+00:00,29.95,29.9774,29.86,29.91,31305.0,143.0,29.931592
QBTS,2026-05-29 20:25:00+00:00,29.88,29.88,29.8,29.84,22472.0,143.0,29.859236
QBTS,2026-05-29 20:30:00+00:00,29.8,29.86,29.8,29.81,34241.0,161.0,29.833972
QBTS,2026-05-29 20:35:00+00:00,29.84,29.84,29.82,29.83,14981.0,145.0,29.838156
QBTS,2026-05-29 20:40:00+00:00,29.81,29.84,29.8,29.8348,4683.0,64.0,29.811982
QBTS,2026-05-29 20:45:00+00:00,29.832,29.84,29.81,29.83,7573.0,60.0,29.830569
QBTS,2026-05-29 20:50:00+00:00,29.84,29.84,29.7,29.79,39692.0,253.0,29.774292
QBTS,2026-05-29 20:55:00+00:00,29.6992,29.82,29.62,29.73,20988.0,178.0,29.710099
QBTS,2026-05-29 21:00:00+00:00,29.7484,29.75,29.65,29.75,7712.0,94.0,29.714216
QBTS,2026-05-29 21:05:00+00:00,29.8025,29.84,29.65,29.84,3382.0,61.0,29.811096
QBTS,2026-05-29 21:10:00+00:00,29.83,29.83,29.77,29.8,3102.0,52.0,29.794952
QBTS,2026-05-29 21:15:00+00:00,29.8,29.84,29.78,29.82,7573.0,46.0,29.819681
QBTS,2026-05-29 21:20:00+00:00,29.8192,29.8192,29.77,29.8,5012.0,61.0,29.792755
QBTS,2026-05-29 21:25:00+00:00,29.8,29.8,29.75,29.78,3300.0,48.0,29.783541
QBTS,2026-05-29 21:30:00+00:00,29.8,29.83,29.75,29.83,3333.0,50.0,29.803839
QBTS,2026-05-29 21:35:00+00:00,29.83,29.84,29.8,29.84,3695.0,38.0,29.832448
QBTS,2026-05-29 21:40:00+00:00,29.8,29.84,29.8,29.84,4483.0,38.0,29.807145
QBTS,2026-05-29 21:45:00+00:00,29.8099,29.86,29.8099,29.85,2608.0,40.0,29.818725
QBTS,2026-05-29 21:50:00+00:00,29.84,29.86,29.84,29.84,1455.0,21.0,29.851583
QBTS,2026-05-29 21:55:00+00:00,29.86,29.86,29.84,29.84,2359.0,29.0,29.846402
QBTS,2026-05-29 22:00:00+00:00,29.85,29.85,29.8,29.8011,2293.0,34.0,29.837771
QBTS,2026-05-29 22:05:00+00:00,29.85,29.88,29.8065,29.88,8460.0,64.0,29.850879
QBTS,2026-05-29 22:10:00+00:00,29.8,29.8022,29.8,29.8022,704.0,18.0,29.800415
QBTS,2026-05-29 22:15:00+00:00,29.8435,29.85,29.8065,29.83,1849.0,23.0,29.829148
QBTS,2026-05-29 22:20:00+00:00,29.8496,29.85,29.8044,29.84,2086.0,17.0,29.838266
QBTS,2026-05-29 22:25:00+00:00,29.8,29.84,29.8,29.83,5399.0,45.0,29.835747
QBTS,2026-05-29 22:30:00+00:00,29.8009,29.83,29.8,29.83,6566.0,31.0,29.813449
QBTS,2026-05-29 22:35:00+00:00,29.8,29.85,29.8,29.85,7846.0,13.0,29.801595
QBTS,2026-05-29 22:40:00+00:00,29.8013,29.85,29.8,29.8,3479.0,20.0,29.805982
QBTS,2026-05-29 22:45:00+00:00,29.8,29.85,29.8,29.84,4874.0,45.0,29.838988
QBTS,2026-05-29 22:50:00+00:00,29.85,29.8598,29.85,29.8513,1168.0,15.0,29.854981
QBTS,2026-05-29 22:55:00+00:00,29.852,29.8536,29.8492,29.8536,3003.0,35.0,29.853088
QBTS,2026-05-29 23:00:00+00:00,29.85,29.85,29.85,29.85,3995.0,11.0,29.85
QBTS,2026-05-29 23:05:00+00:00,29.86,29.89,29.86,29.86,4787.0,41.0,29.87024
QBTS,2026-05-29 23:10:00+00:00,29.86,29.91,29.85,29.91,16919.0,174.0,29.885912
QBTS,2026-05-29 23:15:00+00:00,29.91,29.92,29.84,29.88,38157.0,74.0,29.896351
QBTS,2026-05-29 23:20:00+00:00,29.88,29.88,29.84,29.8508,1869.0,29.0,29.861463
QBTS,2026-05-29 23:25:00+00:00,29.8661,29.87,29.81,29.87,4009.0,43.0,29.852713
QBTS,2026-05-29 23:30:00+00:00,29.8245,29.88,29.8245,29.87,2330.0,75.0,29.857754
QBTS,2026-05-29 23:35:00+00:00,29.8502,29.8502,29.8475,29.8475,1385.0,36.0,29.849781
QBTS,2026-05-29 23:40:00+00:00,29.85,29.85,29.81,29.8301,3328.0,46.0,29.825083
QBTS,2026-05-29 23:45:00+00:00,29.87,29.87,29.84,29.86,3012.0,91.0,29.859649
QBTS,2026-05-29 23:50:00+00:00,29.85,29.8697,29.8,29.81,5725.0,49.0,29.846558
QBTS,2026-05-29 23:55:00+00:00,29.87,29.905,29.8431,29.87,6304.0,71.0,29.875229
QBTS,2026-06-01 08:00:00+00:00,29.95,30.06,29.71,29.86,135020.0,1932.0,29.902528
QBTS,2026-06-01 08:05:00+00:00,29.83,30.05,29.7,29.97,8923.0,224.0,29.806489
QBTS,2026-06-01 08:10:00+00:00,29.77,29.77,29.65,29.71,5186.0,68.0,29.695194
QBTS,2026-06-01 08:15:00+00:00,29.65,29.655,29.56,29.61,8102.0,104.0,29.60649
QBTS,2026-06-01 08:20:00+00:00,29.6,29.66,29.56,29.56,7791.0,58.0,29.622321
QBTS,2026-06-01 08:25:00+00:00,29.57,29.65,29.57,29.58,5136.0,79.0,29.591075
QBTS,2026-06-01 08:30:00+00:00,29.64,29.64,29.5,29.54,10987.0,212.0,29.527072
QBTS,2026-06-01 08:35:00+00:00,29.57,29.58,29.5,29.5,3488.0,61.0,29.551586
QBTS,2026-06-01 08:40:00+00:00,29.5162,29.54,29.45,29.45,9789.0,119.0,29.49807
QBTS,2026-06-01 08:45:00+00:00,29.4544,29.58,29.4336,29.57,5695.0,86.0,29.519268
QBTS,2026-06-01 08:50:00+00:00,29.58,29.61,29.5621,29.59,5033.0,60.0,29.582713
QBTS,2026-06-01 08:55:00+00:00,29.67,29.67,29.6,29.64,3254.0,79.0,29.636701
QBTS,2026-06-01 09:00:00+00:00,29.66,29.66,29.64,29.6491,2951.0,26.0,29.642573
QBTS,2026-06-01 09:05:00+00:00,29.68,29.7911,29.68,29.7911,4388.0,107.0,29.748286
QBTS,2026-06-01 09:10:00+00:00,29.79,29.79,29.7,29.7,2286.0,58.0,29.757378
QBTS,2026-06-01 09:15:00+00:00,29.69,29.72,29.69,29.7,1260.0,17.0,29.711458
QBTS,2026-06-01 09:20:00+00:00,29.66,29.75,29.63,29.63,2036.0,64.0,29.691297
QBTS,2026-06-01 09:25:00+00:00,29.6751,29.69,29.59,29.59,3259.0,66.0,29.637196
QBTS,2026-06-01 09:30:00+00:00,29.58,29.6703,29.58,29.59,4821.0,61.0,29.60958
QBTS,2026-06-01 09:35:00+00:00,29.58,29.58,29.52,29.57,4881.0,75.0,29.53653
QBTS,2026-06-01 09:40:00+00:00,29.54,29.54,29.51,29.52,3753.0,37.0,29.523453
QBTS,2026-06-01 09:45:00+00:00,29.53,29.58,29.53,29.58,2519.0,51.0,29.544465
QBTS,2026-06-01 09:50:00+00:00,29.6,29.6,29.57,29.57,2641.0,19.0,29.571425
QBTS,2026-06-01 09:55:00+00:00,29.53,29.6,29.49,29.6,15582.0,121.0,29.528733
QBTS,2026-06-01 10:00:00+00:00,29.5701,29.5701,29.52,29.55,3524.0,62.0,29.550217
QBTS,2026-06-01 10:05:00+00:00,29.54,29.59,29.5203,29.5203,4749.0,34.0,29.544008
QBTS,2026-06-01 10:10:00+00:00,29.5284,29.61,29.5284,29.61,1893.0,46.0,29.581659
QBTS,2026-06-01 10:15:00+00:00,29.6,29.65,29.6,29.61,4516.0,53.0,29.619588
QBTS,2026-06-01 10:20:00+00:00,29.57,29.57,29.53,29.53,3661.0,94.0,29.550501
QBTS,2026-06-01 10:25:00+00:00,29.56,29.64,29.56,29.57,3397.0,64.0,29.604595
QBTS,2026-06-01 10:30:00+00:00,29.63,29.68,29.63,29.65,2346.0,46.0,29.658976
QBTS,2026-06-01 10:35:00+00:00,29.65,29.6842,29.6,29.6,3550.0,56.0,29.639621
QBTS,2026-06-01 10:40:00+00:00,29.63,29.63,29.58,29.58,3086.0,76.0,29.599118
QBTS,2026-06-01 10:45:00+00:00,29.64,29.64,29.64,29.64,673.0,14.0,29.64
QBTS,2026-06-01 10:50:00+00:00,29.69,29.69,29.59,29.59,5092.0,50.0,29.601967
QBTS,2026-06-01 10:55:00+00:00,29.618,29.65,29.58,29.65,2621.0,48.0,29.612757
QBTS,2026-06-01 11:00:00+00:00,29.67,29.97,29.55,29.88,54290.0,597.0,29.739971
QBTS,2026-06-01 11:05:00+00:00,29.9,30.06,29.9,30.05,40822.0,503.0,29.991959
QBTS,2026-06-01 11:10:00+00:00,30.058,30.11,29.85,29.8703,74235.0,552.0,29.992349
QBTS,2026-06-01 11:15:00+00:00,29.89,29.9383,29.71,29.79,25618.0,278.0,29.809163
QBTS,2026-06-01 11:20:00+00:00,29.75,29.75,29.5,29.59,28797.0,372.0,29.641158
QBTS,2026-06-01 11:25:00+00:00,29.6,29.7,29.58,29.6573,12938.0,135.0,29.65129
QBTS,2026-06-01 11:30:00+00:00,29.67,29.7433,29.64,29.72,9869.0,144.0,29.710102
QBTS,2026-06-01 11:35:00+00:00,29.73,29.75,29.7,29.74,25238.0,170.0,29.722764
QBTS,2026-06-01 11:40:00+00:00,29.6926,29.7336,29.6,29.6,8388.0,106.0,29.641602
QBTS,2026-06-01 11:45:00+00:00,29.61,29.69,29.61,29.63,9269.0,87.0,29.66228
QBTS,2026-06-01 11:50:00+00:00,29.63,29.6769,29.55,29.55,31619.0,166.0,29.621209
QBTS,2026-06-01 11:55:00+00:00,29.55,29.6,29.54,29.57,9367.0,129.0,29.569288
QBTS,2026-06-01 12:00:00+00:00,29.6,29.6615,29.53,29.57,29997.0,194.0,29.604322
QBTS,2026-06-01 12:05:00+00:00,29.564,29.6,29.4084,29.4401,46280.0,339.0,29.510153
QBTS,2026-06-01 12:10:00+00:00,29.4651,29.5,29.43,29.43,16490.0,165.0,29.463053
QBTS,2026-06-01 12:15:00+00:00,29.43,29.45,29.33,29.35,23758.0,284.0,29.396615
QBTS,2026-06-01 12:20:00+00:00,29.38,29.52,29.32,29.52,15814.0,220.0,29.416788
QBTS,2026-06-01 12:25:00+00:00,29.5,29.61,29.48,29.54,9394.0,177.0,29.509959
QBTS,2026-06-01 12:30:00+00:00,29.59,29.6,29.49,29.52,12529.0,166.0,29.534609
QBTS,2026-06-01 12:35:00+00:00,29.5855,29.68,29.57,29.68,18558.0,234.0,29.622017
QBTS,2026-06-01 12:40:00+00:00,29.68,29.71,29.62,29.71,11955.0,148.0,29.674564
QBTS,2026-06-01 12:45:00+00:00,29.685,29.73,29.67,29.67,26936.0,175.0,29.709541
QBTS,2026-06-01 12:50:00+00:00,29.65,29.65,29.5166,29.54,45626.0,241.0,29.544012
QBTS,2026-06-01 12:55:00+00:00,29.5,29.59,29.49,29.59,18059.0,130.0,29.540678
QBTS,2026-06-01 13:00:00+00:00,29.55,29.56,29.42,29.432,31182.0,187.0,29.474843
QBTS,2026-06-01 13:05:00+00:00,29.4,29.49,29.38,29.4017,18295.0,215.0,29.419792
QBTS,2026-06-01 13:10:00+00:00,29.44,29.45,29.0145,29.07,65731.0,633.0,29.183552
QBTS,2026-06-01 13:15:00+00:00,29.01,29.31,29.01,29.17,49766.0,347.0,29.193735
QBTS,2026-06-01 13:20:00+00:00,29.26,29.26,28.95,29.0309,81935.0,775.0,29.057562
QBTS,2026-06-01 13:25:00+00:00,29.05,29.15,29.0,29.0,29085.0,373.0,29.090264
QBTS,2026-06-01 13:30:00+00:00,28.95,29.06,27.9,27.9399,2236580.0,19771.0,28.269268
QBTS,2026-06-01 13:35:00+00:00,27.915,28.26,27.83,28.14,1450758.0,14883.0,28.058211
QBTS,2026-06-01 13:40:00+00:00,28.13,28.45,27.94,28.35,1021282.0,8773.0,28.225063
QBTS,2026-06-01 13:45:00+00:00,28.32,29.07,28.184,28.87,1120385.0,8501.0,28.717755
QBTS,2026-06-01 13:50:00+00:00,28.8767,29.08,28.41,28.58,804537.0,8612.0,28.801791
QBTS,2026-06-01 13:55:00+00:00,28.5711,28.66,28.16,28.19,780649.0,7729.0,28.442954
QBTS,2026-06-01 14:00:00+00:00,28.18,28.57,28.07,28.4697,808374.0,9318.0,28.325474
QBTS,2026-06-01 14:05:00+00:00,28.45,28.95,28.4,28.8279,744884.0,7255.0,28.692248
QBTS,2026-06-01 14:10:00+00:00,28.84,28.9,28.5402,28.55,530746.0,5635.0,28.73275
QBTS,2026-06-01 14:15:00+00:00,28.55,28.95,28.545,28.8,664421.0,6581.0,28.742978
QBTS,2026-06-01 14:20:00+00:00,28.809,29.24,28.8,29.085,836092.0,7169.0,29.072127
QBTS,2026-06-01 14:25:00+00:00,29.085,29.22,28.83,29.1375,593545.0,6194.0,29.045157
QBTS,2026-06-01 14:30:00+00:00,29.14,29.29,29.045,29.2,471184.0,5891.0,29.191641
QBTS,2026-06-01 14:35:00+00:00,29.1978,29.34,29.07,29.1,491057.0,4808.0,29.211958
QBTS,2026-06-01 14:40:00+00:00,29.1,29.16,28.86,29.03,567135.0,4573.0,29.001524
QBTS,2026-06-01 14:45:00+00:00,29.04,29.11,28.78,29.01,454504.0,4309.0,28.953484
QBTS,2026-06-01 14:50:00+00:00,29.02,29.55,29.015,29.495,574335.0,4945.0,29.342163
QBTS,2026-06-01 14:55:00+00:00,29.46,29.735,29.42,29.67,729399.0,6717.0,29.604862
QBTS,2026-06-01 15:00:00+00:00,29.665,29.9,29.54,29.5799,795665.0,7580.0,29.750906
QBTS,2026-06-01 15:05:00+00:00,29.56,29.69,29.41,29.66,616809.0,7046.0,29.568582
QBTS,2026-06-01 15:10:00+00:00,29.67,29.88,29.5,29.845,478487.0,5368.0,29.678996
QBTS,2026-06-01 15:15:00+00:00,29.85,30.02,29.8201,29.875,814024.0,6914.0,29.946249
QBTS,2026-06-01 15:20:00+00:00,29.87,30.295,29.815,30.225,672581.0,6156.0,29.99312
QBTS,2026-06-01 15:25:00+00:00,30.22,30.745,30.175,30.638,2066873.0,19020.0,30.504243
QBTS,2026-06-01 15:30:00+00:00,30.64,31.03,30.6,30.78,1745208.0,16665.0,30.878145
QBTS,2026-06-01 15:35:00+00:00,30.77,31.07,30.67,30.81,930236.0,8934.0,30.881554
QBTS,2026-06-01 15:40:00+00:00,30.81,31.07,30.77,30.93,620824.0,5328.0,30.930973
QBTS,2026-06-01 15:45:00+00:00,30.93,31.12,30.87,30.9,739954.0,7638.0,31.007872
QBTS,2026-06-01 15:50:00+00:00,30.8901,30.995,30.645,30.67,645029.0,6040.0,30.882293
QBTS,2026-06-01 15:55:00+00:00,30.66,30.66,30.275,30.3322,663935.0,5746.0,30.457597
QBTS,2026-06-01 16:00:00+00:00,30.3399,30.5294,30.325,30.465,473228.0,4609.0,30.45274
QBTS,2026-06-01 16:05:00+00:00,30.47,30.565,30.32,30.325,394104.0,4446.0,30.455498
QBTS,2026-06-01 16:10:00+00:00,30.325,30.325,29.89,29.89,663904.0,5573.0,30.084381
QBTS,2026-06-01 16:15:00+00:00,29.9,29.96,29.7081,29.865,565395.0,5495.0,29.805073
QBTS,2026-06-01 16:20:00+00:00,29.86,29.98,29.7738,29.9299,377642.0,4210.0,29.859777
QBTS,2026-06-01 16:25:00+00:00,29.9266,29.965,29.55,29.555,458069.0,3959.0,29.706803
QBTS,2026-06-01 16:30:00+00:00,29.56,29.79,29.54,29.67,431946.0,5020.0,29.652168
QBTS,2026-06-01 16:35:00+00:00,29.65,29.7,29.3701,29.61,389827.0,3640.0,29.513737
QBTS,2026-06-01 16:40:00+00:00,29.61,29.725,29.5,29.7,242254.0,2524.0,29.628716
QBTS,2026-06-01 16:45:00+00:00,29.69,29.695,29.41,29.45,534297.0,5386.0,29.48998
QBTS,2026-06-01 16:50:00+00:00,29.45,29.815,29.435,29.765,492812.0,4011.0,29.630332
QBTS,2026-06-01 16:55:00+00:00,29.77,29.79,29.6,29.61,434740.0,4685.0,29.713259
QBTS,2026-06-01 17:00:00+00:00,29.615,29.8499,29.55,29.76,383181.0,3850.0,29.723061
QBTS,2026-06-01 17:05:00+00:00,29.765,30.08,29.755,30.02,613453.0,5322.0,29.982986
QBTS,2026-06-01 17:10:00+00:00,30.02,30.08,29.85,30.005,397186.0,4461.0,29.990685
QBTS,2026-06-01 17:15:00+00:00,30.005,30.2399,29.99,30.161,421667.0,3756.0,30.170982
QBTS,2026-06-01 17:20:00+00:00,30.17,30.3899,30.135,30.33,419383.0,4342.0,30.24671
QBTS,2026-06-01 17:25:00+00:00,30.33,30.49,30.3,30.4,488779.0,5085.0,30.374021
QBTS,2026-06-01 17:30:00+00:00,30.4,30.47,30.22,30.25,370034.0,3803.0,30.355349
QBTS,2026-06-01 17:35:00+00:00,30.255,30.28,30.13,30.155,261439.0,2899.0,30.195483
QBTS,2026-06-01 17:40:00+00:00,30.155,30.295,30.08,30.115,417491.0,4427.0,30.155857
QBTS,2026-06-01 17:45:00+00:00,30.12,30.285,30.12,30.175,354271.0,3415.0,30.201287
QBTS,2026-06-01 17:50:00+00:00,30.175,30.18,29.88,30.0186,353026.0,3069.0,29.986285
QBTS,2026-06-01 17:55:00+00:00,30.02,30.13,30.01,30.1206,177833.0,1671.0,30.07122
QBTS,2026-06-01 18:00:00+00:00,30.125,30.23,30.12,30.23,214205.0,2028.0,30.178796
QBTS,2026-06-01 18:05:00+00:00,30.23,30.3399,30.16,30.25,300473.0,2514.0,30.254155
QBTS,2026-06-01 18:10:00+00:00,30.24,30.28,30.055,30.2,414393.0,3974.0,30.169349
QBTS,2026-06-01 18:15:00+00:00,30.2,30.25,30.06,30.15,174676.0,2037.0,30.154379
QBTS,2026-06-01 18:20:00+00:00,30.145,30.37,30.135,30.335,322918.0,2175.0,30.286423
QBTS,2026-06-01 18:25:00+00:00,30.335,30.45,30.3,30.445,256965.0,2832.0,30.383419
QBTS,2026-06-01 18:30:00+00:00,30.44,30.49,30.355,30.44,323399.0,2778.0,30.421545
QBTS,2026-06-01 18:35:00+00:00,30.42,30.7198,30.4,30.6034,615373.0,4214.0,30.566695
QBTS,2026-06-01 18:40:00+00:00,30.61,30.66,30.51,30.585,261989.0,2910.0,30.587784
QBTS,2026-06-01 18:45:00+00:00,30.59,30.625,30.45,30.47,296203.0,3293.0,30.528179
QBTS,2026-06-01 18:50:00+00:00,30.49,30.51,30.3001,30.36,324041.0,2394.0,30.400744
QBTS,2026-06-01 18:55:00+00:00,30.365,30.4,29.95,30.035,548135.0,5437.0,30.106869
QBTS,2026-06-01 19:00:00+00:00,30.03,30.06,29.83,29.87,471208.0,4238.0,29.961425
QBTS,2026-06-01 19:05:00+00:00,29.875,29.93,29.74,29.76,332320.0,2616.0,29.842824
QBTS,2026-06-01 19:10:00+00:00,29.7601,29.895,29.71,29.85,274004.0,2574.0,29.794743
QBTS,2026-06-01 19:15:00+00:00,29.84,29.89,29.625,29.7599,306914.0,3169.0,29.759227
QBTS,2026-06-01 19:20:00+00:00,29.77,29.91,29.7201,29.89,304289.0,3461.0,29.80836
QBTS,2026-06-01 19:25:00+00:00,29.89,30.1,29.86,30.08,400373.0,3918.0,29.966205
QBTS,2026-06-01 19:30:00+00:00,30.08,30.1,29.9601,29.985,250463.0,2132.0,30.011362
QBTS,2026-06-01 19:35:00+00:00,29.9899,30.225,29.98,30.075,258142.0,2265.0,30.127906
QBTS,2026-06-01 19:40:00+00:00,30.08,30.08,29.96,30.0,299778.0,2475.0,30.022914
QBTS,2026-06-01 19:45:00+00:00,30.0,30.04,29.785,29.785,425553.0,3459.0,29.94999
QBTS,2026-06-01 19:50:00+00:00,29.79,29.805,29.41,29.505,712098.0,6706.0,29.570699
QBTS,2026-06-01 19:55:00+00:00,29.505,29.55,29.14,29.175,1494498.0,13421.0,29.342076
QBTS,2026-06-01 20:00:00+00:00,29.18,29.58,28.51,28.8683,107062.0,608.0,29.062001
QBTS,2026-06-01 20:05:00+00:00,29.18,29.2888,28.6,28.8,1947404.0,918.0,29.149642
QBTS,2026-06-01 20:10:00+00:00,28.8,29.14,28.7,29.1092,40146.0,336.0,28.915015
QBTS,2026-06-01 20:15:00+00:00,29.04,29.04,28.68,28.786,25602.0,374.0,28.796713
QBTS,2026-06-01 20:20:00+00:00,28.8,28.88,28.7,28.88,12605.0,181.0,28.803733
QBTS,2026-06-01 20:25:00+00:00,28.8511,29.34,28.75,29.13,48003.0,305.0,29.008445
QBTS,2026-06-01 20:30:00+00:00,29.191,29.22,29.09,29.1,12272.0,112.0,29.135196
QBTS,2026-06-01 20:35:00+00:00,29.1,29.16,29.02,29.16,11828.0,121.0,29.07292
QBTS,2026-06-01 20:40:00+00:00,29.03,29.0933,29.0,29.0933,24242.0,117.0,29.007233
QBTS,2026-06-01 20:45:00+00:00,29.0667,29.1,28.93,29.01,6228.0,82.0,29.032652
QBTS,2026-06-01 20:50:00+00:00,29.01,29.06,28.93,28.94,13947.0,94.0,28.972147
QBTS,2026-06-01 20:55:00+00:00,29.0,29.0,28.86,28.96,16783.0,168.0,28.923347
QBTS,2026-06-01 21:00:00+00:00,28.9373,28.98,28.9223,28.9719,2969.0,51.0,28.950152
QBTS,2026-06-01 21:05:00+00:00,28.9671,28.98,28.86,28.88,11520.0,395.0,28.907979
QBTS,2026-06-01 21:10:00+00:00,28.88,28.98,28.83,28.9609,4505.0,118.0,28.897588
QBTS,2026-06-01 21:15:00+00:00,28.9691,28.99,28.9414,28.99,8683.0,186.0,28.970153
QBTS,2026-06-01 21:20:00+00:00,28.99,28.99,28.8971,28.98,1768.0,35.0,28.974981
QBTS,2026-06-01 21:25:00+00:00,28.95,28.98,28.8897,28.98,4198.0,72.0,28.908772
QBTS,2026-06-01 21:30:00+00:00,28.9,28.97,28.9,28.9014,2864.0,41.0,28.915975
QBTS,2026-06-01 21:35:00+00:00,28.9,28.93,28.9,28.91,1871.0,39.0,28.903648
QBTS,2026-06-01 21:40:00+00:00,28.9,28.927,28.85,28.92,12217.0,104.0,28.856184
QBTS,2026-06-01 21:45:00+00:00,28.93,28.99,28.851,28.93,8415.0,80.0,28.948416
QBTS,2026-06-01 21:50:00+00:00,28.91,28.93,28.8924,28.92,2556.0,48.0,28.916971
QBTS,2026-06-01 21:55:00+00:00,28.98,28.99,28.9,28.92,6014.0,58.0,28.958839
QBTS,2026-06-01 22:00:00+00:00,28.9385,28.9385,28.88,28.9,5097.0,73.0,28.911597
QBTS,2026-06-01 22:05:00+00:00,28.8537,28.9,28.8352,28.8352,4500.0,56.0,28.867113
QBTS,2026-06-01 22:10:00+00:00,28.87,28.9,28.8,28.8,10755.0,114.0,28.858688
QBTS,2026-06-01 22:15:00+00:00,28.79,28.9,28.77,28.77,25821.0,90.0,28.799643
QBTS,2026-06-01 22:20:00+00:00,28.84,28.84,28.77,28.77,4310.0,50.0,28.787625
QBTS,2026-06-01 22:25:00+00:00,28.81,28.81,28.71,28.74,12734.0,141.0,28.755436
QBTS,2026-06-01 22:30:00+00:00,28.77,28.77,28.68,28.68,5710.0,91.0,28.728983
QBTS,2026-06-01 22:35:00+00:00,28.68,28.7,28.64,28.6415,15046.0,186.0,28.667861
QBTS,2026-06-01 22:40:00+00:00,28.68,28.6948,28.6124,28.6815,4823.0,67.0,28.656685
QBTS,2026-06-01 22:45:00+00:00,28.68,28.7,28.6075,28.68,8414.0,89.0,28.648384
QBTS,2026-06-01 22:50:00+00:00,28.66,28.77,28.65,28.755,24272.0,66.0,28.735179
QBTS,2026-06-01 22:55:00+00:00,28.77,28.77,28.73,28.75,7583.0,68.0,28.746364
QBTS,2026-06-01 23:00:00+00:00,28.74,28.77,28.74,28.77,7977.0,46.0,28.748219
QBTS,2026-06-01 23:05:00+00:00,28.82,28.85,28.82,28.85,2284.0,62.0,28.847695
QBTS,2026-06-01 23:10:00+00:00,28.83,28.8423,28.7795,28.7795,3706.0,60.0,28.804198
QBTS,2026-06-01 23:15:00+00:00,28.7575,28.8,28.7501,28.8,2251.0,32.0,28.768658
QBTS,2026-06-01 23:20:00+00:00,28.8,28.8498,28.76,28.8,4553.0,41.0,28.818442
QBTS,2026-06-01 23:25:00+00:00,28.7628,28.79,28.74,28.75,6531.0,39.0,28.758437
QBTS,2026-06-01 23:30:00+00:00,28.7,28.78,28.7,28.77,10118.0,18.0,28.741115
QBTS,2026-06-01 23:35:00+00:00,28.7786,28.7786,28.7397,28.7397,4886.0,49.0,28.747526
QBTS,2026-06-01 23:40:00+00:00,28.7,28.81,28.7,28.77,8216.0,67.0,28.724177
QBTS,2026-06-01 23:45:00+00:00,28.78,28.85,28.78,28.836,1755.0,50.0,28.802851
QBTS,2026-06-01 23:50:00+00:00,28.79,28.85,28.78,28.78,6035.0,50.0,28.803253
QBTS,2026-06-01 23:55:00+00:00,28.8348,28.8348,28.7382,28.7382,3714.0,36.0,28.766691
QBTS,2026-06-02 08:00:00+00:00,29.0,29.2,28.64,29.0911,153710.0,1837.0,28.946662
QBTS,2026-06-02 08:05:00+00:00,29.2,29.2,28.84,29.06,10574.0,156.0,29.095582
QBTS,2026-06-02 08:10:00+00:00,28.93,29.2,28.67,29.19,11737.0,167.0,29.082251
QBTS,2026-06-02 08:15:00+00:00,29.23,29.4,29.1958,29.25,12111.0,171.0,29.325757
QBTS,2026-06-02 08:20:00+00:00,29.25,29.25,29.12,29.12,4173.0,96.0,29.209199
QBTS,2026-06-02 08:25:00+00:00,29.29,29.29,29.26,29.26,3611.0,27.0,29.273135
QBTS,2026-06-02 08:30:00+00:00,29.17,29.26,29.16,29.2,3602.0,61.0,29.181711
QBTS,2026-06-02 08:35:00+00:00,29.25,29.32,29.2,29.32,6863.0,49.0,29.276133
QBTS,2026-06-02 08:40:00+00:00,29.3,29.37,29.27,29.37,1995.0,36.0,29.287034
QBTS,2026-06-02 08:45:00+00:00,29.37,29.47,29.3,29.47,36316.0,119.0,29.309015
QBTS,2026-06-02 08:50:00+00:00,29.48,29.6,29.47,29.54,38803.0,250.0,29.568039
QBTS,2026-06-02 08:55:00+00:00,29.57,29.6326,29.5,29.54,6342.0,120.0,29.542121
QBTS,2026-06-02 09:00:00+00:00,29.63,29.63,29.46,29.46,10307.0,114.0,29.515426
QBTS,2026-06-02 09:05:00+00:00,29.46,29.46,29.35,29.4,10746.0,115.0,29.395456
QBTS,2026-06-02 09:10:00+00:00,29.4,29.405,29.37,29.37,2784.0,37.0,29.392562
QBTS,2026-06-02 09:15:00+00:00,29.36,29.41,29.34,29.34,1326.0,31.0,29.35125
QBTS,2026-06-02 09:20:00+00:00,29.33,29.33,29.28,29.28,8154.0,62.0,29.314799
QBTS,2026-06-02 09:25:00+00:00,29.28,29.38,29.21,29.21,11154.0,106.0,29.316826
QBTS,2026-06-02 09:30:00+00:00,29.27,29.3,29.21,29.2869,2005.0,31.0,29.271352
QBTS,2026-06-02 09:35:00+00:00,29.25,29.3,29.25,29.29,4821.0,29.0,29.261625
QBTS,2026-06-02 09:40:00+00:00,29.32,29.3819,29.3,29.34,2477.0,46.0,29.339213
QBTS,2026-06-02 09:45:00+00:00,29.37,29.44,29.33,29.42,4228.0,75.0,29.385102
QBTS,2026-06-02 09:50:00+00:00,29.38,29.39,29.33,29.33,5589.0,36.0,29.359046
QBTS,2026-06-02 09:55:00+00:00,29.34,29.35,29.2547,29.2547,2173.0,49.0,29.320068
QBTS,2026-06-02 10:00:00+00:00,29.25,29.25,29.11,29.13,27833.0,308.0,29.192253
QBTS,2026-06-02 10:05:00+00:00,29.13,29.15,29.01,29.01,6295.0,242.0,29.065248
QBTS,2026-06-02 10:10:00+00:00,29.06,29.06,28.91,29.0,9681.0,130.0,29.005956
QBTS,2026-06-02 10:15:00+00:00,29.06,29.06,28.95,29.05,9588.0,179.0,28.973048
QBTS,2026-06-02 10:20:00+00:00,29.08,29.1,29.02,29.0499,2484.0,74.0,29.065944
QBTS,2026-06-02 10:25:00+00:00,29.0697,29.0697,29.01,29.02,1736.0,31.0,29.039971
QBTS,2026-06-02 10:30:00+00:00,29.0,29.02,28.985,29.0,4018.0,62.0,29.00207
QBTS,2026-06-02 10:35:00+00:00,28.98,29.03,28.98,29.03,3439.0,39.0,29.011413
QBTS,2026-06-02 10:40:00+00:00,29.01,29.04,29.01,29.04,2002.0,29.0,29.018656
QBTS,2026-06-02 10:45:00+00:00,29.0113,29.07,29.0073,29.0073,5187.0,49.0,29.039232
QBTS,2026-06-02 10:50:00+00:00,29.0109,29.07,29.0109,29.05,883.0,18.0,29.044758
QBTS,2026-06-02 10:55:00+00:00,28.96,29.01,28.95,29.0,6123.0,60.0,28.972809
QBTS,2026-06-02 11:00:00+00:00,28.985,29.0022,28.85,28.93,18673.0,271.0,28.945857
QBTS,2026-06-02 11:05:00+00:00,28.9983,29.08,28.9869,29.08,10333.0,68.0,29.032126
QBTS,2026-06-02 11:10:00+00:00,29.0052,29.25,29.0052,29.1839,13183.0,121.0,29.176138
QBTS,2026-06-02 11:15:00+00:00,29.19,29.22,29.13,29.22,21583.0,78.0,29.204498
QBTS,2026-06-02 11:20:00+00:00,29.2109,29.2109,29.15,29.15,12836.0,67.0,29.184517
QBTS,2026-06-02 11:25:00+00:00,29.154,29.24,29.15,29.2328,8289.0,80.0,29.209341
QBTS,2026-06-02 11:30:00+00:00,29.2384,29.29,29.22,29.23,15597.0,158.0,29.2524
QBTS,2026-06-02 11:35:00+00:00,29.23,29.39,29.2117,29.34,15211.0,184.0,29.283808
QBTS,2026-06-02 11:40:00+00:00,29.36,29.36,29.28,29.29,11618.0,118.0,29.31353
QBTS,2026-06-02 11:45:00+00:00,29.29,29.39,29.2586,29.3783,19870.0,149.0,29.30151
QBTS,2026-06-02 11:50:00+00:00,29.34,29.35,29.2577,29.3499,11000.0,116.0,29.314269
QBTS,2026-06-02 11:55:00+00:00,29.3,29.45,29.21,29.45,32361.0,303.0,29.367532
QBTS,2026-06-02 12:00:00+00:00,29.45,29.58,29.34,29.57,61005.0,340.0,29.471884
QBTS,2026-06-02 12:05:00+00:00,29.59,29.87,29.5,29.6697,92528.0,654.0,29.654217
QBTS,2026-06-02 12:10:00+00:00,29.6642,29.75,29.52,29.52,61626.0,274.0,29.66254
QBTS,2026-06-02 12:15:00+00:00,29.58,29.6058,29.37,29.44,46727.0,298.0,29.473823
QBTS,2026-06-02 12:20:00+00:00,29.48,29.5605,29.39,29.56,34590.0,210.0,29.532072
QBTS,2026-06-02 12:25:00+00:00,29.552,29.56,29.4091,29.4709,18500.0,166.0,29.504523
QBTS,2026-06-02 12:30:00+00:00,29.45,29.4795,29.3891,29.4604,20376.0,148.0,29.413731
QBTS,2026-06-02 12:35:00+00:00,29.46,29.6,29.4336,29.53,135064.0,251.0,29.500319
QBTS,2026-06-02 12:40:00+00:00,29.53,29.64,29.53,29.56,25071.0,213.0,29.600107
QBTS,2026-06-02 12:45:00+00:00,29.55,29.65,29.546,29.6061,14691.0,165.0,29.608763
QBTS,2026-06-02 12:50:00+00:00,29.61,29.64,29.53,29.53,25417.0,134.0,29.588092
QBTS,2026-06-02 12:55:00+00:00,29.53,29.57,29.46,29.52,31208.0,163.0,29.541705
QBTS,2026-06-02 13:00:00+00:00,29.56,29.62,29.51,29.5609,14962.0,107.0,29.575787
QBTS,2026-06-02 13:05:00+00:00,29.6183,29.63,29.45,29.5,29679.0,239.0,29.53705
QBTS,2026-06-02 13:10:00+00:00,29.51,29.5131,29.4,29.497,31823.0,259.0,29.45973
QBTS,2026-06-02 13:15:00+00:00,29.45,29.5,29.43,29.47,15700.0,142.0,29.456016
QBTS,2026-06-02 13:20:00+00:00,29.4639,29.54,29.3916,29.54,27696.0,421.0,29.46072
QBTS,2026-06-02 13:25:00+00:00,29.5869,29.59,29.25,29.27,117312.0,637.0,29.541247
QBTS,2026-06-02 13:30:00+00:00,29.41,30.85,29.26,30.49,2616914.0,23783.0,30.263769
QBTS,2026-06-02 13:35:00+00:00,30.51,31.3,30.1,30.67,2336464.0,24778.0,30.87982
QBTS,2026-06-02 13:40:00+00:00,30.6754,30.8,30.23,30.5,1777545.0,20578.0,30.471876
QBTS,2026-06-02 13:45:00+00:00,30.48,31.01,30.35,30.82,1698755.0,20583.0,30.751788
QBTS,2026-06-02 13:50:00+00:00,30.82,31.11,30.61,30.8501,1284397.0,16775.0,30.87083
QBTS,2026-06-02 13:55:00+00:00,30.84,30.84,30.08,30.49,1503855.0,16449.0,30.454047
QBTS,2026-06-02 14:00:00+00:00,30.48,30.56,30.23,30.52,826528.0,8994.0,30.427316
QBTS,2026-06-02 14:05:00+00:00,30.51,30.7201,30.46,30.72,1008841.0,11183.0,30.598151
QBTS,2026-06-02 14:10:00+00:00,30.7003,31.09,30.6,30.76,1375188.0,17947.0,30.850402
QBTS,2026-06-02 14:15:00+00:00,30.7696,30.91,30.23,30.2303,1113481.0,14491.0,30.509642
QBTS,2026-06-02 14:20:00+00:00,30.24,30.37,29.77,29.775,1272210.0,13677.0,30.01608
QBTS,2026-06-02 14:25:00+00:00,29.775,30.1833,29.67,29.93,947855.0,10405.0,29.790821
QBTS,2026-06-02 14:30:00+00:00,29.94,30.09,29.7307,29.9014,826293.0,7570.0,29.922117
QBTS,2026-06-02 14:35:00+00:00,29.906,30.1261,29.89,30.06,678816.0,9291.0,30.009475
QBTS,2026-06-02 14:40:00+00:00,30.07,30.35,30.03,30.25,468503.0,4751.0,30.207874
QBTS,2026-06-02 14:45:00+00:00,30.249,30.39,30.1,30.16,367549.0,4958.0,30.21136
QBTS,2026-06-02 14:50:00+00:00,30.15,30.21,29.95,30.05,527991.0,6491.0,30.086996
QBTS,2026-06-02 14:55:00+00:00,30.045,30.0899,29.87,29.945,309029.0,3602.0,29.976987
QBTS,2026-06-02 15:00:00+00:00,29.945,30.0688,29.5306,29.535,604721.0,6704.0,29.769094
QBTS,2026-06-02 15:05:00+00:00,29.5499,29.69,29.46,29.6399,943710.0,8957.0,29.550158
QBTS,2026-06-02 15:10:00+00:00,29.63,29.77,29.5199,29.74,371845.0,4768.0,29.614648
QBTS,2026-06-02 15:15:00+00:00,29.73,29.858,29.69,29.71,361692.0,3869.0,29.764175
QBTS,2026-06-02 15:20:00+00:00,29.7011,29.87,29.54,29.869,408635.0,4213.0,29.690904
QBTS,2026-06-02 15:25:00+00:00,29.87,29.93,29.725,29.8701,366658.0,3947.0,29.840959
QBTS,2026-06-02 15:30:00+00:00,29.86,29.88,29.66,29.745,273360.0,3842.0,29.767861
QBTS,2026-06-02 15:35:00+00:00,29.745,29.89,29.5301,29.5301,421169.0,4584.0,29.720703
QBTS,2026-06-02 15:40:00+00:00,29.535,29.7,29.515,29.64,286522.0,3279.0,29.624145
QBTS,2026-06-02 15:45:00+00:00,29.635,29.76,29.4714,29.48,333142.0,3697.0,29.592457
QBTS,2026-06-02 15:50:00+00:00,29.475,29.505,29.32,29.46,510140.0,5997.0,29.413731
QBTS,2026-06-02 15:55:00+00:00,29.45,29.52,29.302,29.51,287606.0,3412.0,29.421126
QBTS,2026-06-02 16:00:00+00:00,29.515,29.7,29.47,29.6899,326087.0,3980.0,29.619235
QBTS,2026-06-02 16:05:00+00:00,29.685,29.9,29.63,29.87,620873.0,5550.0,29.755976
QBTS,2026-06-02 16:10:00+00:00,29.87,29.8903,29.685,29.78,251867.0,2808.0,29.794155
QBTS,2026-06-02 16:15:00+00:00,29.77,29.78,29.52,29.535,294569.0,4092.0,29.667749
QBTS,2026-06-02 16:20:00+00:00,29.535,29.575,29.3501,29.41,264733.0,2236.0,29.447129
QBTS,2026-06-02 16:25:00+00:00,29.415,29.53,29.3899,29.49,250450.0,2326.0,29.464654
QBTS,2026-06-02 16:30:00+00:00,29.49,29.5,29.1507,29.24,412249.0,3750.0,29.305349
QBTS,2026-06-02 16:35:00+00:00,29.23,29.24,28.99,29.1,910393.0,11369.0,29.073683
QBTS,2026-06-02 16:40:00+00:00,29.105,29.29,29.09,29.27,400752.0,4045.0,29.180144
QBTS,2026-06-02 16:45:00+00:00,29.26,29.3899,29.24,29.32,214764.0,2037.0,29.29972
QBTS,2026-06-02 16:50:00+00:00,29.32,29.395,29.2147,29.3,238863.0,2638.0,29.305538
QBTS,2026-06-02 16:55:00+00:00,29.3,29.305,29.03,29.1499,326374.0,3829.0,29.149106
QBTS,2026-06-02 17:00:00+00:00,29.14,29.18,29.05,29.1601,219386.0,2694.0,29.123765
QBTS,2026-06-02 17:05:00+00:00,29.165,29.24,29.145,29.21,288891.0,3244.0,29.191878
QBTS,2026-06-02 17:10:00+00:00,29.205,29.2759,29.155,29.19,226690.0,2799.0,29.225671
QBTS,2026-06-02 17:15:00+00:00,29.18,29.3855,29.11,29.3855,352307.0,2920.0,29.232195
QBTS,2026-06-02 17:20:00+00:00,29.38,29.5,29.2919,29.5,251373.0,2820.0,29.387841
QBTS,2026-06-02 17:25:00+00:00,29.5003,29.6499,29.48,29.59,431481.0,5147.0,29.539079
QBTS,2026-06-02 17:30:00+00:00,29.57,29.7,29.52,29.6299,280705.0,2942.0,29.591914
QBTS,2026-06-02 17:35:00+00:00,29.6101,29.64,29.4647,29.54,321014.0,4441.0,29.566239
QBTS,2026-06-02 17:40:00+00:00,29.545,29.7,29.47,29.6599,263673.0,2513.0,29.627939
QBTS,2026-06-02 17:45:00+00:00,29.6411,29.698,29.46,29.52,182372.0,1982.0,29.541737
QBTS,2026-06-02 17:50:00+00:00,29.53,29.58,29.35,29.4,250295.0,2319.0,29.434635
QBTS,2026-06-02 17:55:00+00:00,29.395,29.42,29.2301,29.39,276171.0,2998.0,29.337259
QBTS,2026-06-02 18:00:00+00:00,29.38,29.47,29.335,29.43,185351.0,2219.0,29.401747
QBTS,2026-06-02 18:05:00+00:00,29.43,29.65,29.33,29.64,244489.0,2456.0,29.507689
QBTS,2026-06-02 18:10:00+00:00,29.63,29.7,29.5711,29.62,232033.0,2161.0,29.647984
QBTS,2026-06-02 18:15:00+00:00,29.63,30.0,29.61,29.9396,891566.0,11336.0,29.85968
QBTS,2026-06-02 18:20:00+00:00,29.93,29.965,29.66,29.735,577280.0,7224.0,29.757233
QBTS,2026-06-02 18:25:00+00:00,29.721,29.75,29.5901,29.65,279109.0,3683.0,29.655345
QBTS,2026-06-02 18:30:00+00:00,29.63,29.8,29.62,29.76,332872.0,3618.0,29.708573
QBTS,2026-06-02 18:35:00+00:00,29.76,29.788,29.53,29.54,482105.0,6455.0,29.622279
QBTS,2026-06-02 18:40:00+00:00,29.5201,29.56,29.445,29.51,399283.0,4749.0,29.498485
QBTS,2026-06-02 18:45:00+00:00,29.51,29.58,29.42,29.5655,327048.0,3319.0,29.510619
QBTS,2026-06-02 18:50:00+00:00,29.57,29.6399,29.4,29.455,507764.0,5809.0,29.540609
QBTS,2026-06-02 18:55:00+00:00,29.46,29.46,29.28,29.32,250037.0,2622.0,29.37677
QBTS,2026-06-02 19:00:00+00:00,29.33,29.41,29.2,29.41,421416.0,4667.0,29.292491
QBTS,2026-06-02 19:05:00+00:00,29.42,29.6,29.38,29.4899,276562.0,2498.0,29.471762
QBTS,2026-06-02 19:10:00+00:00,29.475,29.58,29.47,29.5409,221855.0,2597.0,29.531788
QBTS,2026-06-02 19:15:00+00:00,29.56,29.65,29.53,29.53,241639.0,2186.0,29.589003
QBTS,2026-06-02 19:20:00+00:00,29.52,29.63,29.46,29.62,259745.0,2109.0,29.524483
QBTS,2026-06-02 19:25:00+00:00,29.63,29.71,29.53,29.71,351548.0,3586.0,29.618535
QBTS,2026-06-02 19:30:00+00:00,29.69,30.0,29.65,29.93,767761.0,6006.0,29.921431
QBTS,2026-06-02 19:35:00+00:00,29.93,29.965,29.77,29.81,424973.0,3565.0,29.842241
QBTS,2026-06-02 19:40:00+00:00,29.8,30.15,29.8,30.0,824264.0,5615.0,30.039342
QBTS,2026-06-02 19:45:00+00:00,30.0,30.16,29.88,30.13,605203.0,4550.0,30.023077
QBTS,2026-06-02 19:50:00+00:00,30.15,30.16,29.93,30.0,697744.0,6356.0,30.022319
QBTS,2026-06-02 19:55:00+00:00,30.0,30.09,29.875,29.91,1361765.0,13189.0,29.968974
QBTS,2026-06-02 20:00:00+00:00,29.911,29.92,29.61,29.73,1558424.0,368.0,29.90571
QBTS,2026-06-02 20:05:00+00:00,29.73,29.8,29.5602,29.6,45928.0,172.0,29.679846
QBTS,2026-06-02 20:10:00+00:00,29.72,29.8,29.65,29.65,6964.0,35.0,29.755226
QBTS,2026-06-02 20:15:00+00:00,29.7,29.78,29.7,29.74,8031.0,115.0,29.735788
QBTS,2026-06-02 20:20:00+00:00,29.7994,29.8,29.73,29.75,6890.0,59.0,29.782399
QBTS,2026-06-02 20:25:00+00:00,29.7783,29.79,29.67,29.7,17274.0,87.0,29.703311
QBTS,2026-06-02 20:30:00+00:00,29.7,29.8,29.67,29.7135,2447.0,32.0,29.709964
QBTS,2026-06-02 20:35:00+00:00,29.695,29.72,29.66,29.7197,11168.0,55.0,29.69565
QBTS,2026-06-02 20:40:00+00:00,29.72,29.72,29.7,29.7,7363.0,35.0,29.707657
QBTS,2026-06-02 20:45:00+00:00,29.76,29.76,29.73,29.73,2076.0,47.0,29.746227
QBTS,2026-06-02 20:50:00+00:00,29.73,29.8,29.73,29.8,4188.0,43.0,29.777717
QBTS,2026-06-02 20:55:00+00:00,29.79,29.79,29.74,29.7506,8938.0,49.0,29.745325
QBTS,2026-06-02 21:00:00+00:00,29.8,29.82,29.75,29.7565,3068.0,29.0,29.781044
QBTS,2026-06-02 21:05:00+00:00,29.75,29.77,29.7,29.77,6902.0,60.0,29.721028
QBTS,2026-06-02 21:10:00+00:00,29.787,29.787,29.7065,29.71,1960.0,32.0,29.730785
QBTS,2026-06-02 21:15:00+00:00,29.75,29.8,29.71,29.72,6207.0,80.0,29.758553
QBTS,2026-06-02 21:20:00+00:00,29.8,29.8,29.71,29.71,2980.0,23.0,29.727202
QBTS,2026-06-02 21:25:00+00:00,29.72,29.76,29.7,29.74,2206.0,38.0,29.726512
QBTS,2026-06-02 21:30:00+00:00,29.74,29.74,29.7,29.72,1778.0,17.0,29.715795
QBTS,2026-06-02 21:35:00+00:00,29.7001,29.7001,29.65,29.65,1092.0,17.0,29.683693
QBTS,2026-06-02 21:40:00+00:00,29.71,29.7197,29.7024,29.71,2331.0,32.0,29.710064
QBTS,2026-06-02 21:45:00+00:00,29.7152,29.75,29.71,29.75,7565.0,43.0,29.745234
QBTS,2026-06-02 21:50:00+00:00,29.7909,29.815,29.7663,29.7999,2964.0,25.0,29.78289
QBTS,2026-06-02 21:55:00+00:00,29.7985,29.7985,29.76,29.76,1871.0,27.0,29.784311
QBTS,2026-06-02 22:00:00+00:00,29.7988,29.7988,29.75,29.75,2482.0,25.0,29.760604
QBTS,2026-06-02 22:05:00+00:00,29.74,29.797,29.74,29.7501,2193.0,26.0,29.762085
QBTS,2026-06-02 22:10:00+00:00,29.7523,29.77,29.7509,29.77,5524.0,27.0,29.755435
QBTS,2026-06-02 22:15:00+00:00,29.76,29.8,29.7565,29.77,6171.0,45.0,29.785094
QBTS,2026-06-02 22:20:00+00:00,29.75,29.77,29.75,29.76,7190.0,43.0,29.757905
QBTS,2026-06-02 22:25:00+00:00,29.75,29.77,29.73,29.73,5321.0,38.0,29.750506
QBTS,2026-06-02 22:30:00+00:00,29.75,29.7988,29.75,29.76,6604.0,27.0,29.778139
QBTS,2026-06-02 22:35:00+00:00,29.7653,29.8,29.7653,29.8,2876.0,41.0,29.794481
QBTS,2026-06-02 22:40:00+00:00,29.7652,29.79,29.7652,29.79,1117.0,18.0,29.783773
QBTS,2026-06-02 22:45:00+00:00,29.7701,29.8,29.76,29.79,8454.0,66.0,29.777969
QBTS,2026-06-02 22:50:00+00:00,29.76,29.79,29.73,29.73,6100.0,49.0,29.757856
QBTS,2026-06-02 22:55:00+00:00,29.73,29.77,29.67,29.68,9911.0,65.0,29.718972
QBTS,2026-06-02 23:00:00+00:00,29.6606,29.69,29.65,29.65,3102.0,35.0,29.655769
QBTS,2026-06-02 23:05:00+00:00,29.61,29.6576,29.6,29.64,3460.0,52.0,29.617351
QBTS,2026-06-02 23:10:00+00:00,29.64,29.64,29.56,29.56,5593.0,68.0,29.573677
QBTS,2026-06-02 23:15:00+00:00,29.5782,29.7,29.52,29.52,3074.0,23.0,29.555876
QBTS,2026-06-02 23:20:00+00:00,29.5,29.6,29.3,29.43,30628.0,185.0,29.425056
QBTS,2026-06-02 23:25:00+00:00,29.43,29.55,29.35,29.4283,20544.0,91.0,29.469118
QBTS,2026-06-02 23:30:00+00:00,29.41,29.4513,29.4,29.4513,4649.0,72.0,29.420722
QBTS,2026-06-02 23:35:00+00:00,29.45,29.5487,29.4,29.5,8306.0,81.0,29.471282
QBTS,2026-06-02 23:40:00+00:00,29.53,29.6,29.5,29.5,3251.0,49.0,29.539842
QBTS,2026-06-02 23:45:00+00:00,29.55,29.67,29.5,29.51,3822.0,30.0,29.561893
QBTS,2026-06-02 23:50:00+00:00,29.5,29.66,29.5,29.55,2090.0,22.0,29.597765
QBTS,2026-06-02 23:55:00+00:00,29.5,29.6,29.5,29.5,3901.0,29.0,29.538808
QBTS,2026-06-03 08:00:00+00:00,29.91,29.91,29.51,29.61,66234.0,1114.0,29.592231
QBTS,2026-06-03 08:05:00+00:00,29.62,29.71,29.55,29.62,12882.0,130.0,29.574427
QBTS,2026-06-03 08:10:00+00:00,29.59,29.66,29.56,29.6,3549.0,82.0,29.627087
QBTS,2026-06-03 08:15:00+00:00,29.58,29.58,29.48,29.48,5458.0,102.0,29.509995
QBTS,2026-06-03 08:20:00+00:00,29.45,29.45,29.37,29.4,6733.0,70.0,29.409159
QBTS,2026-06-03 08:25:00+00:00,29.4,29.54,29.38,29.42,5956.0,64.0,29.417577
QBTS,2026-06-03 08:30:00+00:00,29.44,29.54,29.44,29.5,4775.0,19.0,29.523374
QBTS,2026-06-03 08:35:00+00:00,29.5261,29.5261,29.39,29.4789,7756.0,74.0,29.493148
QBTS,2026-06-03 08:40:00+00:00,29.5,29.52,29.38,29.52,7504.0,45.0,29.47837
QBTS,2026-06-03 08:45:00+00:00,29.46,29.55,29.46,29.55,5012.0,40.0,29.512704
QBTS,2026-06-03 08:50:00+00:00,29.56,29.56,29.45,29.47,6061.0,49.0,29.506347
QBTS,2026-06-03 08:55:00+00:00,29.44,29.45,29.37,29.37,3129.0,70.0,29.407989
QBTS,2026-06-03 09:00:00+00:00,29.48,29.52,29.46,29.49,2628.0,68.0,29.491776
QBTS,2026-06-03 09:05:00+00:00,29.46,29.48,29.37,29.37,23794.0,165.0,29.407339
QBTS,2026-06-03 09:10:00+00:00,29.3794,29.3794,29.34,29.3413,7451.0,111.0,29.352339
QBTS,2026-06-03 09:15:00+00:00,29.35,29.36,29.26,29.26,8786.0,86.0,29.302183
QBTS,2026-06-03 09:20:00+00:00,29.27,29.3,29.22,29.3,9171.0,84.0,29.256706
QBTS,2026-06-03 09:25:00+00:00,29.3,29.45,29.28,29.45,1975.0,30.0,29.321396
QBTS,2026-06-03 09:30:00+00:00,29.4061,29.41,29.3,29.3,5814.0,22.0,29.328747
QBTS,2026-06-03 09:35:00+00:00,29.3117,29.3902,29.31,29.3902,1932.0,23.0,29.347026
QBTS,2026-06-03 09:40:00+00:00,29.36,29.36,29.26,29.2603,13990.0,129.0,29.300126
QBTS,2026-06-03 09:45:00+00:00,29.3,29.3,29.28,29.3,2261.0,29.0,29.295714
QBTS,2026-06-03 09:50:00+00:00,29.3184,29.3184,29.22,29.23,4195.0,184.0,29.248124
QBTS,2026-06-03 09:55:00+00:00,29.2852,29.2852,29.2,29.2,9559.0,81.0,29.245077
QBTS,2026-06-03 10:00:00+00:00,29.2,29.22,29.06,29.06,24366.0,299.0,29.154464
QBTS,2026-06-03 10:05:00+00:00,29.1,29.28,29.09,29.24,10076.0,108.0,29.213333
QBTS,2026-06-03 10:10:00+00:00,29.25,29.31,29.25,29.26,7111.0,39.0,29.279493
QBTS,2026-06-03 10:15:00+00:00,29.27,29.32,29.2336,29.31,6518.0,89.0,29.276336
QBTS,2026-06-03 10:20:00+00:00,29.28,29.31,29.265,29.3,4512.0,43.0,29.297103
QBTS,2026-06-03 10:25:00+00:00,29.37,29.39,29.363,29.363,1191.0,17.0,29.37479
QBTS,2026-06-03 10:30:00+00:00,29.39,29.41,29.35,29.4,10820.0,61.0,29.397606
QBTS,2026-06-03 10:35:00+00:00,29.41,29.42,29.3095,29.36,5924.0,49.0,29.377518
QBTS,2026-06-03 10:40:00+00:00,29.37,29.37,29.3,29.3,7533.0,41.0,29.354568
QBTS,2026-06-03 10:45:00+00:00,29.28,29.34,29.28,29.34,2017.0,43.0,29.299076
QBTS,2026-06-03 10:50:00+00:00,29.29,29.33,29.29,29.2943,5091.0,48.0,29.306832
QBTS,2026-06-03 10:55:00+00:00,29.34,29.394,29.34,29.394,3608.0,38.0,29.38073
QBTS,2026-06-03 11:00:00+00:00,29.33,29.45,29.3,29.42,25501.0,227.0,29.379875
QBTS,2026-06-03 11:05:00+00:00,29.43,29.54,29.42,29.4591,23904.0,171.0,29.499438
QBTS,2026-06-03 11:10:00+00:00,29.41,29.47,29.4,29.46,14125.0,78.0,29.428826
QBTS,2026-06-03 11:15:00+00:00,29.48,29.49,29.45,29.46,5247.0,71.0,29.467166
QBTS,2026-06-03 11:20:00+00:00,29.49,29.55,29.45,29.55,10064.0,112.0,29.491494
QBTS,2026-06-03 11:25:00+00:00,29.6,29.6,29.52,29.59,8084.0,137.0,29.566163
QBTS,2026-06-03 11:30:00+00:00,29.6,29.6438,29.57,29.6251,9109.0,95.0,29.607169
QBTS,2026-06-03 11:35:00+00:00,29.63,29.6429,29.57,29.6429,131891.0,163.0,29.627756
QBTS,2026-06-03 11:40:00+00:00,29.625,29.65,29.62,29.64,4462.0,66.0,29.63668
QBTS,2026-06-03 11:45:00+00:00,29.63,29.6545,29.62,29.6261,8414.0,113.0,29.635364
QBTS,2026-06-03 11:50:00+00:00,29.63,29.7,29.6179,29.69,21821.0,161.0,29.65017
QBTS,2026-06-03 11:55:00+00:00,29.69,29.75,29.6267,29.71,69735.0,156.0,29.709946
QBTS,2026-06-03 12:00:00+00:00,29.7,29.82,29.63,29.74,10837.0,160.0,29.751069
QBTS,2026-06-03 12:05:00+00:00,29.8,29.83,29.6601,29.6723,13001.0,107.0,29.773544
QBTS,2026-06-03 12:10:00+00:00,29.72,29.73,29.66,29.6704,5265.0,76.0,29.703191
QBTS,2026-06-03 12:15:00+00:00,29.66,29.66,29.6065,29.64,9740.0,81.0,29.627593
QBTS,2026-06-03 12:20:00+00:00,29.62,29.69,29.61,29.6526,5869.0,59.0,29.644765
QBTS,2026-06-03 12:25:00+00:00,29.64,29.6645,29.56,29.56,17612.0,167.0,29.598186
QBTS,2026-06-03 12:30:00+00:00,29.5501,29.57,29.52,29.55,11090.0,93.0,29.548987
QBTS,2026-06-03 12:35:00+00:00,29.55,29.55,29.46,29.49,14466.0,183.0,29.50812
QBTS,2026-06-03 12:40:00+00:00,29.49,29.5,29.46,29.4791,10589.0,115.0,29.480684
QBTS,2026-06-03 12:45:00+00:00,29.533,29.6,29.4819,29.54,7217.0,122.0,29.543746
QBTS,2026-06-03 12:50:00+00:00,29.58,29.6,29.5,29.5,14440.0,113.0,29.533801
QBTS,2026-06-03 12:55:00+00:00,29.48,29.54,29.47,29.54,5044.0,74.0,29.511303
QBTS,2026-06-03 13:00:00+00:00,29.52,29.54,29.4906,29.4906,13831.0,95.0,29.518628
QBTS,2026-06-03 13:05:00+00:00,29.49,29.6,29.48,29.4833,14785.0,134.0,29.514728
QBTS,2026-06-03 13:10:00+00:00,29.4997,29.5,29.42,29.43,22701.0,203.0,29.454069
QBTS,2026-06-03 13:15:00+00:00,29.41,29.5,29.41,29.4686,11478.0,81.0,29.435975
QBTS,2026-06-03 13:20:00+00:00,29.46,29.5,29.44,29.47,7205.0,105.0,29.471513
QBTS,2026-06-03 13:25:00+00:00,29.5,29.5951,29.5,29.56,44605.0,243.0,29.522748
QBTS,2026-06-03 13:30:00+00:00,29.49,29.5594,28.75,28.9862,1680298.0,14096.0,29.068753
QBTS,2026-06-03 13:35:00+00:00,28.96,29.12,28.52,28.76,1106240.0,10496.0,28.760094
QBTS,2026-06-03 13:40:00+00:00,28.77,28.78,28.08,28.1302,1214399.0,9854.0,28.376394
QBTS,2026-06-03 13:45:00+00:00,28.135,28.24,27.86,27.9549,1125318.0,11705.0,28.021461
QBTS,2026-06-03 13:50:00+00:00,27.95,28.4899,27.83,28.17,1289902.0,13012.0,28.251189
QBTS,2026-06-03 13:55:00+00:00,28.165,28.54,28.12,28.498,864377.0,10662.0,28.388113
QBTS,2026-06-03 14:00:00+00:00,28.5,28.82,28.37,28.7085,884517.0,8423.0,28.656944
QBTS,2026-06-03 14:05:00+00:00,28.7,29.455,28.6,29.415,924927.0,8502.0,28.989859
QBTS,2026-06-03 14:10:00+00:00,29.42,29.95,29.28,29.5,1682195.0,20006.0,29.634802
QBTS,2026-06-03 14:15:00+00:00,29.51,29.57,28.8,28.82,1126566.0,13596.0,29.097553
QBTS,2026-06-03 14:20:00+00:00,28.815,28.97,28.38,28.47,1009945.0,11876.0,28.6175
QBTS,2026-06-03 14:25:00+00:00,28.47,28.92,28.3799,28.88,718594.0,8112.0,28.631062
QBTS,2026-06-03 14:30:00+00:00,28.87,28.88,28.5899,28.715,573017.0,7307.0,28.733795
QBTS,2026-06-03 14:35:00+00:00,28.7,28.72,28.32,28.45,360819.0,4576.0,28.483289
QBTS,2026-06-03 14:40:00+00:00,28.45,28.475,28.19,28.275,511522.0,6670.0,28.351514
QBTS,2026-06-03 14:45:00+00:00,28.27,28.46,28.27,28.28,458300.0,5384.0,28.355897
QBTS,2026-06-03 14:50:00+00:00,28.275,28.515,28.195,28.42,530879.0,6051.0,28.375421
QBTS,2026-06-03 14:55:00+00:00,28.415,28.56,28.36,28.51,306722.0,3483.0,28.43802
QBTS,2026-06-03 15:00:00+00:00,28.5,28.66,28.345,28.3835,402065.0,4904.0,28.521532
QBTS,2026-06-03 15:05:00+00:00,28.38,28.425,27.915,27.935,636238.0,5684.0,28.134281
QBTS,2026-06-03 15:10:00+00:00,27.915,28.0297,27.72,27.73,872396.0,7888.0,27.873006
QBTS,2026-06-03 15:15:00+00:00,27.74,27.76,27.58,27.705,597810.0,5975.0,27.663633
QBTS,2026-06-03 15:20:00+00:00,27.7,27.7386,27.515,27.61,493391.0,5600.0,27.597404
QBTS,2026-06-03 15:25:00+00:00,27.61,27.76,27.48,27.7,588020.0,5653.0,27.598251
QBTS,2026-06-03 15:30:00+00:00,27.698,27.77,27.5093,27.5369,401940.0,4244.0,27.6796
QBTS,2026-06-03 15:35:00+00:00,27.535,27.59,27.42,27.45,514656.0,4462.0,27.507413
QBTS,2026-06-03 15:40:00+00:00,27.45,27.54,27.38,27.405,508626.0,5274.0,27.459277
QBTS,2026-06-03 15:45:00+00:00,27.41,27.8175,27.4041,27.67,559228.0,5198.0,27.647294
QBTS,2026-06-03 15:50:00+00:00,27.66,27.83,27.65,27.825,450228.0,3993.0,27.763738
QBTS,2026-06-03 15:55:00+00:00,27.82,28.01,27.7601,27.955,693662.0,6753.0,27.936856
QBTS,2026-06-03 16:00:00+00:00,27.955,28.055,27.835,27.925,480830.0,4641.0,27.916657
QBTS,2026-06-03 16:05:00+00:00,27.915,28.13,27.88,28.085,499706.0,5411.0,27.994547
QBTS,2026-06-03 16:10:00+00:00,28.09,28.11,27.91,27.96,423522.0,4687.0,28.042196
QBTS,2026-06-03 16:15:00+00:00,27.95,27.96,27.7501,27.8999,301679.0,2672.0,27.851295
QBTS,2026-06-03 16:20:00+00:00,27.89,27.93,27.805,27.805,184296.0,2286.0,27.860518
QBTS,2026-06-03 16:25:00+00:00,27.805,27.805,27.65,27.69,305050.0,3247.0,27.710371
QBTS,2026-06-03 16:30:00+00:00,27.69,27.84,27.6428,27.83,268847.0,2972.0,27.753752
QBTS,2026-06-03 16:35:00+00:00,27.83,27.845,27.65,27.695,331068.0,3264.0,27.73182
QBTS,2026-06-03 16:40:00+00:00,27.7,27.745,27.39,27.425,586667.0,5169.0,27.515424
QBTS,2026-06-03 16:45:00+00:00,27.425,27.63,27.42,27.615,303059.0,3165.0,27.511267
QBTS,2026-06-03 16:50:00+00:00,27.618,27.74,27.58,27.6514,295107.0,3368.0,27.661733
QBTS,2026-06-03 16:55:00+00:00,27.65,27.76,27.575,27.705,342803.0,4279.0,27.691734
QBTS,2026-06-03 17:00:00+00:00,27.705,27.755,27.635,27.6886,306609.0,3581.0,27.691734
QBTS,2026-06-03 17:05:00+00:00,27.69,27.725,27.58,27.645,266330.0,2981.0,27.646092
QBTS,2026-06-03 17:10:00+00:00,27.645,27.725,27.56,27.66,567887.0,4552.0,27.625132
QBTS,2026-06-03 17:15:00+00:00,27.68,27.7499,27.62,27.675,258655.0,2785.0,27.684031
QBTS,2026-06-03 17:20:00+00:00,27.675,27.74,27.59,27.63,246032.0,2648.0,27.668104
QBTS,2026-06-03 17:25:00+00:00,27.635,27.735,27.605,27.615,243715.0,3142.0,27.671678
QBTS,2026-06-03 17:30:00+00:00,27.61,27.72,27.5,27.68,242766.0,2417.0,27.585919
QBTS,2026-06-03 17:35:00+00:00,27.671,27.785,27.66,27.785,173594.0,1758.0,27.731374
QBTS,2026-06-03 17:40:00+00:00,27.79,27.92,27.75,27.8199,259950.0,2839.0,27.8279
QBTS,2026-06-03 17:45:00+00:00,27.82,27.83,27.66,27.66,200866.0,2563.0,27.737578
QBTS,2026-06-03 17:50:00+00:00,27.66,27.67,27.54,27.655,244840.0,3008.0,27.627123
QBTS,2026-06-03 17:55:00+00:00,27.6531,27.655,27.515,27.605,282474.0,3729.0,27.563234
QBTS,2026-06-03 18:00:00+00:00,27.6099,27.97,27.57,27.935,253546.0,2809.0,27.801045
QBTS,2026-06-03 18:05:00+00:00,27.945,27.99,27.8749,27.8901,320550.0,2923.0,27.929941
QBTS,2026-06-03 18:10:00+00:00,27.8999,27.96,27.84,27.92,263730.0,3249.0,27.904601
QBTS,2026-06-03 18:15:00+00:00,27.92,27.92,27.755,27.805,162358.0,1960.0,27.808564
QBTS,2026-06-03 18:20:00+00:00,27.81,27.885,27.755,27.83,176577.0,2540.0,27.825256
QBTS,2026-06-03 18:25:00+00:00,27.83,27.95,27.815,27.945,245145.0,3229.0,27.869676
QBTS,2026-06-03 18:30:00+00:00,27.95,28.07,27.89,27.945,285225.0,2763.0,27.980562
QBTS,2026-06-03 18:35:00+00:00,27.95,27.975,27.82,27.845,334071.0,3262.0,27.893988
QBTS,2026-06-03 18:40:00+00:00,27.85,27.885,27.82,27.885,175350.0,2088.0,27.854888
QBTS,2026-06-03 18:45:00+00:00,27.89,27.98,27.84,27.9199,209310.0,2344.0,27.919571
QBTS,2026-06-03 18:50:00+00:00,27.905,27.905,27.735,27.795,202782.0,2783.0,27.818129
QBTS,2026-06-03 18:55:00+00:00,27.8,27.87,27.695,27.8201,235331.0,3195.0,27.780272
QBTS,2026-06-03 19:00:00+00:00,27.82,27.82,27.63,27.7,241232.0,2956.0,27.67916
QBTS,2026-06-03 19:05:00+00:00,27.71,27.77,27.67,27.69,151797.0,1929.0,27.706459
QBTS,2026-06-03 19:10:00+00:00,27.69,27.875,27.675,27.865,222813.0,2826.0,27.767827
QBTS,2026-06-03 19:15:00+00:00,27.865,27.94,27.76,27.82,305933.0,4030.0,27.848566
QBTS,2026-06-03 19:20:00+00:00,27.805,27.84,27.64,27.665,320080.0,3367.0,27.722933
QBTS,2026-06-03 19:25:00+00:00,27.67,27.71,27.535,27.698,414630.0,4415.0,27.607993
QBTS,2026-06-03 19:30:00+00:00,27.71,27.75,27.66,27.715,272082.0,2777.0,27.696436
QBTS,2026-06-03 19:35:00+00:00,27.72,27.83,27.72,27.775,224112.0,2376.0,27.76285
QBTS,2026-06-03 19:40:00+00:00,27.77,27.875,27.76,27.8,368926.0,3014.0,27.807739
QBTS,2026-06-03 19:45:00+00:00,27.805,27.935,27.8,27.825,374737.0,2918.0,27.858775
QBTS,2026-06-03 19:50:00+00:00,27.83,27.85,27.7,27.765,463692.0,4007.0,27.780639
QBTS,2026-06-03 19:55:00+00:00,27.76,27.76,27.5,27.51,1281493.0,11288.0,27.578586
QBTS,2026-06-03 20:00:00+00:00,27.51,27.76,27.23,27.6,2329899.0,740.0,27.548602
QBTS,2026-06-03 20:05:00+00:00,27.48,27.5,27.11,27.19,74431.0,703.0,27.270003
QBTS,2026-06-03 20:10:00+00:00,27.19,27.2305,27.03,27.1,50539.0,433.0,27.115183
QBTS,2026-06-03 20:15:00+00:00,27.0676,27.15,27.0304,27.15,22538.0,215.0,27.071441
QBTS,2026-06-03 20:20:00+00:00,27.18,27.26,27.14,27.17,8750.0,112.0,27.176431
QBTS,2026-06-03 20:25:00+00:00,27.17,27.23,27.14,27.18,18243.0,167.0,27.174662
QBTS,2026-06-03 20:30:00+00:00,27.18,27.23,27.02,27.031,39693.0,354.0,27.096334
QBTS,2026-06-03 20:35:00+00:00,27.1,27.55,27.02,27.05,63787.0,149.0,27.358872
QBTS,2026-06-03 20:40:00+00:00,27.03,27.03,26.8602,26.9,84717.0,801.0,26.94973
QBTS,2026-06-03 20:45:00+00:00,26.8704,27.11,26.8704,27.02,37896.0,223.0,27.009106
QBTS,2026-06-03 20:50:00+00:00,27.1,27.23,27.02,27.14,12607.0,113.0,27.090653
QBTS,2026-06-03 20:55:00+00:00,27.11,27.2,27.0,27.0304,24166.0,125.0,27.113315
QBTS,2026-06-03 21:00:00+00:00,27.1793,27.1793,27.0537,27.1,3943.0,71.0,27.115678
QBTS,2026-06-03 21:05:00+00:00,27.1093,27.11,27.03,27.03,7329.0,109.0,27.060232
QBTS,2026-06-03 21:10:00+00:00,27.044,27.12,26.87,26.9296,14817.0,219.0,26.963105
QBTS,2026-06-03 21:15:00+00:00,26.97,27.0,26.89,26.9701,13092.0,140.0,26.940719
QBTS,2026-06-03 21:20:00+00:00,26.98,27.06,26.8973,27.05,10303.0,104.0,27.011013
QBTS,2026-06-03 21:25:00+00:00,27.04,27.1,27.0,27.02,5193.0,64.0,27.07003
QBTS,2026-06-03 21:30:00+00:00,27.013,27.0398,26.7,26.715,29065.0,454.0,26.838323
QBTS,2026-06-03 21:35:00+00:00,26.77,26.9075,26.68,26.9075,18440.0,227.0,26.74762
QBTS,2026-06-03 21:40:00+00:00,26.86,26.91,26.7269,26.7269,9688.0,122.0,26.848802
QBTS,2026-06-03 21:45:00+00:00,26.7357,26.8652,26.7357,26.8,8091.0,123.0,26.797499
QBTS,2026-06-03 21:50:00+00:00,26.8381,26.84,26.75,26.8131,6272.0,112.0,26.791012
QBTS,2026-06-03 21:55:00+00:00,26.8006,27.0,26.8,26.9761,15925.0,85.0,26.862357
QBTS,2026-06-03 22:00:00+00:00,26.94,27.06,26.94,27.01,9550.0,85.0,27.007599
QBTS,2026-06-03 22:05:00+00:00,27.01,27.01,26.85,26.88,5427.0,101.0,26.915314
QBTS,2026-06-03 22:10:00+00:00,26.91,26.9585,26.82,26.95,3920.0,64.0,26.866381
QBTS,2026-06-03 22:15:00+00:00,26.86,26.86,26.75,26.75,8070.0,123.0,26.800654
QBTS,2026-06-03 22:20:00+00:00,26.7306,26.79,26.7,26.79,3223.0,52.0,26.721217
QBTS,2026-06-03 22:25:00+00:00,26.7516,26.79,26.75,26.77,4876.0,64.0,26.757138
QBTS,2026-06-03 22:30:00+00:00,26.78,26.84,26.7502,26.775,5102.0,70.0,26.789885
QBTS,2026-06-03 22:35:00+00:00,26.77,26.82,26.74,26.74,8251.0,163.0,26.77507
QBTS,2026-06-03 22:40:00+00:00,26.775,26.78,26.61,26.61,13856.0,183.0,26.71245
QBTS,2026-06-03 22:45:00+00:00,26.64,26.745,26.63,26.72,10658.0,89.0,26.692004
QBTS,2026-06-03 22:50:00+00:00,26.72,26.7496,26.53,26.6949,17001.0,189.0,26.609313
QBTS,2026-06-03 22:55:00+00:00,26.7305,26.75,26.54,26.66,15048.0,279.0,26.640601
QBTS,2026-06-03 23:00:00+00:00,26.63,26.68,26.51,26.51,6104.0,119.0,26.601461
QBTS,2026-06-03 23:05:00+00:00,26.5,26.7,26.47,26.525,27598.0,307.0,26.555022
QBTS,2026-06-03 23:10:00+00:00,26.52,26.61,26.46,26.61,15272.0,151.0,26.52562
QBTS,2026-06-03 23:15:00+00:00,26.6,26.6086,26.5,26.51,10378.0,67.0,26.552072
QBTS,2026-06-03 23:20:00+00:00,26.54,26.6,26.5,26.5,8014.0,99.0,26.545632
QBTS,2026-06-03 23:25:00+00:00,26.485,26.51,26.45,26.4597,17103.0,114.0,26.497461
QBTS,2026-06-03 23:30:00+00:00,26.45,26.6,26.4,26.59,12586.0,130.0,26.506635
QBTS,2026-06-03 23:35:00+00:00,26.55,26.55,26.36,26.37,13132.0,181.0,26.444421
QBTS,2026-06-03 23:40:00+00:00,26.37,26.48,26.35,26.37,18500.0,114.0,26.371414
QBTS,2026-06-03 23:45:00+00:00,26.35,26.39,26.2803,26.34,41122.0,247.0,26.340376
QBTS,2026-06-03 23:50:00+00:00,26.3,26.6,26.29,26.6,8048.0,81.0,26.41693
QBTS,2026-06-03 23:55:00+00:00,26.5,26.5,26.34,26.34,14620.0,108.0,26.477716
QBTS,2026-06-04 08:00:00+00:00,27.14,27.26,26.95,27.0194,113536.0,1206.0,27.111034
QBTS,2026-06-04 08:05:00+00:00,27.06,27.23,26.86,26.93,12060.0,206.0,27.012715
QBTS,2026-06-04 08:10:00+00:00,26.9,26.9677,26.85,26.85,4604.0,54.0,26.886078
QBTS,2026-06-04 08:15:00+00:00,26.85,26.87,26.78,26.83,8905.0,80.0,26.832834
QBTS,2026-06-04 08:20:00+00:00,26.74,26.77,26.6,26.7,19521.0,161.0,26.690892
QBTS,2026-06-04 08:25:00+00:00,26.7,26.78,26.6,26.69,19036.0,116.0,26.635702
QBTS,2026-06-04 08:30:00+00:00,26.8,26.855,26.77,26.78,9473.0,46.0,26.805091
QBTS,2026-06-04 08:35:00+00:00,26.8,26.9,26.78,26.78,7619.0,55.0,26.83546
QBTS,2026-06-04 08:40:00+00:00,26.89,26.9,26.7584,26.77,4283.0,40.0,26.829902
QBTS,2026-06-04 08:45:00+00:00,26.8,26.8,26.7,26.7,18247.0,68.0,26.750873
QBTS,2026-06-04 08:50:00+00:00,26.7,26.76,26.66,26.66,2955.0,66.0,26.714231
QBTS,2026-06-04 08:55:00+00:00,26.67,26.8,26.66,26.7,7342.0,92.0,26.698918
QBTS,2026-06-04 09:00:00+00:00,26.67,26.67,26.6,26.61,5178.0,81.0,26.643355
QBTS,2026-06-04 09:05:00+00:00,26.6,26.6,26.33,26.45,29769.0,238.0,26.425856
QBTS,2026-06-04 09:10:00+00:00,26.42,26.42,26.13,26.13,26244.0,295.0,26.235751
QBTS,2026-06-04 09:15:00+00:00,26.16,26.31,26.1,26.29,15665.0,230.0,26.205482
QBTS,2026-06-04 09:20:00+00:00,26.3,26.5,26.3,26.4,25870.0,167.0,26.436342
QBTS,2026-06-04 09:25:00+00:00,26.356,26.43,26.356,26.41,7913.0,98.0,26.37891
QBTS,2026-06-04 09:30:00+00:00,26.39,26.51,26.35,26.51,3358.0,54.0,26.466501
QBTS,2026-06-04 09:35:00+00:00,26.51,26.59,26.4588,26.4588,2485.0,56.0,26.507801
QBTS,2026-06-04 09:40:00+00:00,26.51,26.52,26.37,26.37,10450.0,94.0,26.48098
QBTS,2026-06-04 09:45:00+00:00,26.5,26.59,26.5,26.54,3953.0,70.0,26.548447
QBTS,2026-06-04 09:50:00+00:00,26.49,26.57,26.375,26.57,33853.0,89.0,26.416697
QBTS,2026-06-04 09:55:00+00:00,26.5524,26.57,26.46,26.46,3307.0,51.0,26.505877
QBTS,2026-06-04 10:00:00+00:00,26.41,26.44,26.26,26.43,8389.0,105.0,26.398195
QBTS,2026-06-04 10:05:00+00:00,26.424,26.424,26.35,26.3732,4843.0,85.0,26.385592
QBTS,2026-06-04 10:10:00+00:00,26.44,26.44,26.35,26.37,4151.0,49.0,26.397278
QBTS,2026-06-04 10:15:00+00:00,26.36,26.36,26.25,26.35,2462.0,42.0,26.309521
QBTS,2026-06-04 10:20:00+00:00,26.3,26.3,26.2707,26.2707,916.0,8.0,26.279494
QBTS,2026-06-04 10:25:00+00:00,26.31,26.33,26.25,26.26,8948.0,155.0,26.283185
QBTS,2026-06-04 10:30:00+00:00,26.28,26.28,26.21,26.25,1643.0,18.0,26.241961
QBTS,2026-06-04 10:35:00+00:00,26.25,26.25,26.17,26.22,5803.0,100.0,26.189709
QBTS,2026-06-04 10:40:00+00:00,26.25,26.32,26.18,26.32,7375.0,58.0,26.283378
QBTS,2026-06-04 10:45:00+00:00,26.31,26.44,26.3,26.43,26121.0,90.0,26.383305
QBTS,2026-06-04 10:50:00+00:00,26.36,26.36,26.21,26.32,5672.0,61.0,26.283078
QBTS,2026-06-04 10:55:00+00:00,26.3,26.36,26.28,26.36,2494.0,48.0,26.296552
QBTS,2026-06-04 11:00:00+00:00,26.33,26.44,26.23,26.44,25120.0,336.0,26.333269
QBTS,2026-06-04 11:05:00+00:00,26.41,26.45,26.2,26.27,11102.0,161.0,26.352188
QBTS,2026-06-04 11:10:00+00:00,26.2359,26.44,26.2359,26.35,10793.0,106.0,26.344606
QBTS,2026-06-04 11:15:00+00:00,26.35,26.45,26.318,26.4439,19894.0,201.0,26.385607
QBTS,2026-06-04 11:20:00+00:00,26.44,26.5,26.3,26.4821,18353.0,122.0,26.360604
QBTS,2026-06-04 11:25:00+00:00,26.46,26.5,26.35,26.35,21555.0,218.0,26.377757
QBTS,2026-06-04 11:30:00+00:00,26.3882,26.4949,26.2918,26.4,8206.0,131.0,26.378367
QBTS,2026-06-04 11:35:00+00:00,26.3119,26.35,26.0,26.2526,29765.0,564.0,26.192401
QBTS,2026-06-04 11:40:00+00:00,26.25,26.25,26.2,26.22,5209.0,111.0,26.222432
QBTS,2026-06-04 11:45:00+00:00,26.25,26.3778,26.2246,26.3778,18570.0,107.0,26.257042
QBTS,2026-06-04 11:50:00+00:00,26.35,26.58,26.34,26.52,20970.0,161.0,26.465769
QBTS,2026-06-04 11:55:00+00:00,26.5,26.58,26.38,26.5,8030.0,99.0,26.50038
QBTS,2026-06-04 12:00:00+00:00,26.52,26.58,26.45,26.5498,46350.0,152.0,26.524348
QBTS,2026-06-04 12:05:00+00:00,26.53,26.59,26.48,26.59,10705.0,100.0,26.5601
QBTS,2026-06-04 12:10:00+00:00,26.5,26.55,26.3652,26.3652,8900.0,158.0,26.439735
QBTS,2026-06-04 12:15:00+00:00,26.44,26.49,26.3351,26.49,20997.0,168.0,26.428041
QBTS,2026-06-04 12:20:00+00:00,26.4592,26.57,26.4317,26.52,14798.0,112.0,26.495445
QBTS,2026-06-04 12:25:00+00:00,26.5,26.58,26.45,26.5015,9801.0,112.0,26.482857
QBTS,2026-06-04 12:30:00+00:00,26.49,26.58,26.45,26.58,11429.0,142.0,26.528588
QBTS,2026-06-04 12:35:00+00:00,26.5839,26.78,26.52,26.74,8622.0,136.0,26.642755
QBTS,2026-06-04 12:40:00+00:00,26.7,26.7213,26.63,26.69,7783.0,84.0,26.681976
QBTS,2026-06-04 12:45:00+00:00,26.68,26.7492,26.59,26.7,9808.0,146.0,26.666284
QBTS,2026-06-04 12:50:00+00:00,26.73,26.79,26.61,26.66,9966.0,117.0,26.66842
QBTS,2026-06-04 12:55:00+00:00,26.66,26.6636,26.61,26.66,9291.0,91.0,26.641778
QBTS,2026-06-04 13:00:00+00:00,26.61,26.7,26.6001,26.6001,15899.0,203.0,26.636824
QBTS,2026-06-04 13:05:00+00:00,26.63,26.72,26.6,26.6,14390.0,167.0,26.644884
QBTS,2026-06-04 13:10:00+00:00,26.6,26.68,26.52,26.53,6532.0,118.0,26.588851
QBTS,2026-06-04 13:15:00+00:00,26.5707,26.85,26.5707,26.79,11207.0,171.0,26.72656
QBTS,2026-06-04 13:20:00+00:00,26.7869,26.84,26.73,26.83,9042.0,142.0,26.784801
QBTS,2026-06-04 13:25:00+00:00,26.75,27.18,26.7,27.125,51213.0,576.0,26.895685
QBTS,2026-06-04 13:30:00+00:00,27.04,27.35,26.45,26.89,1213911.0,11031.0,26.757083
QBTS,2026-06-04 13:35:00+00:00,26.89,27.3789,26.68,27.26,1211280.0,15762.0,26.990301
QBTS,2026-06-04 13:40:00+00:00,27.27,27.45,26.82,27.02,704590.0,8655.0,27.112731
QBTS,2026-06-04 13:45:00+00:00,27.02,27.14,26.65,26.7502,772199.0,9845.0,26.927648
QBTS,2026-06-04 13:50:00+00:00,26.79,26.99,26.56,26.66,619245.0,8067.0,26.797953
QBTS,2026-06-04 13:55:00+00:00,26.6624,26.91,26.53,26.695,707768.0,9878.0,26.730477
QBTS,2026-06-04 14:00:00+00:00,26.71,27.2699,26.69,26.9801,660591.0,8103.0,27.008859
QBTS,2026-06-04 14:05:00+00:00,26.98,27.16,26.87,27.13,603711.0,6744.0,27.014454
QBTS,2026-06-04 14:10:00+00:00,27.13,27.4,27.08,27.34,630132.0,7400.0,27.266856
QBTS,2026-06-04 14:15:00+00:00,27.33,27.3871,27.16,27.2699,561647.0,8613.0,27.280718
QBTS,2026-06-04 14:20:00+00:00,27.27,27.3699,27.1,27.19,613735.0,8250.0,27.235435
QBTS,2026-06-04 14:25:00+00:00,27.21,27.315,26.76,27.3,1161358.0,14935.0,27.054874
QBTS,2026-06-04 14:30:00+00:00,27.3,27.38,27.14,27.31,415360.0,5322.0,27.271285
QBTS,2026-06-04 14:35:00+00:00,27.31,27.63,27.1703,27.44,594517.0,5973.0,27.437686
QBTS,2026-06-04 14:40:00+00:00,27.45,27.58,27.181,27.23,271810.0,3560.0,27.394146
QBTS,2026-06-04 14:45:00+00:00,27.23,27.5493,27.23,27.54,363092.0,5021.0,27.415354
QBTS,2026-06-04 14:50:00+00:00,27.54,27.61,27.42,27.51,373346.0,3904.0,27.503076
QBTS,2026-06-04 14:55:00+00:00,27.515,27.95,27.485,27.86,486818.0,5522.0,27.749845
QBTS,2026-06-04 15:00:00+00:00,27.87,28.015,27.76,27.96,665295.0,7716.0,27.916132
QBTS,2026-06-04 15:05:00+00:00,27.955,28.175,27.9,28.04,516303.0,5326.0,28.014521
QBTS,2026-06-04 15:10:00+00:00,28.05,28.17,27.98,28.095,389429.0,4634.0,28.093268
QBTS,2026-06-04 15:15:00+00:00,28.09,28.2699,28.04,28.2,455864.0,4799.0,28.159777
QBTS,2026-06-04 15:20:00+00:00,28.19,28.2,27.98,28.105,481201.0,5634.0,28.071432
QBTS,2026-06-04 15:25:00+00:00,28.11,28.11,27.83,27.915,364956.0,3409.0,27.961429
QBTS,2026-06-04 15:30:00+00:00,27.91,27.93,27.7202,27.865,314077.0,2892.0,27.817793
QBTS,2026-06-04 15:35:00+00:00,27.86,27.87,27.33,27.44,659765.0,6496.0,27.546877
QBTS,2026-06-04 15:40:00+00:00,27.44,27.69,27.39,27.65,372079.0,4035.0,27.570423
QBTS,2026-06-04 15:45:00+00:00,27.64,27.67,27.35,27.35,401342.0,4144.0,27.491718
QBTS,2026-06-04 15:50:00+00:00,27.355,27.51,27.32,27.4264,284830.0,3389.0,27.420243
QBTS,2026-06-04 15:55:00+00:00,27.42,27.5999,27.39,27.575,196718.0,2765.0,27.491265
QBTS,2026-06-04 16:00:00+00:00,27.58,27.63,27.49,27.52,284039.0,4240.0,27.564305
QBTS,2026-06-04 16:05:00+00:00,27.51,27.54,27.46,27.48,170585.0,2644.0,27.503508
QBTS,2026-06-04 16:10:00+00:00,27.47,27.505,27.34,27.43,260799.0,3401.0,27.403938
QBTS,2026-06-04 16:15:00+00:00,27.42,27.485,27.34,27.47,155694.0,1911.0,27.405212
QBTS,2026-06-04 16:20:00+00:00,27.45,27.58,27.45,27.54,127060.0,1704.0,27.50985
QBTS,2026-06-04 16:25:00+00:00,27.54,27.54,27.405,27.455,111621.0,1570.0,27.473082
QBTS,2026-06-04 16:30:00+00:00,27.45,27.45,27.175,27.295,216774.0,2576.0,27.290451
QBTS,2026-06-04 16:35:00+00:00,27.29,27.455,27.29,27.445,161365.0,2113.0,27.360388
QBTS,2026-06-04 16:40:00+00:00,27.44,27.5,27.38,27.395,98470.0,1393.0,27.450358
QBTS,2026-06-04 16:45:00+00:00,27.3951,27.4499,27.3594,27.41,106414.0,1145.0,27.402458
QBTS,2026-06-04 16:50:00+00:00,27.4,27.44,27.305,27.355,120184.0,1483.0,27.363305
QBTS,2026-06-04 16:55:00+00:00,27.35,27.425,27.28,27.38,135011.0,1991.0,27.363507
QBTS,2026-06-04 17:00:00+00:00,27.37,27.54,27.24,27.45,264003.0,2365.0,27.341666
QBTS,2026-06-04 17:05:00+00:00,27.44,27.6,27.44,27.6,193498.0,1860.0,27.5251
QBTS,2026-06-04 17:10:00+00:00,27.61,27.72,27.5092,27.65,219594.0,2097.0,27.646468
QBTS,2026-06-04 17:15:00+00:00,27.6464,27.6799,27.515,27.6414,235743.0,3199.0,27.614993
QBTS,2026-06-04 17:20:00+00:00,27.645,27.82,27.635,27.735,265405.0,2486.0,27.750925
QBTS,2026-06-04 17:25:00+00:00,27.75,27.89,27.715,27.88,179946.0,1724.0,27.838046
QBTS,2026-06-04 17:30:00+00:00,27.8827,28.155,27.81,28.05,811335.0,9038.0,27.989445
QBTS,2026-06-04 17:35:00+00:00,28.04,28.07,27.34,27.41,812847.0,8332.0,27.570554
QBTS,2026-06-04 17:40:00+00:00,27.39,27.61,27.2701,27.465,729126.0,7546.0,27.437383
QBTS,2026-06-04 17:45:00+00:00,27.465,27.66,27.375,27.63,519570.0,6632.0,27.488755
QBTS,2026-06-04 17:50:00+00:00,27.63,27.835,27.57,27.78,334599.0,3406.0,27.736595
QBTS,2026-06-04 17:55:00+00:00,27.78,28.02,27.745,27.985,459432.0,4852.0,27.905412
QBTS,2026-06-04 18:00:00+00:00,27.985,28.15,27.91,28.13,461642.0,4284.0,28.051333
QBTS,2026-06-04 18:05:00+00:00,28.1336,28.45,28.1201,28.26,1013511.0,8294.0,28.298991
QBTS,2026-06-04 18:10:00+00:00,28.251,28.33,28.19,28.29,362209.0,4200.0,28.252467
QBTS,2026-06-04 18:15:00+00:00,28.31,28.325,28.17,28.29,260203.0,2244.0,28.250873
QBTS,2026-06-04 18:20:00+00:00,28.29,28.395,28.24,28.37,368849.0,2808.0,28.328323
QBTS,2026-06-04 18:25:00+00:00,28.38,28.65,28.335,28.54,803319.0,6053.0,28.513172
QBTS,2026-06-04 18:30:00+00:00,28.54,28.695,28.5,28.69,695363.0,7016.0,28.594664
QBTS,2026-06-04 18:35:00+00:00,28.6802,28.82,28.6,28.68,769117.0,7734.0,28.716359
QBTS,2026-06-04 18:40:00+00:00,28.68,28.68,28.24,28.345,735185.0,7018.0,28.414583
QBTS,2026-06-04 18:45:00+00:00,28.35,28.39,28.22,28.31,430547.0,4727.0,28.294886
QBTS,2026-06-04 18:50:00+00:00,28.32,28.32,27.86,27.882,548020.0,3166.0,28.036547
QBTS,2026-06-04 18:55:00+00:00,27.8801,27.995,27.655,27.75,718872.0,7296.0,27.78121
QBTS,2026-06-04 19:00:00+00:00,27.745,27.78,27.58,27.66,472639.0,5185.0,27.680373
QBTS,2026-06-04 19:05:00+00:00,27.645,27.8,27.6126,27.7999,336159.0,3259.0,27.708132
QBTS,2026-06-04 19:10:00+00:00,27.79,27.91,27.6501,27.74,536199.0,5218.0,27.783118
QBTS,2026-06-04 19:15:00+00:00,27.74,27.77,27.5,27.655,350894.0,3109.0,27.619939
QBTS,2026-06-04 19:20:00+00:00,27.655,27.85,27.655,27.82,466618.0,4714.0,27.760634
QBTS,2026-06-04 19:25:00+00:00,27.83,28.03,27.78,28.025,372348.0,3230.0,27.880739
QBTS,2026-06-04 19:30:00+00:00,28.025,28.26,28.01,28.13,391540.0,2888.0,28.151825
QBTS,2026-06-04 19:35:00+00:00,28.11,28.23,28.085,28.145,289421.0,2402.0,28.14615
QBTS,2026-06-04 19:40:00+00:00,28.145,28.15,27.8301,27.883,253444.0,2794.0,27.988045
QBTS,2026-06-04 19:45:00+00:00,27.885,27.9,27.69,27.84,361987.0,3248.0,27.790442
QBTS,2026-06-04 19:50:00+00:00,27.84,27.9499,27.77,27.805,429748.0,4485.0,27.856946
QBTS,2026-06-04 19:55:00+00:00,27.8,27.8,27.6,27.64,883432.0,8836.0,27.673031
QBTS,2026-06-04 20:00:00+00:00,27.64,27.86,27.4494,27.46,1758983.0,521.0,27.633555
QBTS,2026-06-04 20:05:00+00:00,27.54,27.64,27.48,27.5,7952.0,101.0,27.517745
QBTS,2026-06-04 20:10:00+00:00,27.48,27.5128,27.4,27.5,18724.0,102.0,27.45243
QBTS,2026-06-04 20:15:00+00:00,27.48,27.53,27.44,27.51,1917.0,37.0,27.488664
QBTS,2026-06-04 20:20:00+00:00,27.45,27.5,27.45,27.46,2850.0,40.0,27.4662
QBTS,2026-06-04 20:25:00+00:00,27.45,27.5,27.45,27.4935,2106.0,29.0,27.485797
QBTS,2026-06-04 20:30:00+00:00,27.4509,27.64,27.4509,27.5,2623.0,34.0,27.505596
QBTS,2026-06-04 20:35:00+00:00,27.5345,27.5345,27.48,27.48,2066.0,22.0,27.496581
QBTS,2026-06-04 20:40:00+00:00,27.48,27.49,27.4527,27.4527,3171.0,38.0,27.483294
QBTS,2026-06-04 20:45:00+00:00,27.48,27.48,27.37,27.4,11835.0,129.0,27.426916
QBTS,2026-06-04 20:50:00+00:00,27.41,27.41,27.36,27.36,4761.0,52.0,27.389022
QBTS,2026-06-04 20:55:00+00:00,27.4795,27.4795,27.36,27.36,1915.0,23.0,27.420435
QBTS,2026-06-04 21:00:00+00:00,27.3495,27.3495,27.3495,27.3495,259.0,9.0,27.3495
QBTS,2026-06-04 21:05:00+00:00,27.36,27.4584,27.36,27.4,828.0,26.0,27.400716
QBTS,2026-06-04 21:10:00+00:00,27.4799,27.4799,27.3426,27.3426,4215.0,72.0,27.39343
QBTS,2026-06-04 21:15:00+00:00,27.36,27.3756,27.36,27.3756,612.0,8.0,27.364964
QBTS,2026-06-04 21:20:00+00:00,27.45,27.48,27.45,27.48,482.0,9.0,27.473333
QBTS,2026-06-04 21:30:00+00:00,27.4003,27.46,27.4003,27.46,2804.0,20.0,27.443671
QBTS,2026-06-04 21:35:00+00:00,27.45,27.4755,27.45,27.4755,1746.0,13.0,27.451594
QBTS,2026-06-04 21:40:00+00:00,27.46,27.46,27.4,27.4,3172.0,25.0,27.413553
QBTS,2026-06-04 21:45:00+00:00,27.46,27.48,27.46,27.4691,1565.0,37.0,27.469445
QBTS,2026-06-04 21:50:00+00:00,27.48,27.48,27.46,27.46,4227.0,15.0,27.479463
QBTS,2026-06-04 21:55:00+00:00,27.48,27.48,27.46,27.46,1292.0,22.0,27.471908
QBTS,2026-06-04 22:00:00+00:00,27.48,27.48,27.43,27.46,566.0,18.0,27.452857
QBTS,2026-06-04 22:05:00+00:00,27.46,27.47,27.43,27.43,622.0,7.0,27.456978
QBTS,2026-06-04 22:10:00+00:00,27.47,27.47,27.43,27.43,1441.0,20.0,27.437217
QBTS,2026-06-04 22:15:00+00:00,27.4,27.43,27.4,27.4015,2832.0,15.0,27.402612
QBTS,2026-06-04 22:20:00+00:00,27.445,27.46,27.38,27.38,3836.0,23.0,27.412763
QBTS,2026-06-04 22:25:00+00:00,27.36,27.4498,27.36,27.36,1402.0,26.0,27.370326
QBTS,2026-06-04 22:30:00+00:00,27.36,27.3604,27.36,27.36,1252.0,16.0,27.360063
QBTS,2026-06-04 22:35:00+00:00,27.43,27.43,27.36,27.3778,4664.0,29.0,27.39982
QBTS,2026-06-04 22:40:00+00:00,27.3802,27.43,27.38,27.38,2630.0,13.0,27.398934
QBTS,2026-06-04 22:45:00+00:00,27.4,27.416,27.36,27.36,1920.0,24.0,27.380759
QBTS,2026-06-04 22:50:00+00:00,27.43,27.43,27.36,27.36,1306.0,12.0,27.3775
QBTS,2026-06-04 22:55:00+00:00,27.36,27.39,27.34,27.39,4815.0,45.0,27.358711
QBTS,2026-06-04 23:00:00+00:00,27.4,27.4,27.37,27.37,6543.0,16.0,27.387202
QBTS,2026-06-04 23:05:00+00:00,27.36,27.36,27.33,27.36,6192.0,45.0,27.352462
QBTS,2026-06-04 23:10:00+00:00,27.32,27.36,27.32,27.34,1398.0,16.0,27.348769
QBTS,2026-06-04 23:15:00+00:00,27.3599,27.36,27.34,27.34,7630.0,15.0,27.356111
QBTS,2026-06-04 23:20:00+00:00,27.33,27.3422,27.27,27.29,10076.0,164.0,27.296947
QBTS,2026-06-04 23:25:00+00:00,27.3494,27.35,27.3494,27.35,1352.0,12.0,27.349945
QBTS,2026-06-04 23:30:00+00:00,27.4209,27.4209,27.4,27.4,583.0,34.0,27.40836
QBTS,2026-06-04 23:35:00+00:00,27.43,27.43,27.37,27.37,2360.0,37.0,27.408157
QBTS,2026-06-04 23:40:00+00:00,27.43,27.43,27.3,27.3,3313.0,35.0,27.326552
QBTS,2026-06-04 23:45:00+00:00,27.29,27.3082,27.28,27.3082,1859.0,33.0,27.293274
QBTS,2026-06-04 23:50:00+00:00,27.3,27.38,27.27,27.3,1368.0,22.0,27.315348
QBTS,2026-06-04 23:55:00+00:00,27.2801,27.3,27.24,27.24,2745.0,56.0,27.282879
QBTS,2026-06-05 08:00:00+00:00,26.99,27.2,26.87,27.0,58151.0,796.0,27.014513
QBTS,2026-06-05 08:05:00+00:00,26.95,27.0,26.95,26.95,2424.0,35.0,26.965781
QBTS,2026-06-05 08:10:00+00:00,26.95,27.16,26.86,26.86,3175.0,73.0,26.98701
QBTS,2026-06-05 08:15:00+00:00,26.94,27.0,26.94,27.0,2974.0,22.0,26.991706
QBTS,2026-06-05 08:20:00+00:00,27.08,27.08,27.08,27.08,275.0,5.0,27.08
QBTS,2026-06-05 08:25:00+00:00,27.02,27.14,27.0,27.14,2159.0,17.0,27.04735
QBTS,2026-06-05 08:30:00+00:00,27.14,27.25,27.14,27.2,5374.0,22.0,27.153047
QBTS,2026-06-05 08:35:00+00:00,27.23,27.28,27.23,27.28,805.0,11.0,27.25907
QBTS,2026-06-05 08:40:00+00:00,27.19,27.19,27.17,27.17,688.0,19.0,27.179606
QBTS,2026-06-05 08:45:00+00:00,27.17,27.23,27.17,27.22,663.0,10.0,27.203681
QBTS,2026-06-05 08:50:00+00:00,27.15,27.17,27.14,27.1427,2476.0,38.0,27.152903
QBTS,2026-06-05 08:55:00+00:00,27.14,27.1584,27.1,27.1584,777.0,22.0,27.13768
QBTS,2026-06-05 09:00:00+00:00,27.2,27.23,27.18,27.21,11413.0,98.0,27.199324
QBTS,2026-06-05 09:05:00+00:00,27.2,27.2,27.19,27.19,512.0,6.0,27.196479
QBTS,2026-06-05 09:10:00+00:00,27.25,27.35,27.25,27.35,5213.0,52.0,27.326314
QBTS,2026-06-05 09:15:00+00:00,27.35,27.35,27.3,27.3,1008.0,11.0,27.314286
QBTS,2026-06-05 09:20:00+00:00,27.41,27.41,27.3,27.3,1202.0,14.0,27.35914
QBTS,2026-06-05 09:25:00+00:00,27.29,27.35,27.2557,27.2557,3341.0,21.0,27.267149
QBTS,2026-06-05 09:30:00+00:00,27.2621,27.29,27.25,27.25,2852.0,21.0,27.255432
QBTS,2026-06-05 09:50:00+00:00,27.38,27.38,27.38,27.38,1000.0,1.0,27.38
QBTS,2026-06-05 10:00:00+00:00,27.38,27.38,27.34,27.34,3346.0,12.0,27.359881
QBTS,2026-06-05 10:10:00+00:00,27.36,27.37,27.35,27.3619,4767.0,33.0,27.365703
QBTS,2026-06-05 10:15:00+00:00,27.37,27.38,27.31,27.38,7960.0,46.0,27.329052
QBTS,2026-06-05 10:20:00+00:00,27.42,27.42,27.42,27.42,164.0,2.0,27.42
QBTS,2026-06-05 10:25:00+00:00,27.44,27.44,27.44,27.44,570.0,14.0,27.44
QBTS,2026-06-05 10:30:00+00:00,27.4055,27.45,27.4055,27.44,3523.0,31.0,27.42592
QBTS,2026-06-05 10:35:00+00:00,27.47,27.47,27.43,27.44,3326.0,34.0,27.444605
QBTS,2026-06-05 10:40:00+00:00,27.44,27.47,27.43,27.47,2883.0,42.0,27.446281
QBTS,2026-06-05 10:45:00+00:00,27.48,27.48,27.47,27.47,1108.0,21.0,27.477024
QBTS,2026-06-05 10:50:00+00:00,27.46,27.5,27.46,27.46,4725.0,34.0,27.481121
QBTS,2026-06-05 10:55:00+00:00,27.42,27.45,27.34,27.34,3015.0,42.0,27.42284
QBTS,2026-06-05 11:00:00+00:00,27.32,27.4,27.27,27.3988,22625.0,113.0,27.327257
QBTS,2026-06-05 11:05:00+00:00,27.3993,27.3993,27.2668,27.2668,3350.0,30.0,27.325366
QBTS,2026-06-05 11:10:00+00:00,27.35,27.38,27.35,27.38,2310.0,39.0,27.358994
QBTS,2026-06-05 11:15:00+00:00,27.4,27.4,27.3,27.3,8402.0,35.0,27.32686
QBTS,2026-06-05 11:20:00+00:00,27.37,27.37,27.28,27.28,5137.0,41.0,27.32343
QBTS,2026-06-05 11:25:00+00:00,27.3,27.37,27.28,27.2881,6542.0,35.0,27.315709
QBTS,2026-06-05 11:30:00+00:00,27.335,27.38,27.335,27.38,1065.0,11.0,27.364461
QBTS,2026-06-05 11:35:00+00:00,27.39,27.39,27.3025,27.3025,4170.0,33.0,27.324422
QBTS,2026-06-05 11:40:00+00:00,27.3354,27.36,27.3354,27.36,379.0,11.0,27.34565
QBTS,2026-06-05 11:45:00+00:00,27.38,27.38,27.3302,27.38,3525.0,40.0,27.360184
QBTS,2026-06-05 11:50:00+00:00,27.3538,27.36,27.31,27.36,8607.0,55.0,27.347306
QBTS,2026-06-05 11:55:00+00:00,27.32,27.34,27.2929,27.3294,2185.0,28.0,27.324765
QBTS,2026-06-05 12:00:00+00:00,27.32,27.32,27.19,27.2,10936.0,81.0,27.287843
QBTS,2026-06-05 12:05:00+00:00,27.21,27.22,27.12,27.12,16546.0,85.0,27.177778
QBTS,2026-06-05 12:10:00+00:00,27.12,27.15,27.05,27.06,21459.0,115.0,27.133766
QBTS,2026-06-05 12:15:00+00:00,27.0658,27.13,27.0658,27.11,7194.0,45.0,27.107227
QBTS,2026-06-05 12:20:00+00:00,27.14,27.1609,27.13,27.1556,5643.0,36.0,27.140916
QBTS,2026-06-05 12:25:00+00:00,27.12,27.12,27.0,27.03,17560.0,141.0,27.062017
QBTS,2026-06-05 12:30:00+00:00,27.12,27.18,26.91,27.1066,16594.0,192.0,27.015672
QBTS,2026-06-05 12:35:00+00:00,27.0,27.094,26.88,26.94,38109.0,240.0,26.917195
QBTS,2026-06-05 12:40:00+00:00,26.97,27.1,26.96,27.07,25619.0,186.0,27.011868
QBTS,2026-06-05 12:45:00+00:00,27.04,27.05,27.025,27.05,5415.0,47.0,27.03886
QBTS,2026-06-05 12:50:00+00:00,27.09,27.1,26.956,26.956,17154.0,112.0,27.023873
QBTS,2026-06-05 12:55:00+00:00,26.94,27.01,26.91,26.92,7179.0,96.0,26.956531
QBTS,2026-06-05 13:00:00+00:00,26.9894,26.99,26.8814,26.9018,26400.0,186.0,26.90967
QBTS,2026-06-05 13:05:00+00:00,26.9,26.95,26.86,26.88,34219.0,225.0,26.899021
QBTS,2026-06-05 13:10:00+00:00,26.89,26.91,26.83,26.84,27691.0,205.0,26.860666
QBTS,2026-06-05 13:15:00+00:00,26.83,26.87,26.7613,26.8,58239.0,303.0,26.803503
QBTS,2026-06-05 13:20:00+00:00,26.82,27.0,26.7784,26.8706,11560.0,171.0,26.895006
QBTS,2026-06-05 13:25:00+00:00,26.86,26.8916,26.57,26.59,27532.0,332.0,26.643175
QBTS,2026-06-05 13:30:00+00:00,26.56,26.59,25.85,26.33,1197947.0,9627.0,26.231274
QBTS,2026-06-05 13:35:00+00:00,26.3,26.36,25.895,25.95,798771.0,8526.0,26.120975
QBTS,2026-06-05 13:40:00+00:00,25.955,25.98,25.55,25.675,949807.0,7996.0,25.697431
QBTS,2026-06-05 13:45:00+00:00,25.67,25.83,25.25,25.2901,1028954.0,8705.0,25.494744
QBTS,2026-06-05 13:50:00+00:00,25.27,25.5,25.165,25.475,1164868.0,10895.0,25.303495
QBTS,2026-06-05 13:55:00+00:00,25.47,25.47,24.795,24.825,1232007.0,11718.0,25.062168
QBTS,2026-06-05 14:00:00+00:00,24.825,25.1651,24.825,25.035,730555.0,6104.0,24.991951
QBTS,2026-06-05 14:05:00+00:00,25.035,25.2001,24.91,25.2,464691.0,4384.0,25.058424
QBTS,2026-06-05 14:10:00+00:00,25.195,25.25,24.885,25.2201,591952.0,5122.0,25.069345
QBTS,2026-06-05 14:15:00+00:00,25.215,25.4398,25.14,25.435,422403.0,3909.0,25.247203
QBTS,2026-06-05 14:20:00+00:00,25.43,25.46,25.05,25.1099,587584.0,6139.0,25.290938
QBTS,2026-06-05 14:25:00+00:00,25.095,25.1,24.78,24.855,496261.0,4519.0,24.89917
QBTS,2026-06-05 14:30:00+00:00,24.855,25.185,24.845,25.185,321626.0,2948.0,25.008108
QBTS,2026-06-05 14:35:00+00:00,25.185,25.31,25.1301,25.275,348589.0,2775.0,25.240793
QBTS,2026-06-05 14:40:00+00:00,25.27,25.27,25.055,25.13,291597.0,2574.0,25.163245
QBTS,2026-06-05 14:45:00+00:00,25.125,25.2,24.995,25.0657,267541.0,2770.0,25.069604
QBTS,2026-06-05 14:50:00+00:00,25.07,25.26,25.04,25.21,190279.0,2175.0,25.170567
QBTS,2026-06-05 14:55:00+00:00,25.2,25.2999,25.11,25.185,248484.0,2812.0,25.223751
QBTS,2026-06-05 15:00:00+00:00,25.18,25.2069,25.0,25.1015,264445.0,2329.0,25.094893
QBTS,2026-06-05 15:05:00+00:00,25.095,25.11,24.825,24.85,216431.0,2406.0,24.93331
QBTS,2026-06-05 15:10:00+00:00,24.85,24.9099,24.635,24.64,322970.0,3341.0,24.733047
QBTS,2026-06-05 15:15:00+00:00,24.64,24.85,24.64,24.84,284590.0,2828.0,24.760683
QBTS,2026-06-05 15:20:00+00:00,24.8493,24.8493,24.56,24.665,381631.0,3614.0,24.653693
QBTS,2026-06-05 15:25:00+00:00,24.66,24.705,24.615,24.65,149721.0,2018.0,24.666507
QBTS,2026-06-05 15:30:00+00:00,24.64,24.71,24.585,24.595,187873.0,1890.0,24.629332
QBTS,2026-06-05 15:35:00+00:00,24.595,24.65,24.5,24.535,378174.0,3379.0,24.548308
QBTS,2026-06-05 15:40:00+00:00,24.53,24.55,24.38,24.5,478595.0,3407.0,24.461214
QBTS,2026-06-05 15:45:00+00:00,24.505,24.6594,24.46,24.515,252041.0,2242.0,24.559208
QBTS,2026-06-05 15:50:00+00:00,24.515,24.73,24.515,24.675,218618.0,2372.0,24.645949
QBTS,2026-06-05 15:55:00+00:00,24.695,24.725,24.61,24.72,146720.0,1835.0,24.686303
QBTS,2026-06-05 16:00:00+00:00,24.725,24.725,24.541,24.565,262573.0,1862.0,24.610032
QBTS,2026-06-05 16:05:00+00:00,24.565,24.57,24.35,24.425,270198.0,2785.0,24.460071
QBTS,2026-06-05 16:10:00+00:00,24.42,24.525,24.35,24.455,245993.0,2465.0,24.413944
QBTS,2026-06-05 16:15:00+00:00,24.455,24.46,24.3,24.345,245184.0,2175.0,24.368429
QBTS,2026-06-05 16:20:00+00:00,24.3401,24.455,24.3,24.4,276000.0,2552.0,24.380083
QBTS,2026-06-05 16:25:00+00:00,24.39,24.435,24.3,24.302,181907.0,1781.0,24.377053
QBTS,2026-06-05 16:30:00+00:00,24.302,24.302,24.14,24.2301,292494.0,2584.0,24.219444
QBTS,2026-06-05 16:35:00+00:00,24.2399,24.345,24.1801,24.245,214542.0,1869.0,24.259915
QBTS,2026-06-05 16:40:00+00:00,24.24,24.28,24.02,24.0203,398325.0,2791.0,24.101835
QBTS,2026-06-05 16:45:00+00:00,24.02,24.16,23.925,24.155,870959.0,5524.0,23.997887
QBTS,2026-06-05 16:50:00+00:00,24.15,24.52,24.0896,24.51,328862.0,2910.0,24.302755
QBTS,2026-06-05 16:55:00+00:00,24.51,24.515,24.365,24.49,255051.0,2320.0,24.423957
QBTS,2026-06-05 17:00:00+00:00,24.49,24.495,24.285,24.3951,231648.0,2743.0,24.389989
QBTS,2026-06-05 17:05:00+00:00,24.4,24.405,24.19,24.25,196722.0,1691.0,24.260287
QBTS,2026-06-05 17:10:00+00:00,24.2501,24.2689,24.05,24.095,571957.0,4364.0,24.103117
QBTS,2026-06-05 17:15:00+00:00,24.09,24.115,24.0101,24.0731,183815.0,1691.0,24.057416
QBTS,2026-06-05 17:20:00+00:00,24.08,24.25,24.0,24.235,274225.0,2211.0,24.149149
QBTS,2026-06-05 17:25:00+00:00,24.225,24.235,24.0,24.16,205871.0,1839.0,24.102864
QBTS,2026-06-05 17:30:00+00:00,24.155,24.19,24.05,24.185,181789.0,1705.0,24.123571
QBTS,2026-06-05 17:35:00+00:00,24.185,24.25,24.14,24.2001,204695.0,2155.0,24.185084
QBTS,2026-06-05 17:40:00+00:00,24.21,24.23,23.95,23.965,198928.0,2119.0,24.053667
QBTS,2026-06-05 17:45:00+00:00,23.965,24.04,23.95,23.975,272162.0,1810.0,23.996274
QBTS,2026-06-05 17:50:00+00:00,23.9701,24.05,23.9394,24.045,258916.0,1934.0,23.97397
QBTS,2026-06-05 17:55:00+00:00,24.04,24.08,23.995,24.065,109735.0,1201.0,24.042765
QBTS,2026-06-05 18:00:00+00:00,24.06,24.075,23.81,23.81,289959.0,2443.0,23.928189
QBTS,2026-06-05 18:05:00+00:00,23.805,23.8399,23.75,23.75,355355.0,2308.0,23.784689
QBTS,2026-06-05 18:10:00+00:00,23.75,23.775,23.61,23.65,349922.0,2846.0,23.685274
QBTS,2026-06-05 18:15:00+00:00,23.6566,23.69,23.55,23.555,385240.0,3216.0,23.628482
QBTS,2026-06-05 18:20:00+00:00,23.56,23.66,23.5101,23.575,345790.0,2346.0,23.589523
QBTS,2026-06-05 18:25:00+00:00,23.57,23.615,23.5,23.56,265850.0,2511.0,23.552056
QBTS,2026-06-05 18:30:00+00:00,23.565,23.6198,23.5,23.575,187185.0,2335.0,23.547228
QBTS,2026-06-05 18:35:00+00:00,23.575,23.575,23.411,23.495,258990.0,2431.0,23.466094
QBTS,2026-06-05 18:40:00+00:00,23.495,23.51,23.3,23.43,285663.0,2374.0,23.381237
QBTS,2026-06-05 18:45:00+00:00,23.425,23.475,23.285,23.465,312476.0,3065.0,23.357981
QBTS,2026-06-05 18:50:00+00:00,23.455,23.6,23.3612,23.58,239918.0,2201.0,23.435507
QBTS,2026-06-05 18:55:00+00:00,23.59,23.79,23.49,23.785,476872.0,3709.0,23.673007
QBTS,2026-06-05 19:00:00+00:00,23.78,23.8025,23.56,23.8015,357903.0,3005.0,23.677171
QBTS,2026-06-05 19:05:00+00:00,23.81,23.915,23.5525,23.635,264014.0,2525.0,23.71965
QBTS,2026-06-05 19:10:00+00:00,23.6301,23.64,23.4143,23.473,352175.0,2667.0,23.473742
QBTS,2026-06-05 19:15:00+00:00,23.46,23.465,23.32,23.4351,395428.0,3007.0,23.388825
QBTS,2026-06-05 19:20:00+00:00,23.4325,23.61,23.4,23.61,301097.0,2715.0,23.500685
QBTS,2026-06-05 19:25:00+00:00,23.61,23.9,23.61,23.895,380822.0,3269.0,23.743094
QBTS,2026-06-05 19:30:00+00:00,23.895,23.915,23.75,23.855,336834.0,2862.0,23.826156
QBTS,2026-06-05 19:35:00+00:00,23.855,24.015,23.815,24.005,437434.0,3598.0,23.909262
QBTS,2026-06-05 19:40:00+00:00,24.005,24.005,23.705,23.875,472643.0,3798.0,23.825178
QBTS,2026-06-05 19:45:00+00:00,23.8788,24.005,23.835,23.945,520930.0,3702.0,23.950067
QBTS,2026-06-05 19:50:00+00:00,23.94,24.1054,23.915,24.055,692450.0,6194.0,24.016865
QBTS,2026-06-05 19:55:00+00:00,24.05,24.05,23.8,23.85,958737.0,8203.0,23.897494
QBTS,2026-06-05 20:00:00+00:00,23.84,23.86,23.41,23.46,2763072.0,519.0,23.846539
QBTS,2026-06-05 20:05:00+00:00,23.46,23.67,23.25,23.67,49831.0,473.0,23.349114
QBTS,2026-06-05 20:10:00+00:00,23.38,23.7114,23.38,23.5,9995.0,246.0,23.521019
QBTS,2026-06-05 20:15:00+00:00,23.516,23.55,23.4,23.45,19941.0,166.0,23.480496
QBTS,2026-06-05 20:20:00+00:00,23.45,23.5,23.45,23.5,23533.0,119.0,23.476063
QBTS,2026-06-05 20:25:00+00:00,23.5,23.55,23.45,23.55,8201.0,123.0,23.514922
QBTS,2026-06-05 20:30:00+00:00,23.54,23.85,23.5,23.5,14673.0,107.0,23.527681
QBTS,2026-06-05 20:35:00+00:00,23.49,23.6,23.49,23.54,13069.0,110.0,23.557579
QBTS,2026-06-05 20:40:00+00:00,23.57,23.6,23.52,23.55,9457.0,116.0,23.560345
QBTS,2026-06-05 20:45:00+00:00,23.5721,23.5721,23.51,23.54,7720.0,100.0,23.537749
QBTS,2026-06-05 20:50:00+00:00,23.535,23.6604,23.53,23.65,6525.0,83.0,23.556288
QBTS,2026-06-05 20:55:00+00:00,23.69,23.69,23.54,23.55,8734.0,99.0,23.619436
QBTS,2026-06-05 21:00:00+00:00,23.59,23.6,23.46,23.46,25982.0,154.0,23.545645
QBTS,2026-06-05 21:05:00+00:00,23.47,23.5,23.445,23.4465,9146.0,109.0,23.464354
QBTS,2026-06-05 21:10:00+00:00,23.45,23.49,23.44,23.44,2878.0,105.0,23.466137
QBTS,2026-06-05 21:15:00+00:00,23.55,23.65,23.4678,23.62,8052.0,143.0,23.549754
QBTS,2026-06-05 21:20:00+00:00,23.65,23.84,23.63,23.72,12027.0,121.0,23.710378
QBTS,2026-06-05 21:25:00+00:00,23.7,23.82,23.5409,23.7489,8425.0,104.0,23.672854
QBTS,2026-06-05 21:30:00+00:00,23.72,23.7914,23.55,23.6,4802.0,51.0,23.651865
QBTS,2026-06-05 21:35:00+00:00,23.7,23.7,23.6,23.6255,2737.0,82.0,23.655105
QBTS,2026-06-05 21:40:00+00:00,23.66,23.66,23.56,23.63,7874.0,148.0,23.602901
QBTS,2026-06-05 21:45:00+00:00,23.649,23.65,23.59,23.64,2900.0,51.0,23.614241
QBTS,2026-06-05 21:50:00+00:00,23.62,23.65,23.59,23.65,3732.0,49.0,23.630514
QBTS,2026-06-05 21:55:00+00:00,23.6496,23.67,23.6336,23.67,3248.0,63.0,23.661841
QBTS,2026-06-05 22:00:00+00:00,23.7,23.74,23.67,23.74,4312.0,34.0,23.735396
QBTS,2026-06-05 22:05:00+00:00,23.72,23.73,23.67,23.686,5418.0,267.0,23.685822
QBTS,2026-06-05 22:10:00+00:00,23.6874,23.74,23.6451,23.7259,8251.0,76.0,23.709317
QBTS,2026-06-05 22:15:00+00:00,23.71,23.71,23.694,23.694,651.0,22.0,23.704667
QBTS,2026-06-05 22:20:00+00:00,23.7,23.7,23.63,23.63,2223.0,74.0,23.659659
QBTS,2026-06-05 22:25:00+00:00,23.6561,23.7,23.6561,23.6991,2424.0,52.0,23.687671
QBTS,2026-06-05 22:30:00+00:00,23.68,23.73,23.68,23.71,3638.0,51.0,23.695844
QBTS,2026-06-05 22:35:00+00:00,23.68,23.73,23.68,23.7,7534.0,81.0,23.690262
QBTS,2026-06-05 22:40:00+00:00,23.63,23.649,23.58,23.58,4965.0,82.0,23.6255
QBTS,2026-06-05 22:45:00+00:00,23.5787,23.6,23.49,23.52,9072.0,237.0,23.549572
QBTS,2026-06-05 22:50:00+00:00,23.48,23.55,23.48,23.55,4705.0,84.0,23.525237
QBTS,2026-06-05 22:55:00+00:00,23.52,23.61,23.52,23.56,2830.0,53.0,23.573493
QBTS,2026-06-05 23:00:00+00:00,23.6,23.6,23.5,23.5636,12672.0,71.0,23.510094
QBTS,2026-06-05 23:05:00+00:00,23.54,23.58,23.52,23.52,2836.0,78.0,23.539125
QBTS,2026-06-05 23:10:00+00:00,23.55,23.58,23.5298,23.58,1101.0,34.0,23.549028
QBTS,2026-06-05 23:15:00+00:00,23.5795,23.58,23.54,23.54,1107.0,27.0,23.572933
QBTS,2026-06-05 23:20:00+00:00,23.57,23.57,23.52,23.52,2862.0,32.0,23.549895
QBTS,2026-06-05 23:25:00+00:00,23.52,23.55,23.5,23.5016,4545.0,25.0,23.505179
QBTS,2026-06-05 23:30:00+00:00,23.53,23.56,23.48,23.48,4066.0,94.0,23.505799
QBTS,2026-06-05 23:35:00+00:00,23.47,23.5,23.43,23.5,2556.0,40.0,23.467649
QBTS,2026-06-05 23:40:00+00:00,23.4829,23.4829,23.4,23.4,5346.0,90.0,23.417359
QBTS,2026-06-05 23:45:00+00:00,23.412,23.55,23.34,23.45,10721.0,101.0,23.395898
QBTS,2026-06-05 23:50:00+00:00,23.4263,23.51,23.4,23.51,11124.0,50.0,23.462621
QBTS,2026-06-05 23:55:00+00:00,23.5,23.51,23.39,23.39,11980.0,105.0,23.473173
QBTS,2026-06-08 08:00:00+00:00,23.96,24.33,23.46,24.1636,204745.0,1962.0,23.833672
QBTS,2026-06-08 08:05:00+00:00,24.28,24.6,23.5,24.49,23150.0,203.0,24.34014
QBTS,2026-06-08 08:10:00+00:00,24.49,24.55,23.49,24.445,25081.0,261.0,24.155464
QBTS,2026-06-08 08:15:00+00:00,24.47,24.49,24.465,24.49,4817.0,78.0,24.479252
QBTS,2026-06-08 08:20:00+00:00,24.49,24.49,24.4588,24.4588,4641.0,97.0,24.480954
QBTS,2026-06-08 08:25:00+00:00,24.52,24.52,24.45,24.45,6399.0,60.0,24.51537
QBTS,2026-06-08 08:30:00+00:00,24.44,24.5,24.42,24.47,23604.0,136.0,24.456141
QBTS,2026-06-08 08:35:00+00:00,24.47,24.49,24.4,24.4,3372.0,35.0,24.416576
QBTS,2026-06-08 08:40:00+00:00,24.36,24.36,24.18,24.18,9165.0,54.0,24.322703
QBTS,2026-06-08 08:45:00+00:00,24.265,24.265,24.24,24.24,1183.0,18.0,24.247866
QBTS,2026-06-08 08:50:00+00:00,24.25,24.29,24.2,24.24,2186.0,25.0,24.246649
QBTS,2026-06-08 08:55:00+00:00,24.19,24.23,24.15,24.23,5086.0,45.0,24.190531
QBTS,2026-06-08 09:00:00+00:00,24.23,24.25,24.22,24.25,3854.0,37.0,24.232077
QBTS,2026-06-08 09:05:00+00:00,24.2484,24.2644,24.22,24.23,2581.0,38.0,24.238838
QBTS,2026-06-08 09:10:00+00:00,24.23,24.23,24.18,24.19,526.0,10.0,24.2
QBTS,2026-06-08 09:15:00+00:00,24.2,24.205,24.19,24.19,1578.0,29.0,24.198996
QBTS,2026-06-08 09:20:00+00:00,24.23,24.26,24.23,24.24,2606.0,54.0,24.237265
QBTS,2026-06-08 09:25:00+00:00,24.21,24.21,24.21,24.21,299.0,9.0,24.21
QBTS,2026-06-08 09:30:00+00:00,24.24,24.24,24.14,24.15,11050.0,36.0,24.153773
QBTS,2026-06-08 09:35:00+00:00,24.15,24.22,24.14,24.22,12750.0,88.0,24.196141
QBTS,2026-06-08 09:40:00+00:00,24.06,24.1247,24.06,24.1247,845.0,4.0,24.086142
QBTS,2026-06-08 09:45:00+00:00,24.18,24.18,24.17,24.18,1228.0,18.0,24.178968
QBTS,2026-06-08 09:50:00+00:00,24.22,24.22,24.21,24.21,611.0,4.0,24.218333
QBTS,2026-06-08 09:55:00+00:00,24.13,24.17,24.1244,24.17,1081.0,9.0,24.145395
QBTS,2026-06-08 10:00:00+00:00,24.18,24.18,24.08,24.08,1697.0,31.0,24.143876
QBTS,2026-06-08 10:05:00+00:00,24.18,24.18,24.18,24.18,541.0,4.0,24.18
QBTS,2026-06-08 10:10:00+00:00,24.17,24.27,24.17,24.27,7951.0,81.0,24.209728
QBTS,2026-06-08 10:15:00+00:00,24.23,24.3,24.2,24.23,9489.0,67.0,24.289636
QBTS,2026-06-08 10:20:00+00:00,24.2,24.2432,24.19,24.22,1759.0,19.0,24.212494
QBTS,2026-06-08 10:25:00+00:00,24.2,24.2,24.2,24.2,489.0,12.0,24.2
QBTS,2026-06-08 10:30:00+00:00,24.2,24.33,24.19,24.33,8814.0,73.0,24.277845
QBTS,2026-06-08 10:35:00+00:00,24.3,24.31,24.28,24.29,1132.0,10.0,24.290909
QBTS,2026-06-08 10:40:00+00:00,24.37,24.38,24.35,24.38,3913.0,37.0,24.374747
QBTS,2026-06-08 10:45:00+00:00,24.39,24.43,24.35,24.35,12528.0,56.0,24.392448
QBTS,2026-06-08 10:50:00+00:00,24.3836,24.4,24.3201,24.4,1569.0,35.0,24.377671
QBTS,2026-06-08 10:55:00+00:00,24.37,24.39,24.33,24.36,4840.0,51.0,24.371899
QBTS,2026-06-08 11:00:00+00:00,24.32,24.345,24.26,24.3351,10320.0,126.0,24.293224
QBTS,2026-06-08 11:05:00+00:00,24.3,24.37,24.25,24.35,9725.0,71.0,24.321486
QBTS,2026-06-08 11:10:00+00:00,24.36,24.6,24.36,24.6,28072.0,237.0,24.503482
QBTS,2026-06-08 11:15:00+00:00,24.63,24.67,24.56,24.62,40794.0,192.0,24.619744
QBTS,2026-06-08 11:20:00+00:00,24.65,24.74,24.61,24.65,39569.0,283.0,24.663157
QBTS,2026-06-08 11:25:00+00:00,24.6138,24.74,24.61,24.74,20406.0,182.0,24.653736
QBTS,2026-06-08 11:30:00+00:00,24.7018,24.8,24.7,24.7992,16549.0,173.0,24.745148
QBTS,2026-06-08 11:35:00+00:00,24.8,24.82,24.79,24.8,20693.0,150.0,24.804622
QBTS,2026-06-08 11:40:00+00:00,24.79,24.81,24.7,24.71,18135.0,200.0,24.781985
QBTS,2026-06-08 11:45:00+00:00,24.73,24.74,24.62,24.65,13213.0,188.0,24.65218
QBTS,2026-06-08 11:50:00+00:00,24.65,24.69,24.62,24.64,12208.0,97.0,24.657017
QBTS,2026-06-08 11:55:00+00:00,24.6688,24.7,24.54,24.6,17618.0,181.0,24.629605
QBTS,2026-06-08 12:00:00+00:00,24.63,24.6913,24.63,24.6772,20389.0,122.0,24.683552
QBTS,2026-06-08 12:05:00+00:00,24.62,24.7229,24.62,24.7229,9333.0,96.0,24.689534
QBTS,2026-06-08 12:10:00+00:00,24.74,24.75,24.68,24.7493,14159.0,148.0,24.731631
QBTS,2026-06-08 12:15:00+00:00,24.7461,24.77,24.7098,24.75,33474.0,261.0,24.748537
QBTS,2026-06-08 12:20:00+00:00,24.7571,24.8991,24.75,24.85,26448.0,205.0,24.828272
QBTS,2026-06-08 12:25:00+00:00,24.84,24.9271,24.81,24.91,27292.0,212.0,24.876916
QBTS,2026-06-08 12:30:00+00:00,24.9179,24.95,24.858,24.87,29611.0,284.0,24.918913
QBTS,2026-06-08 12:35:00+00:00,24.85,24.95,24.839,24.95,24908.0,205.0,24.883058
QBTS,2026-06-08 12:40:00+00:00,24.959,24.96,24.8516,24.8699,19798.0,211.0,24.901604
QBTS,2026-06-08 12:45:00+00:00,24.87,24.8946,24.81,24.81,20174.0,183.0,24.844989
QBTS,2026-06-08 12:50:00+00:00,24.84,24.84,24.75,24.77,40954.0,310.0,24.797911
QBTS,2026-06-08 12:55:00+00:00,24.76,24.78,24.74,24.76,22261.0,209.0,24.753887
QBTS,2026-06-08 13:00:00+00:00,24.75,24.84,24.75,24.8,26503.0,209.0,24.783577
QBTS,2026-06-08 13:05:00+00:00,24.8,24.86,24.7698,24.82,21496.0,257.0,24.823966
QBTS,2026-06-08 13:10:00+00:00,24.81,24.86,24.69,24.7,36470.0,371.0,24.740971
QBTS,2026-06-08 13:15:00+00:00,24.6862,24.7,24.62,24.69,30313.0,341.0,24.675476
QBTS,2026-06-08 13:20:00+00:00,24.7,24.7899,24.68,24.78,62661.0,328.0,24.760794
QBTS,2026-06-08 13:25:00+00:00,24.78,24.88,24.6,24.77,50556.0,444.0,24.738424
QBTS,2026-06-08 13:30:00+00:00,24.7,24.78,24.0,24.23,1231427.0,9365.0,24.438731
QBTS,2026-06-08 13:35:00+00:00,24.235,24.88,24.235,24.75,816550.0,6350.0,24.579591
QBTS,2026-06-08 13:40:00+00:00,24.7898,25.206,24.73,25.1101,827499.0,7556.0,24.98261
QBTS,2026-06-08 13:45:00+00:00,25.11,25.5,25.035,25.44,897140.0,7622.0,25.344203
QBTS,2026-06-08 13:50:00+00:00,25.45,25.8398,25.175,25.615,806004.0,7539.0,25.540625
QBTS,2026-06-08 13:55:00+00:00,25.615,25.76,25.31,25.505,746981.0,7201.0,25.516036
QBTS,2026-06-08 14:00:00+00:00,25.51,25.76,25.5,25.62,575272.0,5784.0,25.646929
QBTS,2026-06-08 14:05:00+00:00,25.62,25.96,25.49,25.92,713735.0,6378.0,25.750022
QBTS,2026-06-08 14:10:00+00:00,25.92,25.98,25.72,25.79,497768.0,4438.0,25.817862
QBTS,2026-06-08 14:15:00+00:00,25.79,25.79,25.48,25.59,535135.0,5323.0,25.631041
QBTS,2026-06-08 14:20:00+00:00,25.58,25.81,25.4199,25.8,471551.0,4255.0,25.583544
QBTS,2026-06-08 14:25:00+00:00,25.8,26.0,25.7301,25.985,515113.0,4564.0,25.889035
QBTS,2026-06-08 14:30:00+00:00,25.98,26.21,25.935,26.12,622269.0,4386.0,26.078921
QBTS,2026-06-08 14:35:00+00:00,26.12,26.44,26.12,26.41,545132.0,4320.0,26.270725
QBTS,2026-06-08 14:40:00+00:00,26.4,26.4294,26.1,26.24,419527.0,3510.0,26.248944
QBTS,2026-06-08 14:45:00+00:00,26.25,26.44,26.195,26.29,379274.0,3504.0,26.3178
QBTS,2026-06-08 14:50:00+00:00,26.29,26.69,26.26,26.635,522812.0,4444.0,26.541468
QBTS,2026-06-08 14:55:00+00:00,26.64,26.65,26.4301,26.45,410625.0,3015.0,26.512978
QBTS,2026-06-08 15:00:00+00:00,26.445,26.505,26.17,26.21,439990.0,3133.0,26.317329
QBTS,2026-06-08 15:05:00+00:00,26.2007,26.24,26.01,26.03,427506.0,2569.0,26.138422
QBTS,2026-06-08 15:10:00+00:00,26.04,26.17,25.99,26.0528,520426.0,3227.0,26.095107
QBTS,2026-06-08 15:15:00+00:00,26.055,26.1838,26.0,26.14,430770.0,3760.0,26.100017
QBTS,2026-06-08 15:20:00+00:00,26.135,26.2499,25.995,26.195,309780.0,2520.0,26.093078
QBTS,2026-06-08 15:25:00+00:00,26.2,26.2,25.95,25.9746,357369.0,2983.0,26.023928
QBTS,2026-06-08 15:30:00+00:00,25.97,26.0,25.82,25.91,551835.0,4089.0,25.89087
QBTS,2026-06-08 15:35:00+00:00,25.915,26.04,25.88,25.99,264941.0,2421.0,25.954129
QBTS,2026-06-08 15:40:00+00:00,25.99,26.01,25.8801,25.965,162903.0,1559.0,25.9372
QBTS,2026-06-08 15:45:00+00:00,25.965,26.01,25.8203,25.83,161924.0,1454.0,25.922246
QBTS,2026-06-08 15:50:00+00:00,25.825,26.0201,25.79,25.8,179764.0,1690.0,25.900161
QBTS,2026-06-08 15:55:00+00:00,25.805,25.815,25.605,25.635,376396.0,2371.0,25.692111
QBTS,2026-06-08 16:00:00+00:00,25.65,25.72,25.585,25.6947,259513.0,2164.0,25.647883
QBTS,2026-06-08 16:05:00+00:00,25.695,25.6989,25.54,25.5509,198099.0,1614.0,25.617469
QBTS,2026-06-08 16:10:00+00:00,25.5523,25.76,25.51,25.7205,225663.0,1938.0,25.644003
QBTS,2026-06-08 16:15:00+00:00,25.74,25.9699,25.735,25.96,303187.0,1916.0,25.88177
QBTS,2026-06-08 16:20:00+00:00,25.96,26.025,25.89,25.9543,240291.0,2092.0,25.958946
QBTS,2026-06-08 16:25:00+00:00,25.9599,26.07,25.84,25.8601,285495.0,2180.0,25.960357
QBTS,2026-06-08 16:30:00+00:00,25.87,25.975,25.87,25.92,106940.0,1488.0,25.926976
QBTS,2026-06-08 16:35:00+00:00,25.92,26.055,25.915,25.9901,141486.0,1743.0,26.005688
QBTS,2026-06-08 16:40:00+00:00,25.99,26.1399,25.9601,26.12,271001.0,1964.0,26.071488
QBTS,2026-06-08 16:45:00+00:00,26.115,26.23,26.02,26.175,202579.0,2266.0,26.150623
QBTS,2026-06-08 16:50:00+00:00,26.17,26.4,26.17,26.38,300020.0,2714.0,26.307086
QBTS,2026-06-08 16:55:00+00:00,26.39,26.4157,26.28,26.3,233272.0,1969.0,26.341842
QBTS,2026-06-08 17:00:00+00:00,26.2904,26.3,26.1,26.19,272676.0,2400.0,26.196042
QBTS,2026-06-08 17:05:00+00:00,26.19,26.27,26.08,26.1,117921.0,1553.0,26.200006
QBTS,2026-06-08 17:10:00+00:00,26.0913,26.11,25.995,26.11,198431.0,1775.0,26.03947
QBTS,2026-06-08 17:15:00+00:00,26.105,26.13,26.03,26.067,146212.0,1412.0,26.079891
QBTS,2026-06-08 17:20:00+00:00,26.065,26.1799,26.06,26.145,122159.0,1277.0,26.121012
QBTS,2026-06-08 17:25:00+00:00,26.135,26.33,26.125,26.33,185724.0,1763.0,26.210157
QBTS,2026-06-08 17:30:00+00:00,26.33,26.355,26.17,26.2299,204143.0,1767.0,26.272996
QBTS,2026-06-08 17:35:00+00:00,26.23,26.3,26.1122,26.29,139222.0,1568.0,26.222339
QBTS,2026-06-08 17:40:00+00:00,26.2914,26.3,26.2,26.23,96916.0,1290.0,26.254403
QBTS,2026-06-08 17:45:00+00:00,26.225,26.415,26.225,26.37,163601.0,1547.0,26.34586
QBTS,2026-06-08 17:50:00+00:00,26.3701,26.58,26.34,26.549,291047.0,2334.0,26.48037
QBTS,2026-06-08 17:55:00+00:00,26.545,26.57,26.4,26.455,192245.0,1748.0,26.493419
QBTS,2026-06-08 18:00:00+00:00,26.46,26.7299,26.46,26.625,285553.0,2385.0,26.631824
QBTS,2026-06-08 18:05:00+00:00,26.6201,26.7,26.59,26.635,202894.0,1493.0,26.645591
QBTS,2026-06-08 18:10:00+00:00,26.63,26.6399,26.485,26.5207,163202.0,1427.0,26.551878
QBTS,2026-06-08 18:15:00+00:00,26.54,26.625,26.47,26.495,127685.0,1261.0,26.557468
QBTS,2026-06-08 18:20:00+00:00,26.4901,26.505,26.37,26.44,144401.0,1198.0,26.430576
QBTS,2026-06-08 18:25:00+00:00,26.4499,26.475,26.32,26.36,99912.0,1062.0,26.388633
QBTS,2026-06-08 18:30:00+00:00,26.355,26.405,26.29,26.33,129922.0,1172.0,26.349451
QBTS,2026-06-08 18:35:00+00:00,26.325,26.325,26.2301,26.2566,144199.0,1318.0,26.275764
QBTS,2026-06-08 18:40:00+00:00,26.2501,26.26,26.1205,26.135,146453.0,1480.0,26.192615
QBTS,2026-06-08 18:45:00+00:00,26.1301,26.27,26.1301,26.24,202520.0,1669.0,26.216753
QBTS,2026-06-08 18:50:00+00:00,26.25,26.26,26.075,26.075,283810.0,2160.0,26.164716
QBTS,2026-06-08 18:55:00+00:00,26.075,26.15,26.06,26.1001,163855.0,1293.0,26.111374
QBTS,2026-06-08 19:00:00+00:00,26.11,26.12,25.9,25.99,346219.0,1970.0,25.976339
QBTS,2026-06-08 19:05:00+00:00,25.9793,26.02,25.805,25.81,180438.0,1551.0,25.915095
QBTS,2026-06-08 19:10:00+00:00,25.8,25.83,25.73,25.76,271642.0,1972.0,25.785326
QBTS,2026-06-08 19:15:00+00:00,25.76,25.8199,25.6901,25.7,216050.0,1736.0,25.732955
QBTS,2026-06-08 19:20:00+00:00,25.71,25.785,25.56,25.57,267166.0,2175.0,25.656713
QBTS,2026-06-08 19:25:00+00:00,25.5603,25.86,25.54,25.86,276034.0,2169.0,25.680076
QBTS,2026-06-08 19:30:00+00:00,25.86,25.96,25.81,25.845,216102.0,1877.0,25.88408
QBTS,2026-06-08 19:35:00+00:00,25.8386,25.85,25.69,25.708,191622.0,1884.0,25.784597
QBTS,2026-06-08 19:40:00+00:00,25.69,25.7098,25.6,25.625,195271.0,2033.0,25.64793
QBTS,2026-06-08 19:45:00+00:00,25.625,25.6732,25.58,25.635,206664.0,1880.0,25.635762
QBTS,2026-06-08 19:50:00+00:00,25.64,25.85,25.635,25.755,410657.0,4070.0,25.75438
QBTS,2026-06-08 19:55:00+00:00,25.755,25.915,25.72,25.825,783417.0,6882.0,25.802704
QBTS,2026-06-08 20:00:00+00:00,25.69,25.89,25.69,25.86,1411184.0,193.0,25.82978
QBTS,2026-06-08 20:05:00+00:00,25.86,25.86,25.7614,25.79,12172.0,111.0,25.781835
QBTS,2026-06-08 20:10:00+00:00,25.7717,25.8487,25.76,25.76,8371.0,44.0,25.796581
QBTS,2026-06-08 20:15:00+00:00,25.75,25.76,25.6,25.72,4729.0,67.0,25.721603
QBTS,2026-06-08 20:20:00+00:00,25.715,25.73,25.65,25.73,5268.0,35.0,25.680474
QBTS,2026-06-08 20:25:00+00:00,25.7,25.79,25.7,25.79,3472.0,34.0,25.730057
QBTS,2026-06-08 20:30:00+00:00,25.78,25.83,25.703,25.83,21774.0,48.0,25.820631
QBTS,2026-06-08 20:35:00+00:00,25.75,25.75,25.72,25.73,732.0,14.0,25.731487
QBTS,2026-06-08 20:40:00+00:00,25.7499,25.75,25.72,25.75,1740.0,19.0,25.740209
QBTS,2026-06-08 20:45:00+00:00,25.7504,25.81,25.75,25.81,5872.0,33.0,25.783881
QBTS,2026-06-08 20:50:00+00:00,25.82,25.89,25.8001,25.8001,18031.0,53.0,25.865521
QBTS,2026-06-08 20:55:00+00:00,25.88,25.88,25.86,25.88,2255.0,34.0,25.873739
QBTS,2026-06-08 21:00:00+00:00,25.9,25.9098,25.85,25.9,3048.0,26.0,25.897027
QBTS,2026-06-08 21:05:00+00:00,25.91,25.91,25.86,25.883,677.0,10.0,25.872167
QBTS,2026-06-08 21:10:00+00:00,25.81,25.86,25.81,25.86,2255.0,11.0,25.838179
QBTS,2026-06-08 21:15:00+00:00,25.85,25.86,25.84,25.86,912.0,18.0,25.84613
QBTS,2026-06-08 21:20:00+00:00,25.84,25.8404,25.84,25.8404,372.0,13.0,25.8402
QBTS,2026-06-08 21:25:00+00:00,25.85,25.91,25.81,25.81,3600.0,67.0,25.848602
QBTS,2026-06-08 21:30:00+00:00,25.8027,25.9,25.8027,25.9,1773.0,8.0,25.891457
QBTS,2026-06-08 21:35:00+00:00,25.88,25.88,25.862,25.862,705.0,8.0,25.868923
QBTS,2026-06-08 21:40:00+00:00,25.8499,25.85,25.83,25.8301,778.0,10.0,25.844271
QBTS,2026-06-08 21:45:00+00:00,25.83,25.8307,25.83,25.8307,618.0,5.0,25.830579
QBTS,2026-06-08 21:50:00+00:00,25.83,25.83,25.81,25.81,2436.0,29.0,25.822796
QBTS,2026-06-08 21:55:00+00:00,25.8,25.81,25.8,25.81,1718.0,18.0,25.801637
QBTS,2026-06-08 22:00:00+00:00,25.81,25.81,25.79,25.79,2345.0,29.0,25.806285
QBTS,2026-06-08 22:05:00+00:00,25.78,25.78,25.77,25.77,623.0,16.0,25.776696
QBTS,2026-06-08 22:10:00+00:00,25.86,25.86,25.75,25.75,3251.0,19.0,25.770273
QBTS,2026-06-08 22:15:00+00:00,25.76,25.76,25.72,25.72,8400.0,49.0,25.748831
QBTS,2026-06-08 22:20:00+00:00,25.72,25.77,25.716,25.73,2734.0,18.0,25.727114
QBTS,2026-06-08 22:25:00+00:00,25.75,25.75,25.73,25.731,3056.0,16.0,25.738153
QBTS,2026-06-08 22:30:00+00:00,25.73,25.75,25.73,25.732,729.0,13.0,25.737471
QBTS,2026-06-08 22:35:00+00:00,25.73,25.78,25.73,25.78,2219.0,22.0,25.749033
QBTS,2026-06-08 22:40:00+00:00,25.8,25.8209,25.79,25.79,634.0,10.0,25.797463
QBTS,2026-06-08 22:45:00+00:00,25.8077,25.89,25.805,25.805,553.0,9.0,25.83012
QBTS,2026-06-08 22:50:00+00:00,25.8,25.8003,25.78,25.78,713.0,24.0,25.793297
QBTS,2026-06-08 22:55:00+00:00,25.79,25.81,25.7811,25.81,2064.0,27.0,25.799283
QBTS,2026-06-08 23:00:00+00:00,25.8005,25.88,25.8005,25.88,820.0,7.0,25.86761
QBTS,2026-06-08 23:05:00+00:00,25.88,25.88,25.8113,25.8113,404.0,12.0,25.850557
QBTS,2026-06-08 23:10:00+00:00,25.83,25.83,25.83,25.83,370.0,13.0,25.83
QBTS,2026-06-08 23:15:00+00:00,25.83,25.83,25.81,25.81,3545.0,36.0,25.812368
QBTS,2026-06-08 23:20:00+00:00,25.81,25.82,25.8011,25.81,2255.0,34.0,25.814625
QBTS,2026-06-08 23:25:00+00:00,25.8492,25.8492,25.8492,25.8492,610.0,4.0,25.8492
QBTS,2026-06-08 23:30:00+00:00,25.85,25.85,25.85,25.85,120.0,2.0,25.85
QBTS,2026-06-08 23:35:00+00:00,25.83,25.86,25.83,25.85,1504.0,21.0,25.846301
QBTS,2026-06-08 23:40:00+00:00,25.8496,25.85,25.8496,25.85,479.0,12.0,25.849817
QBTS,2026-06-08 23:45:00+00:00,25.87,25.8791,25.85,25.85,1321.0,33.0,25.860508
QBTS,2026-06-08 23:50:00+00:00,25.8031,25.8031,25.8,25.8,689.0,16.0,25.802299
QBTS,2026-06-08 23:55:00+00:00,25.88,25.88,25.81,25.83,2851.0,51.0,25.843921
