date,open,high,low,close,volume
2026-04-02 09:50:00+00:00,165.0795,165.0795,165.0795,165.0795,100.0
2026-04-02 10:00:00+00:00,165.72,166.0,165.71,166.0,6517.0
2026-04-02 10:05:00+00:00,165.59,165.59,165.59,165.59,148.0
2026-04-02 10:15:00+00:00,164.76,164.76,164.76,164.76,100.0
2026-04-02 10:20:00+00:00,165.24,165.28,165.02,165.02,1296.0
2026-04-02 10:25:00+00:00,164.88,164.9,164.88,164.9,500.0
2026-04-02 10:40:00+00:00,164.76,165.12,164.76,165.12,606.0
2026-04-02 11:00:00+00:00,164.85,165.4077,164.84,165.4077,406.0
2026-04-02 11:05:00+00:00,164.9467,165.0,164.9467,165.0,437.0
2026-04-02 11:10:00+00:00,165.05,165.4077,164.85,164.85,2750.0
2026-04-02 11:15:00+00:00,164.85,164.85,164.25,164.25,1844.0
2026-04-02 11:20:00+00:00,164.23,164.5,164.2,164.5,1103.0
2026-04-02 11:25:00+00:00,164.41,164.41,164.2947,164.2947,756.0
2026-04-02 11:30:00+00:00,164.0,164.06,164.0,164.06,298.0
2026-04-02 11:35:00+00:00,164.0,164.04,164.0,164.0393,1132.0
2026-04-02 11:40:00+00:00,164.11,164.11,163.66,163.66,1751.0
2026-04-02 11:50:00+00:00,163.5,163.5,163.5,163.5,1502.0
2026-04-02 12:00:00+00:00,164.25,164.25,163.6,163.8,3077.0
2026-04-02 12:05:00+00:00,163.53,163.53,163.3,163.4697,1879.0
2026-04-02 12:10:00+00:00,163.4703,163.4703,163.3,163.3,1166.0
2026-04-02 12:15:00+00:00,162.75,163.59,162.75,163.47,2510.0
2026-04-02 12:20:00+00:00,163.71,163.71,163.64,163.64,2270.0
2026-04-02 12:25:00+00:00,163.75,163.75,163.6,163.6,206.0
2026-04-02 12:30:00+00:00,163.25,163.4902,163.15,163.4902,1870.0
2026-04-02 12:35:00+00:00,163.8,164.2,163.7,163.7,2772.0
2026-04-02 12:45:00+00:00,164.6,164.6,164.45,164.45,1121.0
2026-04-02 12:50:00+00:00,164.64,165.0,164.64,164.7096,1695.0
2026-04-02 12:55:00+00:00,164.76,165.3237,164.65,164.65,1815.0
2026-04-02 13:00:00+00:00,164.0,164.1564,164.0,164.01,673.0
2026-04-02 13:15:00+00:00,164.84,164.9,164.1552,164.1552,1096.0
2026-04-02 13:20:00+00:00,164.9,165.46,164.03,164.03,3942.0
2026-04-02 13:25:00+00:00,165.0,166.92,165.0,166.92,7159.0
2026-04-02 13:30:00+00:00,166.99,172.0,166.63,170.42,266853.0
2026-04-02 13:35:00+00:00,170.42,170.7376,166.7006,166.91,139435.0
2026-04-02 13:40:00+00:00,166.85,167.71,166.495,166.905,125182.0
2026-04-02 13:45:00+00:00,166.91,167.8699,166.59,167.57,136258.0
2026-04-02 13:50:00+00:00,167.56,168.22,167.09,168.13,173471.0
2026-04-02 13:55:00+00:00,168.12,169.16,167.91,168.78,69557.0
2026-04-02 14:00:00+00:00,168.71,168.9532,168.21,168.43,56340.0
2026-04-02 14:05:00+00:00,168.55,170.225,168.04,170.09,127044.0
2026-04-02 14:10:00+00:00,170.0999,170.91,170.01,170.48,89996.0
2026-04-02 14:15:00+00:00,170.341,171.01,169.9908,170.81,106456.0
2026-04-02 14:20:00+00:00,170.78,170.98,170.36,170.48,69375.0
2026-04-02 14:25:00+00:00,170.535,170.7499,169.8181,170.486,78265.0
2026-04-02 14:30:00+00:00,170.48,171.8636,170.48,171.78,85055.0
2026-04-02 14:35:00+00:00,171.81,174.17,171.6001,173.41,139213.0
2026-04-02 14:40:00+00:00,173.4,173.5699,172.3101,173.285,102677.0
2026-04-02 14:45:00+00:00,173.28,173.54,171.83,171.915,64105.0
2026-04-02 14:50:00+00:00,171.95,172.68,171.5,172.5,62585.0
2026-04-02 14:55:00+00:00,172.48,173.0,172.4601,172.9099,39137.0
2026-04-02 15:00:00+00:00,172.745,173.14,172.0101,173.06,70428.0
2026-04-02 15:05:00+00:00,173.045,173.14,172.1901,172.46,60303.0
2026-04-02 15:10:00+00:00,172.46,172.7531,172.14,172.43,55210.0
2026-04-02 15:15:00+00:00,172.445,172.84,172.11,172.46,84292.0
2026-04-02 15:20:00+00:00,172.46,172.504,171.61,172.29,58222.0
2026-04-02 15:25:00+00:00,172.5299,172.7999,172.0101,172.67,55963.0
2026-04-02 15:30:00+00:00,172.65,172.8594,172.2758,172.7,47543.0
2026-04-02 15:35:00+00:00,172.7,173.77,172.68,173.54,50936.0
2026-04-02 15:40:00+00:00,173.54,173.66,173.21,173.41,38984.0
2026-04-02 15:45:00+00:00,173.47,173.47,172.9201,173.2999,37200.0
2026-04-02 15:50:00+00:00,173.245,173.4991,172.5601,173.3115,56398.0
2026-04-02 15:55:00+00:00,173.3184,173.49,173.16,173.32,27193.0
2026-04-02 16:00:00+00:00,173.3,173.4524,172.78,172.9499,36398.0
2026-04-02 16:05:00+00:00,172.895,173.0,172.46,172.955,30364.0
2026-04-02 16:10:00+00:00,172.99,172.99,172.59,172.59,18107.0
2026-04-02 16:15:00+00:00,172.615,172.775,172.325,172.36,17468.0
2026-04-02 16:20:00+00:00,172.3234,172.65,172.03,172.515,23994.0
2026-04-02 16:25:00+00:00,172.515,172.57,172.345,172.44,25591.0
2026-04-02 16:30:00+00:00,172.44,172.87,172.21,172.61,22769.0
2026-04-02 16:35:00+00:00,172.575,172.575,171.6201,172.26,28593.0
2026-04-02 16:40:00+00:00,172.265,173.05,172.265,172.68,26165.0
2026-04-02 16:45:00+00:00,172.85,173.35,172.85,173.23,21118.0
2026-04-02 16:50:00+00:00,173.235,173.51,173.05,173.45,29739.0
2026-04-02 16:55:00+00:00,173.38,173.39,173.09,173.15,18463.0
2026-04-02 17:00:00+00:00,173.09,173.54,172.94,173.48,35678.0
2026-04-02 17:05:00+00:00,173.5,173.54,173.21,173.25,19971.0
2026-04-02 17:10:00+00:00,173.4099,173.65,173.19,173.585,49671.0
2026-04-02 17:15:00+00:00,173.63,173.85,173.52,173.5809,30117.0
2026-04-02 17:20:00+00:00,173.68,173.76,173.47,173.6699,34558.0
2026-04-02 17:25:00+00:00,173.62,173.67,173.4552,173.62,21566.0
2026-04-02 17:30:00+00:00,173.61,173.62,173.09,173.3,29235.0
2026-04-02 17:35:00+00:00,173.3,173.395,173.16,173.395,21068.0
2026-04-02 17:40:00+00:00,173.39,173.45,173.1,173.255,26922.0
2026-04-02 17:45:00+00:00,173.26,173.33,172.61,172.62,29802.0
2026-04-02 17:50:00+00:00,172.68,173.06,172.58,172.965,29902.0
2026-04-02 17:55:00+00:00,172.975,173.16,172.805,172.87,15660.0
2026-04-02 18:00:00+00:00,172.98,173.1899,172.855,172.96,21843.0
2026-04-02 18:05:00+00:00,172.93,173.16,172.84,173.01,23857.0
2026-04-02 18:10:00+00:00,173.0397,173.14,172.98,173.07,36388.0
2026-04-02 18:15:00+00:00,173.09,173.415,172.85,173.2,31789.0
2026-04-02 18:20:00+00:00,173.19,173.27,173.0188,173.105,34704.0
2026-04-02 18:25:00+00:00,173.03,173.0399,172.5,172.57,32156.0
2026-04-02 18:30:00+00:00,172.525,173.145,172.525,172.93,29887.0
2026-04-02 18:35:00+00:00,172.92,172.92,172.46,172.58,180628.0
2026-04-02 18:40:00+00:00,172.57,173.2,172.515,173.165,54896.0
2026-04-02 18:45:00+00:00,173.205,173.36,173.09,173.155,23620.0
2026-04-02 18:50:00+00:00,173.2,173.49,173.17,173.175,35405.0
2026-04-02 18:55:00+00:00,173.215,173.215,173.0,173.07,29947.0
2026-04-02 19:00:00+00:00,173.15,173.23,172.98,172.98,21955.0
2026-04-02 19:05:00+00:00,173.01,173.2299,172.9801,173.2299,21544.0
2026-04-02 19:10:00+00:00,173.22,173.32,173.13,173.1701,23281.0
2026-04-02 19:15:00+00:00,173.28,173.52,173.1901,173.355,41014.0
2026-04-02 19:20:00+00:00,173.38,173.38,173.05,173.12,25826.0
2026-04-02 19:25:00+00:00,173.085,173.085,172.85,172.96,34366.0
2026-04-02 19:30:00+00:00,172.915,172.97,172.57,172.7245,50147.0
2026-04-02 19:35:00+00:00,172.815,172.98,172.73,172.9,42822.0
2026-04-02 19:40:00+00:00,172.9,172.95,172.72,172.8,44979.0
2026-04-02 19:45:00+00:00,172.77,173.15,172.77,173.0301,73338.0
2026-04-02 19:50:00+00:00,173.11,173.82,173.09,173.7601,144651.0
2026-04-02 19:55:00+00:00,173.76,174.36,173.76,174.34,379884.0
2026-04-02 20:00:00+00:00,174.27,174.37,173.72,174.37,428641.0
2026-04-02 20:10:00+00:00,174.0,174.22,174.0,174.2,538.0
2026-04-02 20:15:00+00:00,174.21,174.34,174.21,174.34,2617.0
2026-04-02 20:20:00+00:00,174.34,174.34,174.34,174.34,137.0
2026-04-02 20:25:00+00:00,174.21,174.21,174.0,174.0,1449.0
2026-04-02 20:30:00+00:00,174.0,174.0,174.0,174.0,186.0
2026-04-02 20:35:00+00:00,174.1945,174.25,174.1945,174.25,491.0
2026-04-02 20:45:00+00:00,174.25,174.25,174.25,174.25,500.0
2026-04-02 20:50:00+00:00,174.0118,174.1,174.0118,174.1,1460.0
2026-04-02 20:55:00+00:00,174.36,174.41,174.3,174.3,1728.0
2026-04-02 21:10:00+00:00,174.43,174.43,174.32,174.32,1127.0
2026-04-02 21:20:00+00:00,174.2377,174.33,174.2377,174.25,734.0
2026-04-02 21:25:00+00:00,174.37,174.37,174.37,174.37,525.0
2026-04-02 21:35:00+00:00,174.2377,174.2377,174.2377,174.2377,150.0
2026-04-02 22:05:00+00:00,174.32,174.32,174.32,174.32,203.0
2026-04-02 22:10:00+00:00,174.42,174.42,174.42,174.42,107.0
2026-04-02 22:15:00+00:00,174.43,174.43,174.31,174.31,227.0
2026-04-02 22:35:00+00:00,174.01,174.01,174.01,174.01,401.0
2026-04-02 23:05:00+00:00,174.3236,174.3236,174.3236,174.3236,105.0
2026-04-02 23:10:00+00:00,174.37,174.37,174.37,174.37,226.0
2026-04-02 23:20:00+00:00,174.37,174.37,174.37,174.37,300.0
2026-04-02 23:25:00+00:00,174.37,174.37,174.37,174.37,720.0
2026-04-02 23:45:00+00:00,174.3897,174.3897,174.3897,174.3897,101.0
2026-04-02 23:50:00+00:00,174.4063,174.4063,174.01,174.01,682.0
2026-04-06 08:00:00+00:00,175.02,175.51,174.87,175.51,3525.0
2026-04-06 08:05:00+00:00,175.8,175.8,175.8,175.8,147.0
2026-04-06 08:15:00+00:00,176.67,176.67,176.67,176.67,408.0
2026-04-06 08:30:00+00:00,177.0,177.0,177.0,177.0,737.0
2026-04-06 08:40:00+00:00,177.7,177.7,177.06,177.06,535.0
2026-04-06 08:45:00+00:00,177.13,177.13,176.97,177.0,1974.0
2026-04-06 08:50:00+00:00,177.0,177.0,177.0,177.0,227.0
2026-04-06 08:55:00+00:00,177.5,177.5,177.5,177.5,492.0
2026-04-06 09:25:00+00:00,176.79,176.79,176.6,176.6,766.0
2026-04-06 09:55:00+00:00,175.92,175.95,175.92,175.95,644.0
2026-04-06 10:40:00+00:00,176.33,176.4,176.33,176.4,618.0
2026-04-06 11:00:00+00:00,175.22,176.1103,174.97,174.97,6454.0
2026-04-06 11:05:00+00:00,175.0,175.0,175.0,175.0,2006.0
2026-04-06 11:10:00+00:00,175.0,175.07,175.0,175.07,1023.0
2026-04-06 11:20:00+00:00,175.8775,175.8775,175.1778,175.1778,1711.0
2026-04-06 11:25:00+00:00,175.25,176.0518,175.25,176.0518,471.0
2026-04-06 11:30:00+00:00,175.01,175.01,175.0,175.0,676.0
2026-04-06 11:35:00+00:00,175.0,175.47,175.0,175.47,1142.0
2026-04-06 11:50:00+00:00,175.631,175.631,174.5001,174.5001,933.0
2026-04-06 12:15:00+00:00,174.8,175.0,174.8,175.0,447.0
2026-04-06 12:20:00+00:00,175.17,175.17,175.17,175.17,102.0
2026-04-06 12:25:00+00:00,174.75,174.75,174.75,174.75,614.0
2026-04-06 12:30:00+00:00,174.51,174.51,174.5,174.5,3333.0
2026-04-06 12:40:00+00:00,174.85,174.85,174.5,174.5,357.0
2026-04-06 12:55:00+00:00,174.7,175.0,174.7,175.0,802.0
2026-04-06 13:00:00+00:00,175.1,175.1,174.8,174.8,1463.0
2026-04-06 13:05:00+00:00,175.0,175.47,175.0,175.47,6705.0
2026-04-06 13:10:00+00:00,175.68,175.68,175.68,175.68,107.0
2026-04-06 13:15:00+00:00,175.79,176.0,175.471,175.59,3867.0
2026-04-06 13:20:00+00:00,175.41,175.84,175.1,175.1,9700.0
2026-04-06 13:25:00+00:00,175.34,175.81,175.34,175.81,837.0
2026-04-06 13:30:00+00:00,175.83,176.49,175.05,176.14,248534.0
2026-04-06 13:35:00+00:00,176.26,176.5,174.0,175.8,111826.0
2026-04-06 13:40:00+00:00,175.5,176.09,175.08,175.11,59338.0
2026-04-06 13:45:00+00:00,175.15,175.25,173.1675,174.31,66792.0
2026-04-06 13:50:00+00:00,174.31,174.7999,173.35,173.365,52943.0
2026-04-06 13:55:00+00:00,173.54,174.32,173.24,174.3,49054.0
2026-04-06 14:00:00+00:00,173.93,175.245,172.9,172.91,98039.0
2026-04-06 14:05:00+00:00,173.01,173.66,172.9,173.57,53134.0
2026-04-06 14:10:00+00:00,173.63,173.89,172.9001,173.88,43450.0
2026-04-06 14:15:00+00:00,173.9,174.5799,173.47,173.73,57455.0
2026-04-06 14:20:00+00:00,173.805,174.35,173.805,173.84,29729.0
2026-04-06 14:25:00+00:00,173.9,174.1699,173.39,174.0,29020.0
2026-04-06 14:30:00+00:00,173.95,174.5399,173.75,173.85,28416.0
2026-04-06 14:35:00+00:00,173.85,174.15,173.38,173.49,37501.0
2026-04-06 14:40:00+00:00,173.69,174.015,173.37,173.64,30329.0
2026-04-06 14:45:00+00:00,173.69,173.7599,173.24,173.51,27609.0
2026-04-06 14:50:00+00:00,173.6,173.845,173.42,173.575,53876.0
2026-04-06 14:55:00+00:00,173.47,173.92,173.185,173.2,57062.0
2026-04-06 15:00:00+00:00,173.2651,173.77,173.2401,173.59,48736.0
2026-04-06 15:05:00+00:00,173.59,173.84,173.31,173.52,26023.0
2026-04-06 15:10:00+00:00,173.52,173.65,173.01,173.65,29224.0
2026-04-06 15:15:00+00:00,173.65,173.885,173.36,173.56,27543.0
2026-04-06 15:20:00+00:00,173.76,174.09,173.565,173.67,20567.0
2026-04-06 15:25:00+00:00,173.63,173.94,173.4501,173.92,17575.0
2026-04-06 15:30:00+00:00,173.92,173.92,173.516,173.87,19027.0
2026-04-06 15:35:00+00:00,173.87,173.905,173.45,173.63,26703.0
2026-04-06 15:40:00+00:00,173.585,173.76,173.16,173.37,111647.0
2026-04-06 15:45:00+00:00,173.37,173.8699,173.15,173.46,21847.0
2026-04-06 15:50:00+00:00,173.56,173.9368,173.46,173.71,26289.0
2026-04-06 15:55:00+00:00,173.71,173.86,173.4801,173.79,19168.0
2026-04-06 16:00:00+00:00,173.6523,173.95,173.48,173.6138,23056.0
2026-04-06 16:05:00+00:00,173.53,173.76,173.4501,173.5001,21455.0
2026-04-06 16:10:00+00:00,173.6125,174.1,173.5,173.96,26819.0
2026-04-06 16:15:00+00:00,173.945,174.03,173.68,173.7,20534.0
2026-04-06 16:20:00+00:00,173.7,173.86,173.62,173.78,27391.0
2026-04-06 16:25:00+00:00,173.78,173.85,173.35,173.35,33510.0
2026-04-06 16:30:00+00:00,173.35,173.8,173.35,173.74,25639.0
2026-04-06 16:35:00+00:00,173.78,173.98,173.74,173.82,22212.0
2026-04-06 16:40:00+00:00,173.82,173.87,173.39,173.665,23528.0
2026-04-06 16:45:00+00:00,173.67,173.77,173.51,173.57,20805.0
2026-04-06 16:50:00+00:00,173.57,173.77,173.49,173.7699,21599.0
2026-04-06 16:55:00+00:00,173.66,173.7699,173.42,173.54,23467.0
2026-04-06 17:00:00+00:00,173.64,173.7899,173.35,173.665,27961.0
2026-04-06 17:05:00+00:00,173.665,173.86,173.52,173.555,17262.0
2026-04-06 17:10:00+00:00,173.76,173.76,172.79,172.99,60881.0
2026-04-06 17:15:00+00:00,172.99,173.7399,172.94,173.64,45212.0
2026-04-06 17:20:00+00:00,173.6,174.08,173.4,174.08,35073.0
2026-04-06 17:25:00+00:00,174.09,174.49,174.09,174.39,59270.0
2026-04-06 17:30:00+00:00,174.44,174.91,174.2863,174.565,50984.0
2026-04-06 17:35:00+00:00,174.585,174.64,174.15,174.285,29723.0
2026-04-06 17:40:00+00:00,174.26,174.405,174.15,174.355,24619.0
2026-04-06 17:45:00+00:00,174.31,174.56,174.12,174.51,17440.0
2026-04-06 17:50:00+00:00,174.475,174.53,174.24,174.48,15026.0
2026-04-06 17:55:00+00:00,174.485,174.82,174.41,174.665,23550.0
2026-04-06 18:00:00+00:00,174.73,174.7999,174.41,174.64,24822.0
2026-04-06 18:05:00+00:00,174.61,174.61,173.8501,173.86,20876.0
2026-04-06 18:10:00+00:00,173.955,174.38,173.74,174.15,40277.0
2026-04-06 18:15:00+00:00,174.0,174.3854,173.8601,174.3052,17845.0
2026-04-06 18:20:00+00:00,174.14,174.42,174.06,174.33,18034.0
2026-04-06 18:25:00+00:00,174.34,174.34,173.91,174.1,37076.0
2026-04-06 18:30:00+00:00,174.17,174.23,173.67,173.81,16800.0
2026-04-06 18:35:00+00:00,173.73,174.205,173.73,173.97,32048.0
2026-04-06 18:40:00+00:00,174.0,174.05,173.875,173.95,18462.0
2026-04-06 18:45:00+00:00,173.95,174.01,173.71,173.78,20488.0
2026-04-06 18:50:00+00:00,173.79,174.25,173.79,174.075,37507.0
2026-04-06 18:55:00+00:00,174.08,174.118,173.8,173.85,39019.0
2026-04-06 19:00:00+00:00,173.85,174.19,173.85,174.11,24578.0
2026-04-06 19:05:00+00:00,174.19,174.2663,173.9,173.985,35498.0
2026-04-06 19:10:00+00:00,174.01,174.15,173.99,174.12,23079.0
2026-04-06 19:15:00+00:00,174.07,174.21,174.0,174.185,22861.0
2026-04-06 19:20:00+00:00,174.195,174.25,173.97,174.04,33791.0
2026-04-06 19:25:00+00:00,174.04,174.12,173.7301,173.91,41450.0
2026-04-06 19:30:00+00:00,173.91,173.96,173.53,173.705,45670.0
2026-04-06 19:35:00+00:00,173.71,173.73,173.45,173.49,44396.0
2026-04-06 19:40:00+00:00,173.5101,173.67,173.32,173.67,47468.0
2026-04-06 19:45:00+00:00,173.67,173.85,173.61,173.62,81332.0
2026-04-06 19:50:00+00:00,173.7,173.84,173.53,173.555,94185.0
2026-04-06 19:55:00+00:00,173.555,173.61,172.97,173.21,376341.0
2026-04-06 20:00:00+00:00,173.1,173.18,173.1,173.18,396360.0
2026-04-06 20:05:00+00:00,173.18,173.18,173.18,173.18,1651.0
2026-04-06 20:10:00+00:00,173.18,173.18,173.18,173.18,101.0
2026-04-06 20:15:00+00:00,173.23,173.23,173.18,173.18,447.0
2026-04-06 20:20:00+00:00,173.18,173.18,173.18,173.18,199.0
2026-04-06 20:30:00+00:00,173.1149,173.1149,173.1149,173.1149,307.0
2026-04-06 20:45:00+00:00,173.3,173.3,173.3,173.3,354.0
2026-04-06 21:10:00+00:00,173.6791,173.6791,173.6791,173.6791,117.0
2026-04-06 21:15:00+00:00,173.21,173.25,173.21,173.25,560.0
2026-04-06 21:20:00+00:00,173.23,173.23,173.23,173.23,500.0
2026-04-06 21:30:00+00:00,173.2,173.2,173.2,173.2,287.0
2026-04-06 21:55:00+00:00,173.15,173.15,173.15,173.15,360.0
2026-04-06 22:05:00+00:00,173.23,173.23,173.21,173.21,500.0
2026-04-06 22:20:00+00:00,173.21,173.21,173.21,173.21,250.0
2026-04-06 22:30:00+00:00,173.1,173.1,173.1,173.1,153.0
2026-04-06 22:50:00+00:00,173.05,173.05,173.05,173.05,150.0
2026-04-06 23:00:00+00:00,173.0147,173.0147,173.0147,173.0147,435.0
2026-04-06 23:05:00+00:00,173.17,173.17,173.15,173.15,416.0
2026-04-06 23:10:00+00:00,173.15,173.18,173.15,173.18,500.0
2026-04-06 23:15:00+00:00,173.0001,173.33,173.0001,173.33,556.0
2026-04-06 23:30:00+00:00,173.1519,173.1519,173.1519,173.1519,125.0
2026-04-07 08:00:00+00:00,171.9,172.45,171.9,172.45,4101.0
2026-04-07 08:20:00+00:00,172.99,173.0,172.99,173.0,577.0
2026-04-07 08:25:00+00:00,172.95,172.95,172.95,172.95,429.0
2026-04-07 08:30:00+00:00,173.51,173.62,173.5,173.5,4130.0
2026-04-07 08:45:00+00:00,173.5,173.5,173.5,173.5,750.0
2026-04-07 08:55:00+00:00,173.5,173.5,173.5,173.5,111.0
2026-04-07 09:45:00+00:00,173.3,173.3,173.3,173.3,146.0
2026-04-07 10:40:00+00:00,172.58,172.6,172.58,172.6,772.0
2026-04-07 10:45:00+00:00,171.51,171.51,171.3,171.3,728.0
2026-04-07 10:50:00+00:00,171.3475,171.3475,171.3475,171.3475,550.0
2026-04-07 11:00:00+00:00,171.0,171.02,171.0,171.02,1551.0
2026-04-07 11:05:00+00:00,171.34,171.34,171.13,171.13,743.0
2026-04-07 11:10:00+00:00,170.6609,170.6609,170.6609,170.6609,101.0
2026-04-07 11:15:00+00:00,171.4,171.4,171.4,171.4,225.0
2026-04-07 11:25:00+00:00,171.77,171.77,171.4,171.4,1458.0
2026-04-07 11:35:00+00:00,170.7,170.826,170.7,170.826,2318.0
2026-04-07 11:45:00+00:00,170.99,170.99,170.95,170.95,398.0
2026-04-07 12:05:00+00:00,171.0,171.0,170.0,170.0,8490.0
2026-04-07 12:10:00+00:00,170.58,170.68,170.58,170.68,698.0
2026-04-07 12:15:00+00:00,170.63,171.35,170.63,171.35,649.0
2026-04-07 12:20:00+00:00,171.37,171.5,171.37,171.5,2517.0
2026-04-07 12:30:00+00:00,171.0,171.85,171.0,171.85,1139.0
2026-04-07 12:35:00+00:00,171.11,171.11,171.11,171.11,300.0
2026-04-07 12:45:00+00:00,171.6,171.6,171.6,171.6,1684.0
2026-04-07 12:50:00+00:00,171.33,171.33,171.31,171.31,811.0
2026-04-07 13:00:00+00:00,171.51,171.51,171.51,171.51,528.0
2026-04-07 13:05:00+00:00,172.29,172.39,172.29,172.39,543.0
2026-04-07 13:10:00+00:00,172.5,172.5,172.04,172.04,556.0
2026-04-07 13:15:00+00:00,172.0,172.0,172.0,172.0,135.0
2026-04-07 13:25:00+00:00,172.91,172.99,172.91,172.99,581.0
2026-04-07 13:30:00+00:00,172.235,174.9403,172.22,174.57,116447.0
2026-04-07 13:35:00+00:00,174.47,175.64,173.6,174.04,87439.0
2026-04-07 13:40:00+00:00,174.2575,175.14,173.61,174.79,101056.0
2026-04-07 13:45:00+00:00,174.775,175.8,174.21,174.5,108726.0
2026-04-07 13:50:00+00:00,174.68,175.45,174.29,175.21,91724.0
2026-04-07 13:55:00+00:00,175.21,175.9499,174.56,174.81,64287.0
2026-04-07 14:00:00+00:00,174.81,175.585,174.5401,174.7,73075.0
2026-04-07 14:05:00+00:00,174.82,174.82,172.5601,173.495,135004.0
2026-04-07 14:10:00+00:00,173.45,174.5,173.35,174.385,56014.0
2026-04-07 14:15:00+00:00,174.41,175.4099,174.33,175.11,116997.0
2026-04-07 14:20:00+00:00,175.17,176.4,175.17,176.09,144994.0
2026-04-07 14:25:00+00:00,176.09,176.18,175.0,175.49,60970.0
2026-04-07 14:30:00+00:00,175.59,176.1999,175.59,176.1999,54449.0
2026-04-07 14:35:00+00:00,175.9,176.06,175.56,176.06,61777.0
2026-04-07 14:40:00+00:00,175.965,176.29,175.71,176.24,52300.0
2026-04-07 14:45:00+00:00,176.085,176.65,176.06,176.14,80241.0
2026-04-07 14:50:00+00:00,176.1401,176.15,175.3701,175.81,59298.0
2026-04-07 14:55:00+00:00,175.805,176.085,175.5101,175.67,55534.0
2026-04-07 15:00:00+00:00,175.67,175.82,174.6725,174.7447,81894.0
2026-04-07 15:05:00+00:00,174.74,174.74,174.02,174.61,64571.0
2026-04-07 15:10:00+00:00,174.69,175.2,174.285,174.29,62919.0
2026-04-07 15:15:00+00:00,174.42,175.32,174.275,175.12,51480.0
2026-04-07 15:20:00+00:00,175.04,175.04,174.38,174.45,32700.0
2026-04-07 15:25:00+00:00,174.46,174.87,174.46,174.61,24698.0
2026-04-07 15:30:00+00:00,174.74,175.35,174.55,175.275,27562.0
2026-04-07 15:35:00+00:00,175.2,175.24,174.425,174.425,34271.0
2026-04-07 15:40:00+00:00,174.6199,174.71,174.14,174.5151,36376.0
2026-04-07 15:45:00+00:00,174.515,174.77,174.315,174.77,22773.0
2026-04-07 15:50:00+00:00,174.83,175.83,174.83,175.65,65199.0
2026-04-07 15:55:00+00:00,175.59,176.265,175.0937,175.8,58576.0
2026-04-07 16:00:00+00:00,175.81,177.64,175.81,176.775,77017.0
2026-04-07 16:05:00+00:00,176.66,177.07,176.47,176.745,54568.0
2026-04-07 16:10:00+00:00,176.74,177.115,176.65,176.925,52597.0
2026-04-07 16:15:00+00:00,176.84,177.29,176.795,177.265,42734.0
2026-04-07 16:20:00+00:00,177.38,178.68,177.1,178.27,137956.0
2026-04-07 16:25:00+00:00,178.265,178.84,178.13,178.24,105502.0
2026-04-07 16:30:00+00:00,178.24,178.74,178.06,178.24,63673.0
2026-04-07 16:35:00+00:00,178.24,178.345,177.58,177.81,57994.0
2026-04-07 16:40:00+00:00,177.87,177.96,177.3,177.5,41598.0
2026-04-07 16:45:00+00:00,177.5,177.79,177.37,177.45,35262.0
2026-04-07 16:50:00+00:00,177.44,177.79,177.2,177.2,46823.0
2026-04-07 16:55:00+00:00,177.07,177.12,176.63,176.81,40964.0
2026-04-07 17:00:00+00:00,176.81,176.95,176.4,176.7101,50067.0
2026-04-07 17:05:00+00:00,176.84,177.0899,176.6501,176.7,36970.0
2026-04-07 17:10:00+00:00,176.63,176.7699,176.1601,176.37,31477.0
2026-04-07 17:15:00+00:00,176.3191,176.81,176.115,176.675,58864.0
2026-04-07 17:20:00+00:00,176.58,176.725,176.25,176.725,38987.0
2026-04-07 17:25:00+00:00,176.72,176.9,176.63,176.79,42436.0
2026-04-07 17:30:00+00:00,176.9,177.54,176.89,177.41,32655.0
2026-04-07 17:35:00+00:00,177.48,178.0,177.3301,177.455,44473.0
2026-04-07 17:40:00+00:00,177.45,177.61,177.32,177.33,24140.0
2026-04-07 17:45:00+00:00,177.36,177.41,177.0019,177.28,35713.0
2026-04-07 17:50:00+00:00,177.27,177.3599,177.145,177.195,32045.0
2026-04-07 17:55:00+00:00,177.195,177.275,176.98,177.09,27134.0
2026-04-07 18:00:00+00:00,177.1,177.455,177.0001,177.43,27208.0
2026-04-07 18:05:00+00:00,177.375,177.52,177.1101,177.42,39003.0
2026-04-07 18:10:00+00:00,177.415,177.55,177.39,177.45,21048.0
2026-04-07 18:15:00+00:00,177.405,177.405,177.11,177.26,40168.0
2026-04-07 18:20:00+00:00,177.26,177.26,177.01,177.09,29691.0
2026-04-07 18:25:00+00:00,177.09,177.35,177.0687,177.22,28323.0
2026-04-07 18:30:00+00:00,177.21,177.28,177.04,177.15,26696.0
2026-04-07 18:35:00+00:00,177.13,177.2099,176.89,176.905,23890.0
2026-04-07 18:40:00+00:00,176.85,176.9599,176.41,176.625,61726.0
2026-04-07 18:45:00+00:00,176.705,176.89,176.46,176.535,47925.0
2026-04-07 18:50:00+00:00,176.535,176.6,176.22,176.24,41822.0
2026-04-07 18:55:00+00:00,176.22,176.38,175.75,176.1875,132549.0
2026-04-07 19:00:00+00:00,176.195,176.32,175.8901,176.27,56560.0
2026-04-07 19:05:00+00:00,176.2,176.47,175.91,176.41,62089.0
2026-04-07 19:10:00+00:00,176.3,176.96,176.3,176.95,56714.0
2026-04-07 19:15:00+00:00,176.95,178.33,176.915,178.22,56068.0
2026-04-07 19:20:00+00:00,178.09,178.51,177.2201,177.76,69639.0
2026-04-07 19:25:00+00:00,177.68,177.84,177.495,177.68,40143.0
2026-04-07 19:30:00+00:00,177.725,177.98,177.18,177.345,113273.0
2026-04-07 19:35:00+00:00,177.345,177.58,176.995,177.54,52388.0
2026-04-07 19:40:00+00:00,177.43,177.8293,177.42,177.695,64053.0
2026-04-07 19:45:00+00:00,177.64,178.49,177.51,177.6,167275.0
2026-04-07 19:50:00+00:00,177.66,178.133,177.59,177.97,126121.0
2026-04-07 19:55:00+00:00,178.0,178.155,177.42,177.69,329457.0
2026-04-07 20:00:00+00:00,177.73,177.73,177.43,177.58,554262.0
2026-04-07 20:05:00+00:00,177.59,177.59,177.59,177.59,110.0
2026-04-07 20:10:00+00:00,177.92,177.95,177.9,177.93,3973.0
2026-04-07 20:15:00+00:00,178.44,178.5,177.9754,178.36,1788.0
2026-04-07 20:25:00+00:00,178.3835,178.3835,178.3835,178.3835,153.0
2026-04-07 20:40:00+00:00,178.3,178.48,178.3,178.48,661.0
2026-04-07 21:00:00+00:00,178.15,178.15,178.15,178.15,252.0
2026-04-07 21:05:00+00:00,178.21,178.21,178.21,178.21,750.0
2026-04-07 21:15:00+00:00,178.12,178.12,178.12,178.12,501.0
2026-04-07 21:20:00+00:00,178.1,178.1,178.1,178.1,2199.0
2026-04-07 21:25:00+00:00,178.1502,178.1502,178.1502,178.1502,982.0
2026-04-07 21:30:00+00:00,178.2,178.21,178.1507,178.21,937.0
2026-04-07 21:35:00+00:00,178.21,178.5,178.21,178.5,1747.0
2026-04-07 21:45:00+00:00,178.5,178.77,178.5,178.77,783.0
2026-04-07 21:50:00+00:00,178.4,178.4,178.4,178.4,217.0
2026-04-07 22:00:00+00:00,179.22,179.22,177.9558,178.2165,1381.0
2026-04-07 22:05:00+00:00,180.0,180.0,179.13,179.3,1297.0
2026-04-07 22:10:00+00:00,179.51,179.6477,179.3,179.3,758.0
2026-04-07 22:15:00+00:00,179.28,179.28,179.28,179.28,275.0
2026-04-07 22:25:00+00:00,179.75,179.75,179.75,179.75,371.0
2026-04-07 22:30:00+00:00,179.47,180.0,179.47,180.0,2030.0
2026-04-07 22:35:00+00:00,181.0,181.361,180.98,181.1,5027.0
2026-04-07 22:40:00+00:00,181.15,181.57,180.5795,180.5795,6021.0
2026-04-07 22:45:00+00:00,180.4839,180.85,180.4839,180.85,1504.0
2026-04-07 22:50:00+00:00,180.88,182.5,180.88,182.5,6087.0
2026-04-07 22:55:00+00:00,182.6153,182.94,182.61,182.94,2616.0
2026-04-07 23:00:00+00:00,182.9366,183.0,182.391,183.0,1594.0
2026-04-07 23:05:00+00:00,182.9387,183.0,182.31,182.48,1986.0
2026-04-07 23:10:00+00:00,182.31,182.45,182.0,182.0,4380.0
2026-04-07 23:15:00+00:00,182.0674,182.1168,180.849,182.1168,2994.0
2026-04-07 23:20:00+00:00,182.1049,182.5,182.1049,182.4,2311.0
2026-04-07 23:25:00+00:00,182.7045,183.4353,182.7045,183.22,8183.0
2026-04-07 23:30:00+00:00,183.0,183.1,180.9207,180.9207,7664.0
2026-04-07 23:35:00+00:00,182.4,182.95,182.2,182.304,2456.0
2026-04-07 23:40:00+00:00,182.6785,182.6785,182.35,182.35,2551.0
2026-04-07 23:45:00+00:00,182.59,183.0,182.5,183.0,3480.0
2026-04-07 23:50:00+00:00,183.0,183.2,183.0,183.134,1991.0
2026-04-07 23:55:00+00:00,183.0416,183.5,182.73,183.5,6658.0
2026-04-08 08:00:00+00:00,184.8,186.0,184.51,184.55,15124.0
2026-04-08 08:05:00+00:00,185.45,185.45,184.55,184.97,2259.0
2026-04-08 08:10:00+00:00,184.65,184.91,184.65,184.91,739.0
2026-04-08 08:15:00+00:00,184.85,184.85,184.85,184.85,109.0
2026-04-08 08:20:00+00:00,184.77,184.8,184.68,184.68,315.0
2026-04-08 08:25:00+00:00,184.65,184.65,184.65,184.65,482.0
2026-04-08 08:30:00+00:00,185.0,185.0,185.0,185.0,313.0
2026-04-08 08:40:00+00:00,184.39,184.39,184.39,184.39,281.0
2026-04-08 08:45:00+00:00,184.64,185.64,184.64,185.03,5218.0
2026-04-08 08:55:00+00:00,185.98,185.98,185.98,185.98,135.0
2026-04-08 09:00:00+00:00,185.3,185.3,185.29,185.29,557.0
2026-04-08 09:05:00+00:00,185.67,185.67,185.67,185.67,156.0
2026-04-08 09:10:00+00:00,185.57,185.57,185.47,185.56,946.0
2026-04-08 09:20:00+00:00,185.6,185.6,185.49,185.6,1221.0
2026-04-08 09:35:00+00:00,185.5618,185.5618,185.5618,185.5618,147.0
2026-04-08 09:40:00+00:00,185.6,185.6,184.96,184.96,4501.0
2026-04-08 09:55:00+00:00,185.6,185.6,185.0,185.07,2987.0
2026-04-08 10:00:00+00:00,184.768,184.768,184.76,184.76,550.0
2026-04-08 10:05:00+00:00,184.97,185.0,184.9,184.98,1465.0
2026-04-08 10:15:00+00:00,184.66,185.35,184.65,185.34,2490.0
2026-04-08 10:20:00+00:00,184.92,184.98,184.92,184.95,502.0
2026-04-08 10:25:00+00:00,184.97,186.53,184.97,186.53,7547.0
2026-04-08 10:30:00+00:00,186.4,186.4,186.4,186.4,727.0
2026-04-08 10:35:00+00:00,186.01,186.01,186.0,186.0,6455.0
2026-04-08 10:40:00+00:00,185.97,185.97,185.97,185.97,450.0
2026-04-08 10:45:00+00:00,185.97,186.0,185.97,186.0,435.0
2026-04-08 10:50:00+00:00,185.94,186.0,185.94,185.99,2243.0
2026-04-08 10:55:00+00:00,186.0,186.0397,186.0,186.0,3568.0
2026-04-08 11:00:00+00:00,186.37,188.0,186.0,187.5,15804.0
2026-04-08 11:05:00+00:00,186.48,187.56,186.45,186.98,3671.0
2026-04-08 11:10:00+00:00,187.14,188.0,186.91,187.6448,5626.0
2026-04-08 11:15:00+00:00,187.7373,187.78,186.6,186.6,2828.0
2026-04-08 11:20:00+00:00,187.44,187.45,187.2,187.33,3216.0
2026-04-08 11:30:00+00:00,187.2327,187.2327,187.2327,187.2327,291.0
2026-04-08 11:35:00+00:00,187.22,187.24,187.0,187.0,3382.0
2026-04-08 11:40:00+00:00,187.02,187.2,187.02,187.2,728.0
2026-04-08 11:45:00+00:00,187.2,187.2297,186.62,187.2297,5413.0
2026-04-08 11:50:00+00:00,186.97,187.11,186.65,186.93,3006.0
2026-04-08 11:55:00+00:00,186.62,186.62,186.61,186.61,550.0
2026-04-08 12:00:00+00:00,186.6,187.142,186.56,186.77,4196.0
2026-04-08 12:05:00+00:00,186.74,186.8,186.5,186.59,3631.0
2026-04-08 12:10:00+00:00,186.4999,186.4999,186.23,186.23,2365.0
2026-04-08 12:15:00+00:00,186.0,186.5,185.81,185.81,7548.0
2026-04-08 12:20:00+00:00,185.55,185.55,185.15,185.51,3261.0
2026-04-08 12:25:00+00:00,185.17,185.52,185.03,185.51,2877.0
2026-04-08 12:30:00+00:00,185.5,185.7,185.01,185.66,5778.0
2026-04-08 12:35:00+00:00,185.6,185.6,185.6,185.6,103.0
2026-04-08 12:40:00+00:00,185.46,185.46,185.25,185.2817,1846.0
2026-04-08 12:45:00+00:00,185.5466,186.2785,185.5466,185.99,7901.0
2026-04-08 12:50:00+00:00,186.25,186.45,186.25,186.45,366.0
2026-04-08 12:55:00+00:00,186.2687,186.2687,185.97,186.05,3364.0
2026-04-08 13:00:00+00:00,186.06,186.26,186.0,186.26,4224.0
2026-04-08 13:05:00+00:00,186.0838,186.48,186.0,186.0,12165.0
2026-04-08 13:10:00+00:00,186.02,186.25,185.97,186.1,10150.0
2026-04-08 13:15:00+00:00,186.09,186.1,185.64,185.96,40513.0
2026-04-08 13:20:00+00:00,185.97,186.0,185.75,186.0,1688.0
2026-04-08 13:25:00+00:00,186.22,186.49,185.52,185.55,7902.0
2026-04-08 13:30:00+00:00,185.76,189.38,183.5,189.0,716609.0
2026-04-08 13:35:00+00:00,189.075,189.7499,187.601,188.06,441967.0
2026-04-08 13:40:00+00:00,187.875,188.41,187.46,188.07,188216.0
2026-04-08 13:45:00+00:00,188.035,188.035,186.5928,187.045,147493.0
2026-04-08 13:50:00+00:00,187.105,187.105,185.26,185.81,234795.0
2026-04-08 13:55:00+00:00,186.0966,186.25,185.3801,186.03,97959.0
2026-04-08 14:00:00+00:00,186.01,187.165,185.84,187.08,141877.0
2026-04-08 14:05:00+00:00,187.1,187.3,186.54,186.8301,140008.0
2026-04-08 14:10:00+00:00,187.065,187.41,186.5601,187.26,78417.0
2026-04-08 14:15:00+00:00,187.27,187.56,186.11,186.445,95995.0
2026-04-08 14:20:00+00:00,186.35,186.695,186.1301,186.57,60253.0
2026-04-08 14:25:00+00:00,186.58,187.51,186.535,187.1,89085.0
2026-04-08 14:30:00+00:00,187.1,187.19,186.605,186.99,55970.0
2026-04-08 14:35:00+00:00,187.0,187.005,185.3101,185.8,109615.0
2026-04-08 14:40:00+00:00,185.565,185.755,185.0,185.18,87479.0
2026-04-08 14:45:00+00:00,185.145,185.2929,184.2902,184.73,64033.0
2026-04-08 14:50:00+00:00,184.78,185.0,184.27,184.565,105695.0
2026-04-08 14:55:00+00:00,184.53,184.53,183.0,183.8726,118546.0
2026-04-08 15:00:00+00:00,183.91,184.24,183.0001,183.3007,86537.0
2026-04-08 15:05:00+00:00,183.3,183.68,182.95,183.09,80846.0
2026-04-08 15:10:00+00:00,182.97,183.97,182.67,183.97,100122.0
2026-04-08 15:15:00+00:00,183.86,184.625,183.85,184.59,70009.0
2026-04-08 15:20:00+00:00,184.59,184.605,183.83,184.375,63687.0
2026-04-08 15:25:00+00:00,184.375,184.4199,183.44,183.69,58147.0
2026-04-08 15:30:00+00:00,183.51,184.08,183.35,183.84,62073.0
2026-04-08 15:35:00+00:00,183.83,184.24,183.53,183.81,55448.0
2026-04-08 15:40:00+00:00,183.855,184.64,183.82,184.48,58741.0
2026-04-08 15:45:00+00:00,184.53,185.19,184.48,184.905,68790.0
2026-04-08 15:50:00+00:00,184.91,185.17,184.7601,184.89,41563.0
2026-04-08 15:55:00+00:00,184.8402,185.08,184.73,184.81,43104.0
2026-04-08 16:00:00+00:00,184.84,185.39,184.5799,185.25,49044.0
2026-04-08 16:05:00+00:00,185.34,185.46,185.155,185.38,39226.0
2026-04-08 16:10:00+00:00,185.38,185.58,185.32,185.4501,23943.0
2026-04-08 16:15:00+00:00,185.5,185.67,185.4501,185.52,32536.0
2026-04-08 16:20:00+00:00,185.59,185.7,185.3001,185.395,35565.0
2026-04-08 16:25:00+00:00,185.48,185.6099,185.4,185.45,28410.0
2026-04-08 16:30:00+00:00,185.45,185.77,185.2799,185.705,41622.0
2026-04-08 16:35:00+00:00,185.75,185.9,185.5,185.605,43660.0
2026-04-08 16:40:00+00:00,185.605,185.78,185.455,185.78,42195.0
2026-04-08 16:45:00+00:00,185.74,185.8656,185.63,185.78,33317.0
2026-04-08 16:50:00+00:00,185.76,185.94,185.6,185.625,31921.0
2026-04-08 16:55:00+00:00,185.6,185.77,185.52,185.77,32261.0
2026-04-08 17:00:00+00:00,185.75,185.845,185.63,185.845,35292.0
2026-04-08 17:05:00+00:00,185.78,185.88,185.52,185.6,29555.0
2026-04-08 17:10:00+00:00,185.53,185.655,185.475,185.5,31809.0
2026-04-08 17:15:00+00:00,185.48,185.64,185.32,185.33,23176.0
2026-04-08 17:20:00+00:00,185.33,185.52,185.24,185.395,34652.0
2026-04-08 17:25:00+00:00,185.405,185.62,185.17,185.24,39137.0
2026-04-08 17:30:00+00:00,185.24,185.55,185.24,185.54,24708.0
2026-04-08 17:35:00+00:00,185.525,185.6899,185.335,185.47,39006.0
2026-04-08 17:40:00+00:00,185.46,185.65,185.3201,185.56,23707.0
2026-04-08 17:45:00+00:00,185.55,186.1699,185.5,186.07,100182.0
2026-04-08 17:50:00+00:00,186.07,186.23,185.78,185.78,55481.0
2026-04-08 17:55:00+00:00,185.75,185.75,185.45,185.53,31539.0
2026-04-08 18:00:00+00:00,185.53,185.95,185.48,185.85,38809.0
2026-04-08 18:05:00+00:00,185.85,185.855,185.57,185.7733,30249.0
2026-04-08 18:10:00+00:00,185.83,186.25,185.76,186.22,40251.0
2026-04-08 18:15:00+00:00,186.22,186.225,184.8,184.9101,58351.0
2026-04-08 18:20:00+00:00,185.18,185.42,185.0,185.3,44238.0
2026-04-08 18:25:00+00:00,185.3,185.38,185.0701,185.37,33218.0
2026-04-08 18:30:00+00:00,185.375,185.68,185.01,185.175,39374.0
2026-04-08 18:35:00+00:00,185.24,185.47,185.0701,185.0701,33399.0
2026-04-08 18:40:00+00:00,185.2,185.2,184.79,184.7911,30232.0
2026-04-08 18:45:00+00:00,184.79,185.0,184.65,184.72,36331.0
2026-04-08 18:50:00+00:00,184.7,184.76,184.48,184.5351,42423.0
2026-04-08 18:55:00+00:00,184.48,184.505,184.0101,184.175,42106.0
2026-04-08 19:00:00+00:00,184.18,184.52,184.06,184.13,47521.0
2026-04-08 19:05:00+00:00,184.1,184.51,184.0501,184.405,42267.0
2026-04-08 19:10:00+00:00,184.405,184.87,184.275,184.59,51983.0
2026-04-08 19:15:00+00:00,184.59,184.85,184.57,184.71,30388.0
2026-04-08 19:20:00+00:00,184.69,184.7,184.495,184.61,34943.0
2026-04-08 19:25:00+00:00,184.66,184.83,184.55,184.655,45709.0
2026-04-08 19:30:00+00:00,184.7,184.7,184.3201,184.5,45074.0
2026-04-08 19:35:00+00:00,184.56,184.95,184.35,184.92,80862.0
2026-04-08 19:40:00+00:00,184.82,185.08,184.71,184.95,84165.0
2026-04-08 19:45:00+00:00,184.93,185.0936,184.55,184.74,89380.0
2026-04-08 19:50:00+00:00,184.78,185.11,184.76,185.1,136411.0
2026-04-08 19:55:00+00:00,185.06,185.48,184.92,185.45,409185.0
2026-04-08 20:00:00+00:00,185.45,185.47,185.45,185.47,698796.0
2026-04-08 20:05:00+00:00,185.6098,185.6098,185.6098,185.6098,290.0
2026-04-08 20:15:00+00:00,185.5,185.64,185.5,185.63,1662.0
2026-04-08 20:20:00+00:00,185.63,185.7,185.5,185.5,1190.0
2026-04-08 20:40:00+00:00,185.25,185.25,185.0,185.0,645.0
2026-04-08 22:15:00+00:00,185.07,185.07,185.07,185.07,200.0
2026-04-08 22:40:00+00:00,185.6419,185.6419,185.6419,185.6419,145.0
2026-04-08 22:50:00+00:00,185.46,185.46,185.46,185.46,1050.0
2026-04-08 22:55:00+00:00,185.47,185.47,185.47,185.47,202.0
2026-04-08 23:00:00+00:00,185.43,185.43,185.31,185.31,372.0
2026-04-08 23:35:00+00:00,185.31,185.31,185.31,185.31,1197.0
2026-04-08 23:40:00+00:00,185.27,185.27,185.27,185.27,100.0
2026-04-08 23:50:00+00:00,185.27,185.27,185.27,185.27,100.0
2026-04-09 08:00:00+00:00,185.0,185.0,185.0,185.0,828.0
2026-04-09 08:10:00+00:00,184.3459,184.3459,184.3459,184.3459,149.0
2026-04-09 08:15:00+00:00,184.47,184.47,184.47,184.47,271.0
2026-04-09 08:20:00+00:00,184.3532,184.3532,184.3532,184.3532,100.0
2026-04-09 08:25:00+00:00,184.355,184.355,184.355,184.355,200.0
2026-04-09 09:30:00+00:00,184.78,185.75,184.78,185.75,2670.0
2026-04-09 09:35:00+00:00,185.78,185.78,185.78,185.78,354.0
2026-04-09 11:05:00+00:00,184.91,184.91,184.91,184.91,219.0
2026-04-09 11:20:00+00:00,184.5373,184.99,184.5373,184.9092,432.0
2026-04-09 11:25:00+00:00,184.71,184.71,184.71,184.71,157.0
2026-04-09 11:35:00+00:00,184.3945,184.3945,184.3945,184.3945,113.0
2026-04-09 11:40:00+00:00,184.5274,184.5274,184.5274,184.5274,100.0
2026-04-09 11:55:00+00:00,185.16,185.16,185.15,185.15,467.0
2026-04-09 12:05:00+00:00,185.43,185.43,185.42,185.42,483.0
2026-04-09 12:10:00+00:00,185.25,185.25,185.25,185.25,245.0
2026-04-09 12:15:00+00:00,184.89,184.9,184.89,184.9,648.0
2026-04-09 12:20:00+00:00,184.94,184.94,184.94,184.94,431.0
2026-04-09 12:30:00+00:00,184.68,184.68,184.31,184.31,986.0
2026-04-09 12:40:00+00:00,184.51,184.51,184.51,184.51,100.0
2026-04-09 12:55:00+00:00,184.51,184.51,184.51,184.51,276.0
2026-04-09 13:00:00+00:00,184.86,184.86,184.73,184.73,2005.0
2026-04-09 13:05:00+00:00,184.7664,184.98,184.02,184.02,5102.0
2026-04-09 13:25:00+00:00,185.46,185.55,185.46,185.55,1336.0
2026-04-09 13:30:00+00:00,186.97,187.7999,185.94,186.4,161360.0
2026-04-09 13:35:00+00:00,186.15,186.5568,184.05,184.08,63989.0
2026-04-09 13:40:00+00:00,184.245,184.9859,183.4,184.41,80800.0
2026-04-09 13:45:00+00:00,184.56,184.62,181.501,181.95,135307.0
2026-04-09 13:50:00+00:00,181.84,181.875,180.4201,180.59,124605.0
2026-04-09 13:55:00+00:00,180.715,181.6799,180.45,181.14,101582.0
2026-04-09 14:00:00+00:00,181.245,182.64,180.9,182.64,101058.0
2026-04-09 14:05:00+00:00,182.485,182.86,182.05,182.13,75726.0
2026-04-09 14:10:00+00:00,181.87,182.2,180.63,181.04,97265.0
2026-04-09 14:15:00+00:00,181.04,181.2,180.18,180.49,73409.0
2026-04-09 14:20:00+00:00,180.62,180.75,180.1,180.16,62873.0
2026-04-09 14:25:00+00:00,180.1,180.64,179.685,180.59,73887.0
2026-04-09 14:30:00+00:00,180.535,181.09,180.39,181.005,67941.0
2026-04-09 14:35:00+00:00,181.12,181.94,180.82,181.435,104587.0
2026-04-09 14:40:00+00:00,181.435,181.945,181.1501,181.36,34694.0
2026-04-09 14:45:00+00:00,181.45,181.97,181.36,181.48,50537.0
2026-04-09 14:50:00+00:00,181.48,181.62,181.05,181.235,26378.0
2026-04-09 14:55:00+00:00,181.285,181.44,180.75,181.33,39620.0
2026-04-09 15:00:00+00:00,181.33,181.41,180.95,181.27,34369.0
2026-04-09 15:05:00+00:00,181.22,181.39,180.345,180.565,64741.0
2026-04-09 15:10:00+00:00,180.5954,180.97,180.545,180.885,38131.0
2026-04-09 15:15:00+00:00,180.88,180.8925,180.465,180.69,39742.0
2026-04-09 15:20:00+00:00,180.69,180.82,180.49,180.64,47730.0
2026-04-09 15:25:00+00:00,180.64,180.72,180.25,180.56,48925.0
2026-04-09 15:30:00+00:00,180.5,181.51,180.44,181.145,36908.0
2026-04-09 15:35:00+00:00,181.03,181.14,180.08,180.41,44620.0
2026-04-09 15:40:00+00:00,180.54,181.0,180.11,180.13,29654.0
2026-04-09 15:45:00+00:00,180.13,180.96,180.0,180.64,39180.0
2026-04-09 15:50:00+00:00,180.685,180.805,180.5,180.67,38448.0
2026-04-09 15:55:00+00:00,180.715,180.8599,180.4914,180.61,29990.0
2026-04-09 16:00:00+00:00,180.69,181.56,180.5,181.195,36640.0
2026-04-09 16:05:00+00:00,181.19,181.29,180.65,180.96,77630.0
2026-04-09 16:10:00+00:00,181.09,181.09,180.13,180.29,34432.0
2026-04-09 16:15:00+00:00,180.2801,181.3699,180.2801,181.265,94530.0
2026-04-09 16:20:00+00:00,181.32,181.39,181.09,181.215,36021.0
2026-04-09 16:25:00+00:00,181.215,181.35,181.03,181.03,21893.0
2026-04-09 16:30:00+00:00,181.13,181.2583,180.7,181.0,27500.0
2026-04-09 16:35:00+00:00,180.96,181.105,180.85,181.02,23014.0
2026-04-09 16:40:00+00:00,180.97,181.06,180.625,180.865,23905.0
2026-04-09 16:45:00+00:00,180.77,180.992,180.705,180.84,21157.0
2026-04-09 16:50:00+00:00,180.76,180.8,180.58,180.68,15354.0
2026-04-09 16:55:00+00:00,180.68,180.69,180.36,180.62,22959.0
2026-04-09 17:00:00+00:00,180.62,180.895,180.3386,180.89,28516.0
2026-04-09 17:05:00+00:00,180.8,180.84,180.51,180.66,22788.0
2026-04-09 17:10:00+00:00,180.65,180.94,180.53,180.72,15901.0
2026-04-09 17:15:00+00:00,180.815,181.1,180.81,180.885,32284.0
2026-04-09 17:20:00+00:00,180.885,181.25,180.885,181.25,16199.0
2026-04-09 17:25:00+00:00,181.28,181.5999,181.12,181.305,29839.0
2026-04-09 17:30:00+00:00,181.3,181.58,181.0,181.34,28056.0
2026-04-09 17:35:00+00:00,181.34,181.71,181.27,181.585,19683.0
2026-04-09 17:40:00+00:00,181.65,181.65,181.2,181.29,25905.0
2026-04-09 17:45:00+00:00,181.25,181.48,181.25,181.395,16566.0
2026-04-09 17:50:00+00:00,181.44,181.46,181.0,181.13,26552.0
2026-04-09 17:55:00+00:00,181.08,181.25,181.08,181.19,17955.0
2026-04-09 18:00:00+00:00,181.195,181.26,180.44,180.66,26974.0
2026-04-09 18:05:00+00:00,180.71,181.24,180.7075,181.24,23726.0
2026-04-09 18:10:00+00:00,181.25,181.31,180.5,180.505,43959.0
2026-04-09 18:15:00+00:00,180.72,180.8,180.5021,180.665,22169.0
2026-04-09 18:20:00+00:00,180.665,180.81,180.54,180.65,13728.0
2026-04-09 18:25:00+00:00,180.71,180.8199,180.5101,180.69,20625.0
2026-04-09 18:30:00+00:00,180.685,180.855,180.57,180.64,20348.0
2026-04-09 18:35:00+00:00,180.695,180.8799,180.63,180.84,21674.0
2026-04-09 18:40:00+00:00,180.845,180.8599,180.215,180.385,28002.0
2026-04-09 18:45:00+00:00,180.445,180.91,180.43,180.91,25492.0
2026-04-09 18:50:00+00:00,180.91,180.99,180.8,180.985,32136.0
2026-04-09 18:55:00+00:00,181.0,181.09,180.8501,180.94,39147.0
2026-04-09 19:00:00+00:00,180.99,181.2,180.923,181.055,24166.0
2026-04-09 19:05:00+00:00,181.09,181.2253,180.83,181.2253,22580.0
2026-04-09 19:10:00+00:00,181.16,181.5,181.1,181.49,41146.0
2026-04-09 19:15:00+00:00,181.5,181.81,181.44,181.65,51684.0
2026-04-09 19:20:00+00:00,181.625,181.65,181.27,181.445,33311.0
2026-04-09 19:25:00+00:00,181.45,181.535,181.35,181.51,32595.0
2026-04-09 19:30:00+00:00,181.55,182.12,181.5,182.025,58921.0
2026-04-09 19:35:00+00:00,182.09,182.29,181.885,181.885,55474.0
2026-04-09 19:40:00+00:00,181.92,182.09,181.7,181.98,39626.0
2026-04-09 19:45:00+00:00,182.03,182.13,181.565,181.58,67412.0
2026-04-09 19:50:00+00:00,181.58,181.865,181.48,181.8,174139.0
2026-04-09 19:55:00+00:00,181.8,181.83,181.07,181.44,319669.0
2026-04-09 20:00:00+00:00,181.46,181.46,181.2,181.46,500982.0
2026-04-09 20:05:00+00:00,181.46,181.46,181.46,181.46,7139.0
2026-04-09 20:10:00+00:00,180.8488,180.8488,180.8488,180.8488,116.0
2026-04-09 20:25:00+00:00,181.35,181.44,181.3499,181.44,1756.0
2026-04-09 20:30:00+00:00,181.46,182.0,181.46,181.5,6825.0
2026-04-09 20:40:00+00:00,181.94,181.99,181.94,181.9728,1740.0
2026-04-09 20:45:00+00:00,181.85,181.85,181.85,181.85,134.0
2026-04-09 20:50:00+00:00,181.9225,181.99,181.9225,181.99,754.0
2026-04-09 20:55:00+00:00,182.05,182.2,182.05,182.05,816.0
2026-04-09 21:00:00+00:00,182.05,182.05,182.0,182.0,721.0
2026-04-09 21:20:00+00:00,182.5,182.5,182.5,182.5,258.0
2026-04-09 21:25:00+00:00,182.439,182.439,182.0,182.0,488.0
2026-04-09 21:55:00+00:00,181.9,181.9,181.9,181.9,444.0
2026-04-09 22:15:00+00:00,181.56,181.56,181.56,181.56,500.0
2026-04-09 22:35:00+00:00,181.8092,181.8092,181.8092,181.8092,175.0
2026-04-09 22:40:00+00:00,181.55,181.55,181.51,181.51,740.0
2026-04-09 22:45:00+00:00,181.8109,181.8109,181.8109,181.8109,100.0
2026-04-09 22:55:00+00:00,181.5,181.5,181.5,181.5,2008.0
2026-04-09 23:00:00+00:00,181.5,181.5,181.5,181.5,409.0
2026-04-09 23:20:00+00:00,181.85,181.85,181.85,181.85,259.0
2026-04-09 23:40:00+00:00,181.85,181.85,181.85,181.85,100.0
2026-04-09 23:45:00+00:00,181.85,181.85,181.85,181.85,311.0
2026-04-10 08:00:00+00:00,182.0,182.0,181.0,181.88,3490.0
2026-04-10 08:05:00+00:00,180.97,180.97,180.97,180.97,453.0
2026-04-10 09:50:00+00:00,181.7,181.7,181.7,181.7,143.0
2026-04-10 10:30:00+00:00,181.76,181.76,181.76,181.76,635.0
2026-04-10 10:35:00+00:00,182.03,182.03,182.02,182.02,307.0
2026-04-10 10:40:00+00:00,182.08,182.08,182.08,182.08,318.0
2026-04-10 11:00:00+00:00,181.9601,182.04,181.9601,182.0,1709.0
2026-04-10 11:30:00+00:00,182.5,182.75,182.5,182.75,371.0
2026-04-10 11:35:00+00:00,182.5,182.5,182.5,182.5,140.0
2026-04-10 11:45:00+00:00,182.38,182.638,182.38,182.638,708.0
2026-04-10 12:15:00+00:00,182.5,182.7,182.5,182.7,1088.0
2026-04-10 12:20:00+00:00,182.871,182.9,182.871,182.9,1006.0
2026-04-10 12:25:00+00:00,183.0,183.0,183.0,183.0,787.0
2026-04-10 12:35:00+00:00,182.75,182.75,182.75,182.75,1599.0
2026-04-10 12:40:00+00:00,182.83,183.5,182.83,183.49,8540.0
2026-04-10 12:45:00+00:00,183.6,183.6,183.6,183.6,670.0
2026-04-10 12:50:00+00:00,183.5001,183.5474,183.07,183.07,3270.0
2026-04-10 12:55:00+00:00,183.05,183.22,182.98,183.05,8385.0
2026-04-10 13:00:00+00:00,183.3889,183.3889,183.3889,183.3889,105.0
2026-04-10 13:05:00+00:00,183.11,183.3899,183.05,183.05,657.0
2026-04-10 13:10:00+00:00,183.05,183.15,183.05,183.05,3846.0
2026-04-10 13:15:00+00:00,183.05,183.05,183.03,183.05,6018.0
2026-04-10 13:20:00+00:00,183.05,183.05,182.87,182.87,1085.0
2026-04-10 13:25:00+00:00,182.7,184.28,182.7,184.28,6701.0
2026-04-10 13:30:00+00:00,183.225,184.0,181.6025,181.6025,158443.0
2026-04-10 13:35:00+00:00,181.765,183.525,181.3,181.965,84504.0
2026-04-10 13:40:00+00:00,181.935,181.95,181.02,181.22,51373.0
2026-04-10 13:45:00+00:00,181.18,181.69,180.6,180.95,77928.0
2026-04-10 13:50:00+00:00,181.05,181.1898,180.51,180.855,39153.0
2026-04-10 13:55:00+00:00,180.91,181.39,180.0,180.25,61200.0
2026-04-10 14:00:00+00:00,180.125,180.32,179.88,180.135,55543.0
2026-04-10 14:05:00+00:00,180.135,180.15,178.6545,178.835,81566.0
2026-04-10 14:10:00+00:00,178.805,179.67,178.2001,179.505,78858.0
2026-04-10 14:15:00+00:00,179.58,179.6499,178.2,178.21,51533.0
2026-04-10 14:20:00+00:00,178.33,178.62,177.27,177.395,77671.0
2026-04-10 14:25:00+00:00,177.39,177.9999,177.04,177.925,94156.0
2026-04-10 14:30:00+00:00,177.93,178.79,177.61,178.46,61371.0
2026-04-10 14:35:00+00:00,178.46,178.79,178.35,178.62,64924.0
2026-04-10 14:40:00+00:00,178.62,179.56,178.36,179.53,76825.0
2026-04-10 14:45:00+00:00,179.5172,179.91,179.48,179.64,111467.0
2026-04-10 14:50:00+00:00,179.685,180.58,179.685,180.58,74983.0
2026-04-10 14:55:00+00:00,180.6,180.92,180.45,180.775,36042.0
2026-04-10 15:00:00+00:00,180.685,180.8899,180.41,180.465,24761.0
2026-04-10 15:05:00+00:00,180.42,180.61,180.18,180.56,40089.0
2026-04-10 15:10:00+00:00,180.585,180.585,179.68,179.71,44887.0
2026-04-10 15:15:00+00:00,179.71,180.26,179.71,180.245,36939.0
2026-04-10 15:20:00+00:00,180.1748,180.49,179.68,180.07,51623.0
2026-04-10 15:25:00+00:00,180.07,180.1299,179.6687,179.94,43586.0
2026-04-10 15:30:00+00:00,180.05,180.1097,179.22,179.32,61504.0
2026-04-10 15:35:00+00:00,179.34,179.46,178.95,179.085,40375.0
2026-04-10 15:40:00+00:00,178.95,179.3699,178.86,179.17,28566.0
2026-04-10 15:45:00+00:00,179.2,179.37,178.9635,179.06,22426.0
2026-04-10 15:50:00+00:00,179.075,179.255,178.97,179.225,20469.0
2026-04-10 15:55:00+00:00,179.25,179.82,178.89,179.73,30500.0
2026-04-10 16:00:00+00:00,179.73,179.84,179.58,179.58,22456.0
2026-04-10 16:05:00+00:00,179.59,179.84,179.58,179.78,26429.0
2026-04-10 16:10:00+00:00,179.835,180.244,179.835,180.09,20703.0
2026-04-10 16:15:00+00:00,180.23,180.29,179.81,179.83,17423.0
2026-04-10 16:20:00+00:00,179.83,180.1,179.8,180.075,11651.0
2026-04-10 16:25:00+00:00,180.09,180.17,179.97,180.07,12260.0
2026-04-10 16:30:00+00:00,180.09,180.42,179.935,180.1,18022.0
2026-04-10 16:35:00+00:00,180.11,180.1599,179.936,180.075,9962.0
2026-04-10 16:40:00+00:00,180.075,180.075,179.825,179.88,11804.0
2026-04-10 16:45:00+00:00,179.885,180.08,179.67,180.08,33518.0
2026-04-10 16:50:00+00:00,180.08,180.4,179.99,180.2,24573.0
2026-04-10 16:55:00+00:00,180.275,180.475,180.1908,180.425,14225.0
2026-04-10 17:00:00+00:00,180.37,180.48,180.07,180.165,18256.0
2026-04-10 17:05:00+00:00,180.165,180.2899,180.16,180.24,10504.0
2026-04-10 17:10:00+00:00,180.1654,180.29,180.06,180.06,14675.0
2026-04-10 17:15:00+00:00,180.145,180.22,180.06,180.16,10604.0
2026-04-10 17:20:00+00:00,180.16,180.24,180.05,180.07,22165.0
2026-04-10 17:25:00+00:00,180.13,180.3,180.06,180.2423,18095.0
2026-04-10 17:30:00+00:00,180.3,180.47,180.3,180.37,18899.0
2026-04-10 17:35:00+00:00,180.2701,180.48,180.2701,180.48,13993.0
2026-04-10 17:40:00+00:00,180.5,180.73,180.42,180.67,29326.0
2026-04-10 17:45:00+00:00,180.6,180.73,180.5,180.68,16560.0
2026-04-10 17:50:00+00:00,180.73,180.81,180.6924,180.755,11058.0
2026-04-10 17:55:00+00:00,180.7208,180.8994,180.72,180.735,18690.0
2026-04-10 18:00:00+00:00,180.73,180.79,180.56,180.72,14353.0
2026-04-10 18:05:00+00:00,180.69,180.76,180.5455,180.66,16072.0
2026-04-10 18:10:00+00:00,180.65,180.75,180.46,180.53,22070.0
2026-04-10 18:15:00+00:00,180.569,180.788,180.5,180.788,16682.0
2026-04-10 18:20:00+00:00,180.77,180.91,180.74,180.82,19588.0
2026-04-10 18:25:00+00:00,180.78,180.8,180.53,180.54,11243.0
2026-04-10 18:30:00+00:00,180.5,180.535,180.24,180.43,17896.0
2026-04-10 18:35:00+00:00,180.5,180.5199,180.29,180.4,12373.0
2026-04-10 18:40:00+00:00,180.4,180.45,180.28,180.45,22381.0
2026-04-10 18:45:00+00:00,180.435,180.44,180.2316,180.33,13678.0
2026-04-10 18:50:00+00:00,180.3,180.52,180.3,180.5,12790.0
2026-04-10 18:55:00+00:00,180.5,180.5,180.35,180.46,20730.0
2026-04-10 19:00:00+00:00,180.465,180.7065,180.451,180.605,37083.0
2026-04-10 19:05:00+00:00,180.6,180.63,180.4,180.45,24752.0
2026-04-10 19:10:00+00:00,180.45,180.5,180.3,180.3,20400.0
2026-04-10 19:15:00+00:00,180.2995,180.31,180.09,180.145,22667.0
2026-04-10 19:20:00+00:00,180.15,180.17,180.01,180.05,27875.0
2026-04-10 19:25:00+00:00,180.05,180.05,179.62,179.905,60160.0
2026-04-10 19:30:00+00:00,179.905,179.91,179.66,179.81,44043.0
2026-04-10 19:35:00+00:00,179.8,179.8,179.06,179.065,45940.0
2026-04-10 19:40:00+00:00,179.1199,179.1199,178.22,178.38,88510.0
2026-04-10 19:45:00+00:00,178.43,178.78,178.22,178.765,90492.0
2026-04-10 19:50:00+00:00,178.79,178.86,177.7,177.775,247935.0
2026-04-10 19:55:00+00:00,177.72,178.11,177.4,177.86,460626.0
2026-04-10 20:00:00+00:00,177.89,178.0,177.8,178.0,564773.0
2026-04-10 20:05:00+00:00,178.0,178.62,178.0,178.62,557.0
2026-04-10 20:10:00+00:00,177.53,178.19,177.53,178.19,472.0
2026-04-10 20:15:00+00:00,178.0,178.0,178.0,178.0,121.0
2026-04-10 20:25:00+00:00,178.1,178.45,178.1,178.45,1752.0
2026-04-10 20:30:00+00:00,177.8,178.0,177.8,178.0,1782.0
2026-04-10 20:45:00+00:00,178.03,178.03,178.03,178.03,330.0
2026-04-10 21:45:00+00:00,178.0,178.1915,178.0,178.1915,377.0
2026-04-10 22:00:00+00:00,177.8,177.8,177.8,177.8,400.0
2026-04-10 22:05:00+00:00,177.8,177.8,177.8,177.8,1022.0
2026-04-10 23:05:00+00:00,177.75,177.75,177.75,177.75,750.0
2026-04-13 08:00:00+00:00,175.3,176.51,175.3,176.5,7981.0
2026-04-13 08:05:00+00:00,176.44,176.44,176.44,176.44,200.0
2026-04-13 08:10:00+00:00,176.27,176.27,176.27,176.27,363.0
2026-04-13 08:20:00+00:00,176.21,176.21,176.21,176.21,100.0
2026-04-13 09:50:00+00:00,176.51,176.51,176.51,176.51,237.0
2026-04-13 10:20:00+00:00,176.3,176.3,176.3,176.3,379.0
2026-04-13 10:50:00+00:00,176.48,176.48,176.48,176.48,143.0
2026-04-13 11:00:00+00:00,176.8,176.909,176.15,176.81,2558.0
2026-04-13 11:05:00+00:00,176.93,177.08,176.5001,176.5001,644.0
2026-04-13 11:20:00+00:00,177.0,177.0,177.0,177.0,344.0
2026-04-13 11:25:00+00:00,176.92,176.92,176.75,176.75,479.0
2026-04-13 11:35:00+00:00,176.52,176.53,176.18,176.18,731.0
2026-04-13 11:45:00+00:00,176.41,176.43,176.41,176.43,402.0
2026-04-13 11:55:00+00:00,176.12,176.5,176.05,176.5,3800.0
2026-04-13 12:00:00+00:00,176.51,176.51,176.51,176.51,329.0
2026-04-13 12:10:00+00:00,176.24,176.24,176.24,176.24,400.0
2026-04-13 12:15:00+00:00,176.43,176.82,176.27,176.41,1481.0
2026-04-13 12:20:00+00:00,176.41,176.41,176.41,176.41,135.0
2026-04-13 12:25:00+00:00,176.55,176.55,176.55,176.55,230.0
2026-04-13 12:30:00+00:00,176.1,176.1,176.04,176.06,1044.0
2026-04-13 12:35:00+00:00,176.158,176.158,176.158,176.158,104.0
2026-04-13 12:45:00+00:00,176.7,176.79,176.7,176.79,445.0
2026-04-13 12:50:00+00:00,176.85,176.85,176.85,176.85,109.0
2026-04-13 12:55:00+00:00,176.85,176.87,176.85,176.87,349.0
2026-04-13 13:00:00+00:00,176.8251,177.1,176.7,177.1,973.0
2026-04-13 13:05:00+00:00,177.0,177.0,177.0,177.0,2960.0
2026-04-13 13:10:00+00:00,177.0,177.0,177.0,177.0,366.0
2026-04-13 13:15:00+00:00,177.38,177.38,177.38,177.38,530.0
2026-04-13 13:20:00+00:00,177.96,177.96,177.96,177.96,740.0
2026-04-13 13:25:00+00:00,178.93,179.43,178.93,179.43,2051.0
2026-04-13 13:30:00+00:00,179.0,181.11,178.83,178.95,199062.0
2026-04-13 13:35:00+00:00,178.93,180.5,177.5,180.12,171063.0
2026-04-13 13:40:00+00:00,180.02,180.99,179.71,180.43,86439.0
2026-04-13 13:45:00+00:00,180.66,181.56,180.265,181.475,64487.0
2026-04-13 13:50:00+00:00,181.5,181.5903,180.3501,180.745,60320.0
2026-04-13 13:55:00+00:00,180.94,180.94,179.99,180.62,48489.0
2026-04-13 14:00:00+00:00,180.645,180.88,179.25,180.37,49149.0
2026-04-13 14:05:00+00:00,180.24,180.275,179.0,179.1,44725.0
2026-04-13 14:10:00+00:00,179.1,179.53,178.8,179.32,40470.0
2026-04-13 14:15:00+00:00,179.255,180.03,179.19,180.03,33414.0
2026-04-13 14:20:00+00:00,180.15,180.35,179.7355,180.12,31893.0
2026-04-13 14:25:00+00:00,180.2299,180.911,180.02,180.79,43216.0
2026-04-13 14:30:00+00:00,180.88,180.88,180.02,180.21,37604.0
2026-04-13 14:35:00+00:00,180.22,180.43,180.05,180.36,26942.0
2026-04-13 14:40:00+00:00,180.36,181.1399,180.305,181.095,39145.0
2026-04-13 14:45:00+00:00,181.14,181.3586,181.07,181.145,40481.0
2026-04-13 14:50:00+00:00,181.14,182.335,181.1,182.305,49256.0
2026-04-13 14:55:00+00:00,182.32,182.71,182.23,182.395,61567.0
2026-04-13 15:00:00+00:00,182.39,182.39,181.93,182.04,46248.0
2026-04-13 15:05:00+00:00,182.035,182.68,182.035,182.68,28929.0
2026-04-13 15:10:00+00:00,182.6,182.64,181.886,182.0,46703.0
2026-04-13 15:15:00+00:00,182.015,186.0,181.9,184.42,400465.0
2026-04-13 15:20:00+00:00,184.44,188.32,184.0,187.525,513232.0
2026-04-13 15:25:00+00:00,187.97,191.365,187.45,188.6425,1173498.0
2026-04-13 15:30:00+00:00,188.645,190.0,186.7,187.49,432361.0
2026-04-13 15:35:00+00:00,187.48,187.93,185.0,185.595,245388.0
2026-04-13 15:40:00+00:00,185.595,188.57,185.36,188.27,202589.0
2026-04-13 15:45:00+00:00,188.27,189.4,187.765,188.455,206385.0
2026-04-13 15:50:00+00:00,188.455,188.49,187.265,188.295,138243.0
2026-04-13 15:55:00+00:00,188.38,188.75,187.97,188.23,138062.0
2026-04-13 16:00:00+00:00,188.23,188.32,187.53,187.925,111606.0
2026-04-13 16:05:00+00:00,187.91,188.06,187.1,187.315,124435.0
2026-04-13 16:10:00+00:00,187.39,187.83,186.7001,187.805,112492.0
2026-04-13 16:15:00+00:00,187.74,188.14,187.6,187.815,52989.0
2026-04-13 16:20:00+00:00,187.87,188.02,187.17,188.0197,71923.0
2026-04-13 16:25:00+00:00,187.91,188.48,187.6801,188.34,59194.0
2026-04-13 16:30:00+00:00,188.29,188.6,188.28,188.39,64414.0
2026-04-13 16:35:00+00:00,188.39,188.67,188.0038,188.21,93927.0
2026-04-13 16:40:00+00:00,188.21,188.4,187.82,188.09,49214.0
2026-04-13 16:45:00+00:00,188.09,188.1997,187.91,188.05,66728.0
2026-04-13 16:50:00+00:00,188.05,188.47,188.0001,188.27,66581.0
2026-04-13 16:55:00+00:00,188.225,188.78,188.14,188.36,68705.0
2026-04-13 17:00:00+00:00,188.4,188.75,188.245,188.415,92792.0
2026-04-13 17:05:00+00:00,188.52,188.93,188.42,188.71,79265.0
2026-04-13 17:10:00+00:00,188.68,188.86,188.43,188.695,108997.0
2026-04-13 17:15:00+00:00,188.69,188.95,188.45,188.95,74578.0
2026-04-13 17:20:00+00:00,188.92,189.15,188.77,188.81,68663.0
2026-04-13 17:25:00+00:00,188.815,188.95,188.67,188.8,36432.0
2026-04-13 17:30:00+00:00,188.82,189.27,188.76,188.97,64657.0
2026-04-13 17:35:00+00:00,188.97,189.06,188.58,188.675,84854.0
2026-04-13 17:40:00+00:00,188.59,188.925,188.08,188.27,79675.0
2026-04-13 17:45:00+00:00,188.31,188.43,187.6,187.645,79224.0
2026-04-13 17:50:00+00:00,187.66,187.81,187.31,187.75,56635.0
2026-04-13 17:55:00+00:00,187.745,187.745,187.14,187.14,64746.0
2026-04-13 18:00:00+00:00,187.2,187.26,186.61,186.95,65164.0
2026-04-13 18:05:00+00:00,186.905,187.0099,186.62,186.84,50363.0
2026-04-13 18:10:00+00:00,186.8899,186.8899,186.58,186.6925,51878.0
2026-04-13 18:15:00+00:00,186.685,187.11,186.45,186.49,79398.0
2026-04-13 18:20:00+00:00,186.49,186.74,186.2,186.64,57787.0
2026-04-13 18:25:00+00:00,186.57,186.85,186.42,186.77,44906.0
2026-04-13 18:30:00+00:00,186.77,187.54,186.719,187.37,62020.0
2026-04-13 18:35:00+00:00,187.375,187.87,187.2974,187.81,49783.0
2026-04-13 18:40:00+00:00,187.75,188.27,187.74,188.245,64676.0
2026-04-13 18:45:00+00:00,188.22,188.7499,188.22,188.605,79163.0
2026-04-13 18:50:00+00:00,188.605,188.96,188.1701,188.45,73465.0
2026-04-13 18:55:00+00:00,188.45,188.58,188.02,188.21,71723.0
2026-04-13 19:00:00+00:00,188.25,188.3288,188.03,188.085,47827.0
2026-04-13 19:05:00+00:00,188.08,188.08,187.56,187.73,62309.0
2026-04-13 19:10:00+00:00,187.694,187.76,187.58,187.63,46145.0
2026-04-13 19:15:00+00:00,187.645,187.915,187.585,187.8699,56466.0
2026-04-13 19:20:00+00:00,187.845,187.89,187.475,187.735,94357.0
2026-04-13 19:25:00+00:00,187.725,187.79,187.51,187.565,52786.0
2026-04-13 19:30:00+00:00,187.565,187.9399,187.37,187.725,80579.0
2026-04-13 19:35:00+00:00,187.725,188.22,187.72,187.87,86426.0
2026-04-13 19:40:00+00:00,187.905,188.295,187.84,188.295,150225.0
2026-04-13 19:45:00+00:00,188.295,188.5,188.0,188.4275,175018.0
2026-04-13 19:50:00+00:00,188.5,189.522,188.34,189.51,265264.0
2026-04-13 19:55:00+00:00,189.59,189.95,189.585,189.76,613579.0
2026-04-13 20:00:00+00:00,189.8596,189.8596,175.4,183.0,1200268.0
2026-04-13 20:05:00+00:00,183.7564,184.0,182.11,183.4945,66855.0
2026-04-13 20:10:00+00:00,183.0,183.91,183.0,183.6852,32457.0
2026-04-13 20:15:00+00:00,183.8762,184.88,183.85,184.2,13685.0
2026-04-13 20:20:00+00:00,184.1,184.12,183.07,183.3,17378.0
2026-04-13 20:25:00+00:00,183.3325,184.36,183.3,184.29,15433.0
2026-04-13 20:30:00+00:00,184.03,184.4,184.02,184.3965,5525.0
2026-04-13 20:35:00+00:00,184.18,184.18,183.7,183.7,3904.0
2026-04-13 20:40:00+00:00,183.56,183.7,183.1868,183.45,13852.0
2026-04-13 20:45:00+00:00,183.3282,183.6,183.3282,183.5,9011.0
2026-04-13 20:50:00+00:00,183.5,183.7,183.3086,183.5,10248.0
2026-04-13 20:55:00+00:00,183.46,183.83,183.41,183.83,2615.0
2026-04-13 21:00:00+00:00,183.826,184.19,183.826,184.19,1777.0
2026-04-13 21:05:00+00:00,184.19,184.7,184.09,184.7,4435.0
2026-04-13 21:10:00+00:00,184.44,184.5,184.44,184.5,423.0
2026-04-13 21:15:00+00:00,184.7,184.88,184.1411,184.45,5409.0
2026-04-13 21:20:00+00:00,184.5,184.7501,184.5,184.66,1359.0
2026-04-13 21:25:00+00:00,184.5,184.6692,184.26,184.6692,1312.0
2026-04-13 21:30:00+00:00,184.6723,184.75,184.6723,184.75,377.0
2026-04-13 21:35:00+00:00,184.99,185.0,184.8,184.9748,3569.0
2026-04-13 21:40:00+00:00,185.0,185.09,184.99,185.09,1913.0
2026-04-13 21:45:00+00:00,185.35,185.49,185.2,185.39,2697.0
2026-04-13 21:50:00+00:00,185.2,185.337,185.2,185.337,958.0
2026-04-13 21:55:00+00:00,185.5,185.7,185.4,185.569,4318.0
2026-04-13 22:00:00+00:00,185.8,185.8,185.8,185.8,549.0
2026-04-13 22:05:00+00:00,185.98,185.98,185.76,185.76,1070.0
2026-04-13 22:10:00+00:00,185.7,185.7,185.5,185.51,2327.0
2026-04-13 22:15:00+00:00,185.9176,185.9176,185.75,185.75,400.0
2026-04-13 22:20:00+00:00,185.581,185.581,185.581,185.581,162.0
2026-04-13 22:25:00+00:00,185.5,185.92,185.5,185.92,755.0
2026-04-13 22:30:00+00:00,185.65,185.65,185.6,185.6,490.0
2026-04-13 22:35:00+00:00,185.8,185.8,185.8,185.8,130.0
2026-04-13 22:40:00+00:00,185.8,185.8,185.539,185.77,1049.0
2026-04-13 22:45:00+00:00,185.8,185.8,185.5,185.5,878.0
2026-04-13 22:50:00+00:00,185.8,185.8,185.713,185.713,932.0
2026-04-13 22:55:00+00:00,185.7565,185.88,185.75,185.88,3230.0
2026-04-13 23:00:00+00:00,185.77,185.98,185.77,185.98,1270.0
2026-04-13 23:05:00+00:00,185.95,186.0,185.7551,185.7551,1091.0
2026-04-13 23:10:00+00:00,186.0,186.03,185.99,185.99,4023.0
2026-04-13 23:15:00+00:00,185.99,186.0,185.99,186.0,677.0
2026-04-13 23:20:00+00:00,186.0,186.0,185.86,185.86,3348.0
2026-04-13 23:25:00+00:00,185.99,186.0,185.8695,185.8695,690.0
2026-04-13 23:30:00+00:00,185.85,185.8801,185.85,185.8801,357.0
2026-04-13 23:35:00+00:00,185.892,186.0,185.892,186.0,2720.0
2026-04-13 23:45:00+00:00,186.45,186.5,186.45,186.5,1142.0
2026-04-13 23:50:00+00:00,186.0962,186.85,186.073,186.85,744.0
2026-04-13 23:55:00+00:00,186.12,186.17,186.03,186.11,2668.0
2026-04-14 08:00:00+00:00,186.0,186.7,185.46,185.73,13591.0
2026-04-14 08:05:00+00:00,185.73,185.73,185.73,185.73,1200.0
2026-04-14 08:20:00+00:00,185.25,185.25,185.25,185.25,406.0
2026-04-14 08:30:00+00:00,184.8,184.8,184.8,184.8,224.0
2026-04-14 08:35:00+00:00,184.98,185.17,184.98,185.17,1471.0
2026-04-14 08:40:00+00:00,185.0,185.0,185.0,185.0,197.0
2026-04-14 08:45:00+00:00,185.04,185.04,185.04,185.04,469.0
2026-04-14 08:55:00+00:00,185.5,185.5,185.5,185.5,794.0
2026-04-14 09:00:00+00:00,185.99,185.99,185.99,185.99,197.0
2026-04-14 09:05:00+00:00,186.01,186.01,185.83,185.99,1142.0
2026-04-14 09:25:00+00:00,185.5899,185.5899,185.5899,185.5899,109.0
2026-04-14 09:45:00+00:00,185.9,185.9,185.9,185.9,101.0
2026-04-14 10:00:00+00:00,185.71,185.71,185.71,185.71,128.0
2026-04-14 10:05:00+00:00,185.49,185.5,185.49,185.5,683.0
2026-04-14 10:55:00+00:00,185.54,185.54,185.54,185.54,204.0
2026-04-14 11:00:00+00:00,185.54,185.6,184.8,185.0,4000.0
2026-04-14 11:05:00+00:00,185.27,185.27,184.6,184.8,1430.0
2026-04-14 11:10:00+00:00,185.6,185.6,185.6,185.6,1151.0
2026-04-14 11:15:00+00:00,185.3,185.3,185.3,185.3,180.0
2026-04-14 11:25:00+00:00,185.9057,185.9057,185.73,185.7375,1177.0
2026-04-14 11:30:00+00:00,185.98,185.98,185.98,185.98,324.0
2026-04-14 11:35:00+00:00,185.5,186.0,185.5,186.0,1085.0
2026-04-14 11:40:00+00:00,186.0,186.0506,186.0,186.0506,997.0
2026-04-14 11:45:00+00:00,186.375,186.41,186.05,186.41,2857.0
2026-04-14 11:50:00+00:00,186.89,186.89,186.35,186.35,1614.0
2026-04-14 11:55:00+00:00,186.11,186.11,186.0,186.0,987.0
2026-04-14 12:00:00+00:00,186.88,187.02,186.88,187.02,1782.0
2026-04-14 12:05:00+00:00,187.0,187.0,186.99,186.99,1106.0
2026-04-14 12:10:00+00:00,187.4,187.46,186.6,187.46,3846.0
2026-04-14 12:15:00+00:00,187.0,187.5,186.6942,186.6942,6617.0
2026-04-14 12:20:00+00:00,186.52,186.52,185.93,185.93,3482.0
2026-04-14 12:25:00+00:00,186.25,186.26,186.02,186.02,736.0
2026-04-14 12:30:00+00:00,186.05,186.05,186.05,186.05,414.0
2026-04-14 12:35:00+00:00,186.05,186.05,185.8,185.8,4251.0
2026-04-14 12:40:00+00:00,185.8,185.9,185.6319,185.9,1961.0
2026-04-14 12:45:00+00:00,185.75,185.75,185.0,185.1,11393.0
2026-04-14 12:50:00+00:00,185.1,185.48,185.0,185.0,4329.0
2026-04-14 12:55:00+00:00,184.71,185.35,184.5,184.6621,13230.0
2026-04-14 13:00:00+00:00,185.0,185.2477,184.9,184.95,3644.0
2026-04-14 13:05:00+00:00,184.96,185.87,184.96,185.84,5326.0
2026-04-14 13:10:00+00:00,185.39,185.39,185.16,185.16,1280.0
2026-04-14 13:15:00+00:00,185.2,185.73,185.0,185.73,2404.0
2026-04-14 13:20:00+00:00,186.15,186.15,185.77,185.77,553.0
2026-04-14 13:25:00+00:00,186.35,186.73,185.0503,186.3,7495.0
2026-04-14 13:30:00+00:00,185.55,186.79,182.0,182.34,374254.0
2026-04-14 13:35:00+00:00,182.11,182.8899,181.01,181.3,264778.0
2026-04-14 13:40:00+00:00,181.175,182.8477,180.93,182.225,165307.0
2026-04-14 13:45:00+00:00,182.05,182.45,180.1013,181.09,187052.0
2026-04-14 13:50:00+00:00,181.06,181.7933,180.67,181.2351,141098.0
2026-04-14 13:55:00+00:00,181.235,182.53,181.04,182.36,131606.0
2026-04-14 14:00:00+00:00,182.46,183.23,182.4,183.105,120549.0
2026-04-14 14:05:00+00:00,183.1777,183.61,182.87,183.35,105230.0
2026-04-14 14:10:00+00:00,183.345,184.96,183.345,184.84,81605.0
2026-04-14 14:15:00+00:00,184.805,184.92,183.9,184.25,95231.0
2026-04-14 14:20:00+00:00,184.25,184.34,183.95,184.17,47251.0
2026-04-14 14:25:00+00:00,184.06,184.08,183.1,183.7,94594.0
2026-04-14 14:30:00+00:00,183.585,183.71,183.33,183.58,39154.0
2026-04-14 14:35:00+00:00,183.46,183.615,183.19,183.45,62471.0
2026-04-14 14:40:00+00:00,183.52,183.59,183.095,183.28,75406.0
2026-04-14 14:45:00+00:00,183.29,184.0,183.26,183.66,106502.0
2026-04-14 14:50:00+00:00,183.63,183.99,183.36,183.585,61805.0
2026-04-14 14:55:00+00:00,183.64,183.98,183.55,183.93,86656.0
2026-04-14 15:00:00+00:00,183.95,184.42,183.83,183.98,103890.0
2026-04-14 15:05:00+00:00,183.88,184.0,183.45,183.61,63980.0
2026-04-14 15:10:00+00:00,183.535,184.11,183.4,183.96,84864.0
2026-04-14 15:15:00+00:00,183.9678,184.09,183.38,183.9,63967.0
2026-04-14 15:20:00+00:00,183.98,184.0499,183.55,183.75,150620.0
2026-04-14 15:25:00+00:00,183.775,183.89,183.29,183.395,135771.0
2026-04-14 15:30:00+00:00,183.3,183.77,182.75,183.135,89649.0
2026-04-14 15:35:00+00:00,183.19,183.55,183.08,183.13,50391.0
2026-04-14 15:40:00+00:00,183.18,183.27,182.74,183.03,59193.0
2026-04-14 15:45:00+00:00,183.03,183.645,183.01,183.46,70028.0
2026-04-14 15:50:00+00:00,183.45,183.69,183.3005,183.66,39740.0
2026-04-14 15:55:00+00:00,183.6993,183.75,183.3301,183.5,46304.0
2026-04-14 16:00:00+00:00,183.51,183.69,183.39,183.6,39401.0
2026-04-14 16:05:00+00:00,183.6,183.71,183.3288,183.54,50162.0
2026-04-14 16:10:00+00:00,183.48,183.7,183.38,183.67,48756.0
2026-04-14 16:15:00+00:00,183.705,184.04,183.6137,183.8514,40848.0
2026-04-14 16:20:00+00:00,183.96,184.03,183.585,183.735,42851.0
2026-04-14 16:25:00+00:00,183.735,183.765,183.2,183.25,34344.0
2026-04-14 16:30:00+00:00,183.34,183.45,183.0,183.21,31744.0
2026-04-14 16:35:00+00:00,183.25,183.32,183.065,183.11,31806.0
2026-04-14 16:40:00+00:00,183.13,183.45,183.09,183.43,31923.0
2026-04-14 16:45:00+00:00,183.45,183.62,183.3,183.62,18274.0
2026-04-14 16:50:00+00:00,183.61,183.62,183.175,183.365,27041.0
2026-04-14 16:55:00+00:00,183.365,183.4,183.05,183.085,15105.0
2026-04-14 17:00:00+00:00,183.12,183.84,183.12,183.7,26240.0
2026-04-14 17:05:00+00:00,183.74,183.9628,183.5,183.94,22323.0
2026-04-14 17:10:00+00:00,183.87,184.11,183.84,184.0,33880.0
2026-04-14 17:15:00+00:00,184.0,184.15,183.88,184.11,31103.0
2026-04-14 17:20:00+00:00,184.119,184.27,184.09,184.21,27919.0
2026-04-14 17:25:00+00:00,184.28,184.39,184.16,184.205,27739.0
2026-04-14 17:30:00+00:00,184.13,184.26,183.99,184.01,30012.0
2026-04-14 17:35:00+00:00,184.06,184.23,183.96,184.01,41716.0
2026-04-14 17:40:00+00:00,183.99,184.16,183.84,183.99,31695.0
2026-04-14 17:45:00+00:00,184.02,184.02,183.67,183.735,36475.0
2026-04-14 17:50:00+00:00,183.79,183.81,183.66,183.6856,17665.0
2026-04-14 17:55:00+00:00,183.705,184.08,183.63,184.02,28866.0
2026-04-14 18:00:00+00:00,184.02,184.33,183.8,184.12,60603.0
2026-04-14 18:05:00+00:00,184.12,184.27,184.06,184.19,20680.0
2026-04-14 18:10:00+00:00,184.24,184.28,183.91,183.91,23707.0
2026-04-14 18:15:00+00:00,183.955,184.02,183.7,183.775,34412.0
2026-04-14 18:20:00+00:00,183.76,183.87,183.5,183.5,26174.0
2026-04-14 18:25:00+00:00,183.52,183.8,183.43,183.77,27684.0
2026-04-14 18:30:00+00:00,183.79,183.989,183.7,183.9,23336.0
2026-04-14 18:35:00+00:00,183.91,184.22,183.8401,184.19,29658.0
2026-04-14 18:40:00+00:00,184.135,184.24,184.01,184.06,23810.0
2026-04-14 18:45:00+00:00,184.035,184.25,183.97,184.22,35261.0
2026-04-14 18:50:00+00:00,184.21,184.77,184.21,184.6701,45728.0
2026-04-14 18:55:00+00:00,184.705,184.87,184.5101,184.76,43759.0
2026-04-14 19:00:00+00:00,184.745,184.78,183.75,184.55,67393.0
2026-04-14 19:05:00+00:00,184.515,184.8,184.3211,184.425,28076.0
2026-04-14 19:10:00+00:00,184.37,184.63,184.37,184.465,28972.0
2026-04-14 19:15:00+00:00,184.46,184.66,184.35,184.65,28696.0
2026-04-14 19:20:00+00:00,184.615,184.91,184.57,184.9,38728.0
2026-04-14 19:25:00+00:00,184.86,185.15,184.86,185.055,56019.0
2026-04-14 19:30:00+00:00,185.0445,185.39,185.0445,185.27,44778.0
2026-04-14 19:35:00+00:00,185.15,185.25,185.0,185.155,58006.0
2026-04-14 19:40:00+00:00,185.19,185.2,184.975,185.18,48625.0
2026-04-14 19:45:00+00:00,185.14,185.24,184.64,184.64,66938.0
2026-04-14 19:50:00+00:00,184.75,185.15,184.5,184.605,142917.0
2026-04-14 19:55:00+00:00,184.65,184.87,184.41,184.6,357396.0
2026-04-14 20:00:00+00:00,184.51,185.2633,184.51,184.51,567789.0
2026-04-14 20:05:00+00:00,184.56,184.56,184.0538,184.0538,7615.0
2026-04-14 20:10:00+00:00,184.5,184.5,184.45,184.45,377.0
2026-04-14 20:15:00+00:00,184.63,184.63,183.8435,183.8435,3427.0
2026-04-14 20:35:00+00:00,184.51,184.75,184.51,184.75,392.0
2026-04-14 20:40:00+00:00,184.75,184.75,184.75,184.75,370.0
2026-04-14 20:45:00+00:00,185.0,185.0,185.0,185.0,110.0
2026-04-14 20:50:00+00:00,184.51,184.51,184.51,184.51,390.0
2026-04-14 21:05:00+00:00,184.61,184.61,184.61,184.61,115.0
2026-04-14 21:10:00+00:00,184.6,184.6,184.56,184.56,466.0
2026-04-14 21:20:00+00:00,184.6,184.6,184.6,184.6,806.0
2026-04-14 21:45:00+00:00,184.7,184.7,184.7,184.7,100.0
2026-04-14 21:50:00+00:00,184.9489,184.9489,184.9489,184.9489,104.0
2026-04-14 22:05:00+00:00,184.9276,184.9276,184.9276,184.9276,150.0
2026-04-14 22:15:00+00:00,184.9627,184.9627,184.9627,184.9627,150.0
2026-04-14 22:25:00+00:00,184.92,184.96,184.92,184.946,1226.0
2026-04-14 22:35:00+00:00,184.74,184.74,184.74,184.74,271.0
2026-04-14 22:45:00+00:00,184.6,184.6,184.6,184.6,500.0
2026-04-14 23:00:00+00:00,184.9367,184.9367,184.9367,184.9367,108.0
2026-04-14 23:10:00+00:00,184.7,184.7001,184.7,184.7001,210.0
2026-04-14 23:20:00+00:00,184.7,184.7,184.7,184.7,300.0
2026-04-14 23:30:00+00:00,184.7,184.7,184.7,184.7,101.0
2026-04-14 23:35:00+00:00,184.81,184.99,184.81,184.9841,1571.0
2026-04-14 23:40:00+00:00,184.826,184.9,184.8,184.8,968.0
2026-04-14 23:45:00+00:00,184.9725,184.9725,184.9725,184.9725,400.0
2026-04-15 08:00:00+00:00,184.61,184.61,183.74,184.12,3605.0
2026-04-15 08:05:00+00:00,184.12,184.12,184.12,184.12,420.0
2026-04-15 08:25:00+00:00,185.02,185.02,185.02,185.02,253.0
2026-04-15 08:35:00+00:00,185.62,185.62,185.62,185.62,300.0
2026-04-15 09:05:00+00:00,184.12,184.12,184.1,184.1,339.0
2026-04-15 09:35:00+00:00,185.814,185.814,185.814,185.814,219.0
2026-04-15 10:15:00+00:00,184.31,184.31,184.29,184.29,888.0
2026-04-15 10:20:00+00:00,184.7,184.7,184.7,184.7,307.0
2026-04-15 10:35:00+00:00,184.04,184.04,184.04,184.04,230.0
2026-04-15 11:00:00+00:00,184.5,185.01,184.0001,185.01,1516.0
2026-04-15 11:15:00+00:00,184.8,184.8,184.8,184.8,205.0
2026-04-15 12:00:00+00:00,184.8,184.8,184.8,184.8,829.0
2026-04-15 12:05:00+00:00,184.8,184.8,183.52,183.52,5393.0
2026-04-15 12:10:00+00:00,183.5,183.5,183.5,183.5,137.0
2026-04-15 12:15:00+00:00,183.091,183.091,183.091,183.091,600.0
2026-04-15 12:20:00+00:00,183.41,183.41,183.41,183.41,202.0
2026-04-15 12:25:00+00:00,183.38,183.9,183.36,183.9,1360.0
2026-04-15 12:30:00+00:00,183.6,183.6,183.6,183.6,524.0
2026-04-15 12:35:00+00:00,183.97,183.99,183.97,183.99,860.0
2026-04-15 12:40:00+00:00,184.4,184.4,184.2,184.2,562.0
2026-04-15 12:45:00+00:00,184.2,184.2,184.2,184.2,576.0
2026-04-15 12:50:00+00:00,184.5,184.5,184.5,184.5,916.0
2026-04-15 13:00:00+00:00,184.0,184.0,183.88,184.0,902.0
2026-04-15 13:10:00+00:00,183.98,184.2,183.98,184.18,1410.0
2026-04-15 13:20:00+00:00,184.13,184.13,184.0,184.0,1117.0
2026-04-15 13:25:00+00:00,184.0,184.0,183.0,183.0,9699.0
2026-04-15 13:30:00+00:00,182.94,182.99,180.52,180.9473,279935.0
2026-04-15 13:35:00+00:00,180.765,181.86,180.22,180.54,121314.0
2026-04-15 13:40:00+00:00,180.52,180.9299,178.59,179.41,244758.0
2026-04-15 13:45:00+00:00,179.485,180.2371,178.5,179.48,134008.0
2026-04-15 13:50:00+00:00,179.4715,179.4715,177.7082,178.085,153932.0
2026-04-15 13:55:00+00:00,178.04,178.65,177.0,178.5329,214873.0
2026-04-15 14:00:00+00:00,178.445,178.9025,177.5,177.8525,101219.0
2026-04-15 14:05:00+00:00,177.95,178.0592,177.59,177.71,97890.0
2026-04-15 14:10:00+00:00,177.735,178.13,177.49,177.94,107729.0
2026-04-15 14:15:00+00:00,177.94,178.43,177.69,177.985,90927.0
2026-04-15 14:20:00+00:00,178.07,179.0,177.96,178.92,109226.0
2026-04-15 14:25:00+00:00,178.885,179.85,178.7501,179.75,87254.0
2026-04-15 14:30:00+00:00,179.795,180.25,179.43,179.93,99044.0
2026-04-15 14:35:00+00:00,179.85,180.23,179.74,179.84,62287.0
2026-04-15 14:40:00+00:00,179.99,180.17,179.63,179.94,53276.0
2026-04-15 14:45:00+00:00,179.945,180.35,179.82,180.28,78830.0
2026-04-15 14:50:00+00:00,180.28,180.61,180.26,180.525,64561.0
2026-04-15 14:55:00+00:00,180.53,180.53,180.05,180.26,71299.0
2026-04-15 15:00:00+00:00,180.32,180.42,180.0401,180.315,50880.0
2026-04-15 15:05:00+00:00,180.4399,180.68,180.33,180.645,75580.0
2026-04-15 15:10:00+00:00,180.61,181.29,180.54,181.24,91577.0
2026-04-15 15:15:00+00:00,181.25,181.67,181.19,181.565,76133.0
2026-04-15 15:20:00+00:00,181.6,181.64,180.83,180.96,154402.0
2026-04-15 15:25:00+00:00,180.96,181.33,180.83,181.205,112944.0
2026-04-15 15:30:00+00:00,181.2,181.26,180.325,180.46,63061.0
2026-04-15 15:35:00+00:00,180.51,181.065,180.3301,180.865,76712.0
2026-04-15 15:40:00+00:00,180.885,180.94,180.45,180.57,52371.0
2026-04-15 15:45:00+00:00,180.5351,180.5351,179.98,180.06,41921.0
2026-04-15 15:50:00+00:00,180.12,180.18,179.83,179.935,30924.0
2026-04-15 15:55:00+00:00,179.935,179.9899,179.31,179.81,380576.0
2026-04-15 16:00:00+00:00,179.855,180.0,179.73,179.94,40179.0
2026-04-15 16:05:00+00:00,179.94,180.11,179.79,180.105,43451.0
2026-04-15 16:10:00+00:00,180.1,180.1699,179.9,179.9,33807.0
2026-04-15 16:15:00+00:00,179.92,180.03,179.83,179.89,36749.0
2026-04-15 16:20:00+00:00,179.92,180.08,179.85,179.93,49034.0
2026-04-15 16:25:00+00:00,179.86,179.97,179.55,179.75,42738.0
2026-04-15 16:30:00+00:00,179.82,179.88,179.66,179.75,31682.0
2026-04-15 16:35:00+00:00,179.78,179.9,179.6,179.82,43265.0
2026-04-15 16:40:00+00:00,179.78,179.79,179.23,179.305,52516.0
2026-04-15 16:45:00+00:00,179.34,179.34,178.61,179.0319,73556.0
2026-04-15 16:50:00+00:00,179.22,179.41,178.63,178.87,49708.0
2026-04-15 16:55:00+00:00,178.9499,179.03,178.46,178.93,44156.0
2026-04-15 17:00:00+00:00,178.95,179.23,178.89,179.22,33637.0
2026-04-15 17:05:00+00:00,179.23,179.44,179.16,179.35,34707.0
2026-04-15 17:10:00+00:00,179.33,179.38,179.19,179.32,29028.0
2026-04-15 17:15:00+00:00,179.3,179.41,179.21,179.32,26894.0
2026-04-15 17:20:00+00:00,179.38,179.65,179.1984,179.25,41619.0
2026-04-15 17:25:00+00:00,179.28,179.35,178.98,179.17,38150.0
2026-04-15 17:30:00+00:00,179.17,179.4,179.06,179.38,30104.0
2026-04-15 17:35:00+00:00,179.37,179.41,179.14,179.2,31810.0
2026-04-15 17:40:00+00:00,179.2,179.45,179.04,179.45,48348.0
2026-04-15 17:45:00+00:00,179.46,179.7,179.46,179.68,41303.0
2026-04-15 17:50:00+00:00,179.58,179.95,179.57,179.95,34885.0
2026-04-15 17:55:00+00:00,179.95,180.0,179.07,179.25,67258.0
2026-04-15 18:00:00+00:00,179.25,179.51,178.87,179.395,44715.0
2026-04-15 18:05:00+00:00,179.39,179.51,179.27,179.365,29416.0
2026-04-15 18:10:00+00:00,179.365,179.53,179.26,179.32,37365.0
2026-04-15 18:15:00+00:00,179.315,179.48,178.81,178.93,46275.0
2026-04-15 18:20:00+00:00,178.9,179.2,178.67,179.175,50722.0
2026-04-15 18:25:00+00:00,179.18,179.52,179.125,179.33,40124.0
2026-04-15 18:30:00+00:00,179.34,179.61,179.27,179.5084,60914.0
2026-04-15 18:35:00+00:00,179.51,179.62,179.19,179.255,44679.0
2026-04-15 18:40:00+00:00,179.28,179.48,179.11,179.255,37397.0
2026-04-15 18:45:00+00:00,179.27,179.28,179.03,179.14,54698.0
2026-04-15 18:50:00+00:00,179.16,179.32,179.12,179.3099,49399.0
2026-04-15 18:55:00+00:00,179.255,179.32,179.13,179.25,38868.0
2026-04-15 19:00:00+00:00,179.225,179.63,179.0601,179.49,51693.0
2026-04-15 19:05:00+00:00,179.455,179.48,179.34,179.42,42521.0
2026-04-15 19:10:00+00:00,179.42,179.52,179.37,179.44,34364.0
2026-04-15 19:15:00+00:00,179.44,179.56,178.995,179.09,68642.0
2026-04-15 19:20:00+00:00,179.09,179.18,178.99,179.08,58713.0
2026-04-15 19:25:00+00:00,179.095,179.35,178.98,179.11,50137.0
2026-04-15 19:30:00+00:00,179.04,179.19,178.46,178.61,67163.0
2026-04-15 19:35:00+00:00,178.57,178.575,177.6419,177.68,87135.0
2026-04-15 19:40:00+00:00,177.64,177.645,177.15,177.46,114711.0
2026-04-15 19:45:00+00:00,177.44,178.07,177.425,178.01,86458.0
2026-04-15 19:50:00+00:00,178.07,178.3031,177.47,177.54,164192.0
2026-04-15 19:55:00+00:00,177.57,177.64,177.19,177.3,557552.0
2026-04-15 20:00:00+00:00,177.33,177.38,177.2,177.36,1172172.0
2026-04-15 20:05:00+00:00,177.28,177.28,177.28,177.28,689.0
2026-04-15 20:10:00+00:00,177.28,177.28,177.25,177.25,352.0
2026-04-15 20:15:00+00:00,177.25,177.31,176.3,177.3,254807.0
2026-04-15 20:20:00+00:00,177.32,177.3997,177.32,177.36,622.0
2026-04-15 20:25:00+00:00,177.4,177.4,177.03,177.36,1372.0
2026-04-15 20:35:00+00:00,177.44,177.47,177.1,177.1,2636.0
2026-04-15 20:45:00+00:00,177.13,177.25,177.13,177.25,991.0
2026-04-15 20:50:00+00:00,177.4,177.4,177.4,177.4,430.0
2026-04-15 20:55:00+00:00,177.5,177.5,177.24,177.29,806.0
2026-04-15 21:05:00+00:00,177.26,177.26,177.26,177.26,200.0
2026-04-15 21:10:00+00:00,177.27,177.27,177.27,177.27,200.0
2026-04-15 21:55:00+00:00,177.3,177.3,177.3,177.3,398.0
2026-04-15 22:00:00+00:00,177.4214,177.4214,177.4214,177.4214,100.0
2026-04-15 22:05:00+00:00,177.2719,177.2719,177.2719,177.2719,500.0
2026-04-15 22:15:00+00:00,177.5,177.5,177.5,177.5,122.0
2026-04-15 22:20:00+00:00,177.49,177.49,177.49,177.49,844.0
2026-04-15 22:25:00+00:00,177.5,177.5,177.5,177.5,410.0
2026-04-15 22:35:00+00:00,177.4002,177.479,177.4002,177.479,364.0
2026-04-15 22:40:00+00:00,177.48,177.48,177.46,177.48,849.0
2026-04-15 22:45:00+00:00,177.48,177.48,177.48,177.48,102.0
2026-04-15 22:50:00+00:00,177.51,177.51,177.51,177.51,550.0
2026-04-15 23:00:00+00:00,177.54,177.54,177.52,177.52,848.0
2026-04-15 23:10:00+00:00,177.88,177.88,177.88,177.88,205.0
2026-04-15 23:15:00+00:00,177.59,177.6,177.59,177.6,617.0
2026-04-15 23:25:00+00:00,177.82,177.82,177.82,177.82,173.0
2026-04-15 23:45:00+00:00,177.5,177.55,177.5,177.55,283.0
2026-04-15 23:50:00+00:00,177.8306,177.88,177.8306,177.88,455.0
2026-04-15 23:55:00+00:00,177.5,177.99,177.5,177.99,2129.0
2026-04-16 08:00:00+00:00,178.52,178.52,177.8,177.81,5950.0
2026-04-16 08:05:00+00:00,178.26,178.26,178.26,178.26,210.0
2026-04-16 08:10:00+00:00,178.0,178.0,178.0,178.0,501.0
2026-04-16 08:15:00+00:00,177.16,177.16,177.16,177.16,608.0
2026-04-16 09:20:00+00:00,178.02,178.02,178.02,178.02,205.0
2026-04-16 09:30:00+00:00,177.94,177.94,177.94,177.94,201.0
2026-04-16 10:15:00+00:00,177.8653,177.8653,177.8653,177.8653,200.0
2026-04-16 10:20:00+00:00,177.97,178.0,177.97,178.0,1101.0
2026-04-16 10:35:00+00:00,177.3,177.3,177.3,177.3,277.0
2026-04-16 10:40:00+00:00,177.2,177.2,177.2,177.2,100.0
2026-04-16 10:45:00+00:00,177.08,177.5,177.0,177.5,843.0
2026-04-16 10:50:00+00:00,177.1,177.1,177.1,177.1,452.0
2026-04-16 11:00:00+00:00,178.3176,178.3934,178.0,178.0,2288.0
2026-04-16 11:05:00+00:00,178.3712,178.3712,178.3712,178.3712,120.0
2026-04-16 11:10:00+00:00,178.02,178.42,178.0,178.26,1476.0
2026-04-16 11:15:00+00:00,178.48,179.25,178.48,179.25,2162.0
2026-04-16 11:20:00+00:00,179.24,179.29,179.03,179.29,1219.0
2026-04-16 11:25:00+00:00,179.145,180.05,179.145,180.05,7699.0
2026-04-16 11:30:00+00:00,180.42,180.42,180.38,180.4,2766.0
2026-04-16 11:35:00+00:00,180.4,180.81,180.3127,180.81,3387.0
2026-04-16 11:50:00+00:00,180.4828,180.5,180.4828,180.5,1375.0
2026-04-16 11:55:00+00:00,180.5,180.6952,180.04,180.04,4539.0
2026-04-16 12:00:00+00:00,180.3,180.4,180.3,180.4,1546.0
2026-04-16 12:05:00+00:00,180.65,180.75,180.3,180.75,2674.0
2026-04-16 12:10:00+00:00,180.5,180.5,180.5,180.5,194.0
2026-04-16 12:15:00+00:00,180.3,180.3,180.3,180.3,159.0
2026-04-16 12:20:00+00:00,180.1205,180.1205,180.1205,180.1205,127.0
2026-04-16 12:30:00+00:00,180.04,180.37,180.0,180.37,3549.0
2026-04-16 12:35:00+00:00,179.7,179.7,179.5,179.5,1191.0
2026-04-16 12:40:00+00:00,179.0,179.9009,178.5,179.9009,2524.0
2026-04-16 12:45:00+00:00,179.1657,179.19,179.0,179.0,1548.0
2026-04-16 12:50:00+00:00,179.5,179.5,179.5,179.5,145.0
2026-04-16 12:55:00+00:00,179.53,179.53,179.53,179.53,303.0
2026-04-16 13:00:00+00:00,179.75,179.8892,176.5,179.8892,376411.0
2026-04-16 13:05:00+00:00,179.8,179.8,179.7,179.7,441.0
2026-04-16 13:10:00+00:00,179.5,179.6831,179.35,179.58,814.0
2026-04-16 13:15:00+00:00,179.36,179.7,178.5,178.5,2300.0
2026-04-16 13:25:00+00:00,179.91,179.94,179.87,179.94,514.0
2026-04-16 13:30:00+00:00,179.57,184.12,178.5,183.125,301188.0
2026-04-16 13:35:00+00:00,183.125,184.98,182.96,184.125,371758.0
2026-04-16 13:40:00+00:00,184.09,184.786,183.37,184.43,189859.0
2026-04-16 13:45:00+00:00,184.38,186.46,184.285,186.34,313948.0
2026-04-16 13:50:00+00:00,186.3,186.46,184.5801,185.04,150675.0
2026-04-16 13:55:00+00:00,185.01,186.2556,183.4101,186.075,188367.0
2026-04-16 14:00:00+00:00,186.135,186.7737,185.86,186.61,145453.0
2026-04-16 14:05:00+00:00,186.5556,186.98,186.16,186.265,162240.0
2026-04-16 14:10:00+00:00,186.15,186.2988,185.59,186.19,211698.0
2026-04-16 14:15:00+00:00,186.13,186.55,185.94,186.0999,169011.0
2026-04-16 14:20:00+00:00,186.1,186.82,185.6,186.52,109870.0
2026-04-16 14:25:00+00:00,186.6,187.2,186.5,186.8701,90221.0
2026-04-16 14:30:00+00:00,186.88,188.0,186.78,187.95,99859.0
2026-04-16 14:35:00+00:00,187.95,188.53,187.6,188.155,198102.0
2026-04-16 14:40:00+00:00,188.09,188.22,187.32,187.385,116000.0
2026-04-16 14:45:00+00:00,187.445,188.42,187.445,188.19,77381.0
2026-04-16 14:50:00+00:00,188.19,188.5,187.96,188.16,84759.0
2026-04-16 14:55:00+00:00,187.9814,188.46,187.9814,188.115,72405.0
2026-04-16 15:00:00+00:00,188.115,188.7,187.97,188.63,133173.0
2026-04-16 15:05:00+00:00,188.6301,189.1045,188.39,189.09,116092.0
2026-04-16 15:10:00+00:00,189.02,189.6,189.02,189.5,156725.0
2026-04-16 15:15:00+00:00,189.52,189.87,189.23,189.625,154677.0
2026-04-16 15:20:00+00:00,189.63,190.75,189.5201,190.66,127643.0
2026-04-16 15:25:00+00:00,190.62,190.675,189.9,189.91,112636.0
2026-04-16 15:30:00+00:00,189.925,190.9199,189.9,190.56,93687.0
2026-04-16 15:35:00+00:00,190.58,191.05,190.48,190.615,133555.0
2026-04-16 15:40:00+00:00,190.5926,191.2,190.55,190.91,231972.0
2026-04-16 15:45:00+00:00,190.89,191.77,190.72,191.29,175089.0
2026-04-16 15:50:00+00:00,191.42,191.65,190.93,191.4,112544.0
2026-04-16 15:55:00+00:00,191.4,191.94,191.32,191.5905,81754.0
2026-04-16 16:00:00+00:00,191.605,191.675,190.58,190.7,115891.0
2026-04-16 16:05:00+00:00,190.55,190.76,190.0101,190.39,91792.0
2026-04-16 16:10:00+00:00,190.385,191.0,190.385,190.8899,54168.0
2026-04-16 16:15:00+00:00,190.845,191.3686,190.56,190.89,87137.0
2026-04-16 16:20:00+00:00,190.88,191.0,190.42,190.53,50454.0
2026-04-16 16:25:00+00:00,190.53,190.6199,190.16,190.2,178287.0
2026-04-16 16:30:00+00:00,190.21,190.74,189.8262,190.21,91563.0
2026-04-16 16:35:00+00:00,190.29,191.41,190.21,191.41,109827.0
2026-04-16 16:40:00+00:00,191.41,191.6925,191.01,191.455,83441.0
2026-04-16 16:45:00+00:00,191.41,191.75,191.34,191.39,68543.0
2026-04-16 16:50:00+00:00,191.37,191.63,191.13,191.32,92871.0
2026-04-16 16:55:00+00:00,191.32,191.6,191.22,191.22,52933.0
2026-04-16 17:00:00+00:00,191.22,191.45,191.01,191.4,57131.0
2026-04-16 17:05:00+00:00,191.45,191.58,191.0,191.575,82121.0
2026-04-16 17:10:00+00:00,191.575,191.695,191.17,191.17,55753.0
2026-04-16 17:15:00+00:00,191.25,191.28,190.8575,191.12,63065.0
2026-04-16 17:20:00+00:00,191.16,191.27,190.75,191.18,64399.0
2026-04-16 17:25:00+00:00,191.18,191.5,191.0,191.445,54871.0
2026-04-16 17:30:00+00:00,191.44,191.4899,191.03,191.27,52951.0
2026-04-16 17:35:00+00:00,191.28,191.445,191.1,191.425,60250.0
2026-04-16 17:40:00+00:00,191.42,191.52,191.25,191.3499,50628.0
2026-04-16 17:45:00+00:00,191.34,191.55,191.25,191.55,148816.0
2026-04-16 17:50:00+00:00,191.51,191.76,191.4137,191.59,59244.0
2026-04-16 17:55:00+00:00,191.54,191.54,191.26,191.28,66371.0
2026-04-16 18:00:00+00:00,191.29,191.57,191.1001,191.19,87841.0
2026-04-16 18:05:00+00:00,191.22,191.46,190.685,190.81,107733.0
2026-04-16 18:10:00+00:00,190.85,191.6,190.85,191.6,72606.0
2026-04-16 18:15:00+00:00,191.57,191.68,191.36,191.46,56561.0
2026-04-16 18:20:00+00:00,191.46,191.77,191.375,191.55,40317.0
2026-04-16 18:25:00+00:00,191.58,191.6,191.0,191.27,78537.0
2026-04-16 18:30:00+00:00,191.3,191.69,191.265,191.69,76331.0
2026-04-16 18:35:00+00:00,191.65,191.69,191.39,191.62,43913.0
2026-04-16 18:40:00+00:00,191.62,192.17,191.6001,192.145,94647.0
2026-04-16 18:45:00+00:00,192.1679,192.29,191.98,192.08,70456.0
2026-04-16 18:50:00+00:00,192.05,192.16,192.0,192.12,49505.0
2026-04-16 18:55:00+00:00,192.12,192.32,191.89,192.3199,88272.0
2026-04-16 19:00:00+00:00,192.32,193.19,192.29,192.92,124059.0
2026-04-16 19:05:00+00:00,192.95,193.39,192.94,193.38,80374.0
2026-04-16 19:10:00+00:00,193.345,193.695,193.2,193.69,94665.0
2026-04-16 19:15:00+00:00,193.7,193.8,193.46,193.55,80131.0
2026-04-16 19:20:00+00:00,193.585,193.69,193.405,193.475,73467.0
2026-04-16 19:25:00+00:00,193.48,193.4801,192.84,193.09,112804.0
2026-04-16 19:30:00+00:00,193.145,193.16,192.7,192.73,120264.0
2026-04-16 19:35:00+00:00,192.78,193.5,192.68,193.47,112076.0
2026-04-16 19:40:00+00:00,193.49,193.7998,193.15,193.27,133680.0
2026-04-16 19:45:00+00:00,193.325,193.49,192.99,193.01,130899.0
2026-04-16 19:50:00+00:00,193.04,193.32,192.79,193.32,227286.0
2026-04-16 19:55:00+00:00,193.34,193.5,192.94,193.06,540670.0
2026-04-16 20:00:00+00:00,193.01,193.5,193.0,193.09,1478597.0
2026-04-16 20:05:00+00:00,193.07,193.09,192.8,192.8,3980.0
2026-04-16 20:10:00+00:00,193.0,193.0,192.8,192.8,6473.0
2026-04-16 20:15:00+00:00,192.99,192.99,192.8,192.8,8433.0
2026-04-16 20:25:00+00:00,193.17,193.69,192.94,192.94,7374.0
2026-04-16 20:30:00+00:00,192.8,192.8,191.98,192.39,6741.0
2026-04-16 20:35:00+00:00,192.4,192.5,191.6514,192.48,658.0
2026-04-16 20:45:00+00:00,192.6,192.6,192.54,192.54,480.0
2026-04-16 20:50:00+00:00,192.95,193.0,192.95,193.0,1503.0
2026-04-16 21:05:00+00:00,192.55,192.55,192.55,192.55,100.0
2026-04-16 21:10:00+00:00,192.5641,192.5641,192.5641,192.5641,150.0
2026-04-16 21:15:00+00:00,192.56,192.56,192.56,192.56,111.0
2026-04-16 21:20:00+00:00,192.56,192.56,192.56,192.56,125.0
2026-04-16 21:25:00+00:00,192.5784,192.5784,192.5784,192.5784,112.0
2026-04-16 21:30:00+00:00,192.6,192.6,192.6,192.6,450.0
2026-04-16 21:35:00+00:00,192.6,192.6,192.58,192.58,314.0
2026-04-16 21:40:00+00:00,192.75,192.75,192.75,192.75,913.0
2026-04-16 21:45:00+00:00,192.5902,192.61,192.5902,192.61,258.0
2026-04-16 21:50:00+00:00,192.7496,192.7499,192.6002,192.74,592.0
2026-04-16 22:00:00+00:00,192.69,192.69,192.69,192.69,201.0
2026-04-16 22:10:00+00:00,192.75,192.75,192.75,192.75,435.0
2026-04-16 22:20:00+00:00,192.99,192.99,192.77,192.77,542.0
2026-04-16 22:25:00+00:00,192.71,192.71,192.71,192.71,216.0
2026-04-16 22:35:00+00:00,192.85,192.85,192.85,192.85,100.0
2026-04-16 22:40:00+00:00,192.63,192.63,192.6,192.6,603.0
2026-04-16 22:50:00+00:00,192.6,192.6,192.55,192.55,850.0
2026-04-16 22:55:00+00:00,192.25,192.25,192.01,192.01,582.0
2026-04-16 23:00:00+00:00,192.19,192.2,192.0,192.0202,2193.0
2026-04-16 23:05:00+00:00,192.2,192.2,192.0,192.0,1903.0
2026-04-16 23:15:00+00:00,192.0249,192.026,192.0131,192.0148,2876.0
2026-04-16 23:20:00+00:00,192.2,192.2,192.2,192.2,128.0
2026-04-16 23:30:00+00:00,192.2,192.2,192.1999,192.1999,360.0
2026-04-16 23:40:00+00:00,192.0347,192.2,192.0347,192.2,1543.0
2026-04-16 23:45:00+00:00,192.2,192.48,192.2,192.4675,6990.0
2026-04-16 23:50:00+00:00,192.48,192.48,192.3,192.3,316.0
2026-04-16 23:55:00+00:00,192.27,192.3,192.25,192.25,759.0
2026-04-17 08:00:00+00:00,193.08,193.51,192.8,193.07,5161.0
2026-04-17 08:05:00+00:00,193.07,193.07,192.89,192.89,816.0
2026-04-17 08:20:00+00:00,193.0,193.23,193.0,193.23,877.0
2026-04-17 08:25:00+00:00,192.98,192.98,192.98,192.98,609.0
2026-04-17 08:30:00+00:00,192.77,192.77,192.77,192.77,633.0
2026-04-17 08:35:00+00:00,193.71,193.9,193.71,193.86,2051.0
2026-04-17 08:50:00+00:00,192.2252,192.2252,192.2252,192.2252,130.0
2026-04-17 09:20:00+00:00,192.5,192.5,192.5,192.5,842.0
2026-04-17 09:40:00+00:00,192.81,192.81,192.81,192.81,1576.0
2026-04-17 09:55:00+00:00,192.75,192.75,192.75,192.75,345.0
2026-04-17 10:05:00+00:00,192.75,192.75,192.75,192.75,1011.0
2026-04-17 10:10:00+00:00,192.61,192.61,191.5,191.5,2371.0
2026-04-17 10:30:00+00:00,192.14,192.14,192.14,192.14,728.0
2026-04-17 10:55:00+00:00,192.0,192.03,192.0,192.03,493.0
2026-04-17 11:00:00+00:00,192.2175,192.49,192.2175,192.38,2817.0
2026-04-17 11:05:00+00:00,192.0,192.0,191.9,191.9,1950.0
2026-04-17 11:10:00+00:00,191.9,192.0,191.9,192.0,1055.0
2026-04-17 11:25:00+00:00,192.1447,192.25,192.05,192.25,741.0
2026-04-17 11:30:00+00:00,192.27,192.27,191.92,191.92,696.0
2026-04-17 11:35:00+00:00,192.21,192.2369,192.21,192.22,760.0
2026-04-17 11:40:00+00:00,192.2,192.2,192.2,192.2,190.0
2026-04-17 11:45:00+00:00,192.2,192.2,191.97,191.97,584.0
2026-04-17 11:50:00+00:00,192.2,192.3,191.8843,191.8843,1975.0
2026-04-17 12:00:00+00:00,192.7737,192.7737,192.0,192.14,1000.0
2026-04-17 12:05:00+00:00,192.7025,192.7025,192.1,192.1,439.0
2026-04-17 12:10:00+00:00,192.3,192.3,192.0,192.0,1624.0
2026-04-17 12:15:00+00:00,192.2,192.2,192.2,192.2,305.0
2026-04-17 12:20:00+00:00,191.88,191.88,191.52,191.52,1464.0
2026-04-17 12:25:00+00:00,192.38,192.38,191.54,191.6285,1142.0
2026-04-17 12:30:00+00:00,192.0,192.899,192.0,192.899,3050.0
2026-04-17 12:40:00+00:00,191.97,191.97,191.97,191.97,1342.0
2026-04-17 12:45:00+00:00,191.75,192.69,191.75,192.69,1581.0
2026-04-17 12:50:00+00:00,192.33,192.99,192.33,192.98,2819.0
2026-04-17 12:55:00+00:00,193.0,193.38,192.63,193.38,13737.0
2026-04-17 13:00:00+00:00,193.51,193.53,192.69,192.69,3619.0
2026-04-17 13:05:00+00:00,193.02,193.5,193.02,193.5,7384.0
2026-04-17 13:10:00+00:00,193.9,194.7734,193.5,193.95,8194.0
2026-04-17 13:15:00+00:00,193.01,193.662,192.88,192.88,1485.0
2026-04-17 13:20:00+00:00,192.6,193.0,191.55,191.55,7123.0
2026-04-17 13:25:00+00:00,191.5,192.63,191.2501,192.63,6639.0
2026-04-17 13:30:00+00:00,192.83,194.075,191.75,193.01,358385.0
2026-04-17 13:35:00+00:00,193.025,194.41,192.92,193.31,143622.0
2026-04-17 13:40:00+00:00,193.11,193.53,191.9101,192.41,142667.0
2026-04-17 13:45:00+00:00,192.3,193.16,192.0205,192.885,108837.0
2026-04-17 13:50:00+00:00,192.885,193.97,192.56,193.27,73038.0
2026-04-17 13:55:00+00:00,193.27,193.49,192.51,193.25,65362.0
2026-04-17 14:00:00+00:00,193.305,194.16,193.305,194.05,94088.0
2026-04-17 14:05:00+00:00,194.09,195.99,194.07,195.78,163627.0
2026-04-17 14:10:00+00:00,195.78,196.34,195.55,195.76,119419.0
2026-04-17 14:15:00+00:00,195.74,196.78,195.4101,196.67,101935.0
2026-04-17 14:20:00+00:00,196.61,196.77,194.32,194.55,129267.0
2026-04-17 14:25:00+00:00,194.535,195.3499,194.47,195.145,80426.0
2026-04-17 14:30:00+00:00,195.09,195.69,194.865,195.5525,69606.0
2026-04-17 14:35:00+00:00,195.55,195.99,195.3,195.755,64628.0
2026-04-17 14:40:00+00:00,195.755,195.94,195.35,195.87,72995.0
2026-04-17 14:45:00+00:00,195.94,195.94,195.215,195.51,79589.0
2026-04-17 14:50:00+00:00,195.49,196.0,195.22,195.8323,88341.0
2026-04-17 14:55:00+00:00,195.8501,195.94,195.23,195.3466,80206.0
2026-04-17 15:00:00+00:00,195.27,195.75,195.1925,195.645,60058.0
2026-04-17 15:05:00+00:00,195.645,195.83,195.152,195.78,55478.0
2026-04-17 15:10:00+00:00,195.78,195.8,195.21,195.335,56914.0
2026-04-17 15:15:00+00:00,195.335,195.9,195.16,195.305,70509.0
2026-04-17 15:20:00+00:00,195.42,195.65,195.19,195.59,41550.0
2026-04-17 15:25:00+00:00,195.59,195.62,195.25,195.57,27594.0
2026-04-17 15:30:00+00:00,195.605,195.81,195.43,195.81,39561.0
2026-04-17 15:35:00+00:00,195.82,196.27,195.79,196.24,42675.0
2026-04-17 15:40:00+00:00,196.185,196.22,195.61,195.725,49313.0
2026-04-17 15:45:00+00:00,195.68,195.95,195.44,195.5401,38720.0
2026-04-17 15:50:00+00:00,195.58,195.89,195.57,195.71,22516.0
2026-04-17 15:55:00+00:00,195.72,195.895,195.45,195.48,62095.0
2026-04-17 16:00:00+00:00,195.53,195.835,195.49,195.68,26421.0
2026-04-17 16:05:00+00:00,195.68,195.84,195.52,195.7,28053.0
2026-04-17 16:10:00+00:00,195.7085,196.1447,195.7,196.1,30893.0
2026-04-17 16:15:00+00:00,196.1,196.75,195.99,196.298,63510.0
2026-04-17 16:20:00+00:00,196.3,196.57,196.2307,196.28,49081.0
2026-04-17 16:25:00+00:00,196.24,196.36,196.1,196.1,35924.0
2026-04-17 16:30:00+00:00,196.248,196.37,196.0695,196.32,22014.0
2026-04-17 16:35:00+00:00,196.335,196.36,195.9292,195.985,37635.0
2026-04-17 16:40:00+00:00,195.93,195.93,195.365,195.47,62822.0
2026-04-17 16:45:00+00:00,195.47,195.47,195.25,195.35,25132.0
2026-04-17 16:50:00+00:00,195.35,195.69,195.1501,195.6,40026.0
2026-04-17 16:55:00+00:00,195.575,195.61,195.15,195.47,45212.0
2026-04-17 17:00:00+00:00,195.47,195.8,195.37,195.75,24037.0
2026-04-17 17:05:00+00:00,195.775,195.905,195.26,195.75,58093.0
2026-04-17 17:10:00+00:00,195.84,196.4,195.83,196.24,42262.0
2026-04-17 17:15:00+00:00,196.29,196.39,195.84,195.96,49061.0
2026-04-17 17:20:00+00:00,195.96,196.3999,195.5201,195.83,96355.0
2026-04-17 17:25:00+00:00,195.83,196.25,195.79,195.97,45041.0
2026-04-17 17:30:00+00:00,196.11,196.7,196.07,196.57,70597.0
2026-04-17 17:35:00+00:00,196.56,196.58,196.131,196.34,42935.0
2026-04-17 17:40:00+00:00,196.35,196.48,196.22,196.32,40997.0
2026-04-17 17:45:00+00:00,196.37,196.74,196.33,196.6399,43618.0
2026-04-17 17:50:00+00:00,196.63,196.86,196.42,196.48,44448.0
2026-04-17 17:55:00+00:00,196.48,196.615,196.18,196.18,34374.0
2026-04-17 18:00:00+00:00,196.2,196.615,195.96,196.42,75642.0
2026-04-17 18:05:00+00:00,196.27,196.715,195.445,195.585,132455.0
2026-04-17 18:10:00+00:00,195.64,195.85,195.39,195.535,34703.0
2026-04-17 18:15:00+00:00,195.57,195.86,195.53,195.815,42813.0
2026-04-17 18:20:00+00:00,195.815,196.165,195.62,196.15,41654.0
2026-04-17 18:25:00+00:00,196.11,196.29,196.01,196.01,34173.0
2026-04-17 18:30:00+00:00,196.09,196.35,195.96,196.35,40545.0
2026-04-17 18:35:00+00:00,196.35,196.7,196.315,196.655,41302.0
2026-04-17 18:40:00+00:00,196.61,196.72,196.4,196.58,41491.0
2026-04-17 18:45:00+00:00,196.635,196.84,196.62,196.66,51955.0
2026-04-17 18:50:00+00:00,196.7,196.83,196.6,196.83,39004.0
2026-04-17 18:55:00+00:00,196.88,197.0,196.68,196.805,67434.0
2026-04-17 19:00:00+00:00,196.865,197.25,196.8014,196.895,79622.0
2026-04-17 19:05:00+00:00,196.98,197.025,196.61,196.755,49600.0
2026-04-17 19:10:00+00:00,196.8058,196.825,196.49,196.525,43528.0
2026-04-17 19:15:00+00:00,196.52,196.83,196.52,196.8,29686.0
2026-04-17 19:20:00+00:00,196.81,197.19,196.75,197.08,54739.0
2026-04-17 19:25:00+00:00,197.135,197.3387,196.9672,197.01,66283.0
2026-04-17 19:30:00+00:00,197.0373,197.3,197.01,197.235,37200.0
2026-04-17 19:35:00+00:00,197.295,197.3,196.905,197.09,52548.0
2026-04-17 19:40:00+00:00,197.03,197.15,196.8391,197.07,80118.0
2026-04-17 19:45:00+00:00,197.09,197.16,196.7,196.745,69432.0
2026-04-17 19:50:00+00:00,196.77,196.83,196.295,196.62,156627.0
2026-04-17 19:55:00+00:00,196.69,196.69,196.12,196.59,445904.0
2026-04-17 20:00:00+00:00,196.55,196.55,196.5,196.5,584236.0
2026-04-17 20:05:00+00:00,196.295,196.55,196.09,196.55,2760.0
2026-04-17 20:10:00+00:00,196.39,196.39,196.1496,196.1496,6693.0
2026-04-17 20:15:00+00:00,196.15,196.15,196.15,196.15,1081.0
2026-04-17 20:20:00+00:00,196.09,196.09,196.09,196.09,488.0
2026-04-17 20:30:00+00:00,196.55,196.55,196.55,196.55,1066.0
2026-04-17 20:35:00+00:00,196.0,196.0,195.75,195.99,1305.0
2026-04-17 20:40:00+00:00,195.8,195.8,195.8,195.8,1152.0
2026-04-17 20:45:00+00:00,195.8,195.8,195.8,195.8,240.0
2026-04-17 20:55:00+00:00,196.0,196.0,196.0,196.0,343.0
2026-04-17 21:10:00+00:00,196.38,196.38,196.38,196.38,219.0
2026-04-17 21:15:00+00:00,196.4,196.53,196.3448,196.53,1668.0
2026-04-17 21:20:00+00:00,196.55,196.55,196.55,196.55,447.0
2026-04-17 21:25:00+00:00,195.8672,195.8672,195.8672,195.8672,100.0
2026-04-17 21:35:00+00:00,196.45,196.45,196.45,196.45,103.0
2026-04-17 21:45:00+00:00,196.7387,196.7387,196.7387,196.7387,319.0
2026-04-17 21:50:00+00:00,196.4,196.4,196.4,196.4,528.0
2026-04-17 22:00:00+00:00,196.4,196.4,196.4,196.4,332.0
2026-04-17 22:05:00+00:00,196.48,196.48,196.48,196.48,102.0
2026-04-17 22:15:00+00:00,196.15,196.15,196.15,196.15,200.0
2026-04-17 22:25:00+00:00,196.04,196.08,196.04,196.08,1087.0
2026-04-17 22:35:00+00:00,196.2,196.2,196.2,196.2,441.0
2026-04-17 22:40:00+00:00,196.0228,196.0228,196.0228,196.0228,100.0
2026-04-17 22:45:00+00:00,196.5,196.5,196.5,196.5,113.0
2026-04-17 22:50:00+00:00,196.0,196.0621,196.0,196.0621,474.0
2026-04-17 23:35:00+00:00,196.32,196.32,196.32,196.32,150.0
2026-04-17 23:45:00+00:00,196.1,196.35,196.1,196.35,365.0
2026-04-17 23:55:00+00:00,196.0,196.0045,196.0,196.0045,1837.0
2026-04-20 08:00:00+00:00,194.49,195.1197,194.49,195.1,3834.0
2026-04-20 08:10:00+00:00,195.03,195.1,195.03,195.1,780.0
2026-04-20 08:20:00+00:00,195.0,195.0,195.0,195.0,286.0
2026-04-20 08:25:00+00:00,195.0,195.0,195.0,195.0,115.0
2026-04-20 08:30:00+00:00,195.2,195.2,195.2,195.2,206.0
2026-04-20 08:50:00+00:00,195.22,195.22,195.22,195.22,206.0
2026-04-20 08:55:00+00:00,195.0,195.0,195.0,195.0,200.0
2026-04-20 09:00:00+00:00,195.9,195.9,195.9,195.9,100.0
2026-04-20 09:20:00+00:00,195.07,195.07,194.99,195.0,10397.0
2026-04-20 09:45:00+00:00,195.03,195.03,194.99,195.0,4131.0
2026-04-20 09:50:00+00:00,195.0,195.0,194.99,194.99,531.0
2026-04-20 09:55:00+00:00,194.99,195.0,194.99,195.0,6274.0
2026-04-20 10:45:00+00:00,195.03,195.03,194.95,195.0,471.0
2026-04-20 11:00:00+00:00,195.0,195.0,194.98,195.0,2468.0
2026-04-20 11:10:00+00:00,195.0,195.0,195.0,195.0,813.0
2026-04-20 11:20:00+00:00,194.9571,194.9571,194.9571,194.9571,505.0
2026-04-20 11:25:00+00:00,195.0,195.0,195.0,195.0,8430.0
2026-04-20 11:30:00+00:00,195.27,195.27,195.27,195.27,331.0
2026-04-20 11:35:00+00:00,194.75,194.85,194.75,194.85,241.0
2026-04-20 11:40:00+00:00,194.99,194.99,194.99,194.99,663.0
2026-04-20 11:45:00+00:00,195.0,195.0,194.97,195.0,1599.0
2026-04-20 11:50:00+00:00,194.96,195.4,194.96,195.4,10561.0
2026-04-20 12:05:00+00:00,195.83,196.0,195.83,196.0,5138.0
2026-04-20 12:15:00+00:00,195.95,196.0,195.95,196.0,1564.0
2026-04-20 12:30:00+00:00,195.43,195.43,195.4,195.4,2099.0
2026-04-20 12:35:00+00:00,195.79,195.79,195.79,195.79,301.0
2026-04-20 12:40:00+00:00,195.5,195.8,195.5,195.8,317.0
2026-04-20 12:45:00+00:00,195.8467,195.8467,195.8467,195.8467,290.0
2026-04-20 12:50:00+00:00,195.85,195.85,195.79,195.79,425.0
2026-04-20 12:55:00+00:00,195.87,195.87,195.77,195.78,633.0
2026-04-20 13:05:00+00:00,195.74,196.0,195.74,196.0,961.0
2026-04-20 13:10:00+00:00,196.3448,196.3448,196.3,196.3,795.0
2026-04-20 13:15:00+00:00,195.75,195.75,195.75,195.75,633.0
2026-04-20 13:20:00+00:00,195.56,195.56,195.48,195.56,2898.0
2026-04-20 13:25:00+00:00,195.18,195.23,195.02,195.2,1138.0
2026-04-20 13:30:00+00:00,196.55,200.81,195.03,200.48,386248.0
2026-04-20 13:35:00+00:00,200.5126,200.73,198.72,199.635,100840.0
2026-04-20 13:40:00+00:00,199.76,200.95,199.43,200.12,132870.0
2026-04-20 13:45:00+00:00,200.11,200.87,199.59,199.815,152753.0
2026-04-20 13:50:00+00:00,199.71,201.7,199.71,201.7,135736.0
2026-04-20 13:55:00+00:00,201.725,201.8199,200.89,201.478,129207.0
2026-04-20 14:00:00+00:00,201.36,202.39,201.17,201.7901,166936.0
2026-04-20 14:05:00+00:00,201.895,202.3,201.1601,201.79,100437.0
2026-04-20 14:10:00+00:00,201.82,202.2,201.6101,201.71,142165.0
2026-04-20 14:15:00+00:00,201.68,201.68,200.9,201.3,85053.0
2026-04-20 14:20:00+00:00,201.235,202.34,201.166,202.27,122527.0
2026-04-20 14:25:00+00:00,202.1837,202.38,201.6901,202.13,92878.0
2026-04-20 14:30:00+00:00,202.19,202.535,201.901,202.51,165748.0
2026-04-20 14:35:00+00:00,202.51,202.6799,202.02,202.4999,75289.0
2026-04-20 14:40:00+00:00,202.41,203.09,202.2,203.03,114397.0
2026-04-20 14:45:00+00:00,203.045,203.355,202.7,203.05,135056.0
2026-04-20 14:50:00+00:00,203.11,203.11,201.6884,202.06,157135.0
2026-04-20 14:55:00+00:00,202.11,202.11,201.05,201.8,129633.0
2026-04-20 15:00:00+00:00,201.91,202.35,201.61,201.67,95641.0
2026-04-20 15:05:00+00:00,201.6626,202.23,201.5001,202.12,84135.0
2026-04-20 15:10:00+00:00,202.03,202.8999,201.87,202.71,73931.0
2026-04-20 15:15:00+00:00,202.65,203.15,202.2,203.0,59394.0
2026-04-20 15:20:00+00:00,203.03,203.85,203.03,203.47,106889.0
2026-04-20 15:25:00+00:00,203.47,204.23,203.47,204.23,86161.0
2026-04-20 15:30:00+00:00,204.15,204.81,204.0101,204.35,89946.0
2026-04-20 15:35:00+00:00,204.4,204.54,203.6358,203.64,72229.0
2026-04-20 15:40:00+00:00,203.69,203.95,203.1101,203.34,70492.0
2026-04-20 15:45:00+00:00,203.34,203.425,203.0,203.01,54735.0
2026-04-20 15:50:00+00:00,203.0,203.3,202.85,203.17,46970.0
2026-04-20 15:55:00+00:00,203.07,203.75,203.07,203.59,73874.0
2026-04-20 16:00:00+00:00,203.5,203.53,203.1401,203.33,40261.0
2026-04-20 16:05:00+00:00,203.32,203.49,203.32,203.41,24087.0
2026-04-20 16:10:00+00:00,203.445,203.91,203.38,203.79,42975.0
2026-04-20 16:15:00+00:00,203.77,203.77,203.41,203.75,25398.0
2026-04-20 16:20:00+00:00,203.76,203.9899,203.609,203.69,25765.0
2026-04-20 16:25:00+00:00,203.69,203.81,203.4911,203.72,29596.0
2026-04-20 16:30:00+00:00,203.76,203.9,203.6301,203.89,31648.0
2026-04-20 16:35:00+00:00,203.89,203.89,202.95,203.015,41000.0
2026-04-20 16:40:00+00:00,203.035,203.3899,202.97,203.28,25241.0
2026-04-20 16:45:00+00:00,203.215,203.699,203.215,203.29,36572.0
2026-04-20 16:50:00+00:00,203.34,203.44,203.17,203.41,21470.0
2026-04-20 16:55:00+00:00,203.41,203.41,202.66,202.76,52013.0
2026-04-20 17:00:00+00:00,202.72,202.83,202.4,202.6049,41415.0
2026-04-20 17:05:00+00:00,202.56,202.99,202.5,202.89,34287.0
2026-04-20 17:10:00+00:00,202.97,203.0,202.72,202.93,39301.0
2026-04-20 17:15:00+00:00,202.86,203.06,202.6501,203.06,52837.0
2026-04-20 17:20:00+00:00,202.96,203.24,202.945,203.12,28117.0
2026-04-20 17:25:00+00:00,203.22,203.41,203.0726,203.41,25449.0
2026-04-20 17:30:00+00:00,203.46,203.46,203.02,203.195,28999.0
2026-04-20 17:35:00+00:00,203.195,203.48,203.165,203.43,22801.0
2026-04-20 17:40:00+00:00,203.425,203.7099,203.3501,203.625,26621.0
2026-04-20 17:45:00+00:00,203.62,203.79,203.53,203.72,52511.0
2026-04-20 17:50:00+00:00,203.69,203.83,203.55,203.75,23144.0
2026-04-20 17:55:00+00:00,203.75,203.93,203.6001,203.78,24995.0
2026-04-20 18:00:00+00:00,203.805,203.9799,203.751,203.875,21616.0
2026-04-20 18:05:00+00:00,203.9,204.2199,203.87,204.1399,33229.0
2026-04-20 18:10:00+00:00,204.075,204.2,203.6797,203.7401,46033.0
2026-04-20 18:15:00+00:00,203.835,204.44,203.835,204.4,38022.0
2026-04-20 18:20:00+00:00,204.44,204.4999,204.18,204.4703,34636.0
2026-04-20 18:25:00+00:00,204.43,204.56,204.13,204.26,61303.0
2026-04-20 18:30:00+00:00,204.255,204.37,204.1,204.11,43241.0
2026-04-20 18:35:00+00:00,204.16,204.16,203.85,203.9,38903.0
2026-04-20 18:40:00+00:00,203.885,203.94,203.7045,203.885,30177.0
2026-04-20 18:45:00+00:00,203.9,204.06,203.71,203.98,30476.0
2026-04-20 18:50:00+00:00,203.905,204.2,203.88,204.06,28687.0
2026-04-20 18:55:00+00:00,204.11,204.2548,203.8401,204.18,35452.0
2026-04-20 19:00:00+00:00,204.17,204.45,204.06,204.335,66133.0
2026-04-20 19:05:00+00:00,204.335,204.5,204.24,204.4399,43083.0
2026-04-20 19:10:00+00:00,204.345,204.85,204.28,204.685,72700.0
2026-04-20 19:15:00+00:00,204.68,205.09,204.57,205.0,108359.0
2026-04-20 19:20:00+00:00,204.95,205.01,204.24,204.295,80559.0
2026-04-20 19:25:00+00:00,204.28,204.395,204.2401,204.315,32589.0
2026-04-20 19:30:00+00:00,204.32,204.6,204.16,204.52,62573.0
2026-04-20 19:35:00+00:00,204.51,204.9999,204.44,204.905,91442.0
2026-04-20 19:40:00+00:00,204.965,205.58,204.9301,205.4801,149237.0
2026-04-20 19:45:00+00:00,205.56,205.7799,205.47,205.54,157204.0
2026-04-20 19:50:00+00:00,205.58,205.76,205.25,205.64,270756.0
2026-04-20 19:55:00+00:00,205.64,205.68,204.08,204.25,589971.0
2026-04-20 20:00:00+00:00,204.0,204.24,203.67,204.24,629827.0
2026-04-20 20:05:00+00:00,204.4999,204.4999,204.27,204.38,2812.0
2026-04-20 20:10:00+00:00,204.33,204.33,204.33,204.33,519.0
2026-04-20 20:15:00+00:00,204.33,204.33,204.278,204.278,702.0
2026-04-20 20:20:00+00:00,204.3744,204.3744,204.3744,204.3744,192.0
2026-04-20 20:30:00+00:00,204.48,204.5,204.48,204.5,1714.0
2026-04-20 20:35:00+00:00,204.46,204.46,204.46,204.46,3005.0
2026-04-20 20:40:00+00:00,204.6712,204.7,204.65,204.7,737.0
2026-04-20 20:45:00+00:00,204.64,204.99,204.64,204.98,1354.0
2026-04-20 20:50:00+00:00,204.9699,204.9699,204.9699,204.9699,453.0
2026-04-20 20:55:00+00:00,204.97,204.97,204.97,204.97,1001.0
2026-04-20 21:10:00+00:00,205.5574,205.6415,205.5574,205.6415,812.0
2026-04-20 21:15:00+00:00,205.25,205.25,205.01,205.01,658.0
2026-04-20 21:35:00+00:00,205.17,205.17,205.17,205.17,144.0
2026-04-20 21:40:00+00:00,205.17,205.5,205.0,205.5,1715.0
2026-04-20 22:05:00+00:00,205.0585,205.4146,205.0585,205.4146,774.0
2026-04-20 22:10:00+00:00,205.4309,205.4309,205.4,205.4,706.0
2026-04-20 22:15:00+00:00,205.45,205.45,205.45,205.45,145.0
2026-04-20 22:20:00+00:00,205.45,205.45,205.4,205.44,550.0
2026-04-20 22:25:00+00:00,205.4,205.4,205.4,205.4,100.0
2026-04-20 22:30:00+00:00,205.4489,205.4489,205.4322,205.4322,1315.0
2026-04-20 22:35:00+00:00,205.4,205.45,205.4,205.45,861.0
2026-04-20 22:45:00+00:00,205.45,205.45,205.44,205.44,212.0
2026-04-20 22:55:00+00:00,205.4,205.4,205.4,205.4,308.0
2026-04-20 23:10:00+00:00,205.29,205.29,205.29,205.29,1061.0
2026-04-20 23:15:00+00:00,205.2773,205.2773,205.2773,205.2773,129.0
2026-04-20 23:20:00+00:00,205.2861,205.2861,205.2861,205.2861,250.0
2026-04-20 23:25:00+00:00,205.29,205.298,205.2885,205.29,1328.0
2026-04-20 23:30:00+00:00,205.26,205.26,205.26,205.26,105.0
2026-04-20 23:35:00+00:00,205.27,205.27,205.27,205.27,321.0
2026-04-20 23:40:00+00:00,205.3996,205.3996,205.3996,205.3996,1005.0
2026-04-20 23:45:00+00:00,205.33,205.4,205.33,205.4,822.0
2026-04-20 23:50:00+00:00,205.4499,205.45,205.4499,205.45,500.0
2026-04-20 23:55:00+00:00,205.64,205.65,205.64,205.65,1649.0
2026-04-21 08:00:00+00:00,206.0,206.3,205.63,205.63,8142.0
2026-04-21 08:05:00+00:00,205.69,205.69,205.65,205.65,914.0
2026-04-21 08:30:00+00:00,205.98,205.98,205.95,205.95,388.0
2026-04-21 08:35:00+00:00,205.89,205.89,205.85,205.85,971.0
2026-04-21 08:40:00+00:00,205.85,205.86,205.85,205.85,700.0
2026-04-21 08:55:00+00:00,206.0,206.0,206.0,206.0,240.0
2026-04-21 09:40:00+00:00,206.25,206.25,206.25,206.25,128.0
