date,open,high,low,close,volume
2025-12-22 09:50:00+00:00,14.5,14.5,14.46,14.46,3607.0
2025-12-22 09:55:00+00:00,14.48,14.48,14.46,14.46,1968.0
2025-12-22 10:00:00+00:00,14.46,14.46,14.45,14.46,7252.0
2025-12-22 10:10:00+00:00,14.47,14.49,14.47,14.48,1295.0
2025-12-22 10:15:00+00:00,14.49,14.49,14.49,14.49,1113.0
2025-12-22 10:25:00+00:00,14.49,14.5,14.49,14.5,1135.0
2025-12-22 10:30:00+00:00,14.49,14.49,14.49,14.49,419.0
2025-12-22 10:35:00+00:00,14.48,14.49,14.48,14.49,1667.0
2025-12-22 10:45:00+00:00,14.5,14.5,14.5,14.5,1865.0
2025-12-22 10:50:00+00:00,14.5,14.5,14.48,14.48,7357.0
2025-12-22 10:55:00+00:00,14.48,14.48,14.48,14.48,501.0
2025-12-22 11:00:00+00:00,14.48,14.5,14.48,14.48,10637.0
2025-12-22 11:05:00+00:00,14.48,14.51,14.48,14.5,4085.0
2025-12-22 11:10:00+00:00,14.5,14.5,14.49,14.5,455.0
2025-12-22 11:15:00+00:00,14.49,14.49,14.49,14.49,2709.0
2025-12-22 11:20:00+00:00,14.5,14.5,14.5,14.5,3918.0
2025-12-22 11:30:00+00:00,14.5,14.51,14.49,14.5,2564.0
2025-12-22 11:35:00+00:00,14.51,14.51,14.51,14.51,1356.0
2025-12-22 11:45:00+00:00,14.51,14.52,14.5,14.5,5285.0
2025-12-22 11:50:00+00:00,14.51,14.51,14.5,14.5,721.0
2025-12-22 11:55:00+00:00,14.5,14.5,14.5,14.5,3864.0
2025-12-22 12:00:00+00:00,14.505,14.52,14.48,14.51,17373.0
2025-12-22 12:05:00+00:00,14.51,14.53,14.51,14.52,3634.0
2025-12-22 12:10:00+00:00,14.53,14.53,14.51,14.51,5080.0
2025-12-22 12:15:00+00:00,14.5,14.5,14.48,14.49,7116.0
2025-12-22 12:20:00+00:00,14.49,14.49,14.49,14.49,565.0
2025-12-22 12:30:00+00:00,14.49,14.499,14.47,14.499,3957.0
2025-12-22 12:35:00+00:00,14.49,14.5,14.49,14.5,2127.0
2025-12-22 12:40:00+00:00,14.5,14.51,14.5,14.51,853.0
2025-12-22 12:45:00+00:00,14.5,14.5,14.49,14.49,3158.0
2025-12-22 12:50:00+00:00,14.49,14.51,14.49,14.491,2460.0
2025-12-22 12:55:00+00:00,14.49,14.49,14.49,14.49,689.0
2025-12-22 13:00:00+00:00,14.5,14.6,14.45,14.59,207968.0
2025-12-22 13:05:00+00:00,14.51,14.51,14.49,14.5,15224.0
2025-12-22 13:10:00+00:00,14.5,14.5,14.48,14.49,10544.0
2025-12-22 13:15:00+00:00,14.49,14.49,14.48,14.4895,2928.0
2025-12-22 13:20:00+00:00,14.49,14.51,14.4805,14.51,10534.0
2025-12-22 13:25:00+00:00,14.5,14.51,14.5,14.51,7915.0
2025-12-22 13:30:00+00:00,14.51,14.52,14.51,14.51,7799.0
2025-12-22 13:35:00+00:00,14.5,14.51,14.4902,14.4989,8817.0
2025-12-22 13:40:00+00:00,14.5,14.51,14.49,14.5,6446.0
2025-12-22 13:45:00+00:00,14.51,14.51,14.49,14.5094,14924.0
2025-12-22 13:50:00+00:00,14.51,14.51,14.49,14.5,15119.0
2025-12-22 13:55:00+00:00,14.4999,14.51,14.49,14.5,18680.0
2025-12-22 14:00:00+00:00,14.5,14.51,14.48,14.49,17568.0
2025-12-22 14:05:00+00:00,14.495,14.4989,14.4805,14.4989,2239.0
2025-12-22 14:10:00+00:00,14.4999,14.52,14.49,14.5099,20037.0
2025-12-22 14:15:00+00:00,14.51,14.51,14.48,14.4997,19689.0
2025-12-22 14:20:00+00:00,14.49,14.51,14.47,14.51,19536.0
2025-12-22 14:25:00+00:00,14.51,14.55,14.49,14.55,17655.0
2025-12-22 14:30:00+00:00,14.56,14.8,14.45,14.67,743512.0
2025-12-22 14:35:00+00:00,14.68,14.78,14.6401,14.6795,313199.0
2025-12-22 14:40:00+00:00,14.67,14.924,14.62,14.895,541221.0
2025-12-22 14:45:00+00:00,14.895,15.07,14.88,15.07,577561.0
2025-12-22 14:50:00+00:00,15.07,15.28,15.045,15.25,863047.0
2025-12-22 14:55:00+00:00,15.25,15.385,15.2445,15.345,564910.0
2025-12-22 15:00:00+00:00,15.34,15.4,15.16,15.19,640234.0
2025-12-22 15:05:00+00:00,15.195,15.335,15.17,15.3,371844.0
2025-12-22 15:10:00+00:00,15.3,15.3698,15.16,15.25,342235.0
2025-12-22 15:15:00+00:00,15.24,15.285,15.135,15.1699,300224.0
2025-12-22 15:20:00+00:00,15.16,15.2,15.04,15.11,388908.0
2025-12-22 15:25:00+00:00,15.1089,15.13,15.02,15.105,276287.0
2025-12-22 15:30:00+00:00,15.105,15.115,15.04,15.1,200210.0
2025-12-22 15:35:00+00:00,15.1,15.1,14.9036,14.91,429981.0
2025-12-22 15:40:00+00:00,14.905,15.025,14.885,14.99,299756.0
2025-12-22 15:45:00+00:00,14.9899,15.02,14.9,15.015,284228.0
2025-12-22 15:50:00+00:00,15.02,15.04,14.955,15.005,211330.0
2025-12-22 15:55:00+00:00,15.0044,15.06,14.99,15.01,184107.0
2025-12-22 16:00:00+00:00,15.005,15.035,14.965,15.0,118873.0
2025-12-22 16:05:00+00:00,14.9986,15.075,14.985,15.045,120990.0
2025-12-22 16:10:00+00:00,15.0485,15.12,15.03,15.085,274528.0
2025-12-22 16:15:00+00:00,15.085,15.14,15.075,15.13,130442.0
2025-12-22 16:20:00+00:00,15.135,15.16,15.07,15.09,188523.0
2025-12-22 16:25:00+00:00,15.085,15.085,15.04,15.0484,117503.0
2025-12-22 16:30:00+00:00,15.04,15.06,15.01,15.03,132674.0
2025-12-22 16:35:00+00:00,15.02,15.07,15.005,15.005,76183.0
2025-12-22 16:40:00+00:00,15.0,15.07,15.0,15.03,78263.0
2025-12-22 16:45:00+00:00,15.025,15.09,15.0199,15.0756,71936.0
2025-12-22 16:50:00+00:00,15.08,15.1701,15.0799,15.1501,139853.0
2025-12-22 16:55:00+00:00,15.15,15.16,15.075,15.105,65602.0
2025-12-22 17:00:00+00:00,15.1,15.12,15.07,15.1077,82115.0
2025-12-22 17:05:00+00:00,15.11,15.115,15.085,15.1,59144.0
2025-12-22 17:10:00+00:00,15.1,15.13,15.095,15.12,70090.0
2025-12-22 17:15:00+00:00,15.13,15.14,15.05,15.065,84206.0
2025-12-22 17:20:00+00:00,15.07,15.07,15.01,15.0293,127433.0
2025-12-22 17:25:00+00:00,15.03,15.065,15.01,15.065,73463.0
2025-12-22 17:30:00+00:00,15.06,15.07,14.94,14.955,243604.0
2025-12-22 17:35:00+00:00,14.96,14.98,14.94,14.96,86642.0
2025-12-22 17:40:00+00:00,14.95,15.02,14.945,14.99,138327.0
2025-12-22 17:45:00+00:00,14.9845,15.02,14.975,15.005,75631.0
2025-12-22 17:50:00+00:00,15.005,15.055,15.0,15.04,57132.0
2025-12-22 17:55:00+00:00,15.035,15.06,14.995,15.015,92639.0
2025-12-22 18:00:00+00:00,15.02,15.02,14.95,14.96,65170.0
2025-12-22 18:05:00+00:00,14.96,14.96,14.875,14.8843,106248.0
2025-12-22 18:10:00+00:00,14.89,14.9,14.84,14.865,110599.0
2025-12-22 18:15:00+00:00,14.87,14.88,14.84,14.85,91679.0
2025-12-22 18:20:00+00:00,14.85,14.86,14.815,14.8345,103491.0
2025-12-22 18:25:00+00:00,14.835,14.91,14.82,14.905,101693.0
2025-12-22 18:30:00+00:00,14.91,14.9176,14.865,14.88,85477.0
2025-12-22 18:35:00+00:00,14.885,14.89,14.855,14.8898,57953.0
2025-12-22 18:40:00+00:00,14.89,14.9,14.87,14.875,31474.0
2025-12-22 18:45:00+00:00,14.875,14.92,14.8729,14.92,51125.0
2025-12-22 18:50:00+00:00,14.92,14.945,14.895,14.895,67651.0
2025-12-22 18:55:00+00:00,14.8964,14.93,14.8964,14.925,45906.0
2025-12-22 19:00:00+00:00,14.925,14.93,14.8748,14.92,86806.0
2025-12-22 19:05:00+00:00,14.92,14.93,14.85,14.855,80140.0
2025-12-22 19:10:00+00:00,14.86,14.89,14.82,14.8797,116745.0
2025-12-22 19:15:00+00:00,14.88,14.91,14.865,14.8927,137314.0
2025-12-22 19:20:00+00:00,14.9,14.9397,14.885,14.92,84040.0
2025-12-22 19:25:00+00:00,14.91,14.92,14.885,14.905,94314.0
2025-12-22 19:30:00+00:00,14.905,14.92,14.89,14.905,67951.0
2025-12-22 19:35:00+00:00,14.91,14.945,14.905,14.9321,129703.0
2025-12-22 19:40:00+00:00,14.94,14.97,14.885,14.885,156297.0
2025-12-22 19:45:00+00:00,14.885,14.89,14.8,14.815,165803.0
2025-12-22 19:50:00+00:00,14.8159,14.85,14.8,14.815,118590.0
2025-12-22 19:55:00+00:00,14.82,14.82,14.74,14.765,180874.0
2025-12-22 20:00:00+00:00,14.77,14.805,14.7106,14.785,162240.0
2025-12-22 20:05:00+00:00,14.79,14.81,14.75,14.76,136665.0
2025-12-22 20:10:00+00:00,14.7606,14.7799,14.73,14.735,117629.0
2025-12-22 20:15:00+00:00,14.735,14.78,14.73,14.775,173050.0
2025-12-22 20:20:00+00:00,14.77,14.7865,14.7301,14.745,115661.0
2025-12-22 20:25:00+00:00,14.745,14.8,14.72,14.765,343350.0
2025-12-22 20:30:00+00:00,14.765,14.805,14.74,14.785,392453.0
2025-12-22 20:35:00+00:00,14.785,14.83,14.765,14.79,320628.0
2025-12-22 20:40:00+00:00,14.79,14.8,14.725,14.725,454662.0
2025-12-22 20:45:00+00:00,14.725,14.79,14.722,14.78,228502.0
2025-12-22 20:50:00+00:00,14.79,14.805,14.685,14.71,332481.0
2025-12-22 20:55:00+00:00,14.71,14.79,14.6903,14.78,912840.0
2025-12-22 21:00:00+00:00,14.78,14.93,14.775,14.9,1305070.0
2025-12-22 21:05:00+00:00,14.78,14.91,14.78,14.81,5619.0
2025-12-22 21:10:00+00:00,14.91,14.91,14.85,14.86,789.0
2025-12-22 21:15:00+00:00,14.87,14.88,14.79,14.88,5502.0
2025-12-22 21:20:00+00:00,14.821,14.89,14.79,14.88,13917.0
2025-12-22 21:25:00+00:00,14.84,14.84,14.8,14.81,747.0
2025-12-22 21:30:00+00:00,14.81,14.89,14.78,14.89,38475.0
2025-12-22 21:35:00+00:00,14.89,14.96,14.87,14.87,45637.0
2025-12-22 21:40:00+00:00,14.85,14.892,14.85,14.89,1870.0
2025-12-22 21:45:00+00:00,14.89,14.97,14.87,14.91,15843.0
2025-12-22 21:50:00+00:00,14.9383,14.9383,14.88,14.88,5626.0
2025-12-22 21:55:00+00:00,14.86,14.92,14.86,14.88,14678.0
2025-12-22 22:00:00+00:00,14.87,14.89,14.86,14.88,10173.0
2025-12-22 22:05:00+00:00,14.88,14.88,14.86,14.87,2197.0
2025-12-22 22:10:00+00:00,14.87,14.87,14.87,14.87,1601.0
2025-12-22 22:15:00+00:00,14.87,14.87,14.85,14.8508,3985.0
2025-12-22 22:20:00+00:00,14.85,14.86,14.85,14.86,1082.0
2025-12-22 22:25:00+00:00,14.87,14.91,14.86,14.91,2348.0
2025-12-22 22:30:00+00:00,14.87,14.87,14.87,14.87,306.0
2025-12-22 22:35:00+00:00,14.89,14.9,14.89,14.9,5793.0
2025-12-22 22:40:00+00:00,14.89,14.89,14.89,14.89,2737.0
2025-12-22 22:45:00+00:00,14.89,14.91,14.89,14.91,2591.0
2025-12-22 22:50:00+00:00,14.8893,14.89,14.87,14.87,645.0
2025-12-22 23:00:00+00:00,14.87,14.8852,14.87,14.87,3391.0
2025-12-22 23:05:00+00:00,14.87,14.87,14.87,14.87,129.0
2025-12-22 23:10:00+00:00,14.86,14.87,14.86,14.87,513.0
2025-12-22 23:15:00+00:00,14.86,14.87,14.86,14.87,47512.0
2025-12-22 23:20:00+00:00,14.87,14.87,14.87,14.87,434.0
2025-12-22 23:30:00+00:00,14.86,14.8698,14.86,14.8698,303.0
2025-12-22 23:35:00+00:00,14.87,14.87,14.86,14.86,3189.0
2025-12-22 23:40:00+00:00,14.86,14.86,14.86,14.86,750.0
2025-12-22 23:45:00+00:00,14.8698,14.87,14.8698,14.87,1047.0
2025-12-22 23:50:00+00:00,14.86,14.8601,14.86,14.8601,607.0
2025-12-22 23:55:00+00:00,14.87,14.87,14.87,14.87,437.0
2025-12-23 00:00:00+00:00,14.87,14.87,14.87,14.87,137.0
2025-12-23 00:05:00+00:00,14.8616,14.8616,14.8616,14.8616,797.0
2025-12-23 00:10:00+00:00,14.87,14.87,14.87,14.87,329.0
2025-12-23 00:15:00+00:00,14.8616,14.8616,14.8616,14.8616,128.0
2025-12-23 00:20:00+00:00,14.86,14.87,14.85,14.85,2757.0
2025-12-23 00:25:00+00:00,14.85,14.8602,14.85,14.86,1693.0
2025-12-23 00:35:00+00:00,14.86,14.87,14.86,14.87,3889.0
2025-12-23 00:40:00+00:00,14.86,14.86,14.85,14.86,674.0
2025-12-23 00:45:00+00:00,14.86,14.86,14.85,14.85,2021.0
2025-12-23 00:50:00+00:00,14.87,14.87,14.87,14.87,151.0
2025-12-23 00:55:00+00:00,14.85,14.87,14.84,14.84,12817.0
2025-12-23 09:00:00+00:00,14.86,14.86,14.82,14.82,1542.0
2025-12-23 09:05:00+00:00,14.81,14.82,14.8,14.82,1730.0
2025-12-23 09:10:00+00:00,14.82,14.82,14.82,14.82,183.0
2025-12-23 09:15:00+00:00,14.82,14.82,14.82,14.82,275.0
2025-12-23 09:25:00+00:00,14.835,14.835,14.82,14.82,1802.0
2025-12-23 09:30:00+00:00,14.85,14.85,14.85,14.85,632.0
2025-12-23 09:35:00+00:00,14.85,14.85,14.85,14.85,518.0
2025-12-23 09:55:00+00:00,14.86,14.86,14.86,14.86,171.0
2025-12-23 10:00:00+00:00,14.88,14.88,14.88,14.88,864.0
2025-12-23 10:05:00+00:00,14.88,14.88,14.82,14.82,4241.0
2025-12-23 10:15:00+00:00,14.85,14.85,14.85,14.85,302.0
2025-12-23 10:25:00+00:00,14.85,14.85,14.85,14.85,147.0
2025-12-23 10:30:00+00:00,14.85,14.86,14.85,14.86,226.0
2025-12-23 10:35:00+00:00,14.85,14.85,14.85,14.85,3106.0
2025-12-23 10:40:00+00:00,14.83,14.83,14.83,14.83,537.0
2025-12-23 10:50:00+00:00,14.82,14.88,14.8,14.85,8869.0
2025-12-23 11:10:00+00:00,14.85,14.85,14.85,14.85,791.0
2025-12-23 11:20:00+00:00,14.82,14.82,14.82,14.82,693.0
2025-12-23 11:25:00+00:00,14.82,14.83,14.81,14.81,1994.0
2025-12-23 11:35:00+00:00,14.82,14.82,14.82,14.82,176.0
2025-12-23 11:45:00+00:00,14.82,14.82,14.82,14.82,346.0
2025-12-23 11:55:00+00:00,14.82,14.82,14.82,14.82,100.0
2025-12-23 12:00:00+00:00,14.82,14.83,14.78,14.78,20693.0
2025-12-23 12:05:00+00:00,14.78,14.78,14.77,14.78,4777.0
2025-12-23 12:10:00+00:00,14.78,14.79,14.78,14.79,1122.0
2025-12-23 12:15:00+00:00,14.809,14.809,14.78,14.78,1020.0
2025-12-23 12:20:00+00:00,14.79,14.8,14.79,14.8,838.0
2025-12-23 12:25:00+00:00,14.79,14.79,14.67,14.67,3708.0
2025-12-23 12:30:00+00:00,14.72,14.74,14.69,14.69,3743.0
2025-12-23 12:35:00+00:00,14.7,14.71,14.69,14.71,2536.0
2025-12-23 12:40:00+00:00,14.71,14.74,14.71,14.74,1721.0
2025-12-23 12:45:00+00:00,14.72,14.74,14.72,14.72,2736.0
2025-12-23 12:50:00+00:00,14.74,14.74,14.74,14.74,213.0
2025-12-23 12:55:00+00:00,14.74,14.75,14.74,14.75,816.0
2025-12-23 13:00:00+00:00,14.78,14.91,14.6641,14.71,124072.0
2025-12-23 13:05:00+00:00,14.71,14.71,14.68,14.68,5931.0
2025-12-23 13:10:00+00:00,14.67,14.69,14.65,14.671,8465.0
2025-12-23 13:15:00+00:00,14.67,14.68,14.6,14.615,6257.0
2025-12-23 13:20:00+00:00,14.62,14.63,14.6,14.6,11457.0
2025-12-23 13:25:00+00:00,14.62,14.63,14.59,14.6,7035.0
2025-12-23 13:30:00+00:00,14.61,14.64,14.61,14.6294,5254.0
2025-12-23 13:35:00+00:00,14.61,14.61,14.52,14.538,36855.0
2025-12-23 13:40:00+00:00,14.55,14.57,14.53,14.57,13372.0
2025-12-23 13:45:00+00:00,14.5779,14.61,14.5435,14.61,9321.0
2025-12-23 13:50:00+00:00,14.59,14.59,14.55,14.58,9409.0
2025-12-23 13:55:00+00:00,14.57,14.58,14.54,14.54,3835.0
2025-12-23 14:00:00+00:00,14.5317,14.57,14.53,14.53,13218.0
2025-12-23 14:05:00+00:00,14.5499,14.57,14.51,14.52,11625.0
2025-12-23 14:10:00+00:00,14.51,14.56,14.51,14.55,7945.0
2025-12-23 14:15:00+00:00,14.54,14.59,14.54,14.5887,12126.0
2025-12-23 14:20:00+00:00,14.57,14.6297,14.56,14.6,13763.0
2025-12-23 14:25:00+00:00,14.6,14.64,14.52,14.57,16254.0
2025-12-23 14:30:00+00:00,14.55,14.63,14.35,14.535,710164.0
2025-12-23 14:35:00+00:00,14.53,14.61,14.46,14.59,365182.0
2025-12-23 14:40:00+00:00,14.585,14.6,14.42,14.455,324371.0
2025-12-23 14:45:00+00:00,14.455,14.54,14.454,14.454,226667.0
2025-12-23 14:50:00+00:00,14.46,14.52,14.44,14.445,212377.0
2025-12-23 14:55:00+00:00,14.445,14.455,14.24,14.275,567071.0
2025-12-23 15:00:00+00:00,14.275,14.3357,14.18,14.195,307175.0
2025-12-23 15:05:00+00:00,14.195,14.22,14.1,14.22,455706.0
2025-12-23 15:10:00+00:00,14.2199,14.27,14.145,14.18,258918.0
2025-12-23 15:15:00+00:00,14.19,14.31,14.175,14.305,321578.0
2025-12-23 15:20:00+00:00,14.31,14.37,14.305,14.33,269122.0
2025-12-23 15:25:00+00:00,14.3399,14.4,14.33,14.37,234586.0
2025-12-23 15:30:00+00:00,14.37,14.3975,14.31,14.335,203921.0
2025-12-23 15:35:00+00:00,14.335,14.38,14.33,14.375,215945.0
2025-12-23 15:40:00+00:00,14.37,14.49,14.37,14.47,267536.0
2025-12-23 15:45:00+00:00,14.46,14.46,14.39,14.4244,173436.0
2025-12-23 15:50:00+00:00,14.425,14.425,14.362,14.4,113024.0
2025-12-23 15:55:00+00:00,14.39,14.45,14.3899,14.445,136439.0
2025-12-23 16:00:00+00:00,14.44,14.4486,14.41,14.43,102444.0
2025-12-23 16:05:00+00:00,14.43,14.435,14.3435,14.3435,83437.0
2025-12-23 16:10:00+00:00,14.34,14.365,14.31,14.35,163424.0
2025-12-23 16:15:00+00:00,14.345,14.4,14.345,14.3899,100294.0
2025-12-23 16:20:00+00:00,14.39,14.42,14.3434,14.345,120457.0
2025-12-23 16:25:00+00:00,14.345,14.345,14.25,14.26,205189.0
2025-12-23 16:30:00+00:00,14.2599,14.285,14.245,14.2649,123148.0
2025-12-23 16:35:00+00:00,14.265,14.2682,14.23,14.24,130229.0
2025-12-23 16:40:00+00:00,14.235,14.32,14.235,14.31,120558.0
2025-12-23 16:45:00+00:00,14.3,14.33,14.29,14.295,89564.0
2025-12-23 16:50:00+00:00,14.295,14.35,14.295,14.335,91407.0
2025-12-23 16:55:00+00:00,14.335,14.395,14.3344,14.385,117973.0
2025-12-23 17:00:00+00:00,14.385,14.41,14.375,14.375,122226.0
2025-12-23 17:05:00+00:00,14.375,14.44,14.375,14.405,156578.0
2025-12-23 17:10:00+00:00,14.405,14.41,14.375,14.395,86714.0
2025-12-23 17:15:00+00:00,14.3914,14.4,14.36,14.37,108299.0
2025-12-23 17:20:00+00:00,14.365,14.38,14.34,14.355,76654.0
2025-12-23 17:25:00+00:00,14.35,14.3597,14.34,14.345,78319.0
2025-12-23 17:30:00+00:00,14.3401,14.35,14.3344,14.335,43264.0
2025-12-23 17:35:00+00:00,14.34,14.36,14.3156,14.3543,81463.0
2025-12-23 17:40:00+00:00,14.355,14.355,14.325,14.325,51801.0
2025-12-23 17:45:00+00:00,14.3244,14.325,14.295,14.2986,61739.0
2025-12-23 17:50:00+00:00,14.295,14.295,14.2338,14.24,82544.0
2025-12-23 17:55:00+00:00,14.235,14.24,14.18,14.1869,171446.0
2025-12-23 18:00:00+00:00,14.1899,14.245,14.18,14.245,129640.0
2025-12-23 18:05:00+00:00,14.247,14.28,14.24,14.245,155170.0
2025-12-23 18:10:00+00:00,14.242,14.29,14.225,14.275,93775.0
2025-12-23 18:15:00+00:00,14.28,14.335,14.28,14.315,123895.0
2025-12-23 18:20:00+00:00,14.315,14.3468,14.31,14.3448,90385.0
2025-12-23 18:25:00+00:00,14.3432,14.4089,14.32,14.3706,334546.0
2025-12-23 18:30:00+00:00,14.375,14.4,14.3721,14.395,166953.0
2025-12-23 18:35:00+00:00,14.395,14.43,14.38,14.43,103048.0
2025-12-23 18:40:00+00:00,14.425,14.43,14.39,14.4044,105239.0
2025-12-23 18:45:00+00:00,14.4065,14.4065,14.35,14.374,66441.0
2025-12-23 18:50:00+00:00,14.3745,14.375,14.325,14.335,105244.0
2025-12-23 18:55:00+00:00,14.335,14.37,14.3234,14.3444,74120.0
2025-12-23 19:00:00+00:00,14.345,14.38,14.33,14.36,123083.0
2025-12-23 19:05:00+00:00,14.3664,14.3665,14.3201,14.35,95312.0
2025-12-23 19:10:00+00:00,14.35,14.3797,14.32,14.33,105797.0
2025-12-23 19:15:00+00:00,14.335,14.35,14.3132,14.315,118145.0
2025-12-23 19:20:00+00:00,14.3102,14.349,14.3,14.315,115394.0
2025-12-23 19:25:00+00:00,14.3114,14.32,14.3,14.315,68533.0
2025-12-23 19:30:00+00:00,14.315,14.345,14.31,14.33,96125.0
2025-12-23 19:35:00+00:00,14.335,14.38,14.335,14.34,115481.0
2025-12-23 19:40:00+00:00,14.34,14.34,14.3001,14.31,64976.0
2025-12-23 19:45:00+00:00,14.31,14.31,14.275,14.305,192223.0
2025-12-23 19:50:00+00:00,14.3063,14.33,14.295,14.3299,103676.0
2025-12-23 19:55:00+00:00,14.33,14.39,14.32,14.385,203035.0
2025-12-23 20:00:00+00:00,14.39,14.4,14.34,14.375,250741.0
2025-12-23 20:05:00+00:00,14.38,14.4,14.3746,14.3956,183771.0
2025-12-23 20:10:00+00:00,14.395,14.45,14.3901,14.44,311932.0
2025-12-23 20:15:00+00:00,14.4455,14.495,14.4314,14.48,395776.0
2025-12-23 20:20:00+00:00,14.4775,14.51,14.465,14.465,327339.0
2025-12-23 20:25:00+00:00,14.46,14.46,14.39,14.395,211868.0
2025-12-23 20:30:00+00:00,14.395,14.415,14.36,14.365,199264.0
2025-12-23 20:35:00+00:00,14.36,14.37,14.31,14.315,240536.0
2025-12-23 20:40:00+00:00,14.32,14.34,14.29,14.3,210178.0
2025-12-23 20:45:00+00:00,14.305,14.405,14.3,14.405,317170.0
2025-12-23 20:50:00+00:00,14.405,14.41,14.2,14.225,675415.0
2025-12-23 20:55:00+00:00,14.225,14.3197,14.2,14.26,868246.0
2025-12-23 21:00:00+00:00,14.26,14.28,14.2,14.2101,770813.0
2025-12-23 21:05:00+00:00,14.26,14.29,14.26,14.28,2491.0
2025-12-23 21:10:00+00:00,14.28,14.29,14.28,14.29,1364.0
2025-12-23 21:15:00+00:00,14.29,14.29,14.2884,14.29,1534.0
2025-12-23 21:20:00+00:00,14.29,14.29,14.27,14.28,3061.0
2025-12-23 21:25:00+00:00,14.27,14.3,14.27,14.3,3517.0
2025-12-23 21:30:00+00:00,14.26,14.3,14.26,14.3,4202.0
2025-12-23 21:35:00+00:00,14.27,14.27,14.25,14.25,2158.0
2025-12-23 21:40:00+00:00,14.26,14.26,14.24,14.24,1195.0
2025-12-23 21:45:00+00:00,14.24,14.27,14.24,14.27,4811.0
2025-12-23 21:50:00+00:00,14.27,14.27,14.25,14.25,1784.0
2025-12-23 21:55:00+00:00,14.26,14.27,14.24,14.27,2249.0
2025-12-23 22:00:00+00:00,14.27,14.28,14.26,14.26,2658.0
2025-12-23 22:05:00+00:00,14.29,14.29,14.28,14.29,1198.0
2025-12-23 22:10:00+00:00,14.29,14.3,14.2801,14.3,3945.0
2025-12-23 22:15:00+00:00,14.29,14.3,14.29,14.29,2070.0
2025-12-23 22:20:00+00:00,14.29,14.3,14.26,14.28,3816.0
2025-12-23 22:30:00+00:00,14.29,14.3,14.29,14.3,729.0
2025-12-23 22:35:00+00:00,14.261,14.3,14.2601,14.27,4729.0
2025-12-23 22:40:00+00:00,14.3,14.31,14.28,14.28,1946.0
2025-12-23 22:45:00+00:00,14.28,14.31,14.28,14.31,989.0
2025-12-23 22:50:00+00:00,14.31,14.31,14.3052,14.3052,338.0
2025-12-23 22:55:00+00:00,14.31,14.31,14.31,14.31,706.0
2025-12-23 23:00:00+00:00,14.3,14.31,14.3,14.31,453.0
2025-12-23 23:05:00+00:00,14.35,14.35,14.35,14.35,351.0
2025-12-23 23:15:00+00:00,14.31,14.33,14.31,14.31,1658.0
2025-12-23 23:20:00+00:00,14.33,14.33,14.32,14.32,911.0
2025-12-23 23:25:00+00:00,14.34,14.34,14.33,14.33,659.0
2025-12-23 23:30:00+00:00,14.33,14.33,14.31,14.31,269.0
2025-12-23 23:35:00+00:00,14.32,14.32,14.32,14.32,131.0
2025-12-23 23:40:00+00:00,14.33,14.33,14.32,14.33,639.0
2025-12-23 23:45:00+00:00,14.32,14.32,14.32,14.32,149.0
2025-12-23 23:55:00+00:00,14.32,14.32,14.32,14.32,322.0
2025-12-24 00:00:00+00:00,14.32,14.32,14.32,14.32,603.0
2025-12-24 00:10:00+00:00,14.32,14.32,14.31,14.31,1131.0
2025-12-24 00:15:00+00:00,14.31,14.32,14.31,14.32,968.0
2025-12-24 00:20:00+00:00,14.32,14.32,14.32,14.32,254.0
2025-12-24 00:25:00+00:00,14.31,14.31,14.31,14.31,1059.0
2025-12-24 00:30:00+00:00,14.31,14.31,14.3,14.3,436.0
2025-12-24 00:35:00+00:00,14.32,14.32,14.32,14.32,1015.0
2025-12-24 00:45:00+00:00,14.32,14.32,14.32,14.32,2073.0
2025-12-24 00:50:00+00:00,14.33,14.34,14.33,14.33,3268.0
2025-12-24 09:00:00+00:00,14.29,14.34,14.29,14.3,5600.0
2025-12-24 09:10:00+00:00,14.29,14.29,14.29,14.29,1624.0
2025-12-24 09:15:00+00:00,14.3,14.3,14.3,14.3,455.0
2025-12-24 09:20:00+00:00,14.28,14.28,14.27,14.27,2432.0
2025-12-24 09:25:00+00:00,14.28,14.28,14.28,14.28,1324.0
2025-12-24 09:30:00+00:00,14.28,14.28,14.26,14.26,514.0
2025-12-24 09:35:00+00:00,14.28,14.28,14.28,14.28,557.0
2025-12-24 09:50:00+00:00,14.26,14.26,14.26,14.26,784.0
2025-12-24 09:55:00+00:00,14.26,14.27,14.26,14.26,2271.0
2025-12-24 10:00:00+00:00,14.26,14.26,14.26,14.26,914.0
2025-12-24 10:10:00+00:00,14.26,14.26,14.26,14.26,1591.0
2025-12-24 10:15:00+00:00,14.27,14.28,14.27,14.28,1006.0
2025-12-24 10:20:00+00:00,14.28,14.28,14.28,14.28,432.0
2025-12-24 10:25:00+00:00,14.28,14.28,14.28,14.28,104.0
2025-12-24 10:35:00+00:00,14.28,14.28,14.28,14.28,931.0
2025-12-24 10:40:00+00:00,14.28,14.29,14.28,14.29,2707.0
2025-12-24 10:45:00+00:00,14.29,14.29,14.28,14.28,1647.0
2025-12-24 10:50:00+00:00,14.275,14.28,14.275,14.28,692.0
2025-12-24 10:55:00+00:00,14.3,14.3,14.3,14.3,125.0
2025-12-24 11:00:00+00:00,14.29,14.3,14.29,14.3,429.0
2025-12-24 11:05:00+00:00,14.3,14.3,14.3,14.3,187.0
2025-12-24 11:15:00+00:00,14.3,14.3,14.3,14.3,358.0
2025-12-24 11:20:00+00:00,14.29,14.3,14.29,14.3,2262.0
2025-12-24 11:25:00+00:00,14.3,14.31,14.3,14.3,5117.0
2025-12-24 11:30:00+00:00,14.3,14.3,14.3,14.3,950.0
2025-12-24 11:35:00+00:00,14.3,14.3,14.3,14.3,1581.0
2025-12-24 11:40:00+00:00,14.305,14.305,14.3,14.3,1075.0
2025-12-24 11:45:00+00:00,14.29,14.29,14.29,14.29,162.0
2025-12-24 11:55:00+00:00,14.3,14.3,14.3,14.3,1263.0
2025-12-24 12:00:00+00:00,14.3,14.3,14.28,14.28,5894.0
2025-12-24 12:05:00+00:00,14.27,14.27,14.27,14.27,1710.0
2025-12-24 12:10:00+00:00,14.29,14.3,14.29,14.3,839.0
2025-12-24 12:20:00+00:00,14.3,14.3,14.3,14.3,434.0
2025-12-24 12:30:00+00:00,14.319,14.32,14.31,14.32,2302.0
2025-12-24 12:35:00+00:00,14.33,14.33,14.33,14.33,1860.0
2025-12-24 12:40:00+00:00,14.33,14.33,14.33,14.33,360.0
2025-12-24 12:45:00+00:00,14.33,14.33,14.33,14.33,1494.0
2025-12-24 13:00:00+00:00,14.29,14.3458,14.2421,14.31,97861.0
2025-12-24 13:05:00+00:00,14.31,14.33,14.31,14.32,8646.0
2025-12-24 13:10:00+00:00,14.329,14.329,14.31,14.31,3433.0
2025-12-24 13:15:00+00:00,14.3,14.31,14.3,14.3098,4477.0
2025-12-24 13:20:00+00:00,14.3095,14.3098,14.3095,14.3098,956.0
2025-12-24 13:25:00+00:00,14.31,14.32,14.3,14.32,2630.0
2025-12-24 13:30:00+00:00,14.31,14.34,14.31,14.31,1543.0
2025-12-24 13:35:00+00:00,14.301,14.301,14.3,14.3,479.0
2025-12-24 13:40:00+00:00,14.31,14.3198,14.31,14.3116,3029.0
2025-12-24 13:45:00+00:00,14.3195,14.3195,14.31,14.31,11218.0
2025-12-24 13:50:00+00:00,14.32,14.32,14.31,14.32,3106.0
2025-12-24 13:55:00+00:00,14.3298,14.34,14.32,14.33,7006.0
2025-12-24 14:00:00+00:00,14.32,14.33,14.32,14.32,5160.0
2025-12-24 14:05:00+00:00,14.32,14.405,14.32,14.405,30911.0
2025-12-24 14:10:00+00:00,14.4,14.42,14.39,14.4,32033.0
2025-12-24 14:15:00+00:00,14.39,14.4,14.35,14.35,18252.0
2025-12-24 14:20:00+00:00,14.35,14.35,14.32,14.33,5308.0
2025-12-24 14:25:00+00:00,14.35,14.4,14.3208,14.4,9515.0
2025-12-24 14:30:00+00:00,14.37,14.5486,14.36,14.48,403474.0
2025-12-24 14:35:00+00:00,14.485,14.515,14.3,14.33,543765.0
2025-12-24 14:40:00+00:00,14.33,14.4599,14.26,14.351,343026.0
2025-12-24 14:45:00+00:00,14.36,14.39,14.2101,14.295,372930.0
2025-12-24 14:50:00+00:00,14.295,14.38,14.25,14.275,230863.0
2025-12-24 14:55:00+00:00,14.27,14.275,14.13,14.13,279219.0
2025-12-24 15:00:00+00:00,14.14,14.329,14.12,14.315,245549.0
2025-12-24 15:05:00+00:00,14.315,14.37,14.28,14.315,237154.0
2025-12-24 15:10:00+00:00,14.315,14.34,14.24,14.315,109847.0
2025-12-24 15:15:00+00:00,14.31,14.36,14.23,14.245,145617.0
2025-12-24 15:20:00+00:00,14.25,14.29,14.19,14.225,104030.0
2025-12-24 15:25:00+00:00,14.23,14.3254,14.22,14.3254,153055.0
2025-12-24 15:30:00+00:00,14.33,14.37,14.3101,14.36,180995.0
2025-12-24 15:35:00+00:00,14.3645,14.4486,14.3645,14.415,235370.0
2025-12-24 15:40:00+00:00,14.415,14.44,14.37,14.375,91122.0
2025-12-24 15:45:00+00:00,14.3757,14.39,14.305,14.315,136715.0
2025-12-24 15:50:00+00:00,14.315,14.35,14.3127,14.345,114161.0
2025-12-24 15:55:00+00:00,14.35,14.35,14.29,14.3078,146617.0
2025-12-24 16:00:00+00:00,14.31,14.405,14.3,14.3962,133627.0
2025-12-24 16:05:00+00:00,14.39,14.395,14.26,14.34,255747.0
2025-12-24 16:10:00+00:00,14.335,14.35,14.27,14.2773,69044.0
2025-12-24 16:15:00+00:00,14.275,14.296,14.255,14.2599,79501.0
2025-12-24 16:20:00+00:00,14.2599,14.28,14.2599,14.275,79420.0
2025-12-24 16:25:00+00:00,14.28,14.29,14.26,14.285,99035.0
2025-12-24 16:30:00+00:00,14.285,14.315,14.28,14.2951,70925.0
2025-12-24 16:35:00+00:00,14.2928,14.355,14.2928,14.34,177899.0
2025-12-24 16:40:00+00:00,14.345,14.365,14.325,14.325,92383.0
2025-12-24 16:45:00+00:00,14.325,14.3299,14.305,14.305,34954.0
2025-12-24 16:50:00+00:00,14.31,14.33,14.3001,14.305,60834.0
2025-12-24 16:55:00+00:00,14.3099,14.34,14.295,14.32,62975.0
2025-12-24 17:00:00+00:00,14.33,14.36,14.3201,14.355,60453.0
2025-12-24 17:05:00+00:00,14.355,14.367,14.285,14.285,70627.0
2025-12-24 17:10:00+00:00,14.2886,14.2896,14.23,14.26,99876.0
2025-12-24 17:15:00+00:00,14.255,14.3,14.255,14.285,147319.0
2025-12-24 17:20:00+00:00,14.285,14.3172,14.285,14.315,61572.0
2025-12-24 17:25:00+00:00,14.315,14.32,14.27,14.2922,102010.0
2025-12-24 17:30:00+00:00,14.295,14.34,14.295,14.3354,96742.0
2025-12-24 17:35:00+00:00,14.335,14.335,14.295,14.305,122839.0
2025-12-24 17:40:00+00:00,14.31,14.33,14.3,14.315,100516.0
2025-12-24 17:45:00+00:00,14.315,14.32,14.255,14.265,183057.0
2025-12-24 17:50:00+00:00,14.265,14.28,14.245,14.245,185103.0
2025-12-24 17:55:00+00:00,14.245,14.29,14.23,14.28,253900.0
2025-12-24 18:00:00+00:00,14.27,14.417,14.27,14.31,448790.0
2025-12-24 18:05:00+00:00,14.31,14.35,14.31,14.34,1628.0
2025-12-24 18:10:00+00:00,14.29,14.29,14.29,14.29,1005.0
2025-12-24 18:15:00+00:00,14.3,14.3,14.29,14.29,2227.0
2025-12-24 18:20:00+00:00,14.3,14.32,14.3,14.3,2648.0
2025-12-24 18:25:00+00:00,14.3,14.3,14.28,14.3,24371.0
2025-12-24 18:30:00+00:00,14.29,14.29,14.28,14.2805,10438.0
2025-12-24 18:35:00+00:00,14.3,14.31,14.3,14.3016,2007.0
2025-12-24 18:40:00+00:00,14.31,14.32,14.31,14.32,1478.0
2025-12-24 18:45:00+00:00,14.33,14.33,14.32,14.32,1447.0
2025-12-24 18:50:00+00:00,14.33,14.33,14.31,14.31,698.0
2025-12-24 18:55:00+00:00,14.32,14.33,14.31,14.33,726.0
2025-12-24 19:15:00+00:00,14.33,14.33,14.3,14.31,2821.0
2025-12-24 19:20:00+00:00,14.3,14.31,14.3,14.31,1102.0
2025-12-24 19:25:00+00:00,14.31,14.31,14.3,14.3,1157.0
2025-12-24 19:30:00+00:00,14.3,14.33,14.3,14.3299,697.0
2025-12-24 19:35:00+00:00,14.33,14.33,14.33,14.33,1290.0
2025-12-24 19:45:00+00:00,14.3,14.31,14.3,14.31,676.0
2025-12-24 19:50:00+00:00,14.31,14.31,14.31,14.31,162.0
2025-12-24 19:55:00+00:00,14.31,14.31,14.295,14.295,48270.0
2025-12-24 20:00:00+00:00,14.28,14.28,14.27,14.27,520.0
2025-12-24 20:05:00+00:00,14.28,14.28,14.28,14.28,111.0
2025-12-24 20:10:00+00:00,14.29,14.29,14.29,14.29,4389.0
2025-12-24 20:20:00+00:00,14.29,14.29,14.28,14.29,3673.0
2025-12-24 20:25:00+00:00,14.28,14.29,14.28,14.29,795.0
2025-12-24 20:30:00+00:00,14.29,14.29,14.28,14.28,508.0
2025-12-24 20:35:00+00:00,14.2701,14.2701,14.2701,14.2701,225.0
2025-12-24 20:45:00+00:00,14.29,14.29,14.27,14.29,15362.0
2025-12-24 20:50:00+00:00,14.29,14.29,14.29,14.29,1707.0
2025-12-24 20:55:00+00:00,14.2897,14.2897,14.2897,14.2897,114.0
2025-12-24 21:05:00+00:00,14.29,14.29,14.28,14.29,1811.0
2025-12-24 21:10:00+00:00,14.28,14.2899,14.28,14.2805,890.0
2025-12-24 21:15:00+00:00,14.28,14.28,14.28,14.28,601.0
2025-12-24 21:20:00+00:00,14.28,14.28,14.28,14.28,2976.0
2025-12-24 21:25:00+00:00,14.28,14.28,14.28,14.28,194.0
2025-12-24 21:30:00+00:00,14.29,14.29,14.29,14.29,456.0
2025-12-24 21:35:00+00:00,14.2803,14.2803,14.28,14.28,620.0
2025-12-24 21:40:00+00:00,14.29,14.29,14.28,14.28,1962.0
2025-12-24 21:50:00+00:00,14.27,14.29,14.27,14.29,2496.0
2025-12-26 09:00:00+00:00,14.3,14.3,14.23,14.26,4922.0
2025-12-26 09:05:00+00:00,14.26,14.28,14.26,14.28,1835.0
2025-12-26 09:10:00+00:00,14.29,14.29,14.29,14.29,402.0
2025-12-26 09:15:00+00:00,14.28,14.28,14.28,14.28,279.0
2025-12-26 09:20:00+00:00,14.28,14.28,14.28,14.28,681.0
2025-12-26 09:30:00+00:00,14.29,14.3,14.29,14.3,275.0
2025-12-26 09:40:00+00:00,14.3,14.3,14.3,14.3,958.0
2025-12-26 09:50:00+00:00,14.3,14.3,14.3,14.3,1232.0
2025-12-26 09:55:00+00:00,14.3,14.31,14.3,14.3,4338.0
2025-12-26 10:05:00+00:00,14.31,14.31,14.31,14.31,154.0
2025-12-26 10:10:00+00:00,14.3,14.3,14.3,14.3,223.0
2025-12-26 10:20:00+00:00,14.3,14.3,14.3,14.3,588.0
2025-12-26 10:40:00+00:00,14.31,14.31,14.3,14.3,1170.0
2025-12-26 10:45:00+00:00,14.3,14.3,14.3,14.3,618.0
2025-12-26 10:50:00+00:00,14.3,14.3,14.3,14.3,222.0
2025-12-26 11:00:00+00:00,14.3,14.3,14.3,14.3,266.0
2025-12-26 11:10:00+00:00,14.3,14.3,14.29,14.3,1460.0
2025-12-26 11:20:00+00:00,14.3,14.3,14.3,14.3,281.0
2025-12-26 11:30:00+00:00,14.29,14.29,14.27,14.27,17316.0
2025-12-26 11:35:00+00:00,14.27,14.28,14.27,14.27,3184.0
2025-12-26 11:45:00+00:00,14.28,14.28,14.28,14.28,405.0
2025-12-26 11:50:00+00:00,14.27,14.27,14.27,14.27,688.0
2025-12-26 11:55:00+00:00,14.27,14.27,14.27,14.27,283.0
2025-12-26 12:00:00+00:00,14.27,14.27,14.22,14.23,8267.0
2025-12-26 12:05:00+00:00,14.24,14.26,14.23,14.26,3513.0
2025-12-26 12:10:00+00:00,14.25,14.25,14.24,14.24,565.0
2025-12-26 12:15:00+00:00,14.24,14.24,14.24,14.24,1019.0
2025-12-26 12:25:00+00:00,14.25,14.26,14.25,14.26,1310.0
2025-12-26 12:35:00+00:00,14.25,14.26,14.25,14.26,1194.0
2025-12-26 12:40:00+00:00,14.25,14.25,14.25,14.25,490.0
2025-12-26 12:55:00+00:00,14.26,14.26,14.26,14.26,493.0
2025-12-26 13:00:00+00:00,14.24,14.35,14.229,14.24,100627.0
2025-12-26 13:05:00+00:00,14.24,14.25,14.24,14.25,4772.0
2025-12-26 13:10:00+00:00,14.24,14.25,14.2101,14.2195,10166.0
2025-12-26 13:15:00+00:00,14.21,14.23,14.2,14.22,11059.0
2025-12-26 13:20:00+00:00,14.22,14.2298,14.22,14.22,1026.0
2025-12-26 13:25:00+00:00,14.23,14.23,14.2,14.22,24568.0
2025-12-26 13:30:00+00:00,14.21,14.24,14.2,14.23,15559.0
2025-12-26 13:35:00+00:00,14.24,14.24,14.221,14.221,5217.0
2025-12-26 13:40:00+00:00,14.23,14.23,14.22,14.22,1225.0
2025-12-26 13:45:00+00:00,14.23,14.23,14.21,14.21,4143.0
2025-12-26 13:50:00+00:00,14.21,14.21,14.2,14.21,4429.0
2025-12-26 13:55:00+00:00,14.2,14.21,14.19,14.21,25013.0
2025-12-26 14:00:00+00:00,14.21,14.22,14.21,14.21,4385.0
2025-12-26 14:05:00+00:00,14.2001,14.2001,14.19,14.2,12077.0
2025-12-26 14:10:00+00:00,14.19,14.21,14.19,14.2,11550.0
2025-12-26 14:15:00+00:00,14.21,14.21,14.2,14.2,9230.0
2025-12-26 14:20:00+00:00,14.21,14.21,14.1923,14.21,9566.0
2025-12-26 14:25:00+00:00,14.21,14.27,14.21,14.24,48096.0
2025-12-26 14:30:00+00:00,14.22,14.22,13.91,13.93,553592.0
2025-12-26 14:35:00+00:00,13.93,14.05,13.85,13.96,406601.0
2025-12-26 14:40:00+00:00,13.96,13.97,13.8,13.93,461061.0
2025-12-26 14:45:00+00:00,13.93,13.97,13.83,13.94,322086.0
2025-12-26 14:50:00+00:00,13.95,13.99,13.91,13.965,321003.0
2025-12-26 14:55:00+00:00,13.97,13.995,13.8607,13.955,303139.0
2025-12-26 15:00:00+00:00,13.955,13.955,13.85,13.875,224943.0
2025-12-26 15:05:00+00:00,13.875,13.92,13.8312,13.855,162421.0
2025-12-26 15:10:00+00:00,13.855,13.8699,13.775,13.775,254452.0
2025-12-26 15:15:00+00:00,13.775,13.855,13.76,13.815,346827.0
2025-12-26 15:20:00+00:00,13.81,13.83,13.745,13.785,177423.0
2025-12-26 15:25:00+00:00,13.78,13.86,13.78,13.835,138600.0
2025-12-26 15:30:00+00:00,13.835,13.88,13.82,13.83,110667.0
2025-12-26 15:35:00+00:00,13.84,13.85,13.81,13.83,103485.0
2025-12-26 15:40:00+00:00,13.8243,13.865,13.82,13.845,101243.0
2025-12-26 15:45:00+00:00,13.855,13.91,13.85,13.89,125554.0
2025-12-26 15:50:00+00:00,13.8852,13.91,13.83,13.86,125748.0
2025-12-26 15:55:00+00:00,13.855,13.9,13.84,13.895,87839.0
2025-12-26 16:00:00+00:00,13.895,13.95,13.8944,13.945,142304.0
2025-12-26 16:05:00+00:00,13.94,13.96,13.92,13.96,82955.0
2025-12-26 16:10:00+00:00,13.955,13.991,13.95,13.985,138244.0
2025-12-26 16:15:00+00:00,13.985,14.025,13.95,13.95,246018.0
2025-12-26 16:20:00+00:00,13.9401,14.0256,13.94,13.99,109485.0
2025-12-26 16:25:00+00:00,13.99,13.9999,13.95,13.9561,66279.0
2025-12-26 16:30:00+00:00,13.9539,13.98,13.95,13.9799,79404.0
2025-12-26 16:35:00+00:00,13.975,13.995,13.9638,13.985,97066.0
2025-12-26 16:40:00+00:00,13.985,14.0299,13.985,14.015,69844.0
2025-12-26 16:45:00+00:00,14.02,14.0399,13.99,14.0049,80463.0
2025-12-26 16:50:00+00:00,14.0001,14.01,13.985,13.99,54982.0
2025-12-26 16:55:00+00:00,13.985,13.9956,13.94,13.9445,72211.0
2025-12-26 17:00:00+00:00,13.9407,14.0055,13.9407,13.996,111903.0
2025-12-26 17:05:00+00:00,13.99,14.0099,13.96,13.975,80248.0
2025-12-26 17:10:00+00:00,13.975,13.98,13.93,13.945,65815.0
2025-12-26 17:15:00+00:00,13.94,13.97,13.94,13.965,52226.0
2025-12-26 17:20:00+00:00,13.96,13.97,13.93,13.935,31575.0
2025-12-26 17:25:00+00:00,13.94,14.035,13.935,14.035,71666.0
2025-12-26 17:30:00+00:00,14.0338,14.0798,14.0338,14.06,75576.0
2025-12-26 17:35:00+00:00,14.05,14.06,14.0214,14.0288,53464.0
2025-12-26 17:40:00+00:00,14.025,14.04,14.0101,14.0295,41884.0
2025-12-26 17:45:00+00:00,14.03,14.05,14.0299,14.035,75958.0
2025-12-26 17:50:00+00:00,14.04,14.04,14.01,14.0101,26670.0
2025-12-26 17:55:00+00:00,14.015,14.03,14.0,14.02,54877.0
2025-12-26 18:00:00+00:00,14.015,14.035,13.9938,14.0146,61130.0
2025-12-26 18:05:00+00:00,14.0144,14.0298,14.005,14.015,60559.0
2025-12-26 18:10:00+00:00,14.015,14.045,14.01,14.015,67135.0
2025-12-26 18:15:00+00:00,14.0101,14.04,14.01,14.04,74021.0
2025-12-26 18:20:00+00:00,14.0368,14.06,14.03,14.0425,130553.0
2025-12-26 18:25:00+00:00,14.05,14.07,14.03,14.035,84311.0
2025-12-26 18:30:00+00:00,14.035,14.035,14.0,14.005,42892.0
2025-12-26 18:35:00+00:00,14.0062,14.025,14.005,14.025,48999.0
2025-12-26 18:40:00+00:00,14.025,14.04,14.0125,14.04,50893.0
2025-12-26 18:45:00+00:00,14.035,14.05,14.02,14.035,85916.0
2025-12-26 18:50:00+00:00,14.0338,14.04,14.015,14.02,54224.0
2025-12-26 18:55:00+00:00,14.0256,14.0259,14.01,14.015,44060.0
2025-12-26 19:00:00+00:00,14.015,14.02,13.97,13.985,64452.0
2025-12-26 19:05:00+00:00,13.99,14.0,13.965,13.985,53186.0
2025-12-26 19:10:00+00:00,13.985,14.015,13.98,14.0028,58556.0
2025-12-26 19:15:00+00:00,14.0032,14.0032,13.97,13.975,81826.0
2025-12-26 19:20:00+00:00,13.98,13.9901,13.97,13.98,55496.0
2025-12-26 19:25:00+00:00,13.99,13.99,13.974,13.975,41600.0
2025-12-26 19:30:00+00:00,13.98,13.99,13.96,13.975,93137.0
2025-12-26 19:35:00+00:00,13.97,14.025,13.97,14.025,85528.0
2025-12-26 19:40:00+00:00,14.03,14.045,14.0148,14.035,81075.0
2025-12-26 19:45:00+00:00,14.04,14.065,14.03,14.0301,71396.0
2025-12-26 19:50:00+00:00,14.035,14.035,13.99,13.995,63024.0
2025-12-26 19:55:00+00:00,13.99,13.995,13.975,13.975,37473.0
2025-12-26 20:00:00+00:00,13.975,13.995,13.95,13.985,110815.0
2025-12-26 20:05:00+00:00,13.985,13.985,13.95,13.955,69532.0
2025-12-26 20:10:00+00:00,13.955,13.99,13.955,13.975,106956.0
2025-12-26 20:15:00+00:00,13.975,13.9898,13.9501,13.9898,86570.0
2025-12-26 20:20:00+00:00,13.985,13.99,13.965,13.98,97322.0
2025-12-26 20:25:00+00:00,13.97,13.9772,13.9625,13.975,67390.0
2025-12-26 20:30:00+00:00,13.975,13.98,13.95,13.955,85206.0
2025-12-26 20:35:00+00:00,13.955,13.995,13.955,13.995,83970.0
2025-12-26 20:40:00+00:00,13.995,13.995,13.925,13.925,165974.0
2025-12-26 20:45:00+00:00,13.92,13.93,13.89,13.905,133357.0
2025-12-26 20:50:00+00:00,13.91,13.915,13.85,13.875,277588.0
2025-12-26 20:55:00+00:00,13.88,13.91,13.85,13.88,605357.0
2025-12-26 21:00:00+00:00,13.88,13.88,13.8566,13.88,667389.0
2025-12-26 21:05:00+00:00,13.88,13.88,13.86,13.87,4187.0
2025-12-26 21:10:00+00:00,13.87,13.87,13.85,13.87,7512.0
2025-12-26 21:15:00+00:00,13.86,13.87,13.85,13.8601,10794.0
2025-12-26 21:20:00+00:00,13.8699,13.87,13.86,13.86,3199.0
2025-12-26 21:25:00+00:00,13.87,13.88,13.86,13.86,5023.0
2025-12-26 21:30:00+00:00,13.86,13.87,13.86,13.87,6974.0
2025-12-26 21:35:00+00:00,13.87,13.88,13.87,13.88,2411.0
2025-12-26 21:40:00+00:00,13.87,13.88,13.87,13.88,571.0
2025-12-26 21:45:00+00:00,13.87,13.88,13.87,13.8712,2722.0
2025-12-26 21:50:00+00:00,13.88,13.88,13.87,13.87,702.0
2025-12-26 21:55:00+00:00,13.87,13.88,13.87,13.88,1385.0
2025-12-26 22:00:00+00:00,13.88,13.88,13.87,13.87,3500.0
2025-12-26 22:05:00+00:00,13.8703,13.88,13.87,13.88,3035.0
2025-12-26 22:10:00+00:00,13.87,13.88,13.87,13.88,236.0
2025-12-26 22:15:00+00:00,13.88,13.88,13.8783,13.88,434.0
2025-12-26 22:20:00+00:00,13.87,13.88,13.86,13.87,8107.0
2025-12-26 22:25:00+00:00,13.87,13.87,13.87,13.87,645.0
2025-12-26 22:30:00+00:00,13.86,13.8601,13.86,13.86,2397.0
2025-12-26 22:35:00+00:00,13.86,13.87,13.86,13.86,5749.0
2025-12-26 22:40:00+00:00,13.86,13.88,13.86,13.8767,6222.0
2025-12-26 22:45:00+00:00,13.8609,13.8609,13.8609,13.8609,504.0
2025-12-26 22:50:00+00:00,13.8751,13.88,13.8601,13.88,4353.0
2025-12-26 22:55:00+00:00,13.87,13.88,13.86,13.88,1705.0
2025-12-26 23:00:00+00:00,13.88,13.88,13.87,13.8799,6599.0
2025-12-26 23:05:00+00:00,13.87,13.88,13.87,13.88,620.0
2025-12-26 23:10:00+00:00,13.88,13.88,13.87,13.8799,3947.0
2025-12-26 23:15:00+00:00,13.87,13.87,13.87,13.87,196.0
2025-12-26 23:20:00+00:00,13.88,13.88,13.87,13.88,1160.0
2025-12-26 23:25:00+00:00,13.88,13.88,13.8797,13.88,3985.0
2025-12-26 23:30:00+00:00,13.89,13.89,13.88,13.88,1044.0
2025-12-26 23:35:00+00:00,13.8999,13.8999,13.89,13.89,384.0
2025-12-26 23:40:00+00:00,13.8994,13.8994,13.88,13.88,1367.0
2025-12-26 23:45:00+00:00,13.89,13.89,13.89,13.89,226.0
2025-12-26 23:50:00+00:00,13.8882,13.89,13.88,13.88,4747.0
2025-12-26 23:55:00+00:00,13.87,13.88,13.87,13.88,2215.0
2025-12-27 00:00:00+00:00,13.88,13.88,13.87,13.88,1134.0
2025-12-27 00:05:00+00:00,13.88,13.88,13.88,13.88,584.0
2025-12-27 00:15:00+00:00,13.88,13.88,13.87,13.8797,1037.0
2025-12-27 00:20:00+00:00,13.8784,13.88,13.8784,13.88,365.0
2025-12-27 00:25:00+00:00,13.87,13.8797,13.87,13.8797,819.0
2025-12-27 00:30:00+00:00,13.8784,13.8784,13.8784,13.8784,670.0
2025-12-27 00:35:00+00:00,13.8786,13.8786,13.875,13.875,969.0
2025-12-27 00:40:00+00:00,13.875,13.88,13.87,13.88,762.0
2025-12-27 00:45:00+00:00,13.88,13.88,13.8784,13.8784,633.0
2025-12-27 00:50:00+00:00,13.87,13.88,13.87,13.88,513.0
2025-12-27 00:55:00+00:00,13.8799,13.88,13.87,13.88,7742.0
2025-12-29 09:00:00+00:00,13.88,13.88,13.73,13.8,4891.0
2025-12-29 09:05:00+00:00,13.79,13.79,13.79,13.79,484.0
2025-12-29 09:10:00+00:00,13.79,13.82,13.79,13.82,3535.0
2025-12-29 09:15:00+00:00,13.825,13.83,13.81,13.81,1111.0
2025-12-29 09:20:00+00:00,13.8,13.8,13.8,13.8,2313.0
2025-12-29 09:30:00+00:00,13.8,13.8,13.8,13.8,387.0
2025-12-29 09:35:00+00:00,13.8,13.81,13.78,13.78,4948.0
2025-12-29 09:40:00+00:00,13.79,13.8,13.78,13.78,2990.0
2025-12-29 09:45:00+00:00,13.78,13.78,13.78,13.78,1030.0
2025-12-29 09:50:00+00:00,13.79,13.8,13.79,13.8,1181.0
2025-12-29 09:55:00+00:00,13.79,13.79,13.76,13.77,6986.0
2025-12-29 10:00:00+00:00,13.78,13.78,13.78,13.78,331.0
2025-12-29 10:05:00+00:00,13.78,13.78,13.77,13.78,3596.0
2025-12-29 10:10:00+00:00,13.79,13.79,13.78,13.78,1675.0
2025-12-29 10:15:00+00:00,13.77,13.77,13.75,13.76,2834.0
2025-12-29 10:20:00+00:00,13.76,13.76,13.76,13.76,938.0
2025-12-29 10:25:00+00:00,13.75,13.75,13.75,13.75,112.0
2025-12-29 10:30:00+00:00,13.75,13.75,13.75,13.75,1503.0
2025-12-29 10:35:00+00:00,13.73,13.74,13.73,13.73,1994.0
2025-12-29 10:45:00+00:00,13.74,13.745,13.73,13.74,1887.0
2025-12-29 10:50:00+00:00,13.73,13.74,13.73,13.74,373.0
2025-12-29 10:55:00+00:00,13.73,13.73,13.73,13.73,435.0
2025-12-29 11:00:00+00:00,13.73,13.73,13.73,13.73,1593.0
2025-12-29 11:05:00+00:00,13.74,13.74,13.73,13.73,1836.0
2025-12-29 11:10:00+00:00,13.73,13.73,13.73,13.73,1739.0
2025-12-29 11:15:00+00:00,13.72,13.72,13.72,13.72,1462.0
2025-12-29 11:20:00+00:00,13.72,13.73,13.72,13.72,1673.0
2025-12-29 11:25:00+00:00,13.72,13.72,13.71,13.71,797.0
2025-12-29 11:30:00+00:00,13.72,13.72,13.72,13.72,428.0
2025-12-29 11:35:00+00:00,13.72,13.73,13.72,13.73,355.0
2025-12-29 11:45:00+00:00,13.73,13.73,13.71,13.71,6061.0
2025-12-29 11:50:00+00:00,13.71,13.71,13.7,13.71,1943.0
2025-12-29 11:55:00+00:00,13.71,13.72,13.71,13.72,3228.0
2025-12-29 12:00:00+00:00,13.715,13.73,13.715,13.715,13213.0
2025-12-29 12:05:00+00:00,13.72,13.72,13.68,13.69,22020.0
2025-12-29 12:10:00+00:00,13.69,13.7,13.685,13.69,3493.0
2025-12-29 12:15:00+00:00,13.69,13.69,13.68,13.68,10221.0
2025-12-29 12:20:00+00:00,13.68,13.68,13.671,13.671,6101.0
2025-12-29 12:25:00+00:00,13.68,13.68,13.67,13.67,939.0
2025-12-29 12:30:00+00:00,13.67,13.69,13.67,13.69,11193.0
2025-12-29 12:35:00+00:00,13.69,13.69,13.68,13.68,7428.0
2025-12-29 12:40:00+00:00,13.69,13.69,13.68,13.68,1302.0
2025-12-29 12:45:00+00:00,13.68,13.69,13.68,13.69,4022.0
2025-12-29 12:50:00+00:00,13.69,13.695,13.69,13.695,10432.0
2025-12-29 12:55:00+00:00,13.7,13.7,13.69,13.69,4376.0
2025-12-29 13:00:00+00:00,13.72,13.86,13.67,13.7,328094.0
2025-12-29 13:05:00+00:00,13.69,13.7,13.69,13.7,11086.0
2025-12-29 13:10:00+00:00,13.69,13.7,13.68,13.68,39597.0
2025-12-29 13:15:00+00:00,13.68,13.6897,13.66,13.67,35122.0
2025-12-29 13:20:00+00:00,13.679,13.68,13.65,13.65,28353.0
2025-12-29 13:25:00+00:00,13.65,13.67,13.64,13.66,24673.0
2025-12-29 13:30:00+00:00,13.66,13.67,13.6305,13.6399,23535.0
2025-12-29 13:35:00+00:00,13.6395,13.64,13.6299,13.63,10352.0
2025-12-29 13:40:00+00:00,13.62,13.63,13.62,13.6203,12383.0
2025-12-29 13:45:00+00:00,13.62,13.63,13.6,13.62,24742.0
2025-12-29 13:50:00+00:00,13.6105,13.63,13.6,13.6211,32921.0
2025-12-29 13:55:00+00:00,13.62,13.63,13.62,13.62,20340.0
2025-12-29 14:00:00+00:00,13.61,13.62,13.6,13.6,17417.0
2025-12-29 14:05:00+00:00,13.6,13.6,13.56,13.56,35302.0
2025-12-29 14:10:00+00:00,13.5695,13.6,13.56,13.6,21152.0
2025-12-29 14:15:00+00:00,13.6,13.61,13.57,13.58,31419.0
2025-12-29 14:20:00+00:00,13.58,13.61,13.58,13.5897,29957.0
2025-12-29 14:25:00+00:00,13.58,13.64,13.58,13.62,38424.0
2025-12-29 14:30:00+00:00,13.6,13.9,13.57,13.895,843838.0
2025-12-29 14:35:00+00:00,13.895,14.11,13.89,13.94,468380.0
2025-12-29 14:40:00+00:00,13.94,14.0761,13.88,14.0678,420315.0
2025-12-29 14:45:00+00:00,14.07,14.095,13.911,13.9375,289678.0
2025-12-29 14:50:00+00:00,13.9386,13.99,13.83,13.83,256674.0
2025-12-29 14:55:00+00:00,13.8301,13.88,13.775,13.81,209188.0
2025-12-29 15:00:00+00:00,13.81,13.86,13.76,13.76,223223.0
2025-12-29 15:05:00+00:00,13.765,13.795,13.72,13.78,179630.0
2025-12-29 15:10:00+00:00,13.775,13.785,13.73,13.75,122152.0
2025-12-29 15:15:00+00:00,13.7514,13.79,13.6901,13.705,312173.0
2025-12-29 15:20:00+00:00,13.71,13.75,13.7,13.7498,199819.0
2025-12-29 15:25:00+00:00,13.745,13.76,13.69,13.6936,304663.0
2025-12-29 15:30:00+00:00,13.69,13.73,13.66,13.725,184232.0
2025-12-29 15:35:00+00:00,13.73,13.74,13.66,13.665,125310.0
2025-12-29 15:40:00+00:00,13.66,13.69,13.6344,13.675,153001.0
2025-12-29 15:45:00+00:00,13.675,13.675,13.63,13.63,117557.0
2025-12-29 15:50:00+00:00,13.635,13.67,13.62,13.65,127643.0
2025-12-29 15:55:00+00:00,13.645,13.68,13.625,13.655,192069.0
2025-12-29 16:00:00+00:00,13.655,13.67,13.62,13.6244,190678.0
2025-12-29 16:05:00+00:00,13.63,13.66,13.63,13.645,89627.0
2025-12-29 16:10:00+00:00,13.645,13.7,13.645,13.69,201163.0
2025-12-29 16:15:00+00:00,13.6839,13.7,13.65,13.7,158203.0
2025-12-29 16:20:00+00:00,13.695,13.7,13.67,13.675,132130.0
2025-12-29 16:25:00+00:00,13.68,13.68,13.63,13.65,280267.0
2025-12-29 16:30:00+00:00,13.645,13.7,13.64,13.6801,137920.0
2025-12-29 16:35:00+00:00,13.68,13.69,13.65,13.655,92487.0
2025-12-29 16:40:00+00:00,13.655,13.675,13.6425,13.6741,111140.0
2025-12-29 16:45:00+00:00,13.67,13.715,13.67,13.7,144034.0
2025-12-29 16:50:00+00:00,13.705,13.709,13.6,13.6277,226907.0
2025-12-29 16:55:00+00:00,13.63,13.66,13.62,13.63,161035.0
2025-12-29 17:00:00+00:00,13.62,13.66,13.62,13.635,118853.0
2025-12-29 17:05:00+00:00,13.635,13.64,13.6,13.61,171909.0
2025-12-29 17:10:00+00:00,13.61,13.615,13.585,13.59,170870.0
2025-12-29 17:15:00+00:00,13.59,13.63,13.58,13.62,167745.0
2025-12-29 17:20:00+00:00,13.625,13.635,13.61,13.62,137005.0
2025-12-29 17:25:00+00:00,13.625,13.63,13.585,13.6042,127724.0
2025-12-29 17:30:00+00:00,13.61,13.63,13.6,13.61,161924.0
2025-12-29 17:35:00+00:00,13.61,13.625,13.605,13.6101,113216.0
2025-12-29 17:40:00+00:00,13.6144,13.64,13.595,13.635,159286.0
2025-12-29 17:45:00+00:00,13.635,13.655,13.61,13.6244,212407.0
2025-12-29 17:50:00+00:00,13.62,13.63,13.61,13.615,85351.0
2025-12-29 17:55:00+00:00,13.615,13.615,13.59,13.6,117824.0
2025-12-29 18:00:00+00:00,13.605,13.62,13.56,13.56,207310.0
2025-12-29 18:05:00+00:00,13.565,13.575,13.54,13.56,160447.0
2025-12-29 18:10:00+00:00,13.5604,13.57,13.54,13.565,121543.0
2025-12-29 18:15:00+00:00,13.565,13.63,13.5544,13.625,131929.0
2025-12-29 18:20:00+00:00,13.625,13.68,13.625,13.68,96364.0
2025-12-29 18:25:00+00:00,13.675,13.685,13.64,13.68,241056.0
2025-12-29 18:30:00+00:00,13.675,13.69,13.6201,13.64,133294.0
2025-12-29 18:35:00+00:00,13.6499,13.6599,13.61,13.615,123950.0
2025-12-29 18:40:00+00:00,13.615,13.6161,13.57,13.58,92497.0
2025-12-29 18:45:00+00:00,13.59,13.62,13.57,13.595,167268.0
2025-12-29 18:50:00+00:00,13.595,13.595,13.56,13.565,133677.0
2025-12-29 18:55:00+00:00,13.5676,13.5687,13.54,13.55,72736.0
2025-12-29 19:00:00+00:00,13.56,13.59,13.54,13.58,198664.0
2025-12-29 19:05:00+00:00,13.59,13.6,13.56,13.56,174787.0
2025-12-29 19:10:00+00:00,13.565,13.575,13.55,13.565,67743.0
2025-12-29 19:15:00+00:00,13.565,13.57,13.55,13.565,120428.0
2025-12-29 19:20:00+00:00,13.57,13.5986,13.56,13.57,138407.0
2025-12-29 19:25:00+00:00,13.57,13.57,13.56,13.565,48245.0
2025-12-29 19:30:00+00:00,13.565,13.59,13.56,13.585,104367.0
2025-12-29 19:35:00+00:00,13.585,13.59,13.57,13.5801,97549.0
2025-12-29 19:40:00+00:00,13.5899,13.59,13.575,13.5899,47916.0
2025-12-29 19:45:00+00:00,13.58,13.59,13.56,13.57,89543.0
2025-12-29 19:50:00+00:00,13.57,13.62,13.57,13.62,174675.0
2025-12-29 19:55:00+00:00,13.615,13.62,13.57,13.575,166526.0
2025-12-29 20:00:00+00:00,13.58,13.5999,13.57,13.58,193267.0
2025-12-29 20:05:00+00:00,13.5744,13.58,13.54,13.54,214184.0
2025-12-29 20:10:00+00:00,13.54,13.55,13.51,13.55,242331.0
2025-12-29 20:15:00+00:00,13.55,13.615,13.55,13.5898,270497.0
2025-12-29 20:20:00+00:00,13.585,13.595,13.55,13.575,294128.0
2025-12-29 20:25:00+00:00,13.574,13.59,13.57,13.585,169194.0
2025-12-29 20:30:00+00:00,13.5885,13.59,13.55,13.555,170379.0
2025-12-29 20:35:00+00:00,13.555,13.5561,13.52,13.535,175761.0
2025-12-29 20:40:00+00:00,13.5399,13.54,13.52,13.525,108463.0
2025-12-29 20:45:00+00:00,13.52,13.555,13.51,13.55,197849.0
2025-12-29 20:50:00+00:00,13.55,13.555,13.48,13.485,382652.0
2025-12-29 20:55:00+00:00,13.485,13.54,13.4844,13.54,546303.0
2025-12-29 21:00:00+00:00,13.54,13.57,13.53,13.56,745420.0
2025-12-29 21:05:00+00:00,13.55,13.55,13.54,13.55,2892.0
2025-12-29 21:10:00+00:00,13.54,13.55,13.5399,13.55,9356.0
2025-12-29 21:15:00+00:00,13.55,13.55,13.54,13.5401,2099.0
2025-12-29 21:20:00+00:00,13.53,13.54,13.52,13.53,6232.0
2025-12-29 21:25:00+00:00,13.53,13.54,13.52,13.53,5120.0
2025-12-29 21:30:00+00:00,13.53,13.54,13.53,13.54,2455.0
2025-12-29 21:35:00+00:00,13.55,13.55,13.53,13.53,9363.0
2025-12-29 21:40:00+00:00,13.54,13.54,13.51,13.5299,3491.0
2025-12-29 21:45:00+00:00,13.5297,13.54,13.52,13.53,4613.0
2025-12-29 21:50:00+00:00,13.54,13.55,13.54,13.54,10159.0
2025-12-29 21:55:00+00:00,13.55,13.55,13.54,13.55,2756.0
2025-12-29 22:00:00+00:00,13.55,13.55,13.54,13.54,1277.0
2025-12-29 22:05:00+00:00,13.55,13.55,13.54,13.55,4020.0
2025-12-29 22:10:00+00:00,13.54,13.56,13.54,13.55,3236.0
2025-12-29 22:15:00+00:00,13.56,13.56,13.53,13.53,3944.0
2025-12-29 22:20:00+00:00,13.53,13.54,13.53,13.53,1450.0
2025-12-29 22:25:00+00:00,13.53,13.53,13.51,13.52,9981.0
2025-12-29 22:30:00+00:00,13.52,13.54,13.51,13.53,5606.0
2025-12-29 22:35:00+00:00,13.54,13.54,13.53,13.54,2998.0
2025-12-29 22:40:00+00:00,13.54,13.54,13.53,13.53,1631.0
2025-12-29 22:45:00+00:00,13.53,13.54,13.53,13.53,2129.0
2025-12-29 22:50:00+00:00,13.53,13.53,13.52,13.52,2130.0
2025-12-29 22:55:00+00:00,13.52,13.52,13.51,13.51,4830.0
2025-12-29 23:00:00+00:00,13.53,13.53,13.52,13.52,4168.0
2025-12-29 23:05:00+00:00,13.53,13.53,13.53,13.53,1747.0
2025-12-29 23:10:00+00:00,13.53,13.54,13.52,13.53,1787.0
2025-12-29 23:15:00+00:00,13.53,13.54,13.51,13.51,10860.0
2025-12-29 23:20:00+00:00,13.52,13.53,13.52,13.52,957.0
2025-12-29 23:25:00+00:00,13.52,13.5201,13.52,13.5201,936.0
2025-12-29 23:30:00+00:00,13.5232,13.53,13.5232,13.53,391.0
2025-12-29 23:35:00+00:00,13.53,13.53,13.52,13.5201,983.0
2025-12-29 23:40:00+00:00,13.54,13.54,13.52,13.5391,1835.0
2025-12-29 23:45:00+00:00,13.54,13.54,13.54,13.54,193.0
2025-12-29 23:55:00+00:00,13.53,13.53,13.53,13.53,1278.0
2025-12-30 00:05:00+00:00,13.54,13.54,13.52,13.525,1388.0
2025-12-30 00:10:00+00:00,13.52,13.52,13.5,13.5,11873.0
2025-12-30 00:15:00+00:00,13.51,13.53,13.51,13.53,2868.0
2025-12-30 00:20:00+00:00,13.53,13.53,13.53,13.53,1031.0
2025-12-30 00:25:00+00:00,13.53,13.53,13.53,13.53,954.0
2025-12-30 00:30:00+00:00,13.52,13.53,13.52,13.53,1246.0
2025-12-30 00:35:00+00:00,13.53,13.53,13.52,13.52,2496.0
2025-12-30 00:40:00+00:00,13.5284,13.5284,13.5,13.5,1734.0
2025-12-30 00:45:00+00:00,13.51,13.53,13.5056,13.52,3506.0
2025-12-30 00:55:00+00:00,13.51,13.51,13.51,13.51,102.0
2025-12-30 09:00:00+00:00,13.6,13.64,13.6,13.6,1795.0
2025-12-30 09:05:00+00:00,13.62,13.62,13.62,13.62,411.0
2025-12-30 09:10:00+00:00,13.61,13.61,13.61,13.61,1275.0
2025-12-30 09:20:00+00:00,13.62,13.62,13.61,13.62,1423.0
2025-12-30 09:30:00+00:00,13.62,13.62,13.62,13.62,215.0
2025-12-30 09:35:00+00:00,13.63,13.65,13.63,13.65,2223.0
2025-12-30 09:40:00+00:00,13.65,13.65,13.65,13.65,224.0
2025-12-30 09:45:00+00:00,13.65,13.65,13.65,13.65,240.0
2025-12-30 09:50:00+00:00,13.65,13.65,13.64,13.64,1937.0
2025-12-30 09:55:00+00:00,13.66,13.66,13.66,13.66,135.0
2025-12-30 10:00:00+00:00,13.65,13.65,13.65,13.65,3559.0
2025-12-30 10:05:00+00:00,13.64,13.64,13.64,13.64,1443.0
2025-12-30 10:10:00+00:00,13.66,13.66,13.66,13.66,520.0
2025-12-30 10:15:00+00:00,13.64,13.65,13.64,13.65,1174.0
2025-12-30 10:20:00+00:00,13.65,13.67,13.65,13.66,2332.0
2025-12-30 10:25:00+00:00,13.66,13.66,13.66,13.66,4147.0
2025-12-30 10:30:00+00:00,13.65,13.66,13.64,13.65,5264.0
2025-12-30 10:35:00+00:00,13.64,13.64,13.64,13.64,1514.0
2025-12-30 10:45:00+00:00,13.67,13.69,13.67,13.68,3049.0
2025-12-30 10:55:00+00:00,13.68,13.68,13.68,13.68,1004.0
2025-12-30 11:00:00+00:00,13.68,13.68,13.66,13.66,1886.0
2025-12-30 11:05:00+00:00,13.675,13.675,13.62,13.62,13587.0
2025-12-30 11:10:00+00:00,13.64,13.64,13.64,13.64,650.0
2025-12-30 11:15:00+00:00,13.65,13.65,13.65,13.65,109.0
2025-12-30 11:20:00+00:00,13.66,13.66,13.66,13.66,1000.0
2025-12-30 11:30:00+00:00,13.66,13.66,13.66,13.66,238.0
2025-12-30 11:35:00+00:00,13.66,13.66,13.66,13.66,385.0
2025-12-30 11:40:00+00:00,13.66,13.67,13.65,13.67,3039.0
2025-12-30 11:45:00+00:00,13.67,13.69,13.66,13.69,4802.0
2025-12-30 11:55:00+00:00,13.69,13.69,13.69,13.69,1128.0
2025-12-30 12:00:00+00:00,13.69,13.69,13.66,13.67,4900.0
2025-12-30 12:05:00+00:00,13.671,13.671,13.65,13.665,8336.0
2025-12-30 12:10:00+00:00,13.68,13.68,13.665,13.679,621.0
2025-12-30 12:15:00+00:00,13.67,13.68,13.67,13.68,1339.0
2025-12-30 12:20:00+00:00,13.67,13.67,13.66,13.66,1330.0
2025-12-30 12:30:00+00:00,13.67,13.67,13.67,13.67,704.0
2025-12-30 12:35:00+00:00,13.66,13.67,13.63,13.67,6203.0
2025-12-30 12:45:00+00:00,13.665,13.665,13.65,13.65,1782.0
2025-12-30 12:50:00+00:00,13.659,13.659,13.659,13.659,306.0
2025-12-30 12:55:00+00:00,13.65,13.65,13.64,13.64,1893.0
2025-12-30 13:00:00+00:00,13.69,13.6995,13.6,13.64,102266.0
2025-12-30 13:05:00+00:00,13.6405,13.6405,13.62,13.63,5227.0
2025-12-30 13:10:00+00:00,13.65,13.65,13.6403,13.65,3170.0
2025-12-30 13:15:00+00:00,13.66,13.66,13.64,13.64,1829.0
2025-12-30 13:20:00+00:00,13.62,13.64,13.62,13.63,5693.0
2025-12-30 13:25:00+00:00,13.6291,13.65,13.62,13.6305,10570.0
2025-12-30 13:30:00+00:00,13.63,13.63,13.61,13.62,4015.0
2025-12-30 13:35:00+00:00,13.6189,13.62,13.6,13.6,18331.0
2025-12-30 13:40:00+00:00,13.6099,13.6099,13.6,13.6,3641.0
2025-12-30 13:45:00+00:00,13.61,13.62,13.61,13.62,4675.0
2025-12-30 13:50:00+00:00,13.61,13.6198,13.6,13.6168,9073.0
2025-12-30 13:55:00+00:00,13.619,13.62,13.61,13.62,5536.0
2025-12-30 14:00:00+00:00,13.6214,13.6214,13.6,13.61,5929.0
2025-12-30 14:05:00+00:00,13.6005,13.62,13.6005,13.61,6270.0
2025-12-30 14:10:00+00:00,13.61,13.61,13.6,13.6,6664.0
2025-12-30 14:15:00+00:00,13.61,13.61,13.6,13.6,4559.0
2025-12-30 14:20:00+00:00,13.6,13.6118,13.59,13.6,7215.0
2025-12-30 14:25:00+00:00,13.6,13.6,13.56,13.56,29052.0
2025-12-30 14:30:00+00:00,13.57,13.64,13.5143,13.515,406896.0
2025-12-30 14:35:00+00:00,13.5102,13.5666,13.475,13.505,307333.0
2025-12-30 14:40:00+00:00,13.5,13.51,13.43,13.46,178003.0
2025-12-30 14:45:00+00:00,13.46,13.4655,13.385,13.425,338408.0
2025-12-30 14:50:00+00:00,13.425,13.51,13.41,13.46,201182.0
2025-12-30 14:55:00+00:00,13.465,13.51,13.42,13.485,181962.0
2025-12-30 15:00:00+00:00,13.485,13.5,13.38,13.39,253003.0
2025-12-30 15:05:00+00:00,13.39,13.4,13.35,13.37,272956.0
2025-12-30 15:10:00+00:00,13.365,13.37,13.2914,13.3131,274439.0
2025-12-30 15:15:00+00:00,13.315,13.38,13.31,13.375,153196.0
2025-12-30 15:20:00+00:00,13.375,13.415,13.3601,13.395,143845.0
2025-12-30 15:25:00+00:00,13.3918,13.44,13.375,13.41,178797.0
2025-12-30 15:30:00+00:00,13.405,13.4068,13.37,13.38,134876.0
2025-12-30 15:35:00+00:00,13.39,13.4495,13.38,13.4375,177656.0
2025-12-30 15:40:00+00:00,13.4388,13.45,13.4,13.43,235678.0
2025-12-30 15:45:00+00:00,13.44,13.445,13.415,13.4307,105469.0
2025-12-30 15:50:00+00:00,13.435,13.49,13.4201,13.465,218351.0
2025-12-30 15:55:00+00:00,13.465,13.54,13.44,13.53,280219.0
2025-12-30 16:00:00+00:00,13.535,13.5699,13.48,13.49,152657.0
2025-12-30 16:05:00+00:00,13.495,13.51,13.44,13.465,480106.0
2025-12-30 16:10:00+00:00,13.465,13.47,13.4,13.412,202139.0
2025-12-30 16:15:00+00:00,13.415,13.5,13.41,13.475,577105.0
2025-12-30 16:20:00+00:00,13.48,13.53,13.48,13.515,142518.0
2025-12-30 16:25:00+00:00,13.5157,13.54,13.5,13.525,99164.0
2025-12-30 16:30:00+00:00,13.525,13.55,13.525,13.525,63147.0
2025-12-30 16:35:00+00:00,13.52,13.52,13.4745,13.48,119334.0
2025-12-30 16:40:00+00:00,13.485,13.53,13.4746,13.515,129795.0
2025-12-30 16:45:00+00:00,13.52,13.545,13.51,13.5289,108864.0
2025-12-30 16:50:00+00:00,13.5227,13.53,13.48,13.48,146454.0
2025-12-30 16:55:00+00:00,13.49,13.5132,13.47,13.47,128797.0
2025-12-30 17:00:00+00:00,13.47,13.495,13.46,13.48,144489.0
2025-12-30 17:05:00+00:00,13.48,13.495,13.47,13.4756,156418.0
2025-12-30 17:10:00+00:00,13.48,13.495,13.47,13.475,113411.0
2025-12-30 17:15:00+00:00,13.475,13.48,13.45,13.456,78714.0
2025-12-30 17:20:00+00:00,13.455,13.455,13.425,13.435,76217.0
2025-12-30 17:25:00+00:00,13.4399,13.445,13.4001,13.415,101293.0
2025-12-30 17:30:00+00:00,13.415,13.455,13.41,13.45,130311.0
2025-12-30 17:35:00+00:00,13.455,13.4599,13.435,13.455,111542.0
2025-12-30 17:40:00+00:00,13.4505,13.46,13.44,13.445,92168.0
2025-12-30 17:45:00+00:00,13.445,13.45,13.41,13.418,113034.0
2025-12-30 17:50:00+00:00,13.4169,13.4399,13.4143,13.4301,218661.0
2025-12-30 17:55:00+00:00,13.43,13.4358,13.41,13.41,153467.0
2025-12-30 18:00:00+00:00,13.415,13.415,13.38,13.405,168099.0
2025-12-30 18:05:00+00:00,13.41,13.44,13.405,13.425,247649.0
2025-12-30 18:10:00+00:00,13.425,13.435,13.405,13.405,152262.0
2025-12-30 18:15:00+00:00,13.41,13.43,13.405,13.41,120466.0
2025-12-30 18:20:00+00:00,13.415,13.42,13.4098,13.41,86289.0
2025-12-30 18:25:00+00:00,13.415,13.42,13.375,13.375,83396.0
2025-12-30 18:30:00+00:00,13.375,13.39,13.365,13.365,109654.0
2025-12-30 18:35:00+00:00,13.36,13.38,13.33,13.335,164524.0
2025-12-30 18:40:00+00:00,13.33,13.34,13.32,13.33,105205.0
2025-12-30 18:45:00+00:00,13.33,13.345,13.325,13.3356,132516.0
2025-12-30 18:50:00+00:00,13.335,13.365,13.33,13.335,165482.0
2025-12-30 18:55:00+00:00,13.335,13.335,13.32,13.33,100977.0
2025-12-30 19:00:00+00:00,13.325,13.34,13.3,13.305,110356.0
2025-12-30 19:05:00+00:00,13.3,13.31,13.27,13.28,203972.0
2025-12-30 19:10:00+00:00,13.275,13.297,13.25,13.26,287824.0
2025-12-30 19:15:00+00:00,13.2647,13.2688,13.22,13.24,202867.0
2025-12-30 19:20:00+00:00,13.24,13.285,13.24,13.28,177279.0
2025-12-30 19:25:00+00:00,13.285,13.29,13.27,13.2793,181813.0
2025-12-30 19:30:00+00:00,13.2799,13.29,13.264,13.276,170712.0
2025-12-30 19:35:00+00:00,13.275,13.3,13.27,13.29,106641.0
2025-12-30 19:40:00+00:00,13.295,13.3153,13.2828,13.2899,313496.0
2025-12-30 19:45:00+00:00,13.2885,13.29,13.25,13.25,127076.0
2025-12-30 19:50:00+00:00,13.25,13.2668,13.24,13.245,204734.0
2025-12-30 19:55:00+00:00,13.2499,13.2586,13.23,13.24,109664.0
2025-12-30 20:00:00+00:00,13.24,13.24,13.19,13.215,411567.0
2025-12-30 20:05:00+00:00,13.2114,13.2198,13.18,13.205,294873.0
2025-12-30 20:10:00+00:00,13.205,13.218,13.16,13.175,341640.0
2025-12-30 20:15:00+00:00,13.17,13.23,13.17,13.2203,201750.0
2025-12-30 20:20:00+00:00,13.225,13.24,13.215,13.23,183652.0
2025-12-30 20:25:00+00:00,13.225,13.25,13.22,13.225,295054.0
2025-12-30 20:30:00+00:00,13.23,13.24,13.21,13.24,228565.0
2025-12-30 20:35:00+00:00,13.235,13.24,13.21,13.216,214143.0
2025-12-30 20:40:00+00:00,13.215,13.236,13.211,13.2303,308949.0
2025-12-30 20:45:00+00:00,13.24,13.25,13.22,13.235,310371.0
2025-12-30 20:50:00+00:00,13.23,13.235,13.195,13.2,529851.0
2025-12-30 20:55:00+00:00,13.21,13.27,13.19,13.22,1048867.0
2025-12-30 21:00:00+00:00,13.22,13.27,13.22,13.24,831014.0
2025-12-30 21:05:00+00:00,13.25,13.26,13.25,13.25,1828.0
2025-12-30 21:10:00+00:00,13.25,13.25,13.23,13.25,2327.0
2025-12-30 21:15:00+00:00,13.25,13.26,13.24,13.25,6257.0
2025-12-30 21:20:00+00:00,13.25,13.26,13.23,13.26,3848.0
2025-12-30 21:25:00+00:00,13.26,13.26,13.25,13.26,5395.0
2025-12-30 21:30:00+00:00,13.2516,13.26,13.25,13.26,3889.0
2025-12-30 21:35:00+00:00,13.25,13.26,13.25,13.25,6100.0
2025-12-30 21:40:00+00:00,13.26,13.26,13.25,13.25,11399.0
2025-12-30 21:45:00+00:00,13.26,13.26,13.24,13.26,6003.0
2025-12-30 21:50:00+00:00,13.26,13.26,13.24,13.24,3035.0
2025-12-30 21:55:00+00:00,13.24,13.25,13.24,13.2497,911.0
2025-12-30 22:00:00+00:00,13.24,13.25,13.24,13.25,2111.0
2025-12-30 22:05:00+00:00,13.23,13.2401,13.23,13.2401,1614.0
2025-12-30 22:10:00+00:00,13.24,13.26,13.24,13.25,3966.0
2025-12-30 22:15:00+00:00,13.26,13.26,13.25,13.25,1814.0
2025-12-30 22:20:00+00:00,13.26,13.26,13.25,13.25,1694.0
2025-12-30 22:25:00+00:00,13.25,13.27,13.25,13.27,3487.0
2025-12-30 22:30:00+00:00,13.27,13.27,13.27,13.27,328.0
2025-12-30 22:35:00+00:00,13.26,13.2699,13.26,13.2602,898.0
2025-12-30 22:40:00+00:00,13.27,13.27,13.26,13.26,1048.0
2025-12-30 22:45:00+00:00,13.27,13.27,13.26,13.27,1709.0
2025-12-30 22:50:00+00:00,13.27,13.27,13.26,13.26,2402.0
2025-12-30 22:55:00+00:00,13.26,13.27,13.26,13.26,749.0
2025-12-30 23:05:00+00:00,13.2798,13.2798,13.2798,13.2798,112.0
2025-12-30 23:10:00+00:00,13.2701,13.28,13.27,13.2784,1338.0
2025-12-30 23:15:00+00:00,13.28,13.29,13.27,13.27,1929.0
2025-12-30 23:20:00+00:00,13.28,13.28,13.28,13.28,638.0
2025-12-30 23:30:00+00:00,13.28,13.28,13.28,13.28,775.0
2025-12-30 23:35:00+00:00,13.28,13.28,13.28,13.28,265.0
2025-12-30 23:40:00+00:00,13.27,13.27,13.27,13.27,658.0
2025-12-30 23:45:00+00:00,13.27,13.2799,13.27,13.2799,357.0
2025-12-30 23:50:00+00:00,13.27,13.27,13.26,13.27,1769.0
2025-12-30 23:55:00+00:00,13.27,13.27,13.27,13.27,349.0
2025-12-31 00:00:00+00:00,13.27,13.27,13.26,13.27,1796.0
2025-12-31 00:05:00+00:00,13.26,13.26,13.26,13.26,326.0
2025-12-31 00:10:00+00:00,13.26,13.28,13.26,13.28,1586.0
2025-12-31 00:15:00+00:00,13.27,13.27,13.27,13.27,492.0
2025-12-31 00:20:00+00:00,13.2699,13.27,13.2699,13.27,565.0
2025-12-31 00:25:00+00:00,13.27,13.27,13.27,13.27,121.0
2025-12-31 00:30:00+00:00,13.28,13.28,13.28,13.28,206.0
2025-12-31 00:35:00+00:00,13.2799,13.28,13.27,13.27,1044.0
2025-12-31 00:40:00+00:00,13.28,13.28,13.27,13.27,693.0
2025-12-31 00:45:00+00:00,13.2787,13.28,13.25,13.26,6125.0
2025-12-31 00:50:00+00:00,13.2799,13.28,13.25,13.25,3348.0
2025-12-31 00:55:00+00:00,13.23,13.2491,13.23,13.2491,2226.0
2025-12-31 09:00:00+00:00,13.25,13.26,13.24,13.25,2650.0
2025-12-31 09:10:00+00:00,13.27,13.27,13.27,13.27,606.0
2025-12-31 09:30:00+00:00,13.27,13.28,13.27,13.27,1303.0
2025-12-31 09:35:00+00:00,13.28,13.28,13.28,13.28,1204.0
2025-12-31 09:40:00+00:00,13.29,13.29,13.29,13.29,240.0
2025-12-31 09:50:00+00:00,13.28,13.28,13.27,13.27,4144.0
2025-12-31 09:55:00+00:00,13.28,13.28,13.28,13.28,220.0
2025-12-31 10:00:00+00:00,13.27,13.27,13.27,13.27,296.0
2025-12-31 10:05:00+00:00,13.28,13.28,13.27,13.27,2234.0
2025-12-31 10:15:00+00:00,13.27,13.27,13.26,13.26,1123.0
2025-12-31 10:25:00+00:00,13.26,13.26,13.26,13.26,464.0
2025-12-31 10:30:00+00:00,13.265,13.265,13.26,13.26,2018.0
2025-12-31 10:35:00+00:00,13.26,13.26,13.26,13.26,364.0
2025-12-31 10:40:00+00:00,13.27,13.27,13.26,13.26,2992.0
2025-12-31 11:00:00+00:00,13.26,13.26,13.26,13.26,404.0
2025-12-31 11:10:00+00:00,13.25,13.255,13.23,13.255,2696.0
2025-12-31 11:15:00+00:00,13.25,13.25,13.25,13.25,2813.0
2025-12-31 11:35:00+00:00,13.27,13.27,13.26,13.27,395.0
2025-12-31 11:40:00+00:00,13.27,13.27,13.27,13.27,992.0
2025-12-31 11:45:00+00:00,13.275,13.28,13.275,13.28,693.0
2025-12-31 12:00:00+00:00,13.3,13.3,13.27,13.27,2073.0
2025-12-31 12:05:00+00:00,13.27,13.27,13.27,13.27,580.0
2025-12-31 12:10:00+00:00,13.279,13.279,13.279,13.279,100.0
2025-12-31 12:20:00+00:00,13.28,13.28,13.26,13.26,1797.0
2025-12-31 12:25:00+00:00,13.26,13.27,13.26,13.27,766.0
2025-12-31 12:30:00+00:00,13.27,13.27,13.261,13.261,822.0
2025-12-31 12:35:00+00:00,13.26,13.27,13.26,13.27,453.0
2025-12-31 12:40:00+00:00,13.26,13.26,13.26,13.26,1384.0
2025-12-31 13:00:00+00:00,13.259,13.31,13.24,13.27,59679.0
2025-12-31 13:05:00+00:00,13.2695,13.27,13.2598,13.27,9183.0
2025-12-31 13:10:00+00:00,13.27,13.28,13.27,13.2795,4402.0
2025-12-31 13:15:00+00:00,13.2795,13.28,13.27,13.2797,10175.0
2025-12-31 13:20:00+00:00,13.2705,13.28,13.27,13.28,4783.0
2025-12-31 13:25:00+00:00,13.28,13.28,13.28,13.28,5896.0
2025-12-31 13:30:00+00:00,13.27,13.29,13.25,13.26,11257.0
2025-12-31 13:35:00+00:00,13.28,13.28,13.2627,13.28,1855.0
2025-12-31 13:40:00+00:00,13.28,13.28,13.2703,13.2703,3341.0
2025-12-31 13:45:00+00:00,13.28,13.29,13.28,13.29,3176.0
2025-12-31 13:50:00+00:00,13.29,13.32,13.28,13.31,6174.0
2025-12-31 13:55:00+00:00,13.31,13.32,13.3097,13.31,7010.0
2025-12-31 14:00:00+00:00,13.31,13.32,13.3,13.31,9004.0
2025-12-31 14:05:00+00:00,13.3,13.3,13.29,13.3,5703.0
2025-12-31 14:10:00+00:00,13.3,13.32,13.28,13.29,18813.0
2025-12-31 14:15:00+00:00,13.29,13.29,13.26,13.26,11627.0
2025-12-31 14:20:00+00:00,13.265,13.2801,13.26,13.2788,13504.0
2025-12-31 14:25:00+00:00,13.27,13.29,13.25,13.25,9697.0
2025-12-31 14:30:00+00:00,13.25,13.335,13.1901,13.235,379573.0
2025-12-31 14:35:00+00:00,13.235,13.275,13.17,13.19,145932.0
2025-12-31 14:40:00+00:00,13.19,13.2,13.13,13.175,275694.0
2025-12-31 14:45:00+00:00,13.175,13.18,13.1,13.125,290910.0
2025-12-31 14:50:00+00:00,13.125,13.2,13.12,13.155,178706.0
2025-12-31 14:55:00+00:00,13.1545,13.21,13.1545,13.205,128608.0
2025-12-31 15:00:00+00:00,13.205,13.26,13.18,13.215,165038.0
2025-12-31 15:05:00+00:00,13.21,13.2399,13.19,13.215,110738.0
2025-12-31 15:10:00+00:00,13.2157,13.22,13.17,13.1963,147157.0
2025-12-31 15:15:00+00:00,13.2,13.2099,13.15,13.1744,146041.0
2025-12-31 15:20:00+00:00,13.175,13.19,13.145,13.165,125563.0
2025-12-31 15:25:00+00:00,13.165,13.215,13.16,13.2,113300.0
2025-12-31 15:30:00+00:00,13.205,13.22,13.18,13.19,90682.0
2025-12-31 15:35:00+00:00,13.2,13.25,13.18,13.25,100183.0
2025-12-31 15:40:00+00:00,13.245,13.26,13.225,13.245,78073.0
2025-12-31 15:45:00+00:00,13.245,13.26,13.22,13.245,90355.0
2025-12-31 15:50:00+00:00,13.2457,13.25,13.18,13.185,142214.0
2025-12-31 15:55:00+00:00,13.185,13.205,13.165,13.195,110705.0
2025-12-31 16:00:00+00:00,13.195,13.2,13.16,13.185,99529.0
2025-12-31 16:05:00+00:00,13.1886,13.2,13.165,13.19,81682.0
2025-12-31 16:10:00+00:00,13.19,13.2,13.18,13.185,66823.0
2025-12-31 16:15:00+00:00,13.19,13.23,13.18,13.224,112336.0
2025-12-31 16:20:00+00:00,13.23,13.27,13.23,13.255,75152.0
2025-12-31 16:25:00+00:00,13.255,13.26,13.21,13.215,116465.0
2025-12-31 16:30:00+00:00,13.215,13.23,13.2,13.2053,90372.0
2025-12-31 16:35:00+00:00,13.205,13.23,13.2,13.2201,99276.0
2025-12-31 16:40:00+00:00,13.225,13.235,13.21,13.2151,85458.0
2025-12-31 16:45:00+00:00,13.215,13.22,13.19,13.195,89227.0
2025-12-31 16:50:00+00:00,13.195,13.22,13.19,13.22,77396.0
2025-12-31 16:55:00+00:00,13.215,13.22,13.2,13.205,56873.0
2025-12-31 17:00:00+00:00,13.2,13.205,13.17,13.195,164501.0
2025-12-31 17:05:00+00:00,13.195,13.205,13.18,13.2,130046.0
2025-12-31 17:10:00+00:00,13.195,13.2309,13.18,13.2309,158048.0
2025-12-31 17:15:00+00:00,13.23,13.2301,13.2112,13.225,90212.0
2025-12-31 17:20:00+00:00,13.225,13.24,13.2148,13.235,189120.0
2025-12-31 17:25:00+00:00,13.235,13.2355,13.21,13.215,33685.0
2025-12-31 17:30:00+00:00,13.2199,13.24,13.21,13.24,82762.0
2025-12-31 17:35:00+00:00,13.2372,13.26,13.22,13.235,135271.0
2025-12-31 17:40:00+00:00,13.23,13.235,13.22,13.225,101187.0
2025-12-31 17:45:00+00:00,13.23,13.24,13.215,13.23,137889.0
2025-12-31 17:50:00+00:00,13.2267,13.25,13.21,13.25,179370.0
2025-12-31 17:55:00+00:00,13.2439,13.2686,13.2439,13.2568,228809.0
2025-12-31 18:00:00+00:00,13.255,13.2588,13.2339,13.25,123287.0
2025-12-31 18:05:00+00:00,13.2458,13.285,13.235,13.265,298870.0
2025-12-31 18:10:00+00:00,13.265,13.28,13.26,13.2707,139715.0
2025-12-31 18:15:00+00:00,13.27,13.27,13.24,13.245,186236.0
2025-12-31 18:20:00+00:00,13.24,13.25,13.21,13.215,375471.0
2025-12-31 18:25:00+00:00,13.215,13.2255,13.2,13.205,151257.0
2025-12-31 18:30:00+00:00,13.205,13.23,13.205,13.225,98402.0
2025-12-31 18:35:00+00:00,13.2255,13.23,13.2,13.21,145462.0
2025-12-31 18:40:00+00:00,13.205,13.22,13.19,13.205,171993.0
2025-12-31 18:45:00+00:00,13.2061,13.2151,13.19,13.195,84570.0
2025-12-31 18:50:00+00:00,13.19,13.1999,13.16,13.1836,128496.0
2025-12-31 18:55:00+00:00,13.1866,13.205,13.18,13.185,227298.0
2025-12-31 19:00:00+00:00,13.185,13.2,13.18,13.1901,152370.0
2025-12-31 19:05:00+00:00,13.1961,13.1961,13.15,13.165,186551.0
2025-12-31 19:10:00+00:00,13.165,13.1865,13.155,13.175,157914.0
2025-12-31 19:15:00+00:00,13.175,13.175,13.14,13.14,169310.0
2025-12-31 19:20:00+00:00,13.15,13.16,13.13,13.145,273108.0
2025-12-31 19:25:00+00:00,13.1445,13.15,13.13,13.15,79967.0
2025-12-31 19:30:00+00:00,13.145,13.15,13.08,13.085,189989.0
2025-12-31 19:35:00+00:00,13.09,13.1053,13.08,13.095,168144.0
2025-12-31 19:40:00+00:00,13.095,13.1199,13.0901,13.1098,156711.0
2025-12-31 19:45:00+00:00,13.105,13.11,13.05,13.055,135725.0
2025-12-31 19:50:00+00:00,13.055,13.07,13.05,13.0622,152234.0
2025-12-31 19:55:00+00:00,13.065,13.07,13.045,13.065,148000.0
2025-12-31 20:00:00+00:00,13.065,13.075,13.03,13.055,232698.0
2025-12-31 20:05:00+00:00,13.055,13.06,13.02,13.0297,167640.0
2025-12-31 20:10:00+00:00,13.025,13.03,12.99,13.005,527790.0
2025-12-31 20:15:00+00:00,13.005,13.05,13.0,13.035,205357.0
2025-12-31 20:20:00+00:00,13.0344,13.04,13.0,13.005,200479.0
2025-12-31 20:25:00+00:00,13.005,13.03,13.005,13.015,157966.0
2025-12-31 20:30:00+00:00,13.01,13.05,13.0,13.03,208622.0
2025-12-31 20:35:00+00:00,13.03,13.05,13.02,13.035,183468.0
2025-12-31 20:40:00+00:00,13.0387,13.09,13.025,13.0899,279485.0
2025-12-31 20:45:00+00:00,13.085,13.115,13.085,13.1055,218593.0
2025-12-31 20:50:00+00:00,13.1,13.1,13.055,13.09,432144.0
2025-12-31 20:55:00+00:00,13.09,13.2267,13.08,13.195,1281026.0
2025-12-31 21:00:00+00:00,13.19,13.32,13.19,13.2001,2236939.0
2025-12-31 21:05:00+00:00,13.24,13.24,13.2106,13.2106,4044.0
2025-12-31 21:10:00+00:00,13.21,13.22,13.21,13.2199,5907.0
2025-12-31 21:15:00+00:00,13.22,13.22,13.21,13.21,3464.0
2025-12-31 21:20:00+00:00,13.22,13.22,13.21,13.21,2397.0
2025-12-31 21:25:00+00:00,13.21,13.22,13.21,13.21,985.0
2025-12-31 21:30:00+00:00,13.22,13.22,13.2101,13.22,2521.0
2025-12-31 21:35:00+00:00,13.22,13.22,13.2103,13.2103,713.0
2025-12-31 21:40:00+00:00,13.21,13.21,13.21,13.21,355.0
2025-12-31 21:45:00+00:00,13.21,13.22,13.19,13.19,22444.0
2025-12-31 21:50:00+00:00,13.1899,13.19,13.18,13.19,16875.0
2025-12-31 21:55:00+00:00,13.19,13.19,13.17,13.17,3012.0
2025-12-31 22:00:00+00:00,13.17,13.22,13.17,13.22,12032.0
2025-12-31 22:05:00+00:00,13.22,13.22,13.22,13.22,134.0
2025-12-31 22:10:00+00:00,13.22,13.22,13.22,13.22,882.0
2025-12-31 22:15:00+00:00,13.22,13.22,13.21,13.2101,2169.0
2025-12-31 22:20:00+00:00,13.22,13.22,13.22,13.22,818.0
2025-12-31 22:25:00+00:00,13.22,13.22,13.22,13.22,196.0
2025-12-31 22:30:00+00:00,13.23,13.23,13.22,13.23,2175.0
2025-12-31 22:35:00+00:00,13.22,13.22,13.22,13.22,207.0
2025-12-31 22:45:00+00:00,13.23,13.23,13.23,13.23,1613.0
2025-12-31 22:50:00+00:00,13.24,13.24,13.24,13.24,242.0
2025-12-31 22:55:00+00:00,13.24,13.3,13.24,13.2992,5080.0
2025-12-31 23:00:00+00:00,13.27,13.2702,13.27,13.27,5283.0
2025-12-31 23:10:00+00:00,13.2705,13.3,13.2705,13.3,5753.0
2025-12-31 23:15:00+00:00,13.28,13.28,13.26,13.26,446.0
2025-12-31 23:20:00+00:00,13.25,13.25,13.25,13.25,112.0
2025-12-31 23:25:00+00:00,13.26,13.26,13.26,13.26,100.0
2025-12-31 23:30:00+00:00,13.258,13.258,13.2504,13.2504,227.0
2025-12-31 23:35:00+00:00,13.26,13.26,13.25,13.25,1165.0
2025-12-31 23:40:00+00:00,13.28,13.28,13.2775,13.2775,610.0
2025-12-31 23:45:00+00:00,13.28,13.28,13.28,13.28,2212.0
2025-12-31 23:50:00+00:00,13.2702,13.29,13.2702,13.28,1611.0
2025-12-31 23:55:00+00:00,13.2999,13.3,13.28,13.28,10402.0
2026-01-01 00:00:00+00:00,13.27,13.28,13.27,13.28,1221.0
2026-01-01 00:05:00+00:00,13.28,13.28,13.26,13.2601,3399.0
2026-01-01 00:10:00+00:00,13.27,13.27,13.25,13.25,667.0
2026-01-01 00:15:00+00:00,13.2671,13.2671,13.26,13.26,307.0
2026-01-01 00:20:00+00:00,13.27,13.27,13.27,13.27,250.0
2026-01-01 00:25:00+00:00,13.2532,13.2532,13.25,13.25,643.0
2026-01-01 00:35:00+00:00,13.27,13.27,13.27,13.27,222.0
2026-01-01 00:40:00+00:00,13.25,13.26,13.25,13.26,963.0
2026-01-01 00:45:00+00:00,13.2684,13.27,13.2684,13.27,391.0
2026-01-01 00:50:00+00:00,13.26,13.26,13.2565,13.2565,836.0
2026-01-01 00:55:00+00:00,13.22,13.22,13.22,13.22,1000.0
2026-01-02 09:00:00+00:00,13.4,13.55,13.4,13.54,2902.0
2026-01-02 09:05:00+00:00,13.54,13.55,13.54,13.54,2995.0
2026-01-02 09:10:00+00:00,13.55,13.55,13.54,13.54,1962.0
2026-01-02 09:15:00+00:00,13.54,13.54,13.54,13.54,1127.0
2026-01-02 09:20:00+00:00,13.53,13.54,13.53,13.54,2224.0
2026-01-02 09:25:00+00:00,13.55,13.55,13.54,13.54,1103.0
2026-01-02 09:30:00+00:00,13.54,13.55,13.54,13.55,1875.0
2026-01-02 09:35:00+00:00,13.55,13.55,13.54,13.54,2877.0
2026-01-02 09:40:00+00:00,13.54,13.56,13.54,13.56,3680.0
2026-01-02 09:45:00+00:00,13.55,13.55,13.55,13.55,675.0
2026-01-02 09:50:00+00:00,13.55,13.56,13.54,13.56,1982.0
2026-01-02 09:55:00+00:00,13.57,13.57,13.57,13.57,501.0
2026-01-02 10:00:00+00:00,13.57,13.57,13.56,13.56,1757.0
2026-01-02 10:05:00+00:00,13.57,13.57,13.55,13.55,2080.0
2026-01-02 10:15:00+00:00,13.56,13.57,13.56,13.57,944.0
2026-01-02 10:20:00+00:00,13.56,13.58,13.55,13.58,2761.0
2026-01-02 10:30:00+00:00,13.58,13.58,13.58,13.58,110.0
2026-01-02 10:40:00+00:00,13.59,13.59,13.59,13.59,611.0
2026-01-02 10:45:00+00:00,13.6,13.61,13.6,13.61,4904.0
2026-01-02 10:50:00+00:00,13.62,13.62,13.6,13.6,3009.0
2026-01-02 11:00:00+00:00,13.6,13.63,13.6,13.63,1467.0
2026-01-02 11:05:00+00:00,13.62,13.64,13.61,13.63,3468.0
2026-01-02 11:10:00+00:00,13.63,13.63,13.61,13.61,2792.0
2026-01-02 11:15:00+00:00,13.61,13.61,13.61,13.61,1034.0
2026-01-02 11:25:00+00:00,13.61,13.61,13.58,13.58,6175.0
2026-01-02 11:35:00+00:00,13.58,13.59,13.58,13.59,1210.0
2026-01-02 11:40:00+00:00,13.6,13.6,13.6,13.6,1066.0
2026-01-02 11:50:00+00:00,13.59,13.59,13.59,13.59,1202.0
2026-01-02 11:55:00+00:00,13.58,13.58,13.58,13.58,476.0
2026-01-02 12:00:00+00:00,13.58,13.58,13.535,13.54,11135.0
2026-01-02 12:05:00+00:00,13.54,13.54,13.54,13.54,184.0
2026-01-02 12:10:00+00:00,13.54,13.55,13.54,13.55,2301.0
2026-01-02 12:15:00+00:00,13.56,13.57,13.55,13.55,1928.0
2026-01-02 12:20:00+00:00,13.555,13.555,13.555,13.555,102.0
2026-01-02 12:25:00+00:00,13.56,13.56,13.56,13.56,265.0
2026-01-02 12:30:00+00:00,13.55,13.559,13.55,13.559,2599.0
2026-01-02 12:35:00+00:00,13.55,13.55,13.53,13.54,2410.0
2026-01-02 12:40:00+00:00,13.53,13.54,13.53,13.53,1945.0
2026-01-02 12:45:00+00:00,13.54,13.54,13.54,13.54,842.0
2026-01-02 12:50:00+00:00,13.53,13.531,13.52,13.53,7122.0
2026-01-02 12:55:00+00:00,13.53,13.53,13.52,13.52,2232.0
2026-01-02 13:00:00+00:00,13.5,13.62,13.2,13.2,171054.0
2026-01-02 13:05:00+00:00,13.52,13.53,13.52,13.52,2085.0
2026-01-02 13:10:00+00:00,13.52,13.52,13.505,13.52,3319.0
2026-01-02 13:15:00+00:00,13.5298,13.5298,13.5005,13.52,4436.0
2026-01-02 13:20:00+00:00,13.5187,13.52,13.51,13.51,5909.0
2026-01-02 13:25:00+00:00,13.52,13.5201,13.51,13.51,3514.0
2026-01-02 13:30:00+00:00,13.52,13.52,13.5102,13.5102,3185.0
2026-01-02 13:35:00+00:00,13.51,13.52,13.4802,13.4896,14402.0
2026-01-02 13:40:00+00:00,13.48,13.48,13.45,13.45,17904.0
2026-01-02 13:45:00+00:00,13.46,13.48,13.46,13.48,6147.0
2026-01-02 13:50:00+00:00,13.4799,13.48,13.47,13.47,2698.0
2026-01-02 13:55:00+00:00,13.48,13.5,13.47,13.5,3027.0
2026-01-02 14:00:00+00:00,13.49,13.49,13.47,13.49,5332.0
2026-01-02 14:05:00+00:00,13.49,13.49,13.461,13.461,13496.0
2026-01-02 14:10:00+00:00,13.46,13.47,13.45,13.45,16758.0
2026-01-02 14:15:00+00:00,13.44,13.4511,13.42,13.45,10901.0
2026-01-02 14:20:00+00:00,13.445,13.46,13.4108,13.42,16684.0
2026-01-02 14:25:00+00:00,13.4205,13.47,13.41,13.45,17163.0
2026-01-02 14:30:00+00:00,13.45,13.495,13.23,13.31,679627.0
2026-01-02 14:35:00+00:00,13.31,13.37,13.2,13.345,388729.0
2026-01-02 14:40:00+00:00,13.355,13.42,13.29,13.325,318957.0
2026-01-02 14:45:00+00:00,13.33,13.34,13.275,13.337,334907.0
2026-01-02 14:50:00+00:00,13.3314,13.39,13.29,13.39,300127.0
2026-01-02 14:55:00+00:00,13.385,13.395,13.31,13.315,231239.0
2026-01-02 15:00:00+00:00,13.315,13.41,13.3136,13.375,297091.0
2026-01-02 15:05:00+00:00,13.375,13.375,13.24,13.2975,262097.0
2026-01-02 15:10:00+00:00,13.29,13.31,13.2,13.2261,340668.0
2026-01-02 15:15:00+00:00,13.22,13.3,13.21,13.235,201398.0
2026-01-02 15:20:00+00:00,13.235,13.255,13.195,13.235,287657.0
2026-01-02 15:25:00+00:00,13.235,13.36,13.22,13.355,256389.0
2026-01-02 15:30:00+00:00,13.355,13.54,13.33,13.525,362191.0
2026-01-02 15:35:00+00:00,13.525,13.69,13.525,13.6814,570947.0
2026-01-02 15:40:00+00:00,13.68,13.73,13.645,13.73,529993.0
2026-01-02 15:45:00+00:00,13.721,13.76,13.655,13.68,326419.0
2026-01-02 15:50:00+00:00,13.68,13.72,13.6101,13.68,207802.0
2026-01-02 15:55:00+00:00,13.675,13.725,13.645,13.71,293993.0
2026-01-02 16:00:00+00:00,13.715,13.765,13.64,13.64,304311.0
2026-01-02 16:05:00+00:00,13.645,13.695,13.625,13.6356,174827.0
2026-01-02 16:10:00+00:00,13.635,13.695,13.595,13.685,197746.0
2026-01-02 16:15:00+00:00,13.685,13.735,13.68,13.705,196111.0
2026-01-02 16:20:00+00:00,13.705,13.785,13.675,13.74,182603.0
2026-01-02 16:25:00+00:00,13.74,13.82,13.725,13.75,281690.0
2026-01-02 16:30:00+00:00,13.755,13.785,13.73,13.7681,118933.0
2026-01-02 16:35:00+00:00,13.765,13.775,13.715,13.715,240639.0
2026-01-02 16:40:00+00:00,13.715,13.72,13.68,13.6901,105068.0
2026-01-02 16:45:00+00:00,13.695,13.7,13.6476,13.675,126990.0
2026-01-02 16:50:00+00:00,13.68,13.7176,13.6644,13.695,127771.0
2026-01-02 16:55:00+00:00,13.7,13.7767,13.685,13.76,115390.0
2026-01-02 17:00:00+00:00,13.755,13.8,13.73,13.769,118018.0
2026-01-02 17:05:00+00:00,13.77,13.84,13.77,13.83,277261.0
2026-01-02 17:10:00+00:00,13.83,13.87,13.8,13.86,192814.0
2026-01-02 17:15:00+00:00,13.86,13.93,13.86,13.905,234175.0
2026-01-02 17:20:00+00:00,13.905,13.95,13.8948,13.935,211737.0
2026-01-02 17:25:00+00:00,13.93,13.93,13.87,13.895,195541.0
2026-01-02 17:30:00+00:00,13.89,13.92,13.86,13.87,189153.0
2026-01-02 17:35:00+00:00,13.8756,13.8899,13.85,13.88,212736.0
2026-01-02 17:40:00+00:00,13.88,13.939,13.88,13.895,302554.0
2026-01-02 17:45:00+00:00,13.895,13.9199,13.82,13.8459,205242.0
2026-01-02 17:50:00+00:00,13.845,13.875,13.825,13.8743,175970.0
2026-01-02 17:55:00+00:00,13.875,13.92,13.8701,13.9,133063.0
2026-01-02 18:00:00+00:00,13.905,13.9199,13.84,13.865,119274.0
2026-01-02 18:05:00+00:00,13.87,13.88,13.8306,13.845,108081.0
2026-01-02 18:10:00+00:00,13.85,13.869,13.81,13.82,105544.0
2026-01-02 18:15:00+00:00,13.824,13.885,13.81,13.88,81686.0
2026-01-02 18:20:00+00:00,13.885,13.91,13.86,13.885,91041.0
2026-01-02 18:25:00+00:00,13.89,13.91,13.875,13.895,87957.0
2026-01-02 18:30:00+00:00,13.895,13.92,13.89,13.91,94129.0
2026-01-02 18:35:00+00:00,13.91,13.95,13.9,13.915,144131.0
2026-01-02 18:40:00+00:00,13.915,13.945,13.905,13.9245,121238.0
2026-01-02 18:45:00+00:00,13.93,13.97,13.9,13.9,109304.0
2026-01-02 18:50:00+00:00,13.89,13.9,13.86,13.88,245163.0
2026-01-02 18:55:00+00:00,13.88,13.95,13.87,13.95,176347.0
2026-01-02 19:00:00+00:00,13.95,13.96,13.925,13.95,112746.0
2026-01-02 19:05:00+00:00,13.955,14.035,13.955,14.03,252867.0
2026-01-02 19:10:00+00:00,14.03,14.07,14.02,14.03,214407.0
2026-01-02 19:15:00+00:00,14.04,14.06,14.0,14.02,205191.0
2026-01-02 19:20:00+00:00,14.0199,14.05,13.985,14.05,143542.0
2026-01-02 19:25:00+00:00,14.05,14.08,14.04,14.05,232401.0
2026-01-02 19:30:00+00:00,14.0444,14.115,14.04,14.105,231450.0
2026-01-02 19:35:00+00:00,14.105,14.14,14.0901,14.1251,206470.0
2026-01-02 19:40:00+00:00,14.12,14.15,14.12,14.135,193658.0
2026-01-02 19:45:00+00:00,14.14,14.17,14.08,14.105,282708.0
2026-01-02 19:50:00+00:00,14.11,14.11,14.0201,14.0214,187732.0
2026-01-02 19:55:00+00:00,14.0235,14.1,14.0,14.0401,388947.0
2026-01-02 20:00:00+00:00,14.045,14.1,14.02,14.1,264104.0
2026-01-02 20:05:00+00:00,14.0936,14.095,14.0645,14.065,161462.0
2026-01-02 20:10:00+00:00,14.065,14.1,14.05,14.07,181159.0
2026-01-02 20:15:00+00:00,14.065,14.095,14.0439,14.095,189073.0
2026-01-02 20:20:00+00:00,14.0901,14.125,14.09,14.105,158893.0
2026-01-02 20:25:00+00:00,14.11,14.17,14.11,14.145,376805.0
2026-01-02 20:30:00+00:00,14.145,14.19,14.125,14.185,339875.0
2026-01-02 20:35:00+00:00,14.185,14.24,14.185,14.225,404996.0
2026-01-02 20:40:00+00:00,14.225,14.25,14.21,14.225,171649.0
2026-01-02 20:45:00+00:00,14.225,14.2599,14.225,14.245,357006.0
2026-01-02 20:50:00+00:00,14.24,14.325,14.2,14.275,759909.0
2026-01-02 20:55:00+00:00,14.27,14.395,14.245,14.36,1217865.0
2026-01-02 21:00:00+00:00,14.36,14.4,14.34,14.4,1750362.0
2026-01-02 21:05:00+00:00,14.39,14.4,14.36,14.37,5506.0
2026-01-02 21:10:00+00:00,14.37,14.42,14.37,14.4,12488.0
2026-01-02 21:15:00+00:00,14.4099,14.4099,14.39,14.4,3411.0
2026-01-02 21:20:00+00:00,14.3901,14.4159,14.39,14.3906,12096.0
2026-01-02 21:25:00+00:00,14.39,14.42,14.39,14.42,2509.0
2026-01-02 21:30:00+00:00,14.4,14.42,14.36,14.38,5035.0
2026-01-02 21:35:00+00:00,14.39,14.39,14.36,14.36,7461.0
2026-01-02 21:40:00+00:00,14.37,14.46,14.35,14.44,14944.0
2026-01-02 21:45:00+00:00,14.43,14.43,14.36,14.36,5440.0
2026-01-02 21:50:00+00:00,14.3601,14.37,14.36,14.37,1496.0
2026-01-02 21:55:00+00:00,14.35,14.36,14.35,14.36,2218.0
2026-01-02 22:00:00+00:00,14.35,14.35,14.25,14.31,7721.0
2026-01-02 22:05:00+00:00,14.31,14.32,14.3,14.3,10173.0
2026-01-02 22:10:00+00:00,14.3016,14.32,14.3,14.3,7979.0
2026-01-02 22:15:00+00:00,14.32,14.33,14.32,14.32,5492.0
2026-01-02 22:20:00+00:00,14.33,14.34,14.32,14.34,1071.0
2026-01-02 22:25:00+00:00,14.3202,14.34,14.3202,14.3298,1619.0
2026-01-02 22:30:00+00:00,14.33,14.33,14.3,14.3,1243.0
2026-01-02 22:35:00+00:00,14.3,14.33,14.3,14.3,2383.0
2026-01-02 22:40:00+00:00,14.31,14.31,14.3,14.3,1629.0
2026-01-02 22:45:00+00:00,14.3,14.34,14.3,14.3,859.0
2026-01-02 22:50:00+00:00,14.2902,14.3102,14.2902,14.3102,1752.0
2026-01-02 22:55:00+00:00,14.33,14.34,14.33,14.34,575.0
2026-01-02 23:00:00+00:00,14.32,14.34,14.32,14.3206,2699.0
2026-01-02 23:05:00+00:00,14.34,14.34,14.31,14.31,970.0
2026-01-02 23:10:00+00:00,14.31,14.33,14.2908,14.33,2998.0
2026-01-02 23:15:00+00:00,14.33,14.33,14.33,14.33,245.0
2026-01-02 23:20:00+00:00,14.3297,14.33,14.32,14.33,1641.0
2026-01-02 23:25:00+00:00,14.32,14.3507,14.32,14.35,2315.0
2026-01-02 23:30:00+00:00,14.3513,14.36,14.35,14.36,1703.0
2026-01-02 23:35:00+00:00,14.35,14.36,14.35,14.36,2286.0
2026-01-02 23:40:00+00:00,14.35,14.35,14.28,14.28,7073.0
2026-01-02 23:45:00+00:00,14.2601,14.32,14.2601,14.32,852.0
2026-01-02 23:50:00+00:00,14.31,14.31,14.31,14.31,664.0
2026-01-02 23:55:00+00:00,14.3016,14.3016,14.3,14.3,638.0
2026-01-03 00:00:00+00:00,14.3,14.3,14.3,14.3,125.0
2026-01-03 00:05:00+00:00,14.33,14.3436,14.33,14.3436,782.0
2026-01-03 00:10:00+00:00,14.32,14.33,14.31,14.33,868.0
2026-01-03 00:20:00+00:00,14.32,14.33,14.32,14.33,587.0
2026-01-03 00:25:00+00:00,14.33,14.33,14.33,14.33,1000.0
2026-01-03 00:30:00+00:00,14.33,14.33,14.32,14.32,692.0
2026-01-03 00:35:00+00:00,14.34,14.34,14.33,14.33,401.0
2026-01-03 00:40:00+00:00,14.35,14.36,14.33,14.33,3899.0
2026-01-03 00:45:00+00:00,14.3659,14.3659,14.32,14.36,1122.0
2026-01-03 00:55:00+00:00,14.32,14.37,14.32,14.37,728.0
2026-01-05 09:00:00+00:00,14.45,14.5,14.44,14.47,5755.0
2026-01-05 09:05:00+00:00,14.48,14.48,14.47,14.47,936.0
2026-01-05 09:10:00+00:00,14.48,14.48,14.47,14.48,2616.0
2026-01-05 09:15:00+00:00,14.49,14.49,14.48,14.48,1189.0
2026-01-05 09:20:00+00:00,14.48,14.48,14.48,14.48,1680.0
2026-01-05 09:25:00+00:00,14.48,14.48,14.46,14.46,2469.0
2026-01-05 09:30:00+00:00,14.47,14.48,14.47,14.48,1174.0
2026-01-05 09:40:00+00:00,14.46,14.46,14.46,14.46,632.0
2026-01-05 09:45:00+00:00,14.47,14.47,14.45,14.46,1643.0
2026-01-05 09:50:00+00:00,14.46,14.46,14.46,14.46,1560.0
2026-01-05 10:00:00+00:00,14.46,14.46,14.46,14.46,2977.0
2026-01-05 10:05:00+00:00,14.47,14.47,14.47,14.47,300.0
2026-01-05 10:10:00+00:00,14.47,14.47,14.46,14.46,487.0
2026-01-05 10:15:00+00:00,14.46,14.46,14.46,14.46,200.0
2026-01-05 10:20:00+00:00,14.48,14.48,14.47,14.47,888.0
2026-01-05 10:25:00+00:00,14.46,14.46,14.46,14.46,444.0
2026-01-05 10:30:00+00:00,14.47,14.475,14.47,14.475,500.0
2026-01-05 10:35:00+00:00,14.48,14.48,14.48,14.48,330.0
2026-01-05 10:45:00+00:00,14.49,14.49,14.48,14.48,1433.0
2026-01-05 10:50:00+00:00,14.49,14.5,14.49,14.49,6125.0
2026-01-05 11:00:00+00:00,14.5,14.5,14.48,14.49,2970.0
2026-01-05 11:05:00+00:00,14.485,14.485,14.48,14.48,888.0
2026-01-05 11:10:00+00:00,14.475,14.475,14.475,14.475,100.0
2026-01-05 11:15:00+00:00,14.48,14.48,14.48,14.48,993.0
2026-01-05 11:20:00+00:00,14.49,14.49,14.49,14.49,1139.0
2026-01-05 11:25:00+00:00,14.49,14.49,14.48,14.48,2282.0
2026-01-05 11:30:00+00:00,14.47,14.47,14.46,14.47,2395.0
2026-01-05 11:35:00+00:00,14.47,14.47,14.44,14.45,10392.0
2026-01-05 11:40:00+00:00,14.44,14.45,14.44,14.45,1947.0
2026-01-05 11:50:00+00:00,14.45,14.45,14.44,14.44,3622.0
2026-01-05 11:55:00+00:00,14.44,14.44,14.44,14.44,2521.0
2026-01-05 12:00:00+00:00,14.45,14.46,14.44,14.45,6030.0
2026-01-05 12:05:00+00:00,14.47,14.49,14.47,14.47,1587.0
2026-01-05 12:10:00+00:00,14.47,14.47,14.45,14.45,1802.0
2026-01-05 12:15:00+00:00,14.44,14.45,14.44,14.45,5932.0
2026-01-05 12:20:00+00:00,14.46,14.469,14.45,14.45,865.0
2026-01-05 12:25:00+00:00,14.451,14.451,14.451,14.451,100.0
2026-01-05 12:30:00+00:00,14.45,14.46,14.45,14.46,886.0
2026-01-05 12:35:00+00:00,14.47,14.47,14.46,14.46,3419.0
2026-01-05 12:40:00+00:00,14.45,14.45,14.4,14.4,18721.0
2026-01-05 12:45:00+00:00,14.42,14.42,14.42,14.42,624.0
2026-01-05 12:50:00+00:00,14.43,14.44,14.43,14.44,522.0
2026-01-05 12:55:00+00:00,14.46,14.47,14.46,14.47,1326.0
2026-01-05 13:00:00+00:00,14.4403,14.51,14.4,14.4,192146.0
2026-01-05 13:05:00+00:00,14.4,14.4,14.37,14.37,37344.0
2026-01-05 13:10:00+00:00,14.37,14.41,14.37,14.38,20308.0
2026-01-05 13:15:00+00:00,14.3795,14.38,14.34,14.38,13296.0
2026-01-05 13:20:00+00:00,14.3779,14.3779,14.3,14.3,18295.0
2026-01-05 13:25:00+00:00,14.31,14.33,14.2986,14.33,9771.0
2026-01-05 13:30:00+00:00,14.32,14.36,14.31,14.34,8129.0
2026-01-05 13:35:00+00:00,14.3405,14.36,14.34,14.35,7302.0
2026-01-05 13:40:00+00:00,14.35,14.36,14.35,14.35,6082.0
2026-01-05 13:45:00+00:00,14.36,14.399,14.34,14.399,9284.0
2026-01-05 13:50:00+00:00,14.3997,14.3998,14.38,14.39,2980.0
2026-01-05 13:55:00+00:00,14.4,14.41,14.39,14.4,12989.0
2026-01-05 14:00:00+00:00,14.41,14.44,14.41,14.44,6225.0
2026-01-05 14:05:00+00:00,14.44,14.45,14.41,14.45,18151.0
2026-01-05 14:10:00+00:00,14.4488,14.48,14.4395,14.47,11750.0
2026-01-05 14:15:00+00:00,14.47,14.49,14.47,14.48,14433.0
2026-01-05 14:20:00+00:00,14.49,14.51,14.48,14.51,27570.0
2026-01-05 14:25:00+00:00,14.51,14.65,14.48,14.65,35747.0
2026-01-05 14:30:00+00:00,14.61,14.84,14.45,14.77,916014.0
2026-01-05 14:35:00+00:00,14.76,15.08,14.57,15.07,769067.0
2026-01-05 14:40:00+00:00,15.075,15.34,14.96,15.195,761385.0
2026-01-05 14:45:00+00:00,15.2,15.25,15.09,15.12,571989.0
2026-01-05 14:50:00+00:00,15.13,15.155,15.04,15.1,381210.0
2026-01-05 14:55:00+00:00,15.1,15.3,15.1,15.2,462026.0
2026-01-05 15:00:00+00:00,15.2,15.35,15.16,15.345,453041.0
2026-01-05 15:05:00+00:00,15.35,15.4,15.2801,15.32,543312.0
2026-01-05 15:10:00+00:00,15.3255,15.345,15.195,15.275,278877.0
2026-01-05 15:15:00+00:00,15.275,15.52,15.2445,15.5,675468.0
2026-01-05 15:20:00+00:00,15.5,15.575,15.46,15.53,513070.0
2026-01-05 15:25:00+00:00,15.52,15.56,15.472,15.5455,338491.0
2026-01-05 15:30:00+00:00,15.54,15.55,15.47,15.505,389673.0
2026-01-05 15:35:00+00:00,15.502,15.6,15.44,15.565,509688.0
2026-01-05 15:40:00+00:00,15.565,15.61,15.505,15.51,516803.0
2026-01-05 15:45:00+00:00,15.515,15.585,15.51,15.56,301124.0
2026-01-05 15:50:00+00:00,15.555,15.585,15.53,15.5538,371582.0
2026-01-05 15:55:00+00:00,15.555,15.75,15.55,15.745,875751.0
2026-01-05 16:00:00+00:00,15.745,15.8,15.61,15.7949,755043.0
2026-01-05 16:05:00+00:00,15.795,15.93,15.7901,15.85,927140.0
2026-01-05 16:10:00+00:00,15.855,15.89,15.7602,15.785,514488.0
2026-01-05 16:15:00+00:00,15.785,15.925,15.7623,15.8944,536627.0
2026-01-05 16:20:00+00:00,15.8949,15.99,15.8949,15.985,713797.0
2026-01-05 16:25:00+00:00,15.985,16.025,15.9,15.9342,814607.0
2026-01-05 16:30:00+00:00,15.94,15.94,15.7143,15.715,738873.0
2026-01-05 16:35:00+00:00,15.715,15.88,15.71,15.835,517894.0
2026-01-05 16:40:00+00:00,15.835,15.86,15.77,15.771,250669.0
2026-01-05 16:45:00+00:00,15.7701,15.8153,15.755,15.7943,298683.0
2026-01-05 16:50:00+00:00,15.795,15.86,15.775,15.845,342457.0
2026-01-05 16:55:00+00:00,15.84,15.885,15.8232,15.85,362262.0
2026-01-05 17:00:00+00:00,15.855,15.87,15.795,15.8148,243826.0
2026-01-05 17:05:00+00:00,15.815,15.825,15.78,15.8099,208075.0
2026-01-05 17:10:00+00:00,15.8,15.805,15.735,15.765,211224.0
2026-01-05 17:15:00+00:00,15.7601,15.82,15.75,15.765,375395.0
2026-01-05 17:20:00+00:00,15.7642,15.78,15.71,15.7703,247392.0
2026-01-05 17:25:00+00:00,15.775,15.89,15.7457,15.885,283412.0
2026-01-05 17:30:00+00:00,15.89,15.94,15.86,15.925,318982.0
2026-01-05 17:35:00+00:00,15.9232,15.9659,15.9,15.9597,404023.0
2026-01-05 17:40:00+00:00,15.9589,15.98,15.87,15.8749,412651.0
2026-01-05 17:45:00+00:00,15.87,15.895,15.85,15.875,246979.0
2026-01-05 17:50:00+00:00,15.875,15.915,15.855,15.895,173260.0
2026-01-05 17:55:00+00:00,15.89,15.98,15.875,15.976,514001.0
2026-01-05 18:00:00+00:00,15.9741,15.98,15.9,15.925,342191.0
2026-01-05 18:05:00+00:00,15.925,15.95,15.78,15.8,438058.0
2026-01-05 18:10:00+00:00,15.8029,15.8499,15.795,15.83,200919.0
2026-01-05 18:15:00+00:00,15.8299,15.8299,15.7801,15.815,194965.0
2026-01-05 18:20:00+00:00,15.815,15.92,15.78,15.905,300948.0
2026-01-05 18:25:00+00:00,15.91,16.0,15.91,15.98,292155.0
2026-01-05 18:30:00+00:00,15.975,16.08,15.97,16.07,506331.0
2026-01-05 18:35:00+00:00,16.0791,16.1,16.01,16.035,486944.0
2026-01-05 18:40:00+00:00,16.04,16.09,16.02,16.09,279168.0
2026-01-05 18:45:00+00:00,16.09,16.139,16.03,16.06,371944.0
2026-01-05 18:50:00+00:00,16.055,16.1,16.03,16.085,288499.0
2026-01-05 18:55:00+00:00,16.085,16.1,16.06,16.095,198360.0
2026-01-05 19:00:00+00:00,16.1,16.18,16.06,16.1601,598846.0
2026-01-05 19:05:00+00:00,16.165,16.22,16.16,16.205,434053.0
2026-01-05 19:10:00+00:00,16.205,16.24,16.15,16.2361,415799.0
2026-01-05 19:15:00+00:00,16.235,16.28,16.215,16.24,317406.0
2026-01-05 19:20:00+00:00,16.24,16.3,16.21,16.2825,289299.0
2026-01-05 19:25:00+00:00,16.2858,16.3266,16.265,16.315,306228.0
2026-01-05 19:30:00+00:00,16.315,16.35,16.305,16.324,280800.0
2026-01-05 19:35:00+00:00,16.325,16.335,16.245,16.26,374319.0
2026-01-05 19:40:00+00:00,16.25,16.265,16.16,16.17,292488.0
2026-01-05 19:45:00+00:00,16.172,16.265,16.165,16.255,403575.0
2026-01-05 19:50:00+00:00,16.2568,16.355,16.215,16.3356,488477.0
2026-01-05 19:55:00+00:00,16.335,16.38,16.3206,16.345,241223.0
2026-01-05 20:00:00+00:00,16.3469,16.35,16.2649,16.3451,378779.0
2026-01-05 20:05:00+00:00,16.345,16.36,16.285,16.3257,264465.0
2026-01-05 20:10:00+00:00,16.3299,16.3491,16.305,16.315,275696.0
2026-01-05 20:15:00+00:00,16.315,16.3157,16.17,16.1832,329200.0
2026-01-05 20:20:00+00:00,16.1875,16.28,16.18,16.28,288212.0
2026-01-05 20:25:00+00:00,16.2745,16.35,16.255,16.315,406195.0
2026-01-05 20:30:00+00:00,16.31,16.31,16.185,16.205,333593.0
2026-01-05 20:35:00+00:00,16.205,16.2375,16.15,16.165,347050.0
2026-01-05 20:40:00+00:00,16.165,16.1668,16.04,16.115,750306.0
2026-01-05 20:45:00+00:00,16.115,16.165,16.075,16.08,509555.0
2026-01-05 20:50:00+00:00,16.08,16.09,15.985,15.985,679000.0
2026-01-05 20:55:00+00:00,15.99,16.06,15.935,16.04,1355596.0
2026-01-05 21:00:00+00:00,16.04,16.0995,16.0,16.07,1685096.0
2026-01-05 21:05:00+00:00,16.0999,16.15,16.04,16.09,14764.0
2026-01-05 21:10:00+00:00,16.09,16.11,16.06,16.0799,9543.0
2026-01-05 21:15:00+00:00,16.05,16.08,16.05,16.06,5470.0
2026-01-05 21:20:00+00:00,16.06,16.08,16.0503,16.06,9235.0
2026-01-05 21:25:00+00:00,16.0506,16.07,16.05,16.06,8346.0
2026-01-05 21:30:00+00:00,16.06,16.07,16.06,16.06,9309.0
2026-01-05 21:35:00+00:00,16.05,16.07,16.05,16.0501,9934.0
2026-01-05 21:40:00+00:00,16.054,16.054,15.97,15.97,17635.0
2026-01-05 21:45:00+00:00,16.0,16.0,15.96,15.96,5486.0
2026-01-05 21:50:00+00:00,15.96,15.97,15.9,15.9,22000.0
2026-01-05 21:55:00+00:00,15.92,15.93,15.81,15.85,11783.0
2026-01-05 22:00:00+00:00,15.85,15.9,15.84,15.86,11024.0
2026-01-05 22:05:00+00:00,15.85,15.89,15.85,15.86,5104.0
2026-01-05 22:10:00+00:00,15.86,15.86,15.841,15.841,2528.0
2026-01-05 22:15:00+00:00,15.87,15.88,15.84,15.88,6293.0
2026-01-05 22:20:00+00:00,15.86,15.88,15.85,15.88,5212.0
2026-01-05 22:25:00+00:00,15.85,15.88,15.85,15.86,11773.0
2026-01-05 22:30:00+00:00,15.89,15.89,15.88,15.88,5536.0
2026-01-05 22:35:00+00:00,15.8899,15.8899,15.84,15.87,6195.0
2026-01-05 22:40:00+00:00,15.86,15.8899,15.84,15.84,2875.0
2026-01-05 22:45:00+00:00,15.84,15.84,15.82,15.84,3136.0
2026-01-05 22:50:00+00:00,15.83,15.83,15.82,15.82,3152.0
2026-01-05 22:55:00+00:00,15.83,15.84,15.82,15.82,4854.0
2026-01-05 23:00:00+00:00,15.82,15.82,15.8184,15.8184,1270.0
2026-01-05 23:05:00+00:00,15.81,15.81,15.81,15.81,2222.0
2026-01-05 23:10:00+00:00,15.81,15.82,15.81,15.82,14130.0
2026-01-05 23:15:00+00:00,15.84,15.84,15.81,15.81,4332.0
2026-01-05 23:20:00+00:00,15.8199,15.82,15.79,15.79,8916.0
2026-01-05 23:25:00+00:00,15.78,15.8,15.77,15.8,9193.0
2026-01-05 23:30:00+00:00,15.8,15.82,15.78,15.78,30394.0
2026-01-05 23:35:00+00:00,15.82,15.82,15.78,15.78,1930.0
2026-01-05 23:40:00+00:00,15.79,15.79,15.79,15.79,894.0
2026-01-05 23:45:00+00:00,15.79,15.81,15.79,15.81,1894.0
2026-01-05 23:50:00+00:00,15.8,15.8,15.8,15.8,120.0
2026-01-05 23:55:00+00:00,15.81,15.81,15.8,15.8,3050.0
2026-01-06 00:00:00+00:00,15.81,15.81,15.8,15.8,1195.0
2026-01-06 00:05:00+00:00,15.8,15.81,15.8,15.81,734.0
2026-01-06 00:10:00+00:00,15.8,15.81,15.8,15.8099,1828.0
2026-01-06 00:15:00+00:00,15.8098,15.81,15.8,15.81,2621.0
2026-01-06 00:20:00+00:00,15.81,15.81,15.81,15.81,156.0
2026-01-06 00:25:00+00:00,15.8102,15.82,15.8,15.8,3286.0
2026-01-06 00:30:00+00:00,15.82,15.82,15.8,15.81,1126.0
2026-01-06 00:35:00+00:00,15.81,15.82,15.8,15.8,11789.0
2026-01-06 00:40:00+00:00,15.7998,15.8,15.79,15.7968,2442.0
2026-01-06 00:45:00+00:00,15.8,15.8,15.77,15.77,3251.0
2026-01-06 00:50:00+00:00,15.78,15.79,15.78,15.79,570.0
2026-01-06 00:55:00+00:00,15.8,15.85,15.79,15.83,1358.0
2026-01-06 09:00:00+00:00,15.77,15.83,15.77,15.79,9583.0
2026-01-06 09:05:00+00:00,15.78,15.82,15.78,15.8,3413.0
2026-01-06 09:10:00+00:00,15.83,15.84,15.83,15.84,1957.0
2026-01-06 09:15:00+00:00,15.85,15.85,15.82,15.82,1059.0
2026-01-06 09:20:00+00:00,15.83,15.83,15.79,15.79,1624.0
2026-01-06 09:25:00+00:00,15.78,15.78,15.77,15.78,1389.0
2026-01-06 09:30:00+00:00,15.78,15.79,15.76,15.78,2659.0
2026-01-06 09:35:00+00:00,15.78,15.78,15.78,15.78,814.0
2026-01-06 09:50:00+00:00,15.76,15.78,15.76,15.78,2138.0
2026-01-06 09:55:00+00:00,15.8,15.81,15.8,15.81,1253.0
2026-01-06 10:00:00+00:00,15.78,15.78,15.77,15.77,851.0
2026-01-06 10:05:00+00:00,15.78,15.78,15.78,15.78,301.0
2026-01-06 10:10:00+00:00,15.78,15.81,15.77,15.81,2279.0
2026-01-06 10:15:00+00:00,15.8,15.8,15.795,15.795,553.0
2026-01-06 10:20:00+00:00,15.78,15.78,15.77,15.77,2835.0
2026-01-06 10:30:00+00:00,15.76,15.77,15.76,15.76,1428.0
2026-01-06 10:35:00+00:00,15.76,15.76,15.76,15.76,2362.0
2026-01-06 10:40:00+00:00,15.76,15.76,15.76,15.76,267.0
2026-01-06 10:50:00+00:00,15.76,15.77,15.76,15.77,2594.0
2026-01-06 10:55:00+00:00,15.76,15.78,15.76,15.76,1441.0
2026-01-06 11:00:00+00:00,15.775,15.775,15.775,15.775,375.0
2026-01-06 11:05:00+00:00,15.765,15.765,15.765,15.765,186.0
2026-01-06 11:10:00+00:00,15.78,15.78,15.77,15.77,1268.0
2026-01-06 11:15:00+00:00,15.77,15.77,15.77,15.77,407.0
2026-01-06 11:20:00+00:00,15.775,15.775,15.77,15.77,742.0
2026-01-06 11:25:00+00:00,15.795,15.795,15.77,15.77,4143.0
2026-01-06 11:30:00+00:00,15.76,15.76,15.75,15.76,3245.0
2026-01-06 11:35:00+00:00,15.76,15.77,15.76,15.76,2380.0
2026-01-06 11:40:00+00:00,15.77,15.77,15.74,15.74,3388.0
2026-01-06 11:45:00+00:00,15.74,15.79,15.74,15.78,13163.0
2026-01-06 11:50:00+00:00,15.785,15.785,15.78,15.78,777.0
2026-01-06 11:55:00+00:00,15.8,15.83,15.8,15.83,2520.0
2026-01-06 12:00:00+00:00,15.81,15.85,15.81,15.84,11952.0
2026-01-06 12:10:00+00:00,15.83,15.83,15.83,15.83,1664.0
2026-01-06 12:15:00+00:00,15.83,15.84,15.81,15.82,5804.0
2026-01-06 12:20:00+00:00,15.82,15.82,15.82,15.82,760.0
2026-01-06 12:25:00+00:00,15.81,15.83,15.81,15.83,1582.0
2026-01-06 12:30:00+00:00,15.82,15.829,15.801,15.82,2319.0
2026-01-06 12:35:00+00:00,15.81,15.81,15.8,15.8,4131.0
2026-01-06 12:40:00+00:00,15.8,15.8,15.761,15.77,13539.0
2026-01-06 12:45:00+00:00,15.77,15.78,15.76,15.78,2647.0
2026-01-06 12:50:00+00:00,15.79,15.8,15.79,15.79,3160.0
2026-01-06 12:55:00+00:00,15.8,15.81,15.8,15.81,1655.0
2026-01-06 13:00:00+00:00,15.83,15.91,15.75,15.86,189068.0
2026-01-06 13:05:00+00:00,15.815,15.86,15.8,15.81,130772.0
2026-01-06 13:10:00+00:00,15.8,15.84,15.78,15.81,17647.0
2026-01-06 13:15:00+00:00,15.8102,15.8403,15.8102,15.8299,4609.0
2026-01-06 13:20:00+00:00,15.82,15.82,15.8,15.82,10755.0
2026-01-06 13:25:00+00:00,15.82,15.83,15.81,15.82,6839.0
2026-01-06 13:30:00+00:00,15.81,15.8198,15.79,15.8198,7335.0
2026-01-06 13:35:00+00:00,15.819,15.84,15.819,15.84,9040.0
2026-01-06 13:40:00+00:00,15.86,15.89,15.86,15.88,9915.0
2026-01-06 13:45:00+00:00,15.87,15.88,15.81,15.81,10500.0
2026-01-06 13:50:00+00:00,15.82,15.83,15.79,15.82,7455.0
2026-01-06 13:55:00+00:00,15.82,15.85,15.81,15.83,8368.0
2026-01-06 14:00:00+00:00,15.83,15.83,15.8,15.82,5751.0
2026-01-06 14:05:00+00:00,15.81,15.83,15.7928,15.8102,9204.0
2026-01-06 14:10:00+00:00,15.815,15.86,15.815,15.85,12169.0
2026-01-06 14:15:00+00:00,15.85,15.86,15.81,15.81,7270.0
2026-01-06 14:20:00+00:00,15.8101,15.835,15.77,15.78,34837.0
2026-01-06 14:25:00+00:00,15.78,15.84,15.705,15.84,42915.0
2026-01-06 14:30:00+00:00,15.86,16.24,15.72,16.2,1111346.0
2026-01-06 14:35:00+00:00,16.207,16.2329,15.96,16.145,605591.0
2026-01-06 14:40:00+00:00,16.15,16.1599,16.01,16.03,376070.0
2026-01-06 14:45:00+00:00,16.04,16.0829,15.94,16.01,401215.0
2026-01-06 14:50:00+00:00,16.0,16.075,15.85,15.86,526075.0
2026-01-06 14:55:00+00:00,15.85,15.87,15.73,15.755,418293.0
2026-01-06 15:00:00+00:00,15.755,15.82,15.65,15.73,550252.0
2026-01-06 15:05:00+00:00,15.73,15.925,15.705,15.925,520558.0
2026-01-06 15:10:00+00:00,15.9275,15.945,15.785,15.855,218498.0
2026-01-06 15:15:00+00:00,15.8521,15.9199,15.795,15.905,420489.0
2026-01-06 15:20:00+00:00,15.9,16.01,15.81,15.955,301548.0
2026-01-06 15:25:00+00:00,15.955,16.0,15.9,15.92,224410.0
2026-01-06 15:30:00+00:00,15.925,15.94,15.845,15.915,355087.0
2026-01-06 15:35:00+00:00,15.91,15.93,15.84,15.915,204635.0
2026-01-06 15:40:00+00:00,15.915,15.925,15.82,15.885,210517.0
2026-01-06 15:45:00+00:00,15.88,16.01,15.87,15.97,222989.0
2026-01-06 15:50:00+00:00,15.975,16.055,15.975,16.02,287545.0
2026-01-06 15:55:00+00:00,16.02,16.14,16.0,16.14,232787.0
2026-01-06 16:00:00+00:00,16.14,16.145,16.045,16.0514,275193.0
2026-01-06 16:05:00+00:00,16.06,16.11,16.05,16.1,162807.0
2026-01-06 16:10:00+00:00,16.1,16.15,16.045,16.055,185196.0
2026-01-06 16:15:00+00:00,16.0589,16.09,16.0101,16.08,207062.0
2026-01-06 16:20:00+00:00,16.08,16.13,16.06,16.07,245848.0
2026-01-06 16:25:00+00:00,16.0745,16.075,15.9433,16.01,252036.0
2026-01-06 16:30:00+00:00,16.01,16.02,15.925,15.94,145007.0
2026-01-06 16:35:00+00:00,15.93,15.965,15.85,15.855,239150.0
2026-01-06 16:40:00+00:00,15.8546,15.9,15.85,15.88,329471.0
2026-01-06 16:45:00+00:00,15.8802,15.94,15.875,15.935,210293.0
2026-01-06 16:50:00+00:00,15.931,15.94,15.9,15.925,179100.0
2026-01-06 16:55:00+00:00,15.92,15.9399,15.865,15.93,115433.0
2026-01-06 17:00:00+00:00,15.935,15.97,15.925,15.928,168458.0
2026-01-06 17:05:00+00:00,15.925,15.95,15.915,15.95,107859.0
2026-01-06 17:10:00+00:00,15.95,15.96,15.8823,15.8823,95317.0
2026-01-06 17:15:00+00:00,15.88,15.8999,15.8401,15.8401,210392.0
2026-01-06 17:20:00+00:00,15.845,15.8899,15.835,15.8698,225543.0
2026-01-06 17:25:00+00:00,15.87,15.88,15.835,15.845,90882.0
2026-01-06 17:30:00+00:00,15.85,15.86,15.8228,15.84,185342.0
2026-01-06 17:35:00+00:00,15.8312,15.835,15.805,15.82,126460.0
2026-01-06 17:40:00+00:00,15.82,15.82,15.77,15.8109,190704.0
2026-01-06 17:45:00+00:00,15.82,15.84,15.785,15.8,85772.0
2026-01-06 17:50:00+00:00,15.8,15.85,15.8,15.82,141843.0
2026-01-06 17:55:00+00:00,15.8203,15.835,15.8,15.805,117162.0
2026-01-06 18:00:00+00:00,15.805,15.805,15.72,15.725,205951.0
2026-01-06 18:05:00+00:00,15.72,15.7228,15.635,15.655,387501.0
2026-01-06 18:10:00+00:00,15.66,15.71,15.63,15.705,188041.0
2026-01-06 18:15:00+00:00,15.706,15.765,15.705,15.755,178752.0
2026-01-06 18:20:00+00:00,15.755,15.7598,15.62,15.635,173582.0
2026-01-06 18:25:00+00:00,15.635,15.715,15.61,15.715,187917.0
2026-01-06 18:30:00+00:00,15.72,15.7265,15.675,15.7199,122459.0
2026-01-06 18:35:00+00:00,15.72,15.7497,15.68,15.6802,137091.0
2026-01-06 18:40:00+00:00,15.685,15.695,15.6446,15.66,136127.0
2026-01-06 18:45:00+00:00,15.6699,15.72,15.655,15.715,125422.0
2026-01-06 18:50:00+00:00,15.72,15.77,15.715,15.735,195674.0
2026-01-06 18:55:00+00:00,15.735,15.76,15.73,15.755,128556.0
2026-01-06 19:00:00+00:00,15.7545,15.77,15.7,15.7299,124972.0
2026-01-06 19:05:00+00:00,15.725,15.795,15.725,15.775,256888.0
2026-01-06 19:10:00+00:00,15.7797,15.915,15.775,15.915,287496.0
2026-01-06 19:15:00+00:00,15.9166,16.015,15.9029,16.005,534517.0
2026-01-06 19:20:00+00:00,16.0,16.185,16.0,16.17,736030.0
2026-01-06 19:25:00+00:00,16.1714,16.225,16.09,16.095,689761.0
2026-01-06 19:30:00+00:00,16.095,16.2099,16.095,16.115,686500.0
2026-01-06 19:35:00+00:00,16.12,16.125,16.0649,16.07,531896.0
2026-01-06 19:40:00+00:00,16.07,16.1,16.04,16.07,265804.0
2026-01-06 19:45:00+00:00,16.07,16.11,16.04,16.0951,298868.0
2026-01-06 19:50:00+00:00,16.1,16.11,16.04,16.045,251576.0
2026-01-06 19:55:00+00:00,16.0475,16.0557,16.0,16.0414,224825.0
2026-01-06 20:00:00+00:00,16.05,16.105,16.0337,16.0945,248309.0
2026-01-06 20:05:00+00:00,16.0933,16.18,16.08,16.18,316013.0
2026-01-06 20:10:00+00:00,16.1835,16.2589,16.16,16.1999,685835.0
2026-01-06 20:15:00+00:00,16.195,16.35,16.195,16.335,634610.0
2026-01-06 20:20:00+00:00,16.3389,16.4,16.3301,16.3565,414959.0
2026-01-06 20:25:00+00:00,16.355,16.41,16.3355,16.395,394531.0
2026-01-06 20:30:00+00:00,16.3997,16.46,16.395,16.425,560500.0
2026-01-06 20:35:00+00:00,16.42,16.585,16.415,16.485,1155765.0
2026-01-06 20:40:00+00:00,16.48,16.5099,16.42,16.495,395519.0
2026-01-06 20:45:00+00:00,16.5,16.5,16.4401,16.4611,472178.0
2026-01-06 20:50:00+00:00,16.47,16.515,16.255,16.375,1096163.0
2026-01-06 20:55:00+00:00,16.38,16.38,16.23,16.33,1564080.0
2026-01-06 21:00:00+00:00,16.3,16.39,16.2305,16.246,4204550.0
2026-01-06 21:05:00+00:00,16.22,16.29,16.22,16.27,2260.0
2026-01-06 21:10:00+00:00,16.27,16.29,16.27,16.27,2763.0
2026-01-06 21:15:00+00:00,16.29,16.29,16.27,16.29,3768.0
2026-01-06 21:20:00+00:00,16.27,16.28,16.27,16.28,948.0
2026-01-06 21:25:00+00:00,16.28,16.29,16.26,16.26,4880.0
2026-01-06 21:30:00+00:00,16.26,16.3,16.23,16.24,4127.0
2026-01-06 21:35:00+00:00,16.23,16.24,16.23,16.24,2976.0
2026-01-06 21:40:00+00:00,16.23,16.23,16.22,16.23,7311.0
2026-01-06 21:45:00+00:00,16.23,16.27,16.23,16.27,3255.0
2026-01-06 21:50:00+00:00,16.26,16.26,16.26,16.26,877.0
2026-01-06 21:55:00+00:00,16.26,16.27,16.24,16.24,413783.0
2026-01-06 22:00:00+00:00,16.24,16.27,16.23,16.24,3470.0
2026-01-06 22:05:00+00:00,16.25,16.27,16.24,16.24,2329.0
2026-01-06 22:10:00+00:00,16.24,16.2402,16.24,16.24,1419.0
2026-01-06 22:15:00+00:00,16.24,16.25,16.24,16.25,1703.0
2026-01-06 22:20:00+00:00,16.25,16.27,16.24,16.24,4273.0
2026-01-06 22:25:00+00:00,16.25,16.27,16.24,16.24,2384.0
2026-01-06 22:30:00+00:00,16.2636,16.27,16.25,16.27,2488.0
2026-01-06 22:35:00+00:00,16.24,16.27,16.24,16.24,3783.0
2026-01-06 22:40:00+00:00,16.24,16.25,16.24,16.25,1554.0
2026-01-06 22:45:00+00:00,16.25,16.25,16.24,16.24,1297.0
2026-01-06 22:50:00+00:00,16.24,16.25,16.24,16.24,7829.0
2026-01-06 22:55:00+00:00,16.25,16.25,16.24,16.24,1467.0
2026-01-06 23:00:00+00:00,16.23,16.23,16.22,16.23,1915.0
2026-01-06 23:05:00+00:00,16.21,16.25,16.21,16.25,1282.0
2026-01-06 23:10:00+00:00,16.22,16.25,16.21,16.2181,2844.0
2026-01-06 23:15:00+00:00,16.22,16.25,16.22,16.25,7917.0
2026-01-06 23:20:00+00:00,16.23,16.23,16.2178,16.22,700.0
2026-01-06 23:25:00+00:00,16.24,16.25,16.21,16.25,1184.0
2026-01-06 23:30:00+00:00,16.2486,16.2486,16.2486,16.2486,219.0
2026-01-06 23:35:00+00:00,16.22,16.22,16.22,16.22,410.0
2026-01-06 23:40:00+00:00,16.24,16.25,16.24,16.2488,1798.0
2026-01-06 23:45:00+00:00,16.25,16.28,16.24,16.24,3236.0
2026-01-06 23:50:00+00:00,16.24,16.24,16.24,16.24,210.0
2026-01-06 23:55:00+00:00,16.24,16.28,16.24,16.28,303.0
2026-01-07 00:00:00+00:00,16.2792,16.28,16.24,16.28,3281.0
2026-01-07 00:05:00+00:00,16.28,16.28,16.24,16.24,2237.0
2026-01-07 00:10:00+00:00,16.2793,16.28,16.25,16.28,1862.0
2026-01-07 00:15:00+00:00,16.26,16.26,16.25,16.25,1300.0
2026-01-07 00:20:00+00:00,16.28,16.28,16.28,16.28,7740.0
2026-01-07 00:25:00+00:00,16.26,16.26,16.26,16.26,1048.0
2026-01-07 00:30:00+00:00,16.26,16.26,16.26,16.26,909.0
2026-01-07 00:35:00+00:00,16.26,16.2768,16.26,16.2603,2702.0
2026-01-07 00:40:00+00:00,16.26,16.2616,16.26,16.26,3538.0
2026-01-07 00:45:00+00:00,16.26,16.26,16.26,16.26,153.0
2026-01-07 00:50:00+00:00,16.26,16.27,16.26,16.27,2238.0
2026-01-07 00:55:00+00:00,16.2603,16.27,16.2603,16.27,271.0
2026-01-07 09:00:00+00:00,16.2,16.22,16.11,16.15,5201.0
2026-01-07 09:05:00+00:00,16.13,16.19,16.09,16.09,2457.0
2026-01-07 09:10:00+00:00,16.11,16.13,16.11,16.13,1843.0
2026-01-07 09:15:00+00:00,16.14,16.14,16.12,16.12,1704.0
2026-01-07 09:25:00+00:00,16.09,16.12,16.09,16.1,3692.0
2026-01-07 09:35:00+00:00,16.11,16.11,16.1,16.1,481.0
2026-01-07 09:40:00+00:00,16.1,16.1,16.1,16.1,195.0
2026-01-07 09:45:00+00:00,16.12,16.12,16.09,16.09,2419.0
2026-01-07 09:50:00+00:00,16.08,16.08,16.08,16.08,1014.0
2026-01-07 09:55:00+00:00,16.08,16.08,16.06,16.06,798.0
2026-01-07 10:00:00+00:00,16.08,16.08,16.08,16.08,427.0
2026-01-07 10:05:00+00:00,16.08,16.09,16.08,16.09,2237.0
2026-01-07 10:20:00+00:00,16.1,16.1,16.1,16.1,232.0
2026-01-07 10:25:00+00:00,16.09,16.11,16.09,16.09,5217.0
2026-01-07 10:30:00+00:00,16.09,16.09,16.09,16.09,1068.0
2026-01-07 10:35:00+00:00,16.1,16.1,16.09,16.09,2092.0
2026-01-07 10:45:00+00:00,16.09,16.09,16.09,16.09,872.0
2026-01-07 10:50:00+00:00,16.095,16.1,16.095,16.1,775.0
2026-01-07 10:55:00+00:00,16.09,16.09,16.09,16.09,335.0
2026-01-07 11:00:00+00:00,16.09,16.09,16.09,16.09,177.0
2026-01-07 11:10:00+00:00,16.1,16.11,16.1,16.11,2888.0
2026-01-07 11:20:00+00:00,16.1,16.1,16.1,16.1,1045.0
2026-01-07 11:25:00+00:00,16.1,16.1,16.1,16.1,1095.0
2026-01-07 11:30:00+00:00,16.105,16.105,16.1,16.1,392.0
2026-01-07 11:35:00+00:00,16.11,16.11,16.1,16.1,1199.0
2026-01-07 11:40:00+00:00,16.1,16.1,16.1,16.1,5639.0
2026-01-07 11:45:00+00:00,16.105,16.105,16.1,16.1,445.0
2026-01-07 11:50:00+00:00,16.1,16.1,16.1,16.1,466.0
2026-01-07 11:55:00+00:00,16.105,16.13,16.105,16.11,6841.0
2026-01-07 12:00:00+00:00,16.11,16.11,16.1,16.1,1340.0
2026-01-07 12:05:00+00:00,16.09,16.11,16.09,16.11,4028.0
2026-01-07 12:10:00+00:00,16.12,16.13,16.11,16.125,7151.0
2026-01-07 12:15:00+00:00,16.11,16.12,16.1,16.1,1684.0
2026-01-07 12:20:00+00:00,16.13,16.13,16.1,16.129,1820.0
2026-01-07 12:25:00+00:00,16.13,16.13,16.13,16.13,581.0
2026-01-07 12:30:00+00:00,16.13,16.13,16.12,16.12,718.0
2026-01-07 12:35:00+00:00,16.11,16.12,16.1,16.11,4197.0
2026-01-07 12:40:00+00:00,16.13,16.13,16.13,16.13,151.0
2026-01-07 12:45:00+00:00,16.12,16.12,16.1,16.1,613.0
2026-01-07 12:50:00+00:00,16.12,16.12,16.12,16.12,192.0
2026-01-07 12:55:00+00:00,16.12,16.12,16.1,16.1,1406.0
2026-01-07 13:00:00+00:00,16.1012,16.2,16.06,16.11,91927.0
2026-01-07 13:05:00+00:00,16.1,16.1102,16.1,16.1102,2654.0
2026-01-07 13:10:00+00:00,16.11,16.11,16.1,16.1,2099.0
2026-01-07 13:15:00+00:00,16.1,16.11,16.1,16.11,8569.0
2026-01-07 13:20:00+00:00,16.1,16.13,16.1,16.12,5885.0
2026-01-07 13:25:00+00:00,16.12,16.12,16.12,16.12,242.0
2026-01-07 13:30:00+00:00,16.13,16.17,16.11,16.17,11684.0
2026-01-07 13:35:00+00:00,16.1646,16.2196,16.1646,16.2196,9569.0
2026-01-07 13:40:00+00:00,16.21,16.3,16.21,16.26,22068.0
2026-01-07 13:45:00+00:00,16.2627,16.2675,16.22,16.266,22775.0
2026-01-07 13:50:00+00:00,16.26,16.29,16.25,16.2799,14774.0
2026-01-07 13:55:00+00:00,16.2798,16.28,16.26,16.27,3883.0
2026-01-07 14:00:00+00:00,16.28,16.29,16.26,16.29,8129.0
2026-01-07 14:05:00+00:00,16.27,16.28,16.26,16.26,5052.0
2026-01-07 14:10:00+00:00,16.26,16.38,16.25,16.3359,28273.0
2026-01-07 14:15:00+00:00,16.35,16.58,16.35,16.49,98997.0
2026-01-07 14:20:00+00:00,16.49,16.53,16.36,16.45,41907.0
2026-01-07 14:25:00+00:00,16.44,16.44,16.3,16.3,15540.0
2026-01-07 14:30:00+00:00,16.32,16.38,15.91,15.975,842640.0
2026-01-07 14:35:00+00:00,15.97,16.1,15.925,15.935,353601.0
2026-01-07 14:40:00+00:00,15.9399,16.065,15.9,15.941,326841.0
2026-01-07 14:45:00+00:00,15.94,16.06,15.925,16.035,308576.0
2026-01-07 14:50:00+00:00,16.035,16.04,15.95,15.975,154406.0
2026-01-07 14:55:00+00:00,15.9746,15.99,15.9132,15.9299,196213.0
2026-01-07 15:00:00+00:00,15.925,15.925,15.805,15.845,279125.0
2026-01-07 15:05:00+00:00,15.85,15.955,15.81,15.88,166211.0
2026-01-07 15:10:00+00:00,15.885,15.9166,15.8503,15.905,123109.0
2026-01-07 15:15:00+00:00,15.9,15.9,15.812,15.8314,247313.0
2026-01-07 15:20:00+00:00,15.8376,15.93,15.81,15.93,211441.0
2026-01-07 15:25:00+00:00,15.925,15.93,15.851,15.9255,141400.0
2026-01-07 15:30:00+00:00,15.922,16.0,15.9014,15.935,225748.0
2026-01-07 15:35:00+00:00,15.9301,16.01,15.922,15.985,264275.0
2026-01-07 15:40:00+00:00,15.9899,16.055,15.98,16.01,317674.0
2026-01-07 15:45:00+00:00,16.016,16.016,15.86,15.92,573733.0
2026-01-07 15:50:00+00:00,15.925,15.96,15.895,15.925,187063.0
2026-01-07 15:55:00+00:00,15.925,15.93,15.87,15.875,164318.0
2026-01-07 16:00:00+00:00,15.875,15.88,15.8,15.8163,228977.0
2026-01-07 16:05:00+00:00,15.815,15.82,15.71,15.7653,466574.0
2026-01-07 16:10:00+00:00,15.77,15.77,15.7,15.7,193326.0
2026-01-07 16:15:00+00:00,15.7,15.74,15.7,15.735,156332.0
2026-01-07 16:20:00+00:00,15.735,15.8,15.71,15.78,186223.0
2026-01-07 16:25:00+00:00,15.77,15.84,15.7425,15.835,138666.0
2026-01-07 16:30:00+00:00,15.84,15.865,15.8101,15.83,194708.0
2026-01-07 16:35:00+00:00,15.835,15.93,15.835,15.9201,213426.0
2026-01-07 16:40:00+00:00,15.9251,16.0,15.9201,15.995,419375.0
2026-01-07 16:45:00+00:00,15.995,16.07,15.98,15.99,721909.0
2026-01-07 16:50:00+00:00,15.995,16.1,15.9937,16.0938,546835.0
2026-01-07 16:55:00+00:00,16.095,16.1,16.04,16.055,302392.0
2026-01-07 17:00:00+00:00,16.055,16.06,15.98,15.985,245062.0
2026-01-07 17:05:00+00:00,15.99,16.01,15.97,15.975,123656.0
2026-01-07 17:10:00+00:00,15.9768,15.995,15.95,15.955,355311.0
2026-01-07 17:15:00+00:00,15.957,16.035,15.957,15.9944,397811.0
2026-01-07 17:20:00+00:00,15.996,16.03,15.9846,15.995,288214.0
2026-01-07 17:25:00+00:00,15.995,16.01,15.973,16.005,257576.0
2026-01-07 17:30:00+00:00,16.01,16.024,15.98,16.005,158086.0
2026-01-07 17:35:00+00:00,16.005,16.025,15.985,16.0046,144425.0
2026-01-07 17:40:00+00:00,16.0097,16.0272,15.99,16.0166,215853.0
2026-01-07 17:45:00+00:00,16.02,16.04,15.91,15.9301,320945.0
2026-01-07 17:50:00+00:00,15.934,16.0,15.92,15.9799,334878.0
2026-01-07 17:55:00+00:00,15.98,16.005,15.96,15.975,180642.0
2026-01-07 18:00:00+00:00,15.976,15.9782,15.9199,15.9499,157967.0
2026-01-07 18:05:00+00:00,15.95,16.0,15.95,15.965,136942.0
2026-01-07 18:10:00+00:00,15.965,16.03,15.95,16.025,105624.0
2026-01-07 18:15:00+00:00,16.025,16.03,16.0,16.0098,136837.0
2026-01-07 18:20:00+00:00,16.005,16.02,15.96,15.9656,190693.0
2026-01-07 18:25:00+00:00,15.9645,16.0,15.955,15.975,135542.0
2026-01-07 18:30:00+00:00,15.975,15.99,15.96,15.97,151305.0
2026-01-07 18:35:00+00:00,15.96,15.975,15.92,15.9295,86209.0
2026-01-07 18:40:00+00:00,15.925,15.985,15.925,15.975,191048.0
2026-01-07 18:45:00+00:00,15.97,15.97,15.9044,15.918,126656.0
2026-01-07 18:50:00+00:00,15.92,15.9354,15.91,15.935,78089.0
2026-01-07 18:55:00+00:00,15.935,15.946,15.885,15.945,156632.0
2026-01-07 19:00:00+00:00,15.945,15.98,15.94,15.98,120143.0
2026-01-07 19:05:00+00:00,15.985,16.015,15.94,15.945,257403.0
2026-01-07 19:10:00+00:00,15.94,15.95,15.8937,15.935,205089.0
2026-01-07 19:15:00+00:00,15.935,15.95,15.905,15.945,190972.0
2026-01-07 19:20:00+00:00,15.95,16.01,15.945,15.995,210001.0
2026-01-07 19:25:00+00:00,15.995,16.0,15.945,15.9899,204089.0
2026-01-07 19:30:00+00:00,15.99,16.05,15.99,16.0428,176679.0
2026-01-07 19:35:00+00:00,16.045,16.0499,15.9501,15.9501,232805.0
2026-01-07 19:40:00+00:00,15.95,15.97,15.925,15.97,232269.0
2026-01-07 19:45:00+00:00,15.975,16.005,15.9638,15.98,377527.0
2026-01-07 19:50:00+00:00,15.975,15.99,15.945,15.966,234759.0
2026-01-07 19:55:00+00:00,15.97,15.985,15.9402,15.955,240242.0
2026-01-07 20:00:00+00:00,15.96,15.96,15.91,15.925,260665.0
2026-01-07 20:05:00+00:00,15.925,15.93,15.865,15.874,285660.0
2026-01-07 20:10:00+00:00,15.875,15.88,15.84,15.8777,299960.0
2026-01-07 20:15:00+00:00,15.88,15.885,15.84,15.865,458112.0
2026-01-07 20:20:00+00:00,15.87,15.91,15.8,15.8,423364.0
2026-01-07 20:25:00+00:00,15.795,15.795,15.68,15.7225,1194934.0
2026-01-07 20:30:00+00:00,15.725,15.73,15.65,15.665,493181.0
2026-01-07 20:35:00+00:00,15.662,15.705,15.655,15.69,355197.0
2026-01-07 20:40:00+00:00,15.7,15.707,15.66,15.6755,375019.0
2026-01-07 20:45:00+00:00,15.68,15.6886,15.63,15.655,349775.0
2026-01-07 20:50:00+00:00,15.66,15.675,15.6,15.605,391588.0
2026-01-07 20:55:00+00:00,15.605,15.6199,15.52,15.54,954208.0
2026-01-07 21:00:00+00:00,15.55,15.7,15.5377,15.5377,1180510.0
2026-01-07 21:05:00+00:00,15.5501,15.61,15.5501,15.59,7976.0
2026-01-07 21:10:00+00:00,15.57,15.57,15.55,15.57,6566.0
2026-01-07 21:15:00+00:00,15.5448,15.57,15.54,15.54,6213.0
2026-01-07 21:20:00+00:00,15.5493,15.69,15.54,15.69,31966.0
2026-01-07 21:25:00+00:00,15.65,15.67,15.65,15.65,2901.0
2026-01-07 21:30:00+00:00,15.65,15.67,15.55,15.67,34469.0
2026-01-07 21:35:00+00:00,15.67,15.68,15.65,15.66,12565.0
2026-01-07 21:40:00+00:00,15.68,15.69,15.65,15.65,5867.0
2026-01-07 21:45:00+00:00,15.68,15.7,15.67,15.7,6333.0
2026-01-07 21:50:00+00:00,15.7,15.71,15.51,15.6,38246.0
2026-01-07 21:55:00+00:00,15.67,15.72,15.6,15.72,4937.0
2026-01-07 22:00:00+00:00,15.69,15.7968,15.69,15.7968,8778.0
2026-01-07 22:05:00+00:00,15.69,15.69,15.66,15.66,9399.0
2026-01-07 22:10:00+00:00,15.66,15.66,15.55,15.55,12125.0
2026-01-07 22:15:00+00:00,15.55,15.55,15.51,15.52,6350.0
2026-01-07 22:20:00+00:00,15.53,15.5799,15.51,15.5799,3496.0
2026-01-07 22:25:00+00:00,15.5202,15.55,15.5202,15.55,765.0
2026-01-07 22:30:00+00:00,15.54,15.56,15.54,15.54,592.0
2026-01-07 22:35:00+00:00,15.55,15.55,15.5318,15.5318,1882.0
2026-01-07 22:40:00+00:00,15.53,15.56,15.53,15.56,1405.0
2026-01-07 22:45:00+00:00,15.55,15.55,15.54,15.54,1864.0
2026-01-07 22:50:00+00:00,15.54,15.5409,15.54,15.54,2073.0
2026-01-07 22:55:00+00:00,15.53,15.56,15.53,15.56,3293.0
2026-01-07 23:00:00+00:00,15.5793,15.58,15.5775,15.58,983.0
2026-01-07 23:05:00+00:00,15.59,15.59,15.59,15.59,406.0
2026-01-07 23:10:00+00:00,15.6,15.67,15.6,15.67,3749.0
2026-01-07 23:15:00+00:00,15.66,15.66,15.66,15.66,385.0
2026-01-07 23:20:00+00:00,15.66,15.66,15.64,15.65,665.0
2026-01-07 23:25:00+00:00,15.58,15.62,15.58,15.62,805.0
2026-01-07 23:35:00+00:00,15.62,15.6245,15.6,15.6001,1608.0
2026-01-07 23:40:00+00:00,15.66,15.66,15.66,15.66,535.0
2026-01-07 23:45:00+00:00,15.61,15.61,15.6,15.6,993.0
2026-01-07 23:50:00+00:00,15.5969,15.5969,15.5969,15.5969,423.0
2026-01-07 23:55:00+00:00,15.59,15.62,15.59,15.62,566.0
2026-01-08 00:00:00+00:00,15.58,15.58,15.58,15.58,425.0
2026-01-08 00:05:00+00:00,15.6299,15.6299,15.62,15.62,511.0
2026-01-08 00:10:00+00:00,15.61,15.61,15.61,15.61,1031.0
2026-01-08 00:20:00+00:00,15.61,15.61,15.58,15.61,917.0
2026-01-08 00:25:00+00:00,15.58,15.58,15.58,15.58,500.0
2026-01-08 00:30:00+00:00,15.58,15.58,15.56,15.56,1507.0
2026-01-08 00:35:00+00:00,15.56,15.56,15.56,15.56,1028.0
2026-01-08 00:40:00+00:00,15.59,15.59,15.56,15.57,698.0
2026-01-08 00:45:00+00:00,15.56,15.56,15.55,15.55,2069.0
2026-01-08 00:55:00+00:00,15.56,15.59,15.56,15.59,857.0
2026-01-08 09:00:00+00:00,15.56,15.56,15.51,15.56,2949.0
2026-01-08 09:05:00+00:00,15.56,15.56,15.56,15.56,1750.0
2026-01-08 09:10:00+00:00,15.57,15.57,15.57,15.57,242.0
2026-01-08 09:20:00+00:00,15.57,15.57,15.55,15.55,3135.0
2026-01-08 09:25:00+00:00,15.55,15.56,15.55,15.56,1702.0
2026-01-08 09:35:00+00:00,15.56,15.56,15.56,15.56,500.0
2026-01-08 09:45:00+00:00,15.55,15.55,15.54,15.54,2297.0
2026-01-08 09:55:00+00:00,15.53,15.53,15.52,15.52,1083.0
2026-01-08 10:00:00+00:00,15.51,15.51,15.51,15.51,397.0
2026-01-08 10:10:00+00:00,15.5,15.5,15.5,15.5,1268.0
2026-01-08 10:15:00+00:00,15.47,15.47,15.43,15.43,4084.0
2026-01-08 10:20:00+00:00,15.44,15.44,15.44,15.44,743.0
2026-01-08 10:25:00+00:00,15.44,15.44,15.44,15.44,2164.0
2026-01-08 10:40:00+00:00,15.46,15.47,15.45,15.47,3337.0
2026-01-08 10:45:00+00:00,15.47,15.47,15.47,15.47,1013.0
2026-01-08 10:50:00+00:00,15.49,15.49,15.49,15.49,401.0
2026-01-08 10:55:00+00:00,15.47,15.47,15.47,15.47,511.0
2026-01-08 11:05:00+00:00,15.5,15.5,15.5,15.5,478.0
2026-01-08 11:10:00+00:00,15.5,15.5,15.5,15.5,348.0
2026-01-08 11:15:00+00:00,15.49,15.49,15.48,15.48,473.0
2026-01-08 11:20:00+00:00,15.49,15.49,15.49,15.49,101.0
2026-01-08 11:30:00+00:00,15.48,15.48,15.46,15.48,5553.0
2026-01-08 11:45:00+00:00,15.49,15.49,15.49,15.49,207.0
2026-01-08 11:50:00+00:00,15.48,15.5,15.48,15.5,1008.0
2026-01-08 12:00:00+00:00,15.5,15.5,15.5,15.5,2628.0
2026-01-08 12:05:00+00:00,15.49,15.5,15.49,15.49,3922.0
2026-01-08 12:10:00+00:00,15.495,15.509,15.495,15.509,542.0
2026-01-08 12:15:00+00:00,15.51,15.54,15.51,15.539,4456.0
2026-01-08 12:20:00+00:00,15.55,15.55,15.549,15.55,1242.0
2026-01-08 12:25:00+00:00,15.55,15.56,15.55,15.56,2376.0
2026-01-08 12:30:00+00:00,15.59,15.59,15.57,15.57,2982.0
2026-01-08 12:35:00+00:00,15.56,15.58,15.54,15.58,4012.0
2026-01-08 12:40:00+00:00,15.57,15.57,15.57,15.57,212.0
2026-01-08 12:45:00+00:00,15.58,15.59,15.58,15.59,1101.0
2026-01-08 12:50:00+00:00,15.6,15.721,15.6,15.69,13909.0
2026-01-08 12:55:00+00:00,15.71,15.74,15.7,15.74,7999.0
2026-01-08 13:00:00+00:00,15.5098,15.76,15.35,15.72,155493.0
2026-01-08 13:05:00+00:00,15.71,15.8,15.7097,15.78,16941.0
2026-01-08 13:10:00+00:00,15.78,15.84,15.77,15.8268,15184.0
2026-01-08 13:15:00+00:00,15.82,15.83,15.78,15.82,31161.0
2026-01-08 13:20:00+00:00,15.8,15.82,15.77,15.77,14140.0
2026-01-08 13:25:00+00:00,15.7797,15.79,15.76,15.79,10902.0
2026-01-08 13:30:00+00:00,15.7898,15.79,15.74,15.74,17621.0
2026-01-08 13:35:00+00:00,15.7402,15.76,15.74,15.76,12516.0
2026-01-08 13:40:00+00:00,15.75,15.79,15.75,15.78,5336.0
2026-01-08 13:45:00+00:00,15.77,15.77,15.71,15.7294,15316.0
2026-01-08 13:50:00+00:00,15.7295,15.73,15.6994,15.6994,5789.0
2026-01-08 13:55:00+00:00,15.69,15.72,15.69,15.7,5398.0
2026-01-08 14:00:00+00:00,15.7,15.71,15.6701,15.71,12209.0
2026-01-08 14:05:00+00:00,15.7044,15.72,15.6901,15.7,7602.0
2026-01-08 14:10:00+00:00,15.7,15.71,15.7,15.71,8131.0
2026-01-08 14:15:00+00:00,15.71,15.75,15.7,15.7416,12884.0
2026-01-08 14:20:00+00:00,15.74,15.74,15.66,15.66,13432.0
2026-01-08 14:25:00+00:00,15.66,15.69,15.63,15.63,18060.0
2026-01-08 14:30:00+00:00,15.62,15.92,15.425,15.815,760734.0
2026-01-08 14:35:00+00:00,15.815,16.155,15.8,16.095,1467512.0
2026-01-08 14:40:00+00:00,16.095,16.28,15.94,16.0701,1361159.0
2026-01-08 14:45:00+00:00,16.075,16.26,16.065,16.195,1132189.0
2026-01-08 14:50:00+00:00,16.2,16.2,15.8332,15.915,680312.0
2026-01-08 14:55:00+00:00,15.915,15.955,15.77,15.9045,468698.0
2026-01-08 15:00:00+00:00,15.9,15.92,15.76,15.84,421753.0
2026-01-08 15:05:00+00:00,15.845,15.98,15.805,15.9401,637204.0
2026-01-08 15:10:00+00:00,15.944,16.045,15.92,15.965,503591.0
2026-01-08 15:15:00+00:00,15.9651,16.155,15.91,16.1344,825753.0
2026-01-08 15:20:00+00:00,16.14,16.235,16.13,16.225,954753.0
2026-01-08 15:25:00+00:00,16.22,16.23,16.0,16.04,564703.0
2026-01-08 15:30:00+00:00,16.04,16.16,16.03,16.14,507013.0
2026-01-08 15:35:00+00:00,16.135,16.155,15.86,15.8699,755642.0
2026-01-08 15:40:00+00:00,15.865,15.94,15.84,15.87,328647.0
2026-01-08 15:45:00+00:00,15.88,15.89,15.66,15.675,334843.0
2026-01-08 15:50:00+00:00,15.685,15.71,15.635,15.655,551429.0
2026-01-08 15:55:00+00:00,15.655,15.79,15.645,15.775,370151.0
2026-01-08 16:00:00+00:00,15.775,15.795,15.735,15.7601,243916.0
2026-01-08 16:05:00+00:00,15.765,15.765,15.615,15.6254,207050.0
2026-01-08 16:10:00+00:00,15.625,15.7201,15.61,15.6446,159090.0
2026-01-08 16:15:00+00:00,15.645,15.67,15.6124,15.655,184196.0
2026-01-08 16:20:00+00:00,15.655,15.79,15.655,15.76,237612.0
2026-01-08 16:25:00+00:00,15.765,15.95,15.755,15.95,346251.0
2026-01-08 16:30:00+00:00,15.9503,16.055,15.94,16.044,687517.0
2026-01-08 16:35:00+00:00,16.04,16.105,15.94,15.944,623196.0
2026-01-08 16:40:00+00:00,15.945,15.98,15.873,15.975,278964.0
2026-01-08 16:45:00+00:00,15.9744,16.0,15.965,15.995,396534.0
2026-01-08 16:50:00+00:00,15.9998,16.03,15.97,16.0032,514154.0
2026-01-08 16:55:00+00:00,16.005,16.075,15.99,16.025,728235.0
2026-01-08 17:00:00+00:00,16.025,16.045,15.98,16.015,226065.0
2026-01-08 17:05:00+00:00,16.01,16.0198,15.93,15.95,291461.0
2026-01-08 17:10:00+00:00,15.95,15.99,15.935,15.95,342458.0
2026-01-08 17:15:00+00:00,15.955,15.96,15.86,15.91,480323.0
2026-01-08 17:20:00+00:00,15.915,15.94,15.84,15.84,228970.0
2026-01-08 17:25:00+00:00,15.845,15.855,15.7307,15.755,194065.0
2026-01-08 17:30:00+00:00,15.76,15.76,15.52,15.535,503683.0
2026-01-08 17:35:00+00:00,15.53,15.69,15.53,15.685,350450.0
2026-01-08 17:40:00+00:00,15.684,15.75,15.6801,15.7434,298537.0
2026-01-08 17:45:00+00:00,15.745,15.8,15.71,15.795,266721.0
2026-01-08 17:50:00+00:00,15.8,15.9,15.785,15.865,571881.0
2026-01-08 17:55:00+00:00,15.87,15.885,15.815,15.854,411484.0
2026-01-08 18:00:00+00:00,15.8511,15.8647,15.74,15.745,183408.0
2026-01-08 18:05:00+00:00,15.75,15.75,15.68,15.695,130893.0
2026-01-08 18:10:00+00:00,15.7,15.725,15.66,15.695,253450.0
2026-01-08 18:15:00+00:00,15.7,15.7,15.645,15.685,98324.0
2026-01-08 18:20:00+00:00,15.68,15.735,15.675,15.68,190906.0
2026-01-08 18:25:00+00:00,15.675,15.69,15.63,15.645,68223.0
2026-01-08 18:30:00+00:00,15.65,15.65,15.541,15.55,104043.0
2026-01-08 18:35:00+00:00,15.555,15.57,15.51,15.51,144529.0
2026-01-08 18:40:00+00:00,15.51,15.555,15.49,15.525,180983.0
2026-01-08 18:45:00+00:00,15.5299,15.53,15.49,15.495,195171.0
2026-01-08 18:50:00+00:00,15.496,15.505,15.46,15.46,113875.0
2026-01-08 18:55:00+00:00,15.46,15.46,15.33,15.415,353414.0
2026-01-08 19:00:00+00:00,15.42,15.52,15.42,15.475,243825.0
2026-01-08 19:05:00+00:00,15.48,15.495,15.405,15.4099,171051.0
2026-01-08 19:10:00+00:00,15.405,15.4054,15.31,15.315,205078.0
2026-01-08 19:15:00+00:00,15.315,15.32,15.25,15.285,246926.0
2026-01-08 19:20:00+00:00,15.2899,15.3964,15.285,15.34,198947.0
2026-01-08 19:25:00+00:00,15.34,15.38,15.3,15.34,158426.0
2026-01-08 19:30:00+00:00,15.335,15.377,15.255,15.265,169528.0
2026-01-08 19:35:00+00:00,15.27,15.29,15.22,15.235,161892.0
2026-01-08 19:40:00+00:00,15.2346,15.2962,15.22,15.295,148947.0
2026-01-08 19:45:00+00:00,15.295,15.39,15.28,15.39,412066.0
2026-01-08 19:50:00+00:00,15.3865,15.45,15.365,15.38,462140.0
2026-01-08 19:55:00+00:00,15.37,15.37,15.275,15.325,313890.0
2026-01-08 20:00:00+00:00,15.325,15.335,15.235,15.3265,351878.0
2026-01-08 20:05:00+00:00,15.325,15.36,15.305,15.315,550315.0
2026-01-08 20:10:00+00:00,15.315,15.37,15.29,15.325,367841.0
2026-01-08 20:15:00+00:00,15.33,15.3457,15.265,15.29,339445.0
2026-01-08 20:20:00+00:00,15.29,15.3,15.18,15.1847,210905.0
2026-01-08 20:25:00+00:00,15.185,15.23,15.1705,15.205,224110.0
2026-01-08 20:30:00+00:00,15.21,15.255,15.18,15.255,267905.0
2026-01-08 20:35:00+00:00,15.26,15.295,15.23,15.235,428838.0
2026-01-08 20:40:00+00:00,15.235,15.245,15.175,15.195,268357.0
2026-01-08 20:45:00+00:00,15.1951,15.325,15.195,15.285,465987.0
2026-01-08 20:50:00+00:00,15.28,15.28,15.21,15.2409,370979.0
2026-01-08 20:55:00+00:00,15.24,15.33,15.235,15.26,982142.0
2026-01-08 21:00:00+00:00,15.25,15.33,15.25,15.3288,936991.0
2026-01-08 21:05:00+00:00,15.29,15.33,15.25,15.3,44469.0
2026-01-08 21:10:00+00:00,15.31,15.33,15.31,15.32,890775.0
2026-01-08 21:15:00+00:00,15.32,15.32,15.27,15.27,5293.0
2026-01-08 21:20:00+00:00,15.3,15.3,15.2703,15.2703,3160.0
2026-01-08 21:25:00+00:00,15.29,15.29,15.27,15.27,1516.0
2026-01-08 21:30:00+00:00,15.27,15.28,15.26,15.26,3947.0
2026-01-08 21:35:00+00:00,15.29,15.29,15.2894,15.2894,1111.0
2026-01-08 21:40:00+00:00,15.29,15.31,15.29,15.31,3377.0
2026-01-08 21:45:00+00:00,15.3097,15.31,15.29,15.3,6381.0
2026-01-08 21:50:00+00:00,15.31,15.31,15.3,15.31,2988.0
2026-01-08 21:55:00+00:00,15.3,15.3,15.28,15.29,3582.0
2026-01-08 22:00:00+00:00,15.29,15.29,15.29,15.29,1131.0
2026-01-08 22:05:00+00:00,15.3,15.31,15.3,15.31,9648.0
2026-01-08 22:10:00+00:00,15.3,15.3,15.29,15.3,3979.0
2026-01-08 22:15:00+00:00,15.2904,15.2904,15.2904,15.2904,1006.0
2026-01-08 22:20:00+00:00,15.31,15.31,15.31,15.31,1393.0
2026-01-08 22:25:00+00:00,15.31,15.31,15.3,15.31,1256.0
2026-01-08 22:30:00+00:00,15.31,15.31,15.31,15.31,7134.0
2026-01-08 22:35:00+00:00,15.31,15.35,15.31,15.32,3988.0
2026-01-08 22:40:00+00:00,15.35,15.35,15.35,15.35,218.0
2026-01-08 22:45:00+00:00,15.32,15.36,15.32,15.32,2264.0
2026-01-08 22:50:00+00:00,15.3216,15.3699,15.32,15.3541,4756.0
2026-01-08 22:55:00+00:00,15.36,15.36,15.3206,15.3206,1699.0
2026-01-08 23:00:00+00:00,15.33,15.34,15.33,15.33,2224.0
2026-01-08 23:05:00+00:00,15.35,15.35,15.3402,15.3402,421.0
2026-01-08 23:10:00+00:00,15.34,15.37,15.34,15.37,1865.0
2026-01-08 23:15:00+00:00,15.32,15.3201,15.32,15.3201,5928.0
2026-01-08 23:20:00+00:00,15.36,15.36,15.36,15.36,231.0
2026-01-08 23:25:00+00:00,15.35,15.3599,15.3,15.3599,1583.0
2026-01-08 23:30:00+00:00,15.3599,15.36,15.3598,15.36,2668.0
2026-01-08 23:35:00+00:00,15.35,15.35,15.35,15.35,1028.0
2026-01-08 23:45:00+00:00,15.355,15.355,15.355,15.355,158.0
2026-01-08 23:50:00+00:00,15.32,15.36,15.32,15.36,1025.0
2026-01-09 00:00:00+00:00,15.32,15.32,15.32,15.32,615.0
2026-01-09 00:05:00+00:00,15.36,15.36,15.34,15.34,410.0
2026-01-09 00:10:00+00:00,15.35,15.35,15.35,15.35,965.0
2026-01-09 00:15:00+00:00,15.34,15.34,15.33,15.33,604.0
2026-01-09 00:20:00+00:00,15.32,15.32,15.32,15.32,142.0
2026-01-09 00:25:00+00:00,15.35,15.36,15.342,15.3587,1920.0
2026-01-09 00:30:00+00:00,15.35,15.35,15.35,15.35,100.0
2026-01-09 00:35:00+00:00,15.34,15.34,15.34,15.34,131.0
2026-01-09 00:40:00+00:00,15.339,15.34,15.339,15.34,632.0
2026-01-09 00:45:00+00:00,15.35,15.35,15.34,15.35,1325.0
2026-01-09 00:50:00+00:00,15.36,15.36,15.36,15.36,515.0
2026-01-09 00:55:00+00:00,15.34,15.36,15.34,15.34,1768.0
2026-01-09 09:00:00+00:00,15.36,15.37,15.32,15.32,5034.0
2026-01-09 09:05:00+00:00,15.35,15.35,15.35,15.35,954.0
2026-01-09 09:10:00+00:00,15.34,15.34,15.34,15.34,816.0
2026-01-09 09:20:00+00:00,15.34,15.35,15.34,15.35,2134.0
2026-01-09 09:25:00+00:00,15.35,15.35,15.35,15.35,4592.0
2026-01-09 09:30:00+00:00,15.37,15.37,15.37,15.37,188.0
2026-01-09 09:35:00+00:00,15.38,15.38,15.38,15.38,232.0
2026-01-09 09:40:00+00:00,15.38,15.39,15.35,15.38,2655.0
2026-01-09 09:50:00+00:00,15.38,15.38,15.38,15.38,1618.0
2026-01-09 09:55:00+00:00,15.39,15.4,15.39,15.39,1425.0
2026-01-09 10:00:00+00:00,15.4,15.42,15.4,15.4,5967.0
2026-01-09 10:05:00+00:00,15.39,15.39,15.385,15.385,623.0
2026-01-09 10:10:00+00:00,15.36,15.38,15.36,15.38,670.0
2026-01-09 10:15:00+00:00,15.39,15.4,15.38,15.38,1007.0
2026-01-09 10:20:00+00:00,15.39,15.39,15.39,15.39,1274.0
2026-01-09 10:25:00+00:00,15.4,15.41,15.38,15.39,2681.0
2026-01-09 10:30:00+00:00,15.41,15.41,15.38,15.4,4248.0
2026-01-09 10:35:00+00:00,15.4,15.4,15.38,15.38,1529.0
2026-01-09 10:40:00+00:00,15.38,15.38,15.37,15.37,934.0
2026-01-09 10:45:00+00:00,15.38,15.4,15.38,15.4,968.0
2026-01-09 10:50:00+00:00,15.4,15.4,15.38,15.38,1500.0
2026-01-09 10:55:00+00:00,15.39,15.39,15.39,15.39,523.0
2026-01-09 11:05:00+00:00,15.41,15.43,15.4,15.43,2575.0
2026-01-09 11:10:00+00:00,15.44,15.46,15.44,15.46,1373.0
2026-01-09 11:15:00+00:00,15.48,15.49,15.45,15.47,2667.0
2026-01-09 11:20:00+00:00,15.48,15.48,15.47,15.47,4050.0
2026-01-09 11:25:00+00:00,15.47,15.49,15.47,15.47,3140.0
2026-01-09 11:30:00+00:00,15.47,15.48,15.45,15.45,2665.0
2026-01-09 11:35:00+00:00,15.46,15.47,15.46,15.47,3541.0
2026-01-09 11:40:00+00:00,15.48,15.49,15.47,15.47,4109.0
2026-01-09 11:45:00+00:00,15.48,15.48,15.46,15.47,4369.0
2026-01-09 11:50:00+00:00,15.46,15.47,15.46,15.47,2475.0
2026-01-09 11:55:00+00:00,15.45,15.47,15.44,15.44,2573.0
2026-01-09 12:00:00+00:00,15.43,15.48,15.43,15.47,8147.0
2026-01-09 12:05:00+00:00,15.48,15.48,15.471,15.48,767.0
2026-01-09 12:10:00+00:00,15.48,15.48,15.45,15.47,2681.0
2026-01-09 12:15:00+00:00,15.5,15.54,15.5,15.53,3824.0
2026-01-09 12:20:00+00:00,15.54,15.549,15.54,15.549,812.0
2026-01-09 12:25:00+00:00,15.54,15.55,15.54,15.55,3602.0
2026-01-09 12:30:00+00:00,15.57,15.57,15.55,15.55,7629.0
2026-01-09 12:35:00+00:00,15.551,15.551,15.551,15.551,385.0
2026-01-09 12:40:00+00:00,15.57,15.57,15.56,15.56,1262.0
2026-01-09 12:45:00+00:00,15.58,15.62,15.58,15.62,10796.0
2026-01-09 12:50:00+00:00,15.62,15.63,15.6,15.6,3241.0
2026-01-09 12:55:00+00:00,15.62,15.635,15.62,15.635,6792.0
2026-01-09 13:00:00+00:00,15.47,15.64,15.33,15.59,151575.0
2026-01-09 13:05:00+00:00,15.59,15.62,15.5501,15.56,14505.0
2026-01-09 13:10:00+00:00,15.5599,15.56,15.55,15.55,6563.0
2026-01-09 13:15:00+00:00,15.555,15.5796,15.52,15.56,8507.0
2026-01-09 13:20:00+00:00,15.5748,15.5855,15.55,15.56,7578.0
2026-01-09 13:25:00+00:00,15.55,15.55,15.53,15.53,10497.0
2026-01-09 13:30:00+00:00,15.56,15.5981,15.56,15.58,8946.0
2026-01-09 13:35:00+00:00,15.6,15.64,15.57,15.59,17426.0
2026-01-09 13:40:00+00:00,15.6,15.64,15.6,15.63,13747.0
2026-01-09 13:45:00+00:00,15.63,15.64,15.56,15.56,11213.0
2026-01-09 13:50:00+00:00,15.56,15.5601,15.52,15.55,16977.0
2026-01-09 13:55:00+00:00,15.54,15.54,15.52,15.5286,4465.0
2026-01-09 14:00:00+00:00,15.53,15.53,15.5,15.51,22649.0
2026-01-09 14:05:00+00:00,15.51,15.5199,15.47,15.4704,28883.0
2026-01-09 14:10:00+00:00,15.47,15.48,15.45,15.4501,12482.0
2026-01-09 14:15:00+00:00,15.45,15.49,15.45,15.46,10487.0
2026-01-09 14:20:00+00:00,15.48,15.48,15.39,15.42,31664.0
2026-01-09 14:25:00+00:00,15.42,15.46,15.38,15.45,84354.0
2026-01-09 14:30:00+00:00,15.42,15.46,15.1,15.1498,626500.0
2026-01-09 14:35:00+00:00,15.13,15.34,15.01,15.3083,439222.0
2026-01-09 14:40:00+00:00,15.3067,15.4499,15.2701,15.315,306347.0
2026-01-09 14:45:00+00:00,15.3101,15.44,15.2,15.25,396349.0
2026-01-09 14:50:00+00:00,15.25,15.31,15.175,15.2614,244678.0
2026-01-09 14:55:00+00:00,15.2644,15.29,15.16,15.21,215595.0
2026-01-09 15:00:00+00:00,15.21,15.23,15.03,15.08,287461.0
2026-01-09 15:05:00+00:00,15.08,15.115,14.96,15.035,454375.0
2026-01-09 15:10:00+00:00,15.0365,15.13,15.0102,15.065,431731.0
2026-01-09 15:15:00+00:00,15.07,15.1599,15.045,15.125,306422.0
2026-01-09 15:20:00+00:00,15.13,15.27,15.12,15.2255,418948.0
2026-01-09 15:25:00+00:00,15.22,15.525,15.18,15.505,589316.0
2026-01-09 15:30:00+00:00,15.525,15.57,15.46,15.54,536840.0
2026-01-09 15:35:00+00:00,15.54,15.555,15.37,15.37,302857.0
2026-01-09 15:40:00+00:00,15.365,15.3741,15.29,15.2947,220854.0
2026-01-09 15:45:00+00:00,15.3,15.335,15.16,15.1676,256457.0
2026-01-09 15:50:00+00:00,15.16,15.185,15.045,15.08,288723.0
2026-01-09 15:55:00+00:00,15.07,15.205,15.07,15.1999,241694.0
2026-01-09 16:00:00+00:00,15.205,15.26,15.18,15.24,230549.0
2026-01-09 16:05:00+00:00,15.25,15.265,15.19,15.225,144639.0
2026-01-09 16:10:00+00:00,15.23,15.28,15.19,15.275,208450.0
2026-01-09 16:15:00+00:00,15.275,15.28,15.17,15.255,424443.0
2026-01-09 16:20:00+00:00,15.2525,15.335,15.2501,15.335,353310.0
2026-01-09 16:25:00+00:00,15.3303,15.4,15.2901,15.4,409876.0
2026-01-09 16:30:00+00:00,15.395,15.49,15.395,15.45,507925.0
2026-01-09 16:35:00+00:00,15.4499,15.48,15.4,15.455,401268.0
2026-01-09 16:40:00+00:00,15.4626,15.57,15.4501,15.5684,666180.0
2026-01-09 16:45:00+00:00,15.56,15.66,15.54,15.65,715586.0
2026-01-09 16:50:00+00:00,15.655,15.77,15.62,15.765,724503.0
2026-01-09 16:55:00+00:00,15.765,15.8799,15.76,15.875,720625.0
2026-01-09 17:00:00+00:00,15.875,15.95,15.84,15.93,818449.0
2026-01-09 17:05:00+00:00,15.93,15.97,15.86,15.875,569154.0
2026-01-09 17:10:00+00:00,15.875,15.9,15.75,15.81,279993.0
2026-01-09 17:15:00+00:00,15.805,15.825,15.745,15.79,195154.0
2026-01-09 17:20:00+00:00,15.78,15.908,15.7769,15.908,516637.0
2026-01-09 17:25:00+00:00,15.905,15.94,15.84,15.9294,506488.0
2026-01-09 17:30:00+00:00,15.93,16.01,15.9244,15.96,762779.0
2026-01-09 17:35:00+00:00,15.96,16.005,15.935,15.96,405601.0
2026-01-09 17:40:00+00:00,15.96,15.96,15.89,15.925,168975.0
2026-01-09 17:45:00+00:00,15.93,15.96,15.92,15.935,322392.0
2026-01-09 17:50:00+00:00,15.9329,15.935,15.815,15.815,225585.0
2026-01-09 17:55:00+00:00,15.815,15.83,15.76,15.7646,343584.0
2026-01-09 18:00:00+00:00,15.76,15.76,15.63,15.65,336784.0
2026-01-09 18:05:00+00:00,15.6559,15.7,15.6,15.65,315571.0
2026-01-09 18:10:00+00:00,15.65,15.66,15.6,15.6086,398257.0
2026-01-09 18:15:00+00:00,15.605,15.61,15.47,15.5086,311401.0
2026-01-09 18:20:00+00:00,15.51,15.5799,15.49,15.555,369117.0
2026-01-09 18:25:00+00:00,15.5572,15.577,15.4914,15.5621,175874.0
2026-01-09 18:30:00+00:00,15.569,15.66,15.535,15.65,385269.0
2026-01-09 18:35:00+00:00,15.65,15.79,15.65,15.775,630885.0
2026-01-09 18:40:00+00:00,15.77,15.77,15.67,15.69,378525.0
2026-01-09 18:45:00+00:00,15.685,15.8,15.6801,15.795,505668.0
2026-01-09 18:50:00+00:00,15.8,15.81,15.75,15.795,511662.0
2026-01-09 18:55:00+00:00,15.8,15.8,15.725,15.74,259368.0
2026-01-09 19:00:00+00:00,15.73,15.735,15.62,15.67,355063.0
2026-01-09 19:05:00+00:00,15.675,15.7099,15.655,15.6724,484752.0
2026-01-09 19:10:00+00:00,15.675,15.679,15.5601,15.575,135562.0
2026-01-09 19:15:00+00:00,15.575,15.58,15.53,15.565,199902.0
2026-01-09 19:20:00+00:00,15.565,15.565,15.485,15.515,271872.0
2026-01-09 19:25:00+00:00,15.51,15.5299,15.475,15.485,300069.0
2026-01-09 19:30:00+00:00,15.485,15.5,15.41,15.415,374525.0
2026-01-09 19:35:00+00:00,15.41,15.43,15.39,15.4,314915.0
2026-01-09 19:40:00+00:00,15.4,15.4,15.3401,15.385,371318.0
2026-01-09 19:45:00+00:00,15.385,15.46,15.375,15.445,302731.0
2026-01-09 19:50:00+00:00,15.445,15.5199,15.435,15.4441,417257.0
2026-01-09 19:55:00+00:00,15.4476,15.4476,15.34,15.355,282123.0
2026-01-09 20:00:00+00:00,15.355,15.44,15.285,15.435,585152.0
2026-01-09 20:05:00+00:00,15.44,15.455,15.375,15.375,560345.0
2026-01-09 20:10:00+00:00,15.375,15.38,15.2932,15.315,583281.0
2026-01-09 20:15:00+00:00,15.32,15.34,15.25,15.29,583024.0
2026-01-09 20:20:00+00:00,15.2908,15.305,15.21,15.2256,395282.0
2026-01-09 20:25:00+00:00,15.225,15.23,15.2,15.215,327252.0
2026-01-09 20:30:00+00:00,15.21,15.26,15.19,15.2593,416749.0
2026-01-09 20:35:00+00:00,15.25,15.3,15.22,15.245,555263.0
2026-01-09 20:40:00+00:00,15.245,15.34,15.245,15.305,511284.0
2026-01-09 20:45:00+00:00,15.31,15.395,15.3001,15.385,590900.0
2026-01-09 20:50:00+00:00,15.38,15.4283,15.345,15.395,549922.0
2026-01-09 20:55:00+00:00,15.39,15.4,15.295,15.39,1095987.0
2026-01-09 21:00:00+00:00,15.39,15.51,15.31,15.398,870133.0
2026-01-09 21:05:00+00:00,15.4104,15.43,15.4,15.43,3832.0
2026-01-09 21:10:00+00:00,15.39,15.47,15.39,15.47,9286.0
2026-01-09 21:15:00+00:00,15.46,15.46,15.41,15.43,3826.0
2026-01-09 21:20:00+00:00,15.43,15.43,15.41,15.42,3948.0
2026-01-09 21:25:00+00:00,15.43,15.46,15.43,15.43,3174.0
2026-01-09 21:30:00+00:00,15.43,15.47,15.43,15.47,2871.0
2026-01-09 21:35:00+00:00,15.39,15.45,15.39,15.44,13475.0
2026-01-09 21:40:00+00:00,15.43,15.43,15.41,15.43,833.0
2026-01-09 21:45:00+00:00,15.39,15.4101,15.39,15.4101,1302.0
2026-01-09 21:50:00+00:00,15.41,15.41,15.41,15.41,201.0
2026-01-09 21:55:00+00:00,15.41,15.41,15.4,15.4,1545.0
2026-01-09 22:00:00+00:00,15.4,15.44,15.4,15.4288,8453.0
2026-01-09 22:05:00+00:00,15.39,15.4,15.39,15.39,932.0
2026-01-09 22:10:00+00:00,15.4,15.4,15.39,15.3907,2492.0
2026-01-09 22:15:00+00:00,15.39,15.43,15.39,15.43,445.0
2026-01-09 22:20:00+00:00,15.43,15.4371,15.43,15.4371,535.0
2026-01-09 22:30:00+00:00,15.415,15.44,15.415,15.42,878.0
2026-01-09 22:35:00+00:00,15.44,15.44,15.4148,15.421,3114.0
2026-01-09 22:40:00+00:00,15.44,15.4999,15.4395,15.47,22783.0
2026-01-09 22:45:00+00:00,15.5,15.5,15.42,15.44,33196.0
2026-01-09 22:50:00+00:00,15.44,15.47,15.43,15.47,3068.0
2026-01-09 22:55:00+00:00,15.46,15.47,15.4372,15.4552,3834.0
2026-01-09 23:00:00+00:00,15.4416,15.4416,15.44,15.44,773.0
2026-01-09 23:05:00+00:00,15.44,15.45,15.44,15.45,584.0
2026-01-09 23:10:00+00:00,15.43,15.45,15.43,15.4301,1028.0
2026-01-09 23:15:00+00:00,15.44,15.45,15.44,15.45,1943.0
2026-01-09 23:20:00+00:00,15.45,15.46,15.44,15.46,806.0
2026-01-09 23:25:00+00:00,15.45,15.45,15.44,15.44,301.0
2026-01-09 23:30:00+00:00,15.46,15.46,15.46,15.46,247.0
2026-01-09 23:35:00+00:00,15.44,15.44,15.43,15.43,820.0
2026-01-09 23:40:00+00:00,15.46,15.46,15.46,15.46,202.0
2026-01-09 23:45:00+00:00,15.46,15.46,15.43,15.4599,2894.0
2026-01-09 23:50:00+00:00,15.4599,15.4599,15.45,15.45,5179.0
2026-01-09 23:55:00+00:00,15.43,15.46,15.43,15.46,527.0
2026-01-10 00:00:00+00:00,15.4536,15.4536,15.4536,15.4536,204.0
2026-01-10 00:05:00+00:00,15.45,15.45,15.45,15.45,1205.0
2026-01-10 00:10:00+00:00,15.46,15.46,15.46,15.46,537.0
2026-01-10 00:15:00+00:00,15.47,15.47,15.47,15.47,252.0
2026-01-10 00:20:00+00:00,15.46,15.46,15.46,15.46,105.0
2026-01-10 00:25:00+00:00,15.47,15.47,15.45,15.45,1391.0
2026-01-10 00:30:00+00:00,15.46,15.46,15.4599,15.4599,1444.0
2026-01-10 00:35:00+00:00,15.46,15.46,15.4568,15.4568,232.0
2026-01-10 00:40:00+00:00,15.46,15.46,15.46,15.46,176.0
2026-01-10 00:50:00+00:00,15.44,15.44,15.44,15.44,1789.0
2026-01-10 00:55:00+00:00,15.44,15.46,15.44,15.4595,2263.0
