date,open,high,low,close,volume
2026-07-13 14:40:00+00:00,534.3599853515625,535.6400146484375,534.22998046875,535.4249877929688,0
2026-07-13 14:45:00+00:00,535.3800048828125,535.77001953125,534.9299926757812,535.2899780273438,15014
2026-07-13 14:50:00+00:00,535.0900268554688,536.3200073242188,534.530029296875,536.1599731445312,19721
2026-07-13 14:55:00+00:00,536.2100219726562,536.4099731445312,535.02001953125,535.4699096679688,18789
2026-07-13 15:00:00+00:00,535.030029296875,535.1500244140625,534.2150268554688,534.5399780273438,11905
2026-07-13 15:05:00+00:00,534.469970703125,534.8400268554688,534.1699829101562,534.6199951171875,11467
2026-07-13 15:10:00+00:00,534.5599975585938,534.97998046875,534.5599975585938,534.760009765625,12191
2026-07-13 15:15:00+00:00,534.7050170898438,535.510009765625,534.5499877929688,535.4000244140625,22113
2026-07-13 15:20:00+00:00,535.2899780273438,535.4190063476562,534.5800170898438,534.8099975585938,16298
2026-07-13 15:25:00+00:00,534.6900024414062,534.8900146484375,534.2650146484375,534.5700073242188,18650
2026-07-13 15:30:00+00:00,534.5750122070312,534.9199829101562,534.3300170898438,534.844970703125,23281
2026-07-13 15:35:00+00:00,534.77001953125,534.97998046875,534.344970703125,534.5150146484375,16982
2026-07-13 15:40:00+00:00,534.4924926757812,535.8900146484375,534.2000122070312,534.9199829101562,114508
2026-07-13 15:45:00+00:00,534.6300048828125,535.9099731445312,534.6300048828125,535.8300170898438,9983
2026-07-13 15:50:00+00:00,535.719970703125,535.8099975585938,535.2000122070312,535.5399780273438,15867
2026-07-13 15:55:00+00:00,535.6651000976562,535.77001953125,534.15478515625,534.15478515625,16390
2026-07-13 16:00:00+00:00,534.566162109375,535.6799926757812,534.4000244140625,535.3300170898438,18672
2026-07-13 16:05:00+00:00,535.4982299804688,536.1599731445312,535.4500122070312,535.5499877929688,8807
2026-07-13 16:10:00+00:00,535.5999755859375,535.75,535.0,535.530029296875,11783
2026-07-13 16:15:00+00:00,535.530029296875,535.9000244140625,535.0267333984375,535.25,18135
2026-07-13 16:20:00+00:00,535.4398803710938,536.280029296875,535.3300170898438,536.0800170898438,9018
2026-07-13 16:25:00+00:00,536.1099853515625,536.489990234375,535.2949829101562,535.2949829101562,12655
2026-07-13 16:30:00+00:00,535.280029296875,535.719970703125,535.280029296875,535.6500244140625,7803
2026-07-13 16:35:00+00:00,535.6699829101562,536.8250122070312,535.52001953125,536.5599975585938,20804
2026-07-13 16:40:00+00:00,536.5,537.3499755859375,536.280029296875,537.094970703125,14494
2026-07-13 16:45:00+00:00,537.2000122070312,538.3499755859375,537.135009765625,538.2796020507812,53876
2026-07-13 16:50:00+00:00,538.3499755859375,538.739990234375,537.7999877929688,537.8701171875,31524
2026-07-13 16:55:00+00:00,537.9796752929688,538.25,537.469970703125,537.9000244140625,18457
2026-07-13 17:00:00+00:00,537.885009765625,538.1099853515625,537.594970703125,538.02001953125,20098
2026-07-13 17:05:00+00:00,538.030029296875,538.1300048828125,537.6900024414062,537.7249755859375,9690
2026-07-13 17:10:00+00:00,537.7249755859375,538.0,537.0700073242188,537.2000122070312,30417
2026-07-13 17:15:00+00:00,537.2999877929688,537.8300170898438,537.2999877929688,537.5599975585938,9346
2026-07-13 17:20:00+00:00,537.6500244140625,538.8599853515625,537.6500244140625,538.52001953125,15121
2026-07-13 17:25:00+00:00,538.5499877929688,539.0599975585938,538.5499877929688,538.8599853515625,23449
2026-07-13 17:30:00+00:00,538.7550048828125,539.4199829101562,538.7550048828125,539.27001953125,14353
2026-07-13 17:35:00+00:00,539.27001953125,539.3200073242188,538.9199829101562,539.1400146484375,17243
2026-07-13 17:40:00+00:00,539.0900268554688,539.7449951171875,539.0349731445312,539.7449951171875,12682
2026-07-13 17:45:00+00:00,539.739990234375,539.8099975585938,539.4299926757812,539.6400146484375,8607
2026-07-13 17:50:00+00:00,539.6400146484375,539.9299926757812,539.4550170898438,539.4600219726562,18371
2026-07-13 17:55:00+00:00,539.5700073242188,539.6300048828125,538.7899780273438,539.1649780273438,9989
2026-07-13 18:00:00+00:00,539.0900268554688,539.2949829101562,539.0,539.1550903320312,11406
2026-07-13 18:05:00+00:00,539.1799926757812,539.219970703125,538.7100219726562,538.89501953125,20032
2026-07-13 18:10:00+00:00,538.8099975585938,538.9400024414062,538.347412109375,538.4500122070312,9676
2026-07-13 18:15:00+00:00,538.4099731445312,538.530029296875,538.0499877929688,538.3400268554688,8143
2026-07-13 18:20:00+00:00,538.3400268554688,538.4099731445312,537.75,537.969970703125,12360
2026-07-13 18:25:00+00:00,537.9600219726562,538.2100219726562,537.8099975585938,537.905029296875,17904
2026-07-13 18:30:00+00:00,537.9600219726562,538.1500244140625,537.2050170898438,537.5750122070312,16331
2026-07-13 18:35:00+00:00,537.530029296875,538.4099731445312,537.469970703125,538.4099731445312,17355
2026-07-13 18:40:00+00:00,538.3699951171875,538.9299926757812,538.1300048828125,538.5999755859375,13317
2026-07-13 18:45:00+00:00,538.6900024414062,538.760009765625,538.1300048828125,538.2849731445312,10027
2026-07-13 18:50:00+00:00,538.2899780273438,538.6199951171875,538.2849731445312,538.4387817382812,12139
2026-07-13 18:55:00+00:00,538.469970703125,538.469970703125,538.1699829101562,538.2899780273438,13413
2026-07-13 19:00:00+00:00,538.25,538.3150024414062,537.8900146484375,538.030029296875,14222
2026-07-13 19:05:00+00:00,538.030029296875,538.3300170898438,537.8900146484375,538.010009765625,14918
2026-07-13 19:10:00+00:00,538.010009765625,538.0900268554688,537.4600219726562,537.5250244140625,22059
2026-07-13 19:15:00+00:00,537.5250244140625,537.77001953125,537.125,537.1599731445312,23432
2026-07-13 19:20:00+00:00,537.239990234375,537.5800170898438,536.8300170898438,537.469970703125,18802
2026-07-13 19:25:00+00:00,537.4199829101562,537.8400268554688,536.9500122070312,537.5999755859375,35712
2026-07-13 19:30:00+00:00,537.64501953125,537.6599731445312,536.2000122070312,536.375,37148
2026-07-13 19:35:00+00:00,536.39501953125,536.8699951171875,536.39501953125,536.739990234375,24951
2026-07-13 19:40:00+00:00,536.7899780273438,537.3099975585938,536.5999755859375,536.6959228515625,28795
2026-07-13 19:45:00+00:00,536.6699829101562,537.030029296875,536.35498046875,536.6649780273438,37575
2026-07-13 19:50:00+00:00,536.77001953125,537.4600219726562,536.3599853515625,536.6199951171875,81098
2026-07-13 19:55:00+00:00,536.614990234375,538.1099853515625,536.47998046875,537.7899780273438,251032
2026-07-13 20:00:00+00:00,537.79,538.03,537.7,537.7,0
2026-07-13 20:05:00+00:00,537.7,537.7,535.8012,536.0153,0
2026-07-13 20:10:00+00:00,537.7,537.7,535.87,535.88,0
2026-07-13 20:15:00+00:00,537.7,538.02,537.0,537.04,0
2026-07-13 20:20:00+00:00,538.4342,538.4988,538.4342,538.4988,0
2026-07-13 20:25:00+00:00,536.6367,536.6367,535.87,535.87,0
2026-07-13 20:30:00+00:00,535.87,535.87,535.87,535.87,0
2026-07-13 20:35:00+00:00,537.6,538.5,537.07,537.8,0
2026-07-13 20:40:00+00:00,537.04,537.1532,537.04,537.07,0
2026-07-13 20:45:00+00:00,538.12,538.12,538.12,538.12,0
2026-07-13 20:50:00+00:00,537.0472,537.8,537.01,537.8,0
2026-07-13 20:55:00+00:00,537.1229,538.3354,523.2216,537.4,0
2026-07-13 21:00:00+00:00,537.88,537.88,537.88,537.88,0
2026-07-13 21:05:00+00:00,537.41,545.1395,537.05,537.05,0
2026-07-13 21:10:00+00:00,538.36,538.36,538.36,538.36,0
2026-07-13 21:15:00+00:00,521.2428,521.2428,521.2428,521.2428,0
2026-07-13 21:25:00+00:00,537.2037,538.0,537.01,537.01,0
2026-07-13 21:30:00+00:00,537.41,537.41,537.07,537.1543,0
2026-07-13 21:35:00+00:00,537.0472,537.0472,537.0472,537.0472,0
2026-07-13 21:40:00+00:00,538.4627,538.4627,537.0472,537.76,0
2026-07-13 21:50:00+00:00,537.01,537.1509,537.01,537.1509,0
2026-07-13 21:55:00+00:00,537.2,537.2,537.2,537.2,0
2026-07-13 22:00:00+00:00,537.77,538.4752,537.44,537.7,0
2026-07-13 22:05:00+00:00,538.4795,538.4795,537.7583,537.7583,0
2026-07-13 22:10:00+00:00,537.0297,537.0297,537.01,537.01,0
2026-07-13 22:15:00+00:00,537.0275,537.7,537.0275,537.61,0
2026-07-13 22:20:00+00:00,537.0342,537.23,537.0342,537.23,0
2026-07-13 22:25:00+00:00,537.23,537.23,537.23,537.23,0
2026-07-13 22:35:00+00:00,537.059,537.25,537.059,537.25,0
2026-07-13 22:40:00+00:00,537.145,537.9365,537.145,537.9365,0
2026-07-13 22:45:00+00:00,537.9365,537.9365,537.042,537.22,0
2026-07-13 22:50:00+00:00,537.6966,537.6966,537.6966,537.6966,0
2026-07-13 22:55:00+00:00,537.22,537.67,537.2,537.67,0
2026-07-13 23:00:00+00:00,537.0357,537.0357,537.0352,537.0352,0
2026-07-13 23:05:00+00:00,537.4877,537.4877,537.4877,537.4877,0
2026-07-13 23:10:00+00:00,537.4487,537.4487,537.02,537.02,0
2026-07-13 23:15:00+00:00,537.02,537.3317,537.02,537.07,0
2026-07-13 23:20:00+00:00,537.07,537.07,537.0,537.0,0
2026-07-13 23:25:00+00:00,537.1388,537.1388,536.0351,537.11,0
2026-07-13 23:30:00+00:00,537.0,537.0,535.8987,536.01,0
2026-07-13 23:35:00+00:00,535.9475,535.9475,535.896,535.93,0
2026-07-13 23:40:00+00:00,535.93,536.82,535.8945,536.7572,0
2026-07-13 23:45:00+00:00,535.9,535.9,535.9,535.9,0
2026-07-13 23:50:00+00:00,536.4,536.45,536.0,536.0,0
2026-07-13 23:55:00+00:00,536.35,536.35,536.35,536.35,0
2026-07-14 08:00:00+00:00,536.2,537.7,531.852,535.27,0
2026-07-14 08:05:00+00:00,535.0,536.27,535.0,536.23,0
2026-07-14 08:15:00+00:00,535.1,535.1,533.0,535.1,0
2026-07-14 08:25:00+00:00,535.66,535.93,535.66,535.7,0
2026-07-14 08:30:00+00:00,533.0,535.7,533.0,533.1062,0
2026-07-14 08:35:00+00:00,535.1,535.1,534.4,535.01,0
2026-07-14 08:45:00+00:00,535.55,535.55,535.01,535.01,0
2026-07-14 08:50:00+00:00,535.01,535.01,535.01,535.01,0
2026-07-14 08:55:00+00:00,534.21,535.01,534.21,535.01,0
2026-07-14 09:00:00+00:00,535.01,535.23,535.01,535.23,0
2026-07-14 09:10:00+00:00,535.06,536.4,533.5,533.5,0
2026-07-14 09:15:00+00:00,533.5,533.5,533.5,533.5,0
2026-07-14 09:20:00+00:00,535.08,535.08,535.08,535.08,0
2026-07-14 09:25:00+00:00,535.1,536.01,535.08,535.09,0
2026-07-14 09:30:00+00:00,535.0,535.0,535.0,535.0,0
2026-07-14 09:35:00+00:00,533.1062,533.1062,533.1062,533.1062,0
2026-07-14 09:45:00+00:00,533.1062,535.32,533.1062,535.32,0
2026-07-14 10:00:00+00:00,535.32,535.32,535.32,535.32,0
2026-07-14 10:10:00+00:00,535.32,535.32,535.21,535.21,0
2026-07-14 10:15:00+00:00,535.21,535.21,535.0,535.0,0
2026-07-14 10:20:00+00:00,537.7,537.7,537.7,537.7,0
2026-07-14 10:30:00+00:00,534.49,534.68,534.47,534.68,0
2026-07-14 10:35:00+00:00,533.5,533.53,533.5,533.53,0
2026-07-14 10:45:00+00:00,533.53,533.53,533.53,533.53,0
2026-07-14 10:50:00+00:00,534.72,534.72,534.68,534.68,0
2026-07-14 10:55:00+00:00,534.68,534.68,534.68,534.68,0
2026-07-14 11:00:00+00:00,535.0,535.0,535.0,535.0,0
2026-07-14 11:05:00+00:00,533.2517,533.2517,533.2517,533.2517,0
2026-07-14 11:10:00+00:00,534.21,535.0,533.28,533.97,0
2026-07-14 11:15:00+00:00,533.05,533.05,529.49,529.49,0
2026-07-14 11:20:00+00:00,532.0,532.8,532.0,532.8,0
2026-07-14 11:25:00+00:00,532.0,533.86,532.0,532.0,0
2026-07-14 11:30:00+00:00,529.5965,532.64,529.5965,532.64,0
2026-07-14 11:35:00+00:00,532.64,532.64,530.1056,530.1056,0
2026-07-14 11:40:00+00:00,532.0,532.02,532.0,532.02,0
2026-07-14 11:45:00+00:00,533.3832,533.39,532.09,532.09,0
2026-07-14 11:50:00+00:00,532.09,533.18,530.0835,532.0,0
2026-07-14 11:55:00+00:00,537.7,537.7,530.0797,530.0797,0
2026-07-14 12:00:00+00:00,532.01,533.0,532.01,533.0,0
2026-07-14 12:05:00+00:00,532.0,533.0,532.0,532.6187,0
2026-07-14 12:10:00+00:00,530.0,532.8497,530.0,532.8497,0
2026-07-14 12:15:00+00:00,532.81,532.81,532.01,532.01,0
2026-07-14 12:30:00+00:00,532.54,534.99,532.54,534.99,0
2026-07-14 12:35:00+00:00,532.59,532.59,532.59,532.59,0
2026-07-14 12:40:00+00:00,532.01,533.0,532.01,533.0,0
2026-07-14 12:45:00+00:00,532.7,533.0,532.7,533.0,0
2026-07-14 12:50:00+00:00,531.44,534.8,531.44,531.44,0
2026-07-14 12:55:00+00:00,534.79,534.79,531.44,534.0,0
2026-07-14 13:00:00+00:00,535.9835,536.0,531.5562,534.98,0
2026-07-14 13:05:00+00:00,533.0,535.6737,533.0,533.02,0
2026-07-14 13:10:00+00:00,534.93,534.98,533.0,534.9,0
2026-07-14 13:30:00+00:00,534.989990234375,536.1651000976562,532.0599975585938,535.4400024414062,385069
2026-07-14 13:35:00+00:00,535.4000244140625,539.0,534.97998046875,538.280029296875,34906
2026-07-14 13:40:00+00:00,538.1500244140625,541.9299926757812,537.6300048828125,541.2999877929688,46116
2026-07-14 13:45:00+00:00,541.3800048828125,542.3200073242188,539.5900268554688,541.1950073242188,33868
2026-07-14 13:50:00+00:00,541.1900024414062,542.4400024414062,540.8499755859375,542.27001953125,34398
2026-07-14 13:55:00+00:00,542.5,542.5999755859375,541.8499755859375,542.25,34883
2026-07-14 14:00:00+00:00,542.3499755859375,542.5703125,541.60498046875,542.4650268554688,44192
2026-07-14 14:05:00+00:00,542.4650268554688,543.4600219726562,542.2100219726562,543.4600219726562,48229
2026-07-14 14:10:00+00:00,543.280029296875,543.4299926757812,542.0499877929688,543.0499877929688,39951
2026-07-14 14:15:00+00:00,543.135009765625,543.2000122070312,542.3400268554688,542.85498046875,36173
2026-07-14 14:20:00+00:00,542.97998046875,543.0499877929688,541.5803833007812,541.969970703125,31496
2026-07-14 14:25:00+00:00,541.994873046875,543.010009765625,541.760009765625,542.780029296875,38347
2026-07-14 14:30:00+00:00,542.8250122070312,543.25,542.0750122070312,542.3049926757812,30391
2026-07-14 14:35:00+00:00,542.344970703125,542.7899780273438,541.8099975585938,542.655029296875,32773
2026-07-14 14:40:00+00:00,542.8300170898438,543.1099853515625,542.22998046875,542.3800048828125,23480
2026-07-14 14:45:00+00:00,542.3800048828125,543.1799926757812,542.1099853515625,542.6950073242188,24520
2026-07-14 14:50:00+00:00,542.6950073242188,542.6950073242188,541.530029296875,541.6699829101562,27374
2026-07-14 14:55:00+00:00,541.6699829101562,541.782470703125,540.7899780273438,540.7899780273438,18896
2026-07-14 15:00:00+00:00,540.7899780273438,540.8900146484375,539.8599853515625,540.6799926757812,27929
2026-07-14 15:05:00+00:00,540.489990234375,540.5399780273438,540.2000122070312,540.260009765625,12989
2026-07-14 15:10:00+00:00,540.2000122070312,540.2000122070312,539.25,539.4400024414062,15395
2026-07-14 15:15:00+00:00,539.260009765625,539.2949829101562,538.3900146484375,538.719970703125,19708
2026-07-14 15:20:00+00:00,538.6500244140625,539.4974975585938,538.4400024414062,539.4949951171875,17502
2026-07-14 15:25:00+00:00,539.47998046875,540.3350219726562,539.3800048828125,539.9149780273438,15796
2026-07-14 15:30:00+00:00,539.8900146484375,540.2999877929688,539.3599853515625,539.5549926757812,15969
2026-07-14 15:35:00+00:00,539.64501953125,539.6900024414062,538.9600219726562,539.3900146484375,16266
2026-07-14 15:40:00+00:00,539.4199829101562,539.617431640625,539.0800170898438,539.52001953125,14078
2026-07-14 15:45:00+00:00,539.469970703125,540.3400268554688,539.469970703125,540.2199096679688,12075
2026-07-14 15:50:00+00:00,540.135009765625,540.7050170898438,539.9199829101562,540.5150146484375,19347
2026-07-14 15:55:00+00:00,540.5150146484375,540.6400146484375,540.1500244140625,540.6400146484375,20730
2026-07-14 16:00:00+00:00,540.6400146484375,540.8900146484375,540.2999877929688,540.7150268554688,23665
2026-07-14 16:05:00+00:00,540.6824951171875,540.9199829101562,540.469970703125,540.6799926757812,16191
2026-07-14 16:10:00+00:00,540.6799926757812,541.719970703125,540.6799926757812,541.719970703125,16342
2026-07-14 16:15:00+00:00,541.75,541.9849853515625,541.239990234375,541.3300170898438,24348
2026-07-14 16:20:00+00:00,541.3200073242188,541.4000244140625,540.510009765625,540.9000244140625,18816
2026-07-14 16:25:00+00:00,540.77001953125,541.4000244140625,540.5599975585938,541.1807250976562,10972
2026-07-14 16:30:00+00:00,541.27001953125,542.0,541.27001953125,541.8474731445312,30423
2026-07-14 16:35:00+00:00,541.8350219726562,542.0,540.9301147460938,541.02001953125,36871
2026-07-14 16:40:00+00:00,541.1599731445312,541.4285888671875,540.3099975585938,540.4299926757812,17617
2026-07-14 16:45:00+00:00,540.2899780273438,540.489990234375,539.5380249023438,539.8499755859375,13913
2026-07-14 16:50:00+00:00,539.8300170898438,540.3699951171875,539.5499877929688,540.3699951171875,16127
2026-07-14 16:55:00+00:00,540.4600219726562,540.5,540.239990234375,540.4000244140625,9907
2026-07-14 17:00:00+00:00,540.3499755859375,540.9400024414062,540.1900024414062,540.2000122070312,16828
2026-07-14 17:05:00+00:00,540.239990234375,540.27001953125,539.864990234375,540.0750122070312,15727
2026-07-14 17:10:00+00:00,540.030029296875,540.1998901367188,539.7100219726562,539.8049926757812,12996
2026-07-14 17:15:00+00:00,539.8049926757812,540.0,539.6599731445312,539.7100219726562,12572
2026-07-14 17:20:00+00:00,539.7100219726562,540.0399780273438,539.489990234375,539.89501953125,16849
2026-07-14 17:25:00+00:00,539.77001953125,540.1649780273438,539.7000122070312,540.1500244140625,8570
2026-07-14 17:30:00+00:00,540.1500244140625,540.4500122070312,539.8400268554688,539.8400268554688,16642
2026-07-14 17:35:00+00:00,539.77001953125,539.864990234375,539.4550170898438,539.530029296875,8468
2026-07-14 17:40:00+00:00,539.530029296875,539.6599731445312,539.27001953125,539.5283203125,17550
2026-07-14 17:45:00+00:00,539.4650268554688,539.469970703125,539.135009765625,539.1900024414062,14555
2026-07-14 17:50:00+00:00,539.1500244140625,539.2050170898438,538.5501098632812,538.7686157226562,15546
2026-07-14 17:55:00+00:00,538.8300170898438,538.989990234375,538.4500122070312,538.592529296875,16244
2026-07-14 18:00:00+00:00,538.6900024414062,538.7349853515625,538.2000122070312,538.4000244140625,19653
2026-07-14 18:05:00+00:00,538.3900146484375,538.5999755859375,538.280029296875,538.364990234375,13940
2026-07-14 18:10:00+00:00,538.3200073242188,538.3300170898438,537.75,538.0499877929688,15642
2026-07-14 18:15:00+00:00,538.02001953125,538.1599731445312,537.8200073242188,538.1599731445312,14999
2026-07-14 18:20:00+00:00,538.2000122070312,538.6356811523438,538.1400146484375,538.219970703125,15683
2026-07-14 18:25:00+00:00,538.1500244140625,538.8599853515625,537.989990234375,538.7249755859375,16341
2026-07-14 18:30:00+00:00,538.8599853515625,539.0717163085938,538.7349853515625,538.7501220703125,14040
2026-07-14 18:35:00+00:00,538.7824096679688,539.1484985351562,538.7000122070312,539.0999755859375,12601
2026-07-14 18:40:00+00:00,539.1699829101562,539.3300170898438,538.6468505859375,539.2999877929688,18813
2026-07-14 18:45:00+00:00,539.3300170898438,539.3300170898438,538.8800048828125,539.114990234375,10410
2026-07-14 18:50:00+00:00,539.1099853515625,539.1099853515625,538.719970703125,538.8099975585938,16412
2026-07-14 18:55:00+00:00,538.8099975585938,538.875,538.260009765625,538.5499877929688,17940
2026-07-14 19:00:00+00:00,538.5501098632812,538.9871826171875,537.9299926757812,538.02001953125,38177
2026-07-14 19:05:00+00:00,538.0599975585938,538.6799926757812,537.969970703125,538.3599853515625,43128
2026-07-14 19:10:00+00:00,538.4124755859375,538.4600219726562,537.6199951171875,537.8599853515625,24305
2026-07-14 19:15:00+00:00,537.9481811523438,538.4000244140625,537.75,538.4000244140625,24546
2026-07-14 19:20:00+00:00,538.4000244140625,538.4000244140625,537.9500122070312,538.0050048828125,42904
2026-07-14 19:25:00+00:00,538.0050048828125,538.52001953125,538.0050048828125,538.52001953125,19395
2026-07-14 19:30:00+00:00,538.4400024414062,538.8599853515625,538.3200073242188,538.3800048828125,28944
2026-07-14 19:35:00+00:00,538.3250122070312,538.6799926757812,537.7650146484375,538.010009765625,22659
2026-07-14 19:40:00+00:00,537.969970703125,538.4000244140625,537.8499755859375,538.260009765625,28787
2026-07-14 19:45:00+00:00,538.1900024414062,538.5,537.89501953125,538.4650268554688,38409
2026-07-14 19:50:00+00:00,538.52001953125,538.72998046875,537.3200073242188,537.3300170898438,48327
2026-07-14 19:55:00+00:00,537.3800048828125,539.3699951171875,537.0,538.219970703125,197486
2026-07-14 20:00:00+00:00,538.23,540.0,535.1575,538.02,0
2026-07-14 20:05:00+00:00,537.0,538.02,537.0,538.02,0
2026-07-14 20:10:00+00:00,538.02,538.02,538.02,538.02,0
2026-07-14 20:15:00+00:00,538.02,539.1,538.02,539.0,0
2026-07-14 20:20:00+00:00,538.02,538.21,538.02,538.1,0
2026-07-14 20:25:00+00:00,538.0725,538.0725,538.0725,538.0725,0
2026-07-14 20:30:00+00:00,537.0275,537.105,537.0275,537.105,0
2026-07-14 20:40:00+00:00,538.0725,538.0725,538.02,538.02,0
2026-07-14 20:45:00+00:00,537.9,538.0725,537.9,538.0725,0
2026-07-14 20:55:00+00:00,537.57,537.57,537.56,537.56,0
2026-07-14 21:00:00+00:00,538.02,538.02,538.02,538.02,0
2026-07-14 21:05:00+00:00,537.0275,537.0906,537.0,537.03,0
2026-07-14 21:15:00+00:00,537.01,537.975,537.01,537.975,0
2026-07-14 21:20:00+00:00,537.99,537.99,537.01,537.07,0
2026-07-14 21:25:00+00:00,537.08,537.08,537.08,537.08,0
2026-07-14 21:30:00+00:00,537.5,537.957,537.5,537.957,0
2026-07-14 21:35:00+00:00,537.0275,537.97,537.0275,537.97,0
2026-07-14 21:40:00+00:00,537.1439,537.1439,537.1439,537.1439,0
2026-07-14 21:45:00+00:00,537.5,537.5,537.5,537.5,0
2026-07-14 21:50:00+00:00,537.15,538.0988,537.15,538.0988,0
2026-07-14 22:00:00+00:00,537.65,537.72,537.65,537.72,0
2026-07-14 22:15:00+00:00,538.1,538.1,538.0725,538.0725,0
2026-07-14 22:25:00+00:00,537.0275,537.0275,537.0275,537.0275,0
2026-07-14 22:30:00+00:00,537.72,537.72,537.72,537.72,0
2026-07-14 22:40:00+00:00,538.0627,538.0627,538.0627,538.0627,0
2026-07-14 22:45:00+00:00,537.02,538.09,537.0012,538.0627,0
2026-07-14 22:50:00+00:00,537.5,537.87,537.5,537.87,0
2026-07-14 23:05:00+00:00,537.86,537.86,537.85,537.85,0
2026-07-14 23:25:00+00:00,537.85,537.87,537.83,537.83,0
2026-07-14 23:30:00+00:00,537.91,538.15,537.89,538.15,0
2026-07-14 23:35:00+00:00,538.0,538.0,538.0,538.0,0
2026-07-14 23:40:00+00:00,539.0,539.0,539.0,539.0,0
2026-07-14 23:45:00+00:00,538.99,538.99,538.0,538.0,0
2026-07-14 23:50:00+00:00,537.558,537.558,537.558,537.558,0
2026-07-14 23:55:00+00:00,537.558,539.82,537.55,539.762,0
2026-07-15 08:00:00+00:00,539.001,540.0,535.239,537.0,0
2026-07-15 08:05:00+00:00,539.99,539.99,537.96,537.96,0
2026-07-15 08:10:00+00:00,534.1207,534.1207,534.1205,534.1205,0
2026-07-15 08:15:00+00:00,537.96,538.0,537.0432,537.0432,0
2026-07-15 08:20:00+00:00,538.6282,538.6282,537.95,537.95,0
2026-07-15 08:25:00+00:00,537.95,537.95,537.95,537.95,0
2026-07-15 08:30:00+00:00,538.21,538.4387,534.1002,537.0,0
2026-07-15 08:35:00+00:00,537.95,537.95,537.95,537.95,0
2026-07-15 08:45:00+00:00,537.2,537.2,537.0,537.0,0
2026-07-15 08:50:00+00:00,534.0,534.0,534.0,534.0,0
2026-07-15 08:55:00+00:00,534.0,537.54,534.0,537.52,0
2026-07-15 09:00:00+00:00,537.42,537.42,537.42,537.42,0
2026-07-15 09:10:00+00:00,537.29,537.29,537.2,537.2,0
2026-07-15 09:15:00+00:00,537.19,537.19,537.19,537.19,0
2026-07-15 09:20:00+00:00,534.1,536.96,534.1,536.96,0
2026-07-15 09:30:00+00:00,536.96,536.96,536.96,536.96,0
2026-07-15 10:00:00+00:00,538.0,538.0,538.0,538.0,0
2026-07-15 10:05:00+00:00,538.0,538.0,538.0,538.0,0
2026-07-15 10:20:00+00:00,538.0,538.0,538.0,538.0,0
2026-07-15 10:30:00+00:00,537.023,537.26,537.0,537.02,0
2026-07-15 10:35:00+00:00,537.25,537.25,537.05,537.05,0
2026-07-15 10:45:00+00:00,537.1,537.1,537.1,537.1,0
2026-07-15 10:55:00+00:00,537.43,537.43,537.43,537.43,0
2026-07-15 11:00:00+00:00,537.96,538.21,537.96,538.21,0
2026-07-15 11:05:00+00:00,538.21,538.21,538.21,538.21,0
2026-07-15 11:20:00+00:00,538.24,538.88,538.24,538.88,0
2026-07-15 11:25:00+00:00,539.02,539.02,539.02,539.02,0
2026-07-15 11:35:00+00:00,538.3,539.0,538.3,539.0,0
2026-07-15 11:40:00+00:00,539.02,539.02,539.02,539.02,0
2026-07-15 11:45:00+00:00,538.55,539.0,538.55,539.0,0
2026-07-15 11:50:00+00:00,539.0,539.0,539.0,539.0,0
2026-07-15 12:00:00+00:00,539.0188,539.0188,538.53,538.53,0
2026-07-15 12:10:00+00:00,537.05,538.8732,537.05,538.5126,0
2026-07-15 12:15:00+00:00,538.84,538.84,537.3212,537.3212,0
2026-07-15 12:20:00+00:00,538.69,538.71,538.69,538.71,0
2026-07-15 12:25:00+00:00,538.6471,538.6471,538.6471,538.6471,0
2026-07-15 12:30:00+00:00,538.65,539.02,537.1235,537.1235,0
2026-07-15 12:35:00+00:00,539.292,539.292,539.292,539.292,0
2026-07-15 12:40:00+00:00,538.99,539.6727,538.87,539.6727,0
2026-07-15 12:45:00+00:00,539.0,539.75,539.0,539.75,0
2026-07-15 12:50:00+00:00,539.89,539.89,539.89,539.89,0
2026-07-15 12:55:00+00:00,539.89,539.89,539.0235,539.0235,0
2026-07-15 13:00:00+00:00,539.8677,539.8677,539.0217,539.124,0
2026-07-15 13:05:00+00:00,539.16,539.16,539.0,539.0,0
2026-07-15 13:10:00+00:00,539.11,539.64,539.11,539.6,0
2026-07-15 13:30:00+00:00,538.5399780273438,540.0,529.0800170898438,531.9000244140625,170996
2026-07-15 13:35:00+00:00,531.905029296875,536.905029296875,531.4033813476562,534.780029296875,28782
2026-07-15 13:40:00+00:00,534.22998046875,536.6900024414062,534.0,535.5800170898438,21301
2026-07-15 13:45:00+00:00,535.4299926757812,536.5900268554688,534.280029296875,535.905029296875,27186
2026-07-15 13:50:00+00:00,535.719970703125,538.47998046875,534.9199829101562,536.3300170898438,42518
2026-07-15 13:55:00+00:00,536.3699951171875,537.7449951171875,534.4500122070312,534.5349731445312,34841
2026-07-15 14:00:00+00:00,534.719970703125,537.1599731445312,534.719970703125,536.864990234375,31012
2026-07-15 14:05:00+00:00,536.89501953125,538.0800170898438,536.3900146484375,538.0349731445312,38368
2026-07-15 14:10:00+00:00,537.9600219726562,539.0875244140625,537.9099731445312,538.739990234375,21340
2026-07-15 14:15:00+00:00,538.9500122070312,539.4149780273438,538.4000244140625,538.8099975585938,58218
2026-07-15 14:20:00+00:00,538.8300170898438,540.0999755859375,538.7100219726562,540.0999755859375,46734
2026-07-15 14:25:00+00:00,540.1400146484375,540.5,538.5499877929688,538.7650146484375,66621
2026-07-15 14:30:00+00:00,538.7650146484375,540.1475219726562,538.510009765625,538.7050170898438,29743
2026-07-15 14:35:00+00:00,538.5399780273438,540.655029296875,538.4099731445312,540.25,32251
2026-07-15 14:40:00+00:00,540.0999755859375,540.760009765625,538.75,538.75,34485
2026-07-15 14:45:00+00:00,538.3699951171875,539.0900268554688,537.780029296875,538.1199951171875,15427
2026-07-15 14:50:00+00:00,538.1199951171875,539.0999755859375,538.0900268554688,538.60498046875,18859
2026-07-15 14:55:00+00:00,538.4299926757812,539.0599975585938,537.9605102539062,538.3699951171875,13555
2026-07-15 15:00:00+00:00,538.4749755859375,539.510009765625,538.0850219726562,539.0899047851562,25142
2026-07-15 15:05:00+00:00,538.8400268554688,539.2050170898438,538.5499877929688,539.0900268554688,18826
2026-07-15 15:10:00+00:00,539.1099853515625,540.0399780273438,538.8599853515625,539.405029296875,27905
2026-07-15 15:15:00+00:00,539.405029296875,540.1699829101562,538.9500122070312,539.0650024414062,24346
2026-07-15 15:20:00+00:00,539.1199951171875,539.6699829101562,537.7100219726562,537.780029296875,22493
2026-07-15 15:25:00+00:00,537.905029296875,538.989990234375,537.8400268554688,538.27001953125,24743
2026-07-15 15:30:00+00:00,538.344970703125,538.5,537.489990234375,537.77001953125,21206
2026-07-15 15:35:00+00:00,537.7999877929688,538.39501953125,537.5599975585938,538.0399780273438,10978
2026-07-15 15:40:00+00:00,538.0499877929688,538.4400024414062,537.9000244140625,538.260009765625,25113
2026-07-15 15:45:00+00:00,538.3150024414062,540.4400024414062,538.2000122070312,539.6199951171875,21521
2026-07-15 15:50:00+00:00,539.8300170898438,540.5250244140625,539.4362182617188,540.5250244140625,9545
2026-07-15 15:55:00+00:00,540.5250244140625,540.7698974609375,539.6799926757812,539.85498046875,21685
2026-07-15 16:00:00+00:00,539.8499755859375,540.030029296875,539.0599975585938,539.226318359375,13852
2026-07-15 16:05:00+00:00,539.2550048828125,539.8499755859375,538.75,539.8499755859375,32346
2026-07-15 16:10:00+00:00,539.7100219726562,540.1199951171875,538.9299926757812,538.9299926757812,43218
2026-07-15 16:15:00+00:00,538.8800048828125,539.344970703125,538.030029296875,539.0,34405
2026-07-15 16:20:00+00:00,539.0,539.2625122070312,538.6199951171875,538.9600219726562,32266
2026-07-15 16:25:00+00:00,538.8599853515625,539.0650024414062,538.3699951171875,538.5800170898438,23527
2026-07-15 16:30:00+00:00,538.72998046875,539.14990234375,538.4299926757812,538.8900146484375,27149
2026-07-15 16:35:00+00:00,538.9400024414062,539.0499877929688,538.3900146484375,538.6500244140625,16097
2026-07-15 16:40:00+00:00,538.6799926757812,539.5,538.5405883789062,539.0850219726562,37476
2026-07-15 16:45:00+00:00,539.0850219726562,539.9000244140625,538.3099975585938,539.9000244140625,145657
2026-07-15 16:50:00+00:00,539.9299926757812,540.72998046875,539.0399780273438,539.4000244140625,27574
2026-07-15 16:55:00+00:00,539.4450073242188,540.6799926757812,539.4400024414062,540.6799926757812,27244
2026-07-15 17:00:00+00:00,540.6799926757812,541.2349853515625,540.6099853515625,540.77001953125,17202
2026-07-15 17:05:00+00:00,540.7750244140625,540.7750244140625,538.7949829101562,539.02001953125,9995
2026-07-15 17:10:00+00:00,539.02001953125,539.8800048828125,538.6599731445312,539.6849975585938,19772
2026-07-15 17:15:00+00:00,539.719970703125,539.719970703125,538.7999877929688,538.8699951171875,14807
2026-07-15 17:20:00+00:00,538.9052734375,538.9052734375,538.1599731445312,538.27001953125,12616
2026-07-15 17:25:00+00:00,538.27001953125,538.4199829101562,537.59619140625,538.0399780273438,17240
2026-07-15 17:30:00+00:00,538.0449829101562,538.2650146484375,537.6099853515625,537.7150268554688,6860
2026-07-15 17:35:00+00:00,537.530029296875,538.0700073242188,537.5001220703125,537.7999877929688,17811
2026-07-15 17:40:00+00:00,537.77001953125,537.85498046875,537.0999755859375,537.2050170898438,20995
2026-07-15 17:45:00+00:00,537.135009765625,537.342529296875,536.2216796875,536.35498046875,20897
2026-07-15 17:50:00+00:00,536.4375,537.4600219726562,536.0599975585938,537.3099975585938,28673
2026-07-15 17:55:00+00:00,537.219970703125,537.3099975585938,536.0999755859375,536.2249755859375,24449
2026-07-15 18:00:00+00:00,536.389892578125,536.3900146484375,535.6699829101562,535.8300170898438,15265
2026-07-15 18:05:00+00:00,535.7000122070312,536.5599975585938,535.4199829101562,536.489990234375,20301
2026-07-15 18:10:00+00:00,536.344970703125,536.7249755859375,536.2100219726562,536.3499755859375,8463
2026-07-15 18:15:00+00:00,536.3599853515625,537.5900268554688,536.25,537.1300048828125,12180
2026-07-15 18:20:00+00:00,537.0499877929688,537.114990234375,536.0,536.0,11780
2026-07-15 18:25:00+00:00,536.0700073242188,536.4400024414062,535.9099731445312,536.35498046875,7857
2026-07-15 18:30:00+00:00,536.1900024414062,536.3200073242188,535.6099853515625,535.9349975585938,19769
2026-07-15 18:35:00+00:00,536.0399780273438,536.7150268554688,535.8099975585938,536.7150268554688,14069
2026-07-15 18:40:00+00:00,536.72998046875,536.75,536.0900268554688,536.1099853515625,12646
2026-07-15 18:45:00+00:00,536.3049926757812,536.3250122070312,535.6599731445312,535.6599731445312,15529
2026-07-15 18:50:00+00:00,535.6900024414062,536.1699829101562,535.6799926757812,535.9099731445312,10592
2026-07-15 18:55:00+00:00,536.0,536.47998046875,535.9099731445312,536.3099975585938,13567
2026-07-15 19:00:00+00:00,536.1799926757812,537.0,536.030029296875,536.2100219726562,17915
2026-07-15 19:05:00+00:00,536.27001953125,536.4425048828125,535.6749877929688,536.4000244140625,19272
2026-07-15 19:10:00+00:00,536.4600219726562,536.594970703125,536.1099853515625,536.4199829101562,15925
2026-07-15 19:15:00+00:00,536.4099731445312,536.6619873046875,536.2000122070312,536.52001953125,14038
2026-07-15 19:20:00+00:00,536.6799926757812,537.2069091796875,536.489990234375,536.8499755859375,15965
2026-07-15 19:25:00+00:00,536.75,537.1400146484375,535.8599853515625,535.8599853515625,21657
2026-07-15 19:30:00+00:00,535.8599853515625,536.0700073242188,535.27001953125,535.6599731445312,32432
2026-07-15 19:35:00+00:00,535.6035766601562,535.8099975585938,535.3099975585938,535.3099975585938,27177
2026-07-15 19:40:00+00:00,535.4249877929688,535.6199951171875,534.9099731445312,535.4301147460938,37455
2026-07-15 19:45:00+00:00,535.5,535.9099731445312,535.2100219726562,535.5599975585938,38912
2026-07-15 19:50:00+00:00,535.5599975585938,536.739990234375,535.1799926757812,536.0999755859375,55028
2026-07-15 19:55:00+00:00,535.989990234375,536.1500244140625,534.7899780273438,535.3599853515625,138748
2026-07-15 20:00:00+00:00,535.21,535.21,534.99,535.21,0
2026-07-15 20:05:00+00:00,538.0,538.0,531.03,535.21,0
2026-07-15 20:10:00+00:00,535.21,535.3,535.21,535.21,0
2026-07-15 20:15:00+00:00,535.21,539.77,535.21,539.77,0
2026-07-15 20:20:00+00:00,535.4,539.77,535.4,538.0,0
2026-07-15 20:25:00+00:00,535.21,535.21,535.21,535.21,0
2026-07-15 20:30:00+00:00,531.03,535.3,531.03,535.3,0
2026-07-15 20:35:00+00:00,535.33,535.33,535.33,535.33,0
2026-07-15 20:40:00+00:00,535.292,535.292,531.03,531.03,0
2026-07-15 20:45:00+00:00,535.21,539.01,535.21,535.3,0
2026-07-15 20:50:00+00:00,535.7,535.7,535.7,535.7,0
2026-07-15 20:55:00+00:00,535.7,535.7,535.7,535.7,0
2026-07-15 21:00:00+00:00,494.6462,535.7,494.6462,535.21,0
2026-07-15 21:05:00+00:00,535.2,535.2,506.7139,506.7139,0
2026-07-15 21:10:00+00:00,535.0,535.18,530.1902,530.1902,0
2026-07-15 21:15:00+00:00,535.0,535.84,529.9198,529.9198,0
2026-07-15 21:20:00+00:00,535.19,537.0,530.2402,530.2402,0
2026-07-15 21:25:00+00:00,535.9524,538.0,535.9524,538.0,0
2026-07-15 21:30:00+00:00,534.9,534.9,534.9,534.9,0
2026-07-15 21:35:00+00:00,535.02,535.02,535.02,535.02,0
2026-07-15 21:40:00+00:00,540.0,540.0,535.5,535.5,0
2026-07-15 21:55:00+00:00,535.5,538.0,535.12,538.0,0
2026-07-15 22:10:00+00:00,535.44,535.44,535.44,535.44,0
2026-07-15 22:15:00+00:00,535.48,538.0,535.48,538.0,0
2026-07-15 22:20:00+00:00,535.6,535.6,535.28,535.28,0
2026-07-15 22:30:00+00:00,535.28,538.0,535.28,538.0,0
2026-07-15 22:35:00+00:00,535.75,535.75,535.75,535.75,0
2026-07-15 22:45:00+00:00,538.0,538.0,538.0,538.0,0
2026-07-15 22:55:00+00:00,535.28,535.28,535.28,535.28,0
2026-07-15 23:05:00+00:00,535.28,535.28,535.28,535.28,0
2026-07-15 23:15:00+00:00,535.125,535.125,535.125,535.125,0
2026-07-15 23:30:00+00:00,535.125,535.125,535.125,535.125,0
2026-07-15 23:35:00+00:00,535.21,535.21,535.21,535.21,0
2026-07-15 23:40:00+00:00,535.3297,539.8802,535.3297,539.8802,0
2026-07-15 23:45:00+00:00,535.49,535.49,535.49,535.49,0
2026-07-15 23:50:00+00:00,538.0,538.0,535.9524,535.9524,0
2026-07-15 23:55:00+00:00,535.3297,539.2576,535.3297,539.2576,0
2026-07-16 08:00:00+00:00,536.99,539.3182,533.9317,536.99,0
2026-07-16 08:05:00+00:00,536.99,536.99,536.41,536.41,0
2026-07-16 08:15:00+00:00,537.0,537.27,537.0,537.0,0
2026-07-16 08:20:00+00:00,539.9988,539.9988,531.1512,531.1512,0
2026-07-16 08:30:00+00:00,531.3652,539.5155,531.3652,539.5155,0
2026-07-16 08:35:00+00:00,539.5155,539.5155,535.8,535.8,0
2026-07-16 08:45:00+00:00,536.41,536.41,536.41,536.41,0
2026-07-16 08:50:00+00:00,536.41,536.97,536.41,536.97,0
2026-07-16 08:55:00+00:00,531.353,531.353,531.353,531.353,0
2026-07-16 09:00:00+00:00,531.3517,531.3517,531.351,531.351,0
2026-07-16 09:05:00+00:00,531.351,536.0,531.351,531.543,0
2026-07-16 09:20:00+00:00,531.543,537.0,531.543,537.0,0
2026-07-16 09:25:00+00:00,534.0036,534.0036,534.0036,534.0036,0
2026-07-16 09:30:00+00:00,531.5315,535.83,531.5315,535.83,0
2026-07-16 09:35:00+00:00,535.83,535.83,535.83,535.83,0
2026-07-16 09:40:00+00:00,531.526,531.526,531.526,531.526,0
2026-07-16 09:50:00+00:00,531.526,531.526,531.526,531.526,0
2026-07-16 09:55:00+00:00,531.3512,537.07,531.3512,537.07,0
2026-07-16 10:00:00+00:00,537.8532,537.8532,537.8532,537.8532,0
2026-07-16 10:05:00+00:00,537.8532,537.8532,537.8532,537.8532,0
2026-07-16 10:10:00+00:00,531.5115,536.95,531.5107,536.95,0
2026-07-16 10:15:00+00:00,534.55,536.41,532.83,536.41,0
2026-07-16 10:20:00+00:00,536.96,536.96,531.3512,531.3512,0
2026-07-16 10:25:00+00:00,531.3512,531.3512,531.3512,531.3512,0
2026-07-16 10:30:00+00:00,536.94,536.94,536.94,536.94,0
2026-07-16 10:35:00+00:00,536.94,536.94,536.41,536.41,0
2026-07-16 10:40:00+00:00,537.0635,537.0635,537.0635,537.0635,0
2026-07-16 10:50:00+00:00,537.0635,537.0635,537.0635,537.0635,0
2026-07-16 10:55:00+00:00,536.08,536.91,534.67,534.89,0
2026-07-16 11:00:00+00:00,535.37,535.5,535.0,535.0,0
2026-07-16 11:05:00+00:00,535.0,535.1,534.95,534.99,0
2026-07-16 11:10:00+00:00,534.99,535.01,534.99,535.0,0
2026-07-16 11:15:00+00:00,535.0,535.0,531.4797,531.4797,0
2026-07-16 11:20:00+00:00,531.4797,536.43,531.4797,536.42,0
2026-07-16 11:25:00+00:00,536.0,539.2188,536.0,539.2188,0
2026-07-16 11:40:00+00:00,535.21,535.75,535.21,535.75,0
2026-07-16 11:45:00+00:00,536.46,537.0,536.46,537.0,0
2026-07-16 11:50:00+00:00,535.21,536.5439,532.3575,536.5439,0
2026-07-16 11:55:00+00:00,536.96,536.99,536.96,536.96,0
2026-07-16 12:05:00+00:00,536.279,536.5,536.279,536.5,0
2026-07-16 12:10:00+00:00,535.0,535.0,535.0,535.0,0
2026-07-16 12:15:00+00:00,535.21,536.98,535.21,536.98,0
2026-07-16 12:20:00+00:00,535.21,535.21,535.0,535.0,0
2026-07-16 12:30:00+00:00,535.5,535.5,535.5,535.5,0
2026-07-16 12:35:00+00:00,535.0,535.0,531.578,531.578,0
2026-07-16 12:40:00+00:00,531.5767,536.0,531.5767,535.96,0
2026-07-16 12:50:00+00:00,535.8932,535.8932,535.8932,535.8932,0
2026-07-16 12:55:00+00:00,536.0,536.0,535.0,535.0,0
2026-07-16 13:00:00+00:00,535.0,536.4,535.0,536.4,0
2026-07-16 13:05:00+00:00,536.4,537.0,531.6352,531.6352,0
2026-07-16 13:10:00+00:00,537.0521,537.0521,536.46,536.96,0
2026-07-16 13:30:00+00:00,541.5,543.8400268554688,541.1500244140625,542.4000244140625,83390
2026-07-16 13:35:00+00:00,542.3200073242188,543.25,539.6851806640625,541.1900024414062,27009
2026-07-16 13:40:00+00:00,541.6298217773438,544.52001953125,539.6900024414062,544.2249755859375,39109
2026-07-16 13:45:00+00:00,543.8499755859375,544.5999755859375,542.510009765625,543.8150024414062,28523
2026-07-16 13:50:00+00:00,543.8200073242188,544.260009765625,542.9600219726562,543.3400268554688,22175
2026-07-16 13:55:00+00:00,543.2999877929688,543.72998046875,542.0449829101562,542.0449829101562,18650
2026-07-16 14:00:00+00:00,542.2899780273438,543.6849975585938,541.6649780273438,543.6849975585938,26675
2026-07-16 14:05:00+00:00,543.7000122070312,544.2150268554688,542.3800048828125,542.9199829101562,29352
2026-07-16 14:10:00+00:00,542.9199829101562,544.2050170898438,542.510009765625,542.85498046875,59200
2026-07-16 14:15:00+00:00,542.9400024414062,543.72998046875,542.4600219726562,543.6300048828125,18197
2026-07-16 14:20:00+00:00,543.4099731445312,544.8800048828125,543.1799926757812,544.1749877929688,30710
2026-07-16 14:25:00+00:00,544.1724853515625,545.2100219726562,544.1300048828125,544.7550048828125,39018
2026-07-16 14:30:00+00:00,544.52001953125,545.3093872070312,544.1199951171875,545.0999755859375,19591
2026-07-16 14:35:00+00:00,545.2000122070312,546.489990234375,545.0999755859375,545.614990234375,41337
2026-07-16 14:40:00+00:00,545.6400146484375,547.4199829101562,545.5150146484375,546.9650268554688,27261
2026-07-16 14:45:00+00:00,546.780029296875,547.760009765625,546.3250122070312,547.5399780273438,58713
2026-07-16 14:50:00+00:00,547.3099975585938,548.7100219726562,546.989990234375,548.344970703125,34142
2026-07-16 14:55:00+00:00,548.77001953125,548.8400268554688,547.4000854492188,547.9500122070312,17573
2026-07-16 15:00:00+00:00,547.8800048828125,548.0800170898438,547.02001953125,547.7940063476562,12143
2026-07-16 15:05:00+00:00,547.72998046875,548.1799926757812,546.280029296875,546.5499877929688,44856
2026-07-16 15:10:00+00:00,546.4149780273438,548.4299926757812,546.4149780273438,547.9099731445312,16587
2026-07-16 15:15:00+00:00,547.9349975585938,548.3400268554688,547.6400146484375,547.97998046875,14089
2026-07-16 15:20:00+00:00,547.8599853515625,548.3300170898438,547.7750244140625,547.8699951171875,14642
2026-07-16 15:25:00+00:00,547.7550048828125,548.7449951171875,547.7550048828125,548.3150024414062,28360
2026-07-16 15:30:00+00:00,548.4600219726562,548.4600219726562,547.677490234375,547.7899780273438,13313
2026-07-16 15:35:00+00:00,547.6749877929688,548.3900146484375,547.6749877929688,548.1950073242188,12346
2026-07-16 15:40:00+00:00,548.2000122070312,548.75,548.0499877929688,548.6649780273438,18430
2026-07-16 15:45:00+00:00,548.6649780273438,548.75,547.6199951171875,547.6199951171875,21498
2026-07-16 15:50:00+00:00,548.0599975585938,548.25,546.77001953125,547.1199951171875,15986
2026-07-16 15:55:00+00:00,547.1199951171875,548.3499755859375,547.1199951171875,548.0800170898438,24838
2026-07-16 16:00:00+00:00,548.030029296875,548.530029296875,547.4349975585938,547.6400146484375,27582
2026-07-16 16:05:00+00:00,547.4199829101562,547.8699951171875,547.1400146484375,547.8699951171875,22889
2026-07-16 16:10:00+00:00,547.77001953125,548.0800170898438,547.3900146484375,547.7150268554688,16527
2026-07-16 16:15:00+00:00,547.77001953125,548.1500244140625,547.6500244140625,547.760009765625,25157
2026-07-16 16:20:00+00:00,547.760009765625,548.22998046875,547.5,547.6799926757812,19094
2026-07-16 16:25:00+00:00,547.5650024414062,547.6799926757812,546.6588745117188,546.7750244140625,51577
2026-07-16 16:30:00+00:00,546.7750244140625,547.72998046875,546.3300170898438,546.719970703125,36278
2026-07-16 16:35:00+00:00,546.719970703125,547.10498046875,546.510009765625,546.5700073242188,27491
2026-07-16 16:40:00+00:00,546.6099853515625,547.739990234375,546.52001953125,547.1300048828125,85259
2026-07-16 16:45:00+00:00,547.2750244140625,547.3300170898438,546.489990234375,546.9000244140625,74566
2026-07-16 16:50:00+00:00,547.030029296875,547.5900268554688,546.8099975585938,547.4500122070312,18400
2026-07-16 16:55:00+00:00,547.4949951171875,548.3699951171875,547.3599853515625,548.3699951171875,19044
2026-07-16 17:00:00+00:00,548.3699951171875,548.5299072265625,547.5050048828125,547.6300048828125,16058
2026-07-16 17:05:00+00:00,547.635009765625,547.7899780273438,546.9224853515625,547.2150268554688,17529
2026-07-16 17:10:00+00:00,547.2150268554688,547.4099731445312,546.9099731445312,547.3200073242188,23421
2026-07-16 17:15:00+00:00,547.3400268554688,547.8200073242188,547.280029296875,547.510009765625,9232
2026-07-16 17:20:00+00:00,547.52001953125,547.8499755859375,547.4425048828125,547.5399780273438,20804
2026-07-16 17:25:00+00:00,547.7000122070312,547.8900146484375,547.5499877929688,547.8900146484375,12814
2026-07-16 17:30:00+00:00,547.7899780273438,548.469970703125,547.2750244140625,547.4000244140625,15245
2026-07-16 17:35:00+00:00,547.4000244140625,547.5999755859375,547.0401000976562,547.2050170898438,12444
2026-07-16 17:40:00+00:00,547.2100219726562,547.5,547.1356811523438,547.3900146484375,13981
2026-07-16 17:45:00+00:00,547.405029296875,548.010009765625,547.2301025390625,547.864990234375,10382
2026-07-16 17:50:00+00:00,547.864990234375,548.5549926757812,547.75,548.3300170898438,21158
2026-07-16 17:55:00+00:00,548.1500244140625,548.2650146484375,547.75,547.9990234375,13475
2026-07-16 18:00:00+00:00,548.030029296875,548.030029296875,547.7100219726562,547.8250122070312,13490
2026-07-16 18:05:00+00:00,547.8499755859375,548.5999755859375,547.739990234375,548.47998046875,21812
2026-07-16 18:10:00+00:00,548.469970703125,548.6900024414062,548.1215209960938,548.22998046875,13386
2026-07-16 18:15:00+00:00,548.25,548.510009765625,548.030029296875,548.3903198242188,16977
2026-07-16 18:20:00+00:00,548.5050048828125,548.6099243164062,548.0499877929688,548.0549926757812,10732
2026-07-16 18:25:00+00:00,548.0499877929688,548.4998779296875,547.9000244140625,548.2550048828125,24287
2026-07-16 18:30:00+00:00,548.2550048828125,548.4099731445312,547.8699951171875,548.3099975585938,15318
2026-07-16 18:35:00+00:00,548.5,548.515625,548.1599731445312,548.3800048828125,13325
2026-07-16 18:40:00+00:00,548.2849731445312,548.405029296875,548.0449829101562,548.1632080078125,16240
2026-07-16 18:45:00+00:00,548.2050170898438,549.1900024414062,548.2050170898438,549.1900024414062,28077
2026-07-16 18:50:00+00:00,549.1099853515625,549.2999877929688,548.3200073242188,548.35400390625,29157
2026-07-16 18:55:00+00:00,548.3200073242188,548.6099853515625,548.2899780273438,548.4949951171875,16804
2026-07-16 19:00:00+00:00,548.52001953125,549.4199829101562,548.219970703125,548.344970703125,41572
2026-07-16 19:05:00+00:00,548.3400268554688,548.655029296875,548.0999755859375,548.114990234375,13470
2026-07-16 19:10:00+00:00,548.094970703125,548.2000122070312,547.8099975585938,548.030029296875,16276
2026-07-16 19:15:00+00:00,547.9963989257812,548.9400024414062,547.9963989257812,548.9400024414062,18994
2026-07-16 19:20:00+00:00,548.9450073242188,549.5,548.9249877929688,548.9249877929688,25325
2026-07-16 19:25:00+00:00,548.89501953125,549.010009765625,548.0900268554688,548.0999755859375,30066
2026-07-16 19:30:00+00:00,548.1099853515625,549.3699951171875,547.4500122070312,548.8200073242188,46307
2026-07-16 19:35:00+00:00,548.8150024414062,548.9600219726562,548.5750122070312,548.7899780273438,26995
2026-07-16 19:40:00+00:00,548.760009765625,549.4099731445312,548.7100830078125,549.02001953125,33887
2026-07-16 19:45:00+00:00,548.8400268554688,549.7000122070312,548.8400268554688,549.3800048828125,44615
2026-07-16 19:50:00+00:00,549.280029296875,550.760009765625,548.9500122070312,550.60498046875,114185
2026-07-16 19:55:00+00:00,550.7000122070312,551.6799926757812,550.2550048828125,551.530029296875,250511
2026-07-16 20:00:00+00:00,551.54,551.54,547.1,551.54,0
2026-07-16 20:05:00+00:00,542.6412,550.8,542.6412,550.75,0
2026-07-16 20:10:00+00:00,551.54,551.54,547.1,550.78,0
2026-07-16 20:15:00+00:00,551.54,551.54,542.8487,550.0,0
2026-07-16 20:20:00+00:00,551.54,551.54,542.64,542.64,0
2026-07-16 20:25:00+00:00,551.48,551.48,548.0,549.99,0
2026-07-16 20:30:00+00:00,549.9387,551.54,547.55,549.9387,0
2026-07-16 20:35:00+00:00,549.6203,551.54,549.6203,551.54,0
2026-07-16 20:40:00+00:00,549.99,549.99,547.6112,549.73,0
2026-07-16 20:45:00+00:00,549.0,549.99,548.25,549.5,0
2026-07-16 20:50:00+00:00,548.0597,551.54,548.0112,549.99,0
2026-07-16 20:55:00+00:00,549.76,549.93,548.01,548.2005,0
2026-07-16 21:00:00+00:00,548.3184,548.85,548.3184,548.85,0
2026-07-16 21:05:00+00:00,548.85,549.9988,548.0597,549.9988,0
2026-07-16 21:10:00+00:00,571.9376,571.9376,547.55,547.55,0
2026-07-16 21:15:00+00:00,548.88,549.9,547.6112,549.9,0
2026-07-16 21:20:00+00:00,549.76,551.54,547.6112,549.89,0
2026-07-16 21:25:00+00:00,548.95,549.89,548.95,549.87,0
2026-07-16 21:30:00+00:00,548.97,549.86,548.97,549.86,0
2026-07-16 21:35:00+00:00,549.9387,551.54,548.88,548.88,0
2026-07-16 21:40:00+00:00,550.0,550.0,548.0,548.0,0
2026-07-16 21:45:00+00:00,547.55,548.0,547.55,548.0,0
2026-07-16 21:50:00+00:00,548.0,550.0,548.0,550.0,0
2026-07-16 21:55:00+00:00,549.96,549.96,547.7867,547.7867,0
2026-07-16 22:00:00+00:00,549.92,549.92,549.92,549.92,0
2026-07-16 22:05:00+00:00,549.92,549.9482,547.9232,549.9482,0
2026-07-16 22:10:00+00:00,548.31,548.31,548.31,548.31,0
2026-07-16 22:15:00+00:00,549.9515,549.9515,548.93,548.93,0
2026-07-16 22:20:00+00:00,548.93,549.99,548.16,549.86,0
2026-07-16 22:25:00+00:00,549.99,550.0,549.5125,550.0,0
2026-07-16 22:30:00+00:00,550.75,550.75,550.0,550.0,0
2026-07-16 22:35:00+00:00,550.0,550.79,549.6785,550.79,0
2026-07-16 22:40:00+00:00,549.7662,550.79,549.7662,549.78,0
2026-07-16 22:50:00+00:00,550.2927,550.5,545.1447,545.1447,0
2026-07-16 22:55:00+00:00,549.25,549.25,549.25,549.25,0
2026-07-16 23:00:00+00:00,549.25,550.6702,548.01,550.6702,0
2026-07-16 23:05:00+00:00,546.1197,546.7424,546.1197,546.7424,0
2026-07-16 23:10:00+00:00,548.19,548.25,548.05,548.05,0
2026-07-16 23:15:00+00:00,546.1197,550.5,546.1197,548.05,0
2026-07-16 23:20:00+00:00,550.7899,550.7899,550.7899,550.7899,0
2026-07-16 23:25:00+00:00,549.25,549.25,549.25,549.25,0
2026-07-16 23:30:00+00:00,550.32,550.32,548.23,548.23,0
2026-07-16 23:35:00+00:00,549.0786,550.6702,549.0786,550.6702,0
2026-07-16 23:40:00+00:00,546.1197,546.1197,546.1197,546.1197,0
2026-07-16 23:45:00+00:00,548.025,549.99,548.0167,548.0167,0
2026-07-16 23:50:00+00:00,550.6702,550.6702,549.25,549.25,0
2026-07-16 23:55:00+00:00,547.0947,550.5,547.0947,550.5,0
2026-07-17 08:00:00+00:00,550.1,553.9965,540.25,552.91,0
2026-07-17 08:05:00+00:00,552.91,552.91,550.22,552.7,0
2026-07-17 08:10:00+00:00,552.75,552.75,549.88,549.88,0
2026-07-17 08:15:00+00:00,552.44,553.2,552.38,553.18,0
2026-07-17 08:20:00+00:00,554.0,554.0,552.0,553.08,0
2026-07-17 08:25:00+00:00,552.0,554.15,552.0,552.42,0
2026-07-17 08:30:00+00:00,553.0,554.3807,552.16,554.3807,0
2026-07-17 08:35:00+00:00,552.2,553.0,552.2,553.0,0
2026-07-17 08:40:00+00:00,552.21,553.0,552.21,553.0,0
2026-07-17 08:45:00+00:00,552.26,552.32,552.26,552.32,0
2026-07-17 08:50:00+00:00,552.32,552.32,550.0,550.0,0
2026-07-17 08:55:00+00:00,552.5,552.5,550.103,550.103,0
2026-07-17 09:00:00+00:00,550.102,552.34,550.102,552.34,0
2026-07-17 09:05:00+00:00,552.34,552.34,552.34,552.34,0
2026-07-17 09:10:00+00:00,552.52,552.9152,552.26,552.9152,0
2026-07-17 09:15:00+00:00,552.89,552.89,552.89,552.89,0
2026-07-17 09:20:00+00:00,552.89,552.89,552.26,552.79,0
2026-07-17 09:25:00+00:00,552.02,552.3,552.02,552.3,0
2026-07-17 09:30:00+00:00,552.2,552.2,552.2,552.2,0
2026-07-17 09:35:00+00:00,552.53,552.54,552.08,552.08,0
2026-07-17 09:40:00+00:00,552.46,552.46,551.6,552.0,0
2026-07-17 09:50:00+00:00,551.64,551.64,551.64,551.64,0
2026-07-17 09:55:00+00:00,551.62,551.62,551.5,551.5,0
2026-07-17 10:00:00+00:00,551.87,551.87,551.53,551.67,0
2026-07-17 10:05:00+00:00,551.77,551.92,550.01,551.92,0
2026-07-17 10:15:00+00:00,550.0,550.77,550.0,550.77,0
2026-07-17 10:20:00+00:00,550.3,551.65,550.3,551.64,0
2026-07-17 10:25:00+00:00,551.5307,551.56,551.5307,551.56,0
2026-07-17 10:30:00+00:00,550.23,550.23,549.88,549.8895,0
2026-07-17 10:35:00+00:00,549.99,549.99,546.0,548.74,0
2026-07-17 10:40:00+00:00,548.5,548.74,548.5,548.74,0
2026-07-17 10:45:00+00:00,549.26,549.26,549.26,549.26,0
2026-07-17 10:50:00+00:00,546.5,548.6761,545.8545,545.8545,0
2026-07-17 11:00:00+00:00,548.96,551.54,545.67,548.2,0
2026-07-17 11:05:00+00:00,545.0,551.0,545.0,550.0,0
2026-07-17 11:10:00+00:00,550.0,551.0,545.5451,545.5451,0
2026-07-17 11:15:00+00:00,551.0,551.74,550.54,550.59,0
2026-07-17 11:20:00+00:00,545.0,551.69,545.0,549.89,0
2026-07-17 11:25:00+00:00,550.0,551.59,548.74,548.74,0
2026-07-17 11:30:00+00:00,550.54,550.54,550.0,550.0,0
2026-07-17 11:35:00+00:00,550.4,551.4,550.37,550.83,0
2026-07-17 11:40:00+00:00,550.47,551.4,547.59,551.29,0
2026-07-17 11:45:00+00:00,550.95,551.4688,548.2,551.4688,0
2026-07-17 11:50:00+00:00,551.29,551.29,550.0,550.9,0
2026-07-17 11:55:00+00:00,550.9,550.95,550.9,550.95,0
2026-07-17 12:00:00+00:00,551.23,551.23,550.9,550.9,0
2026-07-17 12:05:00+00:00,550.9,553.0,550.9,552.36,0
2026-07-17 12:10:00+00:00,552.5,553.0,545.6485,552.99,0
2026-07-17 12:15:00+00:00,552.98,553.13,551.4497,553.13,0
2026-07-17 12:20:00+00:00,551.56,553.96,551.56,553.9,0
2026-07-17 12:25:00+00:00,553.9,554.8652,550.1247,550.1247,0
2026-07-17 12:30:00+00:00,554.0,554.0,553.32,553.32,0
2026-07-17 12:35:00+00:00,550.28,554.27,550.28,554.0,0
2026-07-17 12:40:00+00:00,553.3,553.85,553.25,553.85,0
2026-07-17 12:45:00+00:00,553.33,554.99,553.33,553.77,0
2026-07-17 12:50:00+00:00,552.925,554.8802,552.925,554.8802,0
2026-07-17 12:55:00+00:00,553.1,553.99,550.0,553.9419,0
2026-07-17 13:00:00+00:00,553.27,553.9,550.9424,552.5,0
2026-07-17 13:05:00+00:00,552.65,553.22,552.2,553.2,0
2026-07-17 13:10:00+00:00,552.0,552.8812,548.6102,552.75,0
2026-07-17 13:30:00+00:00,550.5,551.719970703125,548.9000244140625,549.239990234375,296328
2026-07-17 13:35:00+00:00,549.239990234375,550.47998046875,548.2689819335938,549.9749755859375,28958
2026-07-17 13:40:00+00:00,549.8699951171875,550.6500244140625,548.0700073242188,548.6500244140625,23693
2026-07-17 13:45:00+00:00,548.47998046875,549.7550048828125,548.2100219726562,548.5900268554688,52363
2026-07-17 13:50:00+00:00,548.989990234375,549.780029296875,548.3400268554688,549.0150146484375,28246
2026-07-17 13:55:00+00:00,549.0150146484375,549.3699951171875,547.5700073242188,547.5700073242188,26667
2026-07-17 14:00:00+00:00,547.6400146484375,547.6400146484375,545.1616821289062,546.1799926757812,35228
2026-07-17 14:05:00+00:00,546.4199829101562,546.5900268554688,542.6599731445312,543.125,82545
2026-07-17 14:10:00+00:00,543.3300170898438,544.2349853515625,541.760009765625,544.1749877929688,42198
2026-07-17 14:15:00+00:00,544.1799926757812,545.5798950195312,542.8843994140625,543.5,100351
2026-07-17 14:20:00+00:00,543.6799926757812,544.4000244140625,542.8099975585938,543.9099731445312,28683
2026-07-17 14:25:00+00:00,543.8099975585938,544.9199829101562,543.6599731445312,544.3699951171875,27527
2026-07-17 14:30:00+00:00,544.4249877929688,545.47998046875,544.1699829101562,544.760009765625,25733
2026-07-17 14:35:00+00:00,544.6400146484375,544.6400146484375,542.6900024414062,542.8200073242188,24040
2026-07-17 14:40:00+00:00,542.9000244140625,543.6699829101562,542.6699829101562,543.1649780273438,56427
2026-07-17 14:45:00+00:00,543.1099853515625,543.47998046875,542.9749755859375,543.3599853515625,20594
2026-07-17 14:50:00+00:00,543.4450073242188,543.4450073242188,542.1074829101562,543.22998046875,19762
2026-07-17 14:55:00+00:00,543.4600219726562,543.6300048828125,542.4400024414062,542.7999877929688,17404
2026-07-17 15:00:00+00:00,542.8250122070312,543.5900268554688,542.47998046875,543.4949951171875,17345
2026-07-17 15:05:00+00:00,543.4949951171875,544.0999755859375,543.22998046875,543.4000244140625,19308
2026-07-17 15:10:00+00:00,543.22998046875,543.22998046875,542.1400146484375,542.1400146484375,19331
2026-07-17 15:15:00+00:00,542.2750244140625,542.6300048828125,541.25,541.2899780273438,25626
2026-07-17 15:20:00+00:00,541.2899780273438,543.0399780273438,541.010009765625,542.7650146484375,29261
2026-07-17 15:25:00+00:00,542.8400268554688,543.1300048828125,542.6699829101562,542.8900146484375,16667
2026-07-17 15:30:00+00:00,542.905029296875,543.9400024414062,542.77001953125,542.7999877929688,18185
2026-07-17 15:35:00+00:00,542.9600219726562,542.9600219726562,541.719970703125,541.989990234375,24682
2026-07-17 15:40:00+00:00,542.0,543.0,541.9600219726562,542.9550170898438,19321
2026-07-17 15:45:00+00:00,542.9500122070312,542.9500122070312,542.22998046875,542.739990234375,21082
2026-07-17 15:50:00+00:00,542.7449951171875,543.0900268554688,542.4000244140625,542.5599975585938,17956
2026-07-17 15:55:00+00:00,542.5499877929688,543.1099853515625,542.0499877929688,542.7775268554688,17527
2026-07-17 16:00:00+00:00,542.6199951171875,542.72998046875,541.5349731445312,541.9600219726562,27922
2026-07-17 16:05:00+00:00,541.9500122070312,542.3400268554688,541.3900146484375,541.780029296875,14581
2026-07-17 16:10:00+00:00,541.780029296875,541.8099975585938,541.1201171875,541.8099975585938,13725
2026-07-17 16:15:00+00:00,541.8699951171875,542.0,541.030029296875,541.6199951171875,16865
2026-07-17 16:20:00+00:00,541.635009765625,542.47998046875,541.6300048828125,542.3699951171875,12491
2026-07-17 16:25:00+00:00,542.3300170898438,543.0999755859375,542.3300170898438,542.6799926757812,14208
2026-07-17 16:30:00+00:00,542.6599731445312,542.8400268554688,542.0399780273438,542.0499877929688,13533
2026-07-17 16:35:00+00:00,542.0399780273438,542.52001953125,541.7899780273438,542.0349731445312,8939
2026-07-17 16:40:00+00:00,542.0374755859375,542.530029296875,541.9099731445312,542.4099731445312,15770
2026-07-17 16:45:00+00:00,542.3900146484375,542.3977661132812,542.0399780273438,542.3200073242188,12342
2026-07-17 16:50:00+00:00,542.4299926757812,542.4299926757812,541.469970703125,541.5549926757812,13140
2026-07-17 16:55:00+00:00,541.47998046875,541.6199951171875,541.010009765625,541.5900268554688,24482
2026-07-17 17:00:00+00:00,541.50830078125,541.7799072265625,541.0999755859375,541.0999755859375,14140
2026-07-17 17:05:00+00:00,541.0999755859375,541.0999755859375,540.2301025390625,541.030029296875,16754
2026-07-17 17:10:00+00:00,540.9625244140625,541.3699951171875,540.8699951171875,541.25,11462
2026-07-17 17:15:00+00:00,541.1500244140625,541.1500244140625,540.4099731445312,540.7750244140625,15437
2026-07-17 17:20:00+00:00,540.9199829101562,541.97998046875,540.7999877929688,541.8200073242188,18601
2026-07-17 17:25:00+00:00,541.6699829101562,541.7000122070312,541.1900024414062,541.6300048828125,15443
2026-07-17 17:30:00+00:00,541.5900268554688,541.8300170898438,541.1199951171875,541.52001953125,19381
2026-07-17 17:35:00+00:00,541.5599975585938,542.3699951171875,541.5599975585938,542.282470703125,17076
2026-07-17 17:40:00+00:00,542.2000122070312,543.0399780273438,541.7100830078125,541.9249877929688,33922
2026-07-17 17:45:00+00:00,541.947509765625,542.3699951171875,541.6599731445312,541.8699951171875,19233
2026-07-17 17:50:00+00:00,541.8049926757812,542.27001953125,541.5599975585938,542.1500244140625,18166
2026-07-17 17:55:00+00:00,542.0499877929688,542.3400268554688,542.0,542.1099853515625,14846
2026-07-17 18:00:00+00:00,542.1224975585938,542.4099731445312,541.9400024414062,542.3049926757812,11475
2026-07-17 18:05:00+00:00,542.239990234375,542.7650146484375,542.0700073242188,542.5900268554688,22713
2026-07-17 18:10:00+00:00,542.655029296875,542.8900146484375,542.4099731445312,542.5700073242188,19970
2026-07-17 18:15:00+00:00,542.6500244140625,542.6500244140625,542.1500244140625,542.3400268554688,19642
2026-07-17 18:20:00+00:00,542.27001953125,542.6300048828125,541.739990234375,541.9099731445312,19763
2026-07-17 18:25:00+00:00,541.8300170898438,542.2100219726562,541.6099853515625,541.9000244140625,17703
2026-07-17 18:30:00+00:00,541.7899780273438,542.0399780273438,541.3800048828125,541.7550048828125,17700
2026-07-17 18:35:00+00:00,541.7000122070312,542.0399780273438,541.4299926757812,541.4299926757812,14238
2026-07-17 18:40:00+00:00,541.4400024414062,541.8900146484375,541.4299926757812,541.47998046875,13375
2026-07-17 18:45:00+00:00,541.489990234375,542.2139282226562,541.4199829101562,541.7800903320312,22482
2026-07-17 18:50:00+00:00,541.780029296875,542.2100219726562,541.6599731445312,542.135009765625,12076
2026-07-17 18:55:00+00:00,542.1599731445312,542.77001953125,542.0999755859375,542.6699829101562,15892
2026-07-17 19:00:00+00:00,542.7100219726562,542.72998046875,542.1099853515625,542.25,29191
2026-07-17 19:05:00+00:00,542.39501953125,542.6500244140625,542.25,542.4949951171875,13679
2026-07-17 19:10:00+00:00,542.3900146484375,542.8900146484375,542.22998046875,542.6325073242188,18246
2026-07-17 19:15:00+00:00,542.5499877929688,543.3400268554688,542.4849853515625,542.7000122070312,16228
2026-07-17 19:20:00+00:00,542.7000122070312,542.8900146484375,542.2100219726562,542.4849853515625,19502
2026-07-17 19:25:00+00:00,542.469970703125,542.8599853515625,542.3499755859375,542.3499755859375,19879
2026-07-17 19:30:00+00:00,542.3599853515625,542.3599853515625,541.2899780273438,541.510009765625,30034
2026-07-17 19:35:00+00:00,541.5850219726562,542.4349975585938,541.2899780273438,542.4349975585938,34336
2026-07-17 19:40:00+00:00,542.3699951171875,542.4498901367188,541.8300170898438,542.155029296875,28918
2026-07-17 19:45:00+00:00,542.155029296875,543.3300170898438,541.97998046875,542.2274780273438,109189
2026-07-17 19:50:00+00:00,542.1500244140625,542.75,541.989990234375,542.4600219726562,49831
2026-07-17 19:55:00+00:00,542.4199829101562,543.7899780273438,542.3800048828125,543.5999755859375,236912
2026-07-17 20:00:00+00:00,543.6,544.0,543.6,543.6,0
2026-07-17 20:05:00+00:00,543.68,543.68,543.59,543.59,0
2026-07-17 20:10:00+00:00,543.6,543.6446,543.59,543.5915,0
2026-07-17 20:15:00+00:00,543.6,543.7002,543.5912,543.5912,0
2026-07-17 20:20:00+00:00,543.6,547.9988,543.59,543.59,0
2026-07-17 20:30:00+00:00,543.7002,543.7002,543.7002,543.7002,0
2026-07-17 20:40:00+00:00,543.7002,545.15,543.7,545.15,0
2026-07-17 20:45:00+00:00,543.71,544.3,543.7,544.3,0
2026-07-17 20:50:00+00:00,543.71,544.47,508.4475,544.27,0
2026-07-17 20:55:00+00:00,543.6,543.7,543.6,543.7,0
2026-07-17 21:00:00+00:00,544.4941,544.4941,544.4941,544.4941,0
2026-07-17 21:05:00+00:00,544.3,544.3,543.69,543.7,0
2026-07-17 21:15:00+00:00,547.8897,547.8897,544.26,544.41,0
2026-07-17 21:20:00+00:00,543.7002,543.7002,543.7002,543.7002,0
2026-07-17 21:35:00+00:00,545.0,545.0,544.43,544.55,0
2026-07-17 21:40:00+00:00,543.73,543.73,543.6,543.6,0
2026-07-17 21:45:00+00:00,547.8897,547.8897,543.61,543.61,0
2026-07-17 21:50:00+00:00,543.61,543.61,543.61,543.61,0
2026-07-17 21:55:00+00:00,544.52,544.62,544.46,544.46,0
2026-07-17 22:00:00+00:00,544.12,544.21,543.6,544.19,0
2026-07-17 22:05:00+00:00,546.0,546.0,546.0,546.0,0
2026-07-17 22:10:00+00:00,543.64,544.0,543.64,544.0,0
2026-07-17 22:15:00+00:00,543.99,544.0,543.7002,544.0,0
2026-07-17 22:20:00+00:00,544.46,544.46,544.46,544.46,0
2026-07-17 22:25:00+00:00,543.6,544.0,543.6,544.0,0
2026-07-17 22:35:00+00:00,544.0,544.0,544.0,544.0,0
2026-07-17 22:40:00+00:00,544.42,544.42,544.42,544.42,0
2026-07-17 22:45:00+00:00,547.8897,547.8897,547.8897,547.8897,0
2026-07-17 22:55:00+00:00,547.7825,547.7825,544.46,544.46,0
2026-07-17 23:05:00+00:00,544.5,544.5,544.5,544.5,0
2026-07-17 23:10:00+00:00,544.127,546.915,544.127,546.915,0
2026-07-17 23:15:00+00:00,546.83,546.83,546.83,546.83,0
2026-07-17 23:20:00+00:00,546.83,546.83,546.83,546.83,0
2026-07-17 23:25:00+00:00,544.54,544.56,544.46,544.46,0
2026-07-17 23:30:00+00:00,546.525,546.525,546.525,546.525,0
2026-07-17 23:35:00+00:00,544.46,544.46,544.46,544.46,0
2026-07-17 23:40:00+00:00,544.46,544.46,544.46,544.46,0
2026-07-17 23:45:00+00:00,543.5912,543.5912,543.5912,543.5912,0
2026-07-17 23:50:00+00:00,543.6652,544.03,543.6652,544.03,0
2026-07-17 23:55:00+00:00,544.03,544.46,544.0,544.46,0
2026-07-20 08:00:00+00:00,542.84,544.83,539.3612,542.0,0
2026-07-20 08:05:00+00:00,541.15,543.0,541.15,543.0,0
2026-07-20 08:10:00+00:00,541.0,541.0012,541.0,541.0012,0
2026-07-20 08:15:00+00:00,541.0012,543.21,541.0012,543.21,0
2026-07-20 08:20:00+00:00,543.0,543.59,543.0,543.59,0
2026-07-20 08:25:00+00:00,544.0517,544.0517,544.0517,544.0517,0
2026-07-20 08:30:00+00:00,543.0,543.0,543.0,543.0,0
2026-07-20 08:35:00+00:00,543.8275,543.8275,543.8275,543.8275,0
2026-07-20 08:40:00+00:00,543.05,543.05,543.05,543.05,0
2026-07-20 08:50:00+00:00,543.05,543.05,543.05,543.05,0
2026-07-20 09:00:00+00:00,543.41,543.41,543.4,543.4,0
2026-07-20 09:05:00+00:00,543.4,543.4,543.3257,543.38,0
2026-07-20 09:20:00+00:00,543.06,543.12,543.06,543.12,0
2026-07-20 09:25:00+00:00,541.3992,541.3992,541.3992,541.3992,0
2026-07-20 09:35:00+00:00,541.3992,541.3992,541.3992,541.3992,0
2026-07-20 09:50:00+00:00,541.3992,541.3992,541.3992,541.3992,0
2026-07-20 10:05:00+00:00,541.3787,543.48,541.3787,543.48,0
2026-07-20 10:15:00+00:00,543.72,544.6,543.52,543.6,0
2026-07-20 10:20:00+00:00,543.6,544.31,543.6,544.31,0
2026-07-20 10:25:00+00:00,543.5,547.3862,543.5,547.3862,0
2026-07-20 10:35:00+00:00,547.3862,547.3862,547.3862,547.3862,0
2026-07-20 10:50:00+00:00,543.52,543.52,543.52,543.52,0
2026-07-20 10:55:00+00:00,543.5,543.5,543.5,543.5,0
2026-07-20 11:00:00+00:00,544.59,544.61,541.0012,542.01,0
2026-07-20 11:05:00+00:00,543.0,543.0,541.3859,541.3859,0
2026-07-20 11:10:00+00:00,542.73,542.99,541.0,541.0,0
2026-07-20 11:15:00+00:00,541.1077,542.0,541.0,542.0,0
2026-07-20 11:20:00+00:00,542.0,542.859,542.0,542.859,0
2026-07-20 11:25:00+00:00,543.07,543.07,542.9987,542.9987,0
2026-07-20 11:30:00+00:00,542.0,542.0,542.0,542.0,0
2026-07-20 11:35:00+00:00,542.8622,542.8622,542.8622,542.8622,0
2026-07-20 11:40:00+00:00,542.0,542.7,541.045,542.0,0
2026-07-20 11:45:00+00:00,542.01,542.12,541.0,541.0,0
2026-07-20 11:50:00+00:00,541.0,541.0,541.0,541.0,0
2026-07-20 11:55:00+00:00,542.5488,542.5488,542.12,542.43,0
2026-07-20 12:00:00+00:00,541.036,542.12,541.036,542.0,0
2026-07-20 12:05:00+00:00,542.31,542.31,541.21,541.21,0
2026-07-20 12:10:00+00:00,542.1,542.1,542.1,542.1,0
2026-07-20 12:15:00+00:00,542.0962,542.0962,541.87,542.07,0
2026-07-20 12:20:00+00:00,541.87,542.99,541.85,542.41,0
2026-07-20 12:25:00+00:00,542.35,543.3345,541.61,541.61,0
2026-07-20 12:30:00+00:00,541.61,542.7801,541.61,541.65,0
2026-07-20 12:35:00+00:00,542.07,542.07,540.0797,540.0797,0
2026-07-20 12:45:00+00:00,542.5,542.5,542.35,542.35,0
2026-07-20 12:50:00+00:00,542.3,542.3,542.07,542.07,0
2026-07-20 12:55:00+00:00,542.0,542.07,541.61,541.61,0
2026-07-20 13:00:00+00:00,541.6,542.72,541.6,542.72,0
2026-07-20 13:05:00+00:00,542.72,542.72,542.72,542.72,0
2026-07-20 13:30:00+00:00,540.0,542.5050048828125,538.3599853515625,540.7000122070312,72904
2026-07-20 13:35:00+00:00,540.6500244140625,540.6500244140625,538.3599853515625,539.6199951171875,33351
2026-07-20 13:40:00+00:00,540.0599975585938,541.22998046875,538.0139770507812,540.0650024414062,25380
2026-07-20 13:45:00+00:00,540.0650024414062,540.9450073242188,539.0599975585938,540.7550048828125,27321
2026-07-20 13:50:00+00:00,540.760009765625,542.2625122070312,539.6900024414062,540.0750122070312,37241
2026-07-20 13:55:00+00:00,540.1950073242188,541.7745971679688,539.760009765625,540.4600219726562,36447
2026-07-20 14:00:00+00:00,540.4600219726562,542.1699829101562,540.2100219726562,541.8699951171875,35428
2026-07-20 14:05:00+00:00,541.9000244140625,542.5,541.1599731445312,541.3900146484375,23381
2026-07-20 14:10:00+00:00,541.5789794921875,543.2100219726562,541.4199829101562,542.864990234375,16040
2026-07-20 14:15:00+00:00,542.905029296875,543.6950073242188,542.4000244140625,542.8099975585938,29888
2026-07-20 14:20:00+00:00,542.8800048828125,543.1199951171875,542.2100219726562,542.72998046875,23380
2026-07-20 14:25:00+00:00,542.7374877929688,542.760009765625,541.8150024414062,542.52001953125,23333
2026-07-20 14:30:00+00:00,542.52001953125,542.7996826171875,542.0,542.7000122070312,15424
2026-07-20 14:35:00+00:00,542.7050170898438,543.5,542.5900268554688,542.989990234375,15711
2026-07-20 14:40:00+00:00,542.97998046875,543.4400024414062,542.6799926757812,543.2999877929688,8833
2026-07-20 14:45:00+00:00,543.5,544.523193359375,543.3699951171875,544.260009765625,14658
2026-07-20 14:50:00+00:00,544.3499755859375,544.739990234375,544.0800170898438,544.530029296875,13502
2026-07-20 14:55:00+00:00,544.530029296875,544.8515014648438,544.1749877929688,544.7899780273438,13864
2026-07-20 15:00:00+00:00,544.6300048828125,546.3800048828125,544.6300048828125,546.3800048828125,28083
2026-07-20 15:05:00+00:00,545.8699951171875,545.9749755859375,545.25,545.8099975585938,16634
2026-07-20 15:10:00+00:00,545.6900024414062,546.2550048828125,545.6099853515625,546.22998046875,19768
2026-07-20 15:15:00+00:00,546.1699829101562,547.0,545.7750244140625,546.9450073242188,14381
2026-07-20 15:20:00+00:00,547.0700073242188,547.7000122070312,547.0349731445312,547.7000122070312,19667
2026-07-20 15:25:00+00:00,547.6799926757812,547.9099731445312,546.9600219726562,546.9600219726562,12945
2026-07-20 15:30:00+00:00,546.9149780273438,547.0599975585938,546.1691284179688,546.780029296875,13865
2026-07-20 15:35:00+00:00,546.52001953125,546.75,546.0300903320312,546.5599975585938,10102
2026-07-20 15:40:00+00:00,546.6500244140625,546.9000244140625,546.27001953125,546.6799926757812,8547
2026-07-20 15:45:00+00:00,546.5399780273438,547.1300048828125,546.3099975585938,546.97998046875,10089
2026-07-20 15:50:00+00:00,547.0700073242188,547.4249877929688,547.0,547.2949829101562,11680
2026-07-20 15:55:00+00:00,547.3599853515625,547.5,546.4564819335938,546.60498046875,12418
2026-07-20 16:00:00+00:00,546.75,546.8599853515625,546.3350219726562,546.6900024414062,13197
2026-07-20 16:05:00+00:00,546.7349853515625,546.989990234375,546.0700073242188,546.5574951171875,16101
2026-07-20 16:10:00+00:00,546.6099853515625,546.8699951171875,546.344970703125,546.5900268554688,22200
2026-07-20 16:15:00+00:00,546.510009765625,546.7000122070312,546.3200073242188,546.4450073242188,13384
2026-07-20 16:20:00+00:00,546.4017944335938,546.5800170898438,546.2949829101562,546.5050048828125,13906
2026-07-20 16:25:00+00:00,546.5050048828125,546.6599731445312,546.1649780273438,546.3200073242188,15426
2026-07-20 16:30:00+00:00,546.2100219726562,546.3200073242188,546.0,546.0700073242188,7402
2026-07-20 16:35:00+00:00,546.0999755859375,546.3400268554688,546.0,546.2100219726562,9452
2026-07-20 16:40:00+00:00,546.3099975585938,546.364990234375,545.5449829101562,546.14501953125,21162
2026-07-20 16:45:00+00:00,546.0399780273438,546.5850219726562,545.9639892578125,546.3300170898438,13361
2026-07-20 16:50:00+00:00,546.2100219726562,546.239990234375,545.7000122070312,546.0449829101562,7514
2026-07-20 16:55:00+00:00,546.0,546.2525024414062,545.5399780273438,545.5800170898438,7806
2026-07-20 17:00:00+00:00,545.5499877929688,545.9199829101562,545.4600219726562,545.6359252929688,21242
2026-07-20 17:05:00+00:00,545.7000122070312,546.6199951171875,545.7000122070312,546.3200073242188,19519
2026-07-20 17:10:00+00:00,546.1663818359375,546.5858154296875,546.1663818359375,546.375,6516
2026-07-20 17:15:00+00:00,546.4450073242188,546.7271728515625,546.1300048828125,546.5549926757812,10912
2026-07-20 17:20:00+00:00,546.3200073242188,546.7899780273438,545.8499755859375,546.5650024414062,12823
2026-07-20 17:25:00+00:00,546.4000244140625,546.8499755859375,546.2100219726562,546.8499755859375,13965
2026-07-20 17:30:00+00:00,546.989990234375,547.3250122070312,546.9199829101562,547.3200073242188,9906
2026-07-20 17:35:00+00:00,547.3200073242188,547.39501953125,546.760009765625,546.9199829101562,9385
2026-07-20 17:40:00+00:00,546.8250122070312,547.2224731445312,546.7000122070312,547.0900268554688,11271
2026-07-20 17:45:00+00:00,547.0800170898438,547.280029296875,546.9500122070312,547.0900268554688,8648
2026-07-20 17:50:00+00:00,547.125,547.22998046875,546.1599731445312,546.4450073242188,13961
2026-07-20 17:55:00+00:00,546.3499755859375,546.7449951171875,546.0910034179688,546.6525268554688,17271
2026-07-20 18:00:00+00:00,546.64501953125,547.0900268554688,546.3599853515625,546.530029296875,22909
2026-07-20 18:05:00+00:00,546.4400024414062,546.469970703125,545.7308959960938,546.3499755859375,14352
2026-07-20 18:10:00+00:00,546.219970703125,546.639892578125,546.1600952148438,546.5625,9527
2026-07-20 18:15:00+00:00,546.5900268554688,546.8699951171875,546.0700073242188,546.2849731445312,27685
2026-07-20 18:20:00+00:00,546.4099731445312,546.510009765625,545.8800048828125,546.1300048828125,31446
2026-07-20 18:25:00+00:00,546.25,546.6799926757812,545.635009765625,546.0250244140625,47522
2026-07-20 18:30:00+00:00,546.1599731445312,546.1599731445312,545.10498046875,545.780029296875,67149
2026-07-20 18:35:00+00:00,545.72998046875,546.6199951171875,545.72998046875,545.780029296875,49021
2026-07-20 18:40:00+00:00,545.760009765625,546.469970703125,545.760009765625,546.3099975585938,38224
2026-07-20 18:45:00+00:00,546.2949829101562,546.5700073242188,545.989990234375,546.2974853515625,24585
2026-07-20 18:50:00+00:00,546.2899780273438,546.4099731445312,545.97998046875,546.0050048828125,25145
2026-07-20 18:55:00+00:00,546.0800170898438,546.5800170898438,545.8200073242188,546.0700073242188,23205
2026-07-20 19:00:00+00:00,545.9849853515625,546.9650268554688,545.9849853515625,546.7899780273438,54041
2026-07-20 19:05:00+00:00,546.7899780273438,546.9500122070312,546.5399780273438,546.9232788085938,22333
2026-07-20 19:10:00+00:00,546.9400024414062,547.239990234375,546.3900146484375,546.6699829101562,21733
2026-07-20 19:15:00+00:00,546.6699829101562,546.760009765625,546.4299926757812,546.5900268554688,24702
2026-07-20 19:20:00+00:00,546.5999755859375,547.5700073242188,546.5599975585938,547.22998046875,51333
2026-07-20 19:25:00+00:00,547.4299926757812,547.530029296875,546.6699829101562,547.0250244140625,21286
2026-07-20 19:30:00+00:00,546.9600219726562,547.5050048828125,546.8599853515625,547.1699829101562,35173
2026-07-20 19:35:00+00:00,547.1699829101562,547.1699829101562,546.5549926757812,547.0700073242188,29437
2026-07-20 19:40:00+00:00,547.0549926757812,547.3900146484375,546.9550170898438,547.3350219726562,17170
2026-07-20 19:45:00+00:00,547.4199829101562,547.7760009765625,547.1799926757812,547.530029296875,32565
2026-07-20 19:50:00+00:00,547.6199951171875,547.844970703125,547.1799926757812,547.219970703125,49789
2026-07-20 19:55:00+00:00,547.3150024414062,547.72998046875,546.7849731445312,547.5,245848
2026-07-20 20:00:00+00:00,547.44,549.6937,545.6562,547.44,0
2026-07-20 20:05:00+00:00,547.3,547.3,545.7314,547.3,0
2026-07-20 20:10:00+00:00,547.44,547.44,545.5972,545.7382,0
2026-07-20 20:15:00+00:00,547.44,547.44,545.6075,545.7662,0
2026-07-20 20:20:00+00:00,547.44,547.7925,545.6075,545.6075,0
2026-07-20 20:25:00+00:00,547.7925,547.85,547.38,547.38,0
2026-07-20 20:30:00+00:00,547.7925,547.7925,547.7925,547.7925,0
2026-07-20 20:35:00+00:00,547.7925,547.7925,547.7925,547.7925,0
2026-07-20 20:40:00+00:00,547.0,547.0,545.55,545.55,0
2026-07-20 20:45:00+00:00,545.55,545.7654,545.55,545.7654,0
2026-07-20 20:50:00+00:00,547.4935,547.4935,547.4935,547.4935,0
2026-07-20 20:55:00+00:00,547.5,547.5,545.6,545.6,0
2026-07-20 21:05:00+00:00,545.6,545.6,545.6,545.6,0
2026-07-20 21:10:00+00:00,545.7031,545.7252,545.56,545.56,0
2026-07-20 21:20:00+00:00,545.64,545.64,545.64,545.64,0
2026-07-20 21:25:00+00:00,547.3732,547.3732,547.3732,547.3732,0
2026-07-20 21:30:00+00:00,545.5967,547.3732,545.57,545.57,0
2026-07-20 21:35:00+00:00,545.64,545.64,545.595,545.64,0
2026-07-20 21:40:00+00:00,547.2,547.2,547.0,547.0,0
2026-07-20 21:45:00+00:00,547.043,547.043,547.043,547.043,0
2026-07-20 21:50:00+00:00,547.095,547.16,547.095,547.16,0
2026-07-20 21:55:00+00:00,547.08,547.08,547.08,547.08,0
2026-07-20 22:00:00+00:00,547.4142,547.4142,547.06,547.4095,0
2026-07-20 22:05:00+00:00,547.4095,547.4095,547.4095,547.4095,0
2026-07-20 22:15:00+00:00,545.68,545.68,545.68,545.68,0
2026-07-20 22:20:00+00:00,546.0347,546.1634,546.0347,546.1634,0
2026-07-20 22:25:00+00:00,547.0,547.0,546.01,546.02,0
2026-07-20 22:30:00+00:00,546.01,546.0347,546.01,546.0347,0
2026-07-20 22:35:00+00:00,546.2073,546.2073,546.2073,546.2073,0
2026-07-20 22:40:00+00:00,546.01,546.02,546.01,546.02,0
2026-07-20 22:45:00+00:00,546.5,546.5,546.5,546.5,0
2026-07-20 22:50:00+00:00,547.0,547.0,547.0,547.0,0
2026-07-20 22:55:00+00:00,547.0,547.0,547.0,547.0,0
2026-07-20 23:15:00+00:00,547.0,547.0,547.0,547.0,0
2026-07-20 23:20:00+00:00,547.0,547.01,547.0,547.01,0
2026-07-20 23:25:00+00:00,547.01,547.011,547.0,547.0,0
2026-07-20 23:30:00+00:00,547.0,547.0439,547.0,547.0439,0
2026-07-20 23:35:00+00:00,547.01,547.01,547.01,547.01,0
2026-07-20 23:40:00+00:00,547.429,547.429,547.011,547.38,0
2026-07-20 23:45:00+00:00,547.4,548.0738,547.4,547.46,0
2026-07-20 23:50:00+00:00,547.46,547.9,547.44,547.9,0
2026-07-20 23:55:00+00:00,549.1413,549.1413,549.1413,549.1413,0
2026-07-21 08:00:00+00:00,541.2015,550.542,538.9212,544.5,0
2026-07-21 08:05:00+00:00,536.2212,536.2212,536.2212,536.2212,0
2026-07-21 08:10:00+00:00,536.2212,536.2212,536.2212,536.2212,0
2026-07-21 08:20:00+00:00,543.0,543.0,543.0,543.0,0
2026-07-21 08:25:00+00:00,545.73,545.73,543.6811,543.6811,0
2026-07-21 08:30:00+00:00,543.68,544.5,543.68,544.5,0
2026-07-21 08:35:00+00:00,544.94,544.94,544.94,544.94,0
2026-07-21 08:40:00+00:00,545.2,545.22,545.2,545.22,0
2026-07-21 08:45:00+00:00,545.22,545.22,545.22,545.22,0
2026-07-21 08:50:00+00:00,546.36,546.36,545.25,545.25,0
2026-07-21 08:55:00+00:00,545.25,545.25,545.25,545.25,0
2026-07-21 09:05:00+00:00,545.56,545.56,545.56,545.56,0
2026-07-21 09:10:00+00:00,545.255,545.255,545.255,545.255,0
2026-07-21 09:15:00+00:00,546.61,547.345,546.45,547.345,0
2026-07-21 09:25:00+00:00,545.6,547.1,545.36,545.4,0
2026-07-21 09:30:00+00:00,545.4,545.4,545.26,545.26,0
2026-07-21 09:35:00+00:00,546.56,546.56,545.3,545.3,0
2026-07-21 09:50:00+00:00,546.56,547.0,546.56,547.0,0
2026-07-21 09:55:00+00:00,547.0,547.0,545.56,545.56,0
2026-07-21 10:00:00+00:00,545.55,546.0,545.55,546.0,0
2026-07-21 10:15:00+00:00,545.56,545.56,545.56,545.56,0
2026-07-21 10:20:00+00:00,545.2,545.2,545.2,545.2,0
2026-07-21 10:25:00+00:00,545.2012,545.94,545.2012,545.94,0
2026-07-21 10:30:00+00:00,545.94,545.94,545.94,545.94,0
2026-07-21 10:50:00+00:00,545.75,545.75,545.67,545.75,0
2026-07-21 10:55:00+00:00,545.75,547.9988,545.75,547.02,0
2026-07-21 11:00:00+00:00,546.8,546.8,546.8,546.8,0
2026-07-21 11:05:00+00:00,545.4,545.8,545.26,545.8,0
2026-07-21 11:10:00+00:00,546.79,546.79,546.79,546.79,0
2026-07-21 11:15:00+00:00,547.77,547.77,547.77,547.77,0
2026-07-21 11:20:00+00:00,545.56,545.56,545.56,545.56,0
2026-07-21 11:25:00+00:00,545.4306,545.4306,545.4306,545.4306,0
2026-07-21 11:30:00+00:00,546.2725,546.2725,546.24,546.24,0
2026-07-21 11:35:00+00:00,545.45,546.29,545.45,546.29,0
2026-07-21 11:40:00+00:00,546.18,546.23,546.18,546.23,0
2026-07-21 11:50:00+00:00,546.28,546.28,545.5,545.5,0
2026-07-21 11:55:00+00:00,545.24,545.8882,545.0,545.8882,0
2026-07-21 12:00:00+00:00,543.1,543.1,543.1,543.1,0
2026-07-21 12:10:00+00:00,546.2175,546.2175,546.2175,546.2175,0
2026-07-21 12:15:00+00:00,544.02,545.0557,543.5,543.5,0
2026-07-21 12:20:00+00:00,545.0,545.0,545.0,545.0,0
2026-07-21 12:25:00+00:00,545.0,545.0,545.0,545.0,0
2026-07-21 12:30:00+00:00,545.0,545.47,544.98,544.98,0
2026-07-21 12:35:00+00:00,543.0,543.0,543.0,543.0,0
2026-07-21 12:40:00+00:00,543.2268,544.96,543.2268,544.96,0
2026-07-21 12:50:00+00:00,543.21,543.21,543.09,543.09,0
2026-07-21 12:55:00+00:00,545.46,548.85,543.06,543.21,0
2026-07-21 13:00:00+00:00,547.9631,548.5532,545.98,545.98,0
2026-07-21 13:05:00+00:00,544.97,545.99,544.06,544.06,0
2026-07-21 13:10:00+00:00,544.1,544.1,544.0,544.0,0
2026-07-21 13:30:00+00:00,543.760009765625,544.3400268554688,541.4053955078125,544.3400268554688,59394
2026-07-21 13:35:00+00:00,543.2769775390625,544.1699829101562,540.9600219726562,540.9600219726562,40200
2026-07-21 13:40:00+00:00,540.9286499023438,541.25,538.8099975585938,539.7899780273438,32488
2026-07-21 13:45:00+00:00,539.9600219726562,542.2899780273438,539.4149780273438,541.010009765625,40883
2026-07-21 13:50:00+00:00,540.7550048828125,542.625,540.469970703125,542.625,21380
2026-07-21 13:55:00+00:00,542.6649780273438,543.2000122070312,541.5650024414062,542.5339965820312,40942
2026-07-21 14:00:00+00:00,542.8400268554688,543.7899780273438,541.6799926757812,543.5499877929688,37766
2026-07-21 14:05:00+00:00,543.510009765625,543.6099853515625,542.2750244140625,543.0,27516
2026-07-21 14:10:00+00:00,542.9500122070312,543.3499755859375,542.2100219726562,542.2899780273438,25925
2026-07-21 14:15:00+00:00,542.0599975585938,543.1099853515625,541.9600219726562,542.2899780273438,24794
2026-07-21 14:20:00+00:00,542.4500122070312,543.2750244140625,542.4500122070312,543.0449829101562,26426
2026-07-21 14:25:00+00:00,543.0449829101562,543.4998779296875,542.760009765625,543.344970703125,26225
2026-07-21 14:30:00+00:00,543.344970703125,543.344970703125,541.9600219726562,542.1699829101562,27521
2026-07-21 14:35:00+00:00,542.1699829101562,542.239990234375,541.1950073242188,542.0,26416
2026-07-21 14:40:00+00:00,542.0,542.5499877929688,541.4909057617188,542.3499755859375,17817
2026-07-21 14:45:00+00:00,542.3499755859375,543.4099731445312,542.2550048828125,543.0,26302
2026-07-21 14:50:00+00:00,542.9199829101562,542.9199829101562,542.4400024414062,542.8800048828125,112422
2026-07-21 14:55:00+00:00,542.8699951171875,543.3599853515625,542.6749877929688,542.8599853515625,91301
2026-07-21 15:00:00+00:00,543.0,543.3699951171875,541.4299926757812,541.72998046875,41911
2026-07-21 15:05:00+00:00,541.72998046875,542.4099731445312,541.1099853515625,541.3300170898438,28952
2026-07-21 15:10:00+00:00,541.3350219726562,542.168701171875,541.0800170898438,541.1749877929688,24535
2026-07-21 15:15:00+00:00,541.1749877929688,542.2999877929688,540.89501953125,542.0399780273438,27835
2026-07-21 15:20:00+00:00,542.219970703125,543.0198974609375,541.75,541.9199829101562,12530
2026-07-21 15:25:00+00:00,541.9349975585938,542.2000122070312,541.5399780273438,542.1300048828125,13154
2026-07-21 15:30:00+00:00,542.2000122070312,542.5499267578125,541.7000122070312,541.7000122070312,11115
2026-07-21 15:35:00+00:00,541.8400268554688,541.9500122070312,541.239990234375,541.8300170898438,15239
2026-07-21 15:40:00+00:00,541.8300170898438,542.0900268554688,541.3699951171875,541.719970703125,8143
2026-07-21 15:45:00+00:00,541.7650146484375,541.7650146484375,541.010009765625,541.0700073242188,24187
2026-07-21 15:50:00+00:00,541.1699829101562,541.3699951171875,540.6900024414062,541.1904296875,15827
2026-07-21 15:55:00+00:00,541.25,541.5449829101562,541.02001953125,541.1400146484375,16368
2026-07-21 16:00:00+00:00,541.0700073242188,541.3200073242188,540.8200073242188,541.0499877929688,28298
2026-07-21 16:05:00+00:00,540.7999877929688,540.8499755859375,540.1799926757812,540.635009765625,23740
2026-07-21 16:10:00+00:00,540.64501953125,541.27001953125,540.3099975585938,541.27001953125,18350
2026-07-21 16:15:00+00:00,541.22998046875,541.530029296875,541.010009765625,541.39501953125,13632
2026-07-21 16:20:00+00:00,541.3099975585938,541.7000122070312,541.0599975585938,541.4949951171875,14391
2026-07-21 16:25:00+00:00,541.4400024414062,542.3900146484375,541.1599731445312,542.114990234375,13120
2026-07-21 16:30:00+00:00,542.0700073242188,542.3599853515625,541.8300170898438,542.0850219726562,12241
2026-07-21 16:35:00+00:00,541.97998046875,542.1475219726562,541.4500122070312,542.0999755859375,22096
2026-07-21 16:40:00+00:00,542.1099853515625,542.3099975585938,541.8900146484375,542.02001953125,15647
2026-07-21 16:45:00+00:00,542.02001953125,542.4000244140625,541.9600219726562,542.1749877929688,19426
2026-07-21 16:50:00+00:00,542.0750122070312,542.5499877929688,541.6694946289062,542.2100219726562,72289
2026-07-21 16:55:00+00:00,542.2000122070312,542.4000244140625,542.0999755859375,542.260009765625,14466
2026-07-21 17:00:00+00:00,542.2100219726562,542.260009765625,541.760009765625,541.760009765625,19690
2026-07-21 17:05:00+00:00,541.760009765625,542.010009765625,541.5159301757812,541.8099975585938,11449
2026-07-21 17:10:00+00:00,541.9000244140625,542.1099853515625,541.6099853515625,541.9000244140625,19749
2026-07-21 17:15:00+00:00,541.7150268554688,541.8200073242188,541.219970703125,541.510009765625,12767
2026-07-21 17:20:00+00:00,541.510009765625,541.85498046875,541.3599853515625,541.655029296875,13346
2026-07-21 17:25:00+00:00,541.655029296875,541.739990234375,541.4400024414062,541.6500244140625,19615
2026-07-21 17:30:00+00:00,541.5900268554688,541.5999755859375,540.4500122070312,540.6300048828125,16696
2026-07-21 17:35:00+00:00,540.6300048828125,541.2799072265625,540.5900268554688,541.094970703125,17650
2026-07-21 17:40:00+00:00,541.1599731445312,541.1599731445312,540.5650024414062,540.7999877929688,239420
2026-07-21 17:45:00+00:00,540.77001953125,540.7999877929688,540.3400268554688,540.52001953125,10893
2026-07-21 17:50:00+00:00,540.4600219726562,540.9749755859375,540.2100219726562,540.6199951171875,15942
2026-07-21 17:55:00+00:00,540.760009765625,540.8699951171875,539.6699829101562,540.0599975585938,37271
2026-07-21 18:00:00+00:00,540.0599975585938,540.0599975585938,539.2899780273438,539.4199829101562,12656
2026-07-21 18:05:00+00:00,539.3200073242188,539.4099731445312,538.9400024414062,539.1199951171875,17458
2026-07-21 18:10:00+00:00,539.1500244140625,539.4749755859375,539.0599975585938,539.1400146484375,17604
2026-07-21 18:15:00+00:00,539.125,539.125,538.4000244140625,538.6199951171875,15293
2026-07-21 18:20:00+00:00,538.614990234375,538.7849731445312,538.260009765625,538.6266479492188,12944
2026-07-21 18:25:00+00:00,538.3499755859375,538.5299072265625,538.030029296875,538.3599853515625,19794
2026-07-21 18:30:00+00:00,538.2999877929688,539.35498046875,538.030029296875,539.0499877929688,18774
2026-07-21 18:35:00+00:00,539.0700073242188,539.3400268554688,538.8699951171875,539.280029296875,19310
2026-07-21 18:40:00+00:00,539.219970703125,540.0800170898438,539.1400146484375,539.9249877929688,25312
2026-07-21 18:45:00+00:00,539.9249877929688,540.0399780273438,539.260009765625,539.3900146484375,33130
2026-07-21 18:50:00+00:00,539.3900146484375,539.4400024414062,539.15234375,539.375,18201
2026-07-21 18:55:00+00:00,539.375,539.4000244140625,539.1500244140625,539.1500244140625,18718
2026-07-21 19:00:00+00:00,539.2249755859375,539.9199829101562,539.1400146484375,539.3049926757812,19220
2026-07-21 19:05:00+00:00,539.3800048828125,539.6599731445312,539.1599731445312,539.3400268554688,19730
2026-07-21 19:10:00+00:00,539.3400268554688,539.530029296875,539.0,539.260009765625,22762
2026-07-21 19:15:00+00:00,539.260009765625,539.8250122070312,539.2000122070312,539.4450073242188,25196
2026-07-21 19:20:00+00:00,539.4450073242188,539.6199951171875,539.1599731445312,539.4500122070312,27459
2026-07-21 19:25:00+00:00,539.4500122070312,539.6298828125,539.3599853515625,539.4849853515625,26335
2026-07-21 19:30:00+00:00,539.4099731445312,539.4199829101562,538.030029296875,538.030029296875,49687
2026-07-21 19:35:00+00:00,538.10498046875,538.8150024414062,537.6199951171875,537.6799926757812,38630
2026-07-21 19:40:00+00:00,537.780029296875,537.9299926757812,537.469970703125,537.9299926757812,42401
2026-07-21 19:45:00+00:00,537.9749755859375,538.4400024414062,537.6099853515625,537.8800048828125,47800
2026-07-21 19:50:00+00:00,537.9600219726562,538.4400024414062,537.3599853515625,537.5549926757812,76619
2026-07-21 19:55:00+00:00,537.4400024414062,538.239990234375,536.8499755859375,538.1500244140625,165205
2026-07-21 20:00:00+00:00,538.3,539.485,536.66,539.485,0
2026-07-21 20:05:00+00:00,537.372,538.3,537.372,538.3,0
2026-07-21 20:10:00+00:00,538.3,538.3,535.115,535.115,0
2026-07-21 20:15:00+00:00,538.3,538.3538,537.0,537.0,0
2026-07-21 20:20:00+00:00,538.3,539.6,538.3,539.0,0
2026-07-21 20:25:00+00:00,538.35,538.5,535.0012,538.5,0
2026-07-21 20:30:00+00:00,539.485,539.485,538.45,538.45,0
2026-07-21 20:35:00+00:00,539.485,539.485,537.0048,537.94,0
2026-07-21 20:40:00+00:00,538.45,539.05,538.45,539.0,0
2026-07-21 20:45:00+00:00,538.3,538.3,538.3,538.3,0
2026-07-21 20:50:00+00:00,535.7258,535.7258,535.7258,535.7258,0
2026-07-21 20:55:00+00:00,538.9327,539.6,538.9327,539.6,0
2026-07-21 21:05:00+00:00,539.2144,539.2144,538.11,538.11,0
2026-07-21 21:15:00+00:00,535.115,538.11,535.115,537.94,0
2026-07-21 21:20:00+00:00,539.485,539.485,537.93,537.93,0
2026-07-21 21:25:00+00:00,537.93,539.59,537.93,539.59,0
2026-07-21 21:30:00+00:00,539.0,539.1538,539.0,539.1538,0
2026-07-21 21:35:00+00:00,535.0,539.2496,535.0,539.2496,0
2026-07-21 21:40:00+00:00,537.93,537.93,535.115,535.115,0
2026-07-21 21:45:00+00:00,538.887,538.887,535.0,535.0,0
2026-07-21 21:50:00+00:00,537.21,539.489,537.21,539.2633,0
2026-07-21 21:55:00+00:00,539.2633,539.2633,535.4367,538.5,0
2026-07-21 22:00:00+00:00,535.53,538.0,535.53,538.0,0
2026-07-21 22:05:00+00:00,537.93,539.5,537.93,539.5,0
2026-07-21 22:10:00+00:00,539.5,539.5,538.5,538.5,0
2026-07-21 22:15:00+00:00,539.2985,539.2985,539.2985,539.2985,0
2026-07-21 22:20:00+00:00,537.29,537.34,536.8412,536.8412,0
2026-07-21 22:25:00+00:00,536.8412,539.3994,536.8412,539.1938,0
2026-07-21 22:30:00+00:00,539.2,539.5988,538.77,538.85,0
2026-07-21 22:35:00+00:00,539.2823,539.6,539.0,539.0,0
2026-07-21 22:40:00+00:00,539.6,539.6,539.3492,539.59,0
2026-07-21 22:45:00+00:00,539.2783,539.352,539.1195,539.352,0
2026-07-21 22:50:00+00:00,538.0,539.0,538.0,539.0,0
2026-07-21 22:55:00+00:00,539.0,539.5225,538.88,538.88,0
2026-07-21 23:00:00+00:00,536.5775,539.5225,536.5012,536.5012,0
2026-07-21 23:05:00+00:00,536.5,539.27,536.5,539.27,0
2026-07-21 23:10:00+00:00,538.04,539.0,537.3,537.3,0
2026-07-21 23:15:00+00:00,538.0,539.5425,538.0,538.45,0
2026-07-21 23:20:00+00:00,539.5999,539.5999,539.5999,539.5999,0
2026-07-21 23:25:00+00:00,539.0,539.0,538.5,538.5,0
2026-07-21 23:30:00+00:00,538.08,539.0,538.08,539.0,0
2026-07-21 23:35:00+00:00,539.5425,539.5425,539.5425,539.5425,0
2026-07-21 23:40:00+00:00,539.296,539.296,539.296,539.296,0
2026-07-21 23:45:00+00:00,539.24,539.27,538.0,538.0,0
2026-07-21 23:50:00+00:00,539.5425,539.5425,537.3575,537.3575,0
2026-07-21 23:55:00+00:00,537.3575,539.4,537.3575,539.0,0
2026-07-22 08:00:00+00:00,538.5,543.5088,536.7612,542.2,0
2026-07-22 08:05:00+00:00,539.87,539.87,539.87,539.87,0
2026-07-22 08:10:00+00:00,539.87,539.87,539.87,539.87,0
2026-07-22 08:20:00+00:00,539.87,539.87,539.87,539.87,0
2026-07-22 08:25:00+00:00,539.87,539.87,539.87,539.87,0
2026-07-22 08:30:00+00:00,542.2988,542.2988,542.2988,542.2988,0
2026-07-22 08:40:00+00:00,541.0,541.0,541.0,541.0,0
2026-07-22 08:50:00+00:00,540.5,540.5,540.5,540.5,0
2026-07-22 08:55:00+00:00,539.86,539.86,539.07,539.07,0
2026-07-22 09:05:00+00:00,539.2,539.2,539.2,539.2,0
2026-07-22 09:10:00+00:00,539.2,539.2,539.2,539.2,0
2026-07-22 09:15:00+00:00,539.5,539.5,539.5,539.5,0
2026-07-22 09:25:00+00:00,539.5,539.5,539.3074,539.3074,0
2026-07-22 09:35:00+00:00,539.2012,539.2012,539.2012,539.2012,0
2026-07-22 09:40:00+00:00,539.3074,539.3074,539.3,539.3,0
2026-07-22 09:50:00+00:00,539.277,539.277,539.2012,539.2012,0
2026-07-22 09:55:00+00:00,540.3,540.75,540.3,540.75,0
2026-07-22 10:05:00+00:00,539.55,539.55,539.5,539.5,0
2026-07-22 10:10:00+00:00,539.5,539.5,539.5,539.5,0
2026-07-22 10:15:00+00:00,539.6,539.6,539.2,539.2,0
2026-07-22 10:20:00+00:00,535.1472,535.1472,535.1472,535.1472,0
2026-07-22 10:25:00+00:00,535.1472,535.1472,535.1472,535.1472,0
2026-07-22 10:40:00+00:00,535.1472,535.1472,535.1472,535.1472,0
2026-07-22 10:50:00+00:00,535.1472,535.1472,535.1472,535.1472,0
2026-07-22 10:55:00+00:00,535.1472,535.1472,535.1472,535.1472,0
2026-07-22 11:00:00+00:00,539.59,540.0,538.3,539.9995,0
2026-07-22 11:05:00+00:00,539.6,539.6,539.6,539.6,0
2026-07-22 11:10:00+00:00,540.37,540.37,539.8477,539.8477,0
2026-07-22 11:15:00+00:00,540.0,540.0,537.0,537.0,0
2026-07-22 11:25:00+00:00,538.51,539.5,538.3552,539.4071,0
2026-07-22 11:30:00+00:00,538.36,539.0,538.36,539.0,0
2026-07-22 11:35:00+00:00,538.36,538.36,538.36,538.36,0
2026-07-22 11:40:00+00:00,538.36,538.36,537.94,537.99,0
2026-07-22 11:45:00+00:00,538.06,539.7,538.0,539.7,0
2026-07-22 11:50:00+00:00,539.8957,539.99,539.3919,539.3977,0
2026-07-22 11:55:00+00:00,539.925,539.925,539.925,539.925,0
2026-07-22 12:00:00+00:00,538.3,540.0,538.3,540.0,0
2026-07-22 12:05:00+00:00,537.6093,539.357,537.0,539.357,0
2026-07-22 12:10:00+00:00,539.4,539.4,538.12,539.4,0
2026-07-22 12:15:00+00:00,539.4,539.4,539.15,539.15,0
2026-07-22 12:20:00+00:00,539.39,540.0,539.39,540.0,0
2026-07-22 12:25:00+00:00,539.925,539.925,539.925,539.925,0
2026-07-22 12:30:00+00:00,539.3686,539.6,539.3686,539.6,0
2026-07-22 12:35:00+00:00,539.99,540.0,538.3522,540.0,0
2026-07-22 12:40:00+00:00,539.98,539.98,539.96,539.96,0
2026-07-22 12:45:00+00:00,539.85,539.85,539.8,539.85,0
2026-07-22 12:55:00+00:00,539.6,540.0,539.6,539.9,0
2026-07-22 13:00:00+00:00,540.0,542.1675,540.0,540.0,0
2026-07-22 13:05:00+00:00,539.16,539.16,539.16,539.16,0
2026-07-22 13:10:00+00:00,539.16,539.16,539.16,539.16,0
2026-07-22 13:30:00+00:00,538.9400024414062,540.0,535.52001953125,536.10498046875,61801
2026-07-22 13:35:00+00:00,536.0800170898438,537.2249755859375,535.35009765625,536.6799926757812,27931
2026-07-22 13:40:00+00:00,536.635009765625,537.77001953125,535.6510009765625,537.5499877929688,18928
2026-07-22 13:45:00+00:00,537.47998046875,538.6599731445312,537.1799926757812,538.6599731445312,19305
2026-07-22 13:50:00+00:00,538.510009765625,538.719970703125,535.7000122070312,535.9450073242188,19116
2026-07-22 13:55:00+00:00,535.9450073242188,536.9299926757812,535.4099731445312,536.7000122070312,15077
2026-07-22 14:00:00+00:00,536.8250122070312,537.3300170898438,536.280029296875,537.0050048828125,22999
2026-07-22 14:05:00+00:00,537.0599975585938,537.4000244140625,536.4328002929688,536.6300048828125,9417
2026-07-22 14:10:00+00:00,536.7999877929688,536.9000244140625,535.7100219726562,535.989990234375,12769
2026-07-22 14:15:00+00:00,535.969970703125,537.1950073242188,535.1400146484375,535.1400146484375,14747
2026-07-22 14:20:00+00:00,535.2050170898438,536.2949829101562,534.6099853515625,535.969970703125,21666
2026-07-22 14:25:00+00:00,535.8400268554688,535.9199829101562,535.3900146484375,535.52001953125,10199
2026-07-22 14:30:00+00:00,535.6400146484375,536.2899780273438,535.5999755859375,536.125,11172
2026-07-22 14:35:00+00:00,536.1300048828125,536.280029296875,535.6699829101562,536.02001953125,7668
2026-07-22 14:40:00+00:00,535.8200073242188,535.8200073242188,534.9887084960938,535.489990234375,12178
2026-07-22 14:45:00+00:00,535.4849853515625,535.4849853515625,534.77001953125,534.8400268554688,10767
2026-07-22 14:50:00+00:00,534.8200073242188,535.4199829101562,534.6099853515625,535.3599853515625,11527
2026-07-22 14:55:00+00:00,535.3599853515625,535.364990234375,534.280029296875,535.125,31445
2026-07-22 15:00:00+00:00,534.9199829101562,535.5800170898438,534.6900024414062,535.5150146484375,11597
2026-07-22 15:05:00+00:00,535.3800048828125,535.47998046875,534.6599731445312,534.6599731445312,8085
2026-07-22 15:10:00+00:00,534.6300048828125,534.969970703125,534.4299926757812,534.70751953125,8743
2026-07-22 15:15:00+00:00,534.7100219726562,535.27001953125,534.6199951171875,534.9650268554688,7231
2026-07-22 15:20:00+00:00,534.8400268554688,535.764892578125,534.8300170898438,535.6900024414062,21794
2026-07-22 15:25:00+00:00,535.614990234375,536.5900268554688,535.530029296875,536.39501953125,13852
2026-07-22 15:30:00+00:00,536.5599975585938,536.6400146484375,535.97998046875,535.97998046875,7320
2026-07-22 15:35:00+00:00,535.8599853515625,536.364990234375,535.6130981445312,536.364990234375,9254
2026-07-22 15:40:00+00:00,536.405029296875,536.4650268554688,536.032470703125,536.22998046875,12980
2026-07-22 15:45:00+00:00,536.219970703125,536.5,535.8800048828125,536.3599853515625,9448
2026-07-22 15:50:00+00:00,536.3599853515625,536.3599853515625,535.5802001953125,536.239990234375,8114
2026-07-22 15:55:00+00:00,536.0551147460938,536.2659912109375,534.8900146484375,535.125,25752
2026-07-22 16:00:00+00:00,535.239990234375,535.2899780273438,534.9299926757812,535.1500244140625,14759
2026-07-22 16:05:00+00:00,535.02001953125,535.2750244140625,534.6300048828125,534.9650268554688,11839
2026-07-22 16:10:00+00:00,534.9249877929688,535.02001953125,534.7550048828125,534.885009765625,7372
2026-07-22 16:15:00+00:00,534.885009765625,534.885009765625,534.3200073242188,534.5250244140625,18273
2026-07-22 16:20:00+00:00,534.5250244140625,535.8499755859375,534.4000244140625,535.6074829101562,93813
2026-07-22 16:25:00+00:00,535.530029296875,536.364990234375,535.510009765625,536.2750244140625,18139
2026-07-22 16:30:00+00:00,536.1300048828125,536.3699951171875,535.7899780273438,536.2999877929688,12373
2026-07-22 16:35:00+00:00,536.4000244140625,536.760009765625,536.1099853515625,536.6599731445312,26784
2026-07-22 16:40:00+00:00,536.6599731445312,537.0,536.3800048828125,536.52001953125,10528
2026-07-22 16:45:00+00:00,536.510009765625,536.7617797851562,535.3800048828125,535.6599731445312,14850
2026-07-22 16:50:00+00:00,535.7899780273438,535.8599853515625,535.572021484375,535.780029296875,5947
2026-07-22 16:55:00+00:00,535.8800048828125,535.8800048828125,535.0700073242188,535.6400146484375,11870
2026-07-22 17:00:00+00:00,535.5800170898438,536.0,534.8499755859375,534.8499755859375,11029
2026-07-22 17:05:00+00:00,534.610107421875,534.7249755859375,534.1900024414062,534.2999877929688,8215
2026-07-22 17:10:00+00:00,534.25,534.635009765625,534.1199951171875,534.3499755859375,9903
2026-07-22 17:15:00+00:00,534.47998046875,534.5349731445312,533.9000244140625,533.9199829101562,17149
2026-07-22 17:20:00+00:00,533.969970703125,534.3400268554688,533.0,533.219970703125,9577
2026-07-22 17:25:00+00:00,533.3300170898438,533.5499877929688,533.2100219726562,533.4218139648438,6479
2026-07-22 17:30:00+00:00,533.4400024414062,533.739990234375,533.2000122070312,533.22998046875,6390
2026-07-22 17:35:00+00:00,533.2050170898438,533.8800048828125,533.1199951171875,533.7750244140625,10122
2026-07-22 17:40:00+00:00,533.8900146484375,533.9099731445312,533.4249877929688,533.5225219726562,9753
2026-07-22 17:45:00+00:00,533.6099853515625,533.6099853515625,532.9199829101562,533.344970703125,9204
2026-07-22 17:50:00+00:00,533.3499755859375,533.5999755859375,533.1400146484375,533.4550170898438,11176
2026-07-22 17:55:00+00:00,533.469970703125,533.6090087890625,533.030029296875,533.2899780273438,10193
2026-07-22 18:00:00+00:00,533.27001953125,533.3300170898438,532.969970703125,533.239990234375,8111
2026-07-22 18:05:00+00:00,533.2999877929688,533.5700073242188,533.0800170898438,533.5399780273438,10775
2026-07-22 18:10:00+00:00,533.4199829101562,533.5159912109375,533.02001953125,533.2050170898438,9419
2026-07-22 18:15:00+00:00,533.2000122070312,533.3400268554688,533.130126953125,533.3400268554688,10083
2026-07-22 18:20:00+00:00,533.2899780273438,533.3699951171875,532.9600219726562,533.0549926757812,9483
2026-07-22 18:25:00+00:00,533.0449829101562,533.239990234375,532.8099975585938,533.0999755859375,11268
2026-07-22 18:30:00+00:00,533.1599731445312,533.1599731445312,532.739990234375,532.739990234375,13302
2026-07-22 18:35:00+00:00,532.8150024414062,532.8150024414062,532.0399780273438,532.0399780273438,64647
2026-07-22 18:40:00+00:00,532.1199951171875,532.3300170898438,531.8200073242188,532.3300170898438,18316
2026-07-22 18:45:00+00:00,532.27001953125,532.27978515625,531.625,531.72998046875,19550
2026-07-22 18:50:00+00:00,531.780029296875,532.5900268554688,531.6900024414062,532.3350219726562,20344
2026-07-22 18:55:00+00:00,532.25,532.260009765625,531.9000244140625,532.1599731445312,19930
2026-07-22 19:00:00+00:00,532.0800170898438,532.47998046875,531.8699951171875,532.135009765625,19801
2026-07-22 19:05:00+00:00,532.1099853515625,532.7249755859375,532.0499877929688,532.2999877929688,16547
2026-07-22 19:10:00+00:00,532.239990234375,532.4299926757812,531.97998046875,532.3300170898438,13619
2026-07-22 19:15:00+00:00,532.39501953125,532.6500244140625,532.1199951171875,532.239990234375,19283
2026-07-22 19:20:00+00:00,532.1599731445312,532.280029296875,531.5800170898438,531.7000122070312,18457
2026-07-22 19:25:00+00:00,531.6500244140625,531.77001953125,531.364990234375,531.510009765625,20475
2026-07-22 19:30:00+00:00,531.4500122070312,531.47998046875,530.9149780273438,531.0999755859375,20859
2026-07-22 19:35:00+00:00,531.0999755859375,531.1300048828125,530.72998046875,530.989990234375,24004
2026-07-22 19:40:00+00:00,531.0599975585938,532.52001953125,531.02001953125,532.1500244140625,25360
2026-07-22 19:45:00+00:00,532.0900268554688,532.1300048828125,531.0399780273438,531.4199829101562,43764
2026-07-22 19:50:00+00:00,531.3599853515625,531.8399047851562,530.97998046875,531.7249755859375,61812
2026-07-22 19:55:00+00:00,531.8099975585938,532.8200073242188,531.469970703125,531.969970703125,216995
2026-07-22 20:00:00+00:00,532.1,539.99,531.3131,536.22,0
2026-07-22 20:05:00+00:00,536.29,539.99,530.0,530.0,0
2026-07-22 20:10:00+00:00,531.98,539.99,530.0,531.44,0
2026-07-22 20:15:00+00:00,531.98,532.0,531.98,532.0,0
2026-07-22 20:25:00+00:00,533.0,533.0,530.2497,530.2497,0
2026-07-22 20:30:00+00:00,530.8,535.43,530.8,535.43,0
2026-07-22 20:35:00+00:00,535.43,535.43,535.43,535.43,0
2026-07-22 20:40:00+00:00,535.43,535.43,531.98,533.8,0
2026-07-22 20:45:00+00:00,539.7402,539.7402,535.79,535.79,0
2026-07-22 20:50:00+00:00,539.7402,539.7402,533.0,533.0,0
2026-07-22 20:55:00+00:00,533.8,535.41,530.2497,535.41,0
2026-07-22 21:00:00+00:00,535.41,535.41,533.51,535.35,0
2026-07-22 21:05:00+00:00,530.0,534.875,530.0,532.61,0
2026-07-22 21:10:00+00:00,530.125,533.77,530.125,533.77,0
2026-07-22 21:15:00+00:00,533.77,535.0,530.0,530.0,0
2026-07-22 21:20:00+00:00,534.88,534.99,533.02,533.02,0
2026-07-22 21:25:00+00:00,532.41,533.15,532.41,533.15,0
2026-07-22 21:30:00+00:00,533.15,533.15,533.15,533.15,0
2026-07-22 21:35:00+00:00,535.0,535.0,532.41,532.83,0
2026-07-22 21:40:00+00:00,533.15,533.15,533.15,533.15,0
2026-07-22 21:45:00+00:00,533.17,533.17,533.17,533.17,0
2026-07-22 21:50:00+00:00,530.125,534.5275,530.125,533.21,0
2026-07-22 21:55:00+00:00,534.875,534.875,533.23,533.23,0
2026-07-22 22:00:00+00:00,534.875,535.0,530.125,533.26,0
2026-07-22 22:10:00+00:00,530.0,533.33,530.0,533.33,0
2026-07-22 22:15:00+00:00,534.69,534.69,534.69,534.69,0
2026-07-22 22:20:00+00:00,534.0,535.0,534.0,535.0,0
2026-07-22 22:30:00+00:00,533.33,533.5,533.25,533.5,0
2026-07-22 22:35:00+00:00,530.0997,530.0997,530.0997,530.0997,0
2026-07-22 22:40:00+00:00,533.49,533.5,530.0997,530.0997,0
2026-07-22 22:45:00+00:00,533.3,533.3,530.0997,533.05,0
2026-07-22 22:50:00+00:00,533.5,533.5,533.5,533.5,0
2026-07-22 22:55:00+00:00,530.0997,533.8902,530.0997,533.5,0
2026-07-22 23:00:00+00:00,533.5,533.5,533.5,533.5,0
2026-07-22 23:10:00+00:00,533.5,533.99,533.5,533.99,0
2026-07-22 23:15:00+00:00,533.11,533.11,533.11,533.11,0
2026-07-22 23:20:00+00:00,533.11,533.11,533.11,533.11,0
2026-07-22 23:25:00+00:00,533.11,533.11,533.11,533.11,0
2026-07-22 23:30:00+00:00,532.3032,533.9467,532.3032,532.3032,0
2026-07-22 23:35:00+00:00,532.3032,533.13,532.3032,532.3032,0
2026-07-22 23:40:00+00:00,532.3032,533.13,532.3032,533.13,0
2026-07-22 23:45:00+00:00,533.13,533.13,532.3032,532.3032,0
2026-07-22 23:50:00+00:00,532.5281,532.5281,532.5281,532.5281,0
2026-07-22 23:55:00+00:00,533.955,533.955,533.955,533.955,0
2026-07-23 08:00:00+00:00,529.76,535.1388,529.76,531.99,0
2026-07-23 08:05:00+00:00,533.23,536.8792,533.23,536.8792,0
2026-07-23 08:10:00+00:00,536.8792,536.8792,536.8792,536.8792,0
2026-07-23 08:25:00+00:00,532.96,533.23,532.96,533.23,0
2026-07-23 08:30:00+00:00,533.5107,533.5107,533.5107,533.5107,0
2026-07-23 08:35:00+00:00,532.05,532.05,532.05,532.05,0
2026-07-23 08:40:00+00:00,533.23,533.23,532.03,532.03,0
2026-07-23 08:45:00+00:00,533.6492,533.6492,532.34,532.45,0
2026-07-23 08:50:00+00:00,532.62,532.62,530.5,531.0189,0
2026-07-23 08:55:00+00:00,532.0,532.0,532.0,532.0,0
2026-07-23 09:00:00+00:00,530.6632,530.6632,530.6632,530.6632,0
2026-07-23 09:10:00+00:00,530.6632,530.6632,530.6632,530.6632,0
2026-07-23 09:20:00+00:00,532.0,532.0,532.0,532.0,0
2026-07-23 09:25:00+00:00,532.0,532.0,532.0,532.0,0
2026-07-23 09:35:00+00:00,532.62,533.0,532.62,533.0,0
2026-07-23 09:40:00+00:00,532.99,533.0,532.99,533.0,0
2026-07-23 09:45:00+00:00,532.0,532.98,532.0,532.98,0
2026-07-23 09:50:00+00:00,532.98,533.3932,532.98,533.3,0
2026-07-23 09:55:00+00:00,533.3,533.3,533.3,533.3,0
2026-07-23 10:00:00+00:00,530.6,533.3,530.5,533.3,0
2026-07-23 10:05:00+00:00,534.7621,534.7621,534.7621,534.7621,0
2026-07-23 10:10:00+00:00,534.7621,534.7621,534.7621,534.7621,0
2026-07-23 10:20:00+00:00,539.9888,539.9888,539.9888,539.9888,0
2026-07-23 10:25:00+00:00,539.9888,539.9888,539.9888,539.9888,0
2026-07-23 10:30:00+00:00,534.46,534.49,534.46,534.49,0
2026-07-23 10:40:00+00:00,534.49,534.49,534.49,534.49,0
2026-07-23 10:45:00+00:00,531.8525,537.8495,531.8525,537.8495,0
2026-07-23 10:55:00+00:00,537.9988,537.9988,535.8939,535.8939,0
2026-07-23 11:00:00+00:00,532.2,534.5319,531.98,531.98,0
2026-07-23 11:10:00+00:00,531.98,531.98,531.98,531.98,0
2026-07-23 11:15:00+00:00,534.3675,534.9988,532.21,534.9988,0
2026-07-23 11:20:00+00:00,533.99,533.99,533.99,533.99,0
2026-07-23 11:25:00+00:00,533.99,533.99,533.99,533.99,0
2026-07-23 11:35:00+00:00,532.72,532.72,532.11,532.5,0
2026-07-23 11:45:00+00:00,532.5,532.5,532.5,532.5,0
2026-07-23 11:55:00+00:00,532.5,532.5,531.98,531.98,0
2026-07-23 12:00:00+00:00,533.0,533.0,532.98,533.0,0
2026-07-23 12:05:00+00:00,534.3025,534.49,534.3025,534.49,0
2026-07-23 12:10:00+00:00,533.3,534.56,532.9375,533.0,0
2026-07-23 12:15:00+00:00,530.5625,530.5625,530.5625,530.5625,0
2026-07-23 12:20:00+00:00,530.5625,530.5625,530.5625,530.5625,0
2026-07-23 12:25:00+00:00,532.5,532.5,532.11,532.11,0
2026-07-23 12:30:00+00:00,533.0,533.0,533.0,533.0,0
2026-07-23 12:40:00+00:00,532.9,533.0,530.671,533.0,0
2026-07-23 12:45:00+00:00,532.1,532.1,532.1,532.1,0
2026-07-23 12:50:00+00:00,530.5,532.97,530.5,532.97,0
2026-07-23 12:55:00+00:00,531.98,531.98,531.98,531.98,0
2026-07-23 13:00:00+00:00,532.61,532.61,532.61,532.61,0
2026-07-23 13:05:00+00:00,532.47,532.47,531.98,532.11,0
2026-07-23 13:10:00+00:00,531.0,532.5,531.0,532.5,0
2026-07-23 13:30:00+00:00,527.97998046875,529.1849975585938,524.5999755859375,526.72998046875,75434
2026-07-23 13:35:00+00:00,526.4500122070312,526.47998046875,524.4299926757812,525.5999755859375,24770
2026-07-23 13:40:00+00:00,525.5499877929688,526.0250244140625,524.8300170898438,525.5499877929688,39659
2026-07-23 13:45:00+00:00,525.72998046875,527.4249877929688,525.3400268554688,526.8499755859375,50633
2026-07-23 13:50:00+00:00,526.6799926757812,526.8049926757812,524.3699951171875,524.85498046875,32745
2026-07-23 13:55:00+00:00,524.9400024414062,525.0700073242188,524.27001953125,524.4349975585938,30498
2026-07-23 14:00:00+00:00,524.385009765625,525.239990234375,523.6074829101562,525.219970703125,35752
2026-07-23 14:05:00+00:00,525.260009765625,525.4099731445312,524.280029296875,525.27001953125,21393
2026-07-23 14:10:00+00:00,525.1500244140625,526.7949829101562,524.989990234375,526.114990234375,22724
2026-07-23 14:15:00+00:00,526.114990234375,527.9000244140625,526.0650024414062,526.6799926757812,25141
2026-07-23 14:20:00+00:00,526.7525024414062,526.9099731445312,526.219970703125,526.6699829101562,21844
2026-07-23 14:25:00+00:00,526.6599731445312,526.885009765625,525.6300048828125,526.1400146484375,27078
2026-07-23 14:30:00+00:00,526.0900268554688,526.4500122070312,524.7949829101562,524.7949829101562,23487
2026-07-23 14:35:00+00:00,524.7999877929688,525.3099975585938,524.5,525.1500244140625,17803
2026-07-23 14:40:00+00:00,525.2899780273438,525.6199951171875,525.010009765625,525.52001953125,12407
2026-07-23 14:45:00+00:00,525.510009765625,526.0549926757812,525.239990234375,525.3499755859375,19527
2026-07-23 14:50:00+00:00,525.4400024414062,526.27001953125,525.4400024414062,526.1649780273438,22061
2026-07-23 14:55:00+00:00,526.1749877929688,526.9299926757812,526.1749877929688,526.9299926757812,16506
2026-07-23 15:00:00+00:00,526.905029296875,527.6900024414062,526.905029296875,527.1182250976562,18071
2026-07-23 15:05:00+00:00,527.0800170898438,528.6099853515625,527.0800170898438,528.39501953125,11907
2026-07-23 15:10:00+00:00,528.239990234375,528.5650024414062,527.9000244140625,528.530029296875,13632
2026-07-23 15:15:00+00:00,528.405029296875,528.510009765625,527.9144897460938,527.9600219726562,13939
2026-07-23 15:20:00+00:00,527.9749755859375,528.3250122070312,527.6950073242188,527.8200073242188,14516
2026-07-23 15:25:00+00:00,527.6749877929688,527.72998046875,527.02001953125,527.3499755859375,32182
2026-07-23 15:30:00+00:00,527.3499755859375,527.5499877929688,526.9500122070312,527.3800048828125,14959
2026-07-23 15:35:00+00:00,527.5599975585938,528.0800170898438,527.27001953125,528.0800170898438,7766
2026-07-23 15:40:00+00:00,528.1375122070312,528.39501953125,527.6099853515625,527.7249755859375,9341
2026-07-23 15:45:00+00:00,527.7249755859375,528.0900268554688,527.2550048828125,527.3800048828125,14830
2026-07-23 15:50:00+00:00,527.4249877929688,527.5800170898438,527.0250244140625,527.5800170898438,10420
2026-07-23 15:55:00+00:00,527.6500244140625,527.7750244140625,527.260009765625,527.7750244140625,7903
2026-07-23 16:00:00+00:00,527.7675170898438,527.8300170898438,527.489990234375,527.4949951171875,9099
2026-07-23 16:05:00+00:00,527.6099853515625,527.9650268554688,527.5458984375,527.77001953125,8664
2026-07-23 16:10:00+00:00,527.8200073242188,527.87548828125,527.3800048828125,527.5,11010
2026-07-23 16:15:00+00:00,527.5,527.5399780273438,526.969970703125,527.1199951171875,9769
2026-07-23 16:20:00+00:00,527.1900024414062,527.4924926757812,526.9000244140625,527.3699951171875,8845
2026-07-23 16:25:00+00:00,527.4849853515625,527.7949829101562,526.9324951171875,526.9324951171875,8270
2026-07-23 16:30:00+00:00,526.9400024414062,527.4124755859375,526.8499755859375,527.010009765625,8660
2026-07-23 16:35:00+00:00,527.0,527.0999755859375,526.4199829101562,526.9000244140625,10627
2026-07-23 16:40:00+00:00,527.030029296875,527.280029296875,526.989990234375,527.280029296875,7319
2026-07-23 16:45:00+00:00,527.2000122070312,527.489990234375,526.530029296875,526.530029296875,16021
2026-07-23 16:50:00+00:00,526.4600219726562,527.52001953125,526.4600219726562,527.5,10074
2026-07-23 16:55:00+00:00,527.4600219726562,527.760009765625,527.25,527.5900268554688,15999
2026-07-23 17:00:00+00:00,527.5700073242188,527.8099975585938,527.5599975585938,527.72998046875,6025
2026-07-23 17:05:00+00:00,527.5900268554688,527.760009765625,527.35498046875,527.41748046875,7325
2026-07-23 17:10:00+00:00,527.530029296875,527.9199829101562,527.25,527.4199829101562,12524
2026-07-23 17:15:00+00:00,527.4000244140625,527.5999755859375,526.9199829101562,527.22998046875,18250
2026-07-23 17:20:00+00:00,527.0499877929688,527.1849975585938,526.9600219726562,527.125,5886
2026-07-23 17:25:00+00:00,527.1799926757812,527.239990234375,526.9500122070312,527.010009765625,10358
2026-07-23 17:30:00+00:00,527.0250244140625,527.239990234375,526.8200073242188,526.905029296875,9919
2026-07-23 17:35:00+00:00,526.864990234375,527.0800170898438,526.3175048828125,526.9650268554688,16589
2026-07-23 17:40:00+00:00,527.0399780273438,527.1699829101562,526.8400268554688,526.989990234375,9482
2026-07-23 17:45:00+00:00,526.9949951171875,527.0800170898438,526.5399780273438,526.635009765625,10328
2026-07-23 17:50:00+00:00,526.635009765625,527.2399291992188,526.5399780273438,526.9199829101562,16194
2026-07-23 17:55:00+00:00,527.0250244140625,527.1099853515625,526.6900024414062,526.6900024414062,17502
2026-07-23 18:00:00+00:00,526.6699829101562,526.8099975585938,526.4149780273438,526.4149780273438,16703
2026-07-23 18:05:00+00:00,526.4149780273438,527.0900268554688,526.3300170898438,527.0900268554688,16738
2026-07-23 18:10:00+00:00,527.030029296875,527.3125,526.8699951171875,526.9000244140625,14229
2026-07-23 18:15:00+00:00,526.9600219726562,527.489990234375,526.9000244140625,527.47998046875,13692
2026-07-23 18:20:00+00:00,527.4949951171875,527.7274780273438,527.4949951171875,527.7000122070312,12237
2026-07-23 18:25:00+00:00,527.719970703125,527.9400024414062,527.5300903320312,527.9400024414062,14080
2026-07-23 18:30:00+00:00,527.905029296875,528.1124877929688,527.5700073242188,527.5700073242188,7115
2026-07-23 18:35:00+00:00,527.6099853515625,527.9699096679688,527.4000244140625,527.7598876953125,9923
2026-07-23 18:40:00+00:00,527.6749877929688,527.8049926757812,527.52001953125,527.739990234375,13570
2026-07-23 18:45:00+00:00,527.8099975585938,528.0,527.7899780273438,527.8699951171875,11897
2026-07-23 18:50:00+00:00,527.9299926757812,527.9600219726562,527.5449829101562,527.635009765625,12222
2026-07-23 18:55:00+00:00,527.6199951171875,527.7951049804688,527.530029296875,527.6950073242188,12709
2026-07-23 19:00:00+00:00,527.6799926757812,528.6599731445312,527.6749877929688,528.6400146484375,10391
2026-07-23 19:05:00+00:00,528.719970703125,528.8300170898438,528.4400024414062,528.4849853515625,16822
2026-07-23 19:10:00+00:00,528.4749755859375,528.969970703125,528.25,528.9099731445312,19386
2026-07-23 19:15:00+00:00,528.97998046875,529.39501953125,528.760009765625,528.780029296875,22382
2026-07-23 19:20:00+00:00,528.7750244140625,528.9849853515625,528.1699829101562,528.614990234375,24623
2026-07-23 19:25:00+00:00,528.510009765625,528.5599975585938,527.8400268554688,527.8400268554688,21455
2026-07-23 19:30:00+00:00,527.8200073242188,528.3800048828125,527.6199951171875,528.2899780273438,27610
2026-07-23 19:35:00+00:00,528.2899780273438,528.2899780273438,527.5650024414062,527.8800048828125,30699
2026-07-23 19:40:00+00:00,527.9099731445312,528.0499877929688,527.739990234375,527.9000244140625,25394
2026-07-23 19:45:00+00:00,527.8200073242188,528.0399780273438,527.6400146484375,527.9650268554688,38379
2026-07-23 19:50:00+00:00,527.9450073242188,530.030029296875,527.75,529.9400024414062,74790
2026-07-23 19:55:00+00:00,529.97998046875,530.760009765625,529.6599731445312,530.2899780273438,213077
2026-07-23 20:00:00+00:00,530.16,530.29,527.0,527.7777,0
2026-07-23 20:05:00+00:00,530.0,530.0,530.0,530.0,0
2026-07-23 20:10:00+00:00,530.29,530.29,527.0,530.01,0
2026-07-23 20:15:00+00:00,530.29,530.29,530.21,530.21,0
2026-07-23 20:20:00+00:00,530.29,530.29,527.2,528.49,0
2026-07-23 20:25:00+00:00,530.2,542.8143,530.2,530.43,0
2026-07-23 20:30:00+00:00,534.88,534.88,530.295,530.295,0
2026-07-23 20:35:00+00:00,530.3,531.0,527.2,530.4,0
2026-07-23 20:40:00+00:00,532.0,532.0,527.2,527.2,0
2026-07-23 20:50:00+00:00,530.5,530.5,530.29,530.29,0
2026-07-23 20:55:00+00:00,530.0,530.0,530.0,530.0,0
2026-07-23 21:10:00+00:00,530.25,530.25,530.25,530.25,0
2026-07-23 21:15:00+00:00,530.35,530.35,530.35,530.35,0
2026-07-23 21:20:00+00:00,527.2,530.05,527.2,530.05,0
2026-07-23 21:30:00+00:00,530.05,530.05,530.05,530.05,0
2026-07-23 21:35:00+00:00,530.05,530.05,530.05,530.05,0
2026-07-23 21:40:00+00:00,528.71,534.8,528.68,534.8,0
2026-07-23 21:45:00+00:00,530.0,531.0,527.77,531.0,0
2026-07-23 21:50:00+00:00,528.0,529.02,528.0,529.02,0
2026-07-23 21:55:00+00:00,530.0,530.0,530.0,530.0,0
2026-07-23 22:00:00+00:00,531.4827,531.4827,531.4827,531.4827,0
2026-07-23 22:05:00+00:00,527.914,530.29,527.914,530.29,0
2026-07-23 22:10:00+00:00,530.29,530.29,530.29,530.29,0
2026-07-23 22:15:00+00:00,534.9988,534.9988,534.9988,534.9988,0
2026-07-23 22:20:00+00:00,528.73,534.8435,528.73,528.93,0
2026-07-23 22:25:00+00:00,530.0,530.04,530.0,530.04,0
2026-07-23 22:30:00+00:00,530.024,530.024,530.024,530.024,0
2026-07-23 22:35:00+00:00,535.0,535.0,531.0,531.0,0
2026-07-23 22:40:00+00:00,531.0,531.0,531.0,531.0,0
2026-07-23 22:45:00+00:00,530.99,534.0,530.99,534.0,0
2026-07-23 22:50:00+00:00,530.61,530.61,530.61,530.61,0
2026-07-23 22:55:00+00:00,530.79,530.79,530.79,530.79,0
2026-07-23 23:00:00+00:00,530.01,530.01,530.01,530.01,0
2026-07-23 23:10:00+00:00,530.25,530.25,530.25,530.25,0
2026-07-23 23:20:00+00:00,533.7275,533.7275,533.7275,533.7275,0
2026-07-23 23:30:00+00:00,528.71,528.71,528.71,528.71,0
2026-07-23 23:35:00+00:00,533.8988,533.8988,533.8988,533.8988,0
2026-07-23 23:40:00+00:00,527.0,527.0,527.0,527.0,0
2026-07-23 23:45:00+00:00,530.99,530.99,530.99,530.99,0
2026-07-23 23:50:00+00:00,530.0,530.0,527.1725,527.1725,0
2026-07-23 23:55:00+00:00,527.1725,527.1725,527.1725,527.1725,0
2026-07-24 08:00:00+00:00,529.65,538.1955,529.65,530.72,0
2026-07-24 08:10:00+00:00,530.29,530.29,530.29,530.29,0
2026-07-24 08:15:00+00:00,531.46,531.46,531.46,531.46,0
2026-07-24 08:20:00+00:00,531.4,531.4,531.4,531.4,0
2026-07-24 08:25:00+00:00,531.44,531.7,530.86,531.63,0
2026-07-24 08:30:00+00:00,531.63,531.63,531.63,531.63,0
2026-07-24 08:35:00+00:00,532.0,532.0,532.0,532.0,0
2026-07-24 08:40:00+00:00,530.4222,530.4222,530.4222,530.4222,0
2026-07-24 08:45:00+00:00,530.4222,530.4222,530.4222,530.4222,0
2026-07-24 08:50:00+00:00,530.91,530.91,530.86,530.86,0
2026-07-24 09:00:00+00:00,530.86,530.9,530.86,530.86,0
2026-07-24 09:05:00+00:00,531.79,531.79,530.29,530.29,0
2026-07-24 09:10:00+00:00,530.29,530.29,530.29,530.29,0
2026-07-24 09:15:00+00:00,530.29,530.29,530.29,530.29,0
2026-07-24 09:20:00+00:00,531.36,531.36,531.36,531.36,0
2026-07-24 09:25:00+00:00,532.81,532.94,532.81,532.89,0
2026-07-24 09:35:00+00:00,535.9088,535.9088,535.9088,535.9088,0
2026-07-24 09:40:00+00:00,535.9088,535.9088,535.9088,535.9088,0
2026-07-24 09:45:00+00:00,535.9088,535.9088,535.9088,535.9088,0
2026-07-24 09:50:00+00:00,535.7695,535.7695,535.7695,535.7695,0
2026-07-24 09:55:00+00:00,535.7695,535.7695,535.7695,535.7695,0
2026-07-24 10:10:00+00:00,533.0,533.0,533.0,533.0,0
2026-07-24 10:15:00+00:00,532.73,532.73,532.73,532.73,0
2026-07-24 10:25:00+00:00,532.8,532.8,532.8,532.8,0
2026-07-24 10:30:00+00:00,532.8,532.8,532.8,532.8,0
2026-07-24 10:40:00+00:00,532.67,532.67,532.67,532.67,0
2026-07-24 10:45:00+00:00,532.67,532.67,530.2912,530.2912,0
2026-07-24 10:50:00+00:00,533.0,535.438,533.0,535.438,0
2026-07-24 11:00:00+00:00,531.09,534.9888,530.0,530.4,0
2026-07-24 11:05:00+00:00,533.7795,533.7795,530.15,530.29,0
2026-07-24 11:10:00+00:00,528.829,530.3,528.829,530.2,0
2026-07-24 11:15:00+00:00,530.2,530.4,530.2,530.4,0
2026-07-24 11:20:00+00:00,531.9888,531.9888,531.9888,531.9888,0
2026-07-24 11:25:00+00:00,530.42,531.15,530.29,531.08,0
2026-07-24 11:30:00+00:00,531.08,531.08,528.57,529.78,0
2026-07-24 11:40:00+00:00,530.64,531.17,530.49,531.17,0
2026-07-24 11:45:00+00:00,530.1,530.1,530.1,530.1,0
2026-07-24 11:55:00+00:00,527.686,532.0,527.686,532.0,0
2026-07-24 12:15:00+00:00,530.0,530.0,530.0,530.0,0
2026-07-24 12:20:00+00:00,531.4902,532.07,527.3197,531.8,0
2026-07-24 12:25:00+00:00,531.9,532.1,531.88,532.1,0
2026-07-24 12:30:00+00:00,532.1,532.1,532.1,532.1,0
2026-07-24 12:40:00+00:00,531.86,531.86,531.752,531.752,0
2026-07-24 12:45:00+00:00,531.752,531.752,531.75,531.75,0
2026-07-24 12:50:00+00:00,531.86,531.86,529.78,529.78,0
2026-07-24 12:55:00+00:00,531.4,531.86,531.4,531.86,0
2026-07-24 13:00:00+00:00,529.78,529.86,528.623,529.78,0
2026-07-24 13:05:00+00:00,530.04,530.04,530.04,530.04,0
2026-07-24 13:10:00+00:00,531.0,531.0,527.21,527.21,0
2026-07-24 13:30:00+00:00,531.4600219726562,533.7899780273438,529.6849975585938,529.8200073242188,46627
2026-07-24 13:35:00+00:00,529.97998046875,532.6500244140625,529.97998046875,531.9650268554688,23280
2026-07-24 13:40:00+00:00,531.84814453125,532.9199829101562,530.719970703125,530.780029296875,54595
2026-07-24 13:45:00+00:00,530.72998046875,533.989990234375,530.1699829101562,533.22998046875,16972
2026-07-24 13:50:00+00:00,533.375,534.5700073242188,533.3099975585938,534.2750244140625,14404
2026-07-24 13:55:00+00:00,534.2750244140625,535.0900268554688,533.7899780273438,535.0811157226562,23555
2026-07-24 14:00:00+00:00,534.8300170898438,535.0999755859375,534.010009765625,534.614990234375,15931
2026-07-24 14:05:00+00:00,534.5999755859375,534.5999755859375,533.4749755859375,533.5900268554688,19793
2026-07-24 14:10:00+00:00,533.52001953125,534.3150024414062,533.0,533.9249877929688,20461
2026-07-24 14:15:00+00:00,534.030029296875,535.5700073242188,533.9000244140625,535.5399780273438,22334
2026-07-24 14:20:00+00:00,535.4550170898438,536.5250244140625,535.4550170898438,536.1595458984375,28052
2026-07-24 14:25:00+00:00,536.191162109375,536.4949951171875,535.1599731445312,535.1799926757812,18333
2026-07-24 14:30:00+00:00,535.2650146484375,536.1500244140625,535.2575073242188,535.6599731445312,18796
2026-07-24 14:35:00+00:00,535.6599731445312,536.219970703125,535.6099853515625,536.135009765625,19552
2026-07-24 14:40:00+00:00,536.22998046875,536.8499755859375,536.0700073242188,536.0700073242188,22674
2026-07-24 14:45:00+00:00,536.2050170898438,536.47998046875,535.7000122070312,536.2650146484375,18509
2026-07-24 14:50:00+00:00,536.2650146484375,536.7100219726562,536.1400146484375,536.4299926757812,12658
2026-07-24 14:55:00+00:00,536.4000244140625,536.4000244140625,535.8900146484375,535.8900146484375,11923
2026-07-24 15:00:00+00:00,535.9500122070312,536.75,535.9500122070312,536.239990234375,17182
2026-07-24 15:05:00+00:00,536.2249755859375,536.5,535.5,536.260009765625,22453
2026-07-24 15:10:00+00:00,536.219970703125,536.5999755859375,536.0405883789062,536.364990234375,25253
2026-07-24 15:15:00+00:00,536.4149780273438,537.4099731445312,536.4149780273438,537.0800170898438,17688
2026-07-24 15:20:00+00:00,537.135009765625,537.7100219726562,536.8900146484375,537.6099853515625,24371
2026-07-24 15:25:00+00:00,537.5900268554688,537.6199951171875,537.2899780273438,537.5399780273438,13805
2026-07-24 15:30:00+00:00,537.5700073242188,537.6799926757812,536.8599853515625,536.9149780273438,16169
2026-07-24 15:35:00+00:00,536.97998046875,537.4600219726562,536.8400268554688,536.9000244140625,18264
2026-07-24 15:40:00+00:00,536.8200073242188,537.0700073242188,536.0999755859375,536.4099731445312,21129
2026-07-24 15:45:00+00:00,536.4500122070312,536.4500122070312,535.8900146484375,536.010009765625,16082
2026-07-24 15:50:00+00:00,536.1699829101562,536.1900024414062,535.530029296875,535.8150024414062,9981
2026-07-24 15:55:00+00:00,535.8200073242188,535.9400024414062,535.1699829101562,535.489990234375,9382
2026-07-24 16:00:00+00:00,535.5,536.1799926757812,535.4500122070312,535.4824829101562,10552
2026-07-24 16:05:00+00:00,535.5399780273438,535.756591796875,535.2200927734375,535.39501953125,12303
2026-07-24 16:10:00+00:00,535.3800048828125,535.4000244140625,535.1300048828125,535.1300048828125,7836
2026-07-24 16:15:00+00:00,535.1699829101562,535.4425048828125,535.0046997070312,535.35498046875,11115
2026-07-24 16:20:00+00:00,535.3200073242188,535.4400024414062,534.8900146484375,535.0050048828125,10145
2026-07-24 16:25:00+00:00,535.1199951171875,535.8150024414062,535.1199951171875,535.6500244140625,14626
2026-07-24 16:30:00+00:00,535.5499877929688,536.1099853515625,535.280029296875,535.280029296875,13223
2026-07-24 16:35:00+00:00,535.2849731445312,535.6199951171875,534.97998046875,535.322509765625,10706
2026-07-24 16:40:00+00:00,535.3350219726562,535.6099853515625,535.1099853515625,535.1099853515625,7846
2026-07-24 16:45:00+00:00,535.1901245117188,535.2000122070312,534.4349975585938,534.510009765625,9222
2026-07-24 16:50:00+00:00,534.530029296875,535.14501953125,534.4401245117188,535.0,16252
2026-07-24 16:55:00+00:00,534.969970703125,535.280029296875,534.8300170898438,534.8599853515625,12792
2026-07-24 17:00:00+00:00,534.8300170898438,535.1300048828125,534.4099731445312,534.5499877929688,15012
2026-07-24 17:05:00+00:00,534.4650268554688,534.469970703125,533.97998046875,534.3599853515625,16890
2026-07-24 17:10:00+00:00,534.375,534.8599853515625,534.3499755859375,534.5900268554688,16380
2026-07-24 17:15:00+00:00,534.7349853515625,534.739990234375,534.3599853515625,534.4299926757812,9926
2026-07-24 17:20:00+00:00,534.4000244140625,534.5598754882812,534.010009765625,534.139892578125,6726
2026-07-24 17:25:00+00:00,534.0599975585938,534.4299926757812,534.02001953125,534.3099975585938,8851
2026-07-24 17:30:00+00:00,534.3400268554688,534.52001953125,534.22998046875,534.280029296875,11348
2026-07-24 17:35:00+00:00,534.3499755859375,534.8900146484375,534.280029296875,534.77001953125,17043
2026-07-24 17:40:00+00:00,534.77001953125,534.8333740234375,534.5700073242188,534.6599731445312,16778
2026-07-24 17:45:00+00:00,534.72998046875,534.7999267578125,534.239990234375,534.2650146484375,11501
2026-07-24 17:50:00+00:00,534.3049926757812,534.9180297851562,534.25,534.9180297851562,11877
2026-07-24 17:55:00+00:00,534.780029296875,535.1799926757812,534.6900024414062,534.9199829101562,12587
2026-07-24 18:00:00+00:00,534.8718872070312,535.0599975585938,534.8200073242188,534.8800048828125,6990
2026-07-24 18:05:00+00:00,534.8699951171875,535.1649780273438,534.861083984375,535.0399780273438,22574
2026-07-24 18:10:00+00:00,535.0999755859375,535.4299926757812,534.8200073242188,534.8699951171875,16022
2026-07-24 18:15:00+00:00,534.9600219726562,535.4450073242188,534.8800048828125,535.1799926757812,24896
2026-07-24 18:20:00+00:00,535.2899780273438,535.8499755859375,535.1300048828125,535.7750244140625,11291
2026-07-24 18:25:00+00:00,535.7750244140625,536.030029296875,535.5800170898438,535.5800170898438,16803
2026-07-24 18:30:00+00:00,535.5800170898438,535.8400268554688,535.3300170898438,535.3300170898438,18319
2026-07-24 18:35:00+00:00,535.3800048828125,536.030029296875,535.3099975585938,535.9349975585938,22980
2026-07-24 18:40:00+00:00,535.8800048828125,536.3400268554688,535.7750244140625,536.1400146484375,21352
2026-07-24 18:45:00+00:00,536.010009765625,536.3200073242188,535.739990234375,535.9550170898438,20445
2026-07-24 18:50:00+00:00,535.9500122070312,536.155029296875,535.8099975585938,535.9450073242188,18678
2026-07-24 18:55:00+00:00,535.969970703125,536.5899047851562,535.8900146484375,536.344970703125,20472
2026-07-24 19:00:00+00:00,536.3599853515625,537.9597778320312,536.3599853515625,537.8599853515625,32893
2026-07-24 19:05:00+00:00,537.8699951171875,538.2150268554688,537.5999755859375,537.77001953125,28894
2026-07-24 19:10:00+00:00,537.8400268554688,538.4000244140625,537.77001953125,538.0499877929688,17077
2026-07-24 19:15:00+00:00,538.030029296875,538.355224609375,537.3900146484375,537.5900268554688,22276
2026-07-24 19:20:00+00:00,537.5900268554688,538.094970703125,537.3099975585938,537.469970703125,30223
2026-07-24 19:25:00+00:00,537.5,537.8499755859375,537.2050170898438,537.5349731445312,41520
2026-07-24 19:30:00+00:00,537.4299926757812,538.1849975585938,537.3300170898438,537.7650146484375,52856
2026-07-24 19:35:00+00:00,537.7650146484375,538.3250122070312,537.6799926757812,537.8800048828125,35611
2026-07-24 19:40:00+00:00,537.8599853515625,538.1699829101562,537.5399780273438,538.0700073242188,32618
2026-07-24 19:45:00+00:00,538.260009765625,538.4000244140625,537.8300170898438,538.27001953125,52973
2026-07-24 19:50:00+00:00,538.1799926757812,540.0,538.010009765625,539.6900024414062,83372
2026-07-24 19:55:00+00:00,539.5399780273438,539.9400024414062,538.7100219726562,539.6599731445312,202010
2026-07-24 20:00:00+00:00,539.73,539.73,535.0,539.0,0
2026-07-24 20:05:00+00:00,539.11,539.66,539.11,539.66,0
2026-07-24 20:10:00+00:00,539.25,539.8,537.932,539.2,0
2026-07-24 20:15:00+00:00,539.66,539.66,536.57,539.2816,0
2026-07-24 20:20:00+00:00,539.324,540.0,539.01,539.66,0
2026-07-24 20:25:00+00:00,539.66,539.66,539.66,539.66,0
2026-07-24 20:30:00+00:00,539.13,539.13,539.13,539.13,0
2026-07-24 20:35:00+00:00,536.18,536.18,536.18,536.18,0
2026-07-24 20:40:00+00:00,539.2,539.2,539.2,539.2,0
2026-07-24 20:45:00+00:00,532.18,532.18,532.18,532.18,0
2026-07-24 20:50:00+00:00,540.5573,540.5573,540.5573,540.5573,0
2026-07-24 20:55:00+00:00,539.18,539.18,539.18,539.18,0
2026-07-24 21:00:00+00:00,539.18,539.2,539.18,539.2,0
2026-07-24 21:05:00+00:00,536.18,537.26,536.18,537.26,0
2026-07-24 21:10:00+00:00,534.0,536.18,534.0,536.18,0
2026-07-24 21:15:00+00:00,537.27,539.0,532.18,537.27,0
2026-07-24 21:20:00+00:00,532.18,532.18,532.0,532.0,0
2026-07-24 21:25:00+00:00,538.99,539.2,538.99,539.2,0
2026-07-24 21:30:00+00:00,539.19,539.19,539.19,539.19,0
2026-07-24 21:45:00+00:00,539.18,539.18,539.0,539.0,0
2026-07-24 21:50:00+00:00,537.0,537.0,537.0,537.0,0
2026-07-24 21:55:00+00:00,532.12,538.04,532.12,537.98,0
2026-07-24 22:00:00+00:00,539.025,539.15,537.0,539.15,0
2026-07-24 22:15:00+00:00,539.15,539.15,539.0332,539.0332,0
2026-07-24 22:25:00+00:00,533.038,533.038,533.038,533.038,0
2026-07-24 22:35:00+00:00,537.0,537.0,537.0,537.0,0
2026-07-24 22:40:00+00:00,539.0492,539.0492,539.0492,539.0492,0
2026-07-24 22:45:00+00:00,538.64,538.98,538.0005,538.0005,0
2026-07-24 22:50:00+00:00,537.0,537.0,537.0,537.0,0
2026-07-24 23:00:00+00:00,533.56,537.0,533.56,537.0,0
2026-07-24 23:05:00+00:00,538.87,538.87,538.01,538.87,0
2026-07-24 23:15:00+00:00,538.87,538.87,538.87,538.87,0
2026-07-24 23:20:00+00:00,534.013,539.2,534.013,534.091,0
2026-07-24 23:25:00+00:00,538.87,538.87,538.6208,538.6208,0
2026-07-24 23:30:00+00:00,539.0,539.1988,537.27,537.27,0
2026-07-24 23:35:00+00:00,534.325,539.075,534.325,539.075,0
2026-07-24 23:40:00+00:00,534.4225,538.957,534.4225,538.957,0
2026-07-24 23:45:00+00:00,538.957,538.957,534.5492,534.559,0
2026-07-24 23:50:00+00:00,538.2,538.2,538.2,538.2,0
2026-07-24 23:55:00+00:00,538.93,538.93,538.93,538.93,0
2026-07-27 08:00:00+00:00,537.03,540.973,533.1412,537.0,0
2026-07-27 08:05:00+00:00,538.68,538.68,538.61,538.61,0
2026-07-27 08:10:00+00:00,538.01,538.01,532.1712,532.1712,0
2026-07-27 08:15:00+00:00,537.6,537.98,537.6,537.9,0
2026-07-27 08:20:00+00:00,537.78,537.8,537.02,537.02,0
2026-07-27 08:25:00+00:00,537.78,537.78,537.78,537.78,0
2026-07-27 08:30:00+00:00,537.5,537.66,537.5,537.66,0
2026-07-27 08:35:00+00:00,532.6333,532.6333,532.6333,532.6333,0
2026-07-27 08:40:00+00:00,537.64,537.64,537.5,537.5,0
2026-07-27 08:45:00+00:00,537.8,540.0,537.5,540.0,0
2026-07-27 08:50:00+00:00,539.19,539.5,539.19,539.5,0
2026-07-27 09:00:00+00:00,539.58,539.58,539.58,539.58,0
2026-07-27 09:05:00+00:00,539.96,539.96,539.96,539.96,0
2026-07-27 09:15:00+00:00,537.0665,537.0665,537.0665,537.0665,0
2026-07-27 09:20:00+00:00,539.22,539.22,537.72,537.72,0
2026-07-27 09:25:00+00:00,539.58,539.58,539.58,539.58,0
2026-07-27 09:30:00+00:00,536.9002,539.58,536.9002,537.72,0
2026-07-27 09:35:00+00:00,537.72,537.72,537.72,537.72,0
2026-07-27 09:45:00+00:00,539.449,539.449,539.449,539.449,0
2026-07-27 09:50:00+00:00,539.449,539.449,539.449,539.449,0
2026-07-27 10:00:00+00:00,539.58,539.58,539.58,539.58,0
2026-07-27 10:05:00+00:00,539.58,539.58,539.58,539.58,0
2026-07-27 10:10:00+00:00,539.58,539.58,539.58,539.58,0
2026-07-27 10:35:00+00:00,538.51,538.51,538.51,538.51,0
2026-07-27 10:40:00+00:00,538.5,538.5,538.5,538.5,0
2026-07-27 10:45:00+00:00,538.5,538.5,538.5,538.5,0
2026-07-27 10:50:00+00:00,539.48,540.0,539.48,540.0,0
2026-07-27 10:55:00+00:00,538.51,538.51,538.51,538.51,0
2026-07-27 11:00:00+00:00,539.58,541.825,538.61,539.5,0
2026-07-27 11:05:00+00:00,540.0,540.0,540.0,540.0,0
2026-07-27 11:15:00+00:00,540.41,540.41,540.41,540.41,0
2026-07-27 11:20:00+00:00,540.5,540.5,540.25,540.42,0
2026-07-27 11:30:00+00:00,540.5,540.85,540.5,540.85,0
2026-07-27 11:35:00+00:00,539.7285,539.7285,539.7285,539.7285,0
2026-07-27 11:40:00+00:00,540.98,541.0,540.98,541.0,0
2026-07-27 11:50:00+00:00,541.0,541.9415,541.0,541.0,0
2026-07-27 11:55:00+00:00,541.0,541.0,540.86,540.86,0
2026-07-27 12:00:00+00:00,539.66,539.66,539.66,539.66,0
2026-07-27 12:05:00+00:00,539.6612,540.96,539.6612,540.96,0
2026-07-27 12:10:00+00:00,540.0,540.0,540.0,540.0,0
2026-07-27 12:20:00+00:00,540.5,540.5,540.2,540.2,0
2026-07-27 12:25:00+00:00,541.0,541.0,539.7185,539.7185,0
2026-07-27 12:30:00+00:00,541.0,541.9415,541.0,541.9415,0
2026-07-27 12:35:00+00:00,539.6612,541.11,539.6612,541.0,0
2026-07-27 12:40:00+00:00,541.0,541.0,539.7185,539.7185,0
2026-07-27 12:45:00+00:00,540.5,541.83,540.5,541.83,0
2026-07-27 12:50:00+00:00,540.0,541.83,540.0,540.11,0
2026-07-27 12:55:00+00:00,539.7185,539.7185,539.66,539.7185,0
2026-07-27 13:00:00+00:00,541.05,542.0,539.7185,542.0,0
2026-07-27 13:05:00+00:00,541.94,542.0,541.83,542.0,0
2026-07-27 13:10:00+00:00,541.94,542.0,541.0387,541.0808,0
2026-07-27 13:30:00+00:00,543.1799926757812,547.5,542.0239868164062,545.0599975585938,68277
2026-07-27 13:35:00+00:00,544.3900146484375,546.0,544.0349731445312,545.530029296875,35077
2026-07-27 13:40:00+00:00,545.3406372070312,547.6099853515625,544.8322143554688,547.010009765625,37285
2026-07-27 13:45:00+00:00,547.1900024414062,549.1699829101562,547.1900024414062,548.719970703125,38307
2026-07-27 13:50:00+00:00,548.8400268554688,549.1749877929688,547.5775146484375,547.72998046875,24395
2026-07-27 13:55:00+00:00,547.7750244140625,548.2899780273438,547.30517578125,547.3300170898438,29696
2026-07-27 14:00:00+00:00,547.25,549.0900268554688,546.9801025390625,548.52001953125,21746
2026-07-27 14:05:00+00:00,548.4500122070312,548.9400024414062,547.8099975585938,548.5,16282
2026-07-27 14:10:00+00:00,548.47998046875,549.4099731445312,548.469970703125,549.4099731445312,26325
2026-07-27 14:15:00+00:00,549.4400024414062,549.7899780273438,548.8433227539062,548.8433227539062,25004
2026-07-27 14:20:00+00:00,548.905029296875,549.8200073242188,548.905029296875,549.5,19175
2026-07-27 14:25:00+00:00,549.4000244140625,550.5,549.0001220703125,549.1649780273438,30052
2026-07-27 14:30:00+00:00,549.0,550.5499877929688,549.0,550.2550048828125,26870
2026-07-27 14:35:00+00:00,550.239990234375,550.6900024414062,549.5,550.6699829101562,26330
2026-07-27 14:40:00+00:00,550.6799926757812,552.5499877929688,550.6799926757812,552.510009765625,43387
2026-07-27 14:45:00+00:00,552.5599975585938,552.6400146484375,550.6900024414062,551.1099853515625,30154
2026-07-27 14:50:00+00:00,551.1099853515625,551.1099853515625,550.2892456054688,550.8400268554688,27859
2026-07-27 14:55:00+00:00,550.844970703125,551.6599731445312,550.2899780273438,551.510009765625,33856
2026-07-27 15:00:00+00:00,551.5599975585938,552.0599975585938,551.2949829101562,552.0599975585938,20842
2026-07-27 15:05:00+00:00,552.0700073242188,552.5499877929688,551.614990234375,551.885009765625,22779
2026-07-27 15:10:00+00:00,551.905029296875,553.239990234375,551.905029296875,553.1599731445312,24472
2026-07-27 15:15:00+00:00,553.155029296875,553.5900268554688,553.1358032226562,553.3200073242188,21354
2026-07-27 15:20:00+00:00,553.219970703125,553.3300170898438,552.5999755859375,552.5999755859375,15156
2026-07-27 15:25:00+00:00,552.6950073242188,553.739990234375,552.6950073242188,553.4697265625,20982
2026-07-27 15:30:00+00:00,553.4299926757812,553.6400146484375,552.9650268554688,552.9650268554688,14882
2026-07-27 15:35:00+00:00,553.02001953125,553.2150268554688,552.4500122070312,552.7550048828125,15569
2026-07-27 15:40:00+00:00,552.7650146484375,553.0,552.25,552.5800170898438,26319
2026-07-27 15:45:00+00:00,552.5850219726562,552.6599731445312,551.77001953125,552.4299926757812,16138
2026-07-27 15:50:00+00:00,552.4600219726562,552.5599975585938,552.1699829101562,552.3150024414062,13216
2026-07-27 15:55:00+00:00,552.219970703125,552.5399780273438,552.0650024414062,552.3599853515625,13985
2026-07-27 16:00:00+00:00,552.27001953125,553.0800170898438,551.8900146484375,552.02001953125,27698
2026-07-27 16:05:00+00:00,552.02001953125,553.3300170898438,551.8109741210938,553.239990234375,28696
2026-07-27 16:10:00+00:00,553.1300048828125,553.1900024414062,552.6099853515625,552.9400024414062,28383
2026-07-27 16:15:00+00:00,552.9400024414062,553.625,552.75,553.625,17259
2026-07-27 16:20:00+00:00,553.6224975585938,553.6300048828125,552.6400146484375,552.6900024414062,15686
2026-07-27 16:25:00+00:00,552.6900024414062,553.3200073242188,552.6300048828125,553.02001953125,17713
2026-07-27 16:30:00+00:00,553.1300048828125,553.510009765625,552.7000122070312,553.4450073242188,19490
2026-07-27 16:35:00+00:00,553.5,553.8900146484375,552.5,552.5050048828125,26302
2026-07-27 16:40:00+00:00,552.5050048828125,552.6900024414062,552.0700073242188,552.114990234375,22476
2026-07-27 16:45:00+00:00,552.114990234375,552.7000122070312,551.27001953125,551.4299926757812,11599
2026-07-27 16:50:00+00:00,551.4299926757812,552.25,551.22998046875,552.1599731445312,18228
2026-07-27 16:55:00+00:00,552.0599975585938,552.3200073242188,551.9299926757812,551.9299926757812,11612
2026-07-27 17:00:00+00:00,552.0850219726562,552.1699829101562,551.2050170898438,551.239990234375,12321
2026-07-27 17:05:00+00:00,551.2100219726562,552.0549926757812,551.2050170898438,551.5399780273438,21516
2026-07-27 17:10:00+00:00,551.6599731445312,551.9500122070312,551.1199951171875,551.5250244140625,26327
2026-07-27 17:15:00+00:00,551.6199951171875,552.2650146484375,551.4099731445312,551.7650146484375,19730
2026-07-27 17:20:00+00:00,551.7650146484375,552.2100219726562,551.7449951171875,552.0800170898438,12938
2026-07-27 17:25:00+00:00,552.0700073242188,552.5700073242188,552.0650024414062,552.3599853515625,12483
2026-07-27 17:30:00+00:00,552.3599853515625,552.6950073242188,552.0800170898438,552.155029296875,18600
2026-07-27 17:35:00+00:00,552.3300170898438,552.6199951171875,551.8699951171875,552.614990234375,11652
2026-07-27 17:40:00+00:00,552.6900024414062,552.8599853515625,552.4500122070312,552.7650146484375,13095
2026-07-27 17:45:00+00:00,552.7650146484375,553.1199951171875,552.7000122070312,553.0700073242188,23818
2026-07-27 17:50:00+00:00,553.22998046875,553.5125122070312,553.0900268554688,553.1649780273438,17393
2026-07-27 17:55:00+00:00,553.0999755859375,553.4500122070312,552.8599853515625,552.8699951171875,18351
2026-07-27 18:00:00+00:00,552.8900146484375,553.1749877929688,552.5800170898438,553.1500244140625,14158
2026-07-27 18:05:00+00:00,553.1849975585938,553.1849975585938,552.5900268554688,552.9400024414062,13145
2026-07-27 18:10:00+00:00,552.8800048828125,552.8800048828125,552.2999877929688,552.3200073242188,10525
2026-07-27 18:15:00+00:00,552.3150024414062,552.4199829101562,551.7000122070312,552.2050170898438,14826
2026-07-27 18:20:00+00:00,552.0900268554688,552.25,551.8599853515625,552.0499877929688,16156
2026-07-27 18:25:00+00:00,552.0800170898438,552.5999145507812,551.989990234375,552.375,13287
2026-07-27 18:30:00+00:00,552.3800048828125,552.5599975585938,552.219970703125,552.219970703125,8366
2026-07-27 18:35:00+00:00,552.2999877929688,552.530029296875,552.1699829101562,552.5,11487
2026-07-27 18:40:00+00:00,552.5,553.1300048828125,552.5,552.9299926757812,16045
2026-07-27 18:45:00+00:00,552.9299926757812,553.030029296875,552.6400146484375,552.7050170898438,8565
2026-07-27 18:50:00+00:00,552.8300170898438,552.8699951171875,552.1400146484375,552.1400146484375,9449
2026-07-27 18:55:00+00:00,552.0750122070312,552.2999877929688,551.5900268554688,551.7999877929688,13427
2026-07-27 19:00:00+00:00,551.7100219726562,551.7999877929688,550.739990234375,550.739990234375,9473
2026-07-27 19:05:00+00:00,550.7000122070312,551.0399780273438,550.614990234375,550.8699951171875,12184
2026-07-27 19:10:00+00:00,550.7949829101562,551.0700073242188,550.5599975585938,550.9450073242188,25270
2026-07-27 19:15:00+00:00,550.9000244140625,551.405029296875,550.7899780273438,551.1799926757812,27335
2026-07-27 19:20:00+00:00,551.1799926757812,551.5800170898438,550.6799926757812,550.905029296875,20272
2026-07-27 19:25:00+00:00,550.8800048828125,551.1500244140625,550.5411987304688,550.739990234375,45689
2026-07-27 19:30:00+00:00,550.739990234375,551.4849853515625,550.6500244140625,551.4000244140625,31890
2026-07-27 19:35:00+00:00,551.3250122070312,552.344970703125,551.3250122070312,552.2949829101562,27705
2026-07-27 19:40:00+00:00,552.3400268554688,552.4500122070312,551.668212890625,551.9099731445312,39781
2026-07-27 19:45:00+00:00,551.885009765625,552.1599731445312,551.4000244140625,552.1599731445312,26906
2026-07-27 19:50:00+00:00,552.1900024414062,552.1900024414062,551.1799926757812,551.75,55341
2026-07-27 19:55:00+00:00,551.8099975585938,553.0499877929688,551.0399780273438,551.844970703125,241213
2026-07-27 20:00:00+00:00,551.71,553.87,550.99,551.71,0
2026-07-27 20:05:00+00:00,551.9654,551.9654,550.0,551.71,0
2026-07-27 20:10:00+00:00,551.71,551.71,550.1655,550.1655,0
2026-07-27 20:15:00+00:00,551.71,551.71,550.0,550.09,0
2026-07-27 20:20:00+00:00,551.35,551.35,551.35,551.35,0
2026-07-27 20:25:00+00:00,551.0,551.0,551.0,551.0,0
2026-07-27 20:30:00+00:00,550.08,551.4525,550.0,550.07,0
2026-07-27 20:35:00+00:00,551.59,551.64,550.0,550.0,0
2026-07-27 20:40:00+00:00,551.64,551.66,548.63,551.66,0
2026-07-27 20:45:00+00:00,550.5,550.57,550.5,550.57,0
2026-07-27 20:50:00+00:00,550.5,551.6988,550.5,551.6988,0
2026-07-27 20:55:00+00:00,523.2216,550.4193,523.2216,550.4193,0
2026-07-27 21:00:00+00:00,550.42,550.42,550.42,550.42,0
2026-07-27 21:05:00+00:00,550.5,550.5,550.1,550.15,0
2026-07-27 21:10:00+00:00,550.11,552.3988,550.11,551.82,0
2026-07-27 21:15:00+00:00,551.7,551.85,521.2428,551.85,0
2026-07-27 21:20:00+00:00,551.7923,553.8288,551.7923,553.8288,0
2026-07-27 21:25:00+00:00,552.47,552.51,552.45,552.51,0
2026-07-27 21:30:00+00:00,551.85,551.85,550.1932,550.1932,0
2026-07-27 21:35:00+00:00,553.7367,553.7367,553.7367,553.7367,0
2026-07-27 21:45:00+00:00,550.1932,551.0,550.1932,551.0,0
2026-07-27 21:50:00+00:00,550.1,553.8288,550.1,553.8288,0
2026-07-27 21:55:00+00:00,553.4012,553.4012,550.32,550.32,0
2026-07-27 22:00:00+00:00,550.9908,551.0,550.5512,550.73,0
2026-07-27 22:05:00+00:00,551.1,553.7637,551.1,553.7637,0
2026-07-27 22:10:00+00:00,553.3042,553.83,551.0,551.0,0
2026-07-27 22:15:00+00:00,552.0588,552.0588,552.0588,552.0588,0
2026-07-27 22:20:00+00:00,551.98,551.98,551.98,551.98,0
2026-07-27 22:25:00+00:00,550.986,551.94,550.986,551.94,0
2026-07-27 22:30:00+00:00,552.0737,552.0737,552.0737,552.0737,0
2026-07-27 22:35:00+00:00,552.0737,552.0737,552.0737,552.0737,0
2026-07-27 22:40:00+00:00,550.96,550.96,550.96,550.96,0
2026-07-27 22:45:00+00:00,551.09,551.09,551.09,551.09,0
2026-07-27 22:50:00+00:00,550.9662,550.9662,550.9312,550.9312,0
2026-07-27 22:55:00+00:00,550.9265,551.93,550.7522,550.7522,0
2026-07-27 23:00:00+00:00,551.7,551.7,551.7,551.7,0
2026-07-27 23:05:00+00:00,551.71,552.0,542.1007,552.0,0
2026-07-27 23:10:00+00:00,550.8925,551.85,550.8925,551.84,0
2026-07-27 23:15:00+00:00,551.71,551.71,551.71,551.71,0
2026-07-27 23:20:00+00:00,551.8835,551.8835,551.83,551.83,0
2026-07-27 23:25:00+00:00,551.994,551.994,550.7655,550.7655,0
2026-07-27 23:30:00+00:00,551.17,551.17,551.17,551.17,0
2026-07-27 23:35:00+00:00,551.17,551.17,551.17,551.17,0
2026-07-27 23:45:00+00:00,551.26,551.26,551.26,551.26,0
2026-07-27 23:50:00+00:00,542.1007,542.1007,542.1007,542.1007,0
2026-07-27 23:55:00+00:00,542.1007,553.5292,542.1007,542.1007,0
2026-07-28 08:00:00+00:00,551.61,554.79,548.0427,554.79,0
2026-07-28 08:05:00+00:00,554.79,554.79,552.8742,552.8742,0
2026-07-28 08:10:00+00:00,554.8,554.8,553.28,553.28,0
2026-07-28 08:15:00+00:00,553.1,554.73,553.0,554.3611,0
2026-07-28 08:20:00+00:00,553.78,553.78,553.78,553.78,0
2026-07-28 08:25:00+00:00,553.78,553.78,552.02,552.02,0
2026-07-28 08:30:00+00:00,548.52,553.45,548.52,553.45,0
2026-07-28 08:40:00+00:00,553.45,553.45,553.45,553.45,0
2026-07-28 08:50:00+00:00,554.21,554.21,554.21,554.21,0
2026-07-28 08:55:00+00:00,554.9888,554.9888,554.9888,554.9888,0
2026-07-28 09:00:00+00:00,550.0012,554.99,550.0012,554.99,0
2026-07-28 09:10:00+00:00,554.99,554.99,554.99,554.99,0
2026-07-28 09:15:00+00:00,553.47,553.47,550.1247,550.1247,0
2026-07-28 09:25:00+00:00,550.1247,553.78,550.1247,553.46,0
2026-07-28 09:35:00+00:00,553.46,553.46,553.46,553.46,0
2026-07-28 09:45:00+00:00,554.8652,554.8652,554.67,554.67,0
2026-07-28 09:50:00+00:00,554.67,554.67,550.0,550.0,0
2026-07-28 09:55:00+00:00,550.0,553.48,550.0,553.48,0
2026-07-28 10:00:00+00:00,554.9888,554.9888,554.9888,554.9888,0
2026-07-28 10:20:00+00:00,554.78,554.78,554.78,554.78,0
2026-07-28 10:25:00+00:00,554.78,554.78,554.76,554.76,0
2026-07-28 10:30:00+00:00,554.76,554.76,554.72,554.72,0
2026-07-28 10:35:00+00:00,554.72,554.72,554.04,554.69,0
2026-07-28 10:40:00+00:00,554.12,554.76,554.11,554.73,0
2026-07-28 10:45:00+00:00,554.3,554.73,550.1247,554.27,0
2026-07-28 10:50:00+00:00,554.68,554.68,554.68,554.68,0
2026-07-28 10:55:00+00:00,554.8,555.94,553.085,555.94,0
2026-07-28 11:00:00+00:00,554.41,556.99,551.71,556.6,0
2026-07-28 11:05:00+00:00,555.04,557.3643,555.04,557.3643,0
2026-07-28 11:10:00+00:00,557.3643,557.3643,555.0,555.0,0
2026-07-28 11:15:00+00:00,556.56,557.55,550.2,557.19,0
2026-07-28 11:20:00+00:00,553.0,555.41,553.0,555.41,0
2026-07-28 11:25:00+00:00,557.22,557.22,551.71,553.1103,0
2026-07-28 11:30:00+00:00,555.56,555.56,555.56,555.56,0
2026-07-28 11:35:00+00:00,555.81,557.54,553.0012,556.0,0
2026-07-28 11:40:00+00:00,556.1,556.3,553.12,556.0,0
2026-07-28 11:45:00+00:00,555.0,556.99,555.0,556.8406,0
2026-07-28 11:50:00+00:00,556.5325,557.0,553.0,556.8406,0
2026-07-28 11:55:00+00:00,557.0,557.0,556.38,556.99,0
2026-07-28 12:00:00+00:00,557.0,557.0,555.54,556.01,0
2026-07-28 12:05:00+00:00,556.01,556.98,556.01,556.98,0
2026-07-28 12:10:00+00:00,556.98,557.0,556.98,557.0,0
2026-07-28 12:15:00+00:00,557.0,557.0,557.0,557.0,0
2026-07-28 12:20:00+00:00,557.0,557.55,556.01,557.5,0
2026-07-28 12:25:00+00:00,557.55,558.0,557.01,558.0,0
2026-07-28 12:30:00+00:00,558.43,559.0,558.37,558.66,0
2026-07-28 12:35:00+00:00,558.66,560.97,558.5472,560.953,0
2026-07-28 12:40:00+00:00,559.95,561.5,559.13,561.0,0
2026-07-28 12:45:00+00:00,560.77,561.0,559.7557,560.01,0
2026-07-28 12:50:00+00:00,560.01,561.928,560.0,561.928,0
2026-07-28 12:55:00+00:00,559.12,560.5,559.12,560.5,0
2026-07-28 13:00:00+00:00,559.86,561.0,559.12,559.12,0
2026-07-28 13:05:00+00:00,559.18,559.2,559.18,559.2,0
2026-07-28 13:10:00+00:00,559.9097,559.93,559.18,559.18,0
2026-07-28 13:30:00+00:00,561.030029296875,564.6143798828125,557.8599853515625,558.7000122070312,176797
2026-07-28 13:35:00+00:00,558.72998046875,562.52001953125,558.72998046875,561.1649780273438,64105
2026-07-28 13:40:00+00:00,561.0499877929688,561.1799926757812,557.4299926757812,558.364990234375,73301
2026-07-28 13:45:00+00:00,558.510009765625,558.9299926757812,557.489990234375,558.2949829101562,71658
2026-07-28 13:50:00+00:00,558.1500244140625,558.8599853515625,557.6400146484375,558.52001953125,43346
2026-07-28 13:55:00+00:00,558.52001953125,559.0800170898438,557.9249877929688,558.4949951171875,81499
2026-07-28 14:00:00+00:00,558.4600219726562,559.2100219726562,557.875,558.280029296875,53018
2026-07-28 14:05:00+00:00,558.3250122070312,559.2999877929688,557.9400024414062,558.9550170898438,28961
2026-07-28 14:10:00+00:00,558.79150390625,561.0,558.5549926757812,560.6799926757812,36204
2026-07-28 14:15:00+00:00,560.9299926757812,562.8150024414062,560.7100219726562,562.1900024414062,39283
2026-07-28 14:20:00+00:00,562.1799926757812,562.8499755859375,561.469970703125,561.780029296875,28615
2026-07-28 14:25:00+00:00,561.7702026367188,561.8699951171875,560.8800048828125,561.47998046875,32249
2026-07-28 14:30:00+00:00,561.530029296875,561.5599975585938,560.0,560.4349975585938,29338
2026-07-28 14:35:00+00:00,560.4025268554688,561.14501953125,559.8599853515625,560.6599731445312,28514
2026-07-28 14:40:00+00:00,560.469970703125,560.530029296875,559.75,559.9099731445312,28757
2026-07-28 14:45:00+00:00,559.9000244140625,560.1300048828125,558.9450073242188,559.02001953125,36719
2026-07-28 14:50:00+00:00,559.02001953125,559.3499755859375,558.4099731445312,559.3499755859375,44983
2026-07-28 14:55:00+00:00,559.3099975585938,559.6900024414062,558.6300048828125,559.0349731445312,24343
2026-07-28 15:00:00+00:00,559.0850219726562,559.9000244140625,558.6900024414062,559.8599853515625,25757
2026-07-28 15:05:00+00:00,559.8900146484375,560.2100219726562,559.3900146484375,559.7899780273438,45748
2026-07-28 15:10:00+00:00,559.739990234375,560.6900024414062,559.739990234375,560.5399780273438,19636
2026-07-28 15:15:00+00:00,560.5700073242188,561.780029296875,560.2200927734375,561.6099853515625,16850
2026-07-28 15:20:00+00:00,561.4400024414062,561.4400024414062,560.989990234375,561.1649780273438,20954
2026-07-28 15:25:00+00:00,561.1599731445312,561.8599853515625,560.8499755859375,561.7550048828125,24132
2026-07-28 15:30:00+00:00,561.7550048828125,562.0599975585938,561.0897827148438,561.3300170898438,17788
2026-07-28 15:35:00+00:00,561.3400268554688,561.739990234375,560.9000244140625,561.0073852539062,19089
2026-07-28 15:40:00+00:00,561.0147094726562,561.3200073242188,560.22998046875,560.260009765625,34620
2026-07-28 15:45:00+00:00,560.2349853515625,560.3599853515625,559.7000122070312,559.7249755859375,16814
2026-07-28 15:50:00+00:00,559.8049926757812,560.5700073242188,559.5499877929688,560.385009765625,21251
2026-07-28 15:55:00+00:00,560.4099731445312,560.77001953125,560.3200073242188,560.5700073242188,14523
2026-07-28 16:00:00+00:00,560.5700073242188,561.2000122070312,560.2949829101562,561.2000122070312,12757
2026-07-28 16:05:00+00:00,561.0599975585938,562.0900268554688,560.9500122070312,562.0900268554688,16794
2026-07-28 16:10:00+00:00,562.0900268554688,562.2000122070312,560.7600708007812,561.2332153320312,18513
2026-07-28 16:15:00+00:00,561.2000122070312,561.7999877929688,561.2000122070312,561.780029296875,15191
2026-07-28 16:20:00+00:00,561.7999877929688,561.8499755859375,561.2150268554688,561.340087890625,15111
2026-07-28 16:25:00+00:00,561.530029296875,561.5999755859375,560.989990234375,560.989990234375,21255
2026-07-28 16:30:00+00:00,561.1599731445312,561.9299926757812,561.0700073242188,561.7999877929688,24921
2026-07-28 16:35:00+00:00,561.8612060546875,562.0599975585938,561.4299926757812,561.469970703125,12142
2026-07-28 16:40:00+00:00,561.5499877929688,561.5700073242188,561.1699829101562,561.3499755859375,10869
2026-07-28 16:45:00+00:00,561.3200073242188,561.39501953125,560.8504028320312,561.1900024414062,14102
2026-07-28 16:50:00+00:00,561.1900024414062,561.72998046875,560.8599853515625,561.469970703125,24127
2026-07-28 16:55:00+00:00,561.47998046875,561.8900146484375,561.3350219726562,561.5449829101562,29064
2026-07-28 17:00:00+00:00,561.469970703125,562.0800170898438,561.469970703125,562.0800170898438,34248
2026-07-28 17:05:00+00:00,562.0700073242188,562.489990234375,561.7000122070312,562.010009765625,36277
2026-07-28 17:10:00+00:00,562.010009765625,562.1500244140625,561.0750122070312,561.2000122070312,27216
2026-07-28 17:15:00+00:00,561.3200073242188,561.489990234375,561.1199951171875,561.3300170898438,29690
2026-07-28 17:20:00+00:00,561.260009765625,561.563720703125,560.8933715820312,561.2100219726562,20687
2026-07-28 17:25:00+00:00,561.0800170898438,561.2000122070312,560.6599731445312,560.7100219726562,23983
2026-07-28 17:30:00+00:00,560.6799926757812,561.0999755859375,560.4450073242188,561.0999755859375,11959
2026-07-28 17:35:00+00:00,561.0599975585938,561.4550170898438,560.9400024414062,561.4099731445312,10009
2026-07-28 17:40:00+00:00,561.4099731445312,561.5,561.0399780273438,561.35498046875,12921
2026-07-28 17:45:00+00:00,561.4199829101562,561.9099731445312,561.4199829101562,561.5499877929688,15723
2026-07-28 17:50:00+00:00,561.739990234375,562.0399780273438,561.5800170898438,561.9000244140625,12281
2026-07-28 17:55:00+00:00,561.9550170898438,562.5900268554688,561.9199829101562,561.9600219726562,15627
2026-07-28 18:00:00+00:00,562.0050048828125,562.0050048828125,561.0374755859375,561.2874755859375,20609
2026-07-28 18:05:00+00:00,561.280029296875,561.5499877929688,561.2047729492188,561.4299926757812,16187
2026-07-28 18:10:00+00:00,561.3699951171875,561.6300048828125,561.22998046875,561.6199951171875,15815
2026-07-28 18:15:00+00:00,561.6599731445312,562.0800170898438,561.239990234375,561.3599853515625,21607
2026-07-28 18:20:00+00:00,561.3200073242188,561.4400024414062,560.8300170898438,560.8499755859375,13896
2026-07-28 18:25:00+00:00,560.7999877929688,561.5499877929688,560.72998046875,561.260009765625,23319
2026-07-28 18:30:00+00:00,561.2949829101562,561.4000244140625,560.8099975585938,561.02001953125,28495
2026-07-28 18:35:00+00:00,561.02001953125,561.530029296875,560.6900024414062,561.4650268554688,27337
2026-07-28 18:40:00+00:00,561.4749755859375,561.614990234375,561.02001953125,561.135009765625,22608
2026-07-28 18:45:00+00:00,561.171875,561.47998046875,561.1325073242188,561.3699951171875,23253
2026-07-28 18:50:00+00:00,561.3699951171875,561.6199951171875,561.1599731445312,561.4600219726562,21620
2026-07-28 18:55:00+00:00,561.510009765625,561.6699829101562,561.3200073242188,561.405029296875,29235
2026-07-28 19:00:00+00:00,561.469970703125,561.5050048828125,560.864990234375,560.864990234375,19506
2026-07-28 19:05:00+00:00,560.864990234375,561.3400268554688,560.5800170898438,561.1300048828125,31898
2026-07-28 19:10:00+00:00,561.22998046875,561.489990234375,560.6699829101562,560.7050170898438,24452
2026-07-28 19:15:00+00:00,560.7050170898438,561.6500244140625,560.0700073242188,561.405029296875,32028
2026-07-28 19:20:00+00:00,561.4199829101562,561.5739135742188,560.5499877929688,560.6099853515625,24265
2026-07-28 19:25:00+00:00,560.6099853515625,561.010009765625,560.2100219726562,560.8499755859375,25287
2026-07-28 19:30:00+00:00,560.8350219726562,561.530029296875,560.4500122070312,561.3499755859375,36164
2026-07-28 19:35:00+00:00,561.35498046875,562.6500244140625,561.35498046875,562.2750244140625,40665
2026-07-28 19:40:00+00:00,562.280029296875,563.219970703125,562.1900024414062,563.2100219726562,31996
2026-07-28 19:45:00+00:00,563.2100219726562,563.280029296875,562.5700073242188,562.8499755859375,41643
2026-07-28 19:50:00+00:00,562.9500122070312,562.9600219726562,561.989990234375,562.6900024414062,78675
2026-07-28 19:55:00+00:00,562.6099853515625,563.4600219726562,562.5250244140625,562.760009765625,212920
2026-07-28 20:00:00+00:00,562.75,563.9257,557.0,562.75,0
2026-07-28 20:05:00+00:00,559.08,563.59,550.0,563.59,0
2026-07-28 20:10:00+00:00,562.75,563.9988,562.12,563.56,0
2026-07-28 20:15:00+00:00,562.75,564.0,562.0,562.4195,0
2026-07-28 20:20:00+00:00,562.75,562.75,561.0,562.17,0
2026-07-28 20:25:00+00:00,562.44,562.44,556.82,557.5,0
2026-07-28 20:30:00+00:00,557.52,560.4988,557.0,557.0,0
2026-07-28 20:35:00+00:00,550.0,558.0,550.0,558.0,0
2026-07-28 20:40:00+00:00,557.5,558.13,550.0,558.13,0
2026-07-28 20:45:00+00:00,558.13,560.4152,557.4209,560.1828,0
2026-07-28 20:50:00+00:00,559.9746,559.9746,559.9746,559.9746,0
2026-07-28 20:55:00+00:00,558.1112,559.59,558.1112,558.52,0
2026-07-28 21:00:00+00:00,558.1112,558.63,558.1112,558.63,0
2026-07-28 21:05:00+00:00,559.98,559.98,559.81,559.98,0
2026-07-28 21:10:00+00:00,559.0,559.65,559.0,559.65,0
2026-07-28 21:15:00+00:00,560.5,562.75,559.174,559.174,0
2026-07-28 21:20:00+00:00,559.2,562.75,559.2,560.5,0
2026-07-28 21:25:00+00:00,559.81,560.11,557.11,560.06,0
2026-07-28 21:30:00+00:00,559.28,560.0,558.9205,560.0,0
2026-07-28 21:35:00+00:00,559.9,560.7,558.9255,558.9255,0
2026-07-28 21:40:00+00:00,559.4,560.48,559.28,560.48,0
2026-07-28 21:45:00+00:00,559.4,560.4179,559.28,560.4179,0
2026-07-28 21:50:00+00:00,559.28,559.28,559.28,559.28,0
2026-07-28 21:55:00+00:00,559.28,559.48,558.905,559.48,0
2026-07-28 22:00:00+00:00,559.46,559.46,559.46,559.46,0
2026-07-28 22:05:00+00:00,560.6755,560.6755,559.25,559.75,0
2026-07-28 22:10:00+00:00,559.75,559.75,559.75,559.75,0
2026-07-28 22:15:00+00:00,559.63,560.23,559.63,560.0,0
2026-07-28 22:20:00+00:00,560.09,560.5,557.2507,557.2507,0
2026-07-28 22:25:00+00:00,559.0,559.02,559.0,559.02,0
2026-07-28 22:30:00+00:00,559.02,559.6,559.02,559.6,0
2026-07-28 22:35:00+00:00,557.2507,559.55,557.2507,559.55,0
2026-07-28 22:40:00+00:00,559.55,559.55,559.02,559.02,0
2026-07-28 22:45:00+00:00,559.07,559.11,559.07,559.11,0
2026-07-28 22:50:00+00:00,559.11,559.98,559.11,559.98,0
2026-07-28 22:55:00+00:00,557.2442,562.0,557.2442,562.0,0
2026-07-28 23:00:00+00:00,560.98,561.0,560.51,560.99,0
2026-07-28 23:05:00+00:00,560.99,560.99,560.99,560.99,0
2026-07-28 23:10:00+00:00,560.99,560.99,559.99,560.5,0
2026-07-28 23:15:00+00:00,561.6477,562.4799,560.0,560.11,0
2026-07-28 23:20:00+00:00,557.2442,560.98,557.2442,560.98,0
2026-07-28 23:25:00+00:00,560.98,561.66,560.88,561.66,0
2026-07-28 23:30:00+00:00,563.0,563.0,561.1,562.7459,0
2026-07-28 23:35:00+00:00,562.925,562.925,561.0,561.0,0
2026-07-28 23:40:00+00:00,560.88,561.68,560.13,560.13,0
2026-07-28 23:45:00+00:00,560.13,560.2489,560.13,560.2489,0
2026-07-28 23:55:00+00:00,560.38,561.5,560.38,561.0,0
2026-07-29 08:00:00+00:00,563.24,568.4495,559.5112,563.22,0
2026-07-29 08:05:00+00:00,563.22,564.16,563.21,563.98,0
2026-07-29 08:10:00+00:00,563.59,563.59,562.61,562.62,0
2026-07-29 08:15:00+00:00,563.3,563.3,559.01,562.15,0
2026-07-29 08:20:00+00:00,562.2,562.2,562.2,562.2,0
2026-07-29 08:25:00+00:00,562.15,562.94,562.15,562.94,0
2026-07-29 08:30:00+00:00,562.1,563.0,562.1,563.0,0
2026-07-29 08:45:00+00:00,562.8,563.0,562.8,563.0,0
2026-07-29 08:50:00+00:00,563.47,563.88,563.47,563.88,0
2026-07-29 08:55:00+00:00,563.88,563.88,563.88,563.88,0
2026-07-29 09:00:00+00:00,562.43,562.43,562.34,562.34,0
2026-07-29 09:10:00+00:00,563.67,563.81,563.67,563.81,0
2026-07-29 09:15:00+00:00,563.5,563.79,563.5,563.79,0
2026-07-29 09:20:00+00:00,563.6,563.9,562.33,562.33,0
2026-07-29 09:25:00+00:00,562.25,562.25,562.16,562.16,0
2026-07-29 09:35:00+00:00,562.33,563.55,558.21,558.21,0
2026-07-29 09:40:00+00:00,559.71,562.22,555.73,561.5,0
2026-07-29 09:45:00+00:00,561.22,563.34,561.22,562.0,0
2026-07-29 09:50:00+00:00,561.5,562.0,561.44,562.0,0
2026-07-29 09:55:00+00:00,562.0,562.0,562.0,562.0,0
2026-07-29 10:00:00+00:00,562.0,562.74,562.0,562.74,0
2026-07-29 10:05:00+00:00,562.7,562.7,562.7,562.7,0
2026-07-29 10:10:00+00:00,561.1,561.1,559.01,559.01,0
2026-07-29 10:15:00+00:00,561.94,561.94,561.47,561.91,0
2026-07-29 10:25:00+00:00,562.74,562.74,552.4245,562.4755,0
2026-07-29 10:30:00+00:00,562.74,562.74,562.73,562.73,0
2026-07-29 10:35:00+00:00,561.14,562.64,559.01,562.64,0
2026-07-29 10:40:00+00:00,561.0,561.0,561.0,561.0,0
2026-07-29 10:45:00+00:00,562.7,562.74,561.15,561.15,0
2026-07-29 10:55:00+00:00,562.45,562.45,562.45,562.45,0
2026-07-29 11:00:00+00:00,561.26,562.75,561.26,561.95,0
2026-07-29 11:05:00+00:00,561.8,562.4,560.0,560.0,0
2026-07-29 11:10:00+00:00,552.4245,562.25,552.16,562.25,0
2026-07-29 11:15:00+00:00,562.25,562.25,552.4122,552.4122,0
2026-07-29 11:20:00+00:00,562.41,562.41,561.0,561.0,0
2026-07-29 11:25:00+00:00,562.09,562.32,561.0,562.32,0
2026-07-29 11:30:00+00:00,562.19,562.3,561.0,561.0,0
2026-07-29 11:35:00+00:00,554.98,561.0,554.98,561.0,0
2026-07-29 11:40:00+00:00,561.15,561.36,559.27,561.05,0
2026-07-29 11:45:00+00:00,561.05,561.9,555.175,561.6,0
2026-07-29 11:50:00+00:00,561.3,561.8,560.2,561.7,0
2026-07-29 11:55:00+00:00,561.025,562.75,560.35,560.35,0
2026-07-29 12:00:00+00:00,560.1962,560.5,560.1962,560.5,0
2026-07-29 12:05:00+00:00,560.4,560.4,555.125,560.0,0
2026-07-29 12:10:00+00:00,560.975,560.99,559.05,559.05,0
2026-07-29 12:15:00+00:00,559.05,560.0,559.0,559.2274,0
2026-07-29 12:20:00+00:00,559.0,559.04,555.06,555.06,0
2026-07-29 12:25:00+00:00,560.8562,560.8562,560.8562,560.8562,0
2026-07-29 12:30:00+00:00,559.79,560.0,559.5,559.5,0
2026-07-29 12:35:00+00:00,559.6,559.6,559.6,559.6,0
2026-07-29 12:40:00+00:00,559.6,560.63,556.21,560.63,0
2026-07-29 12:45:00+00:00,561.0,561.0,558.27,558.7843,0
2026-07-29 12:50:00+00:00,558.5625,560.58,558.5625,559.01,0
2026-07-29 12:55:00+00:00,559.2274,559.2274,559.1352,559.2274,0
2026-07-29 13:00:00+00:00,559.94,559.94,559.0,559.0,0
2026-07-29 13:05:00+00:00,559.9052,559.9052,558.015,558.015,0
2026-07-29 13:10:00+00:00,558.115,558.21,556.22,556.74,0
2026-07-29 13:30:00+00:00,555.0599975585938,564.260009765625,554.9151000976562,563.35498046875,154828
2026-07-29 13:35:00+00:00,563.2899780273438,566.3599853515625,562.3099975585938,566.1749877929688,90659
2026-07-29 13:40:00+00:00,566.1749877929688,566.625,563.114990234375,563.5700073242188,71432
2026-07-29 13:45:00+00:00,563.4849853515625,564.3699951171875,562.6599731445312,562.8900146484375,53184
2026-07-29 13:50:00+00:00,562.760009765625,564.760009765625,562.7000122070312,563.7849731445312,28000
2026-07-29 13:55:00+00:00,564.10498046875,564.77001953125,563.2700805664062,564.0499877929688,33594
2026-07-29 14:00:00+00:00,563.8599853515625,564.4600219726562,562.7100219726562,563.3800048828125,25815
2026-07-29 14:05:00+00:00,563.3300170898438,563.8800048828125,562.489990234375,562.875,23245
2026-07-29 14:10:00+00:00,562.875,563.3300170898438,562.4500122070312,563.0850219726562,42645
2026-07-29 14:15:00+00:00,563.2050170898438,563.9600219726562,562.155029296875,563.6599731445312,37257
2026-07-29 14:20:00+00:00,563.72998046875,564.239990234375,562.9749755859375,563.7650146484375,20457
2026-07-29 14:25:00+00:00,563.6500244140625,564.8350219726562,563.6500244140625,564.6900024414062,17720
2026-07-29 14:30:00+00:00,564.219970703125,564.4000244140625,563.364990234375,564.1300048828125,27385
2026-07-29 14:35:00+00:00,564.260009765625,565.6500244140625,564.135009765625,565.0850219726562,37429
2026-07-29 14:40:00+00:00,565.1900024414062,565.1900024414062,563.8400268554688,564.1334228515625,32046
2026-07-29 14:45:00+00:00,564.2000122070312,564.4099731445312,563.0650024414062,563.3499755859375,25517
2026-07-29 14:50:00+00:00,563.280029296875,563.8300170898438,562.7999877929688,563.1900024414062,46747
2026-07-29 14:55:00+00:00,563.2650146484375,563.4299926757812,561.8250122070312,562.1300048828125,22141
2026-07-29 15:00:00+00:00,562.3300170898438,562.8095092773438,562.22998046875,562.3200073242188,22832
2026-07-29 15:05:00+00:00,562.489990234375,563.5499877929688,561.9600219726562,563.3150024414062,26786
2026-07-29 15:10:00+00:00,563.2999877929688,564.530029296875,563.280029296875,563.8900146484375,43372
2026-07-29 15:15:00+00:00,564.1099853515625,566.2000122070312,564.1099853515625,566.2000122070312,36687
2026-07-29 15:20:00+00:00,566.2000122070312,567.0999755859375,566.2000122070312,566.655029296875,36478
2026-07-29 15:25:00+00:00,566.6500244140625,566.9199829101562,566.4500732421875,566.8699951171875,23089
2026-07-29 15:30:00+00:00,566.9299926757812,567.75,566.8400268554688,567.3099975585938,37310
2026-07-29 15:35:00+00:00,567.2949829101562,567.7100219726562,566.8200073242188,567.3800048828125,31584
2026-07-29 15:40:00+00:00,567.4500122070312,568.1900024414062,567.4500122070312,567.9000244140625,32940
2026-07-29 15:45:00+00:00,568.0700073242188,568.8499755859375,568.0700073242188,568.4400024414062,33360
2026-07-29 15:50:00+00:00,568.3900146484375,568.6699829101562,568.1123046875,568.3800048828125,43561
2026-07-29 15:55:00+00:00,568.3699951171875,568.9000244140625,568.22998046875,568.77001953125,30802
2026-07-29 16:00:00+00:00,568.655029296875,568.8499755859375,568.2100219726562,568.77001953125,34151
2026-07-29 16:05:00+00:00,568.77001953125,569.530029296875,568.4849853515625,569.4400024414062,28695
2026-07-29 16:10:00+00:00,569.4400024414062,569.989990234375,569.25,569.552490234375,29567
2026-07-29 16:15:00+00:00,569.54248046875,569.625,568.7050170898438,568.7999877929688,26284
2026-07-29 16:20:00+00:00,568.6900024414062,569.1699829101562,568.5999755859375,569.030029296875,21097
2026-07-29 16:25:00+00:00,568.9600219726562,568.9600219726562,568.0863647460938,568.52001953125,18274
2026-07-29 16:30:00+00:00,568.6199951171875,568.6400146484375,567.780029296875,568.155029296875,16924
2026-07-29 16:35:00+00:00,568.155029296875,568.5800170898438,567.8699951171875,567.989990234375,20841
2026-07-29 16:40:00+00:00,568.0,568.1199951171875,566.469970703125,567.2474975585938,62674
2026-07-29 16:45:00+00:00,567.3250122070312,567.5399780273438,566.8400268554688,566.9600219726562,16270
2026-07-29 16:50:00+00:00,567.0599975585938,567.9000244140625,566.8900146484375,567.7999877929688,36317
2026-07-29 16:55:00+00:00,567.7999877929688,567.9299926757812,566.864501953125,567.9299926757812,24957
2026-07-29 17:00:00+00:00,567.9500122070312,569.0,567.780029296875,569.0,21479
2026-07-29 17:05:00+00:00,568.9400024414062,569.0,567.9000244140625,568.02001953125,18528
2026-07-29 17:10:00+00:00,567.9149780273438,568.3599853515625,567.489990234375,567.6199951171875,24075
2026-07-29 17:15:00+00:00,567.6400146484375,567.7000122070312,566.6900024414062,567.489990234375,52712
2026-07-29 17:20:00+00:00,567.489990234375,567.760009765625,567.2100219726562,567.635009765625,29717
2026-07-29 17:25:00+00:00,567.635009765625,567.8400268554688,567.4299926757812,567.5,24605
2026-07-29 17:30:00+00:00,567.469970703125,567.469970703125,566.0349731445312,566.1699829101562,12927
2026-07-29 17:35:00+00:00,566.010009765625,566.510009765625,565.9974975585938,566.2650146484375,31453
2026-07-29 17:40:00+00:00,566.2050170898438,566.530029296875,565.9710083007812,566.489990234375,14635
2026-07-29 17:45:00+00:00,566.39501953125,566.5499877929688,565.885009765625,565.9249877929688,48508
2026-07-29 17:50:00+00:00,565.9224853515625,565.9600219726562,565.0300903320312,565.5,22338
2026-07-29 17:55:00+00:00,565.4224853515625,566.4400024414062,564.8200073242188,565.7249755859375,46301
2026-07-29 18:00:00+00:00,565.864990234375,567.22998046875,565.4949951171875,566.1649780273438,21835
2026-07-29 18:05:00+00:00,566.1649780273438,566.1649780273438,564.3300170898438,564.3300170898438,33916
2026-07-29 18:10:00+00:00,564.3400268554688,565.719970703125,564.1900024414062,564.8099975585938,36215
2026-07-29 18:15:00+00:00,565.1400146484375,566.3300170898438,564.9149780273438,565.7150268554688,23673
2026-07-29 18:20:00+00:00,565.7150268554688,565.8699951171875,564.6400146484375,564.8250122070312,14355
2026-07-29 18:25:00+00:00,564.9299926757812,566.47998046875,564.9299926757812,566.385009765625,19933
2026-07-29 18:30:00+00:00,566.385009765625,566.5399780273438,565.7059936523438,566.155029296875,15267
2026-07-29 18:35:00+00:00,565.9650268554688,566.4099731445312,565.3400268554688,566.4099731445312,15582
2026-07-29 18:40:00+00:00,566.239990234375,566.5399780273438,565.7899780273438,566.4400024414062,29082
2026-07-29 18:45:00+00:00,566.47998046875,567.0399780273438,566.3300170898438,566.6162719726562,16000
2026-07-29 18:50:00+00:00,566.6799926757812,566.8599853515625,565.739990234375,565.7650146484375,11002
2026-07-29 18:55:00+00:00,565.9000244140625,566.0399780273438,565.1699829101562,565.52001953125,24024
2026-07-29 19:00:00+00:00,565.4450073242188,565.4450073242188,564.219970703125,564.219970703125,24193
2026-07-29 19:05:00+00:00,564.3900146484375,564.3900146484375,563.469970703125,563.7999877929688,30822
2026-07-29 19:10:00+00:00,563.7999877929688,564.3200073242188,563.3300170898438,563.469970703125,20093
2026-07-29 19:15:00+00:00,563.4550170898438,564.6099853515625,563.4550170898438,564.5850219726562,26150
2026-07-29 19:20:00+00:00,564.6599731445312,564.9400024414062,564.3599853515625,564.5499877929688,26622
2026-07-29 19:25:00+00:00,564.4849853515625,565.0399780273438,563.6400146484375,563.780029296875,23099
2026-07-29 19:30:00+00:00,563.8300170898438,564.4600219726562,563.2999877929688,564.1900024414062,43514
2026-07-29 19:35:00+00:00,564.1599731445312,564.27001953125,563.0272216796875,563.344970703125,35021
2026-07-29 19:40:00+00:00,563.530029296875,563.6699829101562,562.85498046875,563.6300048828125,30249
2026-07-29 19:45:00+00:00,563.5800170898438,563.719970703125,562.7949829101562,563.3300170898438,36162
2026-07-29 19:50:00+00:00,563.1599731445312,563.6099853515625,562.5499877929688,562.7899780273438,83738
2026-07-29 19:55:00+00:00,562.8300170898438,564.2349853515625,562.7000122070312,563.3800048828125,243627
2026-07-29 20:00:00+00:00,563.21,569.6392,562.83,563.32,0
2026-07-29 20:05:00+00:00,563.33,563.68,555.0,561.02,0
2026-07-29 20:10:00+00:00,563.32,563.32,527.26,527.26,0
2026-07-29 20:15:00+00:00,563.32,564.939,556.85,557.0537,0
2026-07-29 20:20:00+00:00,563.32,565.0,556.85,562.02,0
2026-07-29 20:25:00+00:00,560.925,563.25,560.925,562.8,0
2026-07-29 20:30:00+00:00,563.0,563.0,557.051,557.051,0
2026-07-29 20:35:00+00:00,563.6438,564.689,561.93,562.0,0
2026-07-29 20:40:00+00:00,563.32,563.72,560.7813,561.06,0
2026-07-29 20:45:00+00:00,556.85,561.07,556.85,561.05,0
2026-07-29 20:50:00+00:00,564.7,564.7,560.5012,562.8829,0
2026-07-29 20:55:00+00:00,562.88,563.3188,562.88,562.88,0
2026-07-29 21:00:00+00:00,561.9,562.82,561.88,562.59,0
2026-07-29 21:05:00+00:00,562.53,562.88,562.25,562.3,0
2026-07-29 21:10:00+00:00,562.3,562.98,561.05,561.05,0
2026-07-29 21:15:00+00:00,562.98,563.32,529.9198,562.0,0
2026-07-29 21:20:00+00:00,562.35,563.23,561.545,562.0,0
2026-07-29 21:25:00+00:00,562.79,562.83,560.57,562.83,0
2026-07-29 21:30:00+00:00,562.0,563.23,562.0,563.23,0
2026-07-29 21:35:00+00:00,562.0,562.03,562.0,562.02,0
2026-07-29 21:40:00+00:00,560.5,563.0,560.5,563.0,0
2026-07-29 21:45:00+00:00,563.0,563.11,563.0,563.1,0
2026-07-29 21:50:00+00:00,563.1,563.3,562.65,563.3,0
2026-07-29 21:55:00+00:00,562.0325,563.3,562.0325,563.3,0
2026-07-29 22:00:00+00:00,562.45,563.3,562.45,563.29,0
2026-07-29 22:05:00+00:00,563.0,563.49,562.52,563.0425,0
2026-07-29 22:10:00+00:00,564.4365,564.7,563.0,564.7,0
2026-07-29 22:15:00+00:00,564.0,564.0,563.0425,563.5,0
2026-07-29 22:20:00+00:00,564.6,564.6,564.6,564.6,0
2026-07-29 22:25:00+00:00,564.0,564.5,564.0,564.0,0
2026-07-29 22:30:00+00:00,563.01,564.56,563.0,564.56,0
2026-07-29 22:35:00+00:00,563.0,564.0,563.0,564.0,0
2026-07-29 22:40:00+00:00,564.56,564.56,564.42,564.42,0
2026-07-29 22:50:00+00:00,563.52,563.6,563.5,563.52,0
2026-07-29 22:55:00+00:00,564.0,564.0,563.5,563.5,0
2026-07-29 23:00:00+00:00,563.8,564.0,563.8,563.85,0
2026-07-29 23:05:00+00:00,564.25,564.7,563.5,564.7,0
2026-07-29 23:10:00+00:00,564.42,564.7,563.0425,563.99,0
2026-07-29 23:15:00+00:00,563.5,564.6575,563.5,564.0,0
2026-07-29 23:20:00+00:00,563.0,563.75,563.0,563.75,0
2026-07-29 23:25:00+00:00,563.9395,564.0,563.5,563.5,0
2026-07-29 23:30:00+00:00,563.8,564.0,563.8,564.0,0
2026-07-29 23:35:00+00:00,564.3368,564.5,563.0375,564.5,0
2026-07-29 23:40:00+00:00,564.4625,564.5,563.45,564.5,0
2026-07-29 23:45:00+00:00,563.06,564.4999,563.06,564.3743,0
2026-07-29 23:50:00+00:00,563.5,564.3735,563.44,564.3735,0
2026-07-29 23:55:00+00:00,564.4625,564.5,563.0,563.0375,0
2026-07-30 08:00:00+00:00,558.01,565.97,557.01,560.64,0
2026-07-30 08:05:00+00:00,563.042,563.042,563.042,563.042,0
2026-07-30 08:10:00+00:00,563.042,563.042,563.042,563.042,0
2026-07-30 08:15:00+00:00,562.5465,562.69,562.5465,562.69,0
2026-07-30 08:25:00+00:00,555.189,562.3515,555.189,562.3515,0
2026-07-30 08:30:00+00:00,562.51,562.51,558.3,558.3,0
2026-07-30 08:35:00+00:00,560.65,561.5,560.65,561.5,0
2026-07-30 08:40:00+00:00,560.82,562.0,560.82,562.0,0
2026-07-30 08:45:00+00:00,562.1788,562.1788,562.14,562.14,0
2026-07-30 08:55:00+00:00,562.14,562.14,562.14,562.14,0
2026-07-30 09:00:00+00:00,558.99,558.99,558.99,558.99,0
2026-07-30 09:05:00+00:00,560.67,561.76,560.67,561.76,0
2026-07-30 09:10:00+00:00,556.2696,561.68,556.2696,561.65,0
2026-07-30 09:15:00+00:00,561.67,561.67,561.14,561.14,0
2026-07-30 09:25:00+00:00,561.14,561.14,561.14,561.14,0
2026-07-30 09:30:00+00:00,561.74,561.74,561.74,561.74,0
2026-07-30 09:35:00+00:00,562.51,562.51,562.51,562.51,0
2026-07-30 09:40:00+00:00,561.75,561.75,561.65,561.65,0
2026-07-30 09:45:00+00:00,562.0,562.31,562.0,562.31,0
2026-07-30 09:55:00+00:00,562.31,562.31,560.85,560.85,0
2026-07-30 10:05:00+00:00,561.0232,561.0232,561.0,561.0,0
2026-07-30 10:10:00+00:00,560.79,561.77,560.79,561.77,0
2026-07-30 10:15:00+00:00,561.641,561.641,560.81,561.6117,0
2026-07-30 10:20:00+00:00,561.07,561.62,560.06,560.06,0
2026-07-30 10:25:00+00:00,560.5,561.09,560.0,560.0,0
2026-07-30 10:30:00+00:00,561.13,561.39,561.13,561.2802,0
2026-07-30 10:35:00+00:00,561.2022,561.2022,561.2022,561.2022,0
2026-07-30 10:40:00+00:00,561.11,561.11,561.11,561.11,0
2026-07-30 10:45:00+00:00,561.11,561.35,561.11,561.35,0
2026-07-30 10:50:00+00:00,561.243,561.3,561.243,561.3,0
2026-07-30 10:55:00+00:00,561.27,562.6332,560.64,560.64,0
2026-07-30 11:00:00+00:00,561.0,563.32,559.09,559.09,0
2026-07-30 11:05:00+00:00,559.02,560.0,558.995,559.24,0
2026-07-30 11:10:00+00:00,559.24,561.0,559.12,559.63,0
2026-07-30 11:15:00+00:00,560.89,562.1417,559.1,559.1,0
2026-07-30 11:20:00+00:00,560.84,560.97,560.72,560.72,0
2026-07-30 11:25:00+00:00,562.14,562.14,559.1,559.1,0
2026-07-30 11:30:00+00:00,559.12,562.03,558.1,560.0,0
2026-07-30 11:35:00+00:00,560.97,560.97,560.22,560.22,0
2026-07-30 11:40:00+00:00,559.12,559.12,558.5,558.6,0
2026-07-30 11:45:00+00:00,558.39,561.6788,558.39,558.58,0
2026-07-30 11:50:00+00:00,558.6,558.69,558.6,558.69,0
2026-07-30 11:55:00+00:00,559.0,561.45,558.9359,561.45,0
2026-07-30 12:00:00+00:00,561.3287,561.44,558.69,559.98,0
2026-07-30 12:05:00+00:00,560.95,575.0,559.3575,574.82,0
2026-07-30 12:10:00+00:00,572.0,582.96,572.0,581.0,0
2026-07-30 12:15:00+00:00,580.89,580.99,563.32,580.31,0
2026-07-30 12:20:00+00:00,579.99,583.98,576.4587,576.4587,0
2026-07-30 12:25:00+00:00,578.0132,580.4,576.4568,578.7,0
2026-07-30 12:30:00+00:00,579.0,579.9,578.0,579.6438,0
2026-07-30 12:35:00+00:00,578.72,580.3,563.32,579.4,0
2026-07-30 12:40:00+00:00,579.4,579.4,576.0,577.59,0
2026-07-30 12:45:00+00:00,577.59,580.63,577.549,580.33,0
2026-07-30 12:50:00+00:00,580.15,580.96,578.2,579.13,0
2026-07-30 12:55:00+00:00,579.2,579.95,577.86,578.5,0
2026-07-30 13:00:00+00:00,578.5,579.0,578.5,578.65,0
2026-07-30 13:05:00+00:00,578.65,578.9912,578.5,578.5,0
2026-07-30 13:10:00+00:00,578.5,578.65,578.0,578.0,0
2026-07-30 13:30:00+00:00,577.3599853515625,582.6199951171875,575.0,579.4000244140625,499624
2026-07-30 13:35:00+00:00,579.6500244140625,581.2000122070312,577.875,579.969970703125,130290
2026-07-30 13:40:00+00:00,579.5050048828125,582.4000244140625,578.0,579.989990234375,183786
2026-07-30 13:45:00+00:00,579.989990234375,580.6599731445312,577.4199829101562,578.1900024414062,105564
2026-07-30 13:50:00+00:00,578.1900024414062,579.6500244140625,577.2899780273438,578.3900146484375,82165
2026-07-30 13:55:00+00:00,578.3900146484375,578.77001953125,575.6900024414062,576.875,135321
2026-07-30 14:00:00+00:00,576.8599853515625,577.8900146484375,575.530029296875,576.8936767578125,81270
2026-07-30 14:05:00+00:00,576.9199829101562,578.9099731445312,576.5,578.739990234375,55079
2026-07-30 14:10:00+00:00,578.7100219726562,579.5,577.3049926757812,577.5599975585938,72767
2026-07-30 14:15:00+00:00,577.3699951171875,577.7000122070312,575.72998046875,577.2999877929688,66612
2026-07-30 14:20:00+00:00,577.1900024414062,577.280029296875,571.469970703125,572.2000122070312,84721
2026-07-30 14:25:00+00:00,572.0599975585938,572.2000122070312,569.8499755859375,570.8049926757812,38158
2026-07-30 14:30:00+00:00,570.7999877929688,571.0474853515625,568.9000244140625,569.02001953125,47627
2026-07-30 14:35:00+00:00,569.1400146484375,571.4299926757812,568.1199951171875,570.3250122070312,48032
2026-07-30 14:40:00+00:00,570.3099975585938,570.3099975585938,569.010009765625,569.60498046875,54360
2026-07-30 14:45:00+00:00,569.60498046875,569.7098999023438,567.6300048828125,567.9400024414062,35395
2026-07-30 14:50:00+00:00,568.1799926757812,572.1699829101562,568.1799926757812,571.3599853515625,51250
2026-07-30 14:55:00+00:00,571.3474731445312,571.9949951171875,570.25,571.9500122070312,27367
2026-07-30 15:00:00+00:00,571.7100219726562,572.510009765625,569.7899780273438,569.8400268554688,44587
2026-07-30 15:05:00+00:00,569.8400268554688,569.8400268554688,568.530029296875,568.969970703125,32018
2026-07-30 15:10:00+00:00,569.1400146484375,570.7000122070312,569.010009765625,570.25,31568
2026-07-30 15:15:00+00:00,570.02001953125,570.7899780273438,569.3200073242188,570.22998046875,32959
2026-07-30 15:20:00+00:00,570.2274780273438,570.8400268554688,569.52001953125,569.9949951171875,30051
2026-07-30 15:25:00+00:00,570.010009765625,572.25,570.0,571.844970703125,38337
2026-07-30 15:30:00+00:00,571.8499755859375,572.5599975585938,570.0900268554688,571.5999755859375,34811
2026-07-30 15:35:00+00:00,571.3150024414062,571.6699829101562,570.2150268554688,570.7000122070312,24257
2026-07-30 15:40:00+00:00,570.9149780273438,572.2000122070312,570.739990234375,571.7050170898438,25879
2026-07-30 15:45:00+00:00,571.6799926757812,572.010009765625,571.2999877929688,571.4824829101562,25539
2026-07-30 15:50:00+00:00,571.5599975585938,572.60498046875,571.3900146484375,572.22998046875,21654
2026-07-30 15:55:00+00:00,572.260009765625,573.6699829101562,571.7449951171875,572.9149780273438,23550
2026-07-30 16:00:00+00:00,572.9099731445312,573.3900146484375,572.1400146484375,572.739990234375,29672
2026-07-30 16:05:00+00:00,572.7899780273438,572.969970703125,571.0499877929688,572.4749755859375,24389
2026-07-30 16:10:00+00:00,572.4600219726562,573.239990234375,571.9349975585938,573.0650024414062,31321
2026-07-30 16:15:00+00:00,572.9249877929688,573.85498046875,572.7100219726562,573.7899780273438,27072
2026-07-30 16:20:00+00:00,573.6950073242188,574.97998046875,573.52001953125,574.385009765625,48335
2026-07-30 16:25:00+00:00,574.1699829101562,574.385009765625,573.4810180664062,574.0850219726562,20644
2026-07-30 16:30:00+00:00,574.1699829101562,576.3200073242188,574.010009765625,576.1900024414062,29973
2026-07-30 16:35:00+00:00,576.3599853515625,577.7349853515625,576.0399780273438,577.2899780273438,47555
2026-07-30 16:40:00+00:00,577.219970703125,578.8300170898438,577.1950073242188,578.3200073242188,37568
2026-07-30 16:45:00+00:00,578.3200073242188,578.6799926757812,577.092529296875,577.85498046875,40508
2026-07-30 16:50:00+00:00,578.0900268554688,578.989990234375,577.873291015625,578.6799926757812,37206
2026-07-30 16:55:00+00:00,578.6900024414062,578.7000122070312,577.760009765625,578.0549926757812,36610
2026-07-30 17:00:00+00:00,578.1099853515625,579.0449829101562,578.1099853515625,578.7349853515625,25632
2026-07-30 17:05:00+00:00,578.6699829101562,580.4500122070312,578.3292846679688,580.385009765625,42246
2026-07-30 17:10:00+00:00,580.3400268554688,581.72998046875,580.3400268554688,581.0800170898438,34663
2026-07-30 17:15:00+00:00,580.986572265625,581.1900024414062,580.0200805664062,580.469970703125,36668
2026-07-30 17:20:00+00:00,580.469970703125,580.6300048828125,579.0650024414062,579.3427124023438,23730
2026-07-30 17:25:00+00:00,579.4400024414062,579.7899780273438,578.5701293945312,578.77001953125,30103
2026-07-30 17:30:00+00:00,578.8900146484375,579.489990234375,578.7274780273438,578.844970703125,30075
2026-07-30 17:35:00+00:00,578.760009765625,578.760009765625,577.0,577.2000122070312,26773
2026-07-30 17:40:00+00:00,577.2000122070312,577.5599975585938,575.719970703125,575.7899780273438,27581
2026-07-30 17:45:00+00:00,575.7100219726562,576.489990234375,575.219970703125,576.010009765625,40993
2026-07-30 17:50:00+00:00,576.0,576.4199829101562,575.39501953125,575.7899780273438,31772
2026-07-30 17:55:00+00:00,575.9149780273438,575.9149780273438,573.9099731445312,573.9349975585938,39410
2026-07-30 18:00:00+00:00,573.6599731445312,575.3049926757812,573.6599731445312,574.8350219726562,37849
2026-07-30 18:05:00+00:00,574.8049926757812,575.385009765625,574.135009765625,574.1699829101562,29379
2026-07-30 18:10:00+00:00,574.0599975585938,574.5650024414062,573.969970703125,574.4949951171875,41527
2026-07-30 18:15:00+00:00,574.5999755859375,576.47998046875,574.5399780273438,576.47998046875,26373
2026-07-30 18:20:00+00:00,576.4299926757812,576.7899780273438,575.8699951171875,576.5599975585938,26253
2026-07-30 18:25:00+00:00,576.5,576.7349853515625,575.9849243164062,576.489990234375,25294
2026-07-30 18:30:00+00:00,576.4949951171875,576.64501953125,575.9199829101562,576.3400268554688,25806
2026-07-30 18:35:00+00:00,576.3300170898438,576.3300170898438,575.6963500976562,575.9099731445312,18947
2026-07-30 18:40:00+00:00,575.9099731445312,576.2899780273438,575.719970703125,576.1099853515625,25267
2026-07-30 18:45:00+00:00,576.1199951171875,576.7949829101562,575.9299926757812,576.7050170898438,37165
2026-07-30 18:50:00+00:00,576.7025146484375,576.8499755859375,575.6500244140625,576.469970703125,47210
2026-07-30 18:55:00+00:00,576.4650268554688,577.0999755859375,576.1900024414062,577.094970703125,31734
2026-07-30 19:00:00+00:00,577.094970703125,577.7550048828125,576.7100219726562,577.6400146484375,29915
2026-07-30 19:05:00+00:00,577.5300903320312,577.5499877929688,575.7449951171875,575.8599853515625,35846
2026-07-30 19:10:00+00:00,576.030029296875,576.8300170898438,575.8499755859375,576.4749755859375,36579
2026-07-30 19:15:00+00:00,576.385009765625,577.280029296875,576.2349853515625,576.3699951171875,35735
2026-07-30 19:20:00+00:00,576.3800048828125,577.510009765625,576.1199951171875,576.9650268554688,41697
2026-07-30 19:25:00+00:00,576.9998779296875,577.4199829101562,576.1799926757812,576.9199829101562,37669
2026-07-30 19:30:00+00:00,576.8599853515625,577.1400146484375,576.239990234375,576.4000244140625,44738
2026-07-30 19:35:00+00:00,576.3200073242188,576.6900024414062,575.9400024414062,576.3389892578125,40699
2026-07-30 19:40:00+00:00,576.2899780273438,577.760009765625,575.97998046875,577.4299926757812,42452
2026-07-30 19:45:00+00:00,577.4550170898438,579.3150024414062,577.1749877929688,578.9600219726562,58933
2026-07-30 19:50:00+00:00,579.1400146484375,579.1699829101562,578.0700073242188,578.6300048828125,95206
2026-07-30 19:55:00+00:00,578.6925048828125,579.60498046875,577.3400268554688,577.6400146484375,302896
2026-07-30 20:00:00+00:00,577.35,579.49,574.38,577.35,0
2026-07-30 20:05:00+00:00,577.35,577.35,572.23,574.38,0
2026-07-30 20:10:00+00:00,577.35,577.35,573.022,573.022,0
2026-07-30 20:15:00+00:00,577.35,577.35,574.1,574.38,0
2026-07-30 20:20:00+00:00,577.35,577.35,572.3742,573.582,0
2026-07-30 20:25:00+00:00,579.7752,579.7752,574.57,576.1877,0
2026-07-30 20:30:00+00:00,571.01,579.7752,571.01,574.38,0
2026-07-30 20:35:00+00:00,579.7752,579.7752,575.07,577.35,0
2026-07-30 20:40:00+00:00,576.6,576.6,576.32,576.4,0
2026-07-30 20:45:00+00:00,576.31,576.5,576.31,576.45,0
2026-07-30 20:50:00+00:00,576.45,576.45,575.38,575.38,0
2026-07-30 20:55:00+00:00,577.35,579.7752,571.1947,579.7752,0
2026-07-30 21:00:00+00:00,574.4,576.48,571.01,575.03,0
2026-07-30 21:05:00+00:00,571.2347,579.7752,571.2347,579.7752,0
2026-07-30 21:10:00+00:00,572.8576,578.0,572.8576,576.21,0
2026-07-30 21:15:00+00:00,574.505,574.505,574.505,574.505,0
2026-07-30 21:20:00+00:00,575.06,575.06,574.4,574.4,0
2026-07-30 21:25:00+00:00,576.18,576.58,576.15,576.43,0
2026-07-30 21:30:00+00:00,577.35,577.35,571.01,571.01,0
2026-07-30 21:35:00+00:00,575.06,575.06,571.01,571.01,0
2026-07-30 21:40:00+00:00,574.4,579.7807,574.4,576.38,0
2026-07-30 21:45:00+00:00,571.3742,575.98,571.23,575.04,0
2026-07-30 21:50:00+00:00,575.08,576.46,574.72,575.0,0
2026-07-30 21:55:00+00:00,576.38,577.0,576.31,576.31,0
2026-07-30 22:00:00+00:00,576.28,576.28,573.0122,573.1195,0
2026-07-30 22:05:00+00:00,574.69,577.0,574.39,575.0,0
2026-07-30 22:10:00+00:00,574.41,574.41,574.41,574.41,0
2026-07-30 22:15:00+00:00,576.19,576.6993,575.97,576.6993,0
2026-07-30 22:20:00+00:00,576.02,576.7365,575.3522,576.59,0
2026-07-30 22:25:00+00:00,575.86,576.0,575.56,576.0,0
2026-07-30 22:30:00+00:00,576.19,576.21,575.99,576.21,0
2026-07-30 22:35:00+00:00,576.04,576.24,576.04,576.24,0
2026-07-30 22:40:00+00:00,576.24,576.24,574.75,575.0,0
2026-07-30 22:45:00+00:00,576.0,576.25,574.4,576.0,0
2026-07-30 22:50:00+00:00,576.25,576.25,575.7325,575.7325,0
2026-07-30 22:55:00+00:00,576.0,576.91,576.0,576.58,0
2026-07-30 23:00:00+00:00,575.59,576.94,575.51,575.51,0
2026-07-30 23:05:00+00:00,575.63,575.63,575.5375,575.5375,0
2026-07-30 23:10:00+00:00,575.51,576.9625,575.5,576.0,0
2026-07-30 23:15:00+00:00,575.6145,575.6305,575.56,575.56,0
2026-07-30 23:20:00+00:00,576.25,576.63,574.41,574.41,0
2026-07-30 23:30:00+00:00,574.75,576.93,574.41,576.93,0
2026-07-30 23:35:00+00:00,575.0,576.0,575.0,576.0,0
2026-07-30 23:45:00+00:00,576.0,576.0,572.6,574.4,0
2026-07-30 23:50:00+00:00,572.71,575.0,572.71,575.0,0
2026-07-30 23:55:00+00:00,576.63,576.63,576.25,576.25,0
2026-07-31 08:00:00+00:00,574.38,578.3188,571.5147,575.45,0
2026-07-31 08:05:00+00:00,573.7927,573.7927,573.7927,573.7927,0
2026-07-31 08:10:00+00:00,575.94,575.94,575.94,575.94,0
2026-07-31 08:15:00+00:00,575.94,575.94,575.94,575.94,0
2026-07-31 08:20:00+00:00,574.4,574.92,574.4,574.92,0
2026-07-31 08:30:00+00:00,576.63,576.63,575.18,576.54,0
2026-07-31 08:35:00+00:00,575.25,576.6288,575.15,576.4,0
2026-07-31 08:45:00+00:00,576.4,576.4,576.35,576.4,0
2026-07-31 08:50:00+00:00,576.25,576.63,576.25,576.3,0
2026-07-31 08:55:00+00:00,575.1798,575.1798,575.1798,575.1798,0
2026-07-31 09:00:00+00:00,575.2533,575.2533,575.2533,575.2533,0
2026-07-31 09:05:00+00:00,576.2,576.57,576.0,576.57,0
2026-07-31 09:10:00+00:00,575.99,575.99,575.99,575.99,0
2026-07-31 09:20:00+00:00,575.6,576.63,575.26,576.63,0
2026-07-31 09:25:00+00:00,576.5917,576.5917,576.5917,576.5917,0
2026-07-31 09:30:00+00:00,576.12,576.5917,575.1,576.29,0
2026-07-31 09:35:00+00:00,576.12,576.62,575.538,576.24,0
2026-07-31 09:45:00+00:00,576.24,576.4,575.6149,576.4,0
2026-07-31 09:50:00+00:00,576.35,576.35,576.35,576.35,0
2026-07-31 09:55:00+00:00,576.0,576.0,576.0,576.0,0
2026-07-31 10:00:00+00:00,576.35,576.45,576.35,576.45,0
2026-07-31 10:05:00+00:00,576.6022,576.6022,575.52,575.52,0
2026-07-31 10:10:00+00:00,576.6288,576.6288,576.6288,576.6288,0
2026-07-31 10:15:00+00:00,576.35,576.35,576.35,576.35,0
2026-07-31 10:20:00+00:00,575.7473,575.87,575.7473,575.87,0
2026-07-31 10:25:00+00:00,575.96,575.96,575.86,575.86,0
2026-07-31 10:35:00+00:00,575.86,576.4,575.6842,575.6842,0
2026-07-31 10:40:00+00:00,575.6842,575.6842,575.6842,575.6842,0
2026-07-31 10:50:00+00:00,575.72,575.72,575.72,575.72,0
2026-07-31 10:55:00+00:00,576.0,576.0,576.0,576.0,0
2026-07-31 11:00:00+00:00,576.38,576.6057,575.6601,575.6601,0
2026-07-31 11:05:00+00:00,576.0,576.02,575.51,575.7,0
2026-07-31 11:10:00+00:00,575.51,575.97,575.4,575.45,0
2026-07-31 11:15:00+00:00,576.33,576.4,575.1,576.4,0
2026-07-31 11:20:00+00:00,575.2568,576.34,575.1012,576.34,0
2026-07-31 11:25:00+00:00,576.34,576.34,575.26,575.85,0
2026-07-31 11:30:00+00:00,575.85,575.85,575.1678,575.1678,0
2026-07-31 11:35:00+00:00,575.1325,575.4802,575.1,575.11,0
2026-07-31 11:40:00+00:00,575.58,575.64,575.0,575.53,0
2026-07-31 11:45:00+00:00,575.53,575.53,574.25,574.25,0
2026-07-31 11:50:00+00:00,574.48,574.48,574.2073,574.25,0
2026-07-31 11:55:00+00:00,574.25,577.35,573.72,575.0,0
2026-07-31 12:00:00+00:00,575.64,575.64,573.9,574.2125,0
2026-07-31 12:05:00+00:00,575.0,575.0,573.9,574.79,0
2026-07-31 12:10:00+00:00,575.7,575.7,573.275,573.275,0
2026-07-31 12:15:00+00:00,573.275,574.64,571.01,574.58,0
2026-07-31 12:20:00+00:00,574.0,575.7,573.97,575.7,0
2026-07-31 12:25:00+00:00,574.71,574.71,574.7,574.7,0
2026-07-31 12:30:00+00:00,573.8,575.6525,573.8,574.7,0
2026-07-31 12:35:00+00:00,574.29,574.4,574.29,574.33,0
2026-07-31 12:40:00+00:00,574.33,575.6525,574.1,574.75,0
2026-07-31 12:45:00+00:00,574.1514,574.27,573.8462,573.8462,0
2026-07-31 12:50:00+00:00,574.05,574.05,574.05,574.05,0
2026-07-31 12:55:00+00:00,573.85,574.92,573.85,574.52,0
2026-07-31 13:00:00+00:00,574.0235,574.4,574.01,574.12,0
2026-07-31 13:05:00+00:00,573.85,574.67,573.5,573.724,0
2026-07-31 13:10:00+00:00,575.0,575.0,571.01,571.01,0
2026-07-31 13:30:00+00:00,567.6799926757812,572.219970703125,563.4151000976562,570.5399780273438,296445
2026-07-31 13:35:00+00:00,570.2999877929688,571.4600219726562,567.8599853515625,570.5050048828125,68681
2026-07-31 13:40:00+00:00,570.4556274414062,575.4199829101562,570.010009765625,574.7000122070312,49241
2026-07-31 13:45:00+00:00,575.0050048828125,575.0050048828125,569.489990234375,569.5800170898438,79703
2026-07-31 13:50:00+00:00,569.75,572.3099975585938,568.6599731445312,571.72998046875,83496
2026-07-31 13:55:00+00:00,571.7899780273438,573.52001953125,571.4400024414062,571.7999877929688,52903
2026-07-31 14:00:00+00:00,571.6799926757812,572.5,570.5449829101562,570.9299926757812,109246
2026-07-31 14:05:00+00:00,571.030029296875,572.010009765625,570.6400146484375,571.9199829101562,72422
2026-07-31 14:10:00+00:00,571.9600219726562,572.114990234375,568.5399780273438,570.0,46523
2026-07-31 14:15:00+00:00,569.5599975585938,569.9500122070312,568.3800048828125,568.7949829101562,82123
2026-07-31 14:20:00+00:00,568.5399780273438,569.97998046875,568.02001953125,569.469970703125,45041
2026-07-31 14:25:00+00:00,569.1799926757812,569.6599731445312,568.0499877929688,568.5800170898438,60549
2026-07-31 14:30:00+00:00,568.5599975585938,569.655029296875,568.1599731445312,568.6900024414062,57249
2026-07-31 14:35:00+00:00,568.6900024414062,570.0599975585938,568.6199951171875,570.030029296875,45646
2026-07-31 14:40:00+00:00,569.9149780273438,571.0999755859375,569.7899780273438,570.5349731445312,61792
2026-07-31 14:45:00+00:00,570.5900268554688,571.4600219726562,569.280029296875,569.489990234375,23467
2026-07-31 14:50:00+00:00,569.489990234375,569.6799926757812,568.7000122070312,568.9600219726562,27546
2026-07-31 14:55:00+00:00,568.95751953125,570.0,568.8099975585938,569.4099731445312,62114
2026-07-31 15:00:00+00:00,569.3099975585938,569.72998046875,568.6699829101562,569.5250244140625,32255
2026-07-31 15:05:00+00:00,569.5075073242188,570.5999755859375,568.9400024414062,570.35498046875,31545
2026-07-31 15:10:00+00:00,570.2849731445312,571.4550170898438,570.2849731445312,571.02001953125,40808
2026-07-31 15:15:00+00:00,570.8400268554688,571.2000122070312,569.5999755859375,569.8350219726562,30570
2026-07-31 15:20:00+00:00,569.8350219726562,570.3300170898438,569.3400268554688,570.260009765625,43083
2026-07-31 15:25:00+00:00,570.10498046875,570.8150024414062,568.719970703125,569.0850219726562,29041
2026-07-31 15:30:00+00:00,568.8200073242188,569.7000122070312,568.1199951171875,569.3150024414062,57275
2026-07-31 15:35:00+00:00,569.3775024414062,569.4400024414062,568.760009765625,569.2949829101562,32306
2026-07-31 15:40:00+00:00,569.4400024414062,570.4099731445312,569.0900268554688,570.3250122070312,20585
2026-07-31 15:45:00+00:00,570.3250122070312,572.3599853515625,570.2100219726562,571.4400024414062,33425
2026-07-31 15:50:00+00:00,571.5700073242188,571.5750122070312,570.75,571.030029296875,37970
2026-07-31 15:55:00+00:00,570.9199829101562,571.72998046875,570.75,571.5050048828125,36982
2026-07-31 16:00:00+00:00,571.3599853515625,571.5250244140625,570.6649780273438,571.4949951171875,48849
2026-07-31 16:05:00+00:00,571.5050048828125,571.635009765625,571.1099853515625,571.219970703125,17237
2026-07-31 16:10:00+00:00,571.0999755859375,571.9500122070312,570.9801025390625,571.9149780273438,16619
2026-07-31 16:15:00+00:00,571.8499755859375,571.85498046875,571.4600219726562,571.75,11334
2026-07-31 16:20:00+00:00,571.760009765625,572.3400268554688,571.6199951171875,572.3400268554688,18243
2026-07-31 16:25:00+00:00,572.3400268554688,572.4600219726562,571.219970703125,571.592529296875,12545
2026-07-31 16:30:00+00:00,571.4400024414062,571.5800170898438,571.1900024414062,571.4099731445312,12040
2026-07-31 16:35:00+00:00,571.4099731445312,572.030029296875,571.0850219726562,571.864990234375,16562
2026-07-31 16:40:00+00:00,572.010009765625,572.8900146484375,572.010009765625,572.7449951171875,12674
2026-07-31 16:45:00+00:00,572.739990234375,573.2100219726562,572.510009765625,572.9400024414062,14160
2026-07-31 16:50:00+00:00,572.77001953125,572.8699951171875,572.1199951171875,572.5374755859375,16888
2026-07-31 16:55:00+00:00,572.5374755859375,572.969970703125,572.3674926757812,572.864990234375,12857
2026-07-31 17:00:00+00:00,572.8474731445312,572.97998046875,572.3101196289062,572.8499755859375,22234
2026-07-31 17:05:00+00:00,572.8599853515625,573.75,572.8599853515625,573.75,20208
2026-07-31 17:10:00+00:00,573.8400268554688,574.4000244140625,573.8400268554688,574.1500244140625,18854
2026-07-31 17:15:00+00:00,574.3499755859375,574.780029296875,573.780029296875,574.260009765625,21284
2026-07-31 17:20:00+00:00,574.260009765625,574.4498901367188,573.8300170898438,573.9650268554688,20300
2026-07-31 17:25:00+00:00,573.9500122070312,574.4099731445312,573.8300170898438,574.308837890625,17962
2026-07-31 17:30:00+00:00,574.2849731445312,574.5,573.77001953125,573.989990234375,14511
2026-07-31 17:35:00+00:00,573.8800048828125,574.1799926757812,573.6400146484375,573.97998046875,31163
2026-07-31 17:40:00+00:00,573.9349975585938,574.4099731445312,573.239990234375,573.5900268554688,31531
2026-07-31 17:45:00+00:00,573.4600219726562,573.8599853515625,572.9400024414062,573.1199951171875,19162
2026-07-31 17:50:00+00:00,573.27001953125,573.27001953125,572.6099853515625,572.8699951171875,13273
2026-07-31 17:55:00+00:00,572.77001953125,573.010009765625,572.125,572.8099975585938,21646
2026-07-31 18:00:00+00:00,572.7675170898438,572.8800048828125,572.1199951171875,572.7000122070312,32861
2026-07-31 18:05:00+00:00,572.5999755859375,573.4099731445312,572.4600830078125,573.39501953125,26232
2026-07-31 18:10:00+00:00,573.3099975585938,573.9400024414062,573.0250244140625,573.0900268554688,34333
2026-07-31 18:15:00+00:00,573.094970703125,573.1900024414062,572.1099853515625,572.2050170898438,52540
2026-07-31 18:20:00+00:00,572.2949829101562,572.844970703125,572.2949829101562,572.8125,38782
2026-07-31 18:25:00+00:00,572.8150024414062,573.219970703125,572.4550170898438,572.97998046875,28300
2026-07-31 18:30:00+00:00,572.97998046875,573.1400146484375,572.60498046875,572.989990234375,21686
2026-07-31 18:35:00+00:00,572.989990234375,573.3200073242188,572.489990234375,572.6199951171875,16263
2026-07-31 18:40:00+00:00,572.52001953125,573.0499877929688,572.5,572.969970703125,28992
2026-07-31 18:45:00+00:00,572.8800048828125,573.010009765625,572.655029296875,572.989990234375,13972
2026-07-31 18:50:00+00:00,573.0150146484375,573.6900024414062,572.7100219726562,573.1099853515625,89081
2026-07-31 18:55:00+00:00,573.1099853515625,573.3660278320312,572.8099975585938,573.0650024414062,37190
2026-07-31 19:00:00+00:00,573.0,573.1699829101562,572.7999877929688,572.9400024414062,30884
2026-07-31 19:05:00+00:00,572.969970703125,573.3400268554688,572.280029296875,572.7999877929688,91859
2026-07-31 19:10:00+00:00,572.8400268554688,573.2100219726562,572.7899780273438,572.7999877929688,100004
2026-07-31 19:15:00+00:00,572.8350219726562,573.739990234375,572.0549926757812,573.549560546875,43316
2026-07-31 19:20:00+00:00,573.5,573.5650024414062,572.72998046875,573.3599853515625,43793
2026-07-31 19:25:00+00:00,573.3599853515625,573.5650024414062,572.64501953125,572.8800048828125,34518
2026-07-31 19:30:00+00:00,572.844970703125,574.010009765625,572.5,572.75,65770
2026-07-31 19:35:00+00:00,572.6699829101562,573.5599975585938,572.54248046875,573.4400024414062,36092
2026-07-31 19:40:00+00:00,573.4400024414062,573.6699829101562,573.0399780273438,573.6199951171875,54257
2026-07-31 19:45:00+00:00,573.6199951171875,574.1099853515625,573.2949829101562,574.1041870117188,61593
2026-07-31 19:50:00+00:00,573.9000244140625,574.1099853515625,572.3400268554688,572.6849975585938,114791
2026-07-31 19:55:00+00:00,572.6849975585938,573.8900146484375,572.3499755859375,573.1799926757812,396437
2026-07-31 20:00:00+00:00,573.38,574.9525,571.685,573.1,0
2026-07-31 20:05:00+00:00,573.1,573.96,573.1,573.1,0
2026-07-31 20:10:00+00:00,573.1,573.62,571.15,573.32,0
2026-07-31 20:15:00+00:00,573.1,574.9037,573.1,574.9037,0
2026-07-31 20:20:00+00:00,573.44,573.63,573.44,573.45,0
2026-07-31 20:25:00+00:00,573.44,573.55,573.38,573.55,0
2026-07-31 20:35:00+00:00,573.44,573.63,571.2462,573.1,0
2026-07-31 20:40:00+00:00,573.5,573.5,573.1,573.1,0
2026-07-31 20:45:00+00:00,573.1,574.9037,573.0,573.0,0
2026-07-31 20:50:00+00:00,573.75,573.75,573.75,573.75,0
2026-07-31 20:55:00+00:00,573.99,573.99,572.76,572.76,0
2026-07-31 21:10:00+00:00,572.82,573.1,572.82,573.1,0
2026-07-31 21:15:00+00:00,571.15,573.1,571.15,573.1,0
2026-07-31 21:20:00+00:00,572.41,572.41,572.41,572.41,0
2026-07-31 21:25:00+00:00,572.09,572.09,572.0,572.0,0
2026-07-31 21:30:00+00:00,573.0,573.0,571.15,571.15,0
2026-07-31 21:35:00+00:00,573.0,573.0,573.0,573.0,0
2026-07-31 21:40:00+00:00,572.43,572.89,571.198,571.198,0
2026-07-31 21:50:00+00:00,572.97,573.01,571.198,573.0,0
2026-07-31 21:55:00+00:00,572.0,573.0,572.0,573.0,0
2026-07-31 22:05:00+00:00,571.3088,571.3088,571.15,571.15,0
2026-07-31 22:10:00+00:00,572.94,572.94,571.1962,571.1962,0
2026-07-31 22:15:00+00:00,571.16,572.94,571.16,572.94,0
2026-07-31 22:20:00+00:00,572.9537,572.9537,572.9537,572.9537,0
2026-07-31 22:25:00+00:00,572.9537,572.9537,571.1962,572.9537,0
2026-07-31 22:30:00+00:00,571.5,571.5,571.1962,571.1962,0
2026-07-31 22:35:00+00:00,571.5,572.1229,571.5,572.1229,0
2026-07-31 22:40:00+00:00,572.31,572.9537,572.0,572.95,0
2026-07-31 22:45:00+00:00,571.3114,571.3114,571.3114,571.3114,0
2026-07-31 22:55:00+00:00,572.0,572.0,571.1962,572.0,0
2026-07-31 23:00:00+00:00,573.0,573.0,573.0,573.0,0
2026-07-31 23:05:00+00:00,571.1962,571.1962,571.16,571.1962,0
2026-07-31 23:10:00+00:00,571.24,572.3,571.1962,571.1962,0
2026-07-31 23:15:00+00:00,571.2635,572.9537,571.15,572.9537,0
2026-07-31 23:20:00+00:00,572.18,572.94,572.0,572.0,0
2026-07-31 23:25:00+00:00,573.0,573.0,572.9537,572.9537,0
2026-07-31 23:30:00+00:00,572.94,572.94,571.15,571.4367,0
2026-07-31 23:35:00+00:00,572.7133,572.7133,572.08,572.08,0
2026-07-31 23:40:00+00:00,572.0,572.0,572.0,572.0,0
2026-07-31 23:45:00+00:00,571.15,572.9537,571.15,572.9537,0
2026-07-31 23:50:00+00:00,572.94,572.94,572.94,572.94,0
2026-07-31 23:55:00+00:00,572.94,572.94,572.94,572.94,0
