date,open,high,low,close,volume
2026-04-16 09:55:00+00:00,266.4818,266.54,266.4818,266.54,2315.0
2026-04-16 10:00:00+00:00,266.62,266.62,266.6,266.6,595.0
2026-04-16 10:05:00+00:00,266.63,266.78,266.63,266.78,1545.0
2026-04-16 10:10:00+00:00,266.78,266.78,266.6,266.6,2163.0
2026-04-16 10:15:00+00:00,266.48,266.48,266.25,266.26,3243.0
2026-04-16 10:20:00+00:00,266.35,266.35,266.0,266.32,5262.0
2026-04-16 10:30:00+00:00,266.34,266.6,266.34,266.6,3066.0
2026-04-16 10:35:00+00:00,266.73,267.05,266.605,267.05,8267.0
2026-04-16 10:40:00+00:00,266.9,267.5,266.71,267.5,16103.0
2026-04-16 10:45:00+00:00,267.4,268.3,267.01,267.88,27291.0
2026-04-16 10:50:00+00:00,268.01,268.5,268.0,268.07,23043.0
2026-04-16 10:55:00+00:00,268.07,268.07,267.64,267.65,9820.0
2026-04-16 11:00:00+00:00,267.65,268.09,267.51,267.9888,13978.0
2026-04-16 11:05:00+00:00,267.97,268.35,267.8095,268.27,19189.0
2026-04-16 11:10:00+00:00,268.1519,268.2479,268.09,268.09,7620.0
2026-04-16 11:15:00+00:00,268.28,268.28,268.05,268.23,6434.0
2026-04-16 11:20:00+00:00,268.18,268.2341,268.01,268.05,12083.0
2026-04-16 11:25:00+00:00,268.03,268.27,268.0,268.27,10999.0
2026-04-16 11:30:00+00:00,268.25,268.75,268.1,268.75,17567.0
2026-04-16 11:35:00+00:00,268.65,268.65,268.3315,268.4,6829.0
2026-04-16 11:40:00+00:00,268.4698,268.5,268.37,268.46,4946.0
2026-04-16 11:45:00+00:00,268.4478,268.6,268.35,268.5897,6212.0
2026-04-16 11:50:00+00:00,268.5052,268.85,268.5052,268.5946,7006.0
2026-04-16 11:55:00+00:00,268.66,268.72,268.55,268.55,8988.0
2026-04-16 12:00:00+00:00,268.55,268.6,268.24,268.24,10836.0
2026-04-16 12:05:00+00:00,268.2074,268.38,268.2074,268.3795,6262.0
2026-04-16 12:10:00+00:00,268.26,268.3,267.84,267.85,13366.0
2026-04-16 12:15:00+00:00,267.85,267.995,267.79,267.987,3756.0
2026-04-16 12:20:00+00:00,267.9804,267.9804,267.82,267.85,8359.0
2026-04-16 12:25:00+00:00,267.83,267.99,267.82,267.99,6411.0
2026-04-16 12:30:00+00:00,268.0,268.02,267.86,268.0122,6233.0
2026-04-16 12:35:00+00:00,267.96,268.17,267.96,268.17,5618.0
2026-04-16 12:40:00+00:00,268.14,268.17,268.0,268.1675,5506.0
2026-04-16 12:45:00+00:00,268.1399,268.15,268.01,268.144,12747.0
2026-04-16 12:50:00+00:00,268.14,268.21,267.96,267.96,13113.0
2026-04-16 12:55:00+00:00,267.9897,268.02,267.6843,267.6843,9229.0
2026-04-16 13:00:00+00:00,267.67,267.78,267.56,267.68,9017.0
2026-04-16 13:05:00+00:00,267.7744,267.7744,267.581,267.6741,5988.0
2026-04-16 13:10:00+00:00,267.6725,267.6994,267.5,267.5,4932.0
2026-04-16 13:15:00+00:00,267.52,267.6,267.36,267.36,15360.0
2026-04-16 13:20:00+00:00,267.36,267.47,267.0645,267.23,19632.0
2026-04-16 13:25:00+00:00,267.04,267.05,265.75,266.42,219213.0
2026-04-16 13:30:00+00:00,266.8,267.16,263.78,264.1,2708093.0
2026-04-16 13:35:00+00:00,264.11,264.13,262.97,263.0,1179866.0
2026-04-16 13:40:00+00:00,263.0,263.16,262.2,262.969,1151860.0
2026-04-16 13:45:00+00:00,262.94,262.99,262.02,262.97,846972.0
2026-04-16 13:50:00+00:00,262.97,263.03,262.45,262.66,722849.0
2026-04-16 13:55:00+00:00,262.65,262.82,262.28,262.34,642057.0
2026-04-16 14:00:00+00:00,262.355,262.56,262.06,262.49,661479.0
2026-04-16 14:05:00+00:00,262.49,262.57,261.31,262.02,1004824.0
2026-04-16 14:10:00+00:00,262.01,262.6,261.97,262.335,637480.0
2026-04-16 14:15:00+00:00,262.34,262.59,261.93,262.23,517617.0
2026-04-16 14:20:00+00:00,262.24,262.29,261.86,262.14,458576.0
2026-04-16 14:25:00+00:00,262.145,262.26,261.865,262.06,359828.0
2026-04-16 14:30:00+00:00,262.09,262.3402,261.97,262.18,359519.0
2026-04-16 14:35:00+00:00,262.175,262.255,261.973,262.07,328392.0
2026-04-16 14:40:00+00:00,262.09,262.1872,261.92,262.1701,361942.0
2026-04-16 14:45:00+00:00,262.19,262.19,261.6,261.76,418119.0
2026-04-16 14:50:00+00:00,261.765,261.78,261.27,261.67,546672.0
2026-04-16 14:55:00+00:00,261.68,261.93,261.49,261.87,419690.0
2026-04-16 15:00:00+00:00,261.85,262.565,261.85,262.56,497229.0
2026-04-16 15:05:00+00:00,262.555,262.645,262.34,262.61,463271.0
2026-04-16 15:10:00+00:00,262.63,262.73,262.42,262.47,359942.0
2026-04-16 15:15:00+00:00,262.47,262.7,262.39,262.4,313526.0
2026-04-16 15:20:00+00:00,262.42,262.635,262.13,262.252,389093.0
2026-04-16 15:25:00+00:00,262.25,262.555,262.17,262.24,405080.0
2026-04-16 15:30:00+00:00,262.25,262.6,262.19,262.6,285331.0
2026-04-16 15:35:00+00:00,262.605,262.96,262.58,262.69,411584.0
2026-04-16 15:40:00+00:00,262.7,262.9799,262.49,262.97,359873.0
2026-04-16 15:45:00+00:00,262.975,263.2,262.97,263.2,337045.0
2026-04-16 15:50:00+00:00,263.19,263.455,263.145,263.3,351889.0
2026-04-16 15:55:00+00:00,263.28,263.635,263.28,263.5101,458217.0
2026-04-16 16:00:00+00:00,263.525,263.69,263.4602,263.685,310256.0
2026-04-16 16:05:00+00:00,263.6875,263.955,263.46,263.95,310253.0
2026-04-16 16:10:00+00:00,263.945,264.23,263.8879,264.2,309923.0
2026-04-16 16:15:00+00:00,264.23,264.4,264.15,264.23,385453.0
2026-04-16 16:20:00+00:00,264.23,264.365,263.68,263.83,378381.0
2026-04-16 16:25:00+00:00,263.84,264.115,263.76,264.0801,242785.0
2026-04-16 16:30:00+00:00,264.09,264.125,263.36,263.73,403238.0
2026-04-16 16:35:00+00:00,263.74,264.08,263.71,264.0401,211301.0
2026-04-16 16:40:00+00:00,264.07,264.1686,263.8701,264.0,220866.0
2026-04-16 16:45:00+00:00,264.015,264.09,263.79,263.96,205052.0
2026-04-16 16:50:00+00:00,263.94,264.065,263.47,263.5201,217597.0
2026-04-16 16:55:00+00:00,263.53,263.585,263.185,263.205,213489.0
2026-04-16 17:00:00+00:00,263.21,263.37,263.145,263.29,321818.0
2026-04-16 17:05:00+00:00,263.28,263.45,263.09,263.41,178068.0
2026-04-16 17:10:00+00:00,263.42,263.64,263.37,263.4,191716.0
2026-04-16 17:15:00+00:00,263.3908,263.52,263.2301,263.3401,193433.0
2026-04-16 17:20:00+00:00,263.35,263.67,263.2001,263.61,167979.0
2026-04-16 17:25:00+00:00,263.61,263.7,263.42,263.52,170409.0
2026-04-16 17:30:00+00:00,263.53,263.7,263.48,263.525,155737.0
2026-04-16 17:35:00+00:00,263.53,263.53,263.29,263.42,208362.0
2026-04-16 17:40:00+00:00,263.41,263.74,263.4,263.635,162594.0
2026-04-16 17:45:00+00:00,263.65,263.7699,263.6001,263.71,148515.0
2026-04-16 17:50:00+00:00,263.71,263.7299,263.6,263.67,112891.0
2026-04-16 17:55:00+00:00,263.67,263.82,263.423,263.81,221120.0
2026-04-16 18:00:00+00:00,263.8,264.17,263.74,263.94,269260.0
2026-04-16 18:05:00+00:00,263.95,264.1299,263.8,263.94,231149.0
2026-04-16 18:10:00+00:00,263.925,263.99,263.74,263.85,245427.0
2026-04-16 18:15:00+00:00,263.84,263.9473,263.655,263.685,255856.0
2026-04-16 18:20:00+00:00,263.6815,263.81,263.3,263.3599,226176.0
2026-04-16 18:25:00+00:00,263.36,263.62,263.36,263.58,203417.0
2026-04-16 18:30:00+00:00,263.59,263.88,263.54,263.86,242819.0
2026-04-16 18:35:00+00:00,263.85,264.085,263.8,264.06,242048.0
2026-04-16 18:40:00+00:00,264.08,264.18,264.0,264.07,220985.0
2026-04-16 18:45:00+00:00,264.065,264.22,264.04,264.13,222080.0
2026-04-16 18:50:00+00:00,264.13,264.25,263.97,264.175,180394.0
2026-04-16 18:55:00+00:00,264.175,264.37,264.09,264.3699,198458.0
2026-04-16 19:00:00+00:00,264.37,264.55,264.3,264.48,245309.0
2026-04-16 19:05:00+00:00,264.49,264.5499,264.2401,264.2401,297277.0
2026-04-16 19:10:00+00:00,264.25,264.31,264.12,264.23,288269.0
2026-04-16 19:15:00+00:00,264.2201,264.31,263.686,263.93,509467.0
2026-04-16 19:20:00+00:00,263.935,263.95,263.53,263.6,320401.0
2026-04-16 19:25:00+00:00,263.6,263.73,263.48,263.63,295534.0
2026-04-16 19:30:00+00:00,263.63,263.7,263.51,263.5901,255071.0
2026-04-16 19:35:00+00:00,263.6,263.92,263.55,263.91,368205.0
2026-04-16 19:40:00+00:00,263.91,263.97,263.72,263.77,340736.0
2026-04-16 19:45:00+00:00,263.771,264.03,263.7301,263.87,399652.0
2026-04-16 19:50:00+00:00,263.86,264.25,263.55,263.665,710890.0
2026-04-16 19:55:00+00:00,263.67,263.76,263.26,263.36,1594636.0
2026-04-16 20:00:00+00:00,263.35,263.57,263.0,263.4,9133793.0
2026-04-16 20:05:00+00:00,263.38,263.5,263.25,263.49,1077437.0
2026-04-16 20:10:00+00:00,263.49,263.75,263.4501,263.6243,13500.0
2026-04-16 20:15:00+00:00,263.62,263.72,263.5,263.65,4234.0
2026-04-16 20:20:00+00:00,263.55,263.6,263.4,263.6,4530.0
2026-04-16 20:25:00+00:00,263.58,263.93,263.58,263.64,14504.0
2026-04-16 20:30:00+00:00,263.8443,263.8443,263.65,263.65,2752.0
2026-04-16 20:35:00+00:00,263.68,263.75,263.4,263.75,44848.0
2026-04-16 20:40:00+00:00,263.75,263.75,263.65,263.65,3033.0
2026-04-16 20:45:00+00:00,263.64,263.7,263.61,263.61,2642.0
2026-04-16 20:50:00+00:00,263.74,263.8,263.73,263.8,268769.0
2026-04-16 20:55:00+00:00,263.7108,263.7927,263.6497,263.66,1870.0
2026-04-16 21:00:00+00:00,263.68,264.0,263.68,263.95,8847.0
2026-04-16 21:05:00+00:00,263.8,263.83,263.8,263.83,1491.0
2026-04-16 21:10:00+00:00,263.75,263.9399,263.75,263.8,3061.0
2026-04-16 21:15:00+00:00,263.8,263.8,263.6884,263.6884,3098.0
2026-04-16 21:20:00+00:00,263.76,263.76,263.71,263.73,812.0
2026-04-16 21:25:00+00:00,263.6835,263.73,263.6835,263.73,1230.0
2026-04-16 21:30:00+00:00,263.7,263.85,263.65,263.75,9730.0
2026-04-16 21:35:00+00:00,263.75,263.75,263.7499,263.7499,371.0
2026-04-16 21:40:00+00:00,263.74,263.88,263.74,263.88,2363.0
2026-04-16 21:45:00+00:00,263.8268,263.8268,263.7,263.7,99680.0
2026-04-16 21:50:00+00:00,263.8,263.8391,263.8,263.8391,1255.0
2026-04-16 21:55:00+00:00,263.8262,263.8262,263.79,263.8,1010.0
2026-04-16 22:00:00+00:00,263.88,264.14,263.75,263.9825,12584.0
2026-04-16 22:05:00+00:00,264.0,264.16,263.92,264.0,3666.0
2026-04-16 22:10:00+00:00,264.07,264.07,263.9,263.9996,2089.0
2026-04-16 22:15:00+00:00,264.08,264.08,263.9004,263.9004,1042.0
2026-04-16 22:20:00+00:00,264.08,264.1,264.0783,264.1,3920.0
2026-04-16 22:25:00+00:00,264.05,264.12,263.9,264.12,6479.0
2026-04-16 22:30:00+00:00,264.2164,264.2164,264.17,264.17,2362.0
2026-04-16 22:35:00+00:00,264.0006,264.02,264.0,264.01,2609.0
2026-04-16 22:40:00+00:00,264.05,264.25,264.0,264.18,8677.0
2026-04-16 22:45:00+00:00,264.1,264.1,264.1,264.1,114.0
2026-04-16 22:50:00+00:00,264.113,264.19,264.1,264.1,3086.0
2026-04-16 23:00:00+00:00,264.14,264.2,264.1,264.1,5234.0
2026-04-16 23:05:00+00:00,264.14,264.14,264.14,264.14,367.0
2026-04-16 23:10:00+00:00,264.1,264.1,263.97,263.97,4460.0
2026-04-16 23:15:00+00:00,264.09,264.13,263.96,264.13,3471.0
2026-04-16 23:20:00+00:00,264.14,264.1484,264.05,264.1,1271.0
2026-04-16 23:25:00+00:00,264.15,264.15,264.1,264.1,1647.0
2026-04-16 23:30:00+00:00,264.0195,264.0195,264.0,264.0,315.0
2026-04-16 23:35:00+00:00,264.0,264.1,263.88,264.1,3353.0
2026-04-16 23:40:00+00:00,264.05,264.05,264.0,264.0001,1406.0
2026-04-16 23:45:00+00:00,263.99,263.99,263.99,263.99,522.0
2026-04-16 23:50:00+00:00,264.0,264.1,263.99,264.1,1046.0
2026-04-16 23:55:00+00:00,264.0033,264.0857,263.99,264.0715,2142.0
2026-04-17 08:00:00+00:00,263.9162,264.4,263.88,264.4,36692.0
2026-04-17 08:05:00+00:00,264.4,264.6,264.35,264.6,3813.0
2026-04-17 08:10:00+00:00,264.52,264.52,264.49,264.51,1972.0
2026-04-17 08:15:00+00:00,264.62,264.8,264.53,264.53,4212.0
2026-04-17 08:20:00+00:00,264.57,264.59,264.1623,264.1623,1970.0
2026-04-17 08:25:00+00:00,264.74,264.78,264.56,264.56,2147.0
2026-04-17 08:30:00+00:00,264.59,264.59,264.59,264.59,239.0
2026-04-17 08:35:00+00:00,264.54,264.6,264.51,264.6,3009.0
2026-04-17 08:40:00+00:00,264.65,264.77,264.65,264.77,1453.0
2026-04-17 08:45:00+00:00,264.85,264.85,264.68,264.71,2861.0
2026-04-17 08:50:00+00:00,264.565,264.7,264.5,264.7,3676.0
2026-04-17 08:55:00+00:00,264.72,265.0,264.72,265.0,4194.0
2026-04-17 09:00:00+00:00,265.02,265.11,264.91,264.99,5171.0
2026-04-17 09:05:00+00:00,264.98,265.0,264.8,264.8,1969.0
2026-04-17 09:10:00+00:00,265.0,265.0,264.95,264.96,2843.0
2026-04-17 09:15:00+00:00,264.95,264.98,264.92,264.92,1794.0
2026-04-17 09:20:00+00:00,264.96,265.06,264.94,265.06,3427.0
2026-04-17 09:25:00+00:00,265.02,265.02,264.93,265.02,3766.0
2026-04-17 09:30:00+00:00,265.0,265.0,264.985,264.99,1337.0
2026-04-17 09:35:00+00:00,264.98,264.98,264.98,264.98,184.0
2026-04-17 09:40:00+00:00,264.96,265.05,264.96,265.0,3642.0
2026-04-17 09:45:00+00:00,264.85,264.9,264.85,264.9,1321.0
2026-04-17 09:50:00+00:00,264.95,265.8,264.95,265.55,20806.0
2026-04-17 09:55:00+00:00,265.6,265.8274,265.53,265.8274,2184.0
2026-04-17 10:00:00+00:00,265.5,265.65,265.47,265.65,1611.0
2026-04-17 10:05:00+00:00,265.64,265.64,265.64,265.64,468.0
2026-04-17 10:10:00+00:00,265.425,265.44,265.36,265.44,1548.0
2026-04-17 10:15:00+00:00,265.22,265.35,265.2,265.22,2314.0
2026-04-17 10:20:00+00:00,265.15,265.3,265.09,265.3,926.0
2026-04-17 10:25:00+00:00,265.24,265.41,265.21,265.39,11402.0
2026-04-17 10:30:00+00:00,265.26,265.265,264.76,265.05,16682.0
2026-04-17 10:35:00+00:00,265.01,265.01,264.29,264.5,11626.0
2026-04-17 10:40:00+00:00,264.58,264.58,264.06,264.29,15738.0
2026-04-17 10:45:00+00:00,264.28,264.45,264.07,264.45,3195.0
2026-04-17 10:50:00+00:00,264.31,264.56,264.23,264.56,967.0
2026-04-17 10:55:00+00:00,264.41,264.43,264.41,264.43,561.0
2026-04-17 11:00:00+00:00,264.48,264.8258,264.35,264.57,14940.0
2026-04-17 11:05:00+00:00,264.69,264.75,264.6,264.75,6378.0
2026-04-17 11:10:00+00:00,264.87,264.87,264.55,264.6,5047.0
2026-04-17 11:15:00+00:00,264.69,264.69,264.51,264.55,3683.0
2026-04-17 11:20:00+00:00,264.5972,264.63,264.56,264.63,3888.0
2026-04-17 11:25:00+00:00,264.66,266.0,264.57,265.96,47494.0
2026-04-17 11:30:00+00:00,266.0,266.4001,265.5,266.29,41762.0
2026-04-17 11:35:00+00:00,266.07,267.1549,266.0,266.69,45099.0
2026-04-17 11:40:00+00:00,266.72,267.63,266.545,267.4975,41783.0
2026-04-17 11:45:00+00:00,267.49,267.55,267.06,267.1442,24342.0
2026-04-17 11:50:00+00:00,267.159,267.52,267.0526,267.28,37450.0
2026-04-17 11:55:00+00:00,267.16,267.16,266.8,266.8,19981.0
2026-04-17 12:00:00+00:00,266.9863,267.1,266.8,267.1,12437.0
2026-04-17 12:05:00+00:00,267.087,267.5,267.087,267.5,49050.0
2026-04-17 12:10:00+00:00,267.55,267.8,267.38,267.725,28681.0
2026-04-17 12:15:00+00:00,267.7836,267.8,267.5,267.66,26310.0
2026-04-17 12:20:00+00:00,267.6,267.75,267.32,267.42,29363.0
2026-04-17 12:25:00+00:00,267.2766,267.6567,267.2766,267.4766,21230.0
2026-04-17 12:30:00+00:00,267.491,267.79,267.491,267.55,16994.0
2026-04-17 12:35:00+00:00,267.52,267.52,267.3,267.3,11537.0
2026-04-17 12:40:00+00:00,267.36,267.4666,267.3,267.36,17909.0
2026-04-17 12:45:00+00:00,267.476,268.4,267.4,268.3999,51506.0
2026-04-17 12:50:00+00:00,268.2039,268.6,268.0,268.0,39954.0
2026-04-17 12:55:00+00:00,268.0,268.04,267.5,267.8521,38378.0
2026-04-17 13:00:00+00:00,267.85,268.04,267.4,267.56,58504.0
2026-04-17 13:05:00+00:00,267.56,268.11,267.55,268.01,31516.0
2026-04-17 13:10:00+00:00,267.98,268.11,267.61,267.95,31149.0
2026-04-17 13:15:00+00:00,267.76,268.38,267.6,268.29,55539.0
2026-04-17 13:20:00+00:00,268.2843,268.2843,267.51,268.0,67273.0
2026-04-17 13:25:00+00:00,267.8,267.99,266.41,267.05,147080.0
2026-04-17 13:30:00+00:00,267.07,268.4099,266.72,268.4099,6503868.0
2026-04-17 13:35:00+00:00,268.394,269.8,268.23,268.29,1450577.0
2026-04-17 13:40:00+00:00,268.2765,268.2765,267.35,267.94,677750.0
2026-04-17 13:45:00+00:00,267.97,268.49,267.43,268.06,959789.0
2026-04-17 13:50:00+00:00,268.06,268.79,267.93,268.3594,560401.0
2026-04-17 13:55:00+00:00,268.36,269.52,268.31,268.985,667638.0
2026-04-17 14:00:00+00:00,268.98,269.23,268.54,268.8,1038497.0
2026-04-17 14:05:00+00:00,268.79,269.07,268.57,268.91,1756376.0
2026-04-17 14:10:00+00:00,268.93,269.07,268.6,269.06,392414.0
2026-04-17 14:15:00+00:00,269.09,269.41,268.81,268.935,372188.0
2026-04-17 14:20:00+00:00,268.97,269.33,268.84,269.2293,336662.0
2026-04-17 14:25:00+00:00,269.23,269.37,268.5024,268.585,475600.0
2026-04-17 14:30:00+00:00,268.6,269.43,268.44,269.28,491827.0
2026-04-17 14:35:00+00:00,269.28,269.68,269.215,269.535,485270.0
2026-04-17 14:40:00+00:00,269.53,269.88,269.41,269.75,622806.0
2026-04-17 14:45:00+00:00,269.78,270.4,269.7,270.37,1052585.0
2026-04-17 14:50:00+00:00,270.365,270.46,270.06,270.24,547626.0
2026-04-17 14:55:00+00:00,270.235,270.34,269.5,270.25,444481.0
2026-04-17 15:00:00+00:00,270.2702,271.47,270.22,271.409,947273.0
2026-04-17 15:05:00+00:00,271.41,271.73,271.3,271.43,696552.0
2026-04-17 15:10:00+00:00,271.41,271.67,271.33,271.585,538771.0
2026-04-17 15:15:00+00:00,271.59,271.97,271.37,271.41,653336.0
2026-04-17 15:20:00+00:00,271.42,271.5756,271.21,271.4651,514810.0
2026-04-17 15:25:00+00:00,271.475,272.1,271.475,271.94,552157.0
2026-04-17 15:30:00+00:00,271.95,272.3,271.935,272.105,565488.0
2026-04-17 15:35:00+00:00,272.1,272.3,271.92,271.93,391932.0
2026-04-17 15:40:00+00:00,271.95,272.0099,271.36,271.43,484748.0
2026-04-17 15:45:00+00:00,271.43,271.82,271.43,271.54,401473.0
2026-04-17 15:50:00+00:00,271.54,271.87,271.36,271.4,271457.0
2026-04-17 15:55:00+00:00,271.39,271.4668,270.88,270.97,332711.0
2026-04-17 16:00:00+00:00,270.97,271.42,270.77,271.36,319806.0
2026-04-17 16:05:00+00:00,271.35,271.4,271.15,271.19,245904.0
2026-04-17 16:10:00+00:00,271.19,271.48,271.15,271.31,274505.0
2026-04-17 16:15:00+00:00,271.31,271.6199,271.175,271.585,311265.0
2026-04-17 16:20:00+00:00,271.5899,271.5899,271.42,271.51,202051.0
2026-04-17 16:25:00+00:00,271.515,271.625,271.45,271.55,251496.0
2026-04-17 16:30:00+00:00,271.56,271.7399,271.5,271.58,315246.0
2026-04-17 16:35:00+00:00,271.595,271.6899,271.38,271.5925,767746.0
2026-04-17 16:40:00+00:00,271.59,271.73,271.42,271.58,215839.0
2026-04-17 16:45:00+00:00,271.58,271.6,271.05,271.1,332606.0
2026-04-17 16:50:00+00:00,271.1,271.19,270.885,270.92,268810.0
2026-04-17 16:55:00+00:00,270.92,271.09,270.83,270.97,1727704.0
2026-04-17 17:00:00+00:00,270.97,271.46,270.88,271.42,316537.0
2026-04-17 17:05:00+00:00,271.42,271.49,271.1,271.21,763410.0
2026-04-17 17:10:00+00:00,271.2,271.23,270.95,271.05,214659.0
2026-04-17 17:15:00+00:00,271.05,271.11,270.63,270.67,241940.0
2026-04-17 17:20:00+00:00,270.65,270.76,270.17,270.34,454145.0
2026-04-17 17:25:00+00:00,270.36,270.73,270.26,270.58,262468.0
2026-04-17 17:30:00+00:00,270.58,270.71,270.38,270.55,524749.0
2026-04-17 17:35:00+00:00,270.55,270.73,270.455,270.55,201778.0
2026-04-17 17:40:00+00:00,270.56,270.63,270.4001,270.44,182337.0
2026-04-17 17:45:00+00:00,270.43,270.63,270.305,270.32,256086.0
2026-04-17 17:50:00+00:00,270.31,270.34,270.16,270.24,298194.0
2026-04-17 17:55:00+00:00,270.24,270.3701,270.18,270.25,195064.0
2026-04-17 18:00:00+00:00,270.26,270.45,270.15,270.33,224139.0
2026-04-17 18:05:00+00:00,270.333,270.46,270.14,270.14,248867.0
2026-04-17 18:10:00+00:00,270.12,270.2,269.92,270.02,298490.0
2026-04-17 18:15:00+00:00,270.02,270.32,270.02,270.175,232195.0
2026-04-17 18:20:00+00:00,270.1673,270.3084,269.94,270.29,245316.0
2026-04-17 18:25:00+00:00,270.245,270.53,270.16,270.19,272629.0
2026-04-17 18:30:00+00:00,270.19,270.5599,270.19,270.54,1012676.0
2026-04-17 18:35:00+00:00,270.54,270.8,270.52,270.74,294396.0
2026-04-17 18:40:00+00:00,270.75,270.79,270.47,270.615,182591.0
2026-04-17 18:45:00+00:00,270.6001,270.66,270.33,270.36,224766.0
2026-04-17 18:50:00+00:00,270.39,270.39,269.8,269.93,353396.0
2026-04-17 18:55:00+00:00,269.92,270.26,269.92,270.12,254994.0
2026-04-17 19:00:00+00:00,270.12,270.13,269.96,270.08,262479.0
2026-04-17 19:05:00+00:00,270.07,270.07,269.78,269.865,232803.0
2026-04-17 19:10:00+00:00,269.865,269.865,269.6001,269.625,337088.0
2026-04-17 19:15:00+00:00,269.62,269.77,269.56,269.705,307793.0
2026-04-17 19:20:00+00:00,269.71,269.79,269.53,269.745,387986.0
2026-04-17 19:25:00+00:00,269.745,269.81,269.5901,269.705,238046.0
2026-04-17 19:30:00+00:00,269.71,270.26,269.6601,270.181,366284.0
2026-04-17 19:35:00+00:00,270.18,270.35,270.05,270.25,309175.0
2026-04-17 19:40:00+00:00,270.24,270.515,270.18,270.48,487188.0
2026-04-17 19:45:00+00:00,270.48,270.53,270.28,270.36,457207.0
2026-04-17 19:50:00+00:00,270.37,270.49,269.71,270.08,1177319.0
2026-04-17 19:55:00+00:00,270.071,270.42,269.94,270.185,1986768.0
2026-04-17 20:00:00+00:00,270.18,270.23,269.75,270.1178,13554509.0
2026-04-17 20:05:00+00:00,270.1018,270.55,270.1018,270.49,105367.0
2026-04-17 20:10:00+00:00,270.6,270.73,270.23,270.23,148019.0
2026-04-17 20:15:00+00:00,270.5,270.5,270.36,270.3604,14255.0
2026-04-17 20:20:00+00:00,270.3601,270.3601,270.23,270.27,6026.0
2026-04-17 20:25:00+00:00,270.29,270.3401,270.28,270.28,2644.0
2026-04-17 20:30:00+00:00,270.28,270.28,270.18,270.22,86483.0
2026-04-17 20:35:00+00:00,270.22,270.4,270.1904,270.32,8933.0
2026-04-17 20:40:00+00:00,270.29,270.29,270.1001,270.1001,31090.0
2026-04-17 20:45:00+00:00,270.19,270.23,270.1,270.23,64669.0
2026-04-17 20:50:00+00:00,270.1,270.2,270.06,270.2,1374367.0
2026-04-17 20:55:00+00:00,270.18,270.18,270.16,270.16,4587.0
2026-04-17 21:00:00+00:00,270.05,270.12,270.02,270.05,2509.0
2026-04-17 21:05:00+00:00,270.08,270.08,270.06,270.08,6703.0
2026-04-17 21:10:00+00:00,270.08,270.08,270.03,270.03,1235.0
2026-04-17 21:15:00+00:00,270.08,270.2,270.08,270.2,16313.0
2026-04-17 21:20:00+00:00,270.0221,270.17,270.0221,270.15,3354.0
2026-04-17 21:25:00+00:00,270.01,270.17,270.01,270.17,12950.0
2026-04-17 21:30:00+00:00,270.15,270.17,270.14,270.14,7663.0
2026-04-17 21:35:00+00:00,270.2,270.25,270.2,270.2099,11191.0
2026-04-17 21:40:00+00:00,270.0937,270.0937,270.0909,270.0909,405.0
2026-04-17 21:45:00+00:00,270.2499,270.25,270.1594,270.25,2080.0
2026-04-17 21:55:00+00:00,270.25,270.25,270.22,270.22,1366.0
2026-04-17 22:00:00+00:00,270.21,270.5,270.21,270.5,11234.0
2026-04-17 22:05:00+00:00,270.5,270.75,270.5,270.58,5870.0
2026-04-17 22:10:00+00:00,270.7,270.7,270.5,270.5,6064.0
2026-04-17 22:15:00+00:00,270.5,270.57,270.45,270.53,688.0
2026-04-17 22:20:00+00:00,270.5,270.5,270.5,270.5,466.0
2026-04-17 22:25:00+00:00,270.75,270.75,270.75,270.75,340.0
2026-04-17 22:30:00+00:00,270.5,270.5,270.3608,270.3608,2090.0
2026-04-17 22:35:00+00:00,270.36,270.5,270.3439,270.49,1357.0
2026-04-17 22:40:00+00:00,270.4,270.4,270.35,270.4,2756.0
2026-04-17 22:45:00+00:00,270.5,270.5,270.4,270.4188,852.0
2026-04-17 22:50:00+00:00,270.4,270.4,270.4,270.4,326.0
2026-04-17 22:55:00+00:00,270.3873,270.3873,270.3873,270.3873,125.0
2026-04-17 23:00:00+00:00,270.46,270.46,270.46,270.46,125.0
2026-04-17 23:05:00+00:00,270.34,270.34,270.34,270.34,288.0
2026-04-17 23:10:00+00:00,270.49,270.5,270.49,270.5,2844.0
2026-04-17 23:15:00+00:00,270.5,270.5,270.5,270.5,445.0
2026-04-17 23:20:00+00:00,270.52,270.52,270.37,270.37,1426.0
2026-04-17 23:25:00+00:00,270.46,270.57,270.41,270.46,1168.0
2026-04-17 23:30:00+00:00,270.5,270.5,270.39,270.39,6115.0
2026-04-17 23:35:00+00:00,270.39,270.5554,270.35,270.5554,2206.0
2026-04-17 23:40:00+00:00,270.35,270.5167,270.35,270.5167,468.0
2026-04-17 23:45:00+00:00,270.5,270.5956,270.5,270.5956,1264.0
2026-04-17 23:50:00+00:00,270.45,270.5025,270.45,270.5025,4703.0
2026-04-17 23:55:00+00:00,270.55,270.75,270.5,270.75,4199.0
2026-04-20 08:00:00+00:00,268.65,269.7,268.65,269.65,74324.0
2026-04-20 08:05:00+00:00,269.61,269.77,269.6,269.76,3391.0
2026-04-20 08:10:00+00:00,270.0,270.02,270.0,270.02,2897.0
2026-04-20 08:15:00+00:00,269.9,269.9,269.5,269.5,970.0
2026-04-20 08:20:00+00:00,269.5,270.15,269.5,270.02,6532.0
2026-04-20 08:25:00+00:00,270.13,270.25,270.13,270.24,3783.0
2026-04-20 08:30:00+00:00,270.328,270.328,269.8,269.8,8432.0
2026-04-20 08:40:00+00:00,269.98,270.05,269.98,270.04,3460.0
2026-04-20 08:45:00+00:00,270.07,270.09,270.05,270.05,2276.0
2026-04-20 08:50:00+00:00,270.01,270.2,270.01,270.2,874.0
2026-04-20 08:55:00+00:00,270.14,270.32,270.14,270.24,1907.0
2026-04-20 09:00:00+00:00,270.33,270.4321,270.11,270.35,5237.0
2026-04-20 09:05:00+00:00,270.29,270.5,270.29,270.35,2782.0
2026-04-20 09:10:00+00:00,270.34,270.34,270.31,270.31,2039.0
2026-04-20 09:15:00+00:00,270.28,270.28,270.28,270.28,282.0
2026-04-20 09:20:00+00:00,270.191,270.33,270.191,270.2,5273.0
2026-04-20 09:25:00+00:00,270.4844,270.4844,270.4844,270.4844,150.0
2026-04-20 09:30:00+00:00,270.38,270.4,270.36,270.4,1681.0
2026-04-20 09:35:00+00:00,270.5,270.5,270.22,270.22,671.0
2026-04-20 09:40:00+00:00,270.263,270.48,270.263,270.37,372.0
2026-04-20 09:45:00+00:00,270.44,270.48,270.44,270.48,1487.0
2026-04-20 09:50:00+00:00,270.52,270.8,270.48,270.75,7026.0
2026-04-20 09:55:00+00:00,270.53,270.53,270.53,270.53,636.0
2026-04-20 10:00:00+00:00,270.58,270.62,270.58,270.61,730.0
2026-04-20 10:05:00+00:00,270.71,271.0,270.71,271.0,6454.0
2026-04-20 10:10:00+00:00,270.9,271.16,270.86,271.16,7677.0
2026-04-20 10:15:00+00:00,271.16,271.17,271.0,271.1,2772.0
2026-04-20 10:20:00+00:00,271.11,271.11,271.0,271.01,1615.0
2026-04-20 10:25:00+00:00,271.01,271.01,270.75,270.75,4041.0
2026-04-20 10:30:00+00:00,270.75,271.0,270.75,270.85,3007.0
2026-04-20 10:35:00+00:00,270.8053,270.8053,270.8053,270.8053,264.0
2026-04-20 10:40:00+00:00,270.76,270.763,270.76,270.763,543.0
2026-04-20 10:45:00+00:00,270.87,270.87,270.75,270.79,2584.0
2026-04-20 10:50:00+00:00,270.77,270.77,270.33,270.4,6784.0
2026-04-20 10:55:00+00:00,270.48,270.48,270.45,270.45,945.0
2026-04-20 11:00:00+00:00,270.38,270.5,270.0,270.29,22335.0
2026-04-20 11:05:00+00:00,270.5,270.7,270.29,270.6,10184.0
2026-04-20 11:10:00+00:00,270.65,270.71,270.4,270.6,8282.0
2026-04-20 11:15:00+00:00,270.65,270.7372,270.6,270.7372,6159.0
2026-04-20 11:20:00+00:00,270.6,270.6056,270.23,270.3,11793.0
2026-04-20 11:25:00+00:00,270.28,270.68,270.1,270.67,14084.0
2026-04-20 11:30:00+00:00,270.45,270.4698,270.1199,270.1999,6135.0
2026-04-20 11:35:00+00:00,270.1244,270.3,270.05,270.3,5008.0
2026-04-20 11:40:00+00:00,270.23,270.26,270.09,270.09,3275.0
2026-04-20 11:45:00+00:00,270.19,270.23,270.19,270.2,1684.0
2026-04-20 11:50:00+00:00,270.22,270.34,270.12,270.28,4384.0
2026-04-20 11:55:00+00:00,270.29,270.32,270.26,270.32,1206.0
2026-04-20 12:00:00+00:00,270.22,270.29,270.1012,270.25,3999.0
2026-04-20 12:05:00+00:00,270.1126,270.35,270.1,270.301,9275.0
2026-04-20 12:10:00+00:00,270.36,270.4218,270.2,270.23,5650.0
2026-04-20 12:15:00+00:00,270.1931,270.32,270.1659,270.31,3856.0
2026-04-20 12:20:00+00:00,270.25,270.26,270.15,270.15,5039.0
2026-04-20 12:25:00+00:00,270.09,270.26,270.09,270.1,1810.0
2026-04-20 12:30:00+00:00,270.19,270.24,270.1,270.21,9785.0
2026-04-20 12:35:00+00:00,270.21,270.21,269.9501,269.9558,9855.0
2026-04-20 12:40:00+00:00,269.97,270.14,269.8276,270.1,12300.0
2026-04-20 12:45:00+00:00,270.1,270.19,269.9812,270.05,4714.0
2026-04-20 12:50:00+00:00,270.15,270.15,269.7059,269.85,5527.0
2026-04-20 12:55:00+00:00,269.91,270.08,269.88,270.01,4762.0
2026-04-20 13:00:00+00:00,270.08,270.1,269.9,269.9904,4379.0
2026-04-20 13:05:00+00:00,269.83,270.04,269.7173,269.82,7118.0
2026-04-20 13:10:00+00:00,269.82,270.05,269.79,269.9847,8174.0
2026-04-20 13:15:00+00:00,270.0,270.0,269.87,269.9043,6764.0
2026-04-20 13:20:00+00:00,269.89,269.9218,269.66,269.66,10754.0
2026-04-20 13:25:00+00:00,269.28,270.6,269.08,270.3,40045.0
2026-04-20 13:30:00+00:00,270.33,272.4899,270.33,272.4341,1916001.0
2026-04-20 13:35:00+00:00,272.4,273.25,272.08,272.49,1133973.0
2026-04-20 13:40:00+00:00,272.48,272.8,271.879,272.45,838513.0
2026-04-20 13:45:00+00:00,272.43,272.82,272.14,272.445,843420.0
2026-04-20 13:50:00+00:00,272.45,273.6655,272.31,273.645,731969.0
2026-04-20 13:55:00+00:00,273.645,274.0999,273.525,273.922,836523.0
2026-04-20 14:00:00+00:00,273.93,274.16,273.71,273.925,568245.0
2026-04-20 14:05:00+00:00,273.91,274.275,273.41,273.75,671339.0
2026-04-20 14:10:00+00:00,273.7157,273.96,273.21,273.4801,494305.0
2026-04-20 14:15:00+00:00,273.5,274.055,273.31,273.6007,492669.0
2026-04-20 14:20:00+00:00,273.595,274.2,273.53,274.175,430758.0
2026-04-20 14:25:00+00:00,274.175,274.24,273.31,273.38,426529.0
2026-04-20 14:30:00+00:00,273.3899,273.51,272.9,273.09,400443.0
2026-04-20 14:35:00+00:00,273.09,273.57,273.01,273.05,308479.0
2026-04-20 14:40:00+00:00,273.06,273.85,272.58,272.665,356112.0
2026-04-20 14:45:00+00:00,272.66,273.16,272.6,273.155,252788.0
2026-04-20 14:50:00+00:00,273.1407,273.17,272.095,272.64,569059.0
2026-04-20 14:55:00+00:00,272.62,272.63,272.2,272.4,276281.0
2026-04-20 15:00:00+00:00,272.38,272.475,271.87,271.98,376470.0
2026-04-20 15:05:00+00:00,271.99,272.08,271.82,271.88,307278.0
2026-04-20 15:10:00+00:00,271.87,271.99,271.72,271.97,209361.0
2026-04-20 15:15:00+00:00,271.965,272.325,271.94,272.0,309857.0
2026-04-20 15:20:00+00:00,272.02,272.6,271.79,272.49,377005.0
2026-04-20 15:25:00+00:00,272.49,272.96,272.49,272.88,421865.0
2026-04-20 15:30:00+00:00,272.8825,272.91,272.23,272.31,382163.0
2026-04-20 15:35:00+00:00,272.33,272.65,272.08,272.54,225157.0
2026-04-20 15:40:00+00:00,272.55,272.68,272.265,272.365,188799.0
2026-04-20 15:45:00+00:00,272.37,272.5199,272.16,272.31,170297.0
2026-04-20 15:50:00+00:00,272.31,272.5,272.25,272.465,169011.0
2026-04-20 15:55:00+00:00,272.47,272.87,272.47,272.7791,245498.0
2026-04-20 16:00:00+00:00,272.77,272.85,272.46,272.55,179509.0
2026-04-20 16:05:00+00:00,272.57,272.79,272.33,272.43,251393.0
2026-04-20 16:10:00+00:00,272.435,272.45,272.165,272.27,211975.0
2026-04-20 16:15:00+00:00,272.26,272.56,272.23,272.56,153401.0
2026-04-20 16:20:00+00:00,272.58,272.61,272.36,272.3995,169948.0
2026-04-20 16:25:00+00:00,272.41,272.684,272.4,272.57,158045.0
2026-04-20 16:30:00+00:00,272.59,273.16,272.57,273.11,318685.0
2026-04-20 16:35:00+00:00,273.11,273.135,272.7701,272.81,215192.0
2026-04-20 16:40:00+00:00,272.82,273.04,272.72,272.825,190087.0
2026-04-20 16:45:00+00:00,272.825,272.875,272.51,272.64,186784.0
2026-04-20 16:50:00+00:00,272.66,272.76,272.57,272.6304,138483.0
2026-04-20 16:55:00+00:00,272.61,272.62,272.35,272.35,137179.0
2026-04-20 17:00:00+00:00,272.375,272.38,271.84,271.85,277277.0
2026-04-20 17:05:00+00:00,271.85,272.04,271.84,271.9803,155682.0
2026-04-20 17:10:00+00:00,271.985,272.35,271.98,272.311,242349.0
2026-04-20 17:15:00+00:00,272.32,272.64,272.27,272.5699,241266.0
2026-04-20 17:20:00+00:00,272.56,272.65,272.4001,272.42,151129.0
2026-04-20 17:25:00+00:00,272.42,272.42,272.16,272.19,151511.0
2026-04-20 17:30:00+00:00,272.18,272.28,271.98,272.197,288440.0
2026-04-20 17:35:00+00:00,272.17,272.59,272.125,272.515,157383.0
2026-04-20 17:40:00+00:00,272.5119,272.68,272.46,272.555,163526.0
2026-04-20 17:45:00+00:00,272.555,272.67,272.525,272.63,153642.0
2026-04-20 17:50:00+00:00,272.62,272.9399,272.615,272.92,186503.0
2026-04-20 17:55:00+00:00,272.92,272.97,272.63,272.96,220354.0
2026-04-20 18:00:00+00:00,272.96,272.99,272.8,272.9,152130.0
2026-04-20 18:05:00+00:00,272.91,273.35,272.86,273.34,352310.0
2026-04-20 18:10:00+00:00,273.3493,273.5,273.22,273.495,341174.0
2026-04-20 18:15:00+00:00,273.5,273.61,273.42,273.535,216004.0
2026-04-20 18:20:00+00:00,273.54,273.65,273.3626,273.579,194421.0
2026-04-20 18:25:00+00:00,273.58,273.65,273.23,273.47,292831.0
2026-04-20 18:30:00+00:00,273.46,273.46,273.08,273.3,223396.0
2026-04-20 18:35:00+00:00,273.327,273.42,273.2001,273.34,179683.0
2026-04-20 18:40:00+00:00,273.33,273.42,273.05,273.075,159576.0
2026-04-20 18:45:00+00:00,273.08,273.14,272.97,273.11,130913.0
2026-04-20 18:50:00+00:00,273.12,273.2,273.07,273.15,127839.0
2026-04-20 18:55:00+00:00,273.15,273.18,272.97,272.99,132048.0
2026-04-20 19:00:00+00:00,272.99,273.1,272.9001,273.04,162397.0
2026-04-20 19:05:00+00:00,273.04,273.15,272.97,273.0,176136.0
2026-04-20 19:10:00+00:00,273.0,273.19,272.98,273.135,185191.0
2026-04-20 19:15:00+00:00,273.135,273.21,273.11,273.205,158940.0
2026-04-20 19:20:00+00:00,273.21,273.26,273.11,273.1353,202780.0
2026-04-20 19:25:00+00:00,273.135,273.15,272.67,272.69,340325.0
2026-04-20 19:30:00+00:00,272.65,272.71,272.45,272.48,302969.0
2026-04-20 19:35:00+00:00,272.48,272.62,272.32,272.42,326313.0
2026-04-20 19:40:00+00:00,272.41,272.55,272.27,272.545,382663.0
2026-04-20 19:45:00+00:00,272.55,272.65,272.35,272.385,269669.0
2026-04-20 19:50:00+00:00,272.4,272.8,272.36,272.76,678128.0
2026-04-20 19:55:00+00:00,272.76,273.16,272.39,272.93,1734551.0
2026-04-20 20:00:00+00:00,272.93,273.45,272.93,273.12,6319833.0
2026-04-20 20:05:00+00:00,273.1,273.1,273.05,273.05,9953.0
2026-04-20 20:10:00+00:00,273.05,273.19,273.0,273.0016,899103.0
2026-04-20 20:15:00+00:00,272.99,273.0,272.91,272.91,9372.0
2026-04-20 20:20:00+00:00,272.97,273.013,272.9117,273.013,2110.0
2026-04-20 20:25:00+00:00,273.0,273.08,272.91,272.91,2921.0
2026-04-20 20:30:00+00:00,272.96,273.4,267.67,272.43,583232.0
2026-04-20 20:35:00+00:00,272.21,273.05,269.45,270.7,468410.0
2026-04-20 20:40:00+00:00,270.639,271.5,270.55,271.0,101565.0
2026-04-20 20:45:00+00:00,271.0698,271.1928,270.09,271.1928,91257.0
2026-04-20 20:50:00+00:00,271.0,272.2,271.0,271.78,99054.0
2026-04-20 20:55:00+00:00,271.87,271.88,270.75,270.75,68732.0
2026-04-20 21:00:00+00:00,270.85,270.99,270.4,270.72,53243.0
2026-04-20 21:05:00+00:00,270.63,270.8014,270.3,270.36,47408.0
2026-04-20 21:10:00+00:00,270.35,270.8,270.35,270.61,40780.0
2026-04-20 21:15:00+00:00,270.63,271.27,270.6,270.9,46083.0
2026-04-20 21:20:00+00:00,270.9,271.0,270.793,270.92,15982.0
2026-04-20 21:25:00+00:00,270.98,271.0,270.7,270.86,15677.0
2026-04-20 21:30:00+00:00,270.82,272.0,270.8065,271.5065,42499.0
2026-04-20 21:35:00+00:00,271.5,271.54,271.4,271.4201,21431.0
2026-04-20 21:40:00+00:00,271.42,271.49,271.4,271.42,11891.0
2026-04-20 21:45:00+00:00,271.39,271.79,271.39,271.55,16986.0
2026-04-20 21:50:00+00:00,271.625,271.65,271.5,271.5169,14599.0
2026-04-20 21:55:00+00:00,271.6,271.9,271.6,271.89,14922.0
2026-04-20 22:00:00+00:00,271.7,271.8,271.539,271.7585,6487.0
2026-04-20 22:05:00+00:00,271.8,271.99,271.8,271.951,10908.0
2026-04-20 22:10:00+00:00,271.99,272.0,271.67,271.95,22440.0
2026-04-20 22:15:00+00:00,271.92,271.98,271.86,271.93,8368.0
2026-04-20 22:20:00+00:00,271.85,271.88,271.77,271.77,3544.0
2026-04-20 22:25:00+00:00,271.74,271.74,271.5,271.6,7164.0
2026-04-20 22:30:00+00:00,271.6,271.68,271.57,271.68,3793.0
2026-04-20 22:35:00+00:00,271.5673,271.79,271.5673,271.66,2409.0
2026-04-20 22:40:00+00:00,271.75,271.8,271.6001,271.64,4038.0
2026-04-20 22:45:00+00:00,271.7,271.75,271.7,271.71,2061.0
2026-04-20 22:50:00+00:00,271.6378,271.85,271.6378,271.85,4808.0
2026-04-20 22:55:00+00:00,271.8481,271.8486,271.7,271.7485,4771.0
2026-04-20 23:00:00+00:00,271.71,271.75,271.7,271.75,2651.0
2026-04-20 23:05:00+00:00,271.7,271.71,271.63,271.6748,8846.0
2026-04-20 23:10:00+00:00,271.71,271.75,271.671,271.75,3937.0
2026-04-20 23:15:00+00:00,271.7,271.75,271.5,271.52,11339.0
2026-04-20 23:20:00+00:00,271.54,271.58,271.4,271.53,8208.0
2026-04-20 23:25:00+00:00,271.55,271.55,271.3,271.35,4674.0
2026-04-20 23:30:00+00:00,271.33,271.7,271.3,271.69,8039.0
2026-04-20 23:35:00+00:00,271.55,271.55,271.43,271.5,1802.0
2026-04-20 23:40:00+00:00,271.3,271.53,271.3,271.53,6588.0
2026-04-20 23:45:00+00:00,271.46,271.5,271.3801,271.3801,4534.0
2026-04-20 23:50:00+00:00,271.31,271.37,271.2651,271.36,6894.0
2026-04-20 23:55:00+00:00,271.25,271.55,271.25,271.55,6319.0
2026-04-21 08:00:00+00:00,271.0,272.0,271.0,271.2,44627.0
2026-04-21 08:05:00+00:00,271.2,271.2,270.76,271.0,7093.0
2026-04-21 08:10:00+00:00,271.0,271.0,270.86,271.0,3551.0
2026-04-21 08:15:00+00:00,271.0,271.1,270.86,271.04,11876.0
2026-04-21 08:20:00+00:00,271.03,271.04,271.03,271.04,994.0
2026-04-21 08:25:00+00:00,271.09,271.1,271.09,271.09,2633.0
2026-04-21 08:30:00+00:00,271.09,271.1,271.05,271.1,2433.0
2026-04-21 08:35:00+00:00,271.08,271.08,270.95,270.99,4917.0
2026-04-21 08:40:00+00:00,271.08,271.1,270.99,271.1,3301.0
2026-04-21 08:45:00+00:00,270.99,271.08,270.99,271.07,4303.0
2026-04-21 08:50:00+00:00,271.07,271.11,270.96,271.08,4610.0
2026-04-21 08:55:00+00:00,271.56,271.56,271.35,271.35,318.0
2026-04-21 09:00:00+00:00,271.37,271.48,271.35,271.48,1856.0
2026-04-21 09:05:00+00:00,271.35,271.35,271.2,271.2,761.0
2026-04-21 09:20:00+00:00,271.49,271.55,271.44,271.55,2943.0
2026-04-21 09:25:00+00:00,271.55,271.55,271.54,271.54,2068.0
2026-04-21 09:30:00+00:00,271.64,271.73,271.64,271.73,1154.0
2026-04-21 09:35:00+00:00,271.75,271.82,271.75,271.82,2253.0
2026-04-21 09:40:00+00:00,271.85,271.85,271.85,271.85,867.0
2026-04-21 09:45:00+00:00,271.78,271.82,271.78,271.82,787.0
2026-04-21 09:50:00+00:00,271.89,271.89,271.89,271.89,210.0
2026-04-21 09:55:00+00:00,271.92,272.27,271.92,272.25,9808.0
2026-04-21 10:00:00+00:00,272.25,272.3,272.19,272.3,2550.0
2026-04-21 10:05:00+00:00,272.3,272.3,272.26,272.26,1307.0
2026-04-21 10:10:00+00:00,272.25,272.4369,272.25,272.27,5739.0
2026-04-21 10:15:00+00:00,272.26,272.26,272.21,272.23,1205.0
2026-04-21 10:20:00+00:00,272.19,272.19,272.13,272.18,2091.0
2026-04-21 10:25:00+00:00,272.19,272.29,272.19,272.29,1504.0
2026-04-21 10:30:00+00:00,272.3,272.3264,272.23,272.23,2836.0
2026-04-21 10:35:00+00:00,272.23,272.2819,272.07,272.1,6534.0
2026-04-21 10:40:00+00:00,272.1061,272.4,272.07,272.2,7057.0
2026-04-21 10:45:00+00:00,272.21,272.36,272.17,272.36,3593.0
2026-04-21 10:50:00+00:00,272.31,272.49,271.8,271.98,21400.0
2026-04-21 10:55:00+00:00,272.16,272.16,272.0,272.15,3895.0
2026-04-21 11:00:00+00:00,272.14,272.2706,272.05,272.22,14072.0
2026-04-21 11:05:00+00:00,272.06,272.5,272.06,272.15,23023.0
2026-04-21 11:10:00+00:00,272.37,272.7,272.37,272.52,16628.0
2026-04-21 11:15:00+00:00,272.52,272.65,272.4956,272.5208,8758.0
2026-04-21 11:20:00+00:00,272.528,272.65,272.5218,272.57,29956.0
2026-04-21 11:25:00+00:00,272.65,272.65,272.55,272.6,6151.0
2026-04-21 11:30:00+00:00,272.68,272.68,272.5501,272.5501,3992.0
2026-04-21 11:35:00+00:00,272.65,272.65,272.35,272.35,9770.0
2026-04-21 11:40:00+00:00,272.4,272.43,272.24,272.39,5636.0
2026-04-21 11:45:00+00:00,272.3653,272.5698,272.3653,272.5196,4239.0
2026-04-21 11:50:00+00:00,272.52,272.6,272.3,272.3,7659.0
2026-04-21 11:55:00+00:00,272.2916,272.2916,272.2,272.2,4528.0
2026-04-21 12:00:00+00:00,272.25,272.35,272.2,272.33,11192.0
2026-04-21 12:05:00+00:00,272.3298,272.33,272.15,272.33,6255.0
2026-04-21 12:10:00+00:00,272.18,272.19,272.0,272.0,17769.0
2026-04-21 12:15:00+00:00,272.0,272.0499,271.8001,271.9117,10675.0
2026-04-21 12:20:00+00:00,271.95,272.05,271.91,271.96,8109.0
2026-04-21 12:25:00+00:00,271.8,271.9,271.79,271.81,4997.0
2026-04-21 12:30:00+00:00,271.88,271.9,271.8,271.8,4197.0
2026-04-21 12:35:00+00:00,271.79,271.9,271.2,271.2,14784.0
2026-04-21 12:40:00+00:00,271.34,271.62,271.1,271.3,23025.0
2026-04-21 12:45:00+00:00,271.4648,271.4648,271.09,271.1,29158.0
2026-04-21 12:50:00+00:00,271.0,271.33,271.0,271.33,14953.0
2026-04-21 12:55:00+00:00,271.33,271.33,271.14,271.15,17468.0
2026-04-21 13:00:00+00:00,271.37,271.39,271.1,271.29,10932.0
2026-04-21 13:05:00+00:00,271.38,271.38,271.2,271.3,6180.0
2026-04-21 13:10:00+00:00,271.25,271.2987,271.01,271.01,23731.0
2026-04-21 13:15:00+00:00,271.1,271.11,270.95,271.0,22728.0
2026-04-21 13:20:00+00:00,271.0,271.19,270.9,270.9,30886.0
2026-04-21 13:25:00+00:00,271.15,272.35,271.15,271.7,52767.0
2026-04-21 13:30:00+00:00,271.59,272.8,270.6,270.975,1974172.0
2026-04-21 13:35:00+00:00,270.985,271.66,270.53,270.9,955684.0
2026-04-21 13:40:00+00:00,270.89,271.61,270.6512,271.41,476197.0
2026-04-21 13:45:00+00:00,271.44,271.47,270.71,271.27,623665.0
2026-04-21 13:50:00+00:00,271.27,271.69,271.17,271.45,461786.0
2026-04-21 13:55:00+00:00,271.46,271.91,271.45,271.87,423646.0
2026-04-21 14:00:00+00:00,271.87,272.06,271.37,271.795,424314.0
2026-04-21 14:05:00+00:00,271.795,271.83,270.77,270.78,537625.0
2026-04-21 14:10:00+00:00,270.775,270.87,270.33,270.394,532504.0
2026-04-21 14:15:00+00:00,270.4192,270.55,270.145,270.145,457739.0
2026-04-21 14:20:00+00:00,270.14,270.14,269.65,269.78,625224.0
2026-04-21 14:25:00+00:00,269.78,269.8,269.37,269.5801,425408.0
2026-04-21 14:30:00+00:00,269.58,269.85,269.31,269.36,409791.0
2026-04-21 14:35:00+00:00,269.365,269.52,269.2,269.32,405199.0
2026-04-21 14:40:00+00:00,269.28,269.52,269.1,269.315,376758.0
2026-04-21 14:45:00+00:00,269.3001,269.47,269.13,269.3401,330851.0
2026-04-21 14:50:00+00:00,269.34,269.58,269.22,269.465,356917.0
2026-04-21 14:55:00+00:00,269.46,269.51,268.75,268.82,505674.0
2026-04-21 15:00:00+00:00,268.84,268.9611,268.43,268.51,489700.0
2026-04-21 15:05:00+00:00,268.5132,268.87,268.33,268.805,793793.0
2026-04-21 15:10:00+00:00,268.83,269.0799,268.64,268.905,342426.0
2026-04-21 15:15:00+00:00,268.89,268.915,268.345,268.43,448873.0
2026-04-21 15:20:00+00:00,268.4101,268.42,267.95,268.025,591677.0
2026-04-21 15:25:00+00:00,268.04,268.08,267.75,267.93,416480.0
2026-04-21 15:30:00+00:00,267.92,268.02,267.67,267.8101,376434.0
2026-04-21 15:35:00+00:00,267.82,267.915,267.44,267.575,551237.0
2026-04-21 15:40:00+00:00,267.5804,267.7,267.2504,267.2707,398062.0
2026-04-21 15:45:00+00:00,267.27,267.53,267.01,267.25,469394.0
2026-04-21 15:50:00+00:00,267.24,267.2699,266.62,266.72,573171.0
2026-04-21 15:55:00+00:00,266.725,266.96,266.56,266.72,377742.0
2026-04-21 16:00:00+00:00,266.7301,267.2456,266.69,266.69,525459.0
2026-04-21 16:05:00+00:00,266.78,266.78,265.81,266.39,751712.0
2026-04-21 16:10:00+00:00,266.38,266.63,266.075,266.18,366420.0
2026-04-21 16:15:00+00:00,266.18,266.55,266.0501,266.44,439292.0
2026-04-21 16:20:00+00:00,266.42,266.509,266.25,266.4,300806.0
2026-04-21 16:25:00+00:00,266.395,266.58,265.85,265.86,527049.0
2026-04-21 16:30:00+00:00,265.86,266.14,265.46,265.77,940701.0
2026-04-21 16:35:00+00:00,265.77,265.95,265.4,265.6901,797657.0
2026-04-21 16:40:00+00:00,265.7,265.9,265.41,265.45,317950.0
2026-04-21 16:45:00+00:00,265.47,265.8799,265.47,265.81,344775.0
2026-04-21 16:50:00+00:00,265.805,266.19,265.73,266.1814,510775.0
2026-04-21 16:55:00+00:00,266.1999,266.3899,266.13,266.34,457865.0
2026-04-21 17:00:00+00:00,266.35,266.88,266.34,266.455,592073.0
2026-04-21 17:05:00+00:00,266.44,266.445,265.895,266.445,1200519.0
2026-04-21 17:10:00+00:00,266.43,266.6694,266.1466,266.49,307164.0
2026-04-21 17:15:00+00:00,266.55,266.6799,265.85,265.96,406524.0
2026-04-21 17:20:00+00:00,265.95,266.25,265.79,265.97,274688.0
2026-04-21 17:25:00+00:00,265.97,266.29,265.94,266.17,236720.0
2026-04-21 17:30:00+00:00,266.18,266.4099,266.06,266.35,300195.0
2026-04-21 17:35:00+00:00,266.34,266.9,266.2,266.55,350503.0
2026-04-21 17:40:00+00:00,266.5,267.0,266.5,266.635,363823.0
2026-04-21 17:45:00+00:00,266.64,266.65,266.08,266.33,259092.0
2026-04-21 17:50:00+00:00,266.33,266.66,266.285,266.5,585156.0
2026-04-21 17:55:00+00:00,266.4801,266.4801,266.28,266.3801,148399.0
2026-04-21 18:00:00+00:00,266.41,266.57,266.32,266.34,212659.0
2026-04-21 18:05:00+00:00,266.34,266.74,266.31,266.7012,223187.0
2026-04-21 18:10:00+00:00,266.71,266.87,266.61,266.87,185960.0
2026-04-21 18:15:00+00:00,266.86,266.86,266.23,266.405,394761.0
2026-04-21 18:20:00+00:00,266.39,266.56,266.33,266.38,158426.0
2026-04-21 18:25:00+00:00,266.37,266.51,266.33,266.375,150480.0
2026-04-21 18:30:00+00:00,266.38,266.69,266.38,266.69,216235.0
2026-04-21 18:35:00+00:00,266.7,267.49,266.635,267.235,702045.0
2026-04-21 18:40:00+00:00,267.25,267.43,267.15,267.225,835309.0
2026-04-21 18:45:00+00:00,267.225,267.29,266.973,266.995,242545.0
2026-04-21 18:50:00+00:00,267.0,267.82,266.99,267.73,374361.0
2026-04-21 18:55:00+00:00,267.72,267.88,267.4,267.84,395172.0
2026-04-21 19:00:00+00:00,267.8345,268.02,267.8,267.915,445033.0
2026-04-21 19:05:00+00:00,267.915,268.19,267.84,268.1156,394036.0
2026-04-21 19:10:00+00:00,268.11,268.19,267.67,267.695,451818.0
2026-04-21 19:15:00+00:00,267.695,267.96,267.6,267.7902,312389.0
2026-04-21 19:20:00+00:00,267.83,268.14,267.81,267.99,385261.0
2026-04-21 19:25:00+00:00,267.98,268.1,267.92,267.96,355219.0
2026-04-21 19:30:00+00:00,267.96,267.97,267.695,267.88,440415.0
2026-04-21 19:35:00+00:00,267.88,267.88,267.21,267.33,473715.0
2026-04-21 19:40:00+00:00,267.335,267.35,266.06,266.3,1542442.0
2026-04-21 19:45:00+00:00,266.33,266.87,266.2903,266.61,656805.0
2026-04-21 19:50:00+00:00,266.62,267.07,266.5201,266.865,866588.0
2026-04-21 19:55:00+00:00,266.87,266.88,265.87,266.22,2261621.0
2026-04-21 20:00:00+00:00,266.23,266.36,266.0,266.17,8705484.0
2026-04-21 20:05:00+00:00,266.16,267.73,266.14,267.68,41700.0
2026-04-21 20:10:00+00:00,267.31,267.8,266.17,267.4,29400.0
2026-04-21 20:15:00+00:00,267.01,267.174,266.7,266.7,21460.0
2026-04-21 20:20:00+00:00,266.85,267.1479,266.6,267.1479,24490.0
2026-04-21 20:25:00+00:00,267.1,267.15,266.17,267.04,61610.0
2026-04-21 20:30:00+00:00,267.03,267.32,266.8,267.25,19641.0
2026-04-21 20:35:00+00:00,267.21,267.2496,267.1,267.2204,6117.0
2026-04-21 20:40:00+00:00,267.29,267.29,267.04,267.12,5891.0
2026-04-21 20:45:00+00:00,267.22,267.3,266.17,267.3,92934.0
2026-04-21 20:50:00+00:00,267.29,267.35,267.19,267.35,463641.0
2026-04-21 20:55:00+00:00,267.37,267.49,267.3501,267.36,8475.0
2026-04-21 21:00:00+00:00,267.24,267.41,267.18,267.35,17425.0
2026-04-21 21:05:00+00:00,267.2,267.27,267.18,267.18,1864.0
2026-04-21 21:10:00+00:00,267.27,267.38,267.27,267.36,4734.0
2026-04-21 21:15:00+00:00,267.33,267.38,267.21,267.38,3282.0
2026-04-21 21:20:00+00:00,267.31,267.31,267.25,267.25,759.0
2026-04-21 21:25:00+00:00,267.37,267.4218,267.3,267.3,4481.0
2026-04-21 21:30:00+00:00,267.35,267.35,267.33,267.3391,7129.0
2026-04-21 21:35:00+00:00,267.34,267.4,267.33,267.4,2555.0
2026-04-21 21:40:00+00:00,267.32,267.3995,267.18,267.39,6154.0
2026-04-21 21:45:00+00:00,267.4,267.48,267.3,267.3,2103.0
2026-04-21 21:50:00+00:00,267.3,267.35,267.3,267.35,674.0
2026-04-21 21:55:00+00:00,267.32,267.32,267.32,267.32,360.0
2026-04-21 22:00:00+00:00,267.34,267.6,267.34,267.54,9650.0
2026-04-21 22:05:00+00:00,267.6,267.6,267.4,267.4,5201.0
2026-04-21 22:10:00+00:00,267.5,267.55,267.5,267.55,889.0
2026-04-21 22:15:00+00:00,267.44,267.55,267.44,267.55,2178.0
2026-04-21 22:20:00+00:00,267.58,267.59,267.55,267.58,3221.0
2026-04-21 22:25:00+00:00,267.5974,267.65,267.58,267.58,3135.0
2026-04-21 22:30:00+00:00,267.56,267.57,267.5513,267.5513,1100.0
2026-04-21 22:35:00+00:00,267.59,267.6109,267.59,267.6109,2292.0
2026-04-21 22:40:00+00:00,267.62,267.62,267.563,267.563,1227.0
2026-04-21 22:45:00+00:00,267.58,267.65,267.563,267.65,871.0
2026-04-21 22:50:00+00:00,267.62,267.65,267.55,267.65,2795.0
2026-04-21 22:55:00+00:00,267.65,267.7,267.55,267.5501,3794.0
2026-04-21 23:00:00+00:00,267.58,267.62,267.58,267.61,2042.0
2026-04-21 23:05:00+00:00,267.745,267.78,267.61,267.61,2186.0
2026-04-21 23:10:00+00:00,267.5848,267.59,267.57,267.5898,1680.0
2026-04-21 23:15:00+00:00,267.59,267.59,267.4,267.52,4780.0
2026-04-21 23:20:00+00:00,267.55,267.55,267.45,267.53,1235.0
2026-04-21 23:25:00+00:00,267.5,267.5,267.4,267.413,2501.0
2026-04-21 23:30:00+00:00,267.4,267.5,267.4,267.4982,2897.0
2026-04-21 23:35:00+00:00,267.413,267.5,267.4,267.4,1242.0
2026-04-21 23:40:00+00:00,267.5,267.5,267.4501,267.46,1323.0
2026-04-21 23:45:00+00:00,267.55,267.59,267.55,267.59,2796.0
2026-04-21 23:50:00+00:00,267.5783,267.58,267.5,267.5781,2988.0
2026-04-21 23:55:00+00:00,267.55,267.6985,267.52,267.65,4659.0
2026-04-22 08:00:00+00:00,267.88,268.19,267.6,267.93,49697.0
2026-04-22 08:05:00+00:00,267.9,268.0745,267.72,267.7737,9316.0
2026-04-22 08:10:00+00:00,267.7104,267.7104,267.6,267.6,5072.0
2026-04-22 08:15:00+00:00,267.89,267.89,267.5,267.5,2201.0
2026-04-22 08:20:00+00:00,267.35,267.5,267.35,267.5,2385.0
2026-04-22 08:30:00+00:00,267.61,267.61,267.4,267.54,1686.0
2026-04-22 08:35:00+00:00,267.2,267.4,267.2,267.4,648.0
2026-04-22 08:40:00+00:00,267.5,267.5,267.5,267.5,762.0
2026-04-22 08:50:00+00:00,267.66,267.66,267.66,267.66,379.0
2026-04-22 08:55:00+00:00,267.63,267.64,267.63,267.64,491.0
2026-04-22 09:00:00+00:00,267.82,267.8876,267.82,267.8876,504.0
2026-04-22 09:10:00+00:00,267.95,267.95,267.75,267.86,2275.0
2026-04-22 09:15:00+00:00,267.8,267.8,267.8,267.8,229.0
2026-04-22 09:20:00+00:00,267.95,267.96,267.87,267.96,6334.0
2026-04-22 09:25:00+00:00,267.86,268.0,267.86,268.0,1223.0
2026-04-22 09:30:00+00:00,267.92,267.97,267.92,267.93,593.0
2026-04-22 09:35:00+00:00,267.9649,267.9649,267.86,267.86,3009.0
2026-04-22 09:40:00+00:00,267.97,268.1,267.97,268.1,660.0
2026-04-22 09:45:00+00:00,268.0,268.15,268.0,268.15,1059.0
2026-04-22 09:50:00+00:00,268.0,268.0,267.7,267.7,5491.0
2026-04-22 09:55:00+00:00,267.68,267.8,267.68,267.79,1634.0
2026-04-22 10:00:00+00:00,267.81,267.83,267.65,267.65,1439.0
2026-04-22 10:15:00+00:00,267.65,267.65,267.65,267.65,677.0
2026-04-22 10:20:00+00:00,267.97,267.97,267.97,267.97,155.0
2026-04-22 10:25:00+00:00,267.78,267.85,267.78,267.85,1064.0
2026-04-22 10:30:00+00:00,267.86,267.87,267.76,267.85,4206.0
2026-04-22 10:35:00+00:00,267.94,268.0,267.88,267.99,3101.0
2026-04-22 10:40:00+00:00,267.95,267.95,267.86,267.875,3065.0
2026-04-22 10:45:00+00:00,267.98,267.98,267.95,267.95,759.0
2026-04-22 10:50:00+00:00,267.94,267.94,267.94,267.94,263.0
2026-04-22 10:55:00+00:00,267.87,268.0,267.87,268.0,2473.0
2026-04-22 11:00:00+00:00,267.98,268.111,267.75,267.75,12351.0
2026-04-22 11:05:00+00:00,267.82,267.9999,267.8,267.9,5550.0
2026-04-22 11:10:00+00:00,267.83,267.83,267.55,267.6,10621.0
2026-04-22 11:15:00+00:00,267.5254,267.6,267.45,267.58,14015.0
2026-04-22 11:20:00+00:00,267.6,267.6,267.5,267.51,7180.0
2026-04-22 11:25:00+00:00,267.513,267.53,267.46,267.485,4024.0
2026-04-22 11:30:00+00:00,267.485,267.485,267.25,267.25,10691.0
2026-04-22 11:35:00+00:00,267.22,267.49,267.2,267.2,13900.0
2026-04-22 11:40:00+00:00,267.2099,267.46,267.15,267.2781,5288.0
2026-04-22 11:45:00+00:00,267.215,267.3792,267.215,267.35,5598.0
2026-04-22 11:50:00+00:00,267.315,267.6,267.2,267.375,6869.0
2026-04-22 11:55:00+00:00,267.3022,267.4,267.3,267.34,3960.0
2026-04-22 12:00:00+00:00,267.3793,267.3793,267.2107,267.3681,10466.0
2026-04-22 12:05:00+00:00,267.37,267.37,267.2395,267.25,3828.0
2026-04-22 12:10:00+00:00,267.25,267.4,267.18,267.4,17522.0
2026-04-22 12:15:00+00:00,267.35,267.4047,267.25,267.3989,8231.0
2026-04-22 12:20:00+00:00,267.3765,267.4,267.3,267.351,9111.0
2026-04-22 12:25:00+00:00,267.3565,267.59,267.35,267.41,8138.0
2026-04-22 12:30:00+00:00,267.35,267.5,267.2443,267.5,6720.0
2026-04-22 12:35:00+00:00,267.27,267.37,267.2,267.26,12278.0
2026-04-22 12:40:00+00:00,267.25,267.26,267.12,267.12,10780.0
2026-04-22 12:45:00+00:00,267.2,267.2679,267.0,267.0,11902.0
2026-04-22 12:50:00+00:00,267.0,267.1857,267.0,267.18,5431.0
2026-04-22 12:55:00+00:00,267.2,267.2,267.0,267.0,4284.0
2026-04-22 13:00:00+00:00,267.01,267.15,266.89,267.15,8578.0
2026-04-22 13:05:00+00:00,267.1,267.1484,267.0,267.04,7416.0
2026-04-22 13:10:00+00:00,267.05,267.17,267.0,267.02,7309.0
2026-04-22 13:15:00+00:00,267.13,267.29,267.03,267.23,15026.0
2026-04-22 13:20:00+00:00,267.28,267.5,267.15,267.385,8968.0
2026-04-22 13:25:00+00:00,267.37,268.2,267.37,267.8,67513.0
2026-04-22 13:30:00+00:00,267.74,268.15,267.03,267.32,1924635.0
2026-04-22 13:35:00+00:00,267.35,267.85,266.87,267.84,556850.0
2026-04-22 13:40:00+00:00,267.825,268.6,267.6,268.24,699378.0
2026-04-22 13:45:00+00:00,268.3,269.12,268.2901,268.545,843874.0
2026-04-22 13:50:00+00:00,268.51,268.97,268.345,268.56,408341.0
2026-04-22 13:55:00+00:00,268.56,268.82,268.17,268.5,380375.0
2026-04-22 14:00:00+00:00,268.44,269.1,268.43,269.085,492361.0
2026-04-22 14:05:00+00:00,269.085,269.79,268.9101,269.68,664469.0
2026-04-22 14:10:00+00:00,269.675,270.78,269.675,270.665,2184772.0
2026-04-22 14:15:00+00:00,270.6601,271.5,270.34,271.36,1013318.0
2026-04-22 14:20:00+00:00,271.35,271.78,271.19,271.58,904512.0
2026-04-22 14:25:00+00:00,271.58,271.94,271.3299,271.94,559466.0
2026-04-22 14:30:00+00:00,271.94,272.56,271.8501,272.35,938791.0
2026-04-22 14:35:00+00:00,272.31,272.38,271.82,271.85,569554.0
2026-04-22 14:40:00+00:00,271.85,272.09,271.595,271.6298,461442.0
2026-04-22 14:45:00+00:00,271.615,271.8494,270.98,271.01,578747.0
2026-04-22 14:50:00+00:00,271.01,271.67,271.0,271.67,353121.0
2026-04-22 14:55:00+00:00,271.64,271.79,271.06,271.28,270518.0
2026-04-22 15:00:00+00:00,271.27,271.79,271.21,271.66,301893.0
2026-04-22 15:05:00+00:00,271.65,271.92,271.4348,271.7001,232126.0
2026-04-22 15:10:00+00:00,271.73,272.25,271.73,272.21,325721.0
2026-04-22 15:15:00+00:00,272.23,272.3192,271.9,272.205,310388.0
2026-04-22 15:20:00+00:00,272.21,272.35,272.1,272.2,289577.0
2026-04-22 15:25:00+00:00,272.2,272.765,272.19,272.4001,506566.0
2026-04-22 15:30:00+00:00,272.4,272.92,272.26,272.69,475639.0
2026-04-22 15:35:00+00:00,272.73,272.85,272.47,272.48,382339.0
2026-04-22 15:40:00+00:00,272.49,273.2509,272.48,272.84,645683.0
2026-04-22 15:45:00+00:00,272.85,272.99,272.68,272.85,303010.0
2026-04-22 15:50:00+00:00,272.87,273.1,272.77,273.0382,224650.0
2026-04-22 15:55:00+00:00,273.03,273.15,272.88,273.01,215329.0
2026-04-22 16:00:00+00:00,273.02,273.19,272.81,273.06,258626.0
2026-04-22 16:05:00+00:00,273.06,273.505,273.06,273.29,379834.0
2026-04-22 16:10:00+00:00,273.2798,273.34,272.89,273.2,364206.0
2026-04-22 16:15:00+00:00,273.22,273.38,272.8132,272.8132,301542.0
2026-04-22 16:20:00+00:00,272.86,272.99,272.74,272.74,289139.0
2026-04-22 16:25:00+00:00,272.74,272.895,272.55,272.69,279391.0
2026-04-22 16:30:00+00:00,272.7,272.91,272.62,272.895,268067.0
2026-04-22 16:35:00+00:00,272.92,272.93,272.4,272.745,296022.0
2026-04-22 16:40:00+00:00,272.78,272.8,272.49,272.765,207383.0
2026-04-22 16:45:00+00:00,272.75,272.7799,272.46,272.76,161232.0
2026-04-22 16:50:00+00:00,272.74,272.7899,272.36,272.51,203323.0
2026-04-22 16:55:00+00:00,272.54,272.62,272.43,272.495,179444.0
2026-04-22 17:00:00+00:00,272.48,272.75,272.4701,272.56,213188.0
2026-04-22 17:05:00+00:00,272.55,273.26,272.48,273.25,360761.0
2026-04-22 17:10:00+00:00,273.23,273.42,272.99,273.18,376164.0
2026-04-22 17:15:00+00:00,273.18,273.3805,272.5,272.9201,393466.0
2026-04-22 17:20:00+00:00,272.92,273.35,272.91,273.23,169821.0
2026-04-22 17:25:00+00:00,273.22,273.3,273.08,273.23,129982.0
2026-04-22 17:30:00+00:00,273.24,273.5299,273.19,273.44,230321.0
2026-04-22 17:35:00+00:00,273.44,273.65,273.38,273.575,199452.0
2026-04-22 17:40:00+00:00,273.575,273.63,273.4601,273.58,163823.0
2026-04-22 17:45:00+00:00,273.585,273.7172,273.525,273.605,227209.0
2026-04-22 17:50:00+00:00,273.59,273.61,273.1717,273.44,214155.0
2026-04-22 17:55:00+00:00,273.43,273.62,273.415,273.47,233458.0
2026-04-22 18:00:00+00:00,273.47,273.74,273.42,273.45,219204.0
2026-04-22 18:05:00+00:00,273.4602,273.54,273.31,273.355,244349.0
2026-04-22 18:10:00+00:00,273.355,273.46,273.24,273.26,151783.0
2026-04-22 18:15:00+00:00,273.26,273.26,272.9701,273.04,698344.0
2026-04-22 18:20:00+00:00,273.04,273.13,272.765,272.79,250196.0
2026-04-22 18:25:00+00:00,272.795,272.8394,272.62,272.685,206970.0
2026-04-22 18:30:00+00:00,272.71,272.78,272.56,272.58,153506.0
2026-04-22 18:35:00+00:00,272.585,272.775,272.53,272.62,162660.0
2026-04-22 18:40:00+00:00,272.615,272.621,272.28,272.42,258845.0
2026-04-22 18:45:00+00:00,272.43,272.52,272.3602,272.43,177889.0
2026-04-22 18:50:00+00:00,272.42,272.44,272.2801,272.315,164809.0
2026-04-22 18:55:00+00:00,272.3,272.46,272.1005,272.42,218151.0
2026-04-22 19:00:00+00:00,272.43,272.6551,272.26,272.615,256995.0
2026-04-22 19:05:00+00:00,272.63,272.665,272.27,272.47,240697.0
2026-04-22 19:10:00+00:00,272.475,272.5,272.27,272.35,173762.0
2026-04-22 19:15:00+00:00,272.345,272.5,272.27,272.48,211712.0
2026-04-22 19:20:00+00:00,272.48,272.75,272.385,272.75,231250.0
2026-04-22 19:25:00+00:00,272.75,272.82,272.64,272.71,334704.0
2026-04-22 19:30:00+00:00,272.73,272.91,272.57,272.89,339902.0
2026-04-22 19:35:00+00:00,272.89,273.0,272.785,272.86,347079.0
2026-04-22 19:40:00+00:00,272.89,273.0,272.8,272.85,308986.0
2026-04-22 19:45:00+00:00,272.85,272.97,272.7935,272.88,330784.0
2026-04-22 19:50:00+00:00,272.8901,273.05,272.55,272.715,831969.0
2026-04-22 19:55:00+00:00,272.7,273.26,272.66,273.19,2121733.0
2026-04-22 20:00:00+00:00,273.15,273.19,272.65,272.65,9400539.0
2026-04-22 20:05:00+00:00,272.73,273.17,272.17,272.3556,45228.0
2026-04-22 20:10:00+00:00,272.3672,273.17,272.3672,272.59,231343.0
2026-04-22 20:15:00+00:00,272.75,272.75,272.526,272.59,7689.0
2026-04-22 20:20:00+00:00,272.58,272.66,272.43,272.54,34844.0
2026-04-22 20:25:00+00:00,272.59,272.75,272.55,272.65,7959.0
2026-04-22 20:30:00+00:00,272.66,272.75,272.66,272.75,3218.0
2026-04-22 20:35:00+00:00,272.6,273.17,272.52,272.62,85770.0
2026-04-22 20:40:00+00:00,272.52,272.5724,272.52,272.5724,1767.0
2026-04-22 20:45:00+00:00,272.5955,272.85,272.53,272.53,1983.0
2026-04-22 20:50:00+00:00,272.67,272.67,272.57,272.57,659.0
2026-04-22 20:55:00+00:00,272.65,272.65,272.49,272.49,4617.0
2026-04-22 21:00:00+00:00,272.49,272.5,272.4391,272.4417,256704.0
2026-04-22 21:05:00+00:00,272.51,272.52,272.48,272.52,2773.0
2026-04-22 21:10:00+00:00,272.4998,272.5,272.48,272.5,10617.0
2026-04-22 21:15:00+00:00,272.4806,272.49,272.48,272.4898,3321.0
2026-04-22 21:20:00+00:00,272.5,272.51,272.5,272.51,6497.0
2026-04-22 21:25:00+00:00,272.5117,272.5117,272.5117,272.5117,207.0
2026-04-22 21:30:00+00:00,272.5178,272.59,272.5,272.5,1347.0
2026-04-22 21:35:00+00:00,272.55,272.58,272.55,272.57,1774.0
2026-04-22 21:40:00+00:00,272.5059,272.5609,272.5059,272.52,761.0
2026-04-22 21:45:00+00:00,272.5,272.5,272.43,272.43,1724.0
2026-04-22 21:55:00+00:00,272.3702,272.42,272.37,272.42,2839.0
2026-04-22 22:00:00+00:00,272.49,272.49,272.27,272.43,6128.0
2026-04-22 22:05:00+00:00,272.15,272.48,272.15,272.39,1859.0
2026-04-22 22:10:00+00:00,272.46,272.53,272.41,272.41,4361.0
2026-04-22 22:15:00+00:00,272.4,272.45,272.4,272.45,20132.0
2026-04-22 22:20:00+00:00,272.405,272.51,272.4,272.51,1585.0
2026-04-22 22:25:00+00:00,272.52,272.6,272.51,272.56,2561.0
2026-04-22 22:30:00+00:00,272.57,272.57,272.4,272.4409,2776.0
2026-04-22 22:35:00+00:00,272.61,272.61,272.61,272.61,242.0
2026-04-22 22:40:00+00:00,272.56,272.58,272.5,272.54,1408.0
2026-04-22 22:45:00+00:00,272.5509,272.6383,272.5509,272.6383,681.0
2026-04-22 22:50:00+00:00,272.5619,272.5701,272.5619,272.57,2246.0
2026-04-22 22:55:00+00:00,272.62,272.65,272.6,272.65,1467.0
2026-04-22 23:00:00+00:00,272.5,272.5,272.5,272.5,320.0
2026-04-22 23:05:00+00:00,272.45,272.45,272.45,272.45,1148.0
2026-04-22 23:10:00+00:00,272.45,272.45,272.45,272.45,1123.0
2026-04-22 23:20:00+00:00,272.56,272.65,272.56,272.65,260.0
2026-04-22 23:30:00+00:00,272.5656,272.5825,272.55,272.55,744.0
2026-04-22 23:35:00+00:00,272.5,272.54,272.45,272.45,2510.0
2026-04-22 23:40:00+00:00,272.59,272.6,272.4,272.51,3346.0
2026-04-22 23:45:00+00:00,272.5678,272.61,272.5678,272.61,827.0
2026-04-22 23:50:00+00:00,272.69,272.77,272.6,272.66,1842.0
2026-04-22 23:55:00+00:00,272.69,272.89,272.69,272.86,2616.0
2026-04-23 08:00:00+00:00,271.88,272.73,271.2283,272.16,39996.0
2026-04-23 08:05:00+00:00,272.01,272.1,272.0,272.07,2633.0
2026-04-23 08:10:00+00:00,272.31,272.34,272.31,272.34,1611.0
2026-04-23 08:15:00+00:00,272.315,272.4,272.315,272.4,992.0
2026-04-23 08:25:00+00:00,272.5,272.5,272.5,272.5,803.0
2026-04-23 08:30:00+00:00,272.23,272.31,272.23,272.31,2150.0
2026-04-23 08:35:00+00:00,272.21,272.21,272.21,272.21,147.0
2026-04-23 08:40:00+00:00,272.29,272.44,272.2166,272.23,2289.0
2026-04-23 08:45:00+00:00,272.25,272.29,272.25,272.29,285.0
2026-04-23 08:50:00+00:00,272.2,272.27,272.2,272.27,928.0
2026-04-23 09:00:00+00:00,272.26,272.3,272.2,272.23,4358.0
2026-04-23 09:05:00+00:00,272.06,272.08,272.06,272.08,648.0
2026-04-23 09:15:00+00:00,272.19,272.2,272.19,272.19,589.0
2026-04-23 09:20:00+00:00,272.33,272.35,272.32,272.35,2126.0
2026-04-23 09:25:00+00:00,272.18,272.18,272.18,272.18,785.0
2026-04-23 09:30:00+00:00,272.24,272.36,272.22,272.22,1789.0
2026-04-23 09:35:00+00:00,272.29,272.29,272.01,272.01,4057.0
2026-04-23 09:45:00+00:00,272.0,272.0,271.9,271.98,2045.0
2026-04-23 09:55:00+00:00,272.0,272.12,272.0,272.12,865.0
2026-04-23 10:00:00+00:00,272.25,272.25,272.25,272.25,1232.0
2026-04-23 10:05:00+00:00,272.21,272.24,272.15,272.15,923.0
2026-04-23 10:15:00+00:00,271.99,272.0,271.9,272.0,2718.0
2026-04-23 10:20:00+00:00,272.0,272.0,272.0,272.0,260.0
2026-04-23 10:25:00+00:00,272.12,272.12,272.1,272.1,477.0
2026-04-23 10:30:00+00:00,272.09,272.6,272.09,272.6,10594.0
2026-04-23 10:35:00+00:00,272.6,272.6,272.43,272.43,3978.0
2026-04-23 10:40:00+00:00,272.45,272.47,272.45,272.47,224.0
2026-04-23 10:45:00+00:00,272.3838,272.3838,272.3838,272.3838,577.0
2026-04-23 10:55:00+00:00,272.74,272.75,272.6,272.75,1655.0
2026-04-23 11:00:00+00:00,272.4716,273.0,272.4716,273.0,8959.0
2026-04-23 11:05:00+00:00,273.0,273.0,272.75,272.75,3766.0
2026-04-23 11:10:00+00:00,272.874,272.8849,272.79,272.79,4559.0
2026-04-23 11:15:00+00:00,272.85,272.85,272.8,272.82,1132.0
2026-04-23 11:20:00+00:00,272.91,272.99,272.9043,272.98,3627.0
2026-04-23 11:25:00+00:00,272.94,273.0,272.92,272.92,5584.0
2026-04-23 11:30:00+00:00,273.0,273.0591,272.94,272.96,4171.0
2026-04-23 11:35:00+00:00,272.9,273.03,272.84,273.0,3024.0
2026-04-23 11:40:00+00:00,273.11,273.16,273.0089,273.16,2859.0
2026-04-23 11:45:00+00:00,273.17,273.6,273.17,273.52,9762.0
2026-04-23 11:50:00+00:00,273.57,273.68,273.15,273.68,5068.0
2026-04-23 11:55:00+00:00,273.67,273.95,273.64,273.95,55808.0
2026-04-23 12:00:00+00:00,273.69,274.0,273.2,273.81,13604.0
2026-04-23 12:05:00+00:00,273.85,274.4,273.76,274.4,21308.0
2026-04-23 12:10:00+00:00,274.4,274.4545,274.3,274.3237,12808.0
2026-04-23 12:15:00+00:00,274.35,274.3855,274.13,274.3,8035.0
2026-04-23 12:20:00+00:00,274.35,274.35,274.0,274.1699,10404.0
2026-04-23 12:25:00+00:00,274.15,274.2,274.01,274.01,6184.0
2026-04-23 12:30:00+00:00,274.2,274.5,274.16,274.4,11078.0
2026-04-23 12:35:00+00:00,274.4779,274.5,274.35,274.5,5217.0
2026-04-23 12:40:00+00:00,274.3581,274.65,274.3581,274.4977,18184.0
2026-04-23 12:45:00+00:00,274.5,274.6,274.25,274.48,15044.0
2026-04-23 12:50:00+00:00,274.35,275.02,274.3,274.88,57342.0
2026-04-23 12:55:00+00:00,274.85,274.85,274.55,274.7,4149.0
2026-04-23 13:00:00+00:00,274.8,274.89,274.7217,274.85,6793.0
2026-04-23 13:05:00+00:00,274.7851,275.04,274.78,274.9877,28322.0
2026-04-23 13:10:00+00:00,275.0,275.25,274.71,274.74,49856.0
2026-04-23 13:15:00+00:00,274.8,274.9,274.5096,274.69,19373.0
2026-04-23 13:20:00+00:00,274.71,274.846,274.25,274.2837,9260.0
2026-04-23 13:25:00+00:00,274.33,275.2,274.0,274.9,52645.0
2026-04-23 13:30:00+00:00,274.9,275.68,274.15,275.09,1748372.0
2026-04-23 13:35:00+00:00,275.09,275.77,274.38,274.46,754997.0
2026-04-23 13:40:00+00:00,274.4433,274.62,273.1355,273.53,603322.0
2026-04-23 13:45:00+00:00,273.5,274.045,273.13,273.57,396266.0
2026-04-23 13:50:00+00:00,273.5,273.83,273.3,273.68,302548.0
2026-04-23 13:55:00+00:00,273.73,274.1488,273.64,273.71,382296.0
2026-04-23 14:00:00+00:00,273.695,274.2728,273.43,273.97,444390.0
2026-04-23 14:05:00+00:00,274.0,274.6,273.9,274.57,317781.0
2026-04-23 14:10:00+00:00,274.53,274.53,273.86,273.9,253854.0
2026-04-23 14:15:00+00:00,273.88,274.5385,273.86,274.26,244808.0
2026-04-23 14:20:00+00:00,274.275,274.41,273.91,274.23,222489.0
2026-04-23 14:25:00+00:00,274.21,274.27,273.64,273.94,228322.0
2026-04-23 14:30:00+00:00,273.97,274.21,273.91,274.04,174680.0
2026-04-23 14:35:00+00:00,274.055,274.19,273.64,273.76,227038.0
2026-04-23 14:40:00+00:00,273.7899,273.7899,273.338,273.59,238982.0
2026-04-23 14:45:00+00:00,273.63,274.0,273.59,273.92,176335.0
2026-04-23 14:50:00+00:00,273.91,274.29,273.88,274.2,220833.0
2026-04-23 14:55:00+00:00,274.175,274.31,273.93,273.93,231827.0
2026-04-23 15:00:00+00:00,273.935,274.13,273.7,273.745,204079.0
2026-04-23 15:05:00+00:00,273.73,273.78,273.42,273.64,253551.0
2026-04-23 15:10:00+00:00,273.63,273.71,273.27,273.37,204337.0
2026-04-23 15:15:00+00:00,273.38,273.62,273.3101,273.48,173460.0
2026-04-23 15:20:00+00:00,273.46,273.8,273.45,273.69,169994.0
2026-04-23 15:25:00+00:00,273.68,273.84,273.595,273.68,192010.0
2026-04-23 15:30:00+00:00,273.645,274.41,273.6,274.06,409606.0
2026-04-23 15:35:00+00:00,274.07,274.07,273.66,273.81,247550.0
2026-04-23 15:40:00+00:00,273.8,273.8,273.28,273.32,188268.0
2026-04-23 15:45:00+00:00,273.3,273.48,273.0305,273.43,221041.0
2026-04-23 15:50:00+00:00,273.42,273.57,273.2103,273.25,164276.0
2026-04-23 15:55:00+00:00,273.2799,273.57,273.21,273.41,189777.0
2026-04-23 16:00:00+00:00,273.42,273.435,273.08,273.22,170051.0
2026-04-23 16:05:00+00:00,273.21,273.355,273.1701,273.325,140293.0
2026-04-23 16:10:00+00:00,273.335,273.4599,273.22,273.355,103550.0
2026-04-23 16:15:00+00:00,273.35,273.6,273.3201,273.46,169857.0
2026-04-23 16:20:00+00:00,273.47,273.6,273.27,273.49,141284.0
2026-04-23 16:25:00+00:00,273.4991,273.68,273.49,273.6,118630.0
2026-04-23 16:30:00+00:00,273.6,273.9927,273.44,273.515,122203.0
2026-04-23 16:35:00+00:00,273.515,273.67,273.34,273.36,150446.0
2026-04-23 16:40:00+00:00,273.35,273.4,272.96,273.06,254272.0
2026-04-23 16:45:00+00:00,273.06,273.23,273.025,273.14,132471.0
2026-04-23 16:50:00+00:00,273.145,273.2,272.99,273.15,131458.0
2026-04-23 16:55:00+00:00,273.145,273.24,273.0,273.0,148740.0
2026-04-23 17:00:00+00:00,273.02,273.035,272.52,272.67,1945873.0
2026-04-23 17:05:00+00:00,272.6603,272.7681,272.43,272.51,321867.0
2026-04-23 17:10:00+00:00,272.5,272.69,272.3,272.48,209965.0
2026-04-23 17:15:00+00:00,272.495,272.52,272.1,272.39,264235.0
2026-04-23 17:20:00+00:00,272.405,272.59,272.0901,272.4,227979.0
2026-04-23 17:25:00+00:00,272.43,272.98,272.17,272.24,256079.0
2026-04-23 17:30:00+00:00,272.25,272.73,272.16,272.69,184733.0
2026-04-23 17:35:00+00:00,272.73,272.86,272.14,272.31,188591.0
2026-04-23 17:40:00+00:00,272.34,272.35,271.78,272.11,377831.0
2026-04-23 17:45:00+00:00,272.15,272.33,271.65,271.92,482229.0
2026-04-23 17:50:00+00:00,271.89,273.13,271.73,272.45,623338.0
2026-04-23 17:55:00+00:00,272.435,273.0,272.3,272.99,281504.0
2026-04-23 18:00:00+00:00,273.0,273.6,272.9001,273.27,339250.0
2026-04-23 18:05:00+00:00,273.26,273.43,273.115,273.155,233066.0
2026-04-23 18:10:00+00:00,273.17,273.58,273.11,273.265,208282.0
2026-04-23 18:15:00+00:00,273.29,273.59,273.2,273.58,213090.0
2026-04-23 18:20:00+00:00,273.59,273.8,273.43,273.515,701105.0
2026-04-23 18:25:00+00:00,273.5,273.7,273.5,273.67,141167.0
2026-04-23 18:30:00+00:00,273.66,273.9,273.6513,273.8,142700.0
2026-04-23 18:35:00+00:00,273.79,274.12,273.79,273.93,256184.0
2026-04-23 18:40:00+00:00,273.935,274.0599,273.53,273.86,168014.0
2026-04-23 18:45:00+00:00,273.87,274.12,273.75,273.95,262491.0
2026-04-23 18:50:00+00:00,273.955,274.1669,273.92,274.085,188047.0
2026-04-23 18:55:00+00:00,274.07,274.23,273.68,273.915,380039.0
2026-04-23 19:00:00+00:00,273.905,274.08,273.85,273.945,244680.0
2026-04-23 19:05:00+00:00,273.96,274.39,273.96,274.295,219465.0
2026-04-23 19:10:00+00:00,274.29,274.55,274.29,274.475,264726.0
2026-04-23 19:15:00+00:00,274.48,274.5399,274.22,274.39,241034.0
2026-04-23 19:20:00+00:00,274.39,274.46,274.12,274.155,222866.0
2026-04-23 19:25:00+00:00,274.16,274.3,274.12,274.17,212482.0
2026-04-23 19:30:00+00:00,274.15,274.26,273.83,273.845,178896.0
2026-04-23 19:35:00+00:00,273.82,273.82,273.48,273.56,299173.0
2026-04-23 19:40:00+00:00,273.5697,273.8799,273.56,273.65,180105.0
2026-04-23 19:45:00+00:00,273.65,273.86,273.63,273.8,207383.0
2026-04-23 19:50:00+00:00,273.78,273.78,273.06,273.485,600002.0
2026-04-23 19:55:00+00:00,273.47,273.665,273.27,273.44,1289707.0
2026-04-23 20:00:00+00:00,273.43,273.51,272.73,272.95,7979671.0
2026-04-23 20:05:00+00:00,272.95,273.248,272.56,272.59,18195.0
2026-04-23 20:10:00+00:00,272.77,273.37,272.57,272.66,27776.0
2026-04-23 20:15:00+00:00,272.6,272.64,272.25,272.6,9500.0
2026-04-23 20:20:00+00:00,272.6,273.43,272.25,273.43,45931.0
2026-04-23 20:25:00+00:00,273.43,273.43,272.6,272.65,249803.0
2026-04-23 20:30:00+00:00,272.64,273.43,272.31,272.37,21572.0
2026-04-23 20:35:00+00:00,272.52,272.87,272.2,272.2,14075.0
2026-04-23 20:40:00+00:00,272.29,272.54,272.25,272.25,3646.0
2026-04-23 20:45:00+00:00,272.35,272.36,272.3,272.35,3987.0
2026-04-23 20:50:00+00:00,272.45,272.62,272.25,272.25,2518.0
2026-04-23 20:55:00+00:00,272.25,272.25,271.82,272.0,13136.0
2026-04-23 21:00:00+00:00,271.95,272.0,271.9,271.9,90898.0
2026-04-23 21:05:00+00:00,271.96,272.0,271.91,271.91,2409.0
2026-04-23 21:10:00+00:00,271.93,271.9999,271.89,271.89,11611.0
2026-04-23 21:15:00+00:00,271.9,271.9,271.8,271.8,7623.0
2026-04-23 21:20:00+00:00,271.8,271.9,271.8,271.85,2684.0
2026-04-23 21:25:00+00:00,271.8,272.0,271.8,272.0,5052.0
2026-04-23 21:30:00+00:00,272.3,272.474,272.28,272.474,2575.0
2026-04-23 21:35:00+00:00,272.491,272.52,272.31,272.31,5141.0
2026-04-23 21:40:00+00:00,272.41,272.41,272.26,272.28,2067.0
2026-04-23 21:45:00+00:00,272.52,272.52,272.4999,272.4999,570.0
2026-04-23 21:50:00+00:00,272.01,272.21,272.01,272.126,4034.0
2026-04-23 21:55:00+00:00,272.1,272.3175,272.1,272.12,2192.0
2026-04-23 22:00:00+00:00,272.13,272.3,272.0,272.29,6966.0
2026-04-23 22:05:00+00:00,272.2523,272.2523,272.25,272.25,922.0
2026-04-23 22:10:00+00:00,272.16,272.16,272.16,272.16,176.0
2026-04-23 22:15:00+00:00,272.2,272.29,272.2,272.29,893.0
2026-04-23 22:20:00+00:00,272.2315,272.2315,272.18,272.18,902.0
2026-04-23 22:25:00+00:00,272.03,272.03,272.03,272.03,1049.0
2026-04-23 22:30:00+00:00,272.1,272.6,272.1,272.49,1668.0
2026-04-23 22:35:00+00:00,272.17,272.27,272.1,272.27,1342.0
2026-04-23 22:40:00+00:00,272.11,272.11,272.11,272.11,265.0
2026-04-23 22:45:00+00:00,272.1101,272.4536,272.1101,272.4536,2019.0
2026-04-23 22:50:00+00:00,272.43,272.43,272.4,272.4,819.0
2026-04-23 22:55:00+00:00,272.43,272.46,272.35,272.35,758.0
2026-04-23 23:00:00+00:00,272.32,272.4,272.3187,272.32,1479.0
2026-04-23 23:05:00+00:00,272.48,272.48,272.2,272.2,1035.0
2026-04-23 23:10:00+00:00,272.28,272.28,272.28,272.28,340.0
2026-04-23 23:25:00+00:00,272.2,272.374,272.2,272.374,1181.0
2026-04-23 23:30:00+00:00,272.38,272.65,272.38,272.65,2819.0
2026-04-23 23:35:00+00:00,272.59,272.69,272.59,272.6,566.0
2026-04-23 23:40:00+00:00,272.65,272.68,272.65,272.68,302.0
2026-04-23 23:45:00+00:00,272.55,272.69,272.55,272.69,432.0
2026-04-23 23:50:00+00:00,272.7,272.7,272.68,272.68,1004.0
2026-04-23 23:55:00+00:00,272.6411,272.6411,272.6,272.6,1964.0
2026-04-24 08:00:00+00:00,272.4653,272.59,271.93,271.93,38723.0
2026-04-24 08:05:00+00:00,272.03,272.34,272.03,272.34,2013.0
2026-04-24 08:10:00+00:00,272.0,272.02,272.0,272.01,445.0
2026-04-24 08:20:00+00:00,272.105,272.3124,272.105,272.3124,3698.0
2026-04-24 08:25:00+00:00,272.08,272.27,271.92,271.92,2359.0
2026-04-24 08:30:00+00:00,272.02,272.02,272.02,272.02,300.0
2026-04-24 08:35:00+00:00,271.715,271.715,271.69,271.69,1874.0
2026-04-24 08:40:00+00:00,271.82,272.0,271.82,272.0,1580.0
2026-04-24 08:45:00+00:00,271.88,271.88,271.88,271.88,430.0
2026-04-24 08:50:00+00:00,271.8801,271.8801,271.7,271.7,1307.0
2026-04-24 08:55:00+00:00,271.76,271.86,271.76,271.86,643.0
2026-04-24 09:00:00+00:00,271.85,271.85,271.78,271.78,1435.0
2026-04-24 09:05:00+00:00,271.79,271.9,271.74,271.89,1647.0
2026-04-24 09:20:00+00:00,271.79,271.79,271.76,271.76,581.0
2026-04-24 09:25:00+00:00,271.96,271.97,271.65,271.65,966.0
2026-04-24 09:30:00+00:00,271.5,272.0,271.5,271.98,2025.0
2026-04-24 09:35:00+00:00,272.0,272.0,272.0,272.0,270.0
2026-04-24 09:40:00+00:00,272.0,272.0,272.0,272.0,215.0
2026-04-24 09:45:00+00:00,271.98,271.98,271.98,271.98,458.0
2026-04-24 10:05:00+00:00,272.17,272.17,272.17,272.17,487.0
2026-04-24 10:10:00+00:00,272.28,272.28,272.28,272.28,369.0
2026-04-24 10:25:00+00:00,272.1033,272.1033,272.1,272.1,1284.0
2026-04-24 10:30:00+00:00,272.21,272.21,272.05,272.05,2724.0
2026-04-24 10:35:00+00:00,272.22,272.22,272.22,272.22,266.0
2026-04-24 10:40:00+00:00,272.1,272.16,272.1,272.16,1608.0
2026-04-24 10:45:00+00:00,272.22,272.22,272.22,272.22,291.0
2026-04-24 10:50:00+00:00,272.25,272.25,272.25,272.25,344.0
2026-04-24 10:55:00+00:00,272.16,272.315,272.16,272.315,538.0
2026-04-24 11:00:00+00:00,272.34,272.68,272.34,272.62,15024.0
2026-04-24 11:05:00+00:00,272.62,272.88,272.62,272.75,9074.0
2026-04-24 11:10:00+00:00,272.81,273.138,272.76,272.76,8623.0
2026-04-24 11:15:00+00:00,272.85,273.0493,272.6441,272.6441,8668.0
2026-04-24 11:20:00+00:00,272.89,272.93,272.55,272.92,6719.0
2026-04-24 11:25:00+00:00,273.0,273.35,272.9285,273.33,13006.0
2026-04-24 11:30:00+00:00,273.2212,273.43,273.19,273.19,7510.0
2026-04-24 11:35:00+00:00,273.21,273.4036,273.21,273.4036,9691.0
2026-04-24 11:40:00+00:00,273.387,273.387,273.25,273.27,11626.0
2026-04-24 11:45:00+00:00,273.2548,273.3019,273.2,273.26,7048.0
2026-04-24 11:50:00+00:00,273.28,273.38,273.0,273.0,6463.0
2026-04-24 11:55:00+00:00,273.09,273.09,273.01,273.05,4435.0
2026-04-24 12:00:00+00:00,273.0,273.0,272.56,272.56,10801.0
2026-04-24 12:05:00+00:00,273.0546,273.0546,272.59,272.82,5324.0
2026-04-24 12:10:00+00:00,272.8,272.8999,272.7,272.86,10385.0
2026-04-24 12:15:00+00:00,272.65,272.8,272.5,272.57,10421.0
2026-04-24 12:20:00+00:00,272.53,272.6914,272.4036,272.6914,3138.0
2026-04-24 12:25:00+00:00,272.6162,272.75,272.6162,272.75,3357.0
2026-04-24 12:30:00+00:00,272.7,272.72,272.6,272.72,3204.0
2026-04-24 12:35:00+00:00,272.52,272.61,272.3,272.54,10390.0
2026-04-24 12:40:00+00:00,272.56,272.73,272.5182,272.52,5047.0
2026-04-24 12:45:00+00:00,272.5001,272.64,272.09,272.2,11202.0
2026-04-24 12:50:00+00:00,272.19,272.41,272.16,272.24,6941.0
2026-04-24 12:55:00+00:00,272.32,272.5,272.23,272.5,7265.0
2026-04-24 13:00:00+00:00,272.49,272.64,272.48,272.56,5937.0
2026-04-24 13:05:00+00:00,272.513,272.6,272.5,272.55,3527.0
2026-04-24 13:10:00+00:00,272.5,272.59,272.47,272.47,4899.0
2026-04-24 13:15:00+00:00,272.5482,272.59,272.3,272.35,10167.0
2026-04-24 13:20:00+00:00,272.28,272.3377,271.925,272.15,26536.0
2026-04-24 13:25:00+00:00,271.95,273.0,271.72,273.0,27285.0
2026-04-24 13:30:00+00:00,272.79,273.06,270.09,270.44,1613469.0
2026-04-24 13:35:00+00:00,270.42,271.54,270.4,271.18,619478.0
2026-04-24 13:40:00+00:00,271.18,271.8,270.79,271.2975,627696.0
2026-04-24 13:45:00+00:00,271.32,271.75,271.08,271.72,445397.0
2026-04-24 13:50:00+00:00,271.72,272.07,271.58,271.9678,398022.0
2026-04-24 13:55:00+00:00,271.96,271.96,271.31,271.67,402350.0
2026-04-24 14:00:00+00:00,271.64,271.69,271.16,271.66,585986.0
2026-04-24 14:05:00+00:00,271.64,271.8,270.91,271.18,375245.0
2026-04-24 14:10:00+00:00,271.15,271.63,271.045,271.55,277442.0
2026-04-24 14:15:00+00:00,271.54,272.27,271.4902,272.27,340632.0
2026-04-24 14:20:00+00:00,272.265,272.4,271.97,272.29,350566.0
2026-04-24 14:25:00+00:00,272.275,272.39,271.99,272.07,335790.0
2026-04-24 14:30:00+00:00,272.115,272.37,272.09,272.225,229172.0
2026-04-24 14:35:00+00:00,272.23,272.6,272.0,272.25,224872.0
2026-04-24 14:40:00+00:00,272.25,272.33,271.86,271.88,212999.0
2026-04-24 14:45:00+00:00,271.9,272.12,271.61,272.01,229075.0
2026-04-24 14:50:00+00:00,272.01,272.13,271.73,271.86,171781.0
2026-04-24 14:55:00+00:00,271.845,271.9,271.28,271.455,241119.0
2026-04-24 15:00:00+00:00,271.47,271.63,271.1,271.12,218628.0
2026-04-24 15:05:00+00:00,271.09,271.24,270.7,270.74,254784.0
2026-04-24 15:10:00+00:00,270.73,271.16,270.686,271.03,271779.0
2026-04-24 15:15:00+00:00,271.05,271.17,270.93,270.98,275525.0
2026-04-24 15:20:00+00:00,270.98,271.2299,270.93,270.93,222901.0
2026-04-24 15:25:00+00:00,270.91,271.015,270.5701,270.68,268851.0
2026-04-24 15:30:00+00:00,270.69,270.69,270.4,270.47,290874.0
2026-04-24 15:35:00+00:00,270.46,270.46,269.9024,269.96,396318.0
2026-04-24 15:40:00+00:00,269.9503,270.63,269.8,270.43,563136.0
2026-04-24 15:45:00+00:00,270.45,270.7,269.92,270.51,479859.0
2026-04-24 15:50:00+00:00,270.53,271.1399,270.425,270.975,399769.0
2026-04-24 15:55:00+00:00,270.955,271.18,270.64,271.0321,285744.0
2026-04-24 16:00:00+00:00,271.03,271.15,270.73,270.88,165442.0
2026-04-24 16:05:00+00:00,270.89,271.14,270.8646,271.12,188408.0
2026-04-24 16:10:00+00:00,271.12,271.69,271.1,271.6,286242.0
2026-04-24 16:15:00+00:00,271.58,271.6,271.13,271.21,222319.0
2026-04-24 16:20:00+00:00,271.2,271.26,271.02,271.02,150265.0
2026-04-24 16:25:00+00:00,271.04,271.14,270.98,271.0,136058.0
2026-04-24 16:30:00+00:00,271.0,271.152,270.8701,270.92,152830.0
2026-04-24 16:35:00+00:00,270.9,270.93,270.49,270.54,208333.0
2026-04-24 16:40:00+00:00,270.55,270.57,270.35,270.415,147598.0
2026-04-24 16:45:00+00:00,270.4,270.46,270.061,270.31,215422.0
2026-04-24 16:50:00+00:00,270.29,270.57,270.23,270.53,227549.0
2026-04-24 16:55:00+00:00,270.5201,270.58,270.41,270.475,652977.0
2026-04-24 17:00:00+00:00,270.4701,270.6,270.22,270.265,175949.0
2026-04-24 17:05:00+00:00,270.26,270.275,269.78,269.78,369999.0
2026-04-24 17:10:00+00:00,269.785,269.98,269.78,269.955,198989.0
2026-04-24 17:15:00+00:00,269.95,270.08,269.73,269.8093,303676.0
2026-04-24 17:20:00+00:00,269.79,270.07,269.65,269.98,263292.0
2026-04-24 17:25:00+00:00,269.99,270.25,269.8003,270.06,463443.0
2026-04-24 17:30:00+00:00,270.055,270.14,269.87,270.105,381972.0
2026-04-24 17:35:00+00:00,270.09,270.17,269.85,270.14,242838.0
2026-04-24 17:40:00+00:00,270.16,270.17,269.965,270.03,190449.0
2026-04-24 17:45:00+00:00,270.03,270.115,269.965,269.97,154102.0
2026-04-24 17:50:00+00:00,269.975,270.31,269.905,269.9401,325128.0
2026-04-24 17:55:00+00:00,269.94,269.97,269.76,269.8055,283874.0
2026-04-24 18:00:00+00:00,269.803,269.985,269.71,269.94,253749.0
2026-04-24 18:05:00+00:00,269.93,270.08,269.81,269.91,364630.0
2026-04-24 18:10:00+00:00,269.915,270.17,269.91,270.17,278362.0
2026-04-24 18:15:00+00:00,270.17,270.22,270.02,270.08,194834.0
2026-04-24 18:20:00+00:00,270.0701,270.1099,269.985,270.03,156588.0
2026-04-24 18:25:00+00:00,270.01,270.05,269.9,269.96,186701.0
2026-04-24 18:30:00+00:00,269.97,270.06,269.86,269.945,185941.0
2026-04-24 18:35:00+00:00,269.94,270.24,269.91,270.22,216269.0
2026-04-24 18:40:00+00:00,270.21,270.38,270.205,270.33,220943.0
2026-04-24 18:45:00+00:00,270.32,270.32,269.99,269.9998,192877.0
2026-04-24 18:50:00+00:00,270.0,270.13,269.97,270.0,172831.0
2026-04-24 18:55:00+00:00,270.02,270.24,270.015,270.11,193791.0
2026-04-24 19:00:00+00:00,270.12,270.205,269.9,270.095,1218565.0
2026-04-24 19:05:00+00:00,270.08,270.39,270.04,270.24,380700.0
2026-04-24 19:10:00+00:00,270.25,270.33,270.18,270.21,189176.0
2026-04-24 19:15:00+00:00,270.21,270.31,270.14,270.21,203767.0
2026-04-24 19:20:00+00:00,270.1901,270.24,269.98,270.0599,210836.0
2026-04-24 19:25:00+00:00,270.04,270.16,269.92,270.09,240961.0
2026-04-24 19:30:00+00:00,270.1,270.1999,270.0,270.1075,269041.0
2026-04-24 19:35:00+00:00,270.11,270.37,270.02,270.18,326370.0
2026-04-24 19:40:00+00:00,270.184,270.53,270.16,270.5,331654.0
2026-04-24 19:45:00+00:00,270.5,270.8,270.47,270.8,395039.0
2026-04-24 19:50:00+00:00,270.8,271.3,270.8,271.185,753702.0
2026-04-24 19:55:00+00:00,271.17,271.48,270.89,271.06,2672943.0
2026-04-24 20:00:00+00:00,270.96,271.06,270.845,270.8769,9682039.0
2026-04-24 20:05:00+00:00,270.88,271.07,270.88,271.0,22003.0
2026-04-24 20:10:00+00:00,271.0,271.08,270.98,271.0,15146.0
2026-04-24 20:15:00+00:00,270.97,270.99,270.9078,270.91,5349.0
2026-04-24 20:20:00+00:00,270.9174,271.0,270.91,270.96,82705.0
2026-04-24 20:25:00+00:00,270.94,270.95,270.4,270.8,65311.0
2026-04-24 20:30:00+00:00,270.78,271.06,270.78,270.9,30728.0
2026-04-24 20:35:00+00:00,270.9,270.9,270.88,270.88,40590.0
2026-04-24 20:40:00+00:00,270.88,270.88,270.87,270.87,600.0
2026-04-24 20:45:00+00:00,270.85,270.89,270.85,270.8794,340087.0
2026-04-24 20:50:00+00:00,270.88,270.88,270.82,270.82,6114.0
2026-04-24 20:55:00+00:00,270.82,270.87,270.82,270.87,2677.0
2026-04-24 21:00:00+00:00,270.85,270.86,270.85,270.86,259.0
2026-04-24 21:05:00+00:00,270.8488,270.85,270.81,270.81,3119.0
2026-04-24 21:10:00+00:00,270.82,270.82,270.82,270.82,2954.0
2026-04-24 21:15:00+00:00,270.8503,270.8699,270.85,270.86,3594.0
2026-04-24 21:20:00+00:00,270.8589,270.8589,270.84,270.84,1569.0
2026-04-24 21:25:00+00:00,270.81,270.84,270.81,270.84,1084.0
2026-04-24 21:35:00+00:00,270.83,270.85,270.83,270.8329,1287.0
2026-04-24 21:40:00+00:00,270.8492,270.8492,270.83,270.84,1954.0
2026-04-24 21:45:00+00:00,270.8397,270.87,270.8392,270.86,1816.0
2026-04-24 21:50:00+00:00,270.85,270.87,270.85,270.87,736.0
2026-04-24 21:55:00+00:00,270.85,270.8501,270.84,270.84,2646.0
2026-04-24 22:00:00+00:00,270.82,270.84,270.81,270.84,566.0
2026-04-24 22:05:00+00:00,270.82,270.86,270.82,270.86,7821.0
2026-04-24 22:10:00+00:00,270.86,270.86,270.84,270.84,912.0
2026-04-24 22:15:00+00:00,270.8412,270.88,270.8412,270.88,1324.0
2026-04-24 22:20:00+00:00,270.89,270.9,270.8874,270.9,950.0
2026-04-24 22:25:00+00:00,270.99,270.99,270.91,270.9117,1107.0
2026-04-24 22:30:00+00:00,270.9,270.9,270.87,270.87,553.0
2026-04-24 22:35:00+00:00,270.98,270.99,270.9135,270.9135,1403.0
2026-04-24 22:40:00+00:00,270.92,270.99,270.92,270.99,339.0
2026-04-24 22:45:00+00:00,270.92,270.93,270.9,270.91,1103.0
2026-04-24 22:50:00+00:00,270.9,270.93,270.9,270.93,307.0
2026-04-24 22:55:00+00:00,270.9,270.9498,270.9,270.9,1068.0
2026-04-24 23:05:00+00:00,270.95,270.95,270.9,270.9,1773.0
2026-04-24 23:10:00+00:00,270.9,270.9,270.87,270.87,932.0
2026-04-24 23:15:00+00:00,270.91,270.91,270.91,270.91,226.0
2026-04-24 23:20:00+00:00,270.85,270.86,270.85,270.8501,1570.0
2026-04-24 23:25:00+00:00,270.899,270.9,270.85,270.85,5405.0
2026-04-24 23:30:00+00:00,270.8825,270.91,270.8501,270.91,1398.0
2026-04-24 23:40:00+00:00,270.8104,270.86,270.8104,270.8599,1039.0
2026-04-24 23:45:00+00:00,270.85,270.87,270.8188,270.8188,1635.0
2026-04-24 23:50:00+00:00,270.8684,270.8891,270.8684,270.8891,1697.0
2026-04-24 23:55:00+00:00,270.88,270.9,270.81,270.9,4308.0
2026-04-27 08:00:00+00:00,270.3,270.3,268.7,268.88,121744.0
2026-04-27 08:05:00+00:00,269.0,269.0,268.51,268.8,19653.0
2026-04-27 08:10:00+00:00,268.9,269.0,268.7,268.8,7391.0
2026-04-27 08:15:00+00:00,268.78,268.79,268.45,268.47,6837.0
2026-04-27 08:20:00+00:00,268.4,268.4,267.92,267.99,28079.0
2026-04-27 08:25:00+00:00,267.99,268.16,267.95,268.0,11947.0
2026-04-27 08:30:00+00:00,268.0,268.0,267.52,267.6,6340.0
2026-04-27 08:35:00+00:00,267.56,267.8,267.52,267.65,19511.0
2026-04-27 08:40:00+00:00,267.79,267.79,267.61,267.7,4292.0
2026-04-27 08:45:00+00:00,267.67,267.9,267.67,267.79,10998.0
2026-04-27 08:50:00+00:00,267.9,268.005,267.86,267.9,5401.0
2026-04-27 08:55:00+00:00,267.9,268.13,267.89,268.11,7896.0
2026-04-27 09:00:00+00:00,268.14,268.15,268.015,268.015,6575.0
2026-04-27 09:05:00+00:00,268.01,268.2,268.01,268.11,7093.0
2026-04-27 09:10:00+00:00,268.07,268.15,268.07,268.15,4186.0
2026-04-27 09:15:00+00:00,268.03,268.04,268.02,268.02,2533.0
2026-04-27 09:20:00+00:00,268.02,268.02,267.82,267.99,8318.0
2026-04-27 09:25:00+00:00,268.0,268.0,267.87,267.88,4208.0
2026-04-27 09:30:00+00:00,267.8,267.85,267.6,267.6,10723.0
2026-04-27 09:35:00+00:00,267.56,267.59,267.52,267.55,5330.0
2026-04-27 09:40:00+00:00,267.56,267.78,267.5,267.52,19317.0
2026-04-27 09:45:00+00:00,267.56,267.6,267.56,267.6,5960.0
2026-04-27 09:50:00+00:00,267.58,267.72,267.58,267.72,3020.0
2026-04-27 09:55:00+00:00,267.71,267.78,267.07,267.07,10556.0
2026-04-27 10:00:00+00:00,267.19,267.31,267.0,267.2,18462.0
2026-04-27 10:05:00+00:00,267.1995,267.4,267.1995,267.27,4737.0
2026-04-27 10:10:00+00:00,267.33,267.5,267.33,267.45,3326.0
2026-04-27 10:15:00+00:00,267.5,267.85,267.5,267.58,11701.0
2026-04-27 10:20:00+00:00,267.55,267.57,267.0,267.3225,19675.0
2026-04-27 10:25:00+00:00,267.0,267.07,266.8,266.8,7696.0
2026-04-27 10:30:00+00:00,266.76,266.99,266.57,266.95,10677.0
2026-04-27 10:35:00+00:00,267.14,267.15,266.7,266.87,10555.0
2026-04-27 10:40:00+00:00,267.0,267.07,266.73,266.99,18913.0
2026-04-27 10:45:00+00:00,266.805,266.99,266.46,266.46,10564.0
2026-04-27 10:50:00+00:00,266.49,266.5,265.95,266.21,39403.0
2026-04-27 10:55:00+00:00,266.21,266.7,266.21,266.68,21701.0
2026-04-27 11:00:00+00:00,266.7,266.98,266.5282,266.7906,41333.0
2026-04-27 11:05:00+00:00,266.8,266.98,266.43,266.51,22241.0
2026-04-27 11:10:00+00:00,266.48,266.6,266.27,266.37,27634.0
2026-04-27 11:15:00+00:00,266.3478,266.5,266.1,266.3909,61896.0
2026-04-27 11:20:00+00:00,266.4,266.49,266.0,266.2671,31271.0
2026-04-27 11:25:00+00:00,266.3828,266.4,266.0786,266.1957,23651.0
2026-04-27 11:30:00+00:00,266.2,266.4,266.1,266.16,30518.0
2026-04-27 11:35:00+00:00,266.32,266.5,266.16,266.49,30818.0
2026-04-27 11:40:00+00:00,266.5,266.7,266.474,266.7,22218.0
2026-04-27 11:45:00+00:00,266.71,269.1845,266.6,266.83,31502.0
2026-04-27 11:50:00+00:00,266.81,266.9,266.75,266.9,10753.0
2026-04-27 11:55:00+00:00,266.8802,266.99,266.65,266.8,18890.0
2026-04-27 12:00:00+00:00,266.9,266.9,266.5,266.8001,19538.0
2026-04-27 12:05:00+00:00,266.6,266.78,266.5026,266.75,16771.0
2026-04-27 12:10:00+00:00,266.78,267.65,266.78,267.44,35833.0
2026-04-27 12:15:00+00:00,267.42,267.8,267.3,267.72,32195.0
2026-04-27 12:20:00+00:00,267.7,267.82,267.3573,267.5,13273.0
2026-04-27 12:25:00+00:00,267.42,267.42,266.974,267.0463,21796.0
2026-04-27 12:30:00+00:00,267.16,267.37,267.0,267.1,23288.0
2026-04-27 12:35:00+00:00,267.06,267.49,267.06,267.39,17550.0
2026-04-27 12:40:00+00:00,267.4,267.6,267.25,267.58,24362.0
2026-04-27 12:45:00+00:00,267.53,267.9795,267.49,267.9795,25366.0
2026-04-27 12:50:00+00:00,267.94,268.0,267.79,267.9935,17705.0
2026-04-27 12:55:00+00:00,268.0,268.06,267.4,267.42,27680.0
2026-04-27 13:00:00+00:00,267.6,267.8701,267.5,267.8701,22441.0
2026-04-27 13:05:00+00:00,267.75,268.33,267.7086,268.0,29308.0
2026-04-27 13:10:00+00:00,267.99,268.0,267.65,267.75,14985.0
2026-04-27 13:15:00+00:00,267.75,268.0,267.35,267.36,24914.0
2026-04-27 13:20:00+00:00,267.487,267.55,267.19,267.5,16002.0
2026-04-27 13:25:00+00:00,267.42,267.42,265.08,265.88,191704.0
2026-04-27 13:30:00+00:00,266.09,267.88,265.07,266.15,2882464.0
2026-04-27 13:35:00+00:00,266.18,267.25,266.102,267.1999,1188072.0
2026-04-27 13:40:00+00:00,267.17,267.74,267.03,267.485,722633.0
2026-04-27 13:45:00+00:00,267.49,268.13,267.31,267.97,751137.0
2026-04-27 13:50:00+00:00,267.9799,268.24,267.42,267.92,635826.0
2026-04-27 13:55:00+00:00,267.92,268.36,267.63,268.13,501506.0
2026-04-27 14:00:00+00:00,268.13,268.2,267.245,267.2581,467519.0
2026-04-27 14:05:00+00:00,267.26,267.53,267.11,267.49,389621.0
2026-04-27 14:10:00+00:00,267.485,268.0,267.13,267.39,379142.0
2026-04-27 14:15:00+00:00,267.385,267.7399,267.315,267.675,295887.0
2026-04-27 14:20:00+00:00,267.64,267.6491,267.29,267.43,364292.0
2026-04-27 14:25:00+00:00,267.43,267.47,267.18,267.36,224600.0
2026-04-27 14:30:00+00:00,267.39,267.8,267.38,267.56,326931.0
2026-04-27 14:35:00+00:00,267.5,267.7,267.14,267.37,397039.0
2026-04-27 14:40:00+00:00,267.38,267.44,267.05,267.185,271173.0
2026-04-27 14:45:00+00:00,267.185,267.31,267.0,267.085,269110.0
2026-04-27 14:50:00+00:00,267.08,267.135,266.67,266.79,351601.0
2026-04-27 14:55:00+00:00,266.8,267.195,266.78,267.16,209565.0
2026-04-27 15:00:00+00:00,267.18,267.34,267.0,267.215,245204.0
2026-04-27 15:05:00+00:00,267.215,267.5556,267.02,267.08,301800.0
2026-04-27 15:10:00+00:00,267.07,267.0934,266.75,266.89,242867.0
2026-04-27 15:15:00+00:00,266.89,267.07,266.62,266.79,258050.0
2026-04-27 15:20:00+00:00,266.78,267.01,266.74,266.995,191189.0
2026-04-27 15:25:00+00:00,267.01,267.2,266.9,267.11,198726.0
2026-04-27 15:30:00+00:00,267.14,267.25,266.855,267.0,229295.0
2026-04-27 15:35:00+00:00,267.01,267.35,266.9801,267.26,203983.0
2026-04-27 15:40:00+00:00,267.26,267.64,267.21,267.64,213844.0
2026-04-27 15:45:00+00:00,267.64,267.64,267.0006,267.04,258358.0
2026-04-27 15:50:00+00:00,267.04,267.06,266.88,267.03,182291.0
2026-04-27 15:55:00+00:00,267.04,267.05,266.67,266.79,242402.0
2026-04-27 16:00:00+00:00,266.795,267.02,266.65,266.88,343255.0
2026-04-27 16:05:00+00:00,266.86,266.89,266.67,266.815,228731.0
2026-04-27 16:10:00+00:00,266.815,267.05,266.8,266.845,156159.0
2026-04-27 16:15:00+00:00,266.84,266.86,266.63,266.71,168442.0
2026-04-27 16:20:00+00:00,266.71,266.71,266.37,266.39,273892.0
2026-04-27 16:25:00+00:00,266.39,266.48,266.26,266.295,184987.0
2026-04-27 16:30:00+00:00,266.29,266.51,266.29,266.44,217105.0
2026-04-27 16:35:00+00:00,266.45,266.49,266.32,266.4197,157861.0
2026-04-27 16:40:00+00:00,266.41,266.64,266.365,266.5851,143536.0
2026-04-27 16:45:00+00:00,266.59,266.675,266.475,266.52,181629.0
2026-04-27 16:50:00+00:00,266.515,266.56,266.43,266.47,230114.0
2026-04-27 16:55:00+00:00,266.47,266.55,266.34,266.42,254058.0
2026-04-27 17:00:00+00:00,266.42,266.65,266.37,266.55,743362.0
2026-04-27 17:05:00+00:00,266.55,266.67,266.46,266.6,150380.0
2026-04-27 17:10:00+00:00,266.59,266.6,266.39,266.4496,179604.0
2026-04-27 17:15:00+00:00,266.43,266.79,266.4,266.74,216958.0
2026-04-27 17:20:00+00:00,266.735,267.05,266.725,266.7899,320244.0
2026-04-27 17:25:00+00:00,266.77,266.92,266.71,266.84,160044.0
2026-04-27 17:30:00+00:00,266.83,267.05,266.8,266.97,201152.0
2026-04-27 17:35:00+00:00,266.96,266.99,266.75,266.89,172407.0
2026-04-27 17:40:00+00:00,266.89,266.95,266.79,266.86,145254.0
2026-04-27 17:45:00+00:00,266.8599,266.8759,266.4,266.5001,259445.0
2026-04-27 17:50:00+00:00,266.52,266.54,266.35,266.41,180538.0
2026-04-27 17:55:00+00:00,266.4,266.51,266.3801,266.48,120365.0
2026-04-27 18:00:00+00:00,266.47,266.52,266.2,266.26,249107.0
2026-04-27 18:05:00+00:00,266.265,266.43,266.18,266.42,180579.0
2026-04-27 18:10:00+00:00,266.43,266.64,266.36,266.5301,204139.0
2026-04-27 18:15:00+00:00,266.54,266.59,266.26,266.29,237049.0
2026-04-27 18:20:00+00:00,266.27,266.3065,266.11,266.115,262404.0
2026-04-27 18:25:00+00:00,266.11,266.405,266.09,266.3499,353274.0
2026-04-27 18:30:00+00:00,266.35,266.35,266.13,266.29,281934.0
2026-04-27 18:35:00+00:00,266.29,266.4,266.17,266.3701,212457.0
2026-04-27 18:40:00+00:00,266.38,266.45,266.15,266.18,194727.0
2026-04-27 18:45:00+00:00,266.18,266.33,266.15,266.165,141049.0
2026-04-27 18:50:00+00:00,266.18,266.495,266.16,266.495,170737.0
2026-04-27 18:55:00+00:00,266.49,266.515,266.355,266.42,234310.0
2026-04-27 19:00:00+00:00,266.44,266.59,266.365,266.365,239064.0
2026-04-27 19:05:00+00:00,266.36,266.477,266.31,266.46,250168.0
2026-04-27 19:10:00+00:00,266.45,266.73,266.43,266.6301,189329.0
2026-04-27 19:15:00+00:00,266.635,266.881,266.635,266.68,256653.0
2026-04-27 19:20:00+00:00,266.68,266.825,266.65,266.7461,179769.0
2026-04-27 19:25:00+00:00,266.7416,267.215,266.74,267.15,366607.0
2026-04-27 19:30:00+00:00,267.16,267.6,267.05,267.44,509129.0
2026-04-27 19:35:00+00:00,267.4302,267.49,267.34,267.395,331884.0
2026-04-27 19:40:00+00:00,267.39,267.73,267.34,267.7,558923.0
2026-04-27 19:45:00+00:00,267.71,267.82,267.55,267.587,402117.0
2026-04-27 19:50:00+00:00,267.58,267.97,267.53,267.54,794593.0
2026-04-27 19:55:00+00:00,267.54,267.89,267.43,267.64,1485937.0
2026-04-27 20:00:00+00:00,267.65,267.65,267.45,267.46,12669335.0
2026-04-27 20:05:00+00:00,267.5,267.7,267.45,267.45,30437.0
2026-04-27 20:10:00+00:00,267.4525,267.7,267.4525,267.7,60728.0
2026-04-27 20:15:00+00:00,267.62,267.62,267.3814,267.3814,11818.0
2026-04-27 20:20:00+00:00,267.38,267.5383,267.07,267.4,16404.0
2026-04-27 20:25:00+00:00,267.47,267.47,267.39,267.4,3567.0
2026-04-27 20:30:00+00:00,267.44,267.61,267.413,267.413,44223.0
2026-04-27 20:35:00+00:00,267.45,267.4722,267.45,267.4722,1729.0
2026-04-27 20:40:00+00:00,267.48,267.53,267.48,267.5,8095.0
2026-04-27 20:45:00+00:00,267.5,267.58,267.5,267.54,2861.0
2026-04-27 20:50:00+00:00,267.53,267.53,267.48,267.5,4520.0
2026-04-27 20:55:00+00:00,267.5,267.55,267.4416,267.4416,10942.0
2026-04-27 21:00:00+00:00,267.54,267.54,267.44,267.44,708.0
2026-04-27 21:05:00+00:00,267.51,267.51,267.51,267.51,1580.0
2026-04-27 21:10:00+00:00,267.5,267.5,267.5,267.5,293.0
2026-04-27 21:15:00+00:00,267.52,267.55,267.44,267.47,18313.0
2026-04-27 21:25:00+00:00,267.52,267.52,267.47,267.47,3591.0
2026-04-27 21:30:00+00:00,267.48,267.48,267.4,267.4299,7468.0
2026-04-27 21:35:00+00:00,267.46,267.49,267.46,267.49,1048.0
2026-04-27 21:40:00+00:00,267.44,267.55,267.44,267.55,1111.0
2026-04-27 21:45:00+00:00,267.49,267.49,267.48,267.49,1426.0
2026-04-27 21:50:00+00:00,267.54,267.54,267.46,267.49,2171.0
2026-04-27 21:55:00+00:00,267.5,267.5,267.44,267.44,3259.0
2026-04-27 22:00:00+00:00,267.51,267.58,267.4301,267.5796,2899.0
2026-04-27 22:05:00+00:00,267.53,267.75,267.53,267.56,15440.0
2026-04-27 22:10:00+00:00,267.69,267.69,267.5777,267.69,4958.0
2026-04-27 22:15:00+00:00,267.69,267.75,267.69,267.74,2908.0
2026-04-27 22:20:00+00:00,267.73,267.75,267.73,267.74,1209.0
2026-04-27 22:25:00+00:00,267.71,267.75,267.6,267.6,1563.0
2026-04-27 22:30:00+00:00,267.75,267.76,267.69,267.75,3975.0
2026-04-27 22:35:00+00:00,267.75,267.75,267.74,267.75,974.0
2026-04-27 22:40:00+00:00,267.75,267.9092,267.7499,267.9092,8464.0
2026-04-27 22:45:00+00:00,267.78,267.9,267.7,267.85,8918.0
2026-04-27 22:50:00+00:00,267.79,267.8,267.79,267.79,1324.0
2026-04-27 22:55:00+00:00,267.8,267.85,267.78,267.78,639.0
2026-04-27 23:00:00+00:00,267.78,267.9,267.7186,267.7186,3760.0
2026-04-27 23:05:00+00:00,267.82,267.88,267.82,267.88,559.0
2026-04-27 23:10:00+00:00,267.88,267.88,267.88,267.88,122.0
2026-04-27 23:15:00+00:00,267.7695,267.9,267.7695,267.9,1434.0
2026-04-27 23:20:00+00:00,267.82,267.88,267.82,267.88,1799.0
2026-04-27 23:25:00+00:00,267.86,267.878,267.84,267.878,1739.0
2026-04-27 23:30:00+00:00,267.845,267.9,267.84,267.87,2580.0
2026-04-27 23:35:00+00:00,267.85,268.0,267.85,267.9,3201.0
2026-04-27 23:40:00+00:00,267.87,267.92,267.85,267.85,2246.0
2026-04-27 23:45:00+00:00,267.8601,267.8999,267.86,267.86,3721.0
2026-04-27 23:50:00+00:00,267.86,267.8821,267.86,267.8652,1355.0
2026-04-27 23:55:00+00:00,267.886,267.886,267.86,267.8699,1567.0
2026-04-28 08:00:00+00:00,267.2833,267.48,266.86,267.33,33926.0
2026-04-28 08:05:00+00:00,267.34,267.5,267.3,267.3,4866.0
2026-04-28 08:10:00+00:00,267.46,267.59,267.0,267.4,3679.0
2026-04-28 08:15:00+00:00,267.6,267.78,267.6,267.78,5162.0
2026-04-28 08:20:00+00:00,267.76,267.89,267.76,267.8,2874.0
2026-04-28 08:25:00+00:00,267.75,268.03,267.75,268.03,3449.0
2026-04-28 08:30:00+00:00,268.04,268.16,267.93,267.93,1595.0
2026-04-28 08:35:00+00:00,267.815,267.815,267.815,267.815,268.0
2026-04-28 08:40:00+00:00,267.9,267.9,267.64,267.74,2487.0
2026-04-28 08:45:00+00:00,267.74,267.74,267.62,267.7,4734.0
2026-04-28 08:50:00+00:00,267.62,268.0,267.62,268.0,508.0
2026-04-28 09:05:00+00:00,267.72,267.87,267.62,267.87,2060.0
2026-04-28 09:10:00+00:00,267.93,267.93,267.91,267.91,606.0
2026-04-28 09:20:00+00:00,268.05,268.16,268.02,268.02,1763.0
2026-04-28 09:25:00+00:00,268.16,268.3,268.05,268.3,3008.0
2026-04-28 09:30:00+00:00,268.28,268.54,268.28,268.4656,6064.0
2026-04-28 09:35:00+00:00,268.7,269.06,268.6,269.06,10985.0
2026-04-28 09:40:00+00:00,268.891,269.2,268.891,269.0,7985.0
2026-04-28 09:45:00+00:00,269.0,269.45,269.0,269.45,5404.0
2026-04-28 09:50:00+00:00,269.218,269.5,269.2,269.5,2074.0
2026-04-28 09:55:00+00:00,269.23,269.23,268.79,268.79,3784.0
2026-04-28 10:00:00+00:00,269.0,269.0,268.84,268.88,2184.0
2026-04-28 10:05:00+00:00,268.87,268.87,268.6,268.6,2877.0
2026-04-28 10:10:00+00:00,268.78,268.8,268.6,268.6,2248.0
2026-04-28 10:15:00+00:00,268.7747,268.8,268.7747,268.8,2139.0
2026-04-28 10:20:00+00:00,268.82,268.82,268.55,268.55,5208.0
2026-04-28 10:25:00+00:00,268.51,268.5167,268.51,268.5167,919.0
2026-04-28 10:30:00+00:00,268.68,268.68,268.59,268.59,1366.0
2026-04-28 10:35:00+00:00,268.64,268.67,268.56,268.56,4572.0
2026-04-28 10:40:00+00:00,268.75,268.77,268.71,268.71,2929.0
2026-04-28 10:45:00+00:00,268.77,268.98,268.77,268.91,4377.0
2026-04-28 10:50:00+00:00,268.86,268.86,268.78,268.78,1212.0
2026-04-28 10:55:00+00:00,268.78,268.78,268.78,268.78,543.0
2026-04-28 11:00:00+00:00,268.58,268.8,268.55,268.55,14174.0
2026-04-28 11:05:00+00:00,268.68,268.7,268.4,268.7,11291.0
2026-04-28 11:10:00+00:00,268.65,268.75,268.57,268.65,11136.0
2026-04-28 11:15:00+00:00,268.55,268.5775,268.4542,268.53,10738.0
2026-04-28 11:20:00+00:00,268.49,268.967,268.49,268.88,21423.0
2026-04-28 11:25:00+00:00,268.85,269.0,268.5,269.0,37300.0
2026-04-28 11:30:00+00:00,268.9,269.0958,268.73,269.0,15754.0
2026-04-28 11:35:00+00:00,268.81,269.19,268.81,268.9889,15061.0
2026-04-28 11:40:00+00:00,268.9,269.0,268.5481,269.0,16595.0
2026-04-28 11:45:00+00:00,269.08,269.1699,268.8026,268.8026,10092.0
2026-04-28 11:50:00+00:00,268.85,269.0,268.7,268.92,8109.0
2026-04-28 11:55:00+00:00,268.92,269.17,268.88,269.17,11645.0
2026-04-28 12:00:00+00:00,269.17,269.2,268.84,268.96,13343.0
2026-04-28 12:05:00+00:00,269.07,269.17,269.0,269.06,7779.0
2026-04-28 12:10:00+00:00,269.12,269.7,269.1,269.5,23903.0
2026-04-28 12:15:00+00:00,269.55,269.57,269.2101,269.35,20941.0
2026-04-28 12:20:00+00:00,269.35,269.7,269.08,269.28,19248.0
2026-04-28 12:25:00+00:00,269.24,269.3627,269.08,269.1045,22360.0
2026-04-28 12:30:00+00:00,269.08,269.415,269.03,269.31,11415.0
2026-04-28 12:35:00+00:00,269.35,269.49,269.1,269.4101,12786.0
2026-04-28 12:40:00+00:00,269.49,269.99,269.41,269.61,21091.0
2026-04-28 12:45:00+00:00,269.62,269.75,269.5001,269.69,13239.0
2026-04-28 12:50:00+00:00,269.675,269.74,269.5,269.6,18157.0
2026-04-28 12:55:00+00:00,269.6748,269.99,269.655,269.865,34148.0
2026-04-28 13:00:00+00:00,269.8273,270.43,269.8273,270.11,44777.0
2026-04-28 13:05:00+00:00,270.11,271.19,270.09,271.0024,97595.0
2026-04-28 13:10:00+00:00,271.1267,271.36,271.0,271.0101,90567.0
2026-04-28 13:15:00+00:00,271.03,271.15,271.0,271.05,40332.0
2026-04-28 13:20:00+00:00,271.06,271.15,271.0,271.02,50807.0
2026-04-28 13:25:00+00:00,271.0,272.5,270.87,272.28,301354.0
2026-04-28 13:30:00+00:00,272.335,273.23,269.02,269.1219,2360789.0
2026-04-28 13:35:00+00:00,269.1205,270.05,268.66,269.85,873785.0
2026-04-28 13:40:00+00:00,269.824,269.94,269.4,269.76,596791.0
2026-04-28 13:45:00+00:00,269.76,270.44,269.53,270.4322,657683.0
2026-04-28 13:50:00+00:00,270.44,270.6,270.0435,270.095,460345.0
2026-04-28 13:55:00+00:00,270.08,270.08,269.6001,269.905,367574.0
2026-04-28 14:00:00+00:00,269.85,270.26,269.66,269.7501,378290.0
2026-04-28 14:05:00+00:00,269.765,270.31,269.7,270.225,352820.0
2026-04-28 14:10:00+00:00,270.22,270.44,269.98,270.295,327170.0
2026-04-28 14:15:00+00:00,270.32,270.77,270.25,270.72,513699.0
2026-04-28 14:20:00+00:00,270.71,270.91,270.5,270.79,381120.0
2026-04-28 14:25:00+00:00,270.77,271.4,270.64,271.2799,698826.0
2026-04-28 14:30:00+00:00,271.28,271.654,271.2,271.445,565499.0
2026-04-28 14:35:00+00:00,271.43,271.53,270.642,271.06,612333.0
2026-04-28 14:40:00+00:00,271.04,271.33,270.81,271.255,439612.0
2026-04-28 14:45:00+00:00,271.255,271.7495,271.24,271.39,460672.0
2026-04-28 14:50:00+00:00,271.37,271.55,271.14,271.485,489248.0
2026-04-28 14:55:00+00:00,271.485,271.485,270.92,271.13,440154.0
2026-04-28 15:00:00+00:00,271.17,271.69,271.085,271.54,409624.0
2026-04-28 15:05:00+00:00,271.52,271.83,271.37,271.6502,541681.0
2026-04-28 15:10:00+00:00,271.68,271.75,271.2107,271.555,490990.0
2026-04-28 15:15:00+00:00,271.54,271.6,270.925,270.975,325884.0
2026-04-28 15:20:00+00:00,270.99,271.26,270.7601,271.22,318217.0
2026-04-28 15:25:00+00:00,271.195,271.24,270.29,270.325,310823.0
2026-04-28 15:30:00+00:00,270.325,270.565,270.19,270.19,234133.0
2026-04-28 15:35:00+00:00,270.2003,270.3798,269.96,270.19,242399.0
2026-04-28 15:40:00+00:00,270.16,270.39,269.89,269.93,697801.0
2026-04-28 15:45:00+00:00,269.93,270.1499,269.75,269.7901,216245.0
2026-04-28 15:50:00+00:00,269.79,269.895,269.48,269.685,232859.0
2026-04-28 15:55:00+00:00,269.67,269.7499,269.54,269.64,158986.0
2026-04-28 16:00:00+00:00,269.665,270.05,269.665,269.995,228564.0
2026-04-28 16:05:00+00:00,270.0,270.17,269.8501,269.94,161425.0
2026-04-28 16:10:00+00:00,269.945,269.965,269.815,269.87,116412.0
2026-04-28 16:15:00+00:00,269.87,269.87,269.63,269.67,132675.0
2026-04-28 16:20:00+00:00,269.6506,269.7,269.3745,269.39,190662.0
2026-04-28 16:25:00+00:00,269.385,269.6099,269.3313,269.516,126153.0
2026-04-28 16:30:00+00:00,269.49,269.7,269.48,269.57,184997.0
2026-04-28 16:35:00+00:00,269.56,269.841,269.49,269.8,136308.0
2026-04-28 16:40:00+00:00,269.8,269.875,269.4402,269.655,166823.0
2026-04-28 16:45:00+00:00,269.665,269.86,269.53,269.815,185459.0
2026-04-28 16:50:00+00:00,269.82,270.11,269.795,269.919,158455.0
2026-04-28 16:55:00+00:00,269.94,270.08,269.85,269.94,139216.0
2026-04-28 17:00:00+00:00,269.935,270.13,269.92,269.9501,197988.0
2026-04-28 17:05:00+00:00,269.965,270.0099,269.72,269.8368,171367.0
2026-04-28 17:10:00+00:00,269.835,269.88,269.64,269.7,135294.0
2026-04-28 17:15:00+00:00,269.72,269.7499,269.51,269.595,128884.0
2026-04-28 17:20:00+00:00,269.62,269.815,269.6001,269.69,120357.0
2026-04-28 17:25:00+00:00,269.695,269.95,269.655,269.87,133252.0
2026-04-28 17:30:00+00:00,269.87,269.982,269.79,269.955,118524.0
2026-04-28 17:35:00+00:00,269.96,270.09,269.8701,270.001,133460.0
2026-04-28 17:40:00+00:00,270.0,270.12,269.9701,270.07,109762.0
2026-04-28 17:45:00+00:00,270.07,270.45,270.0502,270.32,193487.0
2026-04-28 17:50:00+00:00,270.315,270.55,270.23,270.53,180272.0
2026-04-28 17:55:00+00:00,270.54,270.6499,270.5,270.515,127735.0
2026-04-28 18:00:00+00:00,270.53,270.57,270.27,270.395,247368.0
2026-04-28 18:05:00+00:00,270.3801,270.93,270.1201,270.37,861079.0
2026-04-28 18:10:00+00:00,270.375,270.6,270.3,270.52,232029.0
2026-04-28 18:15:00+00:00,270.52,270.69,270.45,270.62,172034.0
2026-04-28 18:20:00+00:00,270.63,270.74,270.45,270.5901,224622.0
2026-04-28 18:25:00+00:00,270.61,270.69,270.48,270.5,168188.0
2026-04-28 18:30:00+00:00,270.505,270.54,270.19,270.5,256788.0
2026-04-28 18:35:00+00:00,270.485,270.505,270.3,270.37,157455.0
2026-04-28 18:40:00+00:00,270.35,270.395,270.18,270.23,179779.0
2026-04-28 18:45:00+00:00,270.225,270.29,270.18,270.2101,144742.0
2026-04-28 18:50:00+00:00,270.21,270.26,270.03,270.065,146156.0
2026-04-28 18:55:00+00:00,270.06,270.17,269.89,270.0601,222375.0
2026-04-28 19:00:00+00:00,270.065,270.155,270.02,270.13,170886.0
2026-04-28 19:05:00+00:00,270.13,270.36,270.08,270.225,168514.0
2026-04-28 19:10:00+00:00,270.21,270.45,270.1601,270.45,181481.0
2026-04-28 19:15:00+00:00,270.44,270.58,270.371,270.46,275078.0
2026-04-28 19:20:00+00:00,270.4401,270.63,270.295,270.375,199234.0
2026-04-28 19:25:00+00:00,270.375,270.377,270.125,270.225,200339.0
2026-04-28 19:30:00+00:00,270.225,270.41,270.01,270.03,230522.0
2026-04-28 19:35:00+00:00,270.04,270.44,269.995,270.4201,273351.0
2026-04-28 19:40:00+00:00,270.44,270.59,270.39,270.55,246923.0
2026-04-28 19:45:00+00:00,270.55,270.74,270.525,270.61,343565.0
2026-04-28 19:50:00+00:00,270.63,270.945,270.48,270.63,602706.0
2026-04-28 19:55:00+00:00,270.6,270.85,270.56,270.76,1420929.0
2026-04-28 20:00:00+00:00,270.76,271.0,270.2722,270.61,11814042.0
2026-04-28 20:05:00+00:00,270.62,270.7,270.6,270.64,11841.0
2026-04-28 20:10:00+00:00,270.61,270.61,270.31,270.5695,13158.0
2026-04-28 20:15:00+00:00,270.32,270.71,270.01,270.2,229551.0
2026-04-28 20:20:00+00:00,270.05,270.12,270.0,270.04,6947.0
2026-04-28 20:25:00+00:00,270.1399,270.1399,269.8727,269.8727,6499.0
2026-04-28 20:30:00+00:00,269.83,270.135,269.74,270.135,8909.0
2026-04-28 20:35:00+00:00,270.18,270.28,270.0,270.0,11257.0
2026-04-28 20:40:00+00:00,270.71,270.71,269.86,270.01,42740.0
2026-04-28 20:45:00+00:00,270.0735,270.14,269.99,270.08,2625.0
2026-04-28 20:50:00+00:00,269.91,270.0781,269.9,269.911,1364.0
2026-04-28 20:55:00+00:00,270.0,270.05,270.0,270.05,418.0
2026-04-28 21:00:00+00:00,269.91,269.9997,269.91,269.99,1512.0
2026-04-28 21:05:00+00:00,269.9,269.9,269.75,269.75,583825.0
2026-04-28 21:10:00+00:00,269.7994,269.8,269.6518,269.66,5309.0
2026-04-28 21:15:00+00:00,269.69,269.69,269.5,269.6499,10222.0
2026-04-28 21:20:00+00:00,269.62,269.62,269.61,269.62,669.0
2026-04-28 21:25:00+00:00,269.52,269.64,269.52,269.63,3459.0
2026-04-28 21:30:00+00:00,269.65,269.65,269.6318,269.6318,5762.0
2026-04-28 21:35:00+00:00,269.6488,269.6488,269.48,269.48,3168.0
2026-04-28 21:40:00+00:00,269.5213,269.5263,269.5,269.5263,1594.0
2026-04-28 21:45:00+00:00,269.59,269.59,269.5014,269.5014,3270.0
2026-04-28 21:50:00+00:00,269.52,269.58,269.52,269.5799,1125.0
2026-04-28 21:55:00+00:00,269.5,269.65,269.5,269.5599,2817.0
2026-04-28 22:00:00+00:00,269.65,269.9,269.65,269.81,4133.0
2026-04-28 22:05:00+00:00,269.8,270.0,269.75,269.85,3476.0
2026-04-28 22:10:00+00:00,269.75,269.8544,269.75,269.8544,1571.0
2026-04-28 22:15:00+00:00,269.83,269.83,269.8,269.8,1634.0
2026-04-28 22:20:00+00:00,269.79,269.7995,269.7,269.7,1517.0
2026-04-28 22:30:00+00:00,269.67,269.67,269.67,269.67,394.0
2026-04-28 22:35:00+00:00,269.85,269.86,269.73,269.73,2466.0
2026-04-28 22:40:00+00:00,269.6508,269.8,269.63,269.8,1115.0
2026-04-28 22:45:00+00:00,269.7,269.71,269.5,269.5,4278.0
2026-04-28 22:50:00+00:00,269.65,269.69,269.65,269.69,347.0
2026-04-28 22:55:00+00:00,269.53,269.53,269.53,269.53,337.0
2026-04-28 23:00:00+00:00,269.6,269.7,269.56,269.6008,3174.0
2026-04-28 23:05:00+00:00,269.61,269.8,269.61,269.79,1053.0
2026-04-28 23:10:00+00:00,269.77,269.77,269.5589,269.5589,1244.0
2026-04-28 23:15:00+00:00,269.7,269.7,269.65,269.65,4168.0
2026-04-28 23:20:00+00:00,269.68,269.68,269.68,269.68,466.0
2026-04-28 23:25:00+00:00,269.65,269.65,269.6102,269.6102,1101.0
2026-04-28 23:30:00+00:00,269.6,269.66,269.6,269.63,2422.0
2026-04-28 23:35:00+00:00,269.64,269.64,269.64,269.64,206.0
2026-04-28 23:40:00+00:00,269.54,269.67,269.54,269.65,1946.0
2026-04-28 23:45:00+00:00,269.69,269.8,269.6,269.6,952.0
2026-04-28 23:50:00+00:00,269.615,269.68,269.6,269.6543,1983.0
2026-04-28 23:55:00+00:00,269.6081,269.6081,269.5,269.5,1887.0
2026-04-29 08:00:00+00:00,269.81,270.1288,269.5,269.79,42994.0
2026-04-29 08:05:00+00:00,269.86,269.87,269.6459,269.6459,2342.0
2026-04-29 08:10:00+00:00,269.78,269.82,269.68,269.68,968.0
2026-04-29 08:15:00+00:00,269.67,269.68,269.65,269.68,1542.0
2026-04-29 08:20:00+00:00,269.68,269.78,269.68,269.73,1288.0
2026-04-29 08:25:00+00:00,269.82,269.82,269.62,269.71,4958.0
2026-04-29 08:30:00+00:00,269.64,269.64,269.64,269.64,562.0
2026-04-29 08:35:00+00:00,269.59,269.59,269.52,269.52,5374.0
2026-04-29 08:45:00+00:00,269.79,269.79,269.79,269.79,295.0
2026-04-29 08:55:00+00:00,269.28,269.53,269.28,269.53,920.0
2026-04-29 09:00:00+00:00,269.28,269.28,269.28,269.28,655.0
2026-04-29 09:10:00+00:00,269.51,269.51,269.46,269.46,1278.0
2026-04-29 09:15:00+00:00,269.45,269.45,269.39,269.42,1144.0
2026-04-29 09:25:00+00:00,269.38,269.38,269.36,269.36,640.0
2026-04-29 09:30:00+00:00,269.6078,269.6078,269.6078,269.6078,1059.0
2026-04-29 09:35:00+00:00,269.39,269.47,269.3,269.3,2182.0
2026-04-29 09:45:00+00:00,269.35,269.37,269.35,269.37,544.0
2026-04-29 09:50:00+00:00,269.43,269.44,269.38,269.4,581.0
2026-04-29 09:55:00+00:00,269.5,269.5,269.42,269.43,1504.0
2026-04-29 10:00:00+00:00,269.39,269.46,269.39,269.46,1312.0
2026-04-29 10:05:00+00:00,269.51,269.51,269.36,269.47,3342.0
2026-04-29 10:10:00+00:00,269.43,269.43,269.41,269.41,1099.0
2026-04-29 10:15:00+00:00,269.46,269.56,269.46,269.56,1313.0
2026-04-29 10:20:00+00:00,269.51,269.57,269.51,269.57,995.0
2026-04-29 10:25:00+00:00,269.51,269.57,269.51,269.57,399.0
2026-04-29 10:30:00+00:00,269.45,269.45,268.87,269.04,20991.0
2026-04-29 10:35:00+00:00,269.26,269.26,269.235,269.235,775.0
2026-04-29 10:40:00+00:00,269.1,269.1,269.05,269.07,1598.0
2026-04-29 10:45:00+00:00,269.0,269.0,268.91,268.91,1759.0
2026-04-29 10:50:00+00:00,268.98,269.05,268.98,269.03,2141.0
2026-04-29 10:55:00+00:00,269.16,269.25,269.16,269.25,848.0
2026-04-29 11:00:00+00:00,269.3,269.47,269.05,269.31,11613.0
2026-04-29 11:05:00+00:00,269.3599,269.3599,268.8,268.8,8334.0
2026-04-29 11:10:00+00:00,269.068,269.068,268.7,268.75,5958.0
2026-04-29 11:15:00+00:00,268.6495,268.74,268.45,268.5999,10976.0
2026-04-29 11:20:00+00:00,268.4675,268.6,268.31,268.3693,9393.0
2026-04-29 11:25:00+00:00,268.37,268.6891,268.33,268.33,7438.0
2026-04-29 11:30:00+00:00,268.32,268.71,268.32,268.5,6850.0
2026-04-29 11:35:00+00:00,268.54,268.7673,268.29,268.29,6345.0
2026-04-29 11:40:00+00:00,268.25,268.5772,268.01,268.25,11508.0
2026-04-29 11:45:00+00:00,268.44,268.54,268.06,268.19,4097.0
2026-04-29 11:50:00+00:00,268.31,268.4457,268.31,268.35,5000.0
2026-04-29 11:55:00+00:00,268.35,268.4,268.34,268.39,3627.0
2026-04-29 12:00:00+00:00,268.4148,268.4148,268.27,268.3497,10308.0
2026-04-29 12:05:00+00:00,268.22,268.424,268.15,268.35,4451.0
2026-04-29 12:10:00+00:00,268.35,268.41,268.3,268.4099,7915.0
2026-04-29 12:15:00+00:00,268.34,268.46,268.265,268.29,8759.0
2026-04-29 12:20:00+00:00,268.22,268.35,268.02,268.25,13911.0
2026-04-29 12:25:00+00:00,268.31,268.4199,268.25,268.4,3649.0
2026-04-29 12:30:00+00:00,268.25,268.38,268.03,268.11,10709.0
2026-04-29 12:35:00+00:00,268.15,268.2,267.85,268.07,28032.0
2026-04-29 12:40:00+00:00,268.044,268.1984,267.9,268.0045,5821.0
2026-04-29 12:45:00+00:00,267.98,267.98,267.9,267.93,9210.0
2026-04-29 12:50:00+00:00,267.94,268.3396,267.94,268.1,13418.0
2026-04-29 12:55:00+00:00,268.174,268.3,268.165,268.24,10723.0
2026-04-29 13:00:00+00:00,268.3,268.5,268.28,268.4,13546.0
2026-04-29 13:05:00+00:00,268.45,268.49,268.35,268.38,8557.0
2026-04-29 13:10:00+00:00,268.38,268.45,268.37,268.37,4410.0
2026-04-29 13:15:00+00:00,268.38,268.44,268.2117,268.44,11858.0
2026-04-29 13:20:00+00:00,268.21,268.27,268.11,268.1685,10427.0
2026-04-29 13:25:00+00:00,268.24,268.4,267.4,267.62,51332.0
2026-04-29 13:30:00+00:00,267.59,268.6499,267.04,268.195,1208987.0
2026-04-29 13:35:00+00:00,268.16,268.77,267.704,268.625,488492.0
2026-04-29 13:40:00+00:00,268.6194,269.0,268.44,268.5001,455397.0
2026-04-29 13:45:00+00:00,268.51,269.46,268.51,269.345,455914.0
2026-04-29 13:50:00+00:00,269.36,269.56,268.78,269.08,391144.0
2026-04-29 13:55:00+00:00,269.12,269.34,268.81,269.27,262115.0
2026-04-29 14:00:00+00:00,269.32,269.97,269.22,269.84,412940.0
2026-04-29 14:05:00+00:00,269.815,270.3118,269.68,269.75,612447.0
2026-04-29 14:10:00+00:00,269.76,269.76,269.2,269.505,287845.0
2026-04-29 14:15:00+00:00,269.52,269.679,269.05,269.64,238560.0
2026-04-29 14:20:00+00:00,269.63,269.64,269.035,269.155,233235.0
2026-04-29 14:25:00+00:00,269.16,269.42,269.06,269.395,217722.0
2026-04-29 14:30:00+00:00,269.41,269.415,269.0304,269.18,204385.0
2026-04-29 14:35:00+00:00,269.185,269.37,269.11,269.26,197565.0
2026-04-29 14:40:00+00:00,269.265,269.47,269.21,269.39,198962.0
2026-04-29 14:45:00+00:00,269.43,269.7099,269.38,269.665,209724.0
2026-04-29 14:50:00+00:00,269.6601,269.93,269.6,269.91,184068.0
2026-04-29 14:55:00+00:00,269.915,269.93,269.28,269.31,185535.0
2026-04-29 15:00:00+00:00,269.305,269.42,268.84,269.04,239443.0
2026-04-29 15:05:00+00:00,269.025,269.3,268.9,269.2,229154.0
2026-04-29 15:10:00+00:00,269.2,269.3,268.91,268.915,260026.0
2026-04-29 15:15:00+00:00,268.92,269.14,268.85,268.875,207638.0
2026-04-29 15:20:00+00:00,268.85,269.065,268.73,268.96,196234.0
2026-04-29 15:25:00+00:00,268.95,269.03,268.83,268.83,194779.0
2026-04-29 15:30:00+00:00,268.85,268.915,268.6003,268.78,247180.0
2026-04-29 15:35:00+00:00,268.79,269.15,268.76,269.07,257422.0
2026-04-29 15:40:00+00:00,269.08,269.2701,269.01,269.05,185996.0
2026-04-29 15:45:00+00:00,269.08,269.26,268.782,268.795,280820.0
2026-04-29 15:50:00+00:00,268.81,268.88,268.2,268.42,365465.0
2026-04-29 15:55:00+00:00,268.46,268.71,268.385,268.63,175663.0
2026-04-29 16:00:00+00:00,268.65,269.0998,268.62,269.035,148011.0
2026-04-29 16:05:00+00:00,269.035,269.035,268.72,268.72,143942.0
2026-04-29 16:10:00+00:00,268.7232,269.09,268.7,269.0,155869.0
2026-04-29 16:15:00+00:00,268.99,269.09,268.72,268.76,132056.0
2026-04-29 16:20:00+00:00,268.74,270.15,268.735,269.755,425098.0
2026-04-29 16:25:00+00:00,269.75,269.93,269.48,269.825,365198.0
2026-04-29 16:30:00+00:00,269.83,270.16,269.75,269.96,248401.0
2026-04-29 16:35:00+00:00,269.955,270.11,269.765,269.9485,168083.0
2026-04-29 16:40:00+00:00,269.95,270.2299,269.8701,270.2,169177.0
2026-04-29 16:45:00+00:00,270.2002,270.5,270.09,270.49,173484.0
2026-04-29 16:50:00+00:00,270.49,270.85,270.35,270.8,265276.0
2026-04-29 16:55:00+00:00,270.785,271.04,270.625,270.95,302749.0
2026-04-29 17:00:00+00:00,270.97,270.98,270.295,270.33,195690.0
2026-04-29 17:05:00+00:00,270.36,270.69,270.29,270.37,110330.0
2026-04-29 17:10:00+00:00,270.385,270.4,270.11,270.135,105917.0
2026-04-29 17:15:00+00:00,270.135,270.15,269.98,270.005,144902.0
2026-04-29 17:20:00+00:00,270.02,270.24,269.91,270.0633,166481.0
2026-04-29 17:25:00+00:00,270.095,270.2099,270.05,270.199,117057.0
2026-04-29 17:30:00+00:00,270.2,270.47,270.14,270.38,122718.0
2026-04-29 17:35:00+00:00,270.385,270.54,270.34,270.399,120245.0
2026-04-29 17:40:00+00:00,270.4,270.475,270.29,270.35,112227.0
2026-04-29 17:45:00+00:00,270.34,270.45,270.25,270.4,119426.0
2026-04-29 17:50:00+00:00,270.39,270.59,270.295,270.32,146739.0
2026-04-29 17:55:00+00:00,270.35,270.42,270.115,270.17,127570.0
2026-04-29 18:00:00+00:00,270.19,270.23,269.76,269.81,159915.0
2026-04-29 18:05:00+00:00,269.83,269.96,269.64,269.7698,159954.0
2026-04-29 18:10:00+00:00,269.75,270.11,269.68,270.04,191207.0
2026-04-29 18:15:00+00:00,270.02,270.27,269.92,270.04,122064.0
2026-04-29 18:20:00+00:00,270.04,270.23,269.86,269.89,118728.0
2026-04-29 18:25:00+00:00,269.8951,269.8951,269.73,269.74,145474.0
2026-04-29 18:30:00+00:00,269.725,269.91,269.6372,269.84,137011.0
2026-04-29 18:35:00+00:00,269.81,270.2,269.64,269.745,197134.0
2026-04-29 18:40:00+00:00,269.74,269.81,269.487,269.5098,143768.0
2026-04-29 18:45:00+00:00,269.52,269.895,269.37,269.83,183777.0
2026-04-29 18:50:00+00:00,269.83,269.96,269.7,269.835,126854.0
2026-04-29 18:55:00+00:00,269.84,270.085,269.755,270.075,163930.0
2026-04-29 19:00:00+00:00,270.07,270.31,270.07,270.228,130854.0
2026-04-29 19:05:00+00:00,270.21,270.34,270.15,270.24,165895.0
2026-04-29 19:10:00+00:00,270.25,270.5,270.2,270.26,213051.0
2026-04-29 19:15:00+00:00,270.26,270.37,270.2001,270.25,135289.0
2026-04-29 19:20:00+00:00,270.26,270.37,270.105,270.205,151169.0
2026-04-29 19:25:00+00:00,270.21,270.31,270.15,270.28,141373.0
2026-04-29 19:30:00+00:00,270.27,270.36,269.775,269.875,207338.0
2026-04-29 19:35:00+00:00,269.88,270.1,269.85,269.95,219630.0
2026-04-29 19:40:00+00:00,269.94,269.99,269.71,269.86,290868.0
2026-04-29 19:45:00+00:00,269.86,269.9,269.745,269.8,276529.0
2026-04-29 19:50:00+00:00,269.71,270.1,269.61,269.97,514319.0
2026-04-29 19:55:00+00:00,269.986,270.33,269.75,270.19,1551741.0
2026-04-29 20:00:00+00:00,270.29,270.31,269.77,270.25,8511194.0
2026-04-29 20:05:00+00:00,270.3,270.45,269.8,270.0,25839.0
2026-04-29 20:10:00+00:00,269.987,270.0,269.3,269.93,28095.0
2026-04-29 20:15:00+00:00,269.87,270.5,269.31,270.01,35441.0
2026-04-29 20:20:00+00:00,270.02,270.17,269.47,269.77,31028.0
2026-04-29 20:25:00+00:00,269.77,270.448,269.77,270.317,19424.0
2026-04-29 20:30:00+00:00,270.31,270.4,270.03,270.4,21488.0
2026-04-29 20:35:00+00:00,270.43,270.6,270.17,270.35,44198.0
2026-04-29 20:40:00+00:00,270.32,270.32,269.9,270.117,19597.0
2026-04-29 20:45:00+00:00,270.04,270.14,269.75,269.75,21215.0
2026-04-29 20:50:00+00:00,269.64,269.91,269.6,269.7994,28819.0
2026-04-29 20:55:00+00:00,269.8,270.17,269.75,269.8,22953.0
2026-04-29 21:00:00+00:00,269.924,269.9487,269.78,269.93,5246.0
2026-04-29 21:05:00+00:00,269.89,270.07,269.89,269.9,25980.0
2026-04-29 21:10:00+00:00,270.0,270.0,269.9518,269.9518,5754.0
2026-04-29 21:15:00+00:00,269.99,269.99,269.62,269.7805,11396.0
2026-04-29 21:20:00+00:00,269.65,270.0,269.65,269.94,11624.0
2026-04-29 21:25:00+00:00,269.81,269.99,269.81,269.81,4419.0
2026-04-29 21:30:00+00:00,269.9,269.9,269.73,269.73,9339.0
2026-04-29 21:35:00+00:00,269.82,269.85,269.73,269.85,6003.0
2026-04-29 21:40:00+00:00,269.74,270.0,269.73,269.91,7937.0
2026-04-29 21:45:00+00:00,269.79,269.98,269.79,269.9591,5413.0
2026-04-29 21:50:00+00:00,269.88,269.99,269.8,269.98,5895.0
2026-04-29 21:55:00+00:00,269.85,269.97,269.71,269.77,30541.0
2026-04-29 22:00:00+00:00,269.76,269.76,268.03,269.23,33710.0
2026-04-29 22:05:00+00:00,268.64,269.8,268.5,268.58,25092.0
2026-04-29 22:10:00+00:00,268.53,269.3,268.35,268.89,15710.0
2026-04-29 22:15:00+00:00,268.8,269.57,268.61,269.57,6908.0
2026-04-29 22:20:00+00:00,269.5,269.68,269.2,269.68,10609.0
2026-04-29 22:25:00+00:00,269.62,269.78,269.48,269.66,8823.0
2026-04-29 22:30:00+00:00,269.67,269.78,269.44,269.7,12932.0
2026-04-29 22:35:00+00:00,269.65,269.73,269.3,269.51,9164.0
2026-04-29 22:40:00+00:00,269.66,269.97,269.58,269.97,7302.0
2026-04-29 22:45:00+00:00,270.0,270.2,269.95,270.17,18170.0
2026-04-29 22:50:00+00:00,270.15,270.6,270.15,270.59,11828.0
2026-04-29 22:55:00+00:00,270.2565,270.48,270.17,270.25,7692.0
2026-04-29 23:00:00+00:00,270.4,270.59,270.14,270.49,15329.0
2026-04-29 23:05:00+00:00,270.4886,270.6,270.22,270.5,19023.0
2026-04-29 23:10:00+00:00,270.4,270.55,270.2,270.2,3861.0
2026-04-29 23:15:00+00:00,270.52,270.55,270.25,270.55,5246.0
2026-04-29 23:25:00+00:00,270.45,270.45,270.29,270.29,9246.0
2026-04-29 23:30:00+00:00,270.5,270.5,270.35,270.487,2754.0
2026-04-29 23:35:00+00:00,270.47,270.74,270.46,270.74,12141.0
2026-04-29 23:40:00+00:00,270.7,270.82,270.52,270.78,12761.0
2026-04-29 23:45:00+00:00,270.76,270.83,270.57,270.75,5313.0
2026-04-29 23:50:00+00:00,270.84,270.8631,270.7,270.7985,9460.0
2026-04-29 23:55:00+00:00,270.8,270.99,270.7,270.95,21534.0
2026-04-30 08:00:00+00:00,270.44,271.2,269.0455,271.08,107999.0
2026-04-30 08:05:00+00:00,270.94,271.02,270.68,270.91,10744.0
2026-04-30 08:10:00+00:00,270.76,270.96,270.63,270.9,3666.0
2026-04-30 08:15:00+00:00,270.96,270.96,270.91,270.94,2163.0
2026-04-30 08:20:00+00:00,270.94,271.01,270.89,270.89,3757.0
2026-04-30 08:25:00+00:00,271.08,271.08,270.96,271.02,2664.0
2026-04-30 08:30:00+00:00,271.06,271.33,271.06,271.3,3984.0
2026-04-30 08:35:00+00:00,271.37,271.39,271.26,271.35,2766.0
2026-04-30 08:40:00+00:00,271.35,271.39,271.1,271.1,3339.0
2026-04-30 08:45:00+00:00,271.17,271.2,271.0,271.2,2151.0
2026-04-30 08:50:00+00:00,271.16,271.4,271.16,271.35,3492.0
2026-04-30 08:55:00+00:00,271.42,271.42,270.28,270.76,36490.0
2026-04-30 09:00:00+00:00,270.64,271.0,270.64,270.9,3347.0
2026-04-30 09:05:00+00:00,270.99,270.99,270.79,270.91,1100.0
2026-04-30 09:10:00+00:00,270.77,270.77,270.77,270.77,369.0
2026-04-30 09:15:00+00:00,271.0,271.0,270.8,270.88,3513.0
2026-04-30 09:20:00+00:00,270.73,270.73,270.73,270.73,1043.0
2026-04-30 09:25:00+00:00,270.89,270.89,270.89,270.89,333.0
2026-04-30 09:30:00+00:00,271.0,271.3,271.0,271.22,5300.0
2026-04-30 09:35:00+00:00,271.18,271.3,271.18,271.3,1868.0
2026-04-30 09:40:00+00:00,271.3,271.3,271.15,271.15,5114.0
2026-04-30 09:45:00+00:00,271.27,271.27,271.25,271.26,1919.0
2026-04-30 09:50:00+00:00,271.15,271.15,271.15,271.15,609.0
2026-04-30 09:55:00+00:00,271.25,271.3,271.25,271.3,645.0
2026-04-30 10:00:00+00:00,271.26,271.3,271.25,271.25,2422.0
2026-04-30 10:05:00+00:00,271.25,271.3,271.25,271.3,2655.0
2026-04-30 10:10:00+00:00,271.3,271.3,271.0,271.0,3363.0
2026-04-30 10:15:00+00:00,271.19,271.19,271.08,271.17,2696.0
2026-04-30 10:20:00+00:00,271.19,271.19,271.18,271.18,940.0
2026-04-30 10:30:00+00:00,271.08,271.0948,270.94,270.94,2302.0
2026-04-30 10:35:00+00:00,271.1,271.1,270.8,270.8,2731.0
2026-04-30 10:40:00+00:00,270.82,270.82,270.8005,270.8005,1136.0
2026-04-30 10:45:00+00:00,270.9,270.93,270.9,270.93,1296.0
2026-04-30 10:50:00+00:00,270.9,271.05,270.7,271.0,3682.0
2026-04-30 10:55:00+00:00,270.85,271.0,270.85,270.87,3214.0
2026-04-30 11:00:00+00:00,270.95,271.02,270.27,270.6057,21191.0
2026-04-30 11:05:00+00:00,270.62,270.77,270.5,270.77,6380.0
2026-04-30 11:10:00+00:00,270.84,270.93,270.5,270.6,7633.0
2026-04-30 11:15:00+00:00,270.6,271.0,270.6,271.0,14865.0
2026-04-30 11:20:00+00:00,270.9,271.25,270.82,271.16,19778.0
2026-04-30 11:25:00+00:00,271.1,271.5,271.1,271.5,20852.0
2026-04-30 11:30:00+00:00,271.15,271.45,271.09,271.35,9113.0
2026-04-30 11:35:00+00:00,271.25,271.4,271.24,271.4,4123.0
2026-04-30 11:40:00+00:00,271.32,271.39,271.17,271.25,9734.0
2026-04-30 11:45:00+00:00,271.25,271.35,271.12,271.21,14163.0
2026-04-30 11:50:00+00:00,271.3,271.35,271.0977,271.18,6368.0
2026-04-30 11:55:00+00:00,271.23,271.48,271.23,271.45,14313.0
2026-04-30 12:00:00+00:00,271.45,271.55,271.33,271.33,18341.0
2026-04-30 12:05:00+00:00,271.4538,271.55,271.3358,271.55,13131.0
2026-04-30 12:10:00+00:00,271.55,271.77,271.55,271.77,11323.0
2026-04-30 12:15:00+00:00,271.79,271.9,271.715,271.7899,15003.0
2026-04-30 12:20:00+00:00,271.68,271.876,271.54,271.6717,11402.0
2026-04-30 12:25:00+00:00,271.7,271.73,271.55,271.55,10444.0
2026-04-30 12:30:00+00:00,271.55,271.77,271.46,271.68,12328.0
2026-04-30 12:35:00+00:00,271.7425,271.77,271.51,271.68,13479.0
2026-04-30 12:40:00+00:00,271.58,271.63,271.12,271.2,17043.0
2026-04-30 12:45:00+00:00,271.26,271.29,271.11,271.17,7725.0
2026-04-30 12:50:00+00:00,271.19,271.5,271.19,271.5,9012.0
2026-04-30 12:55:00+00:00,271.5,271.8,271.5,271.59,23326.0
2026-04-30 13:00:00+00:00,271.8,271.8,271.5,271.61,16012.0
2026-04-30 13:05:00+00:00,271.661,271.7,271.5123,271.56,13422.0
2026-04-30 13:10:00+00:00,271.6306,271.67,271.51,271.51,14745.0
2026-04-30 13:15:00+00:00,271.525,271.6,271.3,271.3,48307.0
2026-04-30 13:20:00+00:00,271.45,271.66,271.25,271.25,33951.0
2026-04-30 13:25:00+00:00,271.19,271.3282,270.5,270.52,56916.0
2026-04-30 13:30:00+00:00,270.52,270.96,268.75,269.035,1626938.0
2026-04-30 13:35:00+00:00,269.06,269.265,268.14,268.83,989589.0
2026-04-30 13:40:00+00:00,268.825,269.41,268.62,269.07,560125.0
2026-04-30 13:45:00+00:00,269.07,270.06,269.03,269.4684,569998.0
2026-04-30 13:50:00+00:00,269.44,270.71,269.42,270.588,602600.0
2026-04-30 13:55:00+00:00,270.55,270.62,269.8425,270.6,677596.0
2026-04-30 14:00:00+00:00,270.6,272.2,270.5495,271.63,1140868.0
2026-04-30 14:05:00+00:00,271.6,271.8,270.86,271.43,738601.0
2026-04-30 14:10:00+00:00,271.42,271.69,271.0101,271.19,589528.0
2026-04-30 14:15:00+00:00,271.2,271.55,271.04,271.04,438932.0
2026-04-30 14:20:00+00:00,271.03,271.87,271.0,271.74,415338.0
2026-04-30 14:25:00+00:00,271.735,272.08,271.5917,271.919,709721.0
2026-04-30 14:30:00+00:00,271.88,272.22,271.55,271.62,439578.0
2026-04-30 14:35:00+00:00,271.62,271.7399,270.92,271.08,393636.0
2026-04-30 14:40:00+00:00,271.11,271.52,271.11,271.47,368763.0
2026-04-30 14:45:00+00:00,271.485,271.64,270.97,270.98,367548.0
2026-04-30 14:50:00+00:00,270.96,271.3,270.73,271.22,358590.0
2026-04-30 14:55:00+00:00,271.23,271.29,270.84,270.8605,266809.0
2026-04-30 15:00:00+00:00,270.86,271.19,270.76,271.12,265540.0
2026-04-30 15:05:00+00:00,271.135,271.47,271.06,271.265,351421.0
2026-04-30 15:10:00+00:00,271.275,271.4,271.165,271.29,237161.0
2026-04-30 15:15:00+00:00,271.28,271.58,270.95,271.145,402067.0
2026-04-30 15:20:00+00:00,271.125,271.59,271.045,271.415,383630.0
2026-04-30 15:25:00+00:00,271.42,271.64,271.26,271.52,350722.0
2026-04-30 15:30:00+00:00,271.525,271.6299,271.23,271.31,222966.0
2026-04-30 15:35:00+00:00,271.3,271.6401,271.2275,271.64,272920.0
2026-04-30 15:40:00+00:00,271.63,271.94,271.53,271.63,349988.0
2026-04-30 15:45:00+00:00,271.64,271.645,271.18,271.45,230630.0
2026-04-30 15:50:00+00:00,271.46,271.64,271.37,271.58,231606.0
2026-04-30 15:55:00+00:00,271.59,271.98,271.59,271.92,255254.0
2026-04-30 16:00:00+00:00,271.9499,272.0,271.7609,271.875,255857.0
2026-04-30 16:05:00+00:00,271.88,272.35,271.86,272.14,255240.0
2026-04-30 16:10:00+00:00,272.115,272.62,272.115,272.6,297379.0
2026-04-30 16:15:00+00:00,272.6,272.8,272.3062,272.3062,1321255.0
2026-04-30 16:20:00+00:00,272.31,272.62,272.31,272.545,176306.0
2026-04-30 16:25:00+00:00,272.545,273.0999,272.4901,273.06,400397.0
2026-04-30 16:30:00+00:00,273.08,273.76,273.08,273.42,964623.0
2026-04-30 16:35:00+00:00,273.439,273.5599,272.99,273.16,543953.0
2026-04-30 16:40:00+00:00,273.16,273.24,272.92,272.9702,268901.0
2026-04-30 16:45:00+00:00,272.97,272.99,272.78,272.901,271389.0
2026-04-30 16:50:00+00:00,272.9,272.9,272.03,272.09,350339.0
2026-04-30 16:55:00+00:00,272.08,272.1,271.71,271.955,306085.0
2026-04-30 17:00:00+00:00,271.96,272.15,271.7,271.77,292099.0
2026-04-30 17:05:00+00:00,271.76,272.24,271.68,272.19,302973.0
2026-04-30 17:10:00+00:00,272.18,272.58,272.07,272.31,287776.0
2026-04-30 17:15:00+00:00,272.3,272.43,272.19,272.25,303089.0
2026-04-30 17:20:00+00:00,272.25,272.52,272.02,272.48,339943.0
2026-04-30 17:25:00+00:00,272.485,272.83,272.44,272.785,228160.0
2026-04-30 17:30:00+00:00,272.81,273.4385,272.8,273.4,396806.0
2026-04-30 17:35:00+00:00,273.41,273.67,273.205,273.415,386316.0
2026-04-30 17:40:00+00:00,273.41,273.76,273.31,273.71,378705.0
2026-04-30 17:45:00+00:00,273.73,273.86,273.5,273.74,393563.0
2026-04-30 17:50:00+00:00,273.7377,273.7799,273.59,273.73,297161.0
2026-04-30 17:55:00+00:00,273.74,273.77,273.58,273.61,240742.0
2026-04-30 18:00:00+00:00,273.615,274.2,273.57,274.095,474172.0
2026-04-30 18:05:00+00:00,274.09,274.19,274.01,274.13,296496.0
2026-04-30 18:10:00+00:00,274.12,274.18,273.94,273.98,315001.0
2026-04-30 18:15:00+00:00,273.99,274.0199,273.8,273.99,331605.0
2026-04-30 18:20:00+00:00,273.99,274.079,273.62,273.65,275232.0
2026-04-30 18:25:00+00:00,273.64,273.7,273.4498,273.6,267821.0
2026-04-30 18:30:00+00:00,273.58,273.7,273.5,273.62,261450.0
2026-04-30 18:35:00+00:00,273.6202,273.93,273.6201,273.87,228538.0
2026-04-30 18:40:00+00:00,273.86,273.94,273.61,273.63,260060.0
2026-04-30 18:45:00+00:00,273.6224,273.7269,273.5,273.7,270687.0
2026-04-30 18:50:00+00:00,273.69,273.9099,273.45,273.46,305269.0
2026-04-30 18:55:00+00:00,273.46,273.46,273.04,273.095,432710.0
2026-04-30 19:00:00+00:00,273.0801,273.78,272.82,273.76,453700.0
2026-04-30 19:05:00+00:00,273.76,274.17,273.68,273.95,485057.0
2026-04-30 19:10:00+00:00,273.95,274.25,273.91,274.22,361144.0
2026-04-30 19:15:00+00:00,274.22,274.38,274.09,274.18,528710.0
2026-04-30 19:20:00+00:00,274.15,274.31,273.99,274.28,435326.0
2026-04-30 19:25:00+00:00,274.29,274.495,274.2544,274.49,515428.0
2026-04-30 19:30:00+00:00,274.47,274.53,273.91,273.945,649410.0
2026-04-30 19:35:00+00:00,273.95,274.27,273.9,274.1559,562723.0
2026-04-30 19:40:00+00:00,274.14,274.49,274.095,274.49,596635.0
2026-04-30 19:45:00+00:00,274.48,274.55,274.16,274.2651,710801.0
2026-04-30 19:50:00+00:00,274.27,276.0,271.59,272.385,4792566.0
2026-04-30 19:55:00+00:00,272.42,272.42,270.34,271.205,6933065.0
2026-04-30 20:00:00+00:00,271.35,272.0957,271.28,271.9,29636149.0
2026-04-30 20:05:00+00:00,271.83,271.99,271.0,271.95,4661226.0
2026-04-30 20:10:00+00:00,271.9504,272.43,271.7,271.86,614608.0
2026-04-30 20:15:00+00:00,271.85,272.29,271.8,271.8997,110454.0
2026-04-30 20:20:00+00:00,271.9331,273.5,271.35,272.8,408490.0
2026-04-30 20:25:00+00:00,272.8,273.59,272.5,272.95,142552.0
2026-04-30 20:30:00+00:00,272.61,275.0,268.01,272.0,1111400.0
2026-04-30 20:35:00+00:00,272.0,272.5,269.21,269.64,490493.0
2026-04-30 20:40:00+00:00,269.57,270.3,267.66,268.43,466098.0
2026-04-30 20:45:00+00:00,268.4912,270.7,268.01,270.4812,335640.0
2026-04-30 20:50:00+00:00,270.5,271.0,269.01,269.9,323185.0
2026-04-30 20:55:00+00:00,269.85,270.3,269.53,270.15,117885.0
2026-04-30 21:00:00+00:00,270.15,271.0,269.1701,269.21,207717.0
2026-04-30 21:05:00+00:00,269.39,269.44,268.52,268.76,130792.0
2026-04-30 21:10:00+00:00,268.8305,269.248,268.38,268.97,95527.0
2026-04-30 21:15:00+00:00,269.1531,269.5,268.8,269.1927,51543.0
2026-04-30 21:20:00+00:00,269.2285,269.23,268.11,268.6,111807.0
2026-04-30 21:25:00+00:00,268.75,268.88,268.3901,268.57,45753.0
2026-04-30 21:30:00+00:00,268.5986,281.7,268.5986,280.2301,2069437.0
2026-04-30 21:35:00+00:00,280.4,284.89,280.0,282.9686,1226526.0
2026-04-30 21:40:00+00:00,283.16,283.99,282.0,283.22,669033.0
2026-04-30 21:45:00+00:00,283.03,283.13,280.0,281.0,547632.0
2026-04-30 21:50:00+00:00,281.069,281.79,280.26,281.2,294639.0
2026-04-30 21:55:00+00:00,281.0201,281.5,280.8273,281.2891,167790.0
2026-04-30 22:00:00+00:00,281.29,282.99,280.95,281.07,365088.0
2026-04-30 22:05:00+00:00,281.08,282.7,280.97,282.4899,188770.0
2026-04-30 22:10:00+00:00,282.5908,283.0,281.5301,282.77,209187.0
2026-04-30 22:15:00+00:00,282.8999,283.2,281.88,281.88,170516.0
2026-04-30 22:20:00+00:00,281.9596,282.48,281.34,281.53,91296.0
2026-04-30 22:25:00+00:00,281.65,281.68,281.12,281.3801,97066.0
2026-04-30 22:30:00+00:00,281.38,281.9,281.22,281.5,104650.0
2026-04-30 22:35:00+00:00,281.45,281.58,280.79,280.89,101259.0
2026-04-30 22:40:00+00:00,280.87,280.87,280.0,280.33,153984.0
2026-04-30 22:45:00+00:00,280.33,280.4,278.66,279.0,139059.0
2026-04-30 22:50:00+00:00,279.01,279.25,277.5201,277.7,115569.0
2026-04-30 22:55:00+00:00,277.75,278.29,277.65,278.29,78350.0
2026-04-30 23:00:00+00:00,278.13,278.4,277.65,278.3105,53235.0
2026-04-30 23:05:00+00:00,278.4,279.0,278.2,278.41,57015.0
2026-04-30 23:10:00+00:00,278.35,278.55,277.72,277.9826,29777.0
2026-04-30 23:15:00+00:00,277.98,278.8,277.8234,278.7,35974.0
2026-04-30 23:20:00+00:00,278.6,278.73,278.4101,278.68,20089.0
2026-04-30 23:25:00+00:00,278.6452,279.23,278.6421,278.8675,41878.0
2026-04-30 23:30:00+00:00,278.9,278.99,278.4,278.508,23041.0
2026-04-30 23:35:00+00:00,278.426,278.79,278.36,278.61,16591.0
2026-04-30 23:40:00+00:00,278.67,278.69,278.22,278.3,50923.0
2026-04-30 23:45:00+00:00,278.2,278.21,276.04,276.9899,148957.0
2026-04-30 23:50:00+00:00,276.84,277.25,276.76,277.25,69574.0
2026-04-30 23:55:00+00:00,277.0,277.1625,276.38,276.4,58105.0
2026-05-01 08:00:00+00:00,278.0,279.0,277.56,278.79,123287.0
2026-05-01 08:05:00+00:00,278.96,279.77,277.71,279.17,32017.0
2026-05-01 08:10:00+00:00,279.15,279.7,279.15,279.68,12902.0
2026-05-01 08:15:00+00:00,279.6,280.22,279.6,280.0,23495.0
2026-05-01 08:20:00+00:00,280.0,280.0,279.54,279.54,7536.0
2026-05-01 08:25:00+00:00,279.67,279.99,279.6,279.62,8557.0
2026-05-01 08:30:00+00:00,279.62,279.62,279.11,279.11,12119.0
2026-05-01 08:35:00+00:00,279.11,279.22,278.71,279.1,14670.0
2026-05-01 08:40:00+00:00,278.93,279.2435,278.91,279.2435,6479.0
2026-05-01 08:45:00+00:00,279.02,279.02,278.66,278.66,9303.0
2026-05-01 08:50:00+00:00,278.825,279.0,278.65,278.85,5392.0
2026-05-01 08:55:00+00:00,278.61,278.99,278.45,278.78,8679.0
2026-05-01 09:00:00+00:00,278.88,278.9382,278.35,278.45,4370.0
2026-05-01 09:05:00+00:00,278.3,278.62,278.15,278.51,5830.0
2026-05-01 09:10:00+00:00,278.69,279.15,278.69,279.0,10348.0
2026-05-01 09:15:00+00:00,279.021,279.7,279.0,279.56,21599.0
2026-05-01 09:20:00+00:00,279.56,280.48,279.5,279.8268,24952.0
2026-05-01 09:25:00+00:00,280.3,280.3,279.65,279.65,12367.0
2026-05-01 09:30:00+00:00,279.88,280.03,279.5,280.01,12475.0
2026-05-01 09:35:00+00:00,280.0,280.45,279.9132,280.3,7989.0
2026-05-01 09:40:00+00:00,280.22,280.35,280.0,280.11,9672.0
2026-05-01 09:45:00+00:00,279.9957,280.1797,279.79,280.02,6161.0
2026-05-01 09:50:00+00:00,279.94,280.15,279.76,280.06,5762.0
2026-05-01 09:55:00+00:00,280.0,280.15,279.68,279.74,6382.0
2026-05-01 10:00:00+00:00,279.79,280.0,279.4,279.4,5544.0
2026-05-01 10:05:00+00:00,279.3289,279.57,279.2,279.35,7813.0
2026-05-01 10:10:00+00:00,279.4,279.59,279.05,279.05,6964.0
2026-05-01 10:15:00+00:00,279.05,279.89,279.05,279.49,5876.0
2026-05-01 10:20:00+00:00,279.51,279.8682,279.25,279.29,4577.0
2026-05-01 10:25:00+00:00,279.25,279.6114,279.03,279.4028,6337.0
2026-05-01 10:30:00+00:00,279.5112,280.0,279.4,279.99,12761.0
2026-05-01 10:35:00+00:00,279.94,279.95,279.25,279.25,6717.0
2026-05-01 10:40:00+00:00,279.39,279.6836,279.39,279.64,3546.0
2026-05-01 10:45:00+00:00,279.5,279.7,279.46,279.6,4648.0
2026-05-01 10:50:00+00:00,279.7,279.77,279.46,279.69,5774.0
2026-05-01 10:55:00+00:00,279.75,279.7594,279.25,279.38,9702.0
2026-05-01 11:00:00+00:00,279.23,281.3,279.05,280.74,138921.0
2026-05-01 11:05:00+00:00,280.6,281.0,280.25,280.79,45310.0
2026-05-01 11:10:00+00:00,280.7796,281.01,280.6,280.915,38639.0
2026-05-01 11:15:00+00:00,280.9493,282.0,280.763,281.67,103159.0
2026-05-01 11:20:00+00:00,281.75,281.89,281.39,281.6241,47011.0
2026-05-01 11:25:00+00:00,281.61,281.91,281.0,281.2,47269.0
2026-05-01 11:30:00+00:00,281.2001,281.43,280.9363,281.2,40681.0
2026-05-01 11:35:00+00:00,281.0712,281.53,280.92,281.53,35844.0
2026-05-01 11:40:00+00:00,281.54,281.87,281.33,281.75,55909.0
2026-05-01 11:45:00+00:00,281.69,282.42,281.63,282.2115,142074.0
2026-05-01 11:50:00+00:00,282.22,282.25,281.79,281.894,52840.0
2026-05-01 11:55:00+00:00,281.83,281.894,281.18,281.2375,54291.0
2026-05-01 12:00:00+00:00,281.23,281.37,280.67,281.1,95818.0
2026-05-01 12:05:00+00:00,280.945,281.28,280.9,280.9468,41573.0
2026-05-01 12:10:00+00:00,280.95,281.32,280.89,281.02,37636.0
2026-05-01 12:15:00+00:00,281.0957,281.2,280.6,280.8,74658.0
2026-05-01 12:20:00+00:00,280.8,280.87,280.3,280.4,72979.0
2026-05-01 12:25:00+00:00,280.4,280.95,280.34,280.9448,53417.0
2026-05-01 12:30:00+00:00,280.95,280.99,280.01,280.36,93650.0
2026-05-01 12:35:00+00:00,280.36,280.99,280.3,280.75,57044.0
2026-05-01 12:40:00+00:00,280.9,281.25,280.6,281.19,63476.0
2026-05-01 12:45:00+00:00,281.13,281.47,280.6,280.7104,100073.0
2026-05-01 12:50:00+00:00,280.77,281.0,280.4,280.42,50559.0
2026-05-01 12:55:00+00:00,280.4998,280.7,280.05,280.05,67546.0
2026-05-01 13:00:00+00:00,280.05,280.47,271.35,280.47,110492.0
2026-05-01 13:05:00+00:00,280.41,280.8,280.4,280.7082,70884.0
2026-05-01 13:10:00+00:00,280.7104,280.7424,279.88,280.1306,110591.0
2026-05-01 13:15:00+00:00,280.1288,280.2291,279.14,279.6003,115140.0
2026-05-01 13:20:00+00:00,279.6,279.66,278.75,279.0,117683.0
2026-05-01 13:25:00+00:00,278.95,279.63,278.5,278.94,126644.0
2026-05-01 13:30:00+00:00,278.855,283.75,278.37,280.75,6810258.0
2026-05-01 13:35:00+00:00,280.68,281.76,278.64,280.99,2808906.0
2026-05-01 13:40:00+00:00,280.9875,282.65,280.74,282.15,2062536.0
2026-05-01 13:45:00+00:00,282.02,283.73,281.42,283.4275,2185858.0
2026-05-01 13:50:00+00:00,283.513,284.75,283.21,283.54,2112195.0
2026-05-01 13:55:00+00:00,283.549,284.34,282.87,283.95,1364783.0
2026-05-01 14:00:00+00:00,283.95,285.45,283.825,285.27,2784618.0
2026-05-01 14:05:00+00:00,285.2599,286.1,284.3503,285.775,1835365.0
2026-05-01 14:10:00+00:00,285.775,287.22,285.65,286.1,2026521.0
2026-05-01 14:15:00+00:00,286.115,286.46,285.38,285.5,1170035.0
2026-05-01 14:20:00+00:00,285.505,286.0,285.1601,285.1601,1085200.0
2026-05-01 14:25:00+00:00,285.179,285.74,285.04,285.34,1126756.0
2026-05-01 14:30:00+00:00,285.3401,285.6,283.95,284.255,1348748.0
2026-05-01 14:35:00+00:00,284.26,284.3899,283.01,283.07,924843.0
2026-05-01 14:40:00+00:00,283.07,283.23,282.3,282.39,954590.0
2026-05-01 14:45:00+00:00,282.38,283.2299,282.01,283.14,884293.0
2026-05-01 14:50:00+00:00,283.18,283.7,282.9173,283.4999,708628.0
2026-05-01 14:55:00+00:00,283.48,283.73,282.61,282.61,553255.0
2026-05-01 15:00:00+00:00,282.65,282.91,281.46,281.88,869611.0
2026-05-01 15:05:00+00:00,281.875,282.39,281.75,282.0801,573789.0
2026-05-01 15:10:00+00:00,282.1,283.55,281.97,283.5325,627812.0
2026-05-01 15:15:00+00:00,283.51,284.03,283.26,284.01,714026.0
2026-05-01 15:20:00+00:00,284.01,284.27,283.675,283.9699,662418.0
2026-05-01 15:25:00+00:00,283.945,284.03,283.5119,283.94,535052.0
2026-05-01 15:30:00+00:00,283.955,284.02,283.2,283.62,444264.0
2026-05-01 15:35:00+00:00,283.615,284.55,283.55,284.48,582408.0
2026-05-01 15:40:00+00:00,284.47,284.94,284.25,284.81,691345.0
2026-05-01 15:45:00+00:00,284.8,285.49,284.39,285.275,1061370.0
2026-05-01 15:50:00+00:00,285.28,285.4,284.65,285.06,788083.0
2026-05-01 15:55:00+00:00,285.02,285.2,284.635,284.75,511509.0
2026-05-01 16:00:00+00:00,284.71,284.94,284.51,284.925,395392.0
2026-05-01 16:05:00+00:00,284.9388,285.0,283.865,283.99,855349.0
2026-05-01 16:10:00+00:00,283.97,284.15,283.81,283.97,395502.0
2026-05-01 16:15:00+00:00,283.965,284.77,283.95,284.32,2717267.0
2026-05-01 16:20:00+00:00,284.355,284.46,283.6,283.735,769908.0
2026-05-01 16:25:00+00:00,283.735,284.0,283.34,283.955,532318.0
2026-05-01 16:30:00+00:00,283.955,284.11,283.6,283.79,468679.0
2026-05-01 16:35:00+00:00,283.7822,284.0,283.31,283.375,407610.0
2026-05-01 16:40:00+00:00,283.36,283.61,282.93,282.93,408720.0
2026-05-01 16:45:00+00:00,282.945,283.0,282.47,282.585,621007.0
2026-05-01 16:50:00+00:00,282.585,283.24,282.3951,283.11,661289.0
2026-05-01 16:55:00+00:00,283.11,283.6199,283.05,283.117,435076.0
2026-05-01 17:00:00+00:00,283.13,283.5,282.82,282.83,336909.0
2026-05-01 17:05:00+00:00,282.83,282.92,282.47,282.6245,371854.0
2026-05-01 17:10:00+00:00,282.635,282.9499,282.5,282.67,333369.0
2026-05-01 17:15:00+00:00,282.67,282.7899,282.41,282.65,318073.0
2026-05-01 17:20:00+00:00,282.65,282.92,282.62,282.87,317418.0
2026-05-01 17:25:00+00:00,282.885,283.1,282.6301,282.81,387401.0
2026-05-01 17:30:00+00:00,282.805,282.82,282.19,282.22,331282.0
2026-05-01 17:35:00+00:00,282.22,282.4476,282.03,282.37,398630.0
2026-05-01 17:40:00+00:00,282.37,282.46,282.05,282.1,255633.0
2026-05-01 17:45:00+00:00,282.12,282.38,282.04,282.07,292041.0
2026-05-01 17:50:00+00:00,282.075,282.1,281.55,281.66,525164.0
2026-05-01 17:55:00+00:00,281.665,282.045,281.42,281.475,425855.0
2026-05-01 18:00:00+00:00,281.475,281.54,280.92,280.92,485580.0
2026-05-01 18:05:00+00:00,280.9128,281.3,280.6401,281.275,486731.0
2026-05-01 18:10:00+00:00,281.275,281.29,280.66,280.715,362285.0
2026-05-01 18:15:00+00:00,280.705,281.36,280.69,281.2304,452710.0
2026-05-01 18:20:00+00:00,281.235,281.31,281.02,281.122,392099.0
2026-05-01 18:25:00+00:00,281.12,281.33,280.82,281.23,391775.0
2026-05-01 18:30:00+00:00,281.24,281.24,280.38,280.44,543625.0
2026-05-01 18:35:00+00:00,280.44,280.8754,280.15,280.76,455795.0
2026-05-01 18:40:00+00:00,280.765,281.07,280.64,280.7695,323429.0
2026-05-01 18:45:00+00:00,280.74,280.9764,280.4101,280.435,310972.0
2026-05-01 18:50:00+00:00,280.44,280.67,280.41,280.51,274072.0
2026-05-01 18:55:00+00:00,280.515,280.515,280.2001,280.45,346040.0
2026-05-01 19:00:00+00:00,280.46,280.83,280.295,280.595,395764.0
2026-05-01 19:05:00+00:00,280.59,280.85,280.555,280.6692,320363.0
2026-05-01 19:10:00+00:00,280.66,280.89,280.58,280.77,308666.0
2026-05-01 19:15:00+00:00,280.77,280.85,279.9,280.0398,607019.0
2026-05-01 19:20:00+00:00,280.01,280.2899,279.74,280.245,545029.0
2026-05-01 19:25:00+00:00,280.25,280.47,280.14,280.3499,397148.0
2026-05-01 19:30:00+00:00,280.34,280.64,280.2,280.28,551169.0
2026-05-01 19:35:00+00:00,280.2801,280.315,279.88,280.305,487513.0
2026-05-01 19:40:00+00:00,280.31,280.63,280.18,280.2199,502751.0
2026-05-01 19:45:00+00:00,280.215,280.57,280.18,280.57,539879.0
2026-05-01 19:50:00+00:00,280.57,280.69,279.69,279.88,1258723.0
2026-05-01 19:55:00+00:00,279.88,280.33,279.61,280.15,2497719.0
2026-05-01 20:00:00+00:00,280.15,280.26,280.0,280.09,8300325.0
2026-05-01 20:05:00+00:00,280.11,280.12,279.8327,279.8704,20746.0
2026-05-01 20:10:00+00:00,279.89,279.94,279.7727,279.88,16806.0
2026-05-01 20:15:00+00:00,279.86,279.9499,279.86,279.9495,15989.0
2026-05-01 20:20:00+00:00,279.934,279.94,279.87,279.939,12808.0
2026-05-01 20:25:00+00:00,279.8813,280.13,279.8813,280.11,19229.0
2026-05-01 20:30:00+00:00,280.1204,280.14,280.0,280.0,120483.0
2026-05-01 20:35:00+00:00,279.8917,279.99,279.75,279.8413,20340.0
2026-05-01 20:40:00+00:00,279.85,280.02,279.83,280.0018,12516.0
2026-05-01 20:45:00+00:00,280.0,280.0,279.91,280.0,3417.0
2026-05-01 20:50:00+00:00,279.97,280.0,279.83,279.91,4955.0
2026-05-01 20:55:00+00:00,279.81,279.9997,279.76,279.83,7501.0
2026-05-01 21:00:00+00:00,279.831,279.88,279.82,279.8301,1059328.0
2026-05-01 21:05:00+00:00,279.83,279.88,279.8,279.88,6527.0
2026-05-01 21:10:00+00:00,279.85,279.98,279.73,279.95,20125.0
2026-05-01 21:15:00+00:00,279.95,280.01,279.95,279.96,594642.0
2026-05-01 21:20:00+00:00,279.96,280.0435,279.96,280.0001,1262.0
2026-05-01 21:25:00+00:00,280.0,280.0,279.94,279.97,3236.0
2026-05-01 21:30:00+00:00,279.94,279.94,279.8301,279.858,3343.0
2026-05-01 21:35:00+00:00,279.86,279.92,279.83,279.9,8406.0
2026-05-01 21:40:00+00:00,279.93,280.05,279.93,280.0,16297.0
2026-05-01 21:45:00+00:00,280.03,280.05,279.93,279.93,1713.0
2026-05-01 21:50:00+00:00,279.95,279.99,279.93,279.93,4749.0
2026-05-01 21:55:00+00:00,279.8922,279.9,279.76,279.85,2127.0
2026-05-01 22:00:00+00:00,279.85,279.91,279.85,279.91,2129.0
2026-05-01 22:05:00+00:00,279.85,279.92,279.81,279.85,1513.0
2026-05-01 22:10:00+00:00,279.92,279.92,279.83,279.91,823.0
2026-05-01 22:15:00+00:00,279.8504,279.8504,279.84,279.84,879.0
2026-05-01 22:20:00+00:00,279.84,279.92,279.8316,279.85,7215.0
2026-05-01 22:25:00+00:00,279.92,279.92,279.82,279.82,1273.0
2026-05-01 22:30:00+00:00,279.86,279.8635,279.82,279.8265,1746.0
2026-05-01 22:35:00+00:00,279.84,279.87,279.82,279.87,3173.0
2026-05-01 22:40:00+00:00,279.8265,279.87,279.82,279.83,2547.0
2026-05-01 22:45:00+00:00,279.8506,279.87,279.8506,279.87,3535.0
2026-05-01 22:50:00+00:00,279.92,279.92,279.85,279.85,4727.0
2026-05-01 22:55:00+00:00,279.86,279.88,279.8278,279.85,3297.0
2026-05-01 23:00:00+00:00,279.88,279.88,279.85,279.8773,735.0
2026-05-01 23:05:00+00:00,279.88,279.88,279.87,279.88,1866.0
2026-05-01 23:10:00+00:00,279.88,279.88,279.82,279.8694,2489.0
2026-05-01 23:15:00+00:00,279.85,279.86,279.85,279.86,3753.0
2026-05-01 23:20:00+00:00,279.83,279.88,279.83,279.85,1230.0
2026-05-01 23:25:00+00:00,279.85,279.87,279.8403,279.8548,1704.0
2026-05-01 23:30:00+00:00,279.8587,279.8777,279.83,279.85,3397.0
2026-05-01 23:35:00+00:00,279.8722,279.88,279.82,279.8775,1625.0
2026-05-01 23:40:00+00:00,279.8539,279.92,279.8501,279.9019,2613.0
2026-05-01 23:45:00+00:00,279.95,279.95,279.9152,279.9496,2613.0
2026-05-01 23:50:00+00:00,279.93,279.93,279.82,279.91,3589.0
2026-05-01 23:55:00+00:00,279.9,280.14,279.8939,280.07,15789.0
2026-05-04 08:00:00+00:00,280.1,280.15,279.33,279.4,67728.0
2026-05-04 08:05:00+00:00,279.37,279.55,279.25,279.55,5337.0
2026-05-04 08:10:00+00:00,279.73,279.83,279.38,279.42,3320.0
2026-05-04 08:15:00+00:00,279.43,279.43,279.34,279.34,1419.0
2026-05-04 08:20:00+00:00,279.38,279.55,279.38,279.4844,2136.0
2026-05-04 08:25:00+00:00,279.57,279.74,279.5,279.67,2353.0
2026-05-04 08:30:00+00:00,279.67,279.75,279.5,279.56,3200.0
2026-05-04 08:35:00+00:00,279.5,279.69,279.5,279.69,1348.0
2026-05-04 08:40:00+00:00,279.7,279.79,279.56,279.7,1585.0
2026-05-04 08:45:00+00:00,279.76,279.8,279.76,279.77,2209.0
2026-05-04 08:50:00+00:00,279.72,279.78,279.56,279.61,2131.0
2026-05-04 08:55:00+00:00,279.68,279.7,279.32,279.32,3172.0
2026-05-04 09:00:00+00:00,279.31,279.44,279.31,279.44,1448.0
2026-05-04 09:05:00+00:00,279.41,279.41,279.36,279.36,727.0
2026-05-04 09:15:00+00:00,279.38,279.38,279.25,279.25,3060.0
2026-05-04 09:20:00+00:00,279.28,279.365,279.28,279.36,1347.0
2026-05-04 09:25:00+00:00,279.31,279.4,279.25,279.25,2631.0
2026-05-04 09:30:00+00:00,279.31,279.4,279.31,279.4,831.0
2026-05-04 09:35:00+00:00,279.31,279.39,279.31,279.38,807.0
2026-05-04 09:40:00+00:00,279.39,279.39,279.25,279.2629,2203.0
2026-05-04 09:45:00+00:00,279.25,279.25,279.01,279.2,5765.0
2026-05-04 09:50:00+00:00,279.2,279.24,279.11,279.2,1853.0
2026-05-04 09:55:00+00:00,279.1663,279.3,279.1663,279.3,975.0
2026-05-04 10:00:00+00:00,279.39,279.39,278.75,278.9,11787.0
2026-05-04 10:05:00+00:00,278.86,278.86,277.81,277.81,33417.0
2026-05-04 10:10:00+00:00,278.01,278.4,277.4023,277.5,14124.0
2026-05-04 10:15:00+00:00,277.73,278.21,277.44,277.95,17746.0
2026-05-04 10:20:00+00:00,277.98,278.67,277.94,278.6,6544.0
2026-05-04 10:25:00+00:00,278.9,278.9,278.6783,278.72,3218.0
2026-05-04 10:30:00+00:00,278.71,278.96,278.71,278.94,5753.0
2026-05-04 10:35:00+00:00,278.81,278.9844,278.61,278.86,4607.0
2026-05-04 10:40:00+00:00,278.77,278.8,278.5,278.55,18960.0
2026-05-04 10:45:00+00:00,278.65,278.99,278.39,278.94,14439.0
2026-05-04 10:50:00+00:00,278.85,278.9,278.65,278.83,4584.0
2026-05-04 10:55:00+00:00,278.72,279.0,278.72,278.88,1547.0
2026-05-04 11:00:00+00:00,278.98,279.66,278.85,279.2,21289.0
2026-05-04 11:05:00+00:00,279.0228,279.17,279.0,279.17,5638.0
2026-05-04 11:10:00+00:00,279.14,279.14,278.87,278.8734,5968.0
2026-05-04 11:15:00+00:00,278.89,279.03,278.85,278.99,5178.0
2026-05-04 11:20:00+00:00,278.98,279.0,278.85,278.8623,4182.0
2026-05-04 11:25:00+00:00,278.85,278.9,278.7,278.76,9635.0
2026-05-04 11:30:00+00:00,278.7,278.78,278.6,278.6,15890.0
2026-05-04 11:35:00+00:00,278.59,278.65,278.36,278.46,6878.0
2026-05-04 11:40:00+00:00,278.48,278.7,278.47,278.56,3032.0
2026-05-04 11:45:00+00:00,278.58,278.69,278.47,278.62,3991.0
2026-05-04 11:50:00+00:00,278.54,278.8,278.54,278.8,4940.0
2026-05-04 11:55:00+00:00,278.7102,278.94,278.7091,278.885,4653.0
2026-05-04 12:00:00+00:00,278.81,279.06,278.71,278.71,9097.0
2026-05-04 12:05:00+00:00,278.825,278.9,278.5017,278.5017,9719.0
2026-05-04 12:10:00+00:00,278.74,278.74,278.6,278.64,3591.0
2026-05-04 12:15:00+00:00,278.58,278.72,278.46,278.7,9589.0
2026-05-04 12:20:00+00:00,278.7,278.82,278.6321,278.6321,12712.0
2026-05-04 12:25:00+00:00,278.77,278.83,278.61,278.75,5725.0
2026-05-04 12:30:00+00:00,278.7,278.84,278.6615,278.84,9604.0
2026-05-04 12:35:00+00:00,278.84,279.0485,278.84,279.0485,7858.0
2026-05-04 12:40:00+00:00,279.0379,279.3895,279.0,279.35,14828.0
2026-05-04 12:45:00+00:00,279.43,279.43,279.127,279.2837,11603.0
2026-05-04 12:50:00+00:00,279.1686,279.47,279.1686,279.35,11075.0
2026-05-04 12:55:00+00:00,279.295,279.5,279.28,279.3894,10122.0
2026-05-04 13:00:00+00:00,279.3,279.43,279.0,279.2875,16121.0
2026-05-04 13:05:00+00:00,279.01,279.43,279.01,279.37,4617.0
2026-05-04 13:10:00+00:00,279.37,279.37,279.25,279.31,4743.0
2026-05-04 13:15:00+00:00,279.32,279.4,279.25,279.3183,6714.0
2026-05-04 13:20:00+00:00,279.3502,279.3922,279.02,279.166,7607.0
2026-05-04 13:25:00+00:00,279.1,279.73,278.26,279.73,54400.0
2026-05-04 13:30:00+00:00,279.68,280.63,276.72,277.0501,2745075.0
2026-05-04 13:35:00+00:00,277.1283,277.46,276.16,277.1601,1019978.0
2026-05-04 13:40:00+00:00,277.16,277.17,276.16,276.78,863185.0
2026-05-04 13:45:00+00:00,276.79,277.608,276.51,277.5584,772188.0
2026-05-04 13:50:00+00:00,277.575,277.67,276.05,276.18,1073003.0
2026-05-04 13:55:00+00:00,276.16,276.43,275.41,275.45,1077653.0
2026-05-04 14:00:00+00:00,275.435,275.76,274.88,275.05,955359.0
2026-05-04 14:05:00+00:00,275.04,275.93,274.8601,275.885,726040.0
2026-05-04 14:10:00+00:00,275.885,276.125,275.61,276.105,560990.0
2026-05-04 14:15:00+00:00,276.12,276.45,275.7,276.425,640225.0
2026-05-04 14:20:00+00:00,276.41,276.47,275.99,276.08,459415.0
2026-05-04 14:25:00+00:00,276.05,276.3,275.9,276.2536,443818.0
2026-05-04 14:30:00+00:00,276.275,276.73,276.07,276.58,701692.0
2026-05-04 14:35:00+00:00,276.575,277.85,276.575,277.51,692397.0
2026-05-04 14:40:00+00:00,277.51,277.82,277.35,277.725,526051.0
2026-05-04 14:45:00+00:00,277.73,277.93,277.115,277.33,473516.0
2026-05-04 14:50:00+00:00,277.325,278.0,277.23,277.88,301432.0
2026-05-04 14:55:00+00:00,277.895,277.93,277.18,277.33,336815.0
2026-05-04 15:00:00+00:00,277.325,277.45,277.01,277.06,306315.0
2026-05-04 15:05:00+00:00,277.05,277.725,277.01,277.725,400097.0
2026-05-04 15:10:00+00:00,277.74,277.88,277.24,277.54,356843.0
2026-05-04 15:15:00+00:00,277.54,277.66,277.0,277.08,420386.0
2026-05-04 15:20:00+00:00,277.06,277.24,276.67,276.95,367478.0
2026-05-04 15:25:00+00:00,276.945,277.23,276.76,276.835,280078.0
2026-05-04 15:30:00+00:00,276.85,276.9,276.46,276.85,287005.0
2026-05-04 15:35:00+00:00,276.8401,277.16,276.56,277.09,236896.0
2026-05-04 15:40:00+00:00,277.11,277.37,276.95,277.215,302269.0
2026-05-04 15:45:00+00:00,277.2,277.27,276.89,276.95,194027.0
2026-05-04 15:50:00+00:00,276.93,277.1,276.6701,276.935,260178.0
2026-05-04 15:55:00+00:00,276.94,277.1,276.77,276.86,195115.0
2026-05-04 16:00:00+00:00,276.83,276.89,276.4,276.495,266355.0
2026-05-04 16:05:00+00:00,276.5,276.54,275.43,276.025,501493.0
2026-05-04 16:10:00+00:00,276.03,276.245,275.885,275.93,292755.0
2026-05-04 16:15:00+00:00,275.934,276.19,275.5301,276.0,384681.0
2026-05-04 16:20:00+00:00,276.01,276.27,275.97,276.0793,237026.0
2026-05-04 16:25:00+00:00,276.08,276.27,275.979,276.09,175276.0
2026-05-04 16:30:00+00:00,276.1,276.63,275.98,276.63,179699.0
2026-05-04 16:35:00+00:00,276.593,276.84,276.5308,276.79,224845.0
2026-05-04 16:40:00+00:00,276.8,277.06,276.72,276.8893,200320.0
2026-05-04 16:45:00+00:00,276.89,277.0,276.58,276.71,221534.0
2026-05-04 16:50:00+00:00,276.69,276.705,276.33,276.5601,191548.0
2026-05-04 16:55:00+00:00,276.59,276.97,276.55,276.8351,275887.0
2026-05-04 17:00:00+00:00,276.829,277.06,276.76,277.0,167214.0
2026-05-04 17:05:00+00:00,277.0,277.11,276.82,276.97,210849.0
2026-05-04 17:10:00+00:00,276.97,276.99,276.78,276.88,158904.0
2026-05-04 17:15:00+00:00,276.88,277.23,276.79,277.135,230685.0
2026-05-04 17:20:00+00:00,277.135,277.34,277.11,277.26,147254.0
2026-05-04 17:25:00+00:00,277.27,277.29,276.94,277.045,184279.0
2026-05-04 17:30:00+00:00,277.06,277.165,276.985,277.03,237499.0
2026-05-04 17:35:00+00:00,277.01,277.14,276.82,277.11,201868.0
2026-05-04 17:40:00+00:00,277.11,277.2903,277.003,277.03,219243.0
2026-05-04 17:45:00+00:00,277.05,277.1305,276.7701,276.835,173312.0
2026-05-04 17:50:00+00:00,276.835,277.0,276.7047,276.99,182247.0
2026-05-04 17:55:00+00:00,276.99,277.29,276.99,277.0906,205255.0
2026-05-04 18:00:00+00:00,277.09,277.27,276.97,277.115,212958.0
2026-05-04 18:05:00+00:00,277.12,277.42,277.11,277.19,187991.0
2026-05-04 18:10:00+00:00,277.17,277.35,276.96,276.96,172620.0
2026-05-04 18:15:00+00:00,276.95,277.01,276.82,276.8951,132438.0
2026-05-04 18:20:00+00:00,276.88,277.0299,276.69,276.81,281759.0
2026-05-04 18:25:00+00:00,276.81,276.89,276.63,276.76,222033.0
2026-05-04 18:30:00+00:00,276.77,276.95,276.575,276.89,150044.0
2026-05-04 18:35:00+00:00,276.895,276.9201,276.52,276.7,131137.0
2026-05-04 18:40:00+00:00,276.705,276.74,276.37,276.3899,120276.0
2026-05-04 18:45:00+00:00,276.39,276.56,276.26,276.5599,149191.0
2026-05-04 18:50:00+00:00,276.56,276.73,276.46,276.645,167245.0
2026-05-04 18:55:00+00:00,276.65,276.7799,276.5,276.6575,295790.0
2026-05-04 19:00:00+00:00,276.66,276.7,276.47,276.56,177654.0
2026-05-04 19:05:00+00:00,276.56,277.03,276.55,276.92,329779.0
2026-05-04 19:10:00+00:00,276.92,277.04,276.78,277.025,352162.0
2026-05-04 19:15:00+00:00,277.025,277.67,277.024,277.565,495746.0
2026-05-04 19:20:00+00:00,277.565,277.6093,277.16,277.18,472511.0
2026-05-04 19:25:00+00:00,277.19,277.27,276.94,277.0785,275931.0
2026-05-04 19:30:00+00:00,277.08,277.24,277.01,277.04,274241.0
2026-05-04 19:35:00+00:00,277.04,277.3,277.04,277.26,335076.0
2026-05-04 19:40:00+00:00,277.26,277.32,277.04,277.07,378359.0
2026-05-04 19:45:00+00:00,277.05,277.1989,276.85,276.92,505261.0
2026-05-04 19:50:00+00:00,276.92,276.96,276.51,276.84,694157.0
2026-05-04 19:55:00+00:00,276.83,277.15,276.62,276.84,1940231.0
2026-05-04 20:00:00+00:00,276.83,276.873,276.38,276.54,10721235.0
2026-05-04 20:05:00+00:00,276.65,276.7597,276.6,276.65,2405563.0
2026-05-04 20:10:00+00:00,276.65,276.68,276.6,276.6002,5857.0
2026-05-04 20:15:00+00:00,276.6,276.75,276.6,276.6767,3185.0
2026-05-04 20:20:00+00:00,276.62,276.83,276.5,276.5,9859.0
2026-05-04 20:25:00+00:00,276.51,276.55,276.5,276.5,4011.0
2026-05-04 20:30:00+00:00,276.5118,276.83,276.5118,276.5717,32880.0
2026-05-04 20:35:00+00:00,276.6,276.7,276.6,276.61,3295.0
2026-05-04 20:40:00+00:00,276.67,276.67,276.66,276.66,542.0
2026-05-04 20:45:00+00:00,276.6604,276.72,276.65,276.65,683.0
2026-05-04 20:50:00+00:00,276.69,276.69,276.5582,276.5582,2474.0
2026-05-04 20:55:00+00:00,276.5519,276.6,276.4211,276.5,6173.0
2026-05-04 21:00:00+00:00,276.43,276.43,276.34,276.34,1370.0
2026-05-04 21:05:00+00:00,276.3042,276.45,276.3042,276.42,17508.0
2026-05-04 21:10:00+00:00,276.48,276.5,276.42,276.4999,1215.0
2026-05-04 21:15:00+00:00,276.4965,276.5,276.4565,276.47,1084885.0
2026-05-04 21:20:00+00:00,276.47,276.52,276.4652,276.48,1426.0
2026-05-04 21:25:00+00:00,276.5,276.58,276.4891,276.58,941.0
2026-05-04 21:30:00+00:00,276.55,276.6922,276.55,276.65,3282.0
2026-05-04 21:35:00+00:00,276.65,276.66,276.64,276.64,1109.0
2026-05-04 21:45:00+00:00,276.59,276.6,276.58,276.6,498.0
2026-05-04 21:50:00+00:00,276.6,276.6999,276.5,276.5,33459.0
2026-05-04 21:55:00+00:00,276.57,276.57,276.5,276.57,2932.0
2026-05-04 22:00:00+00:00,276.57,276.83,276.57,276.75,5719.0
2026-05-04 22:05:00+00:00,276.6795,276.7592,276.6795,276.7417,1039.0
2026-05-04 22:10:00+00:00,276.81,276.87,276.7848,276.7848,3692.0
2026-05-04 22:15:00+00:00,276.75,276.75,276.7195,276.74,1299.0
2026-05-04 22:20:00+00:00,276.78,276.78,276.69,276.72,1671.0
2026-05-04 22:25:00+00:00,276.77,276.84,276.77,276.83,3851.0
2026-05-04 22:30:00+00:00,276.85,276.93,276.78,276.8,3176.0
2026-05-04 22:35:00+00:00,276.84,276.85,276.8,276.8001,852.0
2026-05-04 22:40:00+00:00,276.79,276.84,276.77,276.84,954.0
2026-05-04 22:45:00+00:00,276.75,276.77,276.73,276.76,377.0
2026-05-04 22:50:00+00:00,276.6703,276.6703,276.5843,276.64,1540.0
2026-05-04 22:55:00+00:00,276.66,276.66,276.66,276.66,140.0
2026-05-04 23:00:00+00:00,276.64,276.64,276.41,276.47,2065.0
2026-05-04 23:05:00+00:00,276.5,276.51,276.46,276.51,536.0
2026-05-04 23:10:00+00:00,276.48,276.48,276.4101,276.4101,947.0
2026-05-04 23:15:00+00:00,276.42,276.48,276.3301,276.48,879.0
2026-05-04 23:20:00+00:00,276.5,276.5087,276.5,276.5,545.0
2026-05-04 23:25:00+00:00,276.49,276.5,276.4118,276.42,1864.0
2026-05-04 23:30:00+00:00,276.4304,276.5,276.4304,276.5,298.0
2026-05-04 23:35:00+00:00,276.4304,276.4896,276.4304,276.44,1026.0
2026-05-04 23:40:00+00:00,276.46,276.46,276.44,276.45,288.0
2026-05-04 23:45:00+00:00,276.44,276.5,276.44,276.49,1216.0
2026-05-04 23:50:00+00:00,276.49,276.5,276.44,276.44,778.0
2026-05-04 23:55:00+00:00,276.44,276.6,276.43,276.45,4009.0
2026-05-05 08:00:00+00:00,276.55,277.2,276.0,276.46,69171.0
2026-05-05 08:05:00+00:00,276.5,277.18,276.02,276.4,5114.0
2026-05-05 08:10:00+00:00,276.49,276.53,276.27,276.415,7881.0
2026-05-05 08:15:00+00:00,276.45,276.52,276.4,276.42,968.0
2026-05-05 08:20:00+00:00,276.43,276.52,276.27,276.46,3600.0
2026-05-05 08:25:00+00:00,276.48,276.64,276.48,276.57,6502.0
2026-05-05 08:30:00+00:00,276.61,276.66,276.59,276.66,1170.0
2026-05-05 08:35:00+00:00,276.59,276.84,276.52,276.53,6625.0
2026-05-05 08:40:00+00:00,276.59,276.65,276.58,276.61,1291.0
2026-05-05 08:45:00+00:00,276.6,276.79,276.6,276.6324,2571.0
2026-05-05 08:50:00+00:00,276.59,276.59,276.5,276.58,2592.0
2026-05-05 08:55:00+00:00,276.51,276.51,276.5,276.5,780.0
2026-05-05 09:00:00+00:00,276.35,276.35,276.3,276.3,3126.0
2026-05-05 09:05:00+00:00,276.31,276.43,276.3,276.43,3196.0
2026-05-05 09:10:00+00:00,276.32,276.35,276.29,276.35,1261.0
2026-05-05 09:15:00+00:00,276.3,276.3,276.2,276.2,1605.0
2026-05-05 09:20:00+00:00,276.2,276.25,276.14,276.22,2032.0
2026-05-05 09:25:00+00:00,276.22,276.45,276.21,276.45,2167.0
2026-05-05 09:30:00+00:00,276.47,276.51,276.375,276.375,1071.0
2026-05-05 09:35:00+00:00,276.4,276.5289,276.4,276.425,901.0
2026-05-05 09:40:00+00:00,276.3,276.32,276.13,276.13,4205.0
2026-05-05 09:45:00+00:00,276.1035,276.2,276.0541,276.07,2820.0
2026-05-05 09:50:00+00:00,276.09,276.32,276.09,276.32,8061.0
