symbol,timestamp,open,high,low,close,volume,trade_count,vwap
ACHR,2025-12-22 09:00:00+00:00,8.25,8.25,8.24,8.25,5886.0,42.0,8.247929
ACHR,2025-12-22 09:05:00+00:00,8.265,8.27,8.265,8.27,4085.0,14.0,8.26944
ACHR,2025-12-22 09:10:00+00:00,8.27,8.27,8.27,8.27,3382.0,7.0,8.27
ACHR,2025-12-22 09:15:00+00:00,8.28,8.28,8.28,8.28,882.0,9.0,8.28
ACHR,2025-12-22 09:20:00+00:00,8.28,8.3,8.28,8.29,12778.0,99.0,8.299427
ACHR,2025-12-22 09:25:00+00:00,8.3,8.3,8.3,8.3,1614.0,19.0,8.3
ACHR,2025-12-22 09:35:00+00:00,8.29,8.29,8.25,8.26,6352.0,62.0,8.257502
ACHR,2025-12-22 09:40:00+00:00,8.26,8.27,8.26,8.27,1159.0,20.0,8.265338
ACHR,2025-12-22 09:50:00+00:00,8.26,8.27,8.25,8.26,3714.0,58.0,8.256864
ACHR,2025-12-22 09:55:00+00:00,8.26,8.26,8.25,8.26,5867.0,28.0,8.251893
ACHR,2025-12-22 10:00:00+00:00,8.26,8.26,8.26,8.26,1513.0,3.0,8.26
ACHR,2025-12-22 10:10:00+00:00,8.27,8.27,8.27,8.27,539.0,9.0,8.27
ACHR,2025-12-22 10:20:00+00:00,8.28,8.28,8.27,8.27,2779.0,55.0,8.277719
ACHR,2025-12-22 10:25:00+00:00,8.28,8.29,8.28,8.29,643.0,12.0,8.285102
ACHR,2025-12-22 10:30:00+00:00,8.295,8.3,8.295,8.3,2279.0,23.0,8.296711
ACHR,2025-12-22 10:35:00+00:00,8.29,8.29,8.28,8.29,1367.0,10.0,8.288291
ACHR,2025-12-22 10:50:00+00:00,8.28,8.28,8.28,8.28,674.0,15.0,8.28
ACHR,2025-12-22 10:55:00+00:00,8.28,8.28,8.28,8.28,485.0,7.0,8.28
ACHR,2025-12-22 11:00:00+00:00,8.27,8.28,8.27,8.28,952.0,28.0,8.271949
ACHR,2025-12-22 11:20:00+00:00,8.29,8.3,8.29,8.3,1834.0,41.0,8.295314
ACHR,2025-12-22 11:25:00+00:00,8.3,8.3,8.3,8.3,885.0,23.0,8.3
ACHR,2025-12-22 11:30:00+00:00,8.29,8.3,8.29,8.3,359.0,10.0,8.294695
ACHR,2025-12-22 11:35:00+00:00,8.3,8.3,8.3,8.3,1260.0,17.0,8.3
ACHR,2025-12-22 11:40:00+00:00,8.29,8.29,8.29,8.29,169.0,3.0,8.29
ACHR,2025-12-22 11:45:00+00:00,8.29,8.29,8.29,8.29,214.0,7.0,8.29
ACHR,2025-12-22 11:50:00+00:00,8.29,8.29,8.29,8.29,1106.0,17.0,8.29
ACHR,2025-12-22 11:55:00+00:00,8.29,8.29,8.29,8.29,200.0,2.0,8.29
ACHR,2025-12-22 12:00:00+00:00,8.29,8.29,8.28,8.29,9882.0,80.0,8.28912
ACHR,2025-12-22 12:05:00+00:00,8.29,8.3,8.29,8.3,743.0,6.0,8.292857
ACHR,2025-12-22 12:10:00+00:00,8.295,8.295,8.295,8.295,150.0,1.0,8.295
ACHR,2025-12-22 12:15:00+00:00,8.299,8.31,8.299,8.3,1823.0,37.0,8.301497
ACHR,2025-12-22 12:20:00+00:00,8.3,8.305,8.3,8.305,1488.0,15.0,8.301164
ACHR,2025-12-22 12:25:00+00:00,8.3,8.31,8.3,8.305,2722.0,13.0,8.302043
ACHR,2025-12-22 12:30:00+00:00,8.3,8.31,8.3,8.31,310.0,4.0,8.304878
ACHR,2025-12-22 12:35:00+00:00,8.3,8.31,8.3,8.31,3280.0,38.0,8.301801
ACHR,2025-12-22 12:45:00+00:00,8.3,8.3,8.3,8.3,310.0,5.0,8.3
ACHR,2025-12-22 12:50:00+00:00,8.31,8.31,8.31,8.31,100.0,1.0,8.31
ACHR,2025-12-22 12:55:00+00:00,8.305,8.305,8.28,8.28,7810.0,76.0,8.28842
ACHR,2025-12-22 13:00:00+00:00,8.29,8.31,8.24,8.28,158110.0,709.0,8.291302
ACHR,2025-12-22 13:05:00+00:00,8.27,8.28,8.27,8.2788,4028.0,35.0,8.274453
ACHR,2025-12-22 13:10:00+00:00,8.28,8.28,8.27,8.2797,23052.0,74.0,8.274879
ACHR,2025-12-22 13:15:00+00:00,8.2799,8.29,8.27,8.29,8399.0,119.0,8.283504
ACHR,2025-12-22 13:20:00+00:00,8.2801,8.3,8.2801,8.2997,8055.0,70.0,8.2976
ACHR,2025-12-22 13:25:00+00:00,8.2998,8.3,8.29,8.2997,4221.0,25.0,8.297649
ACHR,2025-12-22 13:30:00+00:00,8.29,8.3,8.29,8.3,9506.0,77.0,8.294159
ACHR,2025-12-22 13:35:00+00:00,8.29,8.2999,8.28,8.2898,4652.0,38.0,8.288616
ACHR,2025-12-22 13:40:00+00:00,8.29,8.2992,8.28,8.28,13358.0,51.0,8.285516
ACHR,2025-12-22 13:45:00+00:00,8.295,8.3,8.28,8.28,4451.0,44.0,8.294861
ACHR,2025-12-22 13:50:00+00:00,8.29,8.3,8.2899,8.3,7574.0,50.0,8.296558
ACHR,2025-12-22 13:55:00+00:00,8.2994,8.3,8.2895,8.3,14380.0,101.0,8.294983
ACHR,2025-12-22 14:00:00+00:00,8.3,8.31,8.29,8.29,8120.0,50.0,8.300681
ACHR,2025-12-22 14:05:00+00:00,8.29,8.3,8.29,8.3,5554.0,50.0,8.294468
ACHR,2025-12-22 14:10:00+00:00,8.2998,8.3,8.29,8.29,10395.0,96.0,8.291877
ACHR,2025-12-22 14:15:00+00:00,8.3,8.31,8.28,8.3,41508.0,211.0,8.297131
ACHR,2025-12-22 14:20:00+00:00,8.3,8.31,8.28,8.29,12246.0,136.0,8.291666
ACHR,2025-12-22 14:25:00+00:00,8.2898,8.29,8.25,8.28,38558.0,202.0,8.271221
ACHR,2025-12-22 14:30:00+00:00,8.29,8.4362,8.26,8.33,1115251.0,3411.0,8.333772
ACHR,2025-12-22 14:35:00+00:00,8.3299,8.39,8.3,8.335,559699.0,2190.0,8.339144
ACHR,2025-12-22 14:40:00+00:00,8.335,8.45,8.305,8.4373,588681.0,2241.0,8.39738
ACHR,2025-12-22 14:45:00+00:00,8.435,8.48,8.395,8.435,823793.0,2740.0,8.43765
ACHR,2025-12-22 14:50:00+00:00,8.4344,8.57,8.425,8.57,801304.0,2524.0,8.506878
ACHR,2025-12-22 14:55:00+00:00,8.57,8.65,8.56,8.6127,841274.0,2607.0,8.609729
ACHR,2025-12-22 15:00:00+00:00,8.61,8.64,8.48,8.49,901308.0,2480.0,8.543423
ACHR,2025-12-22 15:05:00+00:00,8.495,8.55,8.48,8.54,429901.0,1450.0,8.515875
ACHR,2025-12-22 15:10:00+00:00,8.545,8.5799,8.48,8.5,583753.0,1647.0,8.510734
ACHR,2025-12-22 15:15:00+00:00,8.5011,8.5265,8.48,8.505,309375.0,1304.0,8.503523
ACHR,2025-12-22 15:20:00+00:00,8.5,8.53,8.46,8.5101,399439.0,1241.0,8.497077
ACHR,2025-12-22 15:25:00+00:00,8.51,8.53,8.4844,8.52,206961.0,1102.0,8.510469
ACHR,2025-12-22 15:30:00+00:00,8.515,8.525,8.46,8.475,336708.0,984.0,8.485357
ACHR,2025-12-22 15:35:00+00:00,8.4745,8.475,8.41,8.44,368614.0,1166.0,8.442638
ACHR,2025-12-22 15:40:00+00:00,8.45,8.5,8.42,8.4851,379042.0,1122.0,8.468924
ACHR,2025-12-22 15:45:00+00:00,8.485,8.4999,8.465,8.485,239795.0,834.0,8.482138
ACHR,2025-12-22 15:50:00+00:00,8.49,8.52,8.48,8.51,270393.0,876.0,8.501716
ACHR,2025-12-22 15:55:00+00:00,8.505,8.52,8.4917,8.5097,274764.0,752.0,8.505849
ACHR,2025-12-22 16:00:00+00:00,8.505,8.52,8.48,8.495,362934.0,1045.0,8.497782
ACHR,2025-12-22 16:05:00+00:00,8.4999,8.53,8.4902,8.5001,254109.0,842.0,8.517535
ACHR,2025-12-22 16:10:00+00:00,8.5,8.5099,8.48,8.4851,237919.0,750.0,8.493122
ACHR,2025-12-22 16:15:00+00:00,8.485,8.51,8.475,8.505,290000.0,787.0,8.492027
ACHR,2025-12-22 16:20:00+00:00,8.51,8.51,8.47,8.49,279820.0,710.0,8.489316
ACHR,2025-12-22 16:25:00+00:00,8.4836,8.49,8.47,8.47,224955.0,850.0,8.478963
ACHR,2025-12-22 16:30:00+00:00,8.47,8.48,8.45,8.45,230064.0,552.0,8.467686
ACHR,2025-12-22 16:35:00+00:00,8.455,8.48,8.45,8.465,139894.0,580.0,8.461541
ACHR,2025-12-22 16:40:00+00:00,8.465,8.49,8.46,8.47,121346.0,580.0,8.476123
ACHR,2025-12-22 16:45:00+00:00,8.47,8.5,8.46,8.4876,271989.0,549.0,8.47622
ACHR,2025-12-22 16:50:00+00:00,8.4861,8.5186,8.48,8.505,309712.0,658.0,8.500471
ACHR,2025-12-22 16:55:00+00:00,8.5001,8.506,8.46,8.475,286808.0,625.0,8.4843
ACHR,2025-12-22 17:00:00+00:00,8.4734,8.49,8.44,8.46,341553.0,651.0,8.471066
ACHR,2025-12-22 17:05:00+00:00,8.4633,8.48,8.45,8.47,156358.0,559.0,8.464406
ACHR,2025-12-22 17:10:00+00:00,8.465,8.49,8.46,8.485,185634.0,491.0,8.48027
ACHR,2025-12-22 17:15:00+00:00,8.4814,8.495,8.4637,8.468,241875.0,604.0,8.480367
ACHR,2025-12-22 17:20:00+00:00,8.4699,8.475,8.4545,8.4657,231155.0,663.0,8.463962
ACHR,2025-12-22 17:25:00+00:00,8.46,8.47,8.45,8.4611,169965.0,573.0,8.459286
ACHR,2025-12-22 17:30:00+00:00,8.46,8.4601,8.38,8.385,347242.0,1176.0,8.416343
ACHR,2025-12-22 17:35:00+00:00,8.39,8.42,8.38,8.415,229836.0,611.0,8.400292
ACHR,2025-12-22 17:40:00+00:00,8.42,8.44,8.4142,8.42,276328.0,579.0,8.427316
ACHR,2025-12-22 17:45:00+00:00,8.4206,8.45,8.41,8.442,261672.0,642.0,8.434087
ACHR,2025-12-22 17:50:00+00:00,8.4401,8.47,8.44,8.455,213928.0,540.0,8.454645
ACHR,2025-12-22 17:55:00+00:00,8.45,8.4664,8.44,8.465,172222.0,463.0,8.45662
ACHR,2025-12-22 18:00:00+00:00,8.47,8.47,8.445,8.4456,72281.0,494.0,8.453717
ACHR,2025-12-22 18:05:00+00:00,8.44,8.45,8.4,8.4,184042.0,598.0,8.425133
ACHR,2025-12-22 18:10:00+00:00,8.4012,8.42,8.4,8.42,210534.0,559.0,8.41132
ACHR,2025-12-22 18:15:00+00:00,8.415,8.42,8.395,8.4,237337.0,573.0,8.405394
ACHR,2025-12-22 18:20:00+00:00,8.405,8.41,8.385,8.4099,339113.0,668.0,8.399245
ACHR,2025-12-22 18:25:00+00:00,8.4084,8.4499,8.4,8.4401,300055.0,683.0,8.420762
ACHR,2025-12-22 18:30:00+00:00,8.45,8.46,8.405,8.41,250600.0,703.0,8.440434
ACHR,2025-12-22 18:35:00+00:00,8.405,8.45,8.395,8.445,454320.0,733.0,8.421753
ACHR,2025-12-22 18:40:00+00:00,8.44,8.44,8.4,8.4,696553.0,958.0,8.416787
ACHR,2025-12-22 18:45:00+00:00,8.4019,8.44,8.4,8.44,353135.0,700.0,8.423457
ACHR,2025-12-22 18:50:00+00:00,8.435,8.44,8.42,8.425,246613.0,648.0,8.430527
ACHR,2025-12-22 18:55:00+00:00,8.425,8.45,8.42,8.44,190700.0,621.0,8.436089
ACHR,2025-12-22 19:00:00+00:00,8.4355,8.45,8.4,8.415,380605.0,963.0,8.4152
ACHR,2025-12-22 19:05:00+00:00,8.4135,8.42,8.4,8.41,321917.0,635.0,8.411522
ACHR,2025-12-22 19:10:00+00:00,8.415,8.4278,8.4,8.4261,321641.0,669.0,8.413307
ACHR,2025-12-22 19:15:00+00:00,8.4247,8.435,8.42,8.435,151228.0,569.0,8.426428
ACHR,2025-12-22 19:20:00+00:00,8.44,8.45,8.4244,8.44,358749.0,716.0,8.438425
ACHR,2025-12-22 19:25:00+00:00,8.45,8.45,8.4,8.438,333949.0,743.0,8.428027
ACHR,2025-12-22 19:30:00+00:00,8.4375,8.4575,8.4336,8.455,262937.0,562.0,8.44743
ACHR,2025-12-22 19:35:00+00:00,8.4501,8.47,8.445,8.445,342022.0,804.0,8.458917
ACHR,2025-12-22 19:40:00+00:00,8.449,8.46,8.42,8.42,276654.0,713.0,8.44414
ACHR,2025-12-22 19:45:00+00:00,8.425,8.43,8.4,8.425,308781.0,713.0,8.419734
ACHR,2025-12-22 19:50:00+00:00,8.425,8.44,8.42,8.425,270586.0,583.0,8.430582
ACHR,2025-12-22 19:55:00+00:00,8.42,8.425,8.41,8.415,196721.0,580.0,8.415967
ACHR,2025-12-22 20:00:00+00:00,8.41,8.45,8.4,8.44,323027.0,938.0,8.425406
ACHR,2025-12-22 20:05:00+00:00,8.4314,8.457,8.415,8.435,460412.0,906.0,8.431947
ACHR,2025-12-22 20:10:00+00:00,8.4336,8.45,8.42,8.4255,292254.0,739.0,8.43585
ACHR,2025-12-22 20:15:00+00:00,8.425,8.4361,8.41,8.425,588065.0,753.0,8.423929
ACHR,2025-12-22 20:20:00+00:00,8.42,8.43,8.375,8.395,521933.0,848.0,8.398333
ACHR,2025-12-22 20:25:00+00:00,8.395,8.4187,8.381,8.405,531601.0,839.0,8.403108
ACHR,2025-12-22 20:30:00+00:00,8.405,8.4253,8.38,8.415,741097.0,1098.0,8.408182
ACHR,2025-12-22 20:35:00+00:00,8.415,8.43,8.41,8.41,238987.0,703.0,8.417921
ACHR,2025-12-22 20:40:00+00:00,8.41,8.415,8.385,8.385,331330.0,976.0,8.398803
ACHR,2025-12-22 20:45:00+00:00,8.385,8.42,8.38,8.4132,439778.0,949.0,8.401949
ACHR,2025-12-22 20:50:00+00:00,8.42,8.43,8.34,8.355,664108.0,1700.0,8.365475
ACHR,2025-12-22 20:55:00+00:00,8.3546,8.41,8.34,8.405,1150855.0,3420.0,8.37874
ACHR,2025-12-22 21:00:00+00:00,8.4,8.48,8.398,8.45,5579141.0,150.0,8.400216
ACHR,2025-12-22 21:05:00+00:00,8.45,8.45,8.41,8.42,12758.0,37.0,8.431456
ACHR,2025-12-22 21:10:00+00:00,8.44,8.46,8.42,8.42,10631.0,54.0,8.440803
ACHR,2025-12-22 21:15:00+00:00,8.45,8.45,8.42,8.42,22852.0,28.0,8.439644
ACHR,2025-12-22 21:20:00+00:00,8.43,8.43,8.42,8.43,6417.0,30.0,8.429441
ACHR,2025-12-22 21:25:00+00:00,8.42,8.43,8.42,8.43,896.0,16.0,8.424055
ACHR,2025-12-22 21:30:00+00:00,8.43,8.43,8.39,8.39,14105.0,63.0,8.410386
ACHR,2025-12-22 21:35:00+00:00,8.4,8.4197,8.4,8.4197,3081.0,18.0,8.400679
ACHR,2025-12-22 21:40:00+00:00,8.41,8.42,8.4,8.42,13314.0,39.0,8.418626
ACHR,2025-12-22 21:45:00+00:00,8.41,8.44,8.41,8.4199,5012.0,39.0,8.422365
ACHR,2025-12-22 21:50:00+00:00,8.42,8.4398,8.4,8.4392,7161.0,40.0,8.413083
ACHR,2025-12-22 21:55:00+00:00,8.44,8.44,8.4,8.43,22734.0,22.0,8.419882
ACHR,2025-12-22 22:00:00+00:00,8.4385,8.44,8.4005,8.4005,3390.0,18.0,8.430117
ACHR,2025-12-22 22:05:00+00:00,8.43,8.43,8.43,8.43,560.0,4.0,8.43
ACHR,2025-12-22 22:10:00+00:00,8.43,8.43,8.4,8.4,2302.0,27.0,8.407038
ACHR,2025-12-22 22:15:00+00:00,8.42,8.42,8.41,8.41,523.0,11.0,8.413135
ACHR,2025-12-22 22:20:00+00:00,8.4,8.41,8.4,8.4,11575.0,54.0,8.401276
ACHR,2025-12-22 22:25:00+00:00,8.39,8.39,8.39,8.39,318.0,8.0,8.39
ACHR,2025-12-22 22:30:00+00:00,8.3901,8.44,8.39,8.4399,8419.0,30.0,8.42427
ACHR,2025-12-22 22:35:00+00:00,8.42,8.44,8.42,8.44,1960.0,10.0,8.438443
ACHR,2025-12-22 22:40:00+00:00,8.41,8.43,8.41,8.43,1451.0,18.0,8.414076
ACHR,2025-12-22 22:45:00+00:00,8.42,8.44,8.42,8.44,1513.0,15.0,8.428462
ACHR,2025-12-22 22:50:00+00:00,8.41,8.43,8.41,8.42,11394.0,11.0,8.418979
ACHR,2025-12-22 22:55:00+00:00,8.41,8.4135,8.4,8.4,698.0,6.0,8.403943
ACHR,2025-12-22 23:00:00+00:00,8.42,8.42,8.42,8.42,572.0,5.0,8.42
ACHR,2025-12-22 23:05:00+00:00,8.44,8.44,8.43,8.43,2006.0,9.0,8.434982
ACHR,2025-12-22 23:10:00+00:00,8.43,8.43,8.4299,8.4299,212.0,5.0,8.42995
ACHR,2025-12-22 23:15:00+00:00,8.43,8.43,8.41,8.41,1253.0,19.0,8.418913
ACHR,2025-12-22 23:20:00+00:00,8.4,8.42,8.4,8.42,2382.0,12.0,8.41136
ACHR,2025-12-22 23:25:00+00:00,8.44,8.44,8.44,8.44,6145.0,10.0,8.44
ACHR,2025-12-22 23:30:00+00:00,8.42,8.4223,8.42,8.4222,1414.0,5.0,8.421143
ACHR,2025-12-22 23:40:00+00:00,8.4201,8.44,8.4201,8.44,583.0,8.0,8.43599
ACHR,2025-12-22 23:45:00+00:00,8.44,8.44,8.421,8.421,5786.0,6.0,8.42247
ACHR,2025-12-22 23:50:00+00:00,8.43,8.44,8.4299,8.44,26989.0,16.0,8.430023
ACHR,2025-12-22 23:55:00+00:00,8.4,8.4,8.4,8.4,511.0,4.0,8.4
ACHR,2025-12-23 00:00:00+00:00,8.42,8.42,8.41,8.42,725.0,9.0,8.416121
ACHR,2025-12-23 00:05:00+00:00,8.4101,8.4101,8.41,8.41,688.0,9.0,8.410017
ACHR,2025-12-23 00:10:00+00:00,8.42,8.42,8.41,8.41,597.0,9.0,8.414505
ACHR,2025-12-23 00:15:00+00:00,8.4004,8.4004,8.4004,8.4004,174.0,2.0,8.4004
ACHR,2025-12-23 00:20:00+00:00,8.41,8.41,8.41,8.41,512.0,3.0,8.41
ACHR,2025-12-23 00:25:00+00:00,8.42,8.43,8.42,8.43,3094.0,9.0,8.427613
ACHR,2025-12-23 00:30:00+00:00,8.42,8.42,8.41,8.41,494.0,5.0,8.41511
ACHR,2025-12-23 00:35:00+00:00,8.43,8.43,8.42,8.42,977.0,9.0,8.426209
ACHR,2025-12-23 00:40:00+00:00,8.42,8.42,8.42,8.42,210.0,5.0,8.42
ACHR,2025-12-23 00:45:00+00:00,8.42,8.42,8.42,8.42,418.0,4.0,8.42
ACHR,2025-12-23 00:50:00+00:00,8.41,8.41,8.4,8.4001,3622.0,27.0,8.404875
ACHR,2025-12-23 00:55:00+00:00,8.4192,8.4192,8.41,8.41,2248.0,5.0,8.414995
ACHR,2025-12-23 09:00:00+00:00,8.46,8.465,8.4,8.41,8139.0,113.0,8.438583
ACHR,2025-12-23 09:05:00+00:00,8.425,8.43,8.425,8.43,200.0,2.0,8.4275
ACHR,2025-12-23 09:25:00+00:00,8.43,8.43,8.43,8.43,121.0,2.0,8.43
ACHR,2025-12-23 09:30:00+00:00,8.45,8.45,8.45,8.45,983.0,21.0,8.45
ACHR,2025-12-23 09:40:00+00:00,8.46,8.46,8.46,8.46,108.0,2.0,8.46
ACHR,2025-12-23 09:45:00+00:00,8.46,8.46,8.46,8.46,219.0,4.0,8.46
ACHR,2025-12-23 10:05:00+00:00,8.46,8.46,8.44,8.44,4338.0,80.0,8.452634
ACHR,2025-12-23 10:10:00+00:00,8.44,8.45,8.44,8.45,1794.0,22.0,8.447315
ACHR,2025-12-23 10:25:00+00:00,8.42,8.42,8.42,8.42,574.0,13.0,8.42
ACHR,2025-12-23 10:30:00+00:00,8.42,8.45,8.42,8.44,5101.0,26.0,8.43436
ACHR,2025-12-23 10:45:00+00:00,8.43,8.45,8.43,8.45,2747.0,36.0,8.434408
ACHR,2025-12-23 10:50:00+00:00,8.45,8.5,8.41,8.43,17369.0,101.0,8.465299
ACHR,2025-12-23 10:55:00+00:00,8.44,8.44,8.44,8.44,787.0,14.0,8.44
ACHR,2025-12-23 11:05:00+00:00,8.45,8.45,8.45,8.45,201.0,3.0,8.45
ACHR,2025-12-23 11:10:00+00:00,8.44,8.44,8.44,8.44,176.0,4.0,8.44
ACHR,2025-12-23 11:15:00+00:00,8.445,8.445,8.445,8.445,191.0,1.0,8.445
ACHR,2025-12-23 11:20:00+00:00,8.43,8.43,8.43,8.43,1115.0,23.0,8.43
ACHR,2025-12-23 11:25:00+00:00,8.42,8.42,8.41,8.41,1427.0,29.0,8.411597
ACHR,2025-12-23 11:35:00+00:00,8.4,8.4,8.4,8.4,5993.0,54.0,8.4
ACHR,2025-12-23 11:40:00+00:00,8.42,8.42,8.42,8.42,418.0,11.0,8.42
ACHR,2025-12-23 11:45:00+00:00,8.41,8.41,8.4,8.4,494.0,10.0,8.406667
ACHR,2025-12-23 11:50:00+00:00,8.4,8.4,8.4,8.4,299.0,5.0,8.4
ACHR,2025-12-23 12:00:00+00:00,8.41,8.41,8.39,8.39,2267.0,31.0,8.394997
ACHR,2025-12-23 12:05:00+00:00,8.4,8.41,8.39,8.409,4256.0,48.0,8.397358
ACHR,2025-12-23 12:10:00+00:00,8.395,8.395,8.39,8.39,703.0,22.0,8.39375
ACHR,2025-12-23 12:15:00+00:00,8.38,8.38,8.38,8.38,5580.0,18.0,8.38
ACHR,2025-12-23 12:20:00+00:00,8.37,8.37,8.355,8.355,5173.0,48.0,8.361747
ACHR,2025-12-23 12:25:00+00:00,8.35,8.35,8.34,8.34,1561.0,17.0,8.347781
ACHR,2025-12-23 12:30:00+00:00,8.34,8.34,8.34,8.34,932.0,11.0,8.34
ACHR,2025-12-23 12:35:00+00:00,8.34,8.34,8.34,8.34,3792.0,27.0,8.34
ACHR,2025-12-23 12:40:00+00:00,8.34,8.34,8.315,8.32,25735.0,39.0,8.329905
ACHR,2025-12-23 12:45:00+00:00,8.32,8.33,8.32,8.33,3109.0,25.0,8.324376
ACHR,2025-12-23 12:50:00+00:00,8.321,8.321,8.321,8.321,100.0,1.0,8.321
ACHR,2025-12-23 12:55:00+00:00,8.34,8.34,8.34,8.34,1097.0,8.0,8.34
ACHR,2025-12-23 13:00:00+00:00,8.41,8.49,8.31,8.3201,133039.0,620.0,8.377727
ACHR,2025-12-23 13:05:00+00:00,8.3201,8.3232,8.31,8.32,6209.0,66.0,8.31499
ACHR,2025-12-23 13:10:00+00:00,8.33,8.33,8.31,8.31,7001.0,48.0,8.311232
ACHR,2025-12-23 13:15:00+00:00,8.31,8.32,8.31,8.31,9919.0,62.0,8.313028
ACHR,2025-12-23 13:20:00+00:00,8.31,8.31,8.295,8.3003,25187.0,118.0,8.30008
ACHR,2025-12-23 13:25:00+00:00,8.3002,8.31,8.29,8.31,25884.0,81.0,8.301498
ACHR,2025-12-23 13:30:00+00:00,8.31,8.32,8.3,8.3,7293.0,43.0,8.315757
ACHR,2025-12-23 13:35:00+00:00,8.3,8.3,8.22,8.23,34344.0,274.0,8.252749
ACHR,2025-12-23 13:40:00+00:00,8.2302,8.25,8.23,8.2499,18701.0,80.0,8.235667
ACHR,2025-12-23 13:45:00+00:00,8.25,8.28,8.24,8.27,23213.0,80.0,8.253569
ACHR,2025-12-23 13:50:00+00:00,8.26,8.26,8.2503,8.2503,5509.0,44.0,8.259606
ACHR,2025-12-23 13:55:00+00:00,8.2508,8.26,8.24,8.25,15683.0,101.0,8.250461
ACHR,2025-12-23 14:00:00+00:00,8.25,8.26,8.25,8.26,8888.0,78.0,8.253386
ACHR,2025-12-23 14:05:00+00:00,8.26,8.26,8.25,8.25,6222.0,48.0,8.25158
ACHR,2025-12-23 14:10:00+00:00,8.25,8.29,8.25,8.29,14341.0,102.0,8.264017
ACHR,2025-12-23 14:15:00+00:00,8.29,8.2952,8.2799,8.28,8939.0,87.0,8.286613
ACHR,2025-12-23 14:20:00+00:00,8.2702,8.33,8.27,8.31,15901.0,195.0,8.297533
ACHR,2025-12-23 14:25:00+00:00,8.3,8.3,8.23,8.23,37490.0,279.0,8.255134
ACHR,2025-12-23 14:30:00+00:00,8.23,8.37,8.15,8.335,885901.0,2793.0,8.244991
ACHR,2025-12-23 14:35:00+00:00,8.34,8.37,8.29,8.36,476958.0,2065.0,8.320701
ACHR,2025-12-23 14:40:00+00:00,8.355,8.37,8.29,8.3036,285158.0,1435.0,8.324766
ACHR,2025-12-23 14:45:00+00:00,8.305,8.36,8.295,8.299,235468.0,885.0,8.31796
ACHR,2025-12-23 14:50:00+00:00,8.2981,8.34,8.265,8.275,255397.0,950.0,8.291463
ACHR,2025-12-23 14:55:00+00:00,8.27,8.29,8.21,8.215,325863.0,1440.0,8.250036
ACHR,2025-12-23 15:00:00+00:00,8.215,8.25,8.15,8.17,399771.0,1393.0,8.191851
ACHR,2025-12-23 15:05:00+00:00,8.1651,8.24,8.13,8.235,382932.0,1556.0,8.168256
ACHR,2025-12-23 15:10:00+00:00,8.235,8.26,8.1944,8.225,243456.0,951.0,8.228818
ACHR,2025-12-23 15:15:00+00:00,8.2281,8.31,8.225,8.305,278896.0,849.0,8.268822
ACHR,2025-12-23 15:20:00+00:00,8.305,8.3301,8.28,8.295,292780.0,883.0,8.312832
ACHR,2025-12-23 15:25:00+00:00,8.295,8.31,8.274,8.2986,221708.0,611.0,8.295275
ACHR,2025-12-23 15:30:00+00:00,8.295,8.3151,8.275,8.295,297472.0,751.0,8.290222
ACHR,2025-12-23 15:35:00+00:00,8.295,8.3299,8.295,8.3064,296513.0,671.0,8.308901
ACHR,2025-12-23 15:40:00+00:00,8.305,8.33,8.3,8.315,307372.0,681.0,8.317229
ACHR,2025-12-23 15:45:00+00:00,8.3101,8.315,8.28,8.29,510343.0,1211.0,8.294867
ACHR,2025-12-23 15:50:00+00:00,8.295,8.295,8.25,8.26,458484.0,997.0,8.26623
ACHR,2025-12-23 15:55:00+00:00,8.255,8.27,8.25,8.2643,182311.0,571.0,8.259614
ACHR,2025-12-23 16:00:00+00:00,8.2655,8.27,8.24,8.26,349290.0,653.0,8.259172
ACHR,2025-12-23 16:05:00+00:00,8.2544,8.2766,8.22,8.2256,238702.0,704.0,8.251556
ACHR,2025-12-23 16:10:00+00:00,8.225,8.225,8.19,8.205,502215.0,895.0,8.203678
ACHR,2025-12-23 16:15:00+00:00,8.205,8.25,8.2001,8.2333,559981.0,714.0,8.230197
ACHR,2025-12-23 16:20:00+00:00,8.2301,8.25,8.21,8.2109,554153.0,829.0,8.233413
ACHR,2025-12-23 16:25:00+00:00,8.2199,8.2199,8.16,8.175,728233.0,1232.0,8.190151
ACHR,2025-12-23 16:30:00+00:00,8.1788,8.205,8.175,8.195,524572.0,786.0,8.192036
ACHR,2025-12-23 16:35:00+00:00,8.195,8.2,8.17,8.17,401272.0,724.0,8.183079
ACHR,2025-12-23 16:40:00+00:00,8.1704,8.2,8.17,8.185,332519.0,793.0,8.189947
ACHR,2025-12-23 16:45:00+00:00,8.185,8.19,8.17,8.1753,251150.0,690.0,8.180904
ACHR,2025-12-23 16:50:00+00:00,8.1701,8.2,8.17,8.19,193130.0,658.0,8.184552
ACHR,2025-12-23 16:55:00+00:00,8.195,8.22,8.19,8.2049,187108.0,647.0,8.203684
ACHR,2025-12-23 17:00:00+00:00,8.21,8.22,8.195,8.195,304738.0,781.0,8.20576
ACHR,2025-12-23 17:05:00+00:00,8.195,8.23,8.1944,8.225,281708.0,621.0,8.219435
ACHR,2025-12-23 17:10:00+00:00,8.225,8.225,8.19,8.2,253346.0,632.0,8.206715
ACHR,2025-12-23 17:15:00+00:00,8.21,8.21,8.19,8.205,176611.0,491.0,8.200753
ACHR,2025-12-23 17:20:00+00:00,8.202,8.21,8.19,8.1919,135829.0,436.0,8.197792
ACHR,2025-12-23 17:25:00+00:00,8.19,8.1964,8.17,8.185,243247.0,478.0,8.184488
ACHR,2025-12-23 17:30:00+00:00,8.185,8.19,8.18,8.1825,79762.0,286.0,8.186348
ACHR,2025-12-23 17:35:00+00:00,8.19,8.195,8.1743,8.1899,110060.0,554.0,8.182177
ACHR,2025-12-23 17:40:00+00:00,8.18,8.196,8.18,8.181,95285.0,361.0,8.186684
ACHR,2025-12-23 17:45:00+00:00,8.181,8.19,8.17,8.179,101848.0,425.0,8.180711
ACHR,2025-12-23 17:50:00+00:00,8.1765,8.1784,8.14,8.145,286966.0,726.0,8.154257
ACHR,2025-12-23 17:55:00+00:00,8.145,8.15,8.12,8.13,201351.0,730.0,8.135554
ACHR,2025-12-23 18:00:00+00:00,8.13,8.15,8.12,8.145,167803.0,560.0,8.13265
ACHR,2025-12-23 18:05:00+00:00,8.145,8.15,8.13,8.135,110061.0,518.0,8.142501
ACHR,2025-12-23 18:10:00+00:00,8.14,8.1571,8.125,8.1443,125959.0,514.0,8.140173
ACHR,2025-12-23 18:15:00+00:00,8.15,8.165,8.145,8.162,137173.0,517.0,8.157484
ACHR,2025-12-23 18:20:00+00:00,8.1611,8.17,8.15,8.1532,145703.0,375.0,8.156537
ACHR,2025-12-23 18:25:00+00:00,8.16,8.1879,8.15,8.175,270161.0,493.0,8.171469
ACHR,2025-12-23 18:30:00+00:00,8.175,8.19,8.17,8.185,150022.0,417.0,8.174598
ACHR,2025-12-23 18:35:00+00:00,8.185,8.21,8.17,8.2037,144324.0,444.0,8.186141
ACHR,2025-12-23 18:40:00+00:00,8.2033,8.2099,8.18,8.2081,229249.0,540.0,8.196315
ACHR,2025-12-23 18:45:00+00:00,8.21,8.21,8.18,8.185,95820.0,331.0,8.196331
ACHR,2025-12-23 18:50:00+00:00,8.185,8.19,8.17,8.18,196689.0,420.0,8.180666
ACHR,2025-12-23 18:55:00+00:00,8.1802,8.1899,8.1601,8.165,194079.0,487.0,8.175355
ACHR,2025-12-23 19:00:00+00:00,8.17,8.175,8.15,8.16,205770.0,453.0,8.162191
ACHR,2025-12-23 19:05:00+00:00,8.15,8.17,8.144,8.16,183913.0,519.0,8.153618
ACHR,2025-12-23 19:10:00+00:00,8.155,8.17,8.15,8.155,125977.0,469.0,8.160177
ACHR,2025-12-23 19:15:00+00:00,8.155,8.165,8.145,8.15,151816.0,454.0,8.156748
ACHR,2025-12-23 19:20:00+00:00,8.1499,8.156,8.14,8.15,124113.0,341.0,8.147485
ACHR,2025-12-23 19:25:00+00:00,8.1573,8.16,8.15,8.155,52113.0,289.0,8.156054
ACHR,2025-12-23 19:30:00+00:00,8.16,8.18,8.15,8.18,112877.0,403.0,8.16156
ACHR,2025-12-23 19:35:00+00:00,8.175,8.2,8.1725,8.1725,177224.0,624.0,8.187884
ACHR,2025-12-23 19:40:00+00:00,8.1782,8.1799,8.16,8.165,133172.0,341.0,8.169959
ACHR,2025-12-23 19:45:00+00:00,8.16,8.1799,8.145,8.15,306100.0,717.0,8.157395
ACHR,2025-12-23 19:50:00+00:00,8.15,8.16,8.14,8.155,156177.0,409.0,8.150469
ACHR,2025-12-23 19:55:00+00:00,8.16,8.18,8.15,8.18,161057.0,544.0,8.160878
ACHR,2025-12-23 20:00:00+00:00,8.1789,8.195,8.1615,8.175,245202.0,583.0,8.178484
ACHR,2025-12-23 20:05:00+00:00,8.175,8.19,8.17,8.19,91465.0,384.0,8.179124
ACHR,2025-12-23 20:10:00+00:00,8.185,8.2156,8.175,8.2101,218123.0,525.0,8.198764
ACHR,2025-12-23 20:15:00+00:00,8.2101,8.2299,8.2027,8.22,213576.0,566.0,8.214167
ACHR,2025-12-23 20:20:00+00:00,8.2237,8.23,8.2,8.2,231988.0,546.0,8.219821
ACHR,2025-12-23 20:25:00+00:00,8.1985,8.1999,8.17,8.1755,269982.0,554.0,8.186679
ACHR,2025-12-23 20:30:00+00:00,8.1715,8.1899,8.1644,8.175,226800.0,532.0,8.174507
ACHR,2025-12-23 20:35:00+00:00,8.17,8.1875,8.16,8.165,205640.0,573.0,8.174154
ACHR,2025-12-23 20:40:00+00:00,8.1691,8.18,8.15,8.165,332442.0,818.0,8.167186
ACHR,2025-12-23 20:45:00+00:00,8.16,8.195,8.16,8.185,385403.0,1074.0,8.177368
ACHR,2025-12-23 20:50:00+00:00,8.18,8.18,8.11,8.115,637303.0,1723.0,8.142287
ACHR,2025-12-23 20:55:00+00:00,8.115,8.16,8.1,8.16,1183351.0,3531.0,8.135935
ACHR,2025-12-23 21:00:00+00:00,8.159,8.16,8.13,8.13,7724232.0,104.0,8.140045
ACHR,2025-12-23 21:05:00+00:00,8.13,8.13,8.13,8.13,1513.0,42.0,8.13
ACHR,2025-12-23 21:10:00+00:00,8.12,8.14,8.12,8.1316,733.0,21.0,8.130818
ACHR,2025-12-23 21:15:00+00:00,8.14,8.14,8.13,8.1399,3139.0,20.0,8.133923
ACHR,2025-12-23 21:20:00+00:00,8.1301,8.14,8.13,8.13,2462.0,4.0,8.132473
ACHR,2025-12-23 21:25:00+00:00,8.14,8.14,8.13,8.13,5114.0,96.0,8.135486
ACHR,2025-12-23 21:30:00+00:00,8.14,8.14,8.13,8.14,2660.0,23.0,8.137924
ACHR,2025-12-23 21:35:00+00:00,8.14,8.14,8.13,8.13,5345.0,37.0,8.137751
ACHR,2025-12-23 21:40:00+00:00,8.13,8.14,8.13,8.14,1074.0,10.0,8.136406
ACHR,2025-12-23 21:45:00+00:00,8.1301,8.14,8.13,8.14,1374.0,21.0,8.13644
ACHR,2025-12-23 21:50:00+00:00,8.14,8.14,8.1397,8.1397,411.0,16.0,8.139867
ACHR,2025-12-23 21:55:00+00:00,8.13,8.14,8.13,8.14,2502.0,7.0,8.131853
ACHR,2025-12-23 22:00:00+00:00,8.13,8.13,8.13,8.13,128.0,5.0,8.13
ACHR,2025-12-23 22:05:00+00:00,8.1397,8.14,8.1397,8.14,473.0,10.0,8.139925
ACHR,2025-12-23 22:10:00+00:00,8.14,8.14,8.13,8.14,2347.0,25.0,8.139455
ACHR,2025-12-23 22:15:00+00:00,8.13,8.1398,8.13,8.1398,390.0,12.0,8.132832
ACHR,2025-12-23 22:20:00+00:00,8.14,8.14,8.13,8.14,2661013.0,21.0,8.135
ACHR,2025-12-23 22:25:00+00:00,8.14,8.14,8.13,8.13,5710.0,26.0,8.130387
ACHR,2025-12-23 22:30:00+00:00,8.1303,8.14,8.13,8.1302,2282.0,11.0,8.131917
ACHR,2025-12-23 22:35:00+00:00,8.14,8.14,8.13,8.13,408.0,5.0,8.13711
ACHR,2025-12-23 22:40:00+00:00,8.14,8.14,8.13,8.1397,2550.0,19.0,8.139314
ACHR,2025-12-23 22:45:00+00:00,8.14,8.15,8.13,8.14,10455.0,312.0,8.135672
ACHR,2025-12-23 22:50:00+00:00,8.14,8.14,8.1303,8.14,2136.0,21.0,8.138795
ACHR,2025-12-23 22:55:00+00:00,8.14,8.14,8.1395,8.14,3784.0,22.0,8.139942
ACHR,2025-12-23 23:00:00+00:00,8.14,8.14,8.1397,8.1397,336.0,5.0,8.139859
ACHR,2025-12-23 23:05:00+00:00,8.1398,8.15,8.1303,8.15,19641.0,40.0,8.148191
ACHR,2025-12-23 23:10:00+00:00,8.15,8.15,8.14,8.1494,7696.0,13.0,8.142873
ACHR,2025-12-23 23:15:00+00:00,8.15,8.15,8.13,8.13,1472.0,15.0,8.148078
ACHR,2025-12-23 23:20:00+00:00,8.15,8.15,8.1403,8.1403,799.0,23.0,8.146845
ACHR,2025-12-23 23:35:00+00:00,8.15,8.15,8.15,8.15,343.0,14.0,8.15
ACHR,2025-12-23 23:40:00+00:00,8.1593,8.1593,8.1401,8.1401,538.0,43.0,8.153735
ACHR,2025-12-23 23:45:00+00:00,8.15,8.15,8.1484,8.15,1560.0,7.0,8.149896
ACHR,2025-12-23 23:50:00+00:00,8.1484,8.1497,8.1484,8.1497,484.0,7.0,8.149389
ACHR,2025-12-23 23:55:00+00:00,8.15,8.15,8.15,8.15,1248.0,11.0,8.15
ACHR,2025-12-24 00:00:00+00:00,8.16,8.16,8.14,8.1403,3964.0,41.0,8.142201
ACHR,2025-12-24 00:05:00+00:00,8.14,8.14,8.1309,8.1309,1424.0,11.0,8.133075
ACHR,2025-12-24 00:10:00+00:00,8.13,8.1301,8.13,8.1301,1350.0,2.0,8.130074
ACHR,2025-12-24 00:15:00+00:00,8.14,8.14,8.14,8.14,1686.0,13.0,8.14
ACHR,2025-12-24 00:20:00+00:00,8.14,8.14,8.13,8.13,796.0,5.0,8.137468
ACHR,2025-12-24 00:25:00+00:00,8.14,8.14,8.13,8.13,956.0,2.0,8.131046
ACHR,2025-12-24 00:30:00+00:00,8.13,8.1301,8.13,8.1301,1376.0,16.0,8.130084
ACHR,2025-12-24 00:35:00+00:00,8.1301,8.1301,8.1301,8.1301,1511.0,3.0,8.1301
ACHR,2025-12-24 00:40:00+00:00,8.14,8.14,8.13,8.13,607.0,23.0,8.13212
ACHR,2025-12-24 00:45:00+00:00,8.13,8.15,8.13,8.15,4092.0,52.0,8.147143
ACHR,2025-12-24 00:50:00+00:00,8.13,8.14,8.13,8.14,402.0,4.0,8.1325
ACHR,2025-12-24 00:55:00+00:00,8.14,8.14,8.14,8.14,548.0,4.0,8.14
ACHR,2025-12-24 09:00:00+00:00,8.15,8.15,8.15,8.15,547.0,13.0,8.15
ACHR,2025-12-24 09:05:00+00:00,8.13,8.13,8.13,8.13,1187.0,16.0,8.13
ACHR,2025-12-24 09:20:00+00:00,8.13,8.13,8.13,8.13,630.0,10.0,8.13
ACHR,2025-12-24 09:25:00+00:00,8.12,8.12,8.11,8.11,1445.0,35.0,8.111645
ACHR,2025-12-24 09:30:00+00:00,8.11,8.11,8.1,8.1,777.0,24.0,8.103226
ACHR,2025-12-24 09:35:00+00:00,8.1,8.11,8.1,8.11,943.0,23.0,8.103448
ACHR,2025-12-24 09:40:00+00:00,8.12,8.12,8.12,8.12,415.0,3.0,8.12
ACHR,2025-12-24 09:45:00+00:00,8.12,8.12,8.12,8.12,1217.0,21.0,8.12
ACHR,2025-12-24 09:55:00+00:00,8.12,8.14,8.12,8.14,2392.0,23.0,8.126126
ACHR,2025-12-24 10:00:00+00:00,8.14,8.14,8.14,8.14,168.0,5.0,8.14
ACHR,2025-12-24 10:25:00+00:00,8.14,8.14,8.14,8.14,945.0,24.0,8.14
ACHR,2025-12-24 10:30:00+00:00,8.13,8.13,8.13,8.13,5733.0,23.0,8.13
ACHR,2025-12-24 10:35:00+00:00,8.13,8.13,8.13,8.13,338.0,2.0,8.13
ACHR,2025-12-24 10:45:00+00:00,8.14,8.14,8.14,8.14,337.0,5.0,8.14
ACHR,2025-12-24 10:50:00+00:00,8.13,8.15,8.13,8.15,2936.0,63.0,8.145882
ACHR,2025-12-24 10:55:00+00:00,8.16,8.17,8.16,8.17,9522.0,31.0,8.1654
ACHR,2025-12-24 11:00:00+00:00,8.17,8.17,8.17,8.17,511.0,13.0,8.17
ACHR,2025-12-24 11:05:00+00:00,8.17,8.17,8.17,8.17,580.0,8.0,8.17
ACHR,2025-12-24 11:10:00+00:00,8.16,8.17,8.16,8.17,904.0,21.0,8.167831
ACHR,2025-12-24 11:15:00+00:00,8.16,8.16,8.16,8.16,844.0,13.0,8.16
ACHR,2025-12-24 11:30:00+00:00,8.15,8.15,8.15,8.15,258.0,6.0,8.15
ACHR,2025-12-24 11:40:00+00:00,8.16,8.16,8.16,8.16,461.0,14.0,8.16
ACHR,2025-12-24 11:45:00+00:00,8.14,8.14,8.13,8.13,1621.0,37.0,8.134962
ACHR,2025-12-24 12:00:00+00:00,8.13,8.14,8.13,8.13,1553.0,20.0,8.132979
ACHR,2025-12-24 12:10:00+00:00,8.14,8.14,8.14,8.14,1308.0,8.0,8.14
ACHR,2025-12-24 12:15:00+00:00,8.14,8.18,8.14,8.175,57338.0,70.0,8.142345
ACHR,2025-12-24 12:25:00+00:00,8.18,8.19,8.16,8.18,15133.0,83.0,8.174615
ACHR,2025-12-24 12:30:00+00:00,8.18,8.2,8.18,8.2,959.0,18.0,8.186757
ACHR,2025-12-24 12:35:00+00:00,8.19,8.2,8.19,8.2,3910.0,39.0,8.199103
ACHR,2025-12-24 12:40:00+00:00,8.2,8.2,8.2,8.2,3560.0,42.0,8.2
ACHR,2025-12-24 12:45:00+00:00,8.2,8.21,8.2,8.21,4666.0,45.0,8.203541
ACHR,2025-12-24 12:50:00+00:00,8.2,8.2,8.2,8.2,380.0,7.0,8.2
ACHR,2025-12-24 13:00:00+00:00,8.1398,8.21,8.12,8.19,85501.0,591.0,8.173355
ACHR,2025-12-24 13:05:00+00:00,8.19,8.19,8.18,8.19,5345.0,28.0,8.189189
ACHR,2025-12-24 13:10:00+00:00,8.18,8.18,8.18,8.18,2865.0,48.0,8.18
ACHR,2025-12-24 13:15:00+00:00,8.175,8.18,8.17,8.1799,16451.0,52.0,8.177766
ACHR,2025-12-24 13:20:00+00:00,8.18,8.18,8.17,8.17,6205.0,31.0,8.17056
ACHR,2025-12-24 13:25:00+00:00,8.1784,8.1784,8.1684,8.1684,12244.0,28.0,8.173478
ACHR,2025-12-24 13:30:00+00:00,8.17,8.18,8.16,8.1745,9616.0,54.0,8.172982
ACHR,2025-12-24 13:35:00+00:00,8.17,8.18,8.17,8.18,12192.0,9.0,8.179256
ACHR,2025-12-24 13:40:00+00:00,8.17,8.18,8.17,8.18,5403.0,23.0,8.178498
ACHR,2025-12-24 13:45:00+00:00,8.18,8.18,8.1784,8.1784,1766.0,15.0,8.179521
ACHR,2025-12-24 13:50:00+00:00,8.17,8.18,8.17,8.18,7469.0,35.0,8.179255
ACHR,2025-12-24 13:55:00+00:00,8.18,8.18,8.17,8.1792,5902.0,24.0,8.174583
ACHR,2025-12-24 14:00:00+00:00,8.17,8.18,8.17,8.17,2523.0,34.0,8.175831
ACHR,2025-12-24 14:05:00+00:00,8.17,8.18,8.17,8.18,1218.0,14.0,8.171818
ACHR,2025-12-24 14:10:00+00:00,8.175,8.26,8.17,8.21,262245.0,482.0,8.240149
ACHR,2025-12-24 14:15:00+00:00,8.21,8.26,8.1992,8.21,49235.0,252.0,8.236887
ACHR,2025-12-24 14:20:00+00:00,8.22,8.25,8.21,8.24,13910.0,187.0,8.222852
ACHR,2025-12-24 14:25:00+00:00,8.26,8.28,8.24,8.28,36760.0,229.0,8.265301
ACHR,2025-12-24 14:30:00+00:00,8.25,8.37,8.211,8.315,800333.0,2271.0,8.293159
ACHR,2025-12-24 14:35:00+00:00,8.315,8.39,8.21,8.22,819672.0,3130.0,8.305826
ACHR,2025-12-24 14:40:00+00:00,8.215,8.31,8.2,8.24,433777.0,1580.0,8.262047
ACHR,2025-12-24 14:45:00+00:00,8.24,8.2633,8.15,8.1938,413908.0,1313.0,8.172742
ACHR,2025-12-24 14:50:00+00:00,8.1974,8.24,8.175,8.19,199040.0,886.0,8.208712
ACHR,2025-12-24 14:55:00+00:00,8.195,8.2,8.08,8.08,364787.0,1257.0,8.119737
ACHR,2025-12-24 15:00:00+00:00,8.085,8.16,8.07,8.145,334037.0,1293.0,8.106458
ACHR,2025-12-24 15:05:00+00:00,8.1484,8.165,8.115,8.1158,168820.0,632.0,8.140616
ACHR,2025-12-24 15:10:00+00:00,8.115,8.135,8.09,8.1238,129091.0,729.0,8.112987
ACHR,2025-12-24 15:15:00+00:00,8.125,8.15,8.1,8.1201,193254.0,826.0,8.127694
ACHR,2025-12-24 15:20:00+00:00,8.125,8.14,8.09,8.105,147678.0,577.0,8.117536
ACHR,2025-12-24 15:25:00+00:00,8.11,8.15,8.1,8.15,191069.0,623.0,8.129411
ACHR,2025-12-24 15:30:00+00:00,8.145,8.175,8.1338,8.1561,152645.0,617.0,8.151348
ACHR,2025-12-24 15:35:00+00:00,8.155,8.21,8.155,8.1863,270468.0,810.0,8.185348
ACHR,2025-12-24 15:40:00+00:00,8.185,8.22,8.185,8.195,271047.0,675.0,8.204308
ACHR,2025-12-24 15:45:00+00:00,8.1997,8.21,8.15,8.1555,197455.0,497.0,8.167788
ACHR,2025-12-24 15:50:00+00:00,8.1563,8.1799,8.15,8.165,248898.0,662.0,8.163748
ACHR,2025-12-24 15:55:00+00:00,8.16,8.17,8.14,8.155,294755.0,614.0,8.154791
ACHR,2025-12-24 16:00:00+00:00,8.1501,8.195,8.14,8.18,177889.0,683.0,8.171262
ACHR,2025-12-24 16:05:00+00:00,8.1801,8.1862,8.15,8.175,359346.0,784.0,8.170907
ACHR,2025-12-24 16:10:00+00:00,8.175,8.19,8.16,8.16,184016.0,711.0,8.176223
ACHR,2025-12-24 16:15:00+00:00,8.1648,8.17,8.14,8.1431,248956.0,641.0,8.15865
ACHR,2025-12-24 16:20:00+00:00,8.145,8.15,8.12,8.135,229874.0,822.0,8.135514
ACHR,2025-12-24 16:25:00+00:00,8.135,8.15,8.135,8.1425,139997.0,572.0,8.141718
ACHR,2025-12-24 16:30:00+00:00,8.145,8.15,8.12,8.135,201462.0,649.0,8.137245
ACHR,2025-12-24 16:35:00+00:00,8.1336,8.155,8.1301,8.145,103279.0,481.0,8.145488
ACHR,2025-12-24 16:40:00+00:00,8.15,8.17,8.145,8.1479,137183.0,548.0,8.158172
ACHR,2025-12-24 16:45:00+00:00,8.14,8.15,8.135,8.15,79086.0,435.0,8.14181
ACHR,2025-12-24 16:50:00+00:00,8.1444,8.1462,8.11,8.135,260689.0,747.0,8.127225
ACHR,2025-12-24 16:55:00+00:00,8.135,8.1454,8.13,8.135,150049.0,543.0,8.139389
ACHR,2025-12-24 17:00:00+00:00,8.14,8.17,8.14,8.1641,129471.0,481.0,8.153459
ACHR,2025-12-24 17:05:00+00:00,8.1656,8.18,8.15,8.155,189162.0,512.0,8.162971
ACHR,2025-12-24 17:10:00+00:00,8.16,8.1699,8.13,8.1451,368618.0,785.0,8.149251
ACHR,2025-12-24 17:15:00+00:00,8.1406,8.155,8.13,8.145,590022.0,935.0,8.140368
ACHR,2025-12-24 17:20:00+00:00,8.145,8.16,8.14,8.1427,154722.0,429.0,8.149822
ACHR,2025-12-24 17:25:00+00:00,8.145,8.15,8.14,8.145,66941.0,276.0,8.143366
ACHR,2025-12-24 17:30:00+00:00,8.149,8.17,8.149,8.167,127702.0,445.0,8.159081
ACHR,2025-12-24 17:35:00+00:00,8.1653,8.18,8.16,8.165,280281.0,653.0,8.170573
ACHR,2025-12-24 17:40:00+00:00,8.165,8.18,8.15,8.155,350522.0,758.0,8.165765
ACHR,2025-12-24 17:45:00+00:00,8.155,8.165,8.14,8.155,313755.0,716.0,8.151028
ACHR,2025-12-24 17:50:00+00:00,8.155,8.16,8.13,8.14,341808.0,921.0,8.144337
ACHR,2025-12-24 17:55:00+00:00,8.14,8.15,8.12,8.145,532415.0,1798.0,8.131246
ACHR,2025-12-24 18:00:00+00:00,8.15,8.16,8.12,8.12,595606.0,44.0,8.130068
ACHR,2025-12-24 18:05:00+00:00,8.1496,8.1499,8.13,8.13,2244.0,40.0,8.13401
ACHR,2025-12-24 18:10:00+00:00,8.14,8.15,8.14,8.14,1099.0,24.0,8.141469
ACHR,2025-12-24 18:15:00+00:00,8.15,8.15,8.14,8.1489,2369.0,11.0,8.149479
ACHR,2025-12-24 18:20:00+00:00,8.14,8.1479,8.14,8.1479,364.0,8.0,8.142633
ACHR,2025-12-24 18:25:00+00:00,8.14,8.1479,8.13,8.13,4461.0,21.0,8.133754
ACHR,2025-12-24 18:30:00+00:00,8.1454,8.1454,8.1284,8.1284,1019.0,9.0,8.133751
ACHR,2025-12-24 18:35:00+00:00,8.12,8.12,8.1198,8.1198,4913.0,27.0,8.119957
ACHR,2025-12-24 18:40:00+00:00,8.12,8.12,8.11,8.12,9966.0,28.0,8.11252
ACHR,2025-12-24 18:45:00+00:00,8.12,8.12,8.11,8.11,3915.0,12.0,8.119606
ACHR,2025-12-24 18:50:00+00:00,8.12,8.14,8.11,8.14,3846.0,15.0,8.118989
ACHR,2025-12-24 18:55:00+00:00,8.14,8.14,8.12,8.12,4044.0,10.0,8.123107
ACHR,2025-12-24 19:00:00+00:00,8.14,8.14,8.11,8.11,12105.0,17.0,8.116958
ACHR,2025-12-24 19:05:00+00:00,8.11,8.11,8.11,8.11,326.0,6.0,8.11
ACHR,2025-12-24 19:10:00+00:00,8.11,8.11,8.11,8.11,155.0,7.0,8.11
ACHR,2025-12-24 19:15:00+00:00,8.12,8.14,8.11,8.1399,2299.0,19.0,8.124454
ACHR,2025-12-24 19:25:00+00:00,8.12,8.14,8.12,8.14,242.0,3.0,8.129091
ACHR,2025-12-24 19:30:00+00:00,8.14,8.14,8.14,8.14,324.0,3.0,8.14
ACHR,2025-12-24 19:35:00+00:00,8.14,8.14,8.11,8.11,2370.0,38.0,8.117609
ACHR,2025-12-24 19:40:00+00:00,8.12,8.14,8.1148,8.1148,8981.0,16.0,8.139045
ACHR,2025-12-24 19:45:00+00:00,8.13,8.13,8.11,8.1101,3453.0,27.0,8.115226
ACHR,2025-12-24 19:50:00+00:00,8.11,8.12,8.11,8.1199,1009.0,7.0,8.117935
ACHR,2025-12-24 20:00:00+00:00,8.1197,8.1197,8.1197,8.1197,205.0,2.0,8.1197
ACHR,2025-12-24 20:05:00+00:00,8.12,8.12,8.1101,8.1101,1856.0,5.0,8.1116
ACHR,2025-12-24 20:10:00+00:00,8.12,8.12,8.11,8.11,987.0,5.0,8.116725
ACHR,2025-12-24 20:15:00+00:00,8.11,8.12,8.11,8.12,300.0,3.0,8.11654
ACHR,2025-12-24 20:20:00+00:00,8.12,8.12,8.12,8.12,862.0,2.0,8.12
ACHR,2025-12-24 20:25:00+00:00,8.13,8.13,8.1284,8.1284,522.0,15.0,8.1288
ACHR,2025-12-24 20:30:00+00:00,8.13,8.13,8.11,8.13,1296.0,13.0,8.115208
ACHR,2025-12-24 20:35:00+00:00,8.13,8.14,8.13,8.14,1339.0,13.0,8.132121
ACHR,2025-12-24 20:40:00+00:00,8.11,8.14,8.11,8.14,956.0,10.0,8.119858
ACHR,2025-12-24 20:45:00+00:00,8.14,8.1456,8.14,8.1456,826.0,5.0,8.141889
ACHR,2025-12-24 20:50:00+00:00,8.14,8.14,8.11,8.11,384.0,11.0,8.124925
ACHR,2025-12-24 20:55:00+00:00,8.1499,8.1499,8.14,8.14,744.0,9.0,8.148145
ACHR,2025-12-24 21:00:00+00:00,8.15,8.15,8.15,8.15,1890.0,5.0,8.15
ACHR,2025-12-24 21:05:00+00:00,8.15,8.15,8.15,8.15,1505.0,2.0,8.15
ACHR,2025-12-24 21:10:00+00:00,8.12,8.12,8.12,8.12,256.0,7.0,8.12
ACHR,2025-12-24 21:15:00+00:00,8.13,8.13,8.13,8.13,500.0,1.0,8.13
ACHR,2025-12-24 21:20:00+00:00,8.13,8.13,8.13,8.13,2085.0,11.0,8.13
ACHR,2025-12-24 21:30:00+00:00,8.12,8.12,8.12,8.12,200.0,1.0,8.12
ACHR,2025-12-24 21:40:00+00:00,8.14,8.15,8.14,8.15,17110.0,14.0,8.14006
ACHR,2025-12-24 21:45:00+00:00,8.14,8.15,8.14,8.14,2098.0,5.0,8.140863
ACHR,2025-12-24 21:50:00+00:00,8.14,8.15,8.14,8.14,1566.0,9.0,8.141668
ACHR,2025-12-26 09:00:00+00:00,8.14,8.14,8.12,8.12,1128.0,21.0,8.137442
ACHR,2025-12-26 09:05:00+00:00,8.14,8.14,8.14,8.14,251.0,5.0,8.14
ACHR,2025-12-26 09:25:00+00:00,8.13,8.13,8.12,8.12,519.0,22.0,8.12431
ACHR,2025-12-26 09:50:00+00:00,8.12,8.12,8.12,8.12,1723.0,19.0,8.12
ACHR,2025-12-26 09:55:00+00:00,8.11,8.12,8.1,8.11,2619.0,47.0,8.104611
ACHR,2025-12-26 10:00:00+00:00,8.1,8.12,8.1,8.12,1649.0,25.0,8.101711
ACHR,2025-12-26 10:05:00+00:00,8.1,8.11,8.1,8.11,2512.0,23.0,8.100751
ACHR,2025-12-26 10:10:00+00:00,8.1,8.1,8.1,8.1,485.0,29.0,8.1
ACHR,2025-12-26 10:15:00+00:00,8.11,8.12,8.11,8.12,673.0,13.0,8.1125
ACHR,2025-12-26 10:20:00+00:00,8.12,8.12,8.11,8.12,721.0,19.0,8.116667
ACHR,2025-12-26 10:45:00+00:00,8.11,8.11,8.11,8.11,193.0,2.0,8.11
ACHR,2025-12-26 10:55:00+00:00,8.11,8.11,8.1,8.11,1903.0,15.0,8.108936
ACHR,2025-12-26 11:25:00+00:00,8.11,8.11,8.1,8.1,460.0,7.0,8.107002
ACHR,2025-12-26 11:35:00+00:00,8.1,8.1,8.1,8.1,1701.0,30.0,8.1
ACHR,2025-12-26 11:40:00+00:00,8.09,8.09,8.09,8.09,775.0,28.0,8.09
ACHR,2025-12-26 11:50:00+00:00,8.09,8.09,8.09,8.09,249.0,9.0,8.09
ACHR,2025-12-26 11:55:00+00:00,8.1,8.11,8.1,8.11,680.0,9.0,8.102308
ACHR,2025-12-26 12:00:00+00:00,8.1,8.11,8.09,8.09,14837.0,87.0,8.1022
ACHR,2025-12-26 12:05:00+00:00,8.09,8.09,8.09,8.09,1171.0,14.0,8.09
ACHR,2025-12-26 12:15:00+00:00,8.1,8.1,8.1,8.1,3304.0,25.0,8.1
ACHR,2025-12-26 12:20:00+00:00,8.11,8.11,8.11,8.11,101.0,2.0,8.11
ACHR,2025-12-26 12:25:00+00:00,8.11,8.11,8.11,8.11,2210.0,26.0,8.11
ACHR,2025-12-26 13:00:00+00:00,8.0998,8.16,8.09,8.11,54231.0,504.0,8.109021
ACHR,2025-12-26 13:05:00+00:00,8.11,8.11,8.1,8.1,18959.0,39.0,8.10817
ACHR,2025-12-26 13:10:00+00:00,8.1,8.1,8.1,8.1,5106.0,51.0,8.1
ACHR,2025-12-26 13:15:00+00:00,8.091,8.1,8.09,8.09,5334.0,32.0,8.097391
ACHR,2025-12-26 13:20:00+00:00,8.09,8.11,8.09,8.1001,5313.0,32.0,8.098064
ACHR,2025-12-26 13:25:00+00:00,8.1,8.11,8.1,8.1099,7299.0,62.0,8.107343
ACHR,2025-12-26 13:30:00+00:00,8.11,8.1113,8.11,8.11,6733.0,12.0,8.110333
ACHR,2025-12-26 13:35:00+00:00,8.11,8.1184,8.11,8.11,13163.0,26.0,8.11026
ACHR,2025-12-26 13:40:00+00:00,8.11,8.11,8.1,8.1,15173.0,54.0,8.109516
ACHR,2025-12-26 13:45:00+00:00,8.11,8.11,8.1005,8.1005,3297.0,39.0,8.109396
ACHR,2025-12-26 13:50:00+00:00,8.11,8.11,8.0995,8.0995,8191.0,73.0,8.105709
ACHR,2025-12-26 13:55:00+00:00,8.1,8.11,8.1,8.11,5616.0,34.0,8.101901
ACHR,2025-12-26 14:00:00+00:00,8.1011,8.11,8.09,8.09,7179.0,88.0,8.102206
ACHR,2025-12-26 14:05:00+00:00,8.09,8.1,8.09,8.09,10135.0,80.0,8.091934
ACHR,2025-12-26 14:10:00+00:00,8.09,8.11,8.09,8.1,6768.0,78.0,8.100569
ACHR,2025-12-26 14:15:00+00:00,8.09,8.1,8.09,8.1,6485.0,58.0,8.09709
ACHR,2025-12-26 14:20:00+00:00,8.1,8.12,8.0999,8.12,25731.0,166.0,8.109243
ACHR,2025-12-26 14:25:00+00:00,8.12,8.15,8.11,8.145,26855.0,183.0,8.127
ACHR,2025-12-26 14:30:00+00:00,8.13,8.14,7.975,8.02,891526.0,3864.0,8.051191
ACHR,2025-12-26 14:35:00+00:00,8.02,8.07,7.96,8.015,429353.0,2443.0,8.015593
ACHR,2025-12-26 14:40:00+00:00,8.015,8.0186,7.93,7.985,329171.0,1782.0,7.971127
ACHR,2025-12-26 14:45:00+00:00,7.985,8.01,7.945,8.0,405149.0,1596.0,7.979495
ACHR,2025-12-26 14:50:00+00:00,8.005,8.02,7.99,8.0,410049.0,1089.0,8.002258
ACHR,2025-12-26 14:55:00+00:00,7.995,8.02,7.92,7.965,289493.0,1310.0,7.964316
ACHR,2025-12-26 15:00:00+00:00,7.965,7.965,7.9201,7.944,259218.0,986.0,7.944598
ACHR,2025-12-26 15:05:00+00:00,7.9444,7.965,7.92,7.945,371422.0,1080.0,7.943816
ACHR,2025-12-26 15:10:00+00:00,7.945,7.95,7.9,7.904,391268.0,1083.0,7.914684
ACHR,2025-12-26 15:15:00+00:00,7.905,7.95,7.88,7.925,455555.0,1167.0,7.908704
ACHR,2025-12-26 15:20:00+00:00,7.93,7.94,7.9,7.93,300745.0,1192.0,7.921137
ACHR,2025-12-26 15:25:00+00:00,7.925,7.96,7.92,7.9499,177813.0,672.0,7.94217
ACHR,2025-12-26 15:30:00+00:00,7.945,7.97,7.93,7.9565,229404.0,750.0,7.956526
ACHR,2025-12-26 15:35:00+00:00,7.9545,7.96,7.93,7.935,180266.0,660.0,7.941513
ACHR,2025-12-26 15:40:00+00:00,7.935,7.95,7.93,7.94,160078.0,574.0,7.93875
ACHR,2025-12-26 15:45:00+00:00,7.935,7.9699,7.935,7.965,189903.0,593.0,7.950552
ACHR,2025-12-26 15:50:00+00:00,7.96,7.97,7.93,7.95,220871.0,618.0,7.953482
ACHR,2025-12-26 15:55:00+00:00,7.945,7.97,7.94,7.965,128182.0,565.0,7.951434
ACHR,2025-12-26 16:00:00+00:00,7.965,7.99,7.96,7.97,316374.0,917.0,7.976131
ACHR,2025-12-26 16:05:00+00:00,7.975,7.985,7.96,7.985,147165.0,546.0,7.97259
ACHR,2025-12-26 16:10:00+00:00,7.985,7.99,7.97,7.9701,104130.0,413.0,7.977915
ACHR,2025-12-26 16:15:00+00:00,7.975,7.99,7.95,7.9651,197013.0,726.0,7.967707
ACHR,2025-12-26 16:20:00+00:00,7.965,7.9999,7.96,7.985,185559.0,697.0,7.982432
ACHR,2025-12-26 16:25:00+00:00,7.98,7.9899,7.955,7.965,260792.0,732.0,7.970081
ACHR,2025-12-26 16:30:00+00:00,7.965,7.97,7.95,7.965,112850.0,550.0,7.964532
ACHR,2025-12-26 16:35:00+00:00,7.9699,7.98,7.95,7.97,185750.0,625.0,7.968504
ACHR,2025-12-26 16:40:00+00:00,7.975,7.99,7.97,7.9758,124083.0,574.0,7.979109
ACHR,2025-12-26 16:45:00+00:00,7.9744,7.98,7.95,7.955,201143.0,659.0,7.96574
ACHR,2025-12-26 16:50:00+00:00,7.96,7.9677,7.95,7.95,250459.0,506.0,7.95524
ACHR,2025-12-26 16:55:00+00:00,7.955,7.96,7.9301,7.94,168897.0,635.0,7.949587
ACHR,2025-12-26 17:00:00+00:00,7.9399,7.96,7.935,7.955,129565.0,513.0,7.950622
ACHR,2025-12-26 17:05:00+00:00,7.95,7.96,7.95,7.96,93869.0,382.0,7.955373
ACHR,2025-12-26 17:10:00+00:00,7.96,7.96,7.94,7.95,141406.0,522.0,7.952859
ACHR,2025-12-26 17:15:00+00:00,7.955,7.96,7.95,7.9558,93065.0,424.0,7.953799
ACHR,2025-12-26 17:20:00+00:00,7.9553,7.96,7.935,7.94,108807.0,415.0,7.947086
ACHR,2025-12-26 17:25:00+00:00,7.94,7.99,7.9344,7.9832,356714.0,635.0,7.959721
ACHR,2025-12-26 17:30:00+00:00,7.985,7.99,7.98,7.9807,137717.0,383.0,7.985494
ACHR,2025-12-26 17:35:00+00:00,7.985,7.99,7.964,7.964,116999.0,484.0,7.978198
ACHR,2025-12-26 17:40:00+00:00,7.964,7.97,7.96,7.965,50757.0,302.0,7.965786
ACHR,2025-12-26 17:45:00+00:00,7.97,7.98,7.964,7.965,146288.0,546.0,7.969342
ACHR,2025-12-26 17:50:00+00:00,7.9657,7.97,7.96,7.9672,40130.0,224.0,7.967205
ACHR,2025-12-26 17:55:00+00:00,7.96,7.97,7.96,7.97,40824.0,340.0,7.96639
ACHR,2025-12-26 18:00:00+00:00,7.965,7.97,7.955,7.965,149061.0,641.0,7.9616
ACHR,2025-12-26 18:05:00+00:00,7.9601,7.97,7.95,7.965,99191.0,508.0,7.964787
ACHR,2025-12-26 18:10:00+00:00,7.968,7.99,7.968,7.98,126008.0,687.0,7.9817
ACHR,2025-12-26 18:15:00+00:00,7.975,7.99,7.975,7.9862,69038.0,400.0,7.984827
ACHR,2025-12-26 18:20:00+00:00,7.99,7.995,7.98,7.9898,92126.0,487.0,7.988127
ACHR,2025-12-26 18:25:00+00:00,7.9897,8.0,7.98,7.9856,115173.0,503.0,7.989417
ACHR,2025-12-26 18:30:00+00:00,7.985,7.99,7.965,7.965,196119.0,610.0,7.979782
ACHR,2025-12-26 18:35:00+00:00,7.96,7.97,7.95,7.955,123025.0,500.0,7.961568
ACHR,2025-12-26 18:40:00+00:00,7.96,7.97,7.95,7.955,132581.0,420.0,7.960252
ACHR,2025-12-26 18:45:00+00:00,7.954,7.965,7.95,7.955,147735.0,385.0,7.955551
ACHR,2025-12-26 18:50:00+00:00,7.955,7.96,7.94,7.945,87782.0,448.0,7.951663
ACHR,2025-12-26 18:55:00+00:00,7.95,7.95,7.94,7.95,64237.0,257.0,7.943834
ACHR,2025-12-26 19:00:00+00:00,7.95,7.95,7.93,7.935,119911.0,447.0,7.93927
ACHR,2025-12-26 19:05:00+00:00,7.935,7.94,7.92,7.935,101171.0,524.0,7.930552
ACHR,2025-12-26 19:10:00+00:00,7.935,7.94,7.93,7.935,57633.0,305.0,7.936196
ACHR,2025-12-26 19:15:00+00:00,7.935,7.9499,7.93,7.935,133612.0,459.0,7.938685
ACHR,2025-12-26 19:20:00+00:00,7.9399,7.95,7.93,7.935,105049.0,370.0,7.943144
ACHR,2025-12-26 19:25:00+00:00,7.935,7.94,7.92,7.925,151847.0,459.0,7.93072
ACHR,2025-12-26 19:30:00+00:00,7.925,7.9386,7.91,7.9324,128547.0,582.0,7.925336
ACHR,2025-12-26 19:35:00+00:00,7.935,7.95,7.93,7.944,96143.0,425.0,7.939491
ACHR,2025-12-26 19:40:00+00:00,7.95,7.95,7.94,7.95,67736.0,329.0,7.94759
ACHR,2025-12-26 19:45:00+00:00,7.9445,7.96,7.94,7.945,116343.0,504.0,7.951125
ACHR,2025-12-26 19:50:00+00:00,7.95,7.95,7.92,7.9273,176687.0,543.0,7.930284
ACHR,2025-12-26 19:55:00+00:00,7.93,7.93,7.91,7.91,197512.0,484.0,7.91961
ACHR,2025-12-26 20:00:00+00:00,7.915,7.93,7.91,7.9293,134230.0,467.0,7.92029
ACHR,2025-12-26 20:05:00+00:00,7.924,7.93,7.92,7.925,70032.0,357.0,7.924827
ACHR,2025-12-26 20:10:00+00:00,7.925,7.9386,7.92,7.925,107728.0,568.0,7.92946
ACHR,2025-12-26 20:15:00+00:00,7.925,7.925,7.88,7.905,334176.0,1218.0,7.900719
ACHR,2025-12-26 20:20:00+00:00,7.905,7.91,7.9,7.905,79453.0,464.0,7.904993
ACHR,2025-12-26 20:25:00+00:00,7.9,7.91,7.9,7.906,128407.0,484.0,7.904171
ACHR,2025-12-26 20:30:00+00:00,7.905,7.9299,7.9,7.915,218512.0,688.0,7.908863
ACHR,2025-12-26 20:35:00+00:00,7.92,7.93,7.91,7.93,222978.0,611.0,7.920932
ACHR,2025-12-26 20:40:00+00:00,7.9299,7.935,7.91,7.915,183129.0,599.0,7.922019
ACHR,2025-12-26 20:45:00+00:00,7.91,7.92,7.89,7.9,154983.0,751.0,7.9032
ACHR,2025-12-26 20:50:00+00:00,7.9,7.9,7.87,7.875,536018.0,1636.0,7.88061
ACHR,2025-12-26 20:55:00+00:00,7.875,7.9,7.865,7.88,1351118.0,3081.0,7.881871
ACHR,2025-12-26 21:00:00+00:00,7.88,7.93,7.86,7.91,822574.0,87.0,7.890432
ACHR,2025-12-26 21:05:00+00:00,7.91,7.93,7.89,7.9,4438.0,46.0,7.909157
ACHR,2025-12-26 21:10:00+00:00,7.9,7.9102,7.9,7.9,8447.0,42.0,7.906256
ACHR,2025-12-26 21:15:00+00:00,7.91,7.91,7.9,7.9,2114.0,27.0,7.905187
ACHR,2025-12-26 21:20:00+00:00,7.91,7.91,7.89,7.9,14277.0,44.0,7.907419
ACHR,2025-12-26 21:25:00+00:00,7.92,7.92,7.9101,7.9101,3089.0,37.0,7.919421
ACHR,2025-12-26 21:30:00+00:00,7.91,7.91,7.9,7.9,26607.0,37.0,7.901272
ACHR,2025-12-26 21:35:00+00:00,7.9,7.91,7.9,7.91,2479.0,19.0,7.907569
ACHR,2025-12-26 21:40:00+00:00,7.9097,7.91,7.9,7.91,3279.0,12.0,7.90693
ACHR,2025-12-26 21:45:00+00:00,7.91,7.91,7.91,7.91,925.0,16.0,7.91
ACHR,2025-12-26 21:50:00+00:00,7.9,7.91,7.9,7.91,4612.0,29.0,7.908281
ACHR,2025-12-26 21:55:00+00:00,7.9098,7.91,7.9003,7.9003,3206.0,7.0,7.909408
ACHR,2025-12-26 22:00:00+00:00,7.9,7.92,7.9,7.9,1989.0,28.0,7.906288
ACHR,2025-12-26 22:05:00+00:00,7.9,7.91,7.9,7.91,2639.0,17.0,7.909525
ACHR,2025-12-26 22:10:00+00:00,7.91,7.91,7.9,7.91,11602.0,12.0,7.909223
ACHR,2025-12-26 22:15:00+00:00,7.91,7.92,7.9,7.92,3680.0,39.0,7.903139
ACHR,2025-12-26 22:20:00+00:00,7.92,7.92,7.92,7.92,226.0,4.0,7.92
ACHR,2025-12-26 22:25:00+00:00,7.92,7.92,7.91,7.91,6053.0,10.0,7.919718
ACHR,2025-12-26 22:30:00+00:00,7.9,7.9097,7.9,7.9,1133.0,8.0,7.901885
ACHR,2025-12-26 22:35:00+00:00,7.9,7.91,7.9,7.91,1942.0,18.0,7.904975
ACHR,2025-12-26 22:40:00+00:00,7.91,7.91,7.9,7.91,2505.0,15.0,7.901859
ACHR,2025-12-26 22:45:00+00:00,7.91,7.91,7.9,7.9001,1387.0,7.0,7.901207
ACHR,2025-12-26 22:50:00+00:00,7.9,7.9001,7.89,7.9,5820.0,92.0,7.897523
ACHR,2025-12-26 22:55:00+00:00,7.89,7.8903,7.89,7.8903,8618.0,8.0,7.890038
ACHR,2025-12-26 23:00:00+00:00,7.89,7.9,7.89,7.9,409.0,7.0,7.892525
ACHR,2025-12-26 23:05:00+00:00,7.89,7.9,7.89,7.9,1290.0,6.0,7.897891
ACHR,2025-12-26 23:10:00+00:00,7.9,7.9,7.89,7.9,9805.0,16.0,7.899475
ACHR,2025-12-26 23:15:00+00:00,7.89,7.9,7.89,7.8998,8382.0,12.0,7.890305
ACHR,2025-12-26 23:20:00+00:00,7.8998,7.9,7.8901,7.8901,627.0,12.0,7.89798
ACHR,2025-12-26 23:30:00+00:00,7.89,7.9,7.89,7.9,1726.0,7.0,7.891818
ACHR,2025-12-26 23:35:00+00:00,7.9,7.9,7.9,7.9,1521.0,6.0,7.9
ACHR,2025-12-26 23:40:00+00:00,7.9,7.9,7.89,7.89,3280.0,7.0,7.899231
ACHR,2025-12-26 23:45:00+00:00,7.89,7.9,7.89,7.89,685.0,14.0,7.891652
ACHR,2025-12-26 23:50:00+00:00,7.89,7.89,7.89,7.89,152.0,3.0,7.89
ACHR,2025-12-26 23:55:00+00:00,7.89,7.89,7.89,7.89,513.0,3.0,7.89
ACHR,2025-12-27 00:00:00+00:00,7.9,7.9,7.9,7.9,366.0,3.0,7.9
ACHR,2025-12-27 00:05:00+00:00,7.9,7.9,7.89,7.89,1845.0,29.0,7.892015
ACHR,2025-12-27 00:10:00+00:00,7.89,7.89,7.89,7.89,154.0,3.0,7.89
ACHR,2025-12-27 00:15:00+00:00,7.8997,7.9,7.8997,7.9,1215.0,5.0,7.899925
ACHR,2025-12-27 00:20:00+00:00,7.89,7.8901,7.89,7.8901,1186.0,11.0,7.890056
ACHR,2025-12-27 00:25:00+00:00,7.9,7.9,7.89,7.89,2206.0,11.0,7.890476
ACHR,2025-12-27 00:30:00+00:00,7.9,7.9,7.8902,7.8902,574.0,11.0,7.897899
ACHR,2025-12-27 00:35:00+00:00,7.8998,7.9,7.8998,7.9,455.0,4.0,7.899914
ACHR,2025-12-27 00:40:00+00:00,7.89,7.89,7.89,7.89,635.0,9.0,7.89
ACHR,2025-12-27 00:45:00+00:00,7.8999,7.8999,7.88,7.88,939.0,29.0,7.890312
ACHR,2025-12-27 00:50:00+00:00,7.89,7.89,7.87,7.88,11471.0,42.0,7.882002
ACHR,2025-12-27 00:55:00+00:00,7.87,7.89,7.87,7.8801,6845.0,33.0,7.881321
ACHR,2025-12-29 09:00:00+00:00,7.84,7.88,7.84,7.85,5990.0,120.0,7.86323
ACHR,2025-12-29 09:05:00+00:00,7.85,7.85,7.85,7.85,917.0,23.0,7.85
ACHR,2025-12-29 09:10:00+00:00,7.85,7.86,7.85,7.86,3000.0,46.0,7.850658
ACHR,2025-12-29 09:15:00+00:00,7.86,7.87,7.85,7.85,5498.0,79.0,7.856603
ACHR,2025-12-29 09:20:00+00:00,7.86,7.86,7.85,7.85,3879.0,54.0,7.850675
ACHR,2025-12-29 09:25:00+00:00,7.85,7.85,7.85,7.85,100.0,1.0,7.85
ACHR,2025-12-29 09:30:00+00:00,7.86,7.86,7.86,7.86,678.0,16.0,7.86
ACHR,2025-12-29 09:35:00+00:00,7.86,7.86,7.86,7.86,558.0,12.0,7.86
ACHR,2025-12-29 09:40:00+00:00,7.85,7.86,7.85,7.85,2868.0,51.0,7.852565
ACHR,2025-12-29 09:45:00+00:00,7.84,7.84,7.83,7.83,1562.0,34.0,7.831538
ACHR,2025-12-29 09:50:00+00:00,7.83,7.85,7.83,7.85,1819.0,30.0,7.847134
ACHR,2025-12-29 09:55:00+00:00,7.84,7.85,7.84,7.84,3387.0,28.0,7.842105
ACHR,2025-12-29 10:00:00+00:00,7.85,7.85,7.85,7.85,1701.0,29.0,7.85
ACHR,2025-12-29 10:05:00+00:00,7.845,7.85,7.84,7.85,1722.0,17.0,7.845739
ACHR,2025-12-29 10:10:00+00:00,7.85,7.85,7.85,7.85,386.0,11.0,7.85
ACHR,2025-12-29 10:15:00+00:00,7.84,7.84,7.84,7.84,1788.0,13.0,7.84
ACHR,2025-12-29 10:25:00+00:00,7.83,7.83,7.83,7.83,607.0,14.0,7.83
ACHR,2025-12-29 10:35:00+00:00,7.83,7.83,7.79,7.805,13454.0,192.0,7.808629
ACHR,2025-12-29 10:40:00+00:00,7.815,7.815,7.81,7.81,1167.0,24.0,7.813571
ACHR,2025-12-29 11:00:00+00:00,7.8,7.8,7.8,7.8,852.0,18.0,7.8
ACHR,2025-12-29 11:05:00+00:00,7.81,7.81,7.81,7.81,1244.0,24.0,7.81
ACHR,2025-12-29 11:15:00+00:00,7.815,7.82,7.81,7.81,2695.0,34.0,7.817049
ACHR,2025-12-29 11:20:00+00:00,7.8,7.8,7.8,7.8,966.0,26.0,7.8
ACHR,2025-12-29 11:25:00+00:00,7.79,7.8,7.79,7.8,594.0,18.0,7.794762
ACHR,2025-12-29 11:35:00+00:00,7.795,7.795,7.795,7.795,270.0,2.0,7.795
ACHR,2025-12-29 11:40:00+00:00,7.78,7.79,7.78,7.78,5346.0,67.0,7.781748
ACHR,2025-12-29 11:45:00+00:00,7.775,7.775,7.775,7.775,354.0,4.0,7.775
ACHR,2025-12-29 11:50:00+00:00,7.77,7.77,7.77,7.77,1301.0,46.0,7.77
ACHR,2025-12-29 11:55:00+00:00,7.77,7.77,7.77,7.77,3854.0,84.0,7.77
ACHR,2025-12-29 12:00:00+00:00,7.78,7.805,7.78,7.805,12948.0,133.0,7.797101
ACHR,2025-12-29 12:05:00+00:00,7.8,7.8,7.79,7.79,12200.0,127.0,7.799378
ACHR,2025-12-29 12:10:00+00:00,7.78,7.78,7.78,7.78,2254.0,40.0,7.78
ACHR,2025-12-29 12:20:00+00:00,7.775,7.775,7.775,7.775,200.0,2.0,7.775
ACHR,2025-12-29 12:25:00+00:00,7.775,7.775,7.75,7.77,10696.0,131.0,7.763017
ACHR,2025-12-29 12:30:00+00:00,7.76,7.76,7.75,7.75,1163.0,16.0,7.754237
ACHR,2025-12-29 12:35:00+00:00,7.76,7.77,7.76,7.77,2990.0,27.0,7.766931
ACHR,2025-12-29 12:40:00+00:00,7.76,7.76,7.76,7.76,1271.0,14.0,7.76
ACHR,2025-12-29 12:45:00+00:00,7.755,7.76,7.75,7.76,1342.0,16.0,7.75661
ACHR,2025-12-29 12:50:00+00:00,7.76,7.76,7.76,7.76,900.0,10.0,7.76
ACHR,2025-12-29 12:55:00+00:00,7.769,7.769,7.769,7.769,300.0,3.0,7.769
ACHR,2025-12-29 13:00:00+00:00,7.8,7.88,7.75,7.7784,195219.0,1117.0,7.804078
ACHR,2025-12-29 13:05:00+00:00,7.77,7.7702,7.77,7.77,1167.0,15.0,7.770107
ACHR,2025-12-29 13:10:00+00:00,7.7789,7.78,7.77,7.77,3307.0,37.0,7.77427
ACHR,2025-12-29 13:15:00+00:00,7.7798,7.78,7.77,7.779,2477.0,33.0,7.77538
ACHR,2025-12-29 13:20:00+00:00,7.77,7.78,7.76,7.77,16801.0,117.0,7.770273
ACHR,2025-12-29 13:25:00+00:00,7.761,7.78,7.76,7.77,13926.0,58.0,7.773116
ACHR,2025-12-29 13:30:00+00:00,7.7601,7.7695,7.755,7.76,11548.0,101.0,7.760524
ACHR,2025-12-29 13:35:00+00:00,7.76,7.77,7.76,7.76,11848.0,66.0,7.76178
ACHR,2025-12-29 13:40:00+00:00,7.76,7.77,7.76,7.7698,4411.0,43.0,7.761309
ACHR,2025-12-29 13:45:00+00:00,7.76,7.77,7.75,7.75,21152.0,120.0,7.760043
ACHR,2025-12-29 13:50:00+00:00,7.7584,7.7584,7.73,7.74,29801.0,236.0,7.741286
ACHR,2025-12-29 13:55:00+00:00,7.7303,7.75,7.7303,7.7403,15520.0,103.0,7.7414
ACHR,2025-12-29 14:00:00+00:00,7.74,7.75,7.73,7.74,23628.0,88.0,7.737244
ACHR,2025-12-29 14:05:00+00:00,7.7301,7.74,7.72,7.7303,14392.0,95.0,7.731688
ACHR,2025-12-29 14:10:00+00:00,7.73,7.74,7.72,7.72,24152.0,170.0,7.726306
ACHR,2025-12-29 14:15:00+00:00,7.725,7.73,7.7,7.7,49723.0,217.0,7.724239
ACHR,2025-12-29 14:20:00+00:00,7.71,7.73,7.71,7.715,60569.0,136.0,7.710816
ACHR,2025-12-29 14:25:00+00:00,7.72,7.77,7.71,7.75,57700.0,202.0,7.73584
ACHR,2025-12-29 14:30:00+00:00,7.73,7.92,7.71,7.91,1121207.0,3847.0,7.78387
ACHR,2025-12-29 14:35:00+00:00,7.915,7.97,7.87,7.895,505838.0,2004.0,7.920506
ACHR,2025-12-29 14:40:00+00:00,7.89,7.97,7.86,7.9632,286646.0,1107.0,7.909536
ACHR,2025-12-29 14:45:00+00:00,7.96,7.97,7.86,7.88,231564.0,1272.0,7.914693
ACHR,2025-12-29 14:50:00+00:00,7.875,7.92,7.8557,7.8557,191297.0,1025.0,7.880464
ACHR,2025-12-29 14:55:00+00:00,7.85,7.8795,7.83,7.835,315858.0,794.0,7.846184
ACHR,2025-12-29 15:00:00+00:00,7.835,7.835,7.8,7.8,154289.0,861.0,7.819214
ACHR,2025-12-29 15:05:00+00:00,7.8014,7.83,7.79,7.8193,184233.0,934.0,7.80594
ACHR,2025-12-29 15:10:00+00:00,7.815,7.82,7.8,7.81,117017.0,679.0,7.811282
ACHR,2025-12-29 15:15:00+00:00,7.815,7.83,7.79,7.795,232507.0,993.0,7.806422
ACHR,2025-12-29 15:20:00+00:00,7.7944,7.82,7.79,7.82,176381.0,849.0,7.807733
ACHR,2025-12-29 15:25:00+00:00,7.82,7.82,7.795,7.8,176257.0,742.0,7.809506
ACHR,2025-12-29 15:30:00+00:00,7.8,7.8,7.77,7.798,200696.0,914.0,7.788915
ACHR,2025-12-29 15:35:00+00:00,7.795,7.8,7.75,7.765,188502.0,830.0,7.771582
ACHR,2025-12-29 15:40:00+00:00,7.765,7.78,7.75,7.78,207981.0,665.0,7.765509
ACHR,2025-12-29 15:45:00+00:00,7.7766,7.78,7.74,7.74,192646.0,754.0,7.758616
ACHR,2025-12-29 15:50:00+00:00,7.74,7.76,7.74,7.7411,174278.0,667.0,7.749656
ACHR,2025-12-29 15:55:00+00:00,7.745,7.76,7.74,7.745,122076.0,551.0,7.746386
ACHR,2025-12-29 16:00:00+00:00,7.7485,7.76,7.73,7.735,273997.0,800.0,7.744467
ACHR,2025-12-29 16:05:00+00:00,7.7318,7.75,7.73,7.75,126680.0,630.0,7.739539
ACHR,2025-12-29 16:10:00+00:00,7.745,7.75,7.73,7.74,240436.0,694.0,7.739047
ACHR,2025-12-29 16:15:00+00:00,7.7444,7.76,7.74,7.755,82283.0,477.0,7.745354
ACHR,2025-12-29 16:20:00+00:00,7.755,7.7699,7.7425,7.7501,116489.0,545.0,7.754836
ACHR,2025-12-29 16:25:00+00:00,7.7523,7.7599,7.73,7.7472,114695.0,572.0,7.740681
ACHR,2025-12-29 16:30:00+00:00,7.7451,7.77,7.74,7.755,141617.0,515.0,7.754671
ACHR,2025-12-29 16:35:00+00:00,7.7598,7.77,7.75,7.76,67303.0,397.0,7.760176
ACHR,2025-12-29 16:40:00+00:00,7.765,7.78,7.76,7.772,131710.0,560.0,7.767322
ACHR,2025-12-29 16:45:00+00:00,7.7729,7.795,7.77,7.7925,106489.0,580.0,7.782598
ACHR,2025-12-29 16:50:00+00:00,7.7961,7.797,7.77,7.77,115592.0,462.0,7.780569
ACHR,2025-12-29 16:55:00+00:00,7.78,7.78,7.77,7.78,93495.0,336.0,7.777056
ACHR,2025-12-29 17:00:00+00:00,7.775,7.78,7.75,7.7591,277845.0,756.0,7.764897
ACHR,2025-12-29 17:05:00+00:00,7.76,7.776,7.75,7.77,181003.0,539.0,7.760785
ACHR,2025-12-29 17:10:00+00:00,7.765,7.77,7.75,7.76,157452.0,462.0,7.757871
ACHR,2025-12-29 17:15:00+00:00,7.7551,7.76,7.74,7.755,165654.0,636.0,7.751401
ACHR,2025-12-29 17:20:00+00:00,7.755,7.76,7.74,7.75,187550.0,612.0,7.750652
ACHR,2025-12-29 17:25:00+00:00,7.75,7.75,7.73,7.738,164242.0,427.0,7.738931
ACHR,2025-12-29 17:30:00+00:00,7.735,7.74,7.73,7.735,69074.0,313.0,7.73546
ACHR,2025-12-29 17:35:00+00:00,7.735,7.74,7.72,7.7266,136620.0,485.0,7.728069
ACHR,2025-12-29 17:40:00+00:00,7.72,7.73,7.72,7.72,61980.0,332.0,7.724499
ACHR,2025-12-29 17:45:00+00:00,7.725,7.74,7.72,7.74,77439.0,392.0,7.73264
ACHR,2025-12-29 17:50:00+00:00,7.735,7.75,7.73,7.74,71831.0,434.0,7.741844
ACHR,2025-12-29 17:55:00+00:00,7.745,7.75,7.73,7.745,150851.0,494.0,7.74052
ACHR,2025-12-29 18:00:00+00:00,7.745,7.7485,7.71,7.715,120150.0,606.0,7.726173
ACHR,2025-12-29 18:05:00+00:00,7.71,7.72,7.7,7.715,190931.0,757.0,7.71126
ACHR,2025-12-29 18:10:00+00:00,7.715,7.725,7.7,7.705,162316.0,577.0,7.71242
ACHR,2025-12-29 18:15:00+00:00,7.705,7.73,7.7,7.725,174446.0,507.0,7.713004
ACHR,2025-12-29 18:20:00+00:00,7.7242,7.74,7.71,7.735,219140.0,562.0,7.728181
ACHR,2025-12-29 18:25:00+00:00,7.7344,7.74,7.72,7.7344,127425.0,507.0,7.727193
ACHR,2025-12-29 18:30:00+00:00,7.735,7.7358,7.71,7.725,113767.0,440.0,7.72378
ACHR,2025-12-29 18:35:00+00:00,7.73,7.74,7.71,7.715,113459.0,445.0,7.725299
ACHR,2025-12-29 18:40:00+00:00,7.7101,7.72,7.7,7.705,151972.0,519.0,7.708339
ACHR,2025-12-29 18:45:00+00:00,7.705,7.72,7.7,7.715,198070.0,617.0,7.70963
ACHR,2025-12-29 18:50:00+00:00,7.71,7.71,7.68,7.6861,218644.0,1032.0,7.697954
ACHR,2025-12-29 18:55:00+00:00,7.68,7.69,7.6707,7.6895,184652.0,606.0,7.684133
ACHR,2025-12-29 19:00:00+00:00,7.69,7.715,7.685,7.705,347566.0,920.0,7.695153
ACHR,2025-12-29 19:05:00+00:00,7.7065,7.72,7.7,7.705,141156.0,480.0,7.708129
ACHR,2025-12-29 19:10:00+00:00,7.705,7.72,7.7,7.715,177012.0,361.0,7.713579
ACHR,2025-12-29 19:15:00+00:00,7.7102,7.72,7.71,7.7193,56012.0,299.0,7.714588
ACHR,2025-12-29 19:20:00+00:00,7.71,7.735,7.71,7.715,275211.0,800.0,7.723194
ACHR,2025-12-29 19:25:00+00:00,7.715,7.72,7.7,7.7199,74208.0,384.0,7.710493
ACHR,2025-12-29 19:30:00+00:00,7.715,7.73,7.71,7.725,119611.0,386.0,7.721297
ACHR,2025-12-29 19:35:00+00:00,7.7215,7.73,7.71,7.725,126113.0,518.0,7.720315
ACHR,2025-12-29 19:40:00+00:00,7.73,7.73,7.71,7.715,152189.0,349.0,7.713984
ACHR,2025-12-29 19:45:00+00:00,7.7186,7.72,7.7,7.705,120805.0,520.0,7.704934
ACHR,2025-12-29 19:50:00+00:00,7.71,7.725,7.7,7.72,143883.0,527.0,7.716333
ACHR,2025-12-29 19:55:00+00:00,7.7201,7.73,7.71,7.715,125723.0,564.0,7.722287
ACHR,2025-12-29 20:00:00+00:00,7.715,7.73,7.705,7.71,142860.0,521.0,7.716938
ACHR,2025-12-29 20:05:00+00:00,7.71,7.7156,7.7,7.705,86609.0,439.0,7.706986
ACHR,2025-12-29 20:10:00+00:00,7.7,7.71,7.685,7.7045,258700.0,807.0,7.698413
ACHR,2025-12-29 20:15:00+00:00,7.7,7.73,7.7,7.715,129631.0,552.0,7.720153
ACHR,2025-12-29 20:20:00+00:00,7.7198,7.72,7.68,7.69,273192.0,793.0,7.699325
ACHR,2025-12-29 20:25:00+00:00,7.685,7.69,7.68,7.685,74942.0,447.0,7.685434
ACHR,2025-12-29 20:30:00+00:00,7.685,7.69,7.67,7.685,307867.0,935.0,7.683775
ACHR,2025-12-29 20:35:00+00:00,7.685,7.7,7.67,7.675,246332.0,703.0,7.685402
ACHR,2025-12-29 20:40:00+00:00,7.68,7.68,7.67,7.675,95405.0,513.0,7.675362
ACHR,2025-12-29 20:45:00+00:00,7.675,7.68,7.67,7.68,257582.0,675.0,7.676959
ACHR,2025-12-29 20:50:00+00:00,7.675,7.68,7.6501,7.6612,350750.0,1449.0,7.66566
ACHR,2025-12-29 20:55:00+00:00,7.665,7.715,7.66,7.705,1262228.0,2986.0,7.686824
ACHR,2025-12-29 21:00:00+00:00,7.7,7.78,7.67,7.72,985354.0,202.0,7.701057
ACHR,2025-12-29 21:05:00+00:00,7.72,7.73,7.7007,7.7007,5464.0,43.0,7.718693
ACHR,2025-12-29 21:10:00+00:00,7.73,7.73,7.7,7.7293,2512.0,31.0,7.708004
ACHR,2025-12-29 21:15:00+00:00,7.7268,7.73,7.71,7.73,5816.0,25.0,7.724582
ACHR,2025-12-29 21:20:00+00:00,7.73,7.73,7.72,7.72,990.0,11.0,7.72125
ACHR,2025-12-29 21:25:00+00:00,7.71,7.72,7.7,7.7,5636.0,30.0,7.703148
ACHR,2025-12-29 21:30:00+00:00,7.72,7.72,7.68,7.68,10516.0,102.0,7.693088
ACHR,2025-12-29 21:35:00+00:00,7.69,7.72,7.69,7.69,2160.0,17.0,7.692621
ACHR,2025-12-29 21:40:00+00:00,7.7,7.72,7.7,7.72,1335.0,30.0,7.716436
ACHR,2025-12-29 21:45:00+00:00,7.72,7.72,7.69,7.69,2033.0,7.0,7.705125
ACHR,2025-12-29 21:50:00+00:00,7.71,7.71,7.68,7.68,14033.0,32.0,7.681679
ACHR,2025-12-29 21:55:00+00:00,7.71,7.71,7.682,7.682,7675.0,9.0,7.706983
ACHR,2025-12-29 22:00:00+00:00,7.69,7.72,7.69,7.71,2503.0,23.0,7.709535
ACHR,2025-12-29 22:05:00+00:00,7.72,7.72,7.7,7.7004,2890.0,27.0,7.715949
ACHR,2025-12-29 22:10:00+00:00,7.71,7.71,7.71,7.71,156.0,3.0,7.71
ACHR,2025-12-29 22:15:00+00:00,7.7101,7.72,7.7,7.72,4725.0,26.0,7.708063
ACHR,2025-12-29 22:20:00+00:00,7.71,7.71,7.7,7.7,6073.0,49.0,7.700937
ACHR,2025-12-29 22:25:00+00:00,7.7,7.7,7.67,7.67,247036.0,94.0,7.681383
ACHR,2025-12-29 22:30:00+00:00,7.67,7.72,7.67,7.69,1999.0,26.0,7.688993
ACHR,2025-12-29 22:35:00+00:00,7.71,7.71,7.69,7.69,2408.0,24.0,7.703797
ACHR,2025-12-29 22:40:00+00:00,7.69,7.69,7.69,7.69,506.0,10.0,7.69
ACHR,2025-12-29 22:45:00+00:00,7.68,7.69,7.68,7.69,1527.0,15.0,7.681478
ACHR,2025-12-29 22:50:00+00:00,7.69,7.7,7.69,7.7,1287.0,18.0,7.698796
ACHR,2025-12-29 22:55:00+00:00,7.69,7.69,7.69,7.69,2918.0,11.0,7.69
ACHR,2025-12-29 23:00:00+00:00,7.7,7.7,7.68,7.68,8824.0,35.0,7.690525
ACHR,2025-12-29 23:05:00+00:00,7.7,7.7136,7.67,7.67,2224.0,18.0,7.67512
ACHR,2025-12-29 23:10:00+00:00,7.72,7.72,7.68,7.72,489.0,15.0,7.702535
ACHR,2025-12-29 23:15:00+00:00,7.68,7.7,7.67,7.7,32912.0,13.0,7.670245
ACHR,2025-12-29 23:20:00+00:00,7.68,7.69,7.68,7.68,3375.0,25.0,7.680526
ACHR,2025-12-29 23:25:00+00:00,7.68,7.7,7.68,7.7,489.0,8.0,7.68431
ACHR,2025-12-29 23:30:00+00:00,7.7,7.7,7.68,7.6832,785.0,14.0,7.685086
ACHR,2025-12-29 23:35:00+00:00,7.6998,7.6998,7.6998,7.6998,1560.0,7.0,7.6998
ACHR,2025-12-29 23:40:00+00:00,7.7,7.7,7.7,7.7,1031.0,4.0,7.7
ACHR,2025-12-29 23:50:00+00:00,7.69,7.6901,7.68,7.6816,4369.0,28.0,7.681885
ACHR,2025-12-29 23:55:00+00:00,7.68,7.69,7.67,7.69,1928.0,25.0,7.678704
ACHR,2025-12-30 00:00:00+00:00,7.6899,7.69,7.67,7.67,5036.0,14.0,7.68134
ACHR,2025-12-30 00:05:00+00:00,7.69,7.69,7.67,7.6701,1054.0,8.0,7.672111
ACHR,2025-12-30 00:10:00+00:00,7.67,7.6898,7.67,7.67,1394.0,29.0,7.676493
ACHR,2025-12-30 00:15:00+00:00,7.67,7.6899,7.67,7.6884,1401.0,9.0,7.674585
ACHR,2025-12-30 00:20:00+00:00,7.69,7.69,7.68,7.68,673.0,11.0,7.681767
ACHR,2025-12-30 00:25:00+00:00,7.68,7.6897,7.66,7.6897,2649.0,22.0,7.66752
ACHR,2025-12-30 00:30:00+00:00,7.67,7.68,7.66,7.66,1262.0,18.0,7.664097
ACHR,2025-12-30 00:35:00+00:00,7.69,7.69,7.68,7.68,8607.0,15.0,7.689483
ACHR,2025-12-30 00:40:00+00:00,7.6797,7.6797,7.66,7.66,3382.0,30.0,7.660852
ACHR,2025-12-30 00:45:00+00:00,7.66,7.67,7.66,7.67,3214.0,20.0,7.660742
ACHR,2025-12-30 00:50:00+00:00,7.67,7.69,7.67,7.69,5196.0,11.0,7.681137
ACHR,2025-12-30 00:55:00+00:00,7.6898,7.69,7.6802,7.69,7839.0,20.0,7.686076
ACHR,2025-12-30 09:05:00+00:00,7.75,7.77,7.75,7.77,435.0,5.0,7.760719
ACHR,2025-12-30 09:10:00+00:00,7.78,7.78,7.78,7.78,3513.0,27.0,7.78
ACHR,2025-12-30 09:15:00+00:00,7.77,7.77,7.77,7.77,301.0,5.0,7.77
ACHR,2025-12-30 09:25:00+00:00,7.77,7.77,7.77,7.77,102.0,3.0,7.77
ACHR,2025-12-30 09:30:00+00:00,7.76,7.76,7.75,7.75,622.0,13.0,7.756575
ACHR,2025-12-30 09:35:00+00:00,7.76,7.76,7.76,7.76,189.0,2.0,7.76
ACHR,2025-12-30 09:45:00+00:00,7.75,7.75,7.74,7.74,1496.0,25.0,7.747468
ACHR,2025-12-30 09:55:00+00:00,7.75,7.76,7.75,7.76,3039.0,10.0,7.759355
ACHR,2025-12-30 10:00:00+00:00,7.75,7.75,7.74,7.74,888.0,18.0,7.743333
ACHR,2025-12-30 10:15:00+00:00,7.76,7.76,7.76,7.76,572.0,8.0,7.76
ACHR,2025-12-30 10:20:00+00:00,7.76,7.78,7.76,7.78,4476.0,67.0,7.774333
ACHR,2025-12-30 10:25:00+00:00,7.76,7.76,7.76,7.76,210.0,4.0,7.76
ACHR,2025-12-30 10:30:00+00:00,7.78,7.78,7.78,7.78,699.0,12.0,7.78
ACHR,2025-12-30 10:35:00+00:00,7.77,7.77,7.74,7.76,4456.0,61.0,7.759099
ACHR,2025-12-30 10:40:00+00:00,7.76,7.77,7.76,7.77,5659.0,25.0,7.760766
ACHR,2025-12-30 10:50:00+00:00,7.78,7.79,7.77,7.77,2806.0,37.0,7.784044
ACHR,2025-12-30 10:55:00+00:00,7.76,7.78,7.76,7.78,1926.0,26.0,7.773825
ACHR,2025-12-30 11:00:00+00:00,7.78,7.78,7.78,7.78,390.0,4.0,7.78
ACHR,2025-12-30 11:05:00+00:00,7.78,7.78,7.78,7.78,961.0,7.0,7.78
ACHR,2025-12-30 11:10:00+00:00,7.78,7.78,7.77,7.77,1111.0,16.0,7.771111
ACHR,2025-12-30 11:20:00+00:00,7.76,7.76,7.76,7.76,626.0,8.0,7.76
ACHR,2025-12-30 11:25:00+00:00,7.75,7.75,7.75,7.75,1405.0,14.0,7.75
ACHR,2025-12-30 11:35:00+00:00,7.75,7.75,7.74,7.74,456.0,8.0,7.743333
ACHR,2025-12-30 11:40:00+00:00,7.76,7.77,7.76,7.76,815.0,10.0,7.763132
ACHR,2025-12-30 11:50:00+00:00,7.75,7.75,7.75,7.75,401.0,5.0,7.75
ACHR,2025-12-30 12:00:00+00:00,7.76,7.77,7.75,7.77,2475.0,50.0,7.761635
ACHR,2025-12-30 12:05:00+00:00,7.76,7.76,7.74,7.75,3741.0,38.0,7.752145
ACHR,2025-12-30 12:10:00+00:00,7.76,7.76,7.76,7.76,1285.0,14.0,7.76
ACHR,2025-12-30 12:15:00+00:00,7.76,7.76,7.76,7.76,202.0,3.0,7.76
ACHR,2025-12-30 12:20:00+00:00,7.75,7.75,7.74,7.75,1318.0,25.0,7.748866
ACHR,2025-12-30 12:25:00+00:00,7.759,7.759,7.75,7.75,630.0,8.0,7.7518
ACHR,2025-12-30 12:30:00+00:00,7.74,7.74,7.74,7.74,171.0,8.0,7.74
ACHR,2025-12-30 12:45:00+00:00,7.76,7.76,7.75,7.75,5560.0,42.0,7.750845
ACHR,2025-12-30 12:50:00+00:00,7.75,7.75,7.75,7.75,100.0,1.0,7.75
ACHR,2025-12-30 12:55:00+00:00,7.75,7.75,7.74,7.74,926.0,20.0,7.745822
ACHR,2025-12-30 13:00:00+00:00,7.77,7.82,7.69,7.74,68140.0,469.0,7.750436
ACHR,2025-12-30 13:05:00+00:00,7.75,7.76,7.75,7.7599,6160.0,39.0,7.759502
ACHR,2025-12-30 13:10:00+00:00,7.76,7.77,7.75,7.76,5071.0,68.0,7.760271
ACHR,2025-12-30 13:15:00+00:00,7.7598,7.76,7.75,7.75,1889.0,20.0,7.75202
ACHR,2025-12-30 13:20:00+00:00,7.77,7.77,7.75,7.76,2326.0,28.0,7.761605
ACHR,2025-12-30 13:25:00+00:00,7.7599,7.77,7.75,7.7584,4838.0,43.0,7.758623
ACHR,2025-12-30 13:30:00+00:00,7.75,7.7501,7.72,7.75,9575.0,80.0,7.744424
ACHR,2025-12-30 13:35:00+00:00,7.745,7.745,7.71,7.73,11211.0,95.0,7.717299
ACHR,2025-12-30 13:40:00+00:00,7.73,7.74,7.73,7.74,4755.0,43.0,7.734455
ACHR,2025-12-30 13:45:00+00:00,7.7452,7.75,7.74,7.75,1332.0,9.0,7.745343
ACHR,2025-12-30 13:50:00+00:00,7.749,7.75,7.74,7.74,4257.0,46.0,7.745991
ACHR,2025-12-30 13:55:00+00:00,7.7399,7.74,7.7399,7.74,1467.0,14.0,7.739992
ACHR,2025-12-30 14:00:00+00:00,7.73,7.74,7.72,7.74,4267.0,66.0,7.733142
ACHR,2025-12-30 14:05:00+00:00,7.74,7.74,7.72,7.74,11169.0,50.0,7.736314
ACHR,2025-12-30 14:10:00+00:00,7.74,7.74,7.72,7.73,11639.0,39.0,7.737386
ACHR,2025-12-30 14:15:00+00:00,7.73,7.74,7.72,7.74,14814.0,72.0,7.732586
ACHR,2025-12-30 14:20:00+00:00,7.725,7.75,7.725,7.73,15111.0,121.0,7.740739
ACHR,2025-12-30 14:25:00+00:00,7.7375,7.75,7.71,7.71,21403.0,107.0,7.729547
ACHR,2025-12-30 14:30:00+00:00,7.71,7.82,7.71,7.7401,630255.0,2037.0,7.779125
ACHR,2025-12-30 14:35:00+00:00,7.745,7.78,7.725,7.735,280124.0,1040.0,7.751306
ACHR,2025-12-30 14:40:00+00:00,7.73,7.75,7.715,7.73,153071.0,685.0,7.732643
ACHR,2025-12-30 14:45:00+00:00,7.735,7.75,7.7,7.7301,217447.0,893.0,7.723456
ACHR,2025-12-30 14:50:00+00:00,7.7312,7.7887,7.73,7.765,364674.0,877.0,7.761395
ACHR,2025-12-30 14:55:00+00:00,7.765,7.78,7.7471,7.76,255433.0,724.0,7.763895
ACHR,2025-12-30 15:00:00+00:00,7.75,7.75,7.7,7.7099,351228.0,989.0,7.723547
ACHR,2025-12-30 15:05:00+00:00,7.705,7.73,7.69,7.7069,215907.0,921.0,7.708814
ACHR,2025-12-30 15:10:00+00:00,7.7067,7.7156,7.69,7.705,152161.0,724.0,7.701815
ACHR,2025-12-30 15:15:00+00:00,7.71,7.73,7.7,7.7234,209505.0,561.0,7.718638
ACHR,2025-12-30 15:20:00+00:00,7.725,7.7386,7.71,7.725,107659.0,557.0,7.724077
ACHR,2025-12-30 15:25:00+00:00,7.725,7.74,7.71,7.725,259712.0,753.0,7.720115
ACHR,2025-12-30 15:30:00+00:00,7.725,7.73,7.705,7.715,90174.0,488.0,7.715256
ACHR,2025-12-30 15:35:00+00:00,7.715,7.74,7.7101,7.735,142139.0,483.0,7.724817
ACHR,2025-12-30 15:40:00+00:00,7.7375,7.75,7.72,7.74,116262.0,441.0,7.733049
ACHR,2025-12-30 15:45:00+00:00,7.75,7.75,7.72,7.7232,172641.0,506.0,7.733063
ACHR,2025-12-30 15:50:00+00:00,7.725,7.756,7.7118,7.75,158052.0,478.0,7.738035
ACHR,2025-12-30 15:55:00+00:00,7.75,7.77,7.7301,7.765,186056.0,436.0,7.742966
ACHR,2025-12-30 16:00:00+00:00,7.765,7.78,7.75,7.755,297769.0,570.0,7.761984
ACHR,2025-12-30 16:05:00+00:00,7.7544,7.77,7.75,7.765,163850.0,541.0,7.758313
ACHR,2025-12-30 16:10:00+00:00,7.765,7.7666,7.73,7.74,149329.0,445.0,7.747769
ACHR,2025-12-30 16:15:00+00:00,7.735,7.77,7.734,7.74,282065.0,560.0,7.754739
ACHR,2025-12-30 16:20:00+00:00,7.745,7.77,7.74,7.77,92610.0,386.0,7.757942
ACHR,2025-12-30 16:25:00+00:00,7.7681,7.77,7.76,7.765,89034.0,386.0,7.764735
ACHR,2025-12-30 16:30:00+00:00,7.765,7.78,7.76,7.765,210748.0,522.0,7.771035
ACHR,2025-12-30 16:35:00+00:00,7.766,7.766,7.724,7.73,322721.0,542.0,7.739737
ACHR,2025-12-30 16:40:00+00:00,7.725,7.749,7.715,7.7399,219953.0,580.0,7.728239
ACHR,2025-12-30 16:45:00+00:00,7.7347,7.76,7.73,7.755,166892.0,421.0,7.747144
ACHR,2025-12-30 16:50:00+00:00,7.755,7.7665,7.75,7.755,138842.0,382.0,7.759954
ACHR,2025-12-30 16:55:00+00:00,7.76,7.768,7.74,7.74,151734.0,438.0,7.754048
ACHR,2025-12-30 17:00:00+00:00,7.74,7.76,7.74,7.7414,149907.0,369.0,7.747093
ACHR,2025-12-30 17:05:00+00:00,7.745,7.76,7.73,7.735,157447.0,452.0,7.743943
ACHR,2025-12-30 17:10:00+00:00,7.7301,7.74,7.72,7.72,167868.0,376.0,7.730189
ACHR,2025-12-30 17:15:00+00:00,7.725,7.73,7.72,7.73,57841.0,206.0,7.727588
ACHR,2025-12-30 17:20:00+00:00,7.725,7.73,7.71,7.715,190655.0,444.0,7.719583
ACHR,2025-12-30 17:25:00+00:00,7.7115,7.72,7.7,7.705,137835.0,387.0,7.711029
ACHR,2025-12-30 17:30:00+00:00,7.71,7.73,7.705,7.725,115560.0,340.0,7.719805
ACHR,2025-12-30 17:35:00+00:00,7.725,7.73,7.71,7.7101,157302.0,469.0,7.719963
ACHR,2025-12-30 17:40:00+00:00,7.7144,7.7261,7.71,7.715,111196.0,360.0,7.719561
ACHR,2025-12-30 17:45:00+00:00,7.715,7.716,7.7,7.7044,142016.0,355.0,7.707477
ACHR,2025-12-30 17:50:00+00:00,7.7061,7.72,7.7043,7.71,160376.0,443.0,7.71188
ACHR,2025-12-30 17:55:00+00:00,7.715,7.7199,7.71,7.71,50370.0,265.0,7.712323
ACHR,2025-12-30 18:00:00+00:00,7.71,7.72,7.695,7.7086,210652.0,640.0,7.703289
ACHR,2025-12-30 18:05:00+00:00,7.71,7.72,7.7,7.705,240801.0,501.0,7.71003
ACHR,2025-12-30 18:10:00+00:00,7.705,7.72,7.7,7.71,172861.0,404.0,7.708527
ACHR,2025-12-30 18:15:00+00:00,7.7097,7.71,7.69,7.71,119138.0,400.0,7.701429
ACHR,2025-12-30 18:20:00+00:00,7.705,7.71,7.69,7.6901,176909.0,386.0,7.699856
ACHR,2025-12-30 18:25:00+00:00,7.695,7.7,7.67,7.6798,291874.0,625.0,7.690079
ACHR,2025-12-30 18:30:00+00:00,7.675,7.7,7.675,7.685,346763.0,612.0,7.689726
ACHR,2025-12-30 18:35:00+00:00,7.685,7.69,7.66,7.665,155500.0,572.0,7.67828
ACHR,2025-12-30 18:40:00+00:00,7.67,7.68,7.66,7.675,149092.0,447.0,7.666237
ACHR,2025-12-30 18:45:00+00:00,7.68,7.68,7.66,7.6699,195207.0,420.0,7.667596
ACHR,2025-12-30 18:50:00+00:00,7.665,7.67,7.65,7.6569,176120.0,550.0,7.662125
ACHR,2025-12-30 18:55:00+00:00,7.655,7.66,7.65,7.66,129570.0,424.0,7.655686
ACHR,2025-12-30 19:00:00+00:00,7.6529,7.67,7.63,7.639,382063.0,931.0,7.649806
ACHR,2025-12-30 19:05:00+00:00,7.635,7.6486,7.6223,7.6244,195034.0,570.0,7.635394
ACHR,2025-12-30 19:10:00+00:00,7.625,7.646,7.62,7.635,246298.0,647.0,7.635088
ACHR,2025-12-30 19:15:00+00:00,7.635,7.6399,7.61,7.635,215316.0,711.0,7.626159
ACHR,2025-12-30 19:20:00+00:00,7.6344,7.65,7.63,7.645,119126.0,443.0,7.638789
ACHR,2025-12-30 19:25:00+00:00,7.645,7.65,7.624,7.625,236274.0,618.0,7.633394
ACHR,2025-12-30 19:30:00+00:00,7.6265,7.63,7.62,7.625,148164.0,479.0,7.62418
ACHR,2025-12-30 19:35:00+00:00,7.62,7.63,7.62,7.625,99816.0,399.0,7.624435
ACHR,2025-12-30 19:40:00+00:00,7.625,7.63,7.62,7.625,95678.0,413.0,7.62762
ACHR,2025-12-30 19:45:00+00:00,7.625,7.63,7.605,7.616,167106.0,725.0,7.614134
ACHR,2025-12-30 19:50:00+00:00,7.6188,7.62,7.58,7.5946,282139.0,933.0,7.601779
ACHR,2025-12-30 19:55:00+00:00,7.5961,7.6,7.59,7.5902,108504.0,426.0,7.593927
ACHR,2025-12-30 20:00:00+00:00,7.59,7.6,7.585,7.595,175097.0,611.0,7.593894
ACHR,2025-12-30 20:05:00+00:00,7.5999,7.6,7.59,7.595,89314.0,514.0,7.59361
ACHR,2025-12-30 20:10:00+00:00,7.595,7.6,7.58,7.58,198807.0,819.0,7.586017
ACHR,2025-12-30 20:15:00+00:00,7.5899,7.62,7.58,7.615,179230.0,687.0,7.59585
ACHR,2025-12-30 20:20:00+00:00,7.615,7.62,7.6,7.61,100689.0,513.0,7.610029
ACHR,2025-12-30 20:25:00+00:00,7.61,7.62,7.58,7.585,211632.0,679.0,7.599729
ACHR,2025-12-30 20:30:00+00:00,7.5856,7.59,7.58,7.5859,72287.0,378.0,7.584967
ACHR,2025-12-30 20:35:00+00:00,7.585,7.59,7.58,7.585,116474.0,489.0,7.587429
ACHR,2025-12-30 20:40:00+00:00,7.59,7.59,7.57,7.5703,173204.0,893.0,7.58036
ACHR,2025-12-30 20:45:00+00:00,7.575,7.58,7.56,7.578,274332.0,1137.0,7.57331
ACHR,2025-12-30 20:50:00+00:00,7.58,7.58,7.55,7.555,459631.0,2052.0,7.560977
ACHR,2025-12-30 20:55:00+00:00,7.555,7.57,7.54,7.555,1320450.0,3555.0,7.554704
ACHR,2025-12-30 21:00:00+00:00,7.55,7.56,7.54,7.56,1319421.0,160.0,7.549987
ACHR,2025-12-30 21:05:00+00:00,7.5584,7.56,7.54,7.56,7681.0,83.0,7.551161
ACHR,2025-12-30 21:10:00+00:00,7.55,7.56,7.52,7.5202,54419.0,164.0,7.544778
ACHR,2025-12-30 21:15:00+00:00,7.5302,7.55,7.53,7.5497,3337.0,40.0,7.537578
ACHR,2025-12-30 21:20:00+00:00,7.55,7.55,7.54,7.54,3336.0,29.0,7.548923
ACHR,2025-12-30 21:25:00+00:00,7.54,7.55,7.54,7.54,7628.0,54.0,7.543184
ACHR,2025-12-30 21:30:00+00:00,7.55,7.55,7.54,7.55,5300.0,39.0,7.543199
ACHR,2025-12-30 21:35:00+00:00,7.55,7.55,7.54,7.54,1615.0,21.0,7.545941
ACHR,2025-12-30 21:40:00+00:00,7.54,7.55,7.54,7.55,3733.0,20.0,7.547088
ACHR,2025-12-30 21:45:00+00:00,7.55,7.55,7.54,7.54,5971.0,89.0,7.543161
ACHR,2025-12-30 21:50:00+00:00,7.54,7.55,7.54,7.55,340.0,11.0,7.545951
ACHR,2025-12-30 21:55:00+00:00,7.55,7.55,7.54,7.54,2081.0,29.0,7.545186
ACHR,2025-12-30 22:00:00+00:00,7.55,7.55,7.54,7.55,2759.0,27.0,7.544477
ACHR,2025-12-30 22:05:00+00:00,7.54,7.5599,7.54,7.5599,33795.0,72.0,7.55003
ACHR,2025-12-30 22:10:00+00:00,7.56,7.57,7.56,7.57,313.0,10.0,7.565
ACHR,2025-12-30 22:15:00+00:00,7.5616,7.57,7.5402,7.5402,13294.0,56.0,7.560108
ACHR,2025-12-30 22:20:00+00:00,7.55,7.56,7.5426,7.56,67806.0,10.0,7.550446
ACHR,2025-12-30 22:25:00+00:00,7.56,7.57,7.54,7.54,9181.0,31.0,7.546155
ACHR,2025-12-30 22:30:00+00:00,7.56,7.57,7.56,7.57,1294.0,12.0,7.569091
ACHR,2025-12-30 22:35:00+00:00,7.55,7.56,7.5484,7.5484,921.0,14.0,7.556914
ACHR,2025-12-30 22:40:00+00:00,7.54,7.57,7.54,7.57,4782.0,19.0,7.556771
ACHR,2025-12-30 22:45:00+00:00,7.56,7.5696,7.55,7.55,12593.0,34.0,7.559415
ACHR,2025-12-30 22:50:00+00:00,7.55,7.57,7.55,7.57,2639.0,13.0,7.568174
ACHR,2025-12-30 22:55:00+00:00,7.55,7.56,7.55,7.56,8973.0,13.0,7.553423
ACHR,2025-12-30 23:00:00+00:00,7.56,7.5699,7.5401,7.56,1660.0,11.0,7.56328
ACHR,2025-12-30 23:05:00+00:00,7.54,7.56,7.54,7.56,15295.0,48.0,7.548824
ACHR,2025-12-30 23:10:00+00:00,7.54,7.56,7.54,7.56,5035.0,59.0,7.550457
ACHR,2025-12-30 23:15:00+00:00,7.56,7.56,7.54,7.56,18995.0,14.0,7.559788
ACHR,2025-12-30 23:20:00+00:00,7.55,7.55,7.54,7.55,737.0,16.0,7.546838
ACHR,2025-12-30 23:25:00+00:00,7.5584,7.5584,7.5502,7.5502,690.0,3.0,7.556151
ACHR,2025-12-30 23:30:00+00:00,7.5599,7.56,7.5501,7.5501,4917.0,8.0,7.559252
ACHR,2025-12-30 23:35:00+00:00,7.55,7.55,7.55,7.55,3645.0,21.0,7.55
ACHR,2025-12-30 23:40:00+00:00,7.55,7.56,7.5487,7.5502,8303.0,28.0,7.552586
ACHR,2025-12-30 23:50:00+00:00,7.55,7.55,7.5401,7.5424,661.0,6.0,7.545026
ACHR,2025-12-30 23:55:00+00:00,7.56,7.56,7.5598,7.5598,200.0,2.0,7.5599
ACHR,2025-12-31 00:00:00+00:00,7.54,7.54,7.54,7.54,410.0,2.0,7.54
ACHR,2025-12-31 00:05:00+00:00,7.56,7.56,7.54,7.54,1217.0,8.0,7.548834
ACHR,2025-12-31 00:10:00+00:00,7.5599,7.56,7.54,7.54,13202.0,27.0,7.557142
ACHR,2025-12-31 00:20:00+00:00,7.5597,7.5599,7.5597,7.5599,1108.0,6.0,7.559718
ACHR,2025-12-31 00:25:00+00:00,7.56,7.56,7.5516,7.56,752.0,9.0,7.558837
ACHR,2025-12-31 00:30:00+00:00,7.5599,7.56,7.55,7.55,1102.0,13.0,7.559003
ACHR,2025-12-31 00:35:00+00:00,7.55,7.55,7.55,7.55,817.0,9.0,7.55
ACHR,2025-12-31 00:40:00+00:00,7.56,7.56,7.55,7.5584,1646.0,22.0,7.555564
ACHR,2025-12-31 00:45:00+00:00,7.56,7.56,7.55,7.55,5415.0,22.0,7.552388
ACHR,2025-12-31 00:50:00+00:00,7.55,7.56,7.55,7.56,2807.0,13.0,7.558852
ACHR,2025-12-31 00:55:00+00:00,7.5599,7.56,7.55,7.56,4234.0,16.0,7.557293
ACHR,2025-12-31 09:00:00+00:00,7.55,7.56,7.54,7.54,802.0,27.0,7.55
ACHR,2025-12-31 09:05:00+00:00,7.56,7.56,7.55,7.56,4961.0,60.0,7.559431
ACHR,2025-12-31 09:20:00+00:00,7.56,7.56,7.56,7.56,474.0,13.0,7.56
ACHR,2025-12-31 09:25:00+00:00,7.55,7.55,7.54,7.55,802.0,11.0,7.548527
ACHR,2025-12-31 09:35:00+00:00,7.54,7.54,7.54,7.54,200.0,3.0,7.54
ACHR,2025-12-31 09:40:00+00:00,7.55,7.55,7.55,7.55,609.0,3.0,7.55
ACHR,2025-12-31 09:45:00+00:00,7.55,7.55,7.55,7.55,528.0,4.0,7.55
ACHR,2025-12-31 10:50:00+00:00,7.55,7.55,7.55,7.55,100.0,1.0,7.55
ACHR,2025-12-31 10:55:00+00:00,7.55,7.55,7.55,7.55,117.0,4.0,7.55
ACHR,2025-12-31 11:30:00+00:00,7.55,7.55,7.55,7.55,110.0,2.0,7.55
ACHR,2025-12-31 11:40:00+00:00,7.54,7.54,7.54,7.54,2630.0,25.0,7.54
ACHR,2025-12-31 11:50:00+00:00,7.53,7.53,7.53,7.53,127.0,8.0,7.53
ACHR,2025-12-31 11:55:00+00:00,7.54,7.54,7.54,7.54,110.0,2.0,7.54
ACHR,2025-12-31 12:00:00+00:00,7.545,7.55,7.53,7.53,4324.0,72.0,7.541597
ACHR,2025-12-31 12:05:00+00:00,7.53,7.54,7.53,7.53,1221.0,20.0,7.531059
ACHR,2025-12-31 12:15:00+00:00,7.53,7.53,7.53,7.53,626.0,14.0,7.53
ACHR,2025-12-31 12:20:00+00:00,7.54,7.55,7.54,7.54,1031.0,18.0,7.544938
ACHR,2025-12-31 12:25:00+00:00,7.55,7.55,7.55,7.55,2560.0,51.0,7.55
ACHR,2025-12-31 12:30:00+00:00,7.55,7.55,7.55,7.55,394.0,9.0,7.55
ACHR,2025-12-31 12:35:00+00:00,7.54,7.54,7.54,7.54,505.0,9.0,7.54
ACHR,2025-12-31 12:40:00+00:00,7.54,7.55,7.54,7.55,2143.0,35.0,7.544933
ACHR,2025-12-31 12:45:00+00:00,7.55,7.55,7.55,7.55,912.0,17.0,7.55
ACHR,2025-12-31 12:50:00+00:00,7.55,7.55,7.55,7.55,729.0,5.0,7.55
ACHR,2025-12-31 13:00:00+00:00,7.54,7.57,7.5,7.565,42076.0,361.0,7.542319
ACHR,2025-12-31 13:05:00+00:00,7.5598,7.56,7.5598,7.5599,1271.0,8.0,7.559904
ACHR,2025-12-31 13:10:00+00:00,7.55,7.56,7.55,7.56,1200.0,7.0,7.558396
ACHR,2025-12-31 13:15:00+00:00,7.55,7.55,7.55,7.55,1112.0,17.0,7.55
ACHR,2025-12-31 13:20:00+00:00,7.5503,7.57,7.5503,7.57,8391.0,56.0,7.564456
ACHR,2025-12-31 13:25:00+00:00,7.56,7.57,7.55,7.5697,35019.0,93.0,7.567562
ACHR,2025-12-31 13:30:00+00:00,7.55,7.575,7.55,7.575,4770.0,28.0,7.561064
ACHR,2025-12-31 13:35:00+00:00,7.56,7.57,7.55,7.5598,13063.0,20.0,7.563242
ACHR,2025-12-31 13:40:00+00:00,7.5599,7.57,7.55,7.55,17132.0,100.0,7.554862
ACHR,2025-12-31 13:45:00+00:00,7.56,7.57,7.56,7.56,2942.0,29.0,7.56207
ACHR,2025-12-31 13:50:00+00:00,7.55,7.59,7.53,7.57,24580.0,168.0,7.574494
ACHR,2025-12-31 13:55:00+00:00,7.5833,7.59,7.57,7.58,9265.0,63.0,7.579808
ACHR,2025-12-31 14:00:00+00:00,7.57,7.58,7.57,7.57,17565.0,72.0,7.577183
ACHR,2025-12-31 14:05:00+00:00,7.57,7.57,7.56,7.56,7129.0,43.0,7.568238
ACHR,2025-12-31 14:10:00+00:00,7.57,7.57,7.56,7.5698,4568.0,36.0,7.561473
ACHR,2025-12-31 14:15:00+00:00,7.57,7.57,7.56,7.56,11972.0,73.0,7.563012
ACHR,2025-12-31 14:20:00+00:00,7.57,7.59,7.5601,7.57,14337.0,96.0,7.569269
ACHR,2025-12-31 14:25:00+00:00,7.57,7.57,7.49,7.56,22049.0,86.0,7.555747
ACHR,2025-12-31 14:30:00+00:00,7.56,7.59,7.525,7.545,655358.0,1423.0,7.557831
ACHR,2025-12-31 14:35:00+00:00,7.54,7.565,7.48,7.5,573446.0,2173.0,7.510163
ACHR,2025-12-31 14:40:00+00:00,7.505,7.53,7.5,7.515,270706.0,713.0,7.516077
ACHR,2025-12-31 14:45:00+00:00,7.515,7.53,7.475,7.4992,383131.0,1333.0,7.497664
ACHR,2025-12-31 14:50:00+00:00,7.4993,7.53,7.49,7.515,284399.0,796.0,7.504315
ACHR,2025-12-31 14:55:00+00:00,7.52,7.54,7.51,7.515,211597.0,670.0,7.520073
ACHR,2025-12-31 15:00:00+00:00,7.515,7.52,7.5,7.51,201575.0,698.0,7.510152
ACHR,2025-12-31 15:05:00+00:00,7.51,7.52,7.5,7.515,220676.0,648.0,7.506186
ACHR,2025-12-31 15:10:00+00:00,7.51,7.52,7.49,7.505,253794.0,887.0,7.50314
ACHR,2025-12-31 15:15:00+00:00,7.51,7.51,7.48,7.495,211765.0,610.0,7.492102
ACHR,2025-12-31 15:20:00+00:00,7.5,7.52,7.48,7.485,222418.0,679.0,7.500833
ACHR,2025-12-31 15:25:00+00:00,7.485,7.5,7.47,7.5,235527.0,710.0,7.483867
ACHR,2025-12-31 15:30:00+00:00,7.495,7.5,7.48,7.49,331624.0,798.0,7.492206
ACHR,2025-12-31 15:35:00+00:00,7.495,7.53,7.49,7.5199,429903.0,740.0,7.509541
ACHR,2025-12-31 15:40:00+00:00,7.515,7.53,7.51,7.524,152329.0,515.0,7.523434
ACHR,2025-12-31 15:45:00+00:00,7.53,7.53,7.51,7.525,198720.0,558.0,7.519212
ACHR,2025-12-31 15:50:00+00:00,7.52,7.526,7.5,7.51,285887.0,591.0,7.512793
ACHR,2025-12-31 15:55:00+00:00,7.505,7.53,7.5,7.52,288436.0,584.0,7.516552
ACHR,2025-12-31 16:00:00+00:00,7.52,7.53,7.51,7.5155,288361.0,584.0,7.520135
ACHR,2025-12-31 16:05:00+00:00,7.52,7.5256,7.5001,7.52,273952.0,540.0,7.516062
ACHR,2025-12-31 16:10:00+00:00,7.52,7.5261,7.51,7.5199,255960.0,565.0,7.518032
ACHR,2025-12-31 16:15:00+00:00,7.5111,7.54,7.51,7.535,249685.0,520.0,7.525088
ACHR,2025-12-31 16:20:00+00:00,7.5393,7.55,7.53,7.535,244064.0,487.0,7.539372
ACHR,2025-12-31 16:25:00+00:00,7.535,7.54,7.51,7.5144,225507.0,578.0,7.524757
ACHR,2025-12-31 16:30:00+00:00,7.515,7.535,7.51,7.5261,235766.0,585.0,7.524216
ACHR,2025-12-31 16:35:00+00:00,7.5261,7.53,7.52,7.52,119482.0,449.0,7.524025
ACHR,2025-12-31 16:40:00+00:00,7.53,7.53,7.51,7.525,174202.0,531.0,7.522352
ACHR,2025-12-31 16:45:00+00:00,7.52,7.525,7.5,7.505,412093.0,942.0,7.510351
ACHR,2025-12-31 16:50:00+00:00,7.505,7.53,7.5,7.53,192800.0,487.0,7.518589
ACHR,2025-12-31 16:55:00+00:00,7.53,7.53,7.52,7.525,143517.0,366.0,7.523645
ACHR,2025-12-31 17:00:00+00:00,7.5217,7.53,7.51,7.52,426916.0,617.0,7.519097
ACHR,2025-12-31 17:05:00+00:00,7.52,7.52,7.5,7.505,185726.0,417.0,7.509333
ACHR,2025-12-31 17:10:00+00:00,7.505,7.52,7.5,7.515,166112.0,428.0,7.506624
ACHR,2025-12-31 17:15:00+00:00,7.51,7.53,7.51,7.525,119164.0,397.0,7.515853
ACHR,2025-12-31 17:20:00+00:00,7.5214,7.54,7.52,7.535,219694.0,498.0,7.528971
ACHR,2025-12-31 17:25:00+00:00,7.535,7.54,7.52,7.5201,150108.0,326.0,7.526155
ACHR,2025-12-31 17:30:00+00:00,7.5257,7.53,7.51,7.5272,165126.0,493.0,7.51932
ACHR,2025-12-31 17:35:00+00:00,7.525,7.5357,7.5101,7.525,293651.0,602.0,7.525423
ACHR,2025-12-31 17:40:00+00:00,7.525,7.53,7.51,7.52,136633.0,370.0,7.519271
ACHR,2025-12-31 17:45:00+00:00,7.5165,7.52,7.51,7.515,178234.0,444.0,7.514685
ACHR,2025-12-31 17:50:00+00:00,7.515,7.536,7.5,7.5303,289551.0,594.0,7.515615
ACHR,2025-12-31 17:55:00+00:00,7.54,7.54,7.52,7.535,352296.0,587.0,7.530852
ACHR,2025-12-31 18:00:00+00:00,7.54,7.54,7.525,7.535,194554.0,393.0,7.531132
ACHR,2025-12-31 18:05:00+00:00,7.5388,7.56,7.53,7.55,400687.0,578.0,7.543639
ACHR,2025-12-31 18:10:00+00:00,7.54,7.55,7.54,7.545,120341.0,285.0,7.545783
ACHR,2025-12-31 18:15:00+00:00,7.545,7.55,7.5106,7.515,324543.0,629.0,7.527088
ACHR,2025-12-31 18:20:00+00:00,7.5145,7.52,7.5,7.505,228110.0,392.0,7.50915
ACHR,2025-12-31 18:25:00+00:00,7.51,7.52,7.5,7.515,157418.0,404.0,7.50922
ACHR,2025-12-31 18:30:00+00:00,7.52,7.54,7.5105,7.535,263018.0,581.0,7.526575
ACHR,2025-12-31 18:35:00+00:00,7.535,7.535,7.515,7.525,162961.0,439.0,7.52458
ACHR,2025-12-31 18:40:00+00:00,7.525,7.53,7.5114,7.515,129807.0,369.0,7.520702
ACHR,2025-12-31 18:45:00+00:00,7.52,7.525,7.5,7.5,235988.0,536.0,7.510864
ACHR,2025-12-31 18:50:00+00:00,7.5039,7.51,7.48,7.505,542824.0,1040.0,7.496568
ACHR,2025-12-31 18:55:00+00:00,7.505,7.52,7.505,7.515,109873.0,394.0,7.514613
ACHR,2025-12-31 19:00:00+00:00,7.51,7.5299,7.51,7.515,117971.0,394.0,7.517714
ACHR,2025-12-31 19:05:00+00:00,7.515,7.515,7.495,7.5,253895.0,502.0,7.50542
ACHR,2025-12-31 19:10:00+00:00,7.496,7.51,7.49,7.4932,149984.0,471.0,7.498923
ACHR,2025-12-31 19:15:00+00:00,7.4902,7.4975,7.461,7.47,1010616.0,1159.0,7.477704
ACHR,2025-12-31 19:20:00+00:00,7.475,7.48,7.45,7.4744,540775.0,840.0,7.46327
ACHR,2025-12-31 19:25:00+00:00,7.4714,7.48,7.461,7.475,150428.0,385.0,7.470958
ACHR,2025-12-31 19:30:00+00:00,7.475,7.48,7.43,7.435,424946.0,1141.0,7.452831
ACHR,2025-12-31 19:35:00+00:00,7.44,7.46,7.43,7.445,381842.0,761.0,7.446059
ACHR,2025-12-31 19:40:00+00:00,7.45,7.4698,7.4448,7.463,274984.0,715.0,7.456601
ACHR,2025-12-31 19:45:00+00:00,7.4606,7.4632,7.44,7.445,288738.0,726.0,7.450123
ACHR,2025-12-31 19:50:00+00:00,7.445,7.45,7.43,7.45,196574.0,631.0,7.442882
ACHR,2025-12-31 19:55:00+00:00,7.445,7.45,7.43,7.445,268323.0,702.0,7.439677
ACHR,2025-12-31 20:00:00+00:00,7.44,7.445,7.41,7.43,395015.0,1210.0,7.427352
ACHR,2025-12-31 20:05:00+00:00,7.4241,7.4399,7.41,7.415,366227.0,681.0,7.42111
ACHR,2025-12-31 20:10:00+00:00,7.41,7.42,7.4,7.415,357985.0,943.0,7.407078
ACHR,2025-12-31 20:15:00+00:00,7.415,7.44,7.41,7.42,470521.0,852.0,7.426438
ACHR,2025-12-31 20:20:00+00:00,7.425,7.43,7.405,7.41,406262.0,943.0,7.416876
ACHR,2025-12-31 20:25:00+00:00,7.42,7.4299,7.41,7.415,435128.0,912.0,7.419214
ACHR,2025-12-31 20:30:00+00:00,7.415,7.43,7.41,7.4202,306213.0,820.0,7.420795
ACHR,2025-12-31 20:35:00+00:00,7.4209,7.43,7.4,7.415,467093.0,1033.0,7.414657
ACHR,2025-12-31 20:40:00+00:00,7.415,7.425,7.4,7.425,661745.0,1431.0,7.405685
ACHR,2025-12-31 20:45:00+00:00,7.425,7.44,7.42,7.435,384940.0,955.0,7.43162
ACHR,2025-12-31 20:50:00+00:00,7.435,7.44,7.42,7.435,1042552.0,2095.0,7.4305
ACHR,2025-12-31 20:55:00+00:00,7.44,7.53,7.435,7.53,2367929.0,4294.0,7.500139
ACHR,2025-12-31 21:00:00+00:00,7.52,7.6002,7.52,7.52,6926653.0,344.0,7.521071
ACHR,2025-12-31 21:05:00+00:00,7.5207,7.53,7.5,7.5007,35524.0,27.0,7.518993
ACHR,2025-12-31 21:10:00+00:00,7.52,7.5359,7.5019,7.51,5642.0,47.0,7.518211
ACHR,2025-12-31 21:15:00+00:00,7.51,7.5101,7.51,7.51,4354.0,24.0,7.510038
ACHR,2025-12-31 21:20:00+00:00,7.52,7.53,7.51,7.53,3573.0,19.0,7.520163
ACHR,2025-12-31 21:25:00+00:00,7.5297,7.53,7.52,7.52,2135.0,17.0,7.522229
ACHR,2025-12-31 21:30:00+00:00,7.52,7.53,7.52,7.52,1254.0,16.0,7.522974
ACHR,2025-12-31 21:35:00+00:00,7.52,7.525,7.51,7.52,5173.0,34.0,7.520323
ACHR,2025-12-31 21:40:00+00:00,7.52,7.52,7.51,7.52,2348.0,40.0,7.518431
ACHR,2025-12-31 21:45:00+00:00,7.5184,7.5184,7.51,7.51,937.0,6.0,7.5146
ACHR,2025-12-31 21:50:00+00:00,7.51,7.54,7.51,7.54,7352.0,24.0,7.531023
ACHR,2025-12-31 21:55:00+00:00,7.54,7.55,7.54,7.5402,10064.0,33.0,7.540867
ACHR,2025-12-31 22:00:00+00:00,7.54,7.55,7.53,7.5395,84601.0,52.0,7.531616
ACHR,2025-12-31 22:05:00+00:00,7.54,7.5471,7.53,7.5301,1351.0,19.0,7.535385
ACHR,2025-12-31 22:10:00+00:00,7.52,7.54,7.52,7.5213,2677.0,15.0,7.521001
ACHR,2025-12-31 22:15:00+00:00,7.54,7.54,7.52,7.5379,15096.0,14.0,7.536523
ACHR,2025-12-31 22:20:00+00:00,7.52,7.5299,7.52,7.5299,3074.0,12.0,7.529253
ACHR,2025-12-31 22:25:00+00:00,7.53,7.54,7.53,7.54,662281.0,41.0,7.538939
ACHR,2025-12-31 22:30:00+00:00,7.54,7.55,7.52,7.53,7195.0,9.0,7.538804
ACHR,2025-12-31 22:35:00+00:00,7.52,7.5487,7.52,7.5206,1963.0,15.0,7.524475
ACHR,2025-12-31 22:40:00+00:00,7.5248,7.5499,7.52,7.5203,4622.0,6.0,7.522147
ACHR,2025-12-31 22:50:00+00:00,7.52,7.5207,7.52,7.5207,6000.0,3.0,7.520349
ACHR,2025-12-31 22:55:00+00:00,7.5203,7.5203,7.5203,7.5203,125.0,2.0,7.5203
ACHR,2025-12-31 23:00:00+00:00,7.52,7.53,7.51,7.53,4541.0,12.0,7.518755
ACHR,2025-12-31 23:05:00+00:00,7.52,7.52,7.52,7.52,2203.0,10.0,7.52
ACHR,2025-12-31 23:10:00+00:00,7.53,7.53,7.51,7.51,3310.0,20.0,7.517392
ACHR,2025-12-31 23:15:00+00:00,7.53,7.53,7.53,7.53,102.0,2.0,7.53
ACHR,2025-12-31 23:25:00+00:00,7.51,7.53,7.51,7.53,239.0,6.0,7.519524
ACHR,2025-12-31 23:30:00+00:00,7.52,7.5296,7.51,7.51,1010.0,11.0,7.518822
ACHR,2025-12-31 23:35:00+00:00,7.52,7.52,7.52,7.52,503.0,2.0,7.52
ACHR,2025-12-31 23:40:00+00:00,7.53,7.53,7.53,7.53,1011.0,4.0,7.53
ACHR,2025-12-31 23:45:00+00:00,7.52,7.52,7.52,7.52,424.0,1.0,7.52
ACHR,2025-12-31 23:50:00+00:00,7.5132,7.53,7.5101,7.5101,2690.0,4.0,7.51403
ACHR,2025-12-31 23:55:00+00:00,7.51,7.53,7.51,7.53,3028.0,7.0,7.525311
ACHR,2026-01-01 00:00:00+00:00,7.51,7.51,7.51,7.51,100.0,1.0,7.51
ACHR,2026-01-01 00:05:00+00:00,7.51,7.51,7.51,7.51,898.0,2.0,7.51
ACHR,2026-01-01 00:10:00+00:00,7.52,7.52,7.51,7.51,3811.0,5.0,7.519186
ACHR,2026-01-01 00:15:00+00:00,7.51,7.51,7.51,7.51,228.0,2.0,7.51
ACHR,2026-01-01 00:20:00+00:00,7.51,7.51,7.51,7.51,10879.0,51.0,7.51
ACHR,2026-01-01 00:25:00+00:00,7.51,7.51,7.5,7.5,19736.0,23.0,7.502067
ACHR,2026-01-01 00:30:00+00:00,7.5003,7.51,7.5003,7.51,1470.0,19.0,7.507759
ACHR,2026-01-01 00:35:00+00:00,7.51,7.51,7.51,7.51,174.0,2.0,7.51
ACHR,2026-01-01 00:40:00+00:00,7.5001,7.5097,7.5001,7.5097,4439.0,8.0,7.50077
ACHR,2026-01-01 00:45:00+00:00,7.51,7.51,7.5,7.5,4856.0,8.0,7.508958
ACHR,2026-01-01 00:55:00+00:00,7.51,7.51,7.5,7.51,19283.0,31.0,7.509369
ACHR,2026-01-02 09:00:00+00:00,7.64,7.64,7.64,7.64,867.0,20.0,7.64
ACHR,2026-01-02 09:10:00+00:00,7.68,7.68,7.68,7.68,4141.0,15.0,7.68
ACHR,2026-01-02 09:15:00+00:00,7.7,7.71,7.68,7.7,25601.0,116.0,7.69222
ACHR,2026-01-02 09:20:00+00:00,7.71,7.72,7.71,7.72,4675.0,26.0,7.7193
ACHR,2026-01-02 09:25:00+00:00,7.72,7.72,7.72,7.72,1070.0,25.0,7.72
ACHR,2026-01-02 09:35:00+00:00,7.725,7.73,7.725,7.73,473.0,10.0,7.728711
ACHR,2026-01-02 09:40:00+00:00,7.74,7.74,7.74,7.74,501.0,13.0,7.74
ACHR,2026-01-02 09:45:00+00:00,7.74,7.74,7.74,7.74,253.0,8.0,7.74
ACHR,2026-01-02 09:55:00+00:00,7.73,7.74,7.73,7.73,6999.0,56.0,7.737861
ACHR,2026-01-02 10:00:00+00:00,7.73,7.73,7.73,7.73,2015.0,23.0,7.73
ACHR,2026-01-02 10:20:00+00:00,7.73,7.73,7.73,7.73,893.0,22.0,7.73
ACHR,2026-01-02 10:25:00+00:00,7.72,7.72,7.72,7.72,1165.0,17.0,7.72
ACHR,2026-01-02 10:30:00+00:00,7.72,7.72,7.72,7.72,1166.0,14.0,7.72
ACHR,2026-01-02 10:35:00+00:00,7.72,7.72,7.72,7.72,614.0,11.0,7.72
ACHR,2026-01-02 11:00:00+00:00,7.73,7.74,7.73,7.74,955.0,21.0,7.736
ACHR,2026-01-02 11:05:00+00:00,7.74,7.74,7.74,7.74,190.0,3.0,7.74
ACHR,2026-01-02 11:15:00+00:00,7.74,7.74,7.74,7.74,1263.0,31.0,7.74
ACHR,2026-01-02 11:20:00+00:00,7.73,7.73,7.73,7.73,388.0,8.0,7.73
ACHR,2026-01-02 11:30:00+00:00,7.73,7.73,7.73,7.73,249.0,8.0,7.73
ACHR,2026-01-02 11:35:00+00:00,7.73,7.73,7.73,7.73,335.0,8.0,7.73
ACHR,2026-01-02 11:40:00+00:00,7.73,7.73,7.73,7.73,506.0,22.0,7.73
ACHR,2026-01-02 11:50:00+00:00,7.735,7.735,7.72,7.72,3797.0,56.0,7.723376
ACHR,2026-01-02 11:55:00+00:00,7.715,7.72,7.715,7.72,363.0,6.0,7.716515
ACHR,2026-01-02 12:00:00+00:00,7.71,7.73,7.67,7.67,17648.0,267.0,7.693077
ACHR,2026-01-02 12:05:00+00:00,7.67,7.685,7.67,7.68,2923.0,41.0,7.681523
ACHR,2026-01-02 12:10:00+00:00,7.68,7.68,7.68,7.68,180.0,3.0,7.68
ACHR,2026-01-02 12:15:00+00:00,7.685,7.7,7.685,7.7,6414.0,51.0,7.698644
ACHR,2026-01-02 12:20:00+00:00,7.69,7.7,7.685,7.69,6071.0,52.0,7.691285
ACHR,2026-01-02 12:25:00+00:00,7.69,7.69,7.69,7.69,1000.0,14.0,7.69
ACHR,2026-01-02 12:30:00+00:00,7.69,7.69,7.69,7.69,2032.0,31.0,7.69
ACHR,2026-01-02 12:35:00+00:00,7.69,7.69,7.68,7.68,2317.0,31.0,7.683441
ACHR,2026-01-02 12:40:00+00:00,7.68,7.69,7.68,7.69,3668.0,25.0,7.682583
ACHR,2026-01-02 12:50:00+00:00,7.68,7.69,7.67,7.69,1875.0,37.0,7.679877
ACHR,2026-01-02 12:55:00+00:00,7.68,7.68,7.66,7.67,4363.0,55.0,7.670053
ACHR,2026-01-02 13:00:00+00:00,7.715,7.74,7.64,7.67,109391.0,649.0,7.682751
ACHR,2026-01-02 13:05:00+00:00,7.66,7.67,7.66,7.67,2908.0,14.0,7.665663
ACHR,2026-01-02 13:10:00+00:00,7.6699,7.6699,7.6698,7.6698,643.0,15.0,7.66988
ACHR,2026-01-02 13:15:00+00:00,7.66,7.68,7.66,7.68,3685.0,26.0,7.670285
ACHR,2026-01-02 13:20:00+00:00,7.68,7.68,7.6799,7.68,843.0,17.0,7.679987
ACHR,2026-01-02 13:25:00+00:00,7.671,7.68,7.66,7.6699,7126.0,69.0,7.667516
ACHR,2026-01-02 13:30:00+00:00,7.66,7.66,7.64,7.65,27707.0,137.0,7.64998
ACHR,2026-01-02 13:35:00+00:00,7.65,7.65,7.62,7.62,26226.0,213.0,7.631658
ACHR,2026-01-02 13:40:00+00:00,7.63,7.64,7.62,7.62,7177.0,116.0,7.63191
ACHR,2026-01-02 13:45:00+00:00,7.64,7.6499,7.64,7.6484,4556.0,54.0,7.645423
ACHR,2026-01-02 13:50:00+00:00,7.64,7.65,7.63,7.64,4907.0,79.0,7.6409
ACHR,2026-01-02 13:55:00+00:00,7.6498,7.66,7.64,7.66,12396.0,44.0,7.657084
ACHR,2026-01-02 14:00:00+00:00,7.66,7.66,7.65,7.66,11596.0,40.0,7.659225
ACHR,2026-01-02 14:05:00+00:00,7.66,7.66,7.62,7.6301,13162.0,142.0,7.636015
ACHR,2026-01-02 14:10:00+00:00,7.6301,7.64,7.63,7.6301,5117.0,60.0,7.636267
ACHR,2026-01-02 14:15:00+00:00,7.6299,7.63,7.6193,7.62,11123.0,42.0,7.626216
ACHR,2026-01-02 14:20:00+00:00,7.62,7.65,7.6,7.63,43516.0,167.0,7.620955
ACHR,2026-01-02 14:25:00+00:00,7.6199,7.67,7.61,7.67,47192.0,167.0,7.629457
ACHR,2026-01-02 14:30:00+00:00,7.67,7.71,7.5414,7.555,1016239.0,2846.0,7.65232
ACHR,2026-01-02 14:35:00+00:00,7.555,7.58,7.505,7.57,655267.0,2427.0,7.538594
ACHR,2026-01-02 14:40:00+00:00,7.565,7.6,7.52,7.575,632819.0,1920.0,7.564038
ACHR,2026-01-02 14:45:00+00:00,7.57,7.64,7.565,7.6345,572951.0,1653.0,7.613375
ACHR,2026-01-02 14:50:00+00:00,7.635,7.66,7.61,7.66,400915.0,1068.0,7.635974
ACHR,2026-01-02 14:55:00+00:00,7.655,7.67,7.6,7.6061,498323.0,1228.0,7.645285
ACHR,2026-01-02 15:00:00+00:00,7.605,7.65,7.6,7.635,382119.0,1332.0,7.625775
ACHR,2026-01-02 15:05:00+00:00,7.635,7.64,7.6,7.6256,424595.0,997.0,7.62024
ACHR,2026-01-02 15:10:00+00:00,7.625,7.645,7.6,7.615,580976.0,1178.0,7.617811
ACHR,2026-01-02 15:15:00+00:00,7.615,7.625,7.58,7.5999,556484.0,1531.0,7.60315
ACHR,2026-01-02 15:20:00+00:00,7.5999,7.6,7.55,7.56,592717.0,1411.0,7.573956
ACHR,2026-01-02 15:25:00+00:00,7.5599,7.62,7.55,7.6169,393458.0,944.0,7.590205
ACHR,2026-01-02 15:30:00+00:00,7.62,7.73,7.6,7.7214,1390510.0,1618.0,7.673819
ACHR,2026-01-02 15:35:00+00:00,7.725,7.81,7.7232,7.81,1178368.0,1817.0,7.764356
ACHR,2026-01-02 15:40:00+00:00,7.8,7.835,7.775,7.815,1061436.0,1871.0,7.810524
ACHR,2026-01-02 15:45:00+00:00,7.812,7.835,7.78,7.805,656728.0,1704.0,7.803017
ACHR,2026-01-02 15:50:00+00:00,7.805,7.82,7.765,7.82,499492.0,1378.0,7.796538
ACHR,2026-01-02 15:55:00+00:00,7.8101,7.83,7.78,7.83,565369.0,1267.0,7.799393
ACHR,2026-01-02 16:00:00+00:00,7.825,7.86,7.78,7.785,737142.0,1805.0,7.810307
ACHR,2026-01-02 16:05:00+00:00,7.78,7.8,7.75,7.765,629645.0,1229.0,7.771862
ACHR,2026-01-02 16:10:00+00:00,7.765,7.8,7.75,7.795,403608.0,907.0,7.778231
ACHR,2026-01-02 16:15:00+00:00,7.795,7.85,7.795,7.835,447773.0,1197.0,7.825118
ACHR,2026-01-02 16:20:00+00:00,7.8334,7.87,7.81,7.8345,535010.0,1135.0,7.839805
ACHR,2026-01-02 16:25:00+00:00,7.84,7.885,7.83,7.855,942753.0,1228.0,7.868972
ACHR,2026-01-02 16:30:00+00:00,7.855,7.8597,7.8216,7.835,366831.0,1006.0,7.841367
ACHR,2026-01-02 16:35:00+00:00,7.835,7.84,7.8,7.8066,436309.0,895.0,7.815245
ACHR,2026-01-02 16:40:00+00:00,7.805,7.82,7.79,7.795,530493.0,836.0,7.804946
ACHR,2026-01-02 16:45:00+00:00,7.795,7.7978,7.76,7.785,422572.0,895.0,7.779624
ACHR,2026-01-02 16:50:00+00:00,7.785,7.8,7.76,7.7747,402870.0,871.0,7.782948
ACHR,2026-01-02 16:55:00+00:00,7.7799,7.8299,7.7799,7.815,443913.0,1017.0,7.801547
ACHR,2026-01-02 17:00:00+00:00,7.815,7.83,7.7945,7.8101,304487.0,736.0,7.814058
ACHR,2026-01-02 17:05:00+00:00,7.82,7.83,7.8,7.82,141499.0,560.0,7.816904
ACHR,2026-01-02 17:10:00+00:00,7.815,7.84,7.8008,7.8399,299845.0,869.0,7.820373
ACHR,2026-01-02 17:15:00+00:00,7.84,7.856,7.835,7.85,350271.0,855.0,7.8471
ACHR,2026-01-02 17:20:00+00:00,7.85,7.89,7.84,7.87,364566.0,945.0,7.865898
ACHR,2026-01-02 17:25:00+00:00,7.875,7.8787,7.84,7.855,287319.0,833.0,7.857004
ACHR,2026-01-02 17:30:00+00:00,7.8599,7.87,7.82,7.83,535626.0,989.0,7.845367
ACHR,2026-01-02 17:35:00+00:00,7.8299,7.8555,7.82,7.85,493098.0,871.0,7.84153
ACHR,2026-01-02 17:40:00+00:00,7.85,7.87,7.8423,7.86,376107.0,896.0,7.858278
ACHR,2026-01-02 17:45:00+00:00,7.855,7.866,7.82,7.825,492232.0,978.0,7.840004
ACHR,2026-01-02 17:50:00+00:00,7.825,7.83,7.81,7.825,258461.0,662.0,7.817647
ACHR,2026-01-02 17:55:00+00:00,7.825,7.8465,7.82,7.845,259765.0,720.0,7.832149
ACHR,2026-01-02 18:00:00+00:00,7.8427,7.85,7.82,7.825,322623.0,672.0,7.835402
ACHR,2026-01-02 18:05:00+00:00,7.825,7.84,7.81,7.8158,293760.0,671.0,7.826223
ACHR,2026-01-02 18:10:00+00:00,7.815,7.825,7.8,7.81,159393.0,681.0,7.814459
ACHR,2026-01-02 18:15:00+00:00,7.805,7.835,7.79,7.835,238530.0,732.0,7.813426
ACHR,2026-01-02 18:20:00+00:00,7.8317,7.85,7.824,7.83,326486.0,679.0,7.836166
ACHR,2026-01-02 18:25:00+00:00,7.835,7.85,7.82,7.846,193879.0,616.0,7.833334
ACHR,2026-01-02 18:30:00+00:00,7.845,7.88,7.835,7.86,1522212.0,911.0,7.848677
ACHR,2026-01-02 18:35:00+00:00,7.86,7.8786,7.84,7.865,306318.0,780.0,7.861692
ACHR,2026-01-02 18:40:00+00:00,7.865,7.88,7.86,7.875,269248.0,764.0,7.868683
ACHR,2026-01-02 18:45:00+00:00,7.875,7.9,7.85,7.85,404863.0,1042.0,7.87573
ACHR,2026-01-02 18:50:00+00:00,7.8472,7.8499,7.82,7.83,331768.0,725.0,7.833762
ACHR,2026-01-02 18:55:00+00:00,7.8332,7.86,7.83,7.86,261605.0,670.0,7.843046
ACHR,2026-01-02 19:00:00+00:00,7.86,7.88,7.85,7.875,234538.0,734.0,7.870201
ACHR,2026-01-02 19:05:00+00:00,7.875,7.94,7.875,7.94,490683.0,1136.0,7.906669
ACHR,2026-01-02 19:10:00+00:00,7.935,7.98,7.9345,7.9675,414101.0,1386.0,7.959814
ACHR,2026-01-02 19:15:00+00:00,7.965,7.99,7.95,7.965,401224.0,981.0,7.972386
ACHR,2026-01-02 19:20:00+00:00,7.96,7.98,7.95,7.975,187704.0,767.0,7.963776
ACHR,2026-01-02 19:25:00+00:00,7.9702,7.98,7.9601,7.975,293188.0,862.0,7.972313
ACHR,2026-01-02 19:30:00+00:00,7.9761,8.04,7.9761,8.035,1055474.0,1537.0,8.007463
ACHR,2026-01-02 19:35:00+00:00,8.035,8.04,8.0,8.01,548485.0,1210.0,8.014651
ACHR,2026-01-02 19:40:00+00:00,8.0099,8.02,7.99,7.995,288814.0,953.0,8.003587
ACHR,2026-01-02 19:45:00+00:00,7.995,8.02,7.97,7.9845,381981.0,965.0,7.989852
ACHR,2026-01-02 19:50:00+00:00,7.99,7.99,7.955,7.96,319967.0,801.0,7.970919
ACHR,2026-01-02 19:55:00+00:00,7.9561,7.99,7.9514,7.985,572867.0,852.0,7.978496
ACHR,2026-01-02 20:00:00+00:00,7.985,8.0,7.9725,7.995,278134.0,778.0,7.985601
ACHR,2026-01-02 20:05:00+00:00,7.99,8.005,7.98,7.99,435088.0,819.0,7.992551
ACHR,2026-01-02 20:10:00+00:00,7.995,8.02,7.99,8.02,305766.0,795.0,8.004227
ACHR,2026-01-02 20:15:00+00:00,8.02,8.035,8.01,8.03,320926.0,948.0,8.022517
ACHR,2026-01-02 20:20:00+00:00,8.0299,8.03,8.01,8.025,411584.0,959.0,8.021856
ACHR,2026-01-02 20:25:00+00:00,8.025,8.06,8.02,8.026,624818.0,1360.0,8.041961
ACHR,2026-01-02 20:30:00+00:00,8.025,8.05,8.015,8.05,413015.0,1157.0,8.032515
ACHR,2026-01-02 20:35:00+00:00,8.05,8.08,8.04,8.065,638205.0,1180.0,8.061653
ACHR,2026-01-02 20:40:00+00:00,8.065,8.08,8.06,8.065,518078.0,1247.0,8.0695
ACHR,2026-01-02 20:45:00+00:00,8.0622,8.08,8.05,8.06,628904.0,1490.0,8.063938
ACHR,2026-01-02 20:50:00+00:00,8.06,8.09,8.03,8.0719,1324619.0,2377.0,8.062994
ACHR,2026-01-02 20:55:00+00:00,8.07,8.16,8.05,8.15,1814985.0,4378.0,8.106029
ACHR,2026-01-02 21:00:00+00:00,8.15,8.21,8.1,8.12,3952121.0,333.0,8.131419
ACHR,2026-01-02 21:05:00+00:00,8.12,8.15,8.12,8.13,12131.0,38.0,8.130934
ACHR,2026-01-02 21:10:00+00:00,8.15,8.15,8.13,8.15,10415.0,62.0,8.139238
ACHR,2026-01-02 21:15:00+00:00,8.1303,8.15,8.1303,8.14,3033.0,44.0,8.141587
ACHR,2026-01-02 21:20:00+00:00,8.14,8.14,8.13,8.14,10641.0,59.0,8.13128
ACHR,2026-01-02 21:25:00+00:00,8.13,8.14,8.13,8.14,2718.0,25.0,8.134764
ACHR,2026-01-02 21:30:00+00:00,8.1384,8.14,8.12,8.12,8500.0,52.0,8.126265
ACHR,2026-01-02 21:35:00+00:00,8.12,8.13,8.11,8.11,6595.0,38.0,8.12258
ACHR,2026-01-02 21:40:00+00:00,8.101,8.13,8.1,8.1038,3389.0,34.0,8.10617
ACHR,2026-01-02 21:45:00+00:00,8.1193,8.1193,8.1,8.1,1196.0,13.0,8.102651
ACHR,2026-01-02 21:50:00+00:00,8.1,8.13,8.1,8.13,1045.0,19.0,8.117143
ACHR,2026-01-02 21:55:00+00:00,8.13,8.13,8.11,8.11,1389.0,20.0,8.115978
ACHR,2026-01-02 22:00:00+00:00,8.1048,8.1048,8.1,8.1,2272.0,12.0,8.100505
ACHR,2026-01-02 22:05:00+00:00,8.11,8.13,8.11,8.13,3880.0,17.0,8.114065
ACHR,2026-01-02 22:10:00+00:00,8.13,8.13,8.12,8.12,2325.0,15.0,8.128943
ACHR,2026-01-02 22:15:00+00:00,8.12,8.13,8.12,8.1216,4933.0,32.0,8.125197
ACHR,2026-01-02 22:20:00+00:00,8.12,8.13,8.12,8.13,4034.0,28.0,8.127755
ACHR,2026-01-02 22:25:00+00:00,8.12,8.12,8.1032,8.1032,4501.0,32.0,8.109872
ACHR,2026-01-02 22:30:00+00:00,8.1,8.12,8.1,8.12,1219.0,11.0,8.117292
ACHR,2026-01-02 22:35:00+00:00,8.1,8.11,8.1,8.11,3128.0,6.0,8.100323
ACHR,2026-01-02 22:40:00+00:00,8.11,8.11,8.1,8.1,1754.0,18.0,8.102496
ACHR,2026-01-02 22:45:00+00:00,8.1,8.1195,8.1,8.1102,11706.0,26.0,8.108276
ACHR,2026-01-02 22:50:00+00:00,8.12,8.12,8.1,8.12,1914.0,12.0,8.114954
ACHR,2026-01-02 22:55:00+00:00,8.09,8.11,8.09,8.11,1451.0,7.0,8.102661
ACHR,2026-01-02 23:00:00+00:00,8.11,8.12,8.11,8.12,2400.0,14.0,8.118194
ACHR,2026-01-02 23:05:00+00:00,8.13,8.13,8.11,8.11,2272.0,12.0,8.11996
ACHR,2026-01-02 23:10:00+00:00,8.11,8.11,8.11,8.11,606.0,9.0,8.11
ACHR,2026-01-02 23:15:00+00:00,8.1197,8.12,8.11,8.11,3425.0,15.0,8.112132
ACHR,2026-01-02 23:20:00+00:00,8.11,8.1199,8.11,8.1199,7996.0,5.0,8.110125
ACHR,2026-01-02 23:25:00+00:00,8.12,8.13,8.1199,8.12,3977.0,22.0,8.122581
ACHR,2026-01-02 23:30:00+00:00,8.12,8.13,8.12,8.1201,7485.0,18.0,8.120651
ACHR,2026-01-02 23:35:00+00:00,8.1201,8.1201,8.1201,8.1201,303.0,6.0,8.1201
ACHR,2026-01-02 23:45:00+00:00,8.13,8.13,8.13,8.13,8540.0,31.0,8.13
ACHR,2026-01-02 23:50:00+00:00,8.1302,8.1302,8.13,8.13,363.0,6.0,8.130086
ACHR,2026-01-02 23:55:00+00:00,8.13,8.14,8.13,8.14,1215.0,12.0,8.133519
ACHR,2026-01-03 00:00:00+00:00,8.14,8.14,8.13,8.1368,4111.0,19.0,8.137413
ACHR,2026-01-03 00:05:00+00:00,8.1201,8.14,8.12,8.1394,2409.0,13.0,8.126348
ACHR,2026-01-03 00:10:00+00:00,8.12,8.12,8.11,8.12,3711.0,50.0,8.112088
ACHR,2026-01-03 00:15:00+00:00,8.12,8.13,8.12,8.13,995.0,11.0,8.125357
ACHR,2026-01-03 00:20:00+00:00,8.13,8.13,8.1299,8.13,1234.0,6.0,8.129967
ACHR,2026-01-03 00:25:00+00:00,8.12,8.1297,8.12,8.1297,251.0,3.0,8.12388
ACHR,2026-01-03 00:30:00+00:00,8.13,8.13,8.1201,8.13,3502.0,23.0,8.129607
ACHR,2026-01-03 00:35:00+00:00,8.14,8.14,8.13,8.13,494.0,12.0,8.13554
ACHR,2026-01-03 00:40:00+00:00,8.13,8.13,8.1295,8.1295,3780.0,18.0,8.129792
ACHR,2026-01-03 00:45:00+00:00,8.11,8.1393,8.11,8.13,904.0,13.0,8.12051
ACHR,2026-01-03 00:50:00+00:00,8.1398,8.14,8.11,8.13,46452.0,89.0,8.113291
ACHR,2026-01-03 00:55:00+00:00,8.14,8.14,8.13,8.13,1349.0,16.0,8.135064
ACHR,2026-01-05 09:00:00+00:00,8.16,8.18,8.14,8.16,7240.0,127.0,8.168696
ACHR,2026-01-05 09:10:00+00:00,8.16,8.16,8.16,8.16,888.0,21.0,8.16
ACHR,2026-01-05 09:20:00+00:00,8.16,8.16,8.15,8.15,1301.0,32.0,8.154286
ACHR,2026-01-05 09:25:00+00:00,8.14,8.14,8.12,8.12,11998.0,133.0,8.136469
ACHR,2026-01-05 09:30:00+00:00,8.14,8.15,8.14,8.15,1838.0,19.0,8.148462
ACHR,2026-01-05 09:35:00+00:00,8.16,8.16,8.16,8.16,1553.0,19.0,8.16
ACHR,2026-01-05 09:40:00+00:00,8.15,8.15,8.15,8.15,132.0,3.0,8.15
ACHR,2026-01-05 09:45:00+00:00,8.16,8.17,8.16,8.16,1551.0,21.0,8.163027
ACHR,2026-01-05 09:55:00+00:00,8.16,8.16,8.15,8.15,247.0,5.0,8.155
ACHR,2026-01-05 10:00:00+00:00,8.14,8.14,8.14,8.14,3468.0,65.0,8.14
ACHR,2026-01-05 10:05:00+00:00,8.13,8.14,8.13,8.14,489.0,5.0,8.136667
ACHR,2026-01-05 10:10:00+00:00,8.14,8.14,8.14,8.14,664.0,9.0,8.14
ACHR,2026-01-05 10:15:00+00:00,8.16,8.16,8.15,8.16,2527.0,22.0,8.159096
ACHR,2026-01-05 10:40:00+00:00,8.16,8.17,8.16,8.16,2124.0,26.0,8.164722
ACHR,2026-01-05 10:45:00+00:00,8.16,8.16,8.16,8.16,1419.0,31.0,8.16
ACHR,2026-01-05 10:55:00+00:00,8.17,8.17,8.17,8.17,210.0,5.0,8.17
ACHR,2026-01-05 11:00:00+00:00,8.17,8.17,8.16,8.16,849.0,21.0,8.166
ACHR,2026-01-05 11:05:00+00:00,8.165,8.17,8.165,8.17,4028.0,40.0,8.168738
ACHR,2026-01-05 11:10:00+00:00,8.16,8.16,8.15,8.16,1200.0,31.0,8.155645
ACHR,2026-01-05 11:15:00+00:00,8.15,8.15,8.15,8.15,1500.0,13.0,8.15
ACHR,2026-01-05 11:20:00+00:00,8.16,8.17,8.16,8.17,524.0,14.0,8.167207
ACHR,2026-01-05 11:25:00+00:00,8.18,8.18,8.18,8.18,1763.0,23.0,8.18
ACHR,2026-01-05 11:30:00+00:00,8.18,8.19,8.18,8.19,812.0,12.0,8.18681
ACHR,2026-01-05 11:35:00+00:00,8.18,8.18,8.18,8.18,431.0,7.0,8.18
ACHR,2026-01-05 11:40:00+00:00,8.18,8.18,8.18,8.18,2333.0,26.0,8.18
ACHR,2026-01-05 11:45:00+00:00,8.18,8.18,8.18,8.18,447.0,11.0,8.18
ACHR,2026-01-05 11:50:00+00:00,8.18,8.18,8.18,8.18,604.0,9.0,8.18
ACHR,2026-01-05 12:00:00+00:00,8.17,8.17,8.15,8.17,19302.0,80.0,8.162403
ACHR,2026-01-05 12:05:00+00:00,8.16,8.189,8.16,8.18,7139.0,55.0,8.173996
ACHR,2026-01-05 12:10:00+00:00,8.18,8.18,8.18,8.18,4530.0,42.0,8.18
ACHR,2026-01-05 12:15:00+00:00,8.19,8.19,8.18,8.19,10427.0,73.0,8.189353
ACHR,2026-01-05 12:20:00+00:00,8.2,8.21,8.2,8.21,6650.0,67.0,8.206449
ACHR,2026-01-05 12:25:00+00:00,8.2,8.2,8.2,8.2,1313.0,13.0,8.2
ACHR,2026-01-05 12:30:00+00:00,8.19,8.19,8.19,8.19,1618.0,12.0,8.19
ACHR,2026-01-05 12:35:00+00:00,8.19,8.2,8.19,8.2,1228.0,15.0,8.195051
ACHR,2026-01-05 12:40:00+00:00,8.19,8.19,8.17,8.17,687.0,17.0,8.176667
ACHR,2026-01-05 12:45:00+00:00,8.18,8.18,8.17,8.17,709.0,10.0,8.172
ACHR,2026-01-05 12:50:00+00:00,8.18,8.185,8.18,8.185,605.0,10.0,8.18114
ACHR,2026-01-05 12:55:00+00:00,8.19,8.19,8.18,8.18,2540.0,27.0,8.185818
ACHR,2026-01-05 13:00:00+00:00,8.1799,8.23,8.13,8.16,122406.0,702.0,8.1843
ACHR,2026-01-05 13:05:00+00:00,8.18,8.19,8.16,8.19,13658.0,37.0,8.183239
ACHR,2026-01-05 13:10:00+00:00,8.1898,8.19,8.17,8.17,9316.0,40.0,8.18738
ACHR,2026-01-05 13:15:00+00:00,8.17,8.1796,8.1688,8.1688,7328.0,42.0,8.171042
ACHR,2026-01-05 13:20:00+00:00,8.16,8.1605,8.15,8.1605,6389.0,69.0,8.158567
ACHR,2026-01-05 13:25:00+00:00,8.16,8.1699,8.15,8.1699,9706.0,86.0,8.160023
ACHR,2026-01-05 13:30:00+00:00,8.1689,8.1689,8.15,8.1532,29012.0,67.0,8.1507
ACHR,2026-01-05 13:35:00+00:00,8.151,8.17,8.15,8.17,5116.0,33.0,8.163962
ACHR,2026-01-05 13:40:00+00:00,8.17,8.17,8.15,8.17,12208.0,100.0,8.161576
ACHR,2026-01-05 13:45:00+00:00,8.18,8.1896,8.17,8.18,12561.0,98.0,8.179921
ACHR,2026-01-05 13:50:00+00:00,8.18,8.18,8.17,8.17,20050.0,76.0,8.170774
ACHR,2026-01-05 13:55:00+00:00,8.17,8.18,8.15,8.16,13091.0,115.0,8.170637
ACHR,2026-01-05 14:00:00+00:00,8.17,8.2,8.16,8.19,23655.0,135.0,8.175964
ACHR,2026-01-05 14:05:00+00:00,8.18,8.19,8.17,8.17,6812.0,76.0,8.180044
ACHR,2026-01-05 14:10:00+00:00,8.1875,8.1892,8.17,8.18,6103.0,137.0,8.182738
ACHR,2026-01-05 14:15:00+00:00,8.1892,8.19,8.1797,8.18,7265.0,66.0,8.186977
ACHR,2026-01-05 14:20:00+00:00,8.19,8.2,8.18,8.2,20436.0,133.0,8.193854
ACHR,2026-01-05 14:25:00+00:00,8.19,8.24,8.15,8.24,49470.0,286.0,8.180601
ACHR,2026-01-05 14:30:00+00:00,8.25,8.31,8.18,8.25,1177093.0,3891.0,8.255886
ACHR,2026-01-05 14:35:00+00:00,8.255,8.33,8.181,8.325,707473.0,2774.0,8.25316
ACHR,2026-01-05 14:40:00+00:00,8.3214,8.48,8.2701,8.4355,918854.0,2521.0,8.399591
ACHR,2026-01-05 14:45:00+00:00,8.435,8.46,8.39,8.415,672065.0,2452.0,8.422723
ACHR,2026-01-05 14:50:00+00:00,8.4151,8.43,8.35,8.355,407022.0,1674.0,8.391818
ACHR,2026-01-05 14:55:00+00:00,8.355,8.42,8.345,8.375,321977.0,1274.0,8.379796
ACHR,2026-01-05 15:00:00+00:00,8.38,8.5,8.3601,8.495,578749.0,2276.0,8.428813
ACHR,2026-01-05 15:05:00+00:00,8.492,8.51,8.445,8.4701,673308.0,2188.0,8.477166
ACHR,2026-01-05 15:10:00+00:00,8.47,8.48,8.4,8.435,443188.0,1423.0,8.442043
ACHR,2026-01-05 15:15:00+00:00,8.435,8.51,8.42,8.5,713402.0,1672.0,8.47366
ACHR,2026-01-05 15:20:00+00:00,8.5,8.545,8.4845,8.505,694922.0,1801.0,8.505683
ACHR,2026-01-05 15:25:00+00:00,8.51,8.51,8.46,8.465,607070.0,1425.0,8.485615
ACHR,2026-01-05 15:30:00+00:00,8.465,8.49,8.45,8.455,625675.0,1442.0,8.467376
ACHR,2026-01-05 15:35:00+00:00,8.455,8.51,8.44,8.47,518943.0,1211.0,8.478564
ACHR,2026-01-05 15:40:00+00:00,8.475,8.49,8.454,8.465,593692.0,1106.0,8.473325
ACHR,2026-01-05 15:45:00+00:00,8.4601,8.49,8.45,8.45,423617.0,916.0,8.470509
ACHR,2026-01-05 15:50:00+00:00,8.4501,8.47,8.43,8.445,612945.0,1148.0,8.450957
ACHR,2026-01-05 15:55:00+00:00,8.445,8.57,8.43,8.5644,1226920.0,1617.0,8.50146
ACHR,2026-01-05 16:00:00+00:00,8.57,8.62,8.5,8.6123,2382845.0,2481.0,8.567922
ACHR,2026-01-05 16:05:00+00:00,8.615,8.66,8.6,8.616,1292566.0,1966.0,8.624116
ACHR,2026-01-05 16:10:00+00:00,8.6179,8.62,8.57,8.585,736768.0,1209.0,8.58927
ACHR,2026-01-05 16:15:00+00:00,8.585,8.605,8.56,8.59,1070513.0,1521.0,8.587351
ACHR,2026-01-05 16:20:00+00:00,8.595,8.61,8.57,8.575,887908.0,1264.0,8.589568
ACHR,2026-01-05 16:25:00+00:00,8.5797,8.59,8.57,8.5837,608348.0,1006.0,8.581419
ACHR,2026-01-05 16:30:00+00:00,8.585,8.585,8.495,8.4957,1316918.0,1607.0,8.535268
ACHR,2026-01-05 16:35:00+00:00,8.4961,8.59,8.49,8.575,1174204.0,1392.0,8.543689
ACHR,2026-01-05 16:40:00+00:00,8.575,8.64,8.57,8.59,881745.0,1395.0,8.608886
ACHR,2026-01-05 16:45:00+00:00,8.59,8.62,8.58,8.605,1001266.0,1233.0,8.605472
ACHR,2026-01-05 16:50:00+00:00,8.6086,8.62,8.59,8.615,538374.0,814.0,8.604605
ACHR,2026-01-05 16:55:00+00:00,8.615,8.62,8.58,8.585,436795.0,857.0,8.598651
ACHR,2026-01-05 17:00:00+00:00,8.5845,8.595,8.57,8.59,425613.0,933.0,8.582939
ACHR,2026-01-05 17:05:00+00:00,8.585,8.6,8.55,8.59,290576.0,1058.0,8.572111
ACHR,2026-01-05 17:10:00+00:00,8.595,8.62,8.585,8.61,538354.0,1045.0,8.611046
ACHR,2026-01-05 17:15:00+00:00,8.615,8.635,8.61,8.612,487124.0,1042.0,8.624303
ACHR,2026-01-05 17:20:00+00:00,8.615,8.625,8.59,8.605,390264.0,952.0,8.61057
ACHR,2026-01-05 17:25:00+00:00,8.605,8.6261,8.5923,8.625,474809.0,1076.0,8.612038
ACHR,2026-01-05 17:30:00+00:00,8.62,8.665,8.575,8.64,713132.0,1883.0,8.623634
ACHR,2026-01-05 17:35:00+00:00,8.6456,8.67,8.63,8.6651,673408.0,1345.0,8.653913
ACHR,2026-01-05 17:40:00+00:00,8.665,8.67,8.63,8.635,495079.0,1242.0,8.656758
ACHR,2026-01-05 17:45:00+00:00,8.635,8.665,8.63,8.635,410388.0,1084.0,8.648969
ACHR,2026-01-05 17:50:00+00:00,8.6345,8.64,8.62,8.635,341201.0,898.0,8.631728
ACHR,2026-01-05 17:55:00+00:00,8.635,8.635,8.62,8.625,369086.0,924.0,8.624974
ACHR,2026-01-05 18:00:00+00:00,8.625,8.635,8.61,8.6339,455578.0,1152.0,8.620335
ACHR,2026-01-05 18:05:00+00:00,8.6399,8.65,8.62,8.635,560716.0,993.0,8.634014
ACHR,2026-01-05 18:10:00+00:00,8.635,8.65,8.6345,8.645,316893.0,760.0,8.643323
ACHR,2026-01-05 18:15:00+00:00,8.6451,8.65,8.6,8.605,347581.0,874.0,8.622394
ACHR,2026-01-05 18:20:00+00:00,8.605,8.62,8.5929,8.62,364692.0,823.0,8.606361
ACHR,2026-01-05 18:25:00+00:00,8.62,8.646,8.61,8.6345,516759.0,955.0,8.626042
ACHR,2026-01-05 18:30:00+00:00,8.63,8.665,8.63,8.6506,532731.0,1031.0,8.651985
ACHR,2026-01-05 18:35:00+00:00,8.65,8.65,8.615,8.625,487277.0,1063.0,8.629569
ACHR,2026-01-05 18:40:00+00:00,8.6268,8.66,8.62,8.655,230205.0,643.0,8.636364
ACHR,2026-01-05 18:45:00+00:00,8.655,8.6757,8.63,8.6485,366204.0,1016.0,8.656567
ACHR,2026-01-05 18:50:00+00:00,8.645,8.675,8.64,8.675,452904.0,868.0,8.662748
ACHR,2026-01-05 18:55:00+00:00,8.675,8.69,8.6706,8.685,283136.0,715.0,8.682444
ACHR,2026-01-05 19:00:00+00:00,8.69,8.72,8.675,8.7145,526635.0,1162.0,8.699589
ACHR,2026-01-05 19:05:00+00:00,8.71,8.72,8.68,8.695,647251.0,1125.0,8.701188
ACHR,2026-01-05 19:10:00+00:00,8.69,8.7,8.67,8.6956,483012.0,1037.0,8.687097
ACHR,2026-01-05 19:15:00+00:00,8.6998,8.74,8.6901,8.735,537322.0,1137.0,8.713574
ACHR,2026-01-05 19:20:00+00:00,8.735,8.7399,8.72,8.7399,417286.0,1030.0,8.72923
ACHR,2026-01-05 19:25:00+00:00,8.735,8.8,8.73,8.79,1246414.0,1890.0,8.770451
ACHR,2026-01-05 19:30:00+00:00,8.8,8.82,8.79,8.815,529373.0,1210.0,8.803832
ACHR,2026-01-05 19:35:00+00:00,8.82,8.82,8.76,8.76,436853.0,1019.0,8.788364
ACHR,2026-01-05 19:40:00+00:00,8.76,8.76,8.74,8.74,414493.0,1166.0,8.751027
ACHR,2026-01-05 19:45:00+00:00,8.74,8.76,8.74,8.755,250946.0,902.0,8.753825
ACHR,2026-01-05 19:50:00+00:00,8.755,8.765,8.74,8.755,557961.0,1521.0,8.752771
ACHR,2026-01-05 19:55:00+00:00,8.76,8.81,8.754,8.79,872140.0,1534.0,8.783516
ACHR,2026-01-05 20:00:00+00:00,8.795,8.8,8.76,8.785,516594.0,1075.0,8.775612
ACHR,2026-01-05 20:05:00+00:00,8.785,8.8,8.67,8.6802,1670780.0,3177.0,8.724023
ACHR,2026-01-05 20:10:00+00:00,8.6855,8.7,8.675,8.6899,691200.0,1217.0,8.687777
ACHR,2026-01-05 20:15:00+00:00,8.68,8.69,8.62,8.6301,840286.0,1548.0,8.64614
ACHR,2026-01-05 20:20:00+00:00,8.63,8.65,8.62,8.645,566476.0,1264.0,8.636767
ACHR,2026-01-05 20:25:00+00:00,8.644,8.675,8.64,8.66,421421.0,1123.0,8.658579
ACHR,2026-01-05 20:30:00+00:00,8.66,8.665,8.61,8.6101,642334.0,1720.0,8.637969
ACHR,2026-01-05 20:35:00+00:00,8.61,8.62,8.555,8.565,901303.0,1962.0,8.586454
ACHR,2026-01-05 20:40:00+00:00,8.56,8.58,8.56,8.575,431330.0,1302.0,8.567405
ACHR,2026-01-05 20:45:00+00:00,8.5703,8.5855,8.54,8.545,630846.0,1814.0,8.567791
ACHR,2026-01-05 20:50:00+00:00,8.545,8.555,8.5202,8.535,988750.0,2572.0,8.539932
ACHR,2026-01-05 20:55:00+00:00,8.535,8.59,8.52,8.565,1802272.0,4634.0,8.552019
ACHR,2026-01-05 21:00:00+00:00,8.56,8.57,8.51,8.55,1407567.0,111.0,8.560023
ACHR,2026-01-05 21:05:00+00:00,8.5495,8.56,8.53,8.56,32924.0,62.0,8.543376
ACHR,2026-01-05 21:10:00+00:00,8.5572,8.56,8.53,8.53,5331.0,70.0,8.549804
ACHR,2026-01-05 21:15:00+00:00,8.54,8.56,8.54,8.56,14405.0,87.0,8.55705
ACHR,2026-01-05 21:20:00+00:00,8.55,8.56,8.55,8.56,3759.0,17.0,8.559253
ACHR,2026-01-05 21:25:00+00:00,8.5516,8.56,8.55,8.55,5972.0,46.0,8.550359
ACHR,2026-01-05 21:30:00+00:00,8.55,8.55,8.53,8.55,10637.0,14.0,8.53047
ACHR,2026-01-05 21:35:00+00:00,8.55,8.56,8.55,8.56,3497.0,22.0,8.559097
ACHR,2026-01-05 21:40:00+00:00,8.5516,8.56,8.55,8.55,3061.0,28.0,8.557507
ACHR,2026-01-05 21:45:00+00:00,8.5501,8.56,8.55,8.55,2592.0,25.0,8.551995
ACHR,2026-01-05 21:50:00+00:00,8.5468,8.56,8.5357,8.55,2252.0,18.0,8.552633
ACHR,2026-01-05 21:55:00+00:00,8.55,8.56,8.55,8.56,5314.0,50.0,8.553181
ACHR,2026-01-05 22:00:00+00:00,8.56,8.56,8.55,8.55,10354.0,60.0,8.558368
ACHR,2026-01-05 22:05:00+00:00,8.55,8.56,8.55,8.56,11393.0,21.0,8.550467
ACHR,2026-01-05 22:10:00+00:00,8.56,8.56,8.55,8.56,7277.0,21.0,8.559258
ACHR,2026-01-05 22:15:00+00:00,8.56,8.56,8.56,8.56,2445.0,14.0,8.56
ACHR,2026-01-05 22:20:00+00:00,8.55,8.56,8.55,8.5503,985.0,16.0,8.55123
ACHR,2026-01-05 22:25:00+00:00,8.5597,8.6,8.55,8.6,4259.0,34.0,8.557138
ACHR,2026-01-05 22:30:00+00:00,8.56,8.5907,8.56,8.59,1421.0,8.0,8.567846
ACHR,2026-01-05 22:35:00+00:00,8.5601,8.59,8.56,8.56,4745.0,30.0,8.562347
ACHR,2026-01-05 22:40:00+00:00,8.6,8.6,8.55,8.55,19697.0,17.0,8.560771
ACHR,2026-01-05 22:45:00+00:00,8.55,8.56,8.55,8.5501,5545.0,16.0,8.550367
ACHR,2026-01-05 22:50:00+00:00,8.55,8.56,8.55,8.55,7179.0,35.0,8.550955
ACHR,2026-01-05 22:55:00+00:00,8.56,8.58,8.56,8.58,1779.0,15.0,8.57375
ACHR,2026-01-05 23:00:00+00:00,8.5601,8.59,8.5601,8.59,1093.0,11.0,8.572267
ACHR,2026-01-05 23:05:00+00:00,8.59,8.59,8.5701,8.5701,1838.0,8.0,8.578944
ACHR,2026-01-05 23:10:00+00:00,8.57,8.58,8.57,8.58,1499.0,6.0,8.573284
ACHR,2026-01-05 23:15:00+00:00,8.59,8.59,8.55,8.5896,2107.0,23.0,8.57427
ACHR,2026-01-05 23:20:00+00:00,8.59,8.59,8.57,8.57,832.0,13.0,8.5824
ACHR,2026-01-05 23:25:00+00:00,8.55,8.55,8.55,8.55,2364.0,14.0,8.55
ACHR,2026-01-05 23:35:00+00:00,8.56,8.57,8.55,8.55,2495.0,30.0,8.557403
ACHR,2026-01-05 23:40:00+00:00,8.55,8.57,8.55,8.56,3492.0,23.0,8.556747
ACHR,2026-01-05 23:45:00+00:00,8.5597,8.56,8.55,8.55,353.0,5.0,8.556423
ACHR,2026-01-05 23:50:00+00:00,8.56,8.56,8.55,8.55,14790.0,7.0,8.559491
ACHR,2026-01-05 23:55:00+00:00,8.56,8.56,8.55,8.5503,1183.0,8.0,8.552023
ACHR,2026-01-06 00:00:00+00:00,8.56,8.56,8.5502,8.56,3141.0,10.0,8.553643
ACHR,2026-01-06 00:05:00+00:00,8.5598,8.5598,8.55,8.55,1056.0,12.0,8.551026
ACHR,2026-01-06 00:10:00+00:00,8.5501,8.56,8.55,8.5503,2770.0,15.0,8.551489
ACHR,2026-01-06 00:15:00+00:00,8.55,8.5502,8.55,8.55,4179.0,18.0,8.550014
ACHR,2026-01-06 00:20:00+00:00,8.5699,8.57,8.5699,8.5699,2796.0,14.0,8.569937
ACHR,2026-01-06 00:25:00+00:00,8.57,8.57,8.5699,8.57,13464.0,9.0,8.569926
ACHR,2026-01-06 00:30:00+00:00,8.5601,8.57,8.56,8.5698,3170.0,21.0,8.568752
ACHR,2026-01-06 00:35:00+00:00,8.5687,8.57,8.5687,8.57,1006.0,10.0,8.56948
ACHR,2026-01-06 00:40:00+00:00,8.5699,8.5699,8.56,8.5699,3472.0,12.0,8.569434
ACHR,2026-01-06 00:45:00+00:00,8.57,8.57,8.5684,8.57,1068.0,7.0,8.569238
ACHR,2026-01-06 00:50:00+00:00,8.57,8.57,8.55,8.57,8095.0,23.0,8.56036
ACHR,2026-01-06 00:55:00+00:00,8.5691,8.58,8.5691,8.58,6245.0,15.0,8.574065
ACHR,2026-01-06 09:00:00+00:00,8.58,8.58,8.54,8.57,6176.0,66.0,8.559783
ACHR,2026-01-06 09:05:00+00:00,8.58,8.58,8.545,8.545,2203.0,22.0,8.561548
ACHR,2026-01-06 09:10:00+00:00,8.54,8.54,8.53,8.53,1451.0,19.0,8.536321
ACHR,2026-01-06 09:15:00+00:00,8.53,8.58,8.53,8.57,14910.0,127.0,8.563012
ACHR,2026-01-06 09:20:00+00:00,8.56,8.59,8.56,8.58,6072.0,44.0,8.569318
ACHR,2026-01-06 09:25:00+00:00,8.56,8.57,8.56,8.57,1848.0,20.0,8.567845
ACHR,2026-01-06 09:30:00+00:00,8.57,8.57,8.55,8.55,2107.0,38.0,8.554026
ACHR,2026-01-06 09:35:00+00:00,8.53,8.54,8.52,8.52,2693.0,51.0,8.53
ACHR,2026-01-06 09:50:00+00:00,8.52,8.54,8.52,8.53,4749.0,40.0,8.529991
ACHR,2026-01-06 10:05:00+00:00,8.53,8.54,8.53,8.54,707.0,17.0,8.532985
ACHR,2026-01-06 10:10:00+00:00,8.54,8.54,8.54,8.54,350.0,2.0,8.54
ACHR,2026-01-06 10:25:00+00:00,8.53,8.53,8.53,8.53,868.0,11.0,8.53
ACHR,2026-01-06 10:30:00+00:00,8.55,8.55,8.55,8.55,448.0,4.0,8.55
ACHR,2026-01-06 10:40:00+00:00,8.54,8.54,8.53,8.53,1305.0,16.0,8.539053
ACHR,2026-01-06 10:45:00+00:00,8.55,8.55,8.55,8.55,506.0,2.0,8.55
ACHR,2026-01-06 10:50:00+00:00,8.54,8.54,8.54,8.54,469.0,7.0,8.54
ACHR,2026-01-06 10:55:00+00:00,8.535,8.54,8.535,8.54,912.0,12.0,8.537177
ACHR,2026-01-06 11:00:00+00:00,8.55,8.55,8.55,8.55,205.0,2.0,8.55
ACHR,2026-01-06 11:05:00+00:00,8.54,8.54,8.54,8.54,206.0,3.0,8.54
ACHR,2026-01-06 11:20:00+00:00,8.55,8.56,8.55,8.55,7350.0,46.0,8.550508
ACHR,2026-01-06 11:30:00+00:00,8.56,8.56,8.56,8.56,400.0,1.0,8.56
ACHR,2026-01-06 11:40:00+00:00,8.56,8.56,8.56,8.56,778.0,9.0,8.56
ACHR,2026-01-06 11:45:00+00:00,8.56,8.56,8.56,8.56,308.0,3.0,8.56
ACHR,2026-01-06 11:55:00+00:00,8.57,8.57,8.56,8.56,1705.0,20.0,8.561519
ACHR,2026-01-06 12:00:00+00:00,8.56,8.58,8.56,8.56,4479.0,43.0,8.565282
ACHR,2026-01-06 12:05:00+00:00,8.57,8.57,8.57,8.57,2050.0,6.0,8.57
ACHR,2026-01-06 12:10:00+00:00,8.57,8.57,8.56,8.56,4058.0,16.0,8.56512
ACHR,2026-01-06 12:15:00+00:00,8.57,8.58,8.57,8.58,8875.0,29.0,8.57565
ACHR,2026-01-06 12:20:00+00:00,8.58,8.58,8.579,8.579,309.0,4.0,8.579663
ACHR,2026-01-06 12:25:00+00:00,8.58,8.58,8.58,8.58,300.0,5.0,8.58
ACHR,2026-01-06 12:30:00+00:00,8.57,8.57,8.56,8.57,2824.0,23.0,8.563804
ACHR,2026-01-06 12:35:00+00:00,8.56,8.56,8.56,8.56,6730.0,27.0,8.56
ACHR,2026-01-06 12:40:00+00:00,8.57,8.57,8.56,8.56,1526.0,22.0,8.562703
ACHR,2026-01-06 12:45:00+00:00,8.57,8.57,8.56,8.56,200.0,2.0,8.565
ACHR,2026-01-06 12:50:00+00:00,8.57,8.57,8.57,8.57,170.0,3.0,8.57
ACHR,2026-01-06 13:00:00+00:00,8.569,8.66,8.52,8.574,98918.0,611.0,8.577129
ACHR,2026-01-06 13:05:00+00:00,8.5601,8.5739,8.56,8.56,742.0,20.0,8.5648
ACHR,2026-01-06 13:10:00+00:00,8.57,8.5799,8.5609,8.5793,6251.0,46.0,8.572204
ACHR,2026-01-06 13:15:00+00:00,8.5605,8.5698,8.56,8.5698,945.0,16.0,8.564414
ACHR,2026-01-06 13:20:00+00:00,8.5698,8.57,8.56,8.56,3990.0,38.0,8.561829
ACHR,2026-01-06 13:25:00+00:00,8.56,8.57,8.56,8.57,6467.0,40.0,8.565771
ACHR,2026-01-06 13:30:00+00:00,8.57,8.57,8.56,8.57,13135.0,42.0,8.56708
ACHR,2026-01-06 13:35:00+00:00,8.57,8.57,8.55,8.56,28678.0,132.0,8.564998
ACHR,2026-01-06 13:40:00+00:00,8.57,8.57,8.56,8.569,11064.0,50.0,8.565544
ACHR,2026-01-06 13:45:00+00:00,8.56,8.57,8.55,8.56,8919.0,65.0,8.56165
ACHR,2026-01-06 13:50:00+00:00,8.55,8.55,8.52,8.5384,13226.0,127.0,8.531751
ACHR,2026-01-06 13:55:00+00:00,8.53,8.57,8.53,8.57,28625.0,178.0,8.559939
ACHR,2026-01-06 14:00:00+00:00,8.5601,8.5601,8.54,8.5501,7716.0,71.0,8.550736
ACHR,2026-01-06 14:05:00+00:00,8.5509,8.5795,8.54,8.57,12092.0,95.0,8.558479
ACHR,2026-01-06 14:10:00+00:00,8.57,8.58,8.57,8.5799,2042.0,39.0,8.574624
ACHR,2026-01-06 14:15:00+00:00,8.58,8.58,8.56,8.56,16554.0,79.0,8.569813
ACHR,2026-01-06 14:20:00+00:00,8.57,8.6,8.56,8.6,16512.0,137.0,8.583643
ACHR,2026-01-06 14:25:00+00:00,8.59,8.61,8.59,8.59,8313.0,84.0,8.598627
ACHR,2026-01-06 14:30:00+00:00,8.605,8.68,8.54,8.66,827067.0,3131.0,8.611961
ACHR,2026-01-06 14:35:00+00:00,8.6535,8.6855,8.59,8.664,460337.0,1732.0,8.631743
ACHR,2026-01-06 14:40:00+00:00,8.665,8.68,8.5901,8.6043,451268.0,1528.0,8.630406
ACHR,2026-01-06 14:45:00+00:00,8.6,8.61,8.47,8.555,753850.0,2421.0,8.546762
ACHR,2026-01-06 14:50:00+00:00,8.55,8.625,8.5427,8.59,381145.0,1441.0,8.59085
ACHR,2026-01-06 14:55:00+00:00,8.585,8.585,8.4844,8.54,555860.0,1577.0,8.529821
ACHR,2026-01-06 15:00:00+00:00,8.53,8.56,8.5,8.53,394969.0,1566.0,8.529251
ACHR,2026-01-06 15:05:00+00:00,8.5301,8.61,8.5201,8.6,434411.0,1315.0,8.589973
ACHR,2026-01-06 15:10:00+00:00,8.61,8.61,8.52,8.5446,411060.0,1344.0,8.559201
ACHR,2026-01-06 15:15:00+00:00,8.545,8.5794,8.535,8.57,307523.0,1070.0,8.556291
ACHR,2026-01-06 15:20:00+00:00,8.565,8.6055,8.53,8.599,481092.0,1144.0,8.568978
ACHR,2026-01-06 15:25:00+00:00,8.6,8.63,8.585,8.625,483181.0,1085.0,8.608662
ACHR,2026-01-06 15:30:00+00:00,8.625,8.65,8.61,8.6299,441805.0,1193.0,8.629773
ACHR,2026-01-06 15:35:00+00:00,8.63,8.63,8.585,8.61,265136.0,1029.0,8.613414
ACHR,2026-01-06 15:40:00+00:00,8.61,8.62,8.59,8.6101,415007.0,973.0,8.60712
ACHR,2026-01-06 15:45:00+00:00,8.61,8.675,8.6,8.6546,1215861.0,1636.0,8.642536
ACHR,2026-01-06 15:50:00+00:00,8.655,8.68,8.65,8.66,565366.0,1005.0,8.665515
ACHR,2026-01-06 15:55:00+00:00,8.665,8.7,8.65,8.695,417379.0,990.0,8.68104
ACHR,2026-01-06 16:00:00+00:00,8.695,8.705,8.66,8.6845,861783.0,1810.0,8.682529
ACHR,2026-01-06 16:05:00+00:00,8.6815,8.7,8.67,8.685,803259.0,1430.0,8.69112
ACHR,2026-01-06 16:10:00+00:00,8.69,8.7,8.67,8.68,355343.0,903.0,8.685223
ACHR,2026-01-06 16:15:00+00:00,8.685,8.69,8.6633,8.675,307604.0,1129.0,8.679199
ACHR,2026-01-06 16:20:00+00:00,8.675,8.7,8.66,8.66,380904.0,1130.0,8.681779
ACHR,2026-01-06 16:25:00+00:00,8.6618,8.6699,8.62,8.65,692204.0,1202.0,8.640852
ACHR,2026-01-06 16:30:00+00:00,8.645,8.646,8.6,8.605,818063.0,1292.0,8.626892
ACHR,2026-01-06 16:35:00+00:00,8.605,8.6256,8.575,8.58,540136.0,1309.0,8.597365
ACHR,2026-01-06 16:40:00+00:00,8.5801,8.61,8.58,8.61,406660.0,1006.0,8.596395
ACHR,2026-01-06 16:45:00+00:00,8.605,8.61,8.59,8.605,405137.0,849.0,8.597632
ACHR,2026-01-06 16:50:00+00:00,8.605,8.62,8.595,8.605,387786.0,964.0,8.605184
ACHR,2026-01-06 16:55:00+00:00,8.605,8.62,8.59,8.615,327251.0,926.0,8.602821
ACHR,2026-01-06 17:00:00+00:00,8.615,8.62,8.6,8.6068,308919.0,865.0,8.610142
ACHR,2026-01-06 17:05:00+00:00,8.6054,8.64,8.6,8.635,426004.0,952.0,8.620408
ACHR,2026-01-06 17:10:00+00:00,8.635,8.64,8.605,8.6054,366640.0,1041.0,8.625866
ACHR,2026-01-06 17:15:00+00:00,8.6099,8.62,8.575,8.575,327794.0,974.0,8.600701
ACHR,2026-01-06 17:20:00+00:00,8.575,8.6,8.57,8.59,380897.0,922.0,8.586704
ACHR,2026-01-06 17:25:00+00:00,8.595,8.6,8.57,8.585,338184.0,861.0,8.586222
ACHR,2026-01-06 17:30:00+00:00,8.59,8.595,8.57,8.575,280399.0,829.0,8.583082
ACHR,2026-01-06 17:35:00+00:00,8.575,8.585,8.57,8.575,292980.0,694.0,8.577813
ACHR,2026-01-06 17:40:00+00:00,8.575,8.5775,8.54,8.57,332584.0,1083.0,8.558031
ACHR,2026-01-06 17:45:00+00:00,8.565,8.576,8.55,8.565,430541.0,944.0,8.562601
ACHR,2026-01-06 17:50:00+00:00,8.565,8.58,8.55,8.57,330124.0,931.0,8.568621
ACHR,2026-01-06 17:55:00+00:00,8.575,8.58,8.555,8.555,235695.0,752.0,8.565418
ACHR,2026-01-06 18:00:00+00:00,8.555,8.56,8.51,8.515,342086.0,905.0,8.536484
ACHR,2026-01-06 18:05:00+00:00,8.515,8.52,8.49,8.505,470362.0,1315.0,8.502804
ACHR,2026-01-06 18:10:00+00:00,8.5062,8.55,8.505,8.545,323946.0,829.0,8.525933
ACHR,2026-01-06 18:15:00+00:00,8.55,8.58,8.5425,8.575,408683.0,1035.0,8.561536
ACHR,2026-01-06 18:20:00+00:00,8.575,8.575,8.525,8.53,278832.0,712.0,8.542343
ACHR,2026-01-06 18:25:00+00:00,8.535,8.58,8.52,8.58,413201.0,941.0,8.542919
ACHR,2026-01-06 18:30:00+00:00,8.57,8.5755,8.55,8.565,393067.0,813.0,8.565903
ACHR,2026-01-06 18:35:00+00:00,8.565,8.575,8.545,8.555,398413.0,826.0,8.562453
ACHR,2026-01-06 18:40:00+00:00,8.555,8.5567,8.53,8.535,328603.0,800.0,8.541164
ACHR,2026-01-06 18:45:00+00:00,8.535,8.54,8.5,8.53,690671.0,1210.0,8.514019
ACHR,2026-01-06 18:50:00+00:00,8.525,8.56,8.52,8.56,372527.0,818.0,8.544668
ACHR,2026-01-06 18:55:00+00:00,8.555,8.56,8.54,8.555,269583.0,730.0,8.552045
ACHR,2026-01-06 19:00:00+00:00,8.555,8.5677,8.54,8.555,376693.0,917.0,8.55341
ACHR,2026-01-06 19:05:00+00:00,8.5546,8.6,8.5546,8.595,274376.0,688.0,8.580465
ACHR,2026-01-06 19:10:00+00:00,8.595,8.65,8.59,8.65,410457.0,938.0,8.619635
ACHR,2026-01-06 19:15:00+00:00,8.6474,8.705,8.64,8.685,770975.0,1401.0,8.683198
ACHR,2026-01-06 19:20:00+00:00,8.68,8.7,8.675,8.695,497067.0,1029.0,8.686028
ACHR,2026-01-06 19:25:00+00:00,8.695,8.71,8.67,8.6801,624215.0,1214.0,8.691972
ACHR,2026-01-06 19:30:00+00:00,8.68,8.705,8.68,8.685,467038.0,1032.0,8.693958
ACHR,2026-01-06 19:35:00+00:00,8.6889,8.7,8.67,8.675,340743.0,930.0,8.688888
ACHR,2026-01-06 19:40:00+00:00,8.675,8.68,8.65,8.665,309167.0,934.0,8.663322
ACHR,2026-01-06 19:45:00+00:00,8.6643,8.68,8.66,8.675,307686.0,749.0,8.669841
ACHR,2026-01-06 19:50:00+00:00,8.675,8.68,8.66,8.67,374063.0,1062.0,8.670263
ACHR,2026-01-06 19:55:00+00:00,8.67,8.68,8.65,8.675,291878.0,789.0,8.665498
ACHR,2026-01-06 20:00:00+00:00,8.675,8.72,8.675,8.715,495926.0,1155.0,8.698203
ACHR,2026-01-06 20:05:00+00:00,8.715,8.74,8.71,8.73,473071.0,1144.0,8.723144
ACHR,2026-01-06 20:10:00+00:00,8.732,8.75,8.72,8.7401,541832.0,1270.0,8.732824
ACHR,2026-01-06 20:15:00+00:00,8.7401,8.7999,8.74,8.795,755010.0,1445.0,8.768723
ACHR,2026-01-06 20:20:00+00:00,8.79,8.81,8.785,8.795,813200.0,1628.0,8.796929
ACHR,2026-01-06 20:25:00+00:00,8.795,8.835,8.79,8.835,548207.0,1561.0,8.81479
ACHR,2026-01-06 20:30:00+00:00,8.83,8.84,8.8145,8.815,566223.0,1382.0,8.82963
ACHR,2026-01-06 20:35:00+00:00,8.815,8.855,8.815,8.8229,830757.0,1688.0,8.83925
ACHR,2026-01-06 20:40:00+00:00,8.823,8.85,8.81,8.84,803759.0,1362.0,8.831488
ACHR,2026-01-06 20:45:00+00:00,8.84,8.88,8.83,8.865,861675.0,2262.0,8.852781
ACHR,2026-01-06 20:50:00+00:00,8.87,8.875,8.79,8.845,1051503.0,2779.0,8.818027
ACHR,2026-01-06 20:55:00+00:00,8.85,8.85,8.8,8.83,1548730.0,4206.0,8.82657
ACHR,2026-01-06 21:00:00+00:00,8.82,8.83,8.76,8.8,1768296.0,244.0,8.819616
ACHR,2026-01-06 21:05:00+00:00,8.8,8.8,8.79,8.79,4611.0,49.0,8.798887
ACHR,2026-01-06 21:10:00+00:00,8.8,8.84,8.7999,8.8101,14730.0,126.0,8.826675
ACHR,2026-01-06 21:15:00+00:00,8.81,8.82,8.76,8.8,17522.0,97.0,8.797436
ACHR,2026-01-06 21:20:00+00:00,8.8,8.8,8.79,8.79,2993.0,30.0,8.792447
ACHR,2026-01-06 21:25:00+00:00,8.8,8.8,8.79,8.8,5234.0,35.0,8.795431
ACHR,2026-01-06 21:30:00+00:00,8.8,8.8,8.79,8.8,7482.0,32.0,8.798036
ACHR,2026-01-06 21:35:00+00:00,8.7902,8.8,8.79,8.8,876.0,18.0,8.793339
ACHR,2026-01-06 21:40:00+00:00,8.79,8.81,8.78,8.81,41984.0,72.0,8.78604
ACHR,2026-01-06 21:45:00+00:00,8.7928,8.8,8.79,8.79,2217.0,36.0,8.794869
ACHR,2026-01-06 21:50:00+00:00,8.79,8.79,8.7884,8.79,1793.0,34.0,8.789627
ACHR,2026-01-06 21:55:00+00:00,8.78,8.8,8.78,8.8,1705.0,20.0,8.787909
ACHR,2026-01-06 22:00:00+00:00,8.79,8.79,8.77,8.7757,6431.0,43.0,8.776032
ACHR,2026-01-06 22:05:00+00:00,8.8,8.8,8.78,8.7803,3067.0,23.0,8.791168
ACHR,2026-01-06 22:10:00+00:00,8.8,8.8,8.79,8.8,2607.0,22.0,8.797077
ACHR,2026-01-06 22:15:00+00:00,8.8,8.8,8.8,8.8,331.0,7.0,8.8
ACHR,2026-01-06 22:20:00+00:00,8.78,8.78,8.78,8.78,3433.0,6.0,8.78
ACHR,2026-01-06 22:25:00+00:00,8.78,8.8,8.78,8.8,2635.0,33.0,8.799132
ACHR,2026-01-06 22:30:00+00:00,8.8,8.8,8.8,8.8,3584.0,10.0,8.8
ACHR,2026-01-06 22:35:00+00:00,8.8,8.8,8.79,8.79,3270.0,18.0,8.797582
ACHR,2026-01-06 22:40:00+00:00,8.8,8.8,8.79,8.8,700.0,9.0,8.795278
ACHR,2026-01-06 22:45:00+00:00,8.8,8.8,8.7997,8.7997,544.0,9.0,8.799801
ACHR,2026-01-06 22:50:00+00:00,8.7916,8.8,8.78,8.7997,9389.0,32.0,8.782252
ACHR,2026-01-06 22:55:00+00:00,8.8,8.8,8.78,8.79,2943.0,14.0,8.784997
ACHR,2026-01-06 23:00:00+00:00,8.79,8.79,8.79,8.79,160.0,1.0,8.79
ACHR,2026-01-06 23:05:00+00:00,8.79,8.79,8.7897,8.7899,952.0,12.0,8.789902
ACHR,2026-01-06 23:10:00+00:00,8.8,8.8,8.79,8.7902,1826.0,13.0,8.792798
ACHR,2026-01-06 23:15:00+00:00,8.79,8.8,8.79,8.7999,5082.0,31.0,8.793324
ACHR,2026-01-06 23:20:00+00:00,8.7999,8.8,8.7999,8.8,3354.0,32.0,8.799997
ACHR,2026-01-06 23:25:00+00:00,8.8,8.8,8.8,8.8,4869.0,11.0,8.8
ACHR,2026-01-06 23:30:00+00:00,8.7901,8.7901,8.79,8.7901,865.0,12.0,8.790083
ACHR,2026-01-06 23:35:00+00:00,8.79,8.8,8.79,8.8,793.0,4.0,8.793333
ACHR,2026-01-06 23:40:00+00:00,8.8,8.8,8.7808,8.7808,3238.0,44.0,8.79442
ACHR,2026-01-06 23:45:00+00:00,8.79,8.79,8.78,8.79,1284.0,13.0,8.789128
ACHR,2026-01-06 23:50:00+00:00,8.7901,8.7902,8.7901,8.7902,301.0,8.0,8.79014
ACHR,2026-01-06 23:55:00+00:00,8.79,8.8,8.79,8.8,2080.0,11.0,8.791496
ACHR,2026-01-07 00:00:00+00:00,8.8,8.81,8.79,8.81,7462.0,19.0,8.802436
ACHR,2026-01-07 00:05:00+00:00,8.8,8.82,8.79,8.8184,17042.0,24.0,8.810087
ACHR,2026-01-07 00:10:00+00:00,8.8197,8.8197,8.8,8.8,1306.0,5.0,8.80394
ACHR,2026-01-07 00:20:00+00:00,8.8003,8.82,8.8,8.82,3334.0,10.0,8.812822
ACHR,2026-01-07 00:25:00+00:00,8.8014,8.82,8.8014,8.81,1709.0,14.0,8.808403
ACHR,2026-01-07 00:30:00+00:00,8.81,8.82,8.8,8.8168,4902.0,21.0,8.81326
ACHR,2026-01-07 00:35:00+00:00,8.82,8.82,8.8001,8.81,3489.0,18.0,8.81832
ACHR,2026-01-07 00:40:00+00:00,8.81,8.81,8.8,8.81,1210.0,13.0,8.805749
ACHR,2026-01-07 00:45:00+00:00,8.81,8.81,8.8,8.8,557.0,8.0,8.8075
ACHR,2026-01-07 00:50:00+00:00,8.8008,8.81,8.8008,8.8099,1277.0,13.0,8.805883
ACHR,2026-01-07 00:55:00+00:00,8.81,8.81,8.8,8.81,1068.0,21.0,8.806111
ACHR,2026-01-07 09:00:00+00:00,8.74,8.83,8.74,8.77,1162.0,17.0,8.762781
ACHR,2026-01-07 09:05:00+00:00,8.765,8.765,8.74,8.74,4131.0,51.0,8.749559
ACHR,2026-01-07 09:10:00+00:00,8.74,8.75,8.74,8.75,2499.0,35.0,8.743178
ACHR,2026-01-07 09:15:00+00:00,8.75,8.75,8.75,8.75,1380.0,17.0,8.75
ACHR,2026-01-07 09:25:00+00:00,8.76,8.77,8.76,8.77,2364.0,35.0,8.767695
ACHR,2026-01-07 09:30:00+00:00,8.75,8.75,8.75,8.75,183.0,7.0,8.75
ACHR,2026-01-07 09:50:00+00:00,8.75,8.75,8.75,8.75,277.0,3.0,8.75
ACHR,2026-01-07 09:55:00+00:00,8.75,8.75,8.75,8.75,462.0,18.0,8.75
ACHR,2026-01-07 10:05:00+00:00,8.74,8.74,8.74,8.74,240.0,4.0,8.74
ACHR,2026-01-07 10:20:00+00:00,8.74,8.74,8.73,8.73,454.0,11.0,8.734016
ACHR,2026-01-07 10:25:00+00:00,8.74,8.74,8.74,8.74,300.0,4.0,8.74
ACHR,2026-01-07 10:30:00+00:00,8.73,8.73,8.73,8.73,274.0,6.0,8.73
ACHR,2026-01-07 10:35:00+00:00,8.74,8.74,8.72,8.72,5771.0,37.0,8.739611
ACHR,2026-01-07 10:45:00+00:00,8.73,8.73,8.73,8.73,157.0,1.0,8.73
ACHR,2026-01-07 10:55:00+00:00,8.72,8.72,8.71,8.71,1154.0,14.0,8.711034
ACHR,2026-01-07 11:05:00+00:00,8.69,8.69,8.69,8.69,465.0,10.0,8.69
ACHR,2026-01-07 11:10:00+00:00,8.7,8.71,8.7,8.71,454.0,6.0,8.705
ACHR,2026-01-07 11:20:00+00:00,8.69,8.69,8.69,8.69,828.0,17.0,8.69
ACHR,2026-01-07 11:25:00+00:00,8.7,8.71,8.69,8.71,937.0,21.0,8.70175
ACHR,2026-01-07 11:30:00+00:00,8.71,8.72,8.71,8.72,550.0,11.0,8.7125
ACHR,2026-01-07 11:40:00+00:00,8.71,8.71,8.71,8.71,650.0,14.0,8.71
ACHR,2026-01-07 11:45:00+00:00,8.72,8.72,8.715,8.72,1506.0,9.0,8.716581
ACHR,2026-01-07 11:50:00+00:00,8.715,8.72,8.715,8.72,866.0,11.0,8.717628
ACHR,2026-01-07 11:55:00+00:00,8.72,8.73,8.715,8.73,1317.0,27.0,8.723073
ACHR,2026-01-07 12:00:00+00:00,8.74,8.74,8.73,8.73,4061.0,61.0,8.731258
ACHR,2026-01-07 12:05:00+00:00,8.72,8.72,8.72,8.72,1656.0,17.0,8.72
ACHR,2026-01-07 12:15:00+00:00,8.71,8.71,8.71,8.71,100.0,1.0,8.71
ACHR,2026-01-07 12:30:00+00:00,8.71,8.71,8.71,8.71,1243.0,15.0,8.71
ACHR,2026-01-07 12:35:00+00:00,8.7,8.7,8.68,8.7,6635.0,77.0,8.688647
ACHR,2026-01-07 12:40:00+00:00,8.7,8.7,8.7,8.7,644.0,10.0,8.7
ACHR,2026-01-07 12:45:00+00:00,8.7,8.72,8.7,8.7,2855.0,54.0,8.713984
ACHR,2026-01-07 12:50:00+00:00,8.7,8.7,8.7,8.7,3206.0,18.0,8.7
ACHR,2026-01-07 13:00:00+00:00,8.73,8.81,8.68,8.69,72518.0,542.0,8.726949
ACHR,2026-01-07 13:05:00+00:00,8.7001,8.71,8.7,8.7098,3485.0,42.0,8.704273
ACHR,2026-01-07 13:10:00+00:00,8.7002,8.7002,8.69,8.7,6369.0,49.0,8.69972
ACHR,2026-01-07 13:15:00+00:00,8.69,8.7,8.69,8.6911,13070.0,25.0,8.695427
ACHR,2026-01-07 13:20:00+00:00,8.7,8.7,8.69,8.6998,2272.0,24.0,8.697953
ACHR,2026-01-07 13:25:00+00:00,8.69,8.7,8.69,8.6999,5592.0,47.0,8.694196
ACHR,2026-01-07 13:30:00+00:00,8.6984,8.72,8.69,8.71,9106.0,53.0,8.702572
ACHR,2026-01-07 13:35:00+00:00,8.715,8.72,8.7,8.719,3786.0,45.0,8.717351
ACHR,2026-01-07 13:40:00+00:00,8.72,8.74,8.72,8.74,2563.0,37.0,8.728079
ACHR,2026-01-07 13:45:00+00:00,8.74,8.75,8.73,8.75,28051.0,44.0,8.742532
ACHR,2026-01-07 13:50:00+00:00,8.7499,8.75,8.74,8.74,2964.0,21.0,8.746087
ACHR,2026-01-07 13:55:00+00:00,8.75,8.76,8.75,8.76,8623.0,56.0,8.755204
ACHR,2026-01-07 14:00:00+00:00,8.77,8.77,8.75,8.7502,5016.0,54.0,8.756382
ACHR,2026-01-07 14:05:00+00:00,8.75,8.8,8.74,8.77,17429.0,193.0,8.773862
ACHR,2026-01-07 14:10:00+00:00,8.76,8.7601,8.75,8.75,2707.0,37.0,8.755089
ACHR,2026-01-07 14:15:00+00:00,8.77,8.79,8.76,8.7884,15976.0,138.0,8.776043
ACHR,2026-01-07 14:20:00+00:00,8.79,8.8,8.75,8.75,29931.0,130.0,8.761744
ACHR,2026-01-07 14:25:00+00:00,8.74,8.79,8.74,8.79,20790.0,86.0,8.756939
ACHR,2026-01-07 14:30:00+00:00,8.8,8.8,8.63,8.6599,1030761.0,2236.0,8.71977
ACHR,2026-01-07 14:35:00+00:00,8.66,8.71,8.6,8.625,556856.0,1690.0,8.642137
ACHR,2026-01-07 14:40:00+00:00,8.625,8.67,8.6136,8.65,332113.0,1137.0,8.647297
ACHR,2026-01-07 14:45:00+00:00,8.6501,8.7,8.63,8.69,253497.0,1148.0,8.661567
ACHR,2026-01-07 14:50:00+00:00,8.6922,8.715,8.6346,8.665,221907.0,849.0,8.676031
ACHR,2026-01-07 14:55:00+00:00,8.6646,8.6646,8.635,8.645,197527.0,743.0,8.643503
ACHR,2026-01-07 15:00:00+00:00,8.65,8.655,8.55,8.555,614764.0,1497.0,8.586718
ACHR,2026-01-07 15:05:00+00:00,8.555,8.61,8.54,8.5836,345824.0,1199.0,8.581327
ACHR,2026-01-07 15:10:00+00:00,8.5836,8.6,8.57,8.59,273513.0,975.0,8.583329
ACHR,2026-01-07 15:15:00+00:00,8.5912,8.5912,8.56,8.565,210781.0,852.0,8.576935
ACHR,2026-01-07 15:20:00+00:00,8.57,8.5898,8.56,8.575,237017.0,789.0,8.572052
ACHR,2026-01-07 15:25:00+00:00,8.5799,8.595,8.56,8.58,170065.0,782.0,8.583098
ACHR,2026-01-07 15:30:00+00:00,8.5855,8.605,8.52,8.5299,391671.0,1330.0,8.568108
ACHR,2026-01-07 15:35:00+00:00,8.525,8.55,8.514,8.545,370482.0,1279.0,8.5305
ACHR,2026-01-07 15:40:00+00:00,8.545,8.59,8.5414,8.59,291597.0,847.0,8.580605
ACHR,2026-01-07 15:45:00+00:00,8.58,8.5899,8.53,8.5456,695869.0,1077.0,8.55214
ACHR,2026-01-07 15:50:00+00:00,8.54,8.55,8.51,8.515,623167.0,1061.0,8.533011
ACHR,2026-01-07 15:55:00+00:00,8.515,8.53,8.51,8.515,233003.0,806.0,8.519438
ACHR,2026-01-07 16:00:00+00:00,8.515,8.6,8.51,8.5905,829194.0,1486.0,8.559284
ACHR,2026-01-07 16:05:00+00:00,8.595,8.61,8.56,8.58,434677.0,1007.0,8.583488
ACHR,2026-01-07 16:10:00+00:00,8.575,8.59,8.56,8.57,399152.0,910.0,8.574017
ACHR,2026-01-07 16:15:00+00:00,8.572,8.59,8.57,8.585,184514.0,766.0,8.581588
ACHR,2026-01-07 16:20:00+00:00,8.58,8.59,8.56,8.575,225871.0,813.0,8.571078
ACHR,2026-01-07 16:25:00+00:00,8.57,8.6051,8.565,8.605,261305.0,960.0,8.581472
ACHR,2026-01-07 16:30:00+00:00,8.6097,8.61,8.59,8.595,214356.0,692.0,8.60183
ACHR,2026-01-07 16:35:00+00:00,8.6,8.63,8.6,8.63,251360.0,968.0,8.615089
ACHR,2026-01-07 16:40:00+00:00,8.6284,8.65,8.62,8.64,238326.0,903.0,8.636925
ACHR,2026-01-07 16:45:00+00:00,8.64,8.67,8.63,8.665,396655.0,1162.0,8.651803
ACHR,2026-01-07 16:50:00+00:00,8.6655,8.69,8.66,8.675,406674.0,1088.0,8.676684
ACHR,2026-01-07 16:55:00+00:00,8.67,8.68,8.6301,8.635,319441.0,1051.0,8.649264
ACHR,2026-01-07 17:00:00+00:00,8.635,8.65,8.63,8.635,237435.0,770.0,8.637564
ACHR,2026-01-07 17:05:00+00:00,8.63,8.64,8.62,8.64,234244.0,670.0,8.630733
ACHR,2026-01-07 17:10:00+00:00,8.64,8.64,8.59,8.595,264008.0,838.0,8.61026
ACHR,2026-01-07 17:15:00+00:00,8.595,8.62,8.585,8.585,270881.0,842.0,8.602728
ACHR,2026-01-07 17:20:00+00:00,8.585,8.61,8.58,8.59,429063.0,1008.0,8.594877
ACHR,2026-01-07 17:25:00+00:00,8.58,8.59,8.57,8.585,212611.0,833.0,8.580988
ACHR,2026-01-07 17:30:00+00:00,8.58,8.5886,8.57,8.5724,218878.0,900.0,8.577931
ACHR,2026-01-07 17:35:00+00:00,8.57,8.585,8.5601,8.585,260782.0,766.0,8.575361
ACHR,2026-01-07 17:40:00+00:00,8.5845,8.59,8.57,8.575,196188.0,626.0,8.581513
ACHR,2026-01-07 17:45:00+00:00,8.575,8.585,8.53,8.535,254284.0,903.0,8.554986
ACHR,2026-01-07 17:50:00+00:00,8.535,8.545,8.51,8.535,332923.0,934.0,8.525621
ACHR,2026-01-07 17:55:00+00:00,8.535,8.565,8.53,8.5599,208989.0,776.0,8.548236
ACHR,2026-01-07 18:00:00+00:00,8.55,8.555,8.52,8.53,233717.0,741.0,8.533992
ACHR,2026-01-07 18:05:00+00:00,8.53,8.55,8.525,8.5301,221238.0,739.0,8.536093
ACHR,2026-01-07 18:10:00+00:00,8.535,8.55,8.53,8.545,184831.0,705.0,8.539785
ACHR,2026-01-07 18:15:00+00:00,8.545,8.55,8.534,8.536,281235.0,791.0,8.542581
ACHR,2026-01-07 18:20:00+00:00,8.53,8.55,8.53,8.538,165092.0,602.0,8.540867
ACHR,2026-01-07 18:25:00+00:00,8.535,8.55,8.53,8.55,160784.0,706.0,8.537683
ACHR,2026-01-07 18:30:00+00:00,8.5459,8.56,8.53,8.5399,268925.0,853.0,8.547466
ACHR,2026-01-07 18:35:00+00:00,8.54,8.54,8.53,8.535,158426.0,604.0,8.535304
ACHR,2026-01-07 18:40:00+00:00,8.535,8.55,8.531,8.54,222658.0,702.0,8.545386
ACHR,2026-01-07 18:45:00+00:00,8.5399,8.55,8.51,8.5456,244613.0,1033.0,8.530537
ACHR,2026-01-07 18:50:00+00:00,8.545,8.5597,8.54,8.545,157830.0,556.0,8.547372
ACHR,2026-01-07 18:55:00+00:00,8.545,8.565,8.54,8.56,215208.0,727.0,8.549255
ACHR,2026-01-07 19:00:00+00:00,8.555,8.59,8.5526,8.585,180964.0,635.0,8.567829
ACHR,2026-01-07 19:05:00+00:00,8.585,8.6,8.55,8.5501,205920.0,788.0,8.58452
ACHR,2026-01-07 19:10:00+00:00,8.55,8.565,8.52,8.555,387132.0,1111.0,8.54778
ACHR,2026-01-07 19:15:00+00:00,8.555,8.57,8.535,8.57,330540.0,919.0,8.554546
ACHR,2026-01-07 19:20:00+00:00,8.57,8.59,8.5686,8.575,200441.0,612.0,8.578764
ACHR,2026-01-07 19:25:00+00:00,8.57,8.58,8.56,8.5795,188056.0,717.0,8.56551
ACHR,2026-01-07 19:30:00+00:00,8.58,8.61,8.58,8.6014,147678.0,665.0,8.598503
ACHR,2026-01-07 19:35:00+00:00,8.605,8.6099,8.55,8.5543,297522.0,666.0,8.580533
ACHR,2026-01-07 19:40:00+00:00,8.55,8.57,8.54,8.5699,354143.0,818.0,8.553192
ACHR,2026-01-07 19:45:00+00:00,8.5651,8.59,8.555,8.575,400941.0,881.0,8.571244
ACHR,2026-01-07 19:50:00+00:00,8.57,8.58,8.56,8.564,300818.0,704.0,8.570646
ACHR,2026-01-07 19:55:00+00:00,8.56,8.57,8.56,8.5699,120359.0,453.0,8.563833
ACHR,2026-01-07 20:00:00+00:00,8.57,8.575,8.55,8.565,306049.0,869.0,8.560308
ACHR,2026-01-07 20:05:00+00:00,8.565,8.57,8.54,8.555,624418.0,765.0,8.553395
ACHR,2026-01-07 20:10:00+00:00,8.5529,8.555,8.5199,8.535,295744.0,842.0,8.531107
ACHR,2026-01-07 20:15:00+00:00,8.535,8.55,8.52,8.5401,349860.0,767.0,8.535747
ACHR,2026-01-07 20:20:00+00:00,8.54,8.55,8.52,8.525,274017.0,762.0,8.533719
ACHR,2026-01-07 20:25:00+00:00,8.52,8.53,8.49,8.495,531374.0,1446.0,8.502731
ACHR,2026-01-07 20:30:00+00:00,8.495,8.505,8.47,8.4775,377477.0,1161.0,8.484476
ACHR,2026-01-07 20:35:00+00:00,8.4799,8.4976,8.47,8.495,356943.0,995.0,8.480406
ACHR,2026-01-07 20:40:00+00:00,8.49,8.5099,8.483,8.506,282665.0,849.0,8.4935
ACHR,2026-01-07 20:45:00+00:00,8.5,8.51,8.49,8.4985,248875.0,850.0,8.500041
ACHR,2026-01-07 20:50:00+00:00,8.5,8.51,8.45,8.4547,869457.0,1976.0,8.48099
ACHR,2026-01-07 20:55:00+00:00,8.455,8.455,8.4,8.415,942941.0,3504.0,8.425121
ACHR,2026-01-07 21:00:00+00:00,8.42,8.45,8.4002,8.42,1444671.0,224.0,8.420148
ACHR,2026-01-07 21:05:00+00:00,8.41,8.42,8.41,8.4197,12009.0,180.0,8.415177
ACHR,2026-01-07 21:10:00+00:00,8.4184,8.45,8.41,8.45,8874.0,67.0,8.422037
ACHR,2026-01-07 21:15:00+00:00,8.45,8.47,8.43,8.43,10410.0,61.0,8.440646
ACHR,2026-01-07 21:20:00+00:00,8.44,8.45,8.42,8.42,2697.0,29.0,8.436209
ACHR,2026-01-07 21:25:00+00:00,8.42,8.45,8.42,8.43,4896.0,24.0,8.434236
ACHR,2026-01-07 21:30:00+00:00,8.42,8.53,8.42,8.52,73936.0,134.0,8.499335
ACHR,2026-01-07 21:35:00+00:00,8.52,8.6,8.47,8.52,67160.0,137.0,8.574377
ACHR,2026-01-07 21:40:00+00:00,8.51,8.54,8.51,8.54,15141.0,54.0,8.528069
ACHR,2026-01-07 21:45:00+00:00,8.49,8.56,8.49,8.55,59777.0,97.0,8.546446
ACHR,2026-01-07 21:50:00+00:00,8.5392,8.57,8.44,8.5,72557.0,183.0,8.536597
ACHR,2026-01-07 21:55:00+00:00,8.49,8.55,8.49,8.55,2080.0,15.0,8.512075
ACHR,2026-01-07 22:00:00+00:00,8.5,8.55,8.49,8.55,6599.0,50.0,8.524936
ACHR,2026-01-07 22:05:00+00:00,8.52,8.55,8.48,8.51,28314.0,78.0,8.488275
ACHR,2026-01-07 22:10:00+00:00,8.49,8.54,8.49,8.498,1695.0,30.0,8.496155
ACHR,2026-01-07 22:15:00+00:00,8.4901,8.4915,8.49,8.49,16448.0,11.0,8.490128
ACHR,2026-01-07 22:20:00+00:00,8.49,8.5,8.49,8.49,2803.0,29.0,8.491815
ACHR,2026-01-07 22:25:00+00:00,8.51,8.54,8.5,8.5,1016.0,22.0,8.512154
ACHR,2026-01-07 22:30:00+00:00,8.52,8.5379,8.49,8.51,3176.0,15.0,8.49738
ACHR,2026-01-07 22:35:00+00:00,8.51,8.54,8.51,8.54,1708.0,8.0,8.538107
ACHR,2026-01-07 22:40:00+00:00,8.4997,8.4997,8.49,8.49,855.0,9.0,8.495927
ACHR,2026-01-07 22:45:00+00:00,8.49,8.49,8.49,8.49,2217.0,35.0,8.49
ACHR,2026-01-07 22:50:00+00:00,8.49,8.5,8.49,8.5,531.0,13.0,8.494651
ACHR,2026-01-07 22:55:00+00:00,8.49,8.49,8.4832,8.4832,266.0,3.0,8.487264
ACHR,2026-01-07 23:00:00+00:00,8.49,8.49,8.49,8.49,152.0,4.0,8.49
ACHR,2026-01-07 23:05:00+00:00,8.5,8.5,8.49,8.49,2425.0,5.0,8.490838
ACHR,2026-01-07 23:10:00+00:00,8.49,8.4901,8.49,8.49,1371.0,16.0,8.490008
ACHR,2026-01-07 23:15:00+00:00,8.5,8.5,8.48,8.48,1261.0,32.0,8.483078
ACHR,2026-01-07 23:20:00+00:00,8.4704,8.4898,8.45,8.4898,11707.0,13.0,8.469604
ACHR,2026-01-07 23:25:00+00:00,8.4892,8.49,8.48,8.49,1315.0,4.0,8.488251
ACHR,2026-01-07 23:30:00+00:00,8.49,8.49,8.46,8.46,871.0,9.0,8.476327
ACHR,2026-01-07 23:35:00+00:00,8.47,8.48,8.47,8.48,808.0,8.0,8.473338
ACHR,2026-01-07 23:40:00+00:00,8.47,8.48,8.45,8.47,4370.0,21.0,8.456115
ACHR,2026-01-07 23:45:00+00:00,8.47,8.47,8.45,8.46,991.0,10.0,8.461856
ACHR,2026-01-07 23:50:00+00:00,8.47,8.47,8.46,8.46,836.0,12.0,8.46507
ACHR,2026-01-07 23:55:00+00:00,8.4599,8.46,8.4599,8.46,332.0,10.0,8.45996
ACHR,2026-01-08 00:00:00+00:00,8.4599,8.4599,8.4599,8.4599,152.0,3.0,8.4599
ACHR,2026-01-08 00:05:00+00:00,8.45,8.45,8.45,8.45,2085.0,10.0,8.45
ACHR,2026-01-08 00:10:00+00:00,8.46,8.47,8.4599,8.47,1270.0,12.0,8.461579
ACHR,2026-01-08 00:15:00+00:00,8.47,8.47,8.47,8.47,1153.0,7.0,8.47
ACHR,2026-01-08 00:20:00+00:00,8.46,8.46,8.46,8.46,360.0,4.0,8.46
ACHR,2026-01-08 00:25:00+00:00,8.47,8.48,8.47,8.47,1554.0,12.0,8.471773
ACHR,2026-01-08 00:30:00+00:00,8.45,8.47,8.45,8.47,602.0,7.0,8.458616
ACHR,2026-01-08 00:35:00+00:00,8.48,8.48,8.48,8.48,545.0,5.0,8.48
ACHR,2026-01-08 00:40:00+00:00,8.48,8.48,8.47,8.4799,3585.0,11.0,8.47968
ACHR,2026-01-08 00:45:00+00:00,8.47,8.48,8.46,8.46,51572.0,24.0,8.460611
ACHR,2026-01-08 00:50:00+00:00,8.46,8.49,8.46,8.49,28123.0,12.0,8.488616
ACHR,2026-01-08 00:55:00+00:00,8.48,8.49,8.48,8.48,6936.0,19.0,8.486389
ACHR,2026-01-08 09:00:00+00:00,8.4,8.42,8.35,8.36,14587.0,98.0,8.396928
ACHR,2026-01-08 09:05:00+00:00,8.38,8.38,8.38,8.38,100.0,1.0,8.38
ACHR,2026-01-08 09:10:00+00:00,8.38,8.38,8.38,8.38,2100.0,2.0,8.38
ACHR,2026-01-08 09:15:00+00:00,8.37,8.37,8.35,8.35,7028.0,105.0,8.361003
ACHR,2026-01-08 09:20:00+00:00,8.35,8.35,8.35,8.35,215.0,7.0,8.35
ACHR,2026-01-08 09:30:00+00:00,8.35,8.35,8.35,8.35,1265.0,14.0,8.35
ACHR,2026-01-08 09:35:00+00:00,8.36,8.36,8.36,8.36,150.0,2.0,8.36
ACHR,2026-01-08 09:50:00+00:00,8.36,8.36,8.36,8.36,200.0,3.0,8.36
ACHR,2026-01-08 10:10:00+00:00,8.35,8.35,8.35,8.35,247.0,15.0,8.35
ACHR,2026-01-08 10:25:00+00:00,8.355,8.36,8.355,8.36,615.0,8.0,8.358
ACHR,2026-01-08 10:30:00+00:00,8.35,8.35,8.34,8.35,3201.0,50.0,8.348295
ACHR,2026-01-08 10:35:00+00:00,8.36,8.36,8.36,8.36,275.0,2.0,8.36
ACHR,2026-01-08 10:40:00+00:00,8.36,8.38,8.36,8.38,744.0,10.0,8.37
ACHR,2026-01-08 10:45:00+00:00,8.37,8.37,8.36,8.36,899.0,9.0,8.368094
ACHR,2026-01-08 11:05:00+00:00,8.38,8.38,8.38,8.38,100.0,1.0,8.38
ACHR,2026-01-08 11:10:00+00:00,8.36,8.37,8.36,8.37,909.0,27.0,8.362
ACHR,2026-01-08 11:15:00+00:00,8.36,8.36,8.36,8.36,1403.0,13.0,8.36
ACHR,2026-01-08 11:20:00+00:00,8.37,8.37,8.37,8.37,100.0,1.0,8.37
ACHR,2026-01-08 11:25:00+00:00,8.37,8.38,8.37,8.38,1105.0,21.0,8.372315
ACHR,2026-01-08 11:30:00+00:00,8.36,8.36,8.35,8.36,1866.0,31.0,8.356745
ACHR,2026-01-08 11:35:00+00:00,8.38,8.38,8.37,8.37,469.0,8.0,8.376452
ACHR,2026-01-08 11:45:00+00:00,8.39,8.39,8.36,8.39,5803.0,45.0,8.380406
ACHR,2026-01-08 11:50:00+00:00,8.39,8.4,8.39,8.39,6081.0,24.0,8.392438
ACHR,2026-01-08 11:55:00+00:00,8.41,8.41,8.4,8.4,927.0,9.0,8.408469
ACHR,2026-01-08 12:00:00+00:00,8.41,8.44,8.41,8.44,4758.0,91.0,8.4279
ACHR,2026-01-08 12:05:00+00:00,8.43,8.44,8.43,8.43,1710.0,33.0,8.431007
ACHR,2026-01-08 12:10:00+00:00,8.431,8.44,8.43,8.43,1903.0,7.0,8.431674
ACHR,2026-01-08 12:15:00+00:00,8.43,8.43,8.43,8.43,1793.0,3.0,8.43
ACHR,2026-01-08 12:20:00+00:00,8.43,8.45,8.43,8.45,2333.0,27.0,8.442121
ACHR,2026-01-08 12:25:00+00:00,8.45,8.45,8.45,8.45,2547.0,8.0,8.45
ACHR,2026-01-08 12:30:00+00:00,8.46,8.47,8.455,8.47,2006.0,27.0,8.460701
ACHR,2026-01-08 12:45:00+00:00,8.47,8.49,8.47,8.49,6337.0,74.0,8.476493
ACHR,2026-01-08 12:50:00+00:00,8.5,8.511,8.5,8.511,4239.0,47.0,8.501876
ACHR,2026-01-08 12:55:00+00:00,8.51,8.51,8.5,8.51,3832.0,53.0,8.509627
ACHR,2026-01-08 13:00:00+00:00,8.52,8.77,8.35,8.58,251692.0,1469.0,8.562898
ACHR,2026-01-08 13:05:00+00:00,8.6099,8.68,8.56,8.6797,51898.0,355.0,8.618358
ACHR,2026-01-08 13:10:00+00:00,8.67,8.72,8.6,8.62,56397.0,402.0,8.65746
ACHR,2026-01-08 13:15:00+00:00,8.6201,8.65,8.56,8.6,48588.0,289.0,8.614369
ACHR,2026-01-08 13:20:00+00:00,8.5808,8.63,8.56,8.56,37608.0,144.0,8.595972
ACHR,2026-01-08 13:25:00+00:00,8.571,8.62,8.571,8.62,37316.0,89.0,8.593104
ACHR,2026-01-08 13:30:00+00:00,8.62,8.62,8.58,8.585,28939.0,125.0,8.60328
ACHR,2026-01-08 13:35:00+00:00,8.595,8.61,8.58,8.6,20904.0,107.0,8.59814
ACHR,2026-01-08 13:40:00+00:00,8.6,8.62,8.5795,8.5795,41672.0,167.0,8.603284
ACHR,2026-01-08 13:45:00+00:00,8.5784,8.59,8.55,8.56,10977.0,109.0,8.564695
ACHR,2026-01-08 13:50:00+00:00,8.56,8.59,8.55,8.58,18494.0,107.0,8.569557
ACHR,2026-01-08 13:55:00+00:00,8.58,8.59,8.58,8.589,18806.0,119.0,8.586975
ACHR,2026-01-08 14:00:00+00:00,8.59,8.6,8.57,8.57,30619.0,206.0,8.580805
ACHR,2026-01-08 14:05:00+00:00,8.57,8.58,8.56,8.5799,7875.0,73.0,8.568948
ACHR,2026-01-08 14:10:00+00:00,8.58,8.58,8.53,8.54,18059.0,184.0,8.554753
ACHR,2026-01-08 14:15:00+00:00,8.54,8.57,8.531,8.5632,9356.0,64.0,8.549775
ACHR,2026-01-08 14:20:00+00:00,8.57,8.59,8.55,8.5891,28975.0,143.0,8.577829
ACHR,2026-01-08 14:25:00+00:00,8.5801,8.6,8.49,8.49,41960.0,255.0,8.545729
ACHR,2026-01-08 14:30:00+00:00,8.49,8.6299,8.44,8.565,891573.0,2586.0,8.525703
ACHR,2026-01-08 14:35:00+00:00,8.5601,8.765,8.5511,8.74,1049859.0,3462.0,8.68849
ACHR,2026-01-08 14:40:00+00:00,8.75,8.87,8.73,8.7999,1005910.0,2917.0,8.791363
ACHR,2026-01-08 14:45:00+00:00,8.79,8.93,8.78,8.92,1260430.0,2963.0,8.863945
ACHR,2026-01-08 14:50:00+00:00,8.925,8.94,8.81,8.81,737532.0,2112.0,8.87342
ACHR,2026-01-08 14:55:00+00:00,8.81,8.82,8.74,8.765,625680.0,1774.0,8.782179
ACHR,2026-01-08 15:00:00+00:00,8.76,8.7686,8.64,8.655,830111.0,2013.0,8.683399
ACHR,2026-01-08 15:05:00+00:00,8.65,8.7,8.61,8.67,533244.0,1748.0,8.658811
ACHR,2026-01-08 15:10:00+00:00,8.6714,8.8198,8.655,8.8,585043.0,1621.0,8.753474
ACHR,2026-01-08 15:15:00+00:00,8.795,8.885,8.771,8.885,576217.0,1745.0,8.833742
ACHR,2026-01-08 15:20:00+00:00,8.885,9.01,8.88,8.9799,1573377.0,3672.0,8.955982
ACHR,2026-01-08 15:25:00+00:00,8.975,9.0,8.89,8.9207,828076.0,1935.0,8.933684
ACHR,2026-01-08 15:30:00+00:00,8.925,8.97,8.9,8.9434,627282.0,1597.0,8.944102
ACHR,2026-01-08 15:35:00+00:00,8.945,8.945,8.78,8.7894,531356.0,1463.0,8.868022
ACHR,2026-01-08 15:40:00+00:00,8.785,8.8257,8.775,8.805,716857.0,1326.0,8.800709
ACHR,2026-01-08 15:45:00+00:00,8.81,8.83,8.7,8.72,578591.0,1385.0,8.754471
ACHR,2026-01-08 15:50:00+00:00,8.72,8.735,8.67,8.6815,482167.0,1165.0,8.702294
ACHR,2026-01-08 15:55:00+00:00,8.685,8.75,8.68,8.7248,593072.0,1278.0,8.719464
ACHR,2026-01-08 16:00:00+00:00,8.725,8.735,8.6906,8.7,340063.0,865.0,8.706613
ACHR,2026-01-08 16:05:00+00:00,8.7,8.7,8.595,8.595,532815.0,1054.0,8.637346
ACHR,2026-01-08 16:10:00+00:00,8.595,8.66,8.59,8.6401,571455.0,1096.0,8.626287
ACHR,2026-01-08 16:15:00+00:00,8.645,8.6556,8.615,8.625,337580.0,827.0,8.629907
ACHR,2026-01-08 16:20:00+00:00,8.63,8.7367,8.625,8.72,513606.0,989.0,8.688532
ACHR,2026-01-08 16:25:00+00:00,8.715,8.83,8.7146,8.825,951381.0,1437.0,8.790488
ACHR,2026-01-08 16:30:00+00:00,8.825,8.9,8.82,8.8951,890064.0,1349.0,8.852257
ACHR,2026-01-08 16:35:00+00:00,8.89,8.9,8.8117,8.815,876753.0,1345.0,8.850889
ACHR,2026-01-08 16:40:00+00:00,8.815,8.845,8.7801,8.8388,702026.0,982.0,8.814872
ACHR,2026-01-08 16:45:00+00:00,8.835,8.87,8.835,8.855,603047.0,960.0,8.855138
ACHR,2026-01-08 16:50:00+00:00,8.8591,8.875,8.83,8.8587,906894.0,1105.0,8.856315
ACHR,2026-01-08 16:55:00+00:00,8.855,8.88,8.84,8.8535,774675.0,1155.0,8.861515
ACHR,2026-01-08 17:00:00+00:00,8.855,8.87,8.8438,8.855,606596.0,816.0,8.856895
ACHR,2026-01-08 17:05:00+00:00,8.85,8.86,8.83,8.845,565124.0,954.0,8.847843
ACHR,2026-01-08 17:10:00+00:00,8.8455,8.87,8.84,8.86,493682.0,877.0,8.857298
ACHR,2026-01-08 17:15:00+00:00,8.8563,8.87,8.83,8.854,521761.0,887.0,8.843559
ACHR,2026-01-08 17:20:00+00:00,8.855,8.86,8.81,8.8103,581470.0,919.0,8.835026
ACHR,2026-01-08 17:25:00+00:00,8.815,8.815,8.7647,8.795,798313.0,1217.0,8.784703
ACHR,2026-01-08 17:30:00+00:00,8.795,8.815,8.76,8.7615,445455.0,914.0,8.787022
ACHR,2026-01-08 17:35:00+00:00,8.7617,8.81,8.76,8.81,352722.0,729.0,8.782076
ACHR,2026-01-08 17:40:00+00:00,8.81,8.84,8.805,8.835,467543.0,702.0,8.824647
ACHR,2026-01-08 17:45:00+00:00,8.835,8.8599,8.83,8.8551,315425.0,706.0,8.838711
ACHR,2026-01-08 17:50:00+00:00,8.855,8.92,8.85,8.885,468855.0,1113.0,8.890514
ACHR,2026-01-08 17:55:00+00:00,8.885,8.89,8.86,8.875,259100.0,783.0,8.876807
ACHR,2026-01-08 18:00:00+00:00,8.875,8.88,8.795,8.795,276349.0,806.0,8.84321
ACHR,2026-01-08 18:05:00+00:00,8.79,8.82,8.78,8.81,271467.0,683.0,8.804826
ACHR,2026-01-08 18:10:00+00:00,8.815,8.82,8.78,8.785,208212.0,670.0,8.799283
ACHR,2026-01-08 18:15:00+00:00,8.785,8.79,8.77,8.785,207934.0,623.0,8.780646
ACHR,2026-01-08 18:20:00+00:00,8.79,8.81,8.785,8.785,348855.0,722.0,8.795857
ACHR,2026-01-08 18:25:00+00:00,8.785,8.8,8.77,8.78,152308.0,524.0,8.784387
ACHR,2026-01-08 18:30:00+00:00,8.7799,8.78,8.74,8.745,390593.0,854.0,8.758202
ACHR,2026-01-08 18:35:00+00:00,8.745,8.76,8.7301,8.735,293538.0,743.0,8.74777
ACHR,2026-01-08 18:40:00+00:00,8.74,8.75,8.73,8.735,106353.0,553.0,8.737967
ACHR,2026-01-08 18:45:00+00:00,8.74,8.75,8.72,8.73,250557.0,751.0,8.736855
ACHR,2026-01-08 18:50:00+00:00,8.73,8.735,8.7114,8.715,145916.0,545.0,8.723482
ACHR,2026-01-08 18:55:00+00:00,8.715,8.72,8.68,8.7098,270079.0,762.0,8.699043
ACHR,2026-01-08 19:00:00+00:00,8.71,8.775,8.71,8.765,420131.0,943.0,8.753116
ACHR,2026-01-08 19:05:00+00:00,8.765,8.78,8.75,8.76,344567.0,759.0,8.765645
ACHR,2026-01-08 19:10:00+00:00,8.755,8.755,8.726,8.74,380399.0,740.0,8.737503
ACHR,2026-01-08 19:15:00+00:00,8.7399,8.75,8.71,8.74,714564.0,897.0,8.731899
ACHR,2026-01-08 19:20:00+00:00,8.745,8.79,8.745,8.775,512911.0,813.0,8.772211
ACHR,2026-01-08 19:25:00+00:00,8.775,8.7899,8.75,8.77,744927.0,926.0,8.770718
ACHR,2026-01-08 19:30:00+00:00,8.775,8.7953,8.7541,8.755,491930.0,796.0,8.777856
ACHR,2026-01-08 19:35:00+00:00,8.755,8.765,8.72,8.7201,484432.0,728.0,8.739572
ACHR,2026-01-08 19:40:00+00:00,8.725,8.76,8.72,8.7534,551152.0,751.0,8.739145
ACHR,2026-01-08 19:45:00+00:00,8.7532,8.78,8.7425,8.77,768503.0,783.0,8.76064
ACHR,2026-01-08 19:50:00+00:00,8.775,8.86,8.77,8.825,1937928.0,2661.0,8.819118
ACHR,2026-01-08 19:55:00+00:00,8.8203,8.825,8.76,8.785,853144.0,1104.0,8.787496
ACHR,2026-01-08 20:00:00+00:00,8.785,8.7872,8.725,8.7484,738717.0,910.0,8.74781
ACHR,2026-01-08 20:05:00+00:00,8.745,8.76,8.73,8.76,485612.0,816.0,8.744829
ACHR,2026-01-08 20:10:00+00:00,8.7549,8.79,8.73,8.7701,549504.0,935.0,8.759978
ACHR,2026-01-08 20:15:00+00:00,8.775,8.7757,8.73,8.7401,320815.0,793.0,8.756459
ACHR,2026-01-08 20:20:00+00:00,8.75,8.76,8.715,8.715,604597.0,819.0,8.737153
ACHR,2026-01-08 20:25:00+00:00,8.715,8.7466,8.7101,8.735,618260.0,930.0,8.733347
ACHR,2026-01-08 20:30:00+00:00,8.735,8.77,8.73,8.755,687515.0,997.0,8.753419
ACHR,2026-01-08 20:35:00+00:00,8.755,8.776,8.74,8.745,548942.0,1060.0,8.759379
ACHR,2026-01-08 20:40:00+00:00,8.75,8.75,8.7,8.705,672705.0,1225.0,8.71458
ACHR,2026-01-08 20:45:00+00:00,8.705,8.75,8.7,8.71,1193176.0,1712.0,8.72982
ACHR,2026-01-08 20:50:00+00:00,8.7068,8.7068,8.6501,8.675,870250.0,1925.0,8.67353
ACHR,2026-01-08 20:55:00+00:00,8.675,8.73,8.67,8.7,1282133.0,3526.0,8.707329
ACHR,2026-01-08 21:00:00+00:00,8.7,8.75,8.68,8.74,1319405.0,153.0,8.710143
ACHR,2026-01-08 21:05:00+00:00,8.71,8.75,8.68,8.74,18314.0,68.0,8.717301
ACHR,2026-01-08 21:10:00+00:00,8.74,8.74,8.72,8.72,4556.0,33.0,8.721844
ACHR,2026-01-08 21:15:00+00:00,8.74,8.75,8.72,8.75,1971.0,22.0,8.739053
ACHR,2026-01-08 21:20:00+00:00,8.75,8.75,8.72,8.7452,3009.0,21.0,8.723478
ACHR,2026-01-08 21:25:00+00:00,8.73,8.75,8.72,8.72,3684.0,24.0,8.733897
ACHR,2026-01-08 21:30:00+00:00,8.73,8.73,8.72,8.73,4867.0,26.0,8.720536
ACHR,2026-01-08 21:35:00+00:00,8.7216,8.75,8.7216,8.74,6712.0,26.0,8.743644
ACHR,2026-01-08 21:40:00+00:00,8.7391,8.74,8.73,8.74,1379.0,18.0,8.734055
ACHR,2026-01-08 21:45:00+00:00,8.74,8.75,8.7387,8.74,10412.0,57.0,8.742935
ACHR,2026-01-08 21:50:00+00:00,8.75,8.75,8.74,8.75,2438.0,14.0,8.748195
ACHR,2026-01-08 21:55:00+00:00,8.74,8.75,8.74,8.7498,10217.0,36.0,8.746541
ACHR,2026-01-08 22:00:00+00:00,8.7499,8.75,8.74,8.75,3906.0,46.0,8.745843
ACHR,2026-01-08 22:05:00+00:00,8.7724,8.7724,8.76,8.76,1329.0,26.0,8.761676
ACHR,2026-01-08 22:10:00+00:00,8.76,8.77,8.76,8.77,12869.0,87.0,8.762408
ACHR,2026-01-08 22:15:00+00:00,8.77,8.77,8.76,8.7601,14926.0,64.0,8.763097
ACHR,2026-01-08 22:20:00+00:00,8.7616,8.79,8.7616,8.79,10080.0,74.0,8.781482
ACHR,2026-01-08 22:25:00+00:00,8.79,8.8,8.78,8.8,8852.0,42.0,8.797578
ACHR,2026-01-08 22:30:00+00:00,8.8,8.8,8.7601,8.8,7320.0,37.0,8.791274
ACHR,2026-01-08 22:35:00+00:00,8.78,8.78,8.77,8.77,3449.0,22.0,8.776909
ACHR,2026-01-08 22:40:00+00:00,8.7704,8.7704,8.77,8.77,5313.0,5.0,8.770023
ACHR,2026-01-08 22:45:00+00:00,8.77,8.7711,8.77,8.7709,2023.0,7.0,8.77053
ACHR,2026-01-08 22:50:00+00:00,8.78,8.78,8.77,8.7702,3302.0,19.0,8.776164
ACHR,2026-01-08 22:55:00+00:00,8.78,8.78,8.77,8.78,1242.0,25.0,8.777182
ACHR,2026-01-08 23:00:00+00:00,8.76,8.78,8.76,8.77,2689.0,25.0,8.777689
ACHR,2026-01-08 23:05:00+00:00,8.77,8.77,8.74,8.76,3551.0,27.0,8.750379
ACHR,2026-01-08 23:10:00+00:00,8.75,8.76,8.74,8.74,13943.0,25.0,8.742769
ACHR,2026-01-08 23:15:00+00:00,8.74,8.74,8.72,8.72,5378.0,18.0,8.737344
ACHR,2026-01-08 23:20:00+00:00,8.72,8.73,8.72,8.73,1209.0,7.0,8.725
ACHR,2026-01-08 23:25:00+00:00,8.72,8.72,8.72,8.72,302.0,2.0,8.72
ACHR,2026-01-08 23:30:00+00:00,8.7562,8.76,8.72,8.76,3213.0,22.0,8.753686
ACHR,2026-01-08 23:35:00+00:00,8.76,8.76,8.7598,8.7598,1183.0,9.0,8.759818
ACHR,2026-01-08 23:40:00+00:00,8.7599,8.7599,8.75,8.75,1326.0,7.0,8.757614
ACHR,2026-01-08 23:45:00+00:00,8.755,8.76,8.74,8.74,5611.0,26.0,8.755993
ACHR,2026-01-08 23:50:00+00:00,8.74,8.74,8.73,8.73,2932.0,14.0,8.733568
ACHR,2026-01-08 23:55:00+00:00,8.75,8.76,8.73,8.73,1253.0,21.0,8.750632
ACHR,2026-01-09 00:00:00+00:00,8.7593,8.76,8.73,8.73,1254.0,15.0,8.751969
ACHR,2026-01-09 00:05:00+00:00,8.75,8.76,8.73,8.76,4594.0,17.0,8.732412
ACHR,2026-01-09 00:10:00+00:00,8.76,8.76,8.7597,8.7598,1588.0,8.0,8.759873
ACHR,2026-01-09 00:15:00+00:00,8.75,8.77,8.75,8.77,1936.0,18.0,8.761711
ACHR,2026-01-09 00:20:00+00:00,8.77,8.78,8.77,8.78,14132.0,19.0,8.779497
ACHR,2026-01-09 00:25:00+00:00,8.78,8.78,8.75,8.78,2287.0,8.0,8.776488
ACHR,2026-01-09 00:30:00+00:00,8.7795,8.7795,8.7795,8.7795,4057.0,5.0,8.7795
ACHR,2026-01-09 00:35:00+00:00,8.78,8.78,8.75,8.75,2060.0,16.0,8.757708
ACHR,2026-01-09 00:40:00+00:00,8.77,8.7784,8.76,8.77,2289.0,17.0,8.766121
ACHR,2026-01-09 00:45:00+00:00,8.7601,8.7601,8.7601,8.7601,712.0,2.0,8.7601
ACHR,2026-01-09 00:50:00+00:00,8.7699,8.7699,8.76,8.7601,3912.0,13.0,8.760303
ACHR,2026-01-09 00:55:00+00:00,8.76,8.78,8.76,8.7797,6393.0,34.0,8.769899
ACHR,2026-01-09 09:00:00+00:00,8.82,8.82,8.77,8.77,3963.0,27.0,8.78952
ACHR,2026-01-09 09:05:00+00:00,8.8,8.8,8.79,8.79,753.0,21.0,8.794673
ACHR,2026-01-09 09:10:00+00:00,8.78,8.78,8.78,8.78,362.0,7.0,8.78
ACHR,2026-01-09 09:25:00+00:00,8.79,8.83,8.79,8.83,3139.0,26.0,8.810852
ACHR,2026-01-09 09:30:00+00:00,8.83,8.83,8.82,8.83,7209.0,85.0,8.823236
ACHR,2026-01-09 09:35:00+00:00,8.83,8.85,8.83,8.85,8823.0,80.0,8.834454
ACHR,2026-01-09 09:40:00+00:00,8.85,8.85,8.85,8.85,939.0,6.0,8.85
ACHR,2026-01-09 09:50:00+00:00,8.86,8.86,8.86,8.86,1220.0,13.0,8.86
ACHR,2026-01-09 09:55:00+00:00,8.87,8.88,8.87,8.88,692.0,8.0,8.873736
ACHR,2026-01-09 10:00:00+00:00,8.88,8.88,8.86,8.86,5411.0,70.0,8.875955
ACHR,2026-01-09 10:05:00+00:00,8.85,8.85,8.84,8.84,900.0,15.0,8.843304
ACHR,2026-01-09 10:10:00+00:00,8.85,8.85,8.84,8.84,816.0,16.0,8.848302
ACHR,2026-01-09 10:15:00+00:00,8.84,8.84,8.84,8.84,538.0,9.0,8.84
ACHR,2026-01-09 10:20:00+00:00,8.845,8.845,8.845,8.845,589.0,3.0,8.845
ACHR,2026-01-09 10:25:00+00:00,8.84,8.85,8.84,8.85,361.0,5.0,8.846667
ACHR,2026-01-09 10:30:00+00:00,8.85,8.86,8.85,8.85,1192.0,15.0,8.851087
ACHR,2026-01-09 10:35:00+00:00,8.86,8.88,8.86,8.86,3067.0,36.0,8.869832
ACHR,2026-01-09 10:40:00+00:00,8.87,8.87,8.87,8.87,1378.0,17.0,8.87
ACHR,2026-01-09 10:45:00+00:00,8.87,8.9,8.87,8.9,9187.0,95.0,8.883752
ACHR,2026-01-09 10:50:00+00:00,8.91,8.96,8.9,8.96,22230.0,135.0,8.951132
ACHR,2026-01-09 10:55:00+00:00,8.94,8.94,8.89,8.92,6995.0,77.0,8.909299
ACHR,2026-01-09 11:00:00+00:00,8.92,8.93,8.92,8.93,6254.0,20.0,8.920431
ACHR,2026-01-09 11:05:00+00:00,8.92,8.92,8.89,8.89,9839.0,85.0,8.901929
ACHR,2026-01-09 11:10:00+00:00,8.9,8.9,8.9,8.9,354.0,7.0,8.9
ACHR,2026-01-09 11:15:00+00:00,8.9,8.91,8.9,8.91,601.0,11.0,8.904699
ACHR,2026-01-09 11:20:00+00:00,8.92,8.93,8.92,8.93,4217.0,40.0,8.925328
ACHR,2026-01-09 11:25:00+00:00,8.93,8.93,8.93,8.93,1716.0,33.0,8.93
ACHR,2026-01-09 11:30:00+00:00,8.93,8.93,8.9,8.9,13571.0,97.0,8.90463
ACHR,2026-01-09 11:35:00+00:00,8.88,8.88,8.88,8.88,987.0,23.0,8.88
ACHR,2026-01-09 11:40:00+00:00,8.88,8.91,8.88,8.89,5895.0,83.0,8.889741
ACHR,2026-01-09 11:45:00+00:00,8.9,8.9,8.89,8.89,2486.0,63.0,8.893466
ACHR,2026-01-09 11:50:00+00:00,8.89,8.9,8.89,8.9,1219.0,16.0,8.89748
ACHR,2026-01-09 11:55:00+00:00,8.89,8.89,8.87,8.88,6702.0,82.0,8.88331
ACHR,2026-01-09 12:00:00+00:00,8.87,8.9,8.87,8.9,11758.0,141.0,8.883351
ACHR,2026-01-09 12:05:00+00:00,8.9,8.9,8.9,8.9,1118.0,90.0,8.9
ACHR,2026-01-09 12:10:00+00:00,8.89,8.9,8.89,8.89,2818.0,26.0,8.89049
ACHR,2026-01-09 12:15:00+00:00,8.89,8.901,8.88,8.901,26915.0,71.0,8.890715
ACHR,2026-01-09 12:20:00+00:00,8.91,8.92,8.901,8.92,4113.0,39.0,8.917505
ACHR,2026-01-09 12:25:00+00:00,8.925,8.93,8.925,8.93,502.0,3.0,8.929
ACHR,2026-01-09 12:30:00+00:00,8.92,8.93,8.92,8.93,1834.0,46.0,8.926992
ACHR,2026-01-09 12:35:00+00:00,8.93,8.93,8.92,8.92,6799.0,53.0,8.9269
ACHR,2026-01-09 12:40:00+00:00,8.92,8.94,8.92,8.94,6822.0,23.0,8.937929
ACHR,2026-01-09 12:45:00+00:00,8.94,8.98,8.94,8.98,34131.0,176.0,8.959166
ACHR,2026-01-09 12:50:00+00:00,8.97,8.97,8.94,8.94,7885.0,66.0,8.948416
ACHR,2026-01-09 12:55:00+00:00,8.94,8.969,8.94,8.95,5185.0,44.0,8.952728
ACHR,2026-01-09 13:00:00+00:00,8.89,8.98,8.76,8.9354,388000.0,1137.0,8.900529
ACHR,2026-01-09 13:05:00+00:00,8.93,8.94,8.93,8.94,9909.0,70.0,8.933001
ACHR,2026-01-09 13:10:00+00:00,8.94,8.94,8.93,8.93,23057.0,83.0,8.936167
ACHR,2026-01-09 13:15:00+00:00,8.935,8.94,8.93,8.9399,31078.0,80.0,8.936454
ACHR,2026-01-09 13:20:00+00:00,8.93,8.97,8.93,8.95,36310.0,154.0,8.948502
ACHR,2026-01-09 13:25:00+00:00,8.95,8.95,8.93,8.94,9545.0,94.0,8.939692
ACHR,2026-01-09 13:30:00+00:00,8.94,8.97,8.93,8.95,112809.0,166.0,8.94134
ACHR,2026-01-09 13:35:00+00:00,8.96,8.98,8.95,8.95,23838.0,105.0,8.974545
ACHR,2026-01-09 13:40:00+00:00,8.96,8.96,8.94,8.9599,13392.0,90.0,8.951291
ACHR,2026-01-09 13:45:00+00:00,8.9568,8.96,8.94,8.94,9121.0,62.0,8.952044
ACHR,2026-01-09 13:50:00+00:00,8.9497,8.95,8.9201,8.93,24584.0,121.0,8.931771
ACHR,2026-01-09 13:55:00+00:00,8.9305,8.9305,8.92,8.92,13869.0,69.0,8.924592
ACHR,2026-01-09 14:00:00+00:00,8.93,8.94,8.92,8.93,14261.0,92.0,8.930853
ACHR,2026-01-09 14:05:00+00:00,8.93,8.94,8.92,8.93,25551.0,171.0,8.931664
ACHR,2026-01-09 14:10:00+00:00,8.93,8.94,8.9,8.9007,136557.0,236.0,8.934954
ACHR,2026-01-09 14:15:00+00:00,8.9,8.92,8.9,8.91,9375.0,107.0,8.909716
ACHR,2026-01-09 14:20:00+00:00,8.91,8.94,8.88,8.89,34825.0,273.0,8.900833
ACHR,2026-01-09 14:25:00+00:00,8.88,8.93,8.88,8.9,28405.0,150.0,8.896908
ACHR,2026-01-09 14:30:00+00:00,8.9,8.93,8.7,8.72,1222871.0,3179.0,8.831144
ACHR,2026-01-09 14:35:00+00:00,8.725,8.8,8.65,8.78,685666.0,2348.0,8.733939
ACHR,2026-01-09 14:40:00+00:00,8.77,8.89,8.77,8.815,607447.0,1641.0,8.848165
ACHR,2026-01-09 14:45:00+00:00,8.815,8.885,8.73,8.74,526375.0,1668.0,8.815843
ACHR,2026-01-09 14:50:00+00:00,8.7445,8.765,8.67,8.715,531170.0,1645.0,8.699058
ACHR,2026-01-09 14:55:00+00:00,8.7198,8.74,8.67,8.71,312990.0,1249.0,8.706271
ACHR,2026-01-09 15:00:00+00:00,8.71,8.72,8.61,8.62,587628.0,1881.0,8.651944
ACHR,2026-01-09 15:05:00+00:00,8.62,8.635,8.55,8.6,624865.0,1960.0,8.591353
ACHR,2026-01-09 15:10:00+00:00,8.6,8.65,8.58,8.635,663026.0,1388.0,8.622968
ACHR,2026-01-09 15:15:00+00:00,8.64,8.72,8.6297,8.68,392858.0,1319.0,8.675638
ACHR,2026-01-09 15:20:00+00:00,8.685,8.76,8.68,8.75,389748.0,1201.0,8.727267
ACHR,2026-01-09 15:25:00+00:00,8.745,8.85,8.73,8.845,435516.0,1291.0,8.782784
ACHR,2026-01-09 15:30:00+00:00,8.845,8.93,8.84,8.9,988094.0,2151.0,8.885785
ACHR,2026-01-09 15:35:00+00:00,8.9,8.91,8.82,8.83,551507.0,1266.0,8.870689
ACHR,2026-01-09 15:40:00+00:00,8.8225,8.83,8.75,8.7691,495729.0,1251.0,8.779783
ACHR,2026-01-09 15:45:00+00:00,8.77,8.795,8.685,8.6877,478627.0,1345.0,8.753351
ACHR,2026-01-09 15:50:00+00:00,8.6803,8.7,8.63,8.6429,362062.0,953.0,8.659433
ACHR,2026-01-09 15:55:00+00:00,8.65,8.7,8.6445,8.695,410245.0,960.0,8.671456
ACHR,2026-01-09 16:00:00+00:00,8.695,8.74,8.69,8.716,550661.0,961.0,8.718921
ACHR,2026-01-09 16:05:00+00:00,8.715,8.725,8.68,8.705,456966.0,909.0,8.696582
ACHR,2026-01-09 16:10:00+00:00,8.7025,8.75,8.69,8.7455,759872.0,1095.0,8.707482
ACHR,2026-01-09 16:15:00+00:00,8.745,8.75,8.71,8.75,457356.0,722.0,8.734501
ACHR,2026-01-09 16:20:00+00:00,8.75,8.77,8.74,8.765,367995.0,770.0,8.753982
ACHR,2026-01-09 16:25:00+00:00,8.77,8.775,8.75,8.76,218515.0,797.0,8.763271
ACHR,2026-01-09 16:30:00+00:00,8.77,8.7999,8.765,8.78,640036.0,992.0,8.780829
ACHR,2026-01-09 16:35:00+00:00,8.775,8.78,8.75,8.775,501756.0,932.0,8.766292
ACHR,2026-01-09 16:40:00+00:00,8.775,8.81,8.76,8.8,402411.0,887.0,8.780092
ACHR,2026-01-09 16:45:00+00:00,8.795,8.845,8.785,8.845,769155.0,1002.0,8.815181
ACHR,2026-01-09 16:50:00+00:00,8.84,8.9,8.8399,8.89,762898.0,988.0,8.862662
ACHR,2026-01-09 16:55:00+00:00,8.895,8.97,8.89,8.949,2344992.0,2730.0,8.94102
ACHR,2026-01-09 17:00:00+00:00,8.9401,8.965,8.93,8.948,1161505.0,1686.0,8.948827
ACHR,2026-01-09 17:05:00+00:00,8.95,8.96,8.93,8.935,590381.0,1212.0,8.94353
ACHR,2026-01-09 17:10:00+00:00,8.935,8.9399,8.84,8.885,1054613.0,1551.0,8.870872
ACHR,2026-01-09 17:15:00+00:00,8.88,8.885,8.83,8.8459,661010.0,963.0,8.855383
ACHR,2026-01-09 17:20:00+00:00,8.845,8.9,8.835,8.89,871788.0,966.0,8.878382
ACHR,2026-01-09 17:25:00+00:00,8.895,8.91,8.874,8.895,853501.0,1114.0,8.894464
ACHR,2026-01-09 17:30:00+00:00,8.9,8.92,8.9,8.915,298759.0,622.0,8.914216
ACHR,2026-01-09 17:35:00+00:00,8.9193,8.95,8.9,8.9473,718627.0,1150.0,8.931423
ACHR,2026-01-09 17:40:00+00:00,8.94,8.945,8.92,8.939,704184.0,1103.0,8.932458
ACHR,2026-01-09 17:45:00+00:00,8.94,8.94,8.9,8.9073,673379.0,917.0,8.912904
ACHR,2026-01-09 17:50:00+00:00,8.905,8.91,8.86,8.8602,745399.0,979.0,8.873364
ACHR,2026-01-09 17:55:00+00:00,8.865,8.87,8.84,8.8401,499475.0,954.0,8.854535
ACHR,2026-01-09 18:00:00+00:00,8.8497,8.8499,8.8,8.815,645188.0,1063.0,8.817294
ACHR,2026-01-09 18:05:00+00:00,8.815,8.83,8.8041,8.8108,738801.0,884.0,8.818401
ACHR,2026-01-09 18:10:00+00:00,8.81,8.8199,8.765,8.775,1038935.0,1186.0,8.788347
ACHR,2026-01-09 18:15:00+00:00,8.7799,8.78,8.71,8.725,1441982.0,1406.0,8.732177
ACHR,2026-01-09 18:20:00+00:00,8.7277,8.76,8.72,8.745,1080237.0,1089.0,8.74385
ACHR,2026-01-09 18:25:00+00:00,8.745,8.76,8.71,8.755,808220.0,971.0,8.732281
ACHR,2026-01-09 18:30:00+00:00,8.755,8.7859,8.74,8.77,925400.0,1073.0,8.764121
ACHR,2026-01-09 18:35:00+00:00,8.7679,8.84,8.7601,8.835,1143770.0,1124.0,8.805795
ACHR,2026-01-09 18:40:00+00:00,8.835,8.86,8.83,8.855,1060196.0,1254.0,8.848954
ACHR,2026-01-09 18:45:00+00:00,8.86,8.92,8.855,8.9195,818700.0,1075.0,8.887069
ACHR,2026-01-09 18:50:00+00:00,8.92,8.945,8.905,8.93,864127.0,1202.0,8.925161
ACHR,2026-01-09 18:55:00+00:00,8.925,8.9259,8.89,8.895,465222.0,918.0,8.906212
ACHR,2026-01-09 19:00:00+00:00,8.8967,8.9,8.81,8.8799,1576597.0,1500.0,8.844221
ACHR,2026-01-09 19:05:00+00:00,8.8799,8.88,8.85,8.875,1164004.0,858.0,8.86582
ACHR,2026-01-09 19:10:00+00:00,8.875,8.88,8.83,8.8307,470706.0,767.0,8.855463
ACHR,2026-01-09 19:15:00+00:00,8.835,8.84,8.81,8.811,655256.0,991.0,8.820817
ACHR,2026-01-09 19:20:00+00:00,8.815,8.815,8.765,8.795,1136009.0,1301.0,8.782296
ACHR,2026-01-09 19:25:00+00:00,8.795,8.8,8.7709,8.7799,643583.0,890.0,8.785707
ACHR,2026-01-09 19:30:00+00:00,8.7759,8.79,8.75,8.76,1266222.0,1323.0,8.763026
ACHR,2026-01-09 19:35:00+00:00,8.76,8.7799,8.75,8.7666,676549.0,872.0,8.764716
ACHR,2026-01-09 19:40:00+00:00,8.77,8.78,8.745,8.78,491981.0,898.0,8.764398
ACHR,2026-01-09 19:45:00+00:00,8.775,8.82,8.7612,8.805,583363.0,879.0,8.794786
ACHR,2026-01-09 19:50:00+00:00,8.8099,8.83,8.8,8.815,598538.0,841.0,8.814551
ACHR,2026-01-09 19:55:00+00:00,8.815,8.82,8.78,8.78,474741.0,858.0,8.792743
ACHR,2026-01-09 20:00:00+00:00,8.785,8.81,8.7436,8.81,923987.0,1136.0,8.774067
ACHR,2026-01-09 20:05:00+00:00,8.805,8.82,8.775,8.785,744154.0,993.0,8.798391
ACHR,2026-01-09 20:10:00+00:00,8.785,8.785,8.73,8.745,640259.0,1027.0,8.753595
ACHR,2026-01-09 20:15:00+00:00,8.745,8.76,8.72,8.7297,921757.0,1318.0,8.741446
ACHR,2026-01-09 20:20:00+00:00,8.725,8.74,8.7,8.715,556479.0,950.0,8.721745
ACHR,2026-01-09 20:25:00+00:00,8.71,8.73,8.705,8.7072,472977.0,997.0,8.718362
ACHR,2026-01-09 20:30:00+00:00,8.705,8.72,8.67,8.705,932081.0,1339.0,8.693841
ACHR,2026-01-09 20:35:00+00:00,8.71,8.74,8.7,8.715,788880.0,1103.0,8.717517
ACHR,2026-01-09 20:40:00+00:00,8.715,8.73,8.71,8.7296,612689.0,1253.0,8.719542
ACHR,2026-01-09 20:45:00+00:00,8.73,8.77,8.72,8.76,591932.0,1187.0,8.748724
ACHR,2026-01-09 20:50:00+00:00,8.765,8.775,8.73,8.775,935453.0,1763.0,8.754042
ACHR,2026-01-09 20:55:00+00:00,8.77,8.82,8.755,8.815,1222665.0,3431.0,8.792894
ACHR,2026-01-09 21:00:00+00:00,8.81,8.85,8.7606,8.81,1302734.0,230.0,8.810909
ACHR,2026-01-09 21:05:00+00:00,8.83,8.83,8.79,8.81,9940.0,41.0,8.80721
ACHR,2026-01-09 21:10:00+00:00,8.8,8.82,8.8,8.82,16200.0,39.0,8.807279
ACHR,2026-01-09 21:15:00+00:00,8.81,8.82,8.81,8.82,4950.0,38.0,8.81046
ACHR,2026-01-09 21:20:00+00:00,8.8103,8.83,8.81,8.82,31322.0,109.0,8.819653
ACHR,2026-01-09 21:25:00+00:00,8.84,8.84,8.82,8.83,4192.0,33.0,8.828464
ACHR,2026-01-09 21:30:00+00:00,8.8209,8.83,8.82,8.82,1253.0,11.0,8.821091
ACHR,2026-01-09 21:35:00+00:00,8.83,8.84,8.83,8.83,7450.0,57.0,8.835479
ACHR,2026-01-09 21:45:00+00:00,8.81,8.8297,8.81,8.8297,2391.0,24.0,8.821609
ACHR,2026-01-09 21:50:00+00:00,8.83,8.83,8.82,8.83,6331.0,35.0,8.825834
ACHR,2026-01-09 21:55:00+00:00,8.8299,8.8299,8.8284,8.8284,803.0,6.0,8.829698
ACHR,2026-01-09 22:00:00+00:00,8.83,8.86,8.83,8.86,17393.0,72.0,8.843747
ACHR,2026-01-09 22:05:00+00:00,8.85,8.86,8.83,8.86,5234.0,20.0,8.851721
ACHR,2026-01-09 22:10:00+00:00,8.8569,8.86,8.84,8.86,3489.0,34.0,8.854701
ACHR,2026-01-09 22:15:00+00:00,8.85,8.85,8.84,8.84,443.0,8.0,8.845125
ACHR,2026-01-09 22:20:00+00:00,8.8499,8.85,8.8483,8.8483,2157.0,12.0,8.849525
ACHR,2026-01-09 22:25:00+00:00,8.85,8.85,8.84,8.85,5565.0,27.0,8.843776
ACHR,2026-01-09 22:30:00+00:00,8.85,8.86,8.85,8.85,3173.0,20.0,8.851669
ACHR,2026-01-09 22:35:00+00:00,8.8598,8.86,8.8597,8.8597,3290.0,10.0,8.859713
ACHR,2026-01-09 22:40:00+00:00,8.86,8.87,8.86,8.87,16793.0,35.0,8.863934
ACHR,2026-01-09 22:45:00+00:00,8.87,8.87,8.86,8.8695,13924.0,49.0,8.865743
ACHR,2026-01-09 22:50:00+00:00,8.86,8.87,8.85,8.87,8955.0,31.0,8.856135
ACHR,2026-01-09 22:55:00+00:00,8.8693,8.87,8.85,8.8501,2099.0,18.0,8.861979
ACHR,2026-01-09 23:00:00+00:00,8.8597,8.8599,8.85,8.8599,2649.0,15.0,8.853782
ACHR,2026-01-09 23:05:00+00:00,8.8501,8.87,8.85,8.87,2604.0,15.0,8.855309
ACHR,2026-01-09 23:10:00+00:00,8.87,8.87,8.8502,8.8502,772.0,6.0,8.85812
ACHR,2026-01-09 23:15:00+00:00,8.8597,8.86,8.85,8.85,3348.0,13.0,8.857772
ACHR,2026-01-09 23:20:00+00:00,8.85,8.86,8.85,8.85,5109.0,43.0,8.851325
ACHR,2026-01-09 23:25:00+00:00,8.8688,8.87,8.84,8.85,7183.0,33.0,8.864074
ACHR,2026-01-09 23:30:00+00:00,8.87,8.87,8.8693,8.87,726.0,5.0,8.8699
ACHR,2026-01-09 23:35:00+00:00,8.8697,8.87,8.86,8.87,2842.0,21.0,8.86575
ACHR,2026-01-09 23:40:00+00:00,8.87,8.87,8.86,8.86,1523.0,11.0,8.868889
ACHR,2026-01-09 23:45:00+00:00,8.87,8.87,8.86,8.8601,2748.0,23.0,8.869059
ACHR,2026-01-09 23:50:00+00:00,8.87,8.87,8.86,8.86,840.0,9.0,8.8657
ACHR,2026-01-09 23:55:00+00:00,8.87,8.87,8.86,8.8616,2541.0,8.0,8.865964
ACHR,2026-01-10 00:00:00+00:00,8.8699,8.87,8.8601,8.8602,3145.0,19.0,8.868241
