date,open,high,low,close,volume
2026-07-24 16:15:00+00:00,317.19000244140625,317.4599914550781,317.19000244140625,317.32501220703125,0
2026-07-24 16:20:00+00:00,317.31500244140625,317.3399963378906,317.19000244140625,317.32000732421875,3129
2026-07-24 16:25:00+00:00,317.30999755859375,317.4700012207031,317.2099914550781,317.2900085449219,61110
2026-07-24 16:30:00+00:00,317.239990234375,317.3999938964844,317.1099853515625,317.3299865722656,5739
2026-07-24 16:35:00+00:00,317.32000732421875,317.79998779296875,317.1300048828125,317.79998779296875,5892
2026-07-24 16:40:00+00:00,317.739990234375,317.739990234375,317.2200012207031,317.2200012207031,4556
2026-07-24 16:45:00+00:00,317.1700134277344,317.30999755859375,317.0199890136719,317.0299987792969,5034
2026-07-24 16:50:00+00:00,317.1650085449219,317.1650085449219,316.54998779296875,316.7113037109375,4440
2026-07-24 16:55:00+00:00,316.7300109863281,317.0249938964844,316.6499938964844,316.92999267578125,3363
2026-07-24 17:00:00+00:00,316.7300109863281,316.7550048828125,316.70001220703125,316.7550048828125,1942
2026-07-24 17:05:00+00:00,316.7550048828125,316.7550048828125,316.0899963378906,316.3320007324219,4078
2026-07-24 17:10:00+00:00,316.17999267578125,316.5299987792969,316.17999267578125,316.5299987792969,2032
2026-07-24 17:15:00+00:00,316.5050048828125,316.72650146484375,316.2699890136719,316.72650146484375,2183
2026-07-24 17:20:00+00:00,316.5849914550781,316.6199951171875,316.42999267578125,316.5450134277344,2158
2026-07-24 17:25:00+00:00,316.50750732421875,316.7200012207031,316.4224853515625,316.625,3160
2026-07-24 17:30:00+00:00,316.7149963378906,317.510009765625,316.5799865722656,317.3299865722656,19675
2026-07-24 17:35:00+00:00,317.4100036621094,317.45001220703125,317.0899963378906,317.3999938964844,7481
2026-07-24 17:40:00+00:00,317.4700012207031,317.5400085449219,317.3999938964844,317.5400085449219,1487
2026-07-24 17:45:00+00:00,317.4949951171875,317.4949951171875,317.2300109863281,317.239990234375,3685
2026-07-24 17:50:00+00:00,317.3599853515625,317.69500732421875,317.1600036621094,317.4700012207031,9521
2026-07-24 17:55:00+00:00,317.5299987792969,317.5299987792969,317.29998779296875,317.3800048828125,1442
2026-07-24 18:00:00+00:00,317.30999755859375,317.3900146484375,317.05999755859375,317.1449890136719,8654
2026-07-24 18:05:00+00:00,317.1650085449219,318.3599853515625,317.1650085449219,318.3599853515625,5237
2026-07-24 18:10:00+00:00,318.3500061035156,318.55499267578125,317.7950134277344,317.7950134277344,16941
2026-07-24 18:15:00+00:00,317.86419677734375,317.86419677734375,317.5409851074219,317.5409851074219,2198
2026-07-24 18:20:00+00:00,317.5400085449219,317.67999267578125,317.5,317.635009765625,4616
2026-07-24 18:25:00+00:00,317.5799865722656,317.5799865722656,317.4750061035156,317.4750061035156,2991
2026-07-24 18:30:00+00:00,317.4649963378906,317.4700012207031,317.07000732421875,317.07501220703125,5444
2026-07-24 18:35:00+00:00,316.9700012207031,317.1099853515625,316.70001220703125,316.739990234375,7189
2026-07-24 18:40:00+00:00,316.68011474609375,316.7850036621094,316.45001220703125,316.6199951171875,3521
2026-07-24 18:45:00+00:00,316.6199951171875,316.989990234375,316.6000061035156,316.614990234375,5343
2026-07-24 18:50:00+00:00,316.4700012207031,316.8299865722656,316.4549865722656,316.7200012207031,7701
2026-07-24 18:55:00+00:00,316.69000244140625,316.9200134277344,316.69000244140625,316.7774963378906,7115
2026-07-24 19:00:00+00:00,316.760009765625,316.9512939453125,316.70001220703125,316.7799987792969,7205
2026-07-24 19:05:00+00:00,316.8299865722656,316.9599914550781,316.42999267578125,316.4800109863281,8942
2026-07-24 19:10:00+00:00,316.42999267578125,316.79998779296875,316.42999267578125,316.70001220703125,9501
2026-07-24 19:15:00+00:00,316.6000061035156,316.70001220703125,316.4200134277344,316.4849853515625,8166
2026-07-24 19:20:00+00:00,316.6300048828125,316.82501220703125,315.9100036621094,316.0899963378906,24279
2026-07-24 19:25:00+00:00,316.0899963378906,316.3299865722656,315.6600036621094,315.6600036621094,8727
2026-07-24 19:30:00+00:00,315.7900085449219,315.8699951171875,315.3999938964844,315.5,14824
2026-07-24 19:35:00+00:00,315.3900146484375,316.05999755859375,315.3900146484375,315.5,18159
2026-07-24 19:40:00+00:00,315.5799865722656,315.659912109375,315.090087890625,315.510009765625,29578
2026-07-24 19:45:00+00:00,315.57501220703125,315.6700134277344,314.45001220703125,314.6050109863281,51902
2026-07-24 19:50:00+00:00,314.6300048828125,314.94000244140625,314.18499755859375,314.3800048828125,51555
2026-07-24 19:55:00+00:00,314.30999755859375,315.2200012207031,314.2449951171875,314.9599914550781,123961
2026-07-24 20:00:00+00:00,314.96,315.926,314.01,314.96,0
2026-07-24 20:05:00+00:00,315.01,315.01,315.01,315.01,0
2026-07-24 20:10:00+00:00,314.96,314.96,314.96,314.96,0
2026-07-24 20:15:00+00:00,314.96,315.95,314.96,315.95,0
2026-07-24 20:25:00+00:00,314.96,314.96,314.96,314.96,0
2026-07-24 20:40:00+00:00,314.8515,315.8382,314.8515,315.8382,0
2026-07-24 20:50:00+00:00,314.96,314.96,314.96,314.96,0
2026-07-24 21:05:00+00:00,314.96,314.96,314.96,314.96,0
2026-07-24 21:10:00+00:00,315.4988,315.4988,315.4988,315.4988,0
2026-07-24 21:15:00+00:00,315.02,315.02,315.01,315.01,0
2026-07-24 21:30:00+00:00,315.01,315.01,315.01,315.01,0
2026-07-24 21:45:00+00:00,315.0,315.0,315.0,315.0,0
2026-07-24 21:50:00+00:00,315.02,315.02,315.02,315.02,0
2026-07-24 21:55:00+00:00,315.7052,315.7052,315.7052,315.7052,0
2026-07-24 22:05:00+00:00,315.05,315.05,315.05,315.05,0
2026-07-24 22:10:00+00:00,315.9488,315.9488,315.9488,315.9488,0
2026-07-24 22:50:00+00:00,315.25,315.25,315.25,315.25,0
2026-07-24 23:00:00+00:00,315.26,315.4,315.25,315.4,0
2026-07-24 23:05:00+00:00,315.05,315.15,315.02,315.15,0
2026-07-24 23:10:00+00:00,315.45,315.45,315.45,315.45,0
2026-07-24 23:30:00+00:00,315.15,315.15,315.15,315.15,0
2026-07-24 23:45:00+00:00,315.15,315.95,315.15,315.95,0
2026-07-24 23:55:00+00:00,315.95,315.95,315.95,315.95,0
2026-07-27 08:00:00+00:00,315.88,324.5,315.87,315.87,0
2026-07-27 08:05:00+00:00,315.87,315.87,315.87,315.87,0
2026-07-27 08:40:00+00:00,316.0,316.0,316.0,316.0,0
2026-07-27 09:10:00+00:00,315.96,316.03,315.88,315.88,0
2026-07-27 10:00:00+00:00,316.03,316.03,316.0,316.0,0
2026-07-27 10:35:00+00:00,308.4712,308.4712,308.4712,308.4712,0
2026-07-27 11:00:00+00:00,316.03,316.03,314.98,314.98,0
2026-07-27 11:10:00+00:00,319.5,319.5,319.5,319.5,0
2026-07-27 11:20:00+00:00,319.5,319.5,319.5,319.5,0
2026-07-27 12:10:00+00:00,317.0,317.0,317.0,317.0,0
2026-07-27 12:15:00+00:00,317.0,317.0,317.0,317.0,0
2026-07-27 12:20:00+00:00,315.6125,317.47,315.6125,317.47,0
2026-07-27 12:25:00+00:00,316.5,316.5,316.5,316.5,0
2026-07-27 12:30:00+00:00,316.5,316.5,316.5,316.5,0
2026-07-27 12:35:00+00:00,316.26,316.26,316.26,316.26,0
2026-07-27 12:45:00+00:00,316.26,316.26,316.26,316.26,0
2026-07-27 12:50:00+00:00,316.5,316.95,316.5,316.95,0
2026-07-27 12:55:00+00:00,315.5597,315.5597,315.5597,315.5597,0
2026-07-27 13:00:00+00:00,316.3,316.3,316.3,316.3,0
2026-07-27 13:30:00+00:00,314.5,315.989990234375,312.5400085449219,314.6700134277344,18271
2026-07-27 13:35:00+00:00,314.67498779296875,315.44989013671875,313.92498779296875,314.5249938964844,4403
2026-07-27 13:40:00+00:00,314.6349792480469,315.0450134277344,313.3399963378906,314.17999267578125,20950
2026-07-27 13:45:00+00:00,314.2449951171875,314.2449951171875,313.0,313.0,11495
2026-07-27 13:50:00+00:00,313.02349853515625,313.3500061035156,312.6499938964844,312.7749938964844,18504
2026-07-27 13:55:00+00:00,312.6499938964844,314.239990234375,312.6099853515625,313.5199890136719,28916
2026-07-27 14:00:00+00:00,313.6300048828125,314.1300048828125,313.12200927734375,313.30999755859375,15471
2026-07-27 14:05:00+00:00,313.1600036621094,313.2300109863281,312.5,312.7200012207031,33282
2026-07-27 14:10:00+00:00,312.7200012207031,313.44500732421875,312.010009765625,312.2099914550781,98832
2026-07-27 14:15:00+00:00,312.2099914550781,313.07501220703125,311.0199890136719,311.92498779296875,29516
2026-07-27 14:20:00+00:00,311.92498779296875,312.0899963378906,311.0849914550781,311.2049865722656,23268
2026-07-27 14:25:00+00:00,311.2049865722656,312.3900146484375,311.2049865722656,312.135009765625,23899
2026-07-27 14:30:00+00:00,312.135009765625,313.0400085449219,311.760009765625,312.5249938964844,11386
2026-07-27 14:35:00+00:00,312.55499267578125,313.2698974609375,312.5150146484375,313.1400146484375,9752
2026-07-27 14:40:00+00:00,313.010009765625,313.2349853515625,312.7550048828125,313.1000061035156,5890
2026-07-27 14:45:00+00:00,313.0899963378906,313.8399963378906,312.625,313.6400146484375,14234
2026-07-27 14:50:00+00:00,313.625,314.2200012207031,313.3450012207031,314.1400146484375,11643
2026-07-27 14:55:00+00:00,314.135009765625,314.25,313.79998779296875,313.9599914550781,16947
2026-07-27 15:00:00+00:00,313.8299865722656,314.0,313.3299865722656,313.5400085449219,17670
2026-07-27 15:05:00+00:00,313.55999755859375,314.260009765625,312.7200012207031,312.82000732421875,16916
2026-07-27 15:10:00+00:00,312.6499938964844,312.89990234375,312.489990234375,312.6600036621094,5175
2026-07-27 15:15:00+00:00,312.6600036621094,312.6600036621094,312.0,312.2650146484375,10279
2026-07-27 15:20:00+00:00,312.239990234375,312.239990234375,311.56500244140625,311.6199951171875,10412
2026-07-27 15:25:00+00:00,311.7300109863281,311.8299865722656,311.1099853515625,311.2349853515625,7614
2026-07-27 15:30:00+00:00,311.2349853515625,312.3299865722656,311.0,312.0150146484375,29662
2026-07-27 15:35:00+00:00,311.8999938964844,312.04998779296875,311.76251220703125,311.8999938964844,6088
2026-07-27 15:40:00+00:00,312.0249938964844,312.0249938964844,311.6700134277344,311.94000244140625,10256
2026-07-27 15:45:00+00:00,311.8900146484375,311.9700012207031,311.32000732421875,311.5400085449219,7154
2026-07-27 15:50:00+00:00,311.5350036621094,311.5350036621094,311.17999267578125,311.3550109863281,6009
2026-07-27 15:55:00+00:00,311.2900085449219,311.57000732421875,311.1600036621094,311.5299987792969,6627
2026-07-27 16:00:00+00:00,311.5,311.6600036621094,311.010009765625,311.3399963378906,48481
2026-07-27 16:05:00+00:00,311.4100036621094,311.9750061035156,311.25,311.7701110839844,4724
2026-07-27 16:10:00+00:00,312.07000732421875,312.1000061035156,310.82000732421875,310.82000732421875,26801
2026-07-27 16:15:00+00:00,310.81500244140625,311.1099853515625,310.3599853515625,310.9599914550781,7620
2026-07-27 16:20:00+00:00,310.9649963378906,311.8599853515625,310.82000732421875,311.82000732421875,10106
2026-07-27 16:25:00+00:00,311.7300109863281,312.2099914550781,311.7200012207031,312.0849914550781,9616
2026-07-27 16:30:00+00:00,312.25,312.32000732421875,311.9599914550781,312.05499267578125,4805
2026-07-27 16:35:00+00:00,312.05499267578125,312.489990234375,311.95001220703125,312.489990234375,6988
2026-07-27 16:40:00+00:00,312.739990234375,312.94000244140625,312.5400085449219,312.7900085449219,9310
2026-07-27 16:45:00+00:00,312.7650146484375,313.5,312.7650146484375,313.0425109863281,6769
2026-07-27 16:50:00+00:00,312.92999267578125,312.92999267578125,312.4800109863281,312.6000061035156,4784
2026-07-27 16:55:00+00:00,312.6000061035156,312.80499267578125,312.260009765625,312.57501220703125,6003
2026-07-27 17:00:00+00:00,312.57501220703125,312.80999755859375,312.3949890136719,312.42498779296875,4982
2026-07-27 17:05:00+00:00,312.42498779296875,312.55999755859375,312.1400146484375,312.20001220703125,6191
2026-07-27 17:10:00+00:00,312.2749938964844,312.3999938964844,311.885009765625,311.885009765625,8503
2026-07-27 17:15:00+00:00,311.79998779296875,311.8800048828125,311.5950012207031,311.8800048828125,6855
2026-07-27 17:20:00+00:00,311.8900146484375,312.1289978027344,311.7200012207031,311.9800109863281,4838
2026-07-27 17:25:00+00:00,312.0581970214844,312.1000061035156,311.7300109863281,311.7300109863281,5105
2026-07-27 17:30:00+00:00,311.7300109863281,312.0249938964844,311.6488342285156,312.0249938964844,3934
2026-07-27 17:35:00+00:00,312.00250244140625,312.1099853515625,311.8299865722656,312.07000732421875,6684
2026-07-27 17:40:00+00:00,311.9800109863281,312.1995849609375,311.9200134277344,311.95001220703125,4872
2026-07-27 17:45:00+00:00,311.82000732421875,311.9800109863281,311.6000061035156,311.6000061035156,5401
2026-07-27 17:50:00+00:00,311.69000244140625,311.80999755859375,311.44000244140625,311.7200012207031,10850
2026-07-27 17:55:00+00:00,311.7250061035156,312.0299987792969,311.7099914550781,311.95001220703125,6557
2026-07-27 18:00:00+00:00,312.0400085449219,312.2449951171875,311.57000732421875,312.1300048828125,11389
2026-07-27 18:05:00+00:00,312.1130065917969,312.2200012207031,311.80999755859375,311.8900146484375,8559
2026-07-27 18:10:00+00:00,311.9150085449219,312.0934143066406,311.82000732421875,312.0150146484375,6217
2026-07-27 18:15:00+00:00,312.0150146484375,312.0150146484375,311.5299987792969,311.54998779296875,7315
2026-07-27 18:20:00+00:00,311.5400085449219,311.6990051269531,311.239990234375,311.4949951171875,10382
2026-07-27 18:25:00+00:00,311.4949951171875,311.5199890136719,311.010009765625,311.17999267578125,7799
2026-07-27 18:30:00+00:00,311.17999267578125,311.2799987792969,310.7200012207031,310.7200012207031,8331
2026-07-27 18:35:00+00:00,310.7200012207031,310.9599914550781,310.67999267578125,310.67999267578125,7846
2026-07-27 18:40:00+00:00,310.5899963378906,310.7900085449219,310.0400085449219,310.0400085449219,17205
2026-07-27 18:45:00+00:00,310.010009765625,310.04998779296875,309.05999755859375,309.05999755859375,12125
2026-07-27 18:50:00+00:00,309.0,309.4200134277344,308.80999755859375,309.1549987792969,19601
2026-07-27 18:55:00+00:00,309.1575012207031,309.5799865722656,309.1575012207031,309.3299865722656,10796
2026-07-27 19:00:00+00:00,309.3299865722656,310.0400085449219,309.2300109863281,309.75,14438
2026-07-27 19:05:00+00:00,309.75,309.7749938964844,309.0299987792969,309.0400085449219,15786
2026-07-27 19:10:00+00:00,309.2799987792969,309.3699951171875,308.7099914550781,308.875,14485
2026-07-27 19:15:00+00:00,309.0,309.79998779296875,309.0,309.4649963378906,15997
2026-07-27 19:20:00+00:00,309.4649963378906,310.11749267578125,309.2900085449219,310.11749267578125,14192
2026-07-27 19:25:00+00:00,310.114990234375,310.70001220703125,310.010009765625,310.25750732421875,15846
2026-07-27 19:30:00+00:00,310.2550048828125,310.45001220703125,309.489990234375,310.1600036621094,33996
2026-07-27 19:35:00+00:00,310.2149963378906,310.5,310.1099853515625,310.3699951171875,16813
2026-07-27 19:40:00+00:00,310.385009765625,310.7200012207031,310.2099914550781,310.260009765625,35926
2026-07-27 19:45:00+00:00,310.239990234375,310.5799865722656,310.1600036621094,310.35009765625,28248
2026-07-27 19:50:00+00:00,310.5799865722656,311.06500244140625,310.5299987792969,310.7699890136719,37593
2026-07-27 19:55:00+00:00,310.82000732421875,311.4700012207031,310.2799987792969,310.82000732421875,155948
2026-07-27 20:00:00+00:00,310.78,310.79,310.78,310.79,0
2026-07-27 20:05:00+00:00,310.79,310.79,310.48,310.79,0
2026-07-27 20:10:00+00:00,310.79,310.79,310.79,310.79,0
2026-07-27 20:15:00+00:00,310.79,310.81,310.79,310.81,0
2026-07-27 20:25:00+00:00,314.65,314.65,313.2,313.7,0
2026-07-27 20:30:00+00:00,310.83,311.35,310.83,311.28,0
2026-07-27 20:40:00+00:00,310.82,310.82,310.82,310.82,0
2026-07-27 20:50:00+00:00,311.0,311.0,311.0,311.0,0
2026-07-27 20:55:00+00:00,310.84,310.84,310.79,310.79,0
2026-07-27 21:05:00+00:00,310.79,311.2583,310.79,311.2583,0
2026-07-27 21:15:00+00:00,311.26,311.26,311.26,311.26,0
2026-07-27 21:30:00+00:00,311.26,311.26,311.26,311.26,0
2026-07-27 21:35:00+00:00,311.2,311.2,311.2,311.2,0
2026-07-27 21:50:00+00:00,310.93,310.93,310.93,310.93,0
2026-07-27 21:55:00+00:00,310.93,310.93,310.79,310.79,0
2026-07-27 22:20:00+00:00,310.79,310.79,310.79,310.79,0
2026-07-27 23:00:00+00:00,310.83,310.85,310.82,310.82,0
2026-07-27 23:15:00+00:00,310.82,310.82,310.82,310.82,0
2026-07-27 23:30:00+00:00,310.83,310.83,310.83,310.83,0
2026-07-27 23:50:00+00:00,312.0,312.0,312.0,312.0,0
2026-07-27 23:55:00+00:00,312.0,313.379,312.0,313.379,0
2026-07-28 08:00:00+00:00,315.2172,317.1582,310.79,312.0,0
2026-07-28 08:05:00+00:00,312.0,312.0,312.0,312.0,0
2026-07-28 08:10:00+00:00,311.83,312.0,311.83,311.83,0
2026-07-28 08:20:00+00:00,311.83,311.83,311.83,311.83,0
2026-07-28 08:35:00+00:00,311.83,311.83,311.83,311.83,0
2026-07-28 08:50:00+00:00,311.83,311.83,311.83,311.83,0
2026-07-28 09:05:00+00:00,311.83,311.83,311.83,311.83,0
2026-07-28 09:20:00+00:00,311.83,311.83,311.83,311.83,0
2026-07-28 09:30:00+00:00,311.45,311.66,310.82,310.92,0
2026-07-28 09:35:00+00:00,311.09,311.09,311.08,311.08,0
2026-07-28 09:50:00+00:00,313.17,313.17,313.17,313.17,0
2026-07-28 10:05:00+00:00,312.45,313.59,312.12,313.59,0
2026-07-28 10:10:00+00:00,312.29,312.29,312.29,312.29,0
2026-07-28 10:20:00+00:00,312.52,312.52,312.5,312.5,0
2026-07-28 10:25:00+00:00,312.55,312.55,312.29,312.29,0
2026-07-28 10:30:00+00:00,312.29,312.29,312.29,312.29,0
2026-07-28 10:40:00+00:00,312.29,312.29,312.29,312.29,0
2026-07-28 11:00:00+00:00,315.16,315.16,313.29,313.5,0
2026-07-28 11:05:00+00:00,312.49,312.49,312.45,312.49,0
2026-07-28 11:10:00+00:00,312.49,312.49,312.49,312.49,0
2026-07-28 11:20:00+00:00,312.68,312.68,312.62,312.64,0
2026-07-28 11:30:00+00:00,313.6,313.6,312.62,312.62,0
2026-07-28 11:35:00+00:00,312.5275,313.0,312.5275,312.8,0
2026-07-28 11:45:00+00:00,313.6,313.6,312.49,312.49,0
2026-07-28 11:50:00+00:00,312.49,312.65,312.49,312.65,0
2026-07-28 12:00:00+00:00,312.61,312.65,312.61,312.65,0
2026-07-28 12:05:00+00:00,312.64,312.79,312.64,312.72,0
2026-07-28 12:10:00+00:00,313.59,313.59,311.0,311.0,0
2026-07-28 12:25:00+00:00,311.5,311.5,311.5,311.5,0
2026-07-28 12:35:00+00:00,311.5,311.5,311.5,311.5,0
2026-07-28 12:45:00+00:00,311.403,311.403,311.403,311.403,0
2026-07-28 12:50:00+00:00,312.03,312.03,310.79,310.79,0
2026-07-28 12:55:00+00:00,310.81,310.84,308.83,308.93,0
2026-07-28 13:00:00+00:00,308.6,310.0,307.43,307.9,0
2026-07-28 13:05:00+00:00,307.1456,308.0,307.02,307.5,0
2026-07-28 13:10:00+00:00,307.01,309.55,306.5,306.5,0
2026-07-28 13:30:00+00:00,310.8500061035156,311.6798095703125,303.0,303.7099914550781,47279
2026-07-28 13:35:00+00:00,304.2300109863281,307.989990234375,304.1260070800781,307.989990234375,33745
2026-07-28 13:40:00+00:00,307.8800048828125,309.5,307.8800048828125,308.8699951171875,16963
2026-07-28 13:45:00+00:00,309.0,309.95001220703125,308.4200134277344,309.95001220703125,12812
2026-07-28 13:50:00+00:00,309.57000732421875,310.2850036621094,308.5899963378906,309.9150085449219,7660
2026-07-28 13:55:00+00:00,309.9674987792969,310.67999267578125,309.2699890136719,309.3575134277344,7950
2026-07-28 14:00:00+00:00,309.4800109863281,309.7200012207031,308.6050109863281,308.7699890136719,14462
2026-07-28 14:05:00+00:00,308.7650146484375,308.7650146484375,306.7900085449219,306.8800048828125,23640
2026-07-28 14:10:00+00:00,307.0350036621094,308.9949951171875,307.0350036621094,308.8299865722656,18958
2026-07-28 14:15:00+00:00,308.8349914550781,309.1700134277344,308.4200134277344,308.7200012207031,8789
2026-07-28 14:20:00+00:00,308.7300109863281,309.2300109863281,308.19000244140625,309.2300109863281,15258
2026-07-28 14:25:00+00:00,309.4800109863281,310.6099853515625,309.2900085449219,310.5,13780
2026-07-28 14:30:00+00:00,310.4800109863281,310.875,309.802490234375,310.4049987792969,22928
2026-07-28 14:35:00+00:00,310.17999267578125,310.2799987792969,309.8699951171875,310.0150146484375,6917
2026-07-28 14:40:00+00:00,310.0150146484375,310.1499938964844,309.3900146484375,309.3900146484375,9759
2026-07-28 14:45:00+00:00,309.4049987792969,309.73370361328125,308.989990234375,309.5249938964844,6567
2026-07-28 14:50:00+00:00,309.5249938964844,309.5249938964844,308.6499938964844,308.6499938964844,9214
2026-07-28 14:55:00+00:00,308.8299865722656,309.5799865722656,308.7699890136719,309.3599853515625,11559
2026-07-28 15:00:00+00:00,309.54998779296875,309.54998779296875,309.07000732421875,309.2200012207031,10674
2026-07-28 15:05:00+00:00,309.19061279296875,310.3699951171875,309.1000061035156,310.3699951171875,26635
2026-07-28 15:10:00+00:00,310.4599914550781,310.95001220703125,310.3599853515625,310.55999755859375,10655
2026-07-28 15:15:00+00:00,310.54998779296875,310.6499938964844,310.1600036621094,310.3599853515625,12684
2026-07-28 15:20:00+00:00,310.54998779296875,310.95001220703125,309.92999267578125,310.30499267578125,11773
2026-07-28 15:25:00+00:00,310.2099914550781,310.3900146484375,309.8299865722656,309.8699951171875,9842
2026-07-28 15:30:00+00:00,310.07000732421875,310.4649963378906,309.8999938964844,310.2095031738281,9097
2026-07-28 15:35:00+00:00,310.2099914550781,310.8699951171875,310.17999267578125,310.6600036621094,7552
2026-07-28 15:40:00+00:00,310.67999267578125,310.95001220703125,310.6000061035156,310.7950134277344,17604
2026-07-28 15:45:00+00:00,310.7850036621094,310.9200134277344,310.6000061035156,310.7300109863281,13148
2026-07-28 15:50:00+00:00,310.6449890136719,310.9100036621094,310.5199890136719,310.5299987792969,20285
2026-07-28 15:55:00+00:00,310.5249938964844,310.6400146484375,310.1600036621094,310.5299987792969,5257
2026-07-28 16:00:00+00:00,310.31201171875,311.6499938964844,310.31201171875,311.25,10183
2026-07-28 16:05:00+00:00,311.25,311.79998779296875,311.25,311.5,21923
2026-07-28 16:10:00+00:00,311.510009765625,312.0199890136719,311.3399963378906,311.3399963378906,11416
2026-07-28 16:15:00+00:00,311.36248779296875,311.36248779296875,309.9100036621094,310.3299865722656,6987
2026-07-28 16:20:00+00:00,310.32000732421875,310.6199951171875,310.0899963378906,310.6199951171875,5253
2026-07-28 16:25:00+00:00,310.6449890136719,310.7300109863281,310.2749938964844,310.3500061035156,7478
2026-07-28 16:30:00+00:00,310.489990234375,311.1499938964844,310.4599914550781,310.8450012207031,9496
2026-07-28 16:35:00+00:00,310.8500061035156,310.9800109863281,310.3800048828125,310.551513671875,9790
2026-07-28 16:40:00+00:00,310.7099914550781,310.739990234375,310.1400146484375,310.1700134277344,5502
2026-07-28 16:45:00+00:00,310.19500732421875,310.2900085449219,309.94000244140625,309.94000244140625,3119
2026-07-28 16:50:00+00:00,310.07000732421875,311.57000732421875,310.0199890136719,311.1300048828125,105490
2026-07-28 16:55:00+00:00,311.19000244140625,311.6600036621094,311.19000244140625,311.6000061035156,17751
2026-07-28 17:00:00+00:00,311.510009765625,311.7799987792969,311.16400146484375,311.5483093261719,18654
2026-07-28 17:05:00+00:00,311.3962097167969,311.7991943359375,311.1505126953125,311.2001037597656,26325
2026-07-28 17:10:00+00:00,311.20001220703125,311.34991455078125,310.9599914550781,311.239990234375,12676
2026-07-28 17:15:00+00:00,311.2699890136719,311.30999755859375,310.74249267578125,310.875,10622
2026-07-28 17:20:00+00:00,310.88250732421875,311.5899963378906,310.88250732421875,311.5799865722656,11218
2026-07-28 17:25:00+00:00,311.55999755859375,311.80999755859375,311.3599853515625,311.3599853515625,12099
2026-07-28 17:30:00+00:00,311.3699951171875,311.8236083984375,311.2799987792969,311.75970458984375,8737
2026-07-28 17:35:00+00:00,311.69000244140625,312.0299987792969,311.5,311.9100036621094,8394
2026-07-28 17:40:00+00:00,312.0,312.32501220703125,311.80999755859375,312.0599060058594,9970
2026-07-28 17:45:00+00:00,312.05999755859375,312.2200012207031,311.6499938964844,311.7250061035156,11605
2026-07-28 17:50:00+00:00,311.7300109863281,311.94000244140625,311.55999755859375,311.7950134277344,7886
2026-07-28 17:55:00+00:00,311.7850036621094,311.8599853515625,311.1700134277344,311.1700134277344,7317
2026-07-28 18:00:00+00:00,311.1300048828125,311.45001220703125,311.0899963378906,311.1449890136719,8171
2026-07-28 18:05:00+00:00,311.239990234375,311.239990234375,310.7900085449219,310.9198913574219,8786
2026-07-28 18:10:00+00:00,310.9100036621094,311.0899963378906,310.8399963378906,311.0,6962
2026-07-28 18:15:00+00:00,311.0299987792969,311.1400146484375,310.8800048828125,311.010009765625,5895
2026-07-28 18:20:00+00:00,311.0,311.04998779296875,310.8699951171875,310.9800109863281,8178
2026-07-28 18:25:00+00:00,310.9200134277344,311.1499938964844,310.8699951171875,311.1499938964844,7759
2026-07-28 18:30:00+00:00,311.25,311.3999938964844,310.8500061035156,310.8500061035156,9797
2026-07-28 18:35:00+00:00,310.8399963378906,310.9700012207031,310.54998779296875,310.9700012207031,10173
2026-07-28 18:40:00+00:00,310.9700012207031,311.0400085449219,310.69000244140625,310.8599853515625,7389
2026-07-28 18:45:00+00:00,310.8500061035156,311.20001220703125,310.67999267578125,311.07000732421875,5944
2026-07-28 18:50:00+00:00,311.114990234375,311.3299865722656,311.031494140625,311.031494140625,5979
2026-07-28 18:55:00+00:00,311.0950012207031,311.4100036621094,311.0,311.4100036621094,6050
2026-07-28 19:00:00+00:00,311.4100036621094,311.7099914550781,311.32000732421875,311.69000244140625,8346
2026-07-28 19:05:00+00:00,311.8500061035156,312.489990234375,311.6650085449219,312.3450012207031,9395
2026-07-28 19:10:00+00:00,312.4200134277344,313.0299987792969,312.4200134277344,313.0299987792969,14695
2026-07-28 19:15:00+00:00,312.9800109863281,313.3500061035156,312.82501220703125,312.9100036621094,14025
2026-07-28 19:20:00+00:00,313.0,313.2699890136719,312.5,312.6499938964844,31418
2026-07-28 19:25:00+00:00,312.79998779296875,313.2200012207031,312.6600036621094,312.8699951171875,14293
2026-07-28 19:30:00+00:00,312.95001220703125,313.75,312.6000061035156,312.8699951171875,22204
2026-07-28 19:35:00+00:00,312.8599853515625,312.93499755859375,312.3900146484375,312.7900085449219,15685
2026-07-28 19:40:00+00:00,312.6600036621094,312.69000244140625,312.04998779296875,312.260009765625,17431
2026-07-28 19:45:00+00:00,312.1000061035156,312.5150146484375,311.7799987792969,312.385009765625,20765
2026-07-28 19:50:00+00:00,312.45001220703125,313.2099914550781,312.2699890136719,313.2099914550781,35244
2026-07-28 19:55:00+00:00,313.2099914550781,313.4100036621094,312.525390625,312.6499938964844,143246
2026-07-28 20:00:00+00:00,312.63,312.64,311.0,312.64,0
2026-07-28 20:05:00+00:00,313.902,313.902,312.77,312.77,0
2026-07-28 20:10:00+00:00,312.64,313.51,312.64,313.51,0
2026-07-28 20:15:00+00:00,312.64,313.5,312.64,313.5,0
2026-07-28 20:20:00+00:00,312.64,313.7,312.64,313.7,0
2026-07-28 20:25:00+00:00,313.25,313.25,313.25,313.25,0
2026-07-28 20:30:00+00:00,313.0,313.0,312.64,312.64,0
2026-07-28 20:35:00+00:00,312.64,313.5,312.64,312.9515,0
2026-07-28 20:45:00+00:00,313.0,313.0,313.0,313.0,0
2026-07-28 20:50:00+00:00,314.5075,314.5075,314.5075,314.5075,0
2026-07-28 21:00:00+00:00,314.48,314.65,314.17,314.65,0
2026-07-28 21:05:00+00:00,314.65,314.65,312.9515,312.9515,0
2026-07-28 21:20:00+00:00,312.9515,314.6,312.9515,314.6,0
2026-07-28 21:25:00+00:00,314.373,314.373,314.373,314.373,0
2026-07-28 21:30:00+00:00,314.0,314.0,314.0,314.0,0
2026-07-28 21:35:00+00:00,314.0,314.0,314.0,314.0,0
2026-07-28 21:45:00+00:00,313.23,313.23,313.23,313.23,0
2026-07-28 21:55:00+00:00,312.64,312.64,312.64,312.64,0
2026-07-28 22:05:00+00:00,313.23,313.23,313.21,313.21,0
2026-07-28 22:10:00+00:00,313.06,313.06,313.06,313.06,0
2026-07-28 22:15:00+00:00,314.24,314.24,314.24,314.24,0
2026-07-28 22:20:00+00:00,313.05,314.65,312.99,314.65,0
2026-07-28 22:30:00+00:00,312.64,314.65,312.64,314.65,0
2026-07-28 22:35:00+00:00,314.65,314.65,314.65,314.65,0
2026-07-28 22:45:00+00:00,312.64,312.64,312.64,312.64,0
2026-07-28 22:55:00+00:00,314.501,314.61,314.501,314.61,0
2026-07-28 23:10:00+00:00,314.3131,314.3131,314.3131,314.3131,0
2026-07-28 23:15:00+00:00,312.64,312.64,312.64,312.64,0
2026-07-28 23:20:00+00:00,313.0,313.0,313.0,313.0,0
2026-07-28 23:30:00+00:00,314.501,314.501,314.501,314.501,0
2026-07-28 23:35:00+00:00,314.501,314.501,314.501,314.501,0
2026-07-28 23:40:00+00:00,313.25,313.25,313.0,313.0,0
2026-07-28 23:45:00+00:00,313.0,313.0,313.0,313.0,0
2026-07-28 23:50:00+00:00,313.0,313.0,313.0,313.0,0
2026-07-28 23:55:00+00:00,312.9553,313.5,312.9553,313.5,0
2026-07-29 08:00:00+00:00,312.55,313.29,312.55,313.29,0
2026-07-29 08:20:00+00:00,313.27,313.27,313.27,313.27,0
2026-07-29 08:35:00+00:00,313.27,313.27,313.27,313.27,0
2026-07-29 08:40:00+00:00,313.27,313.27,313.27,313.27,0
2026-07-29 09:05:00+00:00,313.27,313.27,313.27,313.27,0
2026-07-29 09:20:00+00:00,313.27,313.27,313.27,313.27,0
2026-07-29 09:30:00+00:00,313.27,313.27,313.27,313.27,0
2026-07-29 09:50:00+00:00,313.27,313.27,313.27,313.27,0
2026-07-29 09:55:00+00:00,317.2857,317.2857,317.2857,317.2857,0
2026-07-29 10:05:00+00:00,317.2857,317.2857,317.2857,317.2857,0
2026-07-29 10:20:00+00:00,317.2857,317.2857,317.2857,317.2857,0
2026-07-29 10:25:00+00:00,312.75,312.75,312.75,312.75,0
2026-07-29 10:35:00+00:00,312.75,312.75,312.75,312.75,0
2026-07-29 10:50:00+00:00,312.75,312.75,312.75,312.75,0
2026-07-29 11:00:00+00:00,313.89,313.89,313.86,313.86,0
2026-07-29 11:05:00+00:00,314.0,314.0,314.0,314.0,0
2026-07-29 11:10:00+00:00,312.75,312.75,312.75,312.75,0
2026-07-29 11:20:00+00:00,314.0,314.0,314.0,314.0,0
2026-07-29 11:25:00+00:00,314.6499,314.6499,314.6499,314.6499,0
2026-07-29 11:50:00+00:00,314.65,314.65,314.65,314.65,0
2026-07-29 11:55:00+00:00,312.64,314.0,312.64,314.0,0
2026-07-29 12:00:00+00:00,313.5,314.0,313.5,314.0,0
2026-07-29 12:15:00+00:00,312.75,312.75,312.63,312.67,0
2026-07-29 12:20:00+00:00,312.67,312.67,312.67,312.67,0
2026-07-29 12:25:00+00:00,312.69,312.69,312.69,312.69,0
2026-07-29 12:30:00+00:00,312.6,312.6,312.1,312.1,0
2026-07-29 12:40:00+00:00,313.0,313.0,312.6,312.6,0
2026-07-29 12:50:00+00:00,312.6,312.6,312.6,312.6,0
2026-07-29 13:05:00+00:00,314.0,314.65,314.0,314.65,0
2026-07-29 13:30:00+00:00,312.0,312.7267150878906,310.1099853515625,311.0799865722656,121375
2026-07-29 13:35:00+00:00,310.8450012207031,311.6000061035156,310.2992858886719,311.4200134277344,9145
2026-07-29 13:40:00+00:00,311.5199890136719,311.6600036621094,310.7550048828125,310.94000244140625,11103
2026-07-29 13:45:00+00:00,310.42999267578125,311.8999938964844,310.42999267578125,311.44000244140625,11457
2026-07-29 13:50:00+00:00,311.5,312.17999267578125,311.0199890136719,311.9049987792969,9817
2026-07-29 13:55:00+00:00,311.9200134277344,312.1300048828125,311.57501220703125,311.7699890136719,5740
2026-07-29 14:00:00+00:00,311.7749938964844,311.8900146484375,310.7300109863281,311.7799987792969,18666
2026-07-29 14:05:00+00:00,311.8900146484375,311.8900146484375,311.0299987792969,311.32501220703125,6170
2026-07-29 14:10:00+00:00,311.3349914550781,311.5400085449219,310.260009765625,310.8699951171875,71629
2026-07-29 14:15:00+00:00,310.8699951171875,311.0299987792969,309.6199951171875,309.8500061035156,28326
2026-07-29 14:20:00+00:00,309.8500061035156,310.8299865722656,309.1000061035156,309.8450012207031,16149
2026-07-29 14:25:00+00:00,309.9750061035156,310.7449951171875,309.3599853515625,310.70001220703125,14743
2026-07-29 14:30:00+00:00,310.44000244140625,310.5299987792969,309.7149963378906,310.0400085449219,9251
2026-07-29 14:35:00+00:00,309.78448486328125,310.0400085449219,309.4100036621094,309.7200012207031,12380
2026-07-29 14:40:00+00:00,309.7200012207031,309.7200012207031,309.0799865722656,309.364990234375,8861
2026-07-29 14:45:00+00:00,309.54998779296875,310.4200134277344,309.4649963378906,310.1099853515625,7488
2026-07-29 14:50:00+00:00,310.2300109863281,310.4599914550781,309.7200012207031,310.4599914550781,7567
2026-07-29 14:55:00+00:00,310.375,310.5,309.80999755859375,310.0799865722656,4406
2026-07-29 15:00:00+00:00,310.010009765625,310.4599914550781,309.92999267578125,310.1000061035156,5970
2026-07-29 15:05:00+00:00,310.2250061035156,310.3500061035156,309.5000915527344,309.6199951171875,6942
2026-07-29 15:10:00+00:00,309.70001220703125,309.92999267578125,309.54998779296875,309.54998779296875,7127
2026-07-29 15:15:00+00:00,309.4800109863281,310.19000244140625,309.3500061035156,309.8500061035156,5965
2026-07-29 15:20:00+00:00,309.8500061035156,310.1400146484375,309.5799865722656,309.5799865722656,5331
2026-07-29 15:25:00+00:00,309.5799865722656,309.8599853515625,309.4150085449219,309.7200012207031,4298
2026-07-29 15:30:00+00:00,309.6400146484375,310.3450012207031,309.2300109863281,310.06500244140625,13205
2026-07-29 15:35:00+00:00,310.06500244140625,310.3299865722656,309.95001220703125,310.1300048828125,4106
2026-07-29 15:40:00+00:00,310.010009765625,310.1300048828125,309.69000244140625,309.9624938964844,8518
2026-07-29 15:45:00+00:00,309.8399963378906,309.8399963378906,309.3500061035156,309.7200012207031,7688
2026-07-29 15:50:00+00:00,309.635009765625,309.8900146484375,309.385009765625,309.5899963378906,7550
2026-07-29 15:55:00+00:00,309.5849914550781,309.6000061035156,309.2799987792969,309.4549865722656,34174
2026-07-29 16:00:00+00:00,309.42999267578125,309.614990234375,309.3599853515625,309.3599853515625,3312
2026-07-29 16:05:00+00:00,309.3599853515625,309.54998779296875,309.20001220703125,309.3500061035156,96490
2026-07-29 16:10:00+00:00,309.3500061035156,309.37750244140625,308.3699951171875,308.4800109863281,22677
2026-07-29 16:15:00+00:00,308.3999938964844,308.92498779296875,308.260009765625,308.3800048828125,18528
2026-07-29 16:20:00+00:00,308.3800048828125,308.8349914550781,308.19000244140625,308.67498779296875,9360
2026-07-29 16:25:00+00:00,308.7850036621094,309.4949951171875,308.7799987792969,309.4949951171875,5232
2026-07-29 16:30:00+00:00,309.5799865722656,309.8500061035156,309.3500061035156,309.3500061035156,4435
2026-07-29 16:35:00+00:00,309.44000244140625,309.4549865722656,309.0199890136719,309.3351135253906,6315
2026-07-29 16:40:00+00:00,309.3349914550781,309.58990478515625,309.260009765625,309.375,4835
2026-07-29 16:45:00+00:00,309.56500244140625,309.8599853515625,309.260009765625,309.3699951171875,5266
2026-07-29 16:50:00+00:00,309.3800048828125,309.69000244140625,309.25,309.54998779296875,3652
2026-07-29 16:55:00+00:00,309.625,309.7449951171875,309.510009765625,309.5849914550781,4829
2026-07-29 17:00:00+00:00,309.6600036621094,310.0199890136719,309.6600036621094,309.94000244140625,6332
2026-07-29 17:05:00+00:00,309.94000244140625,310.19500732421875,309.93499755859375,310.07000732421875,8860
2026-07-29 17:10:00+00:00,310.1050109863281,310.3800048828125,309.8500061035156,310.010009765625,5556
2026-07-29 17:15:00+00:00,310.010009765625,310.260009765625,309.8900146484375,310.135009765625,6147
2026-07-29 17:20:00+00:00,310.1300048828125,310.4100036621094,309.9700012207031,310.1600036621094,9319
2026-07-29 17:25:00+00:00,310.1300048828125,310.29998779296875,309.70001220703125,309.7049865722656,6361
2026-07-29 17:30:00+00:00,309.6000061035156,310.2900085449219,309.510009765625,310.1199951171875,8355
2026-07-29 17:35:00+00:00,310.1600036621094,310.2900085449219,310.0299987792969,310.17999267578125,5322
2026-07-29 17:40:00+00:00,310.17999267578125,310.17999267578125,309.95001220703125,310.1050109863281,3977
2026-07-29 17:45:00+00:00,310.1650085449219,310.1650085449219,309.8900146484375,309.9949951171875,4886
2026-07-29 17:50:00+00:00,309.9949951171875,310.2300109863281,309.8500061035156,310.1899108886719,7706
2026-07-29 17:55:00+00:00,310.05999755859375,310.14990234375,309.8599853515625,310.010009765625,7330
2026-07-29 18:00:00+00:00,310.1400146484375,312.8486022949219,310.010009765625,310.9599914550781,19140
2026-07-29 18:05:00+00:00,311.20001220703125,311.34991455078125,310.19000244140625,310.19000244140625,13805
2026-07-29 18:10:00+00:00,310.17999267578125,310.3999938964844,309.739990234375,309.989990234375,13443
2026-07-29 18:15:00+00:00,310.1700134277344,310.4549865722656,309.79998779296875,309.79998779296875,8502
2026-07-29 18:20:00+00:00,309.760009765625,309.9949951171875,309.5799865722656,309.7049865722656,5711
2026-07-29 18:25:00+00:00,309.70001220703125,309.9150085449219,308.9901123046875,309.2362976074219,12770
2026-07-29 18:30:00+00:00,309.1559143066406,309.3599853515625,308.489990234375,308.489990234375,11251
2026-07-29 18:35:00+00:00,308.5050048828125,309.8299865722656,308.2799987792969,309.8299865722656,22085
2026-07-29 18:40:00+00:00,309.70001220703125,310.6600036621094,309.70001220703125,310.6000061035156,6570
2026-07-29 18:45:00+00:00,310.6000061035156,311.6199951171875,310.37750244140625,311.6199951171875,67243
2026-07-29 18:50:00+00:00,311.625,312.1099853515625,311.45001220703125,312.0400085449219,12510
2026-07-29 18:55:00+00:00,311.9200134277344,311.9200134277344,311.4150085449219,311.4800109863281,8564
2026-07-29 19:00:00+00:00,311.625,311.7318115234375,310.5299987792969,310.5299987792969,8842
2026-07-29 19:05:00+00:00,310.6000061035156,310.95001220703125,310.2799987792969,310.2799987792969,12461
2026-07-29 19:10:00+00:00,310.2200012207031,310.9200134277344,310.2200012207031,310.45001220703125,8540
2026-07-29 19:15:00+00:00,310.5249938964844,311.18499755859375,310.36749267578125,310.4049987792969,7778
2026-07-29 19:20:00+00:00,310.3699951171875,310.5299072265625,310.010009765625,310.07000732421875,7969
2026-07-29 19:25:00+00:00,310.04998779296875,310.17999267578125,308.57000732421875,308.6600036621094,40339
2026-07-29 19:30:00+00:00,308.6499938964844,308.8599853515625,307.69000244140625,308.19000244140625,28682
2026-07-29 19:35:00+00:00,308.239990234375,308.9200134277344,307.8699951171875,308.07000732421875,29709
2026-07-29 19:40:00+00:00,308.0849914550781,308.614990234375,308.0150146484375,308.5199890136719,26466
2026-07-29 19:45:00+00:00,308.4599914550781,308.7650146484375,307.6600036621094,308.70001220703125,51295
2026-07-29 19:50:00+00:00,308.55999755859375,308.9599914550781,308.42999267578125,308.55999755859375,65964
2026-07-29 19:55:00+00:00,308.55499267578125,309.20001220703125,308.43499755859375,308.70001220703125,193464
2026-07-29 20:00:00+00:00,311.99,311.99,307.01,308.61,0
2026-07-29 20:05:00+00:00,308.61,308.61,308.61,308.61,0
2026-07-29 20:10:00+00:00,308.61,308.62,307.01,308.61,0
2026-07-29 20:15:00+00:00,308.61,309.09,308.362,308.61,0
2026-07-29 20:20:00+00:00,308.61,310.1319,308.61,310.1319,0
2026-07-29 20:25:00+00:00,308.61,308.61,308.61,308.61,0
2026-07-29 20:30:00+00:00,308.61,309.99,308.61,309.99,0
2026-07-29 20:35:00+00:00,308.61,308.61,308.61,308.61,0
2026-07-29 20:40:00+00:00,309.9375,309.9375,309.9375,309.9375,0
2026-07-29 20:45:00+00:00,309.6125,309.6125,308.61,308.61,0
2026-07-29 20:50:00+00:00,310.0,310.0,308.51,308.61,0
2026-07-29 20:55:00+00:00,308.61,308.61,307.8875,307.8875,0
2026-07-29 21:05:00+00:00,308.52,308.56,308.0,308.0,0
2026-07-29 21:10:00+00:00,308.0,308.0,308.0,308.0,0
2026-07-29 21:15:00+00:00,308.07,308.07,308.02,308.02,0
2026-07-29 21:20:00+00:00,308.5,308.5,308.4001,308.4001,0
2026-07-29 21:25:00+00:00,308.5,308.5,308.4,308.4,0
2026-07-29 21:30:00+00:00,309.09,309.09,309.09,309.09,0
2026-07-29 21:35:00+00:00,309.09,309.09,309.09,309.09,0
2026-07-29 21:50:00+00:00,308.61,308.97,308.61,308.97,0
2026-07-29 21:55:00+00:00,308.97,308.97,308.97,308.97,0
2026-07-29 22:00:00+00:00,308.44,308.44,308.44,308.44,0
2026-07-29 22:10:00+00:00,308.23,308.23,308.23,308.23,0
2026-07-29 22:20:00+00:00,309.0,309.09,309.0,309.09,0
2026-07-29 22:35:00+00:00,308.2868,308.2868,308.2868,308.2868,0
2026-07-29 22:40:00+00:00,308.2563,308.51,308.2563,308.51,0
2026-07-29 22:55:00+00:00,308.5,308.5,308.5,308.5,0
2026-07-29 23:05:00+00:00,309.6834,309.95,309.6834,309.95,0
2026-07-29 23:15:00+00:00,309.89,309.89,309.89,309.89,0
2026-07-29 23:20:00+00:00,309.89,309.95,309.89,309.95,0
2026-07-29 23:30:00+00:00,309.95,309.95,309.95,309.95,0
2026-07-29 23:40:00+00:00,309.886,309.886,309.886,309.886,0
2026-07-29 23:45:00+00:00,309.89,309.89,309.8892,309.8892,0
2026-07-29 23:50:00+00:00,309.8892,309.8892,309.8892,309.8892,0
2026-07-30 08:00:00+00:00,304.8627,308.79,304.8627,308.79,0
2026-07-30 08:05:00+00:00,308.13,308.13,308.13,308.13,0
2026-07-30 08:20:00+00:00,308.13,308.13,308.13,308.13,0
2026-07-30 08:35:00+00:00,308.13,308.13,308.13,308.13,0
2026-07-30 08:55:00+00:00,309.814,309.814,309.814,309.814,0
2026-07-30 09:25:00+00:00,306.8512,306.8512,306.8512,306.8512,0
2026-07-30 09:30:00+00:00,308.61,308.8,308.61,308.8,0
2026-07-30 10:15:00+00:00,308.13,308.13,308.13,308.13,0
2026-07-30 10:30:00+00:00,309.0,309.08,309.0,309.02,0
2026-07-30 10:35:00+00:00,309.02,309.89,309.02,309.8098,0
2026-07-30 10:40:00+00:00,309.02,309.06,309.02,309.06,0
2026-07-30 10:55:00+00:00,309.06,309.06,309.06,309.06,0
2026-07-30 11:00:00+00:00,309.88,309.88,309.88,309.88,0
2026-07-30 11:05:00+00:00,309.14,309.14,309.1,309.1,0
2026-07-30 11:10:00+00:00,309.04,309.04,309.02,309.02,0
2026-07-30 11:15:00+00:00,309.02,309.88,309.02,309.88,0
2026-07-30 11:25:00+00:00,309.88,309.88,309.88,309.88,0
2026-07-30 11:30:00+00:00,309.01,309.01,309.01,309.01,0
2026-07-30 11:35:00+00:00,309.56,309.58,309.56,309.58,0
2026-07-30 11:40:00+00:00,309.58,309.58,309.58,309.58,0
2026-07-30 11:45:00+00:00,309.51,309.51,309.51,309.51,0
2026-07-30 11:50:00+00:00,309.88,309.88,309.8229,309.8229,0
2026-07-30 12:00:00+00:00,309.83,309.89,309.06,309.89,0
2026-07-30 12:05:00+00:00,309.89,309.89,309.5,309.87,0
2026-07-30 12:10:00+00:00,309.87,309.87,309.87,309.87,0
2026-07-30 12:15:00+00:00,309.5,309.51,309.5,309.51,0
2026-07-30 12:20:00+00:00,309.51,309.64,309.51,309.64,0
2026-07-30 12:25:00+00:00,309.89,309.9,309.88,309.9,0
2026-07-30 12:30:00+00:00,310.0,310.7661,309.3239,309.3239,0
2026-07-30 12:40:00+00:00,309.3239,310.01,309.3239,309.76,0
2026-07-30 12:45:00+00:00,309.0522,309.0522,309.0522,309.0522,0
2026-07-30 12:50:00+00:00,309.8,309.8,309.8,309.8,0
2026-07-30 12:55:00+00:00,310.01,310.01,310.01,310.01,0
2026-07-30 13:00:00+00:00,310.98,310.98,310.0,310.0,0
2026-07-30 13:05:00+00:00,310.0,311.0,309.62,309.62,0
2026-07-30 13:10:00+00:00,309.62,309.62,309.6,309.6,0
2026-07-30 13:30:00+00:00,311.2799987792969,311.3299865722656,307.44000244140625,307.8299865722656,15630
2026-07-30 13:35:00+00:00,307.8399963378906,308.39111328125,305.4075012207031,305.4800109863281,6863
2026-07-30 13:40:00+00:00,305.3599853515625,305.7300109863281,304.8349914550781,305.6499938964844,12043
2026-07-30 13:45:00+00:00,305.9100036621094,306.41119384765625,305.07000732421875,305.32000732421875,11005
2026-07-30 13:50:00+00:00,305.44500732421875,306.0799865722656,305.2349853515625,305.6000061035156,5630
2026-07-30 13:55:00+00:00,305.4549865722656,305.93499755859375,305.1199951171875,305.5199890136719,6543
2026-07-30 14:00:00+00:00,305.3900146484375,306.685302734375,305.05999755859375,306.1099853515625,12498
2026-07-30 14:05:00+00:00,306.114990234375,306.95001220703125,305.739990234375,306.3900146484375,25141
2026-07-30 14:10:00+00:00,306.1400146484375,306.25,305.1300964355469,305.989990234375,25131
2026-07-30 14:15:00+00:00,305.92999267578125,305.92999267578125,304.8800048828125,305.239990234375,37102
2026-07-30 14:20:00+00:00,305.25,305.6199035644531,304.9200134277344,305.0899963378906,8347
2026-07-30 14:25:00+00:00,305.1499938964844,305.80499267578125,304.9200134277344,305.5350036621094,7437
2026-07-30 14:30:00+00:00,305.3800048828125,305.4100036621094,304.44000244140625,305.1650085449219,33737
2026-07-30 14:35:00+00:00,305.1600036621094,306.2650146484375,305.1300048828125,306.260009765625,14414
2026-07-30 14:40:00+00:00,306.29998779296875,306.7349853515625,305.6199951171875,305.79998779296875,9654
2026-07-30 14:45:00+00:00,305.8699951171875,306.0899963378906,304.6099853515625,304.7650146484375,6359
2026-07-30 14:50:00+00:00,304.7699890136719,304.95001220703125,304.5299987792969,304.7099914550781,5231
2026-07-30 14:55:00+00:00,304.7449951171875,305.1099853515625,304.4849853515625,304.760009765625,36931
2026-07-30 15:00:00+00:00,304.7799987792969,305.2049865722656,304.3699951171875,304.864990234375,41851
2026-07-30 15:05:00+00:00,304.80999755859375,305.29998779296875,304.55999755859375,305.29998779296875,13441
2026-07-30 15:10:00+00:00,305.3800048828125,305.4200134277344,304.25,304.32000732421875,33379
2026-07-30 15:15:00+00:00,304.260009765625,305.45001220703125,304.17999267578125,305.20001220703125,34522
2026-07-30 15:20:00+00:00,305.20001220703125,305.6199951171875,304.9649963378906,305.0799865722656,15480
2026-07-30 15:25:00+00:00,304.989990234375,305.31500244140625,304.9800109863281,305.114990234375,9877
2026-07-30 15:30:00+00:00,305.1400146484375,305.739990234375,305.04998779296875,305.739990234375,12995
2026-07-30 15:35:00+00:00,305.9800109863281,306.389892578125,305.82000732421875,305.9700012207031,6257
2026-07-30 15:40:00+00:00,306.0799865722656,306.42999267578125,305.8399963378906,306.0799865722656,5947
2026-07-30 15:45:00+00:00,306.1400146484375,306.2099914550781,305.75,305.79998779296875,5265
2026-07-30 15:50:00+00:00,305.9049987792969,306.07000732421875,305.8349914550781,306.07000732421875,5535
2026-07-30 15:55:00+00:00,306.010009765625,306.2799987792969,305.8699951171875,305.9800109863281,10518
2026-07-30 16:00:00+00:00,305.8800048828125,306.6549987792969,305.7900085449219,306.6099853515625,11940
2026-07-30 16:05:00+00:00,306.6400146484375,306.6400146484375,305.9700012207031,306.19000244140625,6632
2026-07-30 16:10:00+00:00,306.2449951171875,306.3800048828125,306.1400146484375,306.2650146484375,4174
2026-07-30 16:15:00+00:00,306.2514953613281,306.8999938964844,306.2514953613281,306.82000732421875,6652
2026-07-30 16:20:00+00:00,306.6900939941406,307.260009765625,306.29998779296875,306.32000732421875,57574
2026-07-30 16:25:00+00:00,306.2900085449219,306.45001220703125,305.8900146484375,305.9200134277344,13002
2026-07-30 16:30:00+00:00,305.8599853515625,306.1600036621094,305.80999755859375,306.0199890136719,6882
2026-07-30 16:35:00+00:00,306.0450134277344,306.32000732421875,305.8599853515625,306.30999755859375,7352
2026-07-30 16:40:00+00:00,306.2950134277344,306.510009765625,306.17999267578125,306.3999938964844,9250
2026-07-30 16:45:00+00:00,306.3949890136719,306.8299865722656,306.3949890136719,306.6000061035156,10895
2026-07-30 16:50:00+00:00,306.697509765625,307.1300048828125,306.6000061035156,307.04998779296875,5130
2026-07-30 16:55:00+00:00,307.05999755859375,307.2300109863281,306.92010498046875,307.1700134277344,6792
2026-07-30 17:00:00+00:00,307.2300109863281,307.6000061035156,306.79998779296875,306.79998779296875,40902
2026-07-30 17:05:00+00:00,306.7449951171875,307.0450134277344,306.7449951171875,306.79998779296875,2766
2026-07-30 17:10:00+00:00,306.760009765625,307.0,306.69000244140625,306.760009765625,4496
2026-07-30 17:15:00+00:00,306.69000244140625,306.76251220703125,306.05999755859375,306.0899963378906,7453
2026-07-30 17:20:00+00:00,306.07501220703125,306.3599853515625,306.0299987792969,306.2699890136719,2763
2026-07-30 17:25:00+00:00,306.2799987792969,306.7699890136719,306.2799987792969,306.7349853515625,4398
2026-07-30 17:30:00+00:00,306.7300109863281,306.739990234375,306.1549987792969,306.2850036621094,6332
2026-07-30 17:35:00+00:00,306.1499938964844,306.6899108886719,306.1499938964844,306.49359130859375,4513
2026-07-30 17:40:00+00:00,306.69000244140625,306.8699951171875,306.5199890136719,306.760009765625,4747
2026-07-30 17:45:00+00:00,306.6099853515625,306.739990234375,306.42999267578125,306.489990234375,3951
2026-07-30 17:50:00+00:00,306.489990234375,306.82000732421875,306.42010498046875,306.6700134277344,4026
2026-07-30 17:55:00+00:00,306.69500732421875,306.69500732421875,306.3900146484375,306.3900146484375,5729
2026-07-30 18:00:00+00:00,306.5799865722656,307.2550048828125,306.5799865722656,307.17999267578125,4569
2026-07-30 18:05:00+00:00,307.2550048828125,307.4649963378906,307.1199951171875,307.1199951171875,5858
2026-07-30 18:10:00+00:00,307.06500244140625,307.06500244140625,306.3800048828125,306.3800048828125,5426
2026-07-30 18:15:00+00:00,306.42999267578125,306.7300109863281,306.42498779296875,306.6300048828125,3019
2026-07-30 18:20:00+00:00,306.6449890136719,307.0,306.6400146484375,306.7799987792969,7216
2026-07-30 18:25:00+00:00,306.7850036621094,306.9298095703125,306.57000732421875,306.57000732421875,4285
2026-07-30 18:30:00+00:00,306.5450134277344,306.6099853515625,306.260009765625,306.3299865722656,3418
2026-07-30 18:35:00+00:00,306.260009765625,306.69000244140625,306.239990234375,306.6000061035156,3928
2026-07-30 18:40:00+00:00,306.6000061035156,307.05999755859375,306.5799865722656,307.04998779296875,5292
2026-07-30 18:45:00+00:00,307.0050048828125,307.010009765625,306.8999938964844,306.989990234375,3750
2026-07-30 18:50:00+00:00,306.8699951171875,307.1050109863281,306.8599853515625,307.04998779296875,6193
2026-07-30 18:55:00+00:00,307.0799865722656,307.82000732421875,306.90283203125,307.82000732421875,6348
2026-07-30 19:00:00+00:00,307.81500244140625,308.2699890136719,307.7200012207031,308.19000244140625,8050
2026-07-30 19:05:00+00:00,308.1199951171875,308.2799987792969,307.8299865722656,308.05999755859375,10679
2026-07-30 19:10:00+00:00,308.1499938964844,308.3699951171875,308.05999755859375,308.2300109863281,44840
2026-07-30 19:15:00+00:00,308.2300109863281,308.82000732421875,308.0899963378906,308.760009765625,15335
2026-07-30 19:20:00+00:00,308.7200012207031,308.7950134277344,308.2900085449219,308.6400146484375,14196
2026-07-30 19:25:00+00:00,308.6199951171875,308.8800048828125,308.44000244140625,308.7799987792969,14116
2026-07-30 19:30:00+00:00,308.8500061035156,309.1099853515625,308.739990234375,309.0799865722656,13957
2026-07-30 19:35:00+00:00,309.1300048828125,309.69000244140625,309.04998779296875,309.3299865722656,24162
2026-07-30 19:40:00+00:00,309.3500061035156,309.3609924316406,309.0199890136719,309.125,11495
2026-07-30 19:45:00+00:00,309.0,309.29998779296875,308.4200134277344,308.5899963378906,21160
2026-07-30 19:50:00+00:00,308.489990234375,308.7799987792969,307.9100036621094,308.3500061035156,37816
2026-07-30 19:55:00+00:00,308.45001220703125,308.9849853515625,308.0,308.5,154440
2026-07-30 20:00:00+00:00,308.55,308.55,305.618,308.55,0
2026-07-30 20:05:00+00:00,308.55,308.55,308.55,308.55,0
2026-07-30 20:10:00+00:00,308.55,308.718,308.55,308.718,0
2026-07-30 20:15:00+00:00,308.55,308.55,308.55,308.55,0
2026-07-30 20:20:00+00:00,308.55,308.55,308.55,308.55,0
2026-07-30 20:35:00+00:00,307.1658,308.5,307.1658,308.5,0
2026-07-30 20:40:00+00:00,308.2691,308.2691,308.2691,308.2691,0
2026-07-30 20:45:00+00:00,308.5,308.55,308.5,308.5,0
2026-07-30 21:00:00+00:00,308.8,308.8,308.8,308.8,0
2026-07-30 21:05:00+00:00,308.8,308.8,308.8,308.8,0
2026-07-30 21:20:00+00:00,308.5,308.5,308.5,308.5,0
2026-07-30 21:25:00+00:00,308.55,309.3487,308.01,308.01,0
2026-07-30 21:30:00+00:00,309.0,309.0,308.0521,308.0521,0
2026-07-30 21:40:00+00:00,308.0521,308.0521,308.0521,308.0521,0
2026-07-30 21:45:00+00:00,308.01,308.01,308.01,308.01,0
2026-07-30 21:50:00+00:00,309.4,309.4,309.4,309.4,0
2026-07-30 21:55:00+00:00,309.21,309.21,309.21,309.21,0
2026-07-30 22:00:00+00:00,309.365,309.365,309.365,309.365,0
2026-07-30 22:05:00+00:00,308.0,308.0,308.0,308.0,0
2026-07-30 22:15:00+00:00,308.0,308.0,308.0,308.0,0
2026-07-30 22:25:00+00:00,308.0,308.0,308.0,308.0,0
2026-07-30 22:30:00+00:00,308.55,308.55,308.5,308.5,0
2026-07-30 22:35:00+00:00,309.29,309.29,309.29,309.29,0
2026-07-30 22:40:00+00:00,309.29,309.29,309.29,309.29,0
2026-07-30 22:45:00+00:00,309.2515,309.2515,309.2515,309.2515,0
2026-07-30 22:50:00+00:00,308.5,308.5,308.5,308.5,0
2026-07-30 23:00:00+00:00,308.99,308.99,308.99,308.99,0
2026-07-30 23:15:00+00:00,309.0,309.0,309.0,309.0,0
2026-07-30 23:25:00+00:00,308.51,308.51,308.5,308.5,0
2026-07-30 23:30:00+00:00,308.51,308.51,308.51,308.51,0
2026-07-30 23:55:00+00:00,308.51,308.51,308.51,308.51,0
2026-07-31 08:00:00+00:00,308.55,309.46,308.55,309.44,0
2026-07-31 08:10:00+00:00,309.44,309.44,309.44,309.44,0
2026-07-31 08:25:00+00:00,309.44,309.44,309.44,309.44,0
2026-07-31 08:30:00+00:00,308.71,308.71,308.71,308.71,0
2026-07-31 08:40:00+00:00,308.71,308.71,308.71,308.71,0
2026-07-31 08:55:00+00:00,308.71,308.71,308.71,308.71,0
2026-07-31 09:10:00+00:00,308.71,308.71,308.71,308.71,0
2026-07-31 09:25:00+00:00,308.71,308.71,308.71,308.71,0
2026-07-31 09:40:00+00:00,308.71,314.0497,308.71,314.0497,0
2026-07-31 09:55:00+00:00,314.0497,314.0497,314.0497,314.0497,0
2026-07-31 10:10:00+00:00,314.0497,314.0497,314.0497,314.0497,0
2026-07-31 10:15:00+00:00,311.5605,311.5605,308.0,308.0,0
2026-07-31 10:25:00+00:00,308.0,308.71,308.0,308.71,0
2026-07-31 10:35:00+00:00,309.41,309.91,309.29,309.91,0
2026-07-31 10:40:00+00:00,309.91,309.91,309.91,309.91,0
2026-07-31 10:55:00+00:00,309.91,309.91,309.91,309.91,0
2026-07-31 11:00:00+00:00,309.23,310.0,309.23,309.23,0
2026-07-31 11:05:00+00:00,311.0,311.0,311.0,311.0,0
2026-07-31 11:25:00+00:00,310.7,310.98,310.7,310.98,0
2026-07-31 11:30:00+00:00,309.95,309.95,309.95,309.95,0
2026-07-31 11:35:00+00:00,308.51,309.8486,308.51,309.8486,0
2026-07-31 11:45:00+00:00,309.7,309.95,309.7,309.95,0
2026-07-31 11:55:00+00:00,308.55,308.55,308.55,308.55,0
2026-07-31 12:00:00+00:00,310.0634,310.0634,310.0634,310.0634,0
2026-07-31 12:05:00+00:00,305.2312,305.2312,305.2312,305.2312,0
2026-07-31 12:10:00+00:00,309.1105,309.1105,309.1105,309.1105,0
2026-07-31 12:15:00+00:00,308.69,308.69,308.69,308.69,0
2026-07-31 12:20:00+00:00,308.56,308.56,308.56,308.56,0
2026-07-31 12:40:00+00:00,308.56,308.56,308.56,308.56,0
2026-07-31 12:55:00+00:00,309.0,309.0,308.6,308.6,0
2026-07-31 13:00:00+00:00,309.84,309.84,309.84,309.84,0
2026-07-31 13:05:00+00:00,309.25,309.25,309.25,309.25,0
2026-07-31 13:10:00+00:00,309.25,309.25,309.25,309.25,0
2026-07-31 13:30:00+00:00,311.010009765625,311.45001220703125,308.2449951171875,308.7149963378906,38608
2026-07-31 13:35:00+00:00,308.93499755859375,309.3399963378906,308.20001220703125,308.20001220703125,4994
2026-07-31 13:40:00+00:00,308.30975341796875,308.9599914550781,308.00250244140625,308.2349853515625,9625
2026-07-31 13:45:00+00:00,308.32000732421875,309.17999267578125,307.8974914550781,309.010009765625,16932
2026-07-31 13:50:00+00:00,309.010009765625,309.54998779296875,308.6000061035156,308.9599914550781,11463
2026-07-31 13:55:00+00:00,309.1099853515625,309.385009765625,308.8399963378906,309.3800048828125,6918
2026-07-31 14:00:00+00:00,309.6199951171875,309.8500061035156,309.0799865722656,309.1199951171875,8018
2026-07-31 14:05:00+00:00,309.3800048828125,309.3951110839844,308.5950012207031,308.8399963378906,8504
2026-07-31 14:10:00+00:00,308.9549865722656,309.0299987792969,307.9750061035156,308.5950012207031,9260
2026-07-31 14:15:00+00:00,308.6499938964844,309.29998779296875,308.30999755859375,308.30999755859375,8204
2026-07-31 14:20:00+00:00,308.2349853515625,309.1000061035156,308.16009521484375,308.54998779296875,4231
2026-07-31 14:25:00+00:00,308.4200134277344,308.8500061035156,308.4200134277344,308.67498779296875,4020
2026-07-31 14:30:00+00:00,308.7699890136719,309.0249938964844,308.2200012207031,308.2200012207031,7805
2026-07-31 14:35:00+00:00,308.4049987792969,309.12750244140625,308.4049987792969,309.04998779296875,6319
2026-07-31 14:40:00+00:00,308.9100036621094,309.125,308.64459228515625,308.92999267578125,3992
2026-07-31 14:45:00+00:00,309.05999755859375,309.510009765625,308.8999938964844,309.510009765625,5260
2026-07-31 14:50:00+00:00,309.3399963378906,310.1000061035156,309.3349914550781,309.9700012207031,5463
2026-07-31 14:55:00+00:00,309.8599853515625,309.9700012207031,309.5199890136719,309.5899963378906,4988
2026-07-31 15:00:00+00:00,309.6600036621094,309.8299865722656,309.20001220703125,309.364990234375,7001
2026-07-31 15:05:00+00:00,309.45001220703125,309.6300048828125,309.3299865722656,309.5150146484375,5133
2026-07-31 15:10:00+00:00,309.5150146484375,309.8299865722656,309.5150146484375,309.6700134277344,3121
2026-07-31 15:15:00+00:00,309.5,309.635009765625,309.25,309.4100036621094,5083
2026-07-31 15:20:00+00:00,309.2900085449219,309.6499938964844,309.1199951171875,309.2200012207031,8753
2026-07-31 15:25:00+00:00,309.18499755859375,309.2900085449219,308.3500061035156,308.57000732421875,23684
2026-07-31 15:30:00+00:00,308.54998779296875,308.6099853515625,307.7900085449219,308.3550109863281,14634
2026-07-31 15:35:00+00:00,308.489990234375,309.2449951171875,308.4549865722656,309.2200012207031,14445
2026-07-31 15:40:00+00:00,309.1499938964844,309.3399963378906,308.7799987792969,309.19500732421875,10585
2026-07-31 15:45:00+00:00,309.0199890136719,309.19000244140625,308.875,308.8999938964844,6831
2026-07-31 15:50:00+00:00,308.8999938964844,309.9949951171875,308.8999938964844,309.9949951171875,12765
2026-07-31 15:55:00+00:00,309.9100036621094,310.0150146484375,309.7300109863281,309.95001220703125,3053
2026-07-31 16:00:00+00:00,309.8299865722656,309.94000244140625,309.55999755859375,309.6650085449219,4897
2026-07-31 16:05:00+00:00,309.80999755859375,309.80999755859375,309.6199951171875,309.7200012207031,2548
2026-07-31 16:10:00+00:00,309.6199951171875,309.64990234375,309.43499755859375,309.5262145996094,3345
2026-07-31 16:15:00+00:00,309.5299987792969,309.5299987792969,309.0,309.30999755859375,4039
2026-07-31 16:20:00+00:00,309.17498779296875,309.54669189453125,309.17498779296875,309.2749938964844,2427
2026-07-31 16:25:00+00:00,309.1499938964844,309.1600036621094,309.010009765625,309.0450134277344,4980
2026-07-31 16:30:00+00:00,309.135009765625,309.3949890136719,309.135009765625,309.3550109863281,5832
2026-07-31 16:35:00+00:00,309.385009765625,309.4800109863281,309.18499755859375,309.18499755859375,4800
2026-07-31 16:40:00+00:00,309.1199951171875,309.3450012207031,309.0000915527344,309.3450012207031,4433
2026-07-31 16:45:00+00:00,309.3450012207031,309.375,309.0801086425781,309.239990234375,6844
2026-07-31 16:50:00+00:00,309.2449951171875,309.2449951171875,309.0450134277344,309.0574951171875,2081
2026-07-31 16:55:00+00:00,309.1400146484375,309.45001220703125,309.1400146484375,309.45001220703125,3541
2026-07-31 17:00:00+00:00,309.45001220703125,309.54998779296875,309.1000061035156,309.1000061035156,3627
2026-07-31 17:05:00+00:00,309.239990234375,309.239990234375,308.8999938964844,309.0299987792969,8625
2026-07-31 17:10:00+00:00,309.01251220703125,309.0249938964844,308.6199951171875,308.6199951171875,6028
2026-07-31 17:15:00+00:00,308.6199951171875,308.8089904785156,308.18499755859375,308.54998779296875,8902
2026-07-31 17:20:00+00:00,308.5299987792969,308.80999755859375,308.3599853515625,308.5849914550781,6746
2026-07-31 17:25:00+00:00,308.5849914550781,308.7799987792969,308.2900085449219,308.55999755859375,17900
2026-07-31 17:30:00+00:00,308.55999755859375,308.57000732421875,308.3900146484375,308.43499755859375,10060
2026-07-31 17:35:00+00:00,308.43499755859375,308.7749938964844,308.4100036621094,308.7300109863281,7241
2026-07-31 17:40:00+00:00,308.7300109863281,308.8450012207031,308.57000732421875,308.57000732421875,5068
2026-07-31 17:45:00+00:00,308.4830017089844,308.57000732421875,308.44000244140625,308.57000732421875,5646
2026-07-31 17:50:00+00:00,308.57501220703125,308.57501220703125,308.19000244140625,308.42498779296875,11722
2026-07-31 17:55:00+00:00,308.44000244140625,308.44000244140625,308.1300048828125,308.1650085449219,6351
2026-07-31 18:00:00+00:00,308.1650085449219,308.57830810546875,308.1650085449219,308.44000244140625,7215
2026-07-31 18:05:00+00:00,308.3599853515625,308.56500244140625,308.1600036621094,308.43499755859375,10416
2026-07-31 18:10:00+00:00,308.44000244140625,308.75,308.3800048828125,308.70001220703125,7016
2026-07-31 18:15:00+00:00,308.7149963378906,308.8900146484375,308.6400146484375,308.6600036621094,9007
2026-07-31 18:20:00+00:00,308.54998779296875,308.6300048828125,308.2699890136719,308.5899963378906,7765
2026-07-31 18:25:00+00:00,308.6050109863281,308.614990234375,308.2099914550781,308.30999755859375,12921
2026-07-31 18:30:00+00:00,308.4100036621094,308.4849853515625,308.30999755859375,308.4849853515625,5789
2026-07-31 18:35:00+00:00,308.48590087890625,308.6000061035156,308.30999755859375,308.30999755859375,6798
2026-07-31 18:40:00+00:00,308.30999755859375,308.42999267578125,308.07000732421875,308.07000732421875,7548
2026-07-31 18:45:00+00:00,308.07000732421875,308.5874938964844,308.07000732421875,308.5199890136719,8310
2026-07-31 18:50:00+00:00,308.5199890136719,308.5199890136719,308.340087890625,308.4150085449219,6563
2026-07-31 18:55:00+00:00,308.4150085449219,308.7550048828125,308.260009765625,308.67999267578125,9678
2026-07-31 19:00:00+00:00,308.67999267578125,308.8634033203125,308.614990234375,308.6300048828125,7183
2026-07-31 19:05:00+00:00,308.6300048828125,309.1199951171875,308.5299987792969,309.0899963378906,6985
2026-07-31 19:10:00+00:00,309.20001220703125,309.25,308.989990234375,309.1099853515625,4527
2026-07-31 19:15:00+00:00,309.239990234375,309.55999755859375,309.19500732421875,309.4100036621094,6842
2026-07-31 19:20:00+00:00,309.44000244140625,309.489990234375,309.239990234375,309.489990234375,10136
2026-07-31 19:25:00+00:00,309.44000244140625,309.4800109863281,309.30999755859375,309.3349914550781,7828
2026-07-31 19:30:00+00:00,309.2950134277344,309.3275146484375,308.9599914550781,309.05999755859375,9871
2026-07-31 19:35:00+00:00,308.9100036621094,309.17999267578125,308.8800048828125,308.989990234375,9494
2026-07-31 19:40:00+00:00,308.989990234375,309.1199951171875,308.8599853515625,309.0400085449219,21276
2026-07-31 19:45:00+00:00,309.010009765625,309.6000061035156,308.92999267578125,309.5799865722656,38387
2026-07-31 19:50:00+00:00,309.4800109863281,309.7900085449219,308.57000732421875,308.7950134277344,51774
2026-07-31 19:55:00+00:00,308.7099914550781,308.7300109863281,306.9800109863281,307.5199890136719,229062
2026-07-31 20:00:00+00:00,307.4,307.99,307.4,307.4,0
2026-07-31 20:05:00+00:00,307.92,307.97,307.0,307.4,0
2026-07-31 20:10:00+00:00,307.4,307.99,307.4,307.99,0
2026-07-31 20:15:00+00:00,307.4,307.4,307.4,307.4,0
2026-07-31 20:20:00+00:00,307.42,307.99,305.7641,307.99,0
2026-07-31 20:25:00+00:00,307.99,307.99,305.7641,305.7641,0
2026-07-31 20:30:00+00:00,305.7641,305.7641,305.7641,305.7641,0
2026-07-31 20:35:00+00:00,307.99,307.99,306.6176,307.4,0
2026-07-31 20:45:00+00:00,307.4,307.4,307.4,307.4,0
2026-07-31 21:00:00+00:00,307.79,307.79,307.79,307.79,0
2026-07-31 21:05:00+00:00,309.8067,309.8067,309.8067,309.8067,0
2026-07-31 21:15:00+00:00,308.97,308.97,308.97,308.97,0
2026-07-31 21:20:00+00:00,307.47,307.47,307.47,307.47,0
2026-07-31 21:30:00+00:00,306.0,306.0,306.0,306.0,0
2026-07-31 21:50:00+00:00,307.85,307.85,307.39,307.39,0
2026-07-31 22:00:00+00:00,307.4,307.4,307.38,307.39,0
2026-07-31 22:30:00+00:00,307.4,307.4,307.4,307.4,0
2026-07-31 22:40:00+00:00,307.4,307.4,307.4,307.4,0
2026-07-31 22:50:00+00:00,307.39,307.39,307.39,307.39,0
2026-07-31 22:55:00+00:00,307.3427,307.3427,307.3427,307.3427,0
2026-07-31 23:30:00+00:00,307.39,307.4,307.1,307.1,0
2026-07-31 23:40:00+00:00,307.1,307.1,307.1,307.1,0
2026-07-31 23:50:00+00:00,307.39,307.39,307.39,307.39,0
2026-07-31 23:55:00+00:00,307.39,307.39,307.39,307.39,0
2026-08-03 08:00:00+00:00,318.0788,318.0788,318.0788,318.0788,0
2026-08-03 08:05:00+00:00,318.0788,318.0788,318.0788,318.0788,0
2026-08-03 08:10:00+00:00,308.02,308.02,308.02,308.02,0
2026-08-03 08:15:00+00:00,308.02,308.02,308.02,308.02,0
2026-08-03 08:35:00+00:00,308.02,308.02,307.98,307.98,0
2026-08-03 08:45:00+00:00,309.01,309.01,309.0,309.0,0
2026-08-03 08:50:00+00:00,308.0,308.0,307.99,307.99,0
2026-08-03 09:20:00+00:00,307.99,307.99,307.99,307.99,0
2026-08-03 09:50:00+00:00,307.99,307.99,307.99,307.99,0
2026-08-03 10:00:00+00:00,307.99,307.99,307.99,307.99,0
2026-08-03 10:20:00+00:00,307.98,307.98,307.98,307.98,0
2026-08-03 10:35:00+00:00,307.98,307.98,307.98,307.98,0
2026-08-03 11:00:00+00:00,307.98,307.98,307.98,307.98,0
2026-08-03 11:20:00+00:00,307.98,307.98,307.98,307.98,0
2026-08-03 11:25:00+00:00,307.5097,307.5097,307.5097,307.5097,0
2026-08-03 11:50:00+00:00,308.99,310.6953,308.99,310.6953,0
2026-08-03 12:05:00+00:00,309.8775,309.8775,309.8775,309.8775,0
2026-08-03 12:15:00+00:00,309.03,309.03,309.03,309.03,0
2026-08-03 12:20:00+00:00,309.95,311.0,309.62,309.62,0
2026-08-03 12:25:00+00:00,309.62,309.62,309.62,309.62,0
2026-08-03 12:30:00+00:00,309.62,309.62,309.62,309.62,0
2026-08-03 12:40:00+00:00,309.1,310.95,309.1,309.48,0
2026-08-03 12:50:00+00:00,309.49,310.89,309.49,310.89,0
2026-08-03 13:00:00+00:00,309.54,310.2069,309.54,310.2069,0
2026-08-03 13:05:00+00:00,310.31,310.51,310.31,310.5,0
2026-08-03 13:30:00+00:00,307.5199890136719,310.54998779296875,307.4599914550781,310.25,32159
2026-08-03 13:35:00+00:00,310.4244384765625,310.4800109863281,307.79998779296875,307.79998779296875,8318
2026-08-03 13:40:00+00:00,308.3800048828125,309.0199890136719,307.3999938964844,307.4949951171875,5235
2026-08-03 13:45:00+00:00,307.44500732421875,308.5400085449219,307.0,308.04998779296875,9408
2026-08-03 13:50:00+00:00,308.1400146484375,308.2149963378906,307.2980041503906,307.6099853515625,7274
2026-08-03 13:55:00+00:00,307.6499938964844,307.8399963378906,307.04998779296875,307.2799987792969,2803
2026-08-03 14:00:00+00:00,307.20001220703125,308.55499267578125,307.1499938964844,308.55499267578125,7487
2026-08-03 14:05:00+00:00,308.3800048828125,308.44500732421875,307.722412109375,308.4200134277344,8263
2026-08-03 14:10:00+00:00,308.4750061035156,308.8699951171875,307.8901062011719,308.6549987792969,15830
2026-08-03 14:15:00+00:00,308.7325134277344,308.8699951171875,308.3500061035156,308.4750061035156,7568
2026-08-03 14:20:00+00:00,308.4750061035156,308.70001220703125,308.1400146484375,308.3699951171875,4463
2026-08-03 14:25:00+00:00,308.260009765625,308.7200012207031,308.2200012207031,308.3299865722656,5675
2026-08-03 14:30:00+00:00,308.31500244140625,308.3999938964844,308.1499938964844,308.3550109863281,6427
2026-08-03 14:35:00+00:00,308.4800109863281,308.6000061035156,308.20001220703125,308.4599914550781,4670
2026-08-03 14:40:00+00:00,308.30999755859375,308.3900146484375,307.6700134277344,307.9750061035156,3811
2026-08-03 14:45:00+00:00,307.9949951171875,308.3800048828125,307.9949951171875,308.2650146484375,2341
2026-08-03 14:50:00+00:00,308.2799987792969,309.0799865722656,308.2699890136719,309.0799865722656,41182
2026-08-03 14:55:00+00:00,309.07000732421875,309.07000732421875,308.57000732421875,308.6199951171875,3715
2026-08-03 15:00:00+00:00,308.7650146484375,308.7650146484375,308.17999267578125,308.6499938964844,6046
2026-08-03 15:05:00+00:00,308.2300109863281,308.3399963378906,307.5,307.82000732421875,4861
2026-08-03 15:10:00+00:00,307.8500061035156,307.8590087890625,307.3999938964844,307.6549987792969,6160
2026-08-03 15:15:00+00:00,307.70001220703125,308.0950012207031,307.4599914550781,308.0249938964844,4942
2026-08-03 15:20:00+00:00,308.010009765625,308.2950134277344,307.6600036621094,307.7149963378906,10688
2026-08-03 15:25:00+00:00,307.79998779296875,308.2200012207031,307.69000244140625,307.94500732421875,16681
2026-08-03 15:30:00+00:00,307.94000244140625,308.0,307.5450134277344,307.55999755859375,3954
2026-08-03 15:35:00+00:00,307.57000732421875,307.92999267578125,307.375,307.92999267578125,4871
2026-08-03 15:40:00+00:00,307.92498779296875,308.1499938964844,307.6400146484375,307.6600036621094,3027
2026-08-03 15:45:00+00:00,307.7099914550781,307.8900146484375,307.6600036621094,307.8349914550781,3389
2026-08-03 15:50:00+00:00,307.9800109863281,308.2699890136719,307.9200134277344,308.1600036621094,3005
2026-08-03 15:55:00+00:00,308.0299987792969,308.2099914550781,307.7900085449219,307.93499755859375,5444
2026-08-03 16:00:00+00:00,307.93499755859375,308.0299987792969,307.6499938964844,307.6499938964844,2591
2026-08-03 16:05:00+00:00,307.57000732421875,308.0299987792969,307.4599914550781,308.0299987792969,5466
2026-08-03 16:10:00+00:00,308.07000732421875,308.260009765625,307.80999755859375,307.80999755859375,7234
2026-08-03 16:15:00+00:00,307.7799987792969,307.8299865722656,307.5799865722656,307.5799865722656,2255
2026-08-03 16:20:00+00:00,307.65289306640625,307.82000732421875,307.4100036621094,307.82000732421875,4465
2026-08-03 16:25:00+00:00,307.82000732421875,307.989990234375,307.6300048828125,307.989990234375,5988
2026-08-03 16:30:00+00:00,307.989990234375,307.989990234375,307.5199890136719,307.614990234375,6376
2026-08-03 16:35:00+00:00,307.614990234375,307.7950134277344,307.2900085449219,307.70001220703125,5454
2026-08-03 16:40:00+00:00,307.68499755859375,307.7900085449219,307.5199890136719,307.55999755859375,2512
2026-08-03 16:45:00+00:00,307.5350036621094,307.8450012207031,307.5150146484375,307.5899963378906,2818
2026-08-03 16:50:00+00:00,307.5,307.5,306.9100036621094,306.9100036621094,4661
2026-08-03 16:55:00+00:00,307.07501220703125,307.42999267578125,306.95001220703125,307.3550109863281,3838
2026-08-03 17:00:00+00:00,307.31500244140625,307.31500244140625,307.1300048828125,307.1499938964844,1664
2026-08-03 17:05:00+00:00,307.17999267578125,307.4100036621094,307.0274963378906,307.4100036621094,4243
2026-08-03 17:10:00+00:00,307.2699890136719,307.31500244140625,307.1400146484375,307.17999267578125,3477
2026-08-03 17:15:00+00:00,307.19000244140625,307.70001220703125,307.0400085449219,307.70001220703125,2813
2026-08-03 17:20:00+00:00,307.70001220703125,308.125,307.69000244140625,307.94000244140625,4276
2026-08-03 17:25:00+00:00,307.88250732421875,308.0849914550781,307.8349914550781,308.0400085449219,5465
2026-08-03 17:30:00+00:00,308.0400085449219,308.25,308.0400085449219,308.2099914550781,2540
2026-08-03 17:35:00+00:00,308.1199951171875,308.29998779296875,308.1199951171875,308.260009765625,3207
2026-08-03 17:40:00+00:00,308.2275085449219,308.385009765625,308.2275085449219,308.32000732421875,4274
2026-08-03 17:45:00+00:00,308.4100036621094,308.75,308.3500061035156,308.6650085449219,3892
2026-08-03 17:50:00+00:00,308.67498779296875,308.8699951171875,308.6099853515625,308.8699951171875,4100
2026-08-03 17:55:00+00:00,308.739990234375,308.8900146484375,308.69000244140625,308.7349853515625,3724
2026-08-03 18:00:00+00:00,308.6700134277344,308.7325134277344,308.4200134277344,308.625,6132
2026-08-03 18:05:00+00:00,308.7799987792969,308.8399963378906,308.6499938964844,308.8399963378906,3126
2026-08-03 18:10:00+00:00,308.8399963378906,308.926513671875,308.6600036621094,308.75,4515
2026-08-03 18:15:00+00:00,308.7550048828125,308.8999938964844,308.70001220703125,308.70001220703125,8620
2026-08-03 18:20:00+00:00,308.739990234375,308.8299865722656,308.635009765625,308.7250061035156,3238
2026-08-03 18:25:00+00:00,308.6499938964844,308.67999267578125,308.3599853515625,308.44000244140625,5794
2026-08-03 18:30:00+00:00,308.3599853515625,308.3699951171875,307.8949890136719,307.8949890136719,4531
2026-08-03 18:35:00+00:00,308.0400085449219,308.4800109863281,308.0400085449219,308.4599914550781,3557
2026-08-03 18:40:00+00:00,308.4649963378906,308.510009765625,308.32000732421875,308.3800048828125,5033
2026-08-03 18:45:00+00:00,308.45001220703125,308.45001220703125,308.2250061035156,308.2699890136719,6803
2026-08-03 18:50:00+00:00,308.3599853515625,308.3599853515625,308.0899963378906,308.1700134277344,3169
2026-08-03 18:55:00+00:00,308.1000061035156,308.489990234375,308.1000061035156,308.44000244140625,5304
2026-08-03 19:00:00+00:00,308.44500732421875,308.6199951171875,308.43499755859375,308.489990234375,5025
2026-08-03 19:05:00+00:00,308.54998779296875,308.57000732421875,308.3349914550781,308.4700012207031,8376
2026-08-03 19:10:00+00:00,308.4700012207031,309.07000732421875,308.4700012207031,309.0050048828125,7827
2026-08-03 19:15:00+00:00,309.07000732421875,309.19500732421875,308.7300109863281,308.7300109863281,12676
2026-08-03 19:20:00+00:00,308.6700134277344,308.7900085449219,308.5199890136719,308.67999267578125,5234
2026-08-03 19:25:00+00:00,308.7300109863281,308.9599914550781,308.7300109863281,308.8900146484375,15427
2026-08-03 19:30:00+00:00,308.94000244140625,309.4320068359375,308.9200134277344,309.2900085449219,16564
2026-08-03 19:35:00+00:00,309.31500244140625,309.3399963378906,309.05010986328125,309.17498779296875,15477
2026-08-03 19:40:00+00:00,309.1499938964844,309.4798889160156,308.6650085449219,308.6650085449219,14147
2026-08-03 19:45:00+00:00,308.7099914550781,309.1499938964844,308.7099914550781,309.0199890136719,30392
2026-08-03 19:50:00+00:00,309.0899963378906,309.67999267578125,309.0199890136719,309.67999267578125,50656
2026-08-03 19:55:00+00:00,309.6700134277344,309.739990234375,309.1499938964844,309.20001220703125,149878
2026-08-03 20:00:00+00:00,309.19,309.24,309.18,309.24,0
2026-08-03 20:10:00+00:00,309.24,309.24,309.24,309.24,0
2026-08-03 20:15:00+00:00,309.24,309.24,309.24,309.24,0
2026-08-03 20:20:00+00:00,309.24,309.24,309.24,309.24,0
2026-08-03 20:30:00+00:00,306.71,306.71,306.71,306.71,0
2026-08-03 20:40:00+00:00,306.0,306.0,306.0,306.0,0
2026-08-03 20:50:00+00:00,306.0,306.0,306.0,306.0,0
2026-08-03 21:05:00+00:00,306.0,309.385,306.0,309.385,0
2026-08-03 21:10:00+00:00,308.8,308.8,308.8,308.8,0
2026-08-03 21:25:00+00:00,309.3784,309.3784,309.3784,309.3784,0
2026-08-03 21:30:00+00:00,309.5,309.5,309.5,309.5,0
2026-08-03 21:40:00+00:00,309.0,309.0,309.0,309.0,0
2026-08-03 21:45:00+00:00,309.0,309.0,309.0,309.0,0
2026-08-03 21:50:00+00:00,309.0,309.0,309.0,309.0,0
2026-08-03 21:55:00+00:00,309.4,309.4,309.4,309.4,0
2026-08-03 22:00:00+00:00,308.987,308.987,308.987,308.987,0
2026-08-03 22:05:00+00:00,309.25,309.25,306.6652,306.6652,0
2026-08-03 22:10:00+00:00,309.49,309.49,309.49,309.49,0
2026-08-03 22:20:00+00:00,309.49,309.49,309.49,309.49,0
2026-08-03 22:45:00+00:00,306.86,306.86,306.86,306.86,0
2026-08-03 22:55:00+00:00,309.3,309.3,306.703,306.703,0
2026-08-03 23:10:00+00:00,309.1,309.24,309.1,309.24,0
2026-08-03 23:15:00+00:00,309.24,309.24,309.22,309.24,0
2026-08-03 23:20:00+00:00,309.24,309.3,309.24,309.24,0
2026-08-03 23:25:00+00:00,309.24,309.24,309.24,309.24,0
2026-08-03 23:30:00+00:00,309.24,309.24,309.24,309.24,0
2026-08-03 23:45:00+00:00,309.33,309.33,309.33,309.33,0
2026-08-03 23:55:00+00:00,309.33,309.5,309.33,309.5,0
2026-08-04 08:00:00+00:00,310.05,310.05,309.0,310.03,0
2026-08-04 08:05:00+00:00,310.03,310.03,310.03,310.03,0
2026-08-04 08:20:00+00:00,310.03,310.03,310.03,310.03,0
2026-08-04 08:35:00+00:00,310.03,310.03,310.03,310.03,0
2026-08-04 08:40:00+00:00,310.03,310.03,310.03,310.03,0
2026-08-04 09:05:00+00:00,310.03,310.03,310.03,310.03,0
2026-08-04 09:20:00+00:00,310.03,310.03,310.03,310.03,0
2026-08-04 09:35:00+00:00,310.03,310.03,310.03,310.03,0
2026-08-04 09:50:00+00:00,310.03,310.03,310.03,310.03,0
2026-08-04 10:00:00+00:00,310.03,310.03,310.03,310.03,0
2026-08-04 10:35:00+00:00,310.03,310.03,310.03,310.03,0
2026-08-04 10:50:00+00:00,310.03,310.03,310.03,310.03,0
2026-08-04 11:00:00+00:00,310.0,310.0,309.98,310.0,0
2026-08-04 11:05:00+00:00,310.0,310.0,310.0,310.0,0
2026-08-04 11:20:00+00:00,305.8671,305.8671,305.86,305.86,0
2026-08-04 11:25:00+00:00,308.2122,308.2122,308.2122,308.2122,0
2026-08-04 11:35:00+00:00,310.0,310.0,309.79,309.79,0
2026-08-04 11:40:00+00:00,306.85,309.0,306.85,308.0,0
2026-08-04 11:45:00+00:00,309.0,309.24,309.0,309.24,0
2026-08-04 11:50:00+00:00,309.0,309.0,309.0,309.0,0
2026-08-04 11:55:00+00:00,308.89,308.89,308.89,308.89,0
2026-08-04 12:00:00+00:00,309.24,309.24,307.977,307.977,0
2026-08-04 12:20:00+00:00,310.0,310.05,309.97,309.98,0
2026-08-04 12:25:00+00:00,310.0,310.0,310.0,310.0,0
2026-08-04 12:30:00+00:00,310.0,310.29,309.79,309.79,0
2026-08-04 12:45:00+00:00,310.0,310.0,310.0,310.0,0
2026-08-04 13:00:00+00:00,310.54,310.54,309.45,310.0,0
2026-08-04 13:10:00+00:00,309.97,310.0,309.97,310.0,0
2026-08-04 13:30:00+00:00,310.25,310.42999267578125,307.80999755859375,308.25,20545
2026-08-04 13:35:00+00:00,308.25,309.91839599609375,307.8999938964844,309.4949951171875,4068
2026-08-04 13:40:00+00:00,309.5,310.1099853515625,308.5260009765625,309.6499938964844,5884
2026-08-04 13:45:00+00:00,309.6499938964844,310.0899963378906,309.2699890136719,310.0899963378906,7183
2026-08-04 13:50:00+00:00,309.95001220703125,311.2699890136719,309.8299865722656,311.20001220703125,7407
2026-08-04 13:55:00+00:00,311.20001220703125,311.57000732421875,310.75,310.760009765625,6330
2026-08-04 14:00:00+00:00,311.125,311.3299865722656,310.3399963378906,310.42498779296875,7623
2026-08-04 14:05:00+00:00,310.3500061035156,310.9800109863281,310.2900085449219,310.5799865722656,5462
2026-08-04 14:10:00+00:00,310.4599914550781,310.75,310.30999755859375,310.6300048828125,6111
2026-08-04 14:15:00+00:00,310.6499938964844,311.6000061035156,310.6499938964844,311.2900085449219,9910
2026-08-04 14:20:00+00:00,311.2250061035156,311.4599914550781,310.3500061035156,310.5050048828125,4442
2026-08-04 14:25:00+00:00,310.6899108886719,310.9100036621094,310.25,310.260009765625,8640
2026-08-04 14:30:00+00:00,310.3599853515625,311.2950134277344,310.239990234375,311.0899963378906,6513
2026-08-04 14:35:00+00:00,311.2699890136719,311.6000061035156,310.989990234375,311.4649963378906,9144
2026-08-04 14:40:00+00:00,311.5,312.3399963378906,311.2900085449219,312.3399963378906,6540
2026-08-04 14:45:00+00:00,312.385009765625,312.8601989746094,311.9700012207031,312.8601989746094,7154
2026-08-04 14:50:00+00:00,313.0,313.2900085449219,312.5,312.6000061035156,9604
2026-08-04 14:55:00+00:00,312.510009765625,312.7900085449219,312.0799865722656,312.5400085449219,11002
2026-08-04 15:00:00+00:00,312.5299987792969,312.6199951171875,312.2250061035156,312.3299865722656,6022
2026-08-04 15:05:00+00:00,312.3599853515625,312.68499755859375,312.0199890136719,312.2200012207031,6059
2026-08-04 15:10:00+00:00,312.3900146484375,312.510009765625,312.1499938964844,312.2850036621094,10189
2026-08-04 15:15:00+00:00,312.3851013183594,312.6099853515625,312.19000244140625,312.3999938964844,9382
2026-08-04 15:20:00+00:00,312.3349914550781,312.6449890136719,312.239990234375,312.6449890136719,9842
2026-08-04 15:25:00+00:00,312.6499938964844,312.6499938964844,311.9599914550781,312.0249938964844,10842
2026-08-04 15:30:00+00:00,312.0249938964844,312.3500061035156,311.79998779296875,312.18499755859375,10440
2026-08-04 15:35:00+00:00,312.2799987792969,313.1000061035156,312.2300109863281,312.9649963378906,12668
2026-08-04 15:40:00+00:00,313.010009765625,313.7300109863281,312.8900146484375,313.6099853515625,6581
2026-08-04 15:45:00+00:00,313.5799865722656,313.8349914550781,313.30999755859375,313.80999755859375,5480
2026-08-04 15:50:00+00:00,313.8299865722656,313.92999267578125,313.7179870605469,313.9200134277344,5121
2026-08-04 15:55:00+00:00,313.81500244140625,314.385009765625,313.81500244140625,314.385009765625,20313
2026-08-04 16:00:00+00:00,314.30999755859375,314.3599853515625,314.0299987792969,314.0299987792969,7902
2026-08-04 16:05:00+00:00,314.1000061035156,314.1000061035156,313.5,313.7749938964844,6939
2026-08-04 16:10:00+00:00,313.7749938964844,313.92498779296875,313.44000244140625,313.5249938964844,5997
2026-08-04 16:15:00+00:00,313.5249938964844,313.7950134277344,313.4649963378906,313.6600036621094,4731
2026-08-04 16:20:00+00:00,313.67498779296875,313.9100036621094,313.66009521484375,313.760009765625,4733
2026-08-04 16:25:00+00:00,313.7099914550781,313.8800048828125,313.6700134277344,313.82501220703125,5308
2026-08-04 16:30:00+00:00,313.75,314.17999267578125,313.75,314.17498779296875,7131
2026-08-04 16:35:00+00:00,314.2699890136719,314.3299865722656,314.0400085449219,314.1300048828125,4929
2026-08-04 16:40:00+00:00,314.1351013183594,314.2250061035156,314.07000732421875,314.1000061035156,7516
2026-08-04 16:45:00+00:00,314.1000061035156,314.5400085449219,314.1000061035156,314.5400085449219,4663
2026-08-04 16:50:00+00:00,314.45001220703125,314.6099853515625,314.2900085449219,314.2900085449219,4717
2026-08-04 16:55:00+00:00,314.3299865722656,314.6499938964844,314.2900085449219,314.5400085449219,6407
2026-08-04 17:00:00+00:00,314.4700012207031,314.69000244140625,314.4700012207031,314.6050109863281,4744
2026-08-04 17:05:00+00:00,314.614990234375,314.8900146484375,314.5199890136719,314.8699951171875,7024
2026-08-04 17:10:00+00:00,314.8599853515625,314.9200134277344,314.7049865722656,314.7200012207031,5163
2026-08-04 17:15:00+00:00,314.760009765625,314.9599914550781,314.7200012207031,314.8160095214844,7948
2026-08-04 17:20:00+00:00,314.82000732421875,314.8800048828125,314.4599914550781,314.5,9437
2026-08-04 17:25:00+00:00,314.4700012207031,314.6400146484375,314.3450012207031,314.42999267578125,6205
2026-08-04 17:30:00+00:00,314.4150085449219,314.5,314.2349853515625,314.45001220703125,5283
2026-08-04 17:35:00+00:00,314.4100036621094,314.5199890136719,314.260009765625,314.260009765625,4196
2026-08-04 17:40:00+00:00,314.3450012207031,314.94000244140625,314.3450012207031,314.7699890136719,7287
2026-08-04 17:45:00+00:00,314.7099914550781,314.93499755859375,314.6650085449219,314.80999755859375,5706
2026-08-04 17:50:00+00:00,314.7799987792969,314.7799987792969,314.07000732421875,314.4599914550781,4692
2026-08-04 17:55:00+00:00,314.4599914550781,314.67999267578125,314.44500732421875,314.44500732421875,3656
2026-08-04 18:00:00+00:00,314.30999755859375,314.3800048828125,314.05999755859375,314.2099914550781,9812
2026-08-04 18:05:00+00:00,313.95001220703125,314.2799987792969,313.8599853515625,314.17999267578125,8357
2026-08-04 18:10:00+00:00,314.1968994140625,314.2900085449219,314.1449890136719,314.1449890136719,4067
2026-08-04 18:15:00+00:00,314.2099914550781,314.2900085449219,313.94000244140625,313.94000244140625,3971
2026-08-04 18:20:00+00:00,313.8900146484375,313.989990234375,313.8699951171875,313.8699951171875,6177
2026-08-04 18:25:00+00:00,313.7900085449219,313.7900085449219,313.5799865722656,313.5799865722656,3324
2026-08-04 18:30:00+00:00,313.5899963378906,313.5899963378906,313.4100036621094,313.43499755859375,4748
2026-08-04 18:35:00+00:00,313.42999267578125,313.80999755859375,313.42999267578125,313.635009765625,6289
2026-08-04 18:40:00+00:00,313.5400085449219,313.7550048828125,313.489990234375,313.5899963378906,9726
2026-08-04 18:45:00+00:00,313.69000244140625,313.69000244140625,313.4100036621094,313.4100036621094,6293
2026-08-04 18:50:00+00:00,313.2799987792969,313.635009765625,313.2799987792969,313.5,4990
2026-08-04 18:55:00+00:00,313.5400085449219,313.75,313.5,313.5,6386
2026-08-04 19:00:00+00:00,313.5849914550781,313.7799987792969,313.4100036621094,313.7200012207031,6278
2026-08-04 19:05:00+00:00,313.7250061035156,313.7250061035156,313.3599853515625,313.42498779296875,8806
2026-08-04 19:10:00+00:00,313.4800109863281,313.67999267578125,313.3800048828125,313.5400085449219,8267
2026-08-04 19:15:00+00:00,313.4649963378906,313.69000244140625,313.29998779296875,313.5950012207031,8517
2026-08-04 19:20:00+00:00,313.5950012207031,313.80999755859375,313.5950012207031,313.7099914550781,12145
2026-08-04 19:25:00+00:00,313.7099914550781,314.3550109863281,313.7099914550781,314.2699890136719,15752
2026-08-04 19:30:00+00:00,314.3599853515625,314.6199951171875,314.1499938964844,314.4049987792969,20915
2026-08-04 19:35:00+00:00,314.4100036621094,314.5299987792969,314.19000244140625,314.25,13979
2026-08-04 19:40:00+00:00,314.2300109863281,314.6025085449219,314.1300048828125,314.19500732421875,20034
2026-08-04 19:45:00+00:00,314.19000244140625,314.6000061035156,314.04998779296875,314.5299987792969,26067
2026-08-04 19:50:00+00:00,314.5950012207031,314.5950012207031,313.82000732421875,313.8999938964844,32826
2026-08-04 19:55:00+00:00,313.885009765625,314.0899963378906,313.32000732421875,313.32000732421875,121543
2026-08-04 20:00:00+00:00,313.34,314.9202,309.24,313.34,0
2026-08-04 20:05:00+00:00,314.8494,314.8494,314.8494,314.8494,0
2026-08-04 20:10:00+00:00,313.34,314.93,313.34,313.34,0
2026-08-04 20:15:00+00:00,313.34,315.0,311.81,315.0,0
2026-08-04 20:20:00+00:00,313.34,313.34,313.34,313.34,0
2026-08-04 20:25:00+00:00,313.05,313.05,313.05,313.05,0
2026-08-04 20:35:00+00:00,314.84,314.84,314.84,314.84,0
2026-08-04 20:40:00+00:00,314.9988,314.9988,314.9988,314.9988,0
2026-08-04 20:45:00+00:00,314.8,314.8,314.8,314.8,0
2026-08-04 20:50:00+00:00,313.5,313.6,313.07,313.07,0
2026-08-04 20:55:00+00:00,313.09,313.09,313.06,313.06,0
2026-08-04 21:00:00+00:00,313.06,313.06,313.06,313.06,0
2026-08-04 21:05:00+00:00,313.04,313.34,313.0,313.34,0
2026-08-04 21:15:00+00:00,313.5,313.6,313.4,313.6,0
2026-08-04 21:25:00+00:00,312.3044,312.3044,312.3044,312.3044,0
2026-08-04 21:30:00+00:00,312.32,312.32,312.32,312.32,0
2026-08-04 21:35:00+00:00,313.755,313.755,313.755,313.755,0
2026-08-04 22:00:00+00:00,313.5,313.5,313.5,313.5,0
2026-08-04 22:05:00+00:00,313.45,313.5,313.45,313.45,0
2026-08-04 22:10:00+00:00,313.425,313.425,313.425,313.425,0
2026-08-04 22:20:00+00:00,315.0,315.0,313.0,313.0,0
2026-08-04 22:25:00+00:00,313.4,313.91,313.4,313.81,0
2026-08-04 22:30:00+00:00,313.81,313.81,311.81,311.81,0
2026-08-04 22:35:00+00:00,313.98,313.98,313.8,313.8,0
2026-08-04 22:40:00+00:00,313.8,313.8,313.8,313.8,0
2026-08-04 22:55:00+00:00,313.98,314.9997,313.8,314.9997,0
2026-08-04 23:15:00+00:00,313.905,313.905,313.6,313.6,0
2026-08-04 23:20:00+00:00,313.0,313.0,313.0,313.0,0
2026-08-04 23:30:00+00:00,313.0,313.0,313.0,313.0,0
2026-08-04 23:45:00+00:00,313.36,313.5,313.36,313.5,0
2026-08-04 23:50:00+00:00,313.34,313.34,313.34,313.34,0
2026-08-04 23:55:00+00:00,313.34,314.0,313.34,314.0,0
2026-08-05 08:00:00+00:00,313.34,315.21,313.34,314.98,0
2026-08-05 08:05:00+00:00,314.98,314.98,314.98,314.98,0
2026-08-05 08:20:00+00:00,314.99,314.99,314.99,314.99,0
2026-08-05 09:05:00+00:00,315.0,315.0,315.0,315.0,0
2026-08-05 09:30:00+00:00,315.0,315.0,315.0,315.0,0
2026-08-05 09:40:00+00:00,315.0,315.0,315.0,315.0,0
2026-08-05 10:00:00+00:00,315.0,315.0,315.0,315.0,0
2026-08-05 10:45:00+00:00,315.0,315.0,315.0,315.0,0
2026-08-05 11:05:00+00:00,315.0,315.0,315.0,315.0,0
2026-08-05 11:20:00+00:00,315.0,315.0,315.0,315.0,0
2026-08-05 11:35:00+00:00,314.99,315.0,314.7,315.0,0
2026-08-05 11:40:00+00:00,315.0,315.99,315.0,315.99,0
2026-08-05 11:45:00+00:00,314.64,314.64,314.64,314.64,0
2026-08-05 11:50:00+00:00,314.64,314.64,314.64,314.64,0
2026-08-05 12:05:00+00:00,315.6022,315.6022,315.6022,315.6022,0
2026-08-05 12:10:00+00:00,314.02,314.02,314.02,314.02,0
2026-08-05 12:15:00+00:00,313.235,313.235,313.235,313.235,0
2026-08-05 12:20:00+00:00,315.0,315.0,315.0,315.0,0
2026-08-05 12:35:00+00:00,311.11,311.11,311.11,311.11,0
2026-08-05 12:40:00+00:00,314.01,314.01,314.01,314.01,0
2026-08-05 12:45:00+00:00,315.2,315.99,315.2,315.99,0
2026-08-05 12:50:00+00:00,315.7,315.99,315.19,315.99,0
2026-08-05 12:55:00+00:00,315.99,315.99,314.0,314.02,0
2026-08-05 13:05:00+00:00,314.02,314.02,314.02,314.02,0
2026-08-05 13:30:00+00:00,312.5,313.7349853515625,310.8399963378906,311.4150085449219,66790
2026-08-05 13:35:00+00:00,311.4700012207031,312.31500244140625,311.0,312.010009765625,13787
2026-08-05 13:40:00+00:00,312.0899963378906,312.2864990234375,310.989990234375,312.1099853515625,9905
2026-08-05 13:45:00+00:00,312.2850036621094,313.32989501953125,311.6000061035156,312.44000244140625,6862
2026-08-05 13:50:00+00:00,312.239990234375,312.82000732421875,311.9200134277344,312.7699890136719,4123
2026-08-05 13:55:00+00:00,312.7749938964844,312.9200134277344,312.18011474609375,312.7699890136719,4608
2026-08-05 14:00:00+00:00,312.6300048828125,312.6300048828125,311.70001220703125,312.05999755859375,12599
2026-08-05 14:05:00+00:00,312.0,312.20001220703125,311.6050109863281,311.70001220703125,8878
2026-08-05 14:10:00+00:00,311.57000732421875,311.57000732421875,311.0199890136719,311.5299987792969,6264
2026-08-05 14:15:00+00:00,311.375,311.5899963378906,310.79998779296875,311.04998779296875,12047
2026-08-05 14:20:00+00:00,311.4549865722656,311.6099853515625,311.1600036621094,311.3399963378906,4963
2026-08-05 14:25:00+00:00,311.4100036621094,311.69000244140625,311.1600036621094,311.510009765625,6327
2026-08-05 14:30:00+00:00,311.17999267578125,311.7099914550781,310.760009765625,310.8299865722656,26700
2026-08-05 14:35:00+00:00,310.82501220703125,311.2300109863281,310.239990234375,310.80499267578125,22554
2026-08-05 14:40:00+00:00,310.80499267578125,310.94000244140625,309.8599853515625,309.94500732421875,5823
2026-08-05 14:45:00+00:00,309.94500732421875,309.989990234375,309.572509765625,309.8999938964844,6751
2026-08-05 14:50:00+00:00,310.0,310.260009765625,309.2349853515625,309.29998779296875,62288
2026-08-05 14:55:00+00:00,309.1600036621094,309.4700012207031,309.1000061035156,309.1549987792969,8023
2026-08-05 15:00:00+00:00,309.1499938964844,310.6199951171875,309.07000732421875,310.3900146484375,9030
2026-08-05 15:05:00+00:00,310.375,310.375,309.9800109863281,310.3699951171875,6792
2026-08-05 15:10:00+00:00,310.3599853515625,310.57000732421875,310.239990234375,310.260009765625,5763
2026-08-05 15:15:00+00:00,310.260009765625,310.260009765625,309.4949951171875,309.7250061035156,10739
2026-08-05 15:20:00+00:00,309.739990234375,310.5199890136719,309.7149963378906,310.5199890136719,22308
2026-08-05 15:25:00+00:00,310.54998779296875,310.54998779296875,310.05999755859375,310.260009765625,15118
2026-08-05 15:30:00+00:00,310.1000061035156,310.8349914550781,310.1000061035156,310.7900085449219,8216
2026-08-05 15:35:00+00:00,310.7950134277344,310.968994140625,310.55010986328125,310.760009765625,3751
2026-08-05 15:40:00+00:00,310.7200012207031,311.07501220703125,310.68499755859375,311.010009765625,3397
2026-08-05 15:45:00+00:00,310.9700012207031,311.15240478515625,310.8599853515625,311.1300048828125,3134
2026-08-05 15:50:00+00:00,311.07000732421875,311.3900146484375,311.0115051269531,311.1099853515625,4431
2026-08-05 15:55:00+00:00,311.1499938964844,311.2149963378906,310.9649963378906,311.0350036621094,5592
2026-08-05 16:00:00+00:00,310.9800109863281,311.3599853515625,310.92999267578125,311.2950134277344,3881
2026-08-05 16:05:00+00:00,311.239990234375,311.2799987792969,310.7699890136719,311.0,4539
2026-08-05 16:10:00+00:00,311.0675048828125,311.1199951171875,310.7601013183594,310.8500061035156,2985
2026-08-05 16:15:00+00:00,310.8550109863281,311.2799987792969,310.8450012207031,311.1199951171875,11409
2026-08-05 16:20:00+00:00,311.1199951171875,311.2550048828125,310.8500061035156,310.8500061035156,2981
2026-08-05 16:25:00+00:00,310.8599853515625,311.1199951171875,310.8599853515625,310.94500732421875,3526
2026-08-05 16:30:00+00:00,310.8900146484375,311.0,310.6499938964844,310.7099914550781,3435
2026-08-05 16:35:00+00:00,310.5799865722656,310.8999938964844,310.5299987792969,310.6556091308594,3242
2026-08-05 16:40:00+00:00,310.714599609375,310.9599914550781,310.6400146484375,310.7099914550781,3662
2026-08-05 16:45:00+00:00,310.7099914550781,311.010009765625,310.59490966796875,310.95001220703125,2629
2026-08-05 16:50:00+00:00,310.8800048828125,311.2749938964844,310.8800048828125,311.2749938964844,7199
2026-08-05 16:55:00+00:00,311.2749938964844,311.5400085449219,311.2749938964844,311.3599853515625,5776
2026-08-05 17:00:00+00:00,311.3699951171875,311.5950012207031,311.239990234375,311.31500244140625,5373
2026-08-05 17:05:00+00:00,311.2699890136719,311.3949890136719,311.260009765625,311.32501220703125,3525
2026-08-05 17:10:00+00:00,311.29998779296875,311.3999938964844,311.16009521484375,311.3699951171875,3910
2026-08-05 17:15:00+00:00,311.45001220703125,311.54998779296875,311.17999267578125,311.2749938964844,5927
2026-08-05 17:20:00+00:00,311.2749938964844,311.2749938964844,310.8999938964844,310.9200134277344,2681
2026-08-05 17:25:00+00:00,310.92999267578125,311.05999755859375,310.79998779296875,310.8599853515625,3842
2026-08-05 17:30:00+00:00,310.9150085449219,311.1099853515625,310.7699890136719,311.1099853515625,3777
2026-08-05 17:35:00+00:00,311.0555114746094,311.19000244140625,311.0299987792969,311.04998779296875,2417
2026-08-05 17:40:00+00:00,311.17999267578125,311.260009765625,311.1300048828125,311.260009765625,3014
2026-08-05 17:45:00+00:00,311.2650146484375,311.2749938964844,311.0899963378906,311.2099914550781,3582
2026-08-05 17:50:00+00:00,311.2099914550781,311.4100036621094,311.05499267578125,311.05999755859375,4163
2026-08-05 17:55:00+00:00,311.2900085449219,311.2900085449219,311.0199890136719,311.05999755859375,2879
2026-08-05 18:00:00+00:00,311.04998779296875,311.32000732421875,311.0400085449219,311.32000732421875,4146
2026-08-05 18:05:00+00:00,311.3999938964844,311.4700012207031,311.19000244140625,311.4700012207031,3089
2026-08-05 18:10:00+00:00,311.37249755859375,311.489990234375,311.29998779296875,311.3299865722656,3318
2026-08-05 18:15:00+00:00,311.260009765625,311.42498779296875,311.260009765625,311.42498779296875,4093
2026-08-05 18:20:00+00:00,311.4150085449219,311.54998779296875,311.2650146484375,311.2650146484375,4320
2026-08-05 18:25:00+00:00,311.31500244140625,311.4200134277344,311.1700134277344,311.1700134277344,3012
2026-08-05 18:30:00+00:00,311.1600036621094,311.30999755859375,311.0899963378906,311.25,3863
2026-08-05 18:35:00+00:00,311.32000732421875,311.3900146484375,311.0899963378906,311.0899963378906,3467
2026-08-05 18:40:00+00:00,311.07000732421875,311.07000732421875,310.95733642578125,311.0,3392
2026-08-05 18:45:00+00:00,311.0400085449219,311.30999755859375,311.0299987792969,311.2300109863281,270353
2026-08-05 18:50:00+00:00,311.2799987792969,311.3399963378906,311.1199951171875,311.2149963378906,3303
2026-08-05 18:55:00+00:00,311.2200012207031,311.4750061035156,311.1700134277344,311.3999938964844,4778
2026-08-05 19:00:00+00:00,311.3999938964844,311.4750061035156,310.989990234375,310.989990234375,7809
2026-08-05 19:05:00+00:00,311.0574951171875,311.4599914550781,311.0574951171875,311.3800048828125,4268
2026-08-05 19:10:00+00:00,311.3800048828125,311.5,311.32000732421875,311.3800048828125,7138
2026-08-05 19:15:00+00:00,311.385009765625,311.7699890136719,311.2900085449219,311.6449890136719,4357
2026-08-05 19:20:00+00:00,311.7099914550781,311.7799072265625,311.54998779296875,311.68499755859375,6888
2026-08-05 19:25:00+00:00,311.60009765625,311.60009765625,311.29998779296875,311.3399963378906,9047
2026-08-05 19:30:00+00:00,311.3800048828125,311.67999267578125,311.3399963378906,311.67999267578125,9920
2026-08-05 19:35:00+00:00,311.6600036621094,311.6600036621094,311.2900085449219,311.42999267578125,11102
2026-08-05 19:40:00+00:00,311.5299987792969,311.6099853515625,311.29998779296875,311.3450012207031,13039
2026-08-05 19:45:00+00:00,311.3999938964844,311.6650085449219,311.3500061035156,311.6000061035156,17132
2026-08-05 19:50:00+00:00,311.69000244140625,311.70001220703125,311.0899963378906,311.1600036621094,21240
2026-08-05 19:55:00+00:00,311.135009765625,311.2550048828125,310.5400085449219,310.739990234375,93581
2026-08-05 20:00:00+00:00,310.72,310.72,310.72,310.72,0
2026-08-05 20:05:00+00:00,310.44,311.0,310.44,310.72,0
2026-08-05 20:10:00+00:00,310.72,311.02,310.72,311.02,0
2026-08-05 20:15:00+00:00,310.72,311.5,310.72,310.72,0
2026-08-05 20:20:00+00:00,310.72,311.32,310.72,311.32,0
2026-08-05 20:25:00+00:00,311.0,311.0,311.0,311.0,0
2026-08-05 20:30:00+00:00,311.0,311.0,310.72,310.72,0
2026-08-05 20:45:00+00:00,311.32,311.32,311.32,311.32,0
2026-08-05 20:55:00+00:00,312.8426,312.8426,312.8426,312.8426,0
2026-08-05 21:00:00+00:00,310.72,310.72,310.72,310.72,0
2026-08-05 21:05:00+00:00,310.72,310.72,310.72,310.72,0
2026-08-05 21:30:00+00:00,310.9184,310.9184,310.9184,310.9184,0
2026-08-05 22:05:00+00:00,310.9184,310.9184,310.9184,310.9184,0
2026-08-05 22:15:00+00:00,310.9184,310.9184,310.9184,310.9184,0
2026-08-05 22:40:00+00:00,310.92,310.92,310.9,310.9,0
2026-08-05 22:45:00+00:00,310.78,310.78,310.78,310.78,0
2026-08-05 22:50:00+00:00,311.9529,311.9529,311.9529,311.9529,0
2026-08-05 23:20:00+00:00,312.0,312.0,312.0,312.0,0
2026-08-05 23:30:00+00:00,311.0,311.0,311.0,311.0,0
2026-08-05 23:45:00+00:00,310.78,310.78,310.78,310.78,0
2026-08-05 23:50:00+00:00,310.78,310.78,310.78,310.78,0
2026-08-06 08:00:00+00:00,310.1012,313.89,310.1012,313.89,0
2026-08-06 08:10:00+00:00,312.29,312.29,312.29,312.29,0
2026-08-06 08:25:00+00:00,312.29,312.29,312.29,312.29,0
2026-08-06 08:35:00+00:00,312.29,312.29,312.29,312.29,0
2026-08-06 08:50:00+00:00,312.35,312.35,312.35,312.35,0
2026-08-06 09:10:00+00:00,312.35,312.35,312.35,312.35,0
2026-08-06 09:15:00+00:00,312.35,312.35,312.35,312.35,0
2026-08-06 09:35:00+00:00,312.35,312.35,312.35,312.35,0
2026-08-06 09:55:00+00:00,312.35,314.26,312.35,314.26,0
2026-08-06 10:05:00+00:00,314.26,314.26,314.26,314.26,0
2026-08-06 10:15:00+00:00,317.315,317.315,317.315,317.315,0
2026-08-06 10:40:00+00:00,317.315,317.315,317.315,317.315,0
2026-08-06 10:45:00+00:00,316.7,316.7,313.05,313.19,0
2026-08-06 10:55:00+00:00,313.19,313.19,313.19,313.19,0
2026-08-06 11:05:00+00:00,312.86,312.86,312.86,312.86,0
2026-08-06 11:10:00+00:00,311.02,311.02,311.0,311.0,0
2026-08-06 11:20:00+00:00,311.45,311.45,311.41,311.45,0
2026-08-06 11:25:00+00:00,311.4,311.4,311.4,311.4,0
2026-08-06 11:35:00+00:00,311.9324,311.9324,311.9324,311.9324,0
2026-08-06 11:40:00+00:00,311.9324,311.9324,311.9324,311.9324,0
2026-08-06 11:45:00+00:00,311.9324,311.9324,311.9324,311.9324,0
2026-08-06 11:50:00+00:00,311.11,311.11,311.11,311.11,0
2026-08-06 12:05:00+00:00,311.968,311.968,311.968,311.968,0
2026-08-06 12:10:00+00:00,311.11,311.11,311.11,311.11,0
2026-08-06 12:15:00+00:00,311.9324,311.9324,311.9324,311.9324,0
2026-08-06 12:20:00+00:00,311.15,311.15,311.13,311.15,0
2026-08-06 12:25:00+00:00,311.13,311.13,311.0,311.0,0
2026-08-06 12:30:00+00:00,311.5,311.5,311.5,311.5,0
2026-08-06 12:35:00+00:00,311.0,311.98,311.0,311.96,0
2026-08-06 12:40:00+00:00,311.37,311.37,311.37,311.37,0
2026-08-06 12:55:00+00:00,311.99,312.0,310.72,310.72,0
2026-08-06 13:05:00+00:00,311.99,312.0,311.99,312.0,0
2026-08-06 13:10:00+00:00,312.0,312.0,311.0,311.0,0
2026-08-06 13:30:00+00:00,312.6400146484375,314.6199951171875,312.4100036621094,313.1000061035156,22254
2026-08-06 13:35:00+00:00,313.0299987792969,314.0199890136719,312.3900146484375,313.0199890136719,10444
2026-08-06 13:40:00+00:00,313.0,314.5,312.739990234375,314.2900085449219,11636
2026-08-06 13:45:00+00:00,314.0299987792969,314.9800109863281,313.82000732421875,314.2699890136719,46033
2026-08-06 13:50:00+00:00,314.3450012207031,314.8800048828125,313.69500732421875,313.9849853515625,13082
2026-08-06 13:55:00+00:00,313.9849853515625,314.8399963378906,313.5899963378906,314.45001220703125,15394
2026-08-06 14:00:00+00:00,314.54998779296875,316.8500061035156,314.30999755859375,316.5400085449219,18925
2026-08-06 14:05:00+00:00,316.2200012207031,318.2900085449219,315.8999938964844,317.7900085449219,24309
2026-08-06 14:10:00+00:00,317.6099853515625,318.5,316.7699890136719,317.3999938964844,29487
2026-08-06 14:15:00+00:00,317.3999938964844,317.7900085449219,316.3900146484375,316.5799865722656,22801
2026-08-06 14:20:00+00:00,316.32000732421875,317.3999938964844,316.2300109863281,316.760009765625,11650
2026-08-06 14:25:00+00:00,316.885009765625,317.0849914550781,316.1700134277344,316.82110595703125,20305
2026-08-06 14:30:00+00:00,317.0,317.2250061035156,316.6700134277344,316.9599914550781,13656
2026-08-06 14:35:00+00:00,317.19000244140625,317.6600036621094,316.5199890136719,317.4200134277344,10794
2026-08-06 14:40:00+00:00,317.6549987792969,317.6549987792969,316.4100036621094,316.4100036621094,12592
2026-08-06 14:45:00+00:00,316.75,317.0899963378906,316.3599853515625,316.6700134277344,12791
2026-08-06 14:50:00+00:00,316.4949951171875,317.42999267578125,316.4100036621094,316.93499755859375,11449
2026-08-06 14:55:00+00:00,316.93499755859375,317.5799865722656,316.93499755859375,317.1400146484375,15353
2026-08-06 15:00:00+00:00,317.07000732421875,317.5199890136719,316.8800048828125,317.3949890136719,9894
2026-08-06 15:05:00+00:00,317.3949890136719,318.1000061035156,316.9549865722656,317.9800109863281,14022
2026-08-06 15:10:00+00:00,318.0,318.0,317.3900146484375,317.6050109863281,12513
2026-08-06 15:15:00+00:00,317.6499938964844,317.989990234375,317.2699890136719,317.42999267578125,16128
2026-08-06 15:20:00+00:00,317.4200134277344,317.5400085449219,316.42999267578125,316.67498779296875,29309
2026-08-06 15:25:00+00:00,316.67498779296875,317.19000244140625,316.17498779296875,316.3399963378906,18498
2026-08-06 15:30:00+00:00,316.3399963378906,316.55999755859375,316.05999755859375,316.17498779296875,15673
2026-08-06 15:35:00+00:00,316.17498779296875,316.2099914550781,315.5400085449219,315.9200134277344,14880
2026-08-06 15:40:00+00:00,315.94000244140625,316.1199951171875,315.75,315.8399963378906,12218
2026-08-06 15:45:00+00:00,315.875,316.1199951171875,315.67999267578125,315.67999267578125,11308
2026-08-06 15:50:00+00:00,315.7200012207031,315.8800048828125,315.1400146484375,315.2200012207031,16438
2026-08-06 15:55:00+00:00,315.1099853515625,315.6650085449219,314.3900146484375,315.2200012207031,19106
2026-08-06 16:00:00+00:00,315.5899963378906,316.1499938964844,315.2099914550781,315.6000061035156,13099
2026-08-06 16:05:00+00:00,315.5899963378906,316.4700012207031,315.42999267578125,316.4599914550781,16490
2026-08-06 16:10:00+00:00,316.4599914550781,316.8900146484375,315.7900085449219,315.8949890136719,15371
2026-08-06 16:15:00+00:00,315.9700012207031,316.1199951171875,315.29998779296875,315.6600036621094,28286
2026-08-06 16:20:00+00:00,315.67999267578125,316.17999267578125,315.44000244140625,316.1300048828125,8620
2026-08-06 16:25:00+00:00,316.1300048828125,316.3399963378906,316.010009765625,316.29998779296875,8629
2026-08-06 16:30:00+00:00,316.3500061035156,316.80499267578125,316.1400146484375,316.34698486328125,12706
2026-08-06 16:35:00+00:00,316.2300109863281,316.8182067871094,316.2300109863281,316.7300109863281,7308
2026-08-06 16:40:00+00:00,316.6499938964844,317.260009765625,316.6000061035156,317.19500732421875,10245
2026-08-06 16:45:00+00:00,317.3299865722656,317.45001220703125,316.9800109863281,317.1600036621094,18912
2026-08-06 16:50:00+00:00,317.2200012207031,317.4800109863281,317.0299987792969,317.19000244140625,10090
2026-08-06 16:55:00+00:00,317.1000061035156,317.25,317.0,317.0,6629
2026-08-06 17:00:00+00:00,316.92999267578125,317.25,316.9100036621094,317.2200012207031,8027
2026-08-06 17:05:00+00:00,317.3299865722656,317.5400085449219,316.79998779296875,316.8299865722656,11820
2026-08-06 17:10:00+00:00,316.8299865722656,317.18499755859375,316.7900085449219,316.79998779296875,9936
2026-08-06 17:15:00+00:00,316.80999755859375,317.2099914550781,316.55999755859375,316.69000244140625,12924
2026-08-06 17:20:00+00:00,316.6700134277344,316.7900085449219,316.0899963378906,316.30499267578125,6344
2026-08-06 17:25:00+00:00,316.30499267578125,316.57000732421875,316.30499267578125,316.5400085449219,6000
2026-08-06 17:30:00+00:00,316.3299865722656,316.8450012207031,316.32000732421875,316.8450012207031,14792
2026-08-06 17:35:00+00:00,316.739990234375,316.8399963378906,316.2799987792969,316.67498779296875,10795
2026-08-06 17:40:00+00:00,316.7200012207031,316.79998779296875,316.4700012207031,316.54998779296875,8944
2026-08-06 17:45:00+00:00,316.5400085449219,316.69000244140625,316.31500244140625,316.45001220703125,8284
2026-08-06 17:50:00+00:00,316.239990234375,316.239990234375,315.75,315.8175048828125,8746
2026-08-06 17:55:00+00:00,315.8500061035156,316.14898681640625,315.5299987792969,315.9800109863281,9531
2026-08-06 18:00:00+00:00,315.9200134277344,316.32000732421875,315.8399963378906,316.1199951171875,13441
2026-08-06 18:05:00+00:00,316.1199951171875,316.5249938964844,316.0799865722656,316.1400146484375,10264
2026-08-06 18:10:00+00:00,316.05999755859375,316.20001220703125,315.8299865722656,316.0400085449219,11848
2026-08-06 18:15:00+00:00,316.0799865722656,316.32501220703125,315.94000244140625,316.17498779296875,9392
2026-08-06 18:20:00+00:00,316.1000061035156,316.2900085449219,316.0199890136719,316.20001220703125,7942
2026-08-06 18:25:00+00:00,316.20001220703125,316.2699890136719,315.989990234375,316.06500244140625,9906
2026-08-06 18:30:00+00:00,315.989990234375,316.2250061035156,315.8599853515625,315.9599914550781,11303
2026-08-06 18:35:00+00:00,315.9599914550781,316.32000732421875,315.9599914550781,316.2200012207031,8754
2026-08-06 18:40:00+00:00,316.239990234375,316.3599853515625,316.04998779296875,316.1199951171875,14342
2026-08-06 18:45:00+00:00,316.0,316.2799987792969,315.8299865722656,315.9200134277344,11127
2026-08-06 18:50:00+00:00,315.9100036621094,316.02508544921875,315.8299865722656,315.94500732421875,8223
2026-08-06 18:55:00+00:00,315.94500732421875,316.19500732421875,315.6099853515625,315.7099914550781,15998
2026-08-06 19:00:00+00:00,315.79998779296875,315.89990234375,315.260009765625,315.3500061035156,8659
2026-08-06 19:05:00+00:00,315.4100036621094,315.635009765625,315.3500061035156,315.5199890136719,13837
2026-08-06 19:10:00+00:00,315.5199890136719,315.5199890136719,314.69000244140625,314.9549865722656,15730
2026-08-06 19:15:00+00:00,314.8999938964844,315.2799987792969,314.75,315.1300048828125,13648
2026-08-06 19:20:00+00:00,315.18499755859375,316.3450012207031,315.18499755859375,316.2650146484375,30393
2026-08-06 19:25:00+00:00,316.20001220703125,317.0799865722656,316.19000244140625,316.8349914550781,19489
2026-08-06 19:30:00+00:00,316.8349914550781,317.20001220703125,316.70001220703125,317.0,40539
2026-08-06 19:35:00+00:00,317.010009765625,317.42999267578125,316.989990234375,317.2300109863281,49342
2026-08-06 19:40:00+00:00,317.2449951171875,317.2449951171875,316.7699890136719,316.9949951171875,24835
2026-08-06 19:45:00+00:00,316.9949951171875,317.4800109863281,316.8399963378906,317.1549987792969,28666
2026-08-06 19:50:00+00:00,317.239990234375,318.04998779296875,317.04998779296875,317.3999938964844,57441
2026-08-06 19:55:00+00:00,317.67999267578125,317.7099914550781,315.7799987792969,315.8699951171875,160944
2026-08-06 20:00:00+00:00,315.87,315.87,315.87,315.87,0
2026-08-06 20:05:00+00:00,315.87,318.4546,315.87,316.03,0
2026-08-06 20:10:00+00:00,315.87,318.14,315.87,318.14,0
2026-08-06 20:15:00+00:00,315.87,316.35,315.87,316.35,0
2026-08-06 20:25:00+00:00,316.03,317.48,315.99,317.48,0
2026-08-06 20:40:00+00:00,316.45,316.45,316.42,316.42,0
2026-08-06 20:45:00+00:00,315.87,316.0,315.87,316.0,0
2026-08-06 20:50:00+00:00,316.25,316.25,316.25,316.25,0
2026-08-06 20:55:00+00:00,316.25,317.25,316.25,317.25,0
2026-08-06 21:00:00+00:00,315.87,316.0,315.87,316.0,0
2026-08-06 21:05:00+00:00,315.87,316.0454,315.87,316.0454,0
2026-08-06 21:10:00+00:00,316.2,316.2,316.2,316.2,0
2026-08-06 21:15:00+00:00,316.25,316.25,316.25,316.25,0
2026-08-06 21:20:00+00:00,316.05,316.05,316.05,316.05,0
2026-08-06 21:25:00+00:00,316.8,316.8,316.8,316.8,0
2026-08-06 21:40:00+00:00,316.05,316.05,316.05,316.05,0
2026-08-06 21:45:00+00:00,316.05,316.05,316.05,316.05,0
2026-08-06 22:05:00+00:00,316.8,316.8,316.8,316.8,0
2026-08-06 22:15:00+00:00,316.69,316.69,316.69,316.69,0
2026-08-06 22:25:00+00:00,316.6,316.6,316.6,316.6,0
2026-08-06 22:30:00+00:00,316.54,316.54,316.54,316.54,0
2026-08-06 22:40:00+00:00,316.54,316.54,316.54,316.54,0
2026-08-06 23:30:00+00:00,316.05,316.05,316.05,316.05,0
2026-08-06 23:45:00+00:00,316.8,316.8,316.8,316.8,0
2026-08-06 23:50:00+00:00,318.99,318.99,318.99,318.99,0
2026-08-07 08:00:00+00:00,319.9,319.9,316.0,316.0,0
2026-08-07 08:10:00+00:00,316.0,316.0,316.0,316.0,0
2026-08-07 08:15:00+00:00,316.3131,316.3131,316.3131,316.3131,0
2026-08-07 08:25:00+00:00,316.3131,316.3131,316.3131,316.3131,0
2026-08-07 08:40:00+00:00,316.3131,316.3131,316.3131,316.3131,0
2026-08-07 08:50:00+00:00,316.0985,316.0985,316.0985,316.0985,0
2026-08-07 09:00:00+00:00,316.0985,316.0985,316.0985,316.0985,0
2026-08-07 09:30:00+00:00,316.0012,316.0012,316.0012,316.0012,0
2026-08-07 09:40:00+00:00,316.0012,316.0012,316.0012,316.0012,0
2026-08-07 09:50:00+00:00,316.4,316.4,316.0,316.0,0
2026-08-07 10:00:00+00:00,316.0,316.0,316.0,316.0,0
2026-08-07 10:10:00+00:00,316.0,316.0,316.0,316.0,0
2026-08-07 10:20:00+00:00,316.0,316.0,316.0,316.0,0
2026-08-07 10:30:00+00:00,316.0,316.0,316.0,316.0,0
2026-08-07 10:55:00+00:00,316.0,316.0,316.0,316.0,0
2026-08-07 11:00:00+00:00,316.27,316.27,316.27,316.27,0
2026-08-07 11:20:00+00:00,316.01,316.6575,316.01,316.6575,0
2026-08-07 12:00:00+00:00,316.0,316.0001,316.0,316.0001,0
2026-08-07 12:15:00+00:00,317.45,317.45,317.45,317.45,0
2026-08-07 12:30:00+00:00,319.9488,319.9488,319.9488,319.9488,0
2026-08-07 12:35:00+00:00,316.01,319.95,316.01,316.04,0
2026-08-07 12:40:00+00:00,319.95,319.95,317.11,317.11,0
2026-08-07 12:45:00+00:00,318.62,318.75,317.11,317.11,0
2026-08-07 12:50:00+00:00,318.6,319.3886,318.6,319.3886,0
2026-08-07 12:55:00+00:00,319.3886,319.3886,319.3886,319.3886,0
2026-08-07 13:00:00+00:00,317.11,317.11,317.0,317.01,0
2026-08-07 13:05:00+00:00,317.0,318.75,317.0,318.75,0
2026-08-07 13:10:00+00:00,317.0,319.95,316.13,316.13,0
2026-08-07 13:30:00+00:00,315.05999755859375,315.06500244140625,313.3100891113281,314.45001220703125,23678
2026-08-07 13:35:00+00:00,314.8699951171875,317.6700134277344,314.340087890625,317.0950012207031,5102
2026-08-07 13:40:00+00:00,317.0250549316406,317.8599853515625,317.0250549316406,317.3475036621094,4219
2026-08-07 13:45:00+00:00,317.3800048828125,317.3800048828125,316.6300048828125,317.2200012207031,10747
2026-08-07 13:50:00+00:00,316.8699951171875,317.7200012207031,316.80999755859375,316.9599914550781,5139
2026-08-07 13:55:00+00:00,317.0260009765625,317.70001220703125,316.69000244140625,316.93499755859375,9185
2026-08-07 14:00:00+00:00,316.92999267578125,317.55999755859375,316.7799987792969,317.1400146484375,14058
2026-08-07 14:05:00+00:00,317.1400146484375,317.1400146484375,315.9400939941406,316.5799865722656,8181
2026-08-07 14:10:00+00:00,316.2799987792969,316.70001220703125,315.95001220703125,316.4049987792969,10238
2026-08-07 14:15:00+00:00,316.5450134277344,317.3800048828125,316.2025146484375,317.2099914550781,8608
2026-08-07 14:20:00+00:00,317.0899963378906,317.4100036621094,316.614990234375,316.6199951171875,9236
2026-08-07 14:25:00+00:00,316.625,317.4599914550781,316.5199890136719,317.1499938964844,16650
2026-08-07 14:30:00+00:00,317.32501220703125,317.54998779296875,316.6499938964844,316.6700134277344,13356
2026-08-07 14:35:00+00:00,316.82000732421875,316.9599914550781,316.4200134277344,316.8999938964844,4624
2026-08-07 14:40:00+00:00,316.6700134277344,316.6700134277344,316.1499938964844,316.1650085449219,8447
2026-08-07 14:45:00+00:00,316.2699890136719,316.80999755859375,316.2699890136719,316.7200012207031,6261
2026-08-07 14:50:00+00:00,316.760009765625,316.7900085449219,316.2900085449219,316.7300109863281,5734
2026-08-07 14:55:00+00:00,316.7550048828125,317.3800048828125,316.7550048828125,317.2699890136719,6033
2026-08-07 15:00:00+00:00,317.1499938964844,317.3699951171875,316.8900146484375,316.8900146484375,5460
2026-08-07 15:05:00+00:00,316.95001220703125,317.0799865722656,316.6400146484375,316.8949890136719,8942
2026-08-07 15:10:00+00:00,316.9049987792969,317.29998779296875,316.8999938964844,317.1400146484375,8350
2026-08-07 15:15:00+00:00,317.1549987792969,317.20001220703125,316.55999755859375,316.760009765625,3718
2026-08-07 15:20:00+00:00,316.7149963378906,317.25,316.7149963378906,317.1099853515625,7738
2026-08-07 15:25:00+00:00,317.1449890136719,317.30999755859375,316.9200134277344,317.29998779296875,4999
2026-08-07 15:30:00+00:00,317.30999755859375,317.30999755859375,316.9549865722656,316.9549865722656,5132
2026-08-07 15:35:00+00:00,317.07000732421875,317.1000061035156,316.7799987792969,316.7799987792969,5214
2026-08-07 15:40:00+00:00,316.82501220703125,316.94000244140625,316.6600036621094,316.7900085449219,7220
2026-08-07 15:45:00+00:00,316.7900085449219,317.3900146484375,316.54998779296875,317.2799987792969,9713
2026-08-07 15:50:00+00:00,317.3999938964844,317.9198913574219,316.9200134277344,317.19500732421875,29430
2026-08-07 15:55:00+00:00,317.3599853515625,317.3799133300781,317.19000244140625,317.260009765625,3806
2026-08-07 16:00:00+00:00,317.2699890136719,317.739990234375,317.1600036621094,317.739990234375,10074
2026-08-07 16:05:00+00:00,317.8900146484375,318.2099914550781,317.7699890136719,317.9549865722656,13102
2026-08-07 16:10:00+00:00,317.9800109863281,318.79998779296875,317.9800109863281,318.7099914550781,9989
2026-08-07 16:15:00+00:00,318.75,318.7550048828125,318.6099853515625,318.6200866699219,3736
2026-08-07 16:20:00+00:00,318.6600036621094,318.8299865722656,318.5799865722656,318.739990234375,7118
2026-08-07 16:25:00+00:00,318.5899963378906,318.739990234375,318.2301025390625,318.5199890136719,5547
2026-08-07 16:30:00+00:00,318.55999755859375,319.0849914550781,318.45001220703125,318.82501220703125,9041
2026-08-07 16:35:00+00:00,318.79998779296875,319.2149963378906,318.6243896484375,319.125,4951
2026-08-07 16:40:00+00:00,319.125,319.4049987792969,319.05999755859375,319.1400146484375,8378
2026-08-07 16:45:00+00:00,319.2349853515625,319.239990234375,318.92498779296875,319.2149963378906,8540
2026-08-07 16:50:00+00:00,319.2200012207031,319.489990234375,319.1300048828125,319.30999755859375,10005
2026-08-07 16:55:00+00:00,319.3299865722656,319.69000244140625,319.32000732421875,319.3800048828125,9816
2026-08-07 17:00:00+00:00,319.3999938964844,319.5400085449219,319.32000732421875,319.42999267578125,7712
2026-08-07 17:05:00+00:00,319.42999267578125,319.5400085449219,319.2550048828125,319.2699890136719,6984
2026-08-07 17:10:00+00:00,319.25,319.4679870605469,319.17498779296875,319.32000732421875,5616
2026-08-07 17:15:00+00:00,319.32000732421875,319.3450012207031,319.1600036621094,319.2200012207031,9719
2026-08-07 17:20:00+00:00,319.2900085449219,319.45001220703125,319.0350036621094,319.0400085449219,7445
2026-08-07 17:25:00+00:00,319.0199890136719,319.17999267578125,318.8999938964844,318.9949951171875,7853
2026-08-07 17:30:00+00:00,319.0,319.0,318.7200012207031,318.864990234375,6274
2026-08-07 17:35:00+00:00,318.864990234375,319.07000732421875,318.75,318.9100036621094,10210
2026-08-07 17:40:00+00:00,318.9100036621094,319.0050048828125,318.7250061035156,318.7250061035156,6590
2026-08-07 17:45:00+00:00,318.7099914550781,318.9200134277344,318.7099914550781,318.8399963378906,6166
2026-08-07 17:50:00+00:00,318.8399963378906,318.8399963378906,317.9601135253906,318.239990234375,8866
2026-08-07 17:55:00+00:00,318.2099914550781,318.4200134277344,317.9599914550781,317.989990234375,7700
2026-08-07 18:00:00+00:00,318.010009765625,318.05499267578125,317.80999755859375,317.864990234375,5138
2026-08-07 18:05:00+00:00,317.864990234375,318.2049865722656,317.6499938964844,318.19000244140625,11205
2026-08-07 18:10:00+00:00,318.0400085449219,318.1600036621094,317.7449951171875,317.8500061035156,4804
2026-08-07 18:15:00+00:00,317.8550109863281,318.1099853515625,317.7200012207031,318.0450134277344,10102
2026-08-07 18:20:00+00:00,318.0,318.05999755859375,317.8699951171875,317.9599914550781,6656
2026-08-07 18:25:00+00:00,317.9649963378906,318.20001220703125,317.8800048828125,318.20001220703125,6318
2026-08-07 18:30:00+00:00,318.19500732421875,318.19500732421875,317.625,317.7250061035156,10864
2026-08-07 18:35:00+00:00,317.6549987792969,317.67999267578125,317.4200134277344,317.5799865722656,5924
2026-08-07 18:40:00+00:00,317.5849914550781,317.760009765625,317.5199890136719,317.5199890136719,7176
2026-08-07 18:45:00+00:00,317.5199890136719,317.6050109863281,317.2300109863281,317.31500244140625,6662
2026-08-07 18:50:00+00:00,317.31500244140625,317.45001220703125,317.31500244140625,317.4313049316406,4826
2026-08-07 18:55:00+00:00,317.4599914550781,317.94000244140625,317.3800048828125,317.9150085449219,8597
2026-08-07 19:00:00+00:00,317.9150085449219,318.2900085449219,317.9150085449219,318.19000244140625,8321
2026-08-07 19:05:00+00:00,318.260009765625,318.6700134277344,318.25,318.6700134277344,7625
2026-08-07 19:10:00+00:00,318.6700134277344,319.0,318.6333923339844,318.7799987792969,10716
2026-08-07 19:15:00+00:00,318.7099914550781,319.2799987792969,318.7099914550781,318.92498779296875,11577
2026-08-07 19:20:00+00:00,318.95001220703125,319.0299987792969,318.6700134277344,318.80499267578125,14044
2026-08-07 19:25:00+00:00,318.79998779296875,318.864990234375,318.6400146484375,318.7799987792969,13666
2026-08-07 19:30:00+00:00,318.7650146484375,318.885009765625,318.5,318.6199951171875,22859
2026-08-07 19:35:00+00:00,318.625,318.8599853515625,318.5299987792969,318.67999267578125,20788
2026-08-07 19:40:00+00:00,318.6300048828125,318.739990234375,318.1400146484375,318.18499755859375,17241
2026-08-07 19:45:00+00:00,318.1449890136719,318.5,318.0400085449219,318.375,26370
2026-08-07 19:50:00+00:00,318.29998779296875,318.364990234375,317.5299987792969,317.6400146484375,54245
2026-08-07 19:55:00+00:00,317.67498779296875,318.7799987792969,317.5400085449219,318.4800109863281,122341
2026-08-07 20:00:00+00:00,318.57,319.661,318.57,318.57,0
2026-08-07 20:05:00+00:00,318.57,318.57,318.57,318.57,0
2026-08-07 20:10:00+00:00,318.57,318.57,318.57,318.57,0
2026-08-07 20:15:00+00:00,318.57,318.57,318.57,318.57,0
2026-08-07 20:20:00+00:00,318.57,318.57,318.57,318.57,0
2026-08-07 20:30:00+00:00,318.57,318.6,318.5,318.6,0
2026-08-07 20:40:00+00:00,314.995,314.995,314.995,314.995,0
2026-08-07 20:45:00+00:00,314.5,314.5,314.5,314.5,0
2026-08-07 20:50:00+00:00,315.0,315.0,314.99,314.99,0
2026-08-07 20:55:00+00:00,314.99,314.99,314.99,314.99,0
2026-08-07 21:00:00+00:00,316.39,318.76,316.39,318.76,0
2026-08-07 21:05:00+00:00,318.76,318.76,318.76,318.76,0
2026-08-07 21:20:00+00:00,318.57,318.57,318.57,318.57,0
2026-08-07 21:40:00+00:00,318.57,318.57,318.57,318.57,0
2026-08-07 21:50:00+00:00,318.57,318.57,318.57,318.57,0
2026-08-07 21:55:00+00:00,315.114,318.57,315.114,318.57,0
2026-08-07 22:00:00+00:00,314.99,319.2134,314.99,318.18,0
2026-08-07 22:05:00+00:00,319.0,319.0,319.0,319.0,0
2026-08-07 22:10:00+00:00,318.18,319.1,318.18,319.1,0
2026-08-07 22:15:00+00:00,319.2134,319.2134,319.1,319.2,0
2026-08-07 22:20:00+00:00,319.2134,319.2134,319.2134,319.2134,0
2026-08-07 22:25:00+00:00,319.8988,319.8988,319.1,319.22,0
2026-08-07 22:30:00+00:00,318.986,318.986,318.986,318.986,0
2026-08-07 22:40:00+00:00,318.18,318.18,318.18,318.18,0
2026-08-07 22:50:00+00:00,318.85,319.1277,318.6388,318.6388,0
2026-08-07 23:00:00+00:00,318.57,318.57,318.57,318.57,0
2026-08-07 23:05:00+00:00,318.6388,319.22,318.6388,318.66,0
2026-08-07 23:10:00+00:00,318.75,318.75,318.75,318.75,0
2026-08-07 23:15:00+00:00,318.54,318.6,318.5,318.54,0
2026-08-07 23:20:00+00:00,318.57,318.57,318.5,318.5,0
2026-08-07 23:30:00+00:00,318.2,319.2134,318.2,319.2134,0
2026-08-07 23:50:00+00:00,318.0,319.22,318.0,319.22,0
2026-08-07 23:55:00+00:00,319.22,319.22,319.22,319.22,0
2026-08-10 08:00:00+00:00,318.0,319.16,318.0,319.16,0
2026-08-10 08:05:00+00:00,319.16,319.16,319.16,319.16,0
2026-08-10 08:10:00+00:00,319.16,319.16,319.16,319.16,0
2026-08-10 08:35:00+00:00,319.16,319.16,319.16,319.16,0
2026-08-10 08:40:00+00:00,319.16,319.16,319.16,319.16,0
2026-08-10 09:05:00+00:00,319.16,319.16,319.16,319.16,0
2026-08-10 09:20:00+00:00,320.3132,320.3132,320.3132,320.3132,0
2026-08-10 09:25:00+00:00,320.3132,320.3132,320.3132,320.3132,0
2026-08-10 09:50:00+00:00,320.3132,320.3132,320.3132,320.3132,0
2026-08-10 10:00:00+00:00,320.3132,320.3132,320.3132,320.3132,0
2026-08-10 10:20:00+00:00,320.3132,320.3132,320.3132,320.3132,0
2026-08-10 10:35:00+00:00,320.3132,320.3132,320.3132,320.3132,0
2026-08-10 10:40:00+00:00,320.3132,320.3132,320.3132,320.3132,0
2026-08-10 11:00:00+00:00,318.94,318.94,318.57,318.57,0
2026-08-10 11:05:00+00:00,318.57,318.57,318.57,318.57,0
2026-08-10 11:15:00+00:00,318.57,318.57,318.57,318.57,0
2026-08-10 11:20:00+00:00,317.0,317.0,317.0,317.0,0
2026-08-10 11:25:00+00:00,318.61,318.75,318.61,318.74,0
2026-08-10 11:30:00+00:00,318.99,318.99,318.99,318.99,0
2026-08-10 11:35:00+00:00,318.99,318.99,318.99,318.99,0
2026-08-10 11:50:00+00:00,318.75,318.75,318.75,318.75,0
2026-08-10 11:55:00+00:00,318.76,318.76,318.76,318.76,0
2026-08-10 12:05:00+00:00,317.05,318.88,317.05,318.88,0
2026-08-10 12:10:00+00:00,318.81,318.98,318.81,318.98,0
2026-08-10 12:20:00+00:00,318.98,318.98,318.98,318.98,0
2026-08-10 12:30:00+00:00,318.2,319.0,314.7977,317.0,0
2026-08-10 12:35:00+00:00,317.0,317.0,317.0,317.0,0
2026-08-10 12:45:00+00:00,317.45,317.45,317.45,317.45,0
2026-08-10 12:50:00+00:00,317.47,317.47,317.46,317.46,0
2026-08-10 12:55:00+00:00,317.0,317.0,317.0,317.0,0
2026-08-10 13:05:00+00:00,317.0,317.0,317.0,317.0,0
2026-08-10 13:10:00+00:00,316.3805,316.3805,316.3805,316.3805,0
2026-08-10 13:30:00+00:00,317.6199951171875,318.8800048828125,316.8949890136719,318.8800048828125,18361
2026-08-10 13:35:00+00:00,318.70001220703125,319.760009765625,318.4200134277344,319.70001220703125,11685
2026-08-10 13:40:00+00:00,319.4949951171875,319.80999755859375,318.7900085449219,318.9100036621094,6912
2026-08-10 13:45:00+00:00,318.80999755859375,319.1499938964844,318.4599914550781,318.92498779296875,8137
2026-08-10 13:50:00+00:00,318.9100036621094,320.6400146484375,318.7200012207031,320.4049987792969,15286
2026-08-10 13:55:00+00:00,320.3999938964844,321.4800109863281,320.1400146484375,321.4200134277344,8854
2026-08-10 14:00:00+00:00,321.32000732421875,322.67498779296875,321.20001220703125,322.32000732421875,13864
2026-08-10 14:05:00+00:00,322.2900085449219,322.2900085449219,321.6900939941406,322.0751037597656,9815
2026-08-10 14:10:00+00:00,321.8500061035156,321.8800048828125,320.69000244140625,320.739990234375,7932
2026-08-10 14:15:00+00:00,320.739990234375,321.6000061035156,320.68499755859375,321.5400085449219,24686
2026-08-10 14:20:00+00:00,321.30999755859375,321.3349914550781,320.05999755859375,320.6401062011719,11544
2026-08-10 14:25:00+00:00,320.6424865722656,320.6600036621094,320.1099853515625,320.3800048828125,5935
2026-08-10 14:30:00+00:00,320.2300109863281,321.0639953613281,319.9700927734375,320.93499755859375,8066
2026-08-10 14:35:00+00:00,320.94500732421875,321.6700134277344,320.6600036621094,321.5050048828125,9126
2026-08-10 14:40:00+00:00,321.5050048828125,321.84710693359375,321.0,321.135009765625,4678
2026-08-10 14:45:00+00:00,321.2799987792969,322.239990234375,321.1099853515625,321.8900146484375,7687
2026-08-10 14:50:00+00:00,321.95001220703125,322.3699951171875,321.7900085449219,322.3299865722656,6945
2026-08-10 14:55:00+00:00,322.3500061035156,322.5320129394531,322.3399963378906,322.3599853515625,8179
2026-08-10 15:00:00+00:00,322.35418701171875,322.8800048828125,322.2699890136719,322.2749938964844,10798
2026-08-10 15:05:00+00:00,322.2749938964844,322.79998779296875,322.260009765625,322.739990234375,10452
2026-08-10 15:10:00+00:00,322.6000061035156,322.7250061035156,322.17999267578125,322.3349914550781,6337
2026-08-10 15:15:00+00:00,322.510009765625,323.2900085449219,322.4750061035156,323.17498779296875,11798
2026-08-10 15:20:00+00:00,323.2300109863281,324.2099914550781,323.2300109863281,323.9750061035156,16335
2026-08-10 15:25:00+00:00,323.9700012207031,323.989990234375,323.489990234375,323.7099914550781,8042
2026-08-10 15:30:00+00:00,323.7699890136719,324.04998779296875,323.7699890136719,323.9150085449219,14023
2026-08-10 15:35:00+00:00,323.9150085449219,324.32000732421875,323.8699951171875,324.1099853515625,7789
2026-08-10 15:40:00+00:00,324.18499755859375,324.8699951171875,324.1099853515625,324.8118896484375,15576
2026-08-10 15:45:00+00:00,324.7449951171875,324.989990234375,324.5299987792969,324.6549987792969,8115
2026-08-10 15:50:00+00:00,324.6549987792969,325.5,324.63250732421875,325.5,31920
2026-08-10 15:55:00+00:00,325.5,325.69000244140625,325.2200012207031,325.32000732421875,12587
2026-08-10 16:00:00+00:00,325.3500061035156,325.3500061035156,324.9100036621094,325.010009765625,8024
2026-08-10 16:05:00+00:00,325.07000732421875,326.13751220703125,325.07000732421875,325.6099853515625,13648
2026-08-10 16:10:00+00:00,325.6099853515625,325.6600036621094,325.44000244140625,325.44500732421875,6110
2026-08-10 16:15:00+00:00,325.4847106933594,325.55999755859375,324.5299987792969,324.57000732421875,11565
2026-08-10 16:20:00+00:00,324.6099853515625,324.8900146484375,324.55999755859375,324.6449890136719,7499
2026-08-10 16:25:00+00:00,324.6600036621094,324.7749938964844,324.5,324.7349853515625,10171
2026-08-10 16:30:00+00:00,324.80999755859375,324.875,323.8999938964844,324.875,15113
2026-08-10 16:35:00+00:00,324.8800048828125,325.16461181640625,324.75,325.1099853515625,10535
2026-08-10 16:40:00+00:00,325.114990234375,325.18280029296875,324.5,324.5799865722656,9203
2026-08-10 16:45:00+00:00,324.57000732421875,324.8800048828125,324.45001220703125,324.7699890136719,7974
2026-08-10 16:50:00+00:00,324.8450012207031,324.88092041015625,324.489990234375,324.6050109863281,5773
2026-08-10 16:55:00+00:00,324.6099853515625,324.6099853515625,324.0199890136719,324.0450134277344,5761
2026-08-10 17:00:00+00:00,323.9200134277344,324.0,323.3900146484375,323.5199890136719,8283
2026-08-10 17:05:00+00:00,323.4949951171875,323.6600036621094,323.3818054199219,323.3818054199219,4678
2026-08-10 17:10:00+00:00,323.44500732421875,323.5899963378906,323.2161865234375,323.3550109863281,7298
2026-08-10 17:15:00+00:00,323.2749938964844,323.3949890136719,323.25,323.3550109863281,6275
2026-08-10 17:20:00+00:00,323.3500061035156,323.3681945800781,323.19000244140625,323.2300109863281,5469
2026-08-10 17:25:00+00:00,323.2300109863281,324.1300048828125,323.1947937011719,324.04998779296875,15175
2026-08-10 17:30:00+00:00,324.0799865722656,324.1600036621094,323.7300109863281,323.8550109863281,8955
2026-08-10 17:35:00+00:00,323.9700012207031,324.3900146484375,323.94000244140625,324.3349914550781,6511
2026-08-10 17:40:00+00:00,324.2699890136719,324.3900146484375,324.0150146484375,324.1650085449219,11582
2026-08-10 17:45:00+00:00,324.17999267578125,324.45001220703125,324.1199951171875,324.3999938964844,7023
2026-08-10 17:50:00+00:00,324.3949890136719,324.510009765625,324.260009765625,324.510009765625,8876
2026-08-10 17:55:00+00:00,324.6600036621094,324.8299865722656,324.42999267578125,324.4599914550781,11621
2026-08-10 18:00:00+00:00,324.4599914550781,324.7699890136719,324.4599914550781,324.7149963378906,7675
2026-08-10 18:05:00+00:00,324.7200012207031,324.8900146484375,324.67999267578125,324.8299865722656,7919
2026-08-10 18:10:00+00:00,324.8299865722656,325.05499267578125,324.7099914550781,324.7449951171875,12995
2026-08-10 18:15:00+00:00,324.760009765625,324.92999267578125,324.7099914550781,324.7550048828125,7966
2026-08-10 18:20:00+00:00,324.75,324.9200134277344,324.6700134277344,324.760009765625,10513
2026-08-10 18:25:00+00:00,324.739990234375,324.81500244140625,324.6400146484375,324.7749938964844,8644
2026-08-10 18:30:00+00:00,324.739990234375,324.80999755859375,324.57000732421875,324.70001220703125,9446
2026-08-10 18:35:00+00:00,324.6400146484375,324.92999267578125,324.6400146484375,324.864990234375,9260
2026-08-10 18:40:00+00:00,324.864990234375,325.0450134277344,324.7250061035156,325.0450134277344,8502
2026-08-10 18:45:00+00:00,325.1000061035156,325.4200134277344,325.04998779296875,325.2449951171875,10224
2026-08-10 18:50:00+00:00,325.29998779296875,325.70001220703125,325.29998779296875,325.5700988769531,9093
2026-08-10 18:55:00+00:00,325.635009765625,325.70001220703125,325.25,325.3599853515625,12202
2026-08-10 19:00:00+00:00,325.32000732421875,325.6449890136719,325.32000732421875,325.375,9076
2026-08-10 19:05:00+00:00,325.3599853515625,325.9599914550781,325.3599853515625,325.92999267578125,7400
2026-08-10 19:10:00+00:00,325.9700012207031,325.9700012207031,325.3999938964844,325.6499938964844,15850
2026-08-10 19:15:00+00:00,325.6300048828125,325.6499938964844,325.260009765625,325.4599914550781,13637
2026-08-10 19:20:00+00:00,325.4649963378906,325.6600036621094,325.4541931152344,325.614990234375,12033
2026-08-10 19:25:00+00:00,325.6499938964844,325.8599853515625,325.4700012207031,325.79998779296875,14517
2026-08-10 19:30:00+00:00,325.75,325.92999267578125,325.3599853515625,325.44500732421875,33962
2026-08-10 19:35:00+00:00,325.3800048828125,325.5899963378906,325.1549987792969,325.55499267578125,19097
2026-08-10 19:40:00+00:00,325.57501220703125,325.8500061035156,325.4700012207031,325.7300109863281,23176
2026-08-10 19:45:00+00:00,325.7200012207031,326.010009765625,325.6000061035156,325.739990234375,31766
2026-08-10 19:50:00+00:00,325.70001220703125,325.7699890136719,324.94000244140625,325.0299987792969,62435
2026-08-10 19:55:00+00:00,325.05499267578125,325.2300109863281,324.32000732421875,325.1000061035156,195458
2026-08-10 20:00:00+00:00,325.08,325.1066,325.08,325.08,0
2026-08-10 20:05:00+00:00,325.08,326.0,325.08,325.08,0
2026-08-10 20:10:00+00:00,325.08,325.08,321.8964,321.8964,0
2026-08-10 20:15:00+00:00,325.08,325.08,325.0,325.0,0
2026-08-10 20:20:00+00:00,325.08,325.08,325.08,325.08,0
2026-08-10 20:35:00+00:00,325.08,326.2752,325.08,326.2752,0
2026-08-10 20:40:00+00:00,325.08,325.08,325.08,325.08,0
2026-08-10 20:45:00+00:00,317.7347,325.08,317.7347,325.08,0
2026-08-10 21:05:00+00:00,325.08,325.08,325.0,325.0,0
2026-08-10 21:10:00+00:00,325.0,325.0,325.0,325.0,0
2026-08-10 21:20:00+00:00,325.0,325.0,325.0,325.0,0
2026-08-10 21:25:00+00:00,325.08,325.08,325.08,325.08,0
2026-08-10 21:30:00+00:00,325.1,326.25,325.1,326.2,0
2026-08-10 21:45:00+00:00,325.0,325.0,325.0,325.0,0
2026-08-10 21:50:00+00:00,325.06,325.06,325.06,325.06,0
2026-08-10 22:00:00+00:00,325.0055,325.0055,325.0055,325.0055,0
2026-08-10 22:05:00+00:00,326.36,326.36,326.36,326.36,0
2026-08-10 22:10:00+00:00,326.25,326.25,326.25,326.25,0
2026-08-10 22:15:00+00:00,326.25,326.25,326.25,326.25,0
2026-08-10 22:35:00+00:00,326.15,326.15,326.15,326.15,0
2026-08-10 22:45:00+00:00,326.2,326.7587,326.2,326.2,0
2026-08-10 22:50:00+00:00,326.2,326.2,326.2,326.2,0
2026-08-10 22:55:00+00:00,326.15,326.15,326.15,326.15,0
2026-08-10 23:20:00+00:00,325.0,325.0,325.0,325.0,0
2026-08-10 23:30:00+00:00,325.7935,325.7935,321.8964,321.8964,0
2026-08-10 23:40:00+00:00,317.9465,317.9465,317.9465,317.9465,0
2026-08-10 23:45:00+00:00,325.94,325.94,325.3,325.94,0
2026-08-11 08:00:00+00:00,325.441,327.24,319.399,325.52,0
2026-08-11 08:05:00+00:00,325.52,325.52,325.52,325.52,0
2026-08-11 08:30:00+00:00,325.52,325.52,325.52,325.52,0
2026-08-11 08:45:00+00:00,325.52,325.52,325.52,325.52,0
2026-08-11 09:05:00+00:00,325.52,325.52,325.52,325.52,0
2026-08-11 09:10:00+00:00,325.1,325.1,325.0,325.0,0
2026-08-11 09:20:00+00:00,325.0,325.0,325.0,325.0,0
2026-08-11 09:30:00+00:00,325.0,325.0,325.0,325.0,0
2026-08-11 09:50:00+00:00,324.5,324.5,324.5,324.5,0
2026-08-11 09:55:00+00:00,324.5,324.5,324.5,324.5,0
2026-08-11 10:20:00+00:00,324.5,324.5,324.5,324.5,0
2026-08-11 10:25:00+00:00,325.0,325.0,324.72,325.0,0
2026-08-11 10:35:00+00:00,319.24,319.24,319.24,319.24,0
2026-08-11 10:45:00+00:00,319.24,319.24,319.24,319.24,0
2026-08-11 11:00:00+00:00,325.93,326.5,322.0059,322.0059,0
2026-08-11 11:15:00+00:00,324.77,324.78,324.77,324.78,0
2026-08-11 11:25:00+00:00,324.77,324.77,324.77,324.77,0
2026-08-11 12:00:00+00:00,324.84,325.01,324.66,325.01,0
2026-08-11 12:05:00+00:00,324.0931,324.0931,324.0931,324.0931,0
2026-08-11 12:10:00+00:00,325.03,325.03,325.03,325.03,0
2026-08-11 12:20:00+00:00,325.03,325.03,325.03,325.03,0
2026-08-11 12:35:00+00:00,325.1597,325.1597,325.1597,325.1597,0
2026-08-11 12:50:00+00:00,325.1597,325.1597,325.1597,325.1597,0
2026-08-11 13:00:00+00:00,327.432,327.432,325.89,325.89,0
2026-08-11 13:05:00+00:00,325.89,325.89,325.89,325.89,0
2026-08-11 13:30:00+00:00,327.2099914550781,327.6499938964844,325.7449951171875,326.489990234375,22478
2026-08-11 13:35:00+00:00,326.50079345703125,326.8599853515625,325.4599914550781,326.5950012207031,6633
2026-08-11 13:40:00+00:00,326.5950012207031,327.20001220703125,326.2900085449219,327.1000061035156,5160
2026-08-11 13:45:00+00:00,327.19000244140625,328.3529968261719,326.95001220703125,327.3800048828125,9396
2026-08-11 13:50:00+00:00,327.43499755859375,328.1549987792969,327.0199890136719,327.5400085449219,22137
2026-08-11 13:55:00+00:00,327.5050048828125,327.56500244140625,326.54998779296875,326.739990234375,6320
2026-08-11 14:00:00+00:00,326.75,327.1300048828125,326.4649963378906,326.4649963378906,5475
2026-08-11 14:05:00+00:00,326.4599914550781,326.4649963378906,325.3299865722656,325.4849853515625,8063
2026-08-11 14:10:00+00:00,325.4700012207031,326.139892578125,325.32000732421875,325.9599914550781,13984
2026-08-11 14:15:00+00:00,325.97900390625,326.2699890136719,325.6000061035156,325.80010986328125,12294
2026-08-11 14:20:00+00:00,326.07000732421875,326.3800048828125,325.3599853515625,325.375,9067
2026-08-11 14:25:00+00:00,325.42999267578125,325.8500061035156,325.1000061035156,325.3500061035156,15904
2026-08-11 14:30:00+00:00,325.5,325.5,324.9549865722656,325.3299865722656,475149
2026-08-11 14:35:00+00:00,325.3299865722656,325.3299865722656,324.8999938964844,325.20001220703125,11145
2026-08-11 14:40:00+00:00,325.05999755859375,325.4599914550781,324.7349853515625,324.7349853515625,8133
2026-08-11 14:45:00+00:00,324.7349853515625,324.75,324.260009765625,324.69000244140625,10134
2026-08-11 14:50:00+00:00,324.70001220703125,324.70001220703125,324.010009765625,324.2200012207031,7304
2026-08-11 14:55:00+00:00,324.1499938964844,324.2799987792969,323.6099853515625,324.010009765625,11121
2026-08-11 15:00:00+00:00,324.23779296875,324.2699890136719,323.7771911621094,324.07000732421875,6295
2026-08-11 15:05:00+00:00,324.1199951171875,324.1199951171875,323.3299865722656,323.489990234375,5969
2026-08-11 15:10:00+00:00,323.4800109863281,323.7099914550781,323.29998779296875,323.6050109863281,5285
2026-08-11 15:15:00+00:00,323.6000061035156,323.6000061035156,323.2550048828125,323.2550048828125,4344
2026-08-11 15:20:00+00:00,323.3999938964844,323.6700134277344,323.3450012207031,323.6499938964844,6529
2026-08-11 15:25:00+00:00,323.55499267578125,323.5799865722656,323.25,323.260009765625,6221
2026-08-11 15:30:00+00:00,323.25,323.389892578125,322.95001220703125,322.95001220703125,5058
2026-08-11 15:35:00+00:00,322.875,323.04998779296875,322.75,322.9700012207031,6285
2026-08-11 15:40:00+00:00,322.8699951171875,322.8699951171875,322.0799865722656,322.0799865722656,5508
2026-08-11 15:45:00+00:00,322.29998779296875,322.29998779296875,322.29998779296875,322.29998779296875,0
