symbol,timestamp,open,high,low,close,volume,trade_count,vwap
BB,2026-05-04 08:00:00+00:00,5.77,5.87,5.62,5.86,136051.0,285.0,5.75446
BB,2026-05-04 08:05:00+00:00,5.84,6.01,5.7,6.01,61442.0,150.0,5.97428
BB,2026-05-04 08:10:00+00:00,6.0025,6.07,5.93,6.0672,25710.0,104.0,6.035776
BB,2026-05-04 08:15:00+00:00,6.06,6.1689,5.98,6.0988,101211.0,451.0,6.059104
BB,2026-05-04 08:20:00+00:00,6.11,6.17,6.05,6.08,66172.0,248.0,6.124658
BB,2026-05-04 08:25:00+00:00,6.09,6.13,6.0403,6.13,25822.0,125.0,6.093498
BB,2026-05-04 08:30:00+00:00,6.14,6.14,6.11,6.12,10980.0,107.0,6.125492
BB,2026-05-04 08:35:00+00:00,6.12,6.14,6.1,6.1,23513.0,81.0,6.107857
BB,2026-05-04 08:40:00+00:00,6.1,6.13,6.05,6.06,24953.0,125.0,6.091079
BB,2026-05-04 08:45:00+00:00,6.06,6.12,6.06,6.11,6677.0,54.0,6.0928
BB,2026-05-04 08:50:00+00:00,6.1,6.1,6.07,6.09,11296.0,54.0,6.095972
BB,2026-05-04 08:55:00+00:00,6.08,6.1,6.08,6.091,10468.0,42.0,6.098244
BB,2026-05-04 09:00:00+00:00,6.091,6.11,6.08,6.11,9675.0,54.0,6.096726
BB,2026-05-04 09:05:00+00:00,6.13,6.15,6.11,6.11,12497.0,132.0,6.12915
BB,2026-05-04 09:10:00+00:00,6.1095,6.15,6.1095,6.15,10152.0,98.0,6.13813
BB,2026-05-04 09:15:00+00:00,6.15,6.25,6.14,6.2266,43605.0,347.0,6.19334
BB,2026-05-04 09:20:00+00:00,6.2,6.26,6.2,6.26,30914.0,234.0,6.244695
BB,2026-05-04 09:25:00+00:00,6.28,6.35,6.28,6.35,50374.0,468.0,6.337506
BB,2026-05-04 09:30:00+00:00,6.35,6.5,6.28,6.48,77204.0,680.0,6.379131
BB,2026-05-04 09:35:00+00:00,6.48,6.56,6.4,6.401,159942.0,1108.0,6.48033
BB,2026-05-04 09:40:00+00:00,6.401,6.48,6.331,6.331,92690.0,608.0,6.413498
BB,2026-05-04 09:45:00+00:00,6.34,6.4245,6.31,6.39,27043.0,327.0,6.35286
BB,2026-05-04 09:50:00+00:00,6.351,6.3678,6.27,6.28,38753.0,414.0,6.299941
BB,2026-05-04 09:55:00+00:00,6.28,6.35,6.26,6.3,20897.0,186.0,6.2946
BB,2026-05-04 10:00:00+00:00,6.3106,6.37,6.25,6.28,54146.0,225.0,6.307486
BB,2026-05-04 10:05:00+00:00,6.26,6.27,6.131,6.1752,61930.0,363.0,6.191722
BB,2026-05-04 10:10:00+00:00,6.17,6.2364,6.14,6.14,19118.0,193.0,6.169418
BB,2026-05-04 10:15:00+00:00,6.1497,6.16,6.1,6.1,37196.0,237.0,6.121252
BB,2026-05-04 10:20:00+00:00,6.11,6.23,6.1,6.2078,25765.0,206.0,6.159976
BB,2026-05-04 10:25:00+00:00,6.2,6.4,6.2,6.29,79586.0,401.0,6.309672
BB,2026-05-04 10:30:00+00:00,6.36,6.38,6.28,6.2895,33396.0,255.0,6.316882
BB,2026-05-04 10:35:00+00:00,6.28,6.3,6.26,6.29,11809.0,139.0,6.276148
BB,2026-05-04 10:40:00+00:00,6.29,6.29,6.2,6.213,29294.0,211.0,6.258568
BB,2026-05-04 10:45:00+00:00,6.25,6.3,6.25,6.2945,11951.0,102.0,6.284618
BB,2026-05-04 10:50:00+00:00,6.23,6.25,6.19,6.2,26360.0,167.0,6.216485
BB,2026-05-04 10:55:00+00:00,6.2,6.2143,6.12,6.13,15972.0,162.0,6.160291
BB,2026-05-04 11:00:00+00:00,6.12,6.22,6.05,6.1377,180373.0,595.0,6.113406
BB,2026-05-04 11:05:00+00:00,6.1369,6.15,6.1,6.1487,45284.0,171.0,6.127818
BB,2026-05-04 11:10:00+00:00,6.1487,6.21,6.13,6.2085,109940.0,184.0,6.163243
BB,2026-05-04 11:15:00+00:00,6.18,6.23,6.18,6.183,38979.0,173.0,6.201545
BB,2026-05-04 11:20:00+00:00,6.19,6.29,6.19,6.25,67136.0,307.0,6.258341
BB,2026-05-04 11:25:00+00:00,6.2501,6.2762,6.18,6.18,49333.0,213.0,6.224454
BB,2026-05-04 11:30:00+00:00,6.18,6.2,6.1,6.11,84604.0,322.0,6.153742
BB,2026-05-04 11:35:00+00:00,6.1027,6.15,6.06,6.08,62410.0,373.0,6.107574
BB,2026-05-04 11:40:00+00:00,6.08,6.1397,6.06,6.12,49443.0,186.0,6.102733
BB,2026-05-04 11:45:00+00:00,6.14,6.15,6.05,6.09,37338.0,153.0,6.100049
BB,2026-05-04 11:50:00+00:00,6.1,6.1098,6.04,6.0411,76787.0,175.0,6.077176
BB,2026-05-04 11:55:00+00:00,6.04,6.08,6.04,6.0604,27055.0,82.0,6.053347
BB,2026-05-04 12:00:00+00:00,6.0609,6.1091,6.0401,6.1,77869.0,78.0,6.092795
BB,2026-05-04 12:05:00+00:00,6.1,6.19,6.09,6.19,198854.0,251.0,6.129795
BB,2026-05-04 12:10:00+00:00,6.18,6.24,6.15,6.1899,186775.0,201.0,6.192796
BB,2026-05-04 12:15:00+00:00,6.13,6.18,6.1112,6.15,192376.0,100.0,6.150859
BB,2026-05-04 12:20:00+00:00,6.14,6.1599,6.13,6.1599,18040.0,62.0,6.143143
BB,2026-05-04 12:25:00+00:00,6.1301,6.19,6.13,6.17,124862.0,89.0,6.182731
BB,2026-05-04 12:30:00+00:00,6.18,6.18,6.13,6.13,27387.0,98.0,6.160226
BB,2026-05-04 12:35:00+00:00,6.15,6.16,6.07,6.07,39620.0,142.0,6.12053
BB,2026-05-04 12:40:00+00:00,6.06,6.18,6.06,6.16,113919.0,188.0,6.13031
BB,2026-05-04 12:45:00+00:00,6.16,6.1749,6.1312,6.16,52074.0,116.0,6.155499
BB,2026-05-04 12:50:00+00:00,6.15,6.16,6.08,6.09,23654.0,130.0,6.114384
BB,2026-05-04 12:55:00+00:00,6.0896,6.1,6.0645,6.0973,35243.0,100.0,6.087398
BB,2026-05-04 13:00:00+00:00,6.0999,6.1,6.03,6.08,95673.0,241.0,6.055082
BB,2026-05-04 13:05:00+00:00,6.08,6.09,6.04,6.07,71007.0,174.0,6.068893
BB,2026-05-04 13:10:00+00:00,6.07,6.1,6.05,6.07,98340.0,296.0,6.074318
BB,2026-05-04 13:15:00+00:00,6.07,6.17,6.07,6.12,121724.0,407.0,6.124982
BB,2026-05-04 13:20:00+00:00,6.1203,6.16,6.08,6.11,166516.0,295.0,6.139767
BB,2026-05-04 13:25:00+00:00,6.12,6.12,6.01,6.09,187338.0,473.0,6.071028
BB,2026-05-04 13:30:00+00:00,6.1,6.24,5.9201,6.1199,5746469.0,11567.0,6.071273
BB,2026-05-04 13:35:00+00:00,6.13,6.17,5.74,5.7501,2509156.0,5759.0,5.942005
BB,2026-05-04 13:40:00+00:00,5.7501,5.925,5.75,5.915,1456818.0,3225.0,5.831255
BB,2026-05-04 13:45:00+00:00,5.915,5.955,5.83,5.845,1379599.0,2886.0,5.902061
BB,2026-05-04 13:50:00+00:00,5.845,5.92,5.82,5.885,684035.0,1659.0,5.888415
BB,2026-05-04 13:55:00+00:00,5.885,5.94,5.845,5.88,760145.0,1809.0,5.891975
BB,2026-05-04 14:00:00+00:00,5.88,5.97,5.86,5.95,768607.0,2163.0,5.922393
BB,2026-05-04 14:05:00+00:00,5.9599,5.98,5.895,5.895,663069.0,1947.0,5.931971
BB,2026-05-04 14:10:00+00:00,5.895,6.0,5.89,5.965,1020676.0,2576.0,5.95716
BB,2026-05-04 14:15:00+00:00,5.96,5.9771,5.91,5.9751,845429.0,1646.0,5.944876
BB,2026-05-04 14:20:00+00:00,5.98,6.025,5.9495,5.9495,1214127.0,2958.0,5.992767
BB,2026-05-04 14:25:00+00:00,5.95,5.98,5.92,5.925,563949.0,1483.0,5.949761
BB,2026-05-04 14:30:00+00:00,5.93,5.97,5.91,5.965,485602.0,1424.0,5.932111
BB,2026-05-04 14:35:00+00:00,5.965,6.07,5.96,6.06,1181268.0,2536.0,6.021087
BB,2026-05-04 14:40:00+00:00,6.055,6.105,5.93,5.955,2718618.0,2638.0,6.018611
BB,2026-05-04 14:45:00+00:00,5.9581,5.9581,5.865,5.925,843009.0,1887.0,5.899384
BB,2026-05-04 14:50:00+00:00,5.925,5.9499,5.875,5.885,670085.0,1636.0,5.901434
BB,2026-05-04 14:55:00+00:00,5.88,5.8985,5.8,5.825,727240.0,1926.0,5.842086
BB,2026-05-04 15:00:00+00:00,5.825,5.9,5.815,5.875,361047.0,1160.0,5.8626
BB,2026-05-04 15:05:00+00:00,5.87,5.945,5.86,5.92,546922.0,1313.0,5.900548
BB,2026-05-04 15:10:00+00:00,5.92,5.95,5.91,5.9312,297726.0,891.0,5.932205
BB,2026-05-04 15:15:00+00:00,5.935,5.94,5.875,5.875,466206.0,1046.0,5.918881
BB,2026-05-04 15:20:00+00:00,5.8701,5.925,5.85,5.925,426671.0,974.0,5.876815
BB,2026-05-04 15:25:00+00:00,5.93,5.98,5.895,5.895,564788.0,1111.0,5.942234
BB,2026-05-04 15:30:00+00:00,5.895,5.9,5.82,5.825,285325.0,772.0,5.866603
BB,2026-05-04 15:35:00+00:00,5.825,5.825,5.765,5.765,568287.0,1415.0,5.78966
BB,2026-05-04 15:40:00+00:00,5.765,5.7699,5.68,5.71,1226169.0,2387.0,5.709996
BB,2026-05-04 15:45:00+00:00,5.71,5.75,5.69,5.719,576322.0,981.0,5.715594
BB,2026-05-04 15:50:00+00:00,5.715,5.74,5.69,5.735,431591.0,782.0,5.715206
BB,2026-05-04 15:55:00+00:00,5.74,5.78,5.735,5.735,413713.0,919.0,5.754043
BB,2026-05-04 16:00:00+00:00,5.735,5.74,5.64,5.653,753107.0,1129.0,5.666626
BB,2026-05-04 16:05:00+00:00,5.655,5.66,5.6,5.6085,658724.0,1023.0,5.629037
BB,2026-05-04 16:10:00+00:00,5.605,5.62,5.59,5.605,403718.0,1004.0,5.603542
BB,2026-05-04 16:15:00+00:00,5.6,5.7,5.59,5.7,583428.0,1474.0,5.640542
BB,2026-05-04 16:20:00+00:00,5.6902,5.77,5.6902,5.755,523405.0,987.0,5.737362
BB,2026-05-04 16:25:00+00:00,5.75,5.79,5.75,5.7745,571530.0,1172.0,5.771437
BB,2026-05-04 16:30:00+00:00,5.775,5.7764,5.75,5.765,289014.0,682.0,5.758421
BB,2026-05-04 16:35:00+00:00,5.765,5.8,5.76,5.76,352238.0,658.0,5.777548
BB,2026-05-04 16:40:00+00:00,5.76,5.76,5.74,5.75,445358.0,720.0,5.748403
BB,2026-05-04 16:45:00+00:00,5.744,5.77,5.74,5.77,126507.0,361.0,5.754146
BB,2026-05-04 16:50:00+00:00,5.765,5.775,5.74,5.745,372453.0,806.0,5.761539
BB,2026-05-04 16:55:00+00:00,5.745,5.76,5.73,5.745,251458.0,552.0,5.740843
BB,2026-05-04 17:00:00+00:00,5.745,5.75,5.72,5.745,408604.0,788.0,5.735315
BB,2026-05-04 17:05:00+00:00,5.745,5.755,5.73,5.74,157678.0,482.0,5.741541
BB,2026-05-04 17:10:00+00:00,5.735,5.74,5.69,5.705,418895.0,635.0,5.711858
BB,2026-05-04 17:15:00+00:00,5.7075,5.73,5.695,5.695,305194.0,555.0,5.712788
BB,2026-05-04 17:20:00+00:00,5.6901,5.72,5.69,5.71,240468.0,557.0,5.71023
BB,2026-05-04 17:25:00+00:00,5.7,5.74,5.7,5.725,146132.0,503.0,5.718061
BB,2026-05-04 17:30:00+00:00,5.7274,5.73,5.7,5.7,43804.0,309.0,5.713982
BB,2026-05-04 17:35:00+00:00,5.7,5.735,5.695,5.73,147458.0,507.0,5.715606
BB,2026-05-04 17:40:00+00:00,5.735,5.74,5.715,5.72,84322.0,407.0,5.723324
BB,2026-05-04 17:45:00+00:00,5.725,5.73,5.72,5.7275,109460.0,384.0,5.726734
BB,2026-05-04 17:50:00+00:00,5.72,5.73,5.71,5.715,124828.0,418.0,5.721247
BB,2026-05-04 17:55:00+00:00,5.7101,5.745,5.7101,5.72,122027.0,499.0,5.731707
BB,2026-05-04 18:00:00+00:00,5.725,5.765,5.705,5.705,653589.0,1149.0,5.742306
BB,2026-05-04 18:05:00+00:00,5.715,5.73,5.67,5.675,470063.0,772.0,5.702777
BB,2026-05-04 18:10:00+00:00,5.6799,5.69,5.64,5.66,639527.0,858.0,5.66325
BB,2026-05-04 18:15:00+00:00,5.66,5.67,5.64,5.655,293590.0,675.0,5.655835
BB,2026-05-04 18:20:00+00:00,5.655,5.66,5.65,5.655,126342.0,366.0,5.654094
BB,2026-05-04 18:25:00+00:00,5.655,5.6799,5.64,5.675,204646.0,567.0,5.659721
BB,2026-05-04 18:30:00+00:00,5.67,5.675,5.63,5.64,304227.0,890.0,5.645283
BB,2026-05-04 18:35:00+00:00,5.641,5.65,5.63,5.645,152790.0,487.0,5.638258
BB,2026-05-04 18:40:00+00:00,5.6499,5.65,5.635,5.645,147821.0,503.0,5.641347
BB,2026-05-04 18:45:00+00:00,5.645,5.665,5.645,5.655,83594.0,362.0,5.655986
BB,2026-05-04 18:50:00+00:00,5.655,5.655,5.61,5.615,194449.0,616.0,5.637956
BB,2026-05-04 18:55:00+00:00,5.62,5.62,5.59,5.59,211407.0,630.0,5.608145
BB,2026-05-04 19:00:00+00:00,5.5951,5.605,5.545,5.6,834621.0,1296.0,5.563399
BB,2026-05-04 19:05:00+00:00,5.6,5.6299,5.585,5.59,326916.0,574.0,5.601906
BB,2026-05-04 19:10:00+00:00,5.59,5.6164,5.59,5.595,203765.0,493.0,5.602743
BB,2026-05-04 19:15:00+00:00,5.595,5.6,5.58,5.58,184413.0,495.0,5.58897
BB,2026-05-04 19:20:00+00:00,5.585,5.6063,5.58,5.6063,132591.0,479.0,5.589703
BB,2026-05-04 19:25:00+00:00,5.6096,5.62,5.5903,5.615,179256.0,512.0,5.605799
BB,2026-05-04 19:30:00+00:00,5.615,5.62,5.6,5.61,161817.0,671.0,5.609703
BB,2026-05-04 19:35:00+00:00,5.6103,5.615,5.58,5.595,317172.0,828.0,5.596978
BB,2026-05-04 19:40:00+00:00,5.5901,5.61,5.5801,5.595,333675.0,800.0,5.593214
BB,2026-05-04 19:45:00+00:00,5.59,5.62,5.58,5.6087,365564.0,841.0,5.598452
BB,2026-05-04 19:50:00+00:00,5.6,5.61,5.5801,5.605,567535.0,1095.0,5.593402
BB,2026-05-04 19:55:00+00:00,5.605,5.615,5.57,5.575,1326768.0,3065.0,5.589934
BB,2026-05-04 20:00:00+00:00,5.58,5.58,5.56,5.56,844259.0,50.0,5.579932
BB,2026-05-04 20:05:00+00:00,5.55,5.57,5.53,5.57,5303.0,25.0,5.547341
BB,2026-05-04 20:10:00+00:00,5.5687,5.58,5.5601,5.58,11876.0,71.0,5.567762
BB,2026-05-04 20:15:00+00:00,5.58,5.5895,5.57,5.58,10487.0,18.0,5.580068
BB,2026-05-04 20:20:00+00:00,5.5826,5.5995,5.5739,5.5995,7086.0,12.0,5.582601
BB,2026-05-04 20:25:00+00:00,5.587,5.5997,5.58,5.58,13207.0,17.0,5.585271
BB,2026-05-04 20:30:00+00:00,5.6,5.61,5.5996,5.61,80264.0,23.0,5.609782
BB,2026-05-04 20:35:00+00:00,5.64,5.6772,5.6203,5.6203,6063.0,21.0,5.64212
BB,2026-05-04 20:40:00+00:00,5.659,5.659,5.659,5.659,356.0,2.0,5.659
BB,2026-05-04 20:45:00+00:00,5.66,5.66,5.63,5.645,4271.0,22.0,5.64513
BB,2026-05-04 20:50:00+00:00,5.66,5.66,5.63,5.6568,2262296.0,7.0,5.635313
BB,2026-05-04 20:55:00+00:00,5.6426,5.66,5.64,5.66,3376.0,30.0,5.650691
BB,2026-05-04 21:00:00+00:00,5.6548,5.6548,5.6548,5.6548,178.0,6.0,5.6548
BB,2026-05-04 21:05:00+00:00,5.65,5.65,5.65,5.65,1000.0,1.0,5.65
BB,2026-05-04 21:10:00+00:00,5.62,5.6461,5.62,5.6461,669.0,5.0,5.635431
BB,2026-05-04 21:15:00+00:00,5.6481,5.6495,5.6481,5.6495,1536.0,7.0,5.649304
BB,2026-05-04 21:20:00+00:00,5.6478,5.6478,5.62,5.62,5342.0,26.0,5.62164
BB,2026-05-04 21:25:00+00:00,5.611,5.6471,5.61,5.611,2625.0,13.0,5.616442
BB,2026-05-04 21:30:00+00:00,5.61,5.65,5.61,5.65,5894.0,12.0,5.628827
BB,2026-05-04 21:35:00+00:00,5.62,5.625,5.62,5.625,468.0,6.0,5.622299
BB,2026-05-04 21:40:00+00:00,5.6448,5.6448,5.6448,5.6448,100.0,1.0,5.6448
BB,2026-05-04 21:45:00+00:00,5.64,5.64,5.63,5.64,1998.0,13.0,5.635584
BB,2026-05-04 21:50:00+00:00,5.625,5.625,5.621,5.621,839.0,5.0,5.621752
BB,2026-05-04 21:55:00+00:00,5.63,5.65,5.63,5.65,2721.0,9.0,5.634671
BB,2026-05-04 22:00:00+00:00,5.64,5.65,5.64,5.65,1176.0,8.0,5.642609
BB,2026-05-04 22:05:00+00:00,5.65,5.65,5.645,5.645,359.0,5.0,5.648521
BB,2026-05-04 22:10:00+00:00,5.65,5.65,5.64,5.6439,1295.0,5.0,5.643292
BB,2026-05-04 22:15:00+00:00,5.6496,5.65,5.6496,5.65,1330.0,9.0,5.649969
BB,2026-05-04 22:20:00+00:00,5.65,5.65,5.6401,5.6401,2301.0,3.0,5.648709
BB,2026-05-04 22:25:00+00:00,5.65,5.65,5.64,5.64,1699.0,12.0,5.640629
BB,2026-05-04 22:30:00+00:00,5.6413,5.65,5.6413,5.6499,1389.0,7.0,5.643499
BB,2026-05-04 22:35:00+00:00,5.6498,5.6498,5.64,5.6498,1162.0,6.0,5.646983
BB,2026-05-04 22:40:00+00:00,5.64,5.6413,5.64,5.6401,400.0,3.0,5.64035
BB,2026-05-04 22:45:00+00:00,5.65,5.65,5.6499,5.65,305.0,6.0,5.649966
BB,2026-05-04 22:50:00+00:00,5.65,5.66,5.65,5.6598,2187.0,20.0,5.654718
BB,2026-05-04 22:55:00+00:00,5.66,5.66,5.65,5.66,10389.0,39.0,5.656835
BB,2026-05-04 23:00:00+00:00,5.65,5.66,5.65,5.6595,3775.0,19.0,5.654074
BB,2026-05-04 23:05:00+00:00,5.66,5.66,5.66,5.66,1100.0,2.0,5.66
BB,2026-05-04 23:10:00+00:00,5.6599,5.66,5.6599,5.66,2195.0,12.0,5.659964
BB,2026-05-04 23:15:00+00:00,5.6565,5.7,5.6565,5.7,4918.0,17.0,5.680409
BB,2026-05-04 23:20:00+00:00,5.7191,5.7191,5.7,5.7,2143.0,15.0,5.700948
BB,2026-05-04 23:25:00+00:00,5.7,5.7,5.7,5.7,1288.0,11.0,5.7
BB,2026-05-04 23:30:00+00:00,5.6995,5.6995,5.67,5.68,2194.0,17.0,5.674921
BB,2026-05-04 23:35:00+00:00,5.68,5.71,5.68,5.68,513.0,6.0,5.686667
BB,2026-05-04 23:40:00+00:00,5.7093,5.7093,5.69,5.69,2280.0,9.0,5.705078
BB,2026-05-04 23:45:00+00:00,5.7,5.72,5.6988,5.72,5626.0,18.0,5.700488
BB,2026-05-04 23:50:00+00:00,5.68,5.68,5.68,5.68,313.0,1.0,5.68
BB,2026-05-04 23:55:00+00:00,5.7,5.72,5.65,5.6972,4901.0,26.0,5.695475
BB,2026-05-05 08:00:00+00:00,5.75,5.75,5.6,5.67,23756.0,97.0,5.682665
BB,2026-05-05 08:05:00+00:00,5.67,5.72,5.67,5.71,3122.0,15.0,5.703602
BB,2026-05-05 08:15:00+00:00,5.68,5.69,5.67,5.67,1185.0,5.0,5.682034
BB,2026-05-05 08:20:00+00:00,5.67,5.7,5.67,5.68,1413.0,10.0,5.674365
BB,2026-05-05 08:25:00+00:00,5.67,5.7,5.67,5.7,10589.0,9.0,5.696631
BB,2026-05-05 08:30:00+00:00,5.66,5.73,5.66,5.73,11817.0,27.0,5.722708
BB,2026-05-05 08:40:00+00:00,5.73,5.73,5.685,5.685,1152.0,9.0,5.721616
BB,2026-05-05 08:45:00+00:00,5.68,5.702,5.68,5.702,562.0,4.0,5.6844
BB,2026-05-05 08:50:00+00:00,5.71,5.72,5.71,5.72,6266.0,16.0,5.719662
BB,2026-05-05 08:55:00+00:00,5.72,5.72,5.71,5.71,105155.0,2.0,5.71951
BB,2026-05-05 09:00:00+00:00,5.71,5.71,5.71,5.71,1758.0,2.0,5.71
BB,2026-05-05 09:05:00+00:00,5.7,5.7089,5.67,5.7,2735.0,9.0,5.698922
BB,2026-05-05 09:40:00+00:00,5.72,5.72,5.72,5.72,210.0,2.0,5.72
BB,2026-05-05 09:55:00+00:00,5.74,5.74,5.74,5.74,154.0,1.0,5.74
BB,2026-05-05 10:00:00+00:00,5.74,5.74,5.74,5.74,137.0,2.0,5.74
BB,2026-05-05 10:05:00+00:00,5.73,5.75,5.73,5.75,1894.0,23.0,5.737627
BB,2026-05-05 10:10:00+00:00,5.78,5.8,5.78,5.8,4363.0,21.0,5.794878
BB,2026-05-05 10:15:00+00:00,5.7966,5.8,5.76,5.76,3722.0,15.0,5.775409
BB,2026-05-05 10:20:00+00:00,5.77,5.78,5.77,5.78,2031.0,9.0,5.773939
BB,2026-05-05 10:25:00+00:00,5.78,5.8,5.78,5.79,3862.0,28.0,5.797361
BB,2026-05-05 10:30:00+00:00,5.78,5.8,5.78,5.79,135343.0,76.0,5.799238
BB,2026-05-05 10:35:00+00:00,5.77,5.787,5.76,5.76,12383.0,15.0,5.777237
BB,2026-05-05 10:40:00+00:00,5.76,5.76,5.75,5.75,1286.0,9.0,5.753698
BB,2026-05-05 10:45:00+00:00,5.77,5.8,5.77,5.79,4981.0,40.0,5.79253
BB,2026-05-05 10:50:00+00:00,5.8,5.8,5.78,5.8,5679.0,18.0,5.796844
BB,2026-05-05 10:55:00+00:00,5.8,5.8,5.79,5.79,6003.0,25.0,5.791783
BB,2026-05-05 11:00:00+00:00,5.785,5.7948,5.76,5.7925,13145.0,45.0,5.780525
BB,2026-05-05 11:05:00+00:00,5.76,5.7989,5.76,5.7989,2946.0,13.0,5.765272
BB,2026-05-05 11:10:00+00:00,5.7901,5.7901,5.75,5.77,5854.0,16.0,5.77216
BB,2026-05-05 11:15:00+00:00,5.79,5.83,5.75,5.81,51754.0,77.0,5.800323
BB,2026-05-05 11:20:00+00:00,5.81,5.84,5.8065,5.82,23581.0,44.0,5.819281
BB,2026-05-05 11:25:00+00:00,5.83,5.865,5.83,5.865,10997.0,42.0,5.848444
BB,2026-05-05 11:30:00+00:00,5.87,5.96,5.83,5.96,21051.0,75.0,5.868538
BB,2026-05-05 11:35:00+00:00,5.96,5.96,5.87,5.887,52579.0,82.0,5.897487
BB,2026-05-05 11:40:00+00:00,5.89,5.8974,5.87,5.87,11052.0,27.0,5.882163
BB,2026-05-05 11:45:00+00:00,5.87,5.9,5.86,5.88,32768.0,70.0,5.880095
BB,2026-05-05 11:50:00+00:00,5.89,5.89,5.87,5.87,788.0,14.0,5.878
BB,2026-05-05 11:55:00+00:00,5.86,5.9,5.86,5.87,19058.0,80.0,5.881558
BB,2026-05-05 12:00:00+00:00,5.87,5.9,5.87,5.89,17766.0,47.0,5.878911
BB,2026-05-05 12:05:00+00:00,5.89,5.9061,5.87,5.9061,40996.0,54.0,5.887629
BB,2026-05-05 12:10:00+00:00,5.88,5.9,5.862,5.8847,24389.0,53.0,5.884209
BB,2026-05-05 12:15:00+00:00,5.86,5.91,5.86,5.9001,14658.0,32.0,5.89442
BB,2026-05-05 12:20:00+00:00,5.91,5.9599,5.91,5.9513,88228.0,161.0,5.939163
BB,2026-05-05 12:25:00+00:00,5.9504,5.98,5.92,5.97,41194.0,152.0,5.957228
BB,2026-05-05 12:30:00+00:00,5.9605,6.0,5.95,6.0,61631.0,191.0,5.988567
BB,2026-05-05 12:35:00+00:00,5.9697,5.97,5.9,5.9118,22047.0,61.0,5.934169
BB,2026-05-05 12:40:00+00:00,5.95,5.9617,5.91,5.9617,11977.0,31.0,5.953115
BB,2026-05-05 12:45:00+00:00,5.9288,5.97,5.9146,5.93,13484.0,44.0,5.936148
BB,2026-05-05 12:50:00+00:00,5.93,5.93,5.85,5.8903,38107.0,95.0,5.889986
BB,2026-05-05 12:55:00+00:00,5.89,5.9074,5.8616,5.867,18218.0,38.0,5.890015
BB,2026-05-05 13:00:00+00:00,5.87,5.8741,5.82,5.87,10245.0,52.0,5.857723
BB,2026-05-05 13:05:00+00:00,5.87,5.87,5.82,5.8211,16419.0,41.0,5.830612
BB,2026-05-05 13:10:00+00:00,5.83,5.879,5.8115,5.833,13990.0,50.0,5.833897
BB,2026-05-05 13:15:00+00:00,5.82,5.87,5.81,5.87,41197.0,42.0,5.821766
BB,2026-05-05 13:20:00+00:00,5.85,5.86,5.82,5.84,9582.0,40.0,5.843392
BB,2026-05-05 13:25:00+00:00,5.84,5.86,5.75,5.75,33717.0,120.0,5.82259
BB,2026-05-05 13:30:00+00:00,5.75,5.85,5.65,5.73,1759024.0,3162.0,5.724274
BB,2026-05-05 13:35:00+00:00,5.73,5.78,5.686,5.7697,470887.0,1193.0,5.72866
BB,2026-05-05 13:40:00+00:00,5.7686,5.875,5.765,5.805,609080.0,1709.0,5.821892
BB,2026-05-05 13:45:00+00:00,5.805,5.825,5.73,5.775,421703.0,1189.0,5.78079
BB,2026-05-05 13:50:00+00:00,5.77,5.77,5.5712,5.575,861175.0,1669.0,5.661723
BB,2026-05-05 13:55:00+00:00,5.575,5.64,5.56,5.585,552178.0,1278.0,5.602227
BB,2026-05-05 14:00:00+00:00,5.58,5.6099,5.56,5.59,429344.0,1096.0,5.583625
BB,2026-05-05 14:05:00+00:00,5.586,5.6499,5.5835,5.605,701334.0,1389.0,5.607508
BB,2026-05-05 14:10:00+00:00,5.61,5.655,5.6,5.63,285806.0,785.0,5.631911
BB,2026-05-05 14:15:00+00:00,5.636,5.715,5.62,5.705,417588.0,940.0,5.679779
BB,2026-05-05 14:20:00+00:00,5.7055,5.73,5.69,5.7201,411343.0,1065.0,5.713056
BB,2026-05-05 14:25:00+00:00,5.725,5.7596,5.715,5.745,346881.0,899.0,5.735739
BB,2026-05-05 14:30:00+00:00,5.74,5.7686,5.7101,5.715,685767.0,1154.0,5.744896
BB,2026-05-05 14:35:00+00:00,5.715,5.72,5.69,5.695,204545.0,569.0,5.704706
BB,2026-05-05 14:40:00+00:00,5.7,5.735,5.66,5.73,327281.0,904.0,5.691924
BB,2026-05-05 14:45:00+00:00,5.7286,5.79,5.7286,5.7605,324793.0,733.0,5.757218
BB,2026-05-05 14:50:00+00:00,5.7699,5.7699,5.695,5.7499,359369.0,850.0,5.721588
BB,2026-05-05 14:55:00+00:00,5.7425,5.75,5.71,5.735,185284.0,670.0,5.728699
BB,2026-05-05 15:00:00+00:00,5.735,5.845,5.7,5.845,565638.0,1232.0,5.767477
BB,2026-05-05 15:05:00+00:00,5.845,5.855,5.7914,5.795,473810.0,1139.0,5.828328
BB,2026-05-05 15:10:00+00:00,5.795,5.8,5.75,5.75,165517.0,591.0,5.765218
BB,2026-05-05 15:15:00+00:00,5.755,5.78,5.73,5.735,245427.0,767.0,5.757872
BB,2026-05-05 15:20:00+00:00,5.735,5.74,5.72,5.74,144114.0,465.0,5.733014
BB,2026-05-05 15:25:00+00:00,5.74,5.765,5.73,5.735,216732.0,600.0,5.744797
BB,2026-05-05 15:30:00+00:00,5.735,5.74,5.715,5.725,221463.0,606.0,5.723796
BB,2026-05-05 15:35:00+00:00,5.72,5.75,5.72,5.725,169432.0,462.0,5.736062
BB,2026-05-05 15:40:00+00:00,5.72,5.725,5.69,5.715,229042.0,611.0,5.7032
BB,2026-05-05 15:45:00+00:00,5.71,5.715,5.675,5.689,259896.0,618.0,5.693975
BB,2026-05-05 15:50:00+00:00,5.685,5.69,5.645,5.645,254224.0,585.0,5.665036
BB,2026-05-05 15:55:00+00:00,5.6499,5.65,5.62,5.635,155820.0,424.0,5.637164
BB,2026-05-05 16:00:00+00:00,5.635,5.66,5.635,5.645,159221.0,521.0,5.645559
BB,2026-05-05 16:05:00+00:00,5.645,5.66,5.645,5.655,202131.0,428.0,5.65231
BB,2026-05-05 16:10:00+00:00,5.66,5.72,5.66,5.705,365894.0,766.0,5.687815
BB,2026-05-05 16:15:00+00:00,5.705,5.73,5.7,5.725,166577.0,419.0,5.710911
BB,2026-05-05 16:20:00+00:00,5.725,5.7497,5.7111,5.735,360085.0,573.0,5.729408
BB,2026-05-05 16:25:00+00:00,5.735,5.755,5.71,5.71,258864.0,685.0,5.73625
BB,2026-05-05 16:30:00+00:00,5.715,5.715,5.6607,5.665,188901.0,425.0,5.681448
BB,2026-05-05 16:35:00+00:00,5.665,5.67,5.645,5.6533,217410.0,456.0,5.660013
BB,2026-05-05 16:40:00+00:00,5.655,5.68,5.6502,5.655,232185.0,518.0,5.666711
BB,2026-05-05 16:45:00+00:00,5.66,5.6699,5.65,5.6597,75073.0,203.0,5.658416
BB,2026-05-05 16:50:00+00:00,5.655,5.6699,5.62,5.6307,257416.0,441.0,5.638594
BB,2026-05-05 16:55:00+00:00,5.635,5.6389,5.6,5.6001,180485.0,447.0,5.622798
BB,2026-05-05 17:00:00+00:00,5.605,5.605,5.56,5.565,256272.0,491.0,5.58475
BB,2026-05-05 17:05:00+00:00,5.565,5.57,5.52,5.5249,310768.0,683.0,5.545218
BB,2026-05-05 17:10:00+00:00,5.525,5.54,5.52,5.53,214262.0,523.0,5.529795
BB,2026-05-05 17:15:00+00:00,5.53,5.53,5.5,5.5139,230004.0,440.0,5.514303
BB,2026-05-05 17:20:00+00:00,5.515,5.5299,5.51,5.5184,246444.0,382.0,5.519275
BB,2026-05-05 17:25:00+00:00,5.51,5.53,5.51,5.5287,120901.0,376.0,5.523297
BB,2026-05-05 17:30:00+00:00,5.525,5.525,5.5,5.5099,343426.0,447.0,5.517697
BB,2026-05-05 17:35:00+00:00,5.505,5.52,5.5,5.51,229820.0,412.0,5.510434
BB,2026-05-05 17:40:00+00:00,5.51,5.545,5.505,5.535,198755.0,445.0,5.525917
BB,2026-05-05 17:45:00+00:00,5.535,5.55,5.53,5.545,150129.0,372.0,5.540994
BB,2026-05-05 17:50:00+00:00,5.545,5.55,5.515,5.515,215454.0,484.0,5.531767
BB,2026-05-05 17:55:00+00:00,5.515,5.52,5.505,5.515,80178.0,255.0,5.511358
BB,2026-05-05 18:00:00+00:00,5.51,5.53,5.51,5.5299,256519.0,603.0,5.516952
BB,2026-05-05 18:05:00+00:00,5.5264,5.53,5.515,5.515,115274.0,273.0,5.524314
BB,2026-05-05 18:10:00+00:00,5.515,5.52,5.5109,5.515,77287.0,250.0,5.516156
BB,2026-05-05 18:15:00+00:00,5.515,5.52,5.51,5.515,112753.0,298.0,5.515738
BB,2026-05-05 18:20:00+00:00,5.515,5.52,5.5,5.5076,449113.0,565.0,5.510387
BB,2026-05-05 18:25:00+00:00,5.5,5.51,5.49,5.5099,629218.0,598.0,5.500087
BB,2026-05-05 18:30:00+00:00,5.51,5.51,5.49,5.495,80945.0,283.0,5.496523
BB,2026-05-05 18:35:00+00:00,5.495,5.505,5.49,5.4991,167537.0,386.0,5.497443
BB,2026-05-05 18:40:00+00:00,5.495,5.52,5.4901,5.5199,189630.0,490.0,5.504626
BB,2026-05-05 18:45:00+00:00,5.515,5.53,5.5114,5.53,137760.0,333.0,5.518612
BB,2026-05-05 18:50:00+00:00,5.525,5.53,5.5,5.505,175325.0,298.0,5.516765
BB,2026-05-05 18:55:00+00:00,5.505,5.5151,5.5,5.5001,87084.0,312.0,5.507352
BB,2026-05-05 19:00:00+00:00,5.51,5.51,5.49,5.5079,189986.0,412.0,5.50128
BB,2026-05-05 19:05:00+00:00,5.509,5.54,5.509,5.525,272659.0,447.0,5.524871
BB,2026-05-05 19:10:00+00:00,5.525,5.54,5.515,5.52,171866.0,390.0,5.527583
BB,2026-05-05 19:15:00+00:00,5.5226,5.54,5.52,5.54,148421.0,352.0,5.53063
BB,2026-05-05 19:20:00+00:00,5.545,5.57,5.535,5.565,227296.0,439.0,5.548063
BB,2026-05-05 19:25:00+00:00,5.5668,5.5668,5.55,5.555,128740.0,280.0,5.556091
BB,2026-05-05 19:30:00+00:00,5.555,5.5799,5.555,5.565,232297.0,570.0,5.568466
BB,2026-05-05 19:35:00+00:00,5.565,5.605,5.545,5.605,532318.0,853.0,5.572857
BB,2026-05-05 19:40:00+00:00,5.605,5.625,5.6,5.625,171783.0,497.0,5.613209
BB,2026-05-05 19:45:00+00:00,5.625,5.63,5.6023,5.61,463521.0,802.0,5.616449
BB,2026-05-05 19:50:00+00:00,5.62,5.6399,5.6,5.6092,703422.0,1330.0,5.62146
BB,2026-05-05 19:55:00+00:00,5.61,5.62,5.575,5.61,1485098.0,2994.0,5.600844
BB,2026-05-05 20:00:00+00:00,5.6,5.62,5.6,5.61,756840.0,28.0,5.600041
BB,2026-05-05 20:05:00+00:00,5.5938,5.6476,5.59,5.6476,554.0,4.0,5.61257
BB,2026-05-05 20:10:00+00:00,5.5937,5.63,5.5937,5.63,483.0,13.0,5.607611
BB,2026-05-05 20:15:00+00:00,5.6261,5.6261,5.6,5.6,1931.0,5.0,5.613618
BB,2026-05-05 20:20:00+00:00,5.5952,5.5952,5.5952,5.5952,1006.0,4.0,5.5952
BB,2026-05-05 20:30:00+00:00,5.59,5.6003,5.59,5.6003,2220.0,3.0,5.599364
BB,2026-05-05 20:35:00+00:00,5.61,5.61,5.6,5.6,10670.0,5.0,5.609421
BB,2026-05-05 20:40:00+00:00,5.6,5.6,5.5997,5.5997,750.0,2.0,5.5999
BB,2026-05-05 20:45:00+00:00,5.59,5.5935,5.59,5.5905,7692.0,8.0,5.592164
BB,2026-05-05 20:50:00+00:00,5.6,5.6,5.56,5.56,14074.0,3.0,5.571679
BB,2026-05-05 20:55:00+00:00,5.56,5.58,5.56,5.58,657.0,5.0,5.563333
BB,2026-05-05 21:00:00+00:00,5.61,5.61,5.61,5.61,2005.0,2.0,5.61
BB,2026-05-05 21:05:00+00:00,5.6,5.6,5.56,5.56,2200.0,7.0,5.563475
BB,2026-05-05 21:10:00+00:00,5.59,5.59,5.5515,5.5515,1317.0,5.0,5.560339
BB,2026-05-05 21:20:00+00:00,5.59,5.6,5.58,5.6,4816.0,9.0,5.593743
BB,2026-05-05 21:25:00+00:00,5.5537,5.5537,5.553,5.553,581.0,3.0,5.55325
BB,2026-05-05 21:30:00+00:00,5.57,5.59,5.5503,5.59,2214.0,9.0,5.561029
BB,2026-05-05 21:35:00+00:00,5.6,5.6,5.56,5.5982,1306.0,6.0,5.593015
BB,2026-05-05 21:40:00+00:00,5.5542,5.5542,5.5542,5.5542,200.0,1.0,5.5542
BB,2026-05-05 21:45:00+00:00,5.58,5.58,5.57,5.57,600.0,2.0,5.578333
BB,2026-05-05 21:50:00+00:00,5.59,5.59,5.5517,5.57,1356.0,11.0,5.561137
BB,2026-05-05 21:55:00+00:00,5.6,5.6,5.56,5.56,4451.0,8.0,5.583348
BB,2026-05-05 22:00:00+00:00,5.5601,5.5611,5.5601,5.5611,5080.0,6.0,5.560153
BB,2026-05-05 22:05:00+00:00,5.5628,5.59,5.5601,5.59,1140.0,8.0,5.583794
BB,2026-05-05 22:10:00+00:00,5.59,5.5985,5.58,5.5985,680.0,5.0,5.591861
BB,2026-05-05 22:15:00+00:00,5.59,5.6,5.59,5.6,371.0,4.0,5.596667
BB,2026-05-05 22:20:00+00:00,5.5708,5.59,5.5708,5.59,564.0,7.0,5.57848
BB,2026-05-05 22:25:00+00:00,5.57,5.59,5.57,5.59,300.0,2.0,5.576667
BB,2026-05-05 22:30:00+00:00,5.59,5.59,5.59,5.59,250.0,1.0,5.59
BB,2026-05-05 22:35:00+00:00,5.55,5.57,5.55,5.56,12961.0,20.0,5.558863
BB,2026-05-05 22:40:00+00:00,5.56,5.56,5.5504,5.5504,2404.0,6.0,5.55183
BB,2026-05-05 22:45:00+00:00,5.56,5.58,5.56,5.58,411.0,3.0,5.56892
BB,2026-05-05 22:50:00+00:00,5.56,5.56,5.5518,5.5518,3662.0,10.0,5.558906
BB,2026-05-05 22:55:00+00:00,5.5513,5.56,5.55,5.5501,3538.0,14.0,5.55048
BB,2026-05-05 23:00:00+00:00,5.55,5.58,5.55,5.58,1257.0,5.0,5.574481
BB,2026-05-05 23:05:00+00:00,5.55,5.59,5.55,5.59,1621.0,11.0,5.55277
BB,2026-05-05 23:10:00+00:00,5.59,5.59,5.5504,5.57,1660.0,6.0,5.570025
BB,2026-05-05 23:15:00+00:00,5.5509,5.59,5.55,5.59,3208.0,7.0,5.577585
BB,2026-05-05 23:20:00+00:00,5.59,5.59,5.57,5.59,8330.0,11.0,5.584116
BB,2026-05-05 23:25:00+00:00,5.58,5.59,5.58,5.59,3358.0,6.0,5.58299
BB,2026-05-05 23:30:00+00:00,5.58,5.5974,5.58,5.5974,1552.0,4.0,5.591226
BB,2026-05-05 23:35:00+00:00,5.59,5.59,5.59,5.59,2457.0,5.0,5.59
BB,2026-05-05 23:40:00+00:00,5.5935,5.5935,5.57,5.59,1560.0,6.0,5.574065
BB,2026-05-05 23:45:00+00:00,5.5798,5.5798,5.57,5.57,5175.0,4.0,5.570192
BB,2026-05-05 23:50:00+00:00,5.5517,5.58,5.5517,5.57,677.0,9.0,5.566683
BB,2026-05-05 23:55:00+00:00,5.57,5.57,5.565,5.5697,5701.0,5.0,5.568746
BB,2026-05-06 08:00:00+00:00,5.54,5.59,5.54,5.56,57646.0,142.0,5.562036
BB,2026-05-06 08:05:00+00:00,5.56,5.56,5.55,5.56,1969.0,12.0,5.5558
BB,2026-05-06 08:10:00+00:00,5.5522,5.6,5.55,5.6,350.0,4.0,5.5674
BB,2026-05-06 08:15:00+00:00,5.55,5.5532,5.55,5.55,6597.0,9.0,5.550575
BB,2026-05-06 08:20:00+00:00,5.55,5.55,5.55,5.55,1007.0,1.0,5.55
BB,2026-05-06 08:25:00+00:00,5.56,5.56,5.56,5.56,102.0,2.0,5.56
BB,2026-05-06 08:30:00+00:00,5.5632,5.5632,5.56,5.56,200.0,2.0,5.5616
BB,2026-05-06 08:40:00+00:00,5.57,5.57,5.57,5.57,1867.0,7.0,5.57
BB,2026-05-06 08:45:00+00:00,5.55,5.55,5.55,5.55,313.0,4.0,5.55
BB,2026-05-06 08:50:00+00:00,5.56,5.57,5.56,5.57,1889.0,5.0,5.56099
BB,2026-05-06 08:55:00+00:00,5.58,5.58,5.57,5.5711,2386.0,4.0,5.576556
BB,2026-05-06 09:00:00+00:00,5.57,5.5715,5.57,5.5715,254.0,2.0,5.570909
BB,2026-05-06 09:05:00+00:00,5.58,5.58,5.57,5.57,4314.0,2.0,5.570232
BB,2026-05-06 09:10:00+00:00,5.5731,5.5989,5.5731,5.5989,471.0,5.0,5.58743
BB,2026-05-06 09:15:00+00:00,5.59,5.6,5.58,5.6,3914.0,5.0,5.591048
BB,2026-05-06 09:20:00+00:00,5.59,5.59,5.57,5.57,3031.0,7.0,5.577107
BB,2026-05-06 09:25:00+00:00,5.57,5.57,5.57,5.57,898.0,4.0,5.57
BB,2026-05-06 09:30:00+00:00,5.58,5.58,5.5727,5.58,1667.0,14.0,5.578847
BB,2026-05-06 09:35:00+00:00,5.57,5.58,5.57,5.58,2255.0,6.0,5.576411
BB,2026-05-06 09:40:00+00:00,5.57,5.5997,5.57,5.58,1015.0,17.0,5.580206
BB,2026-05-06 09:45:00+00:00,5.5728,5.58,5.5728,5.58,383.0,2.0,5.57656
BB,2026-05-06 09:50:00+00:00,5.6,5.6,5.59,5.599,7723.0,3.0,5.591541
BB,2026-05-06 09:55:00+00:00,5.5903,5.5903,5.59,5.59,9481.0,4.0,5.590018
BB,2026-05-06 10:00:00+00:00,5.59,5.6,5.59,5.6,510.0,3.0,5.598
BB,2026-05-06 10:05:00+00:00,5.6,5.6,5.6,5.6,320.0,3.0,5.6
BB,2026-05-06 10:15:00+00:00,5.6,5.6,5.6,5.6,191.0,2.0,5.6
BB,2026-05-06 10:20:00+00:00,5.5908,5.5908,5.5908,5.5908,119.0,2.0,5.5908
BB,2026-05-06 10:25:00+00:00,5.59,5.6,5.59,5.595,2736.0,5.0,5.591392
BB,2026-05-06 10:35:00+00:00,5.6,5.7,5.6,5.7,5802.0,23.0,5.614358
BB,2026-05-06 10:40:00+00:00,5.65,5.65,5.65,5.65,100.0,1.0,5.65
BB,2026-05-06 10:45:00+00:00,5.66,5.66,5.63,5.63,3328.0,7.0,5.652001
BB,2026-05-06 10:55:00+00:00,5.66,5.66,5.62,5.62,895.0,8.0,5.645568
BB,2026-05-06 11:00:00+00:00,5.65,5.65,5.61,5.64,8618.0,48.0,5.622772
BB,2026-05-06 11:05:00+00:00,5.61,5.6197,5.61,5.6197,4717.0,21.0,5.613133
BB,2026-05-06 11:10:00+00:00,5.62,5.65,5.61,5.61,10265.0,31.0,5.618995
BB,2026-05-06 11:15:00+00:00,5.63,5.6461,5.61,5.61,9026.0,21.0,5.621278
BB,2026-05-06 11:20:00+00:00,5.61,5.64,5.61,5.63,6483.0,6.0,5.635144
BB,2026-05-06 11:25:00+00:00,5.64,5.64,5.625,5.63,1187.0,18.0,5.630625
BB,2026-05-06 11:30:00+00:00,5.65,5.65,5.5807,5.6,4964.0,44.0,5.606664
BB,2026-05-06 11:35:00+00:00,5.5816,5.59,5.55,5.55,11970.0,28.0,5.580754
BB,2026-05-06 11:40:00+00:00,5.5525,5.5525,5.5525,5.5525,585.0,3.0,5.5525
BB,2026-05-06 11:45:00+00:00,5.561,5.561,5.56,5.56,310.0,4.0,5.5606
BB,2026-05-06 11:50:00+00:00,5.56,5.56,5.56,5.56,1092.0,5.0,5.56
BB,2026-05-06 11:55:00+00:00,5.57,5.57,5.56,5.5616,2064.0,10.0,5.562952
BB,2026-05-06 12:00:00+00:00,5.58,5.58,5.5609,5.58,31661.0,14.0,5.577426
BB,2026-05-06 12:05:00+00:00,5.57,5.6,5.56,5.56,10073.0,17.0,5.562615
BB,2026-05-06 12:10:00+00:00,5.57,5.58,5.57,5.58,5000.0,8.0,5.573775
BB,2026-05-06 12:15:00+00:00,5.56,5.57,5.55,5.55,2804.0,20.0,5.554974
BB,2026-05-06 12:20:00+00:00,5.56,5.56,5.5565,5.56,5279.0,10.0,5.55865
BB,2026-05-06 12:25:00+00:00,5.59,5.6,5.58,5.59,1048.0,12.0,5.5875
BB,2026-05-06 12:30:00+00:00,5.56,5.58,5.56,5.58,800.0,2.0,5.565
BB,2026-05-06 12:35:00+00:00,5.59,5.6,5.58,5.59,9561.0,13.0,5.59533
BB,2026-05-06 12:40:00+00:00,5.58,5.59,5.58,5.59,1792.0,7.0,5.58789
BB,2026-05-06 12:45:00+00:00,5.5887,5.5887,5.5616,5.5616,4091.0,11.0,5.580795
BB,2026-05-06 12:50:00+00:00,5.5651,5.5651,5.56,5.56,1818.0,4.0,5.56031
BB,2026-05-06 12:55:00+00:00,5.5601,5.57,5.56,5.57,1243.0,9.0,5.562544
BB,2026-05-06 13:00:00+00:00,5.57,5.58,5.57,5.58,1641.0,11.0,5.576086
BB,2026-05-06 13:05:00+00:00,5.58,5.58,5.54,5.54,18050.0,51.0,5.549085
BB,2026-05-06 13:10:00+00:00,5.55,5.55,5.54,5.5469,19262.0,31.0,5.544081
BB,2026-05-06 13:15:00+00:00,5.5469,5.5509,5.5469,5.5509,11003.0,6.0,5.550746
BB,2026-05-06 13:20:00+00:00,5.57,5.57,5.54,5.55,21813.0,65.0,5.558402
BB,2026-05-06 13:25:00+00:00,5.57,5.58,5.54,5.54,12777.0,63.0,5.555518
BB,2026-05-06 13:30:00+00:00,5.56,5.58,5.36,5.5799,1326735.0,3110.0,5.48604
BB,2026-05-06 13:35:00+00:00,5.57,5.61,5.54,5.605,591505.0,1799.0,5.578825
BB,2026-05-06 13:40:00+00:00,5.605,5.67,5.53,5.54,791542.0,1773.0,5.629254
BB,2026-05-06 13:45:00+00:00,5.55,5.66,5.52,5.6399,630220.0,1474.0,5.585886
BB,2026-05-06 13:50:00+00:00,5.635,5.635,5.5924,5.615,271723.0,974.0,5.610617
BB,2026-05-06 13:55:00+00:00,5.6199,5.629,5.58,5.585,685304.0,1121.0,5.598952
BB,2026-05-06 14:00:00+00:00,5.59,5.595,5.51,5.535,498599.0,1178.0,5.555628
BB,2026-05-06 14:05:00+00:00,5.53,5.58,5.51,5.58,316481.0,811.0,5.547701
BB,2026-05-06 14:10:00+00:00,5.58,5.58,5.55,5.57,206233.0,735.0,5.567822
BB,2026-05-06 14:15:00+00:00,5.565,5.585,5.525,5.585,382914.0,751.0,5.553779
BB,2026-05-06 14:20:00+00:00,5.585,5.63,5.585,5.6299,212847.0,429.0,5.607457
BB,2026-05-06 14:25:00+00:00,5.63,5.63,5.585,5.595,229636.0,716.0,5.60752
BB,2026-05-06 14:30:00+00:00,5.595,5.66,5.595,5.635,253508.0,687.0,5.634151
BB,2026-05-06 14:35:00+00:00,5.6378,5.65,5.6229,5.6455,210805.0,521.0,5.63355
BB,2026-05-06 14:40:00+00:00,5.645,5.71,5.625,5.7011,519251.0,913.0,5.667775
BB,2026-05-06 14:45:00+00:00,5.705,5.77,5.705,5.7201,381503.0,872.0,5.740443
BB,2026-05-06 14:50:00+00:00,5.725,5.73,5.665,5.675,311940.0,735.0,5.695561
BB,2026-05-06 14:55:00+00:00,5.675,5.685,5.655,5.665,150826.0,587.0,5.670472
BB,2026-05-06 15:00:00+00:00,5.665,5.6867,5.655,5.665,185280.0,536.0,5.670459
BB,2026-05-06 15:05:00+00:00,5.6699,5.7,5.6648,5.7,141858.0,457.0,5.678859
BB,2026-05-06 15:10:00+00:00,5.695,5.7095,5.69,5.695,155862.0,429.0,5.7001
BB,2026-05-06 15:15:00+00:00,5.7,5.73,5.69,5.695,223317.0,450.0,5.71115
BB,2026-05-06 15:20:00+00:00,5.7,5.705,5.67,5.695,126926.0,484.0,5.688797
BB,2026-05-06 15:25:00+00:00,5.69,5.69,5.665,5.67,129603.0,382.0,5.677537
BB,2026-05-06 15:30:00+00:00,5.675,5.685,5.665,5.665,68383.0,288.0,5.674917
BB,2026-05-06 15:35:00+00:00,5.665,5.67,5.635,5.645,175515.0,410.0,5.652624
BB,2026-05-06 15:40:00+00:00,5.645,5.675,5.64,5.675,211945.0,559.0,5.650478
BB,2026-05-06 15:45:00+00:00,5.68,5.69,5.67,5.675,64372.0,357.0,5.681234
BB,2026-05-06 15:50:00+00:00,5.675,5.695,5.655,5.695,143900.0,422.0,5.673528
BB,2026-05-06 15:55:00+00:00,5.695,5.695,5.66,5.665,97629.0,326.0,5.672771
BB,2026-05-06 16:00:00+00:00,5.665,5.67,5.65,5.65,90654.0,341.0,5.659012
BB,2026-05-06 16:05:00+00:00,5.655,5.66,5.645,5.645,138199.0,321.0,5.655902
BB,2026-05-06 16:10:00+00:00,5.64,5.6451,5.63,5.635,94483.0,304.0,5.636543
BB,2026-05-06 16:15:00+00:00,5.635,5.64,5.63,5.63,60770.0,313.0,5.632208
BB,2026-05-06 16:20:00+00:00,5.63,5.655,5.63,5.6502,130767.0,409.0,5.645047
BB,2026-05-06 16:25:00+00:00,5.6536,5.6652,5.64,5.665,84526.0,344.0,5.653266
BB,2026-05-06 16:30:00+00:00,5.665,5.69,5.66,5.69,83024.0,289.0,5.674523
BB,2026-05-06 16:35:00+00:00,5.69,5.695,5.67,5.695,98111.0,330.0,5.684391
BB,2026-05-06 16:40:00+00:00,5.695,5.7,5.69,5.695,43479.0,256.0,5.695508
BB,2026-05-06 16:45:00+00:00,5.695,5.71,5.69,5.695,127352.0,450.0,5.699065
BB,2026-05-06 16:50:00+00:00,5.7,5.71,5.69,5.695,142670.0,440.0,5.698375
BB,2026-05-06 16:55:00+00:00,5.7,5.71,5.68,5.695,139024.0,343.0,5.699316
BB,2026-05-06 17:00:00+00:00,5.695,5.7281,5.69,5.7281,204263.0,415.0,5.708627
BB,2026-05-06 17:05:00+00:00,5.73,5.74,5.725,5.735,87061.0,323.0,5.731627
BB,2026-05-06 17:10:00+00:00,5.735,5.76,5.72,5.755,403949.0,677.0,5.732396
BB,2026-05-06 17:15:00+00:00,5.75,5.7599,5.73,5.735,82461.0,221.0,5.74477
BB,2026-05-06 17:20:00+00:00,5.735,5.775,5.735,5.745,280266.0,597.0,5.754021
BB,2026-05-06 17:25:00+00:00,5.745,5.77,5.74,5.765,117466.0,313.0,5.751269
BB,2026-05-06 17:30:00+00:00,5.7688,5.77,5.755,5.7624,294596.0,478.0,5.762209
BB,2026-05-06 17:35:00+00:00,5.765,5.7775,5.755,5.755,138267.0,399.0,5.767759
BB,2026-05-06 17:40:00+00:00,5.755,5.79,5.75,5.785,229166.0,414.0,5.767198
BB,2026-05-06 17:45:00+00:00,5.7873,5.8,5.78,5.795,103819.0,337.0,5.788335
BB,2026-05-06 17:50:00+00:00,5.8,5.8,5.76,5.765,167705.0,408.0,5.779172
BB,2026-05-06 17:55:00+00:00,5.765,5.775,5.76,5.765,135034.0,350.0,5.765812
BB,2026-05-06 18:00:00+00:00,5.765,5.8,5.75,5.795,126217.0,416.0,5.767872
BB,2026-05-06 18:05:00+00:00,5.7901,5.96,5.7901,5.9599,1494009.0,1661.0,5.868708
BB,2026-05-06 18:10:00+00:00,5.955,5.98,5.94,5.9774,634529.0,1412.0,5.95887
BB,2026-05-06 18:15:00+00:00,5.9763,5.99,5.93,5.9875,669197.0,1262.0,5.963415
BB,2026-05-06 18:20:00+00:00,5.99,6.05,5.98,6.0397,667915.0,1401.0,6.012957
BB,2026-05-06 18:25:00+00:00,6.035,6.06,6.01,6.03,407019.0,957.0,6.034559
BB,2026-05-06 18:30:00+00:00,6.035,6.04,5.98,5.99,515679.0,1164.0,6.003862
BB,2026-05-06 18:35:00+00:00,5.99,5.995,5.9501,5.985,454380.0,830.0,5.972575
BB,2026-05-06 18:40:00+00:00,5.985,6.04,5.98,6.01,446242.0,864.0,6.004778
BB,2026-05-06 18:45:00+00:00,6.0098,6.0399,6.0,6.01,236199.0,596.0,6.019131
BB,2026-05-06 18:50:00+00:00,6.005,6.045,5.9902,6.04,458555.0,853.0,6.01727
BB,2026-05-06 18:55:00+00:00,6.035,6.05,6.02,6.035,391277.0,831.0,6.036281
BB,2026-05-06 19:00:00+00:00,6.03,6.04,6.01,6.0273,319398.0,691.0,6.024732
BB,2026-05-06 19:05:00+00:00,6.025,6.05,5.98,5.985,459007.0,910.0,6.015361
BB,2026-05-06 19:10:00+00:00,5.985,6.02,5.98,6.015,272798.0,750.0,5.999196
BB,2026-05-06 19:15:00+00:00,6.015,6.05,6.01,6.035,295224.0,776.0,6.032032
BB,2026-05-06 19:20:00+00:00,6.0369,6.0499,6.0,6.015,323682.0,740.0,6.024222
BB,2026-05-06 19:25:00+00:00,6.02,6.02,5.98,5.9923,489319.0,804.0,6.002819
BB,2026-05-06 19:30:00+00:00,5.99,6.035,5.99,6.025,565555.0,1319.0,6.014584
BB,2026-05-06 19:35:00+00:00,6.02,6.03,5.985,5.995,529213.0,877.0,6.010824
BB,2026-05-06 19:40:00+00:00,5.9976,6.035,5.9801,6.0296,581808.0,1065.0,6.010706
BB,2026-05-06 19:45:00+00:00,6.02,6.05,6.01,6.015,513921.0,1211.0,6.030779
BB,2026-05-06 19:50:00+00:00,6.01,6.03,5.99,5.995,715738.0,1429.0,6.016687
BB,2026-05-06 19:55:00+00:00,5.99,6.01,5.99,5.99,1307460.0,3206.0,5.999728
BB,2026-05-06 20:00:00+00:00,5.9998,6.04,5.98,6.04,633549.0,96.0,5.991972
BB,2026-05-06 20:05:00+00:00,6.0226,6.0396,6.0,6.02,40101.0,26.0,6.015249
BB,2026-05-06 20:10:00+00:00,6.0001,6.01,6.0,6.01,9877.0,30.0,6.003382
BB,2026-05-06 20:15:00+00:00,6.0,6.01,6.0,6.0,6349.0,15.0,6.00652
BB,2026-05-06 20:20:00+00:00,6.01,6.01,6.0,6.0,2075.0,11.0,6.007498
BB,2026-05-06 20:25:00+00:00,6.0097,6.03,6.0,6.01,9097.0,25.0,6.008629
BB,2026-05-06 20:30:00+00:00,6.01,6.03,6.01,6.01,13914.0,11.0,6.017372
BB,2026-05-06 20:35:00+00:00,6.03,6.03,6.01,6.03,3345.0,9.0,6.025322
BB,2026-05-06 20:40:00+00:00,6.01,6.02,6.01,6.01,8496.0,28.0,6.011911
BB,2026-05-06 20:45:00+00:00,6.0,6.0035,5.99,5.99,10575.0,31.0,5.994622
BB,2026-05-06 20:50:00+00:00,6.0,6.0,5.97,5.97,2144.0,10.0,5.973285
BB,2026-05-06 20:55:00+00:00,5.99,5.9998,5.97,5.9998,13342.0,10.0,5.990921
BB,2026-05-06 21:00:00+00:00,5.99,5.99,5.97,5.97,12350.0,7.0,5.979822
BB,2026-05-06 21:05:00+00:00,5.9739,5.9739,5.97,5.97,193236.0,10.0,5.970233
BB,2026-05-06 21:10:00+00:00,5.98,6.0,5.98,6.0,11014.0,7.0,5.998508
BB,2026-05-06 21:15:00+00:00,5.99,5.999,5.98,5.98,1518.0,13.0,5.995333
BB,2026-05-06 21:20:00+00:00,5.9904,6.0,5.9904,6.0,7588.0,5.0,5.995584
BB,2026-05-06 21:25:00+00:00,5.99,6.0,5.99,5.9905,517.0,7.0,5.995125
BB,2026-05-06 21:30:00+00:00,5.9987,5.9998,5.9902,5.9998,1427.0,7.0,5.997203
BB,2026-05-06 21:35:00+00:00,5.99,6.0,5.97,5.97,8481.0,18.0,5.981269
BB,2026-05-06 21:40:00+00:00,5.98,5.98,5.9665,5.9665,23629.0,22.0,5.976129
BB,2026-05-06 21:45:00+00:00,5.96,5.97,5.96,5.97,1263.0,7.0,5.96915
BB,2026-05-06 21:50:00+00:00,5.97,5.97,5.96,5.97,8795.0,16.0,5.964638
BB,2026-05-06 21:55:00+00:00,5.99,5.99,5.9861,5.9861,4749.0,6.0,5.989868
BB,2026-05-06 22:00:00+00:00,5.97,5.99,5.96,5.9604,15910.0,9.0,5.970696
BB,2026-05-06 22:05:00+00:00,5.99,5.99,5.96,5.96,1967.0,6.0,5.988141
BB,2026-05-06 22:10:00+00:00,5.9601,5.99,5.9601,5.99,2017.0,7.0,5.967876
BB,2026-05-06 22:20:00+00:00,5.98,5.98,5.98,5.98,360.0,3.0,5.98
BB,2026-05-06 22:25:00+00:00,5.9887,5.99,5.9887,5.99,477.0,7.0,5.989664
BB,2026-05-06 22:30:00+00:00,5.99,5.99,5.98,5.98,649.0,5.0,5.98312
BB,2026-05-06 22:35:00+00:00,5.99,5.99,5.99,5.99,300.0,1.0,5.99
BB,2026-05-06 22:40:00+00:00,5.98,5.99,5.98,5.98,3654.0,7.0,5.983754
BB,2026-05-06 22:45:00+00:00,5.98,5.99,5.98,5.9802,4800.0,10.0,5.98743
BB,2026-05-06 22:50:00+00:00,5.99,5.99,5.9801,5.99,1135.0,11.0,5.986924
BB,2026-05-06 22:55:00+00:00,5.9887,5.99,5.98,5.99,1253.0,15.0,5.987743
BB,2026-05-06 23:00:00+00:00,5.98,5.99,5.98,5.98,2147.0,7.0,5.985585
BB,2026-05-06 23:05:00+00:00,5.99,5.99,5.985,5.985,1095.0,4.0,5.989446
BB,2026-05-06 23:10:00+00:00,5.9898,5.99,5.9801,5.9801,1066.0,5.0,5.988823
BB,2026-05-06 23:15:00+00:00,5.9801,5.9801,5.9801,5.9801,623.0,1.0,5.9801
BB,2026-05-06 23:25:00+00:00,5.98,5.9996,5.98,5.9996,15954.0,35.0,5.988814
BB,2026-05-06 23:30:00+00:00,5.9993,6.02,5.9993,6.02,4621.0,21.0,6.005603
BB,2026-05-06 23:35:00+00:00,6.0368,6.0368,6.0334,6.0334,421.0,3.0,6.035424
BB,2026-05-06 23:40:00+00:00,5.98,6.0336,5.98,6.0336,896.0,7.0,6.026619
BB,2026-05-06 23:45:00+00:00,6.0,6.04,6.0,6.04,6907.0,18.0,6.029391
BB,2026-05-06 23:50:00+00:00,6.0065,6.05,6.0065,6.05,2861.0,14.0,6.046917
BB,2026-05-06 23:55:00+00:00,6.0485,6.05,6.0,6.0,4792.0,14.0,6.016608
BB,2026-05-07 08:00:00+00:00,6.0,6.04,5.97,6.0,17931.0,74.0,5.989416
BB,2026-05-07 08:05:00+00:00,6.02,6.02,6.02,6.02,151.0,2.0,6.02
BB,2026-05-07 08:15:00+00:00,6.03,6.04,6.03,6.04,874.0,3.0,6.034839
BB,2026-05-07 08:20:00+00:00,6.05,6.12,6.05,6.1,174093.0,34.0,6.079963
BB,2026-05-07 08:25:00+00:00,6.14,6.15,6.1,6.1349,13237.0,26.0,6.130963
BB,2026-05-07 08:30:00+00:00,6.13,6.14,6.125,6.125,1800.0,10.0,6.134545
BB,2026-05-07 08:35:00+00:00,6.14,6.14,6.14,6.14,4291.0,12.0,6.14
BB,2026-05-07 08:40:00+00:00,6.14,6.15,6.14,6.14,2864.0,7.0,6.145435
BB,2026-05-07 08:45:00+00:00,6.1,6.1,6.09,6.09,6207.0,8.0,6.091586
BB,2026-05-07 08:55:00+00:00,6.087,6.087,6.087,6.087,123.0,2.0,6.087
BB,2026-05-07 09:00:00+00:00,6.09,6.09,6.09,6.09,171.0,2.0,6.09
BB,2026-05-07 09:05:00+00:00,6.0871,6.0871,6.05,6.05,883.0,7.0,6.0765
BB,2026-05-07 09:10:00+00:00,6.09,6.1,6.05,6.05,3468.0,8.0,6.090933
BB,2026-05-07 09:15:00+00:00,6.06,6.06,6.06,6.06,100.0,1.0,6.06
BB,2026-05-07 09:20:00+00:00,6.05,6.05,6.05,6.05,200.0,1.0,6.05
BB,2026-05-07 09:25:00+00:00,6.05,6.1,6.05,6.07,660.0,10.0,6.063513
BB,2026-05-07 09:30:00+00:00,6.09,6.09,6.09,6.09,2000.0,2.0,6.09
BB,2026-05-07 09:35:00+00:00,6.1,6.1,6.09,6.09,723.0,3.0,6.097143
BB,2026-05-07 09:40:00+00:00,6.0766,6.0766,6.0766,6.0766,100.0,1.0,6.0766
BB,2026-05-07 09:45:00+00:00,6.07,6.11,6.07,6.11,3984.0,13.0,6.098961
BB,2026-05-07 09:50:00+00:00,6.12,6.15,6.12,6.15,605.0,6.0,6.136029
BB,2026-05-07 09:55:00+00:00,6.1483,6.16,6.14,6.15,16063.0,32.0,6.148941
BB,2026-05-07 10:00:00+00:00,6.15,6.15,6.14,6.14,1200.0,8.0,6.148312
BB,2026-05-07 10:05:00+00:00,6.14,6.15,6.11,6.11,929.0,9.0,6.140544
BB,2026-05-07 10:10:00+00:00,6.11,6.12,6.1095,6.1095,1554.0,14.0,6.113884
BB,2026-05-07 10:20:00+00:00,6.11,6.11,6.1,6.1,504.0,9.0,6.106061
BB,2026-05-07 10:25:00+00:00,6.09,6.09,6.09,6.09,1741.0,6.0,6.09
BB,2026-05-07 10:35:00+00:00,6.1,6.1,6.1,6.1,1360.0,7.0,6.1
BB,2026-05-07 10:45:00+00:00,6.09,6.09,6.05,6.05,2221.0,11.0,6.064437
BB,2026-05-07 10:50:00+00:00,6.08,6.08,6.08,6.08,189.0,3.0,6.08
BB,2026-05-07 10:55:00+00:00,6.0799,6.1,6.05,6.1,1650.0,9.0,6.077481
BB,2026-05-07 11:00:00+00:00,6.05,6.1,6.05,6.0986,9722.0,49.0,6.063787
BB,2026-05-07 11:05:00+00:00,6.09,6.12,6.05,6.11,8125.0,36.0,6.097942
BB,2026-05-07 11:10:00+00:00,6.1,6.11,6.1,6.11,21826.0,14.0,6.102127
BB,2026-05-07 11:15:00+00:00,6.0992,6.0992,6.087,6.087,551.0,6.0,6.095155
BB,2026-05-07 11:20:00+00:00,6.09,6.094,6.08,6.09,7438.0,14.0,6.085693
BB,2026-05-07 11:25:00+00:00,6.08,6.1083,6.04,6.09,10918.0,17.0,6.076898
BB,2026-05-07 11:30:00+00:00,6.09,6.12,6.09,6.1199,15179.0,22.0,6.106445
BB,2026-05-07 11:35:00+00:00,6.1026,6.12,6.1,6.12,6078.0,14.0,6.116855
BB,2026-05-07 11:40:00+00:00,6.12,6.12,6.1026,6.1026,3211.0,10.0,6.106408
BB,2026-05-07 11:45:00+00:00,6.101,6.12,6.09,6.1,5071.0,21.0,6.103529
BB,2026-05-07 11:50:00+00:00,6.12,6.14,6.1,6.11,5901.0,48.0,6.123995
BB,2026-05-07 11:55:00+00:00,6.11,6.11,6.1065,6.1065,1476.0,13.0,6.109731
BB,2026-05-07 12:00:00+00:00,6.11,6.13,6.1,6.1,12133.0,30.0,6.109411
BB,2026-05-07 12:05:00+00:00,6.11,6.12,6.1,6.1196,3190.0,13.0,6.106541
BB,2026-05-07 12:10:00+00:00,6.1198,6.12,6.1,6.1197,7093.0,27.0,6.108993
BB,2026-05-07 12:15:00+00:00,6.1199,6.12,6.1103,6.12,1424.0,6.0,6.117987
BB,2026-05-07 12:20:00+00:00,6.12,6.12,6.1,6.1,11002.0,31.0,6.104626
BB,2026-05-07 12:25:00+00:00,6.1,6.12,6.07,6.1135,3436.0,21.0,6.108881
BB,2026-05-07 12:30:00+00:00,6.12,6.16,6.12,6.16,18384.0,78.0,6.13541
BB,2026-05-07 12:35:00+00:00,6.16,6.2,6.16,6.19,57530.0,109.0,6.182556
BB,2026-05-07 12:40:00+00:00,6.19,6.19,6.14,6.1503,28240.0,32.0,6.170812
BB,2026-05-07 12:45:00+00:00,6.17,6.1766,6.15,6.1766,3842.0,23.0,6.166136
BB,2026-05-07 12:50:00+00:00,6.18,6.1895,6.15,6.1895,13340.0,28.0,6.161836
BB,2026-05-07 12:55:00+00:00,6.15,6.15,6.12,6.1461,26708.0,39.0,6.131974
BB,2026-05-07 13:00:00+00:00,6.15,6.17,6.1323,6.15,72427.0,28.0,6.149547
BB,2026-05-07 13:05:00+00:00,6.12,6.13,6.09,6.09,14738.0,61.0,6.108197
BB,2026-05-07 13:10:00+00:00,6.11,6.1683,6.07,6.14,22106.0,41.0,6.098833
BB,2026-05-07 13:15:00+00:00,6.14,6.14,6.1399,6.1399,808.0,8.0,6.139917
BB,2026-05-07 13:20:00+00:00,6.12,6.13,6.1,6.13,14929.0,27.0,6.123508
BB,2026-05-07 13:25:00+00:00,6.13,6.13,6.02,6.03,115236.0,133.0,6.070226
BB,2026-05-07 13:30:00+00:00,6.04,6.06,5.8325,5.9301,1475698.0,2839.0,5.97059
BB,2026-05-07 13:35:00+00:00,5.94,6.07,5.935,6.025,556456.0,1217.0,5.997919
BB,2026-05-07 13:40:00+00:00,6.0207,6.0368,5.91,5.925,354881.0,932.0,5.968228
BB,2026-05-07 13:45:00+00:00,5.925,5.95,5.875,5.945,662838.0,1316.0,5.904944
BB,2026-05-07 13:50:00+00:00,5.9436,5.9799,5.93,5.945,402664.0,811.0,5.952396
BB,2026-05-07 13:55:00+00:00,5.945,6.02,5.915,5.9251,378707.0,887.0,5.96878
BB,2026-05-07 14:00:00+00:00,5.925,6.12,5.92,6.0265,1009714.0,1921.0,6.057637
BB,2026-05-07 14:05:00+00:00,6.02,6.0599,5.97,6.045,461757.0,1041.0,6.025102
BB,2026-05-07 14:10:00+00:00,6.04,6.08,6.03,6.06,261879.0,805.0,6.055096
BB,2026-05-07 14:15:00+00:00,6.06,6.065,6.01,6.02,485580.0,1011.0,6.036703
BB,2026-05-07 14:20:00+00:00,6.015,6.03,5.99,6.0001,158564.0,518.0,6.006637
BB,2026-05-07 14:25:00+00:00,6.01,6.07,5.985,5.995,348452.0,1059.0,6.02226
BB,2026-05-07 14:30:00+00:00,5.995,6.03,5.99,6.02,153346.0,566.0,6.015603
BB,2026-05-07 14:35:00+00:00,6.0201,6.06,6.015,6.055,227313.0,613.0,6.032138
BB,2026-05-07 14:40:00+00:00,6.055,6.06,6.03,6.04,210535.0,607.0,6.048059
BB,2026-05-07 14:45:00+00:00,6.035,6.0999,6.03,6.09,346306.0,835.0,6.061062
BB,2026-05-07 14:50:00+00:00,6.095,6.115,6.075,6.085,337202.0,794.0,6.096047
BB,2026-05-07 14:55:00+00:00,6.085,6.095,5.97,5.975,617104.0,1044.0,6.033569
BB,2026-05-07 15:00:00+00:00,5.98,6.02,5.98,6.015,282969.0,688.0,6.001415
BB,2026-05-07 15:05:00+00:00,6.01,6.02,6.0,6.015,103898.0,375.0,6.012545
BB,2026-05-07 15:10:00+00:00,6.015,6.0188,5.965,5.9999,186167.0,610.0,5.981221
BB,2026-05-07 15:15:00+00:00,5.9985,6.0199,5.9831,5.99,149565.0,439.0,6.001255
BB,2026-05-07 15:20:00+00:00,5.9861,6.04,5.98,6.015,227596.0,568.0,6.00577
BB,2026-05-07 15:25:00+00:00,6.015,6.0568,6.01,6.045,407291.0,711.0,6.039418
BB,2026-05-07 15:30:00+00:00,6.05,6.1,6.04,6.085,298151.0,567.0,6.073791
BB,2026-05-07 15:35:00+00:00,6.0801,6.12,6.075,6.105,235523.0,516.0,6.096009
BB,2026-05-07 15:40:00+00:00,6.1075,6.15,6.1,6.1393,412670.0,687.0,6.128109
BB,2026-05-07 15:45:00+00:00,6.14,6.15,6.1,6.115,275982.0,571.0,6.127939
BB,2026-05-07 15:50:00+00:00,6.12,6.14,6.105,6.14,243451.0,555.0,6.118146
BB,2026-05-07 15:55:00+00:00,6.13,6.135,6.08,6.095,520435.0,804.0,6.113474
BB,2026-05-07 16:00:00+00:00,6.095,6.115,6.0701,6.095,377454.0,782.0,6.097597
BB,2026-05-07 16:05:00+00:00,6.0951,6.0951,6.04,6.055,390401.0,549.0,6.059142
BB,2026-05-07 16:10:00+00:00,6.06,6.06,6.01,6.0301,228471.0,405.0,6.029554
BB,2026-05-07 16:15:00+00:00,6.03,6.035,5.985,5.9912,430389.0,871.0,6.007231
BB,2026-05-07 16:20:00+00:00,5.995,6.02,5.9892,6.0114,306978.0,628.0,6.005125
BB,2026-05-07 16:25:00+00:00,6.015,6.025,6.01,6.0147,167743.0,352.0,6.017569
BB,2026-05-07 16:30:00+00:00,6.015,6.03,6.0,6.005,170911.0,431.0,6.01387
BB,2026-05-07 16:35:00+00:00,6.005,6.0178,5.95,5.9539,403342.0,626.0,5.986668
BB,2026-05-07 16:40:00+00:00,5.9573,5.97,5.95,5.95,94784.0,326.0,5.95768
BB,2026-05-07 16:45:00+00:00,5.955,5.97,5.945,5.955,181579.0,374.0,5.958705
BB,2026-05-07 16:50:00+00:00,5.9576,5.96,5.93,5.945,205247.0,286.0,5.942492
BB,2026-05-07 16:55:00+00:00,5.95,5.98,5.94,5.97,251398.0,449.0,5.955712
BB,2026-05-07 17:00:00+00:00,5.97,5.98,5.95,5.97,147000.0,399.0,5.967061
BB,2026-05-07 17:05:00+00:00,5.965,5.985,5.9504,5.955,145437.0,294.0,5.971929
BB,2026-05-07 17:10:00+00:00,5.955,5.955,5.92,5.93,355767.0,567.0,5.932158
BB,2026-05-07 17:15:00+00:00,5.925,5.9351,5.895,5.895,171194.0,444.0,5.916182
BB,2026-05-07 17:20:00+00:00,5.895,5.93,5.88,5.92,318306.0,531.0,5.905153
BB,2026-05-07 17:25:00+00:00,5.915,5.93,5.865,5.875,481236.0,901.0,5.890629
BB,2026-05-07 17:30:00+00:00,5.875,5.89,5.87,5.89,399314.0,560.0,5.87849
BB,2026-05-07 17:35:00+00:00,5.89,5.95,5.875,5.945,327004.0,658.0,5.916408
BB,2026-05-07 17:40:00+00:00,5.945,5.96,5.94,5.94,149933.0,321.0,5.950936
BB,2026-05-07 17:45:00+00:00,5.95,5.9651,5.94,5.955,107092.0,295.0,5.955751
BB,2026-05-07 17:50:00+00:00,5.955,5.97,5.925,5.9351,243591.0,447.0,5.945281
BB,2026-05-07 17:55:00+00:00,5.9301,5.9616,5.93,5.955,123140.0,318.0,5.95157
BB,2026-05-07 18:00:00+00:00,5.9568,5.96,5.945,5.955,160293.0,332.0,5.951749
BB,2026-05-07 18:05:00+00:00,5.96,5.99,5.955,5.985,184861.0,437.0,5.966652
BB,2026-05-07 18:10:00+00:00,5.985,6.01,5.96,5.97,498637.0,709.0,5.990298
BB,2026-05-07 18:15:00+00:00,5.975,5.9987,5.97,5.99,164388.0,368.0,5.983148
BB,2026-05-07 18:20:00+00:00,5.995,6.0,5.975,5.9801,97698.0,289.0,5.987565
BB,2026-05-07 18:25:00+00:00,5.985,5.99,5.965,5.975,131735.0,260.0,5.979403
BB,2026-05-07 18:30:00+00:00,5.975,6.04,5.975,6.035,266668.0,484.0,6.020796
BB,2026-05-07 18:35:00+00:00,6.035,6.05,6.015,6.05,196134.0,313.0,6.032302
BB,2026-05-07 18:40:00+00:00,6.05,6.05,5.985,5.985,319884.0,333.0,6.009693
BB,2026-05-07 18:45:00+00:00,5.9896,6.0,5.975,5.985,337970.0,287.0,5.983135
BB,2026-05-07 18:50:00+00:00,5.98,5.985,5.96,5.96,158941.0,269.0,5.976272
BB,2026-05-07 18:55:00+00:00,5.9602,5.97,5.941,5.955,338487.0,537.0,5.957694
BB,2026-05-07 19:00:00+00:00,5.9564,5.96,5.94,5.95,114369.0,203.0,5.948639
BB,2026-05-07 19:05:00+00:00,5.95,5.9581,5.94,5.945,160062.0,409.0,5.94976
BB,2026-05-07 19:10:00+00:00,5.95,5.955,5.94,5.945,91317.0,301.0,5.948774
BB,2026-05-07 19:15:00+00:00,5.9411,5.96,5.94,5.9401,125408.0,273.0,5.94907
BB,2026-05-07 19:20:00+00:00,5.945,5.9599,5.93,5.94,213870.0,458.0,5.939684
BB,2026-05-07 19:25:00+00:00,5.945,6.03,5.945,6.03,1263774.0,1613.0,6.003931
BB,2026-05-07 19:30:00+00:00,6.03,6.05,6.02,6.038,569902.0,896.0,6.032013
BB,2026-05-07 19:35:00+00:00,6.035,6.08,6.0322,6.07,371474.0,623.0,6.065824
BB,2026-05-07 19:40:00+00:00,6.07,6.08,6.06,6.07,274629.0,638.0,6.068035
BB,2026-05-07 19:45:00+00:00,6.07,6.08,6.055,6.065,203388.0,582.0,6.064862
BB,2026-05-07 19:50:00+00:00,6.065,6.08,6.055,6.08,412540.0,1213.0,6.062795
BB,2026-05-07 19:55:00+00:00,6.075,6.1,6.07,6.1,846183.0,2024.0,6.091347
BB,2026-05-07 20:00:00+00:00,6.1,6.1,6.02,6.07,570537.0,53.0,6.099079
BB,2026-05-07 20:05:00+00:00,6.07,6.07,6.02,6.07,18050.0,32.0,6.069721
BB,2026-05-07 20:10:00+00:00,6.07,6.07,6.0505,6.0526,2589.0,16.0,6.055499
BB,2026-05-07 20:15:00+00:00,6.05,6.07,6.05,6.0699,4565.0,5.0,6.066319
BB,2026-05-07 20:20:00+00:00,6.07,6.07,6.07,6.07,101.0,2.0,6.07
BB,2026-05-07 20:30:00+00:00,6.0999,6.0999,6.08,6.0803,22364.0,14.0,6.097907
BB,2026-05-07 20:35:00+00:00,6.0999,6.0999,6.087,6.087,5799.0,4.0,6.096487
BB,2026-05-07 20:40:00+00:00,6.087,6.0957,6.02,6.0375,38460.0,62.0,6.054592
BB,2026-05-07 20:45:00+00:00,6.0212,6.07,6.0212,6.07,6880.0,5.0,6.023569
BB,2026-05-07 20:50:00+00:00,6.034,6.06,6.034,6.06,24671.0,16.0,6.04076
BB,2026-05-07 20:55:00+00:00,6.0505,6.1,6.0505,6.08,1361.0,6.0,6.07326
BB,2026-05-07 21:00:00+00:00,6.03,6.08,6.02,6.08,1081.0,9.0,6.031284
BB,2026-05-07 21:05:00+00:00,6.03,6.03,6.03,6.03,501.0,2.0,6.03
BB,2026-05-07 21:10:00+00:00,6.07,6.07,6.02,6.0424,2232.0,13.0,6.043712
BB,2026-05-07 21:15:00+00:00,6.06,6.07,6.06,6.07,277.0,5.0,6.06463
BB,2026-05-07 21:20:00+00:00,6.0237,6.07,6.0081,6.0081,1853.0,15.0,6.046412
BB,2026-05-07 21:25:00+00:00,6.03,6.08,6.01,6.0153,1980.0,23.0,6.023505
BB,2026-05-07 21:30:00+00:00,6.02,6.02,6.02,6.02,1005.0,4.0,6.02
BB,2026-05-07 21:35:00+00:00,6.05,6.05,6.0103,6.0103,5503.0,27.0,6.021319
BB,2026-05-07 21:40:00+00:00,6.01,6.02,6.01,6.02,1445.0,5.0,6.016429
BB,2026-05-07 21:45:00+00:00,6.02,6.02,6.01,6.01,1098.0,8.0,6.011722
BB,2026-05-07 21:50:00+00:00,6.01,6.01,6.0,6.0,2245.0,4.0,6.001363
BB,2026-05-07 21:55:00+00:00,6.01,6.0113,6.0071,6.0113,1363.0,9.0,6.007745
BB,2026-05-07 22:05:00+00:00,6.0137,6.0137,6.01,6.01,2000.0,2.0,6.01185
BB,2026-05-07 22:10:00+00:00,6.02,6.02,6.01,6.01,1954.0,6.0,6.013684
BB,2026-05-07 22:15:00+00:00,6.01,6.0187,6.01,6.0187,2487.0,9.0,6.01076
BB,2026-05-07 22:20:00+00:00,6.02,6.02,6.01,6.0174,21012.0,13.0,6.017641
BB,2026-05-07 22:25:00+00:00,6.01,6.02,6.01,6.02,11843.0,18.0,6.019148
BB,2026-05-07 22:30:00+00:00,6.02,6.09,6.02,6.09,2101.0,6.0,6.028095
BB,2026-05-07 22:35:00+00:00,6.06,6.0606,6.06,6.0606,1100.0,2.0,6.060055
BB,2026-05-07 22:40:00+00:00,6.06,6.07,6.02,6.02,3714.0,7.0,6.059427
BB,2026-05-07 22:45:00+00:00,6.0216,6.0216,6.02,6.02,2901.0,6.0,6.020386
BB,2026-05-07 22:50:00+00:00,6.0252,6.0252,6.0252,6.0252,510.0,3.0,6.0252
BB,2026-05-07 22:55:00+00:00,6.02,6.02,6.02,6.02,477.0,3.0,6.02
BB,2026-05-07 23:00:00+00:00,6.07,6.07,6.07,6.07,300.0,2.0,6.07
BB,2026-05-07 23:05:00+00:00,6.03,6.03,6.02,6.0299,2452.0,9.0,6.026935
BB,2026-05-07 23:10:00+00:00,6.02,6.02,6.02,6.02,482.0,2.0,6.02
BB,2026-05-07 23:15:00+00:00,6.08,6.08,6.08,6.08,1366.0,1.0,6.08
BB,2026-05-07 23:25:00+00:00,6.06,6.06,6.06,6.06,151.0,3.0,6.06
BB,2026-05-07 23:30:00+00:00,6.03,6.03,6.03,6.03,400.0,4.0,6.03
BB,2026-05-07 23:35:00+00:00,6.03,6.05,6.03,6.03,2845.0,7.0,6.030803
BB,2026-05-07 23:40:00+00:00,6.03,6.03,6.01,6.01,6309.0,11.0,6.028052
BB,2026-05-07 23:45:00+00:00,6.0,6.04,6.0,6.01,1300.0,4.0,6.032308
BB,2026-05-07 23:50:00+00:00,6.01,6.0709,6.01,6.01,409.0,5.0,6.04045
BB,2026-05-07 23:55:00+00:00,6.01,6.01,6.01,6.01,205.0,3.0,6.01
BB,2026-05-08 08:00:00+00:00,6.08,6.14,6.08,6.12,22974.0,73.0,6.127026
BB,2026-05-08 08:05:00+00:00,6.12,6.14,6.12,6.14,1297.0,26.0,6.130163
BB,2026-05-08 08:10:00+00:00,6.14,6.14,6.14,6.14,2000.0,1.0,6.14
BB,2026-05-08 08:25:00+00:00,6.1395,6.14,6.1395,6.14,787.0,3.0,6.13975
BB,2026-05-08 08:30:00+00:00,6.13,6.13,6.09,6.09,4272.0,14.0,6.10853
BB,2026-05-08 08:35:00+00:00,6.09,6.09,6.0803,6.0803,218.0,2.0,6.08515
BB,2026-05-08 08:40:00+00:00,6.1,6.1,6.1,6.1,1160.0,5.0,6.1
BB,2026-05-08 08:50:00+00:00,6.11,6.11,6.11,6.11,1225.0,3.0,6.11
BB,2026-05-08 08:55:00+00:00,6.14,6.14,6.101,6.101,5443.0,3.0,6.102213
BB,2026-05-08 09:00:00+00:00,6.1,6.12,6.1,6.12,1250.0,5.0,6.102031
BB,2026-05-08 09:05:00+00:00,6.14,6.14,6.14,6.14,2000.0,1.0,6.14
BB,2026-05-08 09:10:00+00:00,6.11,6.13,6.1,6.1,1909.0,11.0,6.121645
BB,2026-05-08 09:25:00+00:00,6.12,6.12,6.12,6.12,800.0,1.0,6.12
BB,2026-05-08 09:30:00+00:00,6.11,6.11,6.11,6.11,1000.0,1.0,6.11
BB,2026-05-08 09:40:00+00:00,6.1,6.1,6.1,6.1,448.0,7.0,6.1
BB,2026-05-08 09:50:00+00:00,6.11,6.11,6.08,6.08,2061.0,5.0,6.095
BB,2026-05-08 10:00:00+00:00,6.08,6.08,6.08,6.08,1000.0,1.0,6.08
BB,2026-05-08 10:05:00+00:00,6.1,6.1,6.09,6.09,1466.0,2.0,6.090682
BB,2026-05-08 10:10:00+00:00,6.1,6.1,6.1,6.1,231.0,4.0,6.1
BB,2026-05-08 10:20:00+00:00,6.1094,6.1094,6.1,6.1,2465.0,3.0,6.108637
BB,2026-05-08 10:30:00+00:00,6.095,6.0999,6.09,6.0999,21809.0,12.0,6.099423
BB,2026-05-08 10:35:00+00:00,6.09,6.0994,6.08,6.09,3333.0,6.0,6.094881
BB,2026-05-08 10:40:00+00:00,6.09,6.09,6.09,6.09,600.0,1.0,6.09
BB,2026-05-08 10:45:00+00:00,6.1,6.1,6.099,6.099,933.0,3.0,6.099792
BB,2026-05-08 10:50:00+00:00,6.09,6.1,6.09,6.09,942.0,7.0,6.092341
BB,2026-05-08 11:00:00+00:00,6.09,6.15,6.09,6.1,22996.0,74.0,6.12256
BB,2026-05-08 11:05:00+00:00,6.1,6.133,6.1,6.13,6365.0,12.0,6.102662
BB,2026-05-08 11:10:00+00:00,6.1374,6.1499,6.13,6.1486,3307.0,14.0,6.138626
BB,2026-05-08 11:15:00+00:00,6.1225,6.1225,6.09,6.09,10327.0,15.0,6.106502
BB,2026-05-08 11:20:00+00:00,6.08,6.08,6.08,6.08,100.0,1.0,6.08
BB,2026-05-08 11:25:00+00:00,6.1,6.1363,6.099,6.1363,626.0,9.0,6.111476
BB,2026-05-08 11:30:00+00:00,6.14,6.14,6.11,6.14,3141.0,9.0,6.139003
BB,2026-05-08 11:35:00+00:00,6.1367,6.1367,6.08,6.13,3100.0,4.0,6.107539
BB,2026-05-08 11:40:00+00:00,6.11,6.11,6.11,6.11,275.0,2.0,6.11
BB,2026-05-08 11:45:00+00:00,6.11,6.12,6.11,6.1197,932.0,8.0,6.11735
BB,2026-05-08 11:50:00+00:00,6.11,6.11,6.11,6.11,2547.0,7.0,6.11
BB,2026-05-08 11:55:00+00:00,6.13,6.13,6.1,6.1,4354.0,16.0,6.1135
BB,2026-05-08 12:00:00+00:00,6.1,6.12,6.095,6.1,124406.0,86.0,6.101229
BB,2026-05-08 12:05:00+00:00,6.1,6.11,6.09,6.1,45162.0,78.0,6.098842
BB,2026-05-08 12:10:00+00:00,6.1,6.1,6.0895,6.1,5233.0,48.0,6.09706
BB,2026-05-08 12:15:00+00:00,6.1,6.1,6.08,6.09,9532.0,31.0,6.082453
BB,2026-05-08 12:20:00+00:00,6.09,6.09,6.08,6.09,5540.0,13.0,6.083694
BB,2026-05-08 12:25:00+00:00,6.09,6.1,6.0895,6.1,10842.0,43.0,6.094501
BB,2026-05-08 12:30:00+00:00,6.09,6.16,6.09,6.15,49056.0,124.0,6.118047
BB,2026-05-08 12:35:00+00:00,6.16,6.18,6.15,6.16,8952.0,35.0,6.16452
BB,2026-05-08 12:40:00+00:00,6.15,6.1503,6.15,6.15,7035.0,27.0,6.150008
BB,2026-05-08 12:45:00+00:00,6.15,6.19,6.15,6.18,10331.0,45.0,6.163763
BB,2026-05-08 12:50:00+00:00,6.17,6.2,6.15,6.16,28935.0,61.0,6.180984
BB,2026-05-08 12:55:00+00:00,6.16,6.1691,6.14,6.16,2421.0,12.0,6.148144
BB,2026-05-08 13:00:00+00:00,6.1505,6.19,6.1505,6.18,10873.0,14.0,6.177885
BB,2026-05-08 13:05:00+00:00,6.1761,6.22,6.165,6.21,74354.0,278.0,6.195829
BB,2026-05-08 13:10:00+00:00,6.23,6.29,6.2,6.2195,29721.0,217.0,6.245796
BB,2026-05-08 13:15:00+00:00,6.22,6.3,6.2011,6.28,102000.0,425.0,6.262952
BB,2026-05-08 13:20:00+00:00,6.25,6.31,6.25,6.27,107885.0,330.0,6.288326
BB,2026-05-08 13:25:00+00:00,6.26,6.3,6.25,6.3,47282.0,114.0,6.276577
BB,2026-05-08 13:30:00+00:00,6.25,6.61,6.25,6.425,3169106.0,5913.0,6.453648
BB,2026-05-08 13:35:00+00:00,6.425,6.45,6.33,6.405,1220803.0,2432.0,6.380917
BB,2026-05-08 13:40:00+00:00,6.4043,6.49,6.34,6.35,1743461.0,3364.0,6.428521
BB,2026-05-08 13:45:00+00:00,6.34,6.365,6.26,6.2801,955886.0,1935.0,6.315175
BB,2026-05-08 13:50:00+00:00,6.285,6.29,6.135,6.135,1107662.0,2059.0,6.214511
BB,2026-05-08 13:55:00+00:00,6.135,6.1999,6.1199,6.1801,580864.0,1487.0,6.163281
BB,2026-05-08 14:00:00+00:00,6.1899,6.27,6.185,6.205,506716.0,1279.0,6.228054
BB,2026-05-08 14:05:00+00:00,6.21,6.25,6.19,6.2281,359403.0,994.0,6.214481
BB,2026-05-08 14:10:00+00:00,6.22,6.2799,6.21,6.235,331503.0,1097.0,6.246616
BB,2026-05-08 14:15:00+00:00,6.235,6.295,6.15,6.155,592415.0,1558.0,6.231715
BB,2026-05-08 14:20:00+00:00,6.155,6.17,6.1216,6.145,743184.0,1386.0,6.145712
BB,2026-05-08 14:25:00+00:00,6.14,6.175,6.1,6.145,527837.0,1336.0,6.136123
BB,2026-05-08 14:30:00+00:00,6.14,6.2094,6.08,6.2094,890714.0,1732.0,6.13173
BB,2026-05-08 14:35:00+00:00,6.205,6.2063,6.17,6.18,267827.0,673.0,6.184886
BB,2026-05-08 14:40:00+00:00,6.185,6.19,6.165,6.19,260536.0,649.0,6.180559
BB,2026-05-08 14:45:00+00:00,6.185,6.23,6.1839,6.225,355300.0,738.0,6.202442
BB,2026-05-08 14:50:00+00:00,6.225,6.24,6.215,6.235,368556.0,761.0,6.227137
BB,2026-05-08 14:55:00+00:00,6.235,6.25,6.205,6.21,316558.0,718.0,6.233528
BB,2026-05-08 15:00:00+00:00,6.215,6.24,6.215,6.225,227024.0,523.0,6.224393
BB,2026-05-08 15:05:00+00:00,6.2263,6.25,6.195,6.225,420272.0,827.0,6.223891
BB,2026-05-08 15:10:00+00:00,6.22,6.245,6.215,6.2289,529597.0,1071.0,6.230312
BB,2026-05-08 15:15:00+00:00,6.225,6.25,6.18,6.215,807018.0,1321.0,6.221303
BB,2026-05-08 15:20:00+00:00,6.215,6.215,6.2,6.205,216354.0,411.0,6.207986
BB,2026-05-08 15:25:00+00:00,6.205,6.24,6.2,6.2156,319225.0,633.0,6.218525
BB,2026-05-08 15:30:00+00:00,6.219,6.24,6.205,6.225,270376.0,628.0,6.226801
BB,2026-05-08 15:35:00+00:00,6.22,6.245,6.21,6.2162,347062.0,724.0,6.229288
BB,2026-05-08 15:40:00+00:00,6.215,6.245,6.21,6.235,270990.0,708.0,6.232588
BB,2026-05-08 15:45:00+00:00,6.235,6.255,6.21,6.21,471676.0,875.0,6.23763
BB,2026-05-08 15:50:00+00:00,6.21,6.22,6.19,6.205,248476.0,453.0,6.201049
BB,2026-05-08 15:55:00+00:00,6.205,6.225,6.1911,6.205,173895.0,452.0,6.205642
BB,2026-05-08 16:00:00+00:00,6.205,6.22,6.1875,6.205,312801.0,575.0,6.201773
BB,2026-05-08 16:05:00+00:00,6.205,6.235,6.1707,6.21,627078.0,1056.0,6.208877
BB,2026-05-08 16:10:00+00:00,6.21,6.29,6.21,6.255,1031006.0,1261.0,6.25736
BB,2026-05-08 16:15:00+00:00,6.255,6.27,6.23,6.235,370659.0,636.0,6.252495
BB,2026-05-08 16:20:00+00:00,6.235,6.36,6.23,6.335,448986.0,812.0,6.308865
BB,2026-05-08 16:25:00+00:00,6.335,6.37,6.31,6.36,642771.0,882.0,6.337225
BB,2026-05-08 16:30:00+00:00,6.355,6.375,6.35,6.36,365059.0,519.0,6.362846
BB,2026-05-08 16:35:00+00:00,6.3582,6.3799,6.3401,6.3703,618804.0,695.0,6.357822
BB,2026-05-08 16:40:00+00:00,6.375,6.415,6.36,6.41,401639.0,550.0,6.386827
BB,2026-05-08 16:45:00+00:00,6.4189,6.49,6.381,6.381,1171384.0,1516.0,6.447996
BB,2026-05-08 16:50:00+00:00,6.384,6.42,6.384,6.4004,281249.0,508.0,6.406404
BB,2026-05-08 16:55:00+00:00,6.41,6.46,6.405,6.4456,574489.0,667.0,6.443077
BB,2026-05-08 17:00:00+00:00,6.45,6.46,6.43,6.46,361830.0,556.0,6.444865
BB,2026-05-08 17:05:00+00:00,6.459,6.4875,6.43,6.47,502233.0,675.0,6.449034
BB,2026-05-08 17:10:00+00:00,6.47,6.47,6.36,6.375,794621.0,784.0,6.407595
BB,2026-05-08 17:15:00+00:00,6.375,6.4,6.36,6.39,306093.0,509.0,6.380752
BB,2026-05-08 17:20:00+00:00,6.395,6.42,6.39,6.42,270957.0,419.0,6.406554
BB,2026-05-08 17:25:00+00:00,6.415,6.458,6.415,6.435,323696.0,687.0,6.433465
BB,2026-05-08 17:30:00+00:00,6.44,6.48,6.43,6.4778,376036.0,691.0,6.449041
BB,2026-05-08 17:35:00+00:00,6.475,6.48,6.38,6.395,384108.0,724.0,6.436736
BB,2026-05-08 17:40:00+00:00,6.39,6.435,6.39,6.42,265977.0,441.0,6.413774
BB,2026-05-08 17:45:00+00:00,6.42,6.4458,6.41,6.435,296122.0,528.0,6.429831
BB,2026-05-08 17:50:00+00:00,6.435,6.44,6.42,6.4301,212335.0,497.0,6.432917
BB,2026-05-08 17:55:00+00:00,6.435,6.44,6.405,6.415,286893.0,593.0,6.42569
BB,2026-05-08 18:00:00+00:00,6.4101,6.465,6.41,6.44,328671.0,598.0,6.442575
BB,2026-05-08 18:05:00+00:00,6.44,6.46,6.43,6.45,300439.0,530.0,6.444759
BB,2026-05-08 18:10:00+00:00,6.4599,6.47,6.44,6.45,188516.0,420.0,6.456277
BB,2026-05-08 18:15:00+00:00,6.445,6.4775,6.445,6.47,288272.0,546.0,6.462098
BB,2026-05-08 18:20:00+00:00,6.475,6.48,6.44,6.455,224214.0,523.0,6.463072
BB,2026-05-08 18:25:00+00:00,6.4583,6.49,6.44,6.46,344496.0,532.0,6.467238
BB,2026-05-08 18:30:00+00:00,6.465,6.4695,6.44,6.445,219178.0,406.0,6.448913
BB,2026-05-08 18:35:00+00:00,6.445,6.45,6.405,6.415,158742.0,510.0,6.430376
BB,2026-05-08 18:40:00+00:00,6.4125,6.43,6.4,6.4001,209197.0,534.0,6.415983
BB,2026-05-08 18:45:00+00:00,6.405,6.42,6.38,6.39,152985.0,505.0,6.401382
BB,2026-05-08 18:50:00+00:00,6.395,6.405,6.38,6.38,90966.0,290.0,6.396002
BB,2026-05-08 18:55:00+00:00,6.38,6.4097,6.3703,6.385,241721.0,703.0,6.386741
BB,2026-05-08 19:00:00+00:00,6.385,6.41,6.38,6.385,207753.0,497.0,6.391764
BB,2026-05-08 19:05:00+00:00,6.385,6.4,6.38,6.395,253295.0,516.0,6.389538
BB,2026-05-08 19:10:00+00:00,6.395,6.42,6.395,6.4108,370137.0,682.0,6.408965
BB,2026-05-08 19:15:00+00:00,6.415,6.44,6.41,6.415,363136.0,785.0,6.425357
BB,2026-05-08 19:20:00+00:00,6.41,6.42,6.375,6.395,287720.0,638.0,6.394191
BB,2026-05-08 19:25:00+00:00,6.4,6.41,6.37,6.3742,164689.0,503.0,6.395634
BB,2026-05-08 19:30:00+00:00,6.375,6.435,6.37,6.4201,462681.0,994.0,6.397601
BB,2026-05-08 19:35:00+00:00,6.429,6.455,6.425,6.45,406792.0,1017.0,6.440333
BB,2026-05-08 19:40:00+00:00,6.445,6.445,6.43,6.4301,265679.0,694.0,6.43532
BB,2026-05-08 19:45:00+00:00,6.435,6.4499,6.42,6.4291,562877.0,1301.0,6.433407
BB,2026-05-08 19:50:00+00:00,6.425,6.47,6.42,6.465,1271855.0,2467.0,6.443117
BB,2026-05-08 19:55:00+00:00,6.465,6.48,6.37,6.38,4482622.0,8154.0,6.425102
BB,2026-05-08 20:00:00+00:00,6.37,6.42,6.35,6.4,13729909.0,40.0,6.370009
BB,2026-05-08 20:05:00+00:00,6.38,6.42,6.38,6.38,6937.0,31.0,6.391785
BB,2026-05-08 20:10:00+00:00,6.42,6.44,6.4009,6.44,1533.0,21.0,6.420841
BB,2026-05-08 20:15:00+00:00,6.44,6.44,6.42,6.44,3807.0,18.0,6.433005
BB,2026-05-08 20:20:00+00:00,6.43,6.44,6.42,6.4299,4911.0,20.0,6.432858
BB,2026-05-08 20:25:00+00:00,6.43,6.43,6.42,6.42,1966.0,14.0,6.422174
BB,2026-05-08 20:30:00+00:00,6.43,6.43,6.42,6.43,2407.0,9.0,6.421774
BB,2026-05-08 20:35:00+00:00,6.42,6.42,6.42,6.42,400.0,2.0,6.42
BB,2026-05-08 20:40:00+00:00,6.43,6.43,6.43,6.43,909.0,5.0,6.43
BB,2026-05-08 20:45:00+00:00,6.42,6.43,6.42,6.425,1461.0,13.0,6.424192
BB,2026-05-08 20:50:00+00:00,6.4201,6.43,6.4201,6.4297,2962.0,6.0,6.42952
BB,2026-05-08 20:55:00+00:00,6.4269,6.4269,6.42,6.4205,3125.0,17.0,6.422467
BB,2026-05-08 21:00:00+00:00,6.4298,6.43,6.4298,6.4299,3125.0,14.0,6.429978
BB,2026-05-08 21:05:00+00:00,6.43,6.43,6.4299,6.4299,1002.0,4.0,6.42995
BB,2026-05-08 21:10:00+00:00,6.42,6.4298,6.42,6.4203,1590.0,14.0,6.420676
BB,2026-05-08 21:20:00+00:00,6.42,6.43,6.42,6.42,736.0,6.0,6.421549
BB,2026-05-08 21:25:00+00:00,6.41,6.5,6.39,6.4,270833.0,327.0,6.474878
BB,2026-05-08 21:30:00+00:00,6.4,6.477,6.38,6.4,41669.0,574.0,6.403552
BB,2026-05-08 21:35:00+00:00,6.42,6.44,6.41,6.4105,4125.0,15.0,6.427896
BB,2026-05-08 21:40:00+00:00,6.4152,6.45,6.41,6.45,2242.0,6.0,6.442055
BB,2026-05-08 21:45:00+00:00,6.45,6.45,6.43,6.43,895.0,12.0,6.447118
BB,2026-05-08 21:55:00+00:00,6.41,6.41,6.41,6.41,123.0,2.0,6.41
BB,2026-05-08 22:00:00+00:00,6.4118,6.49,6.4118,6.49,1210.0,5.0,6.4716
BB,2026-05-08 22:05:00+00:00,6.46,6.48,6.4514,6.4514,1863.0,12.0,6.465741
BB,2026-05-08 22:10:00+00:00,6.45,6.48,6.45,6.4774,2408.0,6.0,6.467659
BB,2026-05-08 22:15:00+00:00,6.46,6.46,6.44,6.44,1143.0,9.0,6.451512
BB,2026-05-08 22:20:00+00:00,6.4799,6.4799,6.4799,6.4799,10000.0,1.0,6.4799
BB,2026-05-08 22:25:00+00:00,6.479,6.479,6.44,6.47,2360.0,13.0,6.460521
BB,2026-05-08 22:30:00+00:00,6.46,6.47,6.46,6.47,3837.0,6.0,6.461884
BB,2026-05-08 22:35:00+00:00,6.46,6.46,6.34,6.35,17779.0,157.0,6.388612
BB,2026-05-08 22:40:00+00:00,6.37,6.43,6.32,6.32,29648.0,439.0,6.369887
BB,2026-05-08 22:45:00+00:00,6.33,6.39,6.33,6.39,1154.0,7.0,6.361335
BB,2026-05-08 22:55:00+00:00,6.42,6.459,6.42,6.459,25001.0,12.0,6.441481
BB,2026-05-08 23:00:00+00:00,6.46,6.48,6.46,6.48,825.0,13.0,6.466395
BB,2026-05-08 23:05:00+00:00,6.44,6.44,6.43,6.44,4002.0,4.0,6.438
BB,2026-05-08 23:10:00+00:00,6.43,6.44,6.42,6.44,700.0,5.0,6.42436
BB,2026-05-08 23:15:00+00:00,6.42,6.4595,6.42,6.42,3142.0,11.0,6.455023
BB,2026-05-08 23:20:00+00:00,6.46,6.46,6.46,6.46,200.0,1.0,6.46
BB,2026-05-08 23:25:00+00:00,6.45,6.45,6.45,6.45,433.0,5.0,6.45
BB,2026-05-08 23:30:00+00:00,6.45,6.4602,6.45,6.4602,3328.0,12.0,6.459263
BB,2026-05-08 23:35:00+00:00,6.47,6.47,6.46,6.47,4008.0,21.0,6.463928
BB,2026-05-08 23:40:00+00:00,6.46,6.47,6.46,6.47,500.0,3.0,6.465833
BB,2026-05-08 23:45:00+00:00,6.4698,6.4698,6.46,6.46,1320.0,8.0,6.464033
BB,2026-05-08 23:50:00+00:00,6.46,6.465,6.4217,6.4217,7604.0,24.0,6.454936
BB,2026-05-08 23:55:00+00:00,6.42,6.46,6.42,6.4586,1952.0,14.0,6.428492
BB,2026-05-11 08:00:00+00:00,6.42,6.5,6.38,6.46,54784.0,217.0,6.446318
BB,2026-05-11 08:05:00+00:00,6.47,6.5,6.41,6.46,15704.0,38.0,6.486575
BB,2026-05-11 08:10:00+00:00,6.46,6.46,6.42,6.42,4648.0,14.0,6.449188
BB,2026-05-11 08:15:00+00:00,6.44,6.44,6.431,6.431,1681.0,15.0,6.439283
BB,2026-05-11 08:20:00+00:00,6.43,6.45,6.43,6.45,51522.0,27.0,6.448866
BB,2026-05-11 08:25:00+00:00,6.46,6.49,6.46,6.48,2823.0,12.0,6.484658
BB,2026-05-11 08:30:00+00:00,6.49,6.49,6.49,6.49,1750.0,5.0,6.49
BB,2026-05-11 08:35:00+00:00,6.49,6.49,6.43,6.4396,66962.0,96.0,6.443637
BB,2026-05-11 08:40:00+00:00,6.435,6.44,6.43,6.44,6572.0,16.0,6.436315
BB,2026-05-11 08:50:00+00:00,6.44,6.44,6.421,6.421,531.0,2.0,6.435313
BB,2026-05-11 08:55:00+00:00,6.44,6.45,6.44,6.45,129925.0,9.0,6.440011
BB,2026-05-11 09:00:00+00:00,6.45,6.45,6.45,6.45,505.0,2.0,6.45
BB,2026-05-11 09:05:00+00:00,6.45,6.45,6.45,6.45,160.0,1.0,6.45
BB,2026-05-11 09:10:00+00:00,6.45,6.45,6.45,6.45,1686.0,3.0,6.45
BB,2026-05-11 09:15:00+00:00,6.46,6.49,6.44,6.49,3609.0,11.0,6.457239
BB,2026-05-11 09:20:00+00:00,6.48,6.4944,6.48,6.4845,476.0,5.0,6.489
BB,2026-05-11 09:25:00+00:00,6.49,6.49,6.48,6.49,1319.0,7.0,6.481538
BB,2026-05-11 09:30:00+00:00,6.49,6.49,6.49,6.49,326.0,10.0,6.49
BB,2026-05-11 09:35:00+00:00,6.47,6.489,6.46,6.46,4843.0,23.0,6.466902
BB,2026-05-11 09:40:00+00:00,6.47,6.47,6.46,6.46,8675.0,14.0,6.469882
BB,2026-05-11 09:45:00+00:00,6.47,6.47,6.45,6.45,1866.0,9.0,6.455882
BB,2026-05-11 09:55:00+00:00,6.46,6.47,6.44,6.44,30264.0,27.0,6.451582
BB,2026-05-11 10:10:00+00:00,6.48,6.48,6.4687,6.4687,1130.0,18.0,6.470828
BB,2026-05-11 10:15:00+00:00,6.47,6.47,6.4687,6.4691,1252.0,5.0,6.469817
BB,2026-05-11 10:20:00+00:00,6.47,6.47,6.47,6.47,896.0,2.0,6.47
BB,2026-05-11 10:30:00+00:00,6.46,6.46,6.445,6.45,5808.0,31.0,6.452376
BB,2026-05-11 10:35:00+00:00,6.46,6.46,6.46,6.46,2003.0,12.0,6.46
BB,2026-05-11 10:40:00+00:00,6.45,6.45,6.45,6.45,1000.0,2.0,6.45
BB,2026-05-11 10:50:00+00:00,6.45,6.45,6.45,6.45,370.0,5.0,6.45
BB,2026-05-11 10:55:00+00:00,6.44,6.44,6.44,6.44,7258.0,9.0,6.44
BB,2026-05-11 11:00:00+00:00,6.435,6.45,6.38,6.45,43401.0,130.0,6.423447
BB,2026-05-11 11:05:00+00:00,6.4068,6.45,6.4068,6.44,9758.0,32.0,6.43422
BB,2026-05-11 11:10:00+00:00,6.4395,6.45,6.42,6.4494,133486.0,62.0,6.441573
BB,2026-05-11 11:15:00+00:00,6.44,6.47,6.44,6.46,6110.0,47.0,6.453592
BB,2026-05-11 11:20:00+00:00,6.445,6.45,6.44,6.4495,4383.0,26.0,6.447865
BB,2026-05-11 11:25:00+00:00,6.4587,6.48,6.45,6.47,11717.0,41.0,6.470213
BB,2026-05-11 11:30:00+00:00,6.49,6.49,6.45,6.48,7996.0,33.0,6.480808
BB,2026-05-11 11:35:00+00:00,6.49,6.5,6.47,6.5,5706.0,56.0,6.482496
BB,2026-05-11 11:40:00+00:00,6.48,6.5,6.48,6.4999,8694.0,44.0,6.499026
BB,2026-05-11 11:45:00+00:00,6.54,6.55,6.53,6.53,51134.0,64.0,6.5407
BB,2026-05-11 11:50:00+00:00,6.54,6.55,6.52,6.55,8356.0,27.0,6.541241
BB,2026-05-11 11:55:00+00:00,6.55,6.55,6.49,6.51,159415.0,90.0,6.500757
BB,2026-05-11 12:00:00+00:00,6.52,6.542,6.49,6.5,46361.0,49.0,6.504079
BB,2026-05-11 12:05:00+00:00,6.5,6.55,6.5,6.5484,67038.0,21.0,6.505434
BB,2026-05-11 12:10:00+00:00,6.53,6.5486,6.53,6.53,6083.0,45.0,6.53886
BB,2026-05-11 12:15:00+00:00,6.5297,6.53,6.52,6.52,12000.0,29.0,6.528538
BB,2026-05-11 12:20:00+00:00,6.525,6.53,6.5,6.53,6499.0,53.0,6.520272
BB,2026-05-11 12:25:00+00:00,6.52,6.52,6.5053,6.51,4020.0,19.0,6.510883
BB,2026-05-11 12:30:00+00:00,6.5003,6.52,6.47,6.51,38934.0,200.0,6.493955
BB,2026-05-11 12:35:00+00:00,6.5149,6.5149,6.5,6.5,1897.0,14.0,6.506869
BB,2026-05-11 12:40:00+00:00,6.5001,6.51,6.5,6.5035,43325.0,22.0,6.505883
BB,2026-05-11 12:45:00+00:00,6.52,6.52,6.5,6.5001,7550.0,31.0,6.513036
BB,2026-05-11 12:50:00+00:00,6.5,6.5199,6.49,6.5186,23236.0,39.0,6.512056
BB,2026-05-11 12:55:00+00:00,6.52,6.52,6.5,6.5191,34542.0,65.0,6.500987
BB,2026-05-11 13:00:00+00:00,6.5,6.51,6.5,6.51,12542.0,49.0,6.507518
BB,2026-05-11 13:05:00+00:00,6.5095,6.52,6.49,6.5097,8254.0,54.0,6.505526
BB,2026-05-11 13:10:00+00:00,6.5,6.51,6.4411,6.48,74715.0,140.0,6.48247
BB,2026-05-11 13:15:00+00:00,6.455,6.4897,6.455,6.4789,36189.0,53.0,6.460631
BB,2026-05-11 13:20:00+00:00,6.4799,6.4799,6.395,6.468,105984.0,557.0,6.42432
BB,2026-05-11 13:25:00+00:00,6.44,6.49,6.4,6.4,20651.0,89.0,6.42386
BB,2026-05-11 13:30:00+00:00,6.42,6.5,6.29,6.4788,1805454.0,3576.0,6.409389
BB,2026-05-11 13:35:00+00:00,6.475,6.51,6.41,6.485,788506.0,1780.0,6.469949
BB,2026-05-11 13:40:00+00:00,6.485,6.52,6.37,6.4,977628.0,2025.0,6.426858
BB,2026-05-11 13:45:00+00:00,6.405,6.41,6.3,6.35,712426.0,1594.0,6.338475
BB,2026-05-11 13:50:00+00:00,6.35,6.38,6.325,6.375,274069.0,913.0,6.356951
BB,2026-05-11 13:55:00+00:00,6.375,6.38,6.315,6.345,391864.0,899.0,6.34195
BB,2026-05-11 14:00:00+00:00,6.34,6.37,6.325,6.335,262518.0,781.0,6.350473
BB,2026-05-11 14:05:00+00:00,6.335,6.355,6.32,6.3365,158775.0,588.0,6.334615
BB,2026-05-11 14:10:00+00:00,6.335,6.38,6.33,6.375,200046.0,657.0,6.346477
BB,2026-05-11 14:15:00+00:00,6.38,6.4,6.365,6.375,187570.0,614.0,6.38322
BB,2026-05-11 14:20:00+00:00,6.3792,6.44,6.375,6.4289,358049.0,808.0,6.415526
BB,2026-05-11 14:25:00+00:00,6.4277,6.4285,6.365,6.375,399416.0,809.0,6.388875
BB,2026-05-11 14:30:00+00:00,6.375,6.405,6.3,6.335,921726.0,1289.0,6.357196
BB,2026-05-11 14:35:00+00:00,6.335,6.35,6.3101,6.3451,167602.0,502.0,6.329943
BB,2026-05-11 14:40:00+00:00,6.345,6.355,6.3,6.31,191531.0,523.0,6.32691
BB,2026-05-11 14:45:00+00:00,6.31,6.345,6.28,6.3103,448598.0,769.0,6.309941
BB,2026-05-11 14:50:00+00:00,6.31,6.31,6.27,6.275,96929.0,380.0,6.288845
BB,2026-05-11 14:55:00+00:00,6.2724,6.29,6.26,6.275,342646.0,613.0,6.275867
BB,2026-05-11 15:00:00+00:00,6.275,6.28,6.24,6.2586,382636.0,673.0,6.259516
BB,2026-05-11 15:05:00+00:00,6.255,6.26,6.17,6.176,767757.0,973.0,6.20951
BB,2026-05-11 15:10:00+00:00,6.175,6.25,6.17,6.235,407602.0,722.0,6.216611
BB,2026-05-11 15:15:00+00:00,6.24,6.27,6.235,6.255,290582.0,606.0,6.25251
BB,2026-05-11 15:20:00+00:00,6.2507,6.26,6.22,6.23,154756.0,397.0,6.23472
BB,2026-05-11 15:25:00+00:00,6.225,6.2299,6.16,6.185,443218.0,795.0,6.196377
BB,2026-05-11 15:30:00+00:00,6.1801,6.22,6.175,6.195,487464.0,669.0,6.197045
BB,2026-05-11 15:35:00+00:00,6.195,6.2,6.17,6.1828,260708.0,565.0,6.183916
BB,2026-05-11 15:40:00+00:00,6.185,6.1999,6.18,6.195,160443.0,515.0,6.18943
BB,2026-05-11 15:45:00+00:00,6.195,6.2,6.17,6.195,368393.0,700.0,6.187317
BB,2026-05-11 15:50:00+00:00,6.195,6.2,6.19,6.2,103952.0,263.0,6.194136
BB,2026-05-11 15:55:00+00:00,6.1927,6.225,6.19,6.205,406511.0,595.0,6.207785
BB,2026-05-11 16:00:00+00:00,6.2,6.21,6.2,6.2099,35973.0,185.0,6.203276
BB,2026-05-11 16:05:00+00:00,6.2,6.21,6.2,6.205,111363.0,291.0,6.207264
BB,2026-05-11 16:10:00+00:00,6.2,6.23,6.2,6.22,282356.0,437.0,6.216224
BB,2026-05-11 16:15:00+00:00,6.219,6.24,6.219,6.235,180946.0,344.0,6.228393
BB,2026-05-11 16:20:00+00:00,6.24,6.285,6.24,6.2612,369718.0,616.0,6.265612
BB,2026-05-11 16:25:00+00:00,6.27,6.28,6.25,6.261,325915.0,435.0,6.268313
BB,2026-05-11 16:30:00+00:00,6.2697,6.27,6.24,6.24,115842.0,273.0,6.258011
BB,2026-05-11 16:35:00+00:00,6.24,6.26,6.23,6.25,155769.0,282.0,6.248894
BB,2026-05-11 16:40:00+00:00,6.25,6.25,6.205,6.225,291207.0,427.0,6.228928
BB,2026-05-11 16:45:00+00:00,6.225,6.28,6.22,6.265,237953.0,304.0,6.25181
BB,2026-05-11 16:50:00+00:00,6.265,6.265,6.24,6.245,71017.0,252.0,6.254362
BB,2026-05-11 16:55:00+00:00,6.245,6.25,6.23,6.245,108132.0,274.0,6.241316
BB,2026-05-11 17:00:00+00:00,6.245,6.25,6.2327,6.245,141032.0,258.0,6.241379
BB,2026-05-11 17:05:00+00:00,6.245,6.26,6.23,6.2564,171955.0,327.0,6.245801
BB,2026-05-11 17:10:00+00:00,6.2587,6.2653,6.23,6.23,236043.0,411.0,6.241654
BB,2026-05-11 17:15:00+00:00,6.235,6.25,6.23,6.24,110755.0,269.0,6.241376
BB,2026-05-11 17:20:00+00:00,6.25,6.25,6.23,6.245,79578.0,261.0,6.242434
BB,2026-05-11 17:25:00+00:00,6.25,6.25,6.23,6.235,99479.0,192.0,6.239887
BB,2026-05-11 17:30:00+00:00,6.235,6.25,6.2,6.205,218835.0,354.0,6.226153
BB,2026-05-11 17:35:00+00:00,6.21,6.21,6.16,6.16,235799.0,417.0,6.188801
BB,2026-05-11 17:40:00+00:00,6.16,6.17,6.12,6.1499,273882.0,598.0,6.145788
BB,2026-05-11 17:45:00+00:00,6.1477,6.18,6.14,6.1559,373587.0,560.0,6.158212
BB,2026-05-11 17:50:00+00:00,6.155,6.16,6.14,6.145,234655.0,298.0,6.151514
BB,2026-05-11 17:55:00+00:00,6.145,6.17,6.13,6.13,130802.0,328.0,6.154499
BB,2026-05-11 18:00:00+00:00,6.137,6.15,6.13,6.1455,174316.0,375.0,6.141237
BB,2026-05-11 18:05:00+00:00,6.1472,6.16,6.14,6.14,84329.0,289.0,6.14914
BB,2026-05-11 18:10:00+00:00,6.1499,6.18,6.14,6.1661,148506.0,399.0,6.157937
BB,2026-05-11 18:15:00+00:00,6.1699,6.17,6.15,6.17,122597.0,245.0,6.162136
BB,2026-05-11 18:20:00+00:00,6.165,6.18,6.16,6.175,128891.0,282.0,6.16714
BB,2026-05-11 18:25:00+00:00,6.175,6.21,6.1701,6.201,156314.0,321.0,6.188505
BB,2026-05-11 18:30:00+00:00,6.2,6.21,6.19,6.205,141568.0,222.0,6.201577
BB,2026-05-11 18:35:00+00:00,6.2055,6.21,6.19,6.195,110724.0,242.0,6.202036
BB,2026-05-11 18:40:00+00:00,6.19,6.23,6.19,6.2269,247782.0,393.0,6.210234
BB,2026-05-11 18:45:00+00:00,6.225,6.245,6.22,6.23,91700.0,270.0,6.234478
BB,2026-05-11 18:50:00+00:00,6.235,6.245,6.21,6.2144,156424.0,314.0,6.230624
BB,2026-05-11 18:55:00+00:00,6.215,6.2355,6.205,6.205,201307.0,333.0,6.225024
BB,2026-05-11 19:00:00+00:00,6.2099,6.22,6.19,6.19,236810.0,327.0,6.210262
BB,2026-05-11 19:05:00+00:00,6.195,6.2155,6.19,6.2132,184415.0,366.0,6.203987
BB,2026-05-11 19:10:00+00:00,6.2131,6.2131,6.19,6.2032,566293.0,375.0,6.197831
BB,2026-05-11 19:15:00+00:00,6.2011,6.22,6.2,6.205,146054.0,297.0,6.210149
BB,2026-05-11 19:20:00+00:00,6.205,6.2181,6.2,6.2,163584.0,254.0,6.208883
BB,2026-05-11 19:25:00+00:00,6.2,6.21,6.16,6.185,211266.0,409.0,6.181213
BB,2026-05-11 19:30:00+00:00,6.18,6.19,6.17,6.185,228605.0,405.0,6.181341
BB,2026-05-11 19:35:00+00:00,6.1875,6.24,6.18,6.205,609512.0,778.0,6.212318
BB,2026-05-11 19:40:00+00:00,6.2,6.22,6.2,6.215,184453.0,435.0,6.209006
BB,2026-05-11 19:45:00+00:00,6.215,6.22,6.21,6.2101,272571.0,503.0,6.214625
BB,2026-05-11 19:50:00+00:00,6.22,6.22,6.2,6.215,205582.0,692.0,6.209545
BB,2026-05-11 19:55:00+00:00,6.215,6.23,6.21,6.22,686455.0,1818.0,6.220906
BB,2026-05-11 20:00:00+00:00,6.22,6.22,6.21,6.21,2143262.0,19.0,6.21999
BB,2026-05-11 20:05:00+00:00,6.2,6.24,6.2,6.24,3758.0,14.0,6.208773
BB,2026-05-11 20:10:00+00:00,6.2361,6.2361,6.23,6.23,1069.0,18.0,6.230624
BB,2026-05-11 20:15:00+00:00,6.23,6.24,6.21,6.2295,1842.0,11.0,6.223529
BB,2026-05-11 20:20:00+00:00,6.23,6.23,6.21,6.21,2510.0,10.0,6.212423
BB,2026-05-11 20:25:00+00:00,6.22,6.24,6.21,6.24,4734.0,13.0,6.224859
BB,2026-05-11 20:30:00+00:00,6.22,6.24,6.21,6.24,15387.0,8.0,6.232135
BB,2026-05-11 20:35:00+00:00,6.24,6.24,6.21,6.21,3914.0,13.0,6.230196
BB,2026-05-11 20:40:00+00:00,6.22,6.22,6.2,6.2,891.0,8.0,6.215714
BB,2026-05-11 20:45:00+00:00,6.2,6.2,6.2,6.2,558.0,3.0,6.2
BB,2026-05-11 20:50:00+00:00,6.2,6.21,6.2,6.21,1156928.0,7.0,6.208305
BB,2026-05-11 20:55:00+00:00,6.2,6.2,6.2,6.2,500.0,1.0,6.2
BB,2026-05-11 21:00:00+00:00,6.22,6.22,6.2,6.2,5290.0,10.0,6.20199
BB,2026-05-11 21:05:00+00:00,6.2004,6.2004,6.2004,6.2004,169.0,2.0,6.2004
BB,2026-05-11 21:10:00+00:00,6.2098,6.22,6.2,6.22,1879.0,10.0,6.209103
BB,2026-05-11 21:15:00+00:00,6.22,6.24,6.22,6.22,8278.0,14.0,6.224969
BB,2026-05-11 21:20:00+00:00,6.2,6.2287,6.2,6.2,1631.0,10.0,6.208828
BB,2026-05-11 21:25:00+00:00,6.21,6.23,6.21,6.2109,56667.0,13.0,6.210788
BB,2026-05-11 21:30:00+00:00,6.21,6.22,6.21,6.22,526.0,6.0,6.214444
BB,2026-05-11 21:35:00+00:00,6.223,6.2277,6.21,6.21,2530.0,6.0,6.22154
BB,2026-05-11 21:40:00+00:00,6.2187,6.22,6.2187,6.22,600.0,2.0,6.218917
BB,2026-05-11 21:45:00+00:00,6.22,6.22,6.2103,6.22,3363.0,7.0,6.213259
BB,2026-05-11 21:50:00+00:00,6.2105,6.2105,6.2103,6.2104,698.0,11.0,6.210442
BB,2026-05-11 22:00:00+00:00,6.2101,6.2101,6.2101,6.2101,1040.0,1.0,6.2101
BB,2026-05-11 22:20:00+00:00,6.2167,6.22,6.21,6.21,2798.0,3.0,6.216512
BB,2026-05-11 22:25:00+00:00,6.22,6.2286,6.22,6.2286,1163.0,7.0,6.221122
BB,2026-05-11 22:30:00+00:00,6.21,6.21,6.2,6.2,1807.0,8.0,6.203484
BB,2026-05-11 22:35:00+00:00,6.2002,6.2002,6.2002,6.2002,511.0,2.0,6.2002
BB,2026-05-11 22:40:00+00:00,6.21,6.22,6.21,6.22,5917.0,43.0,6.219272
BB,2026-05-11 22:45:00+00:00,6.23,6.23,6.2103,6.2103,6187.0,12.0,6.229059
BB,2026-05-11 22:50:00+00:00,6.2295,6.2295,6.22,6.22,476.0,10.0,6.223135
BB,2026-05-11 22:55:00+00:00,6.22,6.23,6.22,6.22,2346.0,10.0,6.220427
BB,2026-05-11 23:00:00+00:00,6.22,6.2296,6.22,6.2293,906.0,4.0,6.227274
BB,2026-05-11 23:10:00+00:00,6.23,6.23,6.21,6.23,5058.0,7.0,6.221225
BB,2026-05-11 23:15:00+00:00,6.23,6.23,6.22,6.2274,1542.0,10.0,6.224432
BB,2026-05-11 23:20:00+00:00,6.223,6.2296,6.22,6.22,3931.0,16.0,6.222217
BB,2026-05-11 23:25:00+00:00,6.2198,6.2198,6.2104,6.2104,348.0,4.0,6.213533
BB,2026-05-11 23:30:00+00:00,6.2297,6.23,6.21,6.21,38601.0,13.0,6.227909
BB,2026-05-11 23:35:00+00:00,6.2298,6.2298,6.22,6.22,1847.0,6.0,6.220754
BB,2026-05-11 23:40:00+00:00,6.2298,6.2298,6.2298,6.2298,100.0,1.0,6.2298
BB,2026-05-11 23:50:00+00:00,6.215,6.2187,6.215,6.2187,610.0,3.0,6.216233
BB,2026-05-11 23:55:00+00:00,6.215,6.22,6.21,6.21,3005.0,4.0,6.2131
BB,2026-05-12 08:00:00+00:00,6.1702,6.23,6.16,6.205,9684.0,52.0,6.196359
BB,2026-05-12 08:05:00+00:00,6.19,6.2,6.19,6.19,2442.0,8.0,6.190562
BB,2026-05-12 08:10:00+00:00,6.19,6.19,6.19,6.19,550.0,3.0,6.19
BB,2026-05-12 08:20:00+00:00,6.19,6.19,6.19,6.19,2972.0,2.0,6.19
BB,2026-05-12 08:25:00+00:00,6.19,6.19,6.19,6.19,200.0,1.0,6.19
BB,2026-05-12 08:30:00+00:00,6.1912,6.1928,6.1912,6.1928,423.0,3.0,6.191994
BB,2026-05-12 08:35:00+00:00,6.19,6.19,6.19,6.19,1472.0,8.0,6.19
BB,2026-05-12 08:40:00+00:00,6.19,6.2,6.19,6.2,595.0,3.0,6.198319
BB,2026-05-12 08:50:00+00:00,6.2,6.21,6.18,6.18,14821.0,29.0,6.185447
BB,2026-05-12 09:00:00+00:00,6.18,6.1903,6.18,6.1903,1062.0,3.0,6.182512
BB,2026-05-12 09:05:00+00:00,6.19,6.19,6.19,6.19,213.0,2.0,6.19
BB,2026-05-12 09:15:00+00:00,6.19,6.19,6.19,6.19,1184.0,2.0,6.19
BB,2026-05-12 09:25:00+00:00,6.19,6.19,6.19,6.19,110.0,2.0,6.19
BB,2026-05-12 09:30:00+00:00,6.18,6.18,6.18,6.18,385.0,3.0,6.18
BB,2026-05-12 09:35:00+00:00,6.19,6.19,6.19,6.19,2186.0,4.0,6.19
BB,2026-05-12 09:40:00+00:00,6.2,6.2,6.19,6.19,2173.0,2.0,6.19954
BB,2026-05-12 09:50:00+00:00,6.22,6.29,6.22,6.29,500.0,5.0,6.249046
BB,2026-05-12 10:00:00+00:00,6.21,6.21,6.21,6.21,1313.0,2.0,6.21
BB,2026-05-12 10:05:00+00:00,6.21,6.21,6.21,6.21,499.0,1.0,6.21
BB,2026-05-12 10:10:00+00:00,6.21,6.21,6.21,6.21,600.0,3.0,6.21
BB,2026-05-12 10:15:00+00:00,6.21,6.21,6.21,6.21,100.0,1.0,6.21
BB,2026-05-12 10:20:00+00:00,6.2112,6.2112,6.21,6.21,841.0,5.0,6.210799
BB,2026-05-12 10:25:00+00:00,6.19,6.19,6.19,6.19,237.0,2.0,6.19
BB,2026-05-12 10:45:00+00:00,6.2015,6.2015,6.2015,6.2015,250.0,1.0,6.2015
BB,2026-05-12 10:50:00+00:00,6.2,6.2016,6.2,6.2016,1120.0,2.0,6.200171
BB,2026-05-12 10:55:00+00:00,6.2,6.2,6.2,6.2,962.0,7.0,6.2
BB,2026-05-12 11:00:00+00:00,6.205,6.21,6.1503,6.1601,25494.0,102.0,6.177669
BB,2026-05-12 11:05:00+00:00,6.1615,6.17,6.155,6.17,1788.0,16.0,6.161664
BB,2026-05-12 11:10:00+00:00,6.17,6.18,6.134,6.134,16420.0,39.0,6.156444
BB,2026-05-12 11:15:00+00:00,6.1217,6.14,6.1217,6.13,5784.0,8.0,6.128413
BB,2026-05-12 11:20:00+00:00,6.12,6.14,6.12,6.14,421.0,5.0,6.13
BB,2026-05-12 11:25:00+00:00,6.14,6.14,6.1304,6.14,1189.0,8.0,6.136545
BB,2026-05-12 11:30:00+00:00,6.14,6.14,6.14,6.14,545.0,9.0,6.14
BB,2026-05-12 11:35:00+00:00,6.1303,6.14,6.13,6.14,4262.0,24.0,6.1329
BB,2026-05-12 11:40:00+00:00,6.125,6.15,6.12,6.12,18829.0,72.0,6.124047
BB,2026-05-12 11:50:00+00:00,6.15,6.2087,6.1304,6.2087,7067.0,12.0,6.151067
BB,2026-05-12 11:55:00+00:00,6.175,6.175,6.175,6.175,1005.0,5.0,6.175
BB,2026-05-12 12:00:00+00:00,6.15,6.15,6.13,6.13,38685.0,25.0,6.135572
BB,2026-05-12 12:05:00+00:00,6.12,6.14,6.1,6.1205,2599.0,22.0,6.112837
BB,2026-05-12 12:10:00+00:00,6.12,6.13,6.12,6.13,2408.0,22.0,6.121692
BB,2026-05-12 12:15:00+00:00,6.12,6.12,6.12,6.12,2040.0,4.0,6.12
BB,2026-05-12 12:20:00+00:00,6.12,6.1235,6.12,6.1203,835.0,6.0,6.121753
BB,2026-05-12 12:25:00+00:00,6.12,6.1287,6.12,6.1203,2965.0,29.0,6.121446
BB,2026-05-12 12:30:00+00:00,6.1297,6.13,6.11,6.11,47013.0,36.0,6.111859
BB,2026-05-12 12:35:00+00:00,6.11,6.14,6.11,6.14,9846.0,18.0,6.123036
BB,2026-05-12 12:40:00+00:00,6.15,6.16,6.1224,6.16,5198.0,18.0,6.148735
BB,2026-05-12 12:45:00+00:00,6.15,6.15,6.1259,6.13,4260.0,14.0,6.133519
BB,2026-05-12 12:50:00+00:00,6.13,6.14,6.12,6.12,14132.0,14.0,6.131152
BB,2026-05-12 12:55:00+00:00,6.13,6.155,6.13,6.15,5600.0,23.0,6.140344
BB,2026-05-12 13:00:00+00:00,6.16,6.1935,6.1512,6.1935,14673.0,26.0,6.163789
BB,2026-05-12 13:05:00+00:00,6.18,6.1993,6.16,6.1617,3804.0,7.0,6.161687
BB,2026-05-12 13:10:00+00:00,6.19,6.19,6.19,6.19,306.0,2.0,6.19
BB,2026-05-12 13:15:00+00:00,6.1901,6.1998,6.18,6.18,6733.0,25.0,6.190035
BB,2026-05-12 13:20:00+00:00,6.18,6.18,6.15,6.16,4842.0,17.0,6.169812
BB,2026-05-12 13:25:00+00:00,6.15,6.17,6.13,6.15,12725.0,45.0,6.153957
BB,2026-05-12 13:30:00+00:00,6.12,6.14,5.93,6.035,1222033.0,2757.0,6.035113
BB,2026-05-12 13:35:00+00:00,6.036,6.065,5.985,6.0,862354.0,1287.0,6.031927
BB,2026-05-12 13:40:00+00:00,6.005,6.05,5.985,6.0498,267651.0,703.0,6.005629
BB,2026-05-12 13:45:00+00:00,6.05,6.0599,6.0,6.035,393512.0,781.0,6.026678
BB,2026-05-12 13:50:00+00:00,6.03,6.035,5.96,5.985,410015.0,766.0,5.988943
BB,2026-05-12 13:55:00+00:00,5.985,5.985,5.88,5.905,986463.0,1399.0,5.922924
BB,2026-05-12 14:00:00+00:00,5.905,5.98,5.9,5.975,315938.0,812.0,5.941039
BB,2026-05-12 14:05:00+00:00,5.9793,6.04,5.9793,6.035,296022.0,689.0,6.010028
BB,2026-05-12 14:10:00+00:00,6.035,6.09,6.0316,6.085,314552.0,547.0,6.057727
BB,2026-05-12 14:15:00+00:00,6.085,6.085,6.04,6.055,145197.0,445.0,6.059003
BB,2026-05-12 14:20:00+00:00,6.05,6.13,6.05,6.125,299354.0,507.0,6.078197
BB,2026-05-12 14:25:00+00:00,6.13,6.14,6.0901,6.1,300038.0,608.0,6.12198
BB,2026-05-12 14:30:00+00:00,6.095,6.1,6.06,6.0799,318525.0,554.0,6.078441
BB,2026-05-12 14:35:00+00:00,6.08,6.135,6.06,6.13,278925.0,454.0,6.090714
BB,2026-05-12 14:40:00+00:00,6.13,6.14,6.12,6.1207,254740.0,489.0,6.129877
BB,2026-05-12 14:45:00+00:00,6.12,6.12,6.1,6.115,115143.0,261.0,6.1123
BB,2026-05-12 14:50:00+00:00,6.1102,6.15,6.105,6.1126,277947.0,457.0,6.129552
BB,2026-05-12 14:55:00+00:00,6.12,6.1289,6.1,6.1114,210113.0,321.0,6.114776
BB,2026-05-12 15:00:00+00:00,6.113,6.13,6.1024,6.1212,161840.0,285.0,6.116897
BB,2026-05-12 15:05:00+00:00,6.12,6.19,6.11,6.185,424130.0,517.0,6.159879
BB,2026-05-12 15:10:00+00:00,6.181,6.21,6.16,6.205,488516.0,678.0,6.185559
BB,2026-05-12 15:15:00+00:00,6.205,6.205,6.12,6.14,515738.0,746.0,6.150263
BB,2026-05-12 15:20:00+00:00,6.145,6.15,6.12,6.1234,117906.0,249.0,6.138942
BB,2026-05-12 15:25:00+00:00,6.125,6.15,6.115,6.125,257529.0,410.0,6.129657
BB,2026-05-12 15:30:00+00:00,6.13,6.15,6.11,6.12,283557.0,405.0,6.127008
BB,2026-05-12 15:35:00+00:00,6.1201,6.13,6.12,6.125,57849.0,177.0,6.12405
BB,2026-05-12 15:40:00+00:00,6.1237,6.135,6.11,6.135,126298.0,207.0,6.123207
BB,2026-05-12 15:45:00+00:00,6.135,6.136,6.12,6.125,41766.0,134.0,6.129802
BB,2026-05-12 15:50:00+00:00,6.125,6.13,6.12,6.125,43242.0,134.0,6.122238
BB,2026-05-12 15:55:00+00:00,6.12,6.1299,6.09,6.0947,181596.0,429.0,6.113697
BB,2026-05-12 16:00:00+00:00,6.095,6.15,6.08,6.135,397369.0,454.0,6.119732
BB,2026-05-12 16:05:00+00:00,6.135,6.135,6.08,6.09,282227.0,364.0,6.10939
BB,2026-05-12 16:10:00+00:00,6.0837,6.1083,6.08,6.09,167218.0,299.0,6.092833
BB,2026-05-12 16:15:00+00:00,6.0902,6.095,6.07,6.07,104800.0,205.0,6.084989
BB,2026-05-12 16:20:00+00:00,6.075,6.08,6.06,6.075,145422.0,286.0,6.070087
BB,2026-05-12 16:25:00+00:00,6.0745,6.075,6.04,6.04,125646.0,237.0,6.060521
BB,2026-05-12 16:30:00+00:00,6.045,6.05,6.032,6.04,200006.0,314.0,6.043626
BB,2026-05-12 16:35:00+00:00,6.045,6.05,6.04,6.04,30038.0,94.0,6.043677
BB,2026-05-12 16:40:00+00:00,6.045,6.05,6.01,6.025,130770.0,223.0,6.024393
BB,2026-05-12 16:45:00+00:00,6.025,6.025,6.0,6.0027,201487.0,248.0,6.009665
BB,2026-05-12 16:50:00+00:00,6.001,6.001,5.97,5.9811,192559.0,369.0,5.993493
BB,2026-05-12 16:55:00+00:00,5.985,6.0,5.965,5.965,113534.0,287.0,5.980434
BB,2026-05-12 17:00:00+00:00,5.965,6.025,5.9622,6.0038,345943.0,558.0,5.99508
BB,2026-05-12 17:05:00+00:00,6.005,6.0568,6.0,6.035,194736.0,362.0,6.029721
BB,2026-05-12 17:10:00+00:00,6.04,6.0599,6.035,6.0525,92665.0,189.0,6.048829
BB,2026-05-12 17:15:00+00:00,6.055,6.0698,6.05,6.065,265326.0,371.0,6.058682
BB,2026-05-12 17:20:00+00:00,6.065,6.07,6.055,6.07,101287.0,182.0,6.062619
BB,2026-05-12 17:25:00+00:00,6.065,6.065,6.035,6.045,101987.0,203.0,6.0496
BB,2026-05-12 17:30:00+00:00,6.05,6.0801,6.049,6.0801,170224.0,224.0,6.067263
BB,2026-05-12 17:35:00+00:00,6.085,6.09,6.075,6.085,57282.0,174.0,6.082528
BB,2026-05-12 17:40:00+00:00,6.085,6.09,6.075,6.075,66212.0,170.0,6.081049
BB,2026-05-12 17:45:00+00:00,6.075,6.09,6.065,6.085,83730.0,215.0,6.077021
BB,2026-05-12 17:50:00+00:00,6.085,6.0897,6.08,6.085,15049.0,122.0,6.083636
BB,2026-05-12 17:55:00+00:00,6.085,6.115,6.08,6.1105,173453.0,274.0,6.101673
BB,2026-05-12 18:00:00+00:00,6.115,6.15,6.115,6.145,147948.0,265.0,6.134083
BB,2026-05-12 18:05:00+00:00,6.145,6.15,6.1405,6.145,41559.0,129.0,6.146502
BB,2026-05-12 18:10:00+00:00,6.145,6.1475,6.13,6.145,46296.0,180.0,6.140028
BB,2026-05-12 18:15:00+00:00,6.1478,6.18,6.1478,6.165,217975.0,249.0,6.167656
BB,2026-05-12 18:20:00+00:00,6.165,6.1793,6.1607,6.1607,79242.0,161.0,6.170354
BB,2026-05-12 18:25:00+00:00,6.165,6.18,6.15,6.16,249771.0,343.0,6.166034
BB,2026-05-12 18:30:00+00:00,6.165,6.17,6.16,6.165,33861.0,89.0,6.162858
BB,2026-05-12 18:35:00+00:00,6.165,6.17,6.1521,6.1593,34778.0,155.0,6.163862
BB,2026-05-12 18:40:00+00:00,6.155,6.1599,6.15,6.1503,66506.0,144.0,6.154068
BB,2026-05-12 18:45:00+00:00,6.15,6.17,6.14,6.17,72546.0,186.0,6.154218
BB,2026-05-12 18:50:00+00:00,6.1726,6.21,6.1726,6.1902,262070.0,291.0,6.190064
BB,2026-05-12 18:55:00+00:00,6.195,6.21,6.165,6.175,179316.0,263.0,6.182197
BB,2026-05-12 19:00:00+00:00,6.175,6.18,6.17,6.175,28242.0,115.0,6.174645
BB,2026-05-12 19:05:00+00:00,6.17,6.175,6.145,6.145,97782.0,243.0,6.160328
BB,2026-05-12 19:10:00+00:00,6.145,6.16,6.145,6.154,48717.0,172.0,6.151863
BB,2026-05-12 19:15:00+00:00,6.155,6.16,6.14,6.14,26754.0,163.0,6.149593
BB,2026-05-12 19:20:00+00:00,6.145,6.16,6.1304,6.1575,88839.0,312.0,6.145476
BB,2026-05-12 19:25:00+00:00,6.155,6.175,6.1327,6.14,306408.0,483.0,6.160153
BB,2026-05-12 19:30:00+00:00,6.14,6.18,6.14,6.18,144840.0,288.0,6.163119
BB,2026-05-12 19:35:00+00:00,6.175,6.185,6.17,6.18,123471.0,260.0,6.178602
BB,2026-05-12 19:40:00+00:00,6.18,6.19,6.17,6.1899,113806.0,307.0,6.180142
BB,2026-05-12 19:45:00+00:00,6.185,6.1899,6.1601,6.175,637675.0,487.0,6.180724
BB,2026-05-12 19:50:00+00:00,6.18,6.19,6.17,6.18,190630.0,521.0,6.181096
BB,2026-05-12 19:55:00+00:00,6.18,6.23,6.175,6.22,965097.0,1699.0,6.206445
BB,2026-05-12 20:00:00+00:00,6.22,6.22,6.1995,6.2061,525153.0,31.0,6.219898
BB,2026-05-12 20:05:00+00:00,6.1939,6.1939,6.1939,6.1939,1000.0,1.0,6.1939
BB,2026-05-12 20:10:00+00:00,6.2,6.21,6.14,6.21,34537.0,21.0,6.146926
BB,2026-05-12 20:15:00+00:00,6.21,6.21,6.2094,6.2094,413.0,4.0,6.2097
BB,2026-05-12 20:20:00+00:00,6.2094,6.21,6.2094,6.21,6717.0,4.0,6.209955
BB,2026-05-12 20:30:00+00:00,6.19,6.1905,6.19,6.1905,3200.0,4.0,6.19025
BB,2026-05-12 20:35:00+00:00,6.19,6.2,6.19,6.2,1420.0,3.0,6.196831
BB,2026-05-12 20:40:00+00:00,6.19,6.19,6.19,6.19,500.0,1.0,6.19
BB,2026-05-12 20:45:00+00:00,6.1987,6.1998,6.1903,6.1998,880.0,3.0,6.197016
BB,2026-05-12 20:50:00+00:00,6.2,6.2,6.2,6.2,8677.0,50.0,6.2
BB,2026-05-12 20:55:00+00:00,6.2098,6.2098,6.2098,6.2098,1000.0,1.0,6.2098
BB,2026-05-12 21:00:00+00:00,6.2087,6.2087,6.2087,6.2087,303.0,2.0,6.2087
BB,2026-05-12 21:05:00+00:00,6.21,6.21,6.2,6.2,1500.0,5.0,6.205447
BB,2026-05-12 21:10:00+00:00,6.1987,6.2,6.1987,6.2,301987.0,3.0,6.19935
BB,2026-05-12 21:15:00+00:00,6.1987,6.2,6.1987,6.2,2002.0,5.0,6.199617
BB,2026-05-12 21:20:00+00:00,6.2,6.2,6.1965,6.2,3400.0,8.0,6.199397
BB,2026-05-12 21:25:00+00:00,6.2,6.2,6.195,6.1997,3100.0,6.0,6.199
BB,2026-05-12 21:35:00+00:00,6.2,6.2,6.195,6.1999,873.0,9.0,6.198725
BB,2026-05-12 21:45:00+00:00,6.2,6.2,6.2,6.2,953.0,1.0,6.2
BB,2026-05-12 21:50:00+00:00,6.1987,6.21,6.19,6.21,820.0,4.0,6.199561
BB,2026-05-12 21:55:00+00:00,6.21,6.21,6.205,6.205,2598.0,12.0,6.20795
BB,2026-05-12 22:05:00+00:00,6.2098,6.2098,6.2097,6.2097,353.0,7.0,6.209738
BB,2026-05-12 22:10:00+00:00,6.2087,6.21,6.2001,6.21,3551.0,7.0,6.208893
BB,2026-05-12 22:25:00+00:00,6.2,6.2,6.2,6.2,202.0,2.0,6.2
BB,2026-05-12 22:35:00+00:00,6.21,6.21,6.2,6.2,450.0,3.0,6.202222
BB,2026-05-12 22:40:00+00:00,6.2,6.2,6.2,6.2,135.0,2.0,6.2
BB,2026-05-12 22:45:00+00:00,6.21,6.21,6.2065,6.2065,926.0,5.0,6.208677
BB,2026-05-12 22:50:00+00:00,6.2002,6.2087,6.2002,6.2087,245.0,4.0,6.204922
BB,2026-05-12 22:55:00+00:00,6.2087,6.21,6.2087,6.21,1348.0,16.0,6.209688
BB,2026-05-12 23:00:00+00:00,6.21,6.22,6.21,6.21,2879.0,6.0,6.210537
BB,2026-05-12 23:05:00+00:00,6.2198,6.2198,6.2198,6.2198,2000.0,1.0,6.2198
BB,2026-05-12 23:15:00+00:00,6.2187,6.2187,6.2187,6.2187,100.0,1.0,6.2187
BB,2026-05-12 23:20:00+00:00,6.21,6.21,6.21,6.21,1155.0,4.0,6.21
BB,2026-05-12 23:25:00+00:00,6.21,6.21,6.21,6.21,810.0,3.0,6.21
BB,2026-05-12 23:30:00+00:00,6.21,6.22,6.21,6.21,6031.0,7.0,6.212493
BB,2026-05-12 23:40:00+00:00,6.2197,6.22,6.2197,6.22,2316.0,4.0,6.219739
BB,2026-05-12 23:45:00+00:00,6.2102,6.2102,6.2102,6.2102,100.0,1.0,6.2102
BB,2026-05-12 23:50:00+00:00,6.2103,6.2103,6.18,6.18,20199.0,8.0,6.198678
BB,2026-05-12 23:55:00+00:00,6.2006,6.22,6.2006,6.22,9445.0,5.0,6.205384
BB,2026-05-13 08:00:00+00:00,6.21,6.34,6.21,6.29,12595.0,62.0,6.273899
BB,2026-05-13 08:05:00+00:00,6.28,6.28,6.2788,6.2788,907.0,4.0,6.279465
BB,2026-05-13 08:10:00+00:00,6.28,6.28,6.28,6.28,300.0,1.0,6.28
BB,2026-05-13 08:15:00+00:00,6.25,6.27,6.25,6.27,700.0,2.0,6.255714
BB,2026-05-13 08:20:00+00:00,6.25,6.25,6.25,6.25,150.0,1.0,6.25
BB,2026-05-13 08:30:00+00:00,6.251,6.251,6.251,6.251,1812.0,1.0,6.251
BB,2026-05-13 08:55:00+00:00,6.26,6.26,6.25,6.25,1029.0,10.0,6.254133
BB,2026-05-13 09:00:00+00:00,6.25,6.25,6.25,6.25,130.0,2.0,6.25
BB,2026-05-13 09:15:00+00:00,6.23,6.23,6.22,6.22,1909.0,4.0,6.228424
BB,2026-05-13 09:25:00+00:00,6.24,6.25,6.24,6.25,2375.0,3.0,6.245664
BB,2026-05-13 09:55:00+00:00,6.22,6.22,6.22,6.22,230.0,3.0,6.22
BB,2026-05-13 10:00:00+00:00,6.22,6.22,6.22,6.22,600.0,2.0,6.22
BB,2026-05-13 10:10:00+00:00,6.23,6.23,6.23,6.23,371.0,3.0,6.23
BB,2026-05-13 10:15:00+00:00,6.25,6.25,6.25,6.25,2387.0,3.0,6.25
BB,2026-05-13 10:30:00+00:00,6.23,6.23,6.22,6.22,1868.0,5.0,6.22597
BB,2026-05-13 11:00:00+00:00,6.23,6.2499,6.22,6.2499,8778.0,17.0,6.224771
BB,2026-05-13 11:05:00+00:00,6.25,6.25,6.21,6.23,4041.0,10.0,6.22431
BB,2026-05-13 11:10:00+00:00,6.2198,6.2198,6.2198,6.2198,120.0,4.0,6.2198
BB,2026-05-13 11:15:00+00:00,6.21,6.24,6.21,6.23,15845.0,50.0,6.223833
BB,2026-05-13 11:20:00+00:00,6.2397,6.2397,6.22,6.22,2683.0,6.0,6.236688
BB,2026-05-13 11:25:00+00:00,6.2209,6.2209,6.22,6.22,2107.0,5.0,6.220857
BB,2026-05-13 11:35:00+00:00,6.22,6.22,6.22,6.22,485.0,4.0,6.22
BB,2026-05-13 11:40:00+00:00,6.22,6.25,6.22,6.25,5115.0,17.0,6.244
BB,2026-05-13 11:45:00+00:00,6.265,6.265,6.25,6.25,23693.0,14.0,6.259919
BB,2026-05-13 11:50:00+00:00,6.221,6.221,6.22,6.22,250.0,2.0,6.2204
BB,2026-05-13 11:55:00+00:00,6.25,6.27,6.25,6.2525,2181.0,8.0,6.253825
BB,2026-05-13 12:00:00+00:00,6.2508,6.27,6.25,6.27,12483.0,26.0,6.261207
BB,2026-05-13 12:05:00+00:00,6.2696,6.27,6.25,6.2688,27023.0,16.0,6.268594
BB,2026-05-13 12:10:00+00:00,6.26,6.26,6.2315,6.24,2058.0,10.0,6.237375
BB,2026-05-13 12:15:00+00:00,6.23,6.26,6.23,6.26,10769.0,8.0,6.231166
BB,2026-05-13 12:20:00+00:00,6.2503,6.269,6.2503,6.2507,601.0,8.0,6.253964
BB,2026-05-13 12:25:00+00:00,6.25,6.27,6.25,6.26,2301.0,6.0,6.264348
BB,2026-05-13 12:30:00+00:00,6.26,6.26,6.2109,6.2109,28709.0,40.0,6.236923
BB,2026-05-13 12:35:00+00:00,6.2113,6.23,6.21,6.21,26038.0,14.0,6.215303
BB,2026-05-13 12:40:00+00:00,6.215,6.22,6.21,6.21,7420.0,13.0,6.219037
BB,2026-05-13 12:45:00+00:00,6.211,6.211,6.2,6.2,29786.0,17.0,6.200655
BB,2026-05-13 12:50:00+00:00,6.214,6.25,6.21,6.21,2722.0,7.0,6.212788
BB,2026-05-13 12:55:00+00:00,6.21,6.22,6.2013,6.2084,4055.0,11.0,6.206129
BB,2026-05-13 13:00:00+00:00,6.21,6.23,6.21,6.23,1389.0,11.0,6.222805
BB,2026-05-13 13:05:00+00:00,6.2591,6.26,6.2426,6.2426,20710.0,7.0,6.259527
BB,2026-05-13 13:10:00+00:00,6.24,6.2435,6.24,6.2435,6850.0,25.0,6.240284
BB,2026-05-13 13:15:00+00:00,6.24,6.24,6.24,6.24,444.0,1.0,6.24
BB,2026-05-13 13:20:00+00:00,6.2496,6.25,6.24,6.25,2238.0,21.0,6.246016
BB,2026-05-13 13:25:00+00:00,6.2487,6.26,6.24,6.26,11807.0,15.0,6.258148
BB,2026-05-13 13:30:00+00:00,6.26,6.27,6.15,6.155,727947.0,1320.0,6.223787
BB,2026-05-13 13:35:00+00:00,6.155,6.2399,6.13,6.14,223222.0,594.0,6.174057
BB,2026-05-13 13:40:00+00:00,6.135,6.15,6.0548,6.055,341425.0,541.0,6.083122
BB,2026-05-13 13:45:00+00:00,6.055,6.085,6.02,6.065,250679.0,580.0,6.051249
BB,2026-05-13 13:50:00+00:00,6.06,6.06,6.01,6.025,382671.0,621.0,6.02922
BB,2026-05-13 13:55:00+00:00,6.03,6.05,6.0001,6.0301,175163.0,523.0,6.024209
BB,2026-05-13 14:00:00+00:00,6.035,6.0999,6.03,6.085,315831.0,659.0,6.057769
BB,2026-05-13 14:05:00+00:00,6.085,6.12,6.07,6.119,104785.0,362.0,6.091267
BB,2026-05-13 14:10:00+00:00,6.115,6.18,6.105,6.1751,270629.0,515.0,6.136407
BB,2026-05-13 14:15:00+00:00,6.175,6.18,6.15,6.1599,75330.0,261.0,6.162924
BB,2026-05-13 14:20:00+00:00,6.155,6.225,6.155,6.2001,152490.0,340.0,6.198392
BB,2026-05-13 14:25:00+00:00,6.2069,6.22,6.18,6.205,135045.0,364.0,6.201274
BB,2026-05-13 14:30:00+00:00,6.205,6.2571,6.2,6.245,219904.0,526.0,6.219803
BB,2026-05-13 14:35:00+00:00,6.25,6.26,6.225,6.235,404473.0,601.0,6.239809
BB,2026-05-13 14:40:00+00:00,6.24,6.275,6.23,6.2687,253431.0,362.0,6.257271
BB,2026-05-13 14:45:00+00:00,6.27,6.27,6.235,6.235,205057.0,491.0,6.252173
BB,2026-05-13 14:50:00+00:00,6.235,6.27,6.235,6.2661,287191.0,358.0,6.252137
BB,2026-05-13 14:55:00+00:00,6.265,6.33,6.26,6.2901,319435.0,519.0,6.298882
BB,2026-05-13 15:00:00+00:00,6.295,6.3399,6.21,6.22,891077.0,1368.0,6.265162
BB,2026-05-13 15:05:00+00:00,6.21,6.2114,6.17,6.205,220253.0,476.0,6.193661
BB,2026-05-13 15:10:00+00:00,6.205,6.22,6.195,6.22,133342.0,232.0,6.211693
BB,2026-05-13 15:15:00+00:00,6.215,6.235,6.1999,6.205,275078.0,439.0,6.223583
BB,2026-05-13 15:20:00+00:00,6.205,6.215,6.185,6.185,121541.0,262.0,6.201008
BB,2026-05-13 15:25:00+00:00,6.1801,6.2,6.1701,6.185,232985.0,321.0,6.18207
BB,2026-05-13 15:30:00+00:00,6.185,6.2,6.185,6.195,112731.0,215.0,6.192743
BB,2026-05-13 15:35:00+00:00,6.1932,6.235,6.19,6.215,403174.0,555.0,6.216925
BB,2026-05-13 15:40:00+00:00,6.2126,6.2199,6.2025,6.215,101916.0,220.0,6.211166
BB,2026-05-13 15:45:00+00:00,6.2124,6.2199,6.2,6.205,60876.0,163.0,6.20861
BB,2026-05-13 15:50:00+00:00,6.205,6.2066,6.18,6.185,97847.0,242.0,6.190829
BB,2026-05-13 15:55:00+00:00,6.185,6.1899,6.15,6.155,179548.0,306.0,6.168745
BB,2026-05-13 16:00:00+00:00,6.1599,6.195,6.159,6.185,110750.0,232.0,6.17706
BB,2026-05-13 16:05:00+00:00,6.185,6.2,6.18,6.18,117204.0,197.0,6.189876
BB,2026-05-13 16:10:00+00:00,6.185,6.2,6.18,6.195,85796.0,186.0,6.194051
BB,2026-05-13 16:15:00+00:00,6.195,6.2,6.185,6.1975,77261.0,206.0,6.190121
BB,2026-05-13 16:20:00+00:00,6.1999,6.22,6.195,6.21,214708.0,326.0,6.20651
BB,2026-05-13 16:25:00+00:00,6.2151,6.22,6.185,6.185,139886.0,211.0,6.205515
BB,2026-05-13 16:30:00+00:00,6.1866,6.2262,6.1866,6.2204,576293.0,469.0,6.214215
BB,2026-05-13 16:35:00+00:00,6.226,6.23,6.2007,6.2151,151299.0,235.0,6.215023
BB,2026-05-13 16:40:00+00:00,6.2159,6.22,6.2,6.205,201972.0,274.0,6.214273
BB,2026-05-13 16:45:00+00:00,6.205,6.21,6.1831,6.1868,205180.0,261.0,6.199417
BB,2026-05-13 16:50:00+00:00,6.185,6.1899,6.165,6.1675,97970.0,223.0,6.175282
BB,2026-05-13 16:55:00+00:00,6.1607,6.1799,6.155,6.1683,110079.0,277.0,6.165481
BB,2026-05-13 17:00:00+00:00,6.1601,6.17,6.14,6.1429,211083.0,310.0,6.159157
BB,2026-05-13 17:05:00+00:00,6.14,6.16,6.135,6.135,164098.0,309.0,6.14644
BB,2026-05-13 17:10:00+00:00,6.1301,6.14,6.13,6.135,113219.0,179.0,6.135268
BB,2026-05-13 17:15:00+00:00,6.1399,6.155,6.13,6.15,143397.0,243.0,6.144983
BB,2026-05-13 17:20:00+00:00,6.145,6.1468,6.12,6.125,42049.0,164.0,6.130185
BB,2026-05-13 17:25:00+00:00,6.1201,6.14,6.1201,6.125,107418.0,220.0,6.130485
BB,2026-05-13 17:30:00+00:00,6.125,6.14,6.12,6.1386,121848.0,232.0,6.128798
BB,2026-05-13 17:35:00+00:00,6.1325,6.135,6.1201,6.125,116882.0,188.0,6.126746
BB,2026-05-13 17:40:00+00:00,6.125,6.13,6.12,6.1201,88570.0,135.0,6.12453
BB,2026-05-13 17:45:00+00:00,6.125,6.1451,6.12,6.1301,102094.0,258.0,6.130738
BB,2026-05-13 17:50:00+00:00,6.1303,6.14,6.1303,6.135,33865.0,164.0,6.136122
BB,2026-05-13 17:55:00+00:00,6.14,6.15,6.12,6.1265,226868.0,304.0,6.136277
BB,2026-05-13 18:00:00+00:00,6.125,6.15,6.12,6.135,197449.0,325.0,6.134704
BB,2026-05-13 18:05:00+00:00,6.1377,6.16,6.13,6.155,129354.0,197.0,6.146539
BB,2026-05-13 18:10:00+00:00,6.16,6.17,6.15,6.155,204551.0,280.0,6.158626
BB,2026-05-13 18:15:00+00:00,6.155,6.18,6.145,6.15,240914.0,411.0,6.15927
BB,2026-05-13 18:20:00+00:00,6.145,6.155,6.12,6.135,372429.0,441.0,6.135495
BB,2026-05-13 18:25:00+00:00,6.1335,6.14,6.123,6.135,316013.0,432.0,6.131104
BB,2026-05-13 18:30:00+00:00,6.135,6.15,6.125,6.1499,141574.0,304.0,6.133025
BB,2026-05-13 18:35:00+00:00,6.145,6.145,6.125,6.135,113480.0,229.0,6.132155
BB,2026-05-13 18:40:00+00:00,6.135,6.15,6.135,6.135,61651.0,214.0,6.142504
BB,2026-05-13 18:45:00+00:00,6.135,6.15,6.135,6.1399,42921.0,181.0,6.141789
BB,2026-05-13 18:50:00+00:00,6.1315,6.15,6.1315,6.1439,37102.0,222.0,6.142733
BB,2026-05-13 18:55:00+00:00,6.145,6.15,6.11,6.1115,91427.0,321.0,6.13332
BB,2026-05-13 19:00:00+00:00,6.115,6.13,6.1101,6.115,125508.0,294.0,6.118164
BB,2026-05-13 19:05:00+00:00,6.12,6.12,6.1107,6.115,52132.0,222.0,6.114916
BB,2026-05-13 19:10:00+00:00,6.115,6.12,6.1,6.1097,90902.0,396.0,6.112076
BB,2026-05-13 19:15:00+00:00,6.1061,6.12,6.105,6.1102,73307.0,344.0,6.110073
BB,2026-05-13 19:20:00+00:00,6.115,6.1199,6.095,6.0951,116646.0,318.0,6.104926
BB,2026-05-13 19:25:00+00:00,6.095,6.1,6.08,6.085,53758.0,289.0,6.089415
BB,2026-05-13 19:30:00+00:00,6.08,6.11,6.08,6.11,134949.0,448.0,6.091385
BB,2026-05-13 19:35:00+00:00,6.105,6.135,6.1,6.13,71994.0,321.0,6.115472
BB,2026-05-13 19:40:00+00:00,6.135,6.1369,6.125,6.135,80277.0,332.0,6.130397
BB,2026-05-13 19:45:00+00:00,6.13,6.1301,6.09,6.095,151009.0,461.0,6.11096
BB,2026-05-13 19:50:00+00:00,6.095,6.11,6.0902,6.105,120304.0,371.0,6.098306
BB,2026-05-13 19:55:00+00:00,6.1,6.11,6.08,6.09,741741.0,1707.0,6.096762
BB,2026-05-13 20:00:00+00:00,6.1,6.1487,6.0803,6.1004,453479.0,44.0,6.100051
BB,2026-05-13 20:05:00+00:00,6.1372,6.1372,6.08,6.08,1450.0,10.0,6.100737
BB,2026-05-13 20:10:00+00:00,6.1196,6.1196,6.1,6.1182,760.0,7.0,6.109517
BB,2026-05-13 20:15:00+00:00,6.11,6.12,6.1,6.12,2192.0,11.0,6.117528
BB,2026-05-13 20:20:00+00:00,6.1008,6.1008,6.1008,6.1008,315.0,4.0,6.1008
BB,2026-05-13 20:25:00+00:00,6.1,6.11,6.1,6.1097,1560.0,8.0,6.108684
BB,2026-05-13 20:30:00+00:00,6.1,6.1,6.1,6.1,148.0,4.0,6.1
BB,2026-05-13 20:35:00+00:00,6.1,6.1,6.09,6.1,4339.0,17.0,6.094584
BB,2026-05-13 20:40:00+00:00,6.1,6.1,6.1,6.1,185.0,3.0,6.1
BB,2026-05-13 20:45:00+00:00,6.09,6.1,6.09,6.09,817.0,5.0,6.091317
BB,2026-05-13 20:50:00+00:00,6.0904,6.1,6.0904,6.0987,970.0,6.0,6.098412
BB,2026-05-13 20:55:00+00:00,6.09,6.09,6.09,6.09,100.0,1.0,6.09
BB,2026-05-13 21:00:00+00:00,6.1,6.1,6.1,6.1,652.0,6.0,6.1
BB,2026-05-13 21:05:00+00:00,6.1,6.1,6.09,6.1,2400.0,7.0,6.092738
BB,2026-05-13 21:10:00+00:00,6.1,6.1,6.1,6.1,1048.0,8.0,6.1
BB,2026-05-13 21:15:00+00:00,6.1194,6.1261,6.1194,6.1195,7509.0,8.0,6.121668
BB,2026-05-13 21:20:00+00:00,6.13,6.13,6.11,6.11,2105.0,5.0,6.129048
BB,2026-05-13 21:25:00+00:00,6.12,6.12,6.11,6.11,363.0,6.0,6.117143
BB,2026-05-13 21:30:00+00:00,6.12,6.13,6.12,6.12,7400.0,5.0,6.121216
BB,2026-05-13 21:35:00+00:00,6.1274,6.13,6.11,6.1294,24477.0,11.0,6.128389
BB,2026-05-13 21:40:00+00:00,6.13,6.13,6.1,6.1287,9121.0,8.0,6.105603
BB,2026-05-13 21:45:00+00:00,6.13,6.13,6.13,6.13,10040.0,2.0,6.13
BB,2026-05-13 21:50:00+00:00,6.13,6.13,6.13,6.13,10088.0,4.0,6.13
BB,2026-05-13 21:55:00+00:00,6.1287,6.1287,6.125,6.1287,9550.0,6.0,6.127337
BB,2026-05-13 22:10:00+00:00,6.12,6.1287,6.12,6.1287,2300.0,3.0,6.127565
BB,2026-05-13 22:20:00+00:00,6.13,6.13,6.12,6.12,1160.0,6.0,6.127597
BB,2026-05-13 22:25:00+00:00,6.13,6.13,6.1276,6.13,24350.0,14.0,6.129889
BB,2026-05-13 22:30:00+00:00,6.12,6.1213,6.12,6.1201,1211.0,4.0,6.120583
BB,2026-05-13 22:35:00+00:00,6.13,6.13,6.13,6.13,2759.0,6.0,6.13
BB,2026-05-13 22:45:00+00:00,6.13,6.14,6.13,6.14,4303.0,9.0,6.137896
BB,2026-05-13 22:50:00+00:00,6.14,6.1599,6.14,6.15,9900.0,11.0,6.151962
BB,2026-05-13 22:55:00+00:00,6.15,6.15,6.15,6.15,1711.0,5.0,6.15
BB,2026-05-13 23:00:00+00:00,6.15,6.15,6.15,6.15,163.0,1.0,6.15
BB,2026-05-13 23:05:00+00:00,6.15,6.1587,6.1497,6.1587,1997.0,6.0,6.154346
BB,2026-05-13 23:10:00+00:00,6.16,6.16,6.1597,6.1597,909.0,3.0,6.15995
BB,2026-05-13 23:15:00+00:00,6.1884,6.19,6.1881,6.19,3921.0,6.0,6.189697
BB,2026-05-13 23:20:00+00:00,6.188,6.188,6.18,6.18,2185.0,5.0,6.181861
BB,2026-05-13 23:25:00+00:00,6.16,6.18,6.15,6.18,7725.0,10.0,6.170273
BB,2026-05-13 23:30:00+00:00,6.17,6.18,6.15,6.1518,19260.0,16.0,6.154748
BB,2026-05-13 23:35:00+00:00,6.16,6.17,6.15,6.16,6900.0,7.0,6.160145
BB,2026-05-13 23:40:00+00:00,6.1513,6.1692,6.15,6.1692,8872.0,4.0,6.151221
BB,2026-05-13 23:45:00+00:00,6.16,6.16,6.15,6.1539,1430.0,5.0,6.1577
BB,2026-05-13 23:50:00+00:00,6.15,6.1535,6.15,6.15,2560.0,8.0,6.150413
BB,2026-05-13 23:55:00+00:00,6.15,6.16,6.15,6.16,1593.0,10.0,6.151361
BB,2026-05-14 08:00:00+00:00,6.15,6.15,6.07,6.11,7813.0,74.0,6.11799
BB,2026-05-14 08:05:00+00:00,6.12,6.12,6.1,6.1,2112.0,11.0,6.108411
BB,2026-05-14 08:10:00+00:00,6.1,6.12,6.1,6.1182,1348.0,4.0,6.105059
BB,2026-05-14 08:30:00+00:00,6.1,6.1,6.095,6.095,1269.0,5.0,6.096454
BB,2026-05-14 08:40:00+00:00,6.09,6.0905,6.09,6.0905,439.0,4.0,6.090125
BB,2026-05-14 08:45:00+00:00,6.0905,6.0995,6.09,6.0995,1574.0,9.0,6.093468
BB,2026-05-14 08:50:00+00:00,6.1,6.1,6.09,6.1,5680.0,4.0,6.097067
BB,2026-05-14 09:00:00+00:00,6.09,6.09,6.09,6.09,432.0,2.0,6.09
BB,2026-05-14 09:10:00+00:00,6.0512,6.0512,6.0512,6.0512,1250.0,2.0,6.0512
BB,2026-05-14 09:55:00+00:00,6.08,6.08,6.08,6.08,300.0,1.0,6.08
BB,2026-05-14 10:00:00+00:00,6.08,6.08,6.05,6.05,350.0,2.0,6.071429
BB,2026-05-14 10:10:00+00:00,6.08,6.08,6.08,6.08,1423.0,1.0,6.08
BB,2026-05-14 10:20:00+00:00,6.1,6.1,6.0803,6.1,2754.0,11.0,6.099242
BB,2026-05-14 10:30:00+00:00,6.1,6.1,6.1,6.1,147.0,3.0,6.1
BB,2026-05-14 10:55:00+00:00,6.11,6.11,6.11,6.11,200.0,1.0,6.11
BB,2026-05-14 11:00:00+00:00,6.1013,6.11,6.1,6.1,9304.0,14.0,6.107595
BB,2026-05-14 11:05:00+00:00,6.11,6.11,6.1,6.11,7065.0,13.0,6.102348
BB,2026-05-14 11:15:00+00:00,6.11,6.11,6.11,6.11,443.0,8.0,6.11
BB,2026-05-14 11:20:00+00:00,6.1,6.1,6.1,6.1,150.0,1.0,6.1
BB,2026-05-14 11:25:00+00:00,6.1096,6.11,6.1096,6.11,351.0,3.0,6.109714
BB,2026-05-14 11:30:00+00:00,6.1087,6.1087,6.1001,6.1001,500.0,2.0,6.10354
BB,2026-05-14 11:40:00+00:00,6.11,6.11,6.11,6.11,950.0,2.0,6.11
BB,2026-05-14 11:45:00+00:00,6.1007,6.12,6.1,6.12,1824.0,12.0,6.116099
BB,2026-05-14 11:50:00+00:00,6.12,6.12,6.12,6.12,727.0,3.0,6.12
BB,2026-05-14 11:55:00+00:00,6.1,6.1161,6.09,6.1161,2890.0,15.0,6.098193
BB,2026-05-14 12:00:00+00:00,6.1199,6.12,6.105,6.12,1804.0,10.0,6.114855
BB,2026-05-14 12:05:00+00:00,6.1,6.12,6.1,6.1101,3949.0,11.0,6.11805
BB,2026-05-14 12:10:00+00:00,6.1195,6.12,6.11,6.12,1474.0,12.0,6.116603
BB,2026-05-14 12:15:00+00:00,6.12,6.12,6.115,6.115,1879.0,7.0,6.117088
BB,2026-05-14 12:20:00+00:00,6.11,6.12,6.1,6.1,100103.0,9.0,6.10101
BB,2026-05-14 12:25:00+00:00,6.11,6.11,6.09,6.11,2066.0,14.0,6.101025
BB,2026-05-14 12:30:00+00:00,6.1193,6.1193,6.11,6.11,902.0,4.0,6.111033
BB,2026-05-14 12:35:00+00:00,6.11,6.12,6.11,6.1187,1165.0,8.0,6.116637
BB,2026-05-14 12:40:00+00:00,6.1184,6.12,6.1184,6.12,3495.0,5.0,6.119833
BB,2026-05-14 12:45:00+00:00,6.1,6.12,6.1,6.12,1364.0,4.0,6.105119
BB,2026-05-14 12:50:00+00:00,6.12,6.12,6.1,6.1,3309.0,9.0,6.112145
BB,2026-05-14 12:55:00+00:00,6.12,6.12,6.1,6.1,3416.0,13.0,6.11242
BB,2026-05-14 13:00:00+00:00,6.12,6.12,6.1,6.1,2001.0,3.0,6.11
BB,2026-05-14 13:05:00+00:00,6.11,6.11,6.1,6.1,4260.0,25.0,6.101884
BB,2026-05-14 13:10:00+00:00,6.0916,6.1,6.0801,6.0801,5102.0,11.0,6.091491
BB,2026-05-14 13:15:00+00:00,6.081,6.1,6.081,6.1,5354.0,13.0,6.088454
BB,2026-05-14 13:20:00+00:00,6.0821,6.1198,6.07,6.07,6501.0,66.0,6.09039
BB,2026-05-14 13:25:00+00:00,6.08,6.11,6.065,6.11,10198.0,51.0,6.077053
BB,2026-05-14 13:30:00+00:00,6.1,6.17,6.06,6.132,374404.0,920.0,6.128379
BB,2026-05-14 13:35:00+00:00,6.136,6.165,6.0802,6.145,241449.0,800.0,6.133879
BB,2026-05-14 13:40:00+00:00,6.1499,6.19,6.092,6.1791,224409.0,578.0,6.134533
BB,2026-05-14 13:45:00+00:00,6.18,6.24,6.115,6.205,797368.0,1525.0,6.184522
BB,2026-05-14 13:50:00+00:00,6.2,6.275,6.19,6.245,395234.0,918.0,6.231954
BB,2026-05-14 13:55:00+00:00,6.2499,6.27,6.18,6.205,548630.0,1220.0,6.213866
BB,2026-05-14 14:00:00+00:00,6.21,6.34,6.2001,6.32,511116.0,1332.0,6.297821
BB,2026-05-14 14:05:00+00:00,6.3199,6.36,6.27,6.3411,463192.0,1108.0,6.31158
BB,2026-05-14 14:10:00+00:00,6.345,6.365,6.32,6.33,879463.0,2012.0,6.340856
BB,2026-05-14 14:15:00+00:00,6.32,6.355,6.29,6.31,687459.0,1316.0,6.33041
BB,2026-05-14 14:20:00+00:00,6.315,6.395,6.31,6.38,771519.0,1749.0,6.362275
BB,2026-05-14 14:25:00+00:00,6.37,6.375,6.32,6.32,505803.0,1396.0,6.354364
BB,2026-05-14 14:30:00+00:00,6.325,6.35,6.23,6.245,322953.0,781.0,6.292515
BB,2026-05-14 14:35:00+00:00,6.2403,6.275,6.23,6.25,238055.0,625.0,6.255066
BB,2026-05-14 14:40:00+00:00,6.2525,6.2799,6.24,6.265,135046.0,431.0,6.262763
BB,2026-05-14 14:45:00+00:00,6.2697,6.295,6.2697,6.28,157072.0,390.0,6.283942
BB,2026-05-14 14:50:00+00:00,6.2899,6.29,6.23,6.245,396195.0,868.0,6.247404
BB,2026-05-14 14:55:00+00:00,6.245,6.28,6.24,6.259,248959.0,581.0,6.261217
BB,2026-05-14 15:00:00+00:00,6.255,6.31,6.255,6.2863,358143.0,741.0,6.282746
BB,2026-05-14 15:05:00+00:00,6.2847,6.3291,6.27,6.3051,417342.0,1016.0,6.298739
BB,2026-05-14 15:10:00+00:00,6.305,6.32,6.2801,6.305,437245.0,1065.0,6.301071
BB,2026-05-14 15:15:00+00:00,6.3041,6.3068,6.28,6.2879,114308.0,315.0,6.291275
BB,2026-05-14 15:20:00+00:00,6.285,6.29,6.27,6.275,95996.0,239.0,6.279677
BB,2026-05-14 15:25:00+00:00,6.2752,6.31,6.27,6.2999,147546.0,506.0,6.293729
BB,2026-05-14 15:30:00+00:00,6.299,6.3375,6.2936,6.3209,271885.0,664.0,6.318257
BB,2026-05-14 15:35:00+00:00,6.325,6.34,6.28,6.2801,275081.0,496.0,6.309814
BB,2026-05-14 15:40:00+00:00,6.285,6.29,6.2801,6.2892,130558.0,218.0,6.286258
BB,2026-05-14 15:45:00+00:00,6.285,6.3,6.28,6.2845,127828.0,278.0,6.289579
BB,2026-05-14 15:50:00+00:00,6.29,6.3055,6.28,6.3055,237256.0,474.0,6.295494
BB,2026-05-14 15:55:00+00:00,6.3012,6.3089,6.29,6.295,37057.0,184.0,6.300258
BB,2026-05-14 16:00:00+00:00,6.3,6.31,6.29,6.3077,179446.0,302.0,6.302251
BB,2026-05-14 16:05:00+00:00,6.305,6.32,6.301,6.315,53583.0,245.0,6.311227
BB,2026-05-14 16:10:00+00:00,6.3199,6.35,6.3043,6.345,269378.0,685.0,6.327488
BB,2026-05-14 16:15:00+00:00,6.35,6.36,6.3211,6.3293,357973.0,553.0,6.336154
BB,2026-05-14 16:20:00+00:00,6.325,6.34,6.32,6.325,107309.0,274.0,6.329433
BB,2026-05-14 16:25:00+00:00,6.3219,6.33,6.31,6.3101,127089.0,290.0,6.31763
BB,2026-05-14 16:30:00+00:00,6.315,6.3286,6.29,6.305,220045.0,462.0,6.30783
BB,2026-05-14 16:35:00+00:00,6.3001,6.32,6.28,6.31,209785.0,424.0,6.300303
BB,2026-05-14 16:40:00+00:00,6.3,6.32,6.3,6.3112,81181.0,284.0,6.309677
BB,2026-05-14 16:45:00+00:00,6.31,6.32,6.28,6.3156,242484.0,411.0,6.300975
BB,2026-05-14 16:50:00+00:00,6.315,6.3171,6.29,6.2925,61138.0,198.0,6.304371
BB,2026-05-14 16:55:00+00:00,6.29,6.3,6.2801,6.3,154331.0,378.0,6.291968
BB,2026-05-14 17:00:00+00:00,6.295,6.325,6.295,6.3115,103423.0,336.0,6.31325
BB,2026-05-14 17:05:00+00:00,6.315,6.3177,6.295,6.315,57254.0,227.0,6.305524
BB,2026-05-14 17:10:00+00:00,6.31,6.3174,6.2399,6.245,681864.0,1251.0,6.268631
BB,2026-05-14 17:15:00+00:00,6.24,6.26,6.18,6.1879,596655.0,990.0,6.241857
BB,2026-05-14 17:20:00+00:00,6.185,6.2,6.18,6.1897,213878.0,385.0,6.192372
BB,2026-05-14 17:25:00+00:00,6.185,6.2,6.18,6.19,132722.0,289.0,6.187961
BB,2026-05-14 17:30:00+00:00,6.181,6.21,6.18,6.205,169582.0,279.0,6.202051
BB,2026-05-14 17:35:00+00:00,6.205,6.2285,6.2,6.2285,222858.0,259.0,6.209284
BB,2026-05-14 17:40:00+00:00,6.23,6.245,6.203,6.2038,107788.0,288.0,6.224085
BB,2026-05-14 17:45:00+00:00,6.205,6.22,6.2,6.215,98100.0,294.0,6.209726
BB,2026-05-14 17:50:00+00:00,6.22,6.22,6.2,6.205,30592.0,185.0,6.212779
BB,2026-05-14 17:55:00+00:00,6.21,6.2151,6.17,6.175,175782.0,441.0,6.200705
BB,2026-05-14 18:00:00+00:00,6.17,6.17,6.15,6.17,172057.0,420.0,6.164259
BB,2026-05-14 18:05:00+00:00,6.165,6.19,6.165,6.185,216570.0,327.0,6.181595
BB,2026-05-14 18:10:00+00:00,6.185,6.22,6.1801,6.215,655454.0,1131.0,6.199153
BB,2026-05-14 18:15:00+00:00,6.215,6.215,6.15,6.155,384071.0,849.0,6.170887
BB,2026-05-14 18:20:00+00:00,6.155,6.16,6.15,6.155,66500.0,221.0,6.156399
BB,2026-05-14 18:25:00+00:00,6.155,6.16,6.1412,6.155,133565.0,451.0,6.150443
BB,2026-05-14 18:30:00+00:00,6.1501,6.19,6.1501,6.185,182882.0,349.0,6.172922
BB,2026-05-14 18:35:00+00:00,6.1897,6.19,6.145,6.1499,375831.0,443.0,6.163429
BB,2026-05-14 18:40:00+00:00,6.15,6.155,6.13,6.1311,89978.0,235.0,6.143329
BB,2026-05-14 18:45:00+00:00,6.135,6.14,6.125,6.135,245501.0,320.0,6.134126
BB,2026-05-14 18:50:00+00:00,6.135,6.14,6.12,6.135,257495.0,368.0,6.130173
BB,2026-05-14 18:55:00+00:00,6.135,6.14,6.115,6.125,142840.0,319.0,6.128986
BB,2026-05-14 19:00:00+00:00,6.13,6.15,6.13,6.15,98268.0,277.0,6.141007
BB,2026-05-14 19:05:00+00:00,6.15,6.1567,6.145,6.15,147084.0,251.0,6.150386
BB,2026-05-14 19:10:00+00:00,6.1499,6.16,6.132,6.1329,126984.0,298.0,6.145219
BB,2026-05-14 19:15:00+00:00,6.135,6.15,6.135,6.145,53626.0,229.0,6.143478
BB,2026-05-14 19:20:00+00:00,6.145,6.16,6.14,6.145,136674.0,344.0,6.147378
BB,2026-05-14 19:25:00+00:00,6.14,6.15,6.12,6.135,313730.0,633.0,6.135608
BB,2026-05-14 19:30:00+00:00,6.135,6.16,6.135,6.145,349282.0,769.0,6.150501
BB,2026-05-14 19:35:00+00:00,6.145,6.16,6.14,6.145,63392.0,273.0,6.150738
BB,2026-05-14 19:40:00+00:00,6.145,6.16,6.1401,6.1499,71608.0,295.0,6.149247
BB,2026-05-14 19:45:00+00:00,6.145,6.15,6.14,6.1499,41451.0,348.0,6.146521
BB,2026-05-14 19:50:00+00:00,6.145,6.16,6.14,6.1573,198273.0,729.0,6.151573
BB,2026-05-14 19:55:00+00:00,6.155,6.18,6.145,6.18,1399134.0,2389.0,6.161502
BB,2026-05-14 20:00:00+00:00,6.18,6.18,6.18,6.18,447158.0,21.0,6.18
BB,2026-05-14 20:05:00+00:00,6.17,6.17,6.16,6.17,4505.0,7.0,6.162557
BB,2026-05-14 20:10:00+00:00,6.16,6.16,6.16,6.16,905.0,9.0,6.16
BB,2026-05-14 20:15:00+00:00,6.16,6.16,6.16,6.16,5823.0,31.0,6.16
BB,2026-05-14 20:25:00+00:00,6.18,6.18,6.17,6.1788,712.0,6.0,6.177571
BB,2026-05-14 20:35:00+00:00,6.18,6.18,6.17,6.17,4725.0,3.0,6.179786
BB,2026-05-14 20:40:00+00:00,6.1605,6.1605,6.1605,6.1605,550.0,2.0,6.1605
BB,2026-05-14 20:55:00+00:00,6.17,6.17,6.17,6.17,1000.0,1.0,6.17
BB,2026-05-14 21:00:00+00:00,6.18,6.18,6.18,6.18,500.0,1.0,6.18
BB,2026-05-14 21:05:00+00:00,6.17,6.1735,6.142,6.142,1020.0,12.0,6.166948
BB,2026-05-14 21:10:00+00:00,6.1439,6.1439,6.1439,6.1439,3000.0,1.0,6.1439
BB,2026-05-14 21:20:00+00:00,6.15,6.15,6.15,6.15,130.0,2.0,6.15
BB,2026-05-14 21:25:00+00:00,6.1697,6.1697,6.1697,6.1697,1001.0,2.0,6.1697
BB,2026-05-14 21:35:00+00:00,6.1428,6.1699,6.1428,6.1699,2725.0,4.0,6.165378
BB,2026-05-14 21:45:00+00:00,6.1401,6.17,6.1401,6.17,660.0,5.0,6.164845
BB,2026-05-14 21:50:00+00:00,6.17,6.17,6.1501,6.1501,3850.0,4.0,6.159652
BB,2026-05-14 21:55:00+00:00,6.157,6.1696,6.1505,6.1696,556.0,7.0,6.159163
BB,2026-05-14 22:10:00+00:00,6.17,6.17,6.17,6.17,1129.0,3.0,6.17
BB,2026-05-14 22:15:00+00:00,6.17,6.17,6.15,6.15,500.0,4.0,6.156012
BB,2026-05-14 22:30:00+00:00,6.16,6.17,6.16,6.17,701.0,5.0,6.162857
BB,2026-05-14 22:35:00+00:00,6.16,6.16,6.15,6.15,702.0,3.0,6.151429
BB,2026-05-14 22:40:00+00:00,6.16,6.1674,6.15,6.1674,2000.0,6.0,6.156815
BB,2026-05-14 22:45:00+00:00,6.1689,6.1696,6.15,6.1512,878.0,5.0,6.158457
BB,2026-05-14 22:50:00+00:00,6.1674,6.1674,6.1674,6.1674,5006.0,2.0,6.1674
BB,2026-05-14 22:55:00+00:00,6.17,6.17,6.17,6.17,400.0,3.0,6.17
BB,2026-05-14 23:05:00+00:00,6.15,6.15,6.15,6.15,110.0,2.0,6.15
BB,2026-05-14 23:25:00+00:00,6.16,6.16,6.16,6.16,275.0,1.0,6.16
BB,2026-05-14 23:40:00+00:00,6.17,6.18,6.1699,6.1774,9001.0,15.0,6.172396
BB,2026-05-14 23:50:00+00:00,6.17,6.17,6.17,6.17,400.0,2.0,6.17
BB,2026-05-14 23:55:00+00:00,6.17,6.17,6.15,6.17,6144.0,17.0,6.160571
BB,2026-05-15 08:00:00+00:00,6.07,6.17,6.01,6.04,70246.0,116.0,6.080717
BB,2026-05-15 08:05:00+00:00,6.04,6.04,6.04,6.04,1500.0,1.0,6.04
BB,2026-05-15 08:10:00+00:00,6.09,6.09,6.09,6.09,1718.0,21.0,6.09
BB,2026-05-15 08:15:00+00:00,6.1,6.1,6.1,6.1,1503.0,12.0,6.1
BB,2026-05-15 08:20:00+00:00,6.0905,6.095,6.09,6.09,698.0,7.0,6.090924
BB,2026-05-15 08:25:00+00:00,6.09,6.09,6.09,6.09,1199.0,20.0,6.09
BB,2026-05-15 08:30:00+00:00,6.04,6.05,6.04,6.05,2690.0,7.0,6.04092
BB,2026-05-15 08:35:00+00:00,6.08,6.08,6.08,6.08,1000.0,1.0,6.08
BB,2026-05-15 08:40:00+00:00,6.04,6.06,6.04,6.06,16335.0,2.0,6.04041
BB,2026-05-15 08:50:00+00:00,6.08,6.08,6.08,6.08,1300.0,1.0,6.08
BB,2026-05-15 08:55:00+00:00,6.1,6.1,6.1,6.1,100.0,1.0,6.1
BB,2026-05-15 09:00:00+00:00,6.07,6.07,6.07,6.07,250.0,2.0,6.07
BB,2026-05-15 09:10:00+00:00,6.1,6.1,6.1,6.1,250.0,1.0,6.1
BB,2026-05-15 09:15:00+00:00,6.07,6.1,6.07,6.1,1008.0,4.0,6.092552
BB,2026-05-15 09:25:00+00:00,6.07,6.07,6.0,6.0,18891.0,65.0,6.016565
BB,2026-05-15 09:30:00+00:00,6.01,6.02,6.01,6.02,1471.0,16.0,6.011961
BB,2026-05-15 09:35:00+00:00,6.01,6.01,6.01,6.01,1738.0,12.0,6.01
BB,2026-05-15 09:55:00+00:00,6.0176,6.02,6.01,6.02,445.0,4.0,6.0169
BB,2026-05-15 10:00:00+00:00,6.0185,6.0185,6.01,6.01,1000.0,2.0,6.01425
BB,2026-05-15 10:05:00+00:00,6.011,6.011,6.01,6.01,2030.0,3.0,6.0105
BB,2026-05-15 10:15:00+00:00,6.09,6.09,6.09,6.09,125.0,1.0,6.09
BB,2026-05-15 10:20:00+00:00,6.06,6.06,6.06,6.06,768.0,3.0,6.06
BB,2026-05-15 10:25:00+00:00,6.09,6.09,6.09,6.09,112.0,3.0,6.09
BB,2026-05-15 10:30:00+00:00,6.09,6.09,6.06,6.07,1421.0,7.0,6.08005
BB,2026-05-15 10:35:00+00:00,6.04,6.04,6.04,6.04,587.0,4.0,6.04
BB,2026-05-15 10:40:00+00:00,6.04,6.06,6.04,6.06,1010.0,4.0,6.05654
BB,2026-05-15 10:45:00+00:00,6.09,6.09,6.09,6.09,1000.0,4.0,6.09
BB,2026-05-15 10:55:00+00:00,6.06,6.06,6.06,6.06,400.0,1.0,6.06
BB,2026-05-15 11:00:00+00:00,6.06,6.09,6.04,6.04,13556.0,64.0,6.071393
BB,2026-05-15 11:05:00+00:00,6.037,6.037,6.02,6.02,2508.0,8.0,6.034216
BB,2026-05-15 11:10:00+00:00,6.05,6.05,6.02,6.02,2028.0,5.0,6.035
BB,2026-05-15 11:15:00+00:00,6.05,6.05,6.04,6.04,7261.0,9.0,6.049581
BB,2026-05-15 11:20:00+00:00,6.05,6.05,6.05,6.05,3168.0,6.0,6.05
BB,2026-05-15 11:30:00+00:00,6.04,6.04,6.03,6.0366,1769.0,5.0,6.033816
BB,2026-05-15 11:35:00+00:00,6.05,6.05,6.0212,6.0212,1231.0,3.0,6.046243
BB,2026-05-15 11:40:00+00:00,6.0475,6.06,6.0475,6.05,1399.0,13.0,6.052765
BB,2026-05-15 11:45:00+00:00,6.05,6.0735,6.05,6.05,4047.0,20.0,6.059576
BB,2026-05-15 11:50:00+00:00,6.0722,6.08,6.0614,6.07,2352.0,18.0,6.071727
BB,2026-05-15 11:55:00+00:00,6.02,6.02,6.01,6.02,6821.0,26.0,6.014086
BB,2026-05-15 12:00:00+00:00,6.03,6.04,6.03,6.04,931.0,9.0,6.032754
BB,2026-05-15 12:05:00+00:00,6.03,6.03,6.0,6.0,11552.0,32.0,6.010364
BB,2026-05-15 12:10:00+00:00,6.0084,6.0084,6.0084,6.0084,500.0,1.0,6.0084
BB,2026-05-15 12:15:00+00:00,6.0345,6.0345,6.0345,6.0345,200.0,1.0,6.0345
BB,2026-05-15 12:20:00+00:00,6.03,6.03,6.01,6.0205,2751.0,4.0,6.021988
BB,2026-05-15 12:25:00+00:00,6.01,6.025,6.01,6.025,2815.0,5.0,6.0157
BB,2026-05-15 12:30:00+00:00,6.01,6.0102,6.0003,6.0102,2075.0,12.0,6.008188
BB,2026-05-15 12:35:00+00:00,6.0103,6.0115,6.01,6.0103,5872.0,7.0,6.010472
BB,2026-05-15 12:40:00+00:00,6.02,6.04,6.02,6.0338,11172.0,23.0,6.022066
BB,2026-05-15 12:45:00+00:00,6.0278,6.04,5.995,5.995,10564.0,46.0,6.013546
BB,2026-05-15 12:50:00+00:00,6.0,6.005,5.96,5.96,7807.0,56.0,5.987066
BB,2026-05-15 12:55:00+00:00,5.9787,6.0,5.9605,6.0,8541.0,21.0,5.978169
BB,2026-05-15 13:00:00+00:00,5.9974,6.0,5.98,5.98,8223.0,23.0,5.990136
BB,2026-05-15 13:05:00+00:00,6.0,6.0,5.98,6.0,8237.0,17.0,5.98907
BB,2026-05-15 13:10:00+00:00,6.02,6.02,6.0,6.0,7267.0,15.0,6.009137
BB,2026-05-15 13:15:00+00:00,6.08,6.08,6.02,6.02,1963.0,8.0,6.03739
BB,2026-05-15 13:20:00+00:00,6.08,6.08,6.01,6.03,1786.0,14.0,6.035457
BB,2026-05-15 13:25:00+00:00,6.03,6.07,6.03,6.0697,3418.0,13.0,6.061335
BB,2026-05-15 13:30:00+00:00,6.07,6.08,5.962,6.025,506598.0,905.0,6.029707
BB,2026-05-15 13:35:00+00:00,6.0298,6.0299,5.9614,5.965,398051.0,644.0,5.991747
BB,2026-05-15 13:40:00+00:00,5.965,6.025,5.965,5.985,187181.0,516.0,6.000646
BB,2026-05-15 13:45:00+00:00,5.985,6.0559,5.97,6.045,337074.0,704.0,6.00208
BB,2026-05-15 13:50:00+00:00,6.045,6.055,6.0,6.0522,123876.0,356.0,6.023893
BB,2026-05-15 13:55:00+00:00,6.0598,6.07,6.02,6.025,275799.0,620.0,6.044948
BB,2026-05-15 14:00:00+00:00,6.025,6.065,6.01,6.035,219368.0,449.0,6.044234
BB,2026-05-15 14:05:00+00:00,6.035,6.07,6.03,6.055,118159.0,315.0,6.046073
BB,2026-05-15 14:10:00+00:00,6.055,6.105,6.035,6.095,258625.0,463.0,6.077252
BB,2026-05-15 14:15:00+00:00,6.1,6.1092,6.085,6.095,195796.0,328.0,6.097248
BB,2026-05-15 14:20:00+00:00,6.095,6.12,6.08,6.095,263969.0,352.0,6.100695
BB,2026-05-15 14:25:00+00:00,6.0901,6.0999,6.08,6.08,131669.0,313.0,6.086653
BB,2026-05-15 14:30:00+00:00,6.09,6.105,6.08,6.095,232728.0,399.0,6.093808
BB,2026-05-15 14:35:00+00:00,6.09,6.105,6.07,6.1,129480.0,404.0,6.08772
BB,2026-05-15 14:40:00+00:00,6.1,6.125,6.095,6.105,212975.0,356.0,6.110602
BB,2026-05-15 14:45:00+00:00,6.105,6.1092,6.07,6.0797,150297.0,313.0,6.08701
BB,2026-05-15 14:50:00+00:00,6.079,6.1156,6.07,6.115,213690.0,361.0,6.094558
BB,2026-05-15 14:55:00+00:00,6.115,6.12,6.09,6.095,131292.0,392.0,6.102806
BB,2026-05-15 15:00:00+00:00,6.095,6.1,6.075,6.095,116370.0,286.0,6.086907
BB,2026-05-15 15:05:00+00:00,6.095,6.165,6.09,6.155,264230.0,449.0,6.129348
BB,2026-05-15 15:10:00+00:00,6.1535,6.19,6.145,6.185,389409.0,504.0,6.167
BB,2026-05-15 15:15:00+00:00,6.185,6.185,6.11,6.152,612688.0,905.0,6.144734
BB,2026-05-15 15:20:00+00:00,6.16,6.19,6.16,6.175,236446.0,324.0,6.172734
BB,2026-05-15 15:25:00+00:00,6.1719,6.195,6.17,6.195,145839.0,378.0,6.183871
BB,2026-05-15 15:30:00+00:00,6.195,6.21,6.19,6.205,239663.0,330.0,6.202148
BB,2026-05-15 15:35:00+00:00,6.205,6.23,6.2,6.205,313774.0,387.0,6.216516
BB,2026-05-15 15:40:00+00:00,6.209,6.229,6.1901,6.195,179015.0,267.0,6.211463
BB,2026-05-15 15:45:00+00:00,6.195,6.24,6.1906,6.2302,254835.0,408.0,6.21798
BB,2026-05-15 15:50:00+00:00,6.235,6.24,6.2,6.205,171483.0,301.0,6.219195
BB,2026-05-15 15:55:00+00:00,6.2,6.2,6.17,6.1975,193572.0,322.0,6.187274
BB,2026-05-15 16:00:00+00:00,6.1948,6.2066,6.19,6.195,121698.0,167.0,6.195897
BB,2026-05-15 16:05:00+00:00,6.19,6.24,6.19,6.235,176292.0,305.0,6.222134
BB,2026-05-15 16:10:00+00:00,6.24,6.26,6.225,6.255,268815.0,417.0,6.240272
BB,2026-05-15 16:15:00+00:00,6.255,6.29,6.25,6.275,364268.0,434.0,6.271606
BB,2026-05-15 16:20:00+00:00,6.275,6.3,6.25,6.25,563896.0,600.0,6.27661
BB,2026-05-15 16:25:00+00:00,6.255,6.2574,6.23,6.245,441835.0,597.0,6.242801
BB,2026-05-15 16:30:00+00:00,6.245,6.25,6.23,6.2399,137948.0,256.0,6.24087
BB,2026-05-15 16:35:00+00:00,6.235,6.25,6.22,6.2355,244797.0,356.0,6.232247
BB,2026-05-15 16:40:00+00:00,6.235,6.235,6.2,6.205,77083.0,246.0,6.219711
BB,2026-05-15 16:45:00+00:00,6.205,6.22,6.2045,6.215,74803.0,184.0,6.214714
BB,2026-05-15 16:50:00+00:00,6.21,6.2286,6.2,6.2099,82506.0,249.0,6.213219
BB,2026-05-15 16:55:00+00:00,6.205,6.2399,6.205,6.2399,120361.0,314.0,6.217584
BB,2026-05-15 17:00:00+00:00,6.235,6.24,6.21,6.215,137704.0,271.0,6.22199
BB,2026-05-15 17:05:00+00:00,6.2101,6.2199,6.19,6.1961,168354.0,227.0,6.21245
BB,2026-05-15 17:10:00+00:00,6.195,6.2,6.18,6.185,119397.0,242.0,6.190546
BB,2026-05-15 17:15:00+00:00,6.185,6.1936,6.18,6.1827,37304.0,131.0,6.188289
BB,2026-05-15 17:20:00+00:00,6.1898,6.2499,6.1816,6.2335,530036.0,856.0,6.204773
BB,2026-05-15 17:25:00+00:00,6.235,6.235,6.1925,6.1999,180779.0,382.0,6.207754
BB,2026-05-15 17:30:00+00:00,6.2,6.23,6.1923,6.21,221988.0,345.0,6.209416
BB,2026-05-15 17:35:00+00:00,6.21,6.219,6.205,6.205,226508.0,287.0,6.206796
BB,2026-05-15 17:40:00+00:00,6.215,6.22,6.18,6.1851,233210.0,362.0,6.19457
BB,2026-05-15 17:45:00+00:00,6.19,6.195,6.185,6.195,51816.0,148.0,6.190923
BB,2026-05-15 17:50:00+00:00,6.1962,6.2063,6.18,6.1801,158307.0,237.0,6.190414
BB,2026-05-15 17:55:00+00:00,6.185,6.1899,6.18,6.185,34303.0,103.0,6.183882
BB,2026-05-15 18:00:00+00:00,6.19,6.21,6.18,6.1957,298892.0,410.0,6.19341
BB,2026-05-15 18:05:00+00:00,6.195,6.2,6.1801,6.1801,53545.0,188.0,6.19301
BB,2026-05-15 18:10:00+00:00,6.185,6.205,6.18,6.185,261906.0,427.0,6.195785
BB,2026-05-15 18:15:00+00:00,6.182,6.1885,6.17,6.175,72315.0,221.0,6.179507
BB,2026-05-15 18:20:00+00:00,6.17,6.185,6.15,6.155,116859.0,255.0,6.17134
BB,2026-05-15 18:25:00+00:00,6.155,6.16,6.14,6.145,57784.0,165.0,6.148309
BB,2026-05-15 18:30:00+00:00,6.145,6.15,6.12,6.1215,209248.0,352.0,6.133453
BB,2026-05-15 18:35:00+00:00,6.125,6.1599,6.125,6.155,177912.0,265.0,6.141884
BB,2026-05-15 18:40:00+00:00,6.15,6.175,6.15,6.1746,45887.0,137.0,6.163682
BB,2026-05-15 18:45:00+00:00,6.18,6.18,6.16,6.165,54916.0,159.0,6.168188
BB,2026-05-15 18:50:00+00:00,6.165,6.165,6.14,6.155,130123.0,331.0,6.155399
BB,2026-05-15 18:55:00+00:00,6.15,6.155,6.125,6.1351,252031.0,374.0,6.141187
BB,2026-05-15 19:00:00+00:00,6.14,6.16,6.14,6.155,109166.0,240.0,6.150501
BB,2026-05-15 19:05:00+00:00,6.155,6.17,6.155,6.17,92593.0,282.0,6.160123
BB,2026-05-15 19:10:00+00:00,6.165,6.1665,6.14,6.15,120723.0,253.0,6.153151
BB,2026-05-15 19:15:00+00:00,6.15,6.155,6.13,6.145,177857.0,501.0,6.142266
BB,2026-05-15 19:20:00+00:00,6.145,6.1581,6.14,6.14,91542.0,177.0,6.148958
BB,2026-05-15 19:25:00+00:00,6.145,6.1599,6.1401,6.145,76316.0,261.0,6.150583
BB,2026-05-15 19:30:00+00:00,6.145,6.16,6.14,6.145,131693.0,339.0,6.147373
BB,2026-05-15 19:35:00+00:00,6.149,6.185,6.145,6.185,262736.0,482.0,6.166834
BB,2026-05-15 19:40:00+00:00,6.185,6.19,6.16,6.16,231924.0,483.0,6.17405
BB,2026-05-15 19:45:00+00:00,6.165,6.17,6.15,6.16,202581.0,472.0,6.158315
BB,2026-05-15 19:50:00+00:00,6.16,6.175,6.155,6.16,265567.0,710.0,6.165281
BB,2026-05-15 19:55:00+00:00,6.165,6.19,6.14,6.18,2323921.0,3059.0,6.162922
BB,2026-05-15 20:00:00+00:00,6.18,6.2,6.18,6.2,1122541.0,23.0,6.190018
BB,2026-05-15 20:05:00+00:00,6.1278,6.19,6.1278,6.19,941.0,6.0,6.183239
BB,2026-05-15 20:10:00+00:00,6.1178,6.16,6.1178,6.16,1048.0,14.0,6.140447
BB,2026-05-15 20:15:00+00:00,6.11,6.11,6.11,6.11,120.0,2.0,6.11
BB,2026-05-15 20:20:00+00:00,6.15,6.16,6.11,6.16,3017.0,7.0,6.146437
BB,2026-05-15 20:25:00+00:00,6.17,6.17,6.1219,6.15,2606.0,8.0,6.15118
BB,2026-05-15 20:30:00+00:00,6.16,6.16,6.16,6.16,500.0,1.0,6.16
BB,2026-05-15 20:35:00+00:00,6.17,6.18,6.16,6.16,2549.0,8.0,6.172804
BB,2026-05-15 20:45:00+00:00,6.18,6.18,6.18,6.18,200.0,1.0,6.18
BB,2026-05-15 21:00:00+00:00,6.15,6.15,6.15,6.15,501.0,2.0,6.15
BB,2026-05-15 21:05:00+00:00,6.1159,6.1159,6.1159,6.1159,601.0,2.0,6.1159
BB,2026-05-15 21:15:00+00:00,6.11,6.11,6.11,6.11,124.0,1.0,6.11
BB,2026-05-15 21:20:00+00:00,6.13,6.13,6.13,6.13,502.0,2.0,6.13
BB,2026-05-15 21:25:00+00:00,6.1328,6.1328,6.1328,6.1328,525.0,1.0,6.1328
BB,2026-05-15 21:30:00+00:00,6.1301,6.17,6.1301,6.15,8450.0,4.0,6.140548
BB,2026-05-15 21:45:00+00:00,6.17,6.17,6.17,6.17,1201.0,31.0,6.17
BB,2026-05-15 22:05:00+00:00,6.17,6.17,6.17,6.17,387.0,2.0,6.17
BB,2026-05-15 22:10:00+00:00,6.1703,6.1739,6.1703,6.1739,1292.0,3.0,6.171415
BB,2026-05-15 22:20:00+00:00,6.2,6.2,6.19,6.19,558.0,5.0,6.194
BB,2026-05-15 22:30:00+00:00,6.1709,6.1709,6.1709,6.1709,2000.0,1.0,6.1709
BB,2026-05-15 22:35:00+00:00,6.19,6.19,6.19,6.19,124.0,1.0,6.19
BB,2026-05-15 22:50:00+00:00,6.16,6.16,6.16,6.16,1100.0,1.0,6.16
BB,2026-05-15 22:55:00+00:00,6.17,6.17,6.17,6.17,615.0,2.0,6.17
BB,2026-05-15 23:00:00+00:00,6.17,6.17,6.17,6.17,6000.0,1.0,6.17
BB,2026-05-15 23:05:00+00:00,6.14,6.14,6.1,6.13,159486.0,29.0,6.102167
BB,2026-05-15 23:10:00+00:00,6.15,6.1535,6.1425,6.1535,4319.0,7.0,6.146698
BB,2026-05-15 23:15:00+00:00,6.1486,6.15,6.13,6.13,2800.0,3.0,6.146143
BB,2026-05-15 23:25:00+00:00,6.13,6.13,6.11,6.11,1100.0,2.0,6.128182
BB,2026-05-15 23:45:00+00:00,6.16,6.16,6.1513,6.1535,4680.0,5.0,6.152903
BB,2026-05-15 23:55:00+00:00,6.1501,6.16,6.1501,6.155,303.0,4.0,6.155033
BB,2026-05-18 08:00:00+00:00,6.16,6.18,6.06,6.18,10693.0,60.0,6.128473
BB,2026-05-18 08:05:00+00:00,6.18,6.18,6.15,6.15,708.0,2.0,6.154237
BB,2026-05-18 08:15:00+00:00,6.18,6.18,6.13,6.13,759.0,6.0,6.137278
BB,2026-05-18 08:20:00+00:00,6.1253,6.1253,6.1253,6.1253,599.0,2.0,6.1253
BB,2026-05-18 08:30:00+00:00,6.1255,6.1255,6.1255,6.1255,292.0,1.0,6.1255
BB,2026-05-18 08:40:00+00:00,6.13,6.13,6.1261,6.1261,2880.0,2.0,6.129865
BB,2026-05-18 08:50:00+00:00,6.155,6.18,6.155,6.18,6603.0,7.0,6.174256
BB,2026-05-18 08:55:00+00:00,6.18,6.18,6.18,6.18,125.0,5.0,6.18
BB,2026-05-18 09:00:00+00:00,6.18,6.18,6.18,6.18,505.0,3.0,6.18
BB,2026-05-18 09:05:00+00:00,6.18,6.2,6.18,6.2,6875.0,8.0,6.19712
BB,2026-05-18 09:15:00+00:00,6.2025,6.21,6.2025,6.21,215.0,3.0,6.20625
BB,2026-05-18 09:20:00+00:00,6.19,6.19,6.19,6.19,100.0,1.0,6.19
BB,2026-05-18 09:40:00+00:00,6.1712,6.1712,6.17,6.17,627.0,3.0,6.170518
BB,2026-05-18 09:45:00+00:00,6.14,6.14,6.1,6.1,397.0,8.0,6.119355
BB,2026-05-18 10:20:00+00:00,6.1,6.13,6.1,6.13,3007.0,3.0,6.11
BB,2026-05-18 10:25:00+00:00,6.15,6.15,6.15,6.15,500.0,1.0,6.15
BB,2026-05-18 10:40:00+00:00,6.14,6.14,6.14,6.14,535.0,2.0,6.14
BB,2026-05-18 10:50:00+00:00,6.15,6.15,6.1,6.1,6020.0,18.0,6.113537
BB,2026-05-18 11:00:00+00:00,6.11,6.15,6.11,6.11,4302.0,14.0,6.139206
BB,2026-05-18 11:10:00+00:00,6.1103,6.1103,6.11,6.11,3321.0,8.0,6.11029
BB,2026-05-18 11:15:00+00:00,6.11,6.11,6.1,6.1,2150.0,4.0,6.101101
BB,2026-05-18 11:25:00+00:00,6.1005,6.1052,6.1005,6.1052,750.0,4.0,6.101223
BB,2026-05-18 11:30:00+00:00,6.1057,6.1057,6.1057,6.1057,300.0,1.0,6.1057
BB,2026-05-18 11:35:00+00:00,6.15,6.15,6.15,6.15,157.0,1.0,6.15
BB,2026-05-18 11:40:00+00:00,6.14,6.17,6.14,6.16,2125.0,8.0,6.154133
BB,2026-05-18 11:45:00+00:00,6.17,6.17,6.17,6.17,100.0,1.0,6.17
BB,2026-05-18 11:50:00+00:00,6.11,6.14,6.11,6.14,2720.0,5.0,6.121538
BB,2026-05-18 11:55:00+00:00,6.1405,6.155,6.14,6.155,1045.0,9.0,6.147861
BB,2026-05-18 12:00:00+00:00,6.1505,6.1691,6.1505,6.155,2580.0,8.0,6.165529
BB,2026-05-18 12:05:00+00:00,6.155,6.1693,6.14,6.16,3815.0,15.0,6.153797
BB,2026-05-18 12:10:00+00:00,6.1407,6.17,6.14,6.1688,3880.0,11.0,6.145321
BB,2026-05-18 12:15:00+00:00,6.14,6.15,6.135,6.15,3068.0,8.0,6.138371
BB,2026-05-18 12:20:00+00:00,6.1435,6.1435,6.1435,6.1435,1071.0,8.0,6.1435
BB,2026-05-18 12:25:00+00:00,6.14,6.14,6.14,6.14,1200.0,26.0,6.14
BB,2026-05-18 12:30:00+00:00,6.145,6.15,6.14,6.15,692.0,4.0,6.147585
BB,2026-05-18 12:35:00+00:00,6.14,6.16,6.14,6.1501,90119.0,25.0,6.149804
BB,2026-05-18 12:40:00+00:00,6.15,6.1501,6.1065,6.1065,28084.0,19.0,6.148732
BB,2026-05-18 12:45:00+00:00,6.14,6.149,6.14,6.149,675.0,6.0,6.141765
BB,2026-05-18 12:50:00+00:00,6.12,6.15,6.12,6.145,7868.0,9.0,6.140457
BB,2026-05-18 12:55:00+00:00,6.15,6.18,6.13,6.1799,67894.0,41.0,6.153903
BB,2026-05-18 13:00:00+00:00,6.19,6.19,6.15,6.17,5882.0,14.0,6.157562
BB,2026-05-18 13:05:00+00:00,6.18,6.1935,6.18,6.1935,4459.0,27.0,6.189507
BB,2026-05-18 13:10:00+00:00,6.18,6.18,6.17,6.17,2955.0,10.0,6.174164
BB,2026-05-18 13:15:00+00:00,6.17,6.19,6.17,6.1707,12591.0,18.0,6.182614
BB,2026-05-18 13:20:00+00:00,6.185,6.25,6.17,6.2,17366.0,60.0,6.201898
BB,2026-05-18 13:25:00+00:00,6.24,6.24,6.11,6.11,13949.0,28.0,6.142502
BB,2026-05-18 13:30:00+00:00,6.15,6.1682,6.12,6.12,254820.0,751.0,6.146248
BB,2026-05-18 13:35:00+00:00,6.12,6.165,6.1101,6.145,220521.0,595.0,6.13486
BB,2026-05-18 13:40:00+00:00,6.145,6.23,6.145,6.215,296036.0,866.0,6.197844
BB,2026-05-18 13:45:00+00:00,6.22,6.4199,6.22,6.3876,1164539.0,2530.0,6.3569
BB,2026-05-18 13:50:00+00:00,6.385,6.47,6.36,6.445,1022303.0,1997.0,6.412404
BB,2026-05-18 13:55:00+00:00,6.45,6.47,6.375,6.395,481941.0,1168.0,6.411023
BB,2026-05-18 14:00:00+00:00,6.4,6.44,6.3602,6.431,530118.0,1650.0,6.402225
BB,2026-05-18 14:05:00+00:00,6.435,6.5,6.4236,6.49,716192.0,1203.0,6.460543
BB,2026-05-18 14:10:00+00:00,6.4966,6.56,6.48,6.54,538838.0,1197.0,6.528565
BB,2026-05-18 14:15:00+00:00,6.54,6.56,6.455,6.469,853059.0,1434.0,6.521818
BB,2026-05-18 14:20:00+00:00,6.47,6.53,6.4611,6.49,268713.0,743.0,6.498895
BB,2026-05-18 14:25:00+00:00,6.4976,6.52,6.4702,6.485,329060.0,887.0,6.496919
BB,2026-05-18 14:30:00+00:00,6.485,6.5099,6.44,6.45,229164.0,738.0,6.480243
BB,2026-05-18 14:35:00+00:00,6.45,6.5299,6.42,6.5299,392182.0,920.0,6.464114
BB,2026-05-18 14:40:00+00:00,6.5282,6.58,6.4836,6.575,412610.0,766.0,6.543537
BB,2026-05-18 14:45:00+00:00,6.5769,6.58,6.5028,6.515,244518.0,868.0,6.527629
BB,2026-05-18 14:50:00+00:00,6.52,6.548,6.505,6.505,175606.0,506.0,6.523804
BB,2026-05-18 14:55:00+00:00,6.5,6.53,6.49,6.5001,348052.0,487.0,6.506838
BB,2026-05-18 15:00:00+00:00,6.505,6.5264,6.48,6.5264,250203.0,704.0,6.50224
BB,2026-05-18 15:05:00+00:00,6.525,6.535,6.515,6.515,166730.0,624.0,6.525078
BB,2026-05-18 15:10:00+00:00,6.515,6.535,6.4875,6.5058,208021.0,610.0,6.513672
BB,2026-05-18 15:15:00+00:00,6.5,6.505,6.43,6.4501,379749.0,789.0,6.449016
BB,2026-05-18 15:20:00+00:00,6.46,6.475,6.45,6.475,145063.0,552.0,6.459677
BB,2026-05-18 15:25:00+00:00,6.475,6.51,6.462,6.465,144912.0,372.0,6.492999
BB,2026-05-18 15:30:00+00:00,6.465,6.47,6.3801,6.4693,937507.0,1390.0,6.417466
BB,2026-05-18 15:35:00+00:00,6.4666,6.489,6.455,6.485,177970.0,381.0,6.476878
BB,2026-05-18 15:40:00+00:00,6.485,6.4973,6.4,6.4012,467547.0,855.0,6.445484
BB,2026-05-18 15:45:00+00:00,6.4007,6.41,6.4,6.41,31561.0,357.0,6.404968
BB,2026-05-18 15:50:00+00:00,6.4,6.41,6.39,6.405,50555.0,209.0,6.399388
BB,2026-05-18 15:55:00+00:00,6.4,6.41,6.38,6.395,90046.0,466.0,6.392239
BB,2026-05-18 16:00:00+00:00,6.4,6.4,6.37,6.385,153891.0,450.0,6.382711
BB,2026-05-18 16:05:00+00:00,6.385,6.4289,6.38,6.425,318902.0,628.0,6.404444
BB,2026-05-18 16:10:00+00:00,6.425,6.45,6.425,6.4486,61823.0,212.0,6.439233
BB,2026-05-18 16:15:00+00:00,6.4499,6.48,6.44,6.455,173331.0,414.0,6.454699
BB,2026-05-18 16:20:00+00:00,6.455,6.46,6.4221,6.4297,135891.0,386.0,6.445214
BB,2026-05-18 16:25:00+00:00,6.425,6.425,6.36,6.36,328255.0,494.0,6.384584
BB,2026-05-18 16:30:00+00:00,6.365,6.4082,6.36,6.39,158380.0,377.0,6.3823
BB,2026-05-18 16:35:00+00:00,6.385,6.41,6.385,6.3999,62991.0,236.0,6.398218
BB,2026-05-18 16:40:00+00:00,6.395,6.42,6.395,6.405,105300.0,218.0,6.405195
BB,2026-05-18 16:45:00+00:00,6.405,6.44,6.4002,6.42,129140.0,322.0,6.416009
BB,2026-05-18 16:50:00+00:00,6.42,6.4799,6.42,6.47,194629.0,432.0,6.450768
BB,2026-05-18 16:55:00+00:00,6.475,6.49,6.45,6.4802,301271.0,727.0,6.465339
BB,2026-05-18 17:00:00+00:00,6.485,6.485,6.445,6.4633,174808.0,537.0,6.460921
BB,2026-05-18 17:05:00+00:00,6.465,6.4852,6.465,6.475,159105.0,332.0,6.4758
BB,2026-05-18 17:10:00+00:00,6.475,6.5,6.475,6.495,90931.0,288.0,6.489392
BB,2026-05-18 17:15:00+00:00,6.491,6.54,6.485,6.54,344405.0,559.0,6.511964
BB,2026-05-18 17:20:00+00:00,6.535,6.54,6.52,6.525,142042.0,271.0,6.531107
BB,2026-05-18 17:25:00+00:00,6.5201,6.57,6.5201,6.565,200907.0,415.0,6.543168
BB,2026-05-18 17:30:00+00:00,6.565,6.625,6.565,6.619,590930.0,1101.0,6.598818
BB,2026-05-18 17:35:00+00:00,6.61,6.64,6.6,6.6362,361415.0,790.0,6.622325
BB,2026-05-18 17:40:00+00:00,6.6301,6.635,6.57,6.5865,417460.0,793.0,6.590461
BB,2026-05-18 17:45:00+00:00,6.585,6.59,6.51,6.515,207134.0,560.0,6.545746
BB,2026-05-18 17:50:00+00:00,6.5134,6.55,6.502,6.5361,181483.0,324.0,6.531554
BB,2026-05-18 17:55:00+00:00,6.535,6.555,6.535,6.5499,83205.0,394.0,6.547833
BB,2026-05-18 18:00:00+00:00,6.5436,6.555,6.5214,6.5299,156272.0,548.0,6.537371
BB,2026-05-18 18:05:00+00:00,6.5269,6.53,6.51,6.515,70898.0,351.0,6.518742
BB,2026-05-18 18:10:00+00:00,6.51,6.5263,6.5,6.505,164640.0,546.0,6.511081
BB,2026-05-18 18:15:00+00:00,6.505,6.51,6.43,6.43,243333.0,509.0,6.47277
BB,2026-05-18 18:20:00+00:00,6.43,6.45,6.43,6.4476,116422.0,406.0,6.440964
BB,2026-05-18 18:25:00+00:00,6.445,6.45,6.39,6.4199,207748.0,518.0,6.407695
BB,2026-05-18 18:30:00+00:00,6.415,6.44,6.4,6.415,197652.0,511.0,6.422629
BB,2026-05-18 18:35:00+00:00,6.415,6.42,6.38,6.385,139911.0,509.0,6.396384
BB,2026-05-18 18:40:00+00:00,6.382,6.405,6.38,6.395,190377.0,478.0,6.396167
BB,2026-05-18 18:45:00+00:00,6.395,6.4,6.38,6.385,87183.0,373.0,6.387228
BB,2026-05-18 18:50:00+00:00,6.385,6.395,6.36,6.3699,107019.0,354.0,6.383127
BB,2026-05-18 18:55:00+00:00,6.3601,6.39,6.3601,6.385,123261.0,376.0,6.378436
BB,2026-05-18 19:00:00+00:00,6.39,6.5,6.39,6.465,725306.0,1289.0,6.46898
BB,2026-05-18 19:05:00+00:00,6.465,6.48,6.4501,6.48,51250.0,340.0,6.468751
BB,2026-05-18 19:10:00+00:00,6.48,6.4889,6.465,6.4689,189385.0,636.0,6.473775
BB,2026-05-18 19:15:00+00:00,6.465,6.4999,6.455,6.48,130238.0,553.0,6.479491
BB,2026-05-18 19:20:00+00:00,6.474,6.51,6.474,6.505,168181.0,636.0,6.494999
BB,2026-05-18 19:25:00+00:00,6.5,6.51,6.4801,6.495,155604.0,541.0,6.496765
BB,2026-05-18 19:30:00+00:00,6.495,6.5099,6.47,6.47,358525.0,655.0,6.492512
BB,2026-05-18 19:35:00+00:00,6.47,6.495,6.46,6.465,794074.0,1659.0,6.474624
BB,2026-05-18 19:40:00+00:00,6.465,6.47,6.44,6.455,211111.0,705.0,6.453429
BB,2026-05-18 19:45:00+00:00,6.45,6.46,6.43,6.4376,132594.0,719.0,6.444473
BB,2026-05-18 19:50:00+00:00,6.435,6.44,6.4,6.405,1120518.0,1981.0,6.420325
BB,2026-05-18 19:55:00+00:00,6.405,6.42,6.38,6.385,979022.0,2575.0,6.400484
BB,2026-05-18 20:00:00+00:00,6.38,6.5,6.36,6.5,461808.0,24.0,6.380059
BB,2026-05-18 20:05:00+00:00,6.5,6.5,6.4,6.4,4373.0,13.0,6.484387
BB,2026-05-18 20:10:00+00:00,6.4748,6.4748,6.4748,6.4748,176.0,4.0,6.4748
BB,2026-05-18 20:15:00+00:00,6.3659,6.3659,6.3659,6.3659,222.0,3.0,6.3659
BB,2026-05-18 20:20:00+00:00,6.36,6.36,6.36,6.36,100.0,1.0,6.36
BB,2026-05-18 20:25:00+00:00,6.36,6.36,6.36,6.36,1000.0,2.0,6.36
BB,2026-05-18 20:35:00+00:00,6.38,6.38,6.36,6.36,36504.0,5.0,6.379573
BB,2026-05-18 20:40:00+00:00,6.4482,6.4482,6.42,6.42,1718.0,5.0,6.433271
BB,2026-05-18 20:50:00+00:00,6.3841,6.3841,6.3641,6.3641,1333.0,3.0,6.379032
BB,2026-05-18 20:55:00+00:00,6.4282,6.4282,6.4282,6.4282,1001.0,2.0,6.4282
BB,2026-05-18 21:00:00+00:00,6.395,6.395,6.395,6.395,100.0,1.0,6.395
BB,2026-05-18 21:05:00+00:00,6.4,6.4,6.4,6.4,225.0,1.0,6.4
BB,2026-05-18 21:10:00+00:00,6.36,6.3999,6.36,6.3999,379.0,6.0,6.378832
BB,2026-05-18 21:15:00+00:00,6.4,6.4,6.4,6.4,322.0,4.0,6.4
BB,2026-05-18 21:20:00+00:00,6.3994,6.3994,6.38,6.38,210.0,2.0,6.389238
BB,2026-05-18 21:30:00+00:00,6.3991,6.3998,6.3974,6.3974,5489.0,5.0,6.399096
BB,2026-05-18 21:35:00+00:00,6.3826,6.3994,6.3804,6.3804,1603.0,4.0,6.387162
BB,2026-05-18 21:40:00+00:00,6.3994,6.3994,6.3994,6.3994,527.0,3.0,6.3994
BB,2026-05-18 21:55:00+00:00,6.39,6.39,6.39,6.39,402.0,6.0,6.39
BB,2026-05-18 22:00:00+00:00,6.4,6.4,6.3992,6.3992,265.0,5.0,6.3996
BB,2026-05-18 22:05:00+00:00,6.39,6.4293,6.39,6.4293,2189.0,10.0,6.403006
BB,2026-05-18 22:10:00+00:00,6.4299,6.4299,6.4286,6.4286,10130.0,3.0,6.429884
BB,2026-05-18 22:15:00+00:00,6.4235,6.4235,6.4235,6.4235,201.0,2.0,6.4235
BB,2026-05-18 22:35:00+00:00,6.43,6.43,6.43,6.43,4000.0,1.0,6.43
BB,2026-05-18 22:45:00+00:00,6.41,6.41,6.41,6.41,100.0,1.0,6.41
BB,2026-05-18 22:55:00+00:00,6.4279,6.43,6.41,6.41,702.0,5.0,6.423986
BB,2026-05-18 23:00:00+00:00,6.41,6.4248,6.41,6.416,1325.0,3.0,6.421736
BB,2026-05-18 23:10:00+00:00,6.43,6.45,6.43,6.45,1200.0,6.0,6.438235
BB,2026-05-18 23:20:00+00:00,6.4597,6.4597,6.4597,6.4597,1001.0,2.0,6.4597
BB,2026-05-18 23:25:00+00:00,6.45,6.45,6.4252,6.4252,501.0,4.0,6.44008
BB,2026-05-18 23:30:00+00:00,6.4548,6.4548,6.4419,6.4548,702.0,4.0,6.452957
BB,2026-05-18 23:35:00+00:00,6.42,6.42,6.42,6.42,400.0,1.0,6.42
BB,2026-05-18 23:40:00+00:00,6.46,6.46,6.42,6.42,1159.0,7.0,6.438182
BB,2026-05-18 23:50:00+00:00,6.41,6.41,6.39,6.39,5251.0,7.0,6.406665
BB,2026-05-18 23:55:00+00:00,6.4,6.42,6.4,6.42,200.0,2.0,6.41
BB,2026-05-19 08:00:00+00:00,6.4,6.44,6.34,6.44,3046.0,53.0,6.399977
BB,2026-05-19 08:05:00+00:00,6.41,6.41,6.41,6.41,198.0,1.0,6.41
BB,2026-05-19 08:10:00+00:00,6.4,6.4,6.4,6.4,190.0,2.0,6.4
BB,2026-05-19 08:15:00+00:00,6.41,6.41,6.38,6.38,1142.0,8.0,6.401489
BB,2026-05-19 08:20:00+00:00,6.36,6.36,6.35,6.355,925.0,9.0,6.355963
BB,2026-05-19 08:25:00+00:00,6.34,6.345,6.3,6.304,13844.0,12.0,6.306414
BB,2026-05-19 08:30:00+00:00,6.31,6.41,6.3,6.41,4000.0,11.0,6.329566
BB,2026-05-19 08:40:00+00:00,6.3,6.3,6.3,6.3,591.0,1.0,6.3
BB,2026-05-19 09:05:00+00:00,6.33,6.33,6.33,6.33,500.0,3.0,6.33
BB,2026-05-19 09:25:00+00:00,6.3337,6.3337,6.3337,6.3337,132.0,2.0,6.3337
BB,2026-05-19 09:45:00+00:00,6.355,6.36,6.355,6.36,8298.0,11.0,6.355251
BB,2026-05-19 09:50:00+00:00,6.37,6.39,6.37,6.3878,72496.0,18.0,6.389713
BB,2026-05-19 09:55:00+00:00,6.3403,6.35,6.3403,6.35,211.0,3.0,6.344919
BB,2026-05-19 10:00:00+00:00,6.39,6.39,6.39,6.39,300.0,1.0,6.39
BB,2026-05-19 10:15:00+00:00,6.39,6.39,6.38,6.38,4000.0,6.0,6.380255
BB,2026-05-19 10:20:00+00:00,6.37,6.37,6.37,6.37,4001.0,4.0,6.37
BB,2026-05-19 10:25:00+00:00,6.4,6.4,6.4,6.4,2068.0,2.0,6.4
BB,2026-05-19 11:00:00+00:00,6.39,6.4022,6.37,6.37,2357.0,19.0,6.395412
BB,2026-05-19 11:05:00+00:00,6.35,6.37,6.35,6.37,5644.0,43.0,6.36449
BB,2026-05-19 11:10:00+00:00,6.36,6.3613,6.35,6.355,7894.0,18.0,6.354544
BB,2026-05-19 11:15:00+00:00,6.36,6.37,6.36,6.37,6606.0,23.0,6.369836
BB,2026-05-19 11:20:00+00:00,6.37,6.37,6.35,6.35,1312.0,8.0,6.352558
BB,2026-05-19 11:25:00+00:00,6.3506,6.37,6.3506,6.37,1287.0,5.0,6.357467
BB,2026-05-19 11:30:00+00:00,6.3512,6.3693,6.3512,6.3693,400.0,2.0,6.357988
BB,2026-05-19 11:35:00+00:00,6.37,6.37,6.35,6.37,1071.0,11.0,6.363709
BB,2026-05-19 11:40:00+00:00,6.37,6.37,6.37,6.37,12005.0,4.0,6.37
BB,2026-05-19 11:45:00+00:00,6.37,6.37,6.35,6.35,510.0,11.0,6.356813
BB,2026-05-19 11:50:00+00:00,6.34,6.37,6.34,6.3632,2766.0,7.0,6.362589
BB,2026-05-19 11:55:00+00:00,6.34,6.37,6.34,6.34,16224.0,16.0,6.349255
BB,2026-05-19 12:00:00+00:00,6.34,6.34,6.34,6.34,400.0,2.0,6.34
BB,2026-05-19 12:05:00+00:00,6.369,6.37,6.369,6.37,390.0,2.0,6.369744
BB,2026-05-19 12:10:00+00:00,6.36,6.37,6.3301,6.3379,1550.0,5.0,6.354701
BB,2026-05-19 12:15:00+00:00,6.37,6.39,6.33,6.33,20000.0,9.0,6.358265
BB,2026-05-19 12:20:00+00:00,6.3561,6.3561,6.33,6.33,3502.0,4.0,6.339572
BB,2026-05-19 12:25:00+00:00,6.36,6.36,6.3339,6.3339,451.0,3.0,6.3484
BB,2026-05-19 12:30:00+00:00,6.3595,6.3595,6.33,6.33,366.0,9.0,6.339672
BB,2026-05-19 12:40:00+00:00,6.34,6.34,6.34,6.34,1600.0,2.0,6.34
BB,2026-05-19 12:50:00+00:00,6.3474,6.3474,6.3474,6.3474,100.0,1.0,6.3474
BB,2026-05-19 13:00:00+00:00,6.35,6.37,6.35,6.37,7434.0,6.0,6.35065
BB,2026-05-19 13:05:00+00:00,6.35,6.357,6.35,6.357,2622.0,5.0,6.355407
BB,2026-05-19 13:10:00+00:00,6.37,6.37,6.37,6.37,208.0,4.0,6.37
BB,2026-05-19 13:15:00+00:00,6.35,6.35,6.35,6.35,800.0,1.0,6.35
BB,2026-05-19 13:20:00+00:00,6.357,6.357,6.28,6.28,38175.0,40.0,6.311256
BB,2026-05-19 13:25:00+00:00,6.3549,6.3549,6.29,6.29,3532.0,4.0,6.29479
BB,2026-05-19 13:30:00+00:00,6.29,6.37,6.08,6.21,1415731.0,3562.0,6.178391
BB,2026-05-19 13:35:00+00:00,6.21,6.28,6.195,6.225,373769.0,908.0,6.243806
BB,2026-05-19 13:40:00+00:00,6.225,6.23,6.165,6.185,227994.0,653.0,6.200814
BB,2026-05-19 13:45:00+00:00,6.185,6.345,6.16,6.33,601144.0,1242.0,6.238688
BB,2026-05-19 13:50:00+00:00,6.3201,6.36,6.3,6.335,428201.0,718.0,6.340381
BB,2026-05-19 13:55:00+00:00,6.33,6.35,6.29,6.305,188092.0,543.0,6.309937
BB,2026-05-19 14:00:00+00:00,6.31,6.3451,6.3,6.345,200002.0,505.0,6.316134
BB,2026-05-19 14:05:00+00:00,6.3451,6.3451,6.23,6.2302,297310.0,580.0,6.267314
BB,2026-05-19 14:10:00+00:00,6.235,6.26,6.2,6.205,249652.0,459.0,6.24133
BB,2026-05-19 14:15:00+00:00,6.205,6.215,6.145,6.165,506668.0,770.0,6.173385
BB,2026-05-19 14:20:00+00:00,6.165,6.165,6.1024,6.105,390077.0,760.0,6.121641
BB,2026-05-19 14:25:00+00:00,6.11,6.12,6.08,6.105,630362.0,660.0,6.1006
BB,2026-05-19 14:30:00+00:00,6.105,6.14,6.095,6.135,262640.0,589.0,6.12483
BB,2026-05-19 14:35:00+00:00,6.13,6.165,6.125,6.1574,211294.0,425.0,6.142545
BB,2026-05-19 14:40:00+00:00,6.15,6.18,6.135,6.135,145688.0,389.0,6.164607
BB,2026-05-19 14:45:00+00:00,6.1341,6.155,6.13,6.15,112445.0,392.0,6.140977
BB,2026-05-19 14:50:00+00:00,6.145,6.18,6.1292,6.17,260294.0,567.0,6.152298
BB,2026-05-19 14:55:00+00:00,6.165,6.205,6.165,6.19,168613.0,529.0,6.19292
BB,2026-05-19 15:00:00+00:00,6.195,6.215,6.18,6.185,82979.0,474.0,6.196865
BB,2026-05-19 15:05:00+00:00,6.18,6.185,6.135,6.175,209490.0,675.0,6.159663
BB,2026-05-19 15:10:00+00:00,6.175,6.19,6.17,6.185,67337.0,387.0,6.18254
BB,2026-05-19 15:15:00+00:00,6.19,6.2,6.13,6.135,301727.0,601.0,6.17718
BB,2026-05-19 15:20:00+00:00,6.1393,6.15,6.125,6.125,147027.0,315.0,6.137976
BB,2026-05-19 15:25:00+00:00,6.12,6.14,6.12,6.135,80309.0,260.0,6.12884
BB,2026-05-19 15:30:00+00:00,6.135,6.16,6.13,6.155,82682.0,263.0,6.148449
BB,2026-05-19 15:35:00+00:00,6.15,6.155,6.125,6.145,110555.0,310.0,6.142538
BB,2026-05-19 15:40:00+00:00,6.15,6.2151,6.14,6.1999,436188.0,767.0,6.186314
BB,2026-05-19 15:45:00+00:00,6.195,6.1999,6.175,6.185,118288.0,256.0,6.188285
BB,2026-05-19 15:50:00+00:00,6.1848,6.19,6.171,6.1838,126430.0,353.0,6.18238
BB,2026-05-19 15:55:00+00:00,6.18,6.1999,6.17,6.185,174219.0,354.0,6.184732
BB,2026-05-19 16:00:00+00:00,6.1814,6.23,6.1814,6.22,356572.0,588.0,6.20252
BB,2026-05-19 16:05:00+00:00,6.215,6.22,6.165,6.175,176205.0,355.0,6.190413
BB,2026-05-19 16:10:00+00:00,6.175,6.25,6.17,6.245,172018.0,274.0,6.212104
BB,2026-05-19 16:15:00+00:00,6.25,6.2699,6.235,6.25,245425.0,344.0,6.253528
BB,2026-05-19 16:20:00+00:00,6.25,6.29,6.25,6.28,280287.0,370.0,6.261671
BB,2026-05-19 16:25:00+00:00,6.2801,6.2865,6.2525,6.265,96730.0,243.0,6.270972
BB,2026-05-19 16:30:00+00:00,6.2613,6.31,6.2613,6.3067,133463.0,289.0,6.284933
BB,2026-05-19 16:35:00+00:00,6.3099,6.32,6.3,6.3101,113057.0,278.0,6.310118
BB,2026-05-19 16:40:00+00:00,6.315,6.3199,6.3026,6.315,74111.0,231.0,6.311152
BB,2026-05-19 16:45:00+00:00,6.3111,6.3299,6.29,6.325,275713.0,401.0,6.304734
BB,2026-05-19 16:50:00+00:00,6.325,6.38,6.325,6.3704,141893.0,347.0,6.351473
BB,2026-05-19 16:55:00+00:00,6.375,6.4,6.37,6.385,195666.0,394.0,6.3857
BB,2026-05-19 17:00:00+00:00,6.385,6.4351,6.385,6.405,269269.0,557.0,6.410021
BB,2026-05-19 17:05:00+00:00,6.405,6.415,6.365,6.4,789850.0,1248.0,6.383193
BB,2026-05-19 17:10:00+00:00,6.395,6.4,6.33,6.335,711656.0,402.0,6.387098
BB,2026-05-19 17:15:00+00:00,6.334,6.34,6.3,6.3164,160048.0,346.0,6.326171
BB,2026-05-19 17:20:00+00:00,6.315,6.325,6.3,6.305,173916.0,313.0,6.309407
BB,2026-05-19 17:25:00+00:00,6.3,6.3186,6.29,6.31,175142.0,288.0,6.305353
BB,2026-05-19 17:30:00+00:00,6.3129,6.3999,6.3129,6.345,475140.0,804.0,6.369525
BB,2026-05-19 17:35:00+00:00,6.35,6.37,6.345,6.35,60796.0,196.0,6.357477
BB,2026-05-19 17:40:00+00:00,6.355,6.355,6.3101,6.3299,395989.0,678.0,6.330653
BB,2026-05-19 17:45:00+00:00,6.32,6.32,6.27,6.315,195308.0,365.0,6.299432
BB,2026-05-19 17:50:00+00:00,6.313,6.32,6.2823,6.285,167491.0,279.0,6.301133
BB,2026-05-19 17:55:00+00:00,6.29,6.3199,6.285,6.3199,126502.0,288.0,6.299157
BB,2026-05-19 18:00:00+00:00,6.315,6.32,6.31,6.315,38061.0,93.0,6.314736
BB,2026-05-19 18:05:00+00:00,6.315,6.34,6.3145,6.335,75611.0,150.0,6.32685
BB,2026-05-19 18:10:00+00:00,6.3335,6.34,6.2907,6.295,177880.0,352.0,6.322691
BB,2026-05-19 18:15:00+00:00,6.295,6.315,6.2939,6.305,117265.0,296.0,6.302748
BB,2026-05-19 18:20:00+00:00,6.3,6.31,6.28,6.28,141850.0,276.0,6.293156
BB,2026-05-19 18:25:00+00:00,6.2875,6.29,6.24,6.25,469364.0,623.0,6.258769
BB,2026-05-19 18:30:00+00:00,6.255,6.285,6.245,6.255,436922.0,585.0,6.263773
BB,2026-05-19 18:35:00+00:00,6.255,6.27,6.255,6.265,138911.0,183.0,6.26278
BB,2026-05-19 18:40:00+00:00,6.265,6.27,6.21,6.211,188984.0,332.0,6.236139
BB,2026-05-19 18:45:00+00:00,6.215,6.22,6.175,6.18,304302.0,626.0,6.188987
BB,2026-05-19 18:50:00+00:00,6.18,6.18,6.16,6.175,251113.0,386.0,6.172964
BB,2026-05-19 18:55:00+00:00,6.17,6.19,6.165,6.185,123829.0,372.0,6.178687
BB,2026-05-19 19:00:00+00:00,6.1899,6.2199,6.1899,6.2,81575.0,207.0,6.204873
BB,2026-05-19 19:05:00+00:00,6.205,6.23,6.2,6.225,76738.0,244.0,6.208658
BB,2026-05-19 19:10:00+00:00,6.2207,6.2573,6.21,6.255,468689.0,589.0,6.227998
BB,2026-05-19 19:15:00+00:00,6.26,6.27,6.205,6.225,409426.0,656.0,6.230013
BB,2026-05-19 19:20:00+00:00,6.225,6.24,6.205,6.215,172607.0,350.0,6.217742
BB,2026-05-19 19:25:00+00:00,6.215,6.2399,6.211,6.235,63062.0,200.0,6.224306
BB,2026-05-19 19:30:00+00:00,6.23,6.24,6.22,6.23,85757.0,267.0,6.234929
BB,2026-05-19 19:35:00+00:00,6.235,6.245,6.225,6.24,82013.0,279.0,6.235794
BB,2026-05-19 19:40:00+00:00,6.24,6.2499,6.23,6.2332,103732.0,336.0,6.240119
BB,2026-05-19 19:45:00+00:00,6.235,6.24,6.2101,6.223,208159.0,501.0,6.226513
BB,2026-05-19 19:50:00+00:00,6.22,6.2201,6.205,6.205,267397.0,650.0,6.214486
BB,2026-05-19 19:55:00+00:00,6.205,6.21,6.175,6.205,588088.0,1675.0,6.194595
BB,2026-05-19 20:00:00+00:00,6.21,6.25,6.2,6.21,428677.0,44.0,6.209995
BB,2026-05-19 20:05:00+00:00,6.22,6.2459,6.2013,6.2459,1529.0,11.0,6.210292
BB,2026-05-19 20:10:00+00:00,6.21,6.21,6.21,6.21,799.0,1.0,6.21
BB,2026-05-19 20:25:00+00:00,6.22,6.2283,6.19,6.197,26085.0,16.0,6.203238
BB,2026-05-19 20:30:00+00:00,6.19,6.19,6.19,6.19,10015.0,2.0,6.19
BB,2026-05-19 20:45:00+00:00,6.1939,6.2197,6.1939,6.2197,500.0,2.0,6.19906
BB,2026-05-19 20:50:00+00:00,6.1901,6.1901,6.1901,6.1901,500.0,1.0,6.1901
BB,2026-05-19 20:55:00+00:00,6.1914,6.1914,6.1914,6.1914,320.0,2.0,6.1914
BB,2026-05-19 21:10:00+00:00,6.19,6.2,6.19,6.2,1481.0,198.0,6.191464
BB,2026-05-19 21:15:00+00:00,6.1613,6.1613,6.1613,6.1613,1000.0,1.0,6.1613
BB,2026-05-19 21:20:00+00:00,6.19,6.19,6.19,6.19,553.0,3.0,6.19
BB,2026-05-19 21:40:00+00:00,6.1708,6.1708,6.1708,6.1708,290.0,1.0,6.1708
BB,2026-05-19 21:55:00+00:00,6.18,6.18,6.18,6.18,250.0,1.0,6.18
BB,2026-05-19 22:05:00+00:00,6.19,6.19,6.19,6.19,1000.0,1.0,6.19
BB,2026-05-19 22:10:00+00:00,6.18,6.18,6.18,6.18,1492.0,1.0,6.18
BB,2026-05-19 22:15:00+00:00,6.19,6.19,6.19,6.19,2871.0,4.0,6.19
BB,2026-05-19 22:20:00+00:00,6.19,6.19,6.19,6.19,6976.0,11.0,6.19
BB,2026-05-19 22:25:00+00:00,6.19,6.19,6.19,6.19,960.0,4.0,6.19
BB,2026-05-19 22:35:00+00:00,6.19,6.19,6.19,6.19,115.0,2.0,6.19
BB,2026-05-19 22:40:00+00:00,6.19,6.19,6.19,6.19,304.0,3.0,6.19
BB,2026-05-19 22:50:00+00:00,6.2199,6.2199,6.2199,6.2199,100.0,1.0,6.2199
BB,2026-05-19 23:05:00+00:00,6.2174,6.2174,6.2174,6.2174,800.0,1.0,6.2174
BB,2026-05-19 23:10:00+00:00,6.22,6.22,6.22,6.22,1002.0,2.0,6.22
BB,2026-05-19 23:25:00+00:00,6.2,6.22,6.2,6.213,1902.0,6.0,6.211874
BB,2026-05-19 23:50:00+00:00,6.2013,6.2174,6.2013,6.2174,900.0,2.0,6.215611
BB,2026-05-19 23:55:00+00:00,6.2,6.2,6.2,6.2,3005.0,2.0,6.2
BB,2026-05-20 08:00:00+00:00,6.24,6.24,6.24,6.24,4359.0,37.0,6.24
BB,2026-05-20 08:05:00+00:00,6.24,6.24,6.24,6.24,130.0,1.0,6.24
BB,2026-05-20 08:15:00+00:00,6.21,6.21,6.21,6.21,5000.0,1.0,6.21
BB,2026-05-20 08:20:00+00:00,6.23,6.23,6.22,6.22,1240.0,6.0,6.223226
BB,2026-05-20 08:25:00+00:00,6.23,6.26,6.22,6.22,79496.0,7.0,6.259831
BB,2026-05-20 08:35:00+00:00,6.25,6.25,6.25,6.25,150.0,1.0,6.25
BB,2026-05-20 08:55:00+00:00,6.26,6.27,6.26,6.27,721.0,6.0,6.266429
BB,2026-05-20 09:05:00+00:00,6.27,6.27,6.27,6.27,199.0,2.0,6.27
BB,2026-05-20 09:55:00+00:00,6.35,6.35,6.3,6.3,1404.0,6.0,6.331922
BB,2026-05-20 10:05:00+00:00,6.28,6.28,6.28,6.28,1080.0,2.0,6.28
BB,2026-05-20 10:10:00+00:00,6.275,6.275,6.275,6.275,5000.0,3.0,6.275
BB,2026-05-20 10:15:00+00:00,6.275,6.275,6.275,6.275,210.0,2.0,6.275
BB,2026-05-20 10:20:00+00:00,6.28,6.28,6.26,6.26,52600.0,23.0,6.279073
BB,2026-05-20 10:30:00+00:00,6.29,6.29,6.29,6.29,728.0,3.0,6.29
BB,2026-05-20 11:00:00+00:00,6.28,6.28,6.28,6.28,612.0,4.0,6.28
BB,2026-05-20 11:05:00+00:00,6.278,6.278,6.278,6.278,100.0,1.0,6.278
BB,2026-05-20 11:10:00+00:00,6.2799,6.2799,6.26,6.26,3841.0,5.0,6.265355
BB,2026-05-20 11:25:00+00:00,6.2761,6.2761,6.2761,6.2761,500.0,1.0,6.2761
BB,2026-05-20 11:30:00+00:00,6.26,6.27,6.26,6.27,4455.0,3.0,6.260228
BB,2026-05-20 11:35:00+00:00,6.26,6.26,6.26,6.26,233.0,3.0,6.26
BB,2026-05-20 11:40:00+00:00,6.25,6.25,6.25,6.25,107.0,1.0,6.25
BB,2026-05-20 11:45:00+00:00,6.251,6.251,6.251,6.251,674.0,2.0,6.251
BB,2026-05-20 11:50:00+00:00,6.269,6.27,6.269,6.27,1666.0,4.0,6.269605
BB,2026-05-20 11:55:00+00:00,6.3,6.3,6.3,6.3,100.0,1.0,6.3
BB,2026-05-20 12:05:00+00:00,6.27,6.27,6.25,6.25,1032.0,5.0,6.252057
BB,2026-05-20 12:15:00+00:00,6.26,6.26,6.26,6.26,101.0,2.0,6.26
BB,2026-05-20 12:20:00+00:00,6.27,6.2853,6.27,6.27,1531.0,20.0,6.271265
BB,2026-05-20 12:30:00+00:00,6.26,6.26,6.26,6.26,250.0,2.0,6.26
BB,2026-05-20 12:35:00+00:00,6.26,6.27,6.26,6.27,1775.0,5.0,6.265294
BB,2026-05-20 12:40:00+00:00,6.27,6.27,6.27,6.27,1600.0,2.0,6.27
BB,2026-05-20 12:45:00+00:00,6.26,6.26,6.26,6.26,4368.0,14.0,6.26
BB,2026-05-20 12:50:00+00:00,6.28,6.28,6.28,6.28,703.0,2.0,6.28
BB,2026-05-20 12:55:00+00:00,6.28,6.28,6.28,6.28,335.0,3.0,6.28
BB,2026-05-20 13:00:00+00:00,6.26,6.3,6.23,6.3,87254.0,83.0,6.276046
BB,2026-05-20 13:10:00+00:00,6.29,6.29,6.264,6.2777,3291.0,5.0,6.277846
BB,2026-05-20 13:15:00+00:00,6.2887,6.2893,6.2692,6.2692,2162.0,12.0,6.280197
BB,2026-05-20 13:20:00+00:00,6.27,6.275,6.27,6.275,393.0,6.0,6.272083
BB,2026-05-20 13:25:00+00:00,6.28,6.31,6.27,6.3,21513.0,37.0,6.285537
BB,2026-05-20 13:30:00+00:00,6.28,6.37,6.185,6.205,478474.0,1005.0,6.277511
BB,2026-05-20 13:35:00+00:00,6.205,6.205,6.1,6.1875,863008.0,1504.0,6.149661
BB,2026-05-20 13:40:00+00:00,6.185,6.195,6.135,6.135,556269.0,1164.0,6.159857
BB,2026-05-20 13:45:00+00:00,6.135,6.206,6.105,6.13,1293534.0,2673.0,6.159193
BB,2026-05-20 13:50:00+00:00,6.135,6.1699,6.125,6.155,241944.0,545.0,6.144255
BB,2026-05-20 13:55:00+00:00,6.155,6.185,6.1407,6.17,285090.0,524.0,6.164517
BB,2026-05-20 14:00:00+00:00,6.18,6.25,6.145,6.15,633214.0,937.0,6.199497
BB,2026-05-20 14:05:00+00:00,6.1573,6.1999,6.15,6.175,83958.0,271.0,6.162584
BB,2026-05-20 14:10:00+00:00,6.175,6.2,6.16,6.195,82436.0,344.0,6.173378
BB,2026-05-20 14:15:00+00:00,6.19,6.235,6.175,6.225,446725.0,750.0,6.215218
BB,2026-05-20 14:20:00+00:00,6.2215,6.235,6.19,6.21,443841.0,602.0,6.206135
BB,2026-05-20 14:25:00+00:00,6.2,6.27,6.2,6.235,457199.0,521.0,6.245106
BB,2026-05-20 14:30:00+00:00,6.2388,6.2796,6.2388,6.255,2592620.0,695.0,6.250528
BB,2026-05-20 14:35:00+00:00,6.255,6.28,6.22,6.235,234217.0,608.0,6.246456
BB,2026-05-20 14:40:00+00:00,6.235,6.26,6.225,6.245,321806.0,649.0,6.240276
BB,2026-05-20 14:45:00+00:00,6.2401,6.285,6.2401,6.275,543982.0,796.0,6.261016
BB,2026-05-20 14:50:00+00:00,6.2714,6.335,6.25,6.3087,1903221.0,1534.0,6.270519
BB,2026-05-20 14:55:00+00:00,6.3,6.36,6.2946,6.345,553508.0,1115.0,6.336225
BB,2026-05-20 15:00:00+00:00,6.345,6.375,6.295,6.31,515232.0,935.0,6.333631
BB,2026-05-20 15:05:00+00:00,6.3049,6.31,6.28,6.285,462386.0,681.0,6.293796
BB,2026-05-20 15:10:00+00:00,6.285,6.35,6.24,6.275,9291782.0,1636.0,6.254751
BB,2026-05-20 15:15:00+00:00,6.2706,6.35,6.2706,6.3,647276.0,977.0,6.303037
BB,2026-05-20 15:20:00+00:00,6.295,6.31,6.27,6.27,369146.0,611.0,6.302834
BB,2026-05-20 15:25:00+00:00,6.27,6.2762,6.19,6.215,411737.0,792.0,6.219697
BB,2026-05-20 15:30:00+00:00,6.2175,6.265,6.205,6.265,377597.0,606.0,6.229294
BB,2026-05-20 15:35:00+00:00,6.26,6.27,6.22,6.235,435356.0,465.0,6.247532
BB,2026-05-20 15:40:00+00:00,6.2301,6.295,6.2301,6.25,855716.0,1084.0,6.269792
BB,2026-05-20 15:45:00+00:00,6.25,6.2581,6.2221,6.23,244244.0,509.0,6.239977
BB,2026-05-20 15:50:00+00:00,6.235,6.245,6.23,6.23,244241.0,299.0,6.233959
BB,2026-05-20 15:55:00+00:00,6.23,6.25,6.225,6.2493,80986.0,279.0,6.2358
BB,2026-05-20 16:00:00+00:00,6.245,6.2701,6.235,6.2701,139981.0,362.0,6.24885
BB,2026-05-20 16:05:00+00:00,6.28,6.28,6.254,6.26,82435.0,250.0,6.266516
BB,2026-05-20 16:10:00+00:00,6.26,6.27,6.25,6.2636,78580.0,245.0,6.262012
BB,2026-05-20 16:15:00+00:00,6.265,6.2699,6.255,6.26,47474.0,227.0,6.261378
BB,2026-05-20 16:20:00+00:00,6.26,6.26,6.23,6.245,278325.0,485.0,6.246433
BB,2026-05-20 16:25:00+00:00,6.24,6.25,6.2301,6.2326,95871.0,323.0,6.239087
BB,2026-05-20 16:30:00+00:00,6.235,6.2565,6.23,6.2565,120506.0,300.0,6.236875
BB,2026-05-20 16:35:00+00:00,6.255,6.26,6.25,6.255,29181.0,153.0,6.257283
BB,2026-05-20 16:40:00+00:00,6.255,6.26,6.24,6.25,108769.0,375.0,6.254425
BB,2026-05-20 16:45:00+00:00,6.255,6.2583,6.235,6.245,104428.0,266.0,6.247835
BB,2026-05-20 16:50:00+00:00,6.24,6.2476,6.23,6.24,30929.0,141.0,6.238294
BB,2026-05-20 16:55:00+00:00,6.235,6.24,6.2,6.21,221800.0,501.0,6.211757
BB,2026-05-20 17:00:00+00:00,6.21,6.2163,6.2,6.215,98987.0,262.0,6.208406
BB,2026-05-20 17:05:00+00:00,6.215,6.2151,6.2,6.205,77555.0,260.0,6.207863
BB,2026-05-20 17:10:00+00:00,6.2,6.22,6.2,6.22,74220.0,265.0,6.210679
BB,2026-05-20 17:15:00+00:00,6.22,6.2299,6.205,6.215,124111.0,323.0,6.214893
BB,2026-05-20 17:20:00+00:00,6.21,6.215,6.18,6.185,99611.0,300.0,6.194903
BB,2026-05-20 17:25:00+00:00,6.185,6.19,6.18,6.185,42121.0,200.0,6.187822
BB,2026-05-20 17:30:00+00:00,6.185,6.19,6.162,6.162,104486.0,258.0,6.179742
BB,2026-05-20 17:35:00+00:00,6.16,6.17,6.13,6.1604,587155.0,600.0,6.151053
BB,2026-05-20 17:40:00+00:00,6.1655,6.185,6.16,6.1807,101397.0,229.0,6.171221
BB,2026-05-20 17:45:00+00:00,6.185,6.19,6.18,6.18,46640.0,146.0,6.18173
BB,2026-05-20 17:50:00+00:00,6.185,6.195,6.18,6.185,54928.0,237.0,6.188782
BB,2026-05-20 17:55:00+00:00,6.181,6.1899,6.18,6.185,31277.0,172.0,6.181915
BB,2026-05-20 18:00:00+00:00,6.185,6.225,6.18,6.215,216424.0,568.0,6.200046
BB,2026-05-20 18:05:00+00:00,6.22,6.26,6.22,6.26,138561.0,342.0,6.238171
BB,2026-05-20 18:10:00+00:00,6.2564,6.27,6.255,6.2632,108167.0,242.0,6.26273
BB,2026-05-20 18:15:00+00:00,6.27,6.295,6.26,6.295,50045.0,189.0,6.279869
BB,2026-05-20 18:20:00+00:00,6.295,6.31,6.28,6.295,193382.0,412.0,6.292319
BB,2026-05-20 18:25:00+00:00,6.295,6.305,6.27,6.29,444297.0,806.0,6.288198
BB,2026-05-20 18:30:00+00:00,6.29,6.3,6.25,6.285,349463.0,758.0,6.281668
BB,2026-05-20 18:35:00+00:00,6.28,6.2895,6.25,6.26,113469.0,322.0,6.263821
BB,2026-05-20 18:40:00+00:00,6.26,6.26,6.24,6.255,99267.0,248.0,6.256454
BB,2026-05-20 18:45:00+00:00,6.255,6.2599,6.21,6.21,230417.0,527.0,6.230078
BB,2026-05-20 18:50:00+00:00,6.215,6.2297,6.2048,6.225,121398.0,247.0,6.217536
BB,2026-05-20 18:55:00+00:00,6.225,6.23,6.215,6.22,236963.0,375.0,6.219803
BB,2026-05-20 19:00:00+00:00,6.215,6.2276,6.21,6.22,142832.0,375.0,6.215484
BB,2026-05-20 19:05:00+00:00,6.22,6.225,6.2102,6.215,65175.0,224.0,6.214916
BB,2026-05-20 19:10:00+00:00,6.22,6.233,6.215,6.23,92675.0,275.0,6.226436
BB,2026-05-20 19:15:00+00:00,6.225,6.23,6.22,6.225,61951.0,231.0,6.224724
BB,2026-05-20 19:20:00+00:00,6.225,6.24,6.225,6.23,56597.0,330.0,6.231283
BB,2026-05-20 19:25:00+00:00,6.23,6.24,6.22,6.225,171776.0,432.0,6.225588
BB,2026-05-20 19:30:00+00:00,6.225,6.23,6.195,6.205,675721.0,759.0,6.219645
BB,2026-05-20 19:35:00+00:00,6.205,6.23,6.2014,6.215,396497.0,660.0,6.217154
BB,2026-05-20 19:40:00+00:00,6.22,6.22,6.205,6.21,165425.0,631.0,6.214569
BB,2026-05-20 19:45:00+00:00,6.21,6.21,6.19,6.19,299199.0,938.0,6.197771
BB,2026-05-20 19:50:00+00:00,6.195,6.195,6.16,6.185,787319.0,1555.0,6.178836
BB,2026-05-20 19:55:00+00:00,6.185,6.2,6.17,6.195,902827.0,2202.0,6.182121
BB,2026-05-20 20:00:00+00:00,6.2,6.2,6.19,6.19,649131.0,30.0,6.199991
BB,2026-05-20 20:05:00+00:00,6.1804,6.2,6.1804,6.2,6270.0,6.0,6.199216
BB,2026-05-20 20:10:00+00:00,6.2,6.2,6.2,6.2,4983.0,14.0,6.2
BB,2026-05-20 20:15:00+00:00,6.18,6.19,6.18,6.18,987.0,3.0,6.181013
BB,2026-05-20 20:20:00+00:00,6.2,6.2,6.2,6.2,315.0,2.0,6.2
BB,2026-05-20 20:25:00+00:00,6.18,6.18,6.17,6.17,2864.0,12.0,6.178853
BB,2026-05-20 20:30:00+00:00,6.18,6.21,6.18,6.2,11504.0,13.0,6.197561
BB,2026-05-20 20:35:00+00:00,6.19,6.19,6.19,6.19,122.0,1.0,6.19
BB,2026-05-20 20:40:00+00:00,6.2,6.2,6.2,6.2,2000.0,4.0,6.2
BB,2026-05-20 20:45:00+00:00,6.2,6.2,6.2,6.2,500.0,4.0,6.2
BB,2026-05-20 20:50:00+00:00,6.19,6.1999,6.19,6.1999,21981.0,4.0,6.197333
BB,2026-05-20 20:55:00+00:00,6.18,6.18,6.18,6.18,1010.0,2.0,6.18
BB,2026-05-20 21:05:00+00:00,6.19,6.19,6.18,6.18,353917.0,8.0,6.185967
BB,2026-05-20 21:10:00+00:00,6.19,6.19,6.19,6.19,309.0,5.0,6.19
BB,2026-05-20 21:15:00+00:00,6.18,6.1887,6.18,6.1887,875.0,5.0,6.185118
BB,2026-05-20 21:20:00+00:00,6.19,6.19,6.18,6.18,1250.0,3.0,6.181992
BB,2026-05-20 21:30:00+00:00,6.19,6.19,6.1898,6.1898,1562.0,4.0,6.189867
BB,2026-05-20 21:35:00+00:00,6.18,6.19,6.18,6.18,838.0,5.0,6.181395
BB,2026-05-20 21:40:00+00:00,6.19,6.19,6.1899,6.1899,300.0,2.0,6.189967
BB,2026-05-20 21:45:00+00:00,6.1887,6.1887,6.1887,6.1887,300.0,1.0,6.1887
BB,2026-05-20 21:50:00+00:00,6.18,6.19,6.18,6.18,6795.0,4.0,6.180271
BB,2026-05-20 21:55:00+00:00,6.1897,6.19,6.1897,6.19,310.0,3.0,6.189815
BB,2026-05-20 22:00:00+00:00,6.18,6.18,6.18,6.18,499.0,1.0,6.18
BB,2026-05-20 22:15:00+00:00,6.19,6.19,6.19,6.19,205.0,4.0,6.19
BB,2026-05-20 22:20:00+00:00,6.2,6.2,6.2,6.2,1232.0,4.0,6.2
BB,2026-05-20 22:25:00+00:00,6.18,6.18,6.18,6.18,1014.0,9.0,6.18
BB,2026-05-20 22:45:00+00:00,6.2,6.2,6.2,6.2,3221.0,2.0,6.2
BB,2026-05-20 22:55:00+00:00,6.19,6.19,6.1826,6.1826,8100.0,3.0,6.182691
BB,2026-05-20 23:05:00+00:00,6.19,6.19,6.1897,6.1897,567.0,3.0,6.189771
BB,2026-05-20 23:10:00+00:00,6.19,6.19,6.19,6.19,999.0,1.0,6.19
BB,2026-05-20 23:15:00+00:00,6.18,6.18,6.18,6.18,340.0,2.0,6.18
BB,2026-05-20 23:20:00+00:00,6.19,6.19,6.19,6.19,1022.0,3.0,6.19
BB,2026-05-20 23:35:00+00:00,6.19,6.19,6.18,6.18,2601.0,6.0,6.180785
BB,2026-05-20 23:40:00+00:00,6.19,6.19,6.1802,6.1802,1204.0,3.0,6.181833
BB,2026-05-20 23:50:00+00:00,6.1897,6.1897,6.1801,6.1801,400.0,2.0,6.1825
BB,2026-05-21 08:00:00+00:00,6.18,6.2,6.18,6.19,12911.0,55.0,6.187144
BB,2026-05-21 08:05:00+00:00,6.2,6.2,6.2,6.2,400.0,9.0,6.2
BB,2026-05-21 08:10:00+00:00,6.19,6.19,6.19,6.19,2523.0,1.0,6.19
BB,2026-05-21 08:15:00+00:00,6.2,6.2,6.1916,6.2,930.0,3.0,6.198826
BB,2026-05-21 08:35:00+00:00,6.195,6.2,6.195,6.2,249.0,3.0,6.197967
BB,2026-05-21 09:35:00+00:00,6.2,6.2,6.2,6.2,200.0,2.0,6.2
BB,2026-05-21 09:40:00+00:00,6.21,6.21,6.21,6.21,134.0,1.0,6.21
BB,2026-05-21 09:50:00+00:00,6.19,6.19,6.19,6.19,204.0,2.0,6.19
BB,2026-05-21 10:05:00+00:00,6.19,6.19,6.19,6.19,134.0,1.0,6.19
BB,2026-05-21 10:15:00+00:00,6.19,6.19,6.19,6.19,2788.0,11.0,6.19
BB,2026-05-21 10:25:00+00:00,6.16,6.16,6.16,6.16,1173.0,1.0,6.16
BB,2026-05-21 10:30:00+00:00,6.16,6.16,6.16,6.16,800.0,3.0,6.16
BB,2026-05-21 10:40:00+00:00,6.17,6.17,6.17,6.17,350.0,2.0,6.17
BB,2026-05-21 10:55:00+00:00,6.17,6.17,6.17,6.17,100.0,1.0,6.17
BB,2026-05-21 11:00:00+00:00,6.175,6.18,6.17,6.1712,11320.0,24.0,6.171153
BB,2026-05-21 11:10:00+00:00,6.18,6.18,6.18,6.18,100.0,1.0,6.18
BB,2026-05-21 11:20:00+00:00,6.19,6.2083,6.19,6.2083,3708.0,5.0,6.192542
BB,2026-05-21 11:25:00+00:00,6.21,6.21,6.21,6.21,1020.0,3.0,6.21
BB,2026-05-21 11:30:00+00:00,6.21,6.21,6.2,6.2,3945.0,7.0,6.2084
BB,2026-05-21 11:35:00+00:00,6.2093,6.2093,6.19,6.19,1672.0,7.0,6.202688
BB,2026-05-21 11:40:00+00:00,6.2,6.21,6.1995,6.209,2147.0,11.0,6.203595
BB,2026-05-21 11:45:00+00:00,6.21,6.22,6.21,6.21,10780.0,20.0,6.218398
BB,2026-05-21 11:50:00+00:00,6.22,6.22,6.2,6.2,6629.0,9.0,6.203664
BB,2026-05-21 11:55:00+00:00,6.2197,6.22,6.2188,6.22,891.0,3.0,6.21955
BB,2026-05-21 12:00:00+00:00,6.2,6.2,6.2,6.2,300.0,2.0,6.2
BB,2026-05-21 12:10:00+00:00,6.2184,6.2184,6.21,6.21,1000.0,2.0,6.2142
BB,2026-05-21 12:15:00+00:00,6.22,6.22,6.21,6.21,875.0,10.0,6.21625
BB,2026-05-21 12:20:00+00:00,6.2,6.2,6.19,6.19,3153.0,26.0,6.195123
BB,2026-05-21 12:25:00+00:00,6.1805,6.19,6.1805,6.19,447.0,2.0,6.182625
BB,2026-05-21 12:30:00+00:00,6.19,6.19,6.19,6.19,5010.0,2.0,6.19
BB,2026-05-21 12:35:00+00:00,6.1895,6.1895,6.1895,6.1895,100.0,1.0,6.1895
BB,2026-05-21 12:40:00+00:00,6.19,6.19,6.19,6.19,575.0,3.0,6.19
BB,2026-05-21 12:45:00+00:00,6.18,6.1894,6.17,6.17,2833.0,15.0,6.179716
BB,2026-05-21 12:50:00+00:00,6.17,6.17,6.17,6.17,3179.0,7.0,6.17
BB,2026-05-21 12:55:00+00:00,6.1797,6.18,6.175,6.175,1199.0,9.0,6.177792
BB,2026-05-21 13:00:00+00:00,6.18,6.18,6.17,6.17,3926.0,6.0,6.17026
BB,2026-05-21 13:05:00+00:00,6.17,6.17,6.17,6.17,16358.0,17.0,6.17
BB,2026-05-21 13:10:00+00:00,6.16,6.18,6.1534,6.18,1966.0,7.0,6.160031
BB,2026-05-21 13:15:00+00:00,6.16,6.16,6.16,6.16,937.0,8.0,6.16
BB,2026-05-21 13:20:00+00:00,6.17,6.1797,6.17,6.1797,450.0,4.0,6.174862
BB,2026-05-21 13:25:00+00:00,6.18,6.19,6.18,6.19,3530.0,15.0,6.187333
BB,2026-05-21 13:30:00+00:00,6.17,6.21,6.1,6.1967,451256.0,1088.0,6.151626
BB,2026-05-21 13:35:00+00:00,6.205,6.24,6.19,6.205,314572.0,755.0,6.219081
BB,2026-05-21 13:40:00+00:00,6.2023,6.22,6.15,6.165,453089.0,859.0,6.178082
BB,2026-05-21 13:45:00+00:00,6.16,6.18,6.146,6.175,213753.0,517.0,6.16256
BB,2026-05-21 13:50:00+00:00,6.1789,6.19,6.165,6.1898,163882.0,439.0,6.176091
BB,2026-05-21 13:55:00+00:00,6.185,6.19,6.12,6.1634,212770.0,428.0,6.157051
BB,2026-05-21 14:00:00+00:00,6.1614,6.22,6.16,6.21,293279.0,542.0,6.194398
BB,2026-05-21 14:05:00+00:00,6.21,6.25,6.2024,6.245,194452.0,587.0,6.223842
BB,2026-05-21 14:10:00+00:00,6.25,6.2699,6.215,6.26,327386.0,758.0,6.247411
BB,2026-05-21 14:15:00+00:00,6.255,6.26,6.2,6.201,321064.0,636.0,6.219759
BB,2026-05-21 14:20:00+00:00,6.2,6.2599,6.19,6.23,256482.0,498.0,6.226686
BB,2026-05-21 14:25:00+00:00,6.2368,6.275,6.21,6.2486,270919.0,522.0,6.245338
BB,2026-05-21 14:30:00+00:00,6.245,6.29,6.245,6.26,223579.0,435.0,6.266104
BB,2026-05-21 14:35:00+00:00,6.2565,6.31,6.2565,6.275,228205.0,435.0,6.289618
BB,2026-05-21 14:40:00+00:00,6.28,6.365,6.275,6.365,285766.0,441.0,6.308722
BB,2026-05-21 14:45:00+00:00,6.365,6.365,6.3328,6.355,417220.0,556.0,6.346999
BB,2026-05-21 14:50:00+00:00,6.355,6.41,6.335,6.41,494480.0,795.0,6.37476
BB,2026-05-21 14:55:00+00:00,6.405,6.46,6.3901,6.4432,557357.0,869.0,6.424791
BB,2026-05-21 15:00:00+00:00,6.445,6.46,6.35,6.35,516177.0,912.0,6.410264
BB,2026-05-21 15:05:00+00:00,6.35,6.36,6.32,6.325,295566.0,655.0,6.342292
BB,2026-05-21 15:10:00+00:00,6.32,6.375,6.32,6.34,566383.0,965.0,6.340551
BB,2026-05-21 15:15:00+00:00,6.335,6.435,6.335,6.415,447859.0,864.0,6.400072
BB,2026-05-21 15:20:00+00:00,6.415,6.42,6.38,6.395,103069.0,346.0,6.405353
BB,2026-05-21 15:25:00+00:00,6.3902,6.4177,6.39,6.415,302418.0,598.0,6.403888
BB,2026-05-21 15:30:00+00:00,6.415,6.485,6.41,6.48,430618.0,799.0,6.451373
BB,2026-05-21 15:35:00+00:00,6.485,6.505,6.445,6.4873,715795.0,1059.0,6.471638
BB,2026-05-21 15:40:00+00:00,6.49,6.53,6.48,6.52,466220.0,796.0,6.508411
BB,2026-05-21 15:45:00+00:00,6.525,6.55,6.5,6.535,305341.0,583.0,6.526457
BB,2026-05-21 15:50:00+00:00,6.5329,6.57,6.52,6.545,474983.0,662.0,6.539152
BB,2026-05-21 15:55:00+00:00,6.545,6.56,6.52,6.555,200129.0,469.0,6.545281
BB,2026-05-21 16:00:00+00:00,6.555,6.58,6.5,6.52,687466.0,1105.0,6.534161
BB,2026-05-21 16:05:00+00:00,6.525,6.53,6.5,6.525,178746.0,303.0,6.516353
BB,2026-05-21 16:10:00+00:00,6.525,6.535,6.48,6.495,315358.0,501.0,6.495507
BB,2026-05-21 16:15:00+00:00,6.5,6.52,6.475,6.475,444129.0,560.0,6.501564
BB,2026-05-21 16:20:00+00:00,6.47,6.4799,6.44,6.455,372438.0,640.0,6.457963
BB,2026-05-21 16:25:00+00:00,6.4504,6.47,6.45,6.465,239342.0,420.0,6.459276
BB,2026-05-21 16:30:00+00:00,6.46,6.465,6.44,6.445,93897.0,276.0,6.451032
BB,2026-05-21 16:35:00+00:00,6.44,6.4599,6.44,6.4575,122507.0,286.0,6.449562
BB,2026-05-21 16:40:00+00:00,6.455,6.485,6.45,6.4801,172300.0,354.0,6.461209
BB,2026-05-21 16:45:00+00:00,6.48,6.5177,6.48,6.515,193496.0,361.0,6.504444
BB,2026-05-21 16:50:00+00:00,6.515,6.5269,6.475,6.4899,356742.0,609.0,6.504714
BB,2026-05-21 16:55:00+00:00,6.482,6.4856,6.45,6.455,221827.0,378.0,6.468276
BB,2026-05-21 17:00:00+00:00,6.46,6.475,6.44,6.445,244315.0,344.0,6.461587
BB,2026-05-21 17:05:00+00:00,6.4474,6.48,6.4434,6.475,137632.0,316.0,6.470238
BB,2026-05-21 17:10:00+00:00,6.48,6.505,6.47,6.4835,367685.0,642.0,6.490832
BB,2026-05-21 17:15:00+00:00,6.48,6.51,6.4702,6.4911,222195.0,399.0,6.49328
BB,2026-05-21 17:20:00+00:00,6.495,6.505,6.48,6.495,155599.0,310.0,6.489347
BB,2026-05-21 17:25:00+00:00,6.495,6.5051,6.475,6.485,162134.0,316.0,6.493321
BB,2026-05-21 17:30:00+00:00,6.485,6.525,6.485,6.525,131294.0,258.0,6.506421
BB,2026-05-21 17:35:00+00:00,6.525,6.54,6.52,6.5399,193519.0,345.0,6.528918
BB,2026-05-21 17:40:00+00:00,6.535,6.57,6.535,6.565,202042.0,337.0,6.55163
BB,2026-05-21 17:45:00+00:00,6.57,6.59,6.55,6.585,307127.0,440.0,6.570093
BB,2026-05-21 17:50:00+00:00,6.585,6.61,6.58,6.605,282147.0,440.0,6.595881
BB,2026-05-21 17:55:00+00:00,6.61,6.63,6.61,6.615,272145.0,486.0,6.619001
BB,2026-05-21 18:00:00+00:00,6.615,6.63,6.61,6.624,290235.0,504.0,6.62085
BB,2026-05-21 18:05:00+00:00,6.6235,6.6579,6.615,6.6579,497373.0,668.0,6.634413
BB,2026-05-21 18:10:00+00:00,6.6599,6.69,6.645,6.67,555650.0,870.0,6.668186
BB,2026-05-21 18:15:00+00:00,6.675,6.71,6.66,6.685,656215.0,797.0,6.689484
BB,2026-05-21 18:20:00+00:00,6.6868,6.7,6.68,6.695,311398.0,576.0,6.69306
BB,2026-05-21 18:25:00+00:00,6.695,6.71,6.675,6.69,247180.0,625.0,6.69484
BB,2026-05-21 18:30:00+00:00,6.6899,6.7,6.68,6.685,212414.0,486.0,6.68784
BB,2026-05-21 18:35:00+00:00,6.685,6.685,6.66,6.675,230875.0,471.0,6.670324
BB,2026-05-21 18:40:00+00:00,6.675,6.7,6.675,6.685,210819.0,466.0,6.68996
BB,2026-05-21 18:45:00+00:00,6.685,6.69,6.66,6.665,213874.0,494.0,6.675701
BB,2026-05-21 18:50:00+00:00,6.66,6.6678,6.64,6.645,291291.0,554.0,6.653087
BB,2026-05-21 18:55:00+00:00,6.6406,6.665,6.64,6.6599,236990.0,521.0,6.650746
BB,2026-05-21 19:00:00+00:00,6.66,6.71,6.66,6.705,435687.0,625.0,6.682671
BB,2026-05-21 19:05:00+00:00,6.705,6.71,6.68,6.68,121784.0,463.0,6.694564
BB,2026-05-21 19:10:00+00:00,6.6899,6.695,6.64,6.645,602214.0,853.0,6.661203
BB,2026-05-21 19:15:00+00:00,6.645,6.67,6.64,6.67,184283.0,531.0,6.656608
BB,2026-05-21 19:20:00+00:00,6.675,6.68,6.62,6.645,284702.0,551.0,6.649139
BB,2026-05-21 19:25:00+00:00,6.645,6.65,6.6232,6.635,296008.0,463.0,6.639534
BB,2026-05-21 19:30:00+00:00,6.635,6.68,6.6331,6.68,151547.0,478.0,6.655662
BB,2026-05-21 19:35:00+00:00,6.675,6.705,6.67,6.695,470018.0,963.0,6.686274
BB,2026-05-21 19:40:00+00:00,6.695,6.73,6.68,6.725,542309.0,977.0,6.702693
BB,2026-05-21 19:45:00+00:00,6.725,6.7289,6.67,6.67,553274.0,1166.0,6.696648
BB,2026-05-21 19:50:00+00:00,6.675,6.68,6.6501,6.6507,590673.0,1194.0,6.666539
BB,2026-05-21 19:55:00+00:00,6.655,6.67,6.64,6.655,1256064.0,2821.0,6.654964
BB,2026-05-21 20:00:00+00:00,6.66,6.67,6.61,6.67,702334.0,36.0,6.649898
BB,2026-05-21 20:05:00+00:00,6.65,6.7157,6.65,6.7157,3364.0,41.0,6.675322
BB,2026-05-21 20:10:00+00:00,6.67,6.67,6.67,6.67,1173.0,17.0,6.67
BB,2026-05-21 20:15:00+00:00,6.69,6.72,6.613,6.6618,3363.0,14.0,6.666786
BB,2026-05-21 20:20:00+00:00,6.7,6.7,6.61,6.68,19879.0,15.0,6.646168
BB,2026-05-21 20:25:00+00:00,6.69,6.69,6.66,6.68,3799.0,16.0,6.674642
BB,2026-05-21 20:30:00+00:00,6.6606,6.6796,6.6606,6.6796,3880.0,5.0,6.66168
BB,2026-05-21 20:35:00+00:00,6.68,6.68,6.67,6.67,22974.0,14.0,6.678355
BB,2026-05-21 20:40:00+00:00,6.6896,6.6896,6.66,6.66,1365.0,6.0,6.676078
BB,2026-05-21 20:50:00+00:00,6.67,6.68,6.67,6.68,300.0,2.0,6.676667
BB,2026-05-21 20:55:00+00:00,6.68,6.68,6.6763,6.6763,1850.0,3.0,6.67793
BB,2026-05-21 21:00:00+00:00,6.69,6.7,6.69,6.7,1881.0,16.0,6.696329
BB,2026-05-21 21:05:00+00:00,6.71,6.71,6.7061,6.71,773.0,8.0,6.70898
BB,2026-05-21 21:10:00+00:00,6.71,6.71,6.71,6.71,400.0,1.0,6.71
BB,2026-05-21 21:15:00+00:00,6.68,6.7,6.68,6.7,934.0,6.0,6.695294
BB,2026-05-21 21:20:00+00:00,6.7,6.71,6.68,6.71,3788.0,19.0,6.702342
BB,2026-05-21 21:25:00+00:00,6.7096,6.7096,6.67,6.68,3151.0,33.0,6.684124
BB,2026-05-21 21:30:00+00:00,6.7,6.7087,6.7,6.7087,11490.0,5.0,6.700104
BB,2026-05-21 21:35:00+00:00,6.71,6.71,6.7,6.7,1430.0,11.0,6.707764
BB,2026-05-21 21:40:00+00:00,6.7003,6.7087,6.7002,6.7087,572.0,7.0,6.70288
BB,2026-05-21 21:45:00+00:00,6.7003,6.71,6.7003,6.71,1701.0,9.0,6.708679
BB,2026-05-21 21:50:00+00:00,6.71,6.71,6.71,6.71,690.0,7.0,6.71
BB,2026-05-21 21:55:00+00:00,6.71,6.7174,6.7,6.7174,825.0,9.0,6.704286
BB,2026-05-21 22:00:00+00:00,6.7,6.82,6.66,6.74,102582.0,398.0,6.700039
BB,2026-05-21 22:05:00+00:00,6.73,6.73,6.7,6.7,536.0,7.0,6.706173
BB,2026-05-21 22:10:00+00:00,6.65,6.73,6.65,6.7001,20973.0,23.0,6.700267
BB,2026-05-21 22:15:00+00:00,6.7295,6.7295,6.7295,6.7295,6005.0,2.0,6.7295
BB,2026-05-21 22:20:00+00:00,6.73,6.73,6.73,6.73,170.0,2.0,6.73
BB,2026-05-21 22:25:00+00:00,6.71,6.74,6.71,6.74,1170.0,7.0,6.73535
BB,2026-05-21 22:30:00+00:00,6.7102,6.73,6.71,6.73,9096.0,17.0,6.723311
BB,2026-05-21 22:35:00+00:00,6.74,6.74,6.74,6.74,13142.0,4.0,6.74
BB,2026-05-21 22:40:00+00:00,6.74,6.74,6.73,6.73,2178.0,7.0,6.735114
BB,2026-05-21 22:45:00+00:00,6.73,6.73,6.72,6.72,502.0,5.0,6.725556
BB,2026-05-21 22:50:00+00:00,6.7287,6.74,6.7287,6.733,2338.0,13.0,6.731237
BB,2026-05-21 22:55:00+00:00,6.7387,6.74,6.733,6.74,4385.0,8.0,6.738331
BB,2026-05-21 23:00:00+00:00,6.74,6.74,6.74,6.74,200.0,2.0,6.74
BB,2026-05-21 23:05:00+00:00,6.74,6.74,6.72,6.7201,3154.0,10.0,6.729213
BB,2026-05-21 23:10:00+00:00,6.7199,6.7199,6.71,6.71,1638.0,5.0,6.716188
BB,2026-05-21 23:15:00+00:00,6.7,6.72,6.7,6.72,6848.0,10.0,6.706183
BB,2026-05-21 23:20:00+00:00,6.7008,6.72,6.7008,6.7196,1477.0,6.0,6.718417
BB,2026-05-21 23:25:00+00:00,6.71,6.71,6.71,6.71,220.0,1.0,6.71
BB,2026-05-21 23:30:00+00:00,6.7,6.7,6.7,6.7,1000.0,2.0,6.7
BB,2026-05-21 23:35:00+00:00,6.72,6.72,6.71,6.71,1058.0,7.0,6.715376
BB,2026-05-21 23:40:00+00:00,6.713,6.74,6.713,6.74,2222.0,6.0,6.729964
BB,2026-05-21 23:45:00+00:00,6.74,6.74,6.74,6.74,319.0,2.0,6.74
BB,2026-05-21 23:50:00+00:00,6.74,6.75,6.72,6.75,14700.0,15.0,6.740138
BB,2026-05-21 23:55:00+00:00,6.74,6.74,6.7,6.7006,3452.0,13.0,6.707652
BB,2026-05-22 08:00:00+00:00,6.75,6.9,6.69,6.78,24613.0,217.0,6.749445
BB,2026-05-22 08:05:00+00:00,6.76,6.76,6.74,6.74,3073.0,11.0,6.756381
BB,2026-05-22 08:10:00+00:00,6.7401,6.75,6.74,6.74,6630.0,17.0,6.74181
BB,2026-05-22 08:15:00+00:00,6.72,6.72,6.72,6.72,314.0,4.0,6.72
BB,2026-05-22 08:20:00+00:00,6.73,6.73,6.73,6.73,6078.0,6.0,6.73
BB,2026-05-22 08:25:00+00:00,6.75,6.76,6.75,6.76,9216.0,12.0,6.750518
BB,2026-05-22 08:30:00+00:00,6.77,6.77,6.77,6.77,1027.0,2.0,6.77
BB,2026-05-22 08:35:00+00:00,6.77,6.77,6.77,6.77,4148.0,9.0,6.77
BB,2026-05-22 08:40:00+00:00,6.775,6.775,6.775,6.775,2200.0,11.0,6.775
BB,2026-05-22 08:45:00+00:00,6.79,6.79,6.78,6.78,801.0,4.0,6.7875
BB,2026-05-22 08:50:00+00:00,6.79,6.79,6.79,6.79,840.0,6.0,6.79
BB,2026-05-22 08:55:00+00:00,6.78,6.78,6.78,6.78,314.0,5.0,6.78
BB,2026-05-22 09:00:00+00:00,6.75,6.75,6.74,6.74,5396.0,9.0,6.749815
BB,2026-05-22 09:05:00+00:00,6.73,6.73,6.73,6.73,301.0,4.0,6.73
BB,2026-05-22 09:10:00+00:00,6.71,6.73,6.71,6.73,331.0,4.0,6.722903
BB,2026-05-22 09:20:00+00:00,6.73,6.73,6.73,6.73,450.0,1.0,6.73
BB,2026-05-22 09:30:00+00:00,6.7,6.7,6.7,6.7,103.0,4.0,6.7
BB,2026-05-22 09:35:00+00:00,6.7013,6.7013,6.7013,6.7013,201.0,2.0,6.7013
BB,2026-05-22 09:50:00+00:00,6.73,6.73,6.73,6.73,200.0,2.0,6.73
BB,2026-05-22 09:55:00+00:00,6.74,6.74,6.74,6.74,602.0,5.0,6.74
BB,2026-05-22 10:20:00+00:00,6.735,6.75,6.735,6.75,544.0,2.0,6.741728
BB,2026-05-22 10:30:00+00:00,6.73,6.73,6.7056,6.7056,634.0,4.0,6.72547
BB,2026-05-22 10:35:00+00:00,6.72,6.72,6.72,6.72,1550.0,1.0,6.72
BB,2026-05-22 10:40:00+00:00,6.77,6.77,6.73,6.74,4607.0,7.0,6.743221
BB,2026-05-22 10:45:00+00:00,6.74,6.77,6.74,6.77,8265.0,14.0,6.756226
BB,2026-05-22 10:50:00+00:00,6.7,6.77,6.7,6.76,4998.0,9.0,6.72681
BB,2026-05-22 10:55:00+00:00,6.7694,6.77,6.7694,6.77,3217.0,4.0,6.769782
BB,2026-05-22 11:00:00+00:00,6.7498,6.75,6.67,6.67,14695.0,76.0,6.710236
BB,2026-05-22 11:05:00+00:00,6.68,6.73,6.68,6.73,73982.0,28.0,6.690095
BB,2026-05-22 11:10:00+00:00,6.75,6.75,6.69,6.73,7588.0,10.0,6.705869
BB,2026-05-22 11:15:00+00:00,6.72,6.7261,6.707,6.707,12089.0,14.0,6.721097
BB,2026-05-22 11:20:00+00:00,6.7174,6.7174,6.7,6.7,17457.0,15.0,6.702288
BB,2026-05-22 11:25:00+00:00,6.73,6.73,6.7202,6.73,2507.0,9.0,6.727996
BB,2026-05-22 11:30:00+00:00,6.7,6.73,6.7,6.73,15190.0,6.0,6.706244
BB,2026-05-22 11:35:00+00:00,6.7274,6.729,6.7174,6.7174,10449.0,11.0,6.726794
BB,2026-05-22 11:40:00+00:00,6.71,6.71,6.71,6.71,210.0,2.0,6.71
BB,2026-05-22 11:45:00+00:00,6.72,6.7294,6.7184,6.7272,10713.0,13.0,6.724485
BB,2026-05-22 11:50:00+00:00,6.73,6.75,6.729,6.75,14610.0,15.0,6.744174
BB,2026-05-22 11:55:00+00:00,6.75,6.75,6.74,6.75,4333.0,21.0,6.748574
BB,2026-05-22 12:00:00+00:00,6.75,6.7625,6.74,6.76,10291.0,27.0,6.749711
BB,2026-05-22 12:05:00+00:00,6.75,6.77,6.75,6.77,4587.0,22.0,6.769041
BB,2026-05-22 12:10:00+00:00,6.78,6.78,6.75,6.7796,10208.0,16.0,6.777978
BB,2026-05-22 12:15:00+00:00,6.78,6.8,6.76,6.8,4966.0,46.0,6.781001
BB,2026-05-22 12:20:00+00:00,6.81,6.84,6.81,6.84,33994.0,60.0,6.824887
BB,2026-05-22 12:25:00+00:00,6.84,6.88,6.8297,6.83,29243.0,102.0,6.849756
BB,2026-05-22 12:30:00+00:00,6.84,6.86,6.815,6.8599,33683.0,168.0,6.833746
BB,2026-05-22 12:35:00+00:00,6.84,6.86,6.83,6.8384,35239.0,70.0,6.846463
BB,2026-05-22 12:40:00+00:00,6.83,6.84,6.81,6.813,9071.0,45.0,6.828675
BB,2026-05-22 12:45:00+00:00,6.8141,6.84,6.81,6.8101,6445.0,25.0,6.823277
BB,2026-05-22 12:50:00+00:00,6.815,6.84,6.81,6.839,5506.0,35.0,6.823761
BB,2026-05-22 12:55:00+00:00,6.84,6.84,6.83,6.83,11607.0,22.0,6.833388
BB,2026-05-22 13:00:00+00:00,6.84,6.84,6.82,6.84,4764.0,32.0,6.828391
BB,2026-05-22 13:05:00+00:00,6.82,6.84,6.82,6.84,3290.0,18.0,6.831747
BB,2026-05-22 13:10:00+00:00,6.85,6.86,6.84,6.86,6715.0,37.0,6.850726
BB,2026-05-22 13:15:00+00:00,6.8505,6.8505,6.83,6.83,11398.0,29.0,6.843207
BB,2026-05-22 13:20:00+00:00,6.82,6.82,6.78,6.7852,26521.0,73.0,6.802132
BB,2026-05-22 13:25:00+00:00,6.8,6.81,6.78,6.78,13250.0,38.0,6.793
BB,2026-05-22 13:30:00+00:00,6.77,7.08,6.7,7.0,1816186.0,4355.0,6.910413
BB,2026-05-22 13:35:00+00:00,7.0035,7.19,7.0035,7.171,1152311.0,3058.0,7.116206
BB,2026-05-22 13:40:00+00:00,7.17,7.225,7.13,7.1999,1013129.0,2355.0,7.18617
BB,2026-05-22 13:45:00+00:00,7.19,7.215,7.13,7.155,697413.0,1574.0,7.165485
BB,2026-05-22 13:50:00+00:00,7.155,7.22,7.1401,7.2173,475285.0,1342.0,7.17738
BB,2026-05-22 13:55:00+00:00,7.2176,7.295,7.19,7.295,1373537.0,2368.0,7.247845
BB,2026-05-22 14:00:00+00:00,7.29,7.305,7.25,7.27,866112.0,1811.0,7.277469
BB,2026-05-22 14:05:00+00:00,7.2644,7.28,7.2,7.2181,843097.0,1974.0,7.235714
BB,2026-05-22 14:10:00+00:00,7.215,7.25,7.17,7.235,641722.0,1594.0,7.20434
BB,2026-05-22 14:15:00+00:00,7.23,7.275,7.2101,7.265,552582.0,1567.0,7.247879
BB,2026-05-22 14:20:00+00:00,7.265,7.29,7.24,7.26,560348.0,1428.0,7.25851
BB,2026-05-22 14:25:00+00:00,7.255,7.27,7.2,7.2589,407781.0,1308.0,7.230382
BB,2026-05-22 14:30:00+00:00,7.25,7.37,7.25,7.3364,1005375.0,2542.0,7.317366
BB,2026-05-22 14:35:00+00:00,7.335,7.4,7.33,7.385,529406.0,1542.0,7.374011
BB,2026-05-22 14:40:00+00:00,7.385,7.43,7.38,7.415,512716.0,1488.0,7.405906
BB,2026-05-22 14:45:00+00:00,7.4161,7.4199,7.38,7.4174,551136.0,1504.0,7.396902
BB,2026-05-22 14:50:00+00:00,7.41,7.43,7.375,7.395,565293.0,1240.0,7.399164
BB,2026-05-22 14:55:00+00:00,7.395,7.415,7.3601,7.3999,356545.0,951.0,7.389296
BB,2026-05-22 15:00:00+00:00,7.395,7.4297,7.36,7.4075,520040.0,1086.0,7.395754
BB,2026-05-22 15:05:00+00:00,7.4087,7.48,7.405,7.465,456359.0,1096.0,7.443312
BB,2026-05-22 15:10:00+00:00,7.465,7.53,7.45,7.5199,778663.0,1812.0,7.492997
BB,2026-05-22 15:15:00+00:00,7.5199,7.53,7.4922,7.51,699122.0,1575.0,7.515722
BB,2026-05-22 15:20:00+00:00,7.515,7.55,7.505,7.54,556832.0,1155.0,7.525648
BB,2026-05-22 15:25:00+00:00,7.545,7.58,7.5,7.57,580291.0,1302.0,7.543674
BB,2026-05-22 15:30:00+00:00,7.565,7.59,7.54,7.5818,611897.0,1235.0,7.569135
BB,2026-05-22 15:35:00+00:00,7.585,7.635,7.565,7.63,650668.0,1359.0,7.608387
BB,2026-05-22 15:40:00+00:00,7.635,7.645,7.6,7.625,541808.0,1098.0,7.623998
BB,2026-05-22 15:45:00+00:00,7.6237,7.65,7.61,7.62,530672.0,1187.0,7.629414
BB,2026-05-22 15:50:00+00:00,7.625,7.6488,7.59,7.645,772247.0,1319.0,7.612651
BB,2026-05-22 15:55:00+00:00,7.645,7.69,7.64,7.685,582060.0,1290.0,7.661529
BB,2026-05-22 16:00:00+00:00,7.689,7.7765,7.68,7.775,966743.0,1819.0,7.738445
BB,2026-05-22 16:05:00+00:00,7.7703,7.8,7.76,7.7845,982598.0,1701.0,7.78517
BB,2026-05-22 16:10:00+00:00,7.79,7.855,7.785,7.81,1114750.0,1939.0,7.825512
BB,2026-05-22 16:15:00+00:00,7.82,7.86,7.81,7.845,820217.0,1441.0,7.82999
BB,2026-05-22 16:20:00+00:00,7.845,7.915,7.81,7.815,1040185.0,2075.0,7.873975
BB,2026-05-22 16:25:00+00:00,7.815,7.87,7.78,7.78,1034297.0,1645.0,7.812776
BB,2026-05-22 16:30:00+00:00,7.78,7.83,7.77,7.815,542254.0,989.0,7.808323
BB,2026-05-22 16:35:00+00:00,7.815,7.85,7.8,7.845,532122.0,1033.0,7.824457
BB,2026-05-22 16:40:00+00:00,7.845,7.86,7.8,7.815,572000.0,900.0,7.835183
BB,2026-05-22 16:45:00+00:00,7.815,7.84,7.735,7.77,1410551.0,2074.0,7.780169
BB,2026-05-22 16:50:00+00:00,7.7666,7.78,7.73,7.765,823259.0,1027.0,7.746051
BB,2026-05-22 16:55:00+00:00,7.765,7.79,7.73,7.757,621564.0,1019.0,7.76082
BB,2026-05-22 17:00:00+00:00,7.76,7.82,7.75,7.8074,826508.0,1293.0,7.79622
BB,2026-05-22 17:05:00+00:00,7.805,7.86,7.8,7.815,1450540.0,2300.0,7.821763
BB,2026-05-22 17:10:00+00:00,7.8199,7.89,7.8145,7.89,586545.0,882.0,7.84805
BB,2026-05-22 17:15:00+00:00,7.8801,7.8886,7.83,7.87,461214.0,1057.0,7.8618
BB,2026-05-22 17:20:00+00:00,7.865,7.87,7.83,7.84,469845.0,1046.0,7.84809
BB,2026-05-22 17:25:00+00:00,7.845,7.9062,7.84,7.9062,905300.0,1784.0,7.873024
BB,2026-05-22 17:30:00+00:00,7.905,7.94,7.895,7.925,481180.0,1044.0,7.918027
BB,2026-05-22 17:35:00+00:00,7.9299,7.93,7.88,7.925,642332.0,1153.0,7.910861
BB,2026-05-22 17:40:00+00:00,7.925,7.9288,7.89,7.895,878449.0,694.0,7.904878
BB,2026-05-22 17:45:00+00:00,7.9,7.92,7.85,7.8799,303089.0,788.0,7.887051
BB,2026-05-22 17:50:00+00:00,7.8783,7.93,7.8783,7.925,799255.0,1458.0,7.908141
BB,2026-05-22 17:55:00+00:00,7.925,7.9499,7.8901,7.895,733603.0,1283.0,7.931176
BB,2026-05-22 18:00:00+00:00,7.9,7.9499,7.87,7.945,515210.0,1143.0,7.906863
BB,2026-05-22 18:05:00+00:00,7.94,7.96,7.935,7.945,349412.0,863.0,7.950403
BB,2026-05-22 18:10:00+00:00,7.945,8.02,7.945,7.995,977767.0,2082.0,7.99314
BB,2026-05-22 18:15:00+00:00,7.9913,8.03,7.97,8.025,690163.0,1332.0,7.998269
BB,2026-05-22 18:20:00+00:00,8.0253,8.0275,7.975,8.0,808645.0,1456.0,7.998361
BB,2026-05-22 18:25:00+00:00,8.0036,8.01,7.98,7.985,313936.0,864.0,7.989912
BB,2026-05-22 18:30:00+00:00,7.985,7.99,7.91,7.94,640567.0,1336.0,7.938518
BB,2026-05-22 18:35:00+00:00,7.935,7.95,7.91,7.935,529629.0,1091.0,7.932578
BB,2026-05-22 18:40:00+00:00,7.9374,7.97,7.93,7.9338,584289.0,1051.0,7.953256
BB,2026-05-22 18:45:00+00:00,7.935,7.935,7.875,7.8886,822877.0,1583.0,7.903902
BB,2026-05-22 18:50:00+00:00,7.885,7.91,7.88,7.895,326472.0,911.0,7.893622
BB,2026-05-22 18:55:00+00:00,7.895,7.91,7.872,7.905,534600.0,1079.0,7.889039
BB,2026-05-22 19:00:00+00:00,7.905,7.93,7.9,7.915,422135.0,853.0,7.913405
BB,2026-05-22 19:05:00+00:00,7.914,7.9198,7.85,7.857,512428.0,1153.0,7.881036
BB,2026-05-22 19:10:00+00:00,7.855,7.875,7.825,7.8607,346354.0,851.0,7.850559
BB,2026-05-22 19:15:00+00:00,7.8636,7.87,7.815,7.855,408625.0,1057.0,7.841115
BB,2026-05-22 19:20:00+00:00,7.8531,7.8531,7.83,7.84,251960.0,657.0,7.840091
BB,2026-05-22 19:25:00+00:00,7.8399,7.8599,7.81,7.8501,708505.0,1496.0,7.840654
BB,2026-05-22 19:30:00+00:00,7.855,7.88,7.81,7.8667,780401.0,1547.0,7.846278
BB,2026-05-22 19:35:00+00:00,7.87,7.89,7.87,7.88,492729.0,966.0,7.88055
BB,2026-05-22 19:40:00+00:00,7.885,7.9,7.83,7.835,674755.0,1457.0,7.867915
BB,2026-05-22 19:45:00+00:00,7.835,7.845,7.81,7.82,884779.0,1913.0,7.828789
BB,2026-05-22 19:50:00+00:00,7.825,7.86,7.825,7.8307,664721.0,1901.0,7.843502
BB,2026-05-22 19:55:00+00:00,7.835,7.91,7.8311,7.9,2194695.0,4829.0,7.884876
BB,2026-05-22 20:00:00+00:00,7.9,7.93,7.8157,7.85,904434.0,209.0,7.909567
BB,2026-05-22 20:05:00+00:00,7.85,7.9,7.85,7.9,20103.0,110.0,7.867061
BB,2026-05-22 20:10:00+00:00,7.91,7.97,7.9,7.97,28326.0,188.0,7.934604
BB,2026-05-22 20:15:00+00:00,7.94,7.94,7.9,7.9,2645.0,24.0,7.910738
BB,2026-05-22 20:20:00+00:00,7.9097,7.96,7.9,7.9001,24938.0,28.0,7.918495
BB,2026-05-22 20:25:00+00:00,7.93,8.01,7.93,8.0,26238.0,110.0,7.985421
BB,2026-05-22 20:30:00+00:00,8.0,8.01,8.0,8.0,9803.0,56.0,8.005914
BB,2026-05-22 20:35:00+00:00,7.97,7.97,7.9,7.9,6965.0,41.0,7.943732
BB,2026-05-22 20:40:00+00:00,7.92,7.9583,7.88,7.88,43197.0,117.0,7.890291
BB,2026-05-22 20:45:00+00:00,7.91,8.07,7.91,7.95,56665.0,268.0,7.953796
BB,2026-05-22 20:50:00+00:00,7.93,7.99,7.91,7.91,34896.0,109.0,7.920507
BB,2026-05-22 20:55:00+00:00,7.9299,7.99,7.86,7.96,23966.0,947.0,7.94756
BB,2026-05-22 21:00:00+00:00,7.91,7.9615,7.8936,7.93,13564.0,220.0,7.921264
BB,2026-05-22 21:05:00+00:00,7.87,7.93,7.87,7.9296,10499.0,29.0,7.902444
BB,2026-05-22 21:10:00+00:00,7.93,7.9599,7.92,7.92,6249.0,38.0,7.935176
BB,2026-05-22 21:15:00+00:00,7.93,7.96,7.9,7.9228,12876.0,25.0,7.933753
BB,2026-05-22 21:20:00+00:00,7.9206,7.96,7.79,7.91,26626.0,244.0,7.928131
BB,2026-05-22 21:25:00+00:00,7.93,7.94,7.93,7.93,3886.0,22.0,7.933973
BB,2026-05-22 21:30:00+00:00,7.9,7.91,7.9,7.91,693.0,6.0,7.906622
BB,2026-05-22 21:35:00+00:00,7.92,7.92,7.91,7.91,5362.0,11.0,7.910839
BB,2026-05-22 21:40:00+00:00,7.91,7.9535,7.91,7.9535,2672.0,21.0,7.919655
BB,2026-05-22 21:45:00+00:00,7.9499,7.98,7.94,7.98,8030.0,35.0,7.963324
BB,2026-05-22 21:50:00+00:00,7.95,7.97,7.92,7.94,9523.0,44.0,7.941699
BB,2026-05-22 21:55:00+00:00,7.9395,7.97,7.91,7.92,9741.0,23.0,7.922099
BB,2026-05-22 22:00:00+00:00,7.9199,7.9699,7.9101,7.9699,6179.0,22.0,7.929767
BB,2026-05-22 22:05:00+00:00,7.92,7.97,7.92,7.95,7956.0,99.0,7.959592
BB,2026-05-22 22:10:00+00:00,7.95,7.9694,7.95,7.9674,8951.0,42.0,7.956666
BB,2026-05-22 22:15:00+00:00,7.97,7.97,7.95,7.95,11134.0,47.0,7.954062
BB,2026-05-22 22:20:00+00:00,7.95,7.98,7.95,7.98,4437.0,30.0,7.960513
BB,2026-05-22 22:25:00+00:00,7.97,7.98,7.97,7.9764,6281.0,22.0,7.975341
BB,2026-05-22 22:30:00+00:00,7.98,7.98,7.97,7.98,6208.0,28.0,7.978325
BB,2026-05-22 22:35:00+00:00,7.98,7.98,7.97,7.97,3683.0,21.0,7.977385
BB,2026-05-22 22:40:00+00:00,7.975,7.98,7.95,7.95,3510.0,30.0,7.964897
BB,2026-05-22 22:45:00+00:00,7.95,7.95,7.95,7.95,5285.0,16.0,7.95
BB,2026-05-22 22:50:00+00:00,7.95,7.95,7.9397,7.9397,1416.0,19.0,7.942488
BB,2026-05-22 22:55:00+00:00,7.94,7.94,7.93,7.94,4401.0,15.0,7.939651
BB,2026-05-22 23:00:00+00:00,7.94,7.95,7.94,7.9487,1702.0,22.0,7.947497
BB,2026-05-22 23:05:00+00:00,7.95,7.97,7.95,7.97,7956.0,34.0,7.964484
BB,2026-05-22 23:10:00+00:00,7.97,7.98,7.96,7.9765,13405.0,47.0,7.975151
BB,2026-05-22 23:15:00+00:00,7.9799,7.98,7.95,7.98,23615.0,65.0,7.969928
BB,2026-05-22 23:20:00+00:00,7.98,7.98,7.96,7.98,28856.0,68.0,7.975191
BB,2026-05-22 23:25:00+00:00,7.98,8.0,7.9787,8.0,24025.0,78.0,7.990881
BB,2026-05-22 23:30:00+00:00,7.9998,8.0,7.98,8.0,4495.0,60.0,7.9925
BB,2026-05-22 23:35:00+00:00,8.0,8.0,7.98,7.99,17091.0,65.0,7.990087
BB,2026-05-22 23:40:00+00:00,7.9887,7.99,7.98,7.9899,22325.0,64.0,7.98829
BB,2026-05-22 23:45:00+00:00,7.9802,8.0,7.98,7.98,29049.0,75.0,7.988393
BB,2026-05-22 23:50:00+00:00,7.99,7.99,7.98,7.99,16473.0,87.0,7.986107
BB,2026-05-22 23:55:00+00:00,7.98,8.01,7.98,7.9987,46640.0,130.0,7.998615
