date,open,high,low,close,volume
2025-06-11 09:50:00+00:00,143.75,143.87,143.71,143.78,11852.0
2025-06-11 09:55:00+00:00,143.79,143.82,143.76,143.81,9883.0
2025-06-11 10:00:00+00:00,143.8,143.9,143.77,143.89,29219.0
2025-06-11 10:05:00+00:00,143.89,143.91,143.83,143.83,20984.0
2025-06-11 10:10:00+00:00,143.83,143.9,143.79,143.9,27227.0
2025-06-11 10:15:00+00:00,143.89,143.91,143.81,143.84,28124.0
2025-06-11 10:20:00+00:00,143.85,143.85,143.77,143.79,13346.0
2025-06-11 10:25:00+00:00,143.8,143.87,143.79,143.87,10448.0
2025-06-11 10:30:00+00:00,143.86,143.94,143.84,143.85,36813.0
2025-06-11 10:35:00+00:00,143.87,143.91,143.85,143.89,15437.0
2025-06-11 10:40:00+00:00,143.89,143.89,143.72,143.89,26174.0
2025-06-11 10:45:00+00:00,143.9,143.92,143.82,143.84,25560.0
2025-06-11 10:50:00+00:00,143.85,143.87,143.83,143.87,10661.0
2025-06-11 10:55:00+00:00,143.87,143.88,143.84,143.87,14759.0
2025-06-11 11:00:00+00:00,143.87,143.93,143.85,143.88,32577.0
2025-06-11 11:05:00+00:00,143.88,144.0,143.8,143.99,56751.0
2025-06-11 11:10:00+00:00,143.99,144.23,143.96,144.05,97488.0
2025-06-11 11:15:00+00:00,144.0,144.01,143.75,143.82,51702.0
2025-06-11 11:20:00+00:00,143.81,143.89,143.7,143.8,58860.0
2025-06-11 11:25:00+00:00,143.82,143.87,143.72,143.86,26952.0
2025-06-11 11:30:00+00:00,143.87,144.03,143.86,143.94,37883.0
2025-06-11 11:35:00+00:00,143.92,143.98,143.91,143.98,7965.0
2025-06-11 11:40:00+00:00,143.98,144.11,143.97,144.09,28516.0
2025-06-11 11:45:00+00:00,144.09,144.2,144.09,144.19,40482.0
2025-06-11 11:50:00+00:00,144.2,144.27,144.15,144.24,52834.0
2025-06-11 11:55:00+00:00,144.23,144.25,144.131,144.17,46113.0
2025-06-11 12:00:00+00:00,143.88,144.8,143.57,144.279,839321.0
2025-06-11 12:05:00+00:00,144.26,144.36,143.73,143.98,238062.0
2025-06-11 12:10:00+00:00,143.98,144.1,143.95,144.05,119432.0
2025-06-11 12:15:00+00:00,144.0207,144.05,143.91,143.9301,112227.0
2025-06-11 12:20:00+00:00,143.95,143.9602,143.81,143.89,90318.0
2025-06-11 12:25:00+00:00,143.88,144.0469,143.76,144.02,245031.0
2025-06-11 12:30:00+00:00,143.99,144.97,143.99,144.9498,891588.0
2025-06-11 12:35:00+00:00,144.95,145.25,144.88,145.14,1113265.0
2025-06-11 12:40:00+00:00,145.13,145.2,144.93,144.9501,382524.0
2025-06-11 12:45:00+00:00,144.97,145.09,144.84,144.86,336115.0
2025-06-11 12:50:00+00:00,144.8601,145.03,144.83,144.9602,294628.0
2025-06-11 12:55:00+00:00,144.96,145.18,144.91,145.11,307487.0
2025-06-11 13:00:00+00:00,145.1,145.27,144.96,145.12,517546.0
2025-06-11 13:05:00+00:00,145.12,145.22,145.09,145.09,258750.0
2025-06-11 13:10:00+00:00,145.08,145.13,145.0,145.02,190919.0
2025-06-11 13:15:00+00:00,145.0101,145.02,144.92,144.97,232245.0
2025-06-11 13:20:00+00:00,144.97,144.9899,144.89,144.9,206519.0
2025-06-11 13:25:00+00:00,144.86,145.0,144.5,144.59,442206.0
2025-06-11 13:30:00+00:00,144.63,144.99,144.01,144.025,7711782.0
2025-06-11 13:35:00+00:00,144.02,144.33,143.81,144.2,4479326.0
2025-06-11 13:40:00+00:00,144.205,144.26,143.55,143.86,4488764.0
2025-06-11 13:45:00+00:00,143.865,143.9801,143.02,143.555,4775972.0
2025-06-11 13:50:00+00:00,143.555,143.945,143.53,143.71,3126555.0
2025-06-11 13:55:00+00:00,143.7165,143.9888,143.51,143.755,2227177.0
2025-06-11 14:00:00+00:00,143.75,144.1699,143.72,143.89,2944316.0
2025-06-11 14:05:00+00:00,143.895,144.02,143.53,143.855,2454647.0
2025-06-11 14:10:00+00:00,143.855,144.31,143.755,144.265,2673090.0
2025-06-11 14:15:00+00:00,144.265,144.3,143.99,144.225,1782311.0
2025-06-11 14:20:00+00:00,144.225,144.5283,144.02,144.485,2561962.0
2025-06-11 14:25:00+00:00,144.485,144.56,144.35,144.4773,2227994.0
2025-06-11 14:30:00+00:00,144.485,144.6899,144.4,144.56,2518245.0
2025-06-11 14:35:00+00:00,144.555,144.65,144.19,144.3,2349374.0
2025-06-11 14:40:00+00:00,144.305,144.34,144.06,144.2299,1988578.0
2025-06-11 14:45:00+00:00,144.22,144.27,144.05,144.145,1553296.0
2025-06-11 14:50:00+00:00,144.145,144.37,144.1,144.235,1389127.0
2025-06-11 14:55:00+00:00,144.23,144.455,144.18,144.32,1335178.0
2025-06-11 15:00:00+00:00,144.32,144.39,144.18,144.3588,1359945.0
2025-06-11 15:05:00+00:00,144.35,144.49,143.42,143.4348,3173391.0
2025-06-11 15:10:00+00:00,143.435,144.0,143.27,143.845,3114290.0
2025-06-11 15:15:00+00:00,143.85,144.17,143.83,144.035,1631960.0
2025-06-11 15:20:00+00:00,144.03,144.37,143.99,144.27,1630444.0
2025-06-11 15:25:00+00:00,144.275,144.29,143.97,144.1701,1622740.0
2025-06-11 15:30:00+00:00,144.175,144.21,144.07,144.12,1019311.0
2025-06-11 15:35:00+00:00,144.115,144.23,143.98,144.01,1128549.0
2025-06-11 15:40:00+00:00,144.01,144.03,143.7,143.8263,1637938.0
2025-06-11 15:45:00+00:00,143.83,144.055,143.64,143.825,1720914.0
2025-06-11 15:50:00+00:00,143.825,143.97,143.745,143.94,909836.0
2025-06-11 15:55:00+00:00,143.9358,143.9358,143.69,143.7799,892645.0
2025-06-11 16:00:00+00:00,143.78,143.93,143.74,143.845,1483745.0
2025-06-11 16:05:00+00:00,143.85,143.855,143.45,143.6699,1420943.0
2025-06-11 16:10:00+00:00,143.67,143.68,143.2,143.24,2000940.0
2025-06-11 16:15:00+00:00,143.235,143.45,143.01,143.065,1915423.0
2025-06-11 16:20:00+00:00,143.065,143.18,142.773,143.09,2630843.0
2025-06-11 16:25:00+00:00,143.09,143.4,143.0601,143.3799,1306584.0
2025-06-11 16:30:00+00:00,143.3759,143.5,143.285,143.4015,1258091.0
2025-06-11 16:35:00+00:00,143.4,143.49,143.28,143.3559,1085510.0
2025-06-11 16:40:00+00:00,143.3599,143.39,143.16,143.175,965347.0
2025-06-11 16:45:00+00:00,143.1701,143.425,143.02,143.36,1150756.0
2025-06-11 16:50:00+00:00,143.36,143.47,143.18,143.3101,810745.0
2025-06-11 16:55:00+00:00,143.315,143.47,143.29,143.4001,790887.0
2025-06-11 17:00:00+00:00,143.405,143.67,143.33,143.644,1279167.0
2025-06-11 17:05:00+00:00,143.645,143.795,143.6178,143.7342,996660.0
2025-06-11 17:10:00+00:00,143.73,143.85,143.62,143.66,1054008.0
2025-06-11 17:15:00+00:00,143.6613,143.77,143.545,143.6402,797032.0
2025-06-11 17:20:00+00:00,143.64,143.8199,143.625,143.715,722908.0
2025-06-11 17:25:00+00:00,143.715,143.77,143.61,143.71,674066.0
2025-06-11 17:30:00+00:00,143.725,143.8,143.625,143.745,823880.0
2025-06-11 17:35:00+00:00,143.7401,143.78,143.58,143.705,785544.0
2025-06-11 17:40:00+00:00,143.705,143.775,143.35,143.5721,1071605.0
2025-06-11 17:45:00+00:00,143.575,143.6086,143.25,143.2915,910037.0
2025-06-11 17:50:00+00:00,143.295,143.43,143.17,143.32,1194615.0
2025-06-11 17:55:00+00:00,143.315,143.4,142.975,143.045,1240422.0
2025-06-11 18:00:00+00:00,143.04,143.19,142.4,142.66,2866291.0
2025-06-11 18:05:00+00:00,142.645,143.0,142.57,142.905,1863900.0
2025-06-11 18:10:00+00:00,142.905,143.02,142.49,142.5,1556530.0
2025-06-11 18:15:00+00:00,142.5,142.5001,142.02,142.405,2566977.0
2025-06-11 18:20:00+00:00,142.4,142.57,142.23,142.49,1808962.0
2025-06-11 18:25:00+00:00,142.4948,142.73,142.36,142.4716,1431536.0
2025-06-11 18:30:00+00:00,142.48,142.75,142.085,142.61,2086921.0
2025-06-11 18:35:00+00:00,142.6,142.84,142.45,142.74,1223393.0
2025-06-11 18:40:00+00:00,142.74,142.9523,142.655,142.9116,1042149.0
2025-06-11 18:45:00+00:00,142.915,142.96,142.8,142.8949,742420.0
2025-06-11 18:50:00+00:00,142.89,142.89,142.46,142.52,1253402.0
2025-06-11 18:55:00+00:00,142.525,142.53,142.15,142.3069,1608178.0
2025-06-11 19:00:00+00:00,142.315,142.45,142.0,142.0484,2076751.0
2025-06-11 19:05:00+00:00,142.04,142.34,141.87,142.29,2185537.0
2025-06-11 19:10:00+00:00,142.2999,142.47,142.1812,142.3986,1399295.0
2025-06-11 19:15:00+00:00,142.39,142.53,142.2001,142.24,1201440.0
2025-06-11 19:20:00+00:00,142.24,142.52,142.2,142.455,1212470.0
2025-06-11 19:25:00+00:00,142.46,142.63,142.26,142.4,1518141.0
2025-06-11 19:30:00+00:00,142.395,142.64,142.33,142.3513,1258195.0
2025-06-11 19:35:00+00:00,142.36,142.69,142.29,142.61,1378125.0
2025-06-11 19:40:00+00:00,142.615,142.8098,142.56,142.73,1883878.0
2025-06-11 19:45:00+00:00,142.73,142.95,142.675,142.71,1582304.0
2025-06-11 19:50:00+00:00,142.71,142.99,142.685,142.865,2619536.0
2025-06-11 19:55:00+00:00,142.87,143.0,142.65,142.84,4953446.0
2025-06-11 20:00:00+00:00,142.85,142.96,142.76,142.9599,11063927.0
2025-06-11 20:05:00+00:00,142.9305,142.99,142.7693,142.9,1778192.0
2025-06-11 20:10:00+00:00,142.95,143.25,142.83,143.2,267343.0
2025-06-11 20:15:00+00:00,143.2,143.55,143.1529,143.45,292337.0
2025-06-11 20:20:00+00:00,143.48,143.69,143.45,143.65,257671.0
2025-06-11 20:25:00+00:00,143.66,143.66,143.15,143.46,179285.0
2025-06-11 20:30:00+00:00,143.4514,143.55,143.26,143.2886,94939.0
2025-06-11 20:35:00+00:00,143.29,143.29,143.15,143.17,62766.0
2025-06-11 20:40:00+00:00,143.2,143.3,143.15,143.25,62463.0
2025-06-11 20:45:00+00:00,143.22,143.2683,143.06,143.15,56637.0
2025-06-11 20:50:00+00:00,143.1695,143.17,143.1,143.12,19374.0
2025-06-11 20:55:00+00:00,143.1003,143.12,143.03,143.03,55655.0
2025-06-11 21:00:00+00:00,143.0201,143.19,143.0201,143.15,32279.0
2025-06-11 21:05:00+00:00,143.16,143.32,143.16,143.2,55675.0
2025-06-11 21:10:00+00:00,143.2,143.28,143.11,143.23,16878.0
2025-06-11 21:15:00+00:00,143.1899,143.31,143.15,143.26,29704.0
2025-06-11 21:20:00+00:00,143.18,143.2598,143.13,143.21,13417.0
2025-06-11 21:25:00+00:00,143.15,143.1588,143.01,143.0109,28563.0
2025-06-11 21:30:00+00:00,143.01,143.07,142.83,143.02,62036.0
2025-06-11 21:35:00+00:00,143.05,143.07,142.81,142.9,62830.0
2025-06-11 21:40:00+00:00,142.89,142.9795,142.83,142.9,31260.0
2025-06-11 21:45:00+00:00,142.9,142.9699,142.811,142.87,41375.0
2025-06-11 21:50:00+00:00,142.88,143.02,142.8534,143.0,40343.0
2025-06-11 21:55:00+00:00,142.9898,142.99,142.93,142.97,13302.0
2025-06-11 22:00:00+00:00,142.95,142.95,142.8,142.8487,31646.0
2025-06-11 22:05:00+00:00,142.7912,143.08,142.79,142.96,64085.0
2025-06-11 22:10:00+00:00,142.95,143.0,142.8,142.845,23346.0
2025-06-11 22:15:00+00:00,142.83,142.83,142.74,142.74,33827.0
2025-06-11 22:20:00+00:00,142.74,142.84,142.73,142.76,22230.0
2025-06-11 22:25:00+00:00,142.77,142.85,142.77,142.82,31043.0
2025-06-11 22:30:00+00:00,142.82,142.9,142.8,142.8,18006.0
2025-06-11 22:35:00+00:00,142.838,142.838,142.7,142.7,25133.0
2025-06-11 22:40:00+00:00,142.7,142.77,142.63,142.72,36876.0
2025-06-11 22:45:00+00:00,142.7201,142.73,142.55,142.55,31231.0
2025-06-11 22:50:00+00:00,142.55,142.6784,142.49,142.49,45995.0
2025-06-11 22:55:00+00:00,142.49,142.4999,142.3601,142.41,53428.0
2025-06-11 23:00:00+00:00,142.43,142.45,142.35,142.4388,17984.0
2025-06-11 23:05:00+00:00,142.4,142.44,142.3,142.42,24734.0
2025-06-11 23:10:00+00:00,142.41,142.5,142.41,142.5,49753.0
2025-06-11 23:15:00+00:00,142.48,142.5699,142.4505,142.451,24332.0
2025-06-11 23:20:00+00:00,142.4604,142.47,142.38,142.44,33085.0
2025-06-11 23:25:00+00:00,142.45,142.45,142.36,142.37,13929.0
2025-06-11 23:30:00+00:00,142.36,142.44,142.3,142.3,42379.0
2025-06-11 23:35:00+00:00,142.3,142.44,142.3,142.38,24575.0
2025-06-11 23:40:00+00:00,142.4,142.45,142.3531,142.36,20715.0
2025-06-11 23:45:00+00:00,142.36,142.4,142.29,142.3,24058.0
2025-06-11 23:50:00+00:00,142.3,142.45,142.2999,142.4,20191.0
2025-06-11 23:55:00+00:00,142.4,142.4,142.18,142.21,84081.0
2025-06-12 08:00:00+00:00,142.0,142.47,141.52,141.58,107853.0
2025-06-12 08:05:00+00:00,141.54,141.75,141.44,141.75,108397.0
2025-06-12 08:10:00+00:00,141.75,141.81,141.59,141.61,35869.0
2025-06-12 08:15:00+00:00,141.61,141.62,141.0,141.22,90706.0
2025-06-12 08:20:00+00:00,141.22,141.45,141.18,141.35,41323.0
2025-06-12 08:25:00+00:00,141.33,141.39,141.27,141.35,33337.0
2025-06-12 08:30:00+00:00,141.36,141.51,141.35,141.47,25226.0
2025-06-12 08:35:00+00:00,141.44,141.44,141.3,141.37,29476.0
2025-06-12 08:40:00+00:00,141.39,141.63,141.39,141.62,40548.0
2025-06-12 08:45:00+00:00,141.61,141.76,141.53,141.75,17444.0
2025-06-12 08:50:00+00:00,141.77,141.83,141.72,141.8,23776.0
2025-06-12 08:55:00+00:00,141.83,141.93,141.8,141.87,26000.0
2025-06-12 09:00:00+00:00,141.85,141.93,141.77,141.8,32491.0
2025-06-12 09:05:00+00:00,141.8,141.89,141.74,141.81,23740.0
2025-06-12 09:10:00+00:00,141.81,141.9,141.81,141.83,14003.0
2025-06-12 09:15:00+00:00,141.83,141.87,141.68,141.72,17438.0
2025-06-12 09:20:00+00:00,141.75,141.83,141.62,141.62,23900.0
2025-06-12 09:25:00+00:00,141.62,141.69,141.41,141.63,59357.0
2025-06-12 09:30:00+00:00,141.64,141.84,141.63,141.83,34828.0
2025-06-12 09:35:00+00:00,141.85,142.01,141.83,141.84,46342.0
2025-06-12 09:40:00+00:00,141.83,141.83,141.6,141.7,15180.0
2025-06-12 09:45:00+00:00,141.78,141.81,141.64,141.64,18178.0
2025-06-12 09:50:00+00:00,141.63,141.64,141.43,141.59,35424.0
2025-06-12 09:55:00+00:00,141.57,141.61,141.51,141.55,26388.0
2025-06-12 10:00:00+00:00,141.53,141.66,141.49,141.63,37442.0
2025-06-12 10:05:00+00:00,141.61,141.73,141.4,141.4,28402.0
2025-06-12 10:10:00+00:00,141.42,141.49,141.23,141.37,72177.0
2025-06-12 10:15:00+00:00,141.43,141.5,141.4,141.4,32949.0
2025-06-12 10:20:00+00:00,141.43,141.43,141.0,141.03,86189.0
2025-06-12 10:25:00+00:00,141.04,141.23,140.92,141.15,65816.0
2025-06-12 10:30:00+00:00,141.18,141.3,141.01,141.01,56148.0
2025-06-12 10:35:00+00:00,141.01,141.19,140.95,141.03,58857.0
2025-06-12 10:40:00+00:00,141.05,141.19,140.94,141.19,45410.0
2025-06-12 10:45:00+00:00,141.23,141.44,141.23,141.35,25347.0
2025-06-12 10:50:00+00:00,141.35,141.42,141.3,141.31,18266.0
2025-06-12 10:55:00+00:00,141.35,141.4,141.22,141.28,24489.0
2025-06-12 11:00:00+00:00,141.3,141.41,141.09,141.33,98412.0
2025-06-12 11:05:00+00:00,141.3,141.34,141.15,141.32,53810.0
2025-06-12 11:10:00+00:00,141.33,141.39,141.2,141.21,50344.0
2025-06-12 11:15:00+00:00,141.2,141.24,141.18,141.2,35794.0
2025-06-12 11:20:00+00:00,141.19,141.23,141.13,141.161,33780.0
2025-06-12 11:25:00+00:00,141.17,141.17,140.89,140.93,88489.0
2025-06-12 11:30:00+00:00,140.93,140.99,140.84,140.92,62652.0
2025-06-12 11:35:00+00:00,140.93,140.95,140.54,140.6,103101.0
2025-06-12 11:40:00+00:00,140.6,140.81,140.57,140.69,51839.0
2025-06-12 11:45:00+00:00,140.68,140.89,140.65,140.89,46411.0
2025-06-12 11:50:00+00:00,140.88,140.89,140.53,140.61,73947.0
2025-06-12 11:55:00+00:00,140.62,140.62,140.46,140.57,90764.0
2025-06-12 12:00:00+00:00,141.29,142.5,140.46,140.63,963285.0
2025-06-12 12:05:00+00:00,140.611,140.85,140.611,140.8499,103294.0
2025-06-12 12:10:00+00:00,140.8499,140.94,140.77,140.8999,111167.0
2025-06-12 12:15:00+00:00,140.881,140.9099,140.76,140.89,87557.0
2025-06-12 12:20:00+00:00,140.89,140.94,140.81,140.93,86585.0
2025-06-12 12:25:00+00:00,140.9398,140.9398,140.7999,140.8601,60585.0
2025-06-12 12:30:00+00:00,140.8601,141.49,140.8601,141.45,343137.0
2025-06-12 12:35:00+00:00,141.43,141.5,141.33,141.42,252058.0
2025-06-12 12:40:00+00:00,141.45,141.55,141.3507,141.4506,131710.0
2025-06-12 12:45:00+00:00,141.48,141.56,141.3,141.45,172805.0
2025-06-12 12:50:00+00:00,141.45,141.5,141.25,141.44,68730.0
2025-06-12 12:55:00+00:00,141.46,141.7003,141.45,141.6899,218009.0
2025-06-12 13:00:00+00:00,141.69,141.89,141.68,141.86,192999.0
2025-06-12 13:05:00+00:00,141.88,141.89,141.65,141.87,148398.0
2025-06-12 13:10:00+00:00,141.85,141.9,141.77,141.77,83576.0
2025-06-12 13:15:00+00:00,141.8,141.8,141.68,141.71,91072.0
2025-06-12 13:20:00+00:00,141.7007,141.73,141.58,141.68,92933.0
2025-06-12 13:25:00+00:00,141.6,142.01,141.5,141.98,200919.0
2025-06-12 13:30:00+00:00,141.99,143.7,141.85,143.4,7559084.0
2025-06-12 13:35:00+00:00,143.4,143.725,142.87,143.5907,4397027.0
2025-06-12 13:40:00+00:00,143.59,143.8299,143.24,143.67,3145566.0
2025-06-12 13:45:00+00:00,143.675,143.94,143.42,143.7399,3812874.0
2025-06-12 13:50:00+00:00,143.725,143.83,143.3682,143.46,2233268.0
2025-06-12 13:55:00+00:00,143.46,143.56,143.115,143.26,2291584.0
2025-06-12 14:00:00+00:00,143.26,143.5399,143.1718,143.4599,2302688.0
2025-06-12 14:05:00+00:00,143.46,143.81,143.33,143.5218,2537101.0
2025-06-12 14:10:00+00:00,143.5201,143.84,143.36,143.82,1851990.0
2025-06-12 14:15:00+00:00,143.8288,144.05,143.73,144.02,3090416.0
2025-06-12 14:20:00+00:00,144.0113,144.18,143.85,144.0301,2501449.0
2025-06-12 14:25:00+00:00,144.035,144.18,143.83,144.065,1977903.0
2025-06-12 14:30:00+00:00,144.07,144.36,143.995,144.2582,2727836.0
2025-06-12 14:35:00+00:00,144.25,144.66,144.17,144.525,3692233.0
2025-06-12 14:40:00+00:00,144.5399,144.88,144.53,144.8,3335554.0
2025-06-12 14:45:00+00:00,144.8015,144.95,144.69,144.925,3056707.0
2025-06-12 14:50:00+00:00,144.925,145.0,144.5,144.6813,4144725.0
2025-06-12 14:55:00+00:00,144.68,144.86,144.63,144.7102,2029149.0
2025-06-12 15:00:00+00:00,144.72,145.0,144.705,144.965,2955494.0
2025-06-12 15:05:00+00:00,144.96,144.995,144.75,144.86,2431832.0
2025-06-12 15:10:00+00:00,144.855,144.8799,144.62,144.6397,1810524.0
2025-06-12 15:15:00+00:00,144.635,144.96,144.55,144.6195,2745539.0
2025-06-12 15:20:00+00:00,144.605,144.795,144.265,144.44,2559945.0
2025-06-12 15:25:00+00:00,144.43,144.49,144.11,144.455,2498771.0
2025-06-12 15:30:00+00:00,144.445,144.56,144.25,144.4699,1473101.0
2025-06-12 15:35:00+00:00,144.465,144.72,144.43,144.4787,1461330.0
2025-06-12 15:40:00+00:00,144.4714,144.64,144.39,144.515,1560106.0
2025-06-12 15:45:00+00:00,144.515,144.54,144.28,144.3301,1093299.0
2025-06-12 15:50:00+00:00,144.3399,144.44,144.22,144.4012,1019464.0
2025-06-12 15:55:00+00:00,144.4014,144.405,144.14,144.26,1071853.0
2025-06-12 16:00:00+00:00,144.2519,144.41,143.97,144.0493,1482529.0
2025-06-12 16:05:00+00:00,144.045,144.31,144.0,144.225,1624824.0
2025-06-12 16:10:00+00:00,144.235,144.4,144.18,144.2216,1097084.0
2025-06-12 16:15:00+00:00,144.22,144.3899,144.1801,144.295,889932.0
2025-06-12 16:20:00+00:00,144.29,144.53,144.25,144.325,1296289.0
2025-06-12 16:25:00+00:00,144.327,144.57,144.3,144.46,1009158.0
2025-06-12 16:30:00+00:00,144.455,144.455,144.0,144.3,1248514.0
2025-06-12 16:35:00+00:00,144.29,144.46,144.18,144.4016,897948.0
2025-06-12 16:40:00+00:00,144.41,144.6,144.365,144.43,1203139.0
2025-06-12 16:45:00+00:00,144.445,144.46,144.24,144.27,811336.0
2025-06-12 16:50:00+00:00,144.26,144.37,144.13,144.2316,975359.0
2025-06-12 16:55:00+00:00,144.23,144.4,144.16,144.195,1094346.0
2025-06-12 17:00:00+00:00,144.2,144.35,144.03,144.26,1102804.0
2025-06-12 17:05:00+00:00,144.255,144.363,144.14,144.3499,675171.0
2025-06-12 17:10:00+00:00,144.34,144.43,144.27,144.33,789390.0
2025-06-12 17:15:00+00:00,144.33,144.41,144.17,144.345,881864.0
2025-06-12 17:20:00+00:00,144.342,144.53,144.3308,144.3308,1010727.0
2025-06-12 17:25:00+00:00,144.33,144.41,144.25,144.33,662357.0
2025-06-12 17:30:00+00:00,144.325,144.52,144.32,144.49,1024382.0
2025-06-12 17:35:00+00:00,144.495,144.67,144.4501,144.6345,1233321.0
2025-06-12 17:40:00+00:00,144.635,144.64,144.49,144.5301,713457.0
2025-06-12 17:45:00+00:00,144.535,144.61,144.46,144.495,907963.0
2025-06-12 17:50:00+00:00,144.5,144.605,144.48,144.56,658409.0
2025-06-12 17:55:00+00:00,144.56,144.5656,144.4215,144.485,684075.0
2025-06-12 18:00:00+00:00,144.49,144.5999,144.42,144.5799,832576.0
2025-06-12 18:05:00+00:00,144.575,144.835,144.565,144.755,1577768.0
2025-06-12 18:10:00+00:00,144.755,144.805,144.6817,144.7,910944.0
2025-06-12 18:15:00+00:00,144.705,144.8,144.69,144.7599,945916.0
2025-06-12 18:20:00+00:00,144.76,144.8,144.4918,144.54,1447794.0
2025-06-12 18:25:00+00:00,144.545,144.665,144.33,144.475,1423590.0
2025-06-12 18:30:00+00:00,144.48,144.615,144.35,144.42,1257120.0
2025-06-12 18:35:00+00:00,144.429,144.58,144.37,144.475,994437.0
2025-06-12 18:40:00+00:00,144.475,144.4801,144.26,144.315,975418.0
2025-06-12 18:45:00+00:00,144.315,144.45,144.25,144.4254,1034365.0
2025-06-12 18:50:00+00:00,144.425,144.55,144.38,144.4616,805611.0
2025-06-12 18:55:00+00:00,144.46,144.665,144.38,144.63,1039258.0
2025-06-12 19:00:00+00:00,144.62,144.71,144.56,144.675,1904607.0
2025-06-12 19:05:00+00:00,144.675,144.85,144.64,144.8325,1473331.0
2025-06-12 19:10:00+00:00,144.835,144.835,144.69,144.725,1036905.0
2025-06-12 19:15:00+00:00,144.725,144.89,144.71,144.885,1355308.0
2025-06-12 19:20:00+00:00,144.885,144.9,144.75,144.785,1404988.0
2025-06-12 19:25:00+00:00,144.78,144.78,144.63,144.755,1363347.0
2025-06-12 19:30:00+00:00,144.75,144.77,144.595,144.7616,1187585.0
2025-06-12 19:35:00+00:00,144.765,144.79,144.685,144.765,1012952.0
2025-06-12 19:40:00+00:00,144.765,144.77,144.585,144.6212,1359310.0
2025-06-12 19:45:00+00:00,144.62,144.75,144.5,144.6916,1708100.0
2025-06-12 19:50:00+00:00,144.695,144.93,144.655,144.81,3378602.0
2025-06-12 19:55:00+00:00,144.81,145.0,144.81,145.0,6902137.0
2025-06-12 20:00:00+00:00,144.995,145.0,144.9,144.9393,12495173.0
2025-06-12 20:05:00+00:00,144.93,145.0,144.91,144.95,1296814.0
2025-06-12 20:10:00+00:00,144.95,144.96,144.93,144.94,44447.0
2025-06-12 20:15:00+00:00,144.9399,144.96,144.8412,144.8607,123027.0
2025-06-12 20:20:00+00:00,144.86,144.87,144.7,144.7801,123017.0
2025-06-12 20:25:00+00:00,144.79,144.8102,144.72,144.75,50580.0
2025-06-12 20:30:00+00:00,144.74,145.0,144.63,144.7094,65837.0
2025-06-12 20:35:00+00:00,144.7,144.85,144.69,144.811,72052.0
2025-06-12 20:40:00+00:00,144.8483,144.85,144.79,144.8,41299.0
2025-06-12 20:45:00+00:00,144.8,144.84,144.72,144.84,74438.0
2025-06-12 20:50:00+00:00,144.85,144.9,144.82,144.89,103821.0
2025-06-12 20:55:00+00:00,144.9,144.91,144.8,144.8199,44440.0
2025-06-12 21:00:00+00:00,144.82,144.88,144.8,144.85,154543.0
2025-06-12 21:05:00+00:00,144.8,144.85,144.8,144.8,33751.0
2025-06-12 21:10:00+00:00,144.79,144.81,144.78,144.8,27424.0
2025-06-12 21:15:00+00:00,144.82,144.85,144.8,144.8399,24063.0
2025-06-12 21:20:00+00:00,144.83,144.8677,144.82,144.85,24144.0
2025-06-12 21:25:00+00:00,144.85,144.86,144.78,144.79,21109.0
2025-06-12 21:30:00+00:00,144.7805,144.82,144.78,144.79,14439.0
2025-06-12 21:35:00+00:00,144.8,144.8199,144.78,144.81,14203.0
2025-06-12 21:40:00+00:00,144.8,145.0,144.79,144.8276,295273.0
2025-06-12 21:45:00+00:00,144.8,144.84,144.79,144.84,21499.0
2025-06-12 21:50:00+00:00,144.8397,144.88,144.81,144.81,17222.0
2025-06-12 21:55:00+00:00,144.83,144.88,144.81,144.88,21280.0
2025-06-12 22:00:00+00:00,144.87,144.8897,144.7,144.75,51391.0
2025-06-12 22:05:00+00:00,144.78,144.79,144.67,144.69,34583.0
2025-06-12 22:10:00+00:00,144.71,144.74,144.69,144.71,11450.0
2025-06-12 22:15:00+00:00,144.72,144.73,144.67,144.67,34900.0
2025-06-12 22:20:00+00:00,144.66,144.6798,144.6,144.63,42338.0
2025-06-12 22:25:00+00:00,144.61,144.6282,144.56,144.5896,29219.0
2025-06-12 22:30:00+00:00,144.56,144.63,144.51,144.6,32417.0
2025-06-12 22:35:00+00:00,144.5722,144.63,144.549,144.549,19289.0
2025-06-12 22:40:00+00:00,144.5252,144.63,144.5,144.61,29413.0
2025-06-12 22:45:00+00:00,144.6105,144.64,144.52,144.58,23207.0
2025-06-12 22:50:00+00:00,144.6,144.62,144.57,144.57,10425.0
2025-06-12 22:55:00+00:00,144.57,144.62,144.52,144.52,10124.0
2025-06-12 23:00:00+00:00,144.53,144.7,144.5181,144.63,129643.0
2025-06-12 23:05:00+00:00,144.69,144.72,144.66,144.67,6108.0
2025-06-12 23:10:00+00:00,144.65,144.72,144.64,144.69,28435.0
2025-06-12 23:15:00+00:00,144.6899,144.72,144.6,144.63,19128.0
2025-06-12 23:20:00+00:00,144.68,144.8,144.6,144.76,59734.0
2025-06-12 23:25:00+00:00,144.74,144.79,144.65,144.69,13549.0
2025-06-12 23:30:00+00:00,144.7,144.7,144.61,144.64,7565.0
2025-06-12 23:35:00+00:00,144.64,144.6693,144.58,144.6401,23983.0
2025-06-12 23:40:00+00:00,144.64,144.67,144.57,144.6,11715.0
2025-06-12 23:45:00+00:00,144.609,144.63,144.55,144.58,25250.0
2025-06-12 23:50:00+00:00,144.59,144.65,144.56,144.64,24174.0
2025-06-12 23:55:00+00:00,144.6,144.65,144.36,144.5,130317.0
2025-06-13 08:00:00+00:00,142.13,142.85,141.4,142.85,320503.0
2025-06-13 08:05:00+00:00,142.87,143.1,142.76,142.86,161471.0
2025-06-13 08:10:00+00:00,142.85,143.19,142.83,143.14,107276.0
2025-06-13 08:15:00+00:00,143.11,143.13,142.87,142.97,74010.0
2025-06-13 08:20:00+00:00,142.97,142.98,142.71,142.75,77139.0
2025-06-13 08:25:00+00:00,142.74,142.76,142.55,142.73,64304.0
2025-06-13 08:30:00+00:00,142.72,142.8,142.66,142.66,42189.0
2025-06-13 08:35:00+00:00,142.67,142.67,142.34,142.42,64373.0
2025-06-13 08:40:00+00:00,142.44,142.44,142.2,142.25,50280.0
2025-06-13 08:45:00+00:00,142.28,142.4,142.11,142.2,53038.0
2025-06-13 08:50:00+00:00,142.19,142.48,142.17,142.35,48652.0
2025-06-13 08:55:00+00:00,142.38,142.44,142.12,142.14,30704.0
2025-06-13 09:00:00+00:00,142.15,142.3,142.05,142.15,97592.0
2025-06-13 09:05:00+00:00,142.15,142.32,142.14,142.15,34876.0
2025-06-13 09:10:00+00:00,142.15,142.3,141.74,141.88,99268.0
2025-06-13 09:15:00+00:00,141.9,142.2,141.87,142.1,72455.0
2025-06-13 09:20:00+00:00,142.12,142.22,142.05,142.19,58975.0
2025-06-13 09:25:00+00:00,142.15,142.23,142.05,142.17,61115.0
2025-06-13 09:30:00+00:00,142.16,142.24,142.07,142.22,71190.0
2025-06-13 09:35:00+00:00,142.22,142.32,142.12,142.255,43516.0
2025-06-13 09:40:00+00:00,142.25,142.28,142.13,142.17,20300.0
2025-06-13 09:45:00+00:00,142.18,142.49,142.14,142.14,43918.0
2025-06-13 09:50:00+00:00,142.13,142.35,142.12,142.27,36564.0
2025-06-13 09:55:00+00:00,142.27,142.34,142.22,142.31,28422.0
2025-06-13 10:00:00+00:00,142.31,142.33,142.12,142.14,33986.0
2025-06-13 10:05:00+00:00,142.15,142.17,142.12,142.14,48636.0
2025-06-13 10:10:00+00:00,142.14,142.29,142.14,142.21,20284.0
2025-06-13 10:15:00+00:00,142.2,142.22,142.14,142.15,26631.0
2025-06-13 10:20:00+00:00,142.15,142.15,141.9,141.95,58290.0
2025-06-13 10:25:00+00:00,142.0,142.16,141.93,142.11,30566.0
2025-06-13 10:30:00+00:00,142.12,142.16,142.08,142.1,14100.0
2025-06-13 10:35:00+00:00,142.05,142.1,141.99,142.07,19657.0
2025-06-13 10:40:00+00:00,142.04,142.09,142.01,142.05,19872.0
2025-06-13 10:45:00+00:00,142.08,142.3,142.06,142.26,54916.0
2025-06-13 10:50:00+00:00,142.28,142.33,142.22,142.24,31333.0
2025-06-13 10:55:00+00:00,142.25,142.45,142.24,142.44,60575.0
2025-06-13 11:00:00+00:00,142.44,143.16,142.28,143.16,324352.0
2025-06-13 11:05:00+00:00,143.15,143.24,142.98,143.12,168827.0
2025-06-13 11:10:00+00:00,143.12,143.12,142.87,143.05,92521.0
2025-06-13 11:15:00+00:00,143.03,143.15,143.0,143.14,88200.0
2025-06-13 11:20:00+00:00,143.13,143.15,142.7,142.84,186937.0
2025-06-13 11:25:00+00:00,142.8,142.85,142.64,142.64,74414.0
2025-06-13 11:30:00+00:00,142.63,142.93,142.63,142.93,50908.0
2025-06-13 11:35:00+00:00,142.91,143.04,142.85,142.87,72846.0
2025-06-13 11:40:00+00:00,142.87,143.09,142.87,143.08,53906.0
2025-06-13 11:45:00+00:00,143.08,143.13,143.05,143.05,82578.0
2025-06-13 11:50:00+00:00,143.05,143.15,143.01,143.05,89801.0
2025-06-13 11:55:00+00:00,143.06,143.15,143.06,143.11,47921.0
2025-06-13 12:00:00+00:00,142.36,143.22,141.51,142.8001,1686655.0
2025-06-13 12:05:00+00:00,142.8099,142.9996,142.8001,142.98,93998.0
2025-06-13 12:10:00+00:00,142.99,143.08,142.96,143.04,149081.0
2025-06-13 12:15:00+00:00,143.03,143.15,142.96,143.15,121045.0
2025-06-13 12:20:00+00:00,143.1403,143.46,143.13,143.32,256222.0
2025-06-13 12:25:00+00:00,143.31,143.36,143.1,143.21,243196.0
2025-06-13 12:30:00+00:00,143.23,143.23,143.02,143.07,113032.0
2025-06-13 12:35:00+00:00,143.07,143.18,143.06,143.0999,84394.0
2025-06-13 12:40:00+00:00,143.1,143.12,143.0,143.01,121686.0
2025-06-13 12:45:00+00:00,143.03,143.09,142.95,143.051,216139.0
2025-06-13 12:50:00+00:00,143.07,143.18,142.94,143.01,133805.0
2025-06-13 12:55:00+00:00,143.02,143.02,142.8906,142.9,107973.0
2025-06-13 13:00:00+00:00,142.89,142.89,142.71,142.82,154820.0
2025-06-13 13:05:00+00:00,142.79,142.82,142.57,142.57,151440.0
2025-06-13 13:10:00+00:00,142.58,142.75,142.56,142.73,182532.0
2025-06-13 13:15:00+00:00,142.73,142.73,142.56,142.6,157516.0
2025-06-13 13:20:00+00:00,142.6,142.7,142.5305,142.6098,162350.0
2025-06-13 13:25:00+00:00,142.6,142.66,142.19,142.46,379151.0
2025-06-13 13:30:00+00:00,142.48,143.58,142.4,143.19,8634903.0
2025-06-13 13:35:00+00:00,143.19,143.19,142.67,142.99,4513058.0
2025-06-13 13:40:00+00:00,142.995,143.28,142.72,143.14,3327601.0
2025-06-13 13:45:00+00:00,143.14,143.165,142.82,143.0,2803371.0
2025-06-13 13:50:00+00:00,142.995,143.4899,142.93,142.9389,3070908.0
2025-06-13 13:55:00+00:00,142.935,143.05,142.66,142.918,2635422.0
2025-06-13 14:00:00+00:00,142.93,143.3602,142.71,142.84,2659062.0
2025-06-13 14:05:00+00:00,142.83,142.95,142.5701,142.5988,2421478.0
2025-06-13 14:10:00+00:00,142.595,142.61,142.2,142.315,3370349.0
2025-06-13 14:15:00+00:00,142.3101,142.34,141.97,142.105,3323272.0
2025-06-13 14:20:00+00:00,142.105,142.17,141.61,141.7885,3335854.0
2025-06-13 14:25:00+00:00,141.78,141.84,141.07,141.2,3747662.0
2025-06-13 14:30:00+00:00,141.2,141.72,141.08,141.525,3391395.0
2025-06-13 14:35:00+00:00,141.525,142.11,141.51,142.0035,2942025.0
2025-06-13 14:40:00+00:00,142.005,142.29,141.92,142.09,2320051.0
2025-06-13 14:45:00+00:00,142.095,142.2269,141.7319,141.755,1930598.0
2025-06-13 14:50:00+00:00,141.755,142.385,141.69,142.3501,2010226.0
2025-06-13 14:55:00+00:00,142.355,142.49,142.255,142.31,1729322.0
2025-06-13 15:00:00+00:00,142.315,142.49,142.17,142.45,1508305.0
2025-06-13 15:05:00+00:00,142.45,142.59,142.36,142.46,1449974.0
2025-06-13 15:10:00+00:00,142.46,142.69,142.3,142.655,1560468.0
2025-06-13 15:15:00+00:00,142.652,142.69,142.4,142.495,1145863.0
2025-06-13 15:20:00+00:00,142.4942,142.91,142.49,142.72,1858755.0
2025-06-13 15:25:00+00:00,142.72,142.94,142.65,142.9165,1280925.0
2025-06-13 15:30:00+00:00,142.915,143.09,142.883,143.055,1728892.0
2025-06-13 15:35:00+00:00,143.06,143.13,142.89,143.055,1420048.0
2025-06-13 15:40:00+00:00,143.055,143.08,142.93,142.98,1043974.0
2025-06-13 15:45:00+00:00,142.98,143.14,142.9748,143.07,1059114.0
2025-06-13 15:50:00+00:00,143.07,143.32,143.07,143.2884,1255712.0
2025-06-13 15:55:00+00:00,143.28,143.29,143.01,143.064,1327510.0
2025-06-13 16:00:00+00:00,143.065,143.1699,142.8719,142.91,1152447.0
2025-06-13 16:05:00+00:00,142.9115,143.03,142.88,143.005,707668.0
2025-06-13 16:10:00+00:00,143.005,143.34,143.005,143.2599,1033542.0
2025-06-13 16:15:00+00:00,143.2553,143.37,143.15,143.215,983960.0
2025-06-13 16:20:00+00:00,143.2115,143.315,143.04,143.265,979205.0
2025-06-13 16:25:00+00:00,143.265,143.3099,143.0,143.075,1242697.0
2025-06-13 16:30:00+00:00,143.08,143.19,143.01,143.07,1829789.0
2025-06-13 16:35:00+00:00,143.065,143.195,142.99,143.005,1220932.0
2025-06-13 16:40:00+00:00,143.005,143.3,142.99,143.2501,1070449.0
2025-06-13 16:45:00+00:00,143.25,143.25,143.1,143.235,875130.0
2025-06-13 16:50:00+00:00,143.235,143.3399,143.145,143.19,957380.0
2025-06-13 16:55:00+00:00,143.195,143.36,143.145,143.255,904715.0
2025-06-13 17:00:00+00:00,143.25,143.34,143.16,143.2589,891968.0
2025-06-13 17:05:00+00:00,143.26,143.27,142.92,142.925,1108614.0
2025-06-13 17:10:00+00:00,142.9201,142.94,142.65,142.7946,1670039.0
2025-06-13 17:15:00+00:00,142.79,142.79,142.48,142.67,1704694.0
2025-06-13 17:20:00+00:00,142.6702,143.01,142.655,142.93,1380081.0
2025-06-13 17:25:00+00:00,142.945,142.965,142.625,142.655,849632.0
2025-06-13 17:30:00+00:00,142.655,142.775,142.58,142.6601,1101422.0
2025-06-13 17:35:00+00:00,142.65,142.83,142.585,142.645,885087.0
2025-06-13 17:40:00+00:00,142.64,142.74,142.38,142.57,1096012.0
2025-06-13 17:45:00+00:00,142.57,142.68,142.495,142.55,827067.0
2025-06-13 17:50:00+00:00,142.5454,142.83,142.545,142.72,968395.0
2025-06-13 17:55:00+00:00,142.7282,142.75,142.595,142.7345,632455.0
2025-06-13 18:00:00+00:00,142.74,142.8499,142.34,142.53,1362082.0
2025-06-13 18:05:00+00:00,142.53,142.74,142.19,142.245,1472270.0
2025-06-13 18:10:00+00:00,142.245,142.37,142.15,142.189,2425082.0
2025-06-13 18:15:00+00:00,142.185,142.1852,141.8402,142.03,2434970.0
2025-06-13 18:20:00+00:00,142.0387,142.085,141.85,141.97,1305037.0
2025-06-13 18:25:00+00:00,141.9688,141.995,141.565,141.6,1590751.0
2025-06-13 18:30:00+00:00,141.59,141.69,141.14,141.255,2646583.0
2025-06-13 18:35:00+00:00,141.26,141.35,140.89,141.0589,3015500.0
2025-06-13 18:40:00+00:00,141.06,141.37,140.855,141.3152,2143687.0
2025-06-13 18:45:00+00:00,141.315,141.545,141.1418,141.17,1948331.0
2025-06-13 18:50:00+00:00,141.17,141.66,141.15,141.6487,1660911.0
2025-06-13 18:55:00+00:00,141.645,141.78,141.4387,141.78,1640117.0
2025-06-13 19:00:00+00:00,141.775,141.895,141.525,141.63,1702954.0
2025-06-13 19:05:00+00:00,141.63,141.98,141.61,141.9301,1653367.0
2025-06-13 19:10:00+00:00,141.9365,142.04,141.74,141.9695,1350249.0
2025-06-13 19:15:00+00:00,141.965,142.08,141.79,141.85,1531690.0
2025-06-13 19:20:00+00:00,141.84,141.98,141.55,141.55,1741918.0
2025-06-13 19:25:00+00:00,141.55,141.6002,141.44,141.505,1447534.0
2025-06-13 19:30:00+00:00,141.505,141.855,141.48,141.6,4932906.0
2025-06-13 19:35:00+00:00,141.59,141.98,141.56,141.895,1713766.0
2025-06-13 19:40:00+00:00,141.89,142.0,141.5735,141.5883,1707674.0
2025-06-13 19:45:00+00:00,141.58,141.92,141.45,141.7999,2236730.0
2025-06-13 19:50:00+00:00,141.8,141.98,141.52,141.71,3551517.0
2025-06-13 19:55:00+00:00,141.7,142.0,141.66,141.96,6827996.0
2025-06-13 20:00:00+00:00,141.96,142.11,141.87,142.09,13222832.0
2025-06-13 20:05:00+00:00,142.1,142.13,141.97,142.05,177433.0
2025-06-13 20:10:00+00:00,142.0503,142.1,141.93,141.93,312448.0
2025-06-13 20:15:00+00:00,141.9602,141.9993,141.9,141.9298,66544.0
2025-06-13 20:20:00+00:00,141.9299,141.93,141.88,141.91,72894.0
2025-06-13 20:25:00+00:00,141.91,141.96,141.83,141.87,44083.0
2025-06-13 20:30:00+00:00,141.9,141.97,141.87,141.92,39130.0
2025-06-13 20:35:00+00:00,141.93,141.97,141.91,141.93,68575.0
2025-06-13 20:40:00+00:00,141.93,141.95,141.84,141.85,36974.0
2025-06-13 20:45:00+00:00,141.88,141.927,141.82,141.84,48955.0
2025-06-13 20:50:00+00:00,141.83,141.87,141.8,141.82,42443.0
2025-06-13 20:55:00+00:00,141.83,141.87,141.8,141.84,769656.0
2025-06-13 21:00:00+00:00,141.83,141.95,141.81,141.8399,36270.0
2025-06-13 21:05:00+00:00,141.84,141.88,141.82,141.83,32533.0
2025-06-13 21:10:00+00:00,141.8201,141.83,141.8,141.8,31882.0
2025-06-13 21:15:00+00:00,141.8001,141.82,141.75,141.75,41162.0
2025-06-13 21:20:00+00:00,141.76,141.82,141.72,141.82,30286.0
2025-06-13 21:25:00+00:00,141.83,141.95,141.83,141.92,2156164.0
2025-06-13 21:30:00+00:00,141.9393,141.95,141.86,141.9,32413.0
2025-06-13 21:35:00+00:00,141.89,141.97,141.82,141.9,39213.0
2025-06-13 21:40:00+00:00,141.89,141.9197,141.83,141.83,11373.0
2025-06-13 21:45:00+00:00,141.8315,141.97,141.8315,141.8401,20918.0
2025-06-13 21:50:00+00:00,141.89,141.89,141.81,141.85,13843.0
2025-06-13 21:55:00+00:00,141.87,141.9,141.82,141.85,11887.0
2025-06-13 22:00:00+00:00,141.82,141.84,141.75,141.75,29126.0
2025-06-13 22:05:00+00:00,141.76,141.87,141.75,141.8,23432.0
2025-06-13 22:10:00+00:00,141.8,141.81,141.77,141.781,16645.0
2025-06-13 22:15:00+00:00,141.8199,141.8199,141.79,141.8,6780.0
2025-06-13 22:20:00+00:00,141.79,141.8,141.77,141.78,11299.0
2025-06-13 22:25:00+00:00,141.76,141.81,141.76,141.8,12818.0
2025-06-13 22:30:00+00:00,141.8,141.82,141.76,141.7909,16296.0
2025-06-13 22:35:00+00:00,141.8,141.82,141.79,141.81,11498.0
2025-06-13 22:40:00+00:00,141.81,141.82,141.8,141.82,5950.0
2025-06-13 22:45:00+00:00,141.82,141.87,141.8198,141.83,17427.0
2025-06-13 22:50:00+00:00,141.86,141.88,141.8,141.84,31496.0
2025-06-13 22:55:00+00:00,141.81,141.84,141.79,141.82,12758.0
2025-06-13 23:00:00+00:00,141.82,141.8498,141.8,141.82,13502.0
2025-06-13 23:05:00+00:00,141.83,141.83,141.8,141.83,16627.0
2025-06-13 23:10:00+00:00,141.83,141.84,141.8107,141.82,8353.0
2025-06-13 23:15:00+00:00,141.84,141.84,141.81,141.81,6089.0
2025-06-13 23:20:00+00:00,141.8199,141.82,141.8,141.8,22470.0
2025-06-13 23:25:00+00:00,141.8,141.8,141.7513,141.8,24330.0
2025-06-13 23:30:00+00:00,141.79,141.79,141.7601,141.77,9783.0
2025-06-13 23:35:00+00:00,141.77,141.7995,141.76,141.78,12626.0
2025-06-13 23:40:00+00:00,141.78,141.82,141.77,141.78,12632.0
2025-06-13 23:45:00+00:00,141.78,141.8,141.77,141.7799,24544.0
2025-06-13 23:50:00+00:00,141.78,141.83,141.77,141.81,36396.0
2025-06-13 23:55:00+00:00,141.81,141.8101,141.71,141.8,123673.0
2025-06-16 08:00:00+00:00,142.8,142.94,142.59,142.94,68724.0
2025-06-16 08:05:00+00:00,142.94,143.07,142.88,142.95,51835.0
2025-06-16 08:10:00+00:00,142.98,143.01,142.86,142.89,24263.0
2025-06-16 08:15:00+00:00,142.88,142.99,142.85,142.92,24817.0
2025-06-16 08:20:00+00:00,142.9,142.99,142.88,142.98,13600.0
2025-06-16 08:25:00+00:00,142.98,143.18,142.98,143.12,30374.0
2025-06-16 08:30:00+00:00,143.13,143.25,143.1,143.12,44398.0
2025-06-16 08:35:00+00:00,143.13,143.25,142.98,143.12,31197.0
2025-06-16 08:40:00+00:00,143.12,143.17,143.05,143.17,21814.0
2025-06-16 08:45:00+00:00,143.18,143.18,143.1,143.12,17031.0
2025-06-16 08:50:00+00:00,143.1,143.15,143.09,143.13,6792.0
2025-06-16 08:55:00+00:00,143.11,143.13,143.05,143.05,11468.0
2025-06-16 09:00:00+00:00,143.06,143.08,142.98,142.98,17974.0
2025-06-16 09:05:00+00:00,143.02,143.06,142.94,142.94,12140.0
2025-06-16 09:10:00+00:00,142.94,143.02,142.8,142.81,33831.0
2025-06-16 09:15:00+00:00,142.83,142.91,142.81,142.87,22304.0
2025-06-16 09:20:00+00:00,142.89,142.91,142.85,142.88,27449.0
2025-06-16 09:25:00+00:00,142.87,142.93,142.64,142.71,25063.0
2025-06-16 09:30:00+00:00,142.73,142.9,142.73,142.89,36103.0
2025-06-16 09:35:00+00:00,142.87,142.95,142.71,142.72,27560.0
2025-06-16 09:40:00+00:00,142.77,142.89,142.77,142.81,19544.0
2025-06-16 09:45:00+00:00,142.81,142.88,142.78,142.8,14040.0
2025-06-16 09:50:00+00:00,142.78,142.85,142.78,142.85,11747.0
2025-06-16 09:55:00+00:00,142.86,142.94,142.82,142.89,15217.0
2025-06-16 10:00:00+00:00,142.87,142.93,142.81,142.84,13658.0
2025-06-16 10:05:00+00:00,142.84,142.91,142.82,142.84,9602.0
2025-06-16 10:10:00+00:00,142.85,142.97,142.85,142.9,13275.0
2025-06-16 10:15:00+00:00,142.92,142.92,142.87,142.89,5845.0
2025-06-16 10:20:00+00:00,142.89,142.94,142.88,142.91,7747.0
2025-06-16 10:25:00+00:00,142.92,142.95,142.9,142.94,7867.0
2025-06-16 10:30:00+00:00,142.95,142.99,142.93,142.99,11666.0
2025-06-16 10:35:00+00:00,142.98,143.03,142.97,142.98,19741.0
2025-06-16 10:40:00+00:00,142.98,143.01,142.9,143.0,37020.0
2025-06-16 10:45:00+00:00,143.0,143.08,142.91,143.02,33156.0
2025-06-16 10:50:00+00:00,143.03,143.2,142.99,143.17,61537.0
2025-06-16 10:55:00+00:00,143.15,143.3,143.13,143.28,63394.0
2025-06-16 11:00:00+00:00,143.25,143.29,143.07,143.13,143349.0
2025-06-16 11:05:00+00:00,143.13,143.16,143.05,143.09,56832.0
2025-06-16 11:10:00+00:00,143.09,143.09,143.0,143.04,34662.0
2025-06-16 11:15:00+00:00,143.05,143.12,143.05,143.09,33907.0
2025-06-16 11:20:00+00:00,143.08,143.11,143.05,143.05,19133.0
2025-06-16 11:25:00+00:00,143.06,143.09,143.06,143.08,10789.0
2025-06-16 11:30:00+00:00,143.09,143.2,143.09,143.13,43304.0
2025-06-16 11:35:00+00:00,143.13,143.24,143.13,143.17,31491.0
2025-06-16 11:40:00+00:00,143.17,143.24,143.14,143.21,40751.0
2025-06-16 11:45:00+00:00,143.2,143.29,143.19,143.28,51309.0
2025-06-16 11:50:00+00:00,143.27,143.28,143.25,143.25,20257.0
2025-06-16 11:55:00+00:00,143.259,143.3,143.24,143.29,32403.0
2025-06-16 12:00:00+00:00,143.15,143.3,142.41,143.21,809533.0
2025-06-16 12:05:00+00:00,143.2,143.39,143.14,143.39,123260.0
2025-06-16 12:10:00+00:00,143.39,143.4099,143.3,143.37,87788.0
2025-06-16 12:15:00+00:00,143.37,143.42,143.34,143.41,74172.0
2025-06-16 12:20:00+00:00,143.42,143.53,143.4001,143.49,160559.0
2025-06-16 12:25:00+00:00,143.49,143.5002,143.42,143.44,66681.0
2025-06-16 12:30:00+00:00,143.44,143.5,143.41,143.42,121128.0
2025-06-16 12:35:00+00:00,143.44,143.47,143.41,143.4699,397630.0
2025-06-16 12:40:00+00:00,143.47,143.5,143.4,143.43,68968.0
2025-06-16 12:45:00+00:00,143.4497,143.45,143.37,143.42,49596.0
2025-06-16 12:50:00+00:00,143.42,143.42,143.3,143.32,73680.0
2025-06-16 12:55:00+00:00,143.33,143.4299,143.33,143.39,49003.0
2025-06-16 13:00:00+00:00,143.39,143.43,143.3601,143.42,74100.0
2025-06-16 13:05:00+00:00,143.42,143.43,143.36,143.3899,38552.0
2025-06-16 13:10:00+00:00,143.39,143.39,143.33,143.37,50020.0
2025-06-16 13:15:00+00:00,143.38,143.4,141.97,143.38,66249.0
2025-06-16 13:20:00+00:00,143.38,143.4,143.31,143.31,90812.0
2025-06-16 13:25:00+00:00,143.32,143.44,143.01,143.38,346995.0
2025-06-16 13:30:00+00:00,143.38,144.3199,143.2001,143.9301,7547750.0
2025-06-16 13:35:00+00:00,143.94,144.095,143.5,144.01,4005611.0
2025-06-16 13:40:00+00:00,144.005,144.04,143.69,143.765,3044185.0
2025-06-16 13:45:00+00:00,143.77,144.07,143.68,144.05,4029799.0
2025-06-16 13:50:00+00:00,144.06,144.395,143.895,144.265,3072352.0
2025-06-16 13:55:00+00:00,144.27,144.77,144.255,144.735,4350948.0
2025-06-16 14:00:00+00:00,144.738,144.89,144.45,144.56,2951311.0
2025-06-16 14:05:00+00:00,144.555,144.66,144.19,144.235,2879751.0
2025-06-16 14:10:00+00:00,144.23,144.66,144.22,144.51,3428303.0
2025-06-16 14:15:00+00:00,144.5,144.7,144.38,144.5786,1826476.0
2025-06-16 14:20:00+00:00,144.58,144.61,144.25,144.37,1782949.0
2025-06-16 14:25:00+00:00,144.36,144.5,144.28,144.48,1775787.0
2025-06-16 14:30:00+00:00,144.475,144.66,144.34,144.66,1711943.0
2025-06-16 14:35:00+00:00,144.66,144.74,144.42,144.48,1921866.0
2025-06-16 14:40:00+00:00,144.48,144.655,144.36,144.5,2471809.0
2025-06-16 14:45:00+00:00,144.5,144.55,144.17,144.24,1862420.0
2025-06-16 14:50:00+00:00,144.235,144.5,144.02,144.47,2235923.0
2025-06-16 14:55:00+00:00,144.4716,144.75,144.39,144.75,1988364.0
2025-06-16 15:00:00+00:00,144.745,145.34,144.71,145.335,10411257.0
2025-06-16 15:05:00+00:00,145.335,145.88,145.3,145.849,6183913.0
2025-06-16 15:10:00+00:00,145.845,146.175,145.52,145.71,6988388.0
2025-06-16 15:15:00+00:00,145.71,145.99,145.58,145.95,2340807.0
2025-06-16 15:20:00+00:00,145.94,146.04,145.67,145.8536,2103255.0
2025-06-16 15:25:00+00:00,145.86,146.04,145.42,145.4698,2772889.0
2025-06-16 15:30:00+00:00,145.46,145.935,145.4019,145.9095,1738543.0
2025-06-16 15:35:00+00:00,145.9087,145.92,145.67,145.76,1395564.0
2025-06-16 15:40:00+00:00,145.77,145.8199,145.56,145.65,1112435.0
2025-06-16 15:45:00+00:00,145.65,145.8,145.6,145.6518,993226.0
2025-06-16 15:50:00+00:00,145.65,145.73,145.54,145.5701,1423588.0
2025-06-16 15:55:00+00:00,145.575,145.85,145.45,145.495,1899435.0
2025-06-16 16:00:00+00:00,145.4993,145.7599,145.4801,145.735,1150903.0
2025-06-16 16:05:00+00:00,145.735,145.89,145.65,145.8303,1351254.0
2025-06-16 16:10:00+00:00,145.8399,146.05,145.835,146.045,2169096.0
2025-06-16 16:15:00+00:00,146.045,146.06,145.94,146.005,1477931.0
2025-06-16 16:20:00+00:00,146.0,146.06,145.85,145.905,1536911.0
2025-06-16 16:25:00+00:00,145.9,146.0,145.88,145.955,1288707.0
2025-06-16 16:30:00+00:00,145.96,146.04,145.86,145.9087,1386651.0
2025-06-16 16:35:00+00:00,145.905,146.02,145.7401,145.78,1462985.0
2025-06-16 16:40:00+00:00,145.785,145.79,145.5649,145.685,1682199.0
2025-06-16 16:45:00+00:00,145.695,145.75,145.53,145.68,1225414.0
2025-06-16 16:50:00+00:00,145.6707,145.92,145.61,145.725,1498233.0
2025-06-16 16:55:00+00:00,145.72,145.81,145.615,145.67,1098001.0
2025-06-16 17:00:00+00:00,145.665,145.73,145.605,145.695,839296.0
2025-06-16 17:05:00+00:00,145.7,145.715,145.46,145.6,1356431.0
2025-06-16 17:10:00+00:00,145.595,145.61,145.41,145.48,1171240.0
2025-06-16 17:15:00+00:00,145.4816,145.72,145.3601,145.715,1433189.0
2025-06-16 17:20:00+00:00,145.7154,145.8,145.57,145.625,1111957.0
2025-06-16 17:25:00+00:00,145.62,145.76,145.55,145.625,880431.0
2025-06-16 17:30:00+00:00,145.625,145.7,145.4,145.46,1222504.0
2025-06-16 17:35:00+00:00,145.465,145.51,145.3,145.3585,1139084.0
2025-06-16 17:40:00+00:00,145.3585,145.5199,145.21,145.2652,1107139.0
2025-06-16 17:45:00+00:00,145.2601,145.445,145.26,145.3712,1003964.0
2025-06-16 17:50:00+00:00,145.38,145.4,145.25,145.2601,946959.0
2025-06-16 17:55:00+00:00,145.26,145.27,145.03,145.2,1618168.0
2025-06-16 18:00:00+00:00,145.2,145.35,145.18,145.229,1100384.0
2025-06-16 18:05:00+00:00,145.23,145.29,145.1101,145.1521,849424.0
2025-06-16 18:10:00+00:00,145.1599,145.16,145.04,145.135,974175.0
2025-06-16 18:15:00+00:00,145.14,145.285,145.12,145.1787,898843.0
2025-06-16 18:20:00+00:00,145.17,145.27,145.06,145.2515,849376.0
2025-06-16 18:25:00+00:00,145.2548,145.28,145.155,145.23,1239146.0
2025-06-16 18:30:00+00:00,145.2216,145.2498,145.07,145.1446,843843.0
2025-06-16 18:35:00+00:00,145.145,145.26,145.06,145.105,1017534.0
2025-06-16 18:40:00+00:00,145.1,145.225,145.05,145.1935,635397.0
2025-06-16 18:45:00+00:00,145.19,145.23,144.87,144.905,1573106.0
2025-06-16 18:50:00+00:00,144.9001,145.09,144.85,145.0752,1596345.0
2025-06-16 18:55:00+00:00,145.075,145.12,144.99,145.0028,1150557.0
2025-06-16 19:00:00+00:00,145.0,145.1,144.99,145.075,857523.0
2025-06-16 19:05:00+00:00,145.075,145.11,144.87,144.96,1548189.0
2025-06-16 19:10:00+00:00,144.95,144.975,144.71,144.835,1747838.0
2025-06-16 19:15:00+00:00,144.8399,144.99,144.79,144.865,1105100.0
2025-06-16 19:20:00+00:00,144.86,145.1,144.745,145.025,1958637.0
2025-06-16 19:25:00+00:00,145.02,145.25,144.93,144.97,1498784.0
2025-06-16 19:30:00+00:00,144.98,145.0,144.555,144.735,2183300.0
2025-06-16 19:35:00+00:00,144.74,144.76,144.53,144.6,1525015.0
2025-06-16 19:40:00+00:00,144.595,144.7387,144.55,144.675,1284545.0
2025-06-16 19:45:00+00:00,144.67,144.73,144.57,144.675,1492505.0
2025-06-16 19:50:00+00:00,144.67,144.75,144.27,144.535,3202078.0
2025-06-16 19:55:00+00:00,144.54,144.735,144.31,144.68,6164969.0
2025-06-16 20:00:00+00:00,144.69,144.69,144.38,144.64,16016265.0
2025-06-16 20:05:00+00:00,144.63,144.69,144.54,144.55,215287.0
2025-06-16 20:10:00+00:00,144.54,144.69,144.54,144.5601,163589.0
2025-06-16 20:15:00+00:00,144.58,144.65,144.53,144.62,32650.0
2025-06-16 20:20:00+00:00,144.62,144.65,144.55,144.59,26112.0
2025-06-16 20:25:00+00:00,144.57,144.63,144.55,144.56,33740.0
2025-06-16 20:30:00+00:00,144.56,144.6,144.55,144.59,34674.0
2025-06-16 20:35:00+00:00,144.59,144.68,144.59,144.66,40876.0
2025-06-16 20:40:00+00:00,144.6608,144.68,144.57,144.57,39775.0
2025-06-16 20:45:00+00:00,144.57,144.65,144.52,144.63,37670.0
2025-06-16 20:50:00+00:00,144.6,144.63,144.55,144.55,25996.0
2025-06-16 20:55:00+00:00,144.55,144.57,144.5,144.52,40930.0
2025-06-16 21:00:00+00:00,144.52,144.56,144.44,144.56,38121.0
2025-06-16 21:05:00+00:00,144.57,144.62,144.5,144.62,40195.0
2025-06-16 21:10:00+00:00,144.6,144.689,144.6,144.68,50262.0
2025-06-16 21:15:00+00:00,144.67,144.77,144.66,144.75,73453.0
2025-06-16 21:20:00+00:00,144.7401,144.8,144.7,144.71,20340.0
2025-06-16 21:25:00+00:00,144.7107,144.79,144.69,144.7386,25591.0
2025-06-16 21:30:00+00:00,144.73,144.75,144.5591,144.61,44175.0
2025-06-16 21:35:00+00:00,144.6,144.6,144.54,144.56,18688.0
2025-06-16 21:40:00+00:00,144.5598,144.6,144.54,144.6,11802.0
2025-06-16 21:45:00+00:00,144.5565,144.64,144.5565,144.6,30737.0
2025-06-16 21:50:00+00:00,144.64,144.64,144.55,144.6395,9976.0
2025-06-16 21:55:00+00:00,144.6391,144.6391,144.58,144.63,11346.0
2025-06-16 22:00:00+00:00,144.62,144.76,144.5605,144.75,44303.0
2025-06-16 22:05:00+00:00,144.75,144.78,144.63,144.65,52669.0
2025-06-16 22:10:00+00:00,144.62,144.7,144.61,144.63,8101.0
2025-06-16 22:15:00+00:00,144.6499,144.65,144.6017,144.6017,24017.0
2025-06-16 22:20:00+00:00,144.6022,144.68,144.6,144.68,10251.0
2025-06-16 22:25:00+00:00,144.6799,144.69,144.65,144.67,13326.0
2025-06-16 22:30:00+00:00,144.63,144.64,144.46,144.46,69204.0
2025-06-16 22:35:00+00:00,144.48,144.54,144.44,144.54,49270.0
2025-06-16 22:40:00+00:00,144.52,144.52,144.29,144.29,88992.0
2025-06-16 22:45:00+00:00,144.29,144.3464,144.1,144.14,86398.0
2025-06-16 22:50:00+00:00,144.1301,144.24,144.03,144.21,53324.0
2025-06-16 22:55:00+00:00,144.27,144.28,144.1001,144.12,27635.0
2025-06-16 23:00:00+00:00,144.12,144.24,144.101,144.24,18160.0
2025-06-16 23:05:00+00:00,144.24,144.37,144.18,144.2794,34806.0
2025-06-16 23:10:00+00:00,144.24,144.24,144.16,144.17,18262.0
2025-06-16 23:15:00+00:00,144.16,144.29,144.15,144.18,19622.0
2025-06-16 23:20:00+00:00,144.17,144.19,144.1,144.11,22071.0
2025-06-16 23:25:00+00:00,144.1,144.235,144.06,144.18,38810.0
2025-06-16 23:30:00+00:00,144.15,144.169,144.0,144.01,104634.0
2025-06-16 23:35:00+00:00,144.0,144.12,143.96,144.05,87370.0
2025-06-16 23:40:00+00:00,144.09,144.09,143.88,143.951,63490.0
2025-06-16 23:45:00+00:00,143.96,143.99,143.72,143.73,88077.0
2025-06-16 23:50:00+00:00,143.71,143.8,143.65,143.76,77506.0
2025-06-16 23:55:00+00:00,143.7999,143.81,143.66,143.66,82435.0
2025-06-17 08:00:00+00:00,144.06,144.5,143.79,144.19,127475.0
2025-06-17 08:05:00+00:00,144.21,144.6,144.21,144.44,118654.0
2025-06-17 08:10:00+00:00,144.47,144.65,144.43,144.54,61397.0
2025-06-17 08:15:00+00:00,144.52,144.53,144.32,144.34,27735.0
2025-06-17 08:20:00+00:00,144.34,144.41,144.32,144.38,15415.0
2025-06-17 08:25:00+00:00,144.37,144.6,144.32,144.53,22007.0
2025-06-17 08:30:00+00:00,144.55,144.74,144.55,144.61,58162.0
2025-06-17 08:35:00+00:00,144.62,144.8,144.56,144.68,43977.0
2025-06-17 08:40:00+00:00,144.66,144.79,144.61,144.78,22257.0
2025-06-17 08:45:00+00:00,144.78,145.12,144.77,144.98,91250.0
2025-06-17 08:50:00+00:00,144.97,145.27,144.85,144.92,75083.0
2025-06-17 08:55:00+00:00,144.93,145.15,144.69,144.97,102325.0
2025-06-17 09:00:00+00:00,145.02,145.16,144.98,145.05,43257.0
2025-06-17 09:05:00+00:00,145.04,145.2,144.85,144.9,37874.0
2025-06-17 09:10:00+00:00,144.87,145.02,144.72,144.85,35180.0
2025-06-17 09:15:00+00:00,144.88,144.88,144.77,144.79,22476.0
2025-06-17 09:20:00+00:00,144.77,144.81,144.52,144.64,60165.0
2025-06-17 09:25:00+00:00,144.61,144.75,144.53,144.7,47426.0
2025-06-17 09:30:00+00:00,144.71,144.73,144.6,144.63,11736.0
2025-06-17 09:35:00+00:00,144.61,144.64,144.55,144.57,20033.0
2025-06-17 09:40:00+00:00,144.58,144.79,144.57,144.78,25286.0
2025-06-17 09:45:00+00:00,144.8,144.81,144.7,144.78,18107.0
2025-06-17 09:50:00+00:00,144.79,144.84,144.61,144.66,29925.0
2025-06-17 09:55:00+00:00,144.66,144.85,144.64,144.71,35536.0
2025-06-17 10:00:00+00:00,144.7,144.8,144.69,144.76,20624.0
2025-06-17 10:05:00+00:00,144.76,144.77,144.57,144.61,54575.0
2025-06-17 10:10:00+00:00,144.63,144.67,144.47,144.48,59891.0
2025-06-17 10:15:00+00:00,144.47,144.52,144.28,144.28,43732.0
2025-06-17 10:20:00+00:00,144.27,144.49,144.27,144.33,30506.0
2025-06-17 10:25:00+00:00,144.33,144.35,144.25,144.3,27397.0
2025-06-17 10:30:00+00:00,144.32,144.37,144.12,144.23,32494.0
2025-06-17 10:35:00+00:00,144.24,144.29,143.98,144.09,77599.0
2025-06-17 10:40:00+00:00,144.03,144.06,143.8,143.95,101246.0
2025-06-17 10:45:00+00:00,143.96,144.23,143.96,144.11,34027.0
2025-06-17 10:50:00+00:00,144.11,144.29,144.1,144.25,30520.0
2025-06-17 10:55:00+00:00,144.24,144.42,144.24,144.41,43586.0
2025-06-17 11:00:00+00:00,144.36,144.48,144.24,144.47,102058.0
2025-06-17 11:05:00+00:00,144.45,144.47,144.38,144.42,24188.0
2025-06-17 11:10:00+00:00,144.42,144.56,144.38,144.56,40045.0
2025-06-17 11:15:00+00:00,144.54,144.73,144.54,144.68,38089.0
2025-06-17 11:20:00+00:00,144.69,144.88,144.69,144.87,47023.0
2025-06-17 11:25:00+00:00,144.85,144.92,144.64,144.78,67133.0
2025-06-17 11:30:00+00:00,144.8,144.8,144.68,144.68,32051.0
2025-06-17 11:35:00+00:00,144.7,144.83,144.69,144.83,19912.0
2025-06-17 11:40:00+00:00,144.81,144.81,144.62,144.62,32438.0
2025-06-17 11:45:00+00:00,144.62,144.7,144.61,144.67,47464.0
2025-06-17 11:50:00+00:00,144.65,144.81,144.65,144.7,25914.0
2025-06-17 11:55:00+00:00,144.69,144.93,144.68,144.88,57039.0
2025-06-17 12:00:00+00:00,144.32,145.035,143.7,144.88,936643.0
2025-06-17 12:05:00+00:00,144.87,144.93,144.8215,144.8215,38613.0
2025-06-17 12:10:00+00:00,144.83,144.94,144.81,144.93,52199.0
2025-06-17 12:15:00+00:00,144.93,145.1,144.9,145.0699,114561.0
2025-06-17 12:20:00+00:00,145.06,145.3,145.01,145.26,249678.0
2025-06-17 12:25:00+00:00,145.27,145.44,145.24,145.36,211332.0
2025-06-17 12:30:00+00:00,145.37,145.4,145.06,145.22,154110.0
2025-06-17 12:35:00+00:00,145.23,145.24,145.05,145.22,82094.0
2025-06-17 12:40:00+00:00,145.22,145.27,144.69,145.12,209434.0
2025-06-17 12:45:00+00:00,145.12,145.15,144.89,144.8905,127913.0
2025-06-17 12:50:00+00:00,144.9095,144.95,144.82,144.95,86463.0
2025-06-17 12:55:00+00:00,144.943,144.95,144.77,144.849,98049.0
2025-06-17 13:00:00+00:00,144.8498,144.95,144.75,144.7601,142095.0
2025-06-17 13:05:00+00:00,144.76,144.77,144.61,144.61,114629.0
2025-06-17 13:10:00+00:00,144.61,144.67,144.54,144.6,137327.0
2025-06-17 13:15:00+00:00,144.6,144.6,144.35,144.46,172883.0
2025-06-17 13:20:00+00:00,144.48,144.6,144.2,144.48,197493.0
2025-06-17 13:25:00+00:00,144.46,144.59,144.26,144.54,206742.0
2025-06-17 13:30:00+00:00,144.54,145.22,144.18,144.8198,6170798.0
2025-06-17 13:35:00+00:00,144.815,145.04,144.62,145.01,3065841.0
2025-06-17 13:40:00+00:00,145.01,145.07,144.04,144.11,3443413.0
2025-06-17 13:45:00+00:00,144.11,144.46,144.0201,144.365,2534293.0
2025-06-17 13:50:00+00:00,144.37,144.65,144.18,144.645,2263790.0
2025-06-17 13:55:00+00:00,144.645,144.92,144.49,144.755,2089784.0
2025-06-17 14:00:00+00:00,144.755,144.94,144.55,144.6699,1973388.0
2025-06-17 14:05:00+00:00,144.68,144.92,144.48,144.765,1826858.0
2025-06-17 14:10:00+00:00,144.77,144.93,144.77,144.8635,1369813.0
2025-06-17 14:15:00+00:00,144.86,145.04,144.63,144.765,2085426.0
2025-06-17 14:20:00+00:00,144.76,144.795,144.34,144.39,1703632.0
2025-06-17 14:25:00+00:00,144.39,144.4983,144.25,144.3986,1563972.0
2025-06-17 14:30:00+00:00,144.39,144.63,144.36,144.5402,1263711.0
2025-06-17 14:35:00+00:00,144.55,144.55,144.25,144.295,1295555.0
2025-06-17 14:40:00+00:00,144.3,144.5,144.24,144.4401,1511690.0
2025-06-17 14:45:00+00:00,144.45,144.65,144.4101,144.602,1362046.0
2025-06-17 14:50:00+00:00,144.6,144.69,144.48,144.585,1110901.0
2025-06-17 14:55:00+00:00,144.59,144.63,144.25,144.3889,1229698.0
2025-06-17 15:00:00+00:00,144.375,144.75,144.365,144.74,1630037.0
2025-06-17 15:05:00+00:00,144.7488,144.84,144.66,144.705,1102466.0
2025-06-17 15:10:00+00:00,144.7082,144.96,144.67,144.925,1405260.0
2025-06-17 15:15:00+00:00,144.925,144.9366,144.61,144.765,1357629.0
2025-06-17 15:20:00+00:00,144.77,144.8,144.63,144.75,979381.0
2025-06-17 15:25:00+00:00,144.755,144.76,144.46,144.51,1164852.0
2025-06-17 15:30:00+00:00,144.51,144.52,144.32,144.4,1519463.0
2025-06-17 15:35:00+00:00,144.4,144.44,144.22,144.295,1643278.0
2025-06-17 15:40:00+00:00,144.29,144.65,144.28,144.63,1364580.0
2025-06-17 15:45:00+00:00,144.64,144.7,144.43,144.63,1099493.0
2025-06-17 15:50:00+00:00,144.625,144.75,144.6,144.685,987012.0
2025-06-17 15:55:00+00:00,144.685,144.78,144.61,144.735,1009420.0
2025-06-17 16:00:00+00:00,144.74,144.855,144.7101,144.815,1097741.0
2025-06-17 16:05:00+00:00,144.81,145.165,144.81,144.9789,2709139.0
2025-06-17 16:10:00+00:00,144.9882,145.07,144.8601,145.01,1181074.0
2025-06-17 16:15:00+00:00,145.005,145.02,144.84,144.91,787833.0
2025-06-17 16:20:00+00:00,144.91,144.98,144.83,144.925,722224.0
2025-06-17 16:25:00+00:00,144.9207,145.0899,144.77,145.02,1260451.0
2025-06-17 16:30:00+00:00,145.02,145.04,144.9,144.99,832409.0
2025-06-17 16:35:00+00:00,144.99,145.06,144.88,144.95,804668.0
2025-06-17 16:40:00+00:00,144.95,144.98,144.67,144.79,1102990.0
2025-06-17 16:45:00+00:00,144.77,144.87,144.47,144.64,1098695.0
2025-06-17 16:50:00+00:00,144.635,144.77,144.485,144.56,1317575.0
2025-06-17 16:55:00+00:00,144.56,144.63,144.4,144.5,1469076.0
2025-06-17 17:00:00+00:00,144.5,144.61,144.24,144.5486,1639615.0
2025-06-17 17:05:00+00:00,144.545,144.79,144.38,144.7601,1376965.0
2025-06-17 17:10:00+00:00,144.77,144.92,144.73,144.83,1164553.0
2025-06-17 17:15:00+00:00,144.8384,144.92,144.75,144.82,1013735.0
2025-06-17 17:20:00+00:00,144.82,145.13,144.74,145.07,1545898.0
2025-06-17 17:25:00+00:00,145.075,145.12,144.83,144.83,1136018.0
2025-06-17 17:30:00+00:00,144.82,144.99,144.62,144.92,1429065.0
2025-06-17 17:35:00+00:00,144.92,145.07,144.77,144.825,1278174.0
2025-06-17 17:40:00+00:00,144.82,144.93,144.63,144.68,981154.0
2025-06-17 17:45:00+00:00,144.68,144.77,144.27,144.41,1671266.0
2025-06-17 17:50:00+00:00,144.4046,144.465,144.18,144.34,1652606.0
2025-06-17 17:55:00+00:00,144.335,144.54,144.27,144.3386,1110317.0
2025-06-17 18:00:00+00:00,144.33,144.3301,143.96,144.075,2328520.0
2025-06-17 18:05:00+00:00,144.075,144.54,144.075,144.5399,1597359.0
2025-06-17 18:10:00+00:00,144.53,144.67,144.48,144.5,965177.0
2025-06-17 18:15:00+00:00,144.49,144.55,144.28,144.415,1098205.0
2025-06-17 18:20:00+00:00,144.4182,144.52,144.34,144.35,957665.0
2025-06-17 18:25:00+00:00,144.3585,144.3789,144.071,144.185,1271806.0
2025-06-17 18:30:00+00:00,144.19,144.46,144.14,144.42,1053172.0
2025-06-17 18:35:00+00:00,144.4286,144.5,144.18,144.25,862236.0
2025-06-17 18:40:00+00:00,144.245,144.29,143.78,143.9903,1661314.0
2025-06-17 18:45:00+00:00,143.99,144.215,143.97,144.1399,935873.0
2025-06-17 18:50:00+00:00,144.13,144.27,144.0401,144.26,817707.0
2025-06-17 18:55:00+00:00,144.26,144.425,144.24,144.3814,898254.0
2025-06-17 19:00:00+00:00,144.39,144.445,144.27,144.3,825848.0
2025-06-17 19:05:00+00:00,144.297,144.31,144.09,144.1698,983529.0
2025-06-17 19:10:00+00:00,144.1601,144.235,144.05,144.09,1066216.0
2025-06-17 19:15:00+00:00,144.08,144.205,144.0001,144.075,878056.0
2025-06-17 19:20:00+00:00,144.07,144.3,144.065,144.26,816625.0
2025-06-17 19:25:00+00:00,144.25,144.34,144.2188,144.28,700835.0
2025-06-17 19:30:00+00:00,144.275,144.3654,144.17,144.3,972739.0
2025-06-17 19:35:00+00:00,144.3,144.41,144.17,144.23,1143685.0
2025-06-17 19:40:00+00:00,144.225,144.35,144.15,144.3201,1325298.0
2025-06-17 19:45:00+00:00,144.33,144.57,144.3,144.5601,1834941.0
2025-06-17 19:50:00+00:00,144.56,144.77,144.3035,144.54,2836238.0
2025-06-17 19:55:00+00:00,144.5385,144.5385,144.01,144.04,4578226.0
2025-06-17 20:00:00+00:00,144.03,144.22,144.03,144.1491,15545136.0
2025-06-17 20:05:00+00:00,144.12,144.12,143.91,144.05,158697.0
2025-06-17 20:10:00+00:00,144.1,144.15,144.05,144.11,135486.0
2025-06-17 20:15:00+00:00,144.11,144.13,144.05,144.06,86373.0
2025-06-17 20:20:00+00:00,144.061,144.17,144.06,144.1,39587.0
2025-06-17 20:25:00+00:00,144.1,144.19,144.07,144.09,51791.0
2025-06-17 20:30:00+00:00,144.08,144.12,143.95,144.01,63784.0
2025-06-17 20:35:00+00:00,144.01,144.12,143.97,144.09,41862.0
2025-06-17 20:40:00+00:00,144.09,144.12,144.02,144.02,25399.0
2025-06-17 20:45:00+00:00,144.07,144.14,143.99,143.99,27751.0
2025-06-17 20:50:00+00:00,143.99,144.05,143.93,143.9501,43299.0
2025-06-17 20:55:00+00:00,143.96,144.08,143.96,144.06,27061.0
2025-06-17 21:00:00+00:00,144.06,144.0899,143.9601,143.97,34667.0
2025-06-17 21:05:00+00:00,143.98,144.0,143.91,143.91,20903.0
2025-06-17 21:10:00+00:00,143.95,143.98,143.91,143.93,19008.0
2025-06-17 21:15:00+00:00,143.93,143.98,143.9,143.92,46234.0
2025-06-17 21:20:00+00:00,143.91,143.93,143.81,143.8108,45461.0
2025-06-17 21:25:00+00:00,143.83,143.8301,143.8,143.8,36973.0
2025-06-17 21:30:00+00:00,143.81,143.84,143.76,143.7707,40033.0
2025-06-17 21:35:00+00:00,143.7701,143.82,143.57,143.66,164092.0
2025-06-17 21:40:00+00:00,143.699,143.82,143.67,143.77,39606.0
2025-06-17 21:45:00+00:00,143.8191,143.8191,143.7,143.7299,25579.0
2025-06-17 21:50:00+00:00,143.73,143.8,143.6992,143.6992,20487.0
2025-06-17 21:55:00+00:00,143.68,143.75,143.68,143.7328,16279.0
2025-06-17 22:00:00+00:00,143.74,143.75,143.55,143.62,50414.0
2025-06-17 22:05:00+00:00,143.6299,143.74,143.57,143.71,29136.0
2025-06-17 22:10:00+00:00,143.69,143.7,143.62,143.6415,17523.0
2025-06-17 22:15:00+00:00,143.65,143.68,143.62,143.62,15059.0
2025-06-17 22:20:00+00:00,143.62,143.66,143.62,143.62,21094.0
2025-06-17 22:25:00+00:00,143.64,143.64,143.55,143.5699,29850.0
2025-06-17 22:30:00+00:00,143.5601,143.58,143.5,143.5399,36394.0
2025-06-17 22:35:00+00:00,143.54,143.54,143.45,143.49,51540.0
2025-06-17 22:40:00+00:00,143.4306,143.45,143.36,143.38,65280.0
2025-06-17 22:45:00+00:00,143.4,143.43,143.34,143.37,37535.0
2025-06-17 22:50:00+00:00,143.3699,143.4,143.35,143.388,18649.0
2025-06-17 22:55:00+00:00,143.3993,143.4,143.34,143.35,30708.0
2025-06-17 23:00:00+00:00,143.34,143.4,143.31,143.33,36215.0
2025-06-17 23:05:00+00:00,143.35,143.45,143.35,143.42,35343.0
2025-06-17 23:10:00+00:00,143.43,143.449,143.31,143.4,34892.0
2025-06-17 23:15:00+00:00,143.4,143.4,143.2601,143.4,41234.0
2025-06-17 23:20:00+00:00,143.41,143.44,143.3303,143.42,16264.0
2025-06-17 23:25:00+00:00,143.4379,143.46,143.33,143.4478,27562.0
2025-06-17 23:30:00+00:00,143.4,143.55,143.4,143.4882,53310.0
2025-06-17 23:35:00+00:00,143.51,143.54,143.45,143.45,24147.0
2025-06-17 23:40:00+00:00,143.45,143.57,143.45,143.5,30129.0
2025-06-17 23:45:00+00:00,143.56,143.57,143.5,143.55,18092.0
2025-06-17 23:50:00+00:00,143.55,143.6599,143.5,143.6,56620.0
2025-06-17 23:55:00+00:00,143.62,143.64,143.4999,143.63,80670.0
2025-06-18 08:00:00+00:00,144.2,144.5,143.89,144.48,57209.0
2025-06-18 08:05:00+00:00,144.48,144.57,144.48,144.54,35105.0
2025-06-18 08:10:00+00:00,144.54,144.55,144.48,144.49,17631.0
2025-06-18 08:15:00+00:00,144.46,144.49,144.42,144.45,19489.0
2025-06-18 08:20:00+00:00,144.43,144.49,144.4,144.49,20993.0
2025-06-18 08:25:00+00:00,144.49,144.55,144.45,144.45,20603.0
2025-06-18 08:30:00+00:00,144.46,144.57,144.46,144.57,17185.0
2025-06-18 08:35:00+00:00,144.56,144.58,144.55,144.58,23888.0
2025-06-18 08:40:00+00:00,144.57,144.66,144.54,144.63,26715.0
2025-06-18 08:45:00+00:00,144.63,144.8,144.63,144.69,20454.0
2025-06-18 08:50:00+00:00,144.7,144.7,144.58,144.65,20668.0
2025-06-18 08:55:00+00:00,144.66,144.72,144.63,144.7,20783.0
2025-06-18 09:00:00+00:00,144.73,144.96,144.73,144.96,61530.0
2025-06-18 09:05:00+00:00,144.95,144.97,144.79,144.79,29990.0
2025-06-18 09:10:00+00:00,144.78,144.89,144.78,144.89,20687.0
2025-06-18 09:15:00+00:00,144.89,144.94,144.86,144.89,14903.0
2025-06-18 09:20:00+00:00,144.89,144.9,144.78,144.85,12071.0
2025-06-18 09:25:00+00:00,144.84,144.88,144.79,144.79,19099.0
2025-06-18 09:30:00+00:00,144.79,144.84,144.7,144.72,13448.0
2025-06-18 09:35:00+00:00,144.72,144.74,144.7,144.73,10989.0
2025-06-18 09:40:00+00:00,144.72,144.75,144.68,144.74,6456.0
2025-06-18 09:45:00+00:00,144.79,144.84,144.78,144.81,13511.0
2025-06-18 09:50:00+00:00,144.81,144.88,144.75,144.77,16585.0
2025-06-18 09:55:00+00:00,144.78,144.78,144.72,144.74,7540.0
2025-06-18 10:00:00+00:00,144.73,144.76,144.69,144.71,24499.0
2025-06-18 10:05:00+00:00,144.71,144.73,144.65,144.73,10823.0
2025-06-18 10:10:00+00:00,144.74,144.76,144.64,144.74,19809.0
2025-06-18 10:15:00+00:00,144.75,144.79,144.72,144.72,12424.0
2025-06-18 10:20:00+00:00,144.71,144.71,144.43,144.59,18840.0
2025-06-18 10:25:00+00:00,144.56,144.64,144.52,144.55,16716.0
2025-06-18 10:30:00+00:00,144.58,144.58,144.37,144.37,33392.0
2025-06-18 10:35:00+00:00,144.35,144.4,144.32,144.39,27237.0
2025-06-18 10:40:00+00:00,144.38,144.53,144.3,144.45,29976.0
2025-06-18 10:45:00+00:00,144.46,144.5,144.38,144.45,17592.0
2025-06-18 10:50:00+00:00,144.49,144.5,144.2,144.23,37839.0
2025-06-18 10:55:00+00:00,144.22,144.28,144.17,144.28,34692.0
2025-06-18 11:00:00+00:00,144.25,144.31,144.11,144.3,77496.0
2025-06-18 11:05:00+00:00,144.3,144.38,144.27,144.33,28602.0
2025-06-18 11:10:00+00:00,144.37,144.45,144.31,144.39,31232.0
2025-06-18 11:15:00+00:00,144.42,144.45,144.31,144.31,17505.0
2025-06-18 11:20:00+00:00,144.32,144.42,144.32,144.38,18456.0
2025-06-18 11:25:00+00:00,144.4,144.48,144.37,144.48,16033.0
2025-06-18 11:30:00+00:00,144.48,144.61,144.46,144.56,27498.0
2025-06-18 11:35:00+00:00,144.53,144.58,144.47,144.57,42466.0
2025-06-18 11:40:00+00:00,144.58,144.68,144.55,144.65,29051.0
2025-06-18 11:45:00+00:00,144.64,144.77,144.64,144.72,32825.0
2025-06-18 11:50:00+00:00,144.701,144.701,144.12,144.49,86770.0
2025-06-18 11:55:00+00:00,144.49,144.54,144.49,144.54,29387.0
2025-06-18 12:00:00+00:00,144.21,144.94,143.9,144.45,541024.0
2025-06-18 12:05:00+00:00,144.45,144.53,144.44,144.5,32057.0
2025-06-18 12:10:00+00:00,144.52,144.53,144.46,144.47,23906.0
2025-06-18 12:15:00+00:00,144.46,144.52,144.42,144.5,27424.0
2025-06-18 12:20:00+00:00,144.48,144.5799,144.46,144.56,56013.0
2025-06-18 12:25:00+00:00,144.5507,144.57,144.53,144.56,21262.0
2025-06-18 12:30:00+00:00,144.5497,144.62,144.47,144.62,48349.0
2025-06-18 12:35:00+00:00,144.63,144.67,144.4,144.53,71302.0
2025-06-18 12:40:00+00:00,144.5108,144.6,144.47,144.48,41329.0
2025-06-18 12:45:00+00:00,144.5,144.52,144.46,144.52,29370.0
2025-06-18 12:50:00+00:00,144.51,144.56,144.48,144.49,40441.0
2025-06-18 12:55:00+00:00,144.48,144.5,144.45,144.45,38633.0
2025-06-18 13:00:00+00:00,144.46,144.49,144.42,144.45,63736.0
2025-06-18 13:05:00+00:00,144.4501,144.53,144.43,144.51,46292.0
2025-06-18 13:10:00+00:00,144.5,144.52,144.39,144.43,55787.0
2025-06-18 13:15:00+00:00,144.44,144.44,144.39,144.4191,44406.0
2025-06-18 13:20:00+00:00,144.41,144.44,144.35,144.38,68620.0
2025-06-18 13:25:00+00:00,144.36,144.4,143.7,144.01,416797.0
2025-06-18 13:30:00+00:00,144.02,144.16,143.12,143.44,5816772.0
2025-06-18 13:35:00+00:00,143.45,143.7899,143.4,143.7299,2836832.0
2025-06-18 13:40:00+00:00,143.73,144.08,143.695,143.9765,2609349.0
2025-06-18 13:45:00+00:00,143.975,144.49,143.87,144.4058,2580552.0
2025-06-18 13:50:00+00:00,144.405,144.55,144.2,144.25,2415129.0
2025-06-18 13:55:00+00:00,144.24,144.64,144.2,144.51,1775613.0
2025-06-18 14:00:00+00:00,144.52,144.77,144.33,144.69,2050295.0
2025-06-18 14:05:00+00:00,144.685,144.85,144.57,144.72,1814781.0
2025-06-18 14:10:00+00:00,144.7155,144.95,144.671,144.935,1650252.0
2025-06-18 14:15:00+00:00,144.935,145.13,144.775,144.91,3333522.0
2025-06-18 14:20:00+00:00,144.9,145.27,144.89,145.1784,2873092.0
2025-06-18 14:25:00+00:00,145.17,145.33,145.085,145.22,2174895.0
2025-06-18 14:30:00+00:00,145.22,145.435,145.14,145.385,2268094.0
2025-06-18 14:35:00+00:00,145.385,145.62,145.27,145.52,2604539.0
2025-06-18 14:40:00+00:00,145.525,145.55,145.17,145.325,2202185.0
2025-06-18 14:45:00+00:00,145.325,145.38,145.045,145.14,1767941.0
2025-06-18 14:50:00+00:00,145.135,145.22,144.89,145.01,1679960.0
2025-06-18 14:55:00+00:00,145.0013,145.105,144.93,145.0899,1399931.0
2025-06-18 15:00:00+00:00,145.085,145.23,145.03,145.095,1396191.0
2025-06-18 15:05:00+00:00,145.095,145.1,144.84,144.87,1333628.0
2025-06-18 15:10:00+00:00,144.86,144.96,144.73,144.865,1297077.0
2025-06-18 15:15:00+00:00,144.865,145.08,144.82,144.915,1250544.0
2025-06-18 15:20:00+00:00,144.91,145.0,144.87,144.98,884670.0
2025-06-18 15:25:00+00:00,144.975,145.06,144.885,144.97,986111.0
2025-06-18 15:30:00+00:00,144.98,145.14,144.92,145.11,1086719.0
2025-06-18 15:35:00+00:00,145.1,145.27,145.02,145.265,1164117.0
2025-06-18 15:40:00+00:00,145.26,145.385,145.17,145.2301,1722362.0
2025-06-18 15:45:00+00:00,145.23,145.37,145.18,145.355,1138129.0
2025-06-18 15:50:00+00:00,145.355,145.4782,145.2945,145.435,1330810.0
2025-06-18 15:55:00+00:00,145.44,145.46,145.1,145.1488,1237944.0
2025-06-18 16:00:00+00:00,145.145,145.3,144.895,145.2754,1665961.0
2025-06-18 16:05:00+00:00,145.27,145.4,145.16,145.345,979510.0
2025-06-18 16:10:00+00:00,145.345,145.4,145.295,145.365,808564.0
2025-06-18 16:15:00+00:00,145.37,145.46,145.3401,145.355,973638.0
2025-06-18 16:20:00+00:00,145.355,145.6,145.28,145.33,1911541.0
2025-06-18 16:25:00+00:00,145.33,145.46,145.21,145.28,891405.0
2025-06-18 16:30:00+00:00,145.2742,145.35,145.18,145.2654,795963.0
2025-06-18 16:35:00+00:00,145.26,145.36,145.18,145.3586,645407.0
2025-06-18 16:40:00+00:00,145.355,145.39,145.3,145.355,567114.0
2025-06-18 16:45:00+00:00,145.3518,145.44,145.23,145.255,745851.0
2025-06-18 16:50:00+00:00,145.26,145.39,145.2,145.275,805304.0
2025-06-18 16:55:00+00:00,145.275,145.5599,145.2612,145.4301,1103424.0
2025-06-18 17:00:00+00:00,145.435,145.6,145.405,145.56,1225335.0
2025-06-18 17:05:00+00:00,145.55,145.55,145.415,145.48,669115.0
2025-06-18 17:10:00+00:00,145.48,145.51,145.42,145.485,658127.0
2025-06-18 17:15:00+00:00,145.5,145.5,145.375,145.38,618919.0
2025-06-18 17:20:00+00:00,145.38,145.395,145.09,145.2399,1114489.0
2025-06-18 17:25:00+00:00,145.23,145.27,145.1,145.135,694531.0
2025-06-18 17:30:00+00:00,145.14,145.205,144.815,144.875,1514249.0
2025-06-18 17:35:00+00:00,144.88,144.99,144.745,144.9379,1204985.0
2025-06-18 17:40:00+00:00,144.945,145.1,144.9027,145.035,1021204.0
2025-06-18 17:45:00+00:00,145.0383,145.09,144.89,144.915,895471.0
2025-06-18 17:50:00+00:00,144.92,145.08,144.86,145.055,959175.0
2025-06-18 17:55:00+00:00,145.05,145.26,145.02,145.17,927974.0
2025-06-18 18:00:00+00:00,145.19,145.5,144.835,144.84,2353091.0
2025-06-18 18:05:00+00:00,144.845,145.219,144.71,145.035,1541869.0
2025-06-18 18:10:00+00:00,145.03,145.18,144.96,145.0347,1147765.0
2025-06-18 18:15:00+00:00,145.035,145.23,144.995,145.12,1039002.0
2025-06-18 18:20:00+00:00,145.117,145.2,144.84,144.885,1129847.0
2025-06-18 18:25:00+00:00,144.8897,145.14,144.85,145.05,913885.0
2025-06-18 18:30:00+00:00,145.06,145.24,144.91,145.165,1209092.0
2025-06-18 18:35:00+00:00,145.1616,145.2,144.82,145.1,1501181.0
2025-06-18 18:40:00+00:00,145.095,145.3,145.02,145.19,1373178.0
2025-06-18 18:45:00+00:00,145.18,145.1887,144.9748,145.09,1229052.0
2025-06-18 18:50:00+00:00,145.095,145.11,144.58,144.71,1764967.0
2025-06-18 18:55:00+00:00,144.715,144.7277,144.05,144.28,3307446.0
2025-06-18 19:00:00+00:00,144.29,144.48,143.9,144.4399,2790544.0
2025-06-18 19:05:00+00:00,144.44,144.5776,144.2301,144.3164,1670577.0
2025-06-18 19:10:00+00:00,144.31,144.86,144.21,144.7899,2080543.0
2025-06-18 19:15:00+00:00,144.79,144.795,144.415,144.64,1785767.0
2025-06-18 19:20:00+00:00,144.6399,144.85,144.6,144.745,1222085.0
2025-06-18 19:25:00+00:00,144.74,144.775,144.16,144.1799,1675749.0
2025-06-18 19:30:00+00:00,144.17,144.48,144.08,144.45,1605695.0
2025-06-18 19:35:00+00:00,144.44,144.82,144.36,144.8007,1974111.0
2025-06-18 19:40:00+00:00,144.795,145.0,144.68,144.99,2425660.0
2025-06-18 19:45:00+00:00,144.995,145.045,144.815,145.045,2479758.0
2025-06-18 19:50:00+00:00,145.03,145.6,144.94,145.415,6624282.0
2025-06-18 19:55:00+00:00,145.415,145.65,145.17,145.47,8912343.0
2025-06-18 20:00:00+00:00,145.46,145.5,145.3,145.35,21040501.0
2025-06-18 20:05:00+00:00,145.35,145.48,145.32,145.4,134420.0
2025-06-18 20:10:00+00:00,145.42,145.44,145.37,145.37,107265.0
2025-06-18 20:15:00+00:00,145.36,145.43,145.36,145.3603,98463.0
2025-06-18 20:20:00+00:00,145.361,145.41,145.2308,145.2308,75047.0
2025-06-18 20:25:00+00:00,145.28,145.35,145.15,145.241,75009.0
2025-06-18 20:30:00+00:00,145.25,145.25,145.13,145.16,49038.0
2025-06-18 20:35:00+00:00,145.1598,145.48,145.13,145.16,117257.0
2025-06-18 20:40:00+00:00,145.16,145.19,145.08,145.13,80838.0
2025-06-18 20:45:00+00:00,145.13,145.17,145.12,145.16,16978.0
2025-06-18 20:50:00+00:00,145.15,145.21,145.13,145.21,32450.0
2025-06-18 20:55:00+00:00,145.1731,145.3,145.1731,145.21,34681.0
2025-06-18 21:00:00+00:00,145.2,145.28,145.2,145.28,42062.0
2025-06-18 21:05:00+00:00,145.26,145.27,145.2,145.2,19535.0
2025-06-18 21:10:00+00:00,145.2,145.25,145.16,145.2,21165.0
2025-06-18 21:15:00+00:00,145.23,145.24,145.09,145.11,25130.0
2025-06-18 21:20:00+00:00,145.11,145.16,145.1,145.15,18405.0
2025-06-18 21:25:00+00:00,145.1101,145.14,145.06,145.09,20130.0
2025-06-18 21:30:00+00:00,145.09,145.16,145.08,145.1001,19115.0
2025-06-18 21:35:00+00:00,145.0902,145.11,145.08,145.11,63260.0
2025-06-18 21:40:00+00:00,145.12,145.13,145.05,145.05,26192.0
2025-06-18 21:45:00+00:00,145.05,145.08,144.9812,145.02,42954.0
2025-06-18 21:50:00+00:00,145.05,145.0599,144.97,145.0,40163.0
2025-06-18 21:55:00+00:00,145.0,145.04,144.98,144.98,23747.0
2025-06-18 22:00:00+00:00,144.99,145.12,144.99,145.07,26082.0
2025-06-18 22:05:00+00:00,145.0618,145.07,144.95,145.0,22685.0
2025-06-18 22:10:00+00:00,145.01,145.01,144.92,144.94,17912.0
2025-06-18 22:15:00+00:00,144.94,144.95,144.91,144.94,25742.0
2025-06-18 22:20:00+00:00,144.93,144.99,144.9,144.9699,17795.0
2025-06-18 22:25:00+00:00,144.97,144.99,144.9304,144.95,9857.0
2025-06-18 22:30:00+00:00,144.95,144.95,144.91,144.91,18619.0
2025-06-18 22:35:00+00:00,144.92,144.94,144.9,144.92,16135.0
2025-06-18 22:40:00+00:00,144.91,144.94,144.9,144.93,28367.0
2025-06-18 22:45:00+00:00,144.92,144.95,144.91,144.95,8296.0
2025-06-18 22:50:00+00:00,144.9301,145.07,144.9301,145.0,45829.0
2025-06-18 22:55:00+00:00,145.07,145.07,145.0,145.04,15641.0
2025-06-18 23:00:00+00:00,145.0209,145.09,145.0209,145.09,15306.0
2025-06-18 23:05:00+00:00,145.0901,145.1,145.0313,145.07,14266.0
2025-06-18 23:10:00+00:00,145.08,145.08,145.0174,145.0207,10533.0
2025-06-18 23:15:00+00:00,145.04,145.05,145.02,145.0301,20704.0
2025-06-18 23:20:00+00:00,145.03,145.0497,145.0,145.0,13853.0
2025-06-18 23:25:00+00:00,145.01,145.0599,145.0,145.0599,21065.0
2025-06-18 23:30:00+00:00,145.07,145.09,145.0,145.0,21571.0
2025-06-18 23:35:00+00:00,145.01,145.02,145.0,145.0197,11016.0
2025-06-18 23:40:00+00:00,145.01,145.02,145.0,145.01,23392.0
2025-06-18 23:45:00+00:00,145.0,145.1,145.0,145.09,24437.0
2025-06-18 23:50:00+00:00,145.09,145.1,145.05,145.0798,19560.0
2025-06-18 23:55:00+00:00,145.07,145.1,145.01,145.07,68761.0
2025-06-20 08:00:00+00:00,145.0,145.19,144.83,144.95,88518.0
2025-06-20 08:05:00+00:00,144.98,145.0,144.77,144.87,65071.0
2025-06-20 08:10:00+00:00,144.87,145.0,144.87,144.9,59730.0
2025-06-20 08:15:00+00:00,144.89,144.94,144.76,144.8,20591.0
2025-06-20 08:20:00+00:00,144.75,144.82,144.64,144.81,30875.0
2025-06-20 08:25:00+00:00,144.82,144.85,144.78,144.81,12841.0
2025-06-20 08:30:00+00:00,144.79,144.79,144.72,144.72,19835.0
2025-06-20 08:35:00+00:00,144.73,144.8,144.68,144.68,20877.0
2025-06-20 08:40:00+00:00,144.69,144.74,144.65,144.68,21955.0
2025-06-20 08:45:00+00:00,144.65,144.72,144.61,144.62,21282.0
2025-06-20 08:50:00+00:00,144.6,144.65,144.5,144.63,38768.0
2025-06-20 08:55:00+00:00,144.61,144.63,144.5,144.56,18070.0
2025-06-20 09:00:00+00:00,144.56,144.72,144.55,144.67,29345.0
2025-06-20 09:05:00+00:00,144.69,144.94,144.69,144.89,60222.0
2025-06-20 09:10:00+00:00,144.91,144.91,144.81,144.88,21171.0
2025-06-20 09:15:00+00:00,144.88,144.98,144.86,144.93,21329.0
2025-06-20 09:20:00+00:00,144.94,144.99,144.94,144.97,9108.0
2025-06-20 09:25:00+00:00,144.97,144.99,144.9,144.97,24180.0
2025-06-20 09:30:00+00:00,144.97,145.0,144.9,144.95,22273.0
2025-06-20 09:35:00+00:00,144.95,144.96,144.88,144.92,13967.0
2025-06-20 09:40:00+00:00,144.92,144.94,144.89,144.92,13290.0
2025-06-20 09:45:00+00:00,144.92,144.92,144.88,144.92,10530.0
2025-06-20 09:50:00+00:00,144.88,145.01,144.88,144.9,29205.0
2025-06-20 09:55:00+00:00,144.9,144.91,144.8,144.82,17115.0
2025-06-20 10:00:00+00:00,144.85,144.88,144.75,144.77,7356.0
2025-06-20 10:05:00+00:00,144.74,144.84,144.7,144.82,21767.0
2025-06-20 10:10:00+00:00,144.82,144.87,144.79,144.79,20608.0
2025-06-20 10:15:00+00:00,144.76,144.76,144.71,144.74,9568.0
2025-06-20 10:20:00+00:00,144.75,144.83,144.74,144.83,9858.0
2025-06-20 10:25:00+00:00,144.84,144.86,144.8,144.82,11553.0
2025-06-20 10:30:00+00:00,144.81,144.92,144.81,144.9,18278.0
2025-06-20 10:35:00+00:00,144.9,144.96,144.9,144.94,18930.0
2025-06-20 10:40:00+00:00,144.91,144.92,144.85,144.86,14318.0
2025-06-20 10:45:00+00:00,144.85,144.91,144.84,144.91,10395.0
2025-06-20 10:50:00+00:00,144.9,144.97,144.83,144.97,24733.0
2025-06-20 10:55:00+00:00,144.97,144.98,144.9,144.9,18992.0
2025-06-20 11:00:00+00:00,144.9,145.0,144.88,145.0,76382.0
2025-06-20 11:05:00+00:00,145.0,145.0,144.97,145.0,70190.0
2025-06-20 11:10:00+00:00,144.98,145.0,144.94,144.97,34308.0
2025-06-20 11:15:00+00:00,144.97,145.0,144.93,144.94,34049.0
2025-06-20 11:20:00+00:00,144.94,145.0,144.94,144.99,39722.0
2025-06-20 11:25:00+00:00,144.99,145.0,144.97,144.98,46564.0
2025-06-20 11:30:00+00:00,144.99,145.0,144.97,145.0,27803.0
2025-06-20 11:35:00+00:00,145.0,145.02,144.97,144.98,62062.0
2025-06-20 11:40:00+00:00,144.99,145.01,144.97,145.0,123834.0
2025-06-20 11:45:00+00:00,145.0,145.3,144.8,145.1,284298.0
2025-06-20 11:50:00+00:00,145.14,145.2,145.0,145.16,47197.0
2025-06-20 11:55:00+00:00,145.16,145.29,145.06,145.1,35731.0
2025-06-20 12:00:00+00:00,144.92,145.35,144.54,145.33,573525.0
2025-06-20 12:05:00+00:00,145.33,145.35,145.21,145.31,327002.0
2025-06-20 12:10:00+00:00,145.32,145.42,145.3101,145.34,119721.0
2025-06-20 12:15:00+00:00,145.35,145.46,145.3,145.4101,108589.0
2025-06-20 12:20:00+00:00,145.4,145.419,145.3101,145.3101,57689.0
2025-06-20 12:25:00+00:00,145.31,145.35,145.23,145.3101,59183.0
2025-06-20 12:30:00+00:00,145.3299,145.36,145.12,145.35,183728.0
2025-06-20 12:35:00+00:00,145.36,145.39,145.21,145.39,96521.0
2025-06-20 12:40:00+00:00,145.39,145.4494,145.34,145.4,67088.0
2025-06-20 12:45:00+00:00,145.39,145.47,145.33,145.41,113403.0
2025-06-20 12:50:00+00:00,145.4,145.5,145.4,145.48,85645.0
2025-06-20 12:55:00+00:00,145.47,145.5899,145.4301,145.57,123138.0
2025-06-20 13:00:00+00:00,145.58,145.65,145.4998,145.6002,165061.0
2025-06-20 13:05:00+00:00,145.6,145.64,145.57,145.5902,124731.0
2025-06-20 13:10:00+00:00,145.6,145.61,145.5,145.5104,79657.0
2025-06-20 13:15:00+00:00,145.51,145.57,145.5,145.5699,920276.0
2025-06-20 13:20:00+00:00,145.56,145.65,145.55,145.61,128637.0
2025-06-20 13:25:00+00:00,145.61,145.86,145.1,145.47,620526.0
2025-06-20 13:30:00+00:00,145.45,146.2,144.96,145.39,26825969.0
2025-06-20 13:35:00+00:00,145.395,146.11,145.39,145.7501,4951637.0
2025-06-20 13:40:00+00:00,145.76,145.875,145.49,145.725,3079961.0
2025-06-20 13:45:00+00:00,145.73,146.14,145.73,145.92,3707453.0
2025-06-20 13:50:00+00:00,145.915,146.0199,145.48,145.6,2674383.0
2025-06-20 13:55:00+00:00,145.6,145.785,145.3,145.675,2721507.0
2025-06-20 14:00:00+00:00,145.67,145.75,145.21,145.41,3860134.0
2025-06-20 14:05:00+00:00,145.42,145.68,145.4199,145.54,2379829.0
2025-06-20 14:10:00+00:00,145.54,145.585,145.22,145.425,2058363.0
2025-06-20 14:15:00+00:00,145.425,145.515,145.02,145.26,2548611.0
2025-06-20 14:20:00+00:00,145.25,145.255,144.32,144.3699,3787258.0
2025-06-20 14:25:00+00:00,144.35,144.745,144.1,144.625,3474325.0
2025-06-20 14:30:00+00:00,144.63,144.838,144.48,144.6748,1958150.0
2025-06-20 14:35:00+00:00,144.68,145.03,144.63,144.89,1588664.0
2025-06-20 14:40:00+00:00,144.89,144.98,143.79,143.92,4156623.0
2025-06-20 14:45:00+00:00,143.91,143.91,143.43,143.58,3517576.0
2025-06-20 14:50:00+00:00,143.57,143.57,142.71,142.865,4468106.0
2025-06-20 14:55:00+00:00,142.8501,143.49,142.79,143.1482,3388054.0
2025-06-20 15:00:00+00:00,143.14,143.14,142.65,142.865,2792780.0
2025-06-20 15:05:00+00:00,142.86,143.46,142.7801,143.42,2180047.0
2025-06-20 15:10:00+00:00,143.41,143.87,143.35,143.845,2401965.0
2025-06-20 15:15:00+00:00,143.84,144.0199,143.71,143.935,2097212.0
2025-06-20 15:20:00+00:00,143.94,143.99,143.768,143.84,1524165.0
2025-06-20 15:25:00+00:00,143.83,144.08,143.8,143.91,1488253.0
2025-06-20 15:30:00+00:00,143.915,144.35,143.85,144.28,4157869.0
2025-06-20 15:35:00+00:00,144.275,144.46,144.24,144.42,4091936.0
2025-06-20 15:40:00+00:00,144.4133,144.47,144.11,144.205,1350264.0
2025-06-20 15:45:00+00:00,144.2052,144.3,144.1,144.2385,1302646.0
2025-06-20 15:50:00+00:00,144.24,144.3,143.835,143.8405,1832794.0
2025-06-20 15:55:00+00:00,143.855,143.9,143.68,143.82,1536090.0
2025-06-20 16:00:00+00:00,143.81,144.0199,143.79,143.93,2105315.0
2025-06-20 16:05:00+00:00,143.92,144.2336,143.915,144.2203,3686507.0
2025-06-20 16:10:00+00:00,144.22,144.31,143.98,144.0354,1250552.0
2025-06-20 16:15:00+00:00,144.035,144.12,143.82,144.1001,1128876.0
2025-06-20 16:20:00+00:00,144.11,144.13,143.795,143.9601,1140528.0
2025-06-20 16:25:00+00:00,143.963,144.07,143.81,143.955,912357.0
2025-06-20 16:30:00+00:00,143.955,144.15,143.945,144.05,2996996.0
2025-06-20 16:35:00+00:00,144.05,144.17,144.0,144.05,793607.0
2025-06-20 16:40:00+00:00,144.06,144.2199,143.97,144.1986,1025263.0
2025-06-20 16:45:00+00:00,144.195,144.34,143.98,144.07,1097313.0
2025-06-20 16:50:00+00:00,144.07,144.23,143.99,144.195,3543592.0
2025-06-20 16:55:00+00:00,144.195,144.275,144.02,144.15,1340815.0
2025-06-20 17:00:00+00:00,144.145,144.2899,143.99,143.99,979002.0
2025-06-20 17:05:00+00:00,143.99,143.9984,143.78,143.9052,1077721.0
2025-06-20 17:10:00+00:00,143.905,144.19,143.83,144.1401,1093155.0
2025-06-20 17:15:00+00:00,144.14,144.33,143.94,143.985,1288732.0
2025-06-20 17:20:00+00:00,143.98,144.04,143.8819,143.9,794542.0
2025-06-20 17:25:00+00:00,143.9,143.94,143.4524,143.485,1627975.0
2025-06-20 17:30:00+00:00,143.49,143.56,143.3279,143.5299,1131264.0
2025-06-20 17:35:00+00:00,143.53,143.6,143.22,143.3099,1281397.0
2025-06-20 17:40:00+00:00,143.305,143.75,143.295,143.5601,1169930.0
2025-06-20 17:45:00+00:00,143.56,143.665,143.49,143.6,830637.0
2025-06-20 17:50:00+00:00,143.6,143.75,143.5899,143.6901,854371.0
2025-06-20 17:55:00+00:00,143.7,143.9,143.67,143.8601,1172681.0
2025-06-20 18:00:00+00:00,143.865,143.94,143.7618,143.9,880159.0
2025-06-20 18:05:00+00:00,143.8981,143.96,143.81,143.895,841197.0
2025-06-20 18:10:00+00:00,143.895,143.97,143.745,143.8493,843015.0
2025-06-20 18:15:00+00:00,143.8484,144.13,143.84,144.115,1388799.0
2025-06-20 18:20:00+00:00,144.12,144.215,144.065,144.1748,974927.0
2025-06-20 18:25:00+00:00,144.1703,144.28,144.05,144.16,954528.0
2025-06-20 18:30:00+00:00,144.155,144.32,144.11,144.2094,1182721.0
2025-06-20 18:35:00+00:00,144.205,144.28,144.06,144.135,837938.0
2025-06-20 18:40:00+00:00,144.135,144.23,143.96,144.005,874788.0
2025-06-20 18:45:00+00:00,144.01,144.1,143.86,143.875,955204.0
2025-06-20 18:50:00+00:00,143.87,144.03,143.87,143.985,1035660.0
2025-06-20 18:55:00+00:00,143.985,143.995,143.6,143.6745,1350239.0
2025-06-20 19:00:00+00:00,143.68,143.815,143.6,143.6,1078033.0
2025-06-20 19:05:00+00:00,143.6,143.815,143.5718,143.7011,1250737.0
2025-06-20 19:10:00+00:00,143.7099,143.785,143.6117,143.66,997884.0
2025-06-20 19:15:00+00:00,143.65,143.9,143.631,143.865,1087296.0
2025-06-20 19:20:00+00:00,143.87,143.9,143.73,143.77,1033418.0
2025-06-20 19:25:00+00:00,143.77,143.89,143.63,143.7899,1255633.0
2025-06-20 19:30:00+00:00,143.79,143.9752,143.785,143.88,1176562.0
2025-06-20 19:35:00+00:00,143.87,143.93,143.685,143.69,1080799.0
2025-06-20 19:40:00+00:00,143.69,143.83,143.65,143.7,1477834.0
2025-06-20 19:45:00+00:00,143.69,143.72,143.47,143.5,1913197.0
2025-06-20 19:50:00+00:00,143.51,144.0,143.07,143.465,4477565.0
2025-06-20 19:55:00+00:00,143.46,144.0,143.46,143.78,7608844.0
2025-06-20 20:00:00+00:00,143.85,144.13,143.76,143.9796,43850358.0
2025-06-20 20:05:00+00:00,143.97,144.03,143.85,143.86,8349246.0
2025-06-20 20:10:00+00:00,143.85,143.87,143.78,143.7912,3435108.0
2025-06-20 20:15:00+00:00,143.81,143.84,143.76,143.78,97575.0
2025-06-20 20:20:00+00:00,143.7601,143.83,143.76,143.81,29370.0
2025-06-20 20:25:00+00:00,143.81,143.82,143.72,143.76,40374.0
2025-06-20 20:30:00+00:00,143.75,143.85,143.72,143.77,46487.0
2025-06-20 20:35:00+00:00,143.75,143.86,143.75,143.8,33971.0
2025-06-20 20:40:00+00:00,143.8,143.83,143.73,143.81,33616.0
2025-06-20 20:45:00+00:00,143.81,143.84,143.73,143.75,38514.0
2025-06-20 20:50:00+00:00,143.75,143.81,143.71,143.7307,47167.0
2025-06-20 20:55:00+00:00,143.74,143.81,143.72,143.73,33381.0
2025-06-20 21:00:00+00:00,143.7492,143.81,143.63,143.661,1499764.0
2025-06-20 21:05:00+00:00,143.68,143.7,143.57,143.6,35997.0
2025-06-20 21:10:00+00:00,143.6,143.62,143.55,143.5999,23816.0
2025-06-20 21:15:00+00:00,143.59,143.6,143.55,143.58,19517.0
2025-06-20 21:20:00+00:00,143.59,143.65,143.57,143.65,22846.0
2025-06-20 21:25:00+00:00,143.65,143.68,143.61,143.62,25303.0
2025-06-20 21:30:00+00:00,143.6,143.67,143.55,143.63,22419.0
2025-06-20 21:35:00+00:00,143.62,143.69,143.55,143.69,9584.0
2025-06-20 21:40:00+00:00,143.69,143.69,143.56,143.56,22596.0
2025-06-20 21:45:00+00:00,143.57,143.6,143.48,143.48,50626.0
2025-06-20 21:50:00+00:00,143.52,143.6,143.52,143.5983,6289.0
2025-06-20 21:55:00+00:00,143.85,143.85,143.56,143.5801,108776.0
2025-06-20 22:00:00+00:00,143.58,143.58,143.56,143.58,7833.0
2025-06-20 22:05:00+00:00,143.58,143.61,143.57,143.59,8483.0
2025-06-20 22:10:00+00:00,143.6,143.6,143.57,143.6,8296.0
2025-06-20 22:15:00+00:00,143.58,143.6,143.5707,143.5999,6082.0
2025-06-20 22:20:00+00:00,143.5708,143.64,143.5708,143.5919,9269.0
2025-06-20 22:25:00+00:00,143.6,143.73,143.59,143.66,18892.0
2025-06-20 22:30:00+00:00,143.62,143.64,143.58,143.58,18700.0
2025-06-20 22:35:00+00:00,143.59,143.6,143.58,143.5999,7155.0
2025-06-20 22:40:00+00:00,143.5901,143.63,143.5901,143.62,20755.0
2025-06-20 22:45:00+00:00,143.62,143.63,143.59,143.62,5727.0
2025-06-20 22:50:00+00:00,143.62,143.6299,143.59,143.62,12994.0
2025-06-20 22:55:00+00:00,143.62,143.62,143.5944,143.62,6004.0
2025-06-20 23:00:00+00:00,143.6101,143.62,143.6,143.6,222107.0
2025-06-20 23:05:00+00:00,143.61,143.62,143.58,143.5801,16906.0
2025-06-20 23:10:00+00:00,143.58,143.63,143.58,143.6299,12647.0
2025-06-20 23:15:00+00:00,143.67,143.7495,143.6699,143.72,37944.0
2025-06-20 23:20:00+00:00,143.73,143.74,143.6601,143.6601,4133.0
2025-06-20 23:25:00+00:00,143.65,143.7,143.63,143.68,15356.0
2025-06-20 23:30:00+00:00,143.68,143.73,143.68,143.73,7349.0
2025-06-20 23:35:00+00:00,143.73,143.75,143.72,143.73,16780.0
2025-06-20 23:40:00+00:00,143.74,143.75,143.7003,143.7496,19088.0
2025-06-20 23:45:00+00:00,143.7202,143.73,143.61,143.62,22612.0
2025-06-20 23:50:00+00:00,143.64,143.65,143.6,143.64,22913.0
2025-06-20 23:55:00+00:00,143.6499,143.7,143.611,143.611,46806.0
2025-06-23 08:00:00+00:00,143.15,143.39,142.45,143.24,161048.0
2025-06-23 08:05:00+00:00,143.24,143.61,143.2,143.6,59880.0
2025-06-23 08:10:00+00:00,143.61,143.8,143.51,143.55,75599.0
2025-06-23 08:15:00+00:00,143.56,143.57,143.45,143.5,35177.0
2025-06-23 08:20:00+00:00,143.5,143.65,143.47,143.53,22076.0
2025-06-23 08:25:00+00:00,143.5,143.55,143.35,143.5,31348.0
2025-06-23 08:30:00+00:00,143.5,143.53,143.4,143.51,18279.0
2025-06-23 08:35:00+00:00,143.49,143.62,143.41,143.43,25833.0
2025-06-23 08:40:00+00:00,143.43,143.48,143.29,143.41,26220.0
2025-06-23 08:45:00+00:00,143.42,143.42,143.28,143.29,23409.0
2025-06-23 08:50:00+00:00,143.29,143.45,143.27,143.35,39297.0
2025-06-23 08:55:00+00:00,143.35,143.46,143.34,143.38,13071.0
2025-06-23 09:00:00+00:00,143.39,143.42,143.34,143.38,16764.0
2025-06-23 09:05:00+00:00,143.38,143.38,143.24,143.25,31708.0
2025-06-23 09:10:00+00:00,143.24,143.48,143.24,143.45,28940.0
2025-06-23 09:15:00+00:00,143.45,143.56,143.4,143.47,34129.0
2025-06-23 09:20:00+00:00,143.5,143.54,143.31,143.4,30366.0
2025-06-23 09:25:00+00:00,143.4,143.43,143.2,143.2,35683.0
2025-06-23 09:30:00+00:00,143.21,143.29,143.18,143.26,24147.0
2025-06-23 09:35:00+00:00,143.23,143.23,143.13,143.16,13951.0
2025-06-23 09:40:00+00:00,143.15,143.22,143.14,143.18,8737.0
2025-06-23 09:45:00+00:00,143.13,143.19,143.12,143.15,10737.0
2025-06-23 09:50:00+00:00,143.16,143.2,143.12,143.18,8639.0
2025-06-23 09:55:00+00:00,143.15,143.18,142.95,142.95,39996.0
2025-06-23 10:00:00+00:00,142.96,143.11,142.96,143.09,41972.0
2025-06-23 10:05:00+00:00,143.08,143.16,143.03,143.05,21829.0
2025-06-23 10:10:00+00:00,143.02,143.38,143.0,143.18,33262.0
2025-06-23 10:15:00+00:00,143.18,143.19,143.01,143.07,13773.0
2025-06-23 10:20:00+00:00,143.09,143.1,142.92,142.92,31232.0
2025-06-23 10:25:00+00:00,142.93,143.25,142.93,143.15,44788.0
2025-06-23 10:30:00+00:00,143.14,143.14,143.05,143.09,16749.0
2025-06-23 10:35:00+00:00,143.09,143.12,143.0,143.04,21686.0
2025-06-23 10:40:00+00:00,143.05,143.05,142.8,142.81,33371.0
2025-06-23 10:45:00+00:00,142.8,142.82,142.68,142.68,46745.0
2025-06-23 10:50:00+00:00,142.68,142.85,142.68,142.83,33036.0
2025-06-23 10:55:00+00:00,142.82,142.94,142.79,142.88,31907.0
2025-06-23 11:00:00+00:00,142.91,143.1,142.79,142.93,125682.0
2025-06-23 11:05:00+00:00,142.9,142.9,142.7,142.72,55978.0
2025-06-23 11:10:00+00:00,142.71,142.84,142.68,142.78,57625.0
2025-06-23 11:15:00+00:00,142.75,142.76,142.5,142.62,65426.0
2025-06-23 11:20:00+00:00,142.58,142.62,142.51,142.53,31293.0
2025-06-23 11:25:00+00:00,142.52,142.69,142.42,142.63,42996.0
2025-06-23 11:30:00+00:00,142.64,142.65,142.54,142.57,33583.0
2025-06-23 11:35:00+00:00,142.58,142.6,142.51,142.54,20847.0
2025-06-23 11:40:00+00:00,142.51,142.529,142.31,142.34,33096.0
2025-06-23 11:45:00+00:00,142.32,142.41,142.1,142.34,69478.0
2025-06-23 11:50:00+00:00,142.35,142.49,142.23,142.48,36052.0
2025-06-23 11:55:00+00:00,142.46,142.61,142.46,142.52,26910.0
2025-06-23 12:00:00+00:00,142.52,143.69,142.1,142.74,1042340.0
2025-06-23 12:05:00+00:00,142.72,142.74,142.5,142.5387,85769.0
2025-06-23 12:10:00+00:00,142.53,142.54,142.36,142.4,92364.0
2025-06-23 12:15:00+00:00,142.4,142.51,142.25,142.28,112504.0
2025-06-23 12:20:00+00:00,142.2795,142.49,142.24,142.43,114511.0
2025-06-23 12:25:00+00:00,142.43,142.54,142.39,142.3999,112213.0
2025-06-23 12:30:00+00:00,142.3802,142.59,142.37,142.5899,80708.0
2025-06-23 12:35:00+00:00,142.58,142.65,142.55,142.6201,113075.0
2025-06-23 12:40:00+00:00,142.621,142.67,142.56,142.67,110792.0
2025-06-23 12:45:00+00:00,142.67,142.68,142.62,142.68,71770.0
2025-06-23 12:50:00+00:00,142.66,142.9,142.65,142.85,145031.0
2025-06-23 12:55:00+00:00,142.83,142.89,142.66,142.82,107287.0
2025-06-23 13:00:00+00:00,142.8001,143.85,142.78,142.9,205093.0
2025-06-23 13:05:00+00:00,142.9,143.08,142.85,142.8958,237061.0
2025-06-23 13:10:00+00:00,142.91,142.99,142.83,142.88,120169.0
2025-06-23 13:15:00+00:00,142.87,142.9,142.74,142.87,91679.0
2025-06-23 13:20:00+00:00,142.9,142.9,142.74,142.74,92759.0
2025-06-23 13:25:00+00:00,142.74,143.85,142.01,142.46,464087.0
2025-06-23 13:30:00+00:00,142.5,143.64,142.32,142.48,7779405.0
2025-06-23 13:35:00+00:00,142.48,143.205,142.36,143.035,4199187.0
2025-06-23 13:40:00+00:00,143.03,143.48,142.815,143.38,2689978.0
2025-06-23 13:45:00+00:00,143.39,143.66,143.25,143.5287,2650184.0
2025-06-23 13:50:00+00:00,143.53,143.84,143.44,143.62,2468532.0
2025-06-23 13:55:00+00:00,143.62,143.69,143.435,143.5796,1570429.0
2025-06-23 14:00:00+00:00,143.585,144.03,143.58,143.935,2577275.0
2025-06-23 14:05:00+00:00,143.9388,144.3,143.9388,144.1386,2110047.0
2025-06-23 14:10:00+00:00,144.13,144.165,143.67,143.94,2237886.0
2025-06-23 14:15:00+00:00,143.94,144.05,143.7,143.955,1528934.0
2025-06-23 14:20:00+00:00,143.96,144.1,143.825,143.86,1334152.0
2025-06-23 14:25:00+00:00,143.865,143.93,143.59,143.63,1473487.0
2025-06-23 14:30:00+00:00,143.64,143.8,143.53,143.7733,1559507.0
2025-06-23 14:35:00+00:00,143.77,143.89,143.61,143.68,1445330.0
2025-06-23 14:40:00+00:00,143.68,143.935,143.6,143.85,2000306.0
2025-06-23 14:45:00+00:00,143.8501,144.0199,143.6,143.69,1591977.0
2025-06-23 14:50:00+00:00,143.6955,143.835,143.6301,143.79,1226536.0
2025-06-23 14:55:00+00:00,143.78,143.8455,143.65,143.795,1285239.0
2025-06-23 15:00:00+00:00,143.8,144.07,143.77,144.025,1498317.0
2025-06-23 15:05:00+00:00,144.025,144.1299,143.9402,144.12,1134693.0
2025-06-23 15:10:00+00:00,144.1119,144.14,143.9801,144.06,1030823.0
2025-06-23 15:15:00+00:00,144.05,144.22,143.955,144.215,1247985.0
2025-06-23 15:20:00+00:00,144.22,144.24,143.97,144.045,1282816.0
2025-06-23 15:25:00+00:00,144.045,144.06,143.71,143.725,1554164.0
2025-06-23 15:30:00+00:00,143.72,143.91,143.57,143.84,1518330.0
2025-06-23 15:35:00+00:00,143.84,143.92,143.695,143.8401,1183120.0
2025-06-23 15:40:00+00:00,143.845,143.96,143.645,143.9284,1714147.0
2025-06-23 15:45:00+00:00,143.92,144.01,143.84,143.965,987294.0
2025-06-23 15:50:00+00:00,143.96,144.05,143.82,143.89,882975.0
2025-06-23 15:55:00+00:00,143.9,143.97,143.73,143.795,798182.0
2025-06-23 16:00:00+00:00,143.8,143.905,143.59,143.81,1960731.0
2025-06-23 16:05:00+00:00,143.8,143.86,143.685,143.69,994766.0
2025-06-23 16:10:00+00:00,143.6945,143.77,143.57,143.6201,1228252.0
2025-06-23 16:15:00+00:00,143.63,143.77,143.5518,143.635,1173637.0
2025-06-23 16:20:00+00:00,143.63,143.64,143.18,143.255,1898981.0
2025-06-23 16:25:00+00:00,143.25,143.2501,142.85,142.93,2234254.0
2025-06-23 16:30:00+00:00,142.93,142.98,142.44,142.4888,2250850.0
2025-06-23 16:35:00+00:00,142.48,142.7488,142.03,142.69,3357919.0
2025-06-23 16:40:00+00:00,142.7,143.43,142.47,143.355,2787732.0
2025-06-23 16:45:00+00:00,143.37,143.58,143.12,143.3799,2114586.0
2025-06-23 16:50:00+00:00,143.37,143.55,143.24,143.4801,1555711.0
2025-06-23 16:55:00+00:00,143.5,143.615,143.1887,143.21,1569576.0
2025-06-23 17:00:00+00:00,143.22,143.68,143.04,143.64,1925704.0
2025-06-23 17:05:00+00:00,143.645,143.85,143.5001,143.745,1387199.0
2025-06-23 17:10:00+00:00,143.745,144.01,143.72,143.845,2146465.0
2025-06-23 17:15:00+00:00,143.85,144.09,143.845,144.0525,1249326.0
2025-06-23 17:20:00+00:00,144.06,144.23,143.965,144.16,1671945.0
2025-06-23 17:25:00+00:00,144.16,144.44,144.0301,144.4058,2169194.0
2025-06-23 17:30:00+00:00,144.41,144.73,144.4047,144.5387,3063973.0
2025-06-23 17:35:00+00:00,144.54,144.67,144.41,144.475,1239113.0
2025-06-23 17:40:00+00:00,144.475,144.53,144.33,144.4948,3372455.0
2025-06-23 17:45:00+00:00,144.495,144.78,144.48,144.6,1669976.0
2025-06-23 17:50:00+00:00,144.6047,144.6382,144.31,144.3248,1080521.0
2025-06-23 17:55:00+00:00,144.325,144.4,144.28,144.32,882872.0
2025-06-23 18:00:00+00:00,144.315,144.4699,144.27,144.38,1022438.0
2025-06-23 18:05:00+00:00,144.37,144.515,144.3,144.33,1225073.0
2025-06-23 18:10:00+00:00,144.32,144.43,144.23,144.245,1017233.0
2025-06-23 18:15:00+00:00,144.25,144.36,144.08,144.2801,1178068.0
2025-06-23 18:20:00+00:00,144.295,144.32,144.11,144.12,840243.0
2025-06-23 18:25:00+00:00,144.12,144.17,143.88,143.9099,1374201.0
2025-06-23 18:30:00+00:00,143.91,144.2,143.8901,144.11,955188.0
2025-06-23 18:35:00+00:00,144.11,144.18,144.035,144.0983,786795.0
2025-06-23 18:40:00+00:00,144.095,144.3,143.99,144.2652,952297.0
2025-06-23 18:45:00+00:00,144.265,144.28,144.13,144.165,746631.0
2025-06-23 18:50:00+00:00,144.17,144.175,143.99,144.1,934008.0
2025-06-23 18:55:00+00:00,144.1,144.11,143.98,144.04,803243.0
2025-06-23 19:00:00+00:00,144.04,144.39,144.0001,144.1814,1542521.0
2025-06-23 19:05:00+00:00,144.18,144.2065,143.9548,144.0299,955926.0
2025-06-23 19:10:00+00:00,144.03,144.14,143.92,143.945,939275.0
2025-06-23 19:15:00+00:00,143.95,143.985,143.8,143.855,990846.0
2025-06-23 19:20:00+00:00,143.86,143.885,143.75,143.84,828055.0
2025-06-23 19:25:00+00:00,143.84,143.93,143.79,143.845,935439.0
2025-06-23 19:30:00+00:00,143.84,143.93,143.755,143.8665,1181460.0
2025-06-23 19:35:00+00:00,143.8601,143.885,143.66,143.715,1134888.0
2025-06-23 19:40:00+00:00,143.715,143.82,143.67,143.745,1025086.0
2025-06-23 19:45:00+00:00,143.745,143.95,143.715,143.945,1247746.0
2025-06-23 19:50:00+00:00,143.945,144.46,143.945,144.2101,2996817.0
2025-06-23 19:55:00+00:00,144.215,144.37,143.71,144.175,5761922.0
2025-06-23 20:00:00+00:00,144.18,144.28,144.01,144.01,11878210.0
2025-06-23 20:05:00+00:00,144.07,144.17,144.01,144.09,138850.0
2025-06-23 20:10:00+00:00,144.09,144.17,144.05,144.14,64291.0
2025-06-23 20:15:00+00:00,144.11,144.15,144.03,144.03,31045.0
2025-06-23 20:20:00+00:00,144.03,144.17,144.0,144.0501,77560.0
2025-06-23 20:25:00+00:00,144.0688,144.17,144.01,144.02,360184.0
2025-06-23 20:30:00+00:00,144.05,144.1,143.98,144.09,45590.0
2025-06-23 20:35:00+00:00,144.06,144.11,144.02,144.0204,34936.0
2025-06-23 20:40:00+00:00,144.03,144.17,144.03,144.07,27788.0
2025-06-23 20:45:00+00:00,144.1,144.1,144.05,144.05,15928.0
2025-06-23 20:50:00+00:00,144.02,144.05,144.01,144.0493,47473.0
2025-06-23 20:55:00+00:00,144.02,144.03,143.86,143.9491,56906.0
2025-06-23 21:00:00+00:00,143.95,143.95,143.9,143.95,29961.0
2025-06-23 21:05:00+00:00,143.93,144.05,143.91,143.99,22323.0
2025-06-23 21:10:00+00:00,144.01,144.02,143.92,143.95,18422.0
2025-06-23 21:15:00+00:00,143.95,144.0,143.91,143.95,18431.0
2025-06-23 21:20:00+00:00,143.9603,144.04,143.93,143.97,15997.0
2025-06-23 21:25:00+00:00,143.9721,144.0,143.97,143.9993,6187.0
2025-06-23 21:30:00+00:00,143.9897,144.04,143.9897,144.02,16655.0
2025-06-23 21:35:00+00:00,144.0002,144.05,143.95,144.0,31255.0
2025-06-23 21:40:00+00:00,144.04,144.04,143.97,144.0299,12932.0
2025-06-23 21:45:00+00:00,144.0,144.05,143.97,144.0001,13347.0
2025-06-23 21:50:00+00:00,144.0,144.0,143.95,143.97,8857.0
2025-06-23 21:55:00+00:00,143.99,144.05,143.98,144.05,20569.0
2025-06-23 22:00:00+00:00,143.98,144.42,143.96,144.4191,112197.0
2025-06-23 22:05:00+00:00,144.3101,144.59,144.2004,144.5898,127563.0
2025-06-23 22:10:00+00:00,144.59,144.79,144.57,144.7801,866657.0
2025-06-23 22:15:00+00:00,144.79,144.99,144.7601,144.94,194498.0
2025-06-23 22:20:00+00:00,144.97,145.09,144.8,145.07,301089.0
2025-06-23 22:25:00+00:00,145.051,145.22,145.05,145.16,198549.0
2025-06-23 22:30:00+00:00,145.2,145.22,145.1,145.18,88764.0
2025-06-23 22:35:00+00:00,145.18,145.2,145.04,145.04,152428.0
2025-06-23 22:40:00+00:00,145.04,145.2,144.9499,144.97,103705.0
2025-06-23 22:45:00+00:00,144.98,145.05,144.89,144.9691,83332.0
2025-06-23 22:50:00+00:00,144.92,144.96,144.81,144.94,54529.0
2025-06-23 22:55:00+00:00,144.88,145.07,144.87,145.07,41468.0
2025-06-23 23:00:00+00:00,145.05,145.23,145.0401,145.1881,73163.0
2025-06-23 23:05:00+00:00,145.1,145.18,145.08,145.17,43108.0
2025-06-23 23:10:00+00:00,145.17,145.2,145.14,145.18,44873.0
2025-06-23 23:15:00+00:00,145.18,145.35,145.16,145.32,125938.0
2025-06-23 23:20:00+00:00,145.34,145.47,145.29,145.3101,100311.0
2025-06-23 23:25:00+00:00,145.3008,145.45,145.3,145.45,63003.0
2025-06-23 23:30:00+00:00,145.41,145.44,145.33,145.34,69348.0
2025-06-23 23:35:00+00:00,145.33,145.45,145.3,145.41,70722.0
2025-06-23 23:40:00+00:00,145.41,145.42,145.31,145.38,51022.0
2025-06-23 23:45:00+00:00,145.38,145.4,145.3,145.39,57592.0
2025-06-23 23:50:00+00:00,145.39,145.42,145.35,145.4099,46801.0
2025-06-23 23:55:00+00:00,145.4,145.5,145.4,145.4998,138102.0
2025-06-24 08:00:00+00:00,145.82,145.87,145.5,145.82,83900.0
2025-06-24 08:05:00+00:00,145.79,145.9,145.76,145.81,46283.0
2025-06-24 08:10:00+00:00,145.81,145.85,145.67,145.7,57326.0
2025-06-24 08:15:00+00:00,145.75,145.78,145.7,145.78,30430.0
2025-06-24 08:20:00+00:00,145.78,145.95,145.76,145.81,49676.0
2025-06-24 08:25:00+00:00,145.82,145.86,145.75,145.85,25663.0
2025-06-24 08:30:00+00:00,145.85,145.85,145.74,145.78,27582.0
2025-06-24 08:35:00+00:00,145.78,145.85,145.74,145.78,42847.0
2025-06-24 08:40:00+00:00,145.79,145.8,145.72,145.8,19490.0
2025-06-24 08:45:00+00:00,145.8,145.81,145.72,145.75,13181.0
2025-06-24 08:50:00+00:00,145.75,145.79,145.7,145.75,12533.0
2025-06-24 08:55:00+00:00,145.75,145.76,145.71,145.73,12076.0
2025-06-24 09:00:00+00:00,145.73,145.77,145.71,145.71,18517.0
2025-06-24 09:05:00+00:00,145.7,145.81,145.69,145.81,24363.0
2025-06-24 09:10:00+00:00,145.79,145.8,145.77,145.79,9928.0
2025-06-24 09:15:00+00:00,145.78,145.88,145.76,145.83,23410.0
2025-06-24 09:20:00+00:00,145.83,145.85,145.81,145.84,11707.0
2025-06-24 09:25:00+00:00,145.83,145.93,145.81,145.89,19023.0
2025-06-24 09:30:00+00:00,145.86,145.95,145.84,145.89,14584.0
2025-06-24 09:35:00+00:00,145.87,145.9,145.85,145.9,9908.0
2025-06-24 09:40:00+00:00,145.89,145.89,145.83,145.87,17782.0
2025-06-24 09:45:00+00:00,145.86,145.86,145.75,145.76,25849.0
2025-06-24 09:50:00+00:00,145.77,145.77,145.73,145.75,8475.0
2025-06-24 09:55:00+00:00,145.74,145.77,145.74,145.75,16332.0
2025-06-24 10:00:00+00:00,145.73,145.78,145.59,145.61,35197.0
2025-06-24 10:05:00+00:00,145.66,145.66,145.55,145.62,22977.0
2025-06-24 10:10:00+00:00,145.61,145.62,145.54,145.59,18936.0
2025-06-24 10:15:00+00:00,145.59,145.68,145.56,145.62,25844.0
2025-06-24 10:20:00+00:00,145.6,145.76,145.6,145.73,17796.0
2025-06-24 10:25:00+00:00,145.73,145.73,145.61,145.61,13672.0
2025-06-24 10:30:00+00:00,145.65,145.67,145.54,145.56,27674.0
2025-06-24 10:35:00+00:00,145.57,145.63,145.55,145.59,19646.0
2025-06-24 10:40:00+00:00,145.58,145.66,145.55,145.63,28839.0
2025-06-24 10:45:00+00:00,145.63,145.67,145.62,145.64,12546.0
2025-06-24 10:50:00+00:00,145.64,145.74,145.63,145.7,19728.0
2025-06-24 10:55:00+00:00,145.69,145.71,145.63,145.69,18551.0
2025-06-24 11:00:00+00:00,145.66,145.77,145.52,145.69,101418.0
2025-06-24 11:05:00+00:00,145.71,145.75,145.6,145.62,38383.0
2025-06-24 11:10:00+00:00,145.621,145.621,145.36,145.39,129513.0
2025-06-24 11:15:00+00:00,145.38,145.45,145.33,145.35,56802.0
2025-06-24 11:20:00+00:00,145.34,145.36,145.25,145.35,71035.0
2025-06-24 11:25:00+00:00,145.35,145.56,145.3,145.53,39830.0
2025-06-24 11:30:00+00:00,145.52,145.62,145.42,145.42,45132.0
2025-06-24 11:35:00+00:00,145.42,145.54,145.42,145.54,15364.0
2025-06-24 11:40:00+00:00,145.5,145.59,145.5,145.52,25438.0
2025-06-24 11:45:00+00:00,145.51,145.55,145.5,145.51,24261.0
2025-06-24 11:50:00+00:00,145.5,145.54,145.48,145.52,29678.0
2025-06-24 11:55:00+00:00,145.53,145.54,145.43,145.5,19666.0
2025-06-24 12:00:00+00:00,145.51,146.36,145.23,145.47,978997.0
2025-06-24 12:05:00+00:00,145.46,145.54,145.46,145.51,67778.0
2025-06-24 12:10:00+00:00,145.51,145.53,145.35,145.39,88362.0
2025-06-24 12:15:00+00:00,145.39,145.48,145.35,145.37,85977.0
2025-06-24 12:20:00+00:00,145.3799,145.4987,145.36,145.46,34542.0
2025-06-24 12:25:00+00:00,145.46,145.529,145.43,145.44,54419.0
2025-06-24 12:30:00+00:00,145.4494,145.53,145.29,145.525,88557.0
2025-06-24 12:35:00+00:00,145.53,145.54,145.42,145.48,84724.0
2025-06-24 12:40:00+00:00,145.48,145.51,145.449,145.5,54626.0
2025-06-24 12:45:00+00:00,145.51,145.53,145.35,145.3501,90906.0
2025-06-24 12:50:00+00:00,145.37,145.42,145.3,145.37,91798.0
2025-06-24 12:55:00+00:00,145.39,145.44,145.38,145.44,35151.0
2025-06-24 13:00:00+00:00,145.42,145.47,145.39,145.44,63644.0
2025-06-24 13:05:00+00:00,145.43,145.49,145.4,145.41,70702.0
2025-06-24 13:10:00+00:00,145.41,145.49,145.4,145.469,57472.0
2025-06-24 13:15:00+00:00,145.47,145.58,145.38,145.51,184228.0
2025-06-24 13:20:00+00:00,145.52,145.69,145.479,145.68,174701.0
2025-06-24 13:25:00+00:00,145.67,145.67,145.33,145.52,214527.0
2025-06-24 13:30:00+00:00,145.55,146.575,145.5,145.96,9579075.0
2025-06-24 13:35:00+00:00,145.96,146.45,145.92,146.4015,4175098.0
2025-06-24 13:40:00+00:00,146.405,147.6999,146.39,147.6489,9715438.0
2025-06-24 13:45:00+00:00,147.65,147.91,147.04,147.29,5511438.0
2025-06-24 13:50:00+00:00,147.28,147.315,146.79,147.245,4053670.0
2025-06-24 13:55:00+00:00,147.2401,147.46,146.96,147.1292,3336535.0
2025-06-24 14:00:00+00:00,147.125,147.23,146.79,146.9812,3002167.0
2025-06-24 14:05:00+00:00,146.98,147.07,146.32,146.605,3771734.0
2025-06-24 14:10:00+00:00,146.605,146.625,146.05,146.3799,3266072.0
2025-06-24 14:15:00+00:00,146.375,147.1,146.37,146.825,3648402.0
2025-06-24 14:20:00+00:00,146.825,146.83,146.57,146.705,1751340.0
2025-06-24 14:25:00+00:00,146.71,147.11,146.62,147.02,2004405.0
2025-06-24 14:30:00+00:00,147.02,147.15,146.96,147.0302,1732564.0
2025-06-24 14:35:00+00:00,147.035,147.045,146.8,146.935,1698856.0
2025-06-24 14:40:00+00:00,146.935,147.35,146.915,147.1899,2249851.0
2025-06-24 14:45:00+00:00,147.1913,147.43,147.175,147.2413,1939834.0
2025-06-24 14:50:00+00:00,147.24,147.39,147.04,147.0814,1987453.0
2025-06-24 14:55:00+00:00,147.08,147.2052,146.9,147.055,1655233.0
2025-06-24 15:00:00+00:00,147.06,147.28,146.995,147.035,1781662.0
2025-06-24 15:05:00+00:00,147.035,147.21,146.91,146.9714,1909853.0
2025-06-24 15:10:00+00:00,146.975,147.24,146.955,147.045,1142953.0
2025-06-24 15:15:00+00:00,147.045,147.09,146.97,147.015,927290.0
2025-06-24 15:20:00+00:00,147.015,147.09,146.9,146.905,1047987.0
2025-06-24 15:25:00+00:00,146.905,147.04,146.82,146.9,1336268.0
2025-06-24 15:30:00+00:00,146.905,146.96,146.63,146.87,4449598.0
2025-06-24 15:35:00+00:00,146.87,146.95,146.78,146.87,939814.0
2025-06-24 15:40:00+00:00,146.86,146.95,146.71,146.92,2278826.0
2025-06-24 15:45:00+00:00,146.925,146.96,146.85,146.91,910203.0
2025-06-24 15:50:00+00:00,146.925,146.9299,146.75,146.815,775127.0
2025-06-24 15:55:00+00:00,146.815,146.84,146.55,146.669,1353713.0
2025-06-24 16:00:00+00:00,146.665,146.8,146.6533,146.7501,772183.0
2025-06-24 16:05:00+00:00,146.76,146.8099,146.655,146.7115,2255627.0
2025-06-24 16:10:00+00:00,146.71,146.7884,146.68,146.765,744838.0
2025-06-24 16:15:00+00:00,146.77,146.93,146.74,146.895,886931.0
2025-06-24 16:20:00+00:00,146.89,147.025,146.89,146.995,1270702.0
2025-06-24 16:25:00+00:00,146.995,147.2,146.95,147.165,1314273.0
2025-06-24 16:30:00+00:00,147.165,147.24,147.06,147.139,1439150.0
2025-06-24 16:35:00+00:00,147.135,147.25,147.07,147.175,1222795.0
2025-06-24 16:40:00+00:00,147.18,147.43,147.18,147.352,1437133.0
2025-06-24 16:45:00+00:00,147.355,147.385,147.26,147.315,1072653.0
2025-06-24 16:50:00+00:00,147.315,147.335,147.16,147.1833,1010723.0
2025-06-24 16:55:00+00:00,147.18,147.27,147.0,147.1013,1510255.0
2025-06-24 17:00:00+00:00,147.105,147.365,147.095,147.3201,1050551.0
2025-06-24 17:05:00+00:00,147.33,147.425,147.2,147.29,976871.0
2025-06-24 17:10:00+00:00,147.2899,147.41,147.26,147.305,776715.0
2025-06-24 17:15:00+00:00,147.305,147.45,147.25,147.285,1026465.0
2025-06-24 17:20:00+00:00,147.285,147.3599,147.02,147.0401,1477192.0
2025-06-24 17:25:00+00:00,147.045,147.205,147.03,147.195,836975.0
2025-06-24 17:30:00+00:00,147.19,147.5,147.185,147.485,1689647.0
2025-06-24 17:35:00+00:00,147.48,147.5,147.32,147.36,826771.0
2025-06-24 17:40:00+00:00,147.36,147.49,147.325,147.41,986674.0
2025-06-24 17:45:00+00:00,147.4,147.58,147.38,147.5699,1955230.0
2025-06-24 17:50:00+00:00,147.56,147.59,147.47,147.525,915603.0
2025-06-24 17:55:00+00:00,147.53,147.53,147.4119,147.455,784994.0
2025-06-24 18:00:00+00:00,147.4586,147.6,147.45,147.54,1195319.0
2025-06-24 18:05:00+00:00,147.545,147.58,147.37,147.415,1054394.0
2025-06-24 18:10:00+00:00,147.415,147.48,147.3,147.3448,867409.0
2025-06-24 18:15:00+00:00,147.3454,147.47,147.3,147.3801,834122.0
2025-06-24 18:20:00+00:00,147.385,147.5,147.355,147.4886,700820.0
2025-06-24 18:25:00+00:00,147.485,147.495,147.3419,147.3501,650988.0
2025-06-24 18:30:00+00:00,147.355,147.37,147.19,147.3,1317447.0
2025-06-24 18:35:00+00:00,147.2984,147.4,147.27,147.285,896612.0
2025-06-24 18:40:00+00:00,147.285,147.33,147.17,147.325,838023.0
2025-06-24 18:45:00+00:00,147.325,147.37,147.2101,147.301,839519.0
2025-06-24 18:50:00+00:00,147.305,147.38,147.27,147.345,1481048.0
2025-06-24 18:55:00+00:00,147.345,147.48,147.285,147.3902,929039.0
2025-06-24 19:00:00+00:00,147.3982,147.49,147.31,147.365,885828.0
2025-06-24 19:05:00+00:00,147.36,147.49,147.355,147.4818,865439.0
2025-06-24 19:10:00+00:00,147.485,147.5,147.415,147.49,834324.0
2025-06-24 19:15:00+00:00,147.495,147.54,147.44,147.465,1328799.0
2025-06-24 19:20:00+00:00,147.465,147.48,147.37,147.425,1048752.0
2025-06-24 19:25:00+00:00,147.425,147.46,147.22,147.2285,1176293.0
2025-06-24 19:30:00+00:00,147.225,147.43,147.185,147.355,1399130.0
2025-06-24 19:35:00+00:00,147.35,147.38,147.24,147.275,1165096.0
2025-06-24 19:40:00+00:00,147.2719,147.34,147.2,147.325,1376549.0
2025-06-24 19:45:00+00:00,147.33,147.55,147.21,147.55,1945504.0
2025-06-24 19:50:00+00:00,147.54,147.88,147.52,147.835,4975080.0
2025-06-24 19:55:00+00:00,147.835,147.96,147.715,147.83,7336048.0
2025-06-24 20:00:00+00:00,147.83,147.93,147.63,147.8,28153819.0
2025-06-24 20:05:00+00:00,147.79,147.9,147.74,147.75,250289.0
2025-06-24 20:10:00+00:00,147.75,147.78,147.69,147.72,142978.0
2025-06-24 20:15:00+00:00,147.71,147.8,147.69,147.75,64687.0
2025-06-24 20:20:00+00:00,147.75,147.8,147.7,147.7,97673.0
2025-06-24 20:25:00+00:00,147.7,147.77,147.66,147.73,55579.0
2025-06-24 20:30:00+00:00,147.7294,147.74,147.61,147.6219,42734.0
2025-06-24 20:35:00+00:00,147.6642,147.74,147.6499,147.74,47181.0
2025-06-24 20:40:00+00:00,147.74,147.76,147.69,147.72,5422436.0
2025-06-24 20:45:00+00:00,147.7,147.75,147.67,147.7202,35234.0
2025-06-24 20:50:00+00:00,147.72,147.9,147.63,147.69,239563.0
2025-06-24 20:55:00+00:00,147.68,147.68,147.61,147.61,37560.0
2025-06-24 21:00:00+00:00,147.62,147.63,147.6,147.6001,43860.0
2025-06-24 21:05:00+00:00,147.601,147.61,147.6,147.61,50329.0
2025-06-24 21:10:00+00:00,147.61,147.62,147.55,147.6,44449.0
2025-06-24 21:15:00+00:00,147.6002,147.6002,147.51,147.54,20163.0
2025-06-24 21:20:00+00:00,147.58,147.61,147.4,147.43,40065.0
2025-06-24 21:25:00+00:00,147.5823,147.6,147.43,147.59,20645.0
2025-06-24 21:30:00+00:00,147.59,147.63,147.52,147.5599,21449.0
2025-06-24 21:35:00+00:00,147.5597,147.61,147.53,147.6,33296.0
2025-06-24 21:40:00+00:00,147.5903,147.6,147.52,147.5998,15701.0
2025-06-24 21:45:00+00:00,147.57,147.5999,147.55,147.57,5447.0
2025-06-24 21:50:00+00:00,147.57,147.6,147.53,147.59,17131.0
2025-06-24 21:55:00+00:00,147.5803,147.6,147.57,147.5999,15198.0
2025-06-24 22:00:00+00:00,147.59,147.59,147.45,147.5,32980.0
2025-06-24 22:05:00+00:00,147.501,147.54,147.45,147.5,24156.0
2025-06-24 22:10:00+00:00,147.48,147.52,147.47,147.5,16507.0
2025-06-24 22:15:00+00:00,147.4899,147.5,147.42,147.4301,29489.0
2025-06-24 22:20:00+00:00,147.43,147.5,147.43,147.47,22504.0
2025-06-24 22:25:00+00:00,147.47,147.52,147.45,147.52,31089.0
2025-06-24 22:30:00+00:00,147.53,147.549,147.46,147.4808,14707.0
2025-06-24 22:35:00+00:00,147.5,147.5382,147.4799,147.4799,10274.0
2025-06-24 22:40:00+00:00,147.4504,147.52,147.45,147.51,5656.0
2025-06-24 22:45:00+00:00,147.5,147.53,147.47,147.5,12406.0
2025-06-24 22:50:00+00:00,147.5004,147.53,147.4999,147.5,8746.0
2025-06-24 22:55:00+00:00,147.52,147.53,147.5,147.52,7583.0
2025-06-24 23:00:00+00:00,147.53,147.61,147.5297,147.57,22920.0
2025-06-24 23:05:00+00:00,147.56,147.58,147.54,147.55,10152.0
2025-06-24 23:10:00+00:00,147.55,147.56,147.51,147.5202,6981.0
2025-06-24 23:15:00+00:00,147.54,147.59,147.52,147.53,7817.0
2025-06-24 23:20:00+00:00,147.54,147.61,147.54,147.61,13031.0
2025-06-24 23:25:00+00:00,147.6002,147.68,147.6,147.6702,44566.0
2025-06-24 23:30:00+00:00,147.67,147.74,147.67,147.72,22687.0
2025-06-24 23:35:00+00:00,147.72,147.75,147.6799,147.6799,35853.0
2025-06-24 23:40:00+00:00,147.67,147.69,147.53,147.6895,23232.0
2025-06-24 23:45:00+00:00,147.69,147.72,147.62,147.7,24583.0
2025-06-24 23:50:00+00:00,147.69,147.77,147.69,147.77,57048.0
2025-06-24 23:55:00+00:00,147.77,147.8,147.64,147.8,46824.0
2025-06-25 08:00:00+00:00,148.0,148.0,147.7,147.82,64654.0
2025-06-25 08:05:00+00:00,147.82,147.84,147.59,147.71,59013.0
2025-06-25 08:10:00+00:00,147.71,147.74,147.58,147.73,35891.0
2025-06-25 08:15:00+00:00,147.73,147.79,147.73,147.75,30382.0
2025-06-25 08:20:00+00:00,147.75,147.78,147.73,147.77,12616.0
2025-06-25 08:25:00+00:00,147.76,147.79,147.63,147.63,32820.0
2025-06-25 08:30:00+00:00,147.6,147.61,147.5,147.57,31410.0
2025-06-25 08:35:00+00:00,147.57,147.57,147.5,147.55,22716.0
2025-06-25 08:40:00+00:00,147.56,147.64,147.56,147.59,17228.0
2025-06-25 08:45:00+00:00,147.58,147.59,147.55,147.55,14084.0
2025-06-25 08:50:00+00:00,147.57,147.59,147.51,147.53,16973.0
2025-06-25 08:55:00+00:00,147.54,147.67,147.53,147.67,16120.0
2025-06-25 09:00:00+00:00,147.66,147.7,147.55,147.59,29513.0
2025-06-25 09:05:00+00:00,147.59,147.79,147.59,147.71,23909.0
2025-06-25 09:10:00+00:00,147.72,147.79,147.72,147.79,12119.0
2025-06-25 09:15:00+00:00,147.77,147.8,147.74,147.77,9268.0
2025-06-25 09:20:00+00:00,147.8,147.95,147.78,147.87,33312.0
2025-06-25 09:25:00+00:00,147.87,147.91,147.75,147.76,15291.0
2025-06-25 09:30:00+00:00,147.75,147.77,147.69,147.7,20950.0
2025-06-25 09:35:00+00:00,147.71,147.73,147.69,147.72,13957.0
2025-06-25 09:40:00+00:00,147.72,147.72,147.67,147.69,6580.0
2025-06-25 09:45:00+00:00,147.7,147.75,147.65,147.71,14048.0
2025-06-25 09:50:00+00:00,147.72,147.76,147.69,147.71,7990.0
2025-06-25 09:55:00+00:00,147.72,147.78,147.72,147.75,5640.0
2025-06-25 10:00:00+00:00,147.76,147.76,147.69,147.7,8527.0
2025-06-25 10:05:00+00:00,147.7,147.74,147.63,147.63,12512.0
2025-06-25 10:10:00+00:00,147.6,147.62,147.58,147.6,11632.0
2025-06-25 10:15:00+00:00,147.6,147.7,147.6,147.7,22551.0
2025-06-25 10:20:00+00:00,147.7,147.72,147.61,147.61,16419.0
2025-06-25 10:25:00+00:00,147.63,147.7,147.61,147.61,29561.0
2025-06-25 10:30:00+00:00,147.63,147.94,147.55,147.94,84468.0
2025-06-25 10:35:00+00:00,147.91,148.56,147.91,148.31,308854.0
2025-06-25 10:40:00+00:00,148.32,148.45,148.18,148.26,74196.0
2025-06-25 10:45:00+00:00,148.28,148.4,148.22,148.39,41471.0
2025-06-25 10:50:00+00:00,148.39,148.5,148.39,148.45,53787.0
2025-06-25 10:55:00+00:00,148.45,148.74,148.4,148.67,79278.0
2025-06-25 11:00:00+00:00,148.65,148.94,148.37,148.93,237228.0
2025-06-25 11:05:00+00:00,148.93,149.07,148.85,149.02,255455.0
2025-06-25 11:10:00+00:00,149.01,149.02,148.78,148.84,66335.0
2025-06-25 11:15:00+00:00,148.86,148.92,148.74,148.9,46586.0
2025-06-25 11:20:00+00:00,148.9,149.18,148.89,149.15,94864.0
2025-06-25 11:25:00+00:00,149.16,149.16,149.03,149.04,48495.0
2025-06-25 11:30:00+00:00,149.03,149.18,149.03,149.14,66403.0
2025-06-25 11:35:00+00:00,149.15,149.2,149.11,149.2,88082.0
2025-06-25 11:40:00+00:00,149.19,149.25,149.12,149.23,56370.0
2025-06-25 11:45:00+00:00,149.24,149.49,149.23,149.47,146520.0
2025-06-25 11:50:00+00:00,149.45,149.55,149.39,149.5,189549.0
2025-06-25 11:55:00+00:00,149.51,149.51,149.35,149.45,71094.0
2025-06-25 12:00:00+00:00,148.69,149.55,147.531,149.41,1316341.0
2025-06-25 12:05:00+00:00,149.4299,149.45,149.34,149.3702,154422.0
2025-06-25 12:10:00+00:00,149.36,149.4,149.24,149.4,105347.0
2025-06-25 12:15:00+00:00,149.4,149.45,149.33,149.3499,109970.0
2025-06-25 12:20:00+00:00,149.36,149.37,149.14,149.27,138125.0
2025-06-25 12:25:00+00:00,149.2798,149.32,149.2,149.2298,100980.0
2025-06-25 12:30:00+00:00,149.22,149.27,149.15,149.25,153563.0
2025-06-25 12:35:00+00:00,149.25,149.36,149.21,149.35,123003.0
2025-06-25 12:40:00+00:00,149.34,149.4,149.29,149.37,117092.0
2025-06-25 12:45:00+00:00,149.3798,149.45,149.29,149.3699,194001.0
2025-06-25 12:50:00+00:00,149.35,149.44,149.33,149.4,93678.0
2025-06-25 12:55:00+00:00,149.4001,149.65,149.38,149.61,260043.0
2025-06-25 13:00:00+00:00,149.6099,149.82,147.9,149.79,420503.0
2025-06-25 13:05:00+00:00,149.79,149.84,149.52,149.73,435305.0
2025-06-25 13:10:00+00:00,149.74,149.85,149.69,149.8,307656.0
2025-06-25 13:15:00+00:00,149.8,149.85,149.58,149.58,298640.0
2025-06-25 13:20:00+00:00,149.58,149.75,149.57,149.6,218313.0
2025-06-25 13:25:00+00:00,149.57,149.7,149.12,149.29,859206.0
2025-06-25 13:30:00+00:00,149.29,150.5,149.26,149.87,22163050.0
2025-06-25 13:35:00+00:00,149.865,150.835,149.661,150.815,7941263.0
2025-06-25 13:40:00+00:00,150.815,151.43,150.78,151.255,8258718.0
2025-06-25 13:45:00+00:00,151.26,151.8755,151.03,151.7,6213547.0
2025-06-25 13:50:00+00:00,151.69,151.69,150.71,151.1793,5750891.0
2025-06-25 13:55:00+00:00,151.18,151.5999,151.04,151.4,3604296.0
2025-06-25 14:00:00+00:00,151.38,151.405,150.9,151.29,3159590.0
2025-06-25 14:05:00+00:00,151.2897,151.965,151.28,151.7487,5290571.0
2025-06-25 14:10:00+00:00,151.74,151.8697,151.43,151.52,3140826.0
2025-06-25 14:15:00+00:00,151.52,151.99,151.455,151.96,3301939.0
2025-06-25 14:20:00+00:00,151.96,152.56,151.61,151.765,8011226.0
2025-06-25 14:25:00+00:00,151.765,152.21,151.731,152.205,2729192.0
2025-06-25 14:30:00+00:00,152.205,152.625,152.18,152.3003,3755995.0
2025-06-25 14:35:00+00:00,152.305,152.69,152.305,152.535,2881789.0
2025-06-25 14:40:00+00:00,152.52,152.96,152.37,152.9599,4011588.0
2025-06-25 14:45:00+00:00,152.955,153.0,152.34,152.51,4125532.0
2025-06-25 14:50:00+00:00,152.52,152.65,152.305,152.56,2471944.0
2025-06-25 14:55:00+00:00,152.55,152.89,152.5,152.8199,2274174.0
2025-06-25 15:00:00+00:00,152.82,152.85,152.05,152.065,2546493.0
2025-06-25 15:05:00+00:00,152.065,152.18,151.74,151.8001,3295175.0
2025-06-25 15:10:00+00:00,151.805,152.07,151.53,151.5485,2813500.0
2025-06-25 15:15:00+00:00,151.55,152.0,151.55,151.815,2240097.0
2025-06-25 15:20:00+00:00,151.81,151.95,151.641,151.865,1921252.0
2025-06-25 15:25:00+00:00,151.86,152.32,151.8312,152.05,2233938.0
2025-06-25 15:30:00+00:00,152.043,152.075,151.56,151.6782,1796872.0
2025-06-25 15:35:00+00:00,151.675,152.05,151.49,151.8684,2133764.0
2025-06-25 15:40:00+00:00,151.87,151.88,151.62,151.785,1396387.0
2025-06-25 15:45:00+00:00,151.785,152.15,151.69,151.93,1854834.0
2025-06-25 15:50:00+00:00,151.93,151.93,151.72,151.768,1047652.0
2025-06-25 15:55:00+00:00,151.76,151.84,151.47,151.525,1490275.0
2025-06-25 16:00:00+00:00,151.52,151.735,151.495,151.57,1155914.0
2025-06-25 16:05:00+00:00,151.565,151.665,151.39,151.475,1424159.0
2025-06-25 16:10:00+00:00,151.47,151.83,151.41,151.8211,1387276.0
2025-06-25 16:15:00+00:00,151.825,152.105,151.73,151.975,1865975.0
2025-06-25 16:20:00+00:00,151.98,152.045,151.75,151.995,1196581.0
2025-06-25 16:25:00+00:00,151.995,152.2,151.9801,152.14,1230468.0
2025-06-25 16:30:00+00:00,152.14,152.215,151.97,152.0501,1075499.0
2025-06-25 16:35:00+00:00,152.05,152.27,151.97,152.2601,1186129.0
2025-06-25 16:40:00+00:00,152.27,152.44,152.14,152.375,1420413.0
2025-06-25 16:45:00+00:00,152.36,152.405,152.19,152.3065,1333822.0
2025-06-25 16:50:00+00:00,152.305,152.69,152.215,152.6815,2074912.0
2025-06-25 16:55:00+00:00,152.6898,152.88,152.68,152.855,2218559.0
2025-06-25 17:00:00+00:00,152.86,152.98,152.74,152.745,2490588.0
2025-06-25 17:05:00+00:00,152.745,152.94,152.69,152.7748,1817456.0
2025-06-25 17:10:00+00:00,152.78,152.98,152.78,152.96,1618962.0
2025-06-25 17:15:00+00:00,152.96,153.61,152.9599,153.55,8219132.0
2025-06-25 17:20:00+00:00,153.545,153.83,153.51,153.6119,3436723.0
2025-06-25 17:25:00+00:00,153.615,153.93,153.6,153.9,2654686.0
2025-06-25 17:30:00+00:00,153.9,153.95,153.245,153.37,2992908.0
2025-06-25 17:35:00+00:00,153.37,153.71,153.31,153.67,2489767.0
2025-06-25 17:40:00+00:00,153.67,153.68,153.18,153.48,2891277.0
2025-06-25 17:45:00+00:00,153.485,153.675,153.41,153.5395,1556473.0
2025-06-25 17:50:00+00:00,153.53,153.75,153.43,153.44,1874281.0
2025-06-25 17:55:00+00:00,153.435,153.65,153.32,153.595,1585319.0
2025-06-25 18:00:00+00:00,153.6,153.8,153.49,153.725,2026380.0
2025-06-25 18:05:00+00:00,153.73,153.77,153.53,153.592,1430802.0
2025-06-25 18:10:00+00:00,153.6,153.88,153.59,153.7616,1819004.0
2025-06-25 18:15:00+00:00,153.76,153.85,153.63,153.8201,1455248.0
2025-06-25 18:20:00+00:00,153.8242,153.92,153.765,153.895,1714077.0
2025-06-25 18:25:00+00:00,153.895,154.01,153.7401,153.94,3966496.0
2025-06-25 18:30:00+00:00,153.94,153.96,153.58,153.695,2064251.0
2025-06-25 18:35:00+00:00,153.698,153.74,153.52,153.545,1284496.0
2025-06-25 18:40:00+00:00,153.55,153.55,153.36,153.475,1725063.0
2025-06-25 18:45:00+00:00,153.4799,153.62,153.425,153.6,2286329.0
2025-06-25 18:50:00+00:00,153.6001,153.72,153.43,153.5499,1488695.0
2025-06-25 18:55:00+00:00,153.55,153.9,153.39,153.71,2134997.0
2025-06-25 19:00:00+00:00,153.715,154.1,153.6715,154.055,3075752.0
2025-06-25 19:05:00+00:00,154.05,154.28,154.02,154.275,2967245.0
2025-06-25 19:10:00+00:00,154.275,154.45,154.16,154.3435,3067303.0
2025-06-25 19:15:00+00:00,154.345,154.4199,154.06,154.17,2528773.0
2025-06-25 19:20:00+00:00,154.18,154.18,153.8,153.81,2406765.0
2025-06-25 19:25:00+00:00,153.8082,153.89,153.64,153.7544,2403006.0
2025-06-25 19:30:00+00:00,153.75,153.807,153.53,153.69,2238168.0
2025-06-25 19:35:00+00:00,153.69,153.7,153.335,153.4175,2906437.0
2025-06-25 19:40:00+00:00,153.415,153.92,153.41,153.89,3361698.0
2025-06-25 19:45:00+00:00,153.89,153.95,153.63,153.745,2541035.0
2025-06-25 19:50:00+00:00,153.745,154.18,153.63,154.03,5383938.0
2025-06-25 19:55:00+00:00,154.035,154.41,153.57,154.31,8125764.0
2025-06-25 20:00:00+00:00,154.31,154.99,154.25,154.89,16556310.0
2025-06-25 20:05:00+00:00,154.87,155.0,154.1861,154.82,737737.0
2025-06-25 20:10:00+00:00,154.81,154.95,154.74,154.93,220798.0
2025-06-25 20:15:00+00:00,154.92,154.94,154.31,154.8,203533.0
2025-06-25 20:20:00+00:00,154.77,154.8,154.6,154.65,203157.0
2025-06-25 20:25:00+00:00,154.64,154.7,154.55,154.5702,211468.0
2025-06-25 20:30:00+00:00,154.57,154.69,154.51,154.6,134330.0
2025-06-25 20:35:00+00:00,154.56,154.69,154.52,154.63,688569.0
2025-06-25 20:40:00+00:00,154.6681,154.79,154.62,154.63,91774.0
2025-06-25 20:45:00+00:00,154.66,154.75,154.6,154.6899,94580.0
2025-06-25 20:50:00+00:00,154.65,154.7,154.31,154.65,647076.0
2025-06-25 20:55:00+00:00,154.65,154.65,154.6,154.6,81375.0
2025-06-25 21:00:00+00:00,154.6101,154.72,154.6101,154.66,81647.0
2025-06-25 21:05:00+00:00,154.7,154.73,154.65,154.73,71676.0
2025-06-25 21:10:00+00:00,154.72,154.76,154.68,154.68,56080.0
2025-06-25 21:15:00+00:00,154.68,154.6995,154.6,154.65,70317.0
2025-06-25 21:20:00+00:00,154.64,154.64,154.55,154.5701,79913.0
2025-06-25 21:25:00+00:00,154.6,154.65,154.52,154.59,59167.0
2025-06-25 21:30:00+00:00,154.58,154.59,154.49,154.55,69693.0
2025-06-25 21:35:00+00:00,154.54,154.58,154.45,154.46,57348.0
2025-06-25 21:40:00+00:00,154.4949,154.4949,154.31,154.31,75521.0
2025-06-25 21:45:00+00:00,154.32,154.33,154.18,154.23,99996.0
2025-06-25 21:50:00+00:00,154.23,154.37,154.23,154.27,51957.0
2025-06-25 21:55:00+00:00,154.25,154.3499,154.25,154.28,48297.0
2025-06-25 22:00:00+00:00,154.29,154.48,154.2814,154.45,34071.0
2025-06-25 22:05:00+00:00,154.45,154.51,154.42,154.46,39810.0
2025-06-25 22:10:00+00:00,154.45,154.64,154.45,154.62,48101.0
2025-06-25 22:15:00+00:00,154.62,154.63,154.5701,154.62,44649.0
2025-06-25 22:20:00+00:00,154.6005,154.62,154.45,154.4707,32122.0
2025-06-25 22:25:00+00:00,154.47,154.55,154.45,154.52,68283.0
2025-06-25 22:30:00+00:00,154.53,154.6,154.47,154.53,35708.0
2025-06-25 22:35:00+00:00,154.53,154.55,154.49,154.5,24842.0
2025-06-25 22:40:00+00:00,154.48,154.5,154.46,154.48,22805.0
2025-06-25 22:45:00+00:00,154.49,154.55,154.45,154.55,32594.0
2025-06-25 22:50:00+00:00,154.55,154.57,154.5,154.56,29588.0
2025-06-25 22:55:00+00:00,154.5402,154.59,154.53,154.54,18454.0
2025-06-25 23:00:00+00:00,154.53,154.54,154.39,154.39,39187.0
2025-06-25 23:05:00+00:00,154.41,154.49,154.35,154.49,46082.0
2025-06-25 23:10:00+00:00,154.48,154.54,154.45,154.49,21967.0
2025-06-25 23:15:00+00:00,154.48,154.49,154.3702,154.4,21744.0
2025-06-25 23:20:00+00:00,154.4,154.44,154.38,154.4,28545.0
2025-06-25 23:25:00+00:00,154.4,154.47,154.4,154.4214,37277.0
2025-06-25 23:30:00+00:00,154.4493,154.51,154.42,154.4208,26326.0
2025-06-25 23:35:00+00:00,154.4201,154.49,154.4201,154.4798,28773.0
2025-06-25 23:40:00+00:00,154.47,154.67,154.47,154.6,70521.0
2025-06-25 23:45:00+00:00,154.61,154.62,154.48,154.53,54181.0
2025-06-25 23:50:00+00:00,154.5796,154.5796,154.51,154.54,57030.0
2025-06-25 23:55:00+00:00,154.5303,154.6498,154.52,154.5902,72866.0
2025-06-26 08:00:00+00:00,155.87,155.87,155.49,155.66,147069.0
2025-06-26 08:05:00+00:00,155.66,155.8,155.52,155.78,135377.0
2025-06-26 08:10:00+00:00,155.77,155.88,155.69,155.88,78819.0
2025-06-26 08:15:00+00:00,155.89,155.91,155.79,155.79,54822.0
2025-06-26 08:20:00+00:00,155.79,155.84,155.68,155.84,53876.0
2025-06-26 08:25:00+00:00,155.83,155.94,155.82,155.91,60317.0
2025-06-26 08:30:00+00:00,155.9,155.92,155.8,155.85,48009.0
2025-06-26 08:35:00+00:00,155.85,155.9,155.78,155.8,56713.0
2025-06-26 08:40:00+00:00,155.81,155.84,155.75,155.77,31117.0
2025-06-26 08:45:00+00:00,155.78,155.87,155.72,155.84,110978.0
2025-06-26 08:50:00+00:00,155.82,155.86,155.79,155.83,31306.0
2025-06-26 08:55:00+00:00,155.82,155.89,155.82,155.88,19331.0
2025-06-26 09:00:00+00:00,155.88,156.06,155.88,156.06,102751.0
2025-06-26 09:05:00+00:00,156.06,156.27,156.04,156.15,100516.0
2025-06-26 09:10:00+00:00,156.16,156.16,155.86,155.94,81824.0
2025-06-26 09:15:00+00:00,155.94,156.09,155.92,155.99,58900.0
2025-06-26 09:20:00+00:00,156.02,156.19,156.02,156.05,49447.0
2025-06-26 09:25:00+00:00,156.05,156.27,156.0,156.2,77588.0
2025-06-26 09:30:00+00:00,156.19,156.24,156.08,156.14,47764.0
2025-06-26 09:35:00+00:00,156.14,156.16,156.01,156.08,61310.0
2025-06-26 09:40:00+00:00,156.08,156.2,156.04,156.15,60617.0
2025-06-26 09:45:00+00:00,156.15,156.15,156.05,156.08,55201.0
2025-06-26 09:50:00+00:00,156.07,156.1,156.01,156.09,25256.0
2025-06-26 09:55:00+00:00,156.09,156.09,155.95,155.98,64300.0
2025-06-26 10:00:00+00:00,156.0,156.0,155.82,155.83,75068.0
2025-06-26 10:05:00+00:00,155.83,156.07,155.8,156.04,68773.0
2025-06-26 10:10:00+00:00,156.04,156.07,156.03,156.05,32825.0
2025-06-26 10:15:00+00:00,156.04,156.09,156.01,156.08,23003.0
2025-06-26 10:20:00+00:00,156.08,156.2,156.08,156.12,68156.0
2025-06-26 10:25:00+00:00,156.13,156.14,156.1,156.11,21323.0
2025-06-26 10:30:00+00:00,156.12,156.17,156.1,156.1,21801.0
2025-06-26 10:35:00+00:00,156.11,156.11,156.04,156.07,65468.0
2025-06-26 10:40:00+00:00,156.07,156.08,155.93,155.96,31667.0
2025-06-26 10:45:00+00:00,155.96,156.04,155.92,156.02,38462.0
2025-06-26 10:50:00+00:00,156.01,156.03,155.93,155.96,44656.0
2025-06-26 10:55:00+00:00,155.95,155.95,155.86,155.9,45000.0
2025-06-26 11:00:00+00:00,155.89,155.92,155.58,155.66,218311.0
2025-06-26 11:05:00+00:00,155.67,156.03,155.65,156.03,100838.0
2025-06-26 11:10:00+00:00,156.03,156.27,156.0,156.26,160564.0
2025-06-26 11:15:00+00:00,156.27,156.4,156.2,156.38,129846.0
2025-06-26 11:20:00+00:00,156.38,156.39,156.28,156.37,91656.0
2025-06-26 11:25:00+00:00,156.37,156.37,156.2,156.28,79499.0
2025-06-26 11:30:00+00:00,156.28,156.33,156.22,156.29,76014.0
2025-06-26 11:35:00+00:00,156.31,156.44,156.3,156.4,94097.0
2025-06-26 11:40:00+00:00,156.4,156.47,156.4,156.46,97430.0
2025-06-26 11:45:00+00:00,156.46,156.72,156.46,156.64,185168.0
2025-06-26 11:50:00+00:00,156.64,156.75,156.5,156.72,107543.0
2025-06-26 11:55:00+00:00,156.74,156.81,156.7,156.81,113804.0
2025-06-26 12:00:00+00:00,155.82,156.9,153.74,156.84,2523700.0
2025-06-26 12:05:00+00:00,156.83,156.97,156.8026,156.93,295003.0
2025-06-26 12:10:00+00:00,156.93,157.0,156.84,156.98,245312.0
2025-06-26 12:15:00+00:00,156.98,156.98,156.71,156.76,235070.0
2025-06-26 12:20:00+00:00,156.77,156.8,156.74,156.76,171296.0
2025-06-26 12:25:00+00:00,156.76,156.76,156.64,156.7,132562.0
2025-06-26 12:30:00+00:00,156.68,156.7,156.07,156.35,373234.0
2025-06-26 12:35:00+00:00,156.3201,156.47,156.3,156.4,293610.0
2025-06-26 12:40:00+00:00,156.41,156.53,156.3,156.5299,201396.0
2025-06-26 12:45:00+00:00,156.52,156.57,156.35,156.4299,211545.0
2025-06-26 12:50:00+00:00,156.4295,156.43,154.31,156.28,294248.0
2025-06-26 12:55:00+00:00,156.26,156.39,153.75,156.34,168538.0
2025-06-26 13:00:00+00:00,156.34,156.36,155.95,156.1,403639.0
2025-06-26 13:05:00+00:00,156.09,156.2,156.0,156.13,242779.0
2025-06-26 13:10:00+00:00,156.1201,156.18,153.82,156.11,148244.0
2025-06-26 13:15:00+00:00,156.1,156.15,155.94,156.08,382347.0
2025-06-26 13:20:00+00:00,156.07,156.16,155.82,155.82,304640.0
2025-06-26 13:25:00+00:00,155.85,156.24,153.49,155.95,429105.0
2025-06-26 13:30:00+00:00,155.975,156.02,154.5,155.11,13251510.0
2025-06-26 13:35:00+00:00,155.13,155.46,154.54,154.95,5882913.0
2025-06-26 13:40:00+00:00,154.95,155.0,154.15,154.9548,5190903.0
2025-06-26 13:45:00+00:00,154.9575,155.15,154.55,154.6269,4302836.0
2025-06-26 13:50:00+00:00,154.63,154.87,154.0,154.795,4728053.0
2025-06-26 13:55:00+00:00,154.795,155.83,154.69,155.77,4914300.0
2025-06-26 14:00:00+00:00,155.77,156.2,155.57,156.1,5464178.0
2025-06-26 14:05:00+00:00,156.1016,156.18,155.22,155.8,4828626.0
2025-06-26 14:10:00+00:00,155.79,156.24,155.745,155.85,3423968.0
2025-06-26 14:15:00+00:00,155.835,156.14,155.79,155.9603,2423180.0
2025-06-26 14:20:00+00:00,155.965,156.3,155.86,156.29,3489272.0
2025-06-26 14:25:00+00:00,156.2918,156.49,156.06,156.4486,2907897.0
2025-06-26 14:30:00+00:00,156.445,156.715,156.35,156.47,3862076.0
2025-06-26 14:35:00+00:00,156.46,156.545,156.2199,156.3749,2103424.0
2025-06-26 14:40:00+00:00,156.3715,156.38,156.0,156.095,2131905.0
2025-06-26 14:45:00+00:00,156.095,156.12,155.76,155.8703,3241216.0
2025-06-26 14:50:00+00:00,155.87,155.93,155.6,155.9077,2012150.0
2025-06-26 14:55:00+00:00,155.905,155.9089,155.355,155.49,2596203.0
2025-06-26 15:00:00+00:00,155.49,155.67,155.31,155.6052,2122774.0
2025-06-26 15:05:00+00:00,155.605,155.7799,155.43,155.6781,1941415.0
2025-06-26 15:10:00+00:00,155.67,155.88,155.61,155.69,2076687.0
2025-06-26 15:15:00+00:00,155.68,156.05,155.63,155.8,2087762.0
2025-06-26 15:20:00+00:00,155.805,155.83,155.52,155.585,1900924.0
2025-06-26 15:25:00+00:00,155.585,155.64,154.79,154.9599,3162632.0
2025-06-26 15:30:00+00:00,154.95,155.1883,154.81,155.105,2542324.0
2025-06-26 15:35:00+00:00,155.1,155.5,155.08,155.375,1966504.0
2025-06-26 15:40:00+00:00,155.375,155.4511,155.2,155.2849,1255747.0
2025-06-26 15:45:00+00:00,155.28,155.42,155.26,155.345,1097627.0
2025-06-26 15:50:00+00:00,155.345,155.56,155.27,155.495,1213019.0
2025-06-26 15:55:00+00:00,155.4949,155.515,155.325,155.3735,1031358.0
2025-06-26 16:00:00+00:00,155.37,155.65,155.325,155.5502,1534136.0
2025-06-26 16:05:00+00:00,155.55,155.7299,155.5,155.62,1342896.0
2025-06-26 16:10:00+00:00,155.6212,155.64,155.42,155.43,1024796.0
2025-06-26 16:15:00+00:00,155.44,155.45,155.26,155.413,1108509.0
2025-06-26 16:20:00+00:00,155.415,155.54,155.4,155.495,1075583.0
2025-06-26 16:25:00+00:00,155.495,155.65,155.49,155.625,1044149.0
2025-06-26 16:30:00+00:00,155.625,155.7,155.49,155.5181,1115020.0
2025-06-26 16:35:00+00:00,155.515,155.54,155.115,155.23,1741295.0
2025-06-26 16:40:00+00:00,155.24,155.525,155.16,155.41,1174550.0
2025-06-26 16:45:00+00:00,155.415,155.49,155.34,155.39,848839.0
2025-06-26 16:50:00+00:00,155.38,155.475,155.355,155.425,809853.0
2025-06-26 16:55:00+00:00,155.425,155.495,155.31,155.49,912543.0
2025-06-26 17:00:00+00:00,155.48,155.845,155.31,155.8233,1629297.0
2025-06-26 17:05:00+00:00,155.82,155.91,155.7,155.8083,1266159.0
2025-06-26 17:10:00+00:00,155.81,155.97,155.79,155.83,1952652.0
2025-06-26 17:15:00+00:00,155.835,156.06,155.81,155.9681,1679500.0
2025-06-26 17:20:00+00:00,155.965,156.11,155.88,156.005,1287703.0
2025-06-26 17:25:00+00:00,156.003,156.18,155.96,156.03,1417342.0
2025-06-26 17:30:00+00:00,156.0399,156.17,155.97,156.0855,1518136.0
2025-06-26 17:35:00+00:00,156.095,156.18,155.98,156.175,1156026.0
2025-06-26 17:40:00+00:00,156.175,156.19,155.76,155.92,1491115.0
2025-06-26 17:45:00+00:00,155.93,156.025,155.91,155.975,1108099.0
2025-06-26 17:50:00+00:00,155.9701,156.0228,155.91,155.9551,883527.0
2025-06-26 17:55:00+00:00,155.95,156.04,155.91,155.945,1014882.0
2025-06-26 18:00:00+00:00,155.94,156.0,155.83,155.965,1016344.0
2025-06-26 18:05:00+00:00,155.965,156.46,155.91,156.395,2521081.0
2025-06-26 18:10:00+00:00,156.395,156.5,156.28,156.3501,1623357.0
2025-06-26 18:15:00+00:00,156.355,156.38,156.215,156.2988,1401990.0
2025-06-26 18:20:00+00:00,156.3,156.37,156.23,156.255,1047869.0
2025-06-26 18:25:00+00:00,156.25,156.2599,156.0416,156.085,1087700.0
2025-06-26 18:30:00+00:00,156.085,156.09,155.97,156.08,1118152.0
2025-06-26 18:35:00+00:00,156.085,156.085,155.82,155.8931,1104404.0
2025-06-26 18:40:00+00:00,155.885,155.98,155.76,155.8716,1244753.0
2025-06-26 18:45:00+00:00,155.875,155.97,155.705,155.8,1321671.0
2025-06-26 18:50:00+00:00,155.7901,155.845,155.66,155.7601,1063963.0
2025-06-26 18:55:00+00:00,155.76,155.9,155.66,155.8301,1413530.0
2025-06-26 19:00:00+00:00,155.835,155.95,155.73,155.7658,1201652.0
2025-06-26 19:05:00+00:00,155.765,155.7688,155.595,155.6618,1420010.0
2025-06-26 19:10:00+00:00,155.66,155.71,155.48,155.5416,1311149.0
2025-06-26 19:15:00+00:00,155.55,155.66,155.47,155.6051,4270488.0
2025-06-26 19:20:00+00:00,155.6,155.72,155.4815,155.5981,1080038.0
2025-06-26 19:25:00+00:00,155.595,155.66,155.43,155.4643,1337537.0
2025-06-26 19:30:00+00:00,155.46,155.59,155.355,155.4299,2185382.0
2025-06-26 19:35:00+00:00,155.425,155.46,155.16,155.19,1757062.0
2025-06-26 19:40:00+00:00,155.195,155.35,155.17,155.315,1825276.0
2025-06-26 19:45:00+00:00,155.315,155.46,155.21,155.3,1953500.0
2025-06-26 19:50:00+00:00,155.3,155.38,155.145,155.165,2695801.0
2025-06-26 19:55:00+00:00,155.165,155.17,154.85,155.08,6545889.0
2025-06-26 20:00:00+00:00,155.08,155.11,154.71,154.73,11698118.0
2025-06-26 20:05:00+00:00,154.73,154.88,154.71,154.78,581254.0
2025-06-26 20:10:00+00:00,154.82,155.02,154.7,154.76,223762.0
2025-06-26 20:15:00+00:00,154.789,155.02,154.75,154.8,136058.0
2025-06-26 20:20:00+00:00,154.78,154.89,154.75,154.83,193315.0
2025-06-26 20:25:00+00:00,154.81,154.88,154.75,154.88,65558.0
2025-06-26 20:30:00+00:00,154.84,154.99,154.83,154.93,73520.0
2025-06-26 20:35:00+00:00,154.95,155.03,154.91,154.96,129501.0
2025-06-26 20:40:00+00:00,154.96,154.97,154.81,154.83,60240.0
2025-06-26 20:45:00+00:00,154.85,154.85,154.77,154.77,46676.0
2025-06-26 20:50:00+00:00,154.78,154.9,154.77,154.89,59755.0
2025-06-26 20:55:00+00:00,154.89,154.98,154.8,154.9685,46123.0
2025-06-26 21:00:00+00:00,154.95,155.12,154.91,155.0307,70775.0
2025-06-26 21:05:00+00:00,155.079,155.15,155.07,155.0906,43739.0
2025-06-26 21:10:00+00:00,155.13,155.2,155.07,155.179,57289.0
2025-06-26 21:15:00+00:00,155.18,155.2,155.11,155.15,37311.0
2025-06-26 21:20:00+00:00,155.12,155.121,155.03,155.06,40669.0
2025-06-26 21:25:00+00:00,155.05,155.2,155.05,155.1603,41752.0
2025-06-26 21:30:00+00:00,155.17,155.3,155.17,155.21,52262.0
2025-06-26 21:35:00+00:00,155.24,155.29,155.19,155.22,28887.0
2025-06-26 21:40:00+00:00,155.2495,155.33,155.07,155.1,33180.0
2025-06-26 21:45:00+00:00,155.0907,155.19,155.0907,155.16,11010.0
2025-06-26 21:50:00+00:00,155.1824,155.19,155.11,155.15,11498.0
2025-06-26 21:55:00+00:00,155.16,155.25,155.16,155.22,25818.0
2025-06-26 22:00:00+00:00,155.2,155.2999,155.15,155.28,18564.0
2025-06-26 22:05:00+00:00,155.27,155.32,155.21,155.32,22509.0
2025-06-26 22:10:00+00:00,155.25,155.31,155.2,155.24,18907.0
2025-06-26 22:15:00+00:00,155.27,155.27,155.22,155.25,13021.0
2025-06-26 22:20:00+00:00,155.24,155.32,155.24,155.3,17861.0
2025-06-26 22:25:00+00:00,155.31,155.36,155.25,155.28,72778.0
2025-06-26 22:30:00+00:00,155.25,155.3,155.17,155.19,79464.0
2025-06-26 22:35:00+00:00,155.2,155.27,155.2,155.24,13567.0
2025-06-26 22:40:00+00:00,155.25,155.289,155.2,155.277,6841.0
2025-06-26 22:45:00+00:00,155.24,155.2801,155.22,155.27,7840.0
2025-06-26 22:50:00+00:00,155.26,155.34,155.25,155.32,22016.0
2025-06-26 22:55:00+00:00,155.339,155.35,155.3,155.35,17648.0
2025-06-26 23:00:00+00:00,155.32,155.35,155.28,155.28,21271.0
2025-06-26 23:05:00+00:00,155.3129,155.3129,155.21,155.2407,25898.0
2025-06-26 23:10:00+00:00,155.25,155.32,155.22,155.3,38453.0
2025-06-26 23:15:00+00:00,155.2902,155.3099,155.26,155.27,14908.0
2025-06-26 23:20:00+00:00,155.28,155.35,155.2705,155.32,30136.0
2025-06-26 23:25:00+00:00,155.311,155.35,155.26,155.26,25272.0
2025-06-26 23:30:00+00:00,155.26,155.3,155.26,155.3,11860.0
2025-06-26 23:35:00+00:00,155.3,155.33,155.3,155.32,14470.0
2025-06-26 23:40:00+00:00,155.33,155.39,155.32,155.37,85379.0
2025-06-26 23:45:00+00:00,155.38,155.42,155.38,155.4,62089.0
2025-06-26 23:50:00+00:00,155.4,155.42,155.36,155.37,31731.0
2025-06-26 23:55:00+00:00,155.3701,155.4,155.3,155.35,61141.0
2025-06-27 08:00:00+00:00,155.69,155.9,155.4,155.61,59760.0
2025-06-27 08:05:00+00:00,155.63,155.69,155.53,155.61,35483.0
2025-06-27 08:10:00+00:00,155.61,155.72,155.54,155.7,43551.0
2025-06-27 08:15:00+00:00,155.68,155.69,155.6,155.62,27591.0
2025-06-27 08:20:00+00:00,155.64,155.64,155.56,155.58,28240.0
2025-06-27 08:25:00+00:00,155.6,155.65,155.57,155.6,25369.0
2025-06-27 08:30:00+00:00,155.6,155.78,155.6,155.7,29357.0
2025-06-27 08:35:00+00:00,155.67,155.71,155.62,155.7,13889.0
2025-06-27 08:40:00+00:00,155.7,155.71,155.66,155.66,11189.0
2025-06-27 08:45:00+00:00,155.68,155.84,155.67,155.75,28359.0
2025-06-27 08:50:00+00:00,155.77,155.8,155.69,155.8,19231.0
2025-06-27 08:55:00+00:00,155.8,155.94,155.8,155.94,27552.0
2025-06-27 09:00:00+00:00,155.92,155.93,155.76,155.83,40272.0
2025-06-27 09:05:00+00:00,155.84,155.93,155.81,155.81,21624.0
2025-06-27 09:10:00+00:00,155.8,155.85,155.74,155.8,13868.0
2025-06-27 09:15:00+00:00,155.8,155.87,155.77,155.84,16157.0
2025-06-27 09:20:00+00:00,155.87,155.9,155.85,155.89,10505.0
2025-06-27 09:25:00+00:00,155.89,155.93,155.88,155.88,10304.0
2025-06-27 09:30:00+00:00,155.88,155.91,155.86,155.9,6592.0
2025-06-27 09:35:00+00:00,155.9,155.93,155.84,155.84,11696.0
2025-06-27 09:40:00+00:00,155.85,155.85,155.77,155.82,17898.0
2025-06-27 09:45:00+00:00,155.83,155.83,155.8,155.81,4939.0
2025-06-27 09:50:00+00:00,155.8,155.85,155.76,155.84,15747.0
2025-06-27 09:55:00+00:00,155.82,155.85,155.79,155.85,5030.0
2025-06-27 10:00:00+00:00,155.88,155.89,155.74,155.8,16104.0
2025-06-27 10:05:00+00:00,155.8,155.82,155.78,155.78,17012.0
2025-06-27 10:10:00+00:00,155.77,155.79,155.7,155.71,11011.0
2025-06-27 10:15:00+00:00,155.73,155.79,155.66,155.79,27248.0
2025-06-27 10:20:00+00:00,155.76,155.79,155.73,155.76,8459.0
2025-06-27 10:25:00+00:00,155.75,155.79,155.71,155.78,8822.0
2025-06-27 10:30:00+00:00,155.78,155.85,155.76,155.83,11658.0
2025-06-27 10:35:00+00:00,155.84,155.89,155.78,155.83,9352.0
2025-06-27 10:40:00+00:00,155.82,155.85,155.77,155.84,12127.0
2025-06-27 10:45:00+00:00,155.86,155.89,155.77,155.79,15856.0
2025-06-27 10:50:00+00:00,155.78,155.81,155.76,155.79,11431.0
2025-06-27 10:55:00+00:00,155.77,155.9,155.77,155.84,25457.0
2025-06-27 11:00:00+00:00,155.81,156.29,155.78,156.1,211190.0
2025-06-27 11:05:00+00:00,156.08,156.17,156.03,156.17,27602.0
2025-06-27 11:10:00+00:00,156.19,156.49,156.19,156.32,151280.0
2025-06-27 11:15:00+00:00,156.3,156.45,156.3,156.33,32474.0
2025-06-27 11:20:00+00:00,156.33,156.38,156.29,156.35,33636.0
2025-06-27 11:25:00+00:00,156.359,156.4,156.32,156.321,14879.0
2025-06-27 11:30:00+00:00,156.33,156.4,156.3,156.38,21147.0
2025-06-27 11:35:00+00:00,156.4,156.43,156.35,156.43,14725.0
2025-06-27 11:40:00+00:00,156.43,156.45,156.301,156.33,45940.0
2025-06-27 11:45:00+00:00,156.35,156.38,156.33,156.36,15900.0
2025-06-27 11:50:00+00:00,156.36,156.4,156.35,156.36,14426.0
2025-06-27 11:55:00+00:00,156.36,156.39,156.31,156.39,22357.0
2025-06-27 12:00:00+00:00,155.79,156.49,155.32,156.3297,1067249.0
2025-06-27 12:05:00+00:00,156.33,156.38,156.32,156.33,75663.0
2025-06-27 12:10:00+00:00,156.34,156.34,156.23,156.25,110109.0
2025-06-27 12:15:00+00:00,156.25,156.34,156.11,156.11,77478.0
2025-06-27 12:20:00+00:00,156.14,156.16,156.0,156.07,145242.0
2025-06-27 12:25:00+00:00,156.05,156.16,155.96,156.1599,123891.0
2025-06-27 12:30:00+00:00,156.12,156.15,155.8,155.84,132583.0
2025-06-27 12:35:00+00:00,155.8799,155.91,155.81,155.85,103161.0
2025-06-27 12:40:00+00:00,155.85,155.85,155.6301,155.73,146737.0
2025-06-27 12:45:00+00:00,155.729,155.92,155.69,155.86,121801.0
2025-06-27 12:50:00+00:00,155.86,155.88,155.6801,155.81,102329.0
2025-06-27 12:55:00+00:00,155.82,155.9201,155.78,155.87,65491.0
2025-06-27 13:00:00+00:00,155.86,155.93,155.7,155.7101,158152.0
2025-06-27 13:05:00+00:00,155.72,155.87,155.6305,155.6902,204546.0
2025-06-27 13:10:00+00:00,155.7,155.86,155.68,155.7794,99718.0
2025-06-27 13:15:00+00:00,155.77,156.03,155.76,155.97,162788.0
2025-06-27 13:20:00+00:00,155.95,156.08,155.83,155.88,159584.0
2025-06-27 13:25:00+00:00,155.88,156.3,155.88,156.0392,246158.0
2025-06-27 13:30:00+00:00,156.04,157.0,155.56,156.36,9345874.0
2025-06-27 13:35:00+00:00,156.36,156.67,156.06,156.5,3689179.0
2025-06-27 13:40:00+00:00,156.5,156.53,155.71,155.7599,3523093.0
2025-06-27 13:45:00+00:00,155.755,155.81,155.51,155.59,2903480.0
2025-06-27 13:50:00+00:00,155.6,155.89,155.255,155.8798,3718335.0
2025-06-27 13:55:00+00:00,155.87,156.24,155.84,156.1332,2790061.0
2025-06-27 14:00:00+00:00,156.14,156.4599,156.05,156.13,2893155.0
2025-06-27 14:05:00+00:00,156.14,156.4699,156.1248,156.205,2884898.0
2025-06-27 14:10:00+00:00,156.2,156.77,156.18,156.615,3443137.0
2025-06-27 14:15:00+00:00,156.61,156.81,156.47,156.62,2461971.0
2025-06-27 14:20:00+00:00,156.62,157.23,156.5974,157.055,4734335.0
2025-06-27 14:25:00+00:00,157.0552,157.445,156.85,157.4201,3514419.0
2025-06-27 14:30:00+00:00,157.425,157.48,156.98,157.075,2760084.0
2025-06-27 14:35:00+00:00,157.07,157.59,156.9701,157.3348,3223038.0
2025-06-27 14:40:00+00:00,157.34,157.67,157.27,157.6167,2688365.0
2025-06-27 14:45:00+00:00,157.615,157.65,157.32,157.5,1950274.0
2025-06-27 14:50:00+00:00,157.51,157.555,156.89,157.2,2539167.0
2025-06-27 14:55:00+00:00,157.21,157.335,157.0,157.16,2116680.0
2025-06-27 15:00:00+00:00,157.17,157.18,156.78,157.1179,2041359.0
2025-06-27 15:05:00+00:00,157.1199,157.46,157.065,157.44,2037721.0
2025-06-27 15:10:00+00:00,157.435,157.59,157.28,157.38,1967308.0
2025-06-27 15:15:00+00:00,157.3754,157.64,157.28,157.4457,1845381.0
2025-06-27 15:20:00+00:00,157.4448,157.99,157.405,157.94,3921925.0
2025-06-27 15:25:00+00:00,157.945,158.0,157.795,157.9101,1901957.0
2025-06-27 15:30:00+00:00,157.92,158.3,157.765,158.295,3641607.0
2025-06-27 15:35:00+00:00,158.2833,158.47,158.1071,158.405,3328364.0
2025-06-27 15:40:00+00:00,158.4,158.68,158.3,158.667,2781835.0
2025-06-27 15:45:00+00:00,158.67,158.71,158.25,158.5631,2170697.0
2025-06-27 15:50:00+00:00,158.57,158.575,158.16,158.48,2205648.0
2025-06-27 15:55:00+00:00,158.48,158.58,158.16,158.2148,1663734.0
2025-06-27 16:00:00+00:00,158.21,158.3499,158.12,158.195,1584273.0
2025-06-27 16:05:00+00:00,158.195,158.27,157.8618,157.8985,1762186.0
2025-06-27 16:10:00+00:00,157.89,157.99,157.75,157.8653,1881609.0
2025-06-27 16:15:00+00:00,157.865,157.89,157.44,157.5048,2412603.0
2025-06-27 16:20:00+00:00,157.5087,157.62,157.29,157.46,2134586.0
2025-06-27 16:25:00+00:00,157.4652,157.79,157.42,157.675,1600752.0
2025-06-27 16:30:00+00:00,157.6785,157.74,157.48,157.6386,1261744.0
2025-06-27 16:35:00+00:00,157.6354,157.67,157.44,157.525,984699.0
2025-06-27 16:40:00+00:00,157.53,157.56,157.165,157.2846,1966134.0
2025-06-27 16:45:00+00:00,157.285,157.3,156.96,157.22,2263050.0
2025-06-27 16:50:00+00:00,157.22,157.35,157.065,157.2448,1485562.0
2025-06-27 16:55:00+00:00,157.25,157.45,157.21,157.365,1244608.0
2025-06-27 17:00:00+00:00,157.36,157.64,157.26,157.6001,1457343.0
2025-06-27 17:05:00+00:00,157.605,157.725,157.5,157.595,3526504.0
2025-06-27 17:10:00+00:00,157.59,157.7,157.56,157.69,849157.0
2025-06-27 17:15:00+00:00,157.685,157.8,157.6,157.6987,1110540.0
2025-06-27 17:20:00+00:00,157.6952,157.7,157.23,157.3354,1539990.0
2025-06-27 17:25:00+00:00,157.33,157.51,157.28,157.485,1020611.0
2025-06-27 17:30:00+00:00,157.49,157.51,157.2414,157.27,1081925.0
2025-06-27 17:35:00+00:00,157.265,157.485,157.16,157.455,1065629.0
2025-06-27 17:40:00+00:00,157.455,157.58,157.12,157.345,1615135.0
2025-06-27 17:45:00+00:00,157.34,157.36,156.78,156.905,2616147.0
2025-06-27 17:50:00+00:00,156.9,156.9277,156.5,156.815,2024582.0
2025-06-27 17:55:00+00:00,156.81,157.1,156.505,157.03,1946612.0
2025-06-27 18:00:00+00:00,157.04,157.35,156.95,157.055,1677841.0
2025-06-27 18:05:00+00:00,157.05,157.25,157.01,157.12,976561.0
2025-06-27 18:10:00+00:00,157.11,157.22,156.89,157.005,1182949.0
2025-06-27 18:15:00+00:00,157.005,157.28,156.7601,156.89,1548646.0
2025-06-27 18:20:00+00:00,156.89,156.94,156.6,156.78,1822661.0
2025-06-27 18:25:00+00:00,156.7899,156.9,156.27,156.305,1851789.0
2025-06-27 18:30:00+00:00,156.305,156.52,156.13,156.42,2376495.0
2025-06-27 18:35:00+00:00,156.425,156.64,156.05,156.095,1946291.0
2025-06-27 18:40:00+00:00,156.1,156.13,155.48,156.0602,3412777.0
2025-06-27 18:45:00+00:00,156.07,156.29,155.88,155.8854,2139893.0
2025-06-27 18:50:00+00:00,155.88,155.92,155.58,155.725,2220091.0
2025-06-27 18:55:00+00:00,155.72,155.8,155.45,155.62,2209020.0
2025-06-27 19:00:00+00:00,155.615,156.16,155.535,156.075,2141190.0
2025-06-27 19:05:00+00:00,156.0701,156.3,155.84,156.05,1780646.0
2025-06-27 19:10:00+00:00,156.05,156.45,156.0286,156.44,1621587.0
2025-06-27 19:15:00+00:00,156.435,156.62,156.36,156.5499,1907649.0
2025-06-27 19:20:00+00:00,156.5499,156.77,156.4301,156.76,1562361.0
2025-06-27 19:25:00+00:00,156.75,156.83,156.4,156.47,2040099.0
2025-06-27 19:30:00+00:00,156.47,156.83,156.4501,156.7852,1448063.0
2025-06-27 19:35:00+00:00,156.785,156.885,156.63,156.88,1655112.0
2025-06-27 19:40:00+00:00,156.89,157.43,156.88,157.41,2883253.0
2025-06-27 19:45:00+00:00,157.4,157.52,157.28,157.4611,2851937.0
2025-06-27 19:50:00+00:00,157.46,158.2,157.195,157.625,4594793.0
2025-06-27 19:55:00+00:00,157.63,157.85,157.56,157.74,10885177.0
2025-06-27 20:00:00+00:00,157.74,157.7513,157.3902,157.4507,48555345.0
2025-06-27 20:05:00+00:00,157.45,157.75,157.41,157.5,903306.0
2025-06-27 20:10:00+00:00,157.46,157.7512,156.27,157.48,3481406.0
2025-06-27 20:15:00+00:00,157.49,157.64,157.28,157.32,2871617.0
2025-06-27 20:20:00+00:00,157.32,157.43,157.24,157.3903,349865.0
2025-06-27 20:25:00+00:00,157.39,157.47,157.34,157.35,328109.0
2025-06-27 20:30:00+00:00,157.38,157.49,157.35,157.47,59989.0
2025-06-27 20:35:00+00:00,157.44,157.75,157.35,157.41,124844.0
2025-06-27 20:40:00+00:00,157.3801,157.4795,157.3801,157.39,56274.0
2025-06-27 20:45:00+00:00,157.39,157.47,157.2,157.3506,102884.0
2025-06-27 20:50:00+00:00,157.34,157.47,157.34,157.45,60919.0
2025-06-27 20:55:00+00:00,157.46,157.52,157.4,157.51,83395.0
2025-06-27 21:00:00+00:00,157.48,157.48,157.26,157.4,91714.0
2025-06-27 21:05:00+00:00,157.4,157.45,157.36,157.41,6747759.0
2025-06-27 21:10:00+00:00,157.41,157.41,157.3,157.36,89448.0
2025-06-27 21:15:00+00:00,157.3615,157.5501,157.36,157.5501,70631.0
2025-06-27 21:20:00+00:00,157.56,157.64,157.49,157.52,46365.0
2025-06-27 21:25:00+00:00,157.52,157.55,157.39,157.43,30530.0
2025-06-27 21:30:00+00:00,157.45,157.45,157.41,157.45,22661.0
2025-06-27 21:35:00+00:00,157.43,157.45,157.4,157.4199,22412.0
2025-06-27 21:40:00+00:00,157.4,157.42,157.35,157.35,20615.0
2025-06-27 21:45:00+00:00,157.36,157.38,157.3332,157.36,16556.0
2025-06-27 21:50:00+00:00,157.35,157.37,157.2505,157.3,61196.0
2025-06-27 21:55:00+00:00,157.3,157.5,157.29,157.38,36920.0
2025-06-27 22:00:00+00:00,157.38,157.43,157.37,157.42,23941.0
2025-06-27 22:05:00+00:00,157.4,157.48,157.381,157.46,14458.0
2025-06-27 22:10:00+00:00,157.48,157.5399,157.46,157.53,30647.0
2025-06-27 22:15:00+00:00,157.53,157.7,157.52,157.65,70783.0
2025-06-27 22:20:00+00:00,157.64,157.6898,157.51,157.5119,42844.0
2025-06-27 22:25:00+00:00,157.53,157.5888,157.5,157.55,31933.0
2025-06-27 22:30:00+00:00,157.55,157.56,157.5,157.52,3919984.0
2025-06-27 22:35:00+00:00,157.5,157.57,157.45,157.51,19187.0
2025-06-27 22:40:00+00:00,157.53,157.53,157.45,157.5,11667.0
2025-06-27 22:45:00+00:00,157.48,157.58,157.48,157.55,27362.0
2025-06-27 22:50:00+00:00,157.55,157.55,157.51,157.53,13372.0
2025-06-27 22:55:00+00:00,157.53,157.56,157.53,157.56,34224.0
2025-06-27 23:00:00+00:00,157.58,157.6,157.55,157.56,17464.0
2025-06-27 23:05:00+00:00,157.55,157.5599,157.53,157.53,19854.0
2025-06-27 23:10:00+00:00,157.5345,157.54,157.5,157.5199,10405.0
2025-06-27 23:15:00+00:00,157.52,157.5398,157.5,157.5195,12239.0
2025-06-27 23:20:00+00:00,157.5001,157.52,157.5,157.52,12679.0
2025-06-27 23:25:00+00:00,157.52,157.55,157.52,157.54,25172.0
2025-06-27 23:30:00+00:00,157.52,157.6,157.52,157.6,18132.0
2025-06-27 23:35:00+00:00,157.59,157.6,157.56,157.56,16516.0
2025-06-27 23:40:00+00:00,157.57,157.62,157.56,157.6005,18052.0
2025-06-27 23:45:00+00:00,157.61,157.64,157.57,157.57,32933.0
2025-06-27 23:50:00+00:00,157.57,157.6,157.5,157.55,48721.0
2025-06-27 23:55:00+00:00,157.55,157.64,157.49,157.59,58200.0
2025-06-30 08:00:00+00:00,158.8,159.28,158.45,159.07,119259.0
2025-06-30 08:05:00+00:00,159.08,159.15,158.98,159.07,49919.0
2025-06-30 08:10:00+00:00,159.07,159.13,159.02,159.13,25754.0
2025-06-30 08:15:00+00:00,159.12,159.18,158.8,158.83,53545.0
2025-06-30 08:20:00+00:00,158.84,158.89,158.74,158.8,42775.0
2025-06-30 08:25:00+00:00,158.82,158.83,158.76,158.77,24034.0
2025-06-30 08:30:00+00:00,158.78,158.8,158.57,158.65,30923.0
2025-06-30 08:35:00+00:00,158.66,158.71,158.48,158.55,42448.0
2025-06-30 08:40:00+00:00,158.55,158.7,158.54,158.67,26438.0
2025-06-30 08:45:00+00:00,158.7,158.78,158.7,158.75,17052.0
2025-06-30 08:50:00+00:00,158.75,158.8,158.74,158.8,22445.0
2025-06-30 08:55:00+00:00,158.79,158.8,158.72,158.72,14973.0
2025-06-30 09:00:00+00:00,158.72,158.8,158.72,158.78,19795.0
2025-06-30 09:05:00+00:00,158.78,158.89,158.78,158.87,29224.0
2025-06-30 09:10:00+00:00,158.88,158.98,158.88,158.94,24574.0
2025-06-30 09:15:00+00:00,158.94,158.99,158.87,158.89,25166.0
2025-06-30 09:20:00+00:00,158.9,158.93,158.87,158.93,10864.0
2025-06-30 09:25:00+00:00,158.94,159.05,158.91,159.03,42860.0
2025-06-30 09:30:00+00:00,159.04,159.09,158.98,159.03,38331.0
2025-06-30 09:35:00+00:00,159.03,159.07,158.99,159.03,22524.0
2025-06-30 09:40:00+00:00,159.04,159.04,158.93,158.93,27749.0
2025-06-30 09:45:00+00:00,158.93,158.94,158.84,158.92,34505.0
2025-06-30 09:50:00+00:00,158.9,158.95,158.83,158.94,16934.0
