symbol,timestamp,open,high,low,close,volume,trade_count,vwap
WULF,2026-01-09 00:00:00+00:00,12.8793,12.8793,12.8793,12.8793,900.0,1.0,12.8793
WULF,2026-01-09 00:10:00+00:00,12.87,12.87,12.87,12.87,435.0,5.0,12.87
WULF,2026-01-09 00:15:00+00:00,12.84,12.84,12.84,12.84,200.0,2.0,12.84
WULF,2026-01-09 00:20:00+00:00,12.8744,12.8744,12.8744,12.8744,341.0,2.0,12.8744
WULF,2026-01-09 00:25:00+00:00,12.8784,12.88,12.84,12.84,300.0,3.0,12.866133
WULF,2026-01-09 00:30:00+00:00,12.8783,12.8783,12.85,12.86,3361.0,6.0,12.863406
WULF,2026-01-09 00:40:00+00:00,12.86,12.86,12.86,12.86,150.0,1.0,12.86
WULF,2026-01-09 00:45:00+00:00,12.86,12.88,12.85,12.88,10339.0,6.0,12.879252
WULF,2026-01-09 00:50:00+00:00,12.88,12.88,12.88,12.88,10010.0,2.0,12.88
WULF,2026-01-09 00:55:00+00:00,12.83,12.88,12.83,12.88,2477.0,18.0,12.861539
WULF,2026-01-09 09:10:00+00:00,12.84,12.84,12.84,12.84,370.0,21.0,12.84
WULF,2026-01-09 09:20:00+00:00,12.84,12.84,12.84,12.84,158.0,2.0,12.84
WULF,2026-01-09 09:45:00+00:00,12.87,12.89,12.87,12.89,420.0,4.0,12.876844
WULF,2026-01-09 09:50:00+00:00,12.87,12.87,12.87,12.87,100.0,1.0,12.87
WULF,2026-01-09 10:10:00+00:00,12.87,12.87,12.87,12.87,201.0,4.0,12.87
WULF,2026-01-09 10:25:00+00:00,12.9,12.9,12.9,12.9,424.0,5.0,12.9
WULF,2026-01-09 10:30:00+00:00,12.9,12.9,12.9,12.9,145.0,1.0,12.9
WULF,2026-01-09 10:35:00+00:00,12.93,12.93,12.93,12.93,444.0,5.0,12.93
WULF,2026-01-09 11:20:00+00:00,12.94,12.95,12.94,12.95,1215.0,14.0,12.947986
WULF,2026-01-09 11:30:00+00:00,12.94,12.96,12.94,12.96,2654.0,8.0,12.949478
WULF,2026-01-09 11:35:00+00:00,12.95,12.96,12.95,12.96,2478.0,11.0,12.955679
WULF,2026-01-09 11:45:00+00:00,12.95,12.95,12.95,12.95,180.0,3.0,12.95
WULF,2026-01-09 11:50:00+00:00,12.94,12.94,12.94,12.94,120.0,1.0,12.94
WULF,2026-01-09 11:55:00+00:00,12.93,12.94,12.93,12.94,245.0,4.0,12.935192
WULF,2026-01-09 12:00:00+00:00,12.96,12.97,12.95,12.95,7020.0,15.0,12.967122
WULF,2026-01-09 12:15:00+00:00,12.94,12.94,12.93,12.93,2766.0,22.0,12.933271
WULF,2026-01-09 12:30:00+00:00,12.95,12.96,12.95,12.96,2428.0,5.0,12.954168
WULF,2026-01-09 12:35:00+00:00,12.98,12.99,12.98,12.99,3301.0,18.0,12.989657
WULF,2026-01-09 12:40:00+00:00,12.99,13.0,12.99,12.99,4477.0,26.0,12.997236
WULF,2026-01-09 12:45:00+00:00,13.0,13.0,13.0,13.0,1089.0,7.0,13.0
WULF,2026-01-09 12:50:00+00:00,13.04,13.11,13.04,13.1,14346.0,122.0,13.09318
WULF,2026-01-09 12:55:00+00:00,13.1,13.11,13.1,13.11,4674.0,17.0,13.105138
WULF,2026-01-09 13:00:00+00:00,12.6,13.12,12.6,13.1036,46307.0,250.0,12.993579
WULF,2026-01-09 13:05:00+00:00,13.0,13.12,13.0,13.12,38982.0,60.0,13.085962
WULF,2026-01-09 13:10:00+00:00,13.109,13.12,13.1,13.12,9246.0,35.0,13.112335
WULF,2026-01-09 13:15:00+00:00,13.12,13.12,13.1,13.11,6241.0,33.0,13.101734
WULF,2026-01-09 13:20:00+00:00,13.11,13.1297,13.1,13.1234,7976.0,39.0,13.11739
WULF,2026-01-09 13:25:00+00:00,13.12,13.12,13.1,13.1,5828.0,17.0,13.102524
WULF,2026-01-09 13:30:00+00:00,13.1,13.13,13.1,13.13,7706.0,41.0,13.107279
WULF,2026-01-09 13:35:00+00:00,13.13,13.15,13.13,13.15,4403.0,32.0,13.145308
WULF,2026-01-09 13:40:00+00:00,13.12,13.17,13.12,13.1667,3339.0,37.0,13.146822
WULF,2026-01-09 13:45:00+00:00,13.14,13.16,13.13,13.1484,5415.0,40.0,13.145645
WULF,2026-01-09 13:50:00+00:00,13.14,13.1532,12.84,13.1532,106792.0,29.0,12.850591
WULF,2026-01-09 13:55:00+00:00,13.1418,13.1418,13.14,13.14,755.0,6.0,13.140713
WULF,2026-01-09 14:00:00+00:00,13.1391,13.14,13.1,13.1074,12823.0,50.0,13.122245
WULF,2026-01-09 14:05:00+00:00,13.12,13.16,13.1,13.135,31061.0,89.0,13.139379
WULF,2026-01-09 14:10:00+00:00,13.17,13.17,13.1,13.1,43573.0,115.0,13.102958
WULF,2026-01-09 14:15:00+00:00,13.1,13.1504,13.05,13.05,9320.0,48.0,13.105073
WULF,2026-01-09 14:20:00+00:00,13.09,13.15,13.05,13.05,5171.0,31.0,13.06665
WULF,2026-01-09 14:25:00+00:00,13.13,13.14,13.064,13.12,11484.0,55.0,13.120941
WULF,2026-01-09 14:30:00+00:00,13.13,13.19,12.99,13.16,519730.0,2227.0,13.111063
WULF,2026-01-09 14:35:00+00:00,13.16,13.35,13.06,13.24,358078.0,1917.0,13.219446
WULF,2026-01-09 14:40:00+00:00,13.2385,13.2968,13.225,13.2314,285888.0,1749.0,13.258928
WULF,2026-01-09 14:45:00+00:00,13.23,13.4,13.14,13.25,528404.0,2885.0,13.302455
WULF,2026-01-09 14:50:00+00:00,13.255,13.31,13.2076,13.28,209336.0,1028.0,13.255102
WULF,2026-01-09 14:55:00+00:00,13.28,13.38,13.24,13.2488,196004.0,1118.0,13.305914
WULF,2026-01-09 15:00:00+00:00,13.2498,13.345,13.15,13.165,213465.0,1502.0,13.238491
WULF,2026-01-09 15:05:00+00:00,13.17,13.29,13.145,13.26,232467.0,1664.0,13.22764
WULF,2026-01-09 15:10:00+00:00,13.25,13.3,13.12,13.165,203804.0,1303.0,13.200016
WULF,2026-01-09 15:15:00+00:00,13.15,13.29,13.13,13.265,199745.0,1318.0,13.219758
WULF,2026-01-09 15:20:00+00:00,13.26,13.345,13.19,13.305,191076.0,1325.0,13.296165
WULF,2026-01-09 15:25:00+00:00,13.305,13.51,13.2603,13.4942,476880.0,2310.0,13.407756
WULF,2026-01-09 15:30:00+00:00,13.51,13.65,13.5,13.645,595378.0,2944.0,13.595108
WULF,2026-01-09 15:35:00+00:00,13.6259,13.7,13.52,13.535,365803.0,2284.0,13.628977
WULF,2026-01-09 15:40:00+00:00,13.535,13.565,13.44,13.5055,242572.0,1628.0,13.489337
WULF,2026-01-09 15:45:00+00:00,13.5,13.53,13.365,13.365,260189.0,1814.0,13.443341
WULF,2026-01-09 15:50:00+00:00,13.365,13.48,13.3401,13.365,158811.0,1232.0,13.39474
WULF,2026-01-09 15:55:00+00:00,13.37,13.415,13.335,13.335,191860.0,1428.0,13.367386
WULF,2026-01-09 16:00:00+00:00,13.34,13.35,13.2601,13.345,209092.0,1427.0,13.311423
WULF,2026-01-09 16:05:00+00:00,13.35,13.37,13.3,13.3,110646.0,878.0,13.340186
WULF,2026-01-09 16:10:00+00:00,13.305,13.32,13.2246,13.255,172433.0,1289.0,13.282373
WULF,2026-01-09 16:15:00+00:00,13.255,13.31,13.23,13.275,101773.0,986.0,13.270875
WULF,2026-01-09 16:20:00+00:00,13.28,13.33,13.27,13.295,77060.0,685.0,13.302212
WULF,2026-01-09 16:25:00+00:00,13.295,13.325,13.2702,13.3,86818.0,812.0,13.300509
WULF,2026-01-09 16:30:00+00:00,13.3,13.31,13.26,13.26,54072.0,642.0,13.285072
WULF,2026-01-09 16:35:00+00:00,13.26,13.285,13.25,13.28,63740.0,635.0,13.266938
WULF,2026-01-09 16:40:00+00:00,13.285,13.305,13.245,13.295,109634.0,645.0,13.264778
WULF,2026-01-09 16:45:00+00:00,13.2946,13.39,13.2829,13.39,221694.0,1188.0,13.348431
WULF,2026-01-09 16:50:00+00:00,13.385,13.43,13.3525,13.39,168677.0,1357.0,13.388397
WULF,2026-01-09 16:55:00+00:00,13.3888,13.415,13.35,13.385,148494.0,1097.0,13.387535
WULF,2026-01-09 17:00:00+00:00,13.39,13.39,13.3212,13.335,103746.0,770.0,13.345846
WULF,2026-01-09 17:05:00+00:00,13.335,13.335,13.28,13.3,170991.0,1406.0,13.298049
WULF,2026-01-09 17:10:00+00:00,13.305,13.3051,13.245,13.28,117234.0,752.0,13.268457
WULF,2026-01-09 17:15:00+00:00,13.2799,13.2799,13.2,13.2,461186.0,894.0,13.233649
WULF,2026-01-09 17:20:00+00:00,13.205,13.33,13.2032,13.325,131914.0,767.0,13.255006
WULF,2026-01-09 17:25:00+00:00,13.32,13.335,13.263,13.275,72168.0,672.0,13.291529
WULF,2026-01-09 17:30:00+00:00,13.275,13.32,13.27,13.285,80074.0,561.0,13.28835
WULF,2026-01-09 17:35:00+00:00,13.29,13.295,13.23,13.265,77563.0,678.0,13.258546
WULF,2026-01-09 17:40:00+00:00,13.26,13.26,13.22,13.235,62339.0,487.0,13.236847
WULF,2026-01-09 17:45:00+00:00,13.24,13.27,13.205,13.255,379420.0,637.0,13.248078
WULF,2026-01-09 17:50:00+00:00,13.255,13.255,13.21,13.225,97151.0,667.0,13.22611
WULF,2026-01-09 17:55:00+00:00,13.225,13.225,13.165,13.165,118708.0,676.0,13.191216
WULF,2026-01-09 18:00:00+00:00,13.16,13.16,13.085,13.115,147886.0,844.0,13.119898
WULF,2026-01-09 18:05:00+00:00,13.115,13.16,13.095,13.145,254548.0,892.0,13.124731
WULF,2026-01-09 18:10:00+00:00,13.145,13.1699,13.1138,13.155,158370.0,892.0,13.136242
WULF,2026-01-09 18:15:00+00:00,13.1501,13.155,13.06,13.067,133077.0,725.0,13.114542
WULF,2026-01-09 18:20:00+00:00,13.065,13.095,13.05,13.06,105012.0,721.0,13.064617
WULF,2026-01-09 18:25:00+00:00,13.06,13.07,13.025,13.045,91095.0,675.0,13.049371
WULF,2026-01-09 18:30:00+00:00,13.05,13.055,12.99,13.045,272222.0,1152.0,13.013364
WULF,2026-01-09 18:35:00+00:00,13.045,13.12,13.035,13.115,113338.0,665.0,13.085727
WULF,2026-01-09 18:40:00+00:00,13.12,13.19,13.1134,13.19,208453.0,1340.0,13.1552
WULF,2026-01-09 18:45:00+00:00,13.19,13.24,13.1227,13.235,163028.0,1182.0,13.190275
WULF,2026-01-09 18:50:00+00:00,13.235,13.28,13.21,13.26,314194.0,1691.0,13.252149
WULF,2026-01-09 18:55:00+00:00,13.26,13.265,13.14,13.1544,98325.0,713.0,13.188266
WULF,2026-01-09 19:00:00+00:00,13.16,13.16,13.05,13.075,103762.0,805.0,13.087672
WULF,2026-01-09 19:05:00+00:00,13.08,13.125,13.06,13.105,85643.0,640.0,13.085731
WULF,2026-01-09 19:10:00+00:00,13.105,13.105,13.01,13.02,146215.0,859.0,13.052157
WULF,2026-01-09 19:15:00+00:00,13.02,13.0359,13.005,13.03,82371.0,687.0,13.019098
WULF,2026-01-09 19:20:00+00:00,13.025,13.04,12.985,13.03,112868.0,689.0,13.009251
WULF,2026-01-09 19:25:00+00:00,13.03,13.045,12.999,13.005,483699.0,728.0,13.023675
WULF,2026-01-09 19:30:00+00:00,13.006,13.0075,12.9319,12.9599,250590.0,1187.0,12.958485
WULF,2026-01-09 19:35:00+00:00,12.955,12.9698,12.93,12.93,107699.0,690.0,12.947975
WULF,2026-01-09 19:40:00+00:00,12.94,12.97,12.93,12.95,123291.0,678.0,12.953343
WULF,2026-01-09 19:45:00+00:00,12.95,13.01,12.945,13.005,96197.0,591.0,12.977609
WULF,2026-01-09 19:50:00+00:00,13.005,13.025,12.985,12.985,118448.0,788.0,13.006191
WULF,2026-01-09 19:55:00+00:00,12.985,12.985,12.91,12.915,138449.0,693.0,12.938684
WULF,2026-01-09 20:00:00+00:00,12.92,12.99,12.865,12.99,214378.0,1280.0,12.90334
WULF,2026-01-09 20:05:00+00:00,12.985,13.015,12.965,12.985,87740.0,756.0,12.987841
WULF,2026-01-09 20:10:00+00:00,12.98,12.98,12.915,12.935,238373.0,1106.0,12.95899
WULF,2026-01-09 20:15:00+00:00,12.935,12.96,12.9145,12.935,339311.0,878.0,12.935301
WULF,2026-01-09 20:20:00+00:00,12.94,12.9851,12.9201,12.9201,151808.0,992.0,12.956147
WULF,2026-01-09 20:25:00+00:00,12.925,12.925,12.895,12.905,315355.0,697.0,12.910376
WULF,2026-01-09 20:30:00+00:00,12.905,12.96,12.8916,12.96,172217.0,1056.0,12.908613
WULF,2026-01-09 20:35:00+00:00,12.96,12.99,12.95,12.975,149013.0,1006.0,12.968095
WULF,2026-01-09 20:40:00+00:00,12.98,12.98,12.895,12.935,103562.0,844.0,12.925441
WULF,2026-01-09 20:45:00+00:00,12.94,12.98,12.915,12.915,144701.0,1208.0,12.957132
WULF,2026-01-09 20:50:00+00:00,12.915,12.985,12.91,12.985,336591.0,2177.0,12.931969
WULF,2026-01-09 20:55:00+00:00,12.99,13.12,12.99,13.1,758772.0,4385.0,13.071071
WULF,2026-01-09 21:00:00+00:00,13.1,13.24,13.0,13.01,1031055.0,141.0,13.102023
WULF,2026-01-09 21:05:00+00:00,13.11,13.17,13.0101,13.09,3659.0,11.0,13.098424
WULF,2026-01-09 21:10:00+00:00,13.05,13.05,13.02,13.0248,2716.0,11.0,13.029179
WULF,2026-01-09 21:15:00+00:00,13.14,13.14,13.14,13.14,1010.0,3.0,13.14
WULF,2026-01-09 21:20:00+00:00,13.14,13.14,13.12,13.12,164986.0,14.0,13.139988
WULF,2026-01-09 21:25:00+00:00,13.14,13.14,13.12,13.12,165069.0,5.0,13.139939
WULF,2026-01-09 21:30:00+00:00,13.11,13.1101,13.1,13.1,1257.0,8.0,13.105842
WULF,2026-01-09 21:35:00+00:00,13.1192,13.1192,13.09,13.09,1071.0,10.0,13.093267
WULF,2026-01-09 21:40:00+00:00,13.1002,13.1002,13.1,13.1,3552.0,6.0,13.100014
WULF,2026-01-09 21:45:00+00:00,13.1,13.12,13.08,13.12,27924.0,27.0,13.097614
WULF,2026-01-09 21:50:00+00:00,13.13,13.14,13.11,13.11,10779.0,15.0,13.123209
WULF,2026-01-09 21:55:00+00:00,13.14,13.14,13.14,13.14,1055.0,6.0,13.14
WULF,2026-01-09 22:00:00+00:00,13.1392,13.1392,13.1392,13.1392,212.0,1.0,13.1392
WULF,2026-01-09 22:05:00+00:00,13.13,13.14,13.13,13.1399,646.0,5.0,13.136472
WULF,2026-01-09 22:10:00+00:00,13.14,13.14,13.12,13.12,6300.0,12.0,13.121613
WULF,2026-01-09 22:15:00+00:00,13.1209,13.14,13.12,13.1207,5493.0,15.0,13.122225
WULF,2026-01-09 22:25:00+00:00,13.13,13.13,13.13,13.13,1497.0,3.0,13.13
WULF,2026-01-09 22:30:00+00:00,13.1,13.12,13.1,13.12,6151.0,5.0,13.118363
WULF,2026-01-09 22:35:00+00:00,13.14,13.14,13.14,13.14,500.0,1.0,13.14
WULF,2026-01-09 22:40:00+00:00,13.1324,13.14,13.11,13.11,915.0,6.0,13.121717
WULF,2026-01-09 22:50:00+00:00,13.14,13.14,13.13,13.13,17921.0,9.0,13.130056
WULF,2026-01-09 22:55:00+00:00,13.13,13.13,13.12,13.12,800.0,2.0,13.12625
WULF,2026-01-09 23:00:00+00:00,13.12,13.14,13.12,13.14,4529.0,12.0,13.136872
WULF,2026-01-09 23:05:00+00:00,13.14,13.14,13.14,13.14,101.0,2.0,13.14
WULF,2026-01-09 23:10:00+00:00,13.14,13.14,13.11,13.11,1220.0,4.0,13.134783
WULF,2026-01-09 23:20:00+00:00,13.14,13.14,13.14,13.14,2221.0,4.0,13.14
WULF,2026-01-09 23:25:00+00:00,13.15,13.15,13.15,13.15,1103.0,5.0,13.15
WULF,2026-01-09 23:30:00+00:00,13.14,13.14,13.1007,13.1007,244.0,2.0,13.116807
WULF,2026-01-09 23:40:00+00:00,13.12,13.17,13.11,13.17,3200.0,6.0,13.116457
WULF,2026-01-09 23:45:00+00:00,13.1402,13.1402,13.13,13.13,1204.0,7.0,13.131725
WULF,2026-01-09 23:50:00+00:00,13.16,13.17,13.16,13.1685,15393.0,15.0,13.16759
WULF,2026-01-09 23:55:00+00:00,13.1184,13.17,13.1184,13.17,509.0,3.0,13.128557
WULF,2026-01-10 00:05:00+00:00,13.16,13.16,13.16,13.16,1336.0,10.0,13.16
WULF,2026-01-10 00:10:00+00:00,13.16,13.16,13.14,13.14,700.0,3.0,13.146154
WULF,2026-01-10 00:15:00+00:00,13.14,13.14,13.14,13.14,304.0,3.0,13.14
WULF,2026-01-10 00:20:00+00:00,13.13,13.13,13.13,13.13,222.0,3.0,13.13
WULF,2026-01-10 00:25:00+00:00,13.13,13.13,13.1,13.13,2503.0,12.0,13.104479
WULF,2026-01-10 00:30:00+00:00,13.15,13.16,13.1,13.13,1769.0,10.0,13.141979
WULF,2026-01-10 00:35:00+00:00,13.1585,13.1585,13.1585,13.1585,1009.0,2.0,13.1585
WULF,2026-01-10 00:45:00+00:00,13.16,13.16,13.16,13.16,106.0,3.0,13.16
WULF,2026-01-10 00:50:00+00:00,13.16,13.17,13.1492,13.17,3126.0,10.0,13.164531
WULF,2026-01-10 00:55:00+00:00,13.111,13.17,13.111,13.17,2585.0,13.0,13.153617
WULF,2026-01-12 09:05:00+00:00,12.93,12.93,12.92,12.92,601.0,6.0,12.922337
WULF,2026-01-12 09:10:00+00:00,12.95,12.96,12.95,12.96,1535.0,14.0,12.952948
WULF,2026-01-12 09:15:00+00:00,12.92,12.94,12.92,12.94,3057.0,48.0,12.936553
WULF,2026-01-12 09:20:00+00:00,12.98,12.98,12.98,12.98,134.0,1.0,12.98
WULF,2026-01-12 10:00:00+00:00,12.92,12.94,12.92,12.94,1334.0,7.0,12.929682
WULF,2026-01-12 10:20:00+00:00,12.93,12.93,12.93,12.93,100.0,1.0,12.93
WULF,2026-01-12 10:30:00+00:00,12.94,12.94,12.94,12.94,477.0,8.0,12.94
WULF,2026-01-12 10:40:00+00:00,12.96,12.97,12.96,12.97,400.0,3.0,12.964118
WULF,2026-01-12 10:45:00+00:00,12.98,12.98,12.97,12.97,1978.0,12.0,12.973852
WULF,2026-01-12 10:55:00+00:00,12.99,12.99,12.99,12.99,100.0,1.0,12.99
WULF,2026-01-12 11:05:00+00:00,12.98,12.98,12.98,12.98,100.0,1.0,12.98
WULF,2026-01-12 11:45:00+00:00,13.01,13.08,13.01,13.08,1168.0,16.0,13.045518
WULF,2026-01-12 11:55:00+00:00,13.05,13.05,13.05,13.05,375.0,4.0,13.05
WULF,2026-01-12 12:00:00+00:00,13.02,13.08,13.01,13.02,7895.0,49.0,13.046461
WULF,2026-01-12 12:05:00+00:00,13.05,13.05,13.05,13.05,804.0,1.0,13.05
WULF,2026-01-12 12:10:00+00:00,13.05,13.05,13.03,13.04,1016.0,12.0,13.037682
WULF,2026-01-12 12:15:00+00:00,13.08,13.1,13.08,13.1,801.0,8.0,13.087664
WULF,2026-01-12 12:20:00+00:00,13.07,13.07,13.05,13.05,652.0,7.0,13.059906
WULF,2026-01-12 12:25:00+00:00,13.1,13.1,13.1,13.1,1741.0,11.0,13.1
WULF,2026-01-12 12:30:00+00:00,13.1,13.1,13.1,13.1,7500.0,1.0,13.1
WULF,2026-01-12 12:35:00+00:00,13.1,13.1,13.1,13.1,254.0,3.0,13.1
WULF,2026-01-12 12:40:00+00:00,13.1,13.1,13.1,13.1,1340.0,7.0,13.1
WULF,2026-01-12 12:45:00+00:00,13.12,13.12,13.12,13.12,1000.0,8.0,13.12
WULF,2026-01-12 12:55:00+00:00,13.13,13.13,13.13,13.13,179.0,2.0,13.13
WULF,2026-01-12 13:00:00+00:00,12.94,13.15,12.89,13.1,107166.0,343.0,13.056134
WULF,2026-01-12 13:05:00+00:00,13.1,13.1356,13.07,13.0712,2646.0,15.0,13.099111
WULF,2026-01-12 13:10:00+00:00,13.1188,13.1188,13.06,13.06,2138.0,16.0,13.063878
WULF,2026-01-12 13:15:00+00:00,13.1,13.1,13.05,13.05,1853.0,4.0,13.055453
WULF,2026-01-12 13:20:00+00:00,13.0517,13.08,13.05,13.05,791.0,11.0,13.060762
WULF,2026-01-12 13:25:00+00:00,13.05,13.09,13.05,13.09,1196.0,5.0,13.086364
WULF,2026-01-12 13:30:00+00:00,13.15,13.15,13.0527,13.1,15940.0,23.0,13.100303
WULF,2026-01-12 13:35:00+00:00,13.07,13.07,13.06,13.06,1570.0,7.0,13.063375
WULF,2026-01-12 13:40:00+00:00,13.1,13.1,13.1,13.1,36475.0,1.0,13.1
WULF,2026-01-12 13:45:00+00:00,13.05,13.06,13.0275,13.0275,8993.0,65.0,13.048215
WULF,2026-01-12 13:50:00+00:00,13.0307,13.0322,13.03,13.03,4134.0,9.0,13.030309
WULF,2026-01-12 13:55:00+00:00,13.03,13.05,13.03,13.0396,2618.0,10.0,13.046305
WULF,2026-01-12 14:00:00+00:00,13.03,13.03,13.0201,13.03,1167.0,11.0,13.022833
WULF,2026-01-12 14:05:00+00:00,13.02,13.02,13.01,13.02,4522.0,31.0,13.015619
WULF,2026-01-12 14:10:00+00:00,13.01,13.03,13.01,13.03,429.0,11.0,13.018
WULF,2026-01-12 14:15:00+00:00,13.03,13.03,13.01,13.02,3175.0,16.0,13.019192
WULF,2026-01-12 14:20:00+00:00,13.02,13.02,13.0,13.0,2933.0,49.0,13.01109
WULF,2026-01-12 14:25:00+00:00,12.99,12.99,12.8,12.91,31159.0,220.0,12.885787
WULF,2026-01-12 14:30:00+00:00,12.91,13.43,12.8228,13.3937,642261.0,2777.0,13.130159
WULF,2026-01-12 14:35:00+00:00,13.4,13.635,13.26,13.6286,660910.0,2763.0,13.447073
WULF,2026-01-12 14:40:00+00:00,13.6263,13.7,13.4606,13.5673,770218.0,3285.0,13.600559
WULF,2026-01-12 14:45:00+00:00,13.57,13.58,13.39,13.52,352643.0,2188.0,13.469646
WULF,2026-01-12 14:50:00+00:00,13.52,13.8,13.515,13.595,762932.0,3601.0,13.667982
WULF,2026-01-12 14:55:00+00:00,13.59,13.6198,13.46,13.46,576749.0,2736.0,13.532103
WULF,2026-01-12 15:00:00+00:00,13.46,13.54,13.3646,13.405,337741.0,2826.0,13.451522
WULF,2026-01-12 15:05:00+00:00,13.405,13.435,13.26,13.27,306429.0,1767.0,13.328852
WULF,2026-01-12 15:10:00+00:00,13.27,13.365,13.21,13.295,333817.0,2064.0,13.275918
WULF,2026-01-12 15:15:00+00:00,13.29,13.34,13.22,13.3,349542.0,2309.0,13.278991
WULF,2026-01-12 15:20:00+00:00,13.295,13.42,13.285,13.42,277570.0,1560.0,13.336228
WULF,2026-01-12 15:25:00+00:00,13.415,13.49,13.35,13.465,308096.0,2088.0,13.429785
WULF,2026-01-12 15:30:00+00:00,13.465,13.6,13.455,13.55,445751.0,1830.0,13.522787
WULF,2026-01-12 15:35:00+00:00,13.55,13.565,13.35,13.3624,515042.0,1603.0,13.481647
WULF,2026-01-12 15:40:00+00:00,13.35,13.45,13.3123,13.415,139579.0,1252.0,13.387946
WULF,2026-01-12 15:45:00+00:00,13.42,13.545,13.42,13.535,201782.0,1259.0,13.501216
WULF,2026-01-12 15:50:00+00:00,13.53,13.625,13.51,13.545,249303.0,1496.0,13.563543
WULF,2026-01-12 15:55:00+00:00,13.55,13.62,13.5207,13.55,194732.0,1324.0,13.565711
WULF,2026-01-12 16:00:00+00:00,13.555,13.6,13.53,13.59,161985.0,1063.0,13.572458
WULF,2026-01-12 16:05:00+00:00,13.595,13.665,13.55,13.645,315186.0,1566.0,13.608504
WULF,2026-01-12 16:10:00+00:00,13.645,13.685,13.61,13.675,279667.0,1564.0,13.646962
WULF,2026-01-12 16:15:00+00:00,13.675,13.7871,13.675,13.735,669363.0,2394.0,13.730646
WULF,2026-01-12 16:20:00+00:00,13.74,13.745,13.545,13.565,400919.0,1870.0,13.641746
WULF,2026-01-12 16:25:00+00:00,13.565,13.61,13.53,13.6,320957.0,1839.0,13.57084
WULF,2026-01-12 16:30:00+00:00,13.6,13.685,13.56,13.68,256640.0,1563.0,13.624958
WULF,2026-01-12 16:35:00+00:00,13.685,13.75,13.67,13.715,243675.0,1318.0,13.708704
WULF,2026-01-12 16:40:00+00:00,13.715,13.735,13.68,13.7,199977.0,1203.0,13.710467
WULF,2026-01-12 16:45:00+00:00,13.705,13.76,13.705,13.755,205008.0,1243.0,13.7394
WULF,2026-01-12 16:50:00+00:00,13.76,13.78,13.7,13.715,204931.0,1306.0,13.742283
WULF,2026-01-12 16:55:00+00:00,13.715,13.73,13.65,13.715,112964.0,1016.0,13.698247
WULF,2026-01-12 17:00:00+00:00,13.72,13.72,13.635,13.685,104510.0,953.0,13.67361
WULF,2026-01-12 17:05:00+00:00,13.68,13.695,13.6399,13.655,79063.0,804.0,13.672599
WULF,2026-01-12 17:10:00+00:00,13.655,13.655,13.5903,13.615,76943.0,699.0,13.611515
WULF,2026-01-12 17:15:00+00:00,13.615,13.615,13.52,13.525,242457.0,1203.0,13.558454
WULF,2026-01-12 17:20:00+00:00,13.5224,13.575,13.5,13.54,567253.0,1648.0,13.532766
WULF,2026-01-12 17:25:00+00:00,13.545,13.595,13.52,13.5649,302011.0,1247.0,13.551513
WULF,2026-01-12 17:30:00+00:00,13.57,13.625,13.501,13.515,306061.0,1203.0,13.574136
WULF,2026-01-12 17:35:00+00:00,13.5144,13.575,13.505,13.515,249641.0,878.0,13.539646
WULF,2026-01-12 17:40:00+00:00,13.515,13.52,13.4805,13.485,90031.0,639.0,13.499781
WULF,2026-01-12 17:45:00+00:00,13.495,13.53,13.4501,13.52,217954.0,827.0,13.490024
WULF,2026-01-12 17:50:00+00:00,13.5116,13.53,13.485,13.52,154068.0,723.0,13.509713
WULF,2026-01-12 17:55:00+00:00,13.525,13.525,13.4541,13.455,93229.0,626.0,13.475524
WULF,2026-01-12 18:00:00+00:00,13.4559,13.475,13.44,13.442,150441.0,716.0,13.456022
WULF,2026-01-12 18:05:00+00:00,13.445,13.525,13.435,13.495,250726.0,836.0,13.475359
WULF,2026-01-12 18:10:00+00:00,13.5,13.65,13.495,13.645,520595.0,801.0,13.591121
WULF,2026-01-12 18:15:00+00:00,13.65,13.7,13.6301,13.685,275131.0,777.0,13.654441
WULF,2026-01-12 18:20:00+00:00,13.69,13.815,13.685,13.7569,508749.0,1557.0,13.750645
WULF,2026-01-12 18:25:00+00:00,13.7583,13.91,13.7449,13.835,760022.0,2689.0,13.826081
WULF,2026-01-12 18:30:00+00:00,13.835,13.87,13.7711,13.82,328272.0,1306.0,13.826955
WULF,2026-01-12 18:35:00+00:00,13.82,13.89,13.82,13.89,361821.0,1199.0,13.853125
WULF,2026-01-12 18:40:00+00:00,13.89,13.94,13.8541,13.875,570772.0,2479.0,13.895705
WULF,2026-01-12 18:45:00+00:00,13.88,13.89,13.85,13.875,229589.0,962.0,13.87302
WULF,2026-01-12 18:50:00+00:00,13.875,13.89,13.8201,13.8469,305140.0,1178.0,13.854947
WULF,2026-01-12 18:55:00+00:00,13.85,13.885,13.83,13.87,228315.0,995.0,13.85793
WULF,2026-01-12 19:00:00+00:00,13.875,13.88,13.8043,13.845,228211.0,1292.0,13.830106
WULF,2026-01-12 19:05:00+00:00,13.84,13.87,13.815,13.85,256633.0,1534.0,13.843158
WULF,2026-01-12 19:10:00+00:00,13.85,13.855,13.795,13.805,296290.0,1458.0,13.820329
WULF,2026-01-12 19:15:00+00:00,13.805,13.835,13.76,13.825,267809.0,1067.0,13.79026
WULF,2026-01-12 19:20:00+00:00,13.825,13.825,13.71,13.735,391511.0,1328.0,13.739531
WULF,2026-01-12 19:25:00+00:00,13.733,13.75,13.68,13.74,361010.0,1377.0,13.721472
WULF,2026-01-12 19:30:00+00:00,13.74,13.8,13.73,13.745,233433.0,1073.0,13.760906
WULF,2026-01-12 19:35:00+00:00,13.7451,13.75,13.69,13.735,155253.0,913.0,13.727158
WULF,2026-01-12 19:40:00+00:00,13.735,13.76,13.72,13.72,73566.0,819.0,13.743475
WULF,2026-01-12 19:45:00+00:00,13.725,13.7569,13.705,13.745,126320.0,893.0,13.738366
WULF,2026-01-12 19:50:00+00:00,13.745,13.8,13.72,13.79,136391.0,864.0,13.761139
WULF,2026-01-12 19:55:00+00:00,13.78,13.8,13.765,13.795,90145.0,809.0,13.780277
WULF,2026-01-12 20:00:00+00:00,13.795,13.815,13.725,13.735,184766.0,1555.0,13.773629
WULF,2026-01-12 20:05:00+00:00,13.73,13.737,13.69,13.715,151766.0,1087.0,13.71482
WULF,2026-01-12 20:10:00+00:00,13.72,13.755,13.712,13.755,107262.0,1067.0,13.735014
WULF,2026-01-12 20:15:00+00:00,13.7532,13.85,13.72,13.835,207783.0,1324.0,13.788945
WULF,2026-01-12 20:20:00+00:00,13.835,13.92,13.81,13.915,287545.0,1632.0,13.864689
WULF,2026-01-12 20:25:00+00:00,13.91,13.92,13.85,13.865,430736.0,1577.0,13.880725
WULF,2026-01-12 20:30:00+00:00,13.86,13.9,13.85,13.855,262594.0,1507.0,13.874691
WULF,2026-01-12 20:35:00+00:00,13.86,13.885,13.84,13.85,198221.0,1228.0,13.866057
WULF,2026-01-12 20:40:00+00:00,13.85,13.85,13.78,13.78,364406.0,1573.0,13.811844
WULF,2026-01-12 20:45:00+00:00,13.79,13.8,13.71,13.795,506406.0,2836.0,13.750181
WULF,2026-01-12 20:50:00+00:00,13.79,13.825,13.74,13.765,801391.0,3574.0,13.778264
WULF,2026-01-12 20:55:00+00:00,13.76,13.84,13.76,13.805,1097982.0,5067.0,13.818554
WULF,2026-01-12 21:00:00+00:00,13.81,13.94,13.76,13.8101,977122.0,105.0,13.810171
WULF,2026-01-12 21:05:00+00:00,13.81,13.87,13.81,13.81,6644.0,29.0,13.836377
WULF,2026-01-12 21:10:00+00:00,13.8968,13.8968,13.81,13.85,2868.0,16.0,13.833752
WULF,2026-01-12 21:15:00+00:00,13.89,13.89,13.83,13.84,2145.0,18.0,13.850964
WULF,2026-01-12 21:20:00+00:00,13.83,13.83,13.83,13.83,673.0,9.0,13.83
WULF,2026-01-12 21:25:00+00:00,13.83,13.85,13.83,13.85,1754.0,12.0,13.836209
WULF,2026-01-12 21:30:00+00:00,13.84,13.84,13.83,13.83,2623.0,12.0,13.83558
WULF,2026-01-12 21:35:00+00:00,13.83,13.83,13.83,13.83,258553.0,6.0,13.83
WULF,2026-01-12 21:40:00+00:00,13.82,13.83,13.82,13.83,2637.0,20.0,13.823314
WULF,2026-01-12 21:45:00+00:00,13.83,13.83,13.82,13.82,1883.0,9.0,13.826474
WULF,2026-01-12 21:50:00+00:00,13.82,13.8299,13.81,13.8299,3830.0,31.0,13.816837
WULF,2026-01-12 21:55:00+00:00,13.81,13.8163,13.77,13.8163,5335.0,12.0,13.79431
WULF,2026-01-12 22:00:00+00:00,13.81,13.81,13.81,13.81,582.0,13.0,13.81
WULF,2026-01-12 22:05:00+00:00,13.7762,13.79,13.7762,13.79,630.0,8.0,13.78484
WULF,2026-01-12 22:10:00+00:00,13.79,13.8134,13.79,13.79,992.0,7.0,13.79333
WULF,2026-01-12 22:15:00+00:00,13.7924,13.7924,13.791,13.791,256.0,3.0,13.79156
WULF,2026-01-12 22:20:00+00:00,13.81,13.81,13.81,13.81,100.0,1.0,13.81
WULF,2026-01-12 22:25:00+00:00,13.8161,13.8182,13.8161,13.8182,304.0,4.0,13.8168
WULF,2026-01-12 22:30:00+00:00,13.8199,13.8199,13.81,13.8101,2886.0,8.0,13.81108
WULF,2026-01-12 22:35:00+00:00,13.82,13.82,13.82,13.82,500.0,4.0,13.82
WULF,2026-01-12 22:45:00+00:00,13.81,13.82,13.81,13.82,913.0,7.0,13.816271
WULF,2026-01-12 22:50:00+00:00,13.8198,13.8198,13.8198,13.8198,100.0,1.0,13.8198
WULF,2026-01-12 22:55:00+00:00,13.82,13.82,13.8,13.8,9220.0,33.0,13.803534
WULF,2026-01-12 23:00:00+00:00,13.77,13.7991,13.77,13.7708,2240.0,16.0,13.775551
WULF,2026-01-12 23:05:00+00:00,13.7778,13.7778,13.77,13.77,5734.0,9.0,13.770208
WULF,2026-01-12 23:15:00+00:00,13.7987,13.7987,13.7987,13.7987,108.0,1.0,13.7987
WULF,2026-01-12 23:20:00+00:00,13.78,13.8,13.78,13.8,722.0,6.0,13.792308
WULF,2026-01-12 23:25:00+00:00,13.8,13.8,13.78,13.78,2394.0,5.0,13.798711
WULF,2026-01-12 23:30:00+00:00,13.8,13.8,13.8,13.8,1000.0,1.0,13.8
WULF,2026-01-12 23:35:00+00:00,13.79,13.79,13.7899,13.7899,710.0,3.0,13.789971
WULF,2026-01-12 23:40:00+00:00,13.7801,13.7801,13.78,13.78,3604.0,5.0,13.780003
WULF,2026-01-12 23:55:00+00:00,13.78,13.78,13.78,13.78,872.0,3.0,13.78
WULF,2026-01-13 00:00:00+00:00,13.79,13.79,13.78,13.78,817.0,9.0,13.784768
WULF,2026-01-13 00:05:00+00:00,13.8,13.8,13.76,13.7602,736.0,7.0,13.770618
WULF,2026-01-13 00:10:00+00:00,13.76,13.76,13.76,13.76,700.0,4.0,13.76
WULF,2026-01-13 00:20:00+00:00,13.76,13.76,13.76,13.76,601.0,2.0,13.76
WULF,2026-01-13 00:25:00+00:00,13.78,13.78,13.77,13.77,1662.0,5.0,13.77635
WULF,2026-01-13 00:30:00+00:00,13.76,13.76,13.76,13.76,172.0,4.0,13.76
WULF,2026-01-13 00:35:00+00:00,13.78,13.7988,13.78,13.7988,783.0,4.0,13.795241
WULF,2026-01-13 00:40:00+00:00,13.78,13.78,13.78,13.78,391.0,3.0,13.78
WULF,2026-01-13 00:45:00+00:00,13.79,13.79,13.79,13.79,393.0,4.0,13.79
WULF,2026-01-13 00:50:00+00:00,13.79,13.8,13.79,13.8,939.0,10.0,13.797088
WULF,2026-01-13 00:55:00+00:00,13.81,13.83,13.81,13.83,1027.0,6.0,13.823483
WULF,2026-01-13 09:00:00+00:00,13.88,13.88,13.88,13.88,100.0,1.0,13.88
WULF,2026-01-13 09:05:00+00:00,13.89,13.89,13.89,13.89,152.0,3.0,13.89
WULF,2026-01-13 09:10:00+00:00,13.86,13.86,13.86,13.86,100.0,1.0,13.86
WULF,2026-01-13 09:20:00+00:00,13.89,13.89,13.88,13.88,851.0,5.0,13.886289
WULF,2026-01-13 09:25:00+00:00,13.925,13.93,13.925,13.93,328.0,2.0,13.926524
WULF,2026-01-13 09:30:00+00:00,13.94,13.94,13.94,13.94,204.0,7.0,13.94
WULF,2026-01-13 09:40:00+00:00,13.95,13.95,13.95,13.95,211.0,9.0,13.95
WULF,2026-01-13 09:45:00+00:00,13.95,13.95,13.95,13.95,400.0,9.0,13.95
WULF,2026-01-13 09:50:00+00:00,13.91,13.94,13.9,13.94,1704.0,31.0,13.910844
WULF,2026-01-13 10:05:00+00:00,13.93,13.93,13.93,13.93,143.0,2.0,13.93
WULF,2026-01-13 10:15:00+00:00,13.9,13.9,13.9,13.9,135.0,4.0,13.9
WULF,2026-01-13 10:25:00+00:00,13.92,13.92,13.91,13.91,2023.0,18.0,13.91746
WULF,2026-01-13 10:30:00+00:00,13.93,13.94,13.93,13.93,2050.0,11.0,13.9345
WULF,2026-01-13 10:35:00+00:00,13.93,13.93,13.93,13.93,100.0,1.0,13.93
WULF,2026-01-13 10:40:00+00:00,13.93,13.94,13.93,13.94,275.0,5.0,13.935
WULF,2026-01-13 10:50:00+00:00,13.93,13.93,13.92,13.92,310.0,4.0,13.923333
WULF,2026-01-13 11:00:00+00:00,13.91,13.91,13.91,13.91,521.0,4.0,13.91
WULF,2026-01-13 11:35:00+00:00,13.87,13.87,13.85,13.85,2288.0,34.0,13.858126
WULF,2026-01-13 11:45:00+00:00,13.86,13.86,13.86,13.86,443.0,2.0,13.86
WULF,2026-01-13 12:05:00+00:00,13.89,13.9,13.89,13.9,2043.0,7.0,13.890717
WULF,2026-01-13 12:10:00+00:00,13.91,13.91,13.9,13.9,320.0,9.0,13.904587
WULF,2026-01-13 12:15:00+00:00,13.91,13.92,13.89,13.89,5053.0,39.0,13.902223
WULF,2026-01-13 12:20:00+00:00,13.91,13.96,13.91,13.95,4399.0,35.0,13.943683
WULF,2026-01-13 12:25:00+00:00,13.95,13.98,13.95,13.97,5301.0,24.0,13.964099
WULF,2026-01-13 12:30:00+00:00,13.94,13.94,13.94,13.94,974.0,9.0,13.94
WULF,2026-01-13 12:35:00+00:00,13.94,13.94,13.88,13.88,3835.0,16.0,13.902594
WULF,2026-01-13 12:55:00+00:00,13.91,13.91,13.91,13.91,838.0,7.0,13.91
WULF,2026-01-13 13:00:00+00:00,13.89,13.99,13.8,13.89,72786.0,324.0,13.917265
WULF,2026-01-13 13:05:00+00:00,13.9,13.9318,13.9,13.9,6127.0,16.0,13.918437
WULF,2026-01-13 13:10:00+00:00,13.9,13.9199,13.9,13.9198,3414.0,10.0,13.916483
WULF,2026-01-13 13:20:00+00:00,13.91,13.9417,13.89,13.9417,5044.0,32.0,13.919759
WULF,2026-01-13 13:25:00+00:00,13.94,13.97,13.94,13.97,2283.0,15.0,13.962233
WULF,2026-01-13 13:30:00+00:00,13.97,14.1482,13.95,14.0,46978.0,341.0,14.023274
WULF,2026-01-13 13:35:00+00:00,14.05,14.11,14.01,14.07,12275.0,72.0,14.048683
WULF,2026-01-13 13:40:00+00:00,14.05,14.1,13.97,14.09,22591.0,107.0,14.061781
WULF,2026-01-13 13:45:00+00:00,14.09,14.1,14.05,14.0671,9992.0,45.0,14.07683
WULF,2026-01-13 13:50:00+00:00,14.0613,14.0687,13.95,14.068,17105.0,90.0,14.01289
WULF,2026-01-13 13:55:00+00:00,14.0,14.07,14.0,14.05,2914.0,10.0,14.03421
WULF,2026-01-13 14:00:00+00:00,14.04,14.05,14.0,14.05,8097.0,64.0,14.030187
WULF,2026-01-13 14:05:00+00:00,14.071,14.0798,14.02,14.0306,2928.0,13.0,14.052682
WULF,2026-01-13 14:10:00+00:00,14.05,14.09,14.05,14.05,1260.0,19.0,14.058658
WULF,2026-01-13 14:15:00+00:00,14.05,14.09,14.04,14.09,4541.0,25.0,14.059968
WULF,2026-01-13 14:20:00+00:00,14.08,14.13,14.07,14.13,20806.0,137.0,14.107671
WULF,2026-01-13 14:25:00+00:00,14.12,14.13,14.1,14.1,4591.0,43.0,14.121688
WULF,2026-01-13 14:30:00+00:00,14.125,14.16,13.935,14.01,632223.0,2480.0,14.063839
WULF,2026-01-13 14:35:00+00:00,14.04,14.23,14.035,14.13,425528.0,1943.0,14.136335
WULF,2026-01-13 14:40:00+00:00,14.12,14.28,14.03,14.265,479119.0,2530.0,14.146537
WULF,2026-01-13 14:45:00+00:00,14.26,14.32,14.095,14.1,370743.0,2437.0,14.230963
WULF,2026-01-13 14:50:00+00:00,14.09,14.19,14.05,14.06,191170.0,1351.0,14.109831
WULF,2026-01-13 14:55:00+00:00,14.0655,14.16,13.98,14.0,296316.0,1709.0,14.057693
WULF,2026-01-13 15:00:00+00:00,14.0054,14.15,13.9601,14.145,305651.0,1663.0,14.036765
WULF,2026-01-13 15:05:00+00:00,14.15,14.245,14.0592,14.08,318860.0,1843.0,14.175212
WULF,2026-01-13 15:10:00+00:00,14.08,14.205,14.06,14.105,245585.0,1227.0,14.122694
WULF,2026-01-13 15:15:00+00:00,14.1,14.13,14.03,14.12,258204.0,1463.0,14.090805
WULF,2026-01-13 15:20:00+00:00,14.125,14.2599,14.09,14.195,254164.0,1547.0,14.172598
WULF,2026-01-13 15:25:00+00:00,14.1952,14.24,14.134,14.19,278379.0,1984.0,14.18672
WULF,2026-01-13 15:30:00+00:00,14.185,14.235,14.15,14.22,202987.0,1288.0,14.196006
WULF,2026-01-13 15:35:00+00:00,14.22,14.34,14.2142,14.23,570987.0,2963.0,14.262647
WULF,2026-01-13 15:40:00+00:00,14.235,14.28,14.125,14.135,231636.0,1512.0,14.212224
WULF,2026-01-13 15:45:00+00:00,14.13,14.225,14.07,14.11,192186.0,1408.0,14.127975
WULF,2026-01-13 15:50:00+00:00,14.1,14.185,14.05,14.17,173901.0,1129.0,14.097723
WULF,2026-01-13 15:55:00+00:00,14.165,14.2,14.105,14.14,292513.0,1037.0,14.15041
WULF,2026-01-13 16:00:00+00:00,14.13,14.145,14.02,14.055,161439.0,1365.0,14.084703
WULF,2026-01-13 16:05:00+00:00,14.055,14.165,13.96,13.9975,268242.0,1590.0,14.072633
WULF,2026-01-13 16:10:00+00:00,14.0,14.09,14.0,14.065,349471.0,1835.0,14.058283
WULF,2026-01-13 16:15:00+00:00,14.06,14.115,14.035,14.105,152295.0,967.0,14.085363
WULF,2026-01-13 16:20:00+00:00,14.105,14.125,14.0159,14.0159,107930.0,868.0,14.06432
WULF,2026-01-13 16:25:00+00:00,14.02,14.035,13.89,13.975,412094.0,1861.0,13.955415
WULF,2026-01-13 16:30:00+00:00,13.97,14.04,13.955,13.965,374274.0,1442.0,14.002827
WULF,2026-01-13 16:35:00+00:00,13.965,14.045,13.895,14.02,266668.0,1750.0,13.972581
WULF,2026-01-13 16:40:00+00:00,14.0,14.0898,13.9911,14.016,195938.0,1046.0,14.041674
WULF,2026-01-13 16:45:00+00:00,14.015,14.04,13.965,13.9799,168570.0,993.0,13.996388
WULF,2026-01-13 16:50:00+00:00,13.98,14.05,13.98,14.01,95253.0,761.0,14.017842
WULF,2026-01-13 16:55:00+00:00,14.015,14.035,13.975,14.025,169064.0,1178.0,14.005982
WULF,2026-01-13 17:00:00+00:00,14.025,14.0699,14.01,14.025,371633.0,1298.0,14.040364
WULF,2026-01-13 17:05:00+00:00,14.02,14.04,13.993,14.0264,499907.0,1724.0,14.01056
WULF,2026-01-13 17:10:00+00:00,14.02,14.085,13.92,13.925,324857.0,1751.0,14.014735
WULF,2026-01-13 17:15:00+00:00,13.92,13.975,13.88,13.975,763247.0,1220.0,13.912308
WULF,2026-01-13 17:20:00+00:00,13.97,14.0154,13.96,13.975,120482.0,948.0,13.988853
WULF,2026-01-13 17:25:00+00:00,13.975,13.99,13.9245,13.985,183236.0,924.0,13.958649
WULF,2026-01-13 17:30:00+00:00,13.99,14.005,13.92,13.9699,286597.0,1737.0,13.977042
WULF,2026-01-13 17:35:00+00:00,13.9663,13.97,13.87,13.91,204527.0,1052.0,13.911007
WULF,2026-01-13 17:40:00+00:00,13.9,13.975,13.9,13.97,125777.0,696.0,13.941665
WULF,2026-01-13 17:45:00+00:00,13.965,13.99,13.96,13.975,70201.0,672.0,13.976104
WULF,2026-01-13 17:50:00+00:00,13.9799,14.0189,13.965,13.985,92582.0,768.0,13.999031
WULF,2026-01-13 17:55:00+00:00,13.99,13.9938,13.95,13.99,75596.0,745.0,13.970438
WULF,2026-01-13 18:00:00+00:00,13.9936,14.0,13.93,13.95,106967.0,634.0,13.974828
WULF,2026-01-13 18:05:00+00:00,13.955,14.0,13.9416,13.985,65894.0,653.0,13.975497
WULF,2026-01-13 18:10:00+00:00,13.985,14.0082,13.945,14.005,93924.0,728.0,13.985223
WULF,2026-01-13 18:15:00+00:00,14.005,14.09,13.995,14.09,358948.0,1594.0,14.028498
WULF,2026-01-13 18:20:00+00:00,14.085,14.14,14.015,14.1,371809.0,1776.0,14.080445
WULF,2026-01-13 18:25:00+00:00,14.105,14.165,14.05,14.1599,473887.0,1629.0,14.105584
WULF,2026-01-13 18:30:00+00:00,14.1546,14.1636,14.0857,14.135,761325.0,1820.0,14.11878
WULF,2026-01-13 18:35:00+00:00,14.14,14.245,14.11,14.11,793144.0,1865.0,14.184117
WULF,2026-01-13 18:40:00+00:00,14.1065,14.1065,14.015,14.06,517149.0,1765.0,14.048728
WULF,2026-01-13 18:45:00+00:00,14.0559,14.125,14.0517,14.075,639487.0,1744.0,14.080486
WULF,2026-01-13 18:50:00+00:00,14.07,14.075,14.0,14.015,331701.0,1100.0,14.016824
WULF,2026-01-13 18:55:00+00:00,14.015,14.05,13.98,14.05,352534.0,1002.0,14.015371
WULF,2026-01-13 19:00:00+00:00,14.06,14.0881,14.02,14.0361,310016.0,839.0,14.050844
WULF,2026-01-13 19:05:00+00:00,14.04,14.085,14.01,14.0173,219518.0,858.0,14.052498
WULF,2026-01-13 19:10:00+00:00,14.015,14.03,13.95,14.01,243612.0,1157.0,13.988392
WULF,2026-01-13 19:15:00+00:00,14.01,14.035,13.975,14.015,105308.0,782.0,14.013295
WULF,2026-01-13 19:20:00+00:00,14.0199,14.07,13.995,14.045,381791.0,1290.0,14.048579
WULF,2026-01-13 19:25:00+00:00,14.0471,14.065,13.99,14.025,267820.0,1200.0,14.036906
WULF,2026-01-13 19:30:00+00:00,14.03,14.1035,14.015,14.0551,205622.0,942.0,14.050949
WULF,2026-01-13 19:35:00+00:00,14.05,14.07,14.005,14.01,173427.0,910.0,14.030372
WULF,2026-01-13 19:40:00+00:00,14.01,14.0164,13.94,13.96,230043.0,1117.0,13.967785
WULF,2026-01-13 19:45:00+00:00,13.965,14.04,13.9,14.0374,318752.0,991.0,13.951663
WULF,2026-01-13 19:50:00+00:00,14.04,14.165,14.04,14.15,481437.0,1238.0,14.110191
WULF,2026-01-13 19:55:00+00:00,14.17,14.275,14.135,14.275,515747.0,1530.0,14.183531
WULF,2026-01-13 20:00:00+00:00,14.275,14.28,14.175,14.205,360877.0,1523.0,14.23045
WULF,2026-01-13 20:05:00+00:00,14.2,14.24,14.155,14.22,276030.0,995.0,14.193726
WULF,2026-01-13 20:10:00+00:00,14.22,14.235,14.18,14.2,181510.0,1041.0,14.20611
WULF,2026-01-13 20:15:00+00:00,14.205,14.21,14.06,14.095,253069.0,1238.0,14.133566
WULF,2026-01-13 20:20:00+00:00,14.095,14.125,14.03,14.1146,377681.0,1290.0,14.076926
WULF,2026-01-13 20:25:00+00:00,14.1101,14.13,14.04,14.0797,310468.0,1426.0,14.091427
WULF,2026-01-13 20:30:00+00:00,14.075,14.075,13.9742,13.975,409598.0,1612.0,14.011099
WULF,2026-01-13 20:35:00+00:00,13.975,14.0,13.945,13.985,399133.0,1281.0,13.970757
WULF,2026-01-13 20:40:00+00:00,13.985,14.0003,13.94,13.995,296106.0,1560.0,13.971958
WULF,2026-01-13 20:45:00+00:00,13.99,14.095,13.975,14.015,486002.0,1430.0,14.043664
WULF,2026-01-13 20:50:00+00:00,14.01,14.13,13.975,14.115,2090019.0,2947.0,14.085109
WULF,2026-01-13 20:55:00+00:00,14.12,14.16,14.11,14.11,945766.0,4584.0,14.136318
WULF,2026-01-13 21:00:00+00:00,14.11,14.16,14.1,14.1,919107.0,109.0,14.13683
WULF,2026-01-13 21:05:00+00:00,14.1588,14.1588,14.1046,14.1046,329.0,4.0,14.121538
WULF,2026-01-13 21:10:00+00:00,14.09,14.16,14.09,14.16,14029.0,36.0,14.150585
WULF,2026-01-13 21:15:00+00:00,14.1946,14.1946,14.15,14.1501,1925.0,6.0,14.159874
WULF,2026-01-13 21:20:00+00:00,14.18,14.18,14.18,14.18,1401.0,5.0,14.18
WULF,2026-01-13 21:25:00+00:00,14.14,14.14,14.14,14.14,2106.0,3.0,14.14
WULF,2026-01-13 21:30:00+00:00,14.09,14.09,14.09,14.09,251.0,2.0,14.09
WULF,2026-01-13 21:35:00+00:00,14.14,14.14,14.1004,14.1004,1302.0,3.0,14.132385
WULF,2026-01-13 21:45:00+00:00,14.09,14.09,14.09,14.09,101.0,1.0,14.09
WULF,2026-01-13 21:50:00+00:00,14.09,14.09,14.09,14.09,810.0,1.0,14.09
WULF,2026-01-13 21:55:00+00:00,14.11,14.11,14.11,14.11,500.0,1.0,14.11
WULF,2026-01-13 22:10:00+00:00,14.09,14.2,14.09,14.17,21841.0,60.0,14.152672
WULF,2026-01-13 22:15:00+00:00,14.2133,14.2133,14.18,14.18,2819.0,10.0,14.205615
WULF,2026-01-13 22:20:00+00:00,14.18,14.26,14.15,14.25,19515.0,87.0,14.220194
WULF,2026-01-13 22:25:00+00:00,14.24,14.26,14.23,14.23,3745.0,12.0,14.235806
WULF,2026-01-13 22:30:00+00:00,14.2,14.2699,14.2,14.26,5349.0,20.0,14.249706
WULF,2026-01-13 22:35:00+00:00,14.27,14.27,14.26,14.26,4040.0,11.0,14.265075
WULF,2026-01-13 22:40:00+00:00,14.2593,14.27,14.2593,14.2694,1287.0,11.0,14.266536
WULF,2026-01-13 22:45:00+00:00,14.28,14.35,14.28,14.35,16062.0,61.0,14.307339
WULF,2026-01-13 22:50:00+00:00,14.33,14.34,14.32,14.34,7529.0,14.0,14.330776
WULF,2026-01-13 22:55:00+00:00,14.34,14.38,14.32,14.38,10011.0,53.0,14.362011
WULF,2026-01-13 23:00:00+00:00,14.35,14.4,14.35,14.399,21221.0,31.0,14.394036
WULF,2026-01-13 23:05:00+00:00,14.3797,14.39,14.31,14.31,2992.0,17.0,14.361864
WULF,2026-01-13 23:10:00+00:00,14.35,14.3899,14.35,14.3899,423.0,7.0,14.379925
WULF,2026-01-13 23:15:00+00:00,14.39,14.39,14.32,14.33,5015.0,16.0,14.37047
WULF,2026-01-13 23:20:00+00:00,14.3722,14.3722,14.31,14.31,681.0,9.0,14.330477
WULF,2026-01-13 23:25:00+00:00,14.31,14.32,14.31,14.32,3882.0,20.0,14.314128
WULF,2026-01-13 23:30:00+00:00,14.31,14.31,14.28,14.28,6055.0,23.0,14.288062
WULF,2026-01-13 23:35:00+00:00,14.26,14.26,14.23,14.23,5925.0,21.0,14.243377
WULF,2026-01-13 23:40:00+00:00,14.22,14.26,14.21,14.22,2235.0,14.0,14.237545
WULF,2026-01-13 23:45:00+00:00,14.28,14.28,14.26,14.28,1511.0,7.0,14.274645
WULF,2026-01-13 23:50:00+00:00,14.2795,14.2795,14.2755,14.2755,467.0,5.0,14.277422
WULF,2026-01-13 23:55:00+00:00,14.2794,14.2794,14.2794,14.2794,100.0,1.0,14.2794
WULF,2026-01-14 00:00:00+00:00,14.29,14.29,14.29,14.29,1800.0,2.0,14.29
WULF,2026-01-14 00:05:00+00:00,14.27,14.27,14.27,14.27,244.0,4.0,14.27
WULF,2026-01-14 00:10:00+00:00,14.28,14.32,14.26,14.26,4043.0,16.0,14.283946
WULF,2026-01-14 00:15:00+00:00,14.32,14.32,14.29,14.29,807.0,14.0,14.30766
WULF,2026-01-14 00:20:00+00:00,14.31,14.31,14.3,14.3,581.0,9.0,14.301969
WULF,2026-01-14 00:25:00+00:00,14.31,14.34,14.31,14.33,1715.0,11.0,14.329722
WULF,2026-01-14 00:30:00+00:00,14.3,14.33,14.3,14.3288,1417.0,9.0,14.318541
WULF,2026-01-14 00:35:00+00:00,14.34,14.34,14.34,14.34,100.0,1.0,14.34
WULF,2026-01-14 00:40:00+00:00,14.35,14.35,14.3346,14.3368,5906.0,14.0,14.338094
WULF,2026-01-14 00:45:00+00:00,14.27,14.2705,14.27,14.2705,258.0,5.0,14.27025
WULF,2026-01-14 00:50:00+00:00,14.35,14.35,14.35,14.35,251.0,2.0,14.35
WULF,2026-01-14 00:55:00+00:00,14.33,14.3415,14.3,14.31,5488.0,17.0,14.320373
WULF,2026-01-14 09:00:00+00:00,14.3,14.3,14.22,14.22,1007.0,25.0,14.257284
WULF,2026-01-14 09:15:00+00:00,14.23,14.25,14.23,14.25,560.0,5.0,14.233984
WULF,2026-01-14 09:20:00+00:00,14.26,14.27,14.25,14.25,2325.0,10.0,14.252323
WULF,2026-01-14 09:25:00+00:00,14.26,14.28,14.24,14.24,3480.0,29.0,14.25707
WULF,2026-01-14 09:30:00+00:00,14.24,14.24,14.24,14.24,1082.0,7.0,14.24
WULF,2026-01-14 09:40:00+00:00,14.25,14.25,14.25,14.25,240.0,4.0,14.25
WULF,2026-01-14 10:00:00+00:00,14.25,14.25,14.25,14.25,350.0,2.0,14.25
WULF,2026-01-14 10:10:00+00:00,14.245,14.245,14.245,14.245,900.0,6.0,14.245
WULF,2026-01-14 10:15:00+00:00,14.24,14.24,14.24,14.24,500.0,5.0,14.24
WULF,2026-01-14 10:20:00+00:00,14.2,14.2,14.19,14.19,1974.0,41.0,14.195988
WULF,2026-01-14 10:25:00+00:00,14.17,14.17,14.14,14.14,802.0,13.0,14.153491
WULF,2026-01-14 10:45:00+00:00,14.17,14.17,14.17,14.17,1620.0,14.0,14.17
WULF,2026-01-14 10:50:00+00:00,14.17,14.17,14.13,14.13,3944.0,42.0,14.154422
WULF,2026-01-14 11:00:00+00:00,14.15,14.15,14.13,14.13,6047.0,29.0,14.143147
WULF,2026-01-14 11:05:00+00:00,14.125,14.125,14.1,14.1,1637.0,11.0,14.105917
WULF,2026-01-14 11:10:00+00:00,14.13,14.15,14.13,14.15,265.0,3.0,14.141667
WULF,2026-01-14 11:15:00+00:00,14.15,14.15,14.11,14.11,1169.0,5.0,14.128235
WULF,2026-01-14 11:20:00+00:00,14.12,14.12,14.1,14.115,1000.0,6.0,14.1115
WULF,2026-01-14 11:25:00+00:00,14.14,14.15,14.14,14.15,1114.0,6.0,14.147302
WULF,2026-01-14 11:35:00+00:00,14.15,14.15,14.14,14.15,528.0,5.0,14.147126
WULF,2026-01-14 11:45:00+00:00,14.11,14.11,14.11,14.11,1046.0,4.0,14.11
WULF,2026-01-14 11:50:00+00:00,14.12,14.12,14.1,14.12,4529.0,9.0,14.104882
WULF,2026-01-14 11:55:00+00:00,14.1,14.1,14.07,14.07,2146.0,8.0,14.079831
WULF,2026-01-14 12:00:00+00:00,14.09,14.13,14.06,14.06,4993.0,29.0,14.111278
WULF,2026-01-14 12:10:00+00:00,14.12,14.12,14.09,14.09,318.0,4.0,14.099772
WULF,2026-01-14 12:20:00+00:00,14.115,14.14,14.115,14.14,401.0,4.0,14.125
WULF,2026-01-14 12:25:00+00:00,14.13,14.15,14.13,14.15,427.0,14.0,14.14
WULF,2026-01-14 12:30:00+00:00,14.15,14.17,14.14,14.15,5448.0,52.0,14.154977
WULF,2026-01-14 12:35:00+00:00,14.15,14.15,14.14,14.14,808.0,7.0,14.146224
WULF,2026-01-14 12:55:00+00:00,14.14,14.14,14.13,14.13,294.0,4.0,14.135283
WULF,2026-01-14 13:00:00+00:00,14.2327,14.26,14.01,14.13,34789.0,247.0,14.139941
WULF,2026-01-14 13:05:00+00:00,14.12,14.1939,14.11,14.17,39305.0,56.0,14.150875
WULF,2026-01-14 13:10:00+00:00,14.1107,14.1416,14.1101,14.1416,1500.0,16.0,14.113537
WULF,2026-01-14 13:15:00+00:00,14.1712,14.1712,14.15,14.15,640.0,5.0,14.153533
WULF,2026-01-14 13:20:00+00:00,14.165,14.2,14.135,14.135,13232.0,59.0,14.151452
WULF,2026-01-14 13:25:00+00:00,14.2162,14.2162,14.15,14.16,12536.0,35.0,14.171703
WULF,2026-01-14 13:30:00+00:00,14.16,14.18,14.1,14.1,15554.0,35.0,14.152034
WULF,2026-01-14 13:35:00+00:00,14.12,14.12,14.11,14.11,3823.0,16.0,14.117537
WULF,2026-01-14 13:40:00+00:00,14.11,14.12,14.08,14.1,5821.0,26.0,14.099481
WULF,2026-01-14 13:45:00+00:00,14.08,14.08,14.04,14.04,7981.0,59.0,14.067677
WULF,2026-01-14 13:50:00+00:00,14.04,14.06,14.0303,14.05,9867.0,71.0,14.0489
WULF,2026-01-14 13:55:00+00:00,14.05,14.06,14.05,14.06,2271.0,21.0,14.052907
WULF,2026-01-14 14:00:00+00:00,14.05,14.14,14.0385,14.14,30254.0,151.0,14.080986
WULF,2026-01-14 14:05:00+00:00,14.1361,14.15,14.1,14.15,10515.0,79.0,14.130241
WULF,2026-01-14 14:10:00+00:00,14.1689,14.175,14.14,14.17,4625.0,35.0,14.158674
WULF,2026-01-14 14:15:00+00:00,14.18,14.2,14.18,14.2,5303.0,36.0,14.191349
WULF,2026-01-14 14:20:00+00:00,14.1625,14.19,14.1625,14.1888,936.0,13.0,14.173658
WULF,2026-01-14 14:25:00+00:00,14.2,14.2,14.16,14.16,2477.0,14.0,14.191829
WULF,2026-01-14 14:30:00+00:00,14.2,14.38,14.0701,14.093,552457.0,2496.0,14.247544
WULF,2026-01-14 14:35:00+00:00,14.095,14.14,13.85,14.02,567210.0,2994.0,13.963633
WULF,2026-01-14 14:40:00+00:00,14.025,14.18,14.025,14.0575,259142.0,1679.0,14.096838
WULF,2026-01-14 14:45:00+00:00,14.07,14.44,14.045,14.42,932969.0,2316.0,14.259495
WULF,2026-01-14 14:50:00+00:00,14.415,14.53,14.36,14.45,590595.0,2760.0,14.454278
WULF,2026-01-14 14:55:00+00:00,14.445,14.445,14.2,14.21,330981.0,1776.0,14.325016
WULF,2026-01-14 15:00:00+00:00,14.21,14.2263,14.05,14.1701,398055.0,2067.0,14.132055
WULF,2026-01-14 15:05:00+00:00,14.175,14.37,14.135,14.3,570028.0,3689.0,14.273272
WULF,2026-01-14 15:10:00+00:00,14.3,14.455,14.21,14.38,554352.0,3094.0,14.337161
WULF,2026-01-14 15:15:00+00:00,14.375,14.43,14.27,14.33,295280.0,1674.0,14.355493
WULF,2026-01-14 15:20:00+00:00,14.335,14.375,14.275,14.305,268788.0,1586.0,14.339235
WULF,2026-01-14 15:25:00+00:00,14.3,14.32,14.235,14.2554,162501.0,1430.0,14.273154
WULF,2026-01-14 15:30:00+00:00,14.255,14.26,14.19,14.255,251051.0,1659.0,14.225095
WULF,2026-01-14 15:35:00+00:00,14.2517,14.27,14.08,14.1543,507415.0,1561.0,14.164257
WULF,2026-01-14 15:40:00+00:00,14.15,14.19,14.13,14.175,187825.0,1084.0,14.168349
WULF,2026-01-14 15:45:00+00:00,14.18,14.195,14.115,14.117,169586.0,1033.0,14.132498
WULF,2026-01-14 15:50:00+00:00,14.125,14.145,14.02,14.12,425334.0,2497.0,14.082271
WULF,2026-01-14 15:55:00+00:00,14.12,14.21,14.085,14.195,113966.0,1075.0,14.158601
WULF,2026-01-14 16:00:00+00:00,14.2,14.22,14.145,14.165,241758.0,1471.0,14.180511
WULF,2026-01-14 16:05:00+00:00,14.17,14.265,14.156,14.245,105498.0,732.0,14.203698
WULF,2026-01-14 16:10:00+00:00,14.245,14.265,14.17,14.175,282121.0,1635.0,14.22012
WULF,2026-01-14 16:15:00+00:00,14.175,14.235,14.1746,14.235,96986.0,684.0,14.19929
WULF,2026-01-14 16:20:00+00:00,14.235,14.32,14.23,14.3021,245285.0,1086.0,14.28616
WULF,2026-01-14 16:25:00+00:00,14.305,14.335,14.28,14.31,342854.0,1455.0,14.312412
WULF,2026-01-14 16:30:00+00:00,14.3,14.4567,14.29,14.38,291826.0,1364.0,14.405426
WULF,2026-01-14 16:35:00+00:00,14.37,14.37,14.28,14.325,143000.0,979.0,14.325251
WULF,2026-01-14 16:40:00+00:00,14.325,14.345,14.295,14.31,64728.0,677.0,14.316908
WULF,2026-01-14 16:45:00+00:00,14.305,14.365,14.295,14.33,201881.0,656.0,14.338826
WULF,2026-01-14 16:50:00+00:00,14.335,14.3399,14.255,14.27,86034.0,725.0,14.291196
WULF,2026-01-14 16:55:00+00:00,14.275,14.285,14.21,14.2646,93831.0,816.0,14.246961
WULF,2026-01-14 17:00:00+00:00,14.26,14.415,14.24,14.38,125656.0,998.0,14.349911
WULF,2026-01-14 17:05:00+00:00,14.39,14.545,14.39,14.485,318560.0,1460.0,14.492036
WULF,2026-01-14 17:10:00+00:00,14.485,14.52,14.4304,14.5191,124514.0,959.0,14.489149
WULF,2026-01-14 17:15:00+00:00,14.51,14.55,14.44,14.52,231390.0,1385.0,14.515644
WULF,2026-01-14 17:20:00+00:00,14.518,14.54,14.4647,14.52,168477.0,1142.0,14.504892
WULF,2026-01-14 17:25:00+00:00,14.525,14.54,14.47,14.485,195631.0,889.0,14.502092
WULF,2026-01-14 17:30:00+00:00,14.48,14.48,14.235,14.335,330815.0,1992.0,14.337108
WULF,2026-01-14 17:35:00+00:00,14.335,14.37,14.28,14.37,234106.0,958.0,14.327642
WULF,2026-01-14 17:40:00+00:00,14.37,14.425,14.34,14.42,86200.0,588.0,14.391876
WULF,2026-01-14 17:45:00+00:00,14.425,14.46,14.393,14.423,75099.0,673.0,14.435341
WULF,2026-01-14 17:50:00+00:00,14.42,14.42,14.33,14.35,93956.0,827.0,14.369522
WULF,2026-01-14 17:55:00+00:00,14.345,14.36,14.16,14.1654,200508.0,1167.0,14.268874
WULF,2026-01-14 18:00:00+00:00,14.16,14.225,14.12,14.225,349100.0,1523.0,14.158583
WULF,2026-01-14 18:05:00+00:00,14.225,14.3,14.225,14.28,168754.0,860.0,14.26716
WULF,2026-01-14 18:10:00+00:00,14.28,14.28,14.2117,14.2331,171195.0,666.0,14.241135
WULF,2026-01-14 18:15:00+00:00,14.235,14.265,14.205,14.255,265094.0,693.0,14.238507
WULF,2026-01-14 18:20:00+00:00,14.2502,14.37,14.25,14.33,326058.0,806.0,14.304438
WULF,2026-01-14 18:25:00+00:00,14.33,14.33,14.2526,14.32,106113.0,701.0,14.287363
WULF,2026-01-14 18:30:00+00:00,14.32,14.355,14.2243,14.2373,244297.0,848.0,14.301542
WULF,2026-01-14 18:35:00+00:00,14.24,14.26,14.15,14.1683,376565.0,1414.0,14.224481
WULF,2026-01-14 18:40:00+00:00,14.17,14.185,14.15,14.175,294160.0,713.0,14.164802
WULF,2026-01-14 18:45:00+00:00,14.18,14.2309,14.155,14.1898,288616.0,897.0,14.185999
WULF,2026-01-14 18:50:00+00:00,14.19,14.29,14.19,14.29,178332.0,749.0,14.257101
WULF,2026-01-14 18:55:00+00:00,14.285,14.29,14.175,14.2,140510.0,894.0,14.218968
WULF,2026-01-14 19:00:00+00:00,14.195,14.2942,14.15,14.2701,193053.0,863.0,14.232908
WULF,2026-01-14 19:05:00+00:00,14.2732,14.285,14.235,14.245,176672.0,695.0,14.253312
WULF,2026-01-14 19:10:00+00:00,14.245,14.28,14.185,14.275,187922.0,775.0,14.22396
WULF,2026-01-14 19:15:00+00:00,14.27,14.33,14.255,14.3102,204926.0,900.0,14.296926
WULF,2026-01-14 19:20:00+00:00,14.32,14.41,14.305,14.345,314903.0,1098.0,14.365973
WULF,2026-01-14 19:25:00+00:00,14.34,14.425,14.28,14.415,173314.0,1143.0,14.348325
WULF,2026-01-14 19:30:00+00:00,14.42,14.43,14.315,14.34,220851.0,887.0,14.363926
WULF,2026-01-14 19:35:00+00:00,14.335,14.455,14.325,14.455,329105.0,866.0,14.373383
WULF,2026-01-14 19:40:00+00:00,14.4544,14.47,14.4,14.4442,329012.0,1285.0,14.43994
WULF,2026-01-14 19:45:00+00:00,14.445,14.465,14.41,14.445,319712.0,1367.0,14.439522
WULF,2026-01-14 19:50:00+00:00,14.44,14.5,14.37,14.3756,221304.0,887.0,14.441263
WULF,2026-01-14 19:55:00+00:00,14.375,14.44,14.32,14.435,190469.0,1016.0,14.389293
WULF,2026-01-14 20:00:00+00:00,14.44,14.45,14.235,14.28,322750.0,1731.0,14.319
WULF,2026-01-14 20:05:00+00:00,14.28,14.475,14.275,14.435,187917.0,1018.0,14.385289
WULF,2026-01-14 20:10:00+00:00,14.43,14.485,14.38,14.395,129870.0,1024.0,14.442708
WULF,2026-01-14 20:15:00+00:00,14.395,14.405,14.315,14.37,134753.0,1169.0,14.357528
WULF,2026-01-14 20:20:00+00:00,14.36,14.38,14.285,14.31,302261.0,1952.0,14.331787
WULF,2026-01-14 20:25:00+00:00,14.3,14.35,14.265,14.31,277341.0,1412.0,14.317361
WULF,2026-01-14 20:30:00+00:00,14.31,14.395,14.265,14.3552,238464.0,1153.0,14.347015
WULF,2026-01-14 20:35:00+00:00,14.35,14.36,14.29,14.3298,257717.0,1424.0,14.334405
WULF,2026-01-14 20:40:00+00:00,14.32,14.35,14.26,14.265,270433.0,1564.0,14.305755
WULF,2026-01-14 20:45:00+00:00,14.265,14.285,14.2,14.205,474456.0,2553.0,14.234733
WULF,2026-01-14 20:50:00+00:00,14.205,14.33,14.175,14.205,622877.0,3546.0,14.215017
WULF,2026-01-14 20:55:00+00:00,14.205,14.24,14.18,14.2,525389.0,3780.0,14.207588
WULF,2026-01-14 21:00:00+00:00,14.21,14.21,14.18,14.21,669016.0,51.0,14.209934
WULF,2026-01-14 21:05:00+00:00,14.22,14.2941,14.22,14.2941,291.0,5.0,14.256146
WULF,2026-01-14 21:10:00+00:00,14.31,14.31,14.3023,14.3023,1005.0,8.0,14.30384
WULF,2026-01-14 21:15:00+00:00,14.26,14.26,14.26,14.26,3050.0,7.0,14.26
WULF,2026-01-14 21:20:00+00:00,14.26,14.26,14.22,14.22,8498.0,19.0,14.232598
WULF,2026-01-14 21:25:00+00:00,14.26,14.26,14.21,14.21,645.0,6.0,14.244965
WULF,2026-01-14 21:30:00+00:00,14.22,14.22,14.21,14.21,415.0,6.0,14.212703
WULF,2026-01-14 21:35:00+00:00,14.21,14.3,14.21,14.25,1078.0,15.0,14.249402
WULF,2026-01-14 21:40:00+00:00,14.2861,14.2943,14.26,14.2942,1338.0,6.0,14.287721
WULF,2026-01-14 21:45:00+00:00,14.21,14.23,14.21,14.23,4002.0,15.0,14.217973
WULF,2026-01-14 21:50:00+00:00,14.25,14.25,14.22,14.22,777.0,11.0,14.234368
WULF,2026-01-14 21:55:00+00:00,14.2,14.2828,14.2,14.2828,2571.0,15.0,14.205285
WULF,2026-01-14 22:00:00+00:00,14.2,14.3,14.19,14.3,7071.0,6.0,14.292963
WULF,2026-01-14 22:05:00+00:00,14.22,14.3,14.17,14.17,3758.0,22.0,14.191791
WULF,2026-01-14 22:10:00+00:00,14.24,14.24,14.15,14.17,1750.0,9.0,14.194706
WULF,2026-01-14 22:15:00+00:00,14.15,14.17,14.15,14.17,1186.0,15.0,14.167516
WULF,2026-01-14 22:20:00+00:00,14.15,14.15,14.15,14.15,340.0,2.0,14.15
WULF,2026-01-14 22:25:00+00:00,14.18,14.19,14.17,14.19,1573.0,22.0,14.175804
WULF,2026-01-14 22:30:00+00:00,14.19,14.19,14.15,14.15,2194.0,10.0,14.17581
WULF,2026-01-14 22:35:00+00:00,14.15,14.15,14.15,14.15,1300.0,4.0,14.15
WULF,2026-01-14 22:40:00+00:00,14.14,14.14,14.13,14.13,1960.0,9.0,14.132536
WULF,2026-01-14 22:50:00+00:00,14.14,14.15,14.14,14.14,1132.0,9.0,14.14446
WULF,2026-01-14 23:10:00+00:00,14.15,14.15,14.15,14.15,200.0,2.0,14.15
WULF,2026-01-14 23:15:00+00:00,14.15,14.15,14.15,14.15,101.0,2.0,14.15
WULF,2026-01-14 23:20:00+00:00,14.12,14.12,14.11,14.12,628.0,5.0,14.116825
WULF,2026-01-14 23:25:00+00:00,14.12,14.13,14.11,14.11,4979.0,19.0,14.118569
WULF,2026-01-14 23:30:00+00:00,14.13,14.1481,14.11,14.1481,4280.0,11.0,14.11187
WULF,2026-01-14 23:40:00+00:00,14.15,14.15,14.15,14.15,1000.0,1.0,14.15
WULF,2026-01-14 23:45:00+00:00,14.11,14.11,14.11,14.11,104.0,2.0,14.11
WULF,2026-01-14 23:50:00+00:00,14.12,14.12,14.1103,14.1103,405.0,3.0,14.117006
WULF,2026-01-14 23:55:00+00:00,14.11,14.1481,14.11,14.1481,1210.0,4.0,14.144636
WULF,2026-01-15 00:00:00+00:00,14.11,14.12,14.11,14.11,1408.0,7.0,14.114988
WULF,2026-01-15 00:05:00+00:00,14.1,14.1099,14.1,14.1099,2563.0,15.0,14.10429
WULF,2026-01-15 00:10:00+00:00,14.11,14.11,14.1086,14.11,6500.0,5.0,14.109634
WULF,2026-01-15 00:15:00+00:00,14.11,14.11,14.1,14.1,3254.0,8.0,14.101563
WULF,2026-01-15 00:20:00+00:00,14.11,14.11,14.08,14.08,1534.0,13.0,14.096015
WULF,2026-01-15 00:25:00+00:00,14.1,14.11,14.0801,14.0801,1861.0,5.0,14.096254
WULF,2026-01-15 00:30:00+00:00,14.08,14.11,14.08,14.11,1392.0,9.0,14.096292
WULF,2026-01-15 00:35:00+00:00,14.11,14.11,14.08,14.08,496.0,7.0,14.090728
WULF,2026-01-15 00:40:00+00:00,14.0671,14.11,14.0671,14.11,610.0,5.0,14.096783
WULF,2026-01-15 00:45:00+00:00,14.06,14.1,14.06,14.1,600.0,2.0,14.093333
WULF,2026-01-15 00:50:00+00:00,14.08,14.08,14.07,14.0782,4723.0,15.0,14.074783
WULF,2026-01-15 00:55:00+00:00,14.07,14.1,14.07,14.09,3325.0,14.0,14.086964
WULF,2026-01-15 09:00:00+00:00,14.09,14.2,14.01,14.2,2474.0,12.0,14.039598
WULF,2026-01-15 09:05:00+00:00,14.14,14.16,14.14,14.16,537.0,14.0,14.150971
WULF,2026-01-15 09:15:00+00:00,14.2,14.2,14.2,14.2,300.0,2.0,14.2
WULF,2026-01-15 09:20:00+00:00,14.21,14.21,14.21,14.21,839.0,13.0,14.21
WULF,2026-01-15 09:25:00+00:00,14.21,14.27,14.21,14.27,8195.0,40.0,14.22563
WULF,2026-01-15 09:30:00+00:00,14.27,14.27,14.27,14.27,1426.0,4.0,14.27
WULF,2026-01-15 09:35:00+00:00,14.27,14.28,14.27,14.27,656.0,9.0,14.274008
WULF,2026-01-15 09:40:00+00:00,14.31,14.32,14.3,14.3,4292.0,21.0,14.305734
WULF,2026-01-15 09:55:00+00:00,14.32,14.32,14.3,14.3,970.0,13.0,14.310285
WULF,2026-01-15 10:05:00+00:00,14.28,14.31,14.28,14.31,2500.0,11.0,14.300116
WULF,2026-01-15 10:55:00+00:00,14.24,14.24,14.24,14.24,449.0,6.0,14.24
WULF,2026-01-15 11:05:00+00:00,14.27,14.27,14.27,14.27,300.0,2.0,14.27
WULF,2026-01-15 11:25:00+00:00,14.27,14.28,14.23,14.23,2657.0,30.0,14.265724
WULF,2026-01-15 11:30:00+00:00,14.27,14.27,14.27,14.27,240.0,4.0,14.27
WULF,2026-01-15 11:35:00+00:00,14.25,14.25,14.22,14.23,3547.0,35.0,14.234855
WULF,2026-01-15 11:40:00+00:00,14.27,14.32,14.27,14.32,6991.0,41.0,14.29526
WULF,2026-01-15 11:50:00+00:00,14.25,14.26,14.25,14.26,399.0,5.0,14.257143
WULF,2026-01-15 12:00:00+00:00,14.25,14.25,14.24,14.24,952.0,7.0,14.245377
WULF,2026-01-15 12:05:00+00:00,14.26,14.26,14.26,14.26,200.0,1.0,14.26
WULF,2026-01-15 12:15:00+00:00,14.24,14.24,14.24,14.24,234.0,3.0,14.24
WULF,2026-01-15 12:20:00+00:00,14.25,14.26,14.25,14.26,759.0,8.0,14.256575
WULF,2026-01-15 12:25:00+00:00,14.27,14.27,14.25,14.25,411.0,4.0,14.26375
WULF,2026-01-15 12:30:00+00:00,14.25,14.25,14.25,14.25,1000.0,2.0,14.25
WULF,2026-01-15 12:35:00+00:00,14.26,14.26,14.26,14.26,500.0,2.0,14.26
WULF,2026-01-15 12:45:00+00:00,14.28,14.28,14.28,14.28,200.0,2.0,14.28
WULF,2026-01-15 12:50:00+00:00,14.28,14.28,14.27,14.27,889.0,8.0,14.27125
WULF,2026-01-15 12:55:00+00:00,14.28,14.28,14.28,14.28,122.0,2.0,14.28
WULF,2026-01-15 13:00:00+00:00,14.15,14.32,14.0,14.27,75234.0,239.0,14.228441
WULF,2026-01-15 13:05:00+00:00,14.28,14.29,14.28,14.29,340.0,3.0,14.284118
WULF,2026-01-15 13:10:00+00:00,14.2691,14.29,14.2691,14.29,722.0,9.0,14.277879
WULF,2026-01-15 13:15:00+00:00,14.29,14.3,14.27,14.3,5708.0,30.0,14.291072
WULF,2026-01-15 13:20:00+00:00,14.3,14.3,14.285,14.285,624.0,11.0,14.29017
WULF,2026-01-15 13:25:00+00:00,14.2709,14.33,14.2709,14.33,11212.0,41.0,14.305242
WULF,2026-01-15 13:30:00+00:00,14.33,14.33,14.29,14.3025,15727.0,26.0,14.323375
WULF,2026-01-15 13:35:00+00:00,14.29,14.29,14.29,14.29,100.0,1.0,14.29
WULF,2026-01-15 13:40:00+00:00,14.29,14.29,14.25,14.26,9035.0,24.0,14.28002
WULF,2026-01-15 13:45:00+00:00,14.24,14.29,14.24,14.29,5488.0,25.0,14.264596
WULF,2026-01-15 13:50:00+00:00,14.32,14.32,14.25,14.2819,8568.0,29.0,14.276223
WULF,2026-01-15 13:55:00+00:00,14.24,14.29,14.24,14.2776,3239.0,17.0,14.267436
WULF,2026-01-15 14:00:00+00:00,14.26,14.27,14.25,14.27,36731.0,11.0,14.264405
WULF,2026-01-15 14:05:00+00:00,14.26,14.27,14.25,14.27,3330.0,17.0,14.258291
WULF,2026-01-15 14:10:00+00:00,14.25,14.27,14.25,14.27,930.0,7.0,14.265699
WULF,2026-01-15 14:15:00+00:00,14.28,14.28,14.25,14.28,3124.0,21.0,14.270758
WULF,2026-01-15 14:20:00+00:00,14.2546,14.28,14.2546,14.28,1986.0,13.0,14.271152
WULF,2026-01-15 14:25:00+00:00,14.3,14.3,14.16,14.18,142088.0,162.0,14.288252
WULF,2026-01-15 14:30:00+00:00,14.18,14.23,13.87,14.06,823667.0,3928.0,14.045731
WULF,2026-01-15 14:35:00+00:00,14.06,14.185,14.0,14.17,358976.0,2256.0,14.070588
WULF,2026-01-15 14:40:00+00:00,14.1726,14.25,14.0,14.025,322157.0,2122.0,14.097652
WULF,2026-01-15 14:45:00+00:00,14.04,14.11,13.9899,14.01,250213.0,1335.0,14.031846
WULF,2026-01-15 14:50:00+00:00,14.01,14.11,13.99,14.05,210261.0,1488.0,14.059958
WULF,2026-01-15 14:55:00+00:00,14.045,14.05,13.7845,13.79,374348.0,2188.0,13.915851
WULF,2026-01-15 15:00:00+00:00,13.79,13.93,13.76,13.83,351682.0,2054.0,13.842212
WULF,2026-01-15 15:05:00+00:00,13.825,13.8552,13.72,13.76,277675.0,1806.0,13.776714
WULF,2026-01-15 15:10:00+00:00,13.755,13.805,13.7,13.7243,317035.0,1923.0,13.746068
WULF,2026-01-15 15:15:00+00:00,13.725,13.89,13.72,13.86,239297.0,1758.0,13.816618
WULF,2026-01-15 15:20:00+00:00,13.87,13.92,13.8135,13.91,140475.0,1348.0,13.846504
WULF,2026-01-15 15:25:00+00:00,13.9225,13.94,13.88,13.92,157634.0,1244.0,13.901472
WULF,2026-01-15 15:30:00+00:00,13.915,14.0001,13.89,13.96,200669.0,1496.0,13.974469
WULF,2026-01-15 15:35:00+00:00,13.9634,14.01,13.94,13.965,129133.0,992.0,13.974984
WULF,2026-01-15 15:40:00+00:00,13.97,14.03,13.91,13.915,158124.0,897.0,13.984682
WULF,2026-01-15 15:45:00+00:00,13.91,13.95,13.85,13.875,81384.0,736.0,13.896697
WULF,2026-01-15 15:50:00+00:00,13.88,13.94,13.88,13.935,68254.0,759.0,13.912489
WULF,2026-01-15 15:55:00+00:00,13.935,14.065,13.92,14.0642,212285.0,1466.0,14.00378
WULF,2026-01-15 16:00:00+00:00,14.065,14.13,14.05,14.09,265452.0,1080.0,14.085681
WULF,2026-01-15 16:05:00+00:00,14.0952,14.1,13.99,14.035,184093.0,924.0,14.04666
WULF,2026-01-15 16:10:00+00:00,14.035,14.1,14.01,14.015,114978.0,885.0,14.052754
WULF,2026-01-15 16:15:00+00:00,14.01,14.085,14.01,14.045,78798.0,738.0,14.054615
WULF,2026-01-15 16:20:00+00:00,14.045,14.0734,14.035,14.055,60425.0,629.0,14.049791
WULF,2026-01-15 16:25:00+00:00,14.05,14.21,14.04,14.1449,306183.0,1705.0,14.160087
WULF,2026-01-15 16:30:00+00:00,14.145,14.22,14.14,14.195,127974.0,796.0,14.184395
WULF,2026-01-15 16:35:00+00:00,14.19,14.24,14.185,14.23,170822.0,990.0,14.212832
WULF,2026-01-15 16:40:00+00:00,14.2225,14.226,14.09,14.1,546432.0,1412.0,14.153814
WULF,2026-01-15 16:45:00+00:00,14.09,14.13,14.04,14.115,87068.0,967.0,14.088382
WULF,2026-01-15 16:50:00+00:00,14.11,14.12,14.075,14.105,110581.0,894.0,14.095103
WULF,2026-01-15 16:55:00+00:00,14.1032,14.17,14.1032,14.16,124108.0,859.0,14.149526
WULF,2026-01-15 17:00:00+00:00,14.1537,14.2,14.1501,14.195,102263.0,803.0,14.178657
WULF,2026-01-15 17:05:00+00:00,14.195,14.22,14.155,14.21,141058.0,912.0,14.193349
WULF,2026-01-15 17:10:00+00:00,14.205,14.225,14.183,14.185,63354.0,708.0,14.204003
WULF,2026-01-15 17:15:00+00:00,14.185,14.22,14.175,14.195,76984.0,775.0,14.194222
WULF,2026-01-15 17:20:00+00:00,14.195,14.27,14.18,14.265,139859.0,947.0,14.234143
WULF,2026-01-15 17:25:00+00:00,14.265,14.32,14.24,14.2655,145699.0,949.0,14.282118
WULF,2026-01-15 17:30:00+00:00,14.265,14.2899,14.24,14.2899,170609.0,1153.0,14.266547
WULF,2026-01-15 17:35:00+00:00,14.28,14.315,14.24,14.2501,289517.0,936.0,14.268673
WULF,2026-01-15 17:40:00+00:00,14.255,14.34,14.2327,14.2334,163471.0,872.0,14.275672
WULF,2026-01-15 17:45:00+00:00,14.235,14.26,14.1831,14.1864,249897.0,1150.0,14.226544
WULF,2026-01-15 17:50:00+00:00,14.185,14.205,14.06,14.085,428087.0,1541.0,14.124011
WULF,2026-01-15 17:55:00+00:00,14.085,14.13,14.07,14.115,120656.0,844.0,14.098073
WULF,2026-01-15 18:00:00+00:00,14.115,14.115,14.0,14.045,239887.0,1570.0,14.05088
WULF,2026-01-15 18:05:00+00:00,14.04,14.09,14.0342,14.08,100786.0,729.0,14.061717
WULF,2026-01-15 18:10:00+00:00,14.07,14.07,14.015,14.065,130131.0,850.0,14.038581
WULF,2026-01-15 18:15:00+00:00,14.065,14.0846,14.035,14.035,122579.0,878.0,14.055038
WULF,2026-01-15 18:20:00+00:00,14.04,14.045,13.98,13.985,120042.0,768.0,14.016139
WULF,2026-01-15 18:25:00+00:00,13.99,13.995,13.94,13.975,146820.0,1034.0,13.961392
WULF,2026-01-15 18:30:00+00:00,13.97,14.04,13.95,14.025,165503.0,1033.0,13.992785
WULF,2026-01-15 18:35:00+00:00,14.025,14.03,13.93,13.935,104889.0,744.0,13.987077
WULF,2026-01-15 18:40:00+00:00,13.9353,14.0375,13.925,14.015,114364.0,964.0,13.987227
WULF,2026-01-15 18:45:00+00:00,14.0183,14.02,13.95,13.9688,73250.0,748.0,13.985612
WULF,2026-01-15 18:50:00+00:00,13.96,14.08,13.92,14.0338,149199.0,1231.0,14.0216
WULF,2026-01-15 18:55:00+00:00,14.035,14.085,14.03,14.075,87028.0,796.0,14.053077
WULF,2026-01-15 19:00:00+00:00,14.07,14.105,14.02,14.095,145887.0,869.0,14.072109
WULF,2026-01-15 19:05:00+00:00,14.096,14.16,14.065,14.145,155362.0,1141.0,14.114573
WULF,2026-01-15 19:10:00+00:00,14.145,14.155,14.11,14.145,117410.0,901.0,14.13279
WULF,2026-01-15 19:15:00+00:00,14.145,14.225,14.14,14.205,226566.0,1243.0,14.190975
WULF,2026-01-15 19:20:00+00:00,14.2033,14.25,14.1303,14.1499,314275.0,1447.0,14.195258
WULF,2026-01-15 19:25:00+00:00,14.1463,14.19,14.107,14.19,149326.0,1004.0,14.150797
WULF,2026-01-15 19:30:00+00:00,14.1933,14.1933,14.045,14.075,965153.0,1270.0,14.110573
WULF,2026-01-15 19:35:00+00:00,14.07,14.07,13.99,14.0,141487.0,956.0,14.039863
WULF,2026-01-15 19:40:00+00:00,13.995,14.005,13.88,13.9,251632.0,1552.0,13.922884
WULF,2026-01-15 19:45:00+00:00,13.9,14.0,13.87,13.94,274456.0,1639.0,13.935152
WULF,2026-01-15 19:50:00+00:00,13.9374,14.105,13.93,14.05,391607.0,2392.0,14.033483
WULF,2026-01-15 19:55:00+00:00,14.045,14.115,13.95,14.115,235494.0,1442.0,14.021432
WULF,2026-01-15 20:00:00+00:00,14.115,14.115,13.93,13.995,221012.0,1769.0,14.018315
WULF,2026-01-15 20:05:00+00:00,13.99,14.01,13.885,13.91,179050.0,1299.0,13.931424
WULF,2026-01-15 20:10:00+00:00,13.91,13.915,13.82,13.86,660499.0,2037.0,13.879005
WULF,2026-01-15 20:15:00+00:00,13.86,13.885,13.805,13.82,286923.0,1978.0,13.843447
WULF,2026-01-15 20:20:00+00:00,13.815,13.8863,13.8,13.83,361532.0,1944.0,13.834702
WULF,2026-01-15 20:25:00+00:00,13.835,13.875,13.82,13.82,151590.0,1267.0,13.84936
WULF,2026-01-15 20:30:00+00:00,13.8299,13.8964,13.8,13.895,210897.0,1585.0,13.856317
WULF,2026-01-15 20:35:00+00:00,13.9,13.98,13.87,13.93,655674.0,1810.0,13.929723
WULF,2026-01-15 20:40:00+00:00,13.94,13.97,13.9,13.915,333960.0,1574.0,13.944634
WULF,2026-01-15 20:45:00+00:00,13.91,13.955,13.895,13.9,319853.0,1921.0,13.922804
WULF,2026-01-15 20:50:00+00:00,13.9,13.94,13.865,13.865,434987.0,2806.0,13.903777
WULF,2026-01-15 20:55:00+00:00,13.86,13.86,13.74,13.85,935262.0,5575.0,13.792954
WULF,2026-01-15 21:00:00+00:00,13.83,13.84,13.7,13.7,669352.0,93.0,13.82865
WULF,2026-01-15 21:05:00+00:00,13.8,13.8,13.7487,13.7487,3335.0,13.0,13.797459
WULF,2026-01-15 21:15:00+00:00,13.746,13.91,13.746,13.83,3616.0,13.0,13.847087
WULF,2026-01-15 21:20:00+00:00,13.91,13.91,13.81,13.81,862.0,6.0,13.825333
WULF,2026-01-15 21:25:00+00:00,13.82,13.88,13.82,13.88,1400.0,2.0,13.862857
WULF,2026-01-15 21:30:00+00:00,13.879,13.88,13.82,13.88,601.0,5.0,13.849833
WULF,2026-01-15 21:35:00+00:00,13.83,13.83,13.8204,13.8204,758.0,8.0,13.822258
WULF,2026-01-15 21:45:00+00:00,13.84,13.87,13.84,13.87,2689.0,15.0,13.84901
WULF,2026-01-15 21:50:00+00:00,13.86,13.8702,13.86,13.8702,625.0,5.0,13.866245
WULF,2026-01-15 21:55:00+00:00,13.87,13.89,13.8,13.8,8869.0,34.0,13.844979
WULF,2026-01-15 22:00:00+00:00,13.8,13.88,13.7,13.7,194464.0,89.0,13.7311
WULF,2026-01-15 22:05:00+00:00,13.7,13.82,13.7,13.81,2724.0,24.0,13.778531
WULF,2026-01-15 22:10:00+00:00,13.81,13.83,13.7,13.75,34903.0,281.0,13.719333
WULF,2026-01-15 22:15:00+00:00,13.73,13.75,13.7,13.7,21107.0,115.0,13.704097
WULF,2026-01-15 22:20:00+00:00,13.69,13.69,13.59,13.6,25951.0,122.0,13.613965
WULF,2026-01-15 22:25:00+00:00,13.6,13.7,13.6,13.6,6157.0,48.0,13.602822
WULF,2026-01-15 22:30:00+00:00,13.6,13.62,13.6,13.6,2203.0,18.0,13.607995
WULF,2026-01-15 22:35:00+00:00,13.6,13.68,13.55,13.68,5997.0,45.0,13.575185
WULF,2026-01-15 22:40:00+00:00,13.65,13.67,13.65,13.66,1237.0,14.0,13.659341
WULF,2026-01-15 22:45:00+00:00,13.69,13.75,13.69,13.75,1964.0,25.0,13.734964
WULF,2026-01-15 22:50:00+00:00,13.76,13.76,13.76,13.76,1800.0,2.0,13.76
WULF,2026-01-15 22:55:00+00:00,13.85,13.85,13.85,13.85,401.0,2.0,13.85
WULF,2026-01-15 23:00:00+00:00,13.763,13.81,13.76,13.76,1126.0,10.0,13.78068
WULF,2026-01-15 23:05:00+00:00,13.82,13.82,13.82,13.82,516.0,3.0,13.82
WULF,2026-01-15 23:10:00+00:00,13.8,13.8,13.8,13.8,151.0,4.0,13.8
WULF,2026-01-15 23:15:00+00:00,13.76,13.79,13.76,13.79,4913.0,8.0,13.775356
WULF,2026-01-15 23:20:00+00:00,13.77,13.79,13.76,13.7605,9812.0,17.0,13.7813
WULF,2026-01-15 23:25:00+00:00,13.79,13.79,13.79,13.79,3567.0,2.0,13.79
WULF,2026-01-15 23:35:00+00:00,13.82,13.82,13.82,13.82,695.0,7.0,13.82
WULF,2026-01-15 23:40:00+00:00,13.8,13.8,13.8,13.8,168.0,2.0,13.8
WULF,2026-01-15 23:50:00+00:00,13.8,13.82,13.7638,13.7638,1291.0,10.0,13.793478
WULF,2026-01-15 23:55:00+00:00,13.8,13.82,13.8,13.82,600.0,3.0,13.816622
WULF,2026-01-16 00:00:00+00:00,13.82,13.8505,13.82,13.8505,11973.0,22.0,13.846322
WULF,2026-01-16 00:10:00+00:00,13.87,13.88,13.87,13.88,5485.0,6.0,13.870486
WULF,2026-01-16 00:15:00+00:00,13.85,13.87,13.85,13.87,1213.0,5.0,13.853727
WULF,2026-01-16 00:20:00+00:00,13.85,13.85,13.85,13.85,600.0,2.0,13.85
WULF,2026-01-16 00:25:00+00:00,13.9,13.9,13.87,13.88,3942.0,15.0,13.892788
WULF,2026-01-16 00:30:00+00:00,13.85,13.88,13.85,13.88,900.0,3.0,13.866667
WULF,2026-01-16 00:35:00+00:00,13.9,13.9,13.8514,13.8514,754.0,4.0,13.858067
WULF,2026-01-16 00:40:00+00:00,13.85,13.85,13.85,13.85,1000.0,1.0,13.85
WULF,2026-01-16 00:45:00+00:00,13.87,13.88,13.87,13.88,762.0,6.0,13.874643
WULF,2026-01-16 00:50:00+00:00,13.85,13.85,13.85,13.85,245.0,1.0,13.85
WULF,2026-01-16 00:55:00+00:00,13.86,13.86,13.85,13.85,814.0,4.0,13.85375
WULF,2026-01-16 09:15:00+00:00,13.9,13.9,13.9,13.9,112.0,2.0,13.9
WULF,2026-01-16 09:30:00+00:00,13.93,13.94,13.93,13.93,895.0,6.0,13.931127
WULF,2026-01-16 09:55:00+00:00,13.93,13.93,13.93,13.93,1990.0,24.0,13.93
WULF,2026-01-16 10:00:00+00:00,13.93,13.94,13.93,13.94,1110.0,5.0,13.932162
WULF,2026-01-16 10:20:00+00:00,13.93,13.93,13.93,13.93,112.0,1.0,13.93
WULF,2026-01-16 10:25:00+00:00,13.92,13.92,13.92,13.92,117.0,2.0,13.92
WULF,2026-01-16 10:30:00+00:00,13.91,13.91,13.9,13.9,2712.0,4.0,13.909577
WULF,2026-01-16 10:40:00+00:00,13.9,13.9,13.9,13.9,413.0,2.0,13.9
WULF,2026-01-16 10:45:00+00:00,13.9,13.95,13.9,13.95,3949.0,18.0,13.915066
WULF,2026-01-16 10:50:00+00:00,13.93,13.93,13.93,13.93,606.0,6.0,13.93
WULF,2026-01-16 11:05:00+00:00,13.92,13.92,13.92,13.92,100.0,1.0,13.92
WULF,2026-01-16 11:10:00+00:00,13.92,13.92,13.92,13.92,100.0,1.0,13.92
WULF,2026-01-16 11:15:00+00:00,13.94,13.94,13.94,13.94,470.0,7.0,13.94
WULF,2026-01-16 11:50:00+00:00,13.915,13.915,13.915,13.915,145.0,1.0,13.915
WULF,2026-01-16 11:55:00+00:00,13.91,13.91,13.9,13.9,438.0,6.0,13.906364
WULF,2026-01-16 12:00:00+00:00,13.89,13.9,13.89,13.89,1352.0,10.0,13.894207
WULF,2026-01-16 12:05:00+00:00,13.89,13.9,13.87,13.87,2948.0,17.0,13.880117
WULF,2026-01-16 12:10:00+00:00,13.87,13.89,13.87,13.88,3000.0,14.0,13.873867
WULF,2026-01-16 12:15:00+00:00,13.86,13.88,13.86,13.88,3736.0,10.0,13.861993
WULF,2026-01-16 12:20:00+00:00,13.875,13.88,13.86,13.86,3315.0,11.0,13.8784
WULF,2026-01-16 12:30:00+00:00,13.86,13.86,13.86,13.86,872.0,5.0,13.86
WULF,2026-01-16 12:35:00+00:00,13.86,13.86,13.86,13.86,1000.0,1.0,13.86
WULF,2026-01-16 12:45:00+00:00,13.85,13.85,13.85,13.85,211.0,4.0,13.85
WULF,2026-01-16 12:50:00+00:00,13.86,13.87,13.86,13.86,6895.0,5.0,13.860247
WULF,2026-01-16 12:55:00+00:00,13.83,13.85,13.83,13.85,427.0,12.0,13.836329
WULF,2026-01-16 13:00:00+00:00,13.85,13.98,13.85,13.91,23880.0,182.0,13.894374
WULF,2026-01-16 13:05:00+00:00,13.879,13.879,13.84,13.84,2403.0,11.0,13.850587
WULF,2026-01-16 13:10:00+00:00,13.8491,13.85,13.8491,13.85,1050.0,2.0,13.849914
WULF,2026-01-16 13:15:00+00:00,13.83,13.85,13.83,13.85,2090.0,21.0,13.837626
WULF,2026-01-16 13:20:00+00:00,13.85,13.85,13.85,13.85,1667.0,9.0,13.85
WULF,2026-01-16 13:25:00+00:00,13.83,13.83,13.8,13.8006,5646.0,24.0,13.807986
WULF,2026-01-16 13:30:00+00:00,13.86,13.86,13.81,13.81,1564.0,13.0,13.821191
WULF,2026-01-16 13:35:00+00:00,13.8031,13.81,13.8,13.81,3712.0,8.0,13.803981
WULF,2026-01-16 13:40:00+00:00,13.8,13.81,13.76,13.8,3687.0,39.0,13.796246
WULF,2026-01-16 13:45:00+00:00,13.78,13.82,13.7677,13.7677,3068.0,22.0,13.780697
WULF,2026-01-16 13:50:00+00:00,13.77,13.79,13.7,13.77,13104.0,139.0,13.758666
WULF,2026-01-16 13:55:00+00:00,13.7512,13.8,13.7512,13.8,467.0,7.0,13.784397
WULF,2026-01-16 14:00:00+00:00,13.79,13.82,13.76,13.76,7204.0,39.0,13.791228
WULF,2026-01-16 14:05:00+00:00,13.8292,13.83,13.7903,13.8228,42520.0,31.0,13.824205
WULF,2026-01-16 14:10:00+00:00,13.81,13.85,13.81,13.85,8915.0,47.0,13.832883
WULF,2026-01-16 14:15:00+00:00,13.87,13.8766,13.8269,13.86,6650.0,22.0,13.863514
WULF,2026-01-16 14:20:00+00:00,13.86,13.88,13.86,13.88,7146.0,14.0,13.870119
WULF,2026-01-16 14:25:00+00:00,13.84,13.88,13.82,13.87,12884.0,85.0,13.862142
WULF,2026-01-16 14:30:00+00:00,13.83,13.92,13.59,13.765,1047359.0,4826.0,13.771204
WULF,2026-01-16 14:35:00+00:00,13.77,13.87,13.68,13.77,298415.0,2252.0,13.749182
WULF,2026-01-16 14:40:00+00:00,13.77,14.1364,13.77,13.9972,588798.0,3168.0,13.998963
WULF,2026-01-16 14:45:00+00:00,13.99,14.13,13.95,14.01,377256.0,2473.0,14.059534
WULF,2026-01-16 14:50:00+00:00,13.9999,14.04,13.94,13.98,372960.0,1617.0,13.984403
WULF,2026-01-16 14:55:00+00:00,13.98,13.99,13.87,13.88,179325.0,1371.0,13.946137
WULF,2026-01-16 15:00:00+00:00,13.88,13.92,13.76,13.76,322675.0,2420.0,13.844906
WULF,2026-01-16 15:05:00+00:00,13.76,14.0098,13.76,14.0049,378499.0,2275.0,13.901601
WULF,2026-01-16 15:10:00+00:00,14.005,14.1,13.965,13.995,584893.0,3771.0,14.040772
WULF,2026-01-16 15:15:00+00:00,13.99,14.09,13.95,14.02,339350.0,2457.0,14.007465
WULF,2026-01-16 15:20:00+00:00,14.03,14.075,13.91,13.945,214187.0,1544.0,13.988128
WULF,2026-01-16 15:25:00+00:00,13.9421,14.0103,13.895,13.9458,195425.0,1640.0,13.947226
WULF,2026-01-16 15:30:00+00:00,13.945,14.035,13.9401,13.9528,213119.0,1505.0,13.97569
WULF,2026-01-16 15:35:00+00:00,13.955,13.955,13.77,13.79,343312.0,2027.0,13.855866
WULF,2026-01-16 15:40:00+00:00,13.795,13.8,13.561,13.655,486320.0,2623.0,13.662484
WULF,2026-01-16 15:45:00+00:00,13.65,13.675,13.565,13.635,259456.0,1584.0,13.610131
WULF,2026-01-16 15:50:00+00:00,13.635,13.75,13.62,13.73,248474.0,1421.0,13.706305
WULF,2026-01-16 15:55:00+00:00,13.74,13.895,13.715,13.8,437584.0,2428.0,13.821408
WULF,2026-01-16 16:00:00+00:00,13.81,13.82,13.725,13.745,167489.0,1566.0,13.762053
WULF,2026-01-16 16:05:00+00:00,13.745,13.96,13.735,13.89,385628.0,1989.0,13.859119
WULF,2026-01-16 16:10:00+00:00,13.885,13.92,13.775,13.805,313748.0,1411.0,13.818053
WULF,2026-01-16 16:15:00+00:00,13.81,14.035,13.8,14.02,297066.0,1495.0,13.936281
WULF,2026-01-16 16:20:00+00:00,14.015,14.045,13.89,13.9,354743.0,1666.0,13.967741
WULF,2026-01-16 16:25:00+00:00,13.895,13.91,13.85,13.88,153181.0,1007.0,13.884447
WULF,2026-01-16 16:30:00+00:00,13.88,13.935,13.865,13.88,195115.0,1045.0,13.907805
WULF,2026-01-16 16:35:00+00:00,13.88,14.08,13.88,14.06,543732.0,2263.0,14.027934
WULF,2026-01-16 16:40:00+00:00,14.065,14.21,14.06,14.095,969206.0,3396.0,14.122589
WULF,2026-01-16 16:45:00+00:00,14.09,14.16,14.08,14.115,212935.0,1159.0,14.112332
WULF,2026-01-16 16:50:00+00:00,14.115,14.12,13.98,14.005,235319.0,1205.0,14.045022
WULF,2026-01-16 16:55:00+00:00,14.01,14.04,13.9419,14.03,173966.0,1166.0,13.982741
WULF,2026-01-16 17:00:00+00:00,14.02,14.14,13.98,14.14,461253.0,1219.0,14.043194
WULF,2026-01-16 17:05:00+00:00,14.13,14.1402,13.92,13.945,464012.0,1341.0,14.021583
WULF,2026-01-16 17:10:00+00:00,13.9465,14.006,13.835,13.8499,316459.0,1438.0,13.907141
WULF,2026-01-16 17:15:00+00:00,13.845,13.915,13.81,13.895,278525.0,1563.0,13.861088
WULF,2026-01-16 17:20:00+00:00,13.89,13.89,13.81,13.81,104788.0,745.0,13.853265
WULF,2026-01-16 17:25:00+00:00,13.81,13.8776,13.76,13.86,126776.0,853.0,13.805746
WULF,2026-01-16 17:30:00+00:00,13.86,13.9028,13.855,13.9028,89660.0,715.0,13.883269
WULF,2026-01-16 17:35:00+00:00,13.9,13.93,13.845,13.925,832184.0,744.0,13.889771
WULF,2026-01-16 17:40:00+00:00,13.9281,13.995,13.88,13.905,166439.0,916.0,13.935658
WULF,2026-01-16 17:45:00+00:00,13.905,13.95,13.865,13.925,97728.0,911.0,13.912692
WULF,2026-01-16 17:50:00+00:00,13.92,13.92,13.825,13.8858,160705.0,1258.0,13.87339
WULF,2026-01-16 17:55:00+00:00,13.89,13.985,13.88,13.95,110266.0,903.0,13.93882
WULF,2026-01-16 18:00:00+00:00,13.95,14.02,13.945,14.015,202176.0,1013.0,13.990358
WULF,2026-01-16 18:05:00+00:00,14.02,14.07,14.0,14.0637,310465.0,1436.0,14.03787
WULF,2026-01-16 18:10:00+00:00,14.065,14.065,13.965,13.985,171041.0,1095.0,14.001002
WULF,2026-01-16 18:15:00+00:00,13.9802,14.015,13.965,13.965,83724.0,599.0,13.991834
WULF,2026-01-16 18:20:00+00:00,13.965,14.0,13.9393,13.96,114633.0,913.0,13.965518
WULF,2026-01-16 18:25:00+00:00,13.96,14.005,13.945,14.005,113591.0,783.0,13.978468
WULF,2026-01-16 18:30:00+00:00,14.0099,14.03,13.97,13.975,134308.0,740.0,14.003057
WULF,2026-01-16 18:35:00+00:00,13.9701,14.005,13.955,13.96,82458.0,738.0,13.982265
WULF,2026-01-16 18:40:00+00:00,13.955,13.985,13.925,13.94,94144.0,787.0,13.949646
WULF,2026-01-16 18:45:00+00:00,13.9432,13.98,13.9,13.94,101613.0,768.0,13.948262
WULF,2026-01-16 18:50:00+00:00,13.945,13.96,13.924,13.925,68903.0,635.0,13.938027
WULF,2026-01-16 18:55:00+00:00,13.925,13.96,13.895,13.95,88318.0,702.0,13.928286
WULF,2026-01-16 19:00:00+00:00,13.95,14.015,13.9,14.01,195592.0,1330.0,13.948004
WULF,2026-01-16 19:05:00+00:00,14.015,14.04,13.945,13.9559,128368.0,697.0,14.001824
WULF,2026-01-16 19:10:00+00:00,13.9574,13.97,13.895,13.895,61337.0,502.0,13.930099
WULF,2026-01-16 19:15:00+00:00,13.9,13.91,13.79,13.83,170116.0,1037.0,13.845021
WULF,2026-01-16 19:20:00+00:00,13.825,13.885,13.8,13.85,174431.0,1059.0,13.851284
WULF,2026-01-16 19:25:00+00:00,13.845,13.865,13.75,13.7753,177822.0,1015.0,13.789982
WULF,2026-01-16 19:30:00+00:00,13.78,13.83,13.765,13.79,123008.0,1050.0,13.793915
WULF,2026-01-16 19:35:00+00:00,13.79,13.815,13.75,13.805,147018.0,1156.0,13.781436
WULF,2026-01-16 19:40:00+00:00,13.805,13.85,13.78,13.79,88422.0,881.0,13.817651
WULF,2026-01-16 19:45:00+00:00,13.795,13.815,13.76,13.785,253716.0,802.0,13.789432
WULF,2026-01-16 19:50:00+00:00,13.785,13.795,13.74,13.785,112543.0,891.0,13.762444
WULF,2026-01-16 19:55:00+00:00,13.785,13.83,13.76,13.785,118400.0,963.0,13.793776
WULF,2026-01-16 20:00:00+00:00,13.78,13.785,13.68,13.745,185573.0,1479.0,13.724431
WULF,2026-01-16 20:05:00+00:00,13.74,13.76,13.695,13.725,116207.0,1099.0,13.725893
WULF,2026-01-16 20:10:00+00:00,13.725,13.8,13.715,13.795,175322.0,868.0,13.744877
WULF,2026-01-16 20:15:00+00:00,13.8,13.81,13.735,13.785,80929.0,861.0,13.774755
WULF,2026-01-16 20:20:00+00:00,13.785,13.7898,13.735,13.745,110553.0,1116.0,13.758265
WULF,2026-01-16 20:25:00+00:00,13.745,13.76,13.665,13.69,170122.0,1300.0,13.699348
WULF,2026-01-16 20:30:00+00:00,13.685,13.7,13.585,13.685,333516.0,2099.0,13.651454
WULF,2026-01-16 20:35:00+00:00,13.685,13.73,13.675,13.695,135053.0,1147.0,13.706654
WULF,2026-01-16 20:40:00+00:00,13.6906,13.725,13.67,13.685,231995.0,1773.0,13.690991
WULF,2026-01-16 20:45:00+00:00,13.685,13.72,13.605,13.625,235906.0,1757.0,13.664528
WULF,2026-01-16 20:50:00+00:00,13.63,13.775,13.625,13.761,370574.0,2689.0,13.699096
WULF,2026-01-16 20:55:00+00:00,13.76,13.87,13.76,13.835,868721.0,5138.0,13.825577
WULF,2026-01-16 21:00:00+00:00,13.85,13.86,13.7,13.7117,947574.0,78.0,13.849856
WULF,2026-01-16 21:05:00+00:00,13.8414,13.85,13.75,13.8475,6085.0,26.0,13.811736
WULF,2026-01-16 21:10:00+00:00,13.74,13.81,13.7,13.7,29086.0,164.0,13.719951
WULF,2026-01-16 21:15:00+00:00,13.82,13.82,13.7005,13.7703,3909.0,17.0,13.767539
WULF,2026-01-16 21:20:00+00:00,13.78,13.81,13.712,13.79,8446.0,29.0,13.770614
WULF,2026-01-16 21:25:00+00:00,13.8118,13.8118,13.7701,13.81,7362.0,12.0,13.780942
WULF,2026-01-16 21:30:00+00:00,13.81,13.81,13.7777,13.7777,1944.0,3.0,13.785216
WULF,2026-01-16 21:35:00+00:00,13.82,13.82,13.7789,13.82,2003.0,5.0,13.817945
WULF,2026-01-16 21:40:00+00:00,13.82,13.82,13.81,13.81,1898.0,16.0,13.815108
WULF,2026-01-16 21:45:00+00:00,13.82,13.82,13.82,13.82,1074.0,6.0,13.82
WULF,2026-01-16 21:50:00+00:00,13.84,13.84,13.84,13.84,300.0,3.0,13.84
WULF,2026-01-16 22:00:00+00:00,13.8286,13.8286,13.8286,13.8286,650.0,2.0,13.8286
WULF,2026-01-16 22:05:00+00:00,13.81,13.81,13.77,13.77,1201.0,11.0,13.805556
WULF,2026-01-16 22:10:00+00:00,13.82,13.82,13.81,13.82,5969.0,8.0,13.818991
WULF,2026-01-16 22:15:00+00:00,13.7878,13.86,13.7878,13.86,26280.0,23.0,13.850753
WULF,2026-01-16 22:20:00+00:00,13.7944,13.88,13.7944,13.86,4671.0,18.0,13.864124
WULF,2026-01-16 22:25:00+00:00,13.87,13.87,13.87,13.87,1369.0,6.0,13.87
WULF,2026-01-16 22:30:00+00:00,13.8683,13.8683,13.85,13.85,277.0,5.0,13.86098
WULF,2026-01-16 22:35:00+00:00,13.8484,13.8484,13.81,13.81,2115.0,10.0,13.819221
WULF,2026-01-16 22:40:00+00:00,13.81,13.81,13.81,13.81,412.0,1.0,13.81
WULF,2026-01-16 22:45:00+00:00,13.87,13.87,13.87,13.87,561.0,6.0,13.87
WULF,2026-01-16 22:50:00+00:00,13.85,13.8647,13.85,13.8647,325.0,7.0,13.857433
WULF,2026-01-16 22:55:00+00:00,13.85,13.85,13.85,13.85,228.0,1.0,13.85
WULF,2026-01-16 23:05:00+00:00,13.83,13.8304,13.83,13.8304,1292.0,4.0,13.830067
WULF,2026-01-16 23:15:00+00:00,13.83,13.84,13.83,13.84,350.0,2.0,13.832857
WULF,2026-01-16 23:20:00+00:00,13.84,13.87,13.83,13.83,5197.0,13.0,13.859276
WULF,2026-01-16 23:25:00+00:00,13.86,13.86,13.86,13.86,350.0,4.0,13.86
WULF,2026-01-16 23:30:00+00:00,13.84,13.84,13.83,13.83,1270.0,5.0,13.832
WULF,2026-01-16 23:35:00+00:00,13.86,13.86,13.85,13.85,574.0,4.0,13.856078
WULF,2026-01-16 23:40:00+00:00,13.85,13.85,13.85,13.85,1040.0,3.0,13.85
WULF,2026-01-16 23:45:00+00:00,13.86,13.86,13.86,13.86,139.0,2.0,13.86
WULF,2026-01-16 23:55:00+00:00,13.8599,13.86,13.8599,13.86,766.0,6.0,13.859987
WULF,2026-01-17 00:00:00+00:00,13.87,13.87,13.86,13.86,700.0,2.0,13.867143
WULF,2026-01-17 00:05:00+00:00,13.87,13.88,13.8631,13.8631,1417.0,8.0,13.873881
WULF,2026-01-17 00:10:00+00:00,13.88,13.88,13.86,13.86,3540.0,5.0,13.871321
WULF,2026-01-17 00:15:00+00:00,13.87,13.87,13.87,13.87,150.0,1.0,13.87
WULF,2026-01-17 00:20:00+00:00,13.86,13.88,13.86,13.88,1774.0,6.0,13.86674
WULF,2026-01-17 00:25:00+00:00,13.86,13.88,13.86,13.88,2806.0,11.0,13.86152
WULF,2026-01-17 00:35:00+00:00,13.88,13.9,13.88,13.9,1894.0,9.0,13.890572
WULF,2026-01-17 00:40:00+00:00,13.8933,13.9,13.89,13.9,838.0,10.0,13.895282
WULF,2026-01-17 00:45:00+00:00,13.9,13.9,13.9,13.9,2161.0,2.0,13.9
WULF,2026-01-17 00:50:00+00:00,13.89,13.89,13.89,13.89,400.0,1.0,13.89
WULF,2026-01-17 00:55:00+00:00,13.89,13.9,13.89,13.8996,4333.0,27.0,13.896659
WULF,2026-01-20 09:00:00+00:00,13.3,13.5,12.82,12.84,23912.0,218.0,12.95244
WULF,2026-01-20 09:05:00+00:00,12.85,12.88,12.81,12.81,3888.0,51.0,12.8406
WULF,2026-01-20 09:10:00+00:00,12.84,12.84,12.84,12.84,500.0,7.0,12.84
WULF,2026-01-20 09:15:00+00:00,12.81,12.81,12.75,12.79,2864.0,43.0,12.76679
WULF,2026-01-20 09:20:00+00:00,12.79,12.87,12.79,12.87,2834.0,24.0,12.835359
WULF,2026-01-20 09:25:00+00:00,12.85,12.85,12.85,12.85,425.0,2.0,12.85
WULF,2026-01-20 09:30:00+00:00,12.82,12.86,12.72,12.72,7314.0,59.0,12.757912
WULF,2026-01-20 09:35:00+00:00,12.76,12.77,12.73,12.77,744.0,12.0,12.76
WULF,2026-01-20 09:40:00+00:00,12.77,12.85,12.77,12.84,4329.0,24.0,12.824019
WULF,2026-01-20 09:45:00+00:00,12.87,12.93,12.87,12.89,2275.0,35.0,12.90639
WULF,2026-01-20 09:50:00+00:00,12.88,12.88,12.84,12.86,2374.0,18.0,12.854562
WULF,2026-01-20 10:00:00+00:00,12.89,12.92,12.88,12.88,4491.0,28.0,12.899238
WULF,2026-01-20 10:05:00+00:00,12.88,12.88,12.88,12.88,101.0,2.0,12.88
WULF,2026-01-20 10:10:00+00:00,12.88,13.05,12.88,13.05,7134.0,78.0,12.989171
WULF,2026-01-20 10:15:00+00:00,13.03,13.03,13.03,13.03,206.0,5.0,13.03
WULF,2026-01-20 10:20:00+00:00,13.01,13.01,13.01,13.01,880.0,22.0,13.01
WULF,2026-01-20 10:25:00+00:00,13.04,13.04,13.02,13.02,1144.0,15.0,13.029276
WULF,2026-01-20 10:30:00+00:00,13.04,13.08,13.04,13.08,395.0,7.0,13.052987
WULF,2026-01-20 10:35:00+00:00,13.06,13.1,13.04,13.04,15976.0,57.0,13.047025
WULF,2026-01-20 10:40:00+00:00,13.09,13.12,13.09,13.12,6500.0,17.0,13.114178
WULF,2026-01-20 10:45:00+00:00,13.09,13.1,13.09,13.1,3673.0,14.0,13.093972
WULF,2026-01-20 10:50:00+00:00,13.14,13.21,13.14,13.2,8335.0,47.0,13.192202
WULF,2026-01-20 11:05:00+00:00,13.17,13.2,13.17,13.2,602.0,6.0,13.175
WULF,2026-01-20 11:10:00+00:00,13.18,13.18,13.18,13.18,191.0,6.0,13.18
WULF,2026-01-20 11:15:00+00:00,13.15,13.15,13.15,13.15,182.0,2.0,13.15
WULF,2026-01-20 11:25:00+00:00,13.18,13.18,13.18,13.18,762.0,9.0,13.18
WULF,2026-01-20 11:30:00+00:00,13.17,13.17,13.17,13.17,100.0,1.0,13.17
WULF,2026-01-20 11:45:00+00:00,13.14,13.14,13.09,13.09,9702.0,108.0,13.106249
WULF,2026-01-20 12:00:00+00:00,13.15,13.2,13.07,13.14,12883.0,101.0,13.158616
WULF,2026-01-20 12:05:00+00:00,13.13,13.19,13.11,13.19,9524.0,51.0,13.143144
WULF,2026-01-20 12:10:00+00:00,13.18,13.22,13.18,13.22,8746.0,21.0,13.200119
WULF,2026-01-20 12:15:00+00:00,13.22,13.22,13.17,13.19,1754.0,20.0,13.197816
WULF,2026-01-20 12:20:00+00:00,13.15,13.18,13.08,13.18,10189.0,57.0,13.122175
WULF,2026-01-20 12:25:00+00:00,13.18,13.18,13.17,13.17,1962.0,5.0,13.177941
WULF,2026-01-20 12:30:00+00:00,13.18,13.18,13.18,13.18,150.0,3.0,13.18
WULF,2026-01-20 12:35:00+00:00,13.2,13.21,13.2,13.2,2005.0,8.0,13.202538
WULF,2026-01-20 12:40:00+00:00,13.21,13.21,13.21,13.21,550.0,4.0,13.21
WULF,2026-01-20 12:45:00+00:00,13.25,13.29,13.25,13.29,3398.0,21.0,13.27288
WULF,2026-01-20 12:50:00+00:00,13.27,13.27,13.11,13.24,15609.0,87.0,13.176599
WULF,2026-01-20 12:55:00+00:00,13.23,13.23,13.2,13.2,1250.0,16.0,13.208609
WULF,2026-01-20 13:00:00+00:00,12.89,13.33,12.7,13.2398,225170.0,938.0,13.089519
WULF,2026-01-20 13:05:00+00:00,13.1751,13.23,13.16,13.23,7733.0,45.0,13.177037
WULF,2026-01-20 13:10:00+00:00,13.16,13.23,13.13,13.2,9789.0,63.0,13.158729
WULF,2026-01-20 13:15:00+00:00,13.14,13.16,13.11,13.1581,8496.0,36.0,13.128716
WULF,2026-01-20 13:20:00+00:00,13.13,13.16,13.13,13.16,1270.0,19.0,13.135355
WULF,2026-01-20 13:25:00+00:00,13.11,13.15,13.1,13.1,6842.0,53.0,13.127061
WULF,2026-01-20 13:30:00+00:00,13.1,13.14,13.03,13.06,21105.0,83.0,13.064076
WULF,2026-01-20 13:35:00+00:00,13.07,13.09,13.04,13.0592,6340.0,33.0,13.052101
WULF,2026-01-20 13:40:00+00:00,13.06,13.1139,13.05,13.09,18278.0,29.0,13.087088
WULF,2026-01-20 13:45:00+00:00,13.11,13.11,13.08,13.11,4636.0,15.0,13.105563
WULF,2026-01-20 13:50:00+00:00,13.062,13.1,13.0313,13.05,11127.0,57.0,13.061012
WULF,2026-01-20 13:55:00+00:00,13.03,13.0301,12.99,13.0,60188.0,133.0,13.005152
WULF,2026-01-20 14:00:00+00:00,12.97,13.0,12.94,12.95,35466.0,97.0,12.981905
WULF,2026-01-20 14:05:00+00:00,12.97,12.996,12.94,12.9527,60325.0,108.0,12.957239
WULF,2026-01-20 14:10:00+00:00,12.9581,13.01,12.9581,13.01,11714.0,29.0,12.967375
WULF,2026-01-20 14:15:00+00:00,12.98,13.01,12.96,12.96,16079.0,74.0,12.978468
WULF,2026-01-20 14:20:00+00:00,12.9608,13.0,12.9608,13.0,11979.0,32.0,12.984927
WULF,2026-01-20 14:25:00+00:00,13.0474,13.24,13.0,13.24,24107.0,258.0,13.131524
WULF,2026-01-20 14:30:00+00:00,13.175,13.43,13.07,13.28,1239876.0,5197.0,13.270431
WULF,2026-01-20 14:35:00+00:00,13.27,13.58,13.26,13.555,677561.0,4712.0,13.453875
WULF,2026-01-20 14:40:00+00:00,13.555,13.6,13.308,13.445,388194.0,2676.0,13.451218
WULF,2026-01-20 14:45:00+00:00,13.445,13.445,13.245,13.31,388136.0,2931.0,13.328033
WULF,2026-01-20 14:50:00+00:00,13.3,13.34,13.2,13.21,492463.0,2428.0,13.270717
WULF,2026-01-20 14:55:00+00:00,13.2,13.3608,13.17,13.25,344408.0,2058.0,13.281776
WULF,2026-01-20 15:00:00+00:00,13.24,13.345,13.13,13.19,334452.0,2417.0,13.224953
WULF,2026-01-20 15:05:00+00:00,13.185,13.2,12.99,13.065,505874.0,2907.0,13.087365
WULF,2026-01-20 15:10:00+00:00,13.065,13.09,12.982,13.085,303787.0,1740.0,13.031509
WULF,2026-01-20 15:15:00+00:00,13.08,13.3,13.08,13.14,255194.0,2169.0,13.219682
WULF,2026-01-20 15:20:00+00:00,13.135,13.27,13.06,13.25,206547.0,1884.0,13.170447
WULF,2026-01-20 15:25:00+00:00,13.26,13.29,13.225,13.28,234315.0,1493.0,13.261139
WULF,2026-01-20 15:30:00+00:00,13.27,13.43,13.25,13.375,273017.0,1757.0,13.373698
WULF,2026-01-20 15:35:00+00:00,13.38,13.415,13.31,13.355,242125.0,1496.0,13.365416
WULF,2026-01-20 15:40:00+00:00,13.355,13.46,13.35,13.44,207697.0,1475.0,13.419511
WULF,2026-01-20 15:45:00+00:00,13.44,13.475,13.37,13.455,169128.0,1469.0,13.426524
WULF,2026-01-20 15:50:00+00:00,13.455,13.51,13.44,13.49,124797.0,1077.0,13.487752
WULF,2026-01-20 15:55:00+00:00,13.488,13.51,13.46,13.5,178256.0,1107.0,13.483472
WULF,2026-01-20 16:00:00+00:00,13.495,13.54,13.46,13.47,335548.0,2596.0,13.49935
WULF,2026-01-20 16:05:00+00:00,13.48,13.55,13.475,13.515,190755.0,1220.0,13.515541
WULF,2026-01-20 16:10:00+00:00,13.515,13.575,13.5003,13.565,191989.0,1596.0,13.5429
WULF,2026-01-20 16:15:00+00:00,13.565,13.65,13.56,13.64,231823.0,1616.0,13.610961
WULF,2026-01-20 16:20:00+00:00,13.64,13.845,13.6346,13.755,275322.0,1867.0,13.74869
WULF,2026-01-20 16:25:00+00:00,13.75,13.785,13.69,13.7746,1435360.0,1620.0,13.738355
WULF,2026-01-20 16:30:00+00:00,13.77,13.88,13.76,13.83,478367.0,1449.0,13.818973
WULF,2026-01-20 16:35:00+00:00,13.82,13.92,13.82,13.92,409433.0,1315.0,13.894037
WULF,2026-01-20 16:40:00+00:00,13.915,13.96,13.85,13.875,205964.0,1559.0,13.896739
WULF,2026-01-20 16:45:00+00:00,13.88,13.96,13.86,13.89,224338.0,1814.0,13.908309
WULF,2026-01-20 16:50:00+00:00,13.895,13.965,13.87,13.92,305963.0,2051.0,13.911936
WULF,2026-01-20 16:55:00+00:00,13.915,13.98,13.855,13.86,273273.0,1537.0,13.905498
WULF,2026-01-20 17:00:00+00:00,13.85,13.86,13.74,13.765,282263.0,1426.0,13.794858
WULF,2026-01-20 17:05:00+00:00,13.76,13.815,13.71,13.73,191514.0,1262.0,13.764787
WULF,2026-01-20 17:10:00+00:00,13.7252,13.79,13.69,13.735,206334.0,1293.0,13.7282
WULF,2026-01-20 17:15:00+00:00,13.73,13.855,13.7255,13.83,221248.0,1461.0,13.796801
WULF,2026-01-20 17:20:00+00:00,13.83,13.835,13.755,13.77,86427.0,866.0,13.797109
WULF,2026-01-20 17:25:00+00:00,13.77,13.77,13.7,13.73,251196.0,1249.0,13.713789
WULF,2026-01-20 17:30:00+00:00,13.72,13.72,13.55,13.585,382072.0,2313.0,13.603094
WULF,2026-01-20 17:35:00+00:00,13.58,13.65,13.54,13.65,224390.0,1084.0,13.586467
WULF,2026-01-20 17:40:00+00:00,13.645,13.69,13.62,13.62,99680.0,941.0,13.658025
WULF,2026-01-20 17:45:00+00:00,13.63,13.63,13.53,13.58,232945.0,1055.0,13.551565
WULF,2026-01-20 17:50:00+00:00,13.57,13.66,13.555,13.65,111914.0,944.0,13.617527
WULF,2026-01-20 17:55:00+00:00,13.65,13.67,13.57,13.57,98049.0,878.0,13.641165
WULF,2026-01-20 18:00:00+00:00,13.56,13.63,13.545,13.6055,102852.0,894.0,13.596799
WULF,2026-01-20 18:05:00+00:00,13.6,13.67,13.59,13.655,70249.0,689.0,13.632008
WULF,2026-01-20 18:10:00+00:00,13.65,13.695,13.63,13.685,65569.0,615.0,13.671611
WULF,2026-01-20 18:15:00+00:00,13.68,13.7,13.645,13.67,82287.0,665.0,13.67292
WULF,2026-01-20 18:20:00+00:00,13.665,13.705,13.635,13.69,74253.0,740.0,13.666061
WULF,2026-01-20 18:25:00+00:00,13.68,13.68,13.6,13.635,91444.0,863.0,13.635596
WULF,2026-01-20 18:30:00+00:00,13.63,13.67,13.6009,13.625,53992.0,676.0,13.633704
WULF,2026-01-20 18:35:00+00:00,13.625,13.64,13.575,13.59,51258.0,601.0,13.597515
WULF,2026-01-20 18:40:00+00:00,13.58,13.58,13.53,13.555,108644.0,879.0,13.553857
WULF,2026-01-20 18:45:00+00:00,13.56,13.56,13.47,13.495,149473.0,1223.0,13.502053
WULF,2026-01-20 18:50:00+00:00,13.49,13.5,13.43,13.435,185725.0,993.0,13.471796
WULF,2026-01-20 18:55:00+00:00,13.435,13.53,13.43,13.49,127324.0,1151.0,13.481101
WULF,2026-01-20 19:00:00+00:00,13.49,13.54,13.485,13.5,94736.0,940.0,13.513686
WULF,2026-01-20 19:05:00+00:00,13.49,13.575,13.49,13.54,97581.0,901.0,13.535963
WULF,2026-01-20 19:10:00+00:00,13.5328,13.57,13.5237,13.57,85312.0,746.0,13.55116
WULF,2026-01-20 19:15:00+00:00,13.56,13.565,13.515,13.52,60715.0,714.0,13.537242
WULF,2026-01-20 19:20:00+00:00,13.52,13.535,13.445,13.465,94054.0,803.0,13.483868
WULF,2026-01-20 19:25:00+00:00,13.46,13.47,13.42,13.453,230958.0,1309.0,13.44401
WULF,2026-01-20 19:30:00+00:00,13.465,13.48,13.265,13.28,395919.0,2269.0,13.325539
WULF,2026-01-20 19:35:00+00:00,13.28,13.3329,13.25,13.325,151675.0,1087.0,13.290584
WULF,2026-01-20 19:40:00+00:00,13.32,13.43,13.3199,13.41,132958.0,1020.0,13.394581
WULF,2026-01-20 19:45:00+00:00,13.4,13.4655,13.39,13.415,114415.0,1053.0,13.426998
WULF,2026-01-20 19:50:00+00:00,13.415,13.59,13.4,13.57,106608.0,838.0,13.498618
WULF,2026-01-20 19:55:00+00:00,13.565,13.6001,13.46,13.595,216504.0,1434.0,13.51499
WULF,2026-01-20 20:00:00+00:00,13.595,13.6,13.49,13.53,122127.0,1154.0,13.536856
WULF,2026-01-20 20:05:00+00:00,13.55,13.565,13.48,13.525,397768.0,1630.0,13.506784
WULF,2026-01-20 20:10:00+00:00,13.52,13.54,13.47,13.48,69016.0,749.0,13.508312
WULF,2026-01-20 20:15:00+00:00,13.48,13.54,13.43,13.525,146975.0,1346.0,13.497563
WULF,2026-01-20 20:20:00+00:00,13.52,13.535,13.475,13.48,129738.0,1156.0,13.505245
WULF,2026-01-20 20:25:00+00:00,13.48,13.54,13.465,13.5,142363.0,1383.0,13.49928
WULF,2026-01-20 20:30:00+00:00,13.505,13.505,13.402,13.42,139494.0,1319.0,13.440248
WULF,2026-01-20 20:35:00+00:00,13.41,13.45,13.38,13.395,146264.0,986.0,13.42047
WULF,2026-01-20 20:40:00+00:00,13.395,13.45,13.37,13.445,202312.0,1603.0,13.414491
WULF,2026-01-20 20:45:00+00:00,13.45,13.48,13.4,13.42,295247.0,1932.0,13.432961
WULF,2026-01-20 20:50:00+00:00,13.425,13.44,13.315,13.32,337589.0,2655.0,13.376209
WULF,2026-01-20 20:55:00+00:00,13.32,13.385,13.3,13.32,1107636.0,5672.0,13.329425
WULF,2026-01-20 21:00:00+00:00,13.33,13.33,13.2,13.31,926017.0,146.0,13.329076
WULF,2026-01-20 21:05:00+00:00,13.24,13.28,13.24,13.25,1011.0,8.0,13.251053
WULF,2026-01-20 21:10:00+00:00,13.49,13.49,13.24,13.39,921.0,19.0,13.44
WULF,2026-01-20 21:15:00+00:00,13.36,13.36,13.35,13.36,4712.0,21.0,13.352011
WULF,2026-01-20 21:20:00+00:00,13.3339,13.3339,13.25,13.25,714.0,5.0,13.280399
WULF,2026-01-20 21:25:00+00:00,13.39,13.39,13.39,13.39,100.0,1.0,13.39
WULF,2026-01-20 21:30:00+00:00,13.25,13.25,13.25,13.25,1014.0,2.0,13.25
WULF,2026-01-20 21:40:00+00:00,13.3,13.3,13.3,13.3,166.0,4.0,13.3
WULF,2026-01-20 21:45:00+00:00,13.31,13.31,13.25,13.25,14999.0,49.0,13.260945
WULF,2026-01-20 21:50:00+00:00,13.24,13.25,13.24,13.24,4591.0,12.0,13.249558
WULF,2026-01-20 21:55:00+00:00,13.2409,13.2409,13.2409,13.2409,102.0,2.0,13.2409
WULF,2026-01-20 22:00:00+00:00,13.32,13.32,13.32,13.32,586.0,9.0,13.32
WULF,2026-01-20 22:05:00+00:00,13.2535,13.2535,13.2535,13.2535,222.0,2.0,13.2535
WULF,2026-01-20 22:10:00+00:00,13.3,13.3,13.25,13.26,1136.0,13.0,13.274403
WULF,2026-01-20 22:15:00+00:00,13.22,13.22,13.22,13.22,206.0,3.0,13.22
WULF,2026-01-20 22:20:00+00:00,13.2404,13.2404,13.2404,13.2404,217.0,13.0,13.2404
WULF,2026-01-20 22:25:00+00:00,13.339,13.339,13.28,13.28,301.0,4.0,13.3
WULF,2026-01-20 22:30:00+00:00,13.333,13.333,13.333,13.333,2181.0,5.0,13.333
WULF,2026-01-20 22:35:00+00:00,13.24,13.3,13.2,13.2,8806.0,19.0,13.239731
WULF,2026-01-20 22:40:00+00:00,13.35,13.35,13.21,13.3346,9362.0,12.0,13.320254
WULF,2026-01-20 22:45:00+00:00,13.26,13.26,13.26,13.26,101.0,2.0,13.26
WULF,2026-01-20 22:50:00+00:00,13.21,13.25,13.21,13.25,6279.0,12.0,13.22695
WULF,2026-01-20 22:55:00+00:00,13.26,13.33,13.26,13.33,381.0,4.0,13.307297
WULF,2026-01-20 23:00:00+00:00,13.21,13.21,13.2,13.2,2430.0,3.0,13.209589
WULF,2026-01-20 23:05:00+00:00,13.21,13.21,13.16,13.16,4592.0,23.0,13.186142
WULF,2026-01-20 23:10:00+00:00,13.17,13.18,13.17,13.18,2050.0,3.0,13.178
WULF,2026-01-20 23:15:00+00:00,13.18,13.18,13.15,13.15,4517.0,30.0,13.159795
WULF,2026-01-20 23:20:00+00:00,13.13,13.13,13.12,13.12,1551.0,10.0,13.127979
WULF,2026-01-20 23:25:00+00:00,13.13,13.27,13.13,13.27,387.0,5.0,13.213152
WULF,2026-01-20 23:30:00+00:00,13.3,13.3,13.3,13.3,100.0,1.0,13.3
WULF,2026-01-20 23:35:00+00:00,13.2,13.2,13.15,13.15,1100.0,2.0,13.195455
WULF,2026-01-20 23:45:00+00:00,13.15,13.15,13.15,13.15,350.0,2.0,13.15
WULF,2026-01-20 23:50:00+00:00,13.18,13.19,13.15,13.15,3991.0,10.0,13.156005
WULF,2026-01-20 23:55:00+00:00,13.2,13.2,13.17,13.17,400.0,4.0,13.187143
WULF,2026-01-21 00:00:00+00:00,13.157,13.157,13.157,13.157,500.0,1.0,13.157
WULF,2026-01-21 00:05:00+00:00,13.19,13.19,13.1639,13.18,508.0,5.0,13.180777
WULF,2026-01-21 00:10:00+00:00,13.1685,13.2,13.16,13.16,1210.0,4.0,13.177178
WULF,2026-01-21 00:20:00+00:00,13.19,13.19,13.19,13.19,1001.0,4.0,13.19
WULF,2026-01-21 00:25:00+00:00,13.2,13.2,13.16,13.16,704.0,6.0,13.172719
WULF,2026-01-21 00:35:00+00:00,13.19,13.19,13.19,13.19,165.0,2.0,13.19
WULF,2026-01-21 00:40:00+00:00,13.16,13.1915,13.16,13.19,1651.0,5.0,13.1665
WULF,2026-01-21 00:45:00+00:00,13.2,13.23,13.2,13.2,741.0,11.0,13.205155
WULF,2026-01-21 00:50:00+00:00,13.24,13.3,13.2,13.2,2799.0,20.0,13.273398
WULF,2026-01-21 00:55:00+00:00,13.25,13.26,13.25,13.26,4065.0,8.0,13.259367
WULF,2026-01-21 09:00:00+00:00,13.33,13.33,13.32,13.32,542.0,4.0,13.322829
WULF,2026-01-21 09:10:00+00:00,13.33,13.33,13.33,13.33,3800.0,46.0,13.33
WULF,2026-01-21 09:15:00+00:00,13.39,13.39,13.39,13.39,898.0,6.0,13.39
WULF,2026-01-21 09:30:00+00:00,13.39,13.39,13.36,13.36,500.0,5.0,13.372143
WULF,2026-01-21 09:35:00+00:00,13.36,13.36,13.35,13.36,1552.0,11.0,13.35501
WULF,2026-01-21 09:40:00+00:00,13.37,13.37,13.33,13.33,3051.0,25.0,13.351846
WULF,2026-01-21 09:55:00+00:00,13.31,13.31,13.3,13.3,1312.0,18.0,13.301047
WULF,2026-01-21 10:00:00+00:00,13.3,13.3,13.3,13.3,195.0,2.0,13.3
WULF,2026-01-21 10:40:00+00:00,13.35,13.37,13.35,13.37,2919.0,12.0,13.362121
WULF,2026-01-21 10:55:00+00:00,13.35,13.37,13.35,13.37,318.0,2.0,13.362579
WULF,2026-01-21 11:00:00+00:00,13.37,13.37,13.35,13.35,263.0,3.0,13.357634
WULF,2026-01-21 11:05:00+00:00,13.35,13.35,13.35,13.35,311.0,8.0,13.35
WULF,2026-01-21 11:10:00+00:00,13.35,13.35,13.35,13.35,2495.0,12.0,13.35
WULF,2026-01-21 11:15:00+00:00,13.38,13.39,13.38,13.39,1292.0,7.0,13.388446
WULF,2026-01-21 11:20:00+00:00,13.39,13.39,13.39,13.39,270.0,3.0,13.39
WULF,2026-01-21 11:35:00+00:00,13.36,13.36,13.33,13.33,444.0,15.0,13.349108
WULF,2026-01-21 11:45:00+00:00,13.35,13.35,13.3,13.3,1466.0,32.0,13.329357
WULF,2026-01-21 11:55:00+00:00,13.3,13.3,13.28,13.28,497.0,17.0,13.292805
WULF,2026-01-21 12:00:00+00:00,13.3,13.3,13.3,13.3,429.0,8.0,13.3
WULF,2026-01-21 12:10:00+00:00,13.29,13.29,13.26,13.26,2145.0,21.0,13.269141
WULF,2026-01-21 12:20:00+00:00,13.26,13.29,13.26,13.29,322.0,6.0,13.275
WULF,2026-01-21 12:35:00+00:00,13.27,13.27,13.27,13.27,200.0,1.0,13.27
WULF,2026-01-21 12:40:00+00:00,13.26,13.26,13.25,13.25,1603.0,7.0,13.258667
WULF,2026-01-21 12:45:00+00:00,13.26,13.26,13.22,13.22,3693.0,28.0,13.235932
WULF,2026-01-21 12:50:00+00:00,13.24,13.24,13.24,13.24,140.0,2.0,13.24
WULF,2026-01-21 12:55:00+00:00,13.23,13.26,13.22,13.26,818.0,21.0,13.249751
WULF,2026-01-21 13:00:00+00:00,13.33,13.45,13.23,13.24,22127.0,171.0,13.295825
WULF,2026-01-21 13:05:00+00:00,13.25,13.33,13.23,13.33,1785.0,14.0,13.311468
WULF,2026-01-21 13:10:00+00:00,13.2807,13.2807,13.2807,13.2807,157.0,2.0,13.2807
WULF,2026-01-21 13:15:00+00:00,13.26,13.26,13.26,13.26,222.0,6.0,13.26
WULF,2026-01-21 13:20:00+00:00,13.2814,13.2814,13.28,13.28,822.0,8.0,13.281131
WULF,2026-01-21 13:25:00+00:00,13.3,13.3,13.3,13.3,115.0,2.0,13.3
WULF,2026-01-21 13:30:00+00:00,13.28,13.28,13.27,13.27,1187.0,13.0,13.271899
WULF,2026-01-21 13:35:00+00:00,13.26,13.2603,13.26,13.26,3355.0,11.0,13.260022
WULF,2026-01-21 13:40:00+00:00,13.26,13.26,13.25,13.25,6940.0,22.0,13.258433
WULF,2026-01-21 13:45:00+00:00,13.24,13.24,13.24,13.24,222.0,3.0,13.24
WULF,2026-01-21 13:50:00+00:00,13.24,13.26,13.24,13.26,3260.0,34.0,13.250369
WULF,2026-01-21 13:55:00+00:00,13.28,13.3,13.28,13.29,6539.0,21.0,13.291966
WULF,2026-01-21 14:00:00+00:00,13.28,13.34,13.27,13.34,3467.0,26.0,13.29886
WULF,2026-01-21 14:05:00+00:00,13.35,13.37,13.35,13.37,8635.0,35.0,13.367387
WULF,2026-01-21 14:10:00+00:00,13.3781,13.4,13.3781,13.39,6133.0,20.0,13.389102
WULF,2026-01-21 14:15:00+00:00,13.45,13.45,13.38,13.415,5815.0,26.0,13.411565
WULF,2026-01-21 14:20:00+00:00,13.44,13.45,13.39,13.45,10678.0,51.0,13.421147
WULF,2026-01-21 14:25:00+00:00,13.39,13.45,13.3,13.3,22309.0,160.0,13.359007
WULF,2026-01-21 14:30:00+00:00,13.3,13.66,13.26,13.27,649530.0,2759.0,13.408231
WULF,2026-01-21 14:35:00+00:00,13.26,13.27,13.06,13.22,410557.0,2766.0,13.182302
WULF,2026-01-21 14:40:00+00:00,13.22,13.24,13.01,13.1,652087.0,2850.0,13.097577
WULF,2026-01-21 14:45:00+00:00,13.105,13.19,13.05,13.145,349364.0,1768.0,13.113723
WULF,2026-01-21 14:50:00+00:00,13.14,13.205,13.065,13.19,253868.0,1561.0,13.146774
WULF,2026-01-21 14:55:00+00:00,13.18,13.4299,13.18,13.34,409815.0,2118.0,13.313941
WULF,2026-01-21 15:00:00+00:00,13.35,13.47,13.3,13.39,385477.0,2101.0,13.401433
WULF,2026-01-21 15:05:00+00:00,13.395,13.7,13.395,13.61,524876.0,2364.0,13.595429
WULF,2026-01-21 15:10:00+00:00,13.61,13.765,13.565,13.57,493820.0,2452.0,13.703924
WULF,2026-01-21 15:15:00+00:00,13.575,13.84,13.575,13.715,452873.0,3210.0,13.736366
WULF,2026-01-21 15:20:00+00:00,13.71,13.73,13.63,13.645,214548.0,1471.0,13.676448
WULF,2026-01-21 15:25:00+00:00,13.645,13.6581,13.395,13.395,327438.0,2328.0,13.550695
WULF,2026-01-21 15:30:00+00:00,13.395,13.446,13.34,13.42,262841.0,1822.0,13.397991
WULF,2026-01-21 15:35:00+00:00,13.415,13.445,13.285,13.42,417523.0,2779.0,13.368225
WULF,2026-01-21 15:40:00+00:00,13.42,13.53,13.405,13.49,168696.0,1182.0,13.475358
WULF,2026-01-21 15:45:00+00:00,13.49,13.55,13.445,13.5133,121067.0,1058.0,13.500896
WULF,2026-01-21 15:50:00+00:00,13.515,13.65,13.51,13.575,184614.0,1429.0,13.592784
WULF,2026-01-21 15:55:00+00:00,13.58,13.7,13.58,13.67,168264.0,1198.0,13.659461
WULF,2026-01-21 16:00:00+00:00,13.66,13.69,13.635,13.645,229711.0,1126.0,13.66074
WULF,2026-01-21 16:05:00+00:00,13.65,13.655,13.57,13.6,166296.0,1119.0,13.617476
WULF,2026-01-21 16:10:00+00:00,13.61,13.61,13.455,13.49,158547.0,1103.0,13.49613
WULF,2026-01-21 16:15:00+00:00,13.48,13.5199,13.4197,13.425,137300.0,946.0,13.469397
WULF,2026-01-21 16:20:00+00:00,13.425,13.425,13.205,13.23,374034.0,1562.0,13.320481
WULF,2026-01-21 16:25:00+00:00,13.2258,13.29,13.18,13.26,277578.0,1686.0,13.229388
WULF,2026-01-21 16:30:00+00:00,13.26,13.28,13.165,13.21,221110.0,1453.0,13.218357
WULF,2026-01-21 16:35:00+00:00,13.21,13.21,13.1,13.145,185564.0,1054.0,13.145041
WULF,2026-01-21 16:40:00+00:00,13.1469,13.1469,12.9501,12.9599,281023.0,1465.0,13.032957
WULF,2026-01-21 16:45:00+00:00,12.955,12.9674,12.82,12.8981,402929.0,2561.0,12.895138
WULF,2026-01-21 16:50:00+00:00,12.895,12.92,12.8,12.884,240788.0,1391.0,12.852404
WULF,2026-01-21 16:55:00+00:00,12.885,12.8863,12.77,12.81,133171.0,1032.0,12.810449
WULF,2026-01-21 17:00:00+00:00,12.8,12.8244,12.65,12.665,349722.0,1885.0,12.728087
WULF,2026-01-21 17:05:00+00:00,12.67,12.6747,12.545,12.5477,208842.0,1407.0,12.596354
WULF,2026-01-21 17:10:00+00:00,12.55,12.58,12.48,12.495,407647.0,2114.0,12.517131
WULF,2026-01-21 17:15:00+00:00,12.5,12.5999,12.485,12.535,272083.0,1862.0,12.534255
WULF,2026-01-21 17:20:00+00:00,12.53,12.53,12.4,12.495,291938.0,1994.0,12.473018
WULF,2026-01-21 17:25:00+00:00,12.495,12.5284,12.46,12.49,352290.0,1865.0,12.497841
WULF,2026-01-21 17:30:00+00:00,12.495,12.495,12.3101,12.35,470194.0,2359.0,12.372168
WULF,2026-01-21 17:35:00+00:00,12.35,12.465,12.3114,12.41,325689.0,1932.0,12.381866
WULF,2026-01-21 17:40:00+00:00,12.41,12.47,12.385,12.385,255432.0,1684.0,12.437843
WULF,2026-01-21 17:45:00+00:00,12.3845,12.46,12.37,12.42,266592.0,1598.0,12.411218
WULF,2026-01-21 17:50:00+00:00,12.41,12.505,12.385,12.47,282698.0,1763.0,12.44061
WULF,2026-01-21 17:55:00+00:00,12.47,12.66,12.46,12.625,380184.0,2461.0,12.583823
WULF,2026-01-21 18:00:00+00:00,12.63,12.655,12.43,12.45,331202.0,1909.0,12.534779
WULF,2026-01-21 18:05:00+00:00,12.45,12.525,12.43,12.475,190732.0,1192.0,12.490889
WULF,2026-01-21 18:10:00+00:00,12.48,12.64,12.46,12.5997,271922.0,1592.0,12.599807
WULF,2026-01-21 18:15:00+00:00,12.6,12.65,12.565,12.58,271924.0,2120.0,12.625544
WULF,2026-01-21 18:20:00+00:00,12.58,12.665,12.565,12.595,2961479.0,1985.0,12.624577
WULF,2026-01-21 18:25:00+00:00,12.6,12.655,12.595,12.635,75350.0,973.0,12.622181
WULF,2026-01-21 18:30:00+00:00,12.635,12.65,12.525,12.525,146881.0,1287.0,12.575702
WULF,2026-01-21 18:35:00+00:00,12.525,12.535,12.4546,12.49,110828.0,1041.0,12.4901
WULF,2026-01-21 18:40:00+00:00,12.495,12.5054,12.44,12.44,120188.0,991.0,12.481227
WULF,2026-01-21 18:45:00+00:00,12.445,12.7,12.445,12.68,791271.0,1390.0,12.604362
WULF,2026-01-21 18:50:00+00:00,12.6832,12.7482,12.67,12.68,193331.0,1061.0,12.707755
WULF,2026-01-21 18:55:00+00:00,12.675,12.7165,12.645,12.675,128372.0,933.0,12.67278
WULF,2026-01-21 19:00:00+00:00,12.6746,12.7035,12.6,12.64,56709.0,712.0,12.64547
WULF,2026-01-21 19:05:00+00:00,12.63,12.6351,12.56,12.5645,64913.0,648.0,12.592131
WULF,2026-01-21 19:10:00+00:00,12.565,12.605,12.53,12.545,149075.0,1220.0,12.5618
WULF,2026-01-21 19:15:00+00:00,12.545,12.595,12.515,12.58,230404.0,1273.0,12.54669
WULF,2026-01-21 19:20:00+00:00,12.58,12.645,12.555,12.635,717258.0,761.0,12.599012
WULF,2026-01-21 19:25:00+00:00,12.6313,13.0,12.6222,12.955,344885.0,2864.0,12.83479
WULF,2026-01-21 19:30:00+00:00,12.955,13.015,12.8499,12.985,312116.0,2031.0,12.944579
WULF,2026-01-21 19:35:00+00:00,12.99,13.065,12.95,13.0189,255907.0,1522.0,13.005708
WULF,2026-01-21 19:40:00+00:00,13.0124,13.105,12.975,13.095,436290.0,2877.0,13.039925
WULF,2026-01-21 19:45:00+00:00,13.1,13.23,13.095,13.205,614696.0,2443.0,13.170909
WULF,2026-01-21 19:50:00+00:00,13.2,13.29,13.045,13.28,280821.0,1720.0,13.167166
WULF,2026-01-21 19:55:00+00:00,13.28,13.385,13.265,13.385,745797.0,3860.0,13.319741
WULF,2026-01-21 20:00:00+00:00,13.385,13.415,13.29,13.3699,434380.0,2716.0,13.366824
WULF,2026-01-21 20:05:00+00:00,13.365,13.41,13.3,13.37,298773.0,2076.0,13.356237
WULF,2026-01-21 20:10:00+00:00,13.365,13.4,13.1868,13.2171,285275.0,1593.0,13.284174
WULF,2026-01-21 20:15:00+00:00,13.22,13.2598,13.18,13.21,265142.0,1788.0,13.225418
WULF,2026-01-21 20:20:00+00:00,13.2169,13.245,13.085,13.175,232437.0,1575.0,13.155047
WULF,2026-01-21 20:25:00+00:00,13.175,13.175,13.0413,13.05,135456.0,1071.0,13.099446
WULF,2026-01-21 20:30:00+00:00,13.05,13.1,12.965,13.085,263689.0,1615.0,13.030284
WULF,2026-01-21 20:35:00+00:00,13.08,13.165,13.065,13.1,134437.0,1055.0,13.108791
WULF,2026-01-21 20:40:00+00:00,13.1,13.1428,13.075,13.1337,159700.0,1108.0,13.09986
WULF,2026-01-21 20:45:00+00:00,13.131,13.195,13.1,13.135,201662.0,1108.0,13.134735
WULF,2026-01-21 20:50:00+00:00,13.13,13.175,13.12,13.1201,255152.0,1954.0,13.147014
WULF,2026-01-21 20:55:00+00:00,13.12,13.15,13.03,13.12,1135822.0,4870.0,13.078992
WULF,2026-01-21 21:00:00+00:00,13.12,13.12,13.02,13.1,869302.0,65.0,13.11966
WULF,2026-01-21 21:05:00+00:00,13.119,13.12,13.1,13.12,5502.0,29.0,13.117902
WULF,2026-01-21 21:10:00+00:00,13.12,13.18,13.12,13.18,4715.0,27.0,13.135601
WULF,2026-01-21 21:15:00+00:00,13.18,13.18,13.15,13.15,2634.0,16.0,13.161689
WULF,2026-01-21 21:25:00+00:00,13.1742,13.1742,13.15,13.15,2015.0,3.0,13.15605
WULF,2026-01-21 21:30:00+00:00,13.15,13.16,13.15,13.16,3550.0,7.0,13.151221
WULF,2026-01-21 21:35:00+00:00,13.17,13.17,13.1509,13.1509,911.0,4.0,13.161864
WULF,2026-01-21 21:40:00+00:00,13.15,13.1589,13.15,13.1589,429.0,3.0,13.154159
WULF,2026-01-21 21:45:00+00:00,13.15,13.15,13.15,13.15,5117.0,18.0,13.15
WULF,2026-01-21 21:50:00+00:00,13.16,13.16,13.16,13.16,400.0,1.0,13.16
WULF,2026-01-21 21:55:00+00:00,13.16,13.16,13.1538,13.1538,362.0,6.0,13.157363
WULF,2026-01-21 22:00:00+00:00,13.13,13.15,13.13,13.15,5766.0,17.0,13.146552
WULF,2026-01-21 22:05:00+00:00,13.17,13.17,13.17,13.17,127.0,2.0,13.17
WULF,2026-01-21 22:10:00+00:00,13.18,13.18,13.18,13.18,300.0,2.0,13.18
WULF,2026-01-21 22:15:00+00:00,13.17,13.17,13.17,13.17,426.0,1.0,13.17
WULF,2026-01-21 22:25:00+00:00,13.15,13.17,13.15,13.1508,4252.0,17.0,13.156135
WULF,2026-01-21 22:30:00+00:00,13.1502,13.16,13.15,13.16,1036.0,6.0,13.1542
WULF,2026-01-21 22:35:00+00:00,13.17,13.17,13.1695,13.17,1093.0,4.0,13.169909
WULF,2026-01-21 22:40:00+00:00,13.18,13.18,13.1799,13.18,2376.0,6.0,13.179996
WULF,2026-01-21 22:45:00+00:00,13.18,13.18,13.17,13.17,332.0,3.0,13.173106
WULF,2026-01-21 22:50:00+00:00,13.17,13.17,13.17,13.17,100.0,1.0,13.17
WULF,2026-01-21 22:55:00+00:00,13.18,13.19,13.18,13.19,5014.0,8.0,13.180407
WULF,2026-01-21 23:00:00+00:00,13.18,13.2,13.17,13.2,23282.0,15.0,13.175352
WULF,2026-01-21 23:05:00+00:00,13.1951,13.1951,13.17,13.1762,1277.0,6.0,13.174673
WULF,2026-01-21 23:15:00+00:00,13.16,13.199,13.16,13.199,402.0,3.0,13.16975
WULF,2026-01-21 23:20:00+00:00,13.16,13.16,13.16,13.16,176.0,2.0,13.16
WULF,2026-01-21 23:25:00+00:00,13.23,13.23,13.17,13.2,1078.0,10.0,13.203843
WULF,2026-01-21 23:30:00+00:00,13.1831,13.2,13.1831,13.2,3150.0,3.0,13.183645
WULF,2026-01-21 23:35:00+00:00,13.19,13.2,13.16,13.16,3504.0,10.0,13.190751
WULF,2026-01-21 23:40:00+00:00,13.16,13.18,13.16,13.18,700.0,3.0,13.164529
WULF,2026-01-21 23:45:00+00:00,13.2,13.2,13.16,13.16,859.0,5.0,13.171976
WULF,2026-01-21 23:50:00+00:00,13.2,13.2,13.1999,13.2,947.0,5.0,13.199978
WULF,2026-01-21 23:55:00+00:00,13.19,13.2,13.19,13.2,2449.0,11.0,13.195477
WULF,2026-01-22 00:00:00+00:00,13.2,13.25,13.2,13.25,1413.0,3.0,13.208897
WULF,2026-01-22 00:05:00+00:00,13.24,13.24,13.24,13.24,175.0,2.0,13.24
WULF,2026-01-22 00:10:00+00:00,13.24,13.24,13.24,13.24,251.0,3.0,13.24
WULF,2026-01-22 00:15:00+00:00,13.18,13.18,13.17,13.1715,2301.0,6.0,13.173709
WULF,2026-01-22 00:25:00+00:00,13.2299,13.2299,13.2299,13.2299,526.0,2.0,13.2299
WULF,2026-01-22 00:35:00+00:00,13.21,13.21,13.21,13.21,313.0,4.0,13.21
WULF,2026-01-22 00:45:00+00:00,13.2,13.2,13.16,13.16,1332.0,6.0,13.181705
WULF,2026-01-22 00:55:00+00:00,13.1746,13.1746,13.1746,13.1746,300.0,1.0,13.1746
WULF,2026-01-22 09:00:00+00:00,13.28,13.43,13.26,13.43,2579.0,18.0,13.364686
WULF,2026-01-22 09:10:00+00:00,13.4,13.41,13.4,13.41,1173.0,13.0,13.406861
WULF,2026-01-22 09:40:00+00:00,13.41,13.41,13.41,13.41,301.0,2.0,13.41
WULF,2026-01-22 09:50:00+00:00,13.37,13.37,13.35,13.35,882.0,7.0,13.358805
WULF,2026-01-22 10:20:00+00:00,13.35,13.36,13.35,13.36,677.0,9.0,13.35793
WULF,2026-01-22 10:25:00+00:00,13.35,13.35,13.35,13.35,410.0,6.0,13.35
WULF,2026-01-22 10:30:00+00:00,13.36,13.37,13.36,13.37,613.0,10.0,13.365714
WULF,2026-01-22 10:35:00+00:00,13.36,13.36,13.36,13.36,1800.0,4.0,13.36
WULF,2026-01-22 10:45:00+00:00,13.35,13.35,13.35,13.35,1000.0,8.0,13.35
WULF,2026-01-22 11:00:00+00:00,13.36,13.36,13.36,13.36,120.0,1.0,13.36
WULF,2026-01-22 11:15:00+00:00,13.34,13.34,13.34,13.34,161.0,3.0,13.34
WULF,2026-01-22 11:20:00+00:00,13.33,13.33,13.33,13.33,147.0,2.0,13.33
WULF,2026-01-22 11:30:00+00:00,13.35,13.35,13.35,13.35,200.0,2.0,13.35
WULF,2026-01-22 11:45:00+00:00,13.35,13.35,13.325,13.33,2632.0,14.0,13.340981
WULF,2026-01-22 12:00:00+00:00,13.32,13.32,13.3,13.3,1312.0,12.0,13.301674
WULF,2026-01-22 12:10:00+00:00,13.29,13.29,13.29,13.29,800.0,1.0,13.29
WULF,2026-01-22 12:15:00+00:00,13.29,13.34,13.29,13.34,8692.0,27.0,13.332587
WULF,2026-01-22 12:20:00+00:00,13.3,13.3,13.3,13.3,1319.0,5.0,13.3
WULF,2026-01-22 12:25:00+00:00,13.3,13.3,13.28,13.29,1970.0,12.0,13.297222
WULF,2026-01-22 12:30:00+00:00,13.28,13.28,13.265,13.28,924.0,7.0,13.272933
WULF,2026-01-22 12:35:00+00:00,13.29,13.29,13.29,13.29,816.0,9.0,13.29
WULF,2026-01-22 12:40:00+00:00,13.25,13.25,13.25,13.25,110.0,1.0,13.25
WULF,2026-01-22 12:45:00+00:00,13.26,13.26,13.24,13.24,2088.0,10.0,13.250309
WULF,2026-01-22 13:00:00+00:00,13.33,13.44,13.18,13.29,37268.0,236.0,13.290895
WULF,2026-01-22 13:05:00+00:00,13.29,13.29,13.29,13.29,290.0,3.0,13.29
WULF,2026-01-22 13:10:00+00:00,13.28,13.29,13.28,13.29,829.0,6.0,13.284709
WULF,2026-01-22 13:15:00+00:00,13.28,13.28,13.27,13.28,1860.0,15.0,13.277647
WULF,2026-01-22 13:20:00+00:00,13.2829,13.3292,13.28,13.3292,7884.0,17.0,13.294229
WULF,2026-01-22 13:25:00+00:00,13.3294,13.3294,13.28,13.3,2089.0,7.0,13.298507
WULF,2026-01-22 13:30:00+00:00,13.3,13.32,13.29,13.31,3728.0,18.0,13.307313
WULF,2026-01-22 13:35:00+00:00,13.3,13.3,13.3,13.3,200.0,1.0,13.3
WULF,2026-01-22 13:40:00+00:00,13.29,13.3031,13.25,13.2772,2717.0,28.0,13.286009
WULF,2026-01-22 13:45:00+00:00,13.26,13.27,13.24,13.27,4790.0,32.0,13.259241
WULF,2026-01-22 13:50:00+00:00,13.26,13.27,13.2511,13.27,2645.0,12.0,13.258453
WULF,2026-01-22 13:55:00+00:00,13.2937,13.3,13.2706,13.2709,3101.0,9.0,13.29669
WULF,2026-01-22 14:00:00+00:00,13.3,13.33,13.27,13.31,2344.0,22.0,13.302347
WULF,2026-01-22 14:05:00+00:00,13.28,13.3,13.27,13.28,1370.0,13.0,13.276692
WULF,2026-01-22 14:10:00+00:00,13.2959,13.3,13.28,13.28,824.0,8.0,13.285551
WULF,2026-01-22 14:15:00+00:00,13.2709,13.3,13.27,13.3,2931.0,7.0,13.280838
WULF,2026-01-22 14:20:00+00:00,13.28,13.29,13.26,13.28,7206.0,24.0,13.280991
WULF,2026-01-22 14:25:00+00:00,13.27,13.31,13.24,13.3,5105.0,54.0,13.296646
WULF,2026-01-22 14:30:00+00:00,13.24,13.47,13.18,13.2399,538830.0,3093.0,13.29406
WULF,2026-01-22 14:35:00+00:00,13.23,13.3,13.02,13.24,534445.0,1900.0,13.197016
WULF,2026-01-22 14:40:00+00:00,13.235,13.245,13.11,13.18,237439.0,1315.0,13.169906
WULF,2026-01-22 14:45:00+00:00,13.175,13.18,13.03,13.1,280023.0,1668.0,13.091272
WULF,2026-01-22 14:50:00+00:00,13.095,13.245,13.09,13.2,221288.0,1404.0,13.178465
WULF,2026-01-22 14:55:00+00:00,13.2,13.2128,13.02,13.02,183121.0,1132.0,13.095032
WULF,2026-01-22 15:00:00+00:00,13.02,13.03,12.8,12.825,409390.0,2071.0,12.907013
WULF,2026-01-22 15:05:00+00:00,12.84,12.85,12.78,12.8349,303961.0,1892.0,12.81974
WULF,2026-01-22 15:10:00+00:00,12.8399,12.85,12.71,12.725,269279.0,1333.0,12.761491
WULF,2026-01-22 15:15:00+00:00,12.72,12.76,12.63,12.635,255033.0,1572.0,12.694787
WULF,2026-01-22 15:20:00+00:00,12.64,12.705,12.5342,12.59,356180.0,2196.0,12.635441
WULF,2026-01-22 15:25:00+00:00,12.5845,12.63,12.5,12.55,195619.0,1393.0,12.577197
WULF,2026-01-22 15:30:00+00:00,12.555,12.687,12.55,12.675,227219.0,1509.0,12.615
WULF,2026-01-22 15:35:00+00:00,12.675,12.71,12.6,12.63,228057.0,1558.0,12.658822
WULF,2026-01-22 15:40:00+00:00,12.63,12.6999,12.59,12.64,289924.0,1147.0,12.645252
WULF,2026-01-22 15:45:00+00:00,12.64,12.74,12.625,12.705,193481.0,1404.0,12.677773
WULF,2026-01-22 15:50:00+00:00,12.7055,12.735,12.625,12.645,93694.0,903.0,12.691086
WULF,2026-01-22 15:55:00+00:00,12.645,12.77,12.64,12.72,203656.0,1612.0,12.719752
WULF,2026-01-22 16:00:00+00:00,12.7246,12.802,12.72,12.755,348722.0,2067.0,12.763476
WULF,2026-01-22 16:05:00+00:00,12.755,12.78,12.685,12.6925,134410.0,919.0,12.722977
WULF,2026-01-22 16:10:00+00:00,12.7,12.705,12.63,12.68,164698.0,1303.0,12.663015
WULF,2026-01-22 16:15:00+00:00,12.68,12.69,12.61,12.63,166270.0,960.0,12.652287
WULF,2026-01-22 16:20:00+00:00,12.63,12.685,12.61,12.68,102979.0,757.0,12.635394
WULF,2026-01-22 16:25:00+00:00,12.6824,12.765,12.625,12.7,167739.0,1212.0,12.696612
WULF,2026-01-22 16:30:00+00:00,12.7066,12.75,12.685,12.705,98106.0,780.0,12.709484
WULF,2026-01-22 16:35:00+00:00,12.705,12.75,12.685,12.71,108635.0,896.0,12.720338
WULF,2026-01-22 16:40:00+00:00,12.705,12.78,12.7,12.7733,72782.0,737.0,12.747234
WULF,2026-01-22 16:45:00+00:00,12.7746,12.825,12.7634,12.815,108137.0,789.0,12.795692
WULF,2026-01-22 16:50:00+00:00,12.8166,12.825,12.775,12.795,137272.0,703.0,12.797618
WULF,2026-01-22 16:55:00+00:00,12.795,12.795,12.705,12.7494,121312.0,725.0,12.733807
WULF,2026-01-22 17:00:00+00:00,12.74,12.785,12.7122,12.7501,151988.0,1139.0,12.737966
WULF,2026-01-22 17:05:00+00:00,12.759,12.79,12.705,12.765,198055.0,1202.0,12.737478
WULF,2026-01-22 17:10:00+00:00,12.76,12.81,12.75,12.76,106214.0,890.0,12.777036
WULF,2026-01-22 17:15:00+00:00,12.765,12.785,12.72,12.73,108857.0,738.0,12.754343
WULF,2026-01-22 17:20:00+00:00,12.72,12.74,12.68,12.725,116703.0,692.0,12.712193
WULF,2026-01-22 17:25:00+00:00,12.73,12.74,12.65,12.675,48136.0,690.0,12.685082
WULF,2026-01-22 17:30:00+00:00,12.68,12.73,12.67,12.685,59909.0,659.0,12.700757
WULF,2026-01-22 17:35:00+00:00,12.685,12.74,12.665,12.715,398980.0,622.0,12.706038
WULF,2026-01-22 17:40:00+00:00,12.71,12.755,12.705,12.7397,84372.0,683.0,12.737176
WULF,2026-01-22 17:45:00+00:00,12.7321,12.785,12.73,12.74,90385.0,730.0,12.756013
WULF,2026-01-22 17:50:00+00:00,12.74,12.766,12.705,12.725,73587.0,552.0,12.744748
WULF,2026-01-22 17:55:00+00:00,12.73,12.73,12.685,12.7101,77814.0,655.0,12.702725
WULF,2026-01-22 18:00:00+00:00,12.71,12.73,12.69,12.7,107508.0,882.0,12.710621
WULF,2026-01-22 18:05:00+00:00,12.7,12.73,12.69,12.7,62032.0,541.0,12.71188
WULF,2026-01-22 18:10:00+00:00,12.705,12.76,12.695,12.74,130393.0,963.0,12.721461
WULF,2026-01-22 18:15:00+00:00,12.75,12.79,12.745,12.755,59082.0,645.0,12.764853
WULF,2026-01-22 18:20:00+00:00,12.755,12.775,12.72,12.735,91725.0,657.0,12.746819
WULF,2026-01-22 18:25:00+00:00,12.735,12.7658,12.72,12.75,94124.0,574.0,12.738772
WULF,2026-01-22 18:30:00+00:00,12.745,12.765,12.735,12.75,58239.0,633.0,12.747077
WULF,2026-01-22 18:35:00+00:00,12.74,12.76,12.725,12.755,59907.0,556.0,12.7398
WULF,2026-01-22 18:40:00+00:00,12.75,12.77,12.72,12.735,85035.0,682.0,12.743773
WULF,2026-01-22 18:45:00+00:00,12.7301,12.75,12.71,12.745,75597.0,718.0,12.73247
WULF,2026-01-22 18:50:00+00:00,12.7401,12.78,12.7201,12.74,98018.0,780.0,12.745741
WULF,2026-01-22 18:55:00+00:00,12.75,12.785,12.72,12.785,86944.0,742.0,12.758694
WULF,2026-01-22 19:00:00+00:00,12.785,12.8299,12.725,12.8001,117304.0,836.0,12.782834
WULF,2026-01-22 19:05:00+00:00,12.8,12.83,12.795,12.825,134642.0,829.0,12.816648
WULF,2026-01-22 19:10:00+00:00,12.825,12.885,12.82,12.845,299154.0,1269.0,12.848883
WULF,2026-01-22 19:15:00+00:00,12.845,12.88,12.84,12.865,150284.0,1031.0,12.859768
WULF,2026-01-22 19:20:00+00:00,12.865,12.93,12.83,12.9129,240794.0,1160.0,12.866348
WULF,2026-01-22 19:25:00+00:00,12.92,12.95,12.8818,12.95,106367.0,699.0,12.912985
WULF,2026-01-22 19:30:00+00:00,12.95,13.0685,12.94,13.06,276255.0,1215.0,12.98983
WULF,2026-01-22 19:35:00+00:00,13.055,13.15,13.05,13.1165,234797.0,1158.0,13.119184
WULF,2026-01-22 19:40:00+00:00,13.115,13.21,13.1122,13.175,397329.0,1754.0,13.17613
WULF,2026-01-22 19:45:00+00:00,13.1781,13.26,13.0937,13.1016,408011.0,1568.0,13.183841
WULF,2026-01-22 19:50:00+00:00,13.105,13.24,13.105,13.22,300265.0,1459.0,13.187957
WULF,2026-01-22 19:55:00+00:00,13.215,13.23,13.14,13.205,639153.0,1020.0,13.180694
WULF,2026-01-22 20:00:00+00:00,13.205,13.205,13.1247,13.16,920940.0,1169.0,13.16923
WULF,2026-01-22 20:05:00+00:00,13.17,13.195,13.095,13.12,168911.0,1284.0,13.147855
WULF,2026-01-22 20:10:00+00:00,13.13,13.19,13.12,13.175,126885.0,906.0,13.150143
WULF,2026-01-22 20:15:00+00:00,13.175,13.2,13.15,13.165,137399.0,992.0,13.175897
WULF,2026-01-22 20:20:00+00:00,13.165,13.165,13.07,13.12,178821.0,1354.0,13.131714
WULF,2026-01-22 20:25:00+00:00,13.1155,13.1155,13.01,13.01,145652.0,1123.0,13.060774
WULF,2026-01-22 20:30:00+00:00,13.005,13.0089,12.94,12.95,150462.0,1168.0,12.970631
WULF,2026-01-22 20:35:00+00:00,12.95,12.965,12.87,12.87,233958.0,1199.0,12.924715
WULF,2026-01-22 20:40:00+00:00,12.86,12.93,12.85,12.915,187809.0,1411.0,12.889345
WULF,2026-01-22 20:45:00+00:00,12.92,12.955,12.9016,12.905,190164.0,1514.0,12.927551
WULF,2026-01-22 20:50:00+00:00,12.91,12.935,12.845,12.895,600824.0,3077.0,12.886639
WULF,2026-01-22 20:55:00+00:00,12.9,12.93,12.86,12.88,734137.0,4566.0,12.884707
WULF,2026-01-22 21:00:00+00:00,12.89,13.02,12.75,12.89,897173.0,89.0,12.871325
WULF,2026-01-22 21:05:00+00:00,12.92,13.0,12.9,12.96,1730.0,12.0,12.971852
WULF,2026-01-22 21:10:00+00:00,12.96,12.96,12.9,12.9324,4418.0,22.0,12.945292
WULF,2026-01-22 21:15:00+00:00,13.0,13.0,12.89,12.89,3760.0,43.0,12.94709
WULF,2026-01-22 21:20:00+00:00,12.89,12.9,12.89,12.9,1872.0,21.0,12.891506
WULF,2026-01-22 21:25:00+00:00,12.92,12.92,12.91,12.91,450.0,5.0,12.917059
WULF,2026-01-22 21:30:00+00:00,12.97,12.97,12.88,12.88,3228.0,5.0,12.908391
WULF,2026-01-22 21:40:00+00:00,12.9,12.93,12.85,12.85,37299.0,77.0,12.863507
WULF,2026-01-22 21:45:00+00:00,12.87,12.9256,12.87,12.9256,1264.0,8.0,12.916161
WULF,2026-01-22 21:50:00+00:00,12.94,12.94,12.87,12.8808,3165.0,19.0,12.892986
WULF,2026-01-22 21:55:00+00:00,12.9351,12.9351,12.88,12.89,885.0,5.0,12.892178
WULF,2026-01-22 22:00:00+00:00,12.89,12.89,12.89,12.89,200.0,1.0,12.89
WULF,2026-01-22 22:05:00+00:00,12.88,12.89,12.88,12.89,553.0,3.0,12.88802
WULF,2026-01-22 22:10:00+00:00,12.93,12.93,12.93,12.93,1402.0,2.0,12.93
WULF,2026-01-22 22:15:00+00:00,12.92,12.92,12.8804,12.9152,1738.0,18.0,12.91434
WULF,2026-01-22 22:20:00+00:00,12.89,12.89,12.89,12.89,100.0,1.0,12.89
WULF,2026-01-22 22:25:00+00:00,12.88,12.9,12.88,12.9,1400.0,2.0,12.897143
WULF,2026-01-22 22:30:00+00:00,12.88,12.9,12.88,12.9,8070.0,8.0,12.898688
WULF,2026-01-22 22:35:00+00:00,12.8991,12.9,12.8807,12.9,2761.0,6.0,12.896458
WULF,2026-01-22 22:40:00+00:00,12.9,12.9,12.8967,12.8967,1050.0,10.0,12.899662
WULF,2026-01-22 22:45:00+00:00,12.8968,12.8994,12.8968,12.8991,1256.0,10.0,12.89888
WULF,2026-01-22 22:50:00+00:00,12.9,12.9,12.9,12.9,103.0,2.0,12.9
WULF,2026-01-22 22:55:00+00:00,12.92,12.94,12.92,12.939,806.0,6.0,12.924906
WULF,2026-01-22 23:00:00+00:00,12.9231,12.93,12.9,12.92,3754.0,9.0,12.92191
WULF,2026-01-22 23:05:00+00:00,12.9,12.9,12.9,12.9,1075.0,8.0,12.9
WULF,2026-01-22 23:10:00+00:00,12.88,12.88,12.85,12.86,3839.0,17.0,12.864672
WULF,2026-01-22 23:20:00+00:00,12.89,12.89,12.86,12.86,1090.0,5.0,12.862887
WULF,2026-01-22 23:25:00+00:00,12.8982,12.8982,12.8982,12.8982,400.0,1.0,12.8982
WULF,2026-01-22 23:35:00+00:00,12.9,12.9,12.9,12.9,600.0,1.0,12.9
WULF,2026-01-22 23:40:00+00:00,12.85,12.85,12.85,12.85,2004.0,2.0,12.85
WULF,2026-01-22 23:45:00+00:00,12.85,12.85,12.85,12.85,778.0,9.0,12.85
WULF,2026-01-22 23:50:00+00:00,12.85,12.85,12.85,12.85,650.0,2.0,12.85
WULF,2026-01-22 23:55:00+00:00,12.8481,12.8481,12.83,12.83,621.0,6.0,12.843069
WULF,2026-01-23 00:00:00+00:00,12.85,12.85,12.8246,12.8246,887.0,8.0,12.837395
WULF,2026-01-23 00:10:00+00:00,12.85,12.85,12.85,12.85,100.0,1.0,12.85
WULF,2026-01-23 00:15:00+00:00,12.84,12.84,12.83,12.83,1692.0,4.0,12.83375
WULF,2026-01-23 00:20:00+00:00,12.87,12.88,12.85,12.8799,1734.0,7.0,12.869591
WULF,2026-01-23 00:25:00+00:00,12.88,12.8898,12.88,12.8898,1579.0,5.0,12.881569
WULF,2026-01-23 00:30:00+00:00,12.8803,12.89,12.88,12.8805,8151.0,12.0,12.880601
WULF,2026-01-23 00:35:00+00:00,12.88,12.88,12.88,12.88,133.0,2.0,12.88
WULF,2026-01-23 00:45:00+00:00,12.8976,12.8976,12.8976,12.8976,101.0,2.0,12.8976
WULF,2026-01-23 00:50:00+00:00,12.88,12.9,12.88,12.9,1349.0,4.0,12.88593
WULF,2026-01-23 00:55:00+00:00,12.89,12.92,12.89,12.92,2307.0,7.0,12.90543
WULF,2026-01-23 09:05:00+00:00,12.99,12.99,12.99,12.99,999.0,49.0,12.99
WULF,2026-01-23 09:10:00+00:00,12.99,12.99,12.9,12.9,2071.0,17.0,12.98545
WULF,2026-01-23 09:40:00+00:00,12.91,12.91,12.88,12.88,1560.0,5.0,12.904
WULF,2026-01-23 09:50:00+00:00,12.89,12.89,12.89,12.89,135.0,2.0,12.89
WULF,2026-01-23 10:25:00+00:00,12.88,12.89,12.88,12.89,400.0,5.0,12.886667
WULF,2026-01-23 10:30:00+00:00,12.88,12.89,12.88,12.89,883.0,17.0,12.887655
WULF,2026-01-23 11:00:00+00:00,12.88,12.935,12.88,12.935,3595.0,29.0,12.891867
WULF,2026-01-23 11:25:00+00:00,12.93,12.94,12.93,12.94,260.0,4.0,12.935902
WULF,2026-01-23 11:40:00+00:00,12.92,12.92,12.92,12.92,200.0,3.0,12.92
WULF,2026-01-23 11:55:00+00:00,12.94,12.95,12.94,12.95,921.0,8.0,12.948043
WULF,2026-01-23 12:00:00+00:00,12.92,12.93,12.92,12.93,558.0,8.0,12.926812
WULF,2026-01-23 12:05:00+00:00,12.9,12.91,12.9,12.91,415.0,6.0,12.906667
WULF,2026-01-23 12:15:00+00:00,12.9,12.9,12.86,12.88,1839.0,24.0,12.871733
WULF,2026-01-23 12:25:00+00:00,12.87,12.87,12.87,12.87,100.0,1.0,12.87
WULF,2026-01-23 12:35:00+00:00,12.875,12.875,12.87,12.87,1001.0,11.0,12.874128
WULF,2026-01-23 12:40:00+00:00,12.87,12.88,12.87,12.88,969.0,14.0,12.873879
WULF,2026-01-23 12:45:00+00:00,12.89,12.89,12.89,12.89,165.0,1.0,12.89
WULF,2026-01-23 13:00:00+00:00,12.94,13.06,12.8,12.8863,33776.0,186.0,12.914458
WULF,2026-01-23 13:05:00+00:00,12.8807,12.9,12.8807,12.8998,1168.0,8.0,12.896851
WULF,2026-01-23 13:10:00+00:00,12.88,12.89,12.88,12.89,3277.0,3.0,12.880625
WULF,2026-01-23 13:15:00+00:00,12.8935,12.9,12.8935,12.9,981.0,8.0,12.899252
WULF,2026-01-23 13:20:00+00:00,12.89,12.89,12.89,12.89,147.0,2.0,12.89
WULF,2026-01-23 13:25:00+00:00,12.9,12.9,12.87,12.87,2721.0,23.0,12.889417
WULF,2026-01-23 13:30:00+00:00,12.87,12.87,12.8202,12.84,6183.0,19.0,12.860741
WULF,2026-01-23 13:35:00+00:00,12.8334,12.85,12.82,12.83,10999.0,36.0,12.845518
WULF,2026-01-23 13:40:00+00:00,12.82,12.85,12.82,12.85,1228.0,11.0,12.826151
WULF,2026-01-23 13:45:00+00:00,12.8454,12.8454,12.7807,12.7807,9540.0,65.0,12.813283
WULF,2026-01-23 13:50:00+00:00,12.8,12.85,12.79,12.79,8164.0,20.0,12.806075
WULF,2026-01-23 13:55:00+00:00,12.84,12.84,12.82,12.83,3250.0,10.0,12.827032
WULF,2026-01-23 14:00:00+00:00,12.8,12.8229,12.8,12.8,1798.0,14.0,12.811418
WULF,2026-01-23 14:05:00+00:00,12.78,12.8,12.78,12.8,249.0,4.0,12.788163
WULF,2026-01-23 14:10:00+00:00,12.82,12.82,12.81,12.82,2330.0,20.0,12.816132
WULF,2026-01-23 14:15:00+00:00,12.82,12.85,12.82,12.82,673.0,12.0,12.832052
WULF,2026-01-23 14:20:00+00:00,12.83,12.89,12.825,12.825,40540.0,18.0,12.888249
WULF,2026-01-23 14:25:00+00:00,12.81,12.8983,12.81,12.8983,5788.0,57.0,12.831714
WULF,2026-01-23 14:30:00+00:00,12.85,12.875,12.3702,12.379,810364.0,3367.0,12.605561
WULF,2026-01-23 14:35:00+00:00,12.38,12.65,12.36,12.5399,486795.0,3049.0,12.52838
WULF,2026-01-23 14:40:00+00:00,12.5351,12.595,12.48,12.515,289600.0,1945.0,12.533084
WULF,2026-01-23 14:45:00+00:00,12.515,12.52,12.265,12.32,388512.0,2176.0,12.352087
WULF,2026-01-23 14:50:00+00:00,12.32,12.43,12.32,12.4084,237372.0,1671.0,12.386205
WULF,2026-01-23 14:55:00+00:00,12.419,12.52,12.405,12.51,250438.0,1743.0,12.4642
WULF,2026-01-23 15:00:00+00:00,12.505,12.64,12.495,12.61,262073.0,1832.0,12.545436
WULF,2026-01-23 15:05:00+00:00,12.61,12.61,12.525,12.5458,136985.0,953.0,12.5528
WULF,2026-01-23 15:10:00+00:00,12.545,12.65,12.54,12.59,176976.0,1278.0,12.596331
WULF,2026-01-23 15:15:00+00:00,12.59,12.6,12.51,12.53,97234.0,907.0,12.549644
WULF,2026-01-23 15:20:00+00:00,12.535,12.64,12.52,12.61,222547.0,1274.0,12.567426
WULF,2026-01-23 15:25:00+00:00,12.615,12.685,12.5808,12.63,165824.0,1082.0,12.633706
WULF,2026-01-23 15:30:00+00:00,12.63,12.745,12.62,12.715,203184.0,1268.0,12.70208
WULF,2026-01-23 15:35:00+00:00,12.72,12.88,12.71,12.86,346684.0,1664.0,12.782035
WULF,2026-01-23 15:40:00+00:00,12.855,12.89,12.82,12.86,154804.0,881.0,12.864197
WULF,2026-01-23 15:45:00+00:00,12.865,12.995,12.815,12.9697,243395.0,1090.0,12.877627
WULF,2026-01-23 15:50:00+00:00,12.97,13.0442,12.96,12.98,187215.0,1109.0,12.996206
WULF,2026-01-23 15:55:00+00:00,12.975,13.07,12.975,13.065,279453.0,1631.0,13.028423
WULF,2026-01-23 16:00:00+00:00,13.06,13.15,13.0107,13.07,547046.0,2531.0,13.091589
WULF,2026-01-23 16:05:00+00:00,13.08,13.09,12.955,12.96,324353.0,1266.0,13.004614
WULF,2026-01-23 16:10:00+00:00,12.96,13.03,12.955,13.0001,118830.0,801.0,12.994876
WULF,2026-01-23 16:15:00+00:00,13.0,13.07,12.97,13.02,144665.0,1111.0,13.019484
WULF,2026-01-23 16:20:00+00:00,13.02,13.18,12.98,13.1441,409370.0,2719.0,13.115112
WULF,2026-01-23 16:25:00+00:00,13.14,13.3154,13.14,13.175,540903.0,2724.0,13.222565
WULF,2026-01-23 16:30:00+00:00,13.17,13.33,13.15,13.325,363297.0,2238.0,13.211078
WULF,2026-01-23 16:35:00+00:00,13.32,13.43,13.25,13.35,579646.0,3199.0,13.344353
WULF,2026-01-23 16:40:00+00:00,13.35,13.46,13.335,13.355,363466.0,1908.0,13.392239
WULF,2026-01-23 16:45:00+00:00,13.35,13.49,13.34,13.415,452511.0,2518.0,13.395368
WULF,2026-01-23 16:50:00+00:00,13.41,13.53,13.4,13.405,642950.0,3299.0,13.474793
WULF,2026-01-23 16:55:00+00:00,13.409,13.409,13.28,13.32,445705.0,2459.0,13.338125
WULF,2026-01-23 17:00:00+00:00,13.325,13.34,13.205,13.33,367998.0,2147.0,13.288382
WULF,2026-01-23 17:05:00+00:00,13.325,13.4,13.295,13.36,229771.0,1412.0,13.342412
WULF,2026-01-23 17:10:00+00:00,13.365,13.57,13.325,13.52,565457.0,3017.0,13.484001
WULF,2026-01-23 17:15:00+00:00,13.535,13.57,13.405,13.455,499575.0,2893.0,13.505813
WULF,2026-01-23 17:20:00+00:00,13.46,13.58,13.455,13.565,371688.0,2225.0,13.527811
WULF,2026-01-23 17:25:00+00:00,13.57,13.66,13.545,13.645,400455.0,2368.0,13.609684
WULF,2026-01-23 17:30:00+00:00,13.645,13.71,13.585,13.7,466585.0,2786.0,13.666279
WULF,2026-01-23 17:35:00+00:00,13.69,13.85,13.68,13.7701,616852.0,2962.0,13.771862
WULF,2026-01-23 17:40:00+00:00,13.775,13.775,13.66,13.705,463895.0,2529.0,13.712877
WULF,2026-01-23 17:45:00+00:00,13.705,13.755,13.63,13.64,453701.0,2416.0,13.716354
WULF,2026-01-23 17:50:00+00:00,13.64,13.645,13.5533,13.5758,292997.0,1446.0,13.590857
WULF,2026-01-23 17:55:00+00:00,13.58,13.7,13.555,13.59,348091.0,2056.0,13.626477
WULF,2026-01-23 18:00:00+00:00,13.58,13.645,13.56,13.615,350452.0,2258.0,13.606286
WULF,2026-01-23 18:05:00+00:00,13.615,13.89,13.5947,13.8454,509167.0,3045.0,13.74886
WULF,2026-01-23 18:10:00+00:00,13.845,13.9,13.645,13.67,313647.0,1985.0,13.791051
WULF,2026-01-23 18:15:00+00:00,13.68,13.8,13.67,13.765,214833.0,1456.0,13.743103
WULF,2026-01-23 18:20:00+00:00,13.77,13.885,13.75,13.84,256260.0,1542.0,13.821219
WULF,2026-01-23 18:25:00+00:00,13.84,13.9698,13.83,13.915,428470.0,2069.0,13.92226
WULF,2026-01-23 18:30:00+00:00,13.9142,14.0799,13.86,13.88,718484.0,3113.0,13.988129
WULF,2026-01-23 18:35:00+00:00,13.88,13.905,13.8,13.8901,241406.0,1326.0,13.852765
WULF,2026-01-23 18:40:00+00:00,13.895,13.9,13.76,13.7754,208774.0,1210.0,13.811694
WULF,2026-01-23 18:45:00+00:00,13.77,13.96,13.765,13.865,296889.0,1626.0,13.89232
WULF,2026-01-23 18:50:00+00:00,13.86,13.93,13.84,13.855,260447.0,1378.0,13.88781
WULF,2026-01-23 18:55:00+00:00,13.855,13.975,13.85,13.95,170797.0,1175.0,13.920186
WULF,2026-01-23 19:00:00+00:00,13.955,13.965,13.855,13.89,181360.0,1239.0,13.901941
WULF,2026-01-23 19:05:00+00:00,13.895,13.985,13.865,13.97,158853.0,1005.0,13.93516
WULF,2026-01-23 19:10:00+00:00,13.965,14.0165,13.925,14.0,223844.0,1420.0,13.985227
WULF,2026-01-23 19:15:00+00:00,13.995,14.0,13.9063,13.975,236041.0,1786.0,13.946956
WULF,2026-01-23 19:20:00+00:00,13.9702,14.075,13.96,13.99,259808.0,1802.0,14.02465
WULF,2026-01-23 19:25:00+00:00,13.985,14.005,13.875,13.9282,281407.0,1730.0,13.927869
WULF,2026-01-23 19:30:00+00:00,13.925,13.95,13.8642,13.935,171292.0,1122.0,13.905647
WULF,2026-01-23 19:35:00+00:00,13.93,14.05,13.9214,14.04,294356.0,1835.0,13.999493
WULF,2026-01-23 19:40:00+00:00,14.03,14.1,14.0,14.05,266431.0,2019.0,14.052221
WULF,2026-01-23 19:45:00+00:00,14.05,14.055,13.95,13.965,235706.0,1673.0,13.99524
WULF,2026-01-23 19:50:00+00:00,13.96,13.995,13.935,13.95,267371.0,1549.0,13.963475
WULF,2026-01-23 19:55:00+00:00,13.95,13.97,13.84,13.9101,320141.0,1559.0,13.923886
WULF,2026-01-23 20:00:00+00:00,13.915,13.925,13.75,13.8542,551944.0,2505.0,13.818713
WULF,2026-01-23 20:05:00+00:00,13.86,13.905,13.77,13.78,319691.0,1647.0,13.821781
WULF,2026-01-23 20:10:00+00:00,13.7725,13.985,13.71,13.96,249363.0,1638.0,13.853405
WULF,2026-01-23 20:15:00+00:00,13.955,13.98,13.92,13.955,254048.0,1655.0,13.954213
WULF,2026-01-23 20:20:00+00:00,13.955,13.955,13.885,13.895,154283.0,1121.0,13.918194
WULF,2026-01-23 20:25:00+00:00,13.895,13.9182,13.85,13.875,233513.0,1567.0,13.883127
WULF,2026-01-23 20:30:00+00:00,13.865,13.865,13.675,13.7807,510698.0,3387.0,13.748342
WULF,2026-01-23 20:35:00+00:00,13.785,13.84,13.7708,13.795,197543.0,1413.0,13.807493
WULF,2026-01-23 20:40:00+00:00,13.8,13.905,13.8,13.855,349179.0,2114.0,13.850069
WULF,2026-01-23 20:45:00+00:00,13.85,13.915,13.82,13.855,269042.0,1914.0,13.865232
WULF,2026-01-23 20:50:00+00:00,13.855,14.075,13.85,14.045,1190529.0,4775.0,13.9918
WULF,2026-01-23 20:55:00+00:00,14.04,14.18,14.04,14.1,1751695.0,8146.0,14.134215
WULF,2026-01-23 21:00:00+00:00,14.12,14.25,13.94,14.09,1212194.0,474.0,14.116843
WULF,2026-01-23 21:05:00+00:00,14.0,14.05,13.85,13.91,33861.0,116.0,13.932795
WULF,2026-01-23 21:10:00+00:00,13.99,14.12,13.95,13.99,33059.0,31.0,14.113457
WULF,2026-01-23 21:15:00+00:00,13.99,14.05,13.91,14.05,28012.0,31.0,14.040734
WULF,2026-01-23 21:20:00+00:00,13.87,14.05,13.87,14.03,8710.0,117.0,14.011971
WULF,2026-01-23 21:25:00+00:00,14.05,14.06,14.0179,14.06,5999.0,41.0,14.035119
WULF,2026-01-23 21:30:00+00:00,14.08,14.08,14.02,14.0238,4632.0,21.0,14.054348
WULF,2026-01-23 21:35:00+00:00,14.0243,14.05,14.0,14.0446,33192.0,152.0,14.023022
WULF,2026-01-23 21:40:00+00:00,14.0657,14.0657,14.04,14.04,739.0,8.0,14.053223
WULF,2026-01-23 21:45:00+00:00,14.0409,14.0573,14.04,14.0573,4127.0,20.0,14.04914
WULF,2026-01-23 21:50:00+00:00,14.0699,14.07,14.0057,14.06,5166.0,19.0,14.050204
WULF,2026-01-23 21:55:00+00:00,14.0,14.0268,14.0,14.0,1156.0,10.0,14.01409
WULF,2026-01-23 22:00:00+00:00,14.1,14.12,14.07,14.07,36362.0,68.0,14.105325
WULF,2026-01-23 22:05:00+00:00,14.08,14.18,14.06,14.16,52029.0,93.0,14.142282
WULF,2026-01-23 22:10:00+00:00,14.17,14.1999,14.12,14.12,22563.0,40.0,14.190225
WULF,2026-01-23 22:15:00+00:00,14.17,14.17,14.16,14.17,12716.0,26.0,14.162345
WULF,2026-01-23 22:20:00+00:00,14.16,14.1612,14.16,14.16,10819.0,32.0,14.160025
WULF,2026-01-23 22:25:00+00:00,14.17,14.17,14.16,14.16,4270.0,52.0,14.16648
WULF,2026-01-23 22:30:00+00:00,14.16,14.1601,14.16,14.16,1935.0,14.0,14.160016
WULF,2026-01-23 22:35:00+00:00,14.16,14.2,14.16,14.16,8425.0,19.0,14.175549
WULF,2026-01-23 22:40:00+00:00,14.16,14.198,14.16,14.16,5198.0,26.0,14.160785
WULF,2026-01-23 22:45:00+00:00,14.16,14.16,14.16,14.16,951.0,13.0,14.16
WULF,2026-01-23 22:50:00+00:00,14.1602,14.17,14.16,14.16,3563.0,19.0,14.160945
WULF,2026-01-23 22:55:00+00:00,14.15,14.15,14.15,14.15,1876.0,15.0,14.15
WULF,2026-01-23 23:00:00+00:00,14.1501,14.1501,14.15,14.15,14479.0,10.0,14.150013
WULF,2026-01-23 23:05:00+00:00,14.1577,14.1577,14.15,14.15,1874.0,8.0,14.15438
WULF,2026-01-23 23:10:00+00:00,14.16,14.16,14.16,14.16,354.0,3.0,14.16
WULF,2026-01-23 23:15:00+00:00,14.1531,14.1531,14.15,14.1501,581.0,5.0,14.150882
WULF,2026-01-23 23:20:00+00:00,14.15,14.1515,14.15,14.15,3406.0,7.0,14.150059
WULF,2026-01-23 23:25:00+00:00,14.15,14.1503,14.15,14.1503,1313.0,4.0,14.150115
WULF,2026-01-23 23:30:00+00:00,14.15,14.1585,14.15,14.1585,1656.0,7.0,14.151122
WULF,2026-01-23 23:35:00+00:00,14.15,14.1587,14.15,14.15,2719.0,13.0,14.150334
WULF,2026-01-23 23:40:00+00:00,14.16,14.16,14.15,14.15,1434.0,5.0,14.157513
WULF,2026-01-23 23:45:00+00:00,14.15,14.16,14.15,14.15,3650.0,7.0,14.156521
WULF,2026-01-23 23:50:00+00:00,14.15,14.16,14.15,14.15,3792.0,6.0,14.15804
WULF,2026-01-23 23:55:00+00:00,14.16,14.16,14.16,14.16,150.0,1.0,14.16
WULF,2026-01-24 00:00:00+00:00,14.15,14.15,14.15,14.15,102.0,3.0,14.15
WULF,2026-01-24 00:05:00+00:00,14.1598,14.1598,14.15,14.15,880.0,10.0,14.155663
WULF,2026-01-24 00:10:00+00:00,14.15,14.1589,14.15,14.1589,3251.0,13.0,14.150778
WULF,2026-01-24 00:15:00+00:00,14.15,14.16,14.15,14.15,3393.0,14.0,14.151249
WULF,2026-01-24 00:20:00+00:00,14.15,14.15,14.15,14.15,525.0,3.0,14.15
WULF,2026-01-24 00:25:00+00:00,14.1502,14.1502,14.1502,14.1502,195.0,3.0,14.1502
WULF,2026-01-24 00:30:00+00:00,14.15,14.15,14.15,14.15,6023.0,8.0,14.15
WULF,2026-01-24 00:35:00+00:00,14.15,14.15,14.15,14.15,340.0,3.0,14.15
WULF,2026-01-24 00:40:00+00:00,14.15,14.1597,14.15,14.1597,1865.0,15.0,14.152121
WULF,2026-01-24 00:45:00+00:00,14.15,14.1585,14.15,14.15,1016.0,15.0,14.150948
WULF,2026-01-24 00:50:00+00:00,14.15,14.16,14.15,14.1502,6999.0,15.0,14.15534
WULF,2026-01-24 00:55:00+00:00,14.1598,14.16,14.1585,14.1585,2430.0,8.0,14.159711
WULF,2026-01-26 09:00:00+00:00,14.0,14.0,14.0,14.0,517.0,18.0,14.0
WULF,2026-01-26 09:25:00+00:00,13.9,13.91,13.9,13.9,1762.0,19.0,13.903069
WULF,2026-01-26 09:30:00+00:00,13.87,13.87,13.87,13.87,867.0,1.0,13.87
WULF,2026-01-26 09:35:00+00:00,13.86,13.86,13.86,13.86,102.0,2.0,13.86
WULF,2026-01-26 09:40:00+00:00,13.82,13.82,13.7,13.7,9347.0,94.0,13.732572
WULF,2026-01-26 09:45:00+00:00,13.74,13.75,13.7,13.7,6946.0,27.0,13.705007
WULF,2026-01-26 09:50:00+00:00,13.74,13.75,13.71,13.71,1361.0,16.0,13.728386
WULF,2026-01-26 10:00:00+00:00,13.77,13.78,13.77,13.78,823.0,10.0,13.776595
WULF,2026-01-26 10:10:00+00:00,13.78,13.78,13.78,13.78,574.0,3.0,13.78
WULF,2026-01-26 10:25:00+00:00,13.79,13.79,13.79,13.79,526.0,2.0,13.79
WULF,2026-01-26 10:35:00+00:00,13.8,13.8,13.8,13.8,212.0,1.0,13.8
WULF,2026-01-26 10:40:00+00:00,13.82,13.82,13.82,13.82,190.0,1.0,13.82
WULF,2026-01-26 10:45:00+00:00,13.82,13.84,13.82,13.84,1434.0,14.0,13.838315
WULF,2026-01-26 10:50:00+00:00,13.84,13.85,13.84,13.85,1834.0,12.0,13.844435
WULF,2026-01-26 11:05:00+00:00,13.84,13.85,13.84,13.85,214.0,2.0,13.844673
WULF,2026-01-26 11:15:00+00:00,13.81,13.81,13.74,13.74,4716.0,32.0,13.768186
WULF,2026-01-26 11:30:00+00:00,13.8,13.81,13.8,13.81,1000.0,7.0,13.801904
WULF,2026-01-26 11:40:00+00:00,13.75,13.75,13.75,13.75,279.0,7.0,13.75
WULF,2026-01-26 11:50:00+00:00,13.75,13.75,13.75,13.75,100.0,1.0,13.75
WULF,2026-01-26 11:55:00+00:00,13.78,13.78,13.74,13.74,1000.0,6.0,13.775556
WULF,2026-01-26 12:00:00+00:00,13.79,13.83,13.74,13.83,1503.0,20.0,13.773677
WULF,2026-01-26 12:05:00+00:00,13.83,13.86,13.8,13.83,7119.0,48.0,13.833282
WULF,2026-01-26 12:10:00+00:00,13.8,13.86,13.8,13.86,4417.0,26.0,13.834131
WULF,2026-01-26 12:20:00+00:00,13.88,13.89,13.88,13.89,1195.0,8.0,13.888373
WULF,2026-01-26 12:25:00+00:00,13.89,13.89,13.89,13.89,516.0,4.0,13.89
WULF,2026-01-26 12:30:00+00:00,13.87,13.87,13.87,13.87,173.0,3.0,13.87
WULF,2026-01-26 12:40:00+00:00,13.87,13.87,13.84,13.84,2365.0,26.0,13.855411
WULF,2026-01-26 12:45:00+00:00,13.86,13.87,13.86,13.87,5020.0,10.0,13.868207
WULF,2026-01-26 12:50:00+00:00,13.86,13.86,13.86,13.86,180.0,1.0,13.86
WULF,2026-01-26 13:00:00+00:00,13.74,14.04,13.67,13.992,149467.0,578.0,13.903778
WULF,2026-01-26 13:05:00+00:00,13.97,14.0,13.93,13.94,13312.0,36.0,13.984657
WULF,2026-01-26 13:10:00+00:00,14.04,14.08,13.96,14.05,9386.0,56.0,14.034715
WULF,2026-01-26 13:15:00+00:00,13.98,14.06,13.95,14.04,14050.0,83.0,14.012477
WULF,2026-01-26 13:20:00+00:00,14.0101,14.0801,14.0101,14.07,2984.0,21.0,14.036044
WULF,2026-01-26 13:25:00+00:00,14.0695,14.08,14.01,14.07,6037.0,32.0,14.047851
WULF,2026-01-26 13:30:00+00:00,14.0,14.05,13.99,14.0299,7364.0,36.0,14.023009
WULF,2026-01-26 13:35:00+00:00,14.03,14.05,14.01,14.0101,30148.0,78.0,14.036949
WULF,2026-01-26 13:40:00+00:00,14.0103,14.08,13.98,14.0318,24264.0,175.0,14.03314
WULF,2026-01-26 13:45:00+00:00,13.96,14.04,13.96,14.04,1363.0,16.0,13.995848
WULF,2026-01-26 13:50:00+00:00,14.04,14.04,14.0299,14.03,1434.0,17.0,14.036115
WULF,2026-01-26 13:55:00+00:00,14.0229,14.05,14.02,14.05,2600.0,29.0,14.032507
WULF,2026-01-26 14:00:00+00:00,14.0491,14.05,14.02,14.0459,5719.0,20.0,14.046381
WULF,2026-01-26 14:05:00+00:00,14.03,14.05,14.02,14.02,2968.0,12.0,14.034087
WULF,2026-01-26 14:10:00+00:00,14.02,14.02,14.0,14.0,1042.0,9.0,14.012781
WULF,2026-01-26 14:15:00+00:00,14.01,14.05,14.01,14.05,18542.0,33.0,14.043118
WULF,2026-01-26 14:20:00+00:00,14.0452,14.0452,13.62,13.8445,232721.0,621.0,13.795176
WULF,2026-01-26 14:25:00+00:00,13.82,14.04,13.82,13.99,13473.0,107.0,13.95215
WULF,2026-01-26 14:30:00+00:00,14.03,14.07,13.48,13.65,1073834.0,5961.0,13.721661
WULF,2026-01-26 14:35:00+00:00,13.64,13.8839,13.59,13.65,652747.0,3394.0,13.769055
WULF,2026-01-26 14:40:00+00:00,13.655,13.74,13.55,13.6137,525057.0,2827.0,13.637394
WULF,2026-01-26 14:45:00+00:00,13.61,13.74,13.44,13.4834,605931.0,2746.0,13.56342
WULF,2026-01-26 14:50:00+00:00,13.48,13.5,13.36,13.445,488880.0,3038.0,13.426036
WULF,2026-01-26 14:55:00+00:00,13.445,13.58,13.44,13.5,536089.0,2377.0,13.507716
WULF,2026-01-26 15:00:00+00:00,13.5,13.555,13.43,13.515,382277.0,2409.0,13.495951
WULF,2026-01-26 15:05:00+00:00,13.515,13.62,13.5,13.605,319349.0,1758.0,13.567844
WULF,2026-01-26 15:10:00+00:00,13.6066,13.65,13.535,13.63,490300.0,2127.0,13.608446
WULF,2026-01-26 15:15:00+00:00,13.6266,13.685,13.55,13.625,351039.0,2283.0,13.619836
WULF,2026-01-26 15:20:00+00:00,13.62,13.67,13.6,13.645,250816.0,1516.0,13.64455
WULF,2026-01-26 15:25:00+00:00,13.64,13.64,13.47,13.525,289947.0,1790.0,13.550786
WULF,2026-01-26 15:30:00+00:00,13.525,13.525,13.365,13.43,493743.0,2527.0,13.433189
WULF,2026-01-26 15:35:00+00:00,13.43,13.44,13.32,13.3401,502557.0,2292.0,13.380228
WULF,2026-01-26 15:40:00+00:00,13.345,13.345,13.22,13.2555,719560.0,2726.0,13.277504
WULF,2026-01-26 15:45:00+00:00,13.255,13.38,13.2548,13.36,386635.0,2132.0,13.318906
WULF,2026-01-26 15:50:00+00:00,13.3535,13.3974,13.33,13.354,437035.0,1988.0,13.352521
WULF,2026-01-26 15:55:00+00:00,13.35,13.41,13.2814,13.285,326690.0,1912.0,13.344652
WULF,2026-01-26 16:00:00+00:00,13.28,13.29,13.15,13.195,440637.0,2762.0,13.200951
WULF,2026-01-26 16:05:00+00:00,13.195,13.24,13.18,13.205,177598.0,1533.0,13.203015
WULF,2026-01-26 16:10:00+00:00,13.2,13.23,13.16,13.16,231621.0,1673.0,13.205454
WULF,2026-01-26 16:15:00+00:00,13.165,13.18,13.12,13.1699,343881.0,2438.0,13.149744
WULF,2026-01-26 16:20:00+00:00,13.165,13.23,13.12,13.1401,212153.0,1857.0,13.172487
WULF,2026-01-26 16:25:00+00:00,13.14,13.19,13.09,13.175,435861.0,3284.0,13.125961
WULF,2026-01-26 16:30:00+00:00,13.1782,13.27,13.17,13.25,208517.0,1561.0,13.229334
WULF,2026-01-26 16:35:00+00:00,13.2446,13.42,13.2302,13.36,377651.0,2267.0,13.336493
WULF,2026-01-26 16:40:00+00:00,13.36,13.38,13.2842,13.31,157052.0,1228.0,13.323848
WULF,2026-01-26 16:45:00+00:00,13.32,13.41,13.295,13.4,207589.0,1646.0,13.355149
WULF,2026-01-26 16:50:00+00:00,13.395,13.55,13.3827,13.52,255727.0,1521.0,13.469889
WULF,2026-01-26 16:55:00+00:00,13.51,13.56,13.495,13.515,266939.0,1585.0,13.527332
WULF,2026-01-26 17:00:00+00:00,13.515,13.565,13.49,13.515,188019.0,1424.0,13.524445
WULF,2026-01-26 17:05:00+00:00,13.51,13.53,13.475,13.51,110725.0,1071.0,13.504886
WULF,2026-01-26 17:10:00+00:00,13.5099,13.57,13.4702,13.56,152471.0,1239.0,13.524032
WULF,2026-01-26 17:15:00+00:00,13.555,13.6,13.5466,13.575,137263.0,994.0,13.581827
WULF,2026-01-26 17:20:00+00:00,13.575,13.65,13.57,13.642,208348.0,1167.0,13.612004
WULF,2026-01-26 17:25:00+00:00,13.6499,13.7,13.625,13.6899,163950.0,963.0,13.670535
WULF,2026-01-26 17:30:00+00:00,13.685,13.82,13.685,13.815,279544.0,1376.0,13.738532
WULF,2026-01-26 17:35:00+00:00,13.82,13.86,13.78,13.855,327254.0,1604.0,13.820076
WULF,2026-01-26 17:40:00+00:00,13.855,13.95,13.85,13.9,367160.0,1559.0,13.914105
WULF,2026-01-26 17:45:00+00:00,13.9,13.97,13.88,13.935,271933.0,1338.0,13.921037
WULF,2026-01-26 17:50:00+00:00,13.935,13.965,13.92,13.945,244933.0,1278.0,13.943574
WULF,2026-01-26 17:55:00+00:00,13.945,13.98,13.925,13.96,199235.0,1205.0,13.955764
WULF,2026-01-26 18:00:00+00:00,13.95,13.95,13.88,13.895,233679.0,1488.0,13.907746
WULF,2026-01-26 18:05:00+00:00,13.895,13.965,13.85,13.9105,259780.0,1197.0,13.896782
WULF,2026-01-26 18:10:00+00:00,13.9148,13.995,13.9148,13.94,283848.0,1270.0,13.966358
WULF,2026-01-26 18:15:00+00:00,13.935,14.02,13.9218,13.9895,288016.0,1394.0,13.978803
WULF,2026-01-26 18:20:00+00:00,13.985,14.015,13.96,13.99,250271.0,1228.0,13.987654
WULF,2026-01-26 18:25:00+00:00,13.985,14.055,13.975,14.0487,290927.0,1345.0,14.013427
WULF,2026-01-26 18:30:00+00:00,14.05,14.185,14.05,14.0677,420575.0,2110.0,14.1077
WULF,2026-01-26 18:35:00+00:00,14.065,14.115,14.055,14.095,143322.0,1012.0,14.084538
WULF,2026-01-26 18:40:00+00:00,14.1,14.16,14.08,14.08,184778.0,1042.0,14.124413
WULF,2026-01-26 18:45:00+00:00,14.08,14.145,14.0401,14.135,169970.0,1109.0,14.101227
WULF,2026-01-26 18:50:00+00:00,14.135,14.17,14.1,14.135,192564.0,1026.0,14.144315
WULF,2026-01-26 18:55:00+00:00,14.135,14.2099,14.115,14.2089,202799.0,1236.0,14.17481
WULF,2026-01-26 19:00:00+00:00,14.205,14.225,14.07,14.07,209093.0,1223.0,14.158029
WULF,2026-01-26 19:05:00+00:00,14.065,14.08,13.98,14.0198,233576.0,1754.0,14.029159
WULF,2026-01-26 19:10:00+00:00,14.018,14.018,13.92,13.97,227131.0,1266.0,13.95784
WULF,2026-01-26 19:15:00+00:00,13.965,13.985,13.85,13.9842,208654.0,1341.0,13.913513
WULF,2026-01-26 19:20:00+00:00,13.98,13.988,13.885,13.905,108620.0,834.0,13.924569
WULF,2026-01-26 19:25:00+00:00,13.91,13.94,13.865,13.905,142763.0,898.0,13.903913
WULF,2026-01-26 19:30:00+00:00,13.91,13.93,13.87,13.895,131265.0,885.0,13.898828
WULF,2026-01-26 19:35:00+00:00,13.895,13.92,13.835,13.875,149490.0,1203.0,13.874119
WULF,2026-01-26 19:40:00+00:00,13.875,13.8799,13.834,13.845,95943.0,770.0,13.857159
WULF,2026-01-26 19:45:00+00:00,13.85,13.875,13.8,13.83,189285.0,1362.0,13.842364
WULF,2026-01-26 19:50:00+00:00,13.83,13.87,13.795,13.825,294438.0,1835.0,13.826781
WULF,2026-01-26 19:55:00+00:00,13.825,13.8393,13.725,13.8388,627687.0,4044.0,13.777393
WULF,2026-01-26 20:00:00+00:00,13.835,13.845,13.75,13.795,372069.0,2075.0,13.798981
WULF,2026-01-26 20:05:00+00:00,13.795,13.865,13.795,13.82,184928.0,1224.0,13.825968
WULF,2026-01-26 20:10:00+00:00,13.825,13.84,13.8,13.84,120737.0,846.0,13.824675
WULF,2026-01-26 20:15:00+00:00,13.84,13.84,13.77,13.825,226138.0,1335.0,13.797489
WULF,2026-01-26 20:20:00+00:00,13.825,13.865,13.81,13.845,212819.0,1199.0,13.837464
WULF,2026-01-26 20:25:00+00:00,13.845,13.867,13.81,13.82,126079.0,976.0,13.835985
WULF,2026-01-26 20:30:00+00:00,13.82,13.835,13.64,13.6539,389933.0,2571.0,13.743187
WULF,2026-01-26 20:35:00+00:00,13.66,13.75,13.64,13.725,181295.0,1344.0,13.704943
WULF,2026-01-26 20:40:00+00:00,13.725,13.8,13.705,13.785,306577.0,1694.0,13.75362
WULF,2026-01-26 20:45:00+00:00,13.785,13.84,13.77,13.785,215841.0,1502.0,13.802177
WULF,2026-01-26 20:50:00+00:00,13.795,13.865,13.7733,13.785,556028.0,3037.0,13.817626
WULF,2026-01-26 20:55:00+00:00,13.78,13.815,13.745,13.8,895619.0,4738.0,13.777748
WULF,2026-01-26 21:00:00+00:00,13.79,13.79,13.6548,13.72,1148432.0,150.0,13.789768
WULF,2026-01-26 21:05:00+00:00,13.74,13.89,13.7114,13.82,2401.0,41.0,13.794429
WULF,2026-01-26 21:10:00+00:00,13.82,13.85,13.7,13.7,1883.0,13.0,13.778453
WULF,2026-01-26 21:15:00+00:00,13.84,13.84,13.84,13.84,616.0,8.0,13.84
WULF,2026-01-26 21:20:00+00:00,13.83,13.8461,13.83,13.8461,1434.0,15.0,13.837372
WULF,2026-01-26 21:25:00+00:00,13.83,13.85,13.71,13.71,5474.0,6.0,13.82658
WULF,2026-01-26 21:30:00+00:00,13.9101,13.9101,13.86,13.86,474.0,6.0,13.887833
WULF,2026-01-26 21:35:00+00:00,13.83,13.89,13.8,13.8783,1509.0,10.0,13.849231
WULF,2026-01-26 21:40:00+00:00,13.86,13.86,13.86,13.86,300.0,2.0,13.86
WULF,2026-01-26 21:45:00+00:00,13.86,13.86,13.82,13.82,7274.0,27.0,13.830319
WULF,2026-01-26 21:50:00+00:00,13.8104,13.85,13.8104,13.85,1799.0,15.0,13.834678
WULF,2026-01-26 21:55:00+00:00,13.8594,13.86,13.8594,13.86,1866.0,3.0,13.859432
WULF,2026-01-26 22:00:00+00:00,13.86,13.88,13.86,13.88,1101.0,5.0,13.871268
WULF,2026-01-26 22:05:00+00:00,13.85,13.88,13.85,13.88,1321.0,4.0,13.856923
WULF,2026-01-26 22:10:00+00:00,13.83,13.88,13.83,13.88,549.0,2.0,13.86643
WULF,2026-01-26 22:20:00+00:00,13.83,13.8377,13.83,13.83,3102.0,13.0,13.832755
WULF,2026-01-26 22:30:00+00:00,13.89,13.89,13.83,13.83,1529.0,6.0,13.855638
WULF,2026-01-26 22:35:00+00:00,13.8792,13.8792,13.8792,13.8792,100.0,1.0,13.8792
WULF,2026-01-26 22:40:00+00:00,13.85,13.85,13.85,13.85,345.0,3.0,13.85
WULF,2026-01-26 22:45:00+00:00,13.8319,13.8319,13.8319,13.8319,693.0,1.0,13.8319
WULF,2026-01-26 22:50:00+00:00,13.87,13.87,13.87,13.87,1011.0,3.0,13.87
WULF,2026-01-26 23:15:00+00:00,13.8745,13.88,13.8745,13.88,672.0,4.0,13.878167
WULF,2026-01-26 23:20:00+00:00,13.85,13.86,13.85,13.86,555.0,7.0,13.85204
WULF,2026-01-26 23:25:00+00:00,13.86,13.86,13.86,13.86,221.0,2.0,13.86
WULF,2026-01-26 23:30:00+00:00,13.87,13.87,13.87,13.87,5524.0,4.0,13.87
WULF,2026-01-26 23:35:00+00:00,13.87,13.88,13.87,13.88,1507.0,9.0,13.87694
WULF,2026-01-26 23:40:00+00:00,13.8703,13.8703,13.8701,13.8701,320.0,2.0,13.870225
WULF,2026-01-26 23:45:00+00:00,13.87,13.87,13.87,13.87,114.0,1.0,13.87
WULF,2026-01-26 23:55:00+00:00,13.88,13.89,13.88,13.89,2440.0,15.0,13.880771
WULF,2026-01-27 00:05:00+00:00,13.9199,13.9199,13.9199,13.9199,250.0,1.0,13.9199
WULF,2026-01-27 00:10:00+00:00,13.9,13.9,13.9,13.9,2333.0,7.0,13.9
WULF,2026-01-27 00:20:00+00:00,13.91,13.91,13.9,13.9,1100.0,4.0,13.905455
WULF,2026-01-27 00:25:00+00:00,13.8677,13.8677,13.8677,13.8677,101.0,2.0,13.8677
WULF,2026-01-27 00:30:00+00:00,13.9,13.9,13.86,13.86,908.0,5.0,13.879413
WULF,2026-01-27 00:35:00+00:00,13.87,13.8854,13.86,13.86,386.0,5.0,13.87173
WULF,2026-01-27 00:40:00+00:00,13.86,13.86,13.86,13.86,200.0,1.0,13.86
WULF,2026-01-27 00:45:00+00:00,13.8938,13.8938,13.86,13.86,400.0,2.0,13.8769
WULF,2026-01-27 00:50:00+00:00,13.9,13.9,13.9,13.9,220.0,7.0,13.9
WULF,2026-01-27 00:55:00+00:00,13.9,13.9,13.89,13.9,4800.0,18.0,13.892498
WULF,2026-01-27 09:05:00+00:00,13.93,13.93,13.93,13.93,141.0,2.0,13.93
WULF,2026-01-27 09:35:00+00:00,13.92,13.92,13.92,13.92,800.0,2.0,13.92
WULF,2026-01-27 10:10:00+00:00,13.92,13.92,13.92,13.92,100.0,1.0,13.92
WULF,2026-01-27 10:30:00+00:00,13.92,13.92,13.92,13.92,190.0,2.0,13.92
WULF,2026-01-27 10:35:00+00:00,13.92,13.92,13.92,13.92,141.0,1.0,13.92
WULF,2026-01-27 10:55:00+00:00,13.955,13.955,13.95,13.95,250.0,2.0,13.953
WULF,2026-01-27 11:15:00+00:00,13.94,13.94,13.91,13.91,2024.0,8.0,13.920538
WULF,2026-01-27 11:25:00+00:00,13.9,13.9,13.89,13.9,1676.0,17.0,13.89403
WULF,2026-01-27 12:05:00+00:00,13.91,13.91,13.91,13.91,575.0,4.0,13.91
WULF,2026-01-27 12:35:00+00:00,13.91,13.91,13.91,13.91,400.0,2.0,13.91
WULF,2026-01-27 12:50:00+00:00,13.9,13.9,13.9,13.9,705.0,14.0,13.9
WULF,2026-01-27 12:55:00+00:00,13.88,13.88,13.88,13.88,800.0,3.0,13.88
WULF,2026-01-27 13:00:00+00:00,13.9,14.0,13.87,13.88,34291.0,140.0,13.899262
WULF,2026-01-27 13:05:00+00:00,13.9,13.9,13.9,13.9,1120.0,3.0,13.9
WULF,2026-01-27 13:10:00+00:00,13.8806,13.8806,13.8806,13.8806,251.0,3.0,13.8806
WULF,2026-01-27 13:15:00+00:00,13.89,13.9,13.89,13.9,5001.0,8.0,13.89876
WULF,2026-01-27 13:20:00+00:00,13.88,13.89,13.85,13.86,5459.0,27.0,13.875109
WULF,2026-01-27 13:25:00+00:00,13.86,13.86,13.86,13.86,500.0,1.0,13.86
WULF,2026-01-27 13:30:00+00:00,13.89,13.89,13.87,13.87,1080.0,12.0,13.884831
WULF,2026-01-27 13:40:00+00:00,13.8888,13.8888,13.8888,13.8888,1054.0,3.0,13.8888
WULF,2026-01-27 13:45:00+00:00,13.87,13.87,13.86,13.86,765.0,9.0,13.867485
WULF,2026-01-27 13:50:00+00:00,13.88,13.88,13.86,13.86,1511.0,7.0,13.874343
WULF,2026-01-27 14:00:00+00:00,13.82,13.84,13.81,13.8146,8235.0,17.0,13.818732
WULF,2026-01-27 14:05:00+00:00,13.81,13.81,13.81,13.81,434.0,5.0,13.81
WULF,2026-01-27 14:10:00+00:00,13.82,13.85,13.82,13.85,2216.0,34.0,13.827468
WULF,2026-01-27 14:15:00+00:00,13.85,13.92,13.85,13.9156,2113.0,19.0,13.878023
WULF,2026-01-27 14:20:00+00:00,13.85,13.92,13.85,13.85,3050.0,7.0,13.87505
WULF,2026-01-27 14:25:00+00:00,13.86,13.86,13.71,13.74,10815.0,116.0,13.782811
WULF,2026-01-27 14:30:00+00:00,13.79,14.15,13.735,14.06,475920.0,2017.0,13.917846
WULF,2026-01-27 14:35:00+00:00,14.09,14.29,13.98,14.05,615990.0,2742.0,14.128488
WULF,2026-01-27 14:40:00+00:00,14.0307,14.35,14.0023,14.1351,653614.0,2538.0,14.187099
WULF,2026-01-27 14:45:00+00:00,14.13,14.3358,14.07,14.33,375348.0,1674.0,14.23042
WULF,2026-01-27 14:50:00+00:00,14.3399,14.46,14.285,14.43,445596.0,1827.0,14.368909
WULF,2026-01-27 14:55:00+00:00,14.43,14.5399,14.355,14.4015,696066.0,2593.0,14.461433
WULF,2026-01-27 15:00:00+00:00,14.4,14.505,14.35,14.415,664582.0,2209.0,14.449991
WULF,2026-01-27 15:05:00+00:00,14.4101,14.55,14.405,14.52,554856.0,2108.0,14.486244
WULF,2026-01-27 15:10:00+00:00,14.52,14.9,14.52,14.8,1160788.0,4528.0,14.75586
WULF,2026-01-27 15:15:00+00:00,14.795,14.805,14.65,14.65,477541.0,2294.0,14.730571
WULF,2026-01-27 15:20:00+00:00,14.6564,14.67,14.535,14.575,508283.0,1861.0,14.6079
WULF,2026-01-27 15:25:00+00:00,14.575,14.645,14.4646,14.555,397727.0,1969.0,14.52786
WULF,2026-01-27 15:30:00+00:00,14.555,14.625,14.43,14.435,307937.0,1364.0,14.51668
WULF,2026-01-27 15:35:00+00:00,14.435,14.46,14.36,14.43,241080.0,1259.0,14.402761
WULF,2026-01-27 15:40:00+00:00,14.44,14.52,14.4,14.495,311859.0,1601.0,14.449534
WULF,2026-01-27 15:45:00+00:00,14.495,14.61,14.475,14.604,187042.0,1188.0,14.555805
WULF,2026-01-27 15:50:00+00:00,14.61,14.675,14.56,14.615,303583.0,1554.0,14.621354
WULF,2026-01-27 15:55:00+00:00,14.62,14.63,14.48,14.49,466658.0,1743.0,14.578942
WULF,2026-01-27 16:00:00+00:00,14.49,14.53,14.42,14.505,223181.0,1308.0,14.468992
WULF,2026-01-27 16:05:00+00:00,14.51,14.7,14.495,14.6562,643751.0,2811.0,14.600591
WULF,2026-01-27 16:10:00+00:00,14.665,14.73,14.525,14.57,328806.0,1719.0,14.653853
WULF,2026-01-27 16:15:00+00:00,14.57,14.8258,14.565,14.7955,272979.0,1238.0,14.729143
WULF,2026-01-27 16:20:00+00:00,14.795,14.91,14.7942,14.88,392184.0,1627.0,14.845453
WULF,2026-01-27 16:25:00+00:00,14.885,15.005,14.86,14.87,644329.0,2456.0,14.92977
WULF,2026-01-27 16:30:00+00:00,14.87,15.018,14.87,14.9299,518371.0,2232.0,14.962935
WULF,2026-01-27 16:35:00+00:00,14.925,14.935,14.715,14.825,600348.0,2759.0,14.816859
WULF,2026-01-27 16:40:00+00:00,14.825,14.87,14.81,14.83,159437.0,1100.0,14.842371
WULF,2026-01-27 16:45:00+00:00,14.85,14.8999,14.81,14.835,528892.0,1968.0,14.851378
WULF,2026-01-27 16:50:00+00:00,14.84,14.88,14.74,14.795,258699.0,1655.0,14.809737
WULF,2026-01-27 16:55:00+00:00,14.8,14.8,14.695,14.725,287401.0,1397.0,14.744068
WULF,2026-01-27 17:00:00+00:00,14.72,14.76,14.685,14.7,138772.0,983.0,14.724114
WULF,2026-01-27 17:05:00+00:00,14.705,14.76,14.705,14.725,178533.0,1333.0,14.73433
WULF,2026-01-27 17:10:00+00:00,14.73,14.74,14.64,14.67,223377.0,1315.0,14.684675
WULF,2026-01-27 17:15:00+00:00,14.675,14.69,14.58,14.61,283035.0,1316.0,14.616823
WULF,2026-01-27 17:20:00+00:00,14.615,14.765,14.61,14.7454,547327.0,1648.0,14.678298
WULF,2026-01-27 17:25:00+00:00,14.745,14.8898,14.745,14.87,145466.0,982.0,14.813383
WULF,2026-01-27 17:30:00+00:00,14.88,14.99,14.87,14.99,260956.0,1245.0,14.933497
WULF,2026-01-27 17:35:00+00:00,14.985,15.03,14.9103,14.95,353422.0,1513.0,14.981183
WULF,2026-01-27 17:40:00+00:00,14.955,14.965,14.85,14.875,122844.0,866.0,14.914912
WULF,2026-01-27 17:45:00+00:00,14.87,14.875,14.795,14.825,198814.0,1175.0,14.831045
WULF,2026-01-27 17:50:00+00:00,14.83,14.9199,14.81,14.9058,140568.0,971.0,14.876725
WULF,2026-01-27 17:55:00+00:00,14.895,14.95,14.895,14.935,139733.0,899.0,14.920954
WULF,2026-01-27 18:00:00+00:00,14.9397,15.0,14.915,14.935,160708.0,1068.0,14.963241
WULF,2026-01-27 18:05:00+00:00,14.93,14.98,14.885,14.92,128564.0,891.0,14.924527
WULF,2026-01-27 18:10:00+00:00,14.915,14.925,14.775,14.79,267822.0,1636.0,14.853587
WULF,2026-01-27 18:15:00+00:00,14.79,14.81,14.65,14.655,451290.0,2011.0,14.719578
WULF,2026-01-27 18:20:00+00:00,14.655,14.79,14.635,14.7199,448519.0,2126.0,14.705718
WULF,2026-01-27 18:25:00+00:00,14.71,14.77,14.615,14.685,1062465.0,2898.0,14.701909
WULF,2026-01-27 18:30:00+00:00,14.685,14.89,14.675,14.89,1058791.0,1554.0,14.751817
WULF,2026-01-27 18:35:00+00:00,14.9,14.9299,14.835,14.8854,328548.0,1662.0,14.885906
WULF,2026-01-27 18:40:00+00:00,14.885,14.9047,14.83,14.87,172190.0,1045.0,14.86934
WULF,2026-01-27 18:45:00+00:00,14.875,14.88,14.78,14.81,359068.0,1383.0,14.836385
WULF,2026-01-27 18:50:00+00:00,14.815,14.93,14.815,14.88,314016.0,1548.0,14.878466
WULF,2026-01-27 18:55:00+00:00,14.875,14.95,14.86,14.905,420202.0,2776.0,14.912469
WULF,2026-01-27 19:00:00+00:00,14.905,14.96,14.85,14.9,681369.0,1890.0,14.896875
WULF,2026-01-27 19:05:00+00:00,14.9,14.936,14.89,14.92,589459.0,2642.0,14.906051
WULF,2026-01-27 19:10:00+00:00,14.925,15.06,14.915,15.06,451625.0,1960.0,14.983231
WULF,2026-01-27 19:15:00+00:00,15.055,15.158,15.035,15.1454,472401.0,2272.0,15.101679
WULF,2026-01-27 19:20:00+00:00,15.145,15.17,15.055,15.12,398207.0,2201.0,15.126948
WULF,2026-01-27 19:25:00+00:00,15.1218,15.125,14.97,14.9801,521056.0,2544.0,15.028947
WULF,2026-01-27 19:30:00+00:00,14.99,15.02,14.935,15.01,256981.0,1341.0,14.981306
WULF,2026-01-27 19:35:00+00:00,15.015,15.11,14.985,15.0,486090.0,2007.0,15.046724
WULF,2026-01-27 19:40:00+00:00,14.995,15.005,14.935,14.97,736943.0,1924.0,14.966406
WULF,2026-01-27 19:45:00+00:00,14.975,15.13,14.975,15.1,308290.0,1574.0,15.063591
WULF,2026-01-27 19:50:00+00:00,15.095,15.125,15.05,15.075,239794.0,1417.0,15.087096
WULF,2026-01-27 19:55:00+00:00,15.08,15.14,15.065,15.135,205651.0,1291.0,15.102871
WULF,2026-01-27 20:00:00+00:00,15.13,15.355,15.075,15.355,1053151.0,3637.0,15.228747
WULF,2026-01-27 20:05:00+00:00,15.36,15.395,15.275,15.348,1608560.0,4485.0,15.330639
WULF,2026-01-27 20:10:00+00:00,15.345,15.42,15.32,15.39,742581.0,3966.0,15.372076
WULF,2026-01-27 20:15:00+00:00,15.39,15.4,15.32,15.325,389479.0,2155.0,15.362406
WULF,2026-01-27 20:20:00+00:00,15.3201,15.395,15.27,15.305,463169.0,2131.0,15.345336
WULF,2026-01-27 20:25:00+00:00,15.31,15.38,15.25,15.28,672229.0,2557.0,15.307317
WULF,2026-01-27 20:30:00+00:00,15.27,15.27,14.98,15.06,913617.0,4946.0,15.073069
WULF,2026-01-27 20:35:00+00:00,15.07,15.125,15.015,15.035,366096.0,2050.0,15.055997
WULF,2026-01-27 20:40:00+00:00,15.035,15.14,15.02,15.115,582792.0,3187.0,15.096754
WULF,2026-01-27 20:45:00+00:00,15.12,15.2299,15.1101,15.13,413311.0,2552.0,15.182081
WULF,2026-01-27 20:50:00+00:00,15.14,15.22,15.125,15.2042,762397.0,3866.0,15.17591
WULF,2026-01-27 20:55:00+00:00,15.2,15.33,15.17,15.315,2064168.0,10196.0,15.272488
WULF,2026-01-27 21:00:00+00:00,15.31,15.45,15.28,15.3,904200.0,284.0,15.311687
WULF,2026-01-27 21:05:00+00:00,15.3015,15.36,15.3,15.3,7921.0,60.0,15.31784
WULF,2026-01-27 21:10:00+00:00,15.29,15.36,15.23,15.23,20402.0,111.0,15.282572
WULF,2026-01-27 21:15:00+00:00,15.3187,15.32,15.24,15.32,64771.0,47.0,15.315011
WULF,2026-01-27 21:20:00+00:00,15.34,15.34,15.3,15.3,2341.0,15.0,15.319073
WULF,2026-01-27 21:25:00+00:00,15.3,15.3245,15.24,15.25,2122.0,24.0,15.264599
WULF,2026-01-27 21:30:00+00:00,15.24,15.3584,15.24,15.3584,1415.0,18.0,15.312542
WULF,2026-01-27 21:35:00+00:00,15.31,15.31,15.3,15.31,2380.0,26.0,15.309418
WULF,2026-01-27 21:40:00+00:00,15.28,15.28,15.26,15.26,1811.0,19.0,15.268362
WULF,2026-01-27 21:45:00+00:00,15.26,15.3,15.2433,15.3,630.0,6.0,15.255533
WULF,2026-01-27 21:50:00+00:00,15.234,15.29,15.234,15.29,1224.0,14.0,15.279954
WULF,2026-01-27 21:55:00+00:00,15.28,15.28,15.25,15.25,1594.0,13.0,15.267242
WULF,2026-01-27 22:00:00+00:00,15.23,15.259,15.23,15.259,320.0,4.0,15.249333
WULF,2026-01-27 22:05:00+00:00,15.27,15.27,15.25,15.27,896.0,9.0,15.25875
WULF,2026-01-27 22:10:00+00:00,15.25,15.26,15.25,15.25,889.0,9.0,15.253046
WULF,2026-01-27 22:15:00+00:00,15.26,15.26,15.25,15.2536,1566.0,5.0,15.254187
WULF,2026-01-27 22:20:00+00:00,15.2531,15.2531,15.2524,15.253,794.0,14.0,15.252809
WULF,2026-01-27 22:30:00+00:00,15.25,15.25,15.25,15.25,105.0,1.0,15.25
WULF,2026-01-27 22:35:00+00:00,15.25,15.26,15.25,15.26,1173.0,17.0,15.258
WULF,2026-01-27 22:40:00+00:00,15.25,15.3,15.25,15.3,1172.0,18.0,15.2722
WULF,2026-01-27 22:45:00+00:00,15.3,15.3,15.2999,15.2999,625.0,7.0,15.29995
WULF,2026-01-27 22:50:00+00:00,15.2923,15.3,15.2923,15.3,1129.0,3.0,15.29794
WULF,2026-01-27 23:05:00+00:00,15.2518,15.3,15.2518,15.3,1976.0,13.0,15.288895
WULF,2026-01-27 23:10:00+00:00,15.2557,15.3,15.2557,15.3,1242.0,8.0,15.290336
WULF,2026-01-27 23:15:00+00:00,15.3,15.3,15.3,15.3,746.0,9.0,15.3
WULF,2026-01-27 23:20:00+00:00,15.3003,15.3003,15.3,15.3,2159.0,9.0,15.300058
WULF,2026-01-27 23:25:00+00:00,15.29,15.29,15.28,15.28,1456.0,6.0,15.281732
WULF,2026-01-27 23:30:00+00:00,15.3,15.3,15.3,15.3,250.0,1.0,15.3
WULF,2026-01-27 23:35:00+00:00,15.28,15.3,15.28,15.291,2131.0,5.0,15.293997
WULF,2026-01-27 23:40:00+00:00,15.299,15.299,15.25,15.2982,3943.0,8.0,15.277644
WULF,2026-01-27 23:45:00+00:00,15.25,15.27,15.25,15.26,1297.0,10.0,15.259268
WULF,2026-01-27 23:50:00+00:00,15.3,15.3,15.29,15.29,750.0,2.0,15.298667
WULF,2026-01-27 23:55:00+00:00,15.3,15.3,15.3,15.3,801.0,12.0,15.3
WULF,2026-01-28 00:00:00+00:00,15.2552,15.2552,15.2552,15.2552,356.0,3.0,15.2552
