date,open,high,low,close,volume
2024-10-25 09:45:00+00:00,18.99,19.17,18.95,19.12,12315.0
2024-10-25 09:50:00+00:00,19.12,19.16,19.0,19.04,11041.0
2024-10-25 09:55:00+00:00,19.09,19.13,19.04,19.11,7739.0
2024-10-25 10:00:00+00:00,19.07,19.07,19.01,19.06,8352.0
2024-10-25 10:05:00+00:00,19.09,19.1,19.06,19.06,2973.0
2024-10-25 10:10:00+00:00,19.1,19.12,19.02,19.09,4764.0
2024-10-25 10:15:00+00:00,19.08,19.08,19.04,19.05,2351.0
2024-10-25 10:20:00+00:00,19.06,19.11,19.06,19.1,4976.0
2024-10-25 10:25:00+00:00,19.1,19.12,19.09,19.1,4326.0
2024-10-25 10:30:00+00:00,19.1,19.11,19.02,19.02,1002.0
2024-10-25 10:35:00+00:00,19.03,19.07,19.0,19.07,2597.0
2024-10-25 10:40:00+00:00,19.03,19.04,18.95,19.04,10341.0
2024-10-25 10:45:00+00:00,19.01,19.01,18.99,18.99,2040.0
2024-10-25 10:50:00+00:00,19.0,19.0,18.88,18.91,7255.0
2024-10-25 10:55:00+00:00,18.95,18.97,18.95,18.97,939.0
2024-10-25 11:00:00+00:00,18.98,18.98,18.63,18.63,8352.0
2024-10-25 11:05:00+00:00,18.73,18.74,18.73,18.74,617.0
2024-10-25 11:15:00+00:00,18.85,18.85,18.81,18.85,1241.0
2024-10-25 11:20:00+00:00,18.76,18.8,18.72,18.73,976.0
2024-10-25 11:25:00+00:00,18.71,18.72,18.71,18.72,666.0
2024-10-25 11:30:00+00:00,18.72,18.8,18.72,18.8,1002.0
2024-10-25 11:35:00+00:00,18.82,18.85,18.81,18.81,1116.0
2024-10-25 11:40:00+00:00,18.85,18.9,18.85,18.88,3832.0
2024-10-25 11:45:00+00:00,18.86,18.89,18.86,18.89,1406.0
2024-10-25 11:50:00+00:00,18.86,18.86,18.74,18.74,5064.0
2024-10-25 11:55:00+00:00,18.74,18.74,18.69,18.74,4879.0
2024-10-25 12:00:00+00:00,18.74,18.96,17.9,18.79,20792.0
2024-10-25 12:05:00+00:00,18.72,18.7697,18.71,18.7697,1576.0
2024-10-25 12:10:00+00:00,18.7886,18.79,18.7,18.75,7799.0
2024-10-25 12:15:00+00:00,18.76,18.77,18.73,18.73,2219.0
2024-10-25 12:20:00+00:00,18.77,18.77,18.67,18.69,7600.0
2024-10-25 12:25:00+00:00,18.694,18.71,18.66,18.69,2708.0
2024-10-25 12:30:00+00:00,18.6799,18.75,18.66,18.7499,9531.0
2024-10-25 12:35:00+00:00,18.7494,18.75,18.73,18.73,5615.0
2024-10-25 12:40:00+00:00,18.75,18.9,18.7499,18.9,9782.0
2024-10-25 12:45:00+00:00,18.94,18.98,18.83,18.84,15796.0
2024-10-25 12:50:00+00:00,18.85,18.85,18.8,18.83,8802.0
2024-10-25 12:55:00+00:00,18.85,18.85,18.76,18.77,10071.0
2024-10-25 13:00:00+00:00,18.8,18.85,18.8,18.85,4094.0
2024-10-25 13:05:00+00:00,18.8,18.8,18.7,18.79,7969.0
2024-10-25 13:10:00+00:00,18.79,18.79,18.66,18.7697,6407.0
2024-10-25 13:15:00+00:00,18.77,18.82,18.75,18.7591,6780.0
2024-10-25 13:20:00+00:00,18.75,18.8,18.75,18.8,3409.0
2024-10-25 13:25:00+00:00,18.8,18.8,18.75,18.8,8246.0
2024-10-25 13:30:00+00:00,18.79,18.95,18.4642,18.465,657263.0
2024-10-25 13:35:00+00:00,18.47,18.89,18.46,18.67,485183.0
2024-10-25 13:40:00+00:00,18.6701,19.31,18.64,19.14,899708.0
2024-10-25 13:45:00+00:00,19.17,19.3299,18.56,18.8085,536750.0
2024-10-25 13:50:00+00:00,18.79,19.01,18.79,18.9,278479.0
2024-10-25 13:55:00+00:00,18.9653,19.23,18.65,18.67,498901.0
2024-10-25 14:00:00+00:00,18.67,19.01,18.65,18.96,231628.0
2024-10-25 14:05:00+00:00,18.95,19.47,18.93,19.4,502416.0
2024-10-25 14:10:00+00:00,19.41,19.4672,18.9,18.98,400272.0
2024-10-25 14:15:00+00:00,18.98,19.29,18.88,19.2229,270267.0
2024-10-25 14:20:00+00:00,19.215,19.36,19.16,19.26,242674.0
2024-10-25 14:25:00+00:00,19.2679,19.271,19.1,19.205,176883.0
2024-10-25 14:30:00+00:00,19.2,19.35,19.16,19.345,137585.0
2024-10-25 14:35:00+00:00,19.3499,19.38,19.2,19.235,163575.0
2024-10-25 14:40:00+00:00,19.26,19.265,18.94,18.971,256669.0
2024-10-25 14:45:00+00:00,19.0,19.154,18.98,19.154,126343.0
2024-10-25 14:50:00+00:00,19.1698,19.3899,19.1698,19.33,192211.0
2024-10-25 14:55:00+00:00,19.34,19.3555,19.18,19.225,124043.0
2024-10-25 15:00:00+00:00,19.22,19.22,18.82,18.91,293918.0
2024-10-25 15:05:00+00:00,18.9,19.0,18.8982,18.9956,137200.0
2024-10-25 15:10:00+00:00,18.9999,19.26,18.98,19.17,243046.0
2024-10-25 15:15:00+00:00,19.18,19.22,19.14,19.14,144514.0
2024-10-25 15:20:00+00:00,19.132,19.1599,18.96,19.095,141863.0
2024-10-25 15:25:00+00:00,19.0904,19.12,18.82,18.83,125266.0
2024-10-25 15:30:00+00:00,18.83,18.9,18.58,18.59,268895.0
2024-10-25 15:35:00+00:00,18.63,18.71,18.3,18.33,413570.0
2024-10-25 15:40:00+00:00,18.35,18.5698,18.3452,18.5067,173633.0
2024-10-25 15:45:00+00:00,18.53,18.6,18.5,18.5133,169539.0
2024-10-25 15:50:00+00:00,18.51,18.55,18.39,18.395,128327.0
2024-10-25 15:55:00+00:00,18.395,18.5232,18.36,18.48,114850.0
2024-10-25 16:00:00+00:00,18.47,18.59,18.41,18.5695,134816.0
2024-10-25 16:05:00+00:00,18.55,18.6,18.43,18.445,111237.0
2024-10-25 16:10:00+00:00,18.445,18.4674,18.08,18.31,364867.0
2024-10-25 16:15:00+00:00,18.3099,18.54,18.27,18.4901,149247.0
2024-10-25 16:20:00+00:00,18.505,18.58,18.5,18.51,88226.0
2024-10-25 16:25:00+00:00,18.51,18.85,18.51,18.84,187076.0
2024-10-25 16:30:00+00:00,18.84,18.87,18.7,18.78,192168.0
2024-10-25 16:35:00+00:00,18.78,18.88,18.75,18.8682,68452.0
2024-10-25 16:40:00+00:00,18.86,18.87,18.7,18.83,86767.0
2024-10-25 16:45:00+00:00,18.83,18.85,18.72,18.82,50925.0
2024-10-25 16:50:00+00:00,18.81,18.96,18.795,18.86,88582.0
2024-10-25 16:55:00+00:00,18.85,18.85,18.71,18.71,34634.0
2024-10-25 17:00:00+00:00,18.7,18.73,18.6,18.685,109393.0
2024-10-25 17:05:00+00:00,18.6989,18.73,18.5,18.57,59944.0
2024-10-25 17:10:00+00:00,18.57,18.57,18.37,18.43,79531.0
2024-10-25 17:15:00+00:00,18.42,18.45,18.23,18.3499,118113.0
2024-10-25 17:20:00+00:00,18.34,18.38,18.21,18.3645,93734.0
2024-10-25 17:25:00+00:00,18.37,18.41,18.29,18.33,67579.0
2024-10-25 17:30:00+00:00,18.32,18.36,18.27,18.27,53731.0
2024-10-25 17:35:00+00:00,18.2704,18.45,18.26,18.44,94403.0
2024-10-25 17:40:00+00:00,18.4495,18.4495,18.331,18.3481,49664.0
2024-10-25 17:45:00+00:00,18.34,18.47,18.3349,18.43,93427.0
2024-10-25 17:50:00+00:00,18.43,18.47,18.38,18.45,61001.0
2024-10-25 17:55:00+00:00,18.44,18.44,18.28,18.295,82647.0
2024-10-25 18:00:00+00:00,18.31,18.3299,18.16,18.31,108328.0
2024-10-25 18:05:00+00:00,18.3262,18.328,18.12,18.12,127766.0
2024-10-25 18:10:00+00:00,18.1399,18.17,18.09,18.12,130913.0
2024-10-25 18:15:00+00:00,18.13,18.25,18.12,18.2243,54870.0
2024-10-25 18:20:00+00:00,18.22,18.69,18.2101,18.45,98675.0
2024-10-25 18:25:00+00:00,18.44,18.5468,18.4,18.495,95947.0
2024-10-25 18:30:00+00:00,18.5,18.55,18.46,18.5477,44888.0
2024-10-25 18:35:00+00:00,18.5483,18.5928,18.41,18.5301,77414.0
2024-10-25 18:40:00+00:00,18.535,18.64,18.52,18.625,54563.0
2024-10-25 18:45:00+00:00,18.6101,18.63,18.55,18.56,63496.0
2024-10-25 18:50:00+00:00,18.5693,18.61,18.51,18.61,48651.0
2024-10-25 18:55:00+00:00,18.59,18.59,18.46,18.5149,43415.0
2024-10-25 19:00:00+00:00,18.5,18.53,18.46,18.5,45070.0
2024-10-25 19:05:00+00:00,18.51,18.5348,18.43,18.48,31395.0
2024-10-25 19:10:00+00:00,18.47,18.51,18.38,18.41,46645.0
2024-10-25 19:15:00+00:00,18.415,18.48,18.4,18.43,39428.0
2024-10-25 19:20:00+00:00,18.44,18.47,18.4,18.41,55723.0
2024-10-25 19:25:00+00:00,18.41,18.49,18.41,18.435,45269.0
2024-10-25 19:30:00+00:00,18.44,18.462,18.315,18.4,88673.0
2024-10-25 19:35:00+00:00,18.395,18.44,18.38,18.43,37967.0
2024-10-25 19:40:00+00:00,18.43,18.455,18.415,18.4391,58561.0
2024-10-25 19:45:00+00:00,18.4309,18.48,18.404,18.475,65357.0
2024-10-25 19:50:00+00:00,18.475,18.485,18.3901,18.43,127030.0
2024-10-25 19:55:00+00:00,18.435,18.445,18.38,18.43,183744.0
2024-10-25 20:00:00+00:00,18.41,18.41,18.4,18.41,211436.0
2024-10-25 20:05:00+00:00,18.44,18.44,18.4,18.4,5315.0
2024-10-25 20:10:00+00:00,18.37,18.38,18.36,18.38,3263.0
2024-10-25 20:15:00+00:00,18.35,18.39,18.35,18.39,5087.0
2024-10-25 20:20:00+00:00,18.35,18.38,18.3484,18.35,2122.0
2024-10-25 20:25:00+00:00,18.36,18.36,18.36,18.36,287.0
2024-10-25 20:30:00+00:00,18.31,18.35,18.31,18.35,1103.0
2024-10-25 20:35:00+00:00,18.31,18.31,18.31,18.31,229.0
2024-10-25 20:45:00+00:00,18.33,18.34,18.33,18.33,803.0
2024-10-25 20:50:00+00:00,18.34,18.37,18.3398,18.35,3853.0
2024-10-25 20:55:00+00:00,18.3897,18.39,18.3897,18.39,2516.0
2024-10-25 21:00:00+00:00,18.39,18.39,18.37,18.39,2082.0
2024-10-25 21:05:00+00:00,18.38,18.39,18.38,18.39,2053.0
2024-10-25 21:10:00+00:00,18.4,18.41,18.4,18.41,1242.0
2024-10-25 21:15:00+00:00,18.4,18.4,18.4,18.4,1786.0
2024-10-25 21:20:00+00:00,18.45,18.45,18.4,18.41,379.0
2024-10-25 21:25:00+00:00,18.41,18.41,18.3907,18.3907,4777.0
2024-10-25 21:30:00+00:00,18.4,18.41,18.39,18.39,5414.0
2024-10-25 21:35:00+00:00,18.37,18.37,18.37,18.37,570.0
2024-10-25 21:40:00+00:00,18.38,18.45,18.35,18.35,2837.0
2024-10-25 21:45:00+00:00,18.3606,18.3606,18.36,18.36,1452.0
2024-10-25 21:50:00+00:00,18.39,18.45,18.34,18.34,1562.0
2024-10-25 21:55:00+00:00,18.34,18.35,18.34,18.35,326.0
2024-10-25 22:00:00+00:00,18.35,18.35,18.3,18.3,654.0
2024-10-25 22:05:00+00:00,18.33,18.33,18.33,18.33,200.0
2024-10-25 22:10:00+00:00,18.3301,18.44,18.3301,18.44,2178.0
2024-10-25 22:15:00+00:00,18.34,18.42,18.34,18.42,1518.0
2024-10-25 22:35:00+00:00,18.4199,18.4199,18.4199,18.4199,200.0
2024-10-25 22:40:00+00:00,18.39,18.39,18.35,18.35,241.0
2024-10-25 22:45:00+00:00,18.4,18.42,18.37,18.42,800.0
2024-10-25 22:50:00+00:00,18.36,18.36,18.36,18.36,200.0
2024-10-25 22:55:00+00:00,18.42,18.42,18.37,18.42,826.0
2024-10-25 23:05:00+00:00,18.42,18.42,18.42,18.42,1002.0
2024-10-25 23:10:00+00:00,18.36,18.37,18.36,18.37,370.0
2024-10-25 23:20:00+00:00,18.42,18.42,18.4,18.4,1603.0
2024-10-25 23:25:00+00:00,18.4,18.41,18.37,18.41,1123.0
2024-10-25 23:30:00+00:00,18.37,18.37,18.36,18.36,1510.0
2024-10-25 23:40:00+00:00,18.39,18.42,18.39,18.42,1300.0
2024-10-25 23:50:00+00:00,18.39,18.42,18.3005,18.3005,3297.0
2024-10-25 23:55:00+00:00,18.31,18.31,18.3,18.3,982.0
2024-10-28 08:00:00+00:00,19.65,19.65,18.47,18.87,12351.0
2024-10-28 08:05:00+00:00,18.87,18.87,18.73,18.8,3496.0
2024-10-28 08:10:00+00:00,18.84,18.85,18.74,18.78,3203.0
2024-10-28 08:15:00+00:00,18.79,18.84,18.74,18.74,3354.0
2024-10-28 08:20:00+00:00,18.78,18.79,18.7,18.7,4915.0
2024-10-28 08:25:00+00:00,18.71,18.78,18.71,18.78,1670.0
2024-10-28 08:30:00+00:00,18.76,18.79,18.76,18.79,1126.0
2024-10-28 08:35:00+00:00,18.79,18.8,18.76,18.8,2753.0
2024-10-28 08:40:00+00:00,18.85,18.85,18.84,18.85,1216.0
2024-10-28 08:45:00+00:00,18.85,18.85,18.85,18.85,216.0
2024-10-28 08:50:00+00:00,18.85,18.86,18.85,18.85,2888.0
2024-10-28 08:55:00+00:00,18.86,18.97,18.86,18.91,4664.0
2024-10-28 09:00:00+00:00,18.96,18.96,18.89,18.92,1709.0
2024-10-28 09:05:00+00:00,18.88,18.91,18.88,18.91,983.0
2024-10-28 09:10:00+00:00,18.92,18.92,18.92,18.92,1129.0
2024-10-28 09:15:00+00:00,18.93,18.95,18.93,18.94,2600.0
2024-10-28 09:20:00+00:00,18.93,18.93,18.88,18.88,2841.0
2024-10-28 09:25:00+00:00,18.92,18.92,18.88,18.9,1055.0
2024-10-28 09:30:00+00:00,18.9,18.92,18.9,18.9,974.0
2024-10-28 09:35:00+00:00,18.9,18.9,18.85,18.85,1796.0
2024-10-28 09:40:00+00:00,18.89,18.92,18.89,18.92,924.0
2024-10-28 09:50:00+00:00,18.93,18.96,18.93,18.96,1174.0
2024-10-28 09:55:00+00:00,18.96,18.97,18.96,18.96,1441.0
2024-10-28 10:10:00+00:00,18.97,18.99,18.97,18.98,1244.0
2024-10-28 10:15:00+00:00,19.0,19.02,19.0,19.02,4212.0
2024-10-28 10:20:00+00:00,19.02,19.02,18.97,18.97,2533.0
2024-10-28 10:25:00+00:00,19.01,19.01,18.96,18.96,1274.0
2024-10-28 10:30:00+00:00,18.94,18.94,18.94,18.94,540.0
2024-10-28 10:35:00+00:00,18.96,18.97,18.96,18.97,254.0
2024-10-28 10:40:00+00:00,18.93,18.93,18.93,18.93,249.0
2024-10-28 10:45:00+00:00,18.98,19.01,18.95,18.95,1768.0
2024-10-28 10:55:00+00:00,18.96,18.96,18.96,18.96,268.0
2024-10-28 11:00:00+00:00,18.94,18.94,18.85,18.85,9609.0
2024-10-28 11:05:00+00:00,18.82,18.82,18.8,18.8,2146.0
2024-10-28 11:10:00+00:00,18.8,18.84,18.8,18.83,2188.0
2024-10-28 11:15:00+00:00,18.84,18.84,18.82,18.83,1042.0
2024-10-28 11:20:00+00:00,18.83,18.83,18.83,18.83,211.0
2024-10-28 11:25:00+00:00,18.86,18.86,18.86,18.86,460.0
2024-10-28 11:30:00+00:00,18.87,18.88,18.85,18.88,1404.0
2024-10-28 11:35:00+00:00,18.85,18.85,18.85,18.85,125.0
2024-10-28 11:40:00+00:00,18.82,18.82,18.82,18.82,642.0
2024-10-28 11:45:00+00:00,18.8,18.8,18.78,18.78,3463.0
2024-10-28 11:50:00+00:00,18.79,18.79,18.79,18.79,497.0
2024-10-28 11:55:00+00:00,18.83,18.83,18.83,18.83,244.0
2024-10-28 12:00:00+00:00,18.8,19.65,18.42,18.8136,46532.0
2024-10-28 12:05:00+00:00,18.8399,18.85,18.78,18.85,9532.0
2024-10-28 12:10:00+00:00,18.84,18.84,18.82,18.83,3781.0
2024-10-28 12:15:00+00:00,18.8491,18.88,18.81,18.84,5488.0
2024-10-28 12:20:00+00:00,18.88,18.88,18.81,18.86,5190.0
2024-10-28 12:25:00+00:00,18.87,18.88,18.82,18.8788,5001.0
2024-10-28 12:30:00+00:00,18.87,18.91,18.8,18.89,5261.0
2024-10-28 12:35:00+00:00,18.89,18.94,18.89,18.91,6155.0
2024-10-28 12:40:00+00:00,18.89,18.91,18.87,18.87,4058.0
2024-10-28 12:45:00+00:00,18.91,18.91,18.83,18.88,7308.0
2024-10-28 12:50:00+00:00,18.88,18.9,18.88,18.88,3762.0
2024-10-28 12:55:00+00:00,18.88,18.9,18.87,18.89,5561.0
2024-10-28 13:00:00+00:00,18.9,18.92,18.9,18.91,4205.0
2024-10-28 13:05:00+00:00,18.9064,18.9064,18.88,18.88,2012.0
2024-10-28 13:10:00+00:00,18.89,18.9,18.89,18.9,2892.0
2024-10-28 13:15:00+00:00,18.9,18.91,18.88,18.9,13622.0
2024-10-28 13:20:00+00:00,18.9,18.91,18.88,18.88,5385.0
2024-10-28 13:25:00+00:00,18.89,18.91,18.86,18.91,11710.0
2024-10-28 13:30:00+00:00,18.89,19.7,18.69,19.53,936575.0
2024-10-28 13:35:00+00:00,19.55,19.63,19.19,19.6299,678706.0
2024-10-28 13:40:00+00:00,19.6,20.16,19.59,20.1,1065677.0
2024-10-28 13:45:00+00:00,20.115,20.24,19.77,19.94,735944.0
2024-10-28 13:50:00+00:00,19.94,20.09,19.66,20.06,436186.0
2024-10-28 13:55:00+00:00,20.06,20.53,20.02,20.23,1069173.0
2024-10-28 14:00:00+00:00,20.2751,20.8675,20.2259,20.81,775523.0
2024-10-28 14:05:00+00:00,20.8,21.34,20.79,21.33,1046193.0
2024-10-28 14:10:00+00:00,21.335,21.5,21.1,21.29,864817.0
2024-10-28 14:15:00+00:00,21.28,21.48,20.87,21.02,797116.0
2024-10-28 14:20:00+00:00,21.03,21.35,20.9915,21.1003,486943.0
2024-10-28 14:25:00+00:00,21.0901,21.59,21.04,21.0451,731243.0
2024-10-28 14:30:00+00:00,21.05,21.459,21.0,21.105,448080.0
2024-10-28 14:35:00+00:00,21.1377,21.35,20.9,20.95,479068.0
2024-10-28 14:40:00+00:00,20.96,21.125,20.71,21.04,499938.0
2024-10-28 14:45:00+00:00,21.04,21.34,20.91,21.32,317015.0
2024-10-28 14:50:00+00:00,21.31,21.4671,21.26,21.39,402552.0
2024-10-28 14:55:00+00:00,21.42,21.7,21.22,21.31,591643.0
2024-10-28 15:00:00+00:00,21.32,21.75,21.11,21.73,381757.0
2024-10-28 15:05:00+00:00,21.72,21.87,21.6075,21.72,359547.0
2024-10-28 15:10:00+00:00,21.7464,22.0,21.6,21.905,537832.0
2024-10-28 15:15:00+00:00,21.9,22.24,21.8408,22.2229,418220.0
2024-10-28 15:20:00+00:00,22.21,22.24,21.8701,21.915,610348.0
2024-10-28 15:25:00+00:00,21.93,22.0477,21.82,21.83,320053.0
2024-10-28 15:30:00+00:00,21.84,22.0,21.76,21.9399,208629.0
2024-10-28 15:35:00+00:00,21.927,22.05,21.87,22.0158,215209.0
2024-10-28 15:40:00+00:00,22.014,22.09,21.67,21.75,300077.0
2024-10-28 15:45:00+00:00,21.76,22.0,21.73,21.83,192685.0
2024-10-28 15:50:00+00:00,21.81,21.89,21.68,21.68,156886.0
2024-10-28 15:55:00+00:00,21.69,21.69,21.26,21.44,607455.0
2024-10-28 16:00:00+00:00,21.455,21.78,21.15,21.74,285845.0
2024-10-28 16:05:00+00:00,21.72,21.915,21.64,21.8354,201112.0
2024-10-28 16:10:00+00:00,21.81,22.08,21.79,21.905,196684.0
2024-10-28 16:15:00+00:00,21.905,22.02,21.9,22.0184,140689.0
2024-10-28 16:20:00+00:00,22.0,22.002,21.84,21.9899,109078.0
2024-10-28 16:25:00+00:00,21.99,22.0,21.7318,21.84,139755.0
2024-10-28 16:30:00+00:00,21.84,22.02,21.8,21.99,148219.0
2024-10-28 16:35:00+00:00,21.98,21.98,21.65,21.68,161216.0
2024-10-28 16:40:00+00:00,21.68,21.81,21.66,21.7678,85887.0
2024-10-28 16:45:00+00:00,21.77,21.77,21.49,21.5806,380222.0
2024-10-28 16:50:00+00:00,21.585,21.7499,21.58,21.63,96271.0
2024-10-28 16:55:00+00:00,21.6329,21.71,21.59,21.6499,135212.0
2024-10-28 17:00:00+00:00,21.645,21.94,21.5467,21.9,212640.0
2024-10-28 17:05:00+00:00,21.9,22.22,21.86,22.16,648253.0
2024-10-28 17:10:00+00:00,22.1599,22.16,21.77,21.85,230789.0
2024-10-28 17:15:00+00:00,21.855,21.96,21.655,21.6608,176873.0
2024-10-28 17:20:00+00:00,21.66,21.887,21.57,21.82,222478.0
2024-10-28 17:25:00+00:00,21.82,21.91,21.6,21.7,136074.0
2024-10-28 17:30:00+00:00,21.72,21.93,21.67,21.81,160905.0
2024-10-28 17:35:00+00:00,21.81,21.84,21.71,21.7658,82277.0
2024-10-28 17:40:00+00:00,21.7604,21.9,21.73,21.8,87163.0
2024-10-28 17:45:00+00:00,21.793,21.9,21.5201,21.59,209121.0
2024-10-28 17:50:00+00:00,21.5801,21.84,21.55,21.8144,117320.0
2024-10-28 17:55:00+00:00,21.82,21.89,21.792,21.88,60042.0
2024-10-28 18:00:00+00:00,21.8645,21.99,21.77,21.95,111607.0
2024-10-28 18:05:00+00:00,21.96,22.09,21.86,21.89,308967.0
2024-10-28 18:10:00+00:00,21.87,22.06,21.85,21.8975,367337.0
2024-10-28 18:15:00+00:00,21.88,22.02,21.86,21.9,89750.0
2024-10-28 18:20:00+00:00,21.89,21.92,21.4,21.4896,348008.0
2024-10-28 18:25:00+00:00,21.47,21.74,21.47,21.74,147628.0
2024-10-28 18:30:00+00:00,21.7365,21.92,21.61,21.8908,147380.0
2024-10-28 18:35:00+00:00,21.9,22.0,21.84,21.94,177970.0
2024-10-28 18:40:00+00:00,21.96,21.99,21.9,21.9593,111619.0
2024-10-28 18:45:00+00:00,21.9586,22.0,21.91,21.97,86172.0
2024-10-28 18:50:00+00:00,21.99,22.09,21.96,21.976,144402.0
2024-10-28 18:55:00+00:00,21.98,21.99,21.855,21.895,82249.0
2024-10-28 19:00:00+00:00,21.89,22.0,21.83,21.86,102912.0
2024-10-28 19:05:00+00:00,21.8799,21.92,21.778,21.87,112172.0
2024-10-28 19:10:00+00:00,21.88,21.93,21.83,21.884,59187.0
2024-10-28 19:15:00+00:00,21.9099,21.91,21.81,21.841,127868.0
2024-10-28 19:20:00+00:00,21.845,21.92,21.8,21.893,133706.0
2024-10-28 19:25:00+00:00,21.89,21.92,21.77,21.8,140245.0
2024-10-28 19:30:00+00:00,21.8,21.89,21.76,21.88,149602.0
2024-10-28 19:35:00+00:00,21.87,22.225,21.8,22.17,296837.0
2024-10-28 19:40:00+00:00,22.145,22.21,21.9194,21.9194,288183.0
2024-10-28 19:45:00+00:00,21.92,22.0192,21.87,21.9825,137928.0
2024-10-28 19:50:00+00:00,21.99,22.04,21.765,21.805,465896.0
2024-10-28 19:55:00+00:00,21.8,22.03,21.76,22.02,798653.0
2024-10-28 20:00:00+00:00,22.01,22.02,21.85,21.97,602445.0
2024-10-28 20:05:00+00:00,21.86,21.87,21.8001,21.86,5053.0
2024-10-28 20:10:00+00:00,21.9583,21.9583,21.8101,21.9,3284.0
2024-10-28 20:15:00+00:00,21.9,21.91,21.89,21.91,6998.0
2024-10-28 20:20:00+00:00,21.91,21.93,21.91,21.93,733.0
2024-10-28 20:25:00+00:00,21.92,21.92,21.89,21.89,888.0
2024-10-28 20:30:00+00:00,21.84,21.84,21.78,21.78,5858.0
2024-10-28 20:35:00+00:00,21.8,21.81,21.7104,21.75,190039.0
2024-10-28 20:40:00+00:00,21.79,21.81,21.77,21.77,1368.0
2024-10-28 20:45:00+00:00,21.81,21.81,21.78,21.8072,1588.0
2024-10-28 20:50:00+00:00,21.8,21.8,21.79,21.79,1049.0
2024-10-28 20:55:00+00:00,21.79,21.8,21.79,21.8,2306.0
2024-10-28 21:00:00+00:00,21.78,21.79,21.77,21.77,3761.0
2024-10-28 21:05:00+00:00,21.77,21.8,21.76,21.76,2985.0
2024-10-28 21:10:00+00:00,21.76,21.76,21.62,21.62,8112.0
2024-10-28 21:15:00+00:00,21.61,21.7,21.6,21.7,1586.0
2024-10-28 21:20:00+00:00,21.68,21.68,21.68,21.68,1522.0
2024-10-28 21:25:00+00:00,21.68,21.68,21.6,21.68,3727.0
2024-10-28 21:30:00+00:00,21.67,21.68,21.6,21.67,2562.0
2024-10-28 21:35:00+00:00,21.6739,21.6739,21.6196,21.6196,881.0
2024-10-28 21:40:00+00:00,21.68,21.68,21.5625,21.58,2543.0
2024-10-28 21:45:00+00:00,21.6,21.68,21.57,21.57,12287.0
2024-10-28 21:50:00+00:00,21.61,21.68,21.61,21.67,567.0
2024-10-28 22:00:00+00:00,21.6,21.65,21.6,21.65,859.0
2024-10-28 22:05:00+00:00,21.63,21.68,21.62,21.62,1329.0
2024-10-28 22:10:00+00:00,21.68,21.76,21.65,21.76,5826.0
2024-10-28 22:15:00+00:00,21.77,21.77,21.73,21.73,703.0
2024-10-28 22:20:00+00:00,21.7698,21.77,21.62,21.62,5467.0
2024-10-28 22:30:00+00:00,21.66,21.66,21.62,21.62,807.0
2024-10-28 22:40:00+00:00,21.65,21.65,21.62,21.65,2219.0
2024-10-28 22:45:00+00:00,21.65,21.65,21.62,21.62,1672.0
2024-10-28 22:50:00+00:00,21.62,21.64,21.62,21.62,1365.0
2024-10-28 22:55:00+00:00,21.64,21.64,21.64,21.64,1650.0
2024-10-28 23:00:00+00:00,21.62,21.64,21.62,21.64,654.0
2024-10-28 23:05:00+00:00,21.64,21.64,21.6205,21.6205,1387.0
2024-10-28 23:10:00+00:00,21.64,21.65,21.64,21.65,1317.0
2024-10-28 23:15:00+00:00,21.65,21.68,21.63,21.68,5579.0
2024-10-28 23:20:00+00:00,21.63,21.68,21.63,21.68,592.0
2024-10-28 23:25:00+00:00,21.67,21.68,21.67,21.68,10354.0
2024-10-28 23:30:00+00:00,21.67,21.68,21.6607,21.6607,1612.0
2024-10-28 23:35:00+00:00,21.66,21.68,21.63,21.63,2346.0
2024-10-28 23:40:00+00:00,21.63,21.69,21.62,21.69,2726.0
2024-10-28 23:45:00+00:00,21.698,21.7,21.63,21.69,1006.0
2024-10-28 23:50:00+00:00,21.7,21.7,21.68,21.68,621.0
2024-10-28 23:55:00+00:00,21.62,21.7,21.62,21.7,14167.0
2024-10-29 08:00:00+00:00,21.99,22.12,21.78,21.89,13262.0
2024-10-29 08:05:00+00:00,21.79,21.81,21.63,21.71,7062.0
2024-10-29 08:10:00+00:00,21.7,21.77,21.66,21.77,2521.0
2024-10-29 08:15:00+00:00,21.77,21.94,21.7,21.94,4922.0
2024-10-29 08:20:00+00:00,21.93,21.98,21.9,21.94,3975.0
2024-10-29 08:25:00+00:00,21.97,21.97,21.9,21.9,2054.0
2024-10-29 08:30:00+00:00,21.8,21.8,21.8,21.8,385.0
2024-10-29 08:35:00+00:00,21.8,21.82,21.73,21.82,5086.0
2024-10-29 08:40:00+00:00,21.82,21.89,21.81,21.87,3663.0
2024-10-29 08:45:00+00:00,21.85,21.93,21.85,21.93,1549.0
2024-10-29 08:50:00+00:00,21.94,22.01,21.91,22.0,10546.0
2024-10-29 08:55:00+00:00,22.01,22.01,21.97,21.97,2045.0
2024-10-29 09:00:00+00:00,21.97,21.97,21.91,21.91,1482.0
2024-10-29 09:05:00+00:00,21.96,21.97,21.96,21.97,990.0
2024-10-29 09:10:00+00:00,21.97,21.97,21.89,21.89,3778.0
2024-10-29 09:15:00+00:00,21.84,21.84,21.81,21.81,1765.0
2024-10-29 09:20:00+00:00,21.88,21.88,21.81,21.81,2351.0
2024-10-29 09:25:00+00:00,21.81,21.86,21.81,21.82,1298.0
2024-10-29 09:30:00+00:00,21.86,21.86,21.86,21.86,155.0
2024-10-29 09:35:00+00:00,21.86,21.86,21.86,21.86,1014.0
2024-10-29 09:45:00+00:00,21.9,21.9,21.9,21.9,647.0
2024-10-29 09:50:00+00:00,21.99,22.0,21.92,21.99,4972.0
2024-10-29 09:55:00+00:00,21.97,22.09,21.97,22.09,10418.0
2024-10-29 10:00:00+00:00,22.05,22.14,22.05,22.1,4574.0
2024-10-29 10:05:00+00:00,22.16,22.19,22.1,22.12,6022.0
2024-10-29 10:10:00+00:00,22.14,22.15,22.12,22.12,5697.0
2024-10-29 10:15:00+00:00,22.17,22.17,22.11,22.13,2861.0
2024-10-29 10:20:00+00:00,22.13,22.13,22.09,22.1,1466.0
2024-10-29 10:25:00+00:00,22.1,22.12,22.01,22.01,4359.0
2024-10-29 10:30:00+00:00,22.01,22.13,22.0,22.13,5057.0
2024-10-29 10:35:00+00:00,22.12,22.14,22.08,22.14,777.0
2024-10-29 10:40:00+00:00,22.1,22.14,22.08,22.14,2347.0
2024-10-29 10:45:00+00:00,22.14,22.2,22.14,22.2,3788.0
2024-10-29 10:50:00+00:00,22.25,22.29,22.21,22.25,5742.0
2024-10-29 10:55:00+00:00,22.28,22.28,22.25,22.26,1810.0
2024-10-29 11:00:00+00:00,22.24,22.29,22.09,22.1,28421.0
2024-10-29 11:05:00+00:00,22.09,22.09,22.0,22.01,15213.0
2024-10-29 11:10:00+00:00,22.02,22.02,21.89,21.89,11941.0
2024-10-29 11:15:00+00:00,21.91,21.92,21.82,21.85,6289.0
2024-10-29 11:20:00+00:00,21.85,21.97,21.85,21.97,2241.0
2024-10-29 11:25:00+00:00,21.92,21.97,21.87,21.87,1195.0
2024-10-29 11:30:00+00:00,21.9,21.96,21.9,21.96,2055.0
2024-10-29 11:35:00+00:00,21.92,21.92,21.83,21.88,9507.0
2024-10-29 11:40:00+00:00,21.88,21.9,21.88,21.9,898.0
2024-10-29 11:45:00+00:00,21.87,21.92,21.83,21.83,4457.0
2024-10-29 11:50:00+00:00,21.82,21.83,21.73,21.74,9599.0
2024-10-29 11:55:00+00:00,21.72,21.72,21.5,21.55,19804.0
2024-10-29 12:00:00+00:00,22.14,22.39,21.5126,21.74,108723.0
2024-10-29 12:05:00+00:00,21.69,21.8,21.65,21.8,5361.0
2024-10-29 12:10:00+00:00,21.7852,21.7852,21.63,21.63,13261.0
2024-10-29 12:15:00+00:00,21.6296,21.63,21.58,21.58,4509.0
2024-10-29 12:20:00+00:00,21.59,21.6704,21.58,21.58,8496.0
2024-10-29 12:25:00+00:00,21.59,21.67,21.59,21.6,7771.0
2024-10-29 12:30:00+00:00,21.64,21.67,21.59,21.59,6563.0
2024-10-29 12:35:00+00:00,21.59,21.6,21.51,21.6,23264.0
2024-10-29 12:40:00+00:00,21.6,21.7,21.6,21.7,22162.0
2024-10-29 12:45:00+00:00,21.76,21.78,21.61,21.61,14030.0
2024-10-29 12:50:00+00:00,21.69,21.75,21.68,21.69,18625.0
2024-10-29 12:55:00+00:00,21.69,21.71,21.63,21.65,35634.0
2024-10-29 13:00:00+00:00,21.65,21.69,21.61,21.61,19299.0
2024-10-29 13:05:00+00:00,21.61,21.62,21.53,21.59,34545.0
2024-10-29 13:10:00+00:00,21.6,21.6,21.52,21.53,15976.0
2024-10-29 13:15:00+00:00,21.5101,21.53,21.5,21.51,21079.0
2024-10-29 13:20:00+00:00,21.54,21.59,21.5,21.54,11634.0
2024-10-29 13:25:00+00:00,21.52,21.62,21.5,21.5,21249.0
2024-10-29 13:30:00+00:00,21.6,21.87,20.81,21.035,1050698.0
2024-10-29 13:35:00+00:00,21.05,21.29,20.71,21.18,627932.0
2024-10-29 13:40:00+00:00,21.18,21.54,20.96,20.9944,486753.0
2024-10-29 13:45:00+00:00,21.0,21.29,20.9,21.17,251044.0
2024-10-29 13:50:00+00:00,21.17,21.49,21.02,21.075,193470.0
2024-10-29 13:55:00+00:00,21.077,21.38,20.91,20.91,240049.0
2024-10-29 14:00:00+00:00,20.9,21.23,20.78,21.08,292945.0
2024-10-29 14:05:00+00:00,21.08,21.08,20.48,20.655,418257.0
2024-10-29 14:10:00+00:00,20.65,20.745,20.4,20.54,306755.0
2024-10-29 14:15:00+00:00,20.5544,20.96,20.51,20.94,272719.0
2024-10-29 14:20:00+00:00,20.94,20.96,20.8,20.83,173276.0
2024-10-29 14:25:00+00:00,20.86,20.91,20.5,20.64,265649.0
2024-10-29 14:30:00+00:00,20.64,21.038,20.56,21.03,183197.0
2024-10-29 14:35:00+00:00,21.02,21.28,20.96,21.22,231064.0
2024-10-29 14:40:00+00:00,21.23,21.48,21.195,21.32,218763.0
2024-10-29 14:45:00+00:00,21.3,21.3243,21.13,21.17,83732.0
2024-10-29 14:50:00+00:00,21.15,21.277,21.0827,21.1369,85998.0
2024-10-29 14:55:00+00:00,21.15,21.3892,21.12,21.32,80508.0
2024-10-29 15:00:00+00:00,21.3339,21.4296,21.2021,21.3238,80419.0
2024-10-29 15:05:00+00:00,21.34,21.44,21.23,21.29,140173.0
2024-10-29 15:10:00+00:00,21.3,21.48,21.22,21.445,99894.0
2024-10-29 15:15:00+00:00,21.437,21.52,21.36,21.52,144745.0
2024-10-29 15:20:00+00:00,21.515,21.55,21.4,21.43,106631.0
2024-10-29 15:25:00+00:00,21.42,21.42,21.25,21.38,126679.0
2024-10-29 15:30:00+00:00,21.39,21.55,21.39,21.505,86125.0
2024-10-29 15:35:00+00:00,21.49,21.56,21.45,21.55,79973.0
2024-10-29 15:40:00+00:00,21.55,21.57,21.32,21.3375,89551.0
2024-10-29 15:45:00+00:00,21.35,21.59,21.35,21.59,88136.0
2024-10-29 15:50:00+00:00,21.6,21.6099,21.49,21.55,82982.0
2024-10-29 15:55:00+00:00,21.555,21.7499,21.51,21.7499,162070.0
2024-10-29 16:00:00+00:00,21.7495,21.81,21.67,21.74,166190.0
2024-10-29 16:05:00+00:00,21.74,21.93,21.7,21.9285,119477.0
2024-10-29 16:10:00+00:00,21.9042,21.97,21.68,21.68,151336.0
2024-10-29 16:15:00+00:00,21.69,21.7,21.4327,21.485,114051.0
2024-10-29 16:20:00+00:00,21.4735,21.54,21.39,21.53,100487.0
2024-10-29 16:25:00+00:00,21.5443,21.55,21.38,21.48,50451.0
2024-10-29 16:30:00+00:00,21.5,21.63,21.49,21.615,60553.0
2024-10-29 16:35:00+00:00,21.63,21.63,21.42,21.51,111336.0
2024-10-29 16:40:00+00:00,21.5067,21.5769,21.36,21.5769,87704.0
2024-10-29 16:45:00+00:00,21.58,21.68,21.51,21.5985,79041.0
2024-10-29 16:50:00+00:00,21.5994,21.649,21.57,21.62,37188.0
2024-10-29 16:55:00+00:00,21.615,21.63,21.54,21.565,22511.0
2024-10-29 17:00:00+00:00,21.59,21.93,21.59,21.895,164249.0
2024-10-29 17:05:00+00:00,21.895,22.01,21.81,21.89,156630.0
2024-10-29 17:10:00+00:00,21.885,21.9,21.78,21.89,56282.0
2024-10-29 17:15:00+00:00,21.8965,21.97,21.81,21.8299,74819.0
2024-10-29 17:20:00+00:00,21.83,21.9099,21.811,21.9,34925.0
2024-10-29 17:25:00+00:00,21.91,21.91,21.71,21.79,70307.0
2024-10-29 17:30:00+00:00,21.7863,21.8295,21.7324,21.8293,42757.0
2024-10-29 17:35:00+00:00,21.8283,21.96,21.825,21.95,66122.0
2024-10-29 17:40:00+00:00,21.935,22.065,21.85,21.875,116721.0
2024-10-29 17:45:00+00:00,21.89,21.9,21.72,21.78,70040.0
2024-10-29 17:50:00+00:00,21.775,21.7899,21.6,21.745,90648.0
2024-10-29 17:55:00+00:00,21.7324,21.84,21.72,21.83,59232.0
2024-10-29 18:00:00+00:00,21.835,21.95,21.8199,21.9199,48356.0
2024-10-29 18:05:00+00:00,21.91,22.0999,21.8863,22.0,96346.0
2024-10-29 18:10:00+00:00,21.9936,22.08,21.95,21.995,159024.0
2024-10-29 18:15:00+00:00,21.99,22.08,21.97,21.98,97580.0
2024-10-29 18:20:00+00:00,21.985,22.047,21.83,21.93,181393.0
2024-10-29 18:25:00+00:00,21.94,21.96,21.79,21.82,100701.0
2024-10-29 18:30:00+00:00,21.82,21.83,21.47,21.659,325250.0
2024-10-29 18:35:00+00:00,21.655,21.74,21.62,21.655,97871.0
2024-10-29 18:40:00+00:00,21.6308,21.645,21.5,21.5601,142348.0
2024-10-29 18:45:00+00:00,21.5665,21.7,21.5496,21.68,106808.0
2024-10-29 18:50:00+00:00,21.685,21.74,21.6,21.71,24704.0
2024-10-29 18:55:00+00:00,21.71,21.84,21.65,21.82,59928.0
2024-10-29 19:00:00+00:00,21.82,21.82,21.75,21.8001,43050.0
2024-10-29 19:05:00+00:00,21.8,21.9,21.76,21.7778,74061.0
2024-10-29 19:10:00+00:00,21.7982,21.85,21.76,21.79,83847.0
2024-10-29 19:15:00+00:00,21.79,21.8,21.67,21.725,90560.0
2024-10-29 19:20:00+00:00,21.72,21.73,21.64,21.68,62479.0
2024-10-29 19:25:00+00:00,21.67,21.77,21.65,21.715,42033.0
2024-10-29 19:30:00+00:00,21.71,21.72,21.53,21.57,138513.0
2024-10-29 19:35:00+00:00,21.5745,21.77,21.55,21.765,60134.0
2024-10-29 19:40:00+00:00,21.76,21.81,21.73,21.75,96561.0
2024-10-29 19:45:00+00:00,21.76,21.7699,21.54,21.54,123336.0
2024-10-29 19:50:00+00:00,21.54,21.85,21.535,21.6505,264338.0
2024-10-29 19:55:00+00:00,21.65,21.69,21.59,21.63,287377.0
2024-10-29 20:00:00+00:00,21.6,21.6832,21.6,21.6832,170855.0
2024-10-29 20:05:00+00:00,21.62,21.62,21.3506,21.4,13339.0
2024-10-29 20:10:00+00:00,21.42,21.5,21.41,21.5,6443.0
2024-10-29 20:15:00+00:00,21.42,21.4988,21.3604,21.3604,10423.0
2024-10-29 20:20:00+00:00,21.45,21.45,21.29,21.3,6814.0
2024-10-29 20:25:00+00:00,21.31,21.35,21.3,21.34,10247.0
2024-10-29 20:30:00+00:00,21.34,21.49,21.34,21.45,2623.0
2024-10-29 20:35:00+00:00,21.49,21.49,21.35,21.35,5975.0
2024-10-29 20:40:00+00:00,21.35,21.3656,21.35,21.3656,446.0
2024-10-29 20:45:00+00:00,21.3519,21.37,21.3519,21.37,568.0
2024-10-29 20:50:00+00:00,21.49,21.49,21.49,21.49,879.0
2024-10-29 20:55:00+00:00,21.49,21.49,21.49,21.49,161.0
2024-10-29 21:00:00+00:00,21.35,21.61,21.35,21.48,57211.0
2024-10-29 21:05:00+00:00,21.44,21.44,21.44,21.44,319.0
2024-10-29 21:10:00+00:00,21.45,21.45,21.37,21.39,901.0
2024-10-29 21:15:00+00:00,21.4,21.4,21.36,21.36,3974.0
2024-10-29 21:20:00+00:00,21.43,21.44,21.43,21.43,875.0
2024-10-29 21:25:00+00:00,21.43,21.43,21.43,21.43,143.0
2024-10-29 21:30:00+00:00,21.44,21.5,21.44,21.5,1190.0
2024-10-29 21:35:00+00:00,21.5,21.5,21.47,21.47,565.0
2024-10-29 21:45:00+00:00,21.5,21.51,21.5,21.51,954.0
2024-10-29 21:55:00+00:00,21.64,21.64,21.63,21.64,1319.0
2024-10-29 22:10:00+00:00,21.52,21.53,21.51,21.51,1637.0
2024-10-29 22:15:00+00:00,21.62,21.62,21.62,21.62,105.0
2024-10-29 22:20:00+00:00,21.61,21.62,21.61,21.62,1448.0
2024-10-29 22:25:00+00:00,21.62,21.6201,21.62,21.6201,1144.0
2024-10-29 22:35:00+00:00,21.6,21.6001,21.6,21.6001,593.0
2024-10-29 22:40:00+00:00,21.61,21.61,21.61,21.61,289.0
2024-10-29 22:45:00+00:00,21.62,21.62,21.62,21.62,539.0
2024-10-29 22:50:00+00:00,21.63,21.63,21.61,21.6101,1015.0
2024-10-29 22:55:00+00:00,21.63,21.6801,21.63,21.6801,1554.0
2024-10-29 23:00:00+00:00,21.65,21.6516,21.65,21.6501,893.0
2024-10-29 23:05:00+00:00,21.65,21.65,21.65,21.65,169.0
2024-10-29 23:25:00+00:00,21.58,21.5801,21.58,21.5801,1000.0
2024-10-29 23:35:00+00:00,21.59,21.59,21.59,21.59,242.0
2024-10-29 23:40:00+00:00,21.6113,21.65,21.61,21.6101,3070.0
2024-10-29 23:50:00+00:00,21.61,21.61,21.5599,21.5599,1490.0
2024-10-29 23:55:00+00:00,21.56,21.57,21.56,21.57,666.0
2024-10-30 08:00:00+00:00,21.08,21.56,21.01,21.53,1561.0
2024-10-30 08:05:00+00:00,21.32,21.52,21.25,21.35,6294.0
2024-10-30 08:10:00+00:00,21.5,21.52,21.4,21.52,1586.0
2024-10-30 08:15:00+00:00,21.59,21.77,21.59,21.77,2821.0
2024-10-30 08:20:00+00:00,21.78,21.79,21.74,21.74,962.0
2024-10-30 08:25:00+00:00,21.78,21.9,21.78,21.87,5468.0
2024-10-30 08:30:00+00:00,21.87,22.03,21.85,22.03,20106.0
2024-10-30 08:35:00+00:00,22.04,22.09,22.0,22.05,2771.0
2024-10-30 08:40:00+00:00,22.05,22.06,21.9,22.02,2862.0
2024-10-30 08:45:00+00:00,21.96,21.96,21.9,21.9,2469.0
2024-10-30 08:50:00+00:00,21.89,21.89,21.84,21.84,1531.0
2024-10-30 08:55:00+00:00,21.88,21.93,21.88,21.92,6719.0
2024-10-30 09:00:00+00:00,21.95,21.99,21.92,21.99,5758.0
2024-10-30 09:05:00+00:00,21.98,22.27,21.98,22.27,19960.0
2024-10-30 09:10:00+00:00,22.27,22.4,22.16,22.16,24361.0
2024-10-30 09:15:00+00:00,22.13,22.16,22.05,22.05,4958.0
2024-10-30 09:20:00+00:00,22.06,22.06,22.0,22.0,4163.0
2024-10-30 09:25:00+00:00,22.04,22.05,22.0,22.01,3804.0
2024-10-30 09:30:00+00:00,22.08,22.18,22.08,22.18,928.0
2024-10-30 09:35:00+00:00,22.17,22.23,22.12,22.17,2495.0
2024-10-30 09:40:00+00:00,22.22,22.22,22.1,22.17,4312.0
2024-10-30 09:45:00+00:00,22.11,22.11,21.96,22.0,4840.0
2024-10-30 09:50:00+00:00,21.98,21.98,21.96,21.96,944.0
2024-10-30 09:55:00+00:00,22.0,22.03,22.0,22.01,8026.0
2024-10-30 10:00:00+00:00,22.13,22.14,22.13,22.14,490.0
2024-10-30 10:05:00+00:00,22.12,22.22,22.12,22.22,3234.0
2024-10-30 10:10:00+00:00,22.2,22.22,22.17,22.17,1979.0
2024-10-30 10:15:00+00:00,22.22,22.22,22.19,22.19,1741.0
2024-10-30 10:20:00+00:00,22.15,22.18,22.15,22.18,712.0
2024-10-30 10:25:00+00:00,22.25,22.36,22.25,22.36,4383.0
2024-10-30 10:30:00+00:00,22.38,22.56,22.38,22.4,16126.0
2024-10-30 10:35:00+00:00,22.52,22.6,22.51,22.6,8550.0
2024-10-30 10:40:00+00:00,22.6,22.7,22.5,22.5,10801.0
2024-10-30 10:45:00+00:00,22.49,22.5,22.44,22.5,1963.0
2024-10-30 10:50:00+00:00,22.6,22.63,22.6,22.6,2098.0
2024-10-30 10:55:00+00:00,22.62,22.68,22.59,22.68,4878.0
2024-10-30 11:00:00+00:00,22.61,22.63,22.02,22.33,54759.0
2024-10-30 11:05:00+00:00,22.37,22.49,22.37,22.44,4265.0
2024-10-30 11:10:00+00:00,22.42,22.53,22.42,22.53,6058.0
2024-10-30 11:15:00+00:00,22.55,22.7,22.55,22.7,6102.0
2024-10-30 11:20:00+00:00,22.7,22.8,22.64,22.76,18760.0
2024-10-30 11:25:00+00:00,22.73,22.79,22.66,22.76,10003.0
2024-10-30 11:30:00+00:00,22.76,22.8,22.72,22.75,9635.0
2024-10-30 11:35:00+00:00,22.77,22.85,22.75,22.83,19536.0
2024-10-30 11:40:00+00:00,22.73,22.82,22.56,22.64,11363.0
2024-10-30 11:45:00+00:00,22.6,22.62,22.41,22.41,9495.0
2024-10-30 11:50:00+00:00,22.4,22.42,22.37,22.41,8022.0
2024-10-30 11:55:00+00:00,22.43,22.6,22.43,22.56,4612.0
2024-10-30 12:00:00+00:00,22.34,22.8697,21.3391,22.56,149976.0
2024-10-30 12:05:00+00:00,22.57,22.65,22.5,22.52,14795.0
2024-10-30 12:10:00+00:00,22.54,22.61,22.54,22.6,4292.0
2024-10-30 12:15:00+00:00,22.61,22.64,22.4,22.4,30043.0
2024-10-30 12:20:00+00:00,22.42,22.4393,22.22,22.4,30973.0
2024-10-30 12:25:00+00:00,22.42,22.45,22.258,22.258,17681.0
2024-10-30 12:30:00+00:00,22.35,22.45,22.3,22.41,10416.0
2024-10-30 12:35:00+00:00,22.45,22.6294,22.45,22.54,14213.0
2024-10-30 12:40:00+00:00,22.52,22.56,22.42,22.45,11565.0
2024-10-30 12:45:00+00:00,22.4619,22.55,22.43,22.43,13776.0
2024-10-30 12:50:00+00:00,22.424,22.48,22.3,22.423,6824.0
2024-10-30 12:55:00+00:00,22.31,22.3148,22.052,22.09,27088.0
2024-10-30 13:00:00+00:00,22.14,22.14,22.0,22.018,40171.0
2024-10-30 13:05:00+00:00,22.01,22.01,21.9,21.92,53215.0
2024-10-30 13:10:00+00:00,21.99,22.0,21.81,22.0,23524.0
2024-10-30 13:15:00+00:00,21.94,22.0799,21.94,22.07,15171.0
2024-10-30 13:20:00+00:00,22.03,22.07,21.85,21.89,20507.0
2024-10-30 13:25:00+00:00,21.83,22.4,21.83,22.4,30456.0
2024-10-30 13:30:00+00:00,22.24,22.75,21.8,21.93,724784.0
2024-10-30 13:35:00+00:00,21.96,22.24,21.73,21.9902,619617.0
2024-10-30 13:40:00+00:00,22.0052,22.06,20.91,20.955,774355.0
2024-10-30 13:45:00+00:00,20.955,20.99,20.51,20.96,606012.0
2024-10-30 13:50:00+00:00,20.9656,21.48,20.9,21.32,367473.0
2024-10-30 13:55:00+00:00,21.35,21.71,21.35,21.6864,237629.0
2024-10-30 14:00:00+00:00,21.66,21.71,21.36,21.515,286782.0
2024-10-30 14:05:00+00:00,21.51,21.7299,21.5,21.64,168620.0
2024-10-30 14:10:00+00:00,21.635,21.635,21.2,21.44,220054.0
2024-10-30 14:15:00+00:00,21.41,21.54,21.15,21.2,157041.0
2024-10-30 14:20:00+00:00,21.2,21.4,21.05,21.08,149061.0
2024-10-30 14:25:00+00:00,21.0819,21.1,20.9214,20.97,301065.0
2024-10-30 14:30:00+00:00,20.98,21.005,20.51,20.58,346274.0
2024-10-30 14:35:00+00:00,20.58,20.72,20.01,20.21,754427.0
2024-10-30 14:40:00+00:00,20.2293,20.52,20.2,20.42,262745.0
2024-10-30 14:45:00+00:00,20.4,20.798,20.4,20.7445,199089.0
2024-10-30 14:50:00+00:00,20.73,20.855,20.7,20.715,128252.0
2024-10-30 14:55:00+00:00,20.72,21.02,20.63,20.685,162145.0
2024-10-30 15:00:00+00:00,20.68,20.88,20.6604,20.77,96047.0
2024-10-30 15:05:00+00:00,20.76,20.97,20.72,20.87,135608.0
2024-10-30 15:10:00+00:00,20.87,20.87,20.63,20.725,82519.0
2024-10-30 15:15:00+00:00,20.725,20.94,20.7,20.9,75266.0
2024-10-30 15:20:00+00:00,20.89,20.97,20.83,20.925,79994.0
2024-10-30 15:25:00+00:00,20.9262,20.98,20.88,20.92,58615.0
2024-10-30 15:30:00+00:00,20.918,21.01,20.82,20.855,92586.0
2024-10-30 15:35:00+00:00,20.84,20.9297,20.66,20.6968,83562.0
2024-10-30 15:40:00+00:00,20.7,20.8099,20.61,20.7468,114256.0
2024-10-30 15:45:00+00:00,20.74,20.85,20.65,20.6999,90446.0
2024-10-30 15:50:00+00:00,20.6901,20.74,20.41,20.5387,150922.0
2024-10-30 15:55:00+00:00,20.5469,20.6,20.46,20.51,96437.0
2024-10-30 16:00:00+00:00,20.52,20.52,20.28,20.4,139982.0
2024-10-30 16:05:00+00:00,20.41,20.7,20.38,20.66,158634.0
2024-10-30 16:10:00+00:00,20.64,20.68,20.57,20.6,57670.0
2024-10-30 16:15:00+00:00,20.61,20.82,20.61,20.67,60847.0
2024-10-30 16:20:00+00:00,20.66,20.67,20.5,20.505,83383.0
2024-10-30 16:25:00+00:00,20.505,20.5099,20.38,20.38,46285.0
2024-10-30 16:30:00+00:00,20.39,20.44,20.33,20.375,62755.0
2024-10-30 16:35:00+00:00,20.3772,20.41,20.36,20.38,37851.0
2024-10-30 16:40:00+00:00,20.375,20.38,20.3,20.32,46080.0
2024-10-30 16:45:00+00:00,20.33,20.39,20.316,20.3768,37587.0
2024-10-30 16:50:00+00:00,20.36,20.37,20.27,20.2817,57734.0
2024-10-30 16:55:00+00:00,20.275,20.4,20.2,20.38,96852.0
2024-10-30 17:00:00+00:00,20.3889,20.448,20.3,20.35,42608.0
2024-10-30 17:05:00+00:00,20.3571,20.5,20.3571,20.41,47638.0
2024-10-30 17:10:00+00:00,20.4,20.53,20.3989,20.48,41406.0
2024-10-30 17:15:00+00:00,20.4915,20.565,20.45,20.5399,37788.0
2024-10-30 17:20:00+00:00,20.54,20.5899,20.4,20.4161,45615.0
2024-10-30 17:25:00+00:00,20.4297,20.46,20.38,20.39,35093.0
2024-10-30 17:30:00+00:00,20.38,20.4,20.22,20.23,52890.0
2024-10-30 17:35:00+00:00,20.2298,20.3111,20.21,20.214,44883.0
2024-10-30 17:40:00+00:00,20.213,20.3,20.18,20.2169,70839.0
2024-10-30 17:45:00+00:00,20.2,20.2177,20.11,20.16,72721.0
2024-10-30 17:50:00+00:00,20.15,20.3411,20.15,20.325,35203.0
2024-10-30 17:55:00+00:00,20.3101,20.3799,20.26,20.36,51156.0
2024-10-30 18:00:00+00:00,20.36,20.36,20.23,20.2499,45188.0
2024-10-30 18:05:00+00:00,20.2322,20.27,20.15,20.25,63121.0
2024-10-30 18:10:00+00:00,20.27,20.3181,20.24,20.25,44362.0
2024-10-30 18:15:00+00:00,20.23,20.26,20.14,20.14,51426.0
2024-10-30 18:20:00+00:00,20.13,20.3,20.11,20.3,58189.0
2024-10-30 18:25:00+00:00,20.3,20.43,20.25,20.36,62627.0
2024-10-30 18:30:00+00:00,20.36,20.5,20.15,20.16,141126.0
2024-10-30 18:35:00+00:00,20.18,20.33,20.1601,20.27,83642.0
2024-10-30 18:40:00+00:00,20.26,20.37,20.24,20.32,52394.0
2024-10-30 18:45:00+00:00,20.3279,20.38,20.25,20.285,29893.0
2024-10-30 18:50:00+00:00,20.3,20.342,20.28,20.318,28714.0
2024-10-30 18:55:00+00:00,20.3408,20.3408,20.23,20.29,69000.0
2024-10-30 19:00:00+00:00,20.28,20.29,20.16,20.195,47199.0
2024-10-30 19:05:00+00:00,20.195,20.26,20.07,20.12,152906.0
2024-10-30 19:10:00+00:00,20.11,20.23,20.09,20.215,62338.0
2024-10-30 19:15:00+00:00,20.23,20.35,20.18,20.34,65893.0
2024-10-30 19:20:00+00:00,20.34,20.355,20.26,20.28,66200.0
2024-10-30 19:25:00+00:00,20.275,20.2999,20.24,20.27,38922.0
2024-10-30 19:30:00+00:00,20.26,20.3,20.18,20.18,78125.0
2024-10-30 19:35:00+00:00,20.17,20.5685,20.17,20.5055,154950.0
2024-10-30 19:40:00+00:00,20.52,20.6,20.44,20.54,151367.0
2024-10-30 19:45:00+00:00,20.54,20.75,20.54,20.675,193415.0
2024-10-30 19:50:00+00:00,20.67,20.8,20.635,20.781,229716.0
2024-10-30 19:55:00+00:00,20.78,20.85,20.66,20.78,398809.0
2024-10-30 20:00:00+00:00,20.78,20.83,20.76,20.76,368515.0
2024-10-30 20:05:00+00:00,20.73,20.77,20.73,20.73,1653.0
2024-10-30 20:10:00+00:00,20.75,20.76,20.7,20.7,3724.0
2024-10-30 20:15:00+00:00,20.71,20.71,20.61,20.63,19813.0
2024-10-30 20:20:00+00:00,20.59,20.61,20.59,20.6,4786.0
2024-10-30 20:25:00+00:00,20.59,20.699,20.59,20.65,3693.0
2024-10-30 20:30:00+00:00,20.68,20.7,20.68,20.68,2437.0
2024-10-30 20:35:00+00:00,20.63,20.66,20.59,20.59,1565.0
2024-10-30 20:40:00+00:00,20.7,20.72,20.7,20.72,776.0
2024-10-30 20:45:00+00:00,20.63,20.68,20.63,20.68,3708.0
2024-10-30 20:50:00+00:00,20.68,20.7,20.63,20.7,3263.0
2024-10-30 20:55:00+00:00,20.67,20.68,20.67,20.68,2147.0
2024-10-30 21:00:00+00:00,20.67,20.68,20.67,20.68,2104.0
2024-10-30 21:05:00+00:00,20.69,20.69,20.69,20.69,243.0
2024-10-30 21:10:00+00:00,20.7,20.7,20.7,20.7,227.0
2024-10-30 21:15:00+00:00,20.69,20.7,20.69,20.7,817.0
2024-10-30 21:20:00+00:00,20.78,20.78,20.78,20.78,447.0
2024-10-30 21:25:00+00:00,20.71,20.71,20.71,20.71,134.0
2024-10-30 21:30:00+00:00,20.75,20.75,20.69,20.75,2603.0
2024-10-30 21:35:00+00:00,20.66,20.67,20.66,20.67,626.0
2024-10-30 21:40:00+00:00,20.69,20.76,20.69,20.76,1043.0
2024-10-30 21:45:00+00:00,20.76,20.76,20.6912,20.6912,621.0
2024-10-30 21:50:00+00:00,20.69,20.69,20.69,20.69,146.0
2024-10-30 21:55:00+00:00,20.75,20.75,20.7,20.7,1004.0
2024-10-30 22:00:00+00:00,20.75,20.75,20.75,20.75,981.0
2024-10-30 22:10:00+00:00,20.7,20.73,20.7,20.73,1309.0
2024-10-30 22:15:00+00:00,20.7,20.7,20.7,20.7,691.0
2024-10-30 22:25:00+00:00,20.7,20.72,20.7,20.72,3144.0
2024-10-30 22:35:00+00:00,20.7,20.7,20.7,20.7,448.0
2024-10-30 22:40:00+00:00,20.69,20.69,20.69,20.69,1512.0
2024-10-30 22:45:00+00:00,20.69,20.69,20.69,20.69,701.0
2024-10-30 22:50:00+00:00,20.7,20.7,20.69,20.69,703.0
2024-10-30 23:00:00+00:00,20.75,20.75,20.75,20.75,420.0
2024-10-30 23:05:00+00:00,20.75,20.75,20.69,20.7,1360.0
2024-10-30 23:10:00+00:00,20.69,20.69,20.65,20.65,5032.0
2024-10-30 23:15:00+00:00,20.65,20.75,20.65,20.75,1855.0
2024-10-30 23:25:00+00:00,20.71,20.71,20.71,20.71,104.0
2024-10-30 23:30:00+00:00,20.6501,20.75,20.65,20.75,1655.0
2024-10-30 23:35:00+00:00,20.75,20.75,20.66,20.6601,1320.0
2024-10-30 23:40:00+00:00,20.65,20.65,20.65,20.65,1915.0
2024-10-30 23:45:00+00:00,20.55,20.55,20.46,20.46,1969.0
2024-10-30 23:50:00+00:00,20.4635,20.4635,20.46,20.46,3660.0
2024-10-30 23:55:00+00:00,20.46,20.46,20.3554,20.3554,3327.0
2024-10-31 08:00:00+00:00,21.02,21.02,20.26,20.46,2093.0
2024-10-31 08:05:00+00:00,20.48,20.65,20.45,20.65,6687.0
2024-10-31 08:10:00+00:00,20.68,20.96,20.68,20.81,5987.0
2024-10-31 08:15:00+00:00,20.81,20.86,20.8,20.86,2794.0
2024-10-31 08:30:00+00:00,20.81,20.86,20.71,20.76,2629.0
2024-10-31 08:35:00+00:00,20.71,20.71,20.6,20.6,6723.0
2024-10-31 08:40:00+00:00,20.61,20.61,20.61,20.61,188.0
2024-10-31 08:45:00+00:00,20.61,20.61,20.5,20.52,1686.0
2024-10-31 08:50:00+00:00,20.5,20.5,20.5,20.5,833.0
2024-10-31 08:55:00+00:00,20.58,20.59,20.58,20.58,524.0
2024-10-31 09:10:00+00:00,20.44,20.44,20.41,20.41,678.0
2024-10-31 09:20:00+00:00,20.41,20.5,20.41,20.5,1043.0
2024-10-31 09:25:00+00:00,20.47,20.47,20.47,20.47,433.0
2024-10-31 09:30:00+00:00,20.41,20.41,20.41,20.41,900.0
2024-10-31 09:35:00+00:00,20.4,20.42,20.4,20.41,1629.0
2024-10-31 09:45:00+00:00,20.34,20.34,20.33,20.33,327.0
2024-10-31 09:50:00+00:00,20.38,20.38,20.38,20.38,204.0
2024-10-31 09:55:00+00:00,20.33,20.33,20.32,20.32,750.0
2024-10-31 10:00:00+00:00,20.32,20.38,20.3,20.32,4618.0
2024-10-31 10:05:00+00:00,20.22,20.26,20.22,20.26,333.0
2024-10-31 10:10:00+00:00,20.25,20.25,20.25,20.25,404.0
2024-10-31 10:15:00+00:00,20.17,20.17,20.17,20.17,206.0
2024-10-31 10:20:00+00:00,20.2,20.2,20.17,20.17,1719.0
2024-10-31 10:25:00+00:00,20.17,20.17,20.14,20.14,4557.0
2024-10-31 10:30:00+00:00,20.14,20.23,20.13,20.23,4276.0
2024-10-31 10:35:00+00:00,20.18,20.18,20.18,20.18,376.0
2024-10-31 10:40:00+00:00,20.21,20.21,20.19,20.2,1535.0
2024-10-31 10:45:00+00:00,20.12,20.27,20.12,20.27,2130.0
2024-10-31 10:50:00+00:00,20.24,20.29,20.2,20.24,1211.0
2024-10-31 11:00:00+00:00,20.28,20.3,20.28,20.3,839.0
2024-10-31 11:05:00+00:00,20.32,20.32,20.32,20.32,363.0
2024-10-31 11:15:00+00:00,20.32,20.4,20.32,20.4,1284.0
2024-10-31 11:20:00+00:00,20.35,20.59,20.34,20.59,3725.0
2024-10-31 11:25:00+00:00,20.55,20.57,20.51,20.51,4881.0
2024-10-31 11:30:00+00:00,20.51,20.54,20.45,20.54,2373.0
2024-10-31 11:35:00+00:00,20.45,20.45,20.45,20.45,1140.0
2024-10-31 11:40:00+00:00,20.39,20.39,20.36,20.38,709.0
2024-10-31 11:45:00+00:00,20.4,20.47,20.4,20.47,1422.0
2024-10-31 11:50:00+00:00,20.48,20.51,20.45,20.45,2282.0
2024-10-31 11:55:00+00:00,20.47,20.47,20.47,20.47,437.0
2024-10-31 12:00:00+00:00,20.2,20.86,20.1373,20.38,36886.0
2024-10-31 12:05:00+00:00,20.45,20.47,20.44,20.47,1712.0
2024-10-31 12:10:00+00:00,20.47,20.5,20.47,20.4701,2214.0
2024-10-31 12:15:00+00:00,20.49,20.5,20.47,20.5,3437.0
2024-10-31 12:20:00+00:00,20.5,20.56,20.5,20.56,1932.0
2024-10-31 12:25:00+00:00,20.56,20.56,20.48,20.48,6502.0
2024-10-31 12:30:00+00:00,20.51,20.51,20.47,20.49,1471.0
2024-10-31 12:35:00+00:00,20.45,20.51,20.45,20.5,1145.0
2024-10-31 12:40:00+00:00,20.51,20.54,20.51,20.54,3297.0
2024-10-31 12:45:00+00:00,20.56,20.62,20.51,20.61,4712.0
2024-10-31 12:50:00+00:00,20.57,20.59,20.55,20.58,1964.0
2024-10-31 12:55:00+00:00,20.57,20.58,20.47,20.47,5497.0
2024-10-31 13:00:00+00:00,20.45,20.46,20.44,20.44,5057.0
2024-10-31 13:05:00+00:00,20.44,20.48,20.44,20.48,350.0
2024-10-31 13:10:00+00:00,20.48,20.5,20.48,20.48,3034.0
2024-10-31 13:15:00+00:00,20.54,20.55,20.54,20.55,729.0
2024-10-31 13:20:00+00:00,20.54,20.54,20.42,20.42,6083.0
2024-10-31 13:25:00+00:00,20.48,20.57,20.42,20.57,7884.0
2024-10-31 13:30:00+00:00,20.57,20.77,19.85,19.905,541827.0
2024-10-31 13:35:00+00:00,19.8987,20.1,19.8,20.035,400710.0
2024-10-31 13:40:00+00:00,20.045,20.27,20.03,20.13,239413.0
2024-10-31 13:45:00+00:00,20.07,20.07,19.4,19.45,487807.0
2024-10-31 13:50:00+00:00,19.4553,19.6,19.3,19.4193,345181.0
2024-10-31 13:55:00+00:00,19.4,19.48,19.25,19.32,281994.0
2024-10-31 14:00:00+00:00,19.31,19.36,19.01,19.07,438846.0
2024-10-31 14:05:00+00:00,19.09,19.468,19.06,19.4352,210298.0
2024-10-31 14:10:00+00:00,19.43,19.43,19.12,19.3419,174314.0
2024-10-31 14:15:00+00:00,19.36,19.6,19.36,19.43,180704.0
2024-10-31 14:20:00+00:00,19.42,19.65,19.36,19.39,136899.0
2024-10-31 14:25:00+00:00,19.406,19.44,19.275,19.33,124675.0
2024-10-31 14:30:00+00:00,19.34,19.52,19.3,19.4,77840.0
2024-10-31 14:35:00+00:00,19.39,19.59,19.3205,19.56,80101.0
2024-10-31 14:40:00+00:00,19.55,19.6,19.46,19.5775,65145.0
2024-10-31 14:45:00+00:00,19.59,19.63,19.26,19.29,95035.0
2024-10-31 14:50:00+00:00,19.28,19.3244,19.19,19.31,126426.0
2024-10-31 14:55:00+00:00,19.31,19.35,19.14,19.19,75966.0
2024-10-31 15:00:00+00:00,19.18,19.23,19.02,19.08,209792.0
2024-10-31 15:05:00+00:00,19.08,19.2,19.029,19.0854,200637.0
2024-10-31 15:10:00+00:00,19.05,19.19,18.93,18.9799,320272.0
2024-10-31 15:15:00+00:00,18.96,19.2,18.945,19.1739,159672.0
2024-10-31 15:20:00+00:00,19.165,19.29,19.11,19.23,115467.0
2024-10-31 15:25:00+00:00,19.22,19.25,19.07,19.13,118584.0
2024-10-31 15:30:00+00:00,19.12,19.15,19.06,19.09,57460.0
2024-10-31 15:35:00+00:00,19.085,19.12,19.02,19.04,79985.0
2024-10-31 15:40:00+00:00,19.04,19.17,19.01,19.09,129914.0
2024-10-31 15:45:00+00:00,19.08,19.14,18.93,18.9483,127245.0
2024-10-31 15:50:00+00:00,18.96,19.03,18.95,18.99,53519.0
2024-10-31 15:55:00+00:00,18.99,19.22,18.99,19.1664,77134.0
2024-10-31 16:00:00+00:00,19.16,19.2,19.05,19.15,45249.0
2024-10-31 16:05:00+00:00,19.13,19.29,19.096,19.225,87092.0
2024-10-31 16:10:00+00:00,19.22,19.3,19.2,19.215,76391.0
2024-10-31 16:15:00+00:00,19.22,19.2896,19.17,19.21,63818.0
2024-10-31 16:20:00+00:00,19.23,19.23,19.1,19.1182,63106.0
2024-10-31 16:25:00+00:00,19.11,19.4,19.11,19.3501,142398.0
2024-10-31 16:30:00+00:00,19.365,19.39,19.29,19.33,53403.0
2024-10-31 16:35:00+00:00,19.3,19.3983,19.25,19.395,52707.0
2024-10-31 16:40:00+00:00,19.3901,19.45,19.3401,19.38,76168.0
2024-10-31 16:45:00+00:00,19.38,19.47,19.31,19.3693,70763.0
2024-10-31 16:50:00+00:00,19.37,19.49,19.285,19.48,45770.0
2024-10-31 16:55:00+00:00,19.48,19.54,19.46,19.496,78848.0
2024-10-31 17:00:00+00:00,19.5199,19.5199,19.42,19.485,86652.0
2024-10-31 17:05:00+00:00,19.47,19.5597,19.42,19.5516,46206.0
2024-10-31 17:10:00+00:00,19.555,19.6,19.51,19.6,51236.0
2024-10-31 17:15:00+00:00,19.59,19.59,19.43,19.43,66312.0
2024-10-31 17:20:00+00:00,19.45,19.6,19.44,19.59,64827.0
2024-10-31 17:25:00+00:00,19.5899,19.62,19.52,19.5669,61005.0
2024-10-31 17:30:00+00:00,19.56,19.67,19.512,19.512,75582.0
2024-10-31 17:35:00+00:00,19.51,19.595,19.51,19.595,58886.0
2024-10-31 17:40:00+00:00,19.59,19.605,19.53,19.56,49340.0
2024-10-31 17:45:00+00:00,19.5531,19.56,19.44,19.55,48482.0
2024-10-31 17:50:00+00:00,19.53,19.53,19.4501,19.48,27975.0
2024-10-31 17:55:00+00:00,19.4799,19.57,19.44,19.5642,44573.0
2024-10-31 18:00:00+00:00,19.57,19.58,19.49,19.57,81081.0
2024-10-31 18:05:00+00:00,19.575,19.64,19.55,19.56,48266.0
2024-10-31 18:10:00+00:00,19.56,19.57,19.44,19.4524,27733.0
2024-10-31 18:15:00+00:00,19.46,19.58,19.37,19.4803,112088.0
2024-10-31 18:20:00+00:00,19.5,19.5,19.3197,19.32,77086.0
2024-10-31 18:25:00+00:00,19.325,19.38,19.2956,19.35,44543.0
2024-10-31 18:30:00+00:00,19.36,19.44,19.315,19.325,92405.0
2024-10-31 18:35:00+00:00,19.33,19.345,19.27,19.33,46566.0
2024-10-31 18:40:00+00:00,19.34,19.38,19.31,19.37,25163.0
2024-10-31 18:45:00+00:00,19.36,19.39,19.33,19.37,26169.0
2024-10-31 18:50:00+00:00,19.36,19.489,19.36,19.48,55393.0
2024-10-31 18:55:00+00:00,19.47,19.48,19.37,19.4,44670.0
2024-10-31 19:00:00+00:00,19.41,19.49,19.4,19.46,31562.0
2024-10-31 19:05:00+00:00,19.48,19.52,19.43,19.47,48200.0
2024-10-31 19:10:00+00:00,19.48,19.5311,19.44,19.53,23690.0
2024-10-31 19:15:00+00:00,19.525,19.525,19.44,19.44,42891.0
2024-10-31 19:20:00+00:00,19.45,19.53,19.44,19.495,64455.0
2024-10-31 19:25:00+00:00,19.495,19.51,19.43,19.43,44336.0
2024-10-31 19:30:00+00:00,19.43,19.48,19.395,19.4688,68372.0
2024-10-31 19:35:00+00:00,19.465,19.59,19.46,19.5447,83152.0
2024-10-31 19:40:00+00:00,19.545,19.55,19.43,19.4801,78573.0
2024-10-31 19:45:00+00:00,19.48,19.53,19.465,19.5,68459.0
2024-10-31 19:50:00+00:00,19.5,19.52,19.37,19.375,149932.0
2024-10-31 19:55:00+00:00,19.375,19.375,19.13,19.13,415520.0
2024-10-31 20:00:00+00:00,19.13,19.19,19.13,19.16,380108.0
2024-10-31 20:05:00+00:00,19.15,19.31,19.15,19.16,906.0
2024-10-31 20:10:00+00:00,19.15,19.16,19.11,19.12,3183.0
2024-10-31 20:15:00+00:00,19.19,19.19,19.1,19.1,4301.0
2024-10-31 20:20:00+00:00,19.1,19.11,19.09,19.0901,943.0
2024-10-31 20:25:00+00:00,19.04,19.0899,19.01,19.02,9086.0
2024-10-31 20:30:00+00:00,19.02,19.02,19.0,19.0199,4724.0
2024-10-31 20:35:00+00:00,19.01,19.01,18.99,18.99,7992.0
2024-10-31 20:40:00+00:00,18.95,18.95,18.89,18.9,6165.0
2024-10-31 20:45:00+00:00,18.9,18.9683,18.88,18.9683,5523.0
2024-10-31 20:50:00+00:00,18.93,18.97,18.93,18.97,2595.0
2024-10-31 20:55:00+00:00,18.95,19.14,18.86,18.86,17947.0
2024-10-31 21:00:00+00:00,18.88,18.88,18.86,18.87,1812.0
2024-10-31 21:05:00+00:00,18.84,18.86,18.78,18.8,24171.0
2024-10-31 21:10:00+00:00,18.75,18.7999,18.75,18.75,6351.0
2024-10-31 21:15:00+00:00,18.75,18.83,18.75,18.83,3019.0
2024-10-31 21:20:00+00:00,18.82,18.82,18.8001,18.8001,653.0
2024-10-31 21:25:00+00:00,18.82,18.87,18.82,18.86,4216.0
2024-10-31 21:30:00+00:00,18.8499,18.85,18.8392,18.85,2877.0
2024-10-31 21:35:00+00:00,18.85,18.85,18.85,18.85,682.0
2024-10-31 21:40:00+00:00,18.83,18.86,18.83,18.86,3933.0
2024-10-31 21:45:00+00:00,18.86,18.8601,18.8,18.86,6084.0
2024-10-31 21:55:00+00:00,18.83,18.88,18.83,18.84,3365.0
2024-10-31 22:00:00+00:00,18.84,18.84,18.84,18.84,1391.0
2024-10-31 22:05:00+00:00,18.88,18.96,18.88,18.96,1352.0
2024-10-31 22:10:00+00:00,18.95,18.95,18.95,18.95,869.0
2024-10-31 22:15:00+00:00,18.95,18.95,18.95,18.95,127.0
2024-10-31 22:20:00+00:00,18.9,18.95,18.87,18.8808,2035.0
2024-10-31 22:25:00+00:00,18.94,18.95,18.9,18.9,1361.0
2024-10-31 22:30:00+00:00,18.94,18.94,18.94,18.94,991.0
2024-10-31 22:35:00+00:00,18.94,18.94,18.85,18.85,849.0
2024-10-31 22:40:00+00:00,18.91,18.91,18.8343,18.87,938.0
2024-10-31 22:45:00+00:00,18.91,18.91,18.8999,18.8999,670.0
2024-10-31 22:50:00+00:00,18.8975,18.8975,18.8673,18.87,907.0
2024-10-31 23:05:00+00:00,19.0,19.0,19.0,19.0,129.0
2024-10-31 23:15:00+00:00,19.0,19.05,19.0,19.05,1491.0
2024-10-31 23:20:00+00:00,19.0009,19.0009,19.0009,19.0009,659.0
2024-10-31 23:30:00+00:00,19.07,19.07,19.07,19.07,136.0
2024-10-31 23:35:00+00:00,19.06,19.06,19.06,19.06,350.0
2024-10-31 23:40:00+00:00,19.06,19.06,19.06,19.06,342.0
2024-10-31 23:45:00+00:00,19.0588,19.0588,19.0588,19.0588,265.0
2024-10-31 23:55:00+00:00,19.06,19.06,19.06,19.06,1745.0
2024-11-01 08:00:00+00:00,19.14,19.34,19.14,19.34,1419.0
2024-11-01 08:05:00+00:00,19.25,19.3,19.21,19.23,2686.0
2024-11-01 08:10:00+00:00,19.23,19.28,19.22,19.28,3208.0
2024-11-01 08:15:00+00:00,19.24,19.29,19.22,19.29,5209.0
2024-11-01 08:20:00+00:00,19.3,19.35,19.3,19.35,903.0
2024-11-01 08:30:00+00:00,19.52,19.65,19.47,19.54,3385.0
2024-11-01 08:35:00+00:00,19.5,19.55,19.5,19.55,1084.0
2024-11-01 08:40:00+00:00,19.55,19.56,19.5,19.53,5181.0
2024-11-01 08:45:00+00:00,19.53,19.56,19.43,19.43,4381.0
2024-11-01 08:50:00+00:00,19.45,19.52,19.45,19.52,603.0
2024-11-01 08:55:00+00:00,19.47,19.47,19.47,19.47,292.0
2024-11-01 09:00:00+00:00,19.53,19.55,19.52,19.55,1103.0
2024-11-01 09:05:00+00:00,19.53,19.53,19.53,19.53,636.0
2024-11-01 09:10:00+00:00,19.53,19.57,19.53,19.57,790.0
2024-11-01 09:15:00+00:00,19.57,19.57,19.57,19.57,308.0
2024-11-01 09:20:00+00:00,19.54,19.6,19.53,19.59,6655.0
2024-11-01 09:25:00+00:00,19.5,19.5,19.48,19.49,4512.0
2024-11-01 09:30:00+00:00,19.52,19.53,19.52,19.53,519.0
2024-11-01 09:35:00+00:00,19.56,19.56,19.56,19.56,350.0
2024-11-01 09:40:00+00:00,19.51,19.51,19.5,19.5,4169.0
2024-11-01 09:45:00+00:00,19.47,19.47,19.43,19.43,3005.0
2024-11-01 09:50:00+00:00,19.45,19.45,19.45,19.45,241.0
2024-11-01 09:55:00+00:00,19.49,19.5,19.48,19.5,1208.0
2024-11-01 10:05:00+00:00,19.49,19.5,19.46,19.46,2370.0
2024-11-01 10:10:00+00:00,19.5,19.5,19.49,19.49,754.0
2024-11-01 10:15:00+00:00,19.48,19.48,19.42,19.42,2660.0
2024-11-01 10:20:00+00:00,19.42,19.42,19.41,19.41,2747.0
2024-11-01 10:30:00+00:00,19.49,19.49,19.48,19.48,459.0
2024-11-01 10:35:00+00:00,19.48,19.48,19.42,19.48,807.0
2024-11-01 10:40:00+00:00,19.45,19.47,19.44,19.47,735.0
2024-11-01 10:45:00+00:00,19.41,19.41,19.38,19.4,2086.0
2024-11-01 11:00:00+00:00,19.43,19.43,19.35,19.37,2264.0
2024-11-01 11:05:00+00:00,19.38,19.38,19.28,19.28,6592.0
2024-11-01 11:10:00+00:00,19.3,19.3,19.3,19.3,281.0
2024-11-01 11:15:00+00:00,19.3,19.32,19.3,19.32,870.0
2024-11-01 11:20:00+00:00,19.37,19.38,19.24,19.24,4623.0
2024-11-01 11:25:00+00:00,19.35,19.35,19.25,19.27,847.0
2024-11-01 11:30:00+00:00,19.28,19.33,19.28,19.3,999.0
2024-11-01 11:35:00+00:00,19.32,19.35,19.29,19.35,734.0
2024-11-01 11:40:00+00:00,19.35,19.35,19.3,19.3,4659.0
2024-11-01 11:45:00+00:00,19.29,19.29,19.23,19.24,5658.0
2024-11-01 11:50:00+00:00,19.3,19.3,19.3,19.3,2000.0
2024-11-01 11:55:00+00:00,19.24,19.3,19.22,19.22,1631.0
2024-11-01 12:00:00+00:00,19.4,19.5559,19.22,19.29,26097.0
2024-11-01 12:05:00+00:00,19.29,19.35,19.26,19.35,5745.0
2024-11-01 12:10:00+00:00,19.27,19.35,19.27,19.34,4684.0
2024-11-01 12:15:00+00:00,19.34,19.4,19.34,19.399,3365.0
2024-11-01 12:20:00+00:00,19.4,19.4,19.4,19.4,1458.0
2024-11-01 12:25:00+00:00,19.4,19.42,19.39,19.42,2738.0
2024-11-01 12:30:00+00:00,19.37,19.55,19.35,19.52,13266.0
2024-11-01 12:35:00+00:00,19.54,19.55,19.45,19.48,9984.0
2024-11-01 12:40:00+00:00,19.55,19.6,19.52,19.59,8759.0
2024-11-01 12:45:00+00:00,19.63,19.65,19.55,19.55,8099.0
2024-11-01 12:50:00+00:00,19.59,19.59,19.53,19.59,2466.0
2024-11-01 12:55:00+00:00,19.58,19.6419,19.5699,19.6399,18744.0
2024-11-01 13:00:00+00:00,19.6396,19.7844,19.62,19.77,14219.0
2024-11-01 13:05:00+00:00,19.7,19.76,19.6902,19.72,5214.0
2024-11-01 13:10:00+00:00,19.7,19.71,19.6,19.67,131130.0
2024-11-01 13:15:00+00:00,19.7,19.7,19.52,19.63,7759.0
2024-11-01 13:20:00+00:00,19.63,19.83,19.58,19.83,14786.0
2024-11-01 13:25:00+00:00,19.8497,20.0,19.79,19.79,23858.0
2024-11-01 13:30:00+00:00,19.9,20.03,19.37,19.38,362194.0
2024-11-01 13:35:00+00:00,19.37,19.6,19.17,19.5735,330255.0
2024-11-01 13:40:00+00:00,19.59,19.6999,19.37,19.56,149526.0
2024-11-01 13:45:00+00:00,19.575,19.93,19.43,19.9,270269.0
2024-11-01 13:50:00+00:00,19.915,20.125,19.87,20.08,414711.0
2024-11-01 13:55:00+00:00,20.07,20.25,19.9369,20.0478,189816.0
2024-11-01 14:00:00+00:00,20.05,20.18,19.8001,20.16,355033.0
2024-11-01 14:05:00+00:00,20.16,20.22,19.99,20.1,475062.0
2024-11-01 14:10:00+00:00,20.07,20.25,20.05,20.23,151725.0
2024-11-01 14:15:00+00:00,20.235,20.4267,20.08,20.28,181943.0
2024-11-01 14:20:00+00:00,20.29,20.395,20.27,20.3472,143391.0
2024-11-01 14:25:00+00:00,20.355,20.445,20.11,20.21,183227.0
2024-11-01 14:30:00+00:00,20.22,20.43,20.0,20.22,303496.0
2024-11-01 14:35:00+00:00,20.2112,20.29,19.64,19.76,296917.0
2024-11-01 14:40:00+00:00,19.77,19.81,19.46,19.49,167980.0
2024-11-01 14:45:00+00:00,19.49,19.67,19.47,19.67,121579.0
2024-11-01 14:50:00+00:00,19.6821,19.885,19.6,19.87,127244.0
2024-11-01 14:55:00+00:00,19.87,20.09,19.85,20.06,143067.0
2024-11-01 15:00:00+00:00,20.06,20.1898,20.02,20.16,98537.0
2024-11-01 15:05:00+00:00,20.14,20.15,19.9,19.9163,112115.0
2024-11-01 15:10:00+00:00,19.906,20.03,19.85,19.965,91823.0
2024-11-01 15:15:00+00:00,19.9623,19.9742,19.85,19.88,44813.0
2024-11-01 15:20:00+00:00,19.87,20.21,19.85,20.16,131754.0
2024-11-01 15:25:00+00:00,20.15,20.155,19.91,20.0,87221.0
2024-11-01 15:30:00+00:00,19.99,20.0,19.9025,19.9025,26480.0
2024-11-01 15:35:00+00:00,19.9001,19.96,19.85,19.87,109766.0
2024-11-01 15:40:00+00:00,19.853,19.97,19.586,19.586,171024.0
2024-11-01 15:45:00+00:00,19.5983,19.66,19.45,19.48,93581.0
2024-11-01 15:50:00+00:00,19.4745,19.52,19.3,19.42,156419.0
2024-11-01 15:55:00+00:00,19.42,19.4732,19.36,19.4732,52866.0
2024-11-01 16:00:00+00:00,19.4599,19.48,19.42,19.44,35076.0
2024-11-01 16:05:00+00:00,19.44,19.52,19.43,19.51,45004.0
2024-11-01 16:10:00+00:00,19.52,19.53,19.365,19.365,49663.0
2024-11-01 16:15:00+00:00,19.36,19.41,19.33,19.4,33363.0
2024-11-01 16:20:00+00:00,19.4037,19.4037,19.3,19.32,46629.0
2024-11-01 16:25:00+00:00,19.31,19.35,19.3,19.3496,30866.0
2024-11-01 16:30:00+00:00,19.33,19.37,19.2807,19.36,38787.0
2024-11-01 16:35:00+00:00,19.3589,19.41,19.32,19.39,67442.0
2024-11-01 16:40:00+00:00,19.38,19.38,19.22,19.22,53345.0
2024-11-01 16:45:00+00:00,19.2276,19.26,19.12,19.21,93255.0
2024-11-01 16:50:00+00:00,19.21,19.2194,19.07,19.1,65646.0
2024-11-01 16:55:00+00:00,19.1,19.13,19.0,19.03,94666.0
2024-11-01 17:00:00+00:00,19.04,19.075,19.0,19.01,63782.0
2024-11-01 17:05:00+00:00,19.01,19.03,18.76,18.87,207246.0
2024-11-01 17:10:00+00:00,18.86,18.9,18.76,18.89,80367.0
2024-11-01 17:15:00+00:00,18.89,18.96,18.76,18.87,207503.0
2024-11-01 17:20:00+00:00,18.85,18.95,18.745,18.84,161761.0
2024-11-01 17:25:00+00:00,18.8271,18.86,18.71,18.75,101769.0
2024-11-01 17:30:00+00:00,18.73,18.89,18.72,18.8301,118573.0
2024-11-01 17:35:00+00:00,18.84,18.9464,18.78,18.79,69412.0
2024-11-01 17:40:00+00:00,18.78,18.8,18.74,18.7749,52615.0
2024-11-01 17:45:00+00:00,18.7673,18.7725,18.71,18.73,49446.0
2024-11-01 17:50:00+00:00,18.73,18.87,18.73,18.855,42645.0
2024-11-01 17:55:00+00:00,18.855,18.855,18.75,18.75,22521.0
2024-11-01 18:00:00+00:00,18.75,18.82,18.74,18.82,39808.0
2024-11-01 18:05:00+00:00,18.81,18.8398,18.76,18.82,59465.0
2024-11-01 18:10:00+00:00,18.82,18.88,18.78,18.86,55362.0
2024-11-01 18:15:00+00:00,18.87,18.93,18.8,18.86,47593.0
2024-11-01 18:20:00+00:00,18.87,18.95,18.77,18.81,94975.0
2024-11-01 18:25:00+00:00,18.81,18.84,18.77,18.79,58170.0
2024-11-01 18:30:00+00:00,18.78,18.81,18.75,18.7682,55822.0
2024-11-01 18:35:00+00:00,18.76,18.79,18.75,18.777,32335.0
2024-11-01 18:40:00+00:00,18.78,18.88,18.77,18.827,86777.0
2024-11-01 18:45:00+00:00,18.81,18.92,18.81,18.8922,27414.0
2024-11-01 18:50:00+00:00,18.91,18.96,18.9,18.95,33270.0
2024-11-01 18:55:00+00:00,18.95,18.96,18.91,18.9326,79871.0
2024-11-01 19:00:00+00:00,18.925,18.935,18.83,18.905,41026.0
2024-11-01 19:05:00+00:00,18.9,18.99,18.9,18.9548,73764.0
2024-11-01 19:10:00+00:00,18.9545,18.96,18.91,18.92,46423.0
2024-11-01 19:15:00+00:00,18.92,18.965,18.91,18.92,35783.0
2024-11-01 19:20:00+00:00,18.925,18.925,18.77,18.78,156981.0
2024-11-01 19:25:00+00:00,18.76,18.87,18.75,18.79,71760.0
2024-11-01 19:30:00+00:00,18.8,18.94,18.77,18.905,68518.0
2024-11-01 19:35:00+00:00,18.905,18.92,18.86,18.88,36671.0
2024-11-01 19:40:00+00:00,18.88,19.0,18.86,18.98,69755.0
2024-11-01 19:45:00+00:00,18.99,19.0,18.92,18.95,109162.0
2024-11-01 19:50:00+00:00,18.95,18.98,18.88,18.915,101856.0
2024-11-01 19:55:00+00:00,18.915,19.03,18.91,19.01,257109.0
2024-11-01 20:00:00+00:00,19.01,19.01,18.98,18.98,240673.0
2024-11-01 20:05:00+00:00,18.9302,18.99,18.93,18.99,1192.0
2024-11-01 20:10:00+00:00,18.95,18.95,18.92,18.9285,10590.0
2024-11-01 20:15:00+00:00,18.91,18.95,18.91,18.9482,4152.0
2024-11-01 20:20:00+00:00,18.95,18.95,18.95,18.95,1282.0
2024-11-01 20:25:00+00:00,18.95,18.95,18.95,18.95,245.0
2024-11-01 20:30:00+00:00,18.98,18.98,18.95,18.95,1434.0
2024-11-01 20:35:00+00:00,18.92,18.92,18.9,18.9,1872.0
2024-11-01 20:40:00+00:00,18.95,18.95,18.94,18.95,415.0
2024-11-01 20:45:00+00:00,18.91,18.91,18.9001,18.9001,712.0
2024-11-01 20:55:00+00:00,18.94,18.94,18.93,18.93,300.0
2024-11-01 21:00:00+00:00,18.94,18.97,18.9,18.9,3062.0
2024-11-01 21:05:00+00:00,18.93,18.95,18.93,18.95,1004.0
2024-11-01 21:10:00+00:00,18.9,18.9,18.9,18.9,644.0
2024-11-01 21:15:00+00:00,19.01,19.01,18.92,18.95,16253.0
2024-11-01 21:25:00+00:00,18.95,18.95,18.95,18.95,203.0
2024-11-01 21:30:00+00:00,18.99,18.99,18.99,18.99,272.0
2024-11-01 21:35:00+00:00,18.95,18.99,18.91,18.99,512.0
2024-11-01 21:50:00+00:00,18.91,18.91,18.91,18.91,165.0
2024-11-01 21:55:00+00:00,18.95,18.9788,18.9,18.9,2562.0
2024-11-01 22:10:00+00:00,18.9,18.9,18.9,18.9,300.0
2024-11-01 22:15:00+00:00,18.9094,18.91,18.88,18.88,1756.0
2024-11-01 22:20:00+00:00,18.88,18.88,18.87,18.87,795.0
2024-11-01 22:25:00+00:00,18.88,18.88,18.82,18.82,1875.0
2024-11-01 22:40:00+00:00,18.98,18.98,18.9,18.98,421.0
2024-11-01 22:50:00+00:00,18.9,18.9,18.8,18.8,1626.0
2024-11-01 22:55:00+00:00,18.79,18.79,18.79,18.79,434.0
2024-11-01 23:00:00+00:00,18.79,18.81,18.79,18.81,266.0
2024-11-01 23:05:00+00:00,18.76,18.76,18.75,18.75,828.0
2024-11-01 23:10:00+00:00,18.73,18.73,18.6,18.6,1494.0
2024-11-01 23:15:00+00:00,18.55,18.55,18.11,18.17,14672.0
2024-11-01 23:20:00+00:00,18.16,18.25,18.13,18.25,6465.0
2024-11-01 23:25:00+00:00,18.34,18.6239,18.34,18.6239,1029.0
2024-11-01 23:30:00+00:00,18.26,18.5,18.26,18.5,611.0
2024-11-01 23:35:00+00:00,18.5,18.5,18.5,18.5,220.0
2024-11-01 23:40:00+00:00,18.47,18.47,18.4207,18.44,718.0
2024-11-01 23:45:00+00:00,18.42,18.42,18.42,18.42,495.0
2024-11-01 23:50:00+00:00,18.42,18.42,18.42,18.42,2826.0
2024-11-01 23:55:00+00:00,18.41,18.42,18.41,18.42,1133.0
2024-11-04 09:00:00+00:00,18.3,18.32,17.65,18.0,20702.0
2024-11-04 09:05:00+00:00,17.96,17.98,17.8,17.88,14838.0
2024-11-04 09:10:00+00:00,17.87,17.91,17.76,17.9,15828.0
2024-11-04 09:15:00+00:00,17.92,17.92,17.75,17.78,12873.0
2024-11-04 09:20:00+00:00,17.8,17.9,17.75,17.86,9114.0
2024-11-04 09:25:00+00:00,17.88,17.9,17.88,17.89,3052.0
2024-11-04 09:30:00+00:00,17.89,17.9,17.84,17.86,6918.0
2024-11-04 09:35:00+00:00,17.83,17.83,17.74,17.8,6358.0
2024-11-04 09:40:00+00:00,17.8,17.82,17.8,17.82,1071.0
2024-11-04 09:45:00+00:00,17.81,17.82,17.81,17.81,2817.0
2024-11-04 09:50:00+00:00,17.88,17.89,17.82,17.88,2608.0
2024-11-04 09:55:00+00:00,17.83,17.85,17.83,17.85,785.0
2024-11-04 10:00:00+00:00,17.88,18.0,17.88,17.97,4027.0
2024-11-04 10:05:00+00:00,18.0,18.09,18.0,18.06,6598.0
2024-11-04 10:10:00+00:00,18.05,18.15,18.01,18.15,6201.0
2024-11-04 10:15:00+00:00,18.05,18.15,18.04,18.14,4408.0
2024-11-04 10:20:00+00:00,18.12,18.24,18.12,18.24,11002.0
2024-11-04 10:25:00+00:00,18.33,18.44,18.29,18.4,6618.0
2024-11-04 10:30:00+00:00,18.35,18.43,18.3,18.3,3275.0
2024-11-04 10:35:00+00:00,18.3,18.3,18.25,18.29,784.0
2024-11-04 10:40:00+00:00,18.25,18.28,18.25,18.28,481.0
2024-11-04 10:45:00+00:00,18.25,18.25,18.16,18.16,6225.0
2024-11-04 10:55:00+00:00,18.15,18.15,18.15,18.15,1083.0
2024-11-04 11:00:00+00:00,18.16,18.16,18.15,18.15,893.0
2024-11-04 11:05:00+00:00,18.17,18.2,18.15,18.17,8798.0
2024-11-04 11:10:00+00:00,18.2,18.22,18.18,18.22,4063.0
2024-11-04 11:15:00+00:00,18.24,18.24,18.15,18.15,4377.0
2024-11-04 11:20:00+00:00,18.16,18.16,18.15,18.15,726.0
2024-11-04 11:25:00+00:00,18.15,18.21,18.15,18.21,1175.0
2024-11-04 11:30:00+00:00,18.22,18.24,18.19,18.19,702.0
2024-11-04 11:35:00+00:00,18.17,18.17,18.15,18.17,3326.0
2024-11-04 11:40:00+00:00,18.17,18.2,18.17,18.2,3529.0
2024-11-04 11:45:00+00:00,18.18,18.18,18.16,18.17,1120.0
2024-11-04 11:50:00+00:00,18.22,18.22,18.16,18.17,1867.0
2024-11-04 11:55:00+00:00,18.17,18.17,18.17,18.17,912.0
2024-11-04 12:00:00+00:00,18.23,18.25,18.15,18.16,7444.0
2024-11-04 12:05:00+00:00,18.15,18.18,18.15,18.16,3928.0
2024-11-04 12:10:00+00:00,18.15,18.15,18.15,18.15,4043.0
2024-11-04 12:15:00+00:00,18.16,18.16,18.15,18.15,21720.0
2024-11-04 12:20:00+00:00,18.15,18.15,18.15,18.15,30514.0
2024-11-04 12:25:00+00:00,18.15,18.2,18.15,18.15,22568.0
2024-11-04 12:30:00+00:00,18.15,18.16,18.05,18.05,51599.0
2024-11-04 12:35:00+00:00,18.05,18.07,18.05,18.05,11122.0
2024-11-04 12:40:00+00:00,18.05,18.06,18.05,18.06,58465.0
2024-11-04 12:45:00+00:00,18.05,18.17,17.95,17.95,64718.0
2024-11-04 12:50:00+00:00,17.95,18.17,17.95,18.11,14572.0
2024-11-04 12:55:00+00:00,18.11,18.3,18.06,18.3,14066.0
2024-11-04 13:00:00+00:00,18.18,18.43,17.8064,18.35,80319.0
2024-11-04 13:05:00+00:00,18.42,18.6,18.38,18.45,27201.0
2024-11-04 13:10:00+00:00,18.44,18.5,18.21,18.29,46142.0
2024-11-04 13:15:00+00:00,18.34,18.34,18.2,18.23,27259.0
2024-11-04 13:20:00+00:00,18.2,18.25,18.2,18.22,3586.0
2024-11-04 13:25:00+00:00,18.24,18.38,18.2281,18.25,4176.0
2024-11-04 13:30:00+00:00,18.25,18.3397,18.216,18.26,6441.0
2024-11-04 13:35:00+00:00,18.21,18.3,18.14,18.26,20300.0
2024-11-04 13:40:00+00:00,18.29,18.29,18.13,18.15,7655.0
2024-11-04 13:45:00+00:00,18.19,18.22,18.15,18.22,4578.0
2024-11-04 13:50:00+00:00,18.25,18.37,18.2,18.36,19912.0
2024-11-04 13:55:00+00:00,18.32,18.37,18.25,18.25,13213.0
2024-11-04 14:00:00+00:00,18.25,18.3,18.25,18.28,10249.0
2024-11-04 14:05:00+00:00,18.33,18.3489,18.2901,18.31,11765.0
2024-11-04 14:10:00+00:00,18.3101,18.47,18.31,18.47,16547.0
2024-11-04 14:15:00+00:00,18.44,18.5,18.42,18.5,5712.0
2024-11-04 14:20:00+00:00,18.5,18.5,18.42,18.42,10462.0
2024-11-04 14:25:00+00:00,18.42,18.5,18.2,18.26,29413.0
2024-11-04 14:30:00+00:00,18.26,18.45,17.78,18.04,706775.0
2024-11-04 14:35:00+00:00,18.01,18.38,17.8,18.075,470337.0
2024-11-04 14:40:00+00:00,18.075,18.1,17.71,18.015,297831.0
2024-11-04 14:45:00+00:00,18.0338,18.09,17.4607,17.61,472274.0
2024-11-04 14:50:00+00:00,17.65,17.81,17.54,17.615,224332.0
2024-11-04 14:55:00+00:00,17.6299,17.75,17.535,17.62,180315.0
2024-11-04 15:00:00+00:00,17.625,17.9776,17.62,17.7501,192089.0
2024-11-04 15:05:00+00:00,17.75,18.0,17.71,17.76,132620.0
2024-11-04 15:10:00+00:00,17.74,17.87,17.68,17.71,108288.0
2024-11-04 15:15:00+00:00,17.72,17.806,17.6207,17.75,98052.0
2024-11-04 15:20:00+00:00,17.735,17.83,17.7,17.8294,89022.0
2024-11-04 15:25:00+00:00,17.83,18.0,17.81,17.82,141188.0
2024-11-04 15:30:00+00:00,17.83,18.215,17.76,18.21,117734.0
2024-11-04 15:35:00+00:00,18.19,18.37,18.17,18.19,145654.0
2024-11-04 15:40:00+00:00,18.2,18.49,18.13,18.4,180916.0
2024-11-04 15:45:00+00:00,18.42,18.57,18.31,18.45,166620.0
2024-11-04 15:50:00+00:00,18.47,18.47,18.19,18.205,79846.0
2024-11-04 15:55:00+00:00,18.21,18.25,18.06,18.23,85293.0
2024-11-04 16:00:00+00:00,18.2325,18.2895,18.16,18.18,48449.0
2024-11-04 16:05:00+00:00,18.17,18.36,18.14,18.36,53001.0
2024-11-04 16:10:00+00:00,18.345,18.42,18.29,18.37,66703.0
2024-11-04 16:15:00+00:00,18.3602,18.37,18.24,18.29,47601.0
2024-11-04 16:20:00+00:00,18.275,18.2898,18.161,18.245,47307.0
2024-11-04 16:25:00+00:00,18.235,18.24,18.14,18.19,45635.0
2024-11-04 16:30:00+00:00,18.17,18.3358,18.15,18.305,50844.0
2024-11-04 16:35:00+00:00,18.3,18.34,18.25,18.3,49408.0
2024-11-04 16:40:00+00:00,18.3,18.38,18.245,18.37,42344.0
2024-11-04 16:45:00+00:00,18.3674,18.3674,18.2401,18.265,48024.0
2024-11-04 16:50:00+00:00,18.25,18.2896,18.14,18.27,103364.0
2024-11-04 16:55:00+00:00,18.26,18.32,18.25,18.3075,44924.0
2024-11-04 17:00:00+00:00,18.3,18.3,18.19,18.2102,62042.0
2024-11-04 17:05:00+00:00,18.22,18.22,18.055,18.071,57033.0
2024-11-04 17:10:00+00:00,18.07,18.22,18.055,18.2,38209.0
2024-11-04 17:15:00+00:00,18.21,18.34,18.2,18.33,28186.0
2024-11-04 17:20:00+00:00,18.325,18.545,18.325,18.53,79298.0
2024-11-04 17:25:00+00:00,18.535,18.535,18.47,18.53,46020.0
2024-11-04 17:30:00+00:00,18.54,18.655,18.54,18.655,51201.0
2024-11-04 17:35:00+00:00,18.666,18.76,18.66,18.755,56172.0
2024-11-04 17:40:00+00:00,18.75,18.79,18.7,18.74,30843.0
2024-11-04 17:45:00+00:00,18.73,18.7429,18.63,18.7188,110465.0
2024-11-04 17:50:00+00:00,18.72,18.72,18.55,18.55,54319.0
2024-11-04 17:55:00+00:00,18.55,18.58,18.4201,18.46,84687.0
2024-11-04 18:00:00+00:00,18.4439,18.49,18.3919,18.44,32631.0
2024-11-04 18:05:00+00:00,18.45,18.56,18.435,18.56,25654.0
2024-11-04 18:10:00+00:00,18.555,18.6,18.48,18.485,56815.0
2024-11-04 18:15:00+00:00,18.5,18.6352,18.485,18.6306,39222.0
2024-11-04 18:20:00+00:00,18.64,18.67,18.5,18.52,48867.0
2024-11-04 18:25:00+00:00,18.51,18.55,18.38,18.38,32569.0
2024-11-04 18:30:00+00:00,18.38,18.51,18.38,18.4705,46080.0
2024-11-04 18:35:00+00:00,18.48,18.58,18.46,18.57,24296.0
2024-11-04 18:40:00+00:00,18.57,18.6,18.51,18.526,28335.0
2024-11-04 18:45:00+00:00,18.53,18.6,18.53,18.5917,42203.0
2024-11-04 18:50:00+00:00,18.59,18.65,18.57,18.59,29817.0
2024-11-04 18:55:00+00:00,18.59,18.59,18.48,18.565,36048.0
2024-11-04 19:00:00+00:00,18.57,18.59,18.52,18.53,34064.0
2024-11-04 19:05:00+00:00,18.53,18.54,18.475,18.53,30253.0
2024-11-04 19:10:00+00:00,18.51,18.57,18.49,18.555,18843.0
2024-11-04 19:15:00+00:00,18.555,18.57,18.485,18.485,32742.0
2024-11-04 19:20:00+00:00,18.485,18.53,18.46,18.49,29381.0
2024-11-04 19:25:00+00:00,18.485,18.55,18.485,18.53,31434.0
2024-11-04 19:30:00+00:00,18.52,18.6,18.51,18.57,42998.0
2024-11-04 19:35:00+00:00,18.5699,18.57,18.5035,18.53,27767.0
2024-11-04 19:40:00+00:00,18.53,18.54,18.46,18.49,22508.0
2024-11-04 19:45:00+00:00,18.49,18.5,18.46,18.48,23458.0
2024-11-04 19:50:00+00:00,18.49,18.51,18.395,18.47,51060.0
2024-11-04 19:55:00+00:00,18.47,18.54,18.45,18.52,46482.0
2024-11-04 20:00:00+00:00,18.53,18.6,18.5258,18.535,52762.0
2024-11-04 20:05:00+00:00,18.54,18.59,18.49,18.54,66355.0
2024-11-04 20:10:00+00:00,18.535,18.54,18.48,18.52,37315.0
2024-11-04 20:15:00+00:00,18.52,18.57,18.5,18.53,41471.0
2024-11-04 20:20:00+00:00,18.52,18.56,18.51,18.5532,21820.0
2024-11-04 20:25:00+00:00,18.56,18.6,18.52,18.54,41268.0
2024-11-04 20:30:00+00:00,18.55,18.606,18.45,18.47,141562.0
2024-11-04 20:35:00+00:00,18.47,18.475,18.37,18.37,64400.0
2024-11-04 20:40:00+00:00,18.37,18.52,18.355,18.5,112308.0
2024-11-04 20:45:00+00:00,18.51,18.535,18.45,18.465,90349.0
2024-11-04 20:50:00+00:00,18.465,18.5,18.43,18.485,103407.0
2024-11-04 20:55:00+00:00,18.48,18.5,18.42,18.47,237449.0
2024-11-04 21:00:00+00:00,18.47,18.5189,18.47,18.48,223416.0
2024-11-04 21:05:00+00:00,18.48,18.48,18.41,18.41,1423.0
2024-11-04 21:10:00+00:00,18.41,18.41,18.38,18.39,4477.0
2024-11-04 21:15:00+00:00,18.37,18.37,18.3299,18.3299,2568.0
2024-11-04 21:20:00+00:00,18.33,18.33,18.32,18.33,1479.0
2024-11-04 21:25:00+00:00,18.33,18.33,18.27,18.27,1212.0
2024-11-04 21:30:00+00:00,18.28,18.31,18.28,18.3,1655.0
2024-11-04 21:35:00+00:00,18.47,18.47,18.25,18.25,12398.0
2024-11-04 21:40:00+00:00,18.22,18.24,18.2,18.2381,4256.0
2024-11-04 21:45:00+00:00,18.24,18.24,18.21,18.2399,1127.0
2024-11-04 21:50:00+00:00,18.21,18.22,18.2,18.2,949.0
2024-11-04 21:55:00+00:00,18.1388,18.17,18.12,18.17,3433.0
2024-11-04 22:00:00+00:00,18.18,18.22,18.18,18.19,1005.0
2024-11-04 22:05:00+00:00,18.17,18.17,18.12,18.15,1323.0
2024-11-04 22:10:00+00:00,18.05,18.1,18.05,18.1,431.0
2024-11-04 22:15:00+00:00,18.1,18.17,18.1,18.17,1210.0
2024-11-04 22:20:00+00:00,18.16,18.16,18.14,18.1499,1711.0
2024-11-04 22:25:00+00:00,18.05,18.1,18.05,18.0996,1380.0
2024-11-04 22:30:00+00:00,18.05,18.1,18.05,18.1,1552.0
2024-11-04 22:35:00+00:00,18.1,18.1,18.0999,18.0999,455.0
2024-11-04 22:40:00+00:00,18.1,18.15,18.06,18.15,5664.0
2024-11-04 22:45:00+00:00,18.15,18.15,18.15,18.15,144.0
2024-11-04 22:50:00+00:00,18.1,18.1,18.1,18.1,302.0
2024-11-04 23:00:00+00:00,18.07,18.1,18.07,18.0999,512.0
2024-11-04 23:05:00+00:00,18.15,18.24,18.11,18.24,412.0
2024-11-04 23:10:00+00:00,18.2001,18.28,18.2,18.28,1096.0
2024-11-04 23:15:00+00:00,18.33,18.33,18.33,18.33,184.0
2024-11-04 23:20:00+00:00,18.33,18.33,18.33,18.33,210.0
2024-11-04 23:35:00+00:00,18.33,18.33,18.33,18.33,415.0
2024-11-05 00:05:00+00:00,18.35,18.35,18.24,18.24,700.0
2024-11-05 00:15:00+00:00,18.25,18.25,18.24,18.2401,1117.0
2024-11-05 00:35:00+00:00,18.35,18.35,18.3499,18.3499,202.0
2024-11-05 00:55:00+00:00,18.37,18.44,18.3699,18.44,1877.0
2024-11-05 09:00:00+00:00,18.48,18.5,18.46,18.5,2161.0
2024-11-05 09:05:00+00:00,18.45,18.45,18.44,18.44,3698.0
2024-11-05 09:10:00+00:00,18.45,18.6,18.45,18.6,1222.0
2024-11-05 09:15:00+00:00,18.52,18.64,18.51,18.64,4216.0
2024-11-05 09:20:00+00:00,18.65,18.7,18.65,18.7,3143.0
2024-11-05 09:25:00+00:00,18.7,18.86,18.65,18.65,3690.0
2024-11-05 09:30:00+00:00,18.85,18.85,18.72,18.83,1495.0
2024-11-05 09:35:00+00:00,18.8,18.8,18.73,18.74,3149.0
2024-11-05 09:40:00+00:00,18.85,18.86,18.85,18.86,1771.0
2024-11-05 09:45:00+00:00,18.86,18.87,18.86,18.87,5607.0
2024-11-05 09:50:00+00:00,18.87,18.87,18.87,18.87,217.0
2024-11-05 09:55:00+00:00,18.93,18.98,18.9,18.92,3801.0
2024-11-05 10:00:00+00:00,18.96,18.96,18.89,18.9,6274.0
2024-11-05 10:05:00+00:00,18.92,18.92,18.89,18.89,9286.0
2024-11-05 10:10:00+00:00,18.88,18.88,18.85,18.85,1506.0
2024-11-05 10:15:00+00:00,18.78,18.87,18.76,18.86,1073.0
2024-11-05 10:20:00+00:00,18.86,18.87,18.86,18.87,588.0
2024-11-05 10:25:00+00:00,18.86,18.86,18.86,18.86,564.0
2024-11-05 10:30:00+00:00,18.86,18.86,18.79,18.79,1292.0
2024-11-05 10:35:00+00:00,18.79,18.79,18.76,18.76,1936.0
2024-11-05 10:40:00+00:00,18.78,18.95,18.78,18.95,5972.0
2024-11-05 10:45:00+00:00,18.8,18.81,18.8,18.81,371.0
2024-11-05 10:55:00+00:00,18.85,18.86,18.85,18.86,685.0
2024-11-05 11:10:00+00:00,18.86,18.89,18.83,18.87,2403.0
2024-11-05 11:15:00+00:00,18.88,18.91,18.88,18.91,1462.0
2024-11-05 11:20:00+00:00,18.92,18.96,18.9,18.95,2884.0
2024-11-05 11:25:00+00:00,18.91,18.92,18.91,18.92,283.0
2024-11-05 11:30:00+00:00,18.91,18.96,18.9,18.9,4086.0
2024-11-05 11:35:00+00:00,18.9,18.92,18.9,18.92,609.0
2024-11-05 11:45:00+00:00,18.92,18.92,18.92,18.92,357.0
2024-11-05 11:50:00+00:00,18.91,18.94,18.91,18.94,682.0
2024-11-05 12:00:00+00:00,18.9,18.91,18.8,18.8,7695.0
2024-11-05 12:05:00+00:00,18.84,18.85,18.84,18.85,448.0
2024-11-05 12:10:00+00:00,18.82,18.82,18.8,18.8,3613.0
2024-11-05 12:15:00+00:00,18.9,18.94,18.9,18.94,1154.0
2024-11-05 12:20:00+00:00,18.93,18.93,18.85,18.85,364.0
2024-11-05 12:25:00+00:00,18.93,18.93,18.85,18.85,1269.0
2024-11-05 12:30:00+00:00,18.9,18.9,18.85,18.85,1032.0
2024-11-05 12:35:00+00:00,18.85,18.85,18.76,18.76,9231.0
2024-11-05 12:40:00+00:00,18.81,18.81,18.75,18.76,1041.0
2024-11-05 12:45:00+00:00,18.75,18.75,18.73,18.73,939.0
2024-11-05 12:50:00+00:00,18.74,18.74,18.69,18.7,3193.0
2024-11-05 12:55:00+00:00,18.7,18.7,18.7,18.7,336.0
2024-11-05 13:00:00+00:00,18.95,18.9732,18.4004,18.75,22149.0
2024-11-05 13:05:00+00:00,18.7,18.74,18.7,18.74,916.0
2024-11-05 13:10:00+00:00,18.73,18.73,18.72,18.72,682.0
2024-11-05 13:15:00+00:00,18.7,18.7,18.66,18.7,1888.0
2024-11-05 13:20:00+00:00,18.73,18.73,18.7,18.7,3515.0
2024-11-05 13:25:00+00:00,18.67,18.7,18.66,18.7,3093.0
2024-11-05 13:30:00+00:00,18.69,18.69,18.69,18.69,644.0
2024-11-05 13:35:00+00:00,18.67,18.7,18.65,18.65,6371.0
2024-11-05 13:40:00+00:00,18.65,18.65,18.6,18.6,3550.0
2024-11-05 13:45:00+00:00,18.6299,18.6299,18.59,18.59,1574.0
2024-11-05 13:50:00+00:00,18.54,18.6,18.54,18.6,3441.0
2024-11-05 13:55:00+00:00,18.57,18.6,18.57,18.59,2055.0
2024-11-05 14:00:00+00:00,18.6,18.69,18.6,18.68,5684.0
2024-11-05 14:05:00+00:00,18.68,18.68,18.63,18.66,1932.0
2024-11-05 14:10:00+00:00,18.68,18.68,18.66,18.66,2601.0
2024-11-05 14:15:00+00:00,18.65,18.6932,18.6,18.6,5195.0
2024-11-05 14:20:00+00:00,18.56,18.64,18.53,18.64,2806.0
2024-11-05 14:25:00+00:00,18.59,18.66,18.54,18.66,1988.0
2024-11-05 14:30:00+00:00,18.67,19.03,18.53,18.85,286414.0
2024-11-05 14:35:00+00:00,18.85,18.925,18.66,18.725,102750.0
2024-11-05 14:40:00+00:00,18.72,18.74,18.6,18.7,61395.0
2024-11-05 14:45:00+00:00,18.7,18.7,18.495,18.53,119261.0
2024-11-05 14:50:00+00:00,18.55,18.75,18.5169,18.6564,95696.0
2024-11-05 14:55:00+00:00,18.64,18.85,18.625,18.69,127858.0
2024-11-05 15:00:00+00:00,18.72,18.74,18.3069,18.36,163931.0
2024-11-05 15:05:00+00:00,18.3733,18.52,18.24,18.505,196562.0
2024-11-05 15:10:00+00:00,18.52,18.52,18.25,18.48,103195.0
2024-11-05 15:15:00+00:00,18.46,18.5999,18.4,18.43,78199.0
2024-11-05 15:20:00+00:00,18.42,18.4918,18.34,18.485,36764.0
2024-11-05 15:25:00+00:00,18.485,18.485,18.25,18.25,83255.0
2024-11-05 15:30:00+00:00,18.28,18.4053,18.25,18.304,38705.0
2024-11-05 15:35:00+00:00,18.29,18.37,18.27,18.32,47079.0
2024-11-05 15:40:00+00:00,18.32,18.5,18.25,18.5,36391.0
2024-11-05 15:45:00+00:00,18.505,18.52,18.42,18.52,94426.0
2024-11-05 15:50:00+00:00,18.52,18.52,18.3,18.32,51483.0
2024-11-05 15:55:00+00:00,18.31,18.37,18.22,18.31,61847.0
2024-11-05 16:00:00+00:00,18.3176,18.5948,18.27,18.59,95841.0
2024-11-05 16:05:00+00:00,18.59,18.5999,18.39,18.39,27470.0
2024-11-05 16:10:00+00:00,18.395,18.4138,18.3,18.315,49088.0
2024-11-05 16:15:00+00:00,18.32,18.38,18.295,18.35,56459.0
2024-11-05 16:20:00+00:00,18.33,18.37,18.3,18.3557,33860.0
2024-11-05 16:25:00+00:00,18.36,18.36,18.26,18.285,41672.0
2024-11-05 16:30:00+00:00,18.29,18.29,18.16,18.1738,102200.0
2024-11-05 16:35:00+00:00,18.1899,18.19,18.03,18.105,139411.0
2024-11-05 16:40:00+00:00,18.11,18.14,18.02,18.0501,54375.0
2024-11-05 16:45:00+00:00,18.0607,18.15,18.06,18.11,49986.0
2024-11-05 16:50:00+00:00,18.12,18.35,18.11,18.28,51000.0
2024-11-05 16:55:00+00:00,18.2791,18.47,18.27,18.47,54701.0
2024-11-05 17:00:00+00:00,18.455,18.47,18.36,18.4104,51878.0
2024-11-05 17:05:00+00:00,18.43,18.43,18.31,18.37,53362.0
2024-11-05 17:10:00+00:00,18.37,18.4,18.29,18.29,37665.0
2024-11-05 17:15:00+00:00,18.297,18.43,18.2723,18.415,56022.0
2024-11-05 17:20:00+00:00,18.43,18.51,18.38,18.5095,54925.0
2024-11-05 17:25:00+00:00,18.5093,18.5472,18.46,18.5305,46775.0
2024-11-05 17:30:00+00:00,18.53,18.648,18.51,18.629,81507.0
2024-11-05 17:35:00+00:00,18.6208,18.64,18.4801,18.495,52658.0
2024-11-05 17:40:00+00:00,18.5,18.52,18.43,18.44,53382.0
2024-11-05 17:45:00+00:00,18.43,18.6,18.43,18.6,26330.0
2024-11-05 17:50:00+00:00,18.5899,18.5899,18.47,18.47,46442.0
2024-11-05 17:55:00+00:00,18.475,18.5,18.46,18.47,23583.0
2024-11-05 18:00:00+00:00,18.47,18.54,18.43,18.49,32787.0
2024-11-05 18:05:00+00:00,18.5,18.5799,18.48,18.56,24658.0
2024-11-05 18:10:00+00:00,18.57,18.5999,18.43,18.43,42201.0
2024-11-05 18:15:00+00:00,18.44,18.52,18.43,18.48,19694.0
2024-11-05 18:20:00+00:00,18.47,18.5,18.4109,18.43,19573.0
2024-11-05 18:25:00+00:00,18.44,18.45,18.4,18.43,14034.0
2024-11-05 18:30:00+00:00,18.44,18.47,18.4299,18.45,17324.0
2024-11-05 18:35:00+00:00,18.44,18.44,18.35,18.42,44760.0
2024-11-05 18:40:00+00:00,18.425,18.5,18.38,18.49,23076.0
2024-11-05 18:45:00+00:00,18.49,18.53,18.47,18.53,20443.0
2024-11-05 18:50:00+00:00,18.53,18.56,18.5,18.545,29952.0
2024-11-05 18:55:00+00:00,18.555,18.6,18.53,18.6,15343.0
2024-11-05 19:00:00+00:00,18.595,18.62,18.54,18.59,34234.0
2024-11-05 19:05:00+00:00,18.5872,18.61,18.56,18.59,27902.0
2024-11-05 19:10:00+00:00,18.585,18.69,18.58,18.68,40217.0
2024-11-05 19:15:00+00:00,18.6701,18.69,18.57,18.69,73869.0
2024-11-05 19:20:00+00:00,18.69,18.69,18.63,18.68,26152.0
2024-11-05 19:25:00+00:00,18.67,18.72,18.665,18.7188,37700.0
2024-11-05 19:30:00+00:00,18.715,18.8,18.7,18.7491,34124.0
2024-11-05 19:35:00+00:00,18.75,18.8,18.67,18.7283,58454.0
2024-11-05 19:40:00+00:00,18.72,18.73,18.68,18.69,19563.0
2024-11-05 19:45:00+00:00,18.71,18.71,18.66,18.685,17848.0
2024-11-05 19:50:00+00:00,18.689,18.69,18.6,18.61,41804.0
2024-11-05 19:55:00+00:00,18.6,18.609,18.52,18.5398,31257.0
2024-11-05 20:00:00+00:00,18.53,18.55,18.48,18.505,41293.0
2024-11-05 20:05:00+00:00,18.51,18.58,18.51,18.57,36555.0
2024-11-05 20:10:00+00:00,18.5784,18.6475,18.51,18.6475,45165.0
2024-11-05 20:15:00+00:00,18.65,18.65,18.61,18.64,19356.0
2024-11-05 20:20:00+00:00,18.64,18.705,18.625,18.7,54090.0
2024-11-05 20:25:00+00:00,18.6901,18.71,18.6548,18.7055,35820.0
2024-11-05 20:30:00+00:00,18.71,18.8,18.71,18.8,43042.0
2024-11-05 20:35:00+00:00,18.79,18.96,18.79,18.901,78918.0
2024-11-05 20:40:00+00:00,18.9,18.925,18.87,18.885,59403.0
2024-11-05 20:45:00+00:00,18.885,18.95,18.84,18.87,80708.0
2024-11-05 20:50:00+00:00,18.87,18.895,18.84,18.87,86694.0
2024-11-05 20:55:00+00:00,18.875,18.8777,18.81,18.84,244320.0
2024-11-05 21:00:00+00:00,18.82,18.83,18.82,18.8299,131553.0
2024-11-05 21:05:00+00:00,18.81,18.82,18.8,18.8,1436.0
2024-11-05 21:10:00+00:00,18.82,18.82,18.8008,18.82,1212.0
2024-11-05 21:20:00+00:00,18.82,18.82,18.82,18.82,606.0
2024-11-05 21:25:00+00:00,18.83,18.83,18.78,18.7801,2691.0
2024-11-05 21:30:00+00:00,18.69,18.7,18.67,18.7,1813.0
2024-11-05 21:35:00+00:00,18.74,18.76,18.74,18.76,2448.0
2024-11-05 21:40:00+00:00,18.76,18.76,18.65,18.65,3551.0
2024-11-05 21:45:00+00:00,18.76,18.76,18.76,18.76,279.0
2024-11-05 21:50:00+00:00,18.76,18.76,18.7599,18.76,1086.0
2024-11-05 21:55:00+00:00,18.76,18.82,18.72,18.76,8592.0
2024-11-05 22:00:00+00:00,18.77,18.77,18.76,18.76,538.0
2024-11-05 22:05:00+00:00,18.73,18.73,18.71,18.71,543.0
2024-11-05 22:10:00+00:00,18.73,18.73,18.73,18.73,338.0
2024-11-05 22:20:00+00:00,18.7,18.7,18.7,18.7,102.0
2024-11-05 22:25:00+00:00,18.71,18.7297,18.71,18.72,1448.0
2024-11-05 22:30:00+00:00,18.69,18.69,18.69,18.69,375.0
2024-11-05 22:35:00+00:00,18.69,18.69,18.69,18.69,181.0
2024-11-05 22:50:00+00:00,18.73,18.73,18.73,18.73,200.0
2024-11-05 23:10:00+00:00,18.73,18.73,18.73,18.73,102.0
2024-11-05 23:15:00+00:00,18.73,18.73,18.73,18.73,538.0
2024-11-05 23:20:00+00:00,18.73,18.73,18.68,18.68,525.0
2024-11-05 23:25:00+00:00,18.73,18.73,18.66,18.66,1678.0
2024-11-05 23:50:00+00:00,18.739,18.739,18.739,18.739,100.0
2024-11-06 00:25:00+00:00,18.74,18.74,18.74,18.74,100.0
2024-11-06 00:30:00+00:00,18.74,18.76,18.74,18.76,639.0
2024-11-06 00:35:00+00:00,18.73,18.8,18.73,18.7999,815.0
2024-11-06 00:40:00+00:00,18.85,18.85,18.85,18.85,278.0
2024-11-06 00:45:00+00:00,18.83,18.83,18.8201,18.8201,1112.0
2024-11-06 00:50:00+00:00,18.7786,18.7786,18.7786,18.7786,301.0
2024-11-06 00:55:00+00:00,18.85,18.85,18.85,18.85,151.0
2024-11-06 09:00:00+00:00,20.6,20.6,19.78,20.29,62532.0
2024-11-06 09:05:00+00:00,20.3,20.38,20.2,20.29,23316.0
2024-11-06 09:10:00+00:00,20.3,20.35,20.29,20.34,12629.0
2024-11-06 09:15:00+00:00,20.35,20.35,20.24,20.33,12185.0
2024-11-06 09:20:00+00:00,20.33,20.39,20.27,20.36,28280.0
2024-11-06 09:25:00+00:00,20.35,20.39,20.35,20.38,2693.0
2024-11-06 09:30:00+00:00,20.3,20.38,20.25,20.25,14026.0
2024-11-06 09:35:00+00:00,20.25,20.25,20.15,20.22,26398.0
2024-11-06 09:40:00+00:00,20.23,20.31,20.23,20.23,3487.0
2024-11-06 09:45:00+00:00,20.23,20.25,20.21,20.21,7337.0
2024-11-06 09:50:00+00:00,20.25,20.28,20.2,20.2,5196.0
2024-11-06 09:55:00+00:00,20.19,20.19,20.1,20.1,1641.0
2024-11-06 10:00:00+00:00,20.1,20.1,19.95,20.0,12757.0
2024-11-06 10:05:00+00:00,20.0,20.0,19.82,19.82,6789.0
2024-11-06 10:10:00+00:00,19.82,19.86,19.73,19.73,8927.0
2024-11-06 10:15:00+00:00,19.77,19.77,19.65,19.65,3099.0
2024-11-06 10:20:00+00:00,19.76,19.84,19.6,19.6,19153.0
2024-11-06 10:25:00+00:00,19.55,19.55,18.98,19.28,21099.0
2024-11-06 10:30:00+00:00,19.25,19.48,19.2,19.48,4785.0
2024-11-06 10:35:00+00:00,19.49,19.6,19.36,19.6,10134.0
2024-11-06 10:40:00+00:00,19.55,19.66,19.52,19.66,7785.0
2024-11-06 10:45:00+00:00,19.63,19.87,19.6,19.87,11015.0
2024-11-06 10:50:00+00:00,19.88,19.9,19.7,19.75,14531.0
2024-11-06 10:55:00+00:00,19.8,19.85,19.75,19.82,2621.0
2024-11-06 11:00:00+00:00,19.75,19.86,19.73,19.8,3946.0
2024-11-06 11:05:00+00:00,19.85,19.85,19.7,19.71,5544.0
2024-11-06 11:10:00+00:00,19.8,19.83,19.8,19.83,2855.0
2024-11-06 11:15:00+00:00,19.83,19.83,19.75,19.78,2501.0
2024-11-06 11:20:00+00:00,19.8,19.95,19.8,19.94,3066.0
2024-11-06 11:25:00+00:00,19.94,20.09,19.8,19.95,12700.0
2024-11-06 11:30:00+00:00,19.94,19.95,19.82,19.95,813.0
2024-11-06 11:35:00+00:00,19.92,20.0,19.92,19.98,3000.0
2024-11-06 11:40:00+00:00,19.93,19.98,19.92,19.97,5528.0
2024-11-06 11:45:00+00:00,19.97,20.04,19.97,20.03,7199.0
2024-11-06 11:50:00+00:00,20.08,20.1,20.0,20.07,8253.0
2024-11-06 12:00:00+00:00,20.09,20.1,19.88,19.93,16354.0
2024-11-06 12:05:00+00:00,19.87,19.97,19.86,19.88,3104.0
2024-11-06 12:10:00+00:00,19.9,19.91,19.79,19.79,9993.0
2024-11-06 12:15:00+00:00,19.82,19.82,19.73,19.74,4677.0
2024-11-06 12:20:00+00:00,19.78,19.8,19.77,19.77,1998.0
2024-11-06 12:25:00+00:00,19.74,19.74,19.71,19.73,5127.0
2024-11-06 12:30:00+00:00,19.72,19.73,19.65,19.73,14008.0
2024-11-06 12:35:00+00:00,19.75,19.8,19.75,19.77,3989.0
2024-11-06 12:45:00+00:00,19.8,19.8,19.79,19.8,2170.0
2024-11-06 12:50:00+00:00,19.8,19.8,19.78,19.79,10623.0
2024-11-06 12:55:00+00:00,19.8,19.88,19.8,19.88,4324.0
2024-11-06 13:00:00+00:00,19.89,20.77,19.05,19.8956,94676.0
2024-11-06 13:05:00+00:00,19.82,19.9,19.76,19.78,17844.0
2024-11-06 13:10:00+00:00,19.76,19.83,19.7548,19.79,4975.0
2024-11-06 13:15:00+00:00,19.75,19.79,19.75,19.77,5114.0
2024-11-06 13:20:00+00:00,19.77,19.79,19.76,19.79,7650.0
2024-11-06 13:25:00+00:00,19.76,19.77,19.73,19.73,8701.0
2024-11-06 13:30:00+00:00,19.75,19.79,19.74,19.78,17904.0
2024-11-06 13:35:00+00:00,19.7899,19.79,19.74,19.79,3884.0
2024-11-06 13:40:00+00:00,19.79,19.79,19.65,19.72,12059.0
2024-11-06 13:45:00+00:00,19.7,19.77,19.66,19.66,15565.0
2024-11-06 13:50:00+00:00,19.67,19.79,19.66,19.79,17125.0
2024-11-06 13:55:00+00:00,19.79,19.79,19.66,19.67,18356.0
2024-11-06 14:00:00+00:00,19.69,19.8,19.69,19.8,5367.0
2024-11-06 14:05:00+00:00,19.82,19.83,19.78,19.81,2185.0
2024-11-06 14:10:00+00:00,19.82,19.92,19.78,19.92,22653.0
2024-11-06 14:15:00+00:00,19.93,19.98,19.91,19.96,16654.0
2024-11-06 14:20:00+00:00,19.96,20.0,19.94,20.0,38989.0
2024-11-06 14:25:00+00:00,19.9648,20.07,19.9648,20.0,28109.0
2024-11-06 14:30:00+00:00,19.98,20.045,19.93,19.96,91721.0
2024-11-06 14:35:00+00:00,19.93,19.95,19.68,19.796,79931.0
2024-11-06 14:40:00+00:00,19.84,19.84,19.35,19.61,506835.0
2024-11-06 14:45:00+00:00,19.595,19.63,19.16,19.55,249784.0
2024-11-06 14:50:00+00:00,19.59,19.69,19.13,19.14,112708.0
2024-11-06 14:55:00+00:00,19.17,19.28,18.9,19.09,224242.0
2024-11-06 15:00:00+00:00,19.13,19.49,19.12,19.47,140728.0
2024-11-06 15:05:00+00:00,19.47,19.62,19.381,19.59,150427.0
2024-11-06 15:10:00+00:00,19.59,19.88,19.47,19.79,264062.0
2024-11-06 15:15:00+00:00,19.775,19.98,19.76,19.91,276839.0
2024-11-06 15:20:00+00:00,19.9061,20.04,19.88,20.005,256629.0
2024-11-06 15:25:00+00:00,19.985,19.985,19.79,19.85,99601.0
2024-11-06 15:30:00+00:00,19.83,19.94,19.71,19.845,95173.0
2024-11-06 15:35:00+00:00,19.83,19.92,19.765,19.79,89870.0
2024-11-06 15:40:00+00:00,19.79,20.04,19.74,19.93,143936.0
2024-11-06 15:45:00+00:00,19.935,19.99,19.801,19.81,108687.0
2024-11-06 15:50:00+00:00,19.8,19.96,19.7501,19.96,110514.0
2024-11-06 15:55:00+00:00,19.967,20.1,19.915,20.0901,162906.0
2024-11-06 16:00:00+00:00,20.095,20.19,19.96,20.19,113733.0
2024-11-06 16:05:00+00:00,20.18,20.31,20.12,20.28,264290.0
2024-11-06 16:10:00+00:00,20.282,20.39,20.18,20.27,121721.0
2024-11-06 16:15:00+00:00,20.27,20.27,19.925,19.95,152125.0
2024-11-06 16:20:00+00:00,19.94,19.98,19.75,19.84,85664.0
2024-11-06 16:25:00+00:00,19.84,20.1,19.84,20.07,84264.0
2024-11-06 16:30:00+00:00,20.09,20.1399,20.02,20.065,141211.0
2024-11-06 16:35:00+00:00,20.06,20.22,20.03,20.21,80941.0
2024-11-06 16:40:00+00:00,20.2199,20.27,20.18,20.2299,79287.0
2024-11-06 16:45:00+00:00,20.225,20.35,20.2,20.33,103481.0
2024-11-06 16:50:00+00:00,20.34,20.43,20.31,20.4,145359.0
2024-11-06 16:55:00+00:00,20.4199,20.43,20.2904,20.37,80569.0
2024-11-06 17:00:00+00:00,20.36,20.36,20.1501,20.3,106859.0
2024-11-06 17:05:00+00:00,20.3196,20.41,20.22,20.33,84349.0
2024-11-06 17:10:00+00:00,20.331,20.55,20.32,20.55,167700.0
2024-11-06 17:15:00+00:00,20.545,20.59,20.3801,20.42,79683.0
2024-11-06 17:20:00+00:00,20.43,20.54,20.4,20.54,54057.0
2024-11-06 17:25:00+00:00,20.52,20.7,20.515,20.635,212136.0
2024-11-06 17:30:00+00:00,20.635,20.65,20.5219,20.61,99059.0
2024-11-06 17:35:00+00:00,20.6169,20.7,20.57,20.6912,92114.0
2024-11-06 17:40:00+00:00,20.6997,20.76,20.68,20.73,113837.0
2024-11-06 17:45:00+00:00,20.7378,20.8,20.65,20.72,95280.0
2024-11-06 17:50:00+00:00,20.72,20.8,20.68,20.72,49753.0
2024-11-06 17:55:00+00:00,20.7101,20.9,20.71,20.895,91063.0
2024-11-06 18:00:00+00:00,20.8989,20.97,20.86,20.96,91410.0
2024-11-06 18:05:00+00:00,20.95,21.01,20.85,20.905,172855.0
2024-11-06 18:10:00+00:00,20.9199,20.95,20.81,20.86,53114.0
2024-11-06 18:15:00+00:00,20.85,20.9999,20.82,20.9467,90003.0
2024-11-06 18:20:00+00:00,20.93,20.94,20.82,20.8866,46522.0
2024-11-06 18:25:00+00:00,20.89,20.93,20.75,20.756,95133.0
2024-11-06 18:30:00+00:00,20.76,20.82,20.74,20.8,38186.0
2024-11-06 18:35:00+00:00,20.81,20.87,20.76,20.76,164287.0
2024-11-06 18:40:00+00:00,20.75,20.84,20.74,20.8,53772.0
2024-11-06 18:45:00+00:00,20.8,20.8036,20.67,20.7227,74241.0
2024-11-06 18:50:00+00:00,20.78,20.8,20.66,20.6901,93893.0
2024-11-06 18:55:00+00:00,20.69,20.72,20.54,20.68,129274.0
2024-11-06 19:00:00+00:00,20.67,20.88,20.665,20.855,128282.0
2024-11-06 19:05:00+00:00,20.855,20.8842,20.77,20.88,45128.0
2024-11-06 19:10:00+00:00,20.88,20.9443,20.82,20.9096,48926.0
2024-11-06 19:15:00+00:00,20.91,20.97,20.86,20.89,76697.0
2024-11-06 19:20:00+00:00,20.89,20.98,20.8824,20.94,49014.0
2024-11-06 19:25:00+00:00,20.94,20.94,20.86,20.87,71190.0
2024-11-06 19:30:00+00:00,20.8784,21.05,20.87,21.0,118570.0
2024-11-06 19:35:00+00:00,21.01,21.06,21.01,21.04,86637.0
2024-11-06 19:40:00+00:00,21.04,21.18,21.035,21.135,107095.0
2024-11-06 19:45:00+00:00,21.139,21.1789,21.09,21.175,84281.0
2024-11-06 19:50:00+00:00,21.17,21.2,21.06,21.061,48014.0
2024-11-06 19:55:00+00:00,21.07,21.13,21.03,21.12,69769.0
2024-11-06 20:00:00+00:00,21.1151,21.18,21.09,21.09,65856.0
2024-11-06 20:05:00+00:00,21.11,21.24,21.11,21.21,72101.0
2024-11-06 20:10:00+00:00,21.19,21.2,21.14,21.15,56586.0
2024-11-06 20:15:00+00:00,21.15,21.25,21.15,21.1775,88454.0
2024-11-06 20:20:00+00:00,21.16,21.16,21.07,21.1206,63662.0
2024-11-06 20:25:00+00:00,21.12,21.25,21.11,21.23,66087.0
2024-11-06 20:30:00+00:00,21.23,21.25,21.12,21.13,93533.0
2024-11-06 20:35:00+00:00,21.14,21.235,21.11,21.1389,101829.0
2024-11-06 20:40:00+00:00,21.1307,21.245,21.1307,21.235,78173.0
2024-11-06 20:45:00+00:00,21.2354,21.355,21.23,21.35,134500.0
2024-11-06 20:50:00+00:00,21.35,21.41,21.3101,21.315,190262.0
2024-11-06 20:55:00+00:00,21.315,21.41,21.28,21.405,403722.0
2024-11-06 21:00:00+00:00,21.36,21.41,21.25,21.25,204400.0
2024-11-06 21:05:00+00:00,21.24,21.25,21.2,21.25,8889.0
2024-11-06 21:10:00+00:00,21.21,21.26,21.21,21.2201,10532.0
2024-11-06 21:15:00+00:00,21.22,21.24,21.11,21.11,5009.0
2024-11-06 21:20:00+00:00,21.1,21.17,21.1,21.12,3001.0
2024-11-06 21:25:00+00:00,21.12,21.21,21.12,21.14,4438.0
2024-11-06 21:30:00+00:00,21.14,21.14,21.04,21.08,59191.0
2024-11-06 21:35:00+00:00,21.04,21.1,21.02,21.02,5853.0
2024-11-06 21:40:00+00:00,21.02,21.08,21.01,21.05,7450.0
2024-11-06 21:45:00+00:00,21.08,21.08,20.86,20.91,4126.0
2024-11-06 21:50:00+00:00,20.86,20.9,20.81,20.81,6112.0
2024-11-06 21:55:00+00:00,20.8,20.8,20.4,20.65,13352.0
2024-11-06 22:00:00+00:00,20.6,20.76,20.6,20.73,11440.0
2024-11-06 22:05:00+00:00,20.72,20.82,20.72,20.81,3691.0
2024-11-06 22:10:00+00:00,20.75,20.75,20.75,20.75,1077.0
2024-11-06 22:15:00+00:00,20.74,20.8,20.74,20.8,1991.0
2024-11-06 22:20:00+00:00,20.8491,21.41,20.8491,20.85,2813.0
2024-11-06 22:25:00+00:00,20.86,20.95,20.86,20.94,1386.0
2024-11-06 22:30:00+00:00,20.92,20.93,20.85,20.92,1349.0
2024-11-06 22:35:00+00:00,20.91,20.91,20.85,20.8501,1393.0
2024-11-06 22:40:00+00:00,20.84,20.84,20.84,20.84,362.0
2024-11-06 22:45:00+00:00,20.8497,20.85,20.8028,20.8028,1370.0
2024-11-06 22:50:00+00:00,20.8,20.8,20.8,20.8,1026.0
2024-11-06 22:55:00+00:00,20.78,20.85,20.78,20.85,379.0
2024-11-06 23:05:00+00:00,20.9,20.9,20.9,20.9,2558.0
2024-11-06 23:20:00+00:00,20.9,20.92,20.89,20.89,1964.0
2024-11-06 23:25:00+00:00,20.89,20.89,20.89,20.89,334.0
2024-11-06 23:35:00+00:00,20.89,20.89,20.89,20.89,1003.0
2024-11-06 23:45:00+00:00,20.9,20.9,20.9,20.9,130.0
2024-11-06 23:50:00+00:00,20.88,20.9,20.87,20.9,874.0
2024-11-06 23:55:00+00:00,20.9,20.9,20.9,20.9,138.0
2024-11-07 00:05:00+00:00,20.93,20.93,20.9099,20.9099,457.0
2024-11-07 00:10:00+00:00,20.95,20.99,20.95,20.99,1185.0
2024-11-07 00:15:00+00:00,20.99,20.99,20.99,20.99,500.0
2024-11-07 00:30:00+00:00,20.91,21.0,20.91,21.0,1108.0
2024-11-07 00:35:00+00:00,21.27,21.27,21.03,21.2,2801.0
2024-11-07 00:50:00+00:00,21.2,21.2,21.14,21.14,530.0
2024-11-07 00:55:00+00:00,21.07,21.26,21.03,21.03,1272.0
2024-11-07 09:00:00+00:00,21.15,21.15,20.7,20.8,10363.0
2024-11-07 09:05:00+00:00,20.79,21.0,20.79,21.0,2833.0
2024-11-07 09:10:00+00:00,20.88,21.02,20.8,21.01,5114.0
2024-11-07 09:15:00+00:00,21.01,21.14,21.01,21.13,1315.0
2024-11-07 09:20:00+00:00,21.1,21.1,20.9,20.91,3999.0
2024-11-07 09:25:00+00:00,20.94,21.0,20.92,21.0,1548.0
2024-11-07 09:30:00+00:00,21.03,21.04,21.0,21.04,3095.0
2024-11-07 09:35:00+00:00,21.08,21.08,21.08,21.08,391.0
2024-11-07 09:40:00+00:00,21.04,21.08,21.04,21.06,839.0
2024-11-07 09:45:00+00:00,21.08,21.08,21.05,21.05,844.0
2024-11-07 09:50:00+00:00,21.04,21.04,21.04,21.04,749.0
2024-11-07 09:55:00+00:00,21.01,21.03,21.01,21.03,873.0
2024-11-07 10:00:00+00:00,21.02,21.02,21.0,21.0,557.0
2024-11-07 10:05:00+00:00,21.0,21.0,20.92,20.92,3274.0
2024-11-07 10:15:00+00:00,20.95,20.95,20.92,20.92,1035.0
2024-11-07 10:20:00+00:00,20.95,20.95,20.93,20.93,611.0
2024-11-07 10:25:00+00:00,20.92,20.98,20.92,20.98,1163.0
2024-11-07 10:30:00+00:00,20.97,20.98,20.97,20.98,652.0
2024-11-07 10:40:00+00:00,20.93,20.93,20.92,20.93,1210.0
2024-11-07 10:45:00+00:00,20.92,20.92,20.88,20.9,2208.0
2024-11-07 10:50:00+00:00,20.86,20.86,20.82,20.82,1280.0
2024-11-07 10:55:00+00:00,20.8,20.84,20.77,20.84,2447.0
2024-11-07 11:00:00+00:00,20.76,20.8,20.75,20.75,1709.0
2024-11-07 11:10:00+00:00,20.73,20.74,20.7,20.7,2034.0
2024-11-07 11:15:00+00:00,20.66,20.67,20.64,20.65,2825.0
2024-11-07 11:20:00+00:00,20.67,20.67,20.63,20.65,2580.0
2024-11-07 11:25:00+00:00,20.7,20.7,20.7,20.7,501.0
2024-11-07 11:30:00+00:00,20.73,20.83,20.73,20.8,2883.0
2024-11-07 11:40:00+00:00,20.8,20.8,20.8,20.8,218.0
2024-11-07 11:45:00+00:00,20.85,20.9,20.85,20.9,1525.0
2024-11-07 11:50:00+00:00,20.9,20.93,20.9,20.93,968.0
2024-11-07 12:05:00+00:00,20.96,20.99,20.96,20.99,781.0
2024-11-07 12:10:00+00:00,21.0,21.0,20.89,20.9,3467.0
2024-11-07 12:15:00+00:00,20.99,20.99,20.99,20.99,135.0
2024-11-07 12:20:00+00:00,20.97,20.99,20.97,20.98,1599.0
2024-11-07 12:25:00+00:00,20.98,20.99,20.95,20.95,1364.0
2024-11-07 12:30:00+00:00,20.99,20.99,20.99,20.99,311.0
2024-11-07 12:35:00+00:00,20.99,21.01,20.99,20.99,760.0
2024-11-07 12:40:00+00:00,20.99,20.99,20.95,20.95,357.0
2024-11-07 12:45:00+00:00,20.96,20.96,20.95,20.95,492.0
2024-11-07 12:50:00+00:00,20.97,20.97,20.93,20.97,1427.0
2024-11-07 12:55:00+00:00,21.0,21.02,21.0,21.0,4620.0
2024-11-07 13:00:00+00:00,20.95,21.15,20.5374,21.05,36534.0
2024-11-07 13:05:00+00:00,21.0548,21.1,21.0,21.05,10710.0
2024-11-07 13:10:00+00:00,21.11,21.2736,21.11,21.2736,11587.0
2024-11-07 13:15:00+00:00,21.29,21.4,21.29,21.3,10805.0
2024-11-07 13:20:00+00:00,21.3,21.3,21.2,21.22,6151.0
2024-11-07 13:25:00+00:00,21.27,21.35,21.23,21.35,4118.0
2024-11-07 13:30:00+00:00,21.35,21.38,21.3,21.3,4339.0
2024-11-07 13:35:00+00:00,21.31,21.31,21.24,21.2624,4553.0
2024-11-07 13:40:00+00:00,21.26,21.2653,21.22,21.26,3628.0
2024-11-07 13:45:00+00:00,21.25,21.32,21.22,21.32,23921.0
2024-11-07 13:50:00+00:00,21.32,21.32,21.22,21.3,1248.0
2024-11-07 13:55:00+00:00,21.33,21.33,21.2563,21.31,1882.0
2024-11-07 14:00:00+00:00,21.31,21.3967,21.3,21.38,14780.0
2024-11-07 14:05:00+00:00,21.4,21.45,21.3965,21.45,13604.0
2024-11-07 14:10:00+00:00,21.45,21.5487,21.43,21.5,17360.0
2024-11-07 14:15:00+00:00,21.54,21.8,21.53,21.7988,18252.0
2024-11-07 14:20:00+00:00,21.8,21.8,21.6,21.61,26279.0
2024-11-07 14:25:00+00:00,21.61,21.6687,21.5,21.57,12078.0
2024-11-07 14:30:00+00:00,21.58,21.88,21.49,21.8,85194.0
2024-11-07 14:35:00+00:00,21.77,21.8,21.2,21.58,524354.0
2024-11-07 14:40:00+00:00,21.6199,21.71,21.19,21.3,228665.0
2024-11-07 14:45:00+00:00,21.2969,21.83,21.29,21.6471,335194.0
2024-11-07 14:50:00+00:00,21.62,21.8,21.35,21.47,165605.0
2024-11-07 14:55:00+00:00,21.49,21.6,21.36,21.46,128682.0
2024-11-07 15:00:00+00:00,21.4545,21.605,21.33,21.445,123623.0
2024-11-07 15:05:00+00:00,21.41,21.89,21.41,21.7803,220514.0
2024-11-07 15:10:00+00:00,21.78,21.84,21.7,21.77,150104.0
2024-11-07 15:15:00+00:00,21.7642,21.8,21.5,21.8,124048.0
2024-11-07 15:20:00+00:00,21.79,21.79,21.61,21.7146,95975.0
2024-11-07 15:25:00+00:00,21.72,21.81,21.56,21.79,171712.0
2024-11-07 15:30:00+00:00,21.78,21.96,21.65,21.75,364400.0
2024-11-07 15:35:00+00:00,21.7599,21.97,21.7,21.86,206021.0
2024-11-07 15:40:00+00:00,21.86,22.05,21.72,21.96,281168.0
2024-11-07 15:45:00+00:00,21.96,22.09,21.82,22.04,160357.0
2024-11-07 15:50:00+00:00,22.055,22.075,21.9,21.975,144190.0
2024-11-07 15:55:00+00:00,21.95,22.17,21.9,22.1,241726.0
2024-11-07 16:00:00+00:00,22.1,22.18,21.92,22.08,265989.0
2024-11-07 16:05:00+00:00,22.05,22.05,21.83,22.0,189696.0
2024-11-07 16:10:00+00:00,22.0,22.04,21.89,21.965,137844.0
2024-11-07 16:15:00+00:00,21.96,22.05,21.855,21.98,130989.0
2024-11-07 16:20:00+00:00,21.981,22.08,21.92,22.0182,104357.0
2024-11-07 16:25:00+00:00,22.01,22.22,22.0,22.15,173974.0
2024-11-07 16:30:00+00:00,22.15,22.25,22.13,22.23,160498.0
2024-11-07 16:35:00+00:00,22.235,22.25,22.0467,22.12,133004.0
2024-11-07 16:40:00+00:00,22.11,22.36,22.09,22.25,225566.0
2024-11-07 16:45:00+00:00,22.2499,22.2499,22.02,22.15,184800.0
2024-11-07 16:50:00+00:00,22.14,22.275,22.13,22.15,95828.0
2024-11-07 16:55:00+00:00,22.145,22.2,22.09,22.14,86183.0
2024-11-07 17:00:00+00:00,22.1507,22.1599,21.78,21.79,258998.0
2024-11-07 17:05:00+00:00,21.8,21.86,21.7,21.725,145642.0
2024-11-07 17:10:00+00:00,21.72,21.89,21.6902,21.84,122694.0
2024-11-07 17:15:00+00:00,21.83,21.85,21.77,21.84,71060.0
2024-11-07 17:20:00+00:00,21.847,22.02,21.834,22.0,84962.0
2024-11-07 17:25:00+00:00,22.0,22.07,21.97,22.015,83232.0
2024-11-07 17:30:00+00:00,22.02,22.04,21.92,22.0,128309.0
2024-11-07 17:35:00+00:00,21.9866,22.1241,21.9734,21.98,84028.0
2024-11-07 17:40:00+00:00,21.985,22.0402,21.92,21.99,183148.0
2024-11-07 17:45:00+00:00,21.99,22.03,21.91,21.915,58509.0
2024-11-07 17:50:00+00:00,21.91,21.97,21.86,21.96,60005.0
2024-11-07 17:55:00+00:00,21.96,22.03,21.93,22.02,46178.0
2024-11-07 18:00:00+00:00,22.03,22.07,22.01,22.01,46991.0
2024-11-07 18:05:00+00:00,22.0289,22.0289,21.82,21.84,89016.0
2024-11-07 18:10:00+00:00,21.845,21.8499,21.58,21.64,173460.0
2024-11-07 18:15:00+00:00,21.64,21.83,21.64,21.81,73912.0
2024-11-07 18:20:00+00:00,21.83,21.96,21.82,21.91,151833.0
2024-11-07 18:25:00+00:00,21.93,22.01,21.89,21.97,57712.0
2024-11-07 18:30:00+00:00,21.98,21.98,21.86,21.93,48881.0
2024-11-07 18:35:00+00:00,21.93,22.0,21.88,21.955,51180.0
2024-11-07 18:40:00+00:00,21.95,22.02,21.94,21.98,50561.0
2024-11-07 18:45:00+00:00,21.97,22.1,21.92,22.095,58326.0
2024-11-07 18:50:00+00:00,22.1,22.19,21.99,22.07,76168.0
2024-11-07 18:55:00+00:00,22.05,22.07,21.95,21.965,49546.0
2024-11-07 19:00:00+00:00,21.9798,22.07,21.858,21.89,63068.0
2024-11-07 19:05:00+00:00,21.8873,22.0884,21.8601,21.9934,88555.0
2024-11-07 19:10:00+00:00,21.99,22.04,21.9,21.92,46074.0
2024-11-07 19:15:00+00:00,21.93,21.98,21.86,21.87,47000.0
2024-11-07 19:20:00+00:00,21.87,21.88,21.76,21.8724,68833.0
2024-11-07 19:25:00+00:00,21.88,21.911,21.79,21.895,112248.0
2024-11-07 19:30:00+00:00,21.91,22.06,21.86,22.04,69436.0
2024-11-07 19:35:00+00:00,22.04,22.06,21.97,21.98,61134.0
2024-11-07 19:40:00+00:00,21.98,22.02,21.83,21.985,70088.0
2024-11-07 19:45:00+00:00,21.98,22.09,21.97,22.07,88770.0
2024-11-07 19:50:00+00:00,22.0797,22.17,21.99,22.17,101390.0
2024-11-07 19:55:00+00:00,22.16,22.24,22.14,22.23,120085.0
2024-11-07 20:00:00+00:00,22.24,22.3,22.01,22.06,144481.0
2024-11-07 20:05:00+00:00,22.06,22.15,21.94,22.04,95512.0
2024-11-07 20:10:00+00:00,22.04,22.26,22.035,22.22,147760.0
2024-11-07 20:15:00+00:00,22.24,22.27,22.19,22.19,114921.0
2024-11-07 20:20:00+00:00,22.19,22.22,22.05,22.11,93357.0
2024-11-07 20:25:00+00:00,22.12,22.15,21.99,21.99,141539.0
2024-11-07 20:30:00+00:00,21.99,22.12,21.96,22.03,98957.0
2024-11-07 20:35:00+00:00,22.039,22.14,22.02,22.0704,96263.0
2024-11-07 20:40:00+00:00,22.079,22.08,21.93,21.9776,145303.0
2024-11-07 20:45:00+00:00,21.97,22.03,21.87,21.99,151343.0
2024-11-07 20:50:00+00:00,21.99,22.03,21.76,21.875,281481.0
2024-11-07 20:55:00+00:00,21.88,21.9,21.57,21.645,443699.0
2024-11-07 21:00:00+00:00,21.67,22.0,21.63,21.64,277323.0
2024-11-07 21:05:00+00:00,21.8,22.02,21.66,21.88,51312.0
2024-11-07 21:10:00+00:00,21.7,21.88,21.7,21.7599,17610.0
2024-11-07 21:15:00+00:00,21.84,21.9899,21.75,21.83,30820.0
2024-11-07 21:20:00+00:00,21.9,21.9,20.31,20.35,81536.0
2024-11-07 21:25:00+00:00,20.31,20.91,20.23,20.3,67174.0
2024-11-07 21:30:00+00:00,20.32,20.93,20.32,20.9,52479.0
2024-11-07 21:35:00+00:00,20.93,21.0,20.35,20.51,62105.0
2024-11-07 21:40:00+00:00,20.43,20.7,20.43,20.65,13393.0
2024-11-07 21:45:00+00:00,20.55,20.7,20.55,20.61,27035.0
2024-11-07 21:50:00+00:00,20.68,20.7,20.65,20.69,8682.0
2024-11-07 21:55:00+00:00,20.69,21.0,20.69,20.9,21319.0
2024-11-07 22:00:00+00:00,20.94,21.5,20.85,21.5,20654.0
2024-11-07 22:05:00+00:00,21.51,22.48,21.51,21.85,123069.0
2024-11-07 22:10:00+00:00,21.85,22.28,21.85,22.11,23835.0
2024-11-07 22:15:00+00:00,22.01,22.75,22.01,22.73,41056.0
2024-11-07 22:20:00+00:00,22.69,22.73,22.05,22.64,25739.0
2024-11-07 22:25:00+00:00,22.5862,22.65,22.0,22.01,25099.0
2024-11-07 22:30:00+00:00,22.0,22.03,21.8313,21.8313,4699.0
2024-11-07 22:35:00+00:00,21.83,21.8301,21.7,21.7,13729.0
2024-11-07 22:40:00+00:00,21.71,21.71,21.3,21.3,6514.0
2024-11-07 22:45:00+00:00,21.44,21.44,20.51,20.51,25451.0
2024-11-07 22:50:00+00:00,20.51,20.6508,20.36,20.3999,30514.0
2024-11-07 22:55:00+00:00,20.4,20.75,20.38,20.75,14020.0
2024-11-07 23:00:00+00:00,20.76,21.1015,20.75,21.1,4297.0
2024-11-07 23:05:00+00:00,21.1,21.1,21.1,21.1,150.0
2024-11-07 23:10:00+00:00,21.105,21.12,21.105,21.12,427.0
2024-11-07 23:15:00+00:00,21.12,21.12,20.8,20.81,8813.0
2024-11-07 23:25:00+00:00,21.05,21.21,20.81,21.2,1089.0
2024-11-07 23:30:00+00:00,21.0,21.23,21.0,21.0,1413.0
2024-11-07 23:35:00+00:00,21.22,21.23,21.22,21.23,1255.0
2024-11-07 23:40:00+00:00,21.22,21.23,21.22,21.23,475.0
2024-11-07 23:45:00+00:00,21.23,21.23,21.23,21.23,550.0
2024-11-07 23:50:00+00:00,21.14,21.4,21.1,21.15,2245.0
2024-11-07 23:55:00+00:00,21.37,21.4,21.37,21.4,370.0
2024-11-08 00:05:00+00:00,21.37,21.37,21.37,21.37,500.0
2024-11-08 00:10:00+00:00,21.36,21.37,21.35,21.37,1837.0
2024-11-08 00:15:00+00:00,21.37,21.4,21.1159,21.1159,3114.0
2024-11-08 00:25:00+00:00,21.1,21.16,21.1,21.15,1369.0
2024-11-08 00:30:00+00:00,21.1,21.1,21.1,21.1,1201.0
2024-11-08 00:35:00+00:00,21.34,21.34,21.34,21.34,150.0
2024-11-08 00:45:00+00:00,21.21,21.21,21.21,21.21,258.0
2024-11-08 00:50:00+00:00,21.14,21.72,21.14,21.72,3338.0
2024-11-08 00:55:00+00:00,21.75,21.78,21.69,21.69,1572.0
2024-11-08 09:00:00+00:00,21.3,21.66,21.27,21.5,13518.0
2024-11-08 09:05:00+00:00,21.5,21.68,21.5,21.67,9884.0
2024-11-08 09:10:00+00:00,21.63,21.66,21.61,21.64,2805.0
2024-11-08 09:15:00+00:00,21.61,21.86,21.61,21.78,14950.0
2024-11-08 09:20:00+00:00,21.72,21.97,21.71,21.97,5603.0
2024-11-08 09:25:00+00:00,22.0,22.36,22.0,22.36,13118.0
2024-11-08 09:30:00+00:00,22.4,22.98,22.34,22.88,26493.0
2024-11-08 09:35:00+00:00,22.85,22.98,22.76,22.96,30319.0
2024-11-08 09:40:00+00:00,22.96,23.7,22.96,23.59,33170.0
2024-11-08 09:45:00+00:00,23.61,23.65,23.21,23.48,26536.0
2024-11-08 09:50:00+00:00,23.45,23.65,23.31,23.39,18243.0
2024-11-08 09:55:00+00:00,23.33,23.33,23.05,23.07,24391.0
2024-11-08 10:00:00+00:00,23.07,23.34,23.02,23.02,9364.0
2024-11-08 10:05:00+00:00,23.01,23.01,22.59,22.67,19271.0
2024-11-08 10:10:00+00:00,22.69,22.77,22.66,22.66,3161.0
2024-11-08 10:15:00+00:00,22.64,22.64,22.59,22.6,4767.0
2024-11-08 10:20:00+00:00,22.6,22.65,22.35,22.38,11708.0
2024-11-08 10:25:00+00:00,22.43,22.51,22.27,22.29,19526.0
2024-11-08 10:30:00+00:00,22.33,22.47,22.29,22.43,6209.0
2024-11-08 10:35:00+00:00,22.48,22.49,22.41,22.41,3704.0
2024-11-08 10:40:00+00:00,22.39,22.48,22.39,22.48,3169.0
2024-11-08 10:45:00+00:00,22.41,22.42,22.33,22.36,3105.0
2024-11-08 10:50:00+00:00,22.35,22.35,22.02,22.02,9519.0
2024-11-08 10:55:00+00:00,22.02,22.07,21.9,21.9,13294.0
2024-11-08 11:00:00+00:00,21.81,21.91,21.77,21.91,7901.0
2024-11-08 11:05:00+00:00,21.9,21.9,21.77,21.77,6942.0
2024-11-08 11:10:00+00:00,21.77,21.91,21.75,21.8,6031.0
2024-11-08 11:15:00+00:00,21.75,21.86,21.72,21.84,8307.0
2024-11-08 11:20:00+00:00,21.84,21.84,21.76,21.79,3332.0
2024-11-08 11:25:00+00:00,21.73,21.73,21.61,21.61,3794.0
2024-11-08 11:30:00+00:00,21.61,21.61,21.56,21.56,2156.0
2024-11-08 11:35:00+00:00,21.59,21.62,21.57,21.58,2400.0
2024-11-08 11:40:00+00:00,21.58,21.64,21.57,21.58,2481.0
2024-11-08 11:45:00+00:00,21.58,21.71,21.58,21.6,5308.0
2024-11-08 11:50:00+00:00,21.79,21.79,21.69,21.75,1340.0
2024-11-08 11:55:00+00:00,21.75,21.79,21.72,21.75,7250.0
2024-11-08 12:00:00+00:00,21.71,21.79,21.68,21.71,10318.0
2024-11-08 12:05:00+00:00,21.79,21.8,21.7,21.8,17044.0
2024-11-08 12:10:00+00:00,21.7,21.8,21.68,21.8,1987.0
2024-11-08 12:15:00+00:00,21.8,21.8,21.72,21.74,14072.0
2024-11-08 12:20:00+00:00,21.79,21.95,21.78,21.94,4031.0
2024-11-08 12:25:00+00:00,21.88,21.89,21.8,21.8,4119.0
2024-11-08 12:30:00+00:00,21.8,21.88,21.77,21.86,3892.0
2024-11-08 12:35:00+00:00,21.84,21.84,21.74,21.84,4715.0
2024-11-08 12:40:00+00:00,21.78,21.78,21.65,21.69,7266.0
2024-11-08 12:45:00+00:00,21.69,21.77,21.2,21.2,19818.0
2024-11-08 12:50:00+00:00,21.19,21.45,21.19,21.45,3180.0
2024-11-08 12:55:00+00:00,21.41,21.5,21.37,21.37,3243.0
2024-11-08 13:00:00+00:00,21.75,23.6315,21.2,21.79,137898.0
2024-11-08 13:05:00+00:00,21.72,21.7799,21.6,21.6,10142.0
2024-11-08 13:10:00+00:00,21.63,21.6999,21.61,21.61,4073.0
2024-11-08 13:15:00+00:00,21.65,21.76,21.4009,21.75,84147.0
2024-11-08 13:20:00+00:00,21.7,21.7,21.48,21.5,9582.0
2024-11-08 13:25:00+00:00,21.5,21.52,21.45,21.5001,13532.0
2024-11-08 13:30:00+00:00,21.68,21.68,21.45,21.5,16038.0
2024-11-08 13:35:00+00:00,21.6,21.64,21.36,21.39,18596.0
2024-11-08 13:40:00+00:00,21.39,21.45,21.25,21.37,26423.0
2024-11-08 13:45:00+00:00,21.34,21.4,21.27,21.33,5774.0
2024-11-08 13:50:00+00:00,21.31,21.35,21.16,21.1923,18439.0
2024-11-08 13:55:00+00:00,21.18,21.18,21.09,21.14,20099.0
2024-11-08 14:00:00+00:00,21.15,21.2,21.1,21.11,16507.0
2024-11-08 14:05:00+00:00,21.15,21.15,21.05,21.05,16562.0
2024-11-08 14:10:00+00:00,21.08,21.1,21.01,21.0998,15620.0
2024-11-08 14:15:00+00:00,21.0899,21.0941,20.98,20.98,18565.0
2024-11-08 14:20:00+00:00,21.04,21.1,20.98,20.98,20129.0
2024-11-08 14:25:00+00:00,20.99,21.1,20.91,21.0,22658.0
2024-11-08 14:30:00+00:00,21.0,21.75,20.06,21.6901,835865.0
2024-11-08 14:35:00+00:00,21.7484,23.23,21.7484,23.17,965609.0
2024-11-08 14:40:00+00:00,23.17,23.64,22.6,22.93,919231.0
2024-11-08 14:45:00+00:00,22.93,23.39,22.4201,23.13,536311.0
2024-11-08 14:50:00+00:00,23.17,24.22,23.11,24.021,732820.0
2024-11-08 14:55:00+00:00,24.05,24.23,23.45,23.73,400100.0
2024-11-08 15:00:00+00:00,23.7699,24.574,23.56,24.2,567052.0
2024-11-08 15:05:00+00:00,24.19,24.4,23.3007,23.8,456794.0
2024-11-08 15:10:00+00:00,23.83,24.53,23.65,24.3361,368361.0
2024-11-08 15:15:00+00:00,24.32,24.86,24.29,24.54,412248.0
2024-11-08 15:20:00+00:00,24.56,25.03,24.55,24.82,498929.0
2024-11-08 15:25:00+00:00,24.81,25.32,24.79,24.94,618921.0
2024-11-08 15:30:00+00:00,24.945,25.8,24.835,25.7,598616.0
2024-11-08 15:35:00+00:00,25.72,25.78,25.05,25.1,467918.0
2024-11-08 15:40:00+00:00,25.101,25.27,24.61,24.61,513748.0
2024-11-08 15:45:00+00:00,24.61,24.82,24.335,24.7037,432540.0
2024-11-08 15:50:00+00:00,24.685,25.21,24.62,25.1598,335903.0
2024-11-08 15:55:00+00:00,25.15,25.82,25.0543,25.7701,407456.0
2024-11-08 16:00:00+00:00,25.78,25.78,24.6801,24.875,596738.0
2024-11-08 16:05:00+00:00,24.8888,25.34,24.77,25.25,248580.0
2024-11-08 16:10:00+00:00,25.24,25.3799,24.85,24.8508,230434.0
2024-11-08 16:15:00+00:00,24.85,25.14,24.76,24.95,228168.0
2024-11-08 16:20:00+00:00,24.98,24.98,24.45,24.47,268501.0
2024-11-08 16:25:00+00:00,24.47,24.66,24.26,24.4344,228134.0
2024-11-08 16:30:00+00:00,24.43,24.69,24.31,24.465,118618.0
2024-11-08 16:35:00+00:00,24.4599,24.5,24.22,24.48,182228.0
2024-11-08 16:40:00+00:00,24.495,24.5,23.57,23.6,465085.0
2024-11-08 16:45:00+00:00,23.6199,23.88,23.37,23.74,336887.0
2024-11-08 16:50:00+00:00,23.74,23.9,23.39,23.4501,216061.0
2024-11-08 16:55:00+00:00,23.47,23.48,23.06,23.1101,301283.0
2024-11-08 17:00:00+00:00,23.11,23.2499,22.47,22.49,543793.0
2024-11-08 17:05:00+00:00,22.48,23.1099,22.4,23.02,396886.0
2024-11-08 17:10:00+00:00,23.0,23.045,22.65,22.875,266917.0
2024-11-08 17:15:00+00:00,22.88,23.08,22.6791,23.0499,297487.0
2024-11-08 17:20:00+00:00,23.0,23.2,23.0,23.19,219089.0
2024-11-08 17:25:00+00:00,23.2,23.3,23.17,23.3,146920.0
2024-11-08 17:30:00+00:00,23.28,23.3,22.97,23.0223,198618.0
2024-11-08 17:35:00+00:00,23.03,23.07,22.8238,22.84,134660.0
2024-11-08 17:40:00+00:00,22.84,22.88,22.59,22.71,165624.0
2024-11-08 17:45:00+00:00,22.7186,22.7799,22.51,22.7452,125661.0
2024-11-08 17:50:00+00:00,22.7528,22.95,22.73,22.94,86099.0
2024-11-08 17:55:00+00:00,22.9587,22.96,22.422,22.53,139725.0
2024-11-08 18:00:00+00:00,22.54,22.69,22.3,22.4,183417.0
2024-11-08 18:05:00+00:00,22.4099,22.7,22.3595,22.6996,89512.0
2024-11-08 18:10:00+00:00,22.6844,22.77,22.42,22.42,79093.0
2024-11-08 18:15:00+00:00,22.41,22.47,22.31,22.4567,95194.0
2024-11-08 18:20:00+00:00,22.445,22.5,22.35,22.4,68367.0
2024-11-08 18:25:00+00:00,22.39,22.56,22.39,22.42,67598.0
2024-11-08 18:30:00+00:00,22.4,22.58,22.35,22.525,126136.0
2024-11-08 18:35:00+00:00,22.5262,22.6699,22.48,22.6699,90883.0
2024-11-08 18:40:00+00:00,22.6699,22.68,22.52,22.5985,92419.0
2024-11-08 18:45:00+00:00,22.58,22.58,22.19,22.27,227212.0
2024-11-08 18:50:00+00:00,22.29,22.3499,22.132,22.27,151771.0
2024-11-08 18:55:00+00:00,22.2593,22.359,22.2593,22.3,79156.0
2024-11-08 19:00:00+00:00,22.305,22.4,22.26,22.35,84329.0
2024-11-08 19:05:00+00:00,22.36,22.38,22.16,22.1765,97070.0
2024-11-08 19:10:00+00:00,22.1724,22.53,22.1,22.5,281069.0
2024-11-08 19:15:00+00:00,22.5,23.01,22.43,22.965,193414.0
2024-11-08 19:20:00+00:00,22.99,23.25,22.9599,23.2,188341.0
2024-11-08 19:25:00+00:00,23.2,23.5,23.19,23.35,381815.0
2024-11-08 19:30:00+00:00,23.3,23.49,23.21,23.43,164188.0
2024-11-08 19:35:00+00:00,23.4,23.64,23.37,23.625,174879.0
2024-11-08 19:40:00+00:00,23.63,23.75,23.523,23.6,208708.0
2024-11-08 19:45:00+00:00,23.5964,23.73,23.49,23.54,116506.0
2024-11-08 19:50:00+00:00,23.55,23.8499,23.54,23.7373,218328.0
2024-11-08 19:55:00+00:00,23.72,23.83,23.62,23.75,136740.0
2024-11-08 20:00:00+00:00,23.77,23.924,23.575,23.924,168368.0
2024-11-08 20:05:00+00:00,23.92,23.97,23.88,23.93,153738.0
2024-11-08 20:10:00+00:00,23.94,23.94,23.32,23.41,323031.0
2024-11-08 20:15:00+00:00,23.41,23.72,23.37,23.7078,206605.0
2024-11-08 20:20:00+00:00,23.7,23.7,23.24,23.29,175311.0
2024-11-08 20:25:00+00:00,23.28,23.28,22.99,22.9902,195225.0
2024-11-08 20:30:00+00:00,23.0,23.22,22.96,23.22,184363.0
2024-11-08 20:35:00+00:00,23.22,23.46,23.18,23.3756,163747.0
2024-11-08 20:40:00+00:00,23.38,23.38,23.23,23.28,153524.0
2024-11-08 20:45:00+00:00,23.27,23.48,23.2,23.48,196073.0
2024-11-08 20:50:00+00:00,23.4634,23.98,23.44,23.98,474151.0
2024-11-08 20:55:00+00:00,23.9475,24.51,23.94,24.5,936062.0
2024-11-08 21:00:00+00:00,24.49,24.49,24.1,24.26,344211.0
2024-11-08 21:05:00+00:00,24.25,24.27,24.22,24.27,16431.0
2024-11-08 21:10:00+00:00,24.27,24.29,24.25,24.29,7741.0
2024-11-08 21:15:00+00:00,24.27,24.3,24.22,24.22,8988.0
2024-11-08 21:20:00+00:00,24.3,24.3,24.25,24.25,2298.0
2024-11-08 21:25:00+00:00,24.27,24.29,24.21,24.25,10339.0
2024-11-08 21:30:00+00:00,24.29,24.35,24.28,24.35,7197.0
2024-11-08 21:35:00+00:00,24.33,24.43,24.31,24.35,2962.0
2024-11-08 21:40:00+00:00,24.34,24.49,24.3,24.3,12860.0
2024-11-08 21:45:00+00:00,24.32,24.44,24.3,24.44,3046.0
2024-11-08 21:50:00+00:00,24.33,24.35,24.33,24.33,2716.0
2024-11-08 21:55:00+00:00,24.36,24.4,24.35,24.4,4793.0
2024-11-08 22:00:00+00:00,24.4,24.4,24.36,24.36,1642.0
2024-11-08 22:05:00+00:00,24.39,24.45,24.3899,24.45,6468.0
2024-11-08 22:10:00+00:00,24.44,24.45,24.44,24.45,814.0
2024-11-08 22:15:00+00:00,24.44,24.44,22.68,23.15,27051.0
2024-11-08 22:20:00+00:00,23.14,23.55,23.0,23.55,19409.0
2024-11-08 22:25:00+00:00,23.41,23.57,23.2,23.3482,12460.0
2024-11-08 22:30:00+00:00,23.3,23.46,23.2,23.3066,8396.0
2024-11-08 22:35:00+00:00,23.304,23.42,23.2,23.21,6567.0
2024-11-08 22:40:00+00:00,23.3,23.34,23.2,23.28,3923.0
2024-11-08 22:45:00+00:00,23.3,23.3,23.2,23.25,4265.0
2024-11-08 22:50:00+00:00,23.285,23.46,23.28,23.3999,14319.0
2024-11-08 22:55:00+00:00,23.39,23.4,23.27,23.2701,5365.0
2024-11-08 23:00:00+00:00,23.3,23.3799,23.3,23.3799,5785.0
2024-11-08 23:05:00+00:00,23.38,23.38,23.38,23.38,175.0
2024-11-08 23:10:00+00:00,23.3309,23.3309,23.3,23.3,5907.0
2024-11-08 23:15:00+00:00,23.3795,23.3795,23.31,23.31,233.0
2024-11-08 23:20:00+00:00,23.32,23.38,23.3,23.38,851.0
2024-11-08 23:25:00+00:00,23.38,23.4,23.3315,23.3999,3612.0
2024-11-08 23:30:00+00:00,23.34,23.4,23.3322,23.4,480.0
2024-11-08 23:35:00+00:00,23.38,23.4,23.38,23.3999,950.0
2024-11-08 23:40:00+00:00,23.4,23.4,23.35,23.35,3675.0
2024-11-08 23:45:00+00:00,23.39,23.39,23.35,23.35,2693.0
2024-11-08 23:50:00+00:00,23.37,23.38,23.35,23.35,3580.0
2024-11-08 23:55:00+00:00,23.34,23.34,23.29,23.3,11352.0
2024-11-09 00:00:00+00:00,23.4,23.77,23.4,23.77,3161.0
2024-11-09 00:05:00+00:00,23.71,23.71,23.7,23.7,1059.0
2024-11-09 00:10:00+00:00,23.7207,23.8436,23.72,23.72,900.0
2024-11-09 00:15:00+00:00,23.79,23.9299,23.79,23.9299,750.0
2024-11-09 00:20:00+00:00,23.9,23.9,23.85,23.85,696.0
2024-11-09 00:25:00+00:00,23.76,23.81,23.72,23.72,1895.0
2024-11-09 00:30:00+00:00,23.89,23.9,23.89,23.9,618.0
2024-11-09 00:35:00+00:00,23.8,23.9,23.8,23.8,1771.0
2024-11-09 00:40:00+00:00,23.8,23.85,23.8,23.85,895.0
2024-11-09 00:45:00+00:00,23.76,23.79,23.7,23.78,3126.0
2024-11-09 00:50:00+00:00,23.78,23.79,23.78,23.79,238.0
2024-11-09 00:55:00+00:00,23.7,23.75,23.7,23.75,310.0
2024-11-11 09:00:00+00:00,23.76,23.76,22.51,23.23,46600.0
2024-11-11 09:05:00+00:00,23.26,23.97,23.26,23.5,10780.0
2024-11-11 09:10:00+00:00,23.52,23.7,23.5,23.7,9753.0
2024-11-11 09:15:00+00:00,23.69,23.73,23.53,23.55,8561.0
2024-11-11 09:20:00+00:00,23.54,23.6,23.03,23.03,49457.0
2024-11-11 09:25:00+00:00,23.03,23.08,22.7,22.95,115566.0
2024-11-11 09:30:00+00:00,22.98,23.09,22.96,23.09,6639.0
2024-11-11 09:35:00+00:00,23.14,23.4,23.1,23.23,5502.0
2024-11-11 09:40:00+00:00,23.21,23.25,22.98,23.05,8936.0
2024-11-11 09:45:00+00:00,23.05,23.14,23.04,23.08,3502.0
2024-11-11 09:50:00+00:00,23.1,23.13,23.07,23.09,4483.0
2024-11-11 09:55:00+00:00,23.11,23.14,23.04,23.09,12465.0
2024-11-11 10:00:00+00:00,23.03,23.3,23.03,23.3,16373.0
2024-11-11 10:05:00+00:00,23.21,23.29,23.14,23.19,4934.0
2024-11-11 10:10:00+00:00,23.2,23.29,23.12,23.14,6884.0
2024-11-11 10:15:00+00:00,23.2,23.2,23.12,23.12,5970.0
2024-11-11 10:20:00+00:00,23.12,23.12,23.035,23.04,5501.0
2024-11-11 10:25:00+00:00,23.04,23.11,23.04,23.1,5417.0
2024-11-11 10:30:00+00:00,23.1,23.13,23.06,23.1,5945.0
2024-11-11 10:35:00+00:00,23.1,23.1,22.84,22.84,21532.0
2024-11-11 10:40:00+00:00,22.86,22.89,22.85,22.85,7350.0
2024-11-11 10:45:00+00:00,22.85,22.85,22.81,22.82,5944.0
2024-11-11 10:50:00+00:00,22.8,22.86,22.8,22.82,8006.0
2024-11-11 10:55:00+00:00,22.84,22.88,22.84,22.88,2452.0
2024-11-11 11:00:00+00:00,22.88,23.11,22.86,23.1,15022.0
2024-11-11 11:05:00+00:00,23.07,23.12,23.0,23.11,5939.0
2024-11-11 11:10:00+00:00,23.11,23.11,23.1,23.1,2593.0
2024-11-11 11:15:00+00:00,23.1,23.11,23.03,23.07,13047.0
2024-11-11 11:20:00+00:00,23.11,23.12,23.03,23.11,2989.0
2024-11-11 11:25:00+00:00,23.09,23.1,23.05,23.05,5908.0
2024-11-11 11:30:00+00:00,23.11,23.14,23.11,23.12,5642.0
2024-11-11 11:35:00+00:00,23.15,23.2,23.15,23.2,3519.0
2024-11-11 11:40:00+00:00,23.25,23.31,23.22,23.25,2517.0
2024-11-11 11:45:00+00:00,23.25,23.25,23.25,23.25,699.0
2024-11-11 11:50:00+00:00,23.39,23.52,23.27,23.41,4760.0
2024-11-11 11:55:00+00:00,23.5,23.5,23.35,23.47,4752.0
2024-11-11 12:00:00+00:00,23.5,23.63,23.47,23.63,10379.0
2024-11-11 12:05:00+00:00,23.63,23.73,23.6,23.73,4234.0
2024-11-11 12:10:00+00:00,23.74,24.0,23.63,23.85,26116.0
2024-11-11 12:15:00+00:00,23.9,23.94,23.84,23.94,10826.0
2024-11-11 12:20:00+00:00,23.95,24.3,23.95,24.09,15943.0
2024-11-11 12:25:00+00:00,24.09,24.1,24.04,24.05,4014.0
2024-11-11 12:30:00+00:00,24.06,24.27,24.0,24.27,13172.0
2024-11-11 12:35:00+00:00,24.25,24.27,24.16,24.16,6472.0
2024-11-11 12:40:00+00:00,24.18,24.18,23.88,23.88,11148.0
2024-11-11 12:45:00+00:00,23.9,23.99,23.82,23.99,7468.0
2024-11-11 12:50:00+00:00,24.0,24.0,23.87,23.88,8678.0
2024-11-11 13:00:00+00:00,23.5,24.2799,22.7359,23.94,149527.0
2024-11-11 13:05:00+00:00,23.94,24.1207,23.9324,24.1,8968.0
2024-11-11 13:10:00+00:00,24.1,24.14,24.011,24.09,14638.0
2024-11-11 13:15:00+00:00,24.09,24.19,24.08,24.19,14339.0
2024-11-11 13:20:00+00:00,24.14,24.19,24.1,24.1699,9024.0
2024-11-11 13:25:00+00:00,24.12,24.14,24.08,24.1,7171.0
2024-11-11 13:30:00+00:00,24.07,24.11,24.057,24.057,6400.0
2024-11-11 13:35:00+00:00,24.096,24.19,24.07,24.19,19516.0
2024-11-11 13:40:00+00:00,24.19,24.19,24.09,24.17,12903.0
2024-11-11 13:45:00+00:00,24.1,24.23,24.1,24.18,12115.0
2024-11-11 13:50:00+00:00,24.1325,24.18,24.13,24.15,14436.0
2024-11-11 13:55:00+00:00,24.18,24.2,24.13,24.18,11610.0
2024-11-11 14:00:00+00:00,24.18,24.34,24.1536,24.31,29019.0
2024-11-11 14:05:00+00:00,24.33,24.3412,24.2,24.2401,19423.0
2024-11-11 14:10:00+00:00,24.27,24.27,24.13,24.16,12304.0
2024-11-11 14:15:00+00:00,24.14,24.15,23.9,23.9,29661.0
2024-11-11 14:20:00+00:00,23.91,23.99,23.8,23.83,22426.0
2024-11-11 14:25:00+00:00,23.87,23.89,23.7,23.8,23655.0
2024-11-11 14:30:00+00:00,23.82,25.08,23.5,24.55,1125016.0
2024-11-11 14:35:00+00:00,24.58,24.61,23.57,23.73,527942.0
2024-11-11 14:40:00+00:00,23.74,23.8,22.75,22.79,395882.0
2024-11-11 14:45:00+00:00,22.7726,23.2503,22.7701,23.049,301480.0
2024-11-11 14:50:00+00:00,23.0365,23.0499,22.1,22.13,496909.0
2024-11-11 14:55:00+00:00,22.14,22.4906,21.8,21.85,660110.0
2024-11-11 15:00:00+00:00,21.8401,21.87,21.3,21.4,627854.0
2024-11-11 15:05:00+00:00,21.37,21.88,21.3,21.86,506028.0
2024-11-11 15:10:00+00:00,21.861,21.9899,21.71,21.725,417717.0
2024-11-11 15:15:00+00:00,21.73,22.07,21.58,21.8755,289472.0
2024-11-11 15:20:00+00:00,21.9,22.15,21.76,21.8998,336150.0
2024-11-11 15:25:00+00:00,21.88,22.04,21.84,21.85,221268.0
2024-11-11 15:30:00+00:00,21.84,21.9499,21.6,21.8399,238521.0
2024-11-11 15:35:00+00:00,21.84,22.03,21.78,21.965,192234.0
2024-11-11 15:40:00+00:00,21.97,21.97,21.7,21.87,238735.0
2024-11-11 15:45:00+00:00,21.89,21.9,21.55,21.62,215804.0
2024-11-11 15:50:00+00:00,21.61,21.8,21.555,21.7744,134571.0
2024-11-11 15:55:00+00:00,21.7701,22.01,21.7334,21.8275,150507.0
2024-11-11 16:00:00+00:00,21.845,21.93,21.65,21.87,145718.0
2024-11-11 16:05:00+00:00,21.87,22.14,21.73,22.0277,152301.0
2024-11-11 16:10:00+00:00,22.045,22.45,22.02,22.3976,241191.0
2024-11-11 16:15:00+00:00,22.4,22.5413,22.32,22.335,193768.0
2024-11-11 16:20:00+00:00,22.335,22.59,22.2,22.57,189787.0
2024-11-11 16:25:00+00:00,22.55,22.79,22.52,22.77,138052.0
2024-11-11 16:30:00+00:00,22.7799,22.78,22.3401,22.4202,129441.0
2024-11-11 16:35:00+00:00,22.44,22.79,22.4,22.6862,91259.0
2024-11-11 16:40:00+00:00,22.69,22.71,22.5024,22.59,90064.0
2024-11-11 16:45:00+00:00,22.59,22.73,22.53,22.53,65654.0
2024-11-11 16:50:00+00:00,22.535,22.675,22.365,22.46,101778.0
2024-11-11 16:55:00+00:00,22.48,22.54,22.39,22.52,77894.0
2024-11-11 17:00:00+00:00,22.503,22.69,22.4415,22.645,71047.0
2024-11-11 17:05:00+00:00,22.645,22.69,22.56,22.67,56596.0
2024-11-11 17:10:00+00:00,22.67,22.6874,22.56,22.6121,53759.0
2024-11-11 17:15:00+00:00,22.593,22.87,22.58,22.8,113434.0
2024-11-11 17:20:00+00:00,22.795,22.83,22.53,22.54,85563.0
2024-11-11 17:25:00+00:00,22.5356,22.5774,22.33,22.37,84593.0
2024-11-11 17:30:00+00:00,22.37,22.71,22.33,22.71,80033.0
2024-11-11 17:35:00+00:00,22.7197,22.91,22.7,22.82,82760.0
2024-11-11 17:40:00+00:00,22.815,23.09,22.79,23.09,77982.0
2024-11-11 17:45:00+00:00,23.077,23.13,22.91,22.9876,81739.0
2024-11-11 17:50:00+00:00,22.97,23.12,22.851,23.1032,83197.0
2024-11-11 17:55:00+00:00,23.095,23.15,22.85,22.8623,87041.0
2024-11-11 18:00:00+00:00,22.87,23.09,22.84,23.0166,78282.0
2024-11-11 18:05:00+00:00,23.02,23.355,22.99,23.32,116686.0
2024-11-11 18:10:00+00:00,23.33,23.35,23.01,23.083,76804.0
2024-11-11 18:15:00+00:00,23.08,23.26,22.92,23.0209,107730.0
2024-11-11 18:20:00+00:00,23.0149,23.1,22.91,22.955,70609.0
2024-11-11 18:25:00+00:00,22.92,23.275,22.9112,23.17,101651.0
2024-11-11 18:30:00+00:00,23.2,23.44,23.18,23.3975,97895.0
2024-11-11 18:35:00+00:00,23.39,23.49,23.2,23.3295,199863.0
2024-11-11 18:40:00+00:00,23.3,23.61,23.3,23.49,102268.0
2024-11-11 18:45:00+00:00,23.49,23.68,23.49,23.58,62499.0
2024-11-11 18:50:00+00:00,23.5758,23.7,23.53,23.54,77169.0
2024-11-11 18:55:00+00:00,23.53,23.69,23.46,23.67,73509.0
2024-11-11 19:00:00+00:00,23.6619,23.77,23.6001,23.755,57888.0
2024-11-11 19:05:00+00:00,23.75,23.79,23.6459,23.678,50214.0
2024-11-11 19:10:00+00:00,23.665,23.83,23.51,23.83,99796.0
2024-11-11 19:15:00+00:00,23.8441,23.93,23.83,23.9,86272.0
2024-11-11 19:20:00+00:00,23.905,23.95,23.85,23.937,59054.0
2024-11-11 19:25:00+00:00,23.93,24.0,23.88,23.9101,119966.0
2024-11-11 19:30:00+00:00,23.9262,24.1,23.85,24.1,106335.0
2024-11-11 19:35:00+00:00,24.11,24.18,24.04,24.123,89661.0
2024-11-11 19:40:00+00:00,24.14,24.22,24.1,24.145,50514.0
2024-11-11 19:45:00+00:00,24.1463,24.3497,24.1463,24.23,157692.0
2024-11-11 19:50:00+00:00,24.235,24.31,24.2,24.21,98796.0
2024-11-11 19:55:00+00:00,24.2499,24.305,24.19,24.2899,93633.0
2024-11-11 20:00:00+00:00,24.2879,24.39,24.2526,24.37,108324.0
2024-11-11 20:05:00+00:00,24.37,24.465,24.28,24.305,158705.0
2024-11-11 20:10:00+00:00,24.305,24.45,24.2,24.42,124395.0
2024-11-11 20:15:00+00:00,24.43,24.45,24.32,24.325,115787.0
2024-11-11 20:20:00+00:00,24.32,24.5,24.3,24.4601,135444.0
2024-11-11 20:25:00+00:00,24.47,24.4712,24.23,24.265,89046.0
2024-11-11 20:30:00+00:00,24.27,24.38,24.1,24.2601,141149.0
2024-11-11 20:35:00+00:00,24.275,24.275,24.04,24.1776,85222.0
2024-11-11 20:40:00+00:00,24.1692,24.24,24.04,24.115,156368.0
2024-11-11 20:45:00+00:00,24.112,24.17,23.75,23.775,293030.0
2024-11-11 20:50:00+00:00,23.77,23.78,23.215,23.225,456421.0
2024-11-11 20:55:00+00:00,23.22,23.52,23.12,23.49,665515.0
2024-11-11 21:00:00+00:00,23.55,23.7696,23.49,23.5791,244333.0
2024-11-11 21:05:00+00:00,23.56,23.6,23.56,23.6,12827.0
2024-11-11 21:10:00+00:00,23.69,23.69,23.6,23.6,2815.0
2024-11-11 21:15:00+00:00,23.6,23.61,23.51,23.51,6445.0
2024-11-11 21:20:00+00:00,23.51,23.55,23.5,23.5,86390.0
2024-11-11 21:25:00+00:00,23.5,23.54,23.08,23.16,18632.0
2024-11-11 21:30:00+00:00,23.16,23.16,22.9,23.1,7517.0
2024-11-11 21:35:00+00:00,23.05,23.1,22.9969,23.08,5570.0
2024-11-11 21:40:00+00:00,23.49,23.49,22.83,22.83,6060.0
2024-11-11 21:45:00+00:00,22.81,22.81,22.62,22.6999,12730.0
2024-11-11 21:50:00+00:00,22.66,22.95,22.66,22.8,3455.0
2024-11-11 21:55:00+00:00,22.94,22.94,22.89,22.89,1483.0
2024-11-11 22:00:00+00:00,22.85,23.49,22.7,22.7,80189.0
2024-11-11 22:05:00+00:00,22.7011,22.76,22.69,22.74,12329.0
2024-11-11 22:10:00+00:00,22.69,22.75,22.68,22.75,3895.0
2024-11-11 22:15:00+00:00,22.71,22.71,22.61,22.67,8797.0
2024-11-11 22:20:00+00:00,22.7,22.75,22.67,22.7,4291.0
2024-11-11 22:25:00+00:00,22.58,22.7,22.58,22.68,1113.0
2024-11-11 22:30:00+00:00,22.7,22.9,22.7,22.71,870.0
2024-11-11 22:35:00+00:00,22.76,22.82,22.71,22.82,1033.0
2024-11-11 22:40:00+00:00,22.78,22.83,22.78,22.83,3807.0
2024-11-11 22:45:00+00:00,22.91,23.0982,22.91,22.96,1297.0
2024-11-11 22:50:00+00:00,23.1,23.1,22.99,22.99,1465.0
2024-11-11 22:55:00+00:00,22.81,22.81,22.7,22.7,1905.0
2024-11-11 23:00:00+00:00,22.81,22.81,22.77,22.77,1642.0
2024-11-11 23:05:00+00:00,22.7,22.82,22.7,22.72,2047.0
2024-11-11 23:15:00+00:00,22.75,22.75,22.75,22.75,251.0
2024-11-11 23:20:00+00:00,22.71,22.71,22.71,22.71,3856.0
2024-11-11 23:25:00+00:00,23.0,23.0,22.71,22.71,918.0
2024-11-11 23:45:00+00:00,22.95,22.98,22.95,22.98,1370.0
2024-11-11 23:50:00+00:00,22.95,22.95,22.95,22.95,736.0
2024-11-11 23:55:00+00:00,22.95,22.95,22.95,22.95,340.0
2024-11-12 00:00:00+00:00,23.0,23.0,22.95,22.95,289.0
2024-11-12 00:05:00+00:00,22.92,22.92,22.92,22.92,176.0
2024-11-12 00:10:00+00:00,22.8,22.8,22.8,22.8,112.0
2024-11-12 00:15:00+00:00,22.94,22.94,22.94,22.94,100.0
2024-11-12 00:20:00+00:00,22.94,22.94,22.94,22.94,500.0
2024-11-12 00:25:00+00:00,22.8002,22.8002,22.8002,22.8002,383.0
2024-11-12 00:40:00+00:00,22.85,22.85,22.85,22.85,570.0
2024-11-12 00:45:00+00:00,22.91,22.91,22.91,22.91,670.0
2024-11-12 00:50:00+00:00,22.8019,22.89,22.8,22.89,1787.0
2024-11-12 00:55:00+00:00,22.91,22.91,22.91,22.91,240.0
2024-11-12 09:00:00+00:00,22.1,23.49,22.1,23.11,15322.0
2024-11-12 09:05:00+00:00,23.34,23.35,22.9,23.0,19134.0
2024-11-12 09:10:00+00:00,22.95,23.16,22.95,23.02,5281.0
2024-11-12 09:15:00+00:00,23.06,23.1,22.58,22.96,20329.0
2024-11-12 09:20:00+00:00,22.91,23.0,22.89,22.98,5420.0
2024-11-12 09:25:00+00:00,22.96,22.97,22.96,22.97,1398.0
2024-11-12 09:30:00+00:00,22.95,22.99,22.95,22.97,1410.0
2024-11-12 09:35:00+00:00,23.09,23.09,23.09,23.09,2244.0
2024-11-12 09:40:00+00:00,23.08,23.09,23.01,23.02,2114.0
2024-11-12 09:45:00+00:00,23.01,23.24,23.0,23.06,11387.0
2024-11-12 09:50:00+00:00,23.14,23.14,23.08,23.14,6057.0
2024-11-12 09:55:00+00:00,23.14,23.14,23.13,23.14,2940.0
2024-11-12 10:00:00+00:00,23.08,23.09,22.88,22.88,10307.0
2024-11-12 10:05:00+00:00,22.86,22.86,22.65,22.66,11351.0
2024-11-12 10:10:00+00:00,22.66,22.66,22.62,22.62,3089.0
2024-11-12 10:15:00+00:00,22.69,22.69,22.63,22.68,2966.0
2024-11-12 10:20:00+00:00,22.68,22.76,22.68,22.75,1662.0
2024-11-12 10:25:00+00:00,22.72,22.74,22.64,22.74,8988.0
2024-11-12 10:30:00+00:00,22.7,22.9,22.7,22.89,6201.0
2024-11-12 10:35:00+00:00,22.93,23.01,22.9,23.01,13800.0
2024-11-12 10:40:00+00:00,23.02,23.03,23.0,23.0,4800.0
2024-11-12 10:45:00+00:00,23.01,23.01,22.94,23.0,6946.0
2024-11-12 10:50:00+00:00,23.0,23.0,22.9,22.99,6713.0
2024-11-12 10:55:00+00:00,22.96,22.99,22.84,22.84,2334.0
2024-11-12 11:00:00+00:00,22.83,22.94,22.82,22.94,2883.0
2024-11-12 11:05:00+00:00,22.93,23.01,22.93,23.01,5078.0
2024-11-12 11:10:00+00:00,23.01,23.02,23.01,23.02,1019.0
2024-11-12 11:20:00+00:00,23.02,23.1,23.02,23.1,1288.0
2024-11-12 11:25:00+00:00,23.02,23.06,23.02,23.06,512.0
2024-11-12 11:30:00+00:00,23.07,23.1,23.07,23.09,2177.0
2024-11-12 11:35:00+00:00,23.15,23.15,23.15,23.15,362.0
2024-11-12 11:40:00+00:00,23.19,23.19,23.19,23.19,202.0
2024-11-12 11:45:00+00:00,23.14,23.14,23.09,23.1,1602.0
2024-11-12 11:50:00+00:00,23.11,23.18,23.11,23.11,776.0
2024-11-12 12:00:00+00:00,23.18,23.18,23.15,23.15,808.0
2024-11-12 12:05:00+00:00,23.15,23.18,23.15,23.18,795.0
2024-11-12 12:10:00+00:00,23.15,23.16,23.1,23.11,6816.0
2024-11-12 12:15:00+00:00,23.11,23.18,23.1,23.18,2517.0
2024-11-12 12:20:00+00:00,23.09,23.09,23.02,23.02,692.0
2024-11-12 12:25:00+00:00,23.06,23.06,23.01,23.01,4503.0
2024-11-12 12:30:00+00:00,23.01,23.02,23.0,23.0,3220.0
2024-11-12 12:35:00+00:00,22.95,22.99,22.95,22.96,1145.0
2024-11-12 12:40:00+00:00,22.95,23.0,22.95,23.0,861.0
2024-11-12 12:45:00+00:00,23.0,23.0,22.95,22.95,977.0
2024-11-12 12:50:00+00:00,22.97,23.05,22.97,23.05,2141.0
2024-11-12 12:55:00+00:00,23.05,23.07,23.05,23.06,1019.0
2024-11-12 13:00:00+00:00,23.18,23.18,22.77,23.05,24206.0
2024-11-12 13:05:00+00:00,23.05,23.1,23.05,23.09,2311.0
2024-11-12 13:10:00+00:00,23.09,23.15,23.06,23.11,4007.0
2024-11-12 13:15:00+00:00,23.14,23.14,23.1,23.12,2320.0
2024-11-12 13:20:00+00:00,23.1,23.1029,23.05,23.05,4578.0
2024-11-12 13:25:00+00:00,23.05,23.0998,23.05,23.05,3527.0
2024-11-12 13:30:00+00:00,23.02,23.04,23.0,23.0,3946.0
2024-11-12 13:35:00+00:00,23.0,23.04,22.92,22.92,10161.0
2024-11-12 13:40:00+00:00,22.92,22.92,22.85,22.9,7073.0
2024-11-12 13:45:00+00:00,22.8936,23.0,22.89,22.9083,8732.0
2024-11-12 13:50:00+00:00,22.99,23.06,22.99,23.0001,3717.0
2024-11-12 13:55:00+00:00,23.06,23.06,23.0,23.03,2722.0
2024-11-12 14:00:00+00:00,23.05,23.15,23.05,23.15,11044.0
2024-11-12 14:05:00+00:00,23.1,23.12,23.08,23.08,2809.0
2024-11-12 14:10:00+00:00,23.0848,23.12,23.08,23.12,2381.0
2024-11-12 14:15:00+00:00,23.1,23.1,23.0215,23.03,4915.0
2024-11-12 14:20:00+00:00,23.03,23.17,23.03,23.0383,22120.0
2024-11-12 14:25:00+00:00,23.17,23.26,23.17,23.26,9189.0
2024-11-12 14:30:00+00:00,23.35,25.46,23.35,25.46,871297.0
2024-11-12 14:35:00+00:00,25.4401,26.5,25.285,26.1499,1058723.0
2024-11-12 14:40:00+00:00,26.105,26.55,25.2506,25.47,877235.0
2024-11-12 14:45:00+00:00,25.49,26.15,25.3,25.65,711994.0
2024-11-12 14:50:00+00:00,25.6459,26.04,25.4001,26.01,575246.0
2024-11-12 14:55:00+00:00,26.03,26.03,24.6,24.78,912646.0
2024-11-12 15:00:00+00:00,24.76,25.26,24.35,24.95,499813.0
2024-11-12 15:05:00+00:00,24.9284,24.935,24.28,24.6,327953.0
2024-11-12 15:10:00+00:00,24.59,24.8255,24.33,24.68,228903.0
2024-11-12 15:15:00+00:00,24.688,24.96,24.61,24.721,216473.0
2024-11-12 15:20:00+00:00,24.71,24.92,24.5,24.65,256047.0
2024-11-12 15:25:00+00:00,24.635,24.92,24.635,24.73,152513.0
2024-11-12 15:30:00+00:00,24.75,24.8699,24.51,24.585,150336.0
2024-11-12 15:35:00+00:00,24.6041,24.6218,24.1,24.14,192695.0
2024-11-12 15:40:00+00:00,24.13,24.155,23.635,23.6588,343089.0
2024-11-12 15:45:00+00:00,23.66,24.09,23.65,23.8773,176002.0
2024-11-12 15:50:00+00:00,23.86,23.86,23.17,23.21,349018.0
2024-11-12 15:55:00+00:00,23.23,23.32,22.81,22.85,395297.0
2024-11-12 16:00:00+00:00,22.85,23.25,22.845,23.1335,214614.0
2024-11-12 16:05:00+00:00,23.1,23.2,22.95,23.09,154745.0
2024-11-12 16:10:00+00:00,23.1099,23.2,22.85,22.995,170848.0
2024-11-12 16:15:00+00:00,22.99,23.15,22.9515,23.05,103113.0
2024-11-12 16:20:00+00:00,23.05,23.06,22.8701,22.878,126270.0
2024-11-12 16:25:00+00:00,22.87,23.14,22.8,23.0377,175492.0
2024-11-12 16:30:00+00:00,23.03,23.28,23.03,23.28,85657.0
2024-11-12 16:35:00+00:00,23.27,23.29,22.66,22.765,249849.0
2024-11-12 16:40:00+00:00,22.7501,23.0,22.7501,22.88,103652.0
2024-11-12 16:45:00+00:00,22.88,23.01,22.71,22.8,133399.0
2024-11-12 16:50:00+00:00,22.7941,22.85,22.73,22.78,98283.0
2024-11-12 16:55:00+00:00,22.78,22.8,22.65,22.73,102576.0
2024-11-12 17:00:00+00:00,22.725,22.82,22.66,22.815,78931.0
2024-11-12 17:05:00+00:00,22.82,22.8324,22.65,22.7,44480.0
2024-11-12 17:10:00+00:00,22.7,22.78,22.69,22.7464,73189.0
2024-11-12 17:15:00+00:00,22.74,22.77,22.71,22.71,55527.0
2024-11-12 17:20:00+00:00,22.71,22.77,22.695,22.76,35222.0
2024-11-12 17:25:00+00:00,22.76,22.8,22.695,22.74,78633.0
2024-11-12 17:30:00+00:00,22.72,22.79,22.69,22.7401,55709.0
2024-11-12 17:35:00+00:00,22.74,22.8,22.69,22.79,63987.0
2024-11-12 17:40:00+00:00,22.79,22.8,22.675,22.675,65121.0
2024-11-12 17:45:00+00:00,22.6799,22.7,22.6,22.6186,61168.0
2024-11-12 17:50:00+00:00,22.615,22.75,22.615,22.685,30681.0
2024-11-12 17:55:00+00:00,22.685,22.72,22.5,22.51,89291.0
2024-11-12 18:00:00+00:00,22.5,22.73,22.3801,22.665,124868.0
2024-11-12 18:05:00+00:00,22.6601,22.75,22.6501,22.7,78141.0
2024-11-12 18:10:00+00:00,22.69,22.75,22.69,22.7474,36316.0
2024-11-12 18:15:00+00:00,22.7438,22.77,22.69,22.7499,52876.0
2024-11-12 18:20:00+00:00,22.75,22.75,22.61,22.7098,48231.0
2024-11-12 18:25:00+00:00,22.705,22.77,22.685,22.76,37998.0
2024-11-12 18:30:00+00:00,22.755,22.83,22.755,22.795,123732.0
2024-11-12 18:35:00+00:00,22.795,23.1,22.795,23.07,85407.0
2024-11-12 18:40:00+00:00,23.0749,23.35,23.0749,23.325,107706.0
2024-11-12 18:45:00+00:00,23.34,23.3799,23.3,23.3,131773.0
2024-11-12 18:50:00+00:00,23.3,23.437,23.2101,23.35,79800.0
2024-11-12 18:55:00+00:00,23.3101,23.4479,23.3101,23.4201,72278.0
2024-11-12 19:00:00+00:00,23.44,23.59,23.42,23.5501,157557.0
2024-11-12 19:05:00+00:00,23.555,23.56,23.24,23.3406,119608.0
2024-11-12 19:10:00+00:00,23.34,23.34,23.144,23.194,68021.0
2024-11-12 19:15:00+00:00,23.195,23.195,23.0,23.035,80402.0
2024-11-12 19:20:00+00:00,23.09,23.3,23.0501,23.18,49281.0
2024-11-12 19:25:00+00:00,23.1982,23.3,23.19,23.2882,29260.0
2024-11-12 19:30:00+00:00,23.28,23.36,23.265,23.325,61244.0
2024-11-12 19:35:00+00:00,23.325,23.36,23.21,23.315,104541.0
2024-11-12 19:40:00+00:00,23.315,23.36,23.27,23.34,57566.0
2024-11-12 19:45:00+00:00,23.34,23.6,23.3038,23.4701,140019.0
2024-11-12 19:50:00+00:00,23.4912,23.51,23.43,23.49,52564.0
2024-11-12 19:55:00+00:00,23.486,23.49,23.32,23.355,80879.0
2024-11-12 20:00:00+00:00,23.37,23.4991,23.35,23.36,68672.0
2024-11-12 20:05:00+00:00,23.39,23.4699,23.39,23.46,43322.0
2024-11-12 20:10:00+00:00,23.4676,23.53,23.41,23.53,93603.0
2024-11-12 20:15:00+00:00,23.5376,23.55,23.1999,23.21,115803.0
2024-11-12 20:20:00+00:00,23.2099,23.28,23.14,23.27,62202.0
2024-11-12 20:25:00+00:00,23.27,23.3032,23.17,23.245,63335.0
2024-11-12 20:30:00+00:00,23.25,23.4,23.2401,23.365,66001.0
2024-11-12 20:35:00+00:00,23.37,23.37,23.0701,23.184,141556.0
2024-11-12 20:40:00+00:00,23.19,23.2399,23.09,23.1075,82011.0
2024-11-12 20:45:00+00:00,23.1083,23.1083,22.87,22.96,182680.0
2024-11-12 20:50:00+00:00,22.95,23.21,22.9401,23.09,255134.0
2024-11-12 20:55:00+00:00,23.08,23.27,23.02,23.24,248148.0
2024-11-12 21:00:00+00:00,23.24,23.24,23.15,23.16,192280.0
2024-11-12 21:05:00+00:00,23.16,23.2187,23.06,23.12,6129.0
2024-11-12 21:10:00+00:00,23.1,23.1,22.98,22.98,21216.0
2024-11-12 21:15:00+00:00,22.97,22.97,22.85,22.85,5484.0
2024-11-12 21:20:00+00:00,22.8,22.88,22.8,22.8508,6545.0
2024-11-12 21:25:00+00:00,22.88,22.906,22.88,22.906,114933.0
2024-11-12 21:30:00+00:00,22.9505,22.9505,22.9505,22.9505,266.0
2024-11-12 21:35:00+00:00,22.95,22.99,22.93,22.99,4637.0
2024-11-12 21:40:00+00:00,22.94,22.94,22.94,22.94,212.0
2024-11-12 21:45:00+00:00,22.98,22.98,22.93,22.97,1410.0
2024-11-12 21:50:00+00:00,22.9402,22.98,22.94,22.98,4950.0
2024-11-12 21:55:00+00:00,22.98,22.98,22.93,22.9499,5444.0
2024-11-12 22:00:00+00:00,22.96,22.97,22.93,22.93,1370.0
2024-11-12 22:05:00+00:00,22.95,22.95,22.95,22.95,806.0
2024-11-12 22:10:00+00:00,22.9699,22.9699,22.9491,22.95,2606.0
2024-11-12 22:15:00+00:00,22.96,22.96,22.94,22.96,3258.0
2024-11-12 22:20:00+00:00,22.96,22.96,22.93,22.93,2389.0
2024-11-12 22:25:00+00:00,22.94,22.94,22.94,22.94,190.0
2024-11-12 22:30:00+00:00,22.93,22.95,22.91,22.91,695.0
2024-11-12 22:35:00+00:00,22.95,22.95,22.95,22.95,101.0
2024-11-12 22:40:00+00:00,22.96,22.96,22.9599,22.9599,662.0
2024-11-12 22:45:00+00:00,22.97,22.97,22.95,22.95,429.0
2024-11-12 22:50:00+00:00,22.96,22.96,22.96,22.96,104.0
2024-11-12 22:55:00+00:00,22.96,22.96,22.81,22.81,1032.0
2024-11-12 23:00:00+00:00,22.95,22.95,22.94,22.94,907.0
2024-11-12 23:15:00+00:00,22.95,22.96,22.95,22.96,2503.0
2024-11-12 23:30:00+00:00,23.06,23.06,23.05,23.05,400.0
2024-11-12 23:35:00+00:00,23.07,23.07,23.07,23.07,105.0
2024-11-12 23:40:00+00:00,23.07,23.08,23.07,23.08,702.0
2024-11-12 23:45:00+00:00,23.07,23.07,23.07,23.07,150.0
2024-11-13 00:00:00+00:00,23.1,23.1,23.1,23.1,461.0
2024-11-13 00:05:00+00:00,23.15,23.16,23.05,23.16,4447.0
2024-11-13 00:10:00+00:00,23.16,23.16,23.1,23.1,5883.0
2024-11-13 00:15:00+00:00,23.13,23.13,23.13,23.13,300.0
2024-11-13 00:30:00+00:00,23.05,23.05,23.05,23.05,270.0
2024-11-13 00:35:00+00:00,23.09,23.09,23.09,23.09,500.0
2024-11-13 00:55:00+00:00,23.11,23.1183,23.11,23.1183,2050.0
2024-11-13 09:00:00+00:00,23.15,23.9,23.15,23.67,9319.0
2024-11-13 09:05:00+00:00,23.8,24.15,23.73,24.15,8223.0
2024-11-13 09:10:00+00:00,24.1,24.2,24.08,24.13,29910.0
2024-11-13 09:15:00+00:00,24.13,24.17,23.96,24.07,14989.0
2024-11-13 09:20:00+00:00,24.04,24.04,23.89,23.93,7338.0
2024-11-13 09:25:00+00:00,23.99,24.0,23.86,23.86,8922.0
2024-11-13 09:30:00+00:00,23.86,24.05,23.86,23.91,3015.0
2024-11-13 09:35:00+00:00,23.99,23.99,23.93,23.93,2787.0
2024-11-13 09:40:00+00:00,23.96,24.0,23.89,24.0,7918.0
2024-11-13 09:45:00+00:00,23.92,23.99,23.9,23.91,1177.0
