symbol,timestamp,open,high,low,close,volume,trade_count,vwap
AMZN,2025-12-05 00:00:00+00:00,228.95,228.9732,228.95,228.9732,668.0,46.0,228.956844
AMZN,2025-12-05 00:05:00+00:00,228.9305,228.98,228.9305,228.98,946.0,34.0,228.968215
AMZN,2025-12-05 00:10:00+00:00,228.9978,228.9978,228.9978,228.9978,223.0,18.0,228.9978
AMZN,2025-12-05 00:15:00+00:00,228.9952,229.0,228.97,229.0,1038.0,42.0,228.994783
AMZN,2025-12-05 00:20:00+00:00,228.9999,229.05,228.99,229.05,6349.0,113.0,229.000734
AMZN,2025-12-05 00:25:00+00:00,229.05,229.05,228.98,229.05,5263.0,115.0,229.005489
AMZN,2025-12-05 00:30:00+00:00,229.05,229.1,229.05,229.1,4031.0,125.0,229.072347
AMZN,2025-12-05 00:35:00+00:00,229.1,229.17,229.06,229.06,4445.0,116.0,229.122445
AMZN,2025-12-05 00:40:00+00:00,229.15,229.15,229.06,229.12,4288.0,106.0,229.114328
AMZN,2025-12-05 00:45:00+00:00,229.07,229.19,229.07,229.19,3838.0,138.0,229.128381
AMZN,2025-12-05 00:50:00+00:00,229.1202,229.16,229.1202,229.16,3694.0,51.0,229.124309
AMZN,2025-12-05 00:55:00+00:00,229.16,229.16,229.13,229.15,5683.0,155.0,229.143577
AMZN,2025-12-05 09:00:00+00:00,229.99,230.19,229.9,229.92,7805.0,193.0,230.022697
AMZN,2025-12-05 09:05:00+00:00,230.03,230.05,230.0,230.05,3573.0,120.0,230.012169
AMZN,2025-12-05 09:10:00+00:00,230.01,230.04,229.63,229.83,7419.0,237.0,229.89904
AMZN,2025-12-05 09:15:00+00:00,230.0,230.16,230.0,230.06,4257.0,111.0,230.059315
AMZN,2025-12-05 09:20:00+00:00,230.06,230.07,230.0,230.0,2347.0,72.0,230.061629
AMZN,2025-12-05 09:25:00+00:00,230.06,230.06,230.0,230.0,1386.0,37.0,230.014347
AMZN,2025-12-05 09:30:00+00:00,230.02,230.06,230.02,230.06,1104.0,40.0,230.0308
AMZN,2025-12-05 09:35:00+00:00,230.0,230.0,230.0,230.0,1861.0,34.0,230.0
AMZN,2025-12-05 09:40:00+00:00,229.9,229.9,229.87,229.89,958.0,41.0,229.888031
AMZN,2025-12-05 09:45:00+00:00,230.01,230.01,229.81,229.81,1259.0,51.0,229.9575
AMZN,2025-12-05 09:50:00+00:00,229.93,229.93,229.93,229.93,599.0,6.0,229.93
AMZN,2025-12-05 10:00:00+00:00,230.06,230.11,229.98,229.99,3224.0,109.0,230.059589
AMZN,2025-12-05 10:05:00+00:00,230.07,230.07,230.07,230.07,738.0,20.0,230.07
AMZN,2025-12-05 10:10:00+00:00,230.15,230.22,230.15,230.22,1850.0,86.0,230.183333
AMZN,2025-12-05 10:20:00+00:00,230.06,230.06,229.86,229.86,2345.0,131.0,229.989652
AMZN,2025-12-05 10:25:00+00:00,230.0,230.06,230.0,230.05,765.0,23.0,230.026667
AMZN,2025-12-05 10:30:00+00:00,230.08,230.08,230.0,230.0,689.0,37.0,230.046667
AMZN,2025-12-05 10:35:00+00:00,230.03,230.4,229.99,230.27,5897.0,172.0,230.254122
AMZN,2025-12-05 10:40:00+00:00,230.17,230.27,230.17,230.27,685.0,35.0,230.22
AMZN,2025-12-05 10:45:00+00:00,230.2,230.2,230.2,230.2,337.0,17.0,230.2
AMZN,2025-12-05 10:50:00+00:00,230.22,230.3,230.22,230.3,1273.0,19.0,230.236667
AMZN,2025-12-05 10:55:00+00:00,230.35,230.35,230.23,230.23,1319.0,57.0,230.269708
AMZN,2025-12-05 11:00:00+00:00,230.11,230.15,230.06,230.15,1227.0,41.0,230.106667
AMZN,2025-12-05 11:05:00+00:00,230.21,230.21,230.02,230.02,1002.0,66.0,230.145
AMZN,2025-12-05 11:10:00+00:00,230.0,230.16,230.0,230.16,685.0,34.0,230.08
AMZN,2025-12-05 11:15:00+00:00,230.13,230.13,230.01,230.01,811.0,45.0,230.084373
AMZN,2025-12-05 11:20:00+00:00,230.05,230.05,230.05,230.05,589.0,23.0,230.05
AMZN,2025-12-05 11:25:00+00:00,230.04,230.15,230.04,230.05,2157.0,68.0,230.0725
AMZN,2025-12-05 11:30:00+00:00,230.04,230.04,230.01,230.01,713.0,22.0,230.017299
AMZN,2025-12-05 11:35:00+00:00,230.06,230.06,230.06,230.06,441.0,22.0,230.06
AMZN,2025-12-05 11:40:00+00:00,230.12,230.25,230.12,230.25,1165.0,31.0,230.187868
AMZN,2025-12-05 11:45:00+00:00,230.2,230.39,230.2,230.35,3468.0,90.0,230.34783
AMZN,2025-12-05 11:50:00+00:00,230.41,230.45,230.4,230.4,4064.0,115.0,230.418266
AMZN,2025-12-05 11:55:00+00:00,230.36,230.36,230.36,230.36,301.0,14.0,230.36
AMZN,2025-12-05 12:00:00+00:00,230.28,230.33,229.9,229.9,15845.0,561.0,230.041313
AMZN,2025-12-05 12:05:00+00:00,229.92,230.02,229.92,230.0,3016.0,48.0,229.98457
AMZN,2025-12-05 12:10:00+00:00,230.03,230.04,229.96,229.96,3446.0,91.0,230.004037
AMZN,2025-12-05 12:15:00+00:00,230.0,230.0,229.82,229.82,2712.0,124.0,229.860616
AMZN,2025-12-05 12:20:00+00:00,229.8,229.8,229.48,229.65,7619.0,335.0,229.672333
AMZN,2025-12-05 12:25:00+00:00,229.8,230.0,229.8,230.0,15499.0,162.0,229.91619
AMZN,2025-12-05 12:30:00+00:00,230.05,230.25,230.05,230.25,14224.0,156.0,230.117464
AMZN,2025-12-05 12:35:00+00:00,230.2,230.2,230.12,230.14,2127.0,28.0,230.192135
AMZN,2025-12-05 12:45:00+00:00,230.09,230.09,230.09,230.09,660.0,37.0,230.09
AMZN,2025-12-05 12:50:00+00:00,230.04,230.04,230.0,230.0,1024.0,43.0,230.019381
AMZN,2025-12-05 12:55:00+00:00,230.1,230.11,230.09,230.11,1184.0,42.0,230.102951
AMZN,2025-12-05 13:00:00+00:00,230.3604,230.45,229.32,230.1687,148240.0,5303.0,229.986361
AMZN,2025-12-05 13:05:00+00:00,230.17,230.17,230.01,230.01,4344.0,139.0,230.083012
AMZN,2025-12-05 13:10:00+00:00,230.01,230.1,230.0,230.1,9997.0,262.0,230.019467
AMZN,2025-12-05 13:15:00+00:00,230.02,230.1334,230.0,230.1,4332.0,187.0,230.059876
AMZN,2025-12-05 13:20:00+00:00,230.05,230.08,229.98,230.0,11967.0,343.0,230.027916
AMZN,2025-12-05 13:25:00+00:00,230.0,230.0001,229.8,229.9,6314.0,248.0,229.937451
AMZN,2025-12-05 13:30:00+00:00,229.8691,229.974,229.69,229.69,15363.0,379.0,229.804447
AMZN,2025-12-05 13:35:00+00:00,229.65,229.88,229.25,229.3184,16794.0,526.0,229.471779
AMZN,2025-12-05 13:40:00+00:00,229.31,229.45,229.216,229.3031,18130.0,363.0,229.349123
AMZN,2025-12-05 13:45:00+00:00,229.3504,229.3504,229.0,229.0552,23044.0,682.0,229.119745
AMZN,2025-12-05 13:50:00+00:00,229.0578,229.38,228.88,229.2979,17465.0,642.0,229.05016
AMZN,2025-12-05 13:55:00+00:00,229.38,229.5,229.3,229.4,5607.0,193.0,229.373443
AMZN,2025-12-05 14:00:00+00:00,229.3376,229.69,229.3376,229.46,8677.0,225.0,229.523372
AMZN,2025-12-05 14:05:00+00:00,229.45,229.59,229.4,229.59,7826.0,292.0,229.477745
AMZN,2025-12-05 14:10:00+00:00,229.5788,229.72,229.52,229.6356,14577.0,271.0,229.582851
AMZN,2025-12-05 14:15:00+00:00,229.65,229.796,229.42,229.42,14137.0,446.0,229.595484
AMZN,2025-12-05 14:20:00+00:00,229.42,229.648,229.41,229.6199,8166.0,318.0,229.520282
AMZN,2025-12-05 14:25:00+00:00,229.62,230.55,229.46,230.4,52448.0,904.0,230.213804
AMZN,2025-12-05 14:30:00+00:00,230.32,230.87,230.2,230.36,1364348.0,19814.0,230.494911
AMZN,2025-12-05 14:35:00+00:00,230.37,231.17,230.33,230.46,759458.0,12965.0,230.79242
AMZN,2025-12-05 14:40:00+00:00,230.44,230.711,229.99,230.675,610144.0,10586.0,230.278298
AMZN,2025-12-05 14:45:00+00:00,230.67,230.685,229.9,230.19,555391.0,9317.0,230.24349
AMZN,2025-12-05 14:50:00+00:00,230.21,230.87,229.95,230.5634,444889.0,8032.0,230.391179
AMZN,2025-12-05 14:55:00+00:00,230.58,230.8318,230.08,230.335,295792.0,6067.0,230.395619
AMZN,2025-12-05 15:00:00+00:00,230.33,230.45,229.8,230.0999,478524.0,8237.0,230.053467
AMZN,2025-12-05 15:05:00+00:00,230.085,230.33,230.06,230.24,333128.0,6458.0,230.204374
AMZN,2025-12-05 15:10:00+00:00,230.245,230.86,230.1901,230.5,461791.0,10250.0,230.561982
AMZN,2025-12-05 15:15:00+00:00,230.49,230.77,230.3,230.71,340714.0,7182.0,230.555077
AMZN,2025-12-05 15:20:00+00:00,230.7,231.09,230.64,231.03,381455.0,7536.0,230.902024
AMZN,2025-12-05 15:25:00+00:00,231.01,231.15,230.805,230.9384,317204.0,6211.0,230.94079
AMZN,2025-12-05 15:30:00+00:00,230.94,231.2,230.87,231.2,289966.0,6142.0,231.024781
AMZN,2025-12-05 15:35:00+00:00,231.195,231.24,230.8,230.83,292425.0,6323.0,231.010622
AMZN,2025-12-05 15:40:00+00:00,230.8317,230.951,230.7,230.8199,241654.0,5531.0,230.808696
AMZN,2025-12-05 15:45:00+00:00,230.81,230.88,230.51,230.68,259183.0,5204.0,230.694779
AMZN,2025-12-05 15:50:00+00:00,230.67,230.685,230.23,230.295,303592.0,5622.0,230.475752
AMZN,2025-12-05 15:55:00+00:00,230.2551,230.3752,230.07,230.2918,278358.0,5626.0,230.211829
AMZN,2025-12-05 16:00:00+00:00,230.3,230.525,230.17,230.17,225773.0,4545.0,230.32105
AMZN,2025-12-05 16:05:00+00:00,230.16,230.256,230.0,230.1712,253978.0,5582.0,230.126823
AMZN,2025-12-05 16:10:00+00:00,230.18,230.23,229.88,229.92,242424.0,5508.0,230.076317
AMZN,2025-12-05 16:15:00+00:00,229.89,229.945,229.45,229.6932,410236.0,7214.0,229.713371
AMZN,2025-12-05 16:20:00+00:00,229.67,229.93,229.6199,229.625,292392.0,5286.0,229.780157
AMZN,2025-12-05 16:25:00+00:00,229.62,229.9699,229.57,229.674,226785.0,5084.0,229.783504
AMZN,2025-12-05 16:30:00+00:00,229.66,229.66,229.3206,229.4012,245357.0,5862.0,229.490602
AMZN,2025-12-05 16:35:00+00:00,229.415,229.58,229.38,229.4,208616.0,4500.0,229.493155
AMZN,2025-12-05 16:40:00+00:00,229.395,229.58,229.275,229.45,207316.0,4838.0,229.413231
AMZN,2025-12-05 16:45:00+00:00,229.45,229.545,229.22,229.46,243294.0,4658.0,229.419024
AMZN,2025-12-05 16:50:00+00:00,229.47,229.74,229.3907,229.65,261193.0,5237.0,229.557844
AMZN,2025-12-05 16:55:00+00:00,229.63,229.78,229.38,229.4,229251.0,5530.0,229.632682
AMZN,2025-12-05 17:00:00+00:00,229.4,229.72,229.28,229.65,213671.0,5072.0,229.497866
AMZN,2025-12-05 17:05:00+00:00,229.625,229.815,229.5891,229.72,152889.0,3617.0,229.724116
AMZN,2025-12-05 17:10:00+00:00,229.725,229.725,229.3203,229.3362,195550.0,3810.0,229.520862
AMZN,2025-12-05 17:15:00+00:00,229.34,229.4316,229.13,229.165,224365.0,4323.0,229.267415
AMZN,2025-12-05 17:20:00+00:00,229.18,229.43,229.165,229.43,184411.0,3499.0,229.278138
AMZN,2025-12-05 17:25:00+00:00,229.4182,229.484,229.32,229.39,155149.0,3466.0,229.399477
AMZN,2025-12-05 17:30:00+00:00,229.38,229.42,228.87,228.95,331902.0,6303.0,229.091994
AMZN,2025-12-05 17:35:00+00:00,228.93,229.142,228.72,229.142,290743.0,4742.0,228.867409
AMZN,2025-12-05 17:40:00+00:00,229.135,229.18,228.99,229.08,166415.0,3142.0,229.08583
AMZN,2025-12-05 17:45:00+00:00,229.08,229.175,229.01,229.07,168023.0,3150.0,229.094686
AMZN,2025-12-05 17:50:00+00:00,229.06,229.58,229.0,229.57,232934.0,3974.0,229.335962
AMZN,2025-12-05 17:55:00+00:00,229.59,229.6599,229.45,229.64,190929.0,3457.0,229.548934
AMZN,2025-12-05 18:00:00+00:00,229.65,229.69,229.48,229.62,160796.0,2977.0,229.558547
AMZN,2025-12-05 18:05:00+00:00,229.64,229.71,229.5,229.71,132252.0,2925.0,229.603555
AMZN,2025-12-05 18:10:00+00:00,229.7,229.77,229.57,229.62,257876.0,3596.0,229.680748
AMZN,2025-12-05 18:15:00+00:00,229.6165,229.7,229.51,229.59,143594.0,2656.0,229.604185
AMZN,2025-12-05 18:20:00+00:00,229.6,229.6186,229.41,229.57,198259.0,2878.0,229.536041
AMZN,2025-12-05 18:25:00+00:00,229.56,229.89,229.53,229.84,587969.0,3218.0,229.727842
AMZN,2025-12-05 18:30:00+00:00,229.83,229.97,229.66,229.93,182220.0,3952.0,229.823098
AMZN,2025-12-05 18:35:00+00:00,229.91,229.9148,229.77,229.81,160818.0,3238.0,229.846552
AMZN,2025-12-05 18:40:00+00:00,229.81,229.81,229.575,229.68,174413.0,3146.0,229.705101
AMZN,2025-12-05 18:45:00+00:00,229.67,229.86,229.56,229.845,632630.0,2705.0,229.660693
AMZN,2025-12-05 18:50:00+00:00,229.8395,229.89,229.64,229.78,122485.0,2809.0,229.783683
AMZN,2025-12-05 18:55:00+00:00,229.77,229.84,229.72,229.8,643776.0,2542.0,229.784292
AMZN,2025-12-05 19:00:00+00:00,229.805,229.88,229.6982,229.725,129388.0,2707.0,229.782036
AMZN,2025-12-05 19:05:00+00:00,229.725,229.82,229.65,229.725,112694.0,2572.0,229.746736
AMZN,2025-12-05 19:10:00+00:00,229.72,229.867,229.64,229.8302,114438.0,2793.0,229.763676
AMZN,2025-12-05 19:15:00+00:00,229.83,229.88,229.58,229.67,134977.0,3037.0,229.694544
AMZN,2025-12-05 19:20:00+00:00,229.66,229.79,229.54,229.61,136591.0,2924.0,229.662017
AMZN,2025-12-05 19:25:00+00:00,229.6,229.7599,229.57,229.675,117011.0,2540.0,229.666268
AMZN,2025-12-05 19:30:00+00:00,229.67,229.78,229.64,229.75,139947.0,2873.0,229.704365
AMZN,2025-12-05 19:35:00+00:00,229.74,229.76,229.65,229.75,122516.0,2562.0,229.698954
AMZN,2025-12-05 19:40:00+00:00,229.75,229.86,229.53,229.61,166671.0,3242.0,229.711758
AMZN,2025-12-05 19:45:00+00:00,229.6,229.61,229.4548,229.47,129920.0,3052.0,229.509654
AMZN,2025-12-05 19:50:00+00:00,229.47,229.65,229.445,229.65,128409.0,2825.0,229.557565
AMZN,2025-12-05 19:55:00+00:00,229.62,229.73,229.5901,229.7,142725.0,3017.0,229.657605
AMZN,2025-12-05 20:00:00+00:00,229.7,229.745,229.54,229.59,121755.0,3328.0,229.637032
AMZN,2025-12-05 20:05:00+00:00,229.58,229.63,229.49,229.535,135293.0,3161.0,229.562402
AMZN,2025-12-05 20:10:00+00:00,229.535,229.58,229.365,229.37,166843.0,3264.0,229.486209
AMZN,2025-12-05 20:15:00+00:00,229.37,229.61,229.3666,229.51,214797.0,3780.0,229.482113
AMZN,2025-12-05 20:20:00+00:00,229.51,229.53,229.21,229.28,246557.0,4213.0,229.327775
AMZN,2025-12-05 20:25:00+00:00,229.275,229.31,229.13,229.25,224686.0,4594.0,229.237134
AMZN,2025-12-05 20:30:00+00:00,229.25,229.34,229.15,229.22,222975.0,4451.0,229.230248
AMZN,2025-12-05 20:35:00+00:00,229.23,229.33,229.15,229.23,228312.0,4082.0,229.231432
AMZN,2025-12-05 20:40:00+00:00,229.23,229.55,229.14,229.3,286189.0,5380.0,229.249804
AMZN,2025-12-05 20:45:00+00:00,229.31,229.33,228.82,228.98,403217.0,7645.0,229.020412
AMZN,2025-12-05 20:50:00+00:00,228.99,229.5478,228.547,229.3401,1037551.0,15815.0,228.97469
AMZN,2025-12-05 20:55:00+00:00,229.34,229.7,229.185,229.55,1707665.0,19545.0,229.460591
AMZN,2025-12-05 21:00:00+00:00,229.52,229.62,229.32,229.53,8446499.0,627.0,229.53008
AMZN,2025-12-05 21:05:00+00:00,229.52,229.6,229.52,229.53,73564.0,192.0,229.546402
AMZN,2025-12-05 21:10:00+00:00,229.54,229.77,229.4501,229.76,65569.0,417.0,229.600707
AMZN,2025-12-05 21:15:00+00:00,229.76,229.9,229.708,229.7936,110883.0,315.0,229.856918
AMZN,2025-12-05 21:20:00+00:00,229.8,229.8,229.7,229.8,13130.0,109.0,229.746295
AMZN,2025-12-05 21:25:00+00:00,229.75,229.85,229.7144,229.81,8262.0,150.0,229.785852
AMZN,2025-12-05 21:30:00+00:00,229.81,229.89,229.77,229.77,5930.0,142.0,229.816394
AMZN,2025-12-05 21:35:00+00:00,229.77,229.77,229.6002,229.65,4338.0,206.0,229.703081
AMZN,2025-12-05 21:40:00+00:00,229.65,229.66,229.62,229.65,3257.0,62.0,229.64737
AMZN,2025-12-05 21:45:00+00:00,229.644,229.89,229.53,229.86,26732.0,206.0,229.616115
AMZN,2025-12-05 21:50:00+00:00,229.75,229.82,229.7,229.7121,179068.0,109.0,229.768588
AMZN,2025-12-05 21:55:00+00:00,229.65,229.8243,229.65,229.8243,1182.0,38.0,229.666824
AMZN,2025-12-05 22:00:00+00:00,229.53,229.8,229.53,229.8,1603.0,127.0,229.653046
AMZN,2025-12-05 22:05:00+00:00,229.8128,229.83,229.715,229.77,2556.0,119.0,229.810902
AMZN,2025-12-05 22:10:00+00:00,229.75,229.75,229.7496,229.7496,3025.0,31.0,229.749929
AMZN,2025-12-05 22:15:00+00:00,229.7932,229.8,229.73,229.73,4224.0,104.0,229.762054
AMZN,2025-12-05 22:20:00+00:00,229.75,229.8001,229.75,229.8,4728.0,129.0,229.798749
AMZN,2025-12-05 22:25:00+00:00,229.75,229.75,229.749,229.75,2925.0,128.0,229.749764
AMZN,2025-12-05 22:30:00+00:00,229.8,229.91,229.72,229.88,6231.0,242.0,229.782404
AMZN,2025-12-05 22:35:00+00:00,229.71,229.87,229.71,229.87,1678.0,87.0,229.845318
AMZN,2025-12-05 22:40:00+00:00,229.85,229.86,229.75,229.75,3422.0,191.0,229.789519
AMZN,2025-12-05 22:45:00+00:00,229.77,229.85,229.75,229.77,1993.0,77.0,229.777989
AMZN,2025-12-05 22:50:00+00:00,229.8481,229.85,229.8,229.85,2784.0,129.0,229.815895
AMZN,2025-12-05 22:55:00+00:00,229.85,229.85,229.7736,229.7736,480.0,94.0,229.8118
AMZN,2025-12-05 23:00:00+00:00,229.84,229.84,229.71,229.71,5002.0,94.0,229.748002
AMZN,2025-12-05 23:05:00+00:00,229.75,229.85,229.75,229.7667,1266.0,76.0,229.764888
AMZN,2025-12-05 23:10:00+00:00,229.771,229.771,229.771,229.771,530.0,26.0,229.771
AMZN,2025-12-05 23:15:00+00:00,229.84,229.84,229.71,229.71,4695.0,108.0,229.72795
AMZN,2025-12-05 23:20:00+00:00,229.7,229.79,229.7,229.79,2074.0,120.0,229.718648
AMZN,2025-12-05 23:25:00+00:00,229.7657,229.78,229.7657,229.78,854.0,22.0,229.770479
AMZN,2025-12-05 23:30:00+00:00,229.71,229.71,229.6996,229.7,671.0,74.0,229.704311
AMZN,2025-12-05 23:35:00+00:00,229.67,229.68,229.66,229.66,1095.0,79.0,229.67
AMZN,2025-12-05 23:40:00+00:00,229.6501,229.7,229.6501,229.7,2087.0,38.0,229.670444
AMZN,2025-12-05 23:45:00+00:00,229.6244,229.7,229.6244,229.7,1100.0,29.0,229.690343
AMZN,2025-12-05 23:50:00+00:00,229.7,229.7,229.61,229.61,1869.0,64.0,229.648876
AMZN,2025-12-06 00:00:00+00:00,229.68,229.68,229.64,229.65,1288.0,44.0,229.652
AMZN,2025-12-06 00:05:00+00:00,229.68,229.82,229.6615,229.8,3018.0,114.0,229.69833
AMZN,2025-12-06 00:15:00+00:00,229.7951,229.7951,229.74,229.74,339.0,40.0,229.767957
AMZN,2025-12-06 00:20:00+00:00,229.78,229.78,229.78,229.78,160.0,10.0,229.78
AMZN,2025-12-06 00:25:00+00:00,229.76,229.76,229.75,229.7501,556.0,17.0,229.75214
AMZN,2025-12-06 00:30:00+00:00,229.79,229.85,229.79,229.85,2003.0,62.0,229.802969
AMZN,2025-12-06 00:35:00+00:00,229.77,229.77,229.77,229.77,289.0,23.0,229.77
AMZN,2025-12-06 00:40:00+00:00,229.76,229.76,229.76,229.76,306.0,15.0,229.76
AMZN,2025-12-06 00:45:00+00:00,229.78,229.84,229.78,229.81,7029.0,74.0,229.807971
AMZN,2025-12-06 00:50:00+00:00,229.8,229.8,229.66,229.6601,4036.0,74.0,229.733136
AMZN,2025-12-06 00:55:00+00:00,229.7399,229.85,229.65,229.85,3590.0,85.0,229.722561
AMZN,2025-12-08 09:00:00+00:00,230.34,230.41,230.33,230.41,2269.0,149.0,230.341043
AMZN,2025-12-08 09:05:00+00:00,230.34,230.42,230.31,230.42,2475.0,71.0,230.349521
AMZN,2025-12-08 09:10:00+00:00,230.41,230.43,230.4,230.41,1927.0,52.0,230.412941
AMZN,2025-12-08 09:15:00+00:00,230.4,230.4,230.4,230.4,953.0,41.0,230.4
AMZN,2025-12-08 09:20:00+00:00,230.41,230.42,230.37,230.37,1209.0,40.0,230.396563
AMZN,2025-12-08 09:25:00+00:00,230.41,230.44,230.37,230.44,1548.0,32.0,230.404358
AMZN,2025-12-08 09:30:00+00:00,230.45,230.45,230.38,230.45,537.0,16.0,230.428723
AMZN,2025-12-08 09:35:00+00:00,230.47,230.47,230.47,230.47,1548.0,33.0,230.47
AMZN,2025-12-08 09:40:00+00:00,230.41,230.41,230.3,230.3,2065.0,86.0,230.328158
AMZN,2025-12-08 09:45:00+00:00,230.2,230.2,230.08,230.08,4147.0,97.0,230.111502
AMZN,2025-12-08 10:00:00+00:00,230.2,230.2,230.2,230.2,204.0,4.0,230.2
AMZN,2025-12-08 10:10:00+00:00,230.19,230.42,230.19,230.42,2754.0,76.0,230.329906
AMZN,2025-12-08 10:15:00+00:00,230.33,230.33,230.33,230.33,240.0,12.0,230.33
AMZN,2025-12-08 10:30:00+00:00,230.44,230.45,230.44,230.45,650.0,17.0,230.445575
AMZN,2025-12-08 10:35:00+00:00,230.35,230.35,230.35,230.35,249.0,11.0,230.35
AMZN,2025-12-08 10:50:00+00:00,230.41,230.41,230.41,230.41,187.0,16.0,230.41
AMZN,2025-12-08 10:55:00+00:00,230.4,230.41,230.4,230.4,749.0,19.0,230.403817
AMZN,2025-12-08 11:10:00+00:00,230.35,230.35,230.35,230.35,317.0,14.0,230.35
AMZN,2025-12-08 11:25:00+00:00,230.22,230.25,230.2,230.2,1125.0,60.0,230.232659
AMZN,2025-12-08 11:30:00+00:00,230.2,230.94,230.2,230.56,11514.0,346.0,230.627829
AMZN,2025-12-08 11:35:00+00:00,230.89,231.0,230.87,230.88,5901.0,209.0,230.960804
AMZN,2025-12-08 11:40:00+00:00,230.88,230.91,230.7,230.7,2122.0,63.0,230.83917
AMZN,2025-12-08 11:50:00+00:00,230.8,230.8,230.8,230.8,258.0,8.0,230.8
AMZN,2025-12-08 11:55:00+00:00,230.72,230.72,230.7,230.7,2077.0,33.0,230.712584
AMZN,2025-12-08 12:00:00+00:00,230.64,230.64,230.14,230.17,32716.0,398.0,230.208688
AMZN,2025-12-08 12:05:00+00:00,230.2,230.41,230.2,230.41,4797.0,67.0,230.257111
AMZN,2025-12-08 12:10:00+00:00,230.41,230.42,230.23,230.28,4494.0,116.0,230.354296
AMZN,2025-12-08 12:15:00+00:00,230.34,230.34,230.25,230.25,983.0,34.0,230.303425
AMZN,2025-12-08 12:20:00+00:00,230.22,230.27,230.22,230.27,1564.0,50.0,230.25375
AMZN,2025-12-08 12:25:00+00:00,230.25,230.25,230.25,230.25,626.0,29.0,230.25
AMZN,2025-12-08 12:30:00+00:00,230.27,230.28,230.2,230.24,2446.0,75.0,230.239246
AMZN,2025-12-08 12:35:00+00:00,230.2,230.2,230.2,230.2,314.0,8.0,230.2
AMZN,2025-12-08 12:40:00+00:00,230.2,230.28,230.2,230.28,1318.0,40.0,230.234541
AMZN,2025-12-08 12:45:00+00:00,230.3,230.35,230.3,230.35,2254.0,65.0,230.327685
AMZN,2025-12-08 12:50:00+00:00,230.4,230.43,230.38,230.38,1257.0,32.0,230.409665
AMZN,2025-12-08 12:55:00+00:00,230.38,230.38,230.32,230.34,2064.0,50.0,230.37307
AMZN,2025-12-08 13:00:00+00:00,230.42,231.0,230.05,230.3,309576.0,4537.0,230.357557
AMZN,2025-12-08 13:05:00+00:00,230.33,230.41,230.3,230.41,5063.0,155.0,230.351057
AMZN,2025-12-08 13:10:00+00:00,230.4,230.41,230.3,230.3496,4207.0,165.0,230.341661
AMZN,2025-12-08 13:15:00+00:00,230.3571,230.38,230.2,230.2,10229.0,179.0,230.299136
AMZN,2025-12-08 13:20:00+00:00,230.19,230.3528,230.16,230.21,8690.0,235.0,230.228964
AMZN,2025-12-08 13:25:00+00:00,230.33,230.33,230.1672,230.2,4228.0,145.0,230.262285
AMZN,2025-12-08 13:30:00+00:00,230.3042,230.38,229.9,229.9,29731.0,724.0,230.127142
AMZN,2025-12-08 13:35:00+00:00,229.88,230.0,229.7575,229.7575,10212.0,447.0,229.862304
AMZN,2025-12-08 13:40:00+00:00,229.74,229.83,229.7119,229.83,5830.0,181.0,229.772622
AMZN,2025-12-08 13:45:00+00:00,229.81,229.83,229.66,229.71,8186.0,373.0,229.746349
AMZN,2025-12-08 13:50:00+00:00,229.7,229.83,229.7,229.79,13373.0,335.0,229.776453
AMZN,2025-12-08 13:55:00+00:00,229.786,229.83,229.72,229.83,8669.0,375.0,229.794524
AMZN,2025-12-08 14:00:00+00:00,229.83,229.83,229.78,229.78,10276.0,339.0,229.809828
AMZN,2025-12-08 14:05:00+00:00,229.77,229.8299,229.72,229.73,6620.0,319.0,229.773819
AMZN,2025-12-08 14:10:00+00:00,229.83,229.97,229.8,229.9,7380.0,219.0,229.880518
AMZN,2025-12-08 14:15:00+00:00,229.82,229.82,229.6934,229.7124,9198.0,387.0,229.745386
AMZN,2025-12-08 14:20:00+00:00,229.79,229.92,229.78,229.91,13091.0,424.0,229.857151
AMZN,2025-12-08 14:25:00+00:00,229.91,229.98,229.33,229.47,36094.0,821.0,229.654914
AMZN,2025-12-08 14:30:00+00:00,229.64,229.82,228.98,229.7469,1166472.0,28899.0,229.383723
AMZN,2025-12-08 14:35:00+00:00,229.77,230.46,229.7087,230.31,790177.0,13234.0,230.157738
AMZN,2025-12-08 14:40:00+00:00,230.31,230.83,229.809,230.3721,742076.0,12725.0,230.391945
AMZN,2025-12-08 14:45:00+00:00,230.38,230.39,229.05,229.4135,511776.0,9298.0,229.660777
AMZN,2025-12-08 14:50:00+00:00,229.37,229.8947,229.2,229.815,411527.0,7917.0,229.58912
AMZN,2025-12-08 14:55:00+00:00,229.79,229.99,229.532,229.68,371086.0,7195.0,229.715179
AMZN,2025-12-08 15:00:00+00:00,229.685,229.72,229.16,229.38,514317.0,8920.0,229.369248
AMZN,2025-12-08 15:05:00+00:00,229.3815,229.99,229.19,229.72,392807.0,6724.0,229.637662
AMZN,2025-12-08 15:10:00+00:00,229.72,230.1,229.44,229.685,356374.0,9556.0,229.790265
AMZN,2025-12-08 15:15:00+00:00,229.66,229.8,229.38,229.4601,217964.0,5098.0,229.595987
AMZN,2025-12-08 15:20:00+00:00,229.47,229.54,228.77,228.81,414867.0,8654.0,229.155455
AMZN,2025-12-08 15:25:00+00:00,228.81,229.08,228.51,229.04,386191.0,7484.0,228.793891
AMZN,2025-12-08 15:30:00+00:00,229.03,229.3135,228.875,229.15,240134.0,5541.0,229.118308
AMZN,2025-12-08 15:35:00+00:00,229.16,229.241,228.635,228.66,291129.0,6335.0,228.939848
AMZN,2025-12-08 15:40:00+00:00,228.65,228.7,228.21,228.22,416033.0,7572.0,228.526037
AMZN,2025-12-08 15:45:00+00:00,228.22,228.32,227.98,228.23,501973.0,8062.0,228.116856
AMZN,2025-12-08 15:50:00+00:00,228.215,228.33,228.0,228.1201,249476.0,5595.0,228.16407
AMZN,2025-12-08 15:55:00+00:00,228.13,228.22,227.7963,228.0,475417.0,8011.0,227.979103
AMZN,2025-12-08 16:00:00+00:00,228.01,228.02,227.659,227.71,326227.0,6568.0,227.792423
AMZN,2025-12-08 16:05:00+00:00,227.725,227.88,227.61,227.8,240229.0,5358.0,227.774889
AMZN,2025-12-08 16:10:00+00:00,227.82,228.07,227.7,227.76,285016.0,5766.0,227.881967
AMZN,2025-12-08 16:15:00+00:00,227.75,227.79,227.55,227.699,305678.0,6044.0,227.6839
AMZN,2025-12-08 16:20:00+00:00,227.68,228.0999,227.59,228.05,271670.0,5592.0,227.785151
AMZN,2025-12-08 16:25:00+00:00,228.04,228.1,227.65,228.07,226746.0,5260.0,227.907194
AMZN,2025-12-08 16:30:00+00:00,228.039,228.1,227.81,228.06,217637.0,4847.0,227.971761
AMZN,2025-12-08 16:35:00+00:00,228.0513,228.09,227.91,227.99,203739.0,4584.0,228.008506
AMZN,2025-12-08 16:40:00+00:00,228.0,228.3898,227.9901,228.36,309982.0,5765.0,228.180778
AMZN,2025-12-08 16:45:00+00:00,228.35,228.39,228.02,228.035,180800.0,4505.0,228.186457
AMZN,2025-12-08 16:50:00+00:00,228.03,228.17,227.82,227.94,205766.0,5111.0,227.956718
AMZN,2025-12-08 16:55:00+00:00,227.95,228.045,227.875,227.89,163631.0,4246.0,227.95162
AMZN,2025-12-08 17:00:00+00:00,227.87,227.9148,227.35,227.445,338595.0,7140.0,227.601592
AMZN,2025-12-08 17:05:00+00:00,227.44,227.66,227.3601,227.511,195059.0,4816.0,227.534535
AMZN,2025-12-08 17:10:00+00:00,227.48,227.53,227.24,227.38,239294.0,5368.0,227.399106
AMZN,2025-12-08 17:15:00+00:00,227.37,227.5265,227.34,227.35,225050.0,5077.0,227.440534
AMZN,2025-12-08 17:20:00+00:00,227.36,227.55,227.3182,227.39,213302.0,4484.0,227.401247
AMZN,2025-12-08 17:25:00+00:00,227.385,227.54,227.24,227.2799,302206.0,5880.0,227.333656
AMZN,2025-12-08 17:30:00+00:00,227.27,227.42,227.21,227.385,288752.0,5392.0,227.303452
AMZN,2025-12-08 17:35:00+00:00,227.385,227.39,227.2203,227.2584,191174.0,3974.0,227.279001
AMZN,2025-12-08 17:40:00+00:00,227.24,227.41,227.235,227.269,229056.0,4292.0,227.321124
AMZN,2025-12-08 17:45:00+00:00,227.27,227.49,227.21,227.49,179752.0,4126.0,227.315471
AMZN,2025-12-08 17:50:00+00:00,227.47,227.6853,227.47,227.545,192532.0,3943.0,227.575327
AMZN,2025-12-08 17:55:00+00:00,227.56,227.76,227.46,227.715,301146.0,5835.0,227.589404
AMZN,2025-12-08 18:00:00+00:00,227.72,227.77,227.31,227.395,239626.0,4976.0,227.533149
AMZN,2025-12-08 18:05:00+00:00,227.41,227.61,227.3907,227.565,216906.0,4773.0,227.527332
AMZN,2025-12-08 18:10:00+00:00,227.58,227.68,227.42,227.445,226384.0,4198.0,227.548698
AMZN,2025-12-08 18:15:00+00:00,227.445,227.605,227.44,227.48,192855.0,3898.0,227.518047
AMZN,2025-12-08 18:20:00+00:00,227.48,227.495,227.35,227.37,212485.0,3883.0,227.413171
AMZN,2025-12-08 18:25:00+00:00,227.37,227.37,227.02,227.05,321702.0,5609.0,227.190781
AMZN,2025-12-08 18:30:00+00:00,227.03,227.374,227.0,227.25,373366.0,7086.0,227.169207
AMZN,2025-12-08 18:35:00+00:00,227.25,227.25,226.98,227.01,312823.0,5240.0,227.123496
AMZN,2025-12-08 18:40:00+00:00,227.03,227.19,226.92,227.151,213699.0,4293.0,227.00777
AMZN,2025-12-08 18:45:00+00:00,227.1596,227.2735,227.065,227.1098,267042.0,3996.0,227.195997
AMZN,2025-12-08 18:50:00+00:00,227.11,227.14,226.98,227.02,174126.0,3788.0,227.057587
AMZN,2025-12-08 18:55:00+00:00,227.0195,227.04,226.7,226.98,307796.0,5592.0,226.885802
AMZN,2025-12-08 19:00:00+00:00,226.97,227.03,226.75,226.815,236438.0,4024.0,226.894746
AMZN,2025-12-08 19:05:00+00:00,226.83,227.01,226.71,226.9899,198377.0,3734.0,226.859969
AMZN,2025-12-08 19:10:00+00:00,226.99,227.0,226.77,226.8,200493.0,3909.0,226.847599
AMZN,2025-12-08 19:15:00+00:00,226.7955,227.06,226.72,227.051,207357.0,3869.0,226.865464
AMZN,2025-12-08 19:20:00+00:00,227.06,227.2,227.04,227.13,213034.0,3753.0,227.124574
AMZN,2025-12-08 19:25:00+00:00,227.13,227.19,227.01,227.09,165705.0,3388.0,227.097728
AMZN,2025-12-08 19:30:00+00:00,227.09,227.1888,226.715,226.97,246268.0,4527.0,226.949479
AMZN,2025-12-08 19:35:00+00:00,226.96,227.09,226.92,226.935,192532.0,3682.0,227.005858
AMZN,2025-12-08 19:40:00+00:00,226.935,227.07,226.82,226.96,186192.0,4040.0,226.941178
AMZN,2025-12-08 19:45:00+00:00,226.96,227.01,226.84,226.98,183833.0,3829.0,226.928731
AMZN,2025-12-08 19:50:00+00:00,226.99,227.121,226.97,226.98,174459.0,3689.0,227.042114
AMZN,2025-12-08 19:55:00+00:00,226.98,226.99,226.83,226.865,208593.0,4108.0,226.908045
AMZN,2025-12-08 20:00:00+00:00,226.87,227.03,226.78,226.78,184187.0,3835.0,226.905875
AMZN,2025-12-08 20:05:00+00:00,226.775,226.855,226.75,226.83,159687.0,3958.0,226.80807
AMZN,2025-12-08 20:10:00+00:00,226.83,227.03,226.81,227.0,218446.0,4087.0,226.92899
AMZN,2025-12-08 20:15:00+00:00,227.0055,227.15,226.83,226.86,305077.0,5201.0,227.023448
AMZN,2025-12-08 20:20:00+00:00,226.85,226.955,226.76,226.955,201361.0,3981.0,226.85932
AMZN,2025-12-08 20:25:00+00:00,226.95,227.02,226.86,226.9742,249701.0,4848.0,226.965752
AMZN,2025-12-08 20:30:00+00:00,226.98,227.0,226.7942,226.8001,283512.0,5264.0,226.877287
AMZN,2025-12-08 20:35:00+00:00,226.8,226.84,226.73,226.765,284719.0,5619.0,226.775536
AMZN,2025-12-08 20:40:00+00:00,226.76,226.92,226.67,226.78,501380.0,8505.0,226.790105
AMZN,2025-12-08 20:45:00+00:00,226.79,226.9,226.69,226.81,448945.0,8510.0,226.804939
AMZN,2025-12-08 20:50:00+00:00,226.82,227.13,226.326,226.34,969043.0,15066.0,226.865621
AMZN,2025-12-08 20:55:00+00:00,226.345,227.025,226.27,226.99,1796747.0,22832.0,226.722661
AMZN,2025-12-08 21:00:00+00:00,226.995,227.21,226.83,227.0383,8425116.0,846.0,226.890768
AMZN,2025-12-08 21:05:00+00:00,227.084,227.1,227.04,227.1,187749.0,449.0,227.070314
AMZN,2025-12-08 21:10:00+00:00,227.12,227.15,227.04,227.11,14277.0,389.0,227.098245
AMZN,2025-12-08 21:15:00+00:00,227.14,227.15,227.04,227.14,10717.0,275.0,227.111005
AMZN,2025-12-08 21:20:00+00:00,227.11,227.14,227.1,227.1005,36996.0,203.0,227.109843
AMZN,2025-12-08 21:25:00+00:00,227.13,227.23,227.13,227.18,20436.0,279.0,227.17909
AMZN,2025-12-08 21:30:00+00:00,227.2,227.23,227.0,227.14,9159.0,424.0,227.119632
AMZN,2025-12-08 21:35:00+00:00,227.1,227.2378,227.1,227.14,11274.0,326.0,227.151933
AMZN,2025-12-08 21:40:00+00:00,227.14,227.17,227.11,227.17,18816.0,309.0,227.127342
AMZN,2025-12-08 21:45:00+00:00,227.19,227.29,227.01,227.12,12209.0,432.0,227.16462
AMZN,2025-12-08 21:50:00+00:00,227.09,227.12,227.01,227.12,8455.0,324.0,227.058251
AMZN,2025-12-08 21:55:00+00:00,227.1487,227.18,227.0,227.11,12798.0,322.0,227.022207
AMZN,2025-12-08 22:00:00+00:00,227.05,227.1288,227.05,227.1288,3384.0,181.0,227.063526
AMZN,2025-12-08 22:05:00+00:00,227.08,227.1,227.0384,227.1,5116.0,116.0,227.094581
AMZN,2025-12-08 22:10:00+00:00,227.12,227.18,227.01,227.12,2137.0,105.0,227.080606
AMZN,2025-12-08 22:15:00+00:00,227.0136,227.14,227.0,227.0195,4338.0,140.0,227.007476
AMZN,2025-12-08 22:20:00+00:00,227.0001,227.05,227.0,227.02,4476.0,140.0,227.01072
AMZN,2025-12-08 22:25:00+00:00,227.02,227.1176,227.02,227.1,2766.0,159.0,227.052356
AMZN,2025-12-08 22:30:00+00:00,227.05,227.06,227.0,227.049,2874.0,104.0,227.01418
AMZN,2025-12-08 22:35:00+00:00,227.0294,227.05,227.0,227.0,2125.0,102.0,227.010548
AMZN,2025-12-08 22:40:00+00:00,227.01,227.03,227.0,227.03,1833.0,94.0,227.010911
AMZN,2025-12-08 22:45:00+00:00,227.011,227.05,227.0,227.0,7419.0,173.0,227.024148
AMZN,2025-12-08 22:50:00+00:00,227.05,227.1,227.0,227.0,4978.0,214.0,227.054598
AMZN,2025-12-08 22:55:00+00:00,227.05,227.05,226.93,226.9301,7782.0,296.0,226.99234
AMZN,2025-12-08 23:00:00+00:00,226.94,227.1,226.89,227.1,88237.0,156.0,226.900518
AMZN,2025-12-08 23:05:00+00:00,227.0741,227.17,227.0001,227.02,3822.0,152.0,227.034158
AMZN,2025-12-08 23:10:00+00:00,227.06,227.09,227.05,227.05,2651.0,69.0,227.063894
AMZN,2025-12-08 23:15:00+00:00,227.06,227.08,227.01,227.01,2188.0,87.0,227.068387
AMZN,2025-12-08 23:20:00+00:00,227.0002,227.1167,227.0,227.1167,1989.0,77.0,227.008577
AMZN,2025-12-08 23:25:00+00:00,227.0,227.01,226.9,226.9,6423.0,162.0,226.971845
AMZN,2025-12-08 23:30:00+00:00,226.89,227.0,226.88,226.9,40421.0,107.0,226.890968
AMZN,2025-12-08 23:35:00+00:00,227.0,227.1,226.95,227.1,17171.0,103.0,226.999968
AMZN,2025-12-08 23:40:00+00:00,227.0,227.12,227.0,227.01,10231.0,86.0,227.019756
AMZN,2025-12-08 23:45:00+00:00,227.05,227.1,227.0,227.0,10756.0,82.0,227.014039
AMZN,2025-12-08 23:50:00+00:00,227.1,227.13,227.06,227.13,1231.0,71.0,227.097625
AMZN,2025-12-08 23:55:00+00:00,227.1482,227.15,227.0,227.0,5909.0,165.0,227.063206
AMZN,2025-12-09 00:00:00+00:00,227.0,227.0,226.9525,227.0,1560.0,93.0,226.994335
AMZN,2025-12-09 00:05:00+00:00,226.968,227.0,226.968,227.0,2503.0,74.0,226.997524
AMZN,2025-12-09 00:10:00+00:00,226.98,227.0,226.9612,227.0,1774.0,70.0,226.981998
AMZN,2025-12-09 00:15:00+00:00,226.99,227.0,226.98,227.0,1002.0,40.0,226.992994
AMZN,2025-12-09 00:20:00+00:00,227.03,227.03,227.0005,227.0005,1430.0,49.0,227.003182
AMZN,2025-12-09 00:25:00+00:00,226.97,227.11,226.93,227.01,2840.0,142.0,227.012311
AMZN,2025-12-09 00:30:00+00:00,227.06,227.11,227.01,227.01,1483.0,94.0,227.043931
AMZN,2025-12-09 00:35:00+00:00,227.01,227.0942,227.01,227.01,2527.0,95.0,227.057839
AMZN,2025-12-09 00:40:00+00:00,227.0164,227.0486,227.01,227.01,1080.0,67.0,227.032552
AMZN,2025-12-09 00:45:00+00:00,227.03,227.0954,227.01,227.0954,996.0,37.0,227.026971
AMZN,2025-12-09 00:50:00+00:00,227.09,227.09,227.0314,227.0314,1905.0,42.0,227.085213
AMZN,2025-12-09 00:55:00+00:00,227.0881,227.13,227.01,227.1201,6407.0,159.0,227.056157
AMZN,2025-12-09 09:00:00+00:00,227.21,227.21,227.09,227.09,1363.0,79.0,227.121275
AMZN,2025-12-09 09:05:00+00:00,227.01,227.13,227.01,227.13,494.0,22.0,227.094706
AMZN,2025-12-09 09:15:00+00:00,227.08,227.08,226.96,226.96,1592.0,95.0,227.002643
AMZN,2025-12-09 09:20:00+00:00,226.97,226.97,226.91,226.91,775.0,51.0,226.94
AMZN,2025-12-09 09:35:00+00:00,226.92,226.92,226.68,226.75,3617.0,154.0,226.805257
AMZN,2025-12-09 09:40:00+00:00,226.74,226.75,226.74,226.75,494.0,21.0,226.745951
AMZN,2025-12-09 09:45:00+00:00,226.85,226.85,226.85,226.85,502.0,16.0,226.85
AMZN,2025-12-09 09:55:00+00:00,226.82,226.82,226.82,226.82,185.0,8.0,226.82
AMZN,2025-12-09 10:00:00+00:00,226.95,226.98,226.95,226.98,362.0,11.0,226.965
AMZN,2025-12-09 10:20:00+00:00,226.94,226.94,226.94,226.94,200.0,4.0,226.94
AMZN,2025-12-09 10:25:00+00:00,227.05,227.15,227.05,227.15,1034.0,27.0,227.073609
AMZN,2025-12-09 10:35:00+00:00,227.07,227.07,226.54,226.57,6151.0,226.0,226.788061
AMZN,2025-12-09 10:40:00+00:00,226.55,226.95,226.53,226.95,2757.0,87.0,226.71046
AMZN,2025-12-09 10:45:00+00:00,226.97,227.0,226.79,226.79,1301.0,43.0,226.926144
AMZN,2025-12-09 11:00:00+00:00,227.07,227.07,227.04,227.04,248.0,7.0,227.055
AMZN,2025-12-09 11:05:00+00:00,227.18,227.2,227.13,227.13,1192.0,38.0,227.172269
AMZN,2025-12-09 11:10:00+00:00,227.16,227.16,227.13,227.13,911.0,41.0,227.142967
AMZN,2025-12-09 11:15:00+00:00,227.06,227.09,227.01,227.09,4537.0,136.0,227.060482
AMZN,2025-12-09 11:20:00+00:00,227.15,227.2,227.15,227.19,1070.0,31.0,227.177919
AMZN,2025-12-09 11:25:00+00:00,227.15,227.21,227.15,227.21,1129.0,33.0,227.192524
AMZN,2025-12-09 11:30:00+00:00,227.22,227.23,227.22,227.23,744.0,22.0,227.225
AMZN,2025-12-09 11:35:00+00:00,227.2,227.25,227.19,227.19,1232.0,30.0,227.232738
AMZN,2025-12-09 11:40:00+00:00,227.19,227.22,227.13,227.14,1686.0,66.0,227.170885
AMZN,2025-12-09 11:45:00+00:00,227.19,227.19,227.19,227.19,168.0,8.0,227.19
AMZN,2025-12-09 11:50:00+00:00,227.11,227.15,227.11,227.15,689.0,20.0,227.136
AMZN,2025-12-09 12:00:00+00:00,227.12,227.2,227.1,227.2,17467.0,238.0,227.174279
AMZN,2025-12-09 12:05:00+00:00,227.19,227.19,227.12,227.12,511.0,30.0,227.143611
AMZN,2025-12-09 12:10:00+00:00,227.13,227.13,227.12,227.12,1333.0,36.0,227.121237
AMZN,2025-12-09 12:15:00+00:00,227.09,227.09,227.04,227.04,1615.0,45.0,227.056474
AMZN,2025-12-09 12:20:00+00:00,227.05,227.05,226.9,226.9,5649.0,212.0,227.001365
AMZN,2025-12-09 12:25:00+00:00,226.88,226.93,226.88,226.93,669.0,26.0,226.904213
AMZN,2025-12-09 12:30:00+00:00,226.97,227.03,226.86,226.86,7846.0,106.0,226.931448
AMZN,2025-12-09 12:35:00+00:00,226.98,226.98,226.92,226.92,1814.0,41.0,226.95975
AMZN,2025-12-09 12:40:00+00:00,226.9,226.91,226.85,226.86,3791.0,91.0,226.894163
AMZN,2025-12-09 12:45:00+00:00,226.87,227.0,226.84,226.99,12344.0,83.0,226.951591
AMZN,2025-12-09 12:50:00+00:00,227.02,227.03,226.99,227.0,2824.0,44.0,227.005805
AMZN,2025-12-09 12:55:00+00:00,226.97,226.99,226.97,226.98,937.0,27.0,226.979091
AMZN,2025-12-09 13:00:00+00:00,227.0,227.3,226.6,226.88,75858.0,3277.0,226.995634
AMZN,2025-12-09 13:05:00+00:00,226.8213,226.92,226.8213,226.92,994.0,66.0,226.872318
AMZN,2025-12-09 13:10:00+00:00,226.8808,226.95,226.85,226.86,2405.0,74.0,226.870197
AMZN,2025-12-09 13:15:00+00:00,226.8201,226.8201,226.6,226.7,6077.0,285.0,226.769356
AMZN,2025-12-09 13:20:00+00:00,226.76,226.78,226.724,226.73,5444.0,173.0,226.770344
AMZN,2025-12-09 13:25:00+00:00,226.7501,226.77,226.7,226.7,2802.0,108.0,226.75742
AMZN,2025-12-09 13:30:00+00:00,226.7,226.76,226.55,226.5942,4462.0,244.0,226.649348
AMZN,2025-12-09 13:35:00+00:00,226.62,226.7,226.54,226.685,6115.0,252.0,226.595184
AMZN,2025-12-09 13:40:00+00:00,226.6012,226.68,226.56,226.64,223724.0,204.0,226.624678
AMZN,2025-12-09 13:45:00+00:00,226.63,226.71,226.609,226.65,7692.0,191.0,226.638115
AMZN,2025-12-09 13:50:00+00:00,226.61,226.65,226.54,226.54,6975.0,237.0,226.598636
AMZN,2025-12-09 13:55:00+00:00,226.5995,226.65,226.5,226.63,7025.0,184.0,226.613659
AMZN,2025-12-09 14:00:00+00:00,226.65,226.66,226.6,226.6,8001.0,173.0,226.626433
AMZN,2025-12-09 14:05:00+00:00,226.6,226.62,226.44,226.44,10415.0,406.0,226.557195
AMZN,2025-12-09 14:10:00+00:00,226.55,226.63,226.45,226.55,12689.0,315.0,226.536538
AMZN,2025-12-09 14:15:00+00:00,226.6,226.6,226.5,226.5082,5349.0,223.0,226.54379
AMZN,2025-12-09 14:20:00+00:00,226.51,226.5954,226.45,226.52,13691.0,366.0,226.494358
AMZN,2025-12-09 14:25:00+00:00,226.56,226.95,226.56,226.87,17245.0,504.0,226.784043
AMZN,2025-12-09 14:30:00+00:00,226.84,226.86,225.11,225.79,1283274.0,26085.0,226.170315
AMZN,2025-12-09 14:35:00+00:00,225.795,226.95,225.75,226.8,559193.0,9814.0,226.522937
AMZN,2025-12-09 14:40:00+00:00,226.79,227.01,226.08,226.1084,504480.0,9387.0,226.586527
AMZN,2025-12-09 14:45:00+00:00,226.13,226.755,226.03,226.48,401450.0,8404.0,226.335276
AMZN,2025-12-09 14:50:00+00:00,226.5,226.83,226.24,226.81,273685.0,6283.0,226.531032
AMZN,2025-12-09 14:55:00+00:00,226.805,227.35,226.729,227.23,568443.0,8279.0,227.136849
AMZN,2025-12-09 15:00:00+00:00,227.25,227.72,227.08,227.29,355137.0,9569.0,227.371718
AMZN,2025-12-09 15:05:00+00:00,227.28,227.3745,226.82,227.05,236831.0,5919.0,227.0712
AMZN,2025-12-09 15:10:00+00:00,227.05,227.33,226.98,227.21,217151.0,5139.0,227.15542
AMZN,2025-12-09 15:15:00+00:00,227.2001,227.3035,227.04,227.2158,202762.0,4656.0,227.190802
AMZN,2025-12-09 15:20:00+00:00,227.19,227.55,227.13,227.54,171662.0,4455.0,227.312919
AMZN,2025-12-09 15:25:00+00:00,227.55,227.75,227.38,227.66,282838.0,6761.0,227.579954
AMZN,2025-12-09 15:30:00+00:00,227.65,227.79,227.5,227.755,212568.0,5642.0,227.67446
AMZN,2025-12-09 15:35:00+00:00,227.75,228.11,227.65,228.095,328435.0,6792.0,227.870661
AMZN,2025-12-09 15:40:00+00:00,228.11,228.401,227.87,228.355,611687.0,8416.0,228.184525
AMZN,2025-12-09 15:45:00+00:00,228.35,228.44,227.88,228.08,262050.0,5870.0,228.163488
AMZN,2025-12-09 15:50:00+00:00,228.07,228.3,227.97,228.135,219076.0,5070.0,228.192175
AMZN,2025-12-09 15:55:00+00:00,228.155,228.33,228.1299,228.247,192784.0,4199.0,228.23981
AMZN,2025-12-09 16:00:00+00:00,228.23,228.5,228.23,228.36,248254.0,5239.0,228.384262
AMZN,2025-12-09 16:05:00+00:00,228.35,228.4,228.17,228.34,227078.0,4837.0,228.295099
AMZN,2025-12-09 16:10:00+00:00,228.33,228.38,228.18,228.29,185156.0,4009.0,228.309494
AMZN,2025-12-09 16:15:00+00:00,228.29,228.57,228.285,228.3056,241586.0,4831.0,228.414902
AMZN,2025-12-09 16:20:00+00:00,228.31,228.33,228.09,228.11,197323.0,4300.0,228.172627
AMZN,2025-12-09 16:25:00+00:00,228.08,228.14,227.8235,227.84,196455.0,4724.0,227.928817
AMZN,2025-12-09 16:30:00+00:00,227.85,228.19,227.8453,228.18,173998.0,3881.0,228.020896
AMZN,2025-12-09 16:35:00+00:00,228.19,228.27,228.0222,228.08,178702.0,4141.0,228.144456
AMZN,2025-12-09 16:40:00+00:00,228.09,228.09,227.8,227.8001,156982.0,3860.0,227.970191
AMZN,2025-12-09 16:45:00+00:00,227.8,228.08,227.795,227.9708,153005.0,3751.0,227.920231
AMZN,2025-12-09 16:50:00+00:00,227.96,228.17,227.945,228.14,144786.0,3790.0,228.083882
AMZN,2025-12-09 16:55:00+00:00,228.15,228.28,228.1102,228.2,173923.0,3974.0,228.196827
AMZN,2025-12-09 17:00:00+00:00,228.2,228.36,228.13,228.315,165117.0,3720.0,228.229419
AMZN,2025-12-09 17:05:00+00:00,228.315,228.35,228.06,228.11,153447.0,3489.0,228.208111
AMZN,2025-12-09 17:10:00+00:00,228.105,228.21,228.01,228.06,129431.0,2982.0,228.11873
AMZN,2025-12-09 17:15:00+00:00,228.08,228.09,227.81,227.865,157062.0,3479.0,227.936562
AMZN,2025-12-09 17:20:00+00:00,227.865,227.89,227.7,227.79,207721.0,3240.0,227.770737
AMZN,2025-12-09 17:25:00+00:00,227.7805,228.0799,227.77,227.99,172392.0,2740.0,227.942649
AMZN,2025-12-09 17:30:00+00:00,228.02,228.15,227.79,227.79,347056.0,2417.0,228.009643
AMZN,2025-12-09 17:35:00+00:00,227.785,227.9137,227.73,227.845,109434.0,2429.0,227.817117
AMZN,2025-12-09 17:40:00+00:00,227.83,227.89,227.575,227.725,149917.0,2971.0,227.714871
AMZN,2025-12-09 17:45:00+00:00,227.71,227.735,227.6,227.605,125067.0,2600.0,227.679962
AMZN,2025-12-09 17:50:00+00:00,227.595,227.65,227.5401,227.62,161414.0,2840.0,227.601213
AMZN,2025-12-09 17:55:00+00:00,227.62,227.649,227.439,227.5799,201766.0,3928.0,227.536179
AMZN,2025-12-09 18:00:00+00:00,227.55,228.1119,227.42,228.02,216395.0,4026.0,227.766434
AMZN,2025-12-09 18:05:00+00:00,228.035,228.18,228.035,228.15,143171.0,2934.0,228.120419
AMZN,2025-12-09 18:10:00+00:00,228.16,228.28,228.01,228.28,151942.0,3171.0,228.162811
AMZN,2025-12-09 18:15:00+00:00,228.2772,228.38,228.22,228.355,282323.0,2897.0,228.306672
AMZN,2025-12-09 18:20:00+00:00,228.34,228.41,228.27,228.345,98316.0,2354.0,228.326259
AMZN,2025-12-09 18:25:00+00:00,228.3411,228.3411,228.19,228.31,99086.0,2431.0,228.269637
AMZN,2025-12-09 18:30:00+00:00,228.311,228.3695,228.25,228.26,98004.0,2787.0,228.308801
AMZN,2025-12-09 18:35:00+00:00,228.26,228.26,228.05,228.1233,133357.0,3016.0,228.148985
AMZN,2025-12-09 18:40:00+00:00,228.14,228.225,228.08,228.2,575565.0,2716.0,228.156383
AMZN,2025-12-09 18:45:00+00:00,228.2,228.33,228.08,228.3,115475.0,2779.0,228.20944
AMZN,2025-12-09 18:50:00+00:00,228.28,228.41,228.24,228.3088,156722.0,3881.0,228.32977
AMZN,2025-12-09 18:55:00+00:00,228.3096,228.39,228.16,228.16,94294.0,2445.0,228.275597
AMZN,2025-12-09 19:00:00+00:00,228.18,228.26,228.06,228.26,116221.0,2740.0,228.152328
AMZN,2025-12-09 19:05:00+00:00,228.26,228.27,228.14,228.2445,91678.0,2457.0,228.204723
AMZN,2025-12-09 19:10:00+00:00,228.23,228.3,228.09,228.175,119133.0,2227.0,228.151853
AMZN,2025-12-09 19:15:00+00:00,228.16,228.225,228.06,228.14,86660.0,2199.0,228.144482
AMZN,2025-12-09 19:20:00+00:00,228.14,228.19,227.91,227.925,135317.0,2661.0,228.014433
AMZN,2025-12-09 19:25:00+00:00,227.9101,228.085,227.9101,227.98,133100.0,2865.0,227.991321
AMZN,2025-12-09 19:30:00+00:00,227.98,228.05,227.775,227.79,174510.0,2965.0,227.937066
AMZN,2025-12-09 19:35:00+00:00,227.7863,227.93,227.66,227.88,150821.0,3186.0,227.778062
AMZN,2025-12-09 19:40:00+00:00,227.88,227.9584,227.74,227.86,118956.0,2623.0,227.881826
AMZN,2025-12-09 19:45:00+00:00,227.86,227.95,227.8351,227.8643,110378.0,2461.0,227.887211
AMZN,2025-12-09 19:50:00+00:00,227.86,227.9705,227.86,227.92,100751.0,2566.0,227.932646
AMZN,2025-12-09 19:55:00+00:00,227.91,227.9723,227.89,227.91,107521.0,2337.0,227.929745
AMZN,2025-12-09 20:00:00+00:00,227.9,227.93,227.825,227.8665,150602.0,2426.0,227.88521
AMZN,2025-12-09 20:05:00+00:00,227.87,227.97,227.78,227.92,152356.0,3231.0,227.898666
AMZN,2025-12-09 20:10:00+00:00,227.93,228.08,227.89,228.05,193800.0,3463.0,227.980173
AMZN,2025-12-09 20:15:00+00:00,228.05,228.13,227.985,228.12,160634.0,3247.0,228.056209
AMZN,2025-12-09 20:20:00+00:00,228.12,228.2837,228.12,228.23,193627.0,3630.0,228.226482
AMZN,2025-12-09 20:25:00+00:00,228.225,228.23,227.88,227.915,249976.0,4352.0,228.031918
AMZN,2025-12-09 20:30:00+00:00,227.91,227.92,227.65,227.675,204645.0,3722.0,227.741085
AMZN,2025-12-09 20:35:00+00:00,227.69,227.875,227.6733,227.83,142893.0,3129.0,227.77149
AMZN,2025-12-09 20:40:00+00:00,227.82,227.98,227.81,227.98,181763.0,3733.0,227.873505
AMZN,2025-12-09 20:45:00+00:00,227.97,228.045,227.87,227.97,176526.0,4278.0,227.949292
AMZN,2025-12-09 20:50:00+00:00,227.98,228.08,227.65,227.712,457497.0,8803.0,227.931361
AMZN,2025-12-09 20:55:00+00:00,227.72,227.96,227.67,227.9,1005540.0,15355.0,227.83877
AMZN,2025-12-09 21:00:00+00:00,227.95,228.0,227.83,227.9824,6549023.0,504.0,227.920081
AMZN,2025-12-09 21:05:00+00:00,227.92,228.33,227.92,228.1244,33322.0,444.0,228.124921
AMZN,2025-12-09 21:10:00+00:00,228.11,228.1705,227.92,227.96,461872.0,249.0,228.032729
AMZN,2025-12-09 21:15:00+00:00,228.0,228.2,227.95,228.11,12628.0,228.0,228.064979
AMZN,2025-12-09 21:20:00+00:00,228.06,228.16,228.05,228.09,1902.0,70.0,228.091989
AMZN,2025-12-09 21:25:00+00:00,228.07,228.09,228.05,228.08,4121.0,83.0,228.06233
AMZN,2025-12-09 21:30:00+00:00,228.05,228.06,228.0,228.0,4151.0,140.0,228.030488
AMZN,2025-12-09 21:35:00+00:00,228.0,228.0389,228.0,228.0389,2667.0,155.0,228.021234
AMZN,2025-12-09 21:40:00+00:00,228.03,228.08,228.0,228.0,2280.0,81.0,228.028435
AMZN,2025-12-09 21:45:00+00:00,228.07,228.07,227.92,227.92,674.0,49.0,227.995
AMZN,2025-12-09 21:50:00+00:00,228.0,228.0192,228.0,228.0192,371.0,14.0,228.005872
AMZN,2025-12-09 21:55:00+00:00,227.99,227.99,227.98,227.9864,1517.0,74.0,227.984846
AMZN,2025-12-09 22:00:00+00:00,227.96,227.99,227.81,227.82,6839.0,172.0,227.912794
AMZN,2025-12-09 22:05:00+00:00,227.81,227.81,227.81,227.81,1038.0,27.0,227.81
AMZN,2025-12-09 22:10:00+00:00,227.92,227.97,227.81,227.81,1858.0,56.0,227.905376
AMZN,2025-12-09 22:15:00+00:00,227.88,227.88,227.83,227.83,1171.0,197.0,227.851429
AMZN,2025-12-09 22:20:00+00:00,227.83,227.99,227.83,227.95,7590.0,120.0,227.951088
AMZN,2025-12-09 22:25:00+00:00,227.95,227.9785,227.95,227.96,2861.0,126.0,227.953573
AMZN,2025-12-09 22:30:00+00:00,227.92,227.99,227.88,227.89,3980.0,81.0,227.907874
AMZN,2025-12-09 22:35:00+00:00,227.82,227.98,227.82,227.98,638.0,43.0,227.913034
AMZN,2025-12-09 22:40:00+00:00,227.97,227.97,227.97,227.97,679.0,19.0,227.97
AMZN,2025-12-09 22:50:00+00:00,227.97,227.98,227.96,227.96,1376.0,58.0,227.973884
AMZN,2025-12-09 22:55:00+00:00,227.96,227.97,227.9505,227.97,2316.0,59.0,227.963811
AMZN,2025-12-09 23:00:00+00:00,227.98,228.05,227.98,228.05,853.0,39.0,228.011765
AMZN,2025-12-09 23:05:00+00:00,227.9979,228.0,227.96,227.96,1112.0,51.0,227.981673
AMZN,2025-12-09 23:10:00+00:00,228.0,228.0,227.95,227.95,3203.0,58.0,227.960697
AMZN,2025-12-09 23:15:00+00:00,227.9986,227.9991,227.9986,227.9991,957.0,30.0,227.998683
AMZN,2025-12-09 23:20:00+00:00,227.95,227.98,227.95,227.98,518.0,25.0,227.968
AMZN,2025-12-09 23:25:00+00:00,227.9511,228.0099,227.95,227.9513,2432.0,54.0,227.974194
AMZN,2025-12-09 23:30:00+00:00,227.98,227.98,227.95,227.95,571.0,24.0,227.97
AMZN,2025-12-09 23:35:00+00:00,228.0,228.02,228.0,228.0007,1663.0,42.0,228.004727
AMZN,2025-12-09 23:40:00+00:00,228.0,228.05,228.0,228.04,628.0,52.0,228.03
AMZN,2025-12-09 23:45:00+00:00,228.0,228.05,228.0,228.05,1481.0,37.0,228.04108
AMZN,2025-12-09 23:50:00+00:00,228.05,228.05,228.0,228.0,2919.0,88.0,228.012108
AMZN,2025-12-09 23:55:00+00:00,228.01,228.01,227.99,228.0,1311.0,32.0,227.996585
AMZN,2025-12-10 00:00:00+00:00,227.95,227.95,227.9018,227.9383,1690.0,52.0,227.93893
AMZN,2025-12-10 00:05:00+00:00,227.94,227.98,227.94,227.98,913.0,38.0,227.949036
AMZN,2025-12-10 00:10:00+00:00,227.92,228.0,227.92,228.0,3295.0,71.0,227.972332
AMZN,2025-12-10 00:20:00+00:00,227.95,227.95,227.86,227.91,1845.0,68.0,227.91748
AMZN,2025-12-10 00:25:00+00:00,227.95,227.95,227.86,227.86,1715.0,58.0,227.932284
AMZN,2025-12-10 00:30:00+00:00,227.9,227.9,227.831,227.8799,2929.0,31.0,227.879476
AMZN,2025-12-10 00:35:00+00:00,227.9476,227.97,227.9,227.97,1419.0,47.0,227.958387
AMZN,2025-12-10 00:40:00+00:00,227.95,227.95,227.85,227.85,585.0,48.0,227.913333
AMZN,2025-12-10 00:45:00+00:00,227.97,227.97,227.8,227.8,1838.0,55.0,227.836431
AMZN,2025-12-10 00:50:00+00:00,227.8204,227.92,227.8,227.87,5363.0,52.0,227.83539
AMZN,2025-12-10 00:55:00+00:00,227.83,227.92,227.62,227.92,4986.0,108.0,227.773368
AMZN,2025-12-10 09:00:00+00:00,228.48,228.65,228.47,228.48,3182.0,100.0,228.524294
AMZN,2025-12-10 09:05:00+00:00,228.57,228.57,228.57,228.57,289.0,13.0,228.57
AMZN,2025-12-10 09:10:00+00:00,228.58,228.67,228.58,228.67,612.0,20.0,228.616
AMZN,2025-12-10 09:15:00+00:00,228.46,228.46,228.46,228.46,201.0,4.0,228.46
AMZN,2025-12-10 09:25:00+00:00,228.5,228.54,228.5,228.54,2393.0,46.0,228.527978
AMZN,2025-12-10 09:30:00+00:00,228.65,228.65,228.65,228.65,145.0,7.0,228.65
AMZN,2025-12-10 09:40:00+00:00,228.42,228.5,228.42,228.5,429.0,10.0,228.47
AMZN,2025-12-10 10:00:00+00:00,228.49,228.6,228.49,228.6,7064.0,65.0,228.514696
AMZN,2025-12-10 10:05:00+00:00,228.45,228.45,228.45,228.45,1441.0,55.0,228.45
AMZN,2025-12-10 10:10:00+00:00,228.48,228.48,228.48,228.48,601.0,19.0,228.48
AMZN,2025-12-10 10:15:00+00:00,228.41,228.41,228.41,228.41,283.0,8.0,228.41
AMZN,2025-12-10 10:20:00+00:00,228.25,228.25,228.25,228.25,417.0,21.0,228.25
AMZN,2025-12-10 10:25:00+00:00,228.0,228.0,228.0,228.0,1261.0,96.0,228.0
AMZN,2025-12-10 10:30:00+00:00,227.61,227.77,227.5,227.77,5358.0,106.0,227.538462
AMZN,2025-12-10 10:35:00+00:00,227.79,227.79,227.79,227.79,287.0,8.0,227.79
AMZN,2025-12-10 10:40:00+00:00,227.92,228.6,227.92,228.2,11843.0,191.0,228.3379
AMZN,2025-12-10 10:45:00+00:00,228.05,228.19,228.05,228.09,833.0,39.0,228.099587
AMZN,2025-12-10 10:50:00+00:00,228.19,228.2,228.14,228.14,914.0,14.0,228.185151
AMZN,2025-12-10 10:55:00+00:00,228.13,228.21,228.13,228.2,1184.0,34.0,228.193046
AMZN,2025-12-10 11:00:00+00:00,228.08,228.08,227.86,227.88,4406.0,117.0,228.038889
AMZN,2025-12-10 11:05:00+00:00,228.08,228.08,228.08,228.08,115.0,2.0,228.08
AMZN,2025-12-10 11:25:00+00:00,228.02,228.02,228.02,228.02,450.0,17.0,228.02
AMZN,2025-12-10 11:30:00+00:00,228.06,228.72,228.06,228.64,11195.0,219.0,228.433682
AMZN,2025-12-10 11:35:00+00:00,228.65,228.65,228.54,228.55,2152.0,60.0,228.56884
AMZN,2025-12-10 11:40:00+00:00,228.55,228.61,227.94,228.4,4680.0,220.0,228.332775
AMZN,2025-12-10 11:50:00+00:00,228.4,228.58,228.4,228.58,2742.0,91.0,228.505952
AMZN,2025-12-10 11:55:00+00:00,228.5,229.35,228.5,228.77,7465.0,156.0,228.897673
AMZN,2025-12-10 12:00:00+00:00,228.65,228.65,227.5,227.53,37394.0,487.0,227.83785
AMZN,2025-12-10 12:05:00+00:00,227.89,227.89,227.89,227.89,584.0,26.0,227.89
AMZN,2025-12-10 12:10:00+00:00,227.85,227.85,227.81,227.81,318.0,7.0,227.83
AMZN,2025-12-10 12:15:00+00:00,227.84,227.87,227.82,227.85,1605.0,67.0,227.844495
AMZN,2025-12-10 12:20:00+00:00,227.79,227.9,227.79,227.9,1092.0,39.0,227.852315
AMZN,2025-12-10 12:25:00+00:00,228.0,228.27,228.0,228.27,1720.0,53.0,228.11525
AMZN,2025-12-10 12:30:00+00:00,228.16,228.16,228.15,228.15,331.0,7.0,228.155
AMZN,2025-12-10 12:35:00+00:00,228.1,228.26,228.1,228.25,3970.0,98.0,228.177637
AMZN,2025-12-10 12:40:00+00:00,228.3,228.41,228.29,228.34,2933.0,93.0,228.324546
AMZN,2025-12-10 12:45:00+00:00,228.22,228.34,228.21,228.3,2416.0,62.0,228.247333
AMZN,2025-12-10 12:50:00+00:00,228.35,228.45,228.32,228.45,2709.0,93.0,228.376151
AMZN,2025-12-10 12:55:00+00:00,228.46,228.7,228.45,228.7,4690.0,113.0,228.605256
AMZN,2025-12-10 13:00:00+00:00,228.67,228.8,227.5,228.6915,69422.0,4409.0,228.286146
AMZN,2025-12-10 13:05:00+00:00,228.7,228.72,228.4515,228.5,10414.0,243.0,228.587615
AMZN,2025-12-10 13:10:00+00:00,228.52,228.7,228.47,228.7,10871.0,169.0,228.577127
AMZN,2025-12-10 13:15:00+00:00,228.74,229.49,228.74,229.45,24497.0,652.0,229.014661
AMZN,2025-12-10 13:20:00+00:00,229.44,229.7,229.44,229.6,15513.0,499.0,229.574399
AMZN,2025-12-10 13:25:00+00:00,229.65,229.79,229.557,229.71,21155.0,438.0,229.708291
AMZN,2025-12-10 13:30:00+00:00,229.74,229.74,229.34,229.4,9177.0,276.0,229.522663
AMZN,2025-12-10 13:35:00+00:00,229.3,229.53,229.21,229.3,19181.0,373.0,229.383474
AMZN,2025-12-10 13:40:00+00:00,229.32,229.7,229.32,229.4886,12942.0,346.0,229.50201
AMZN,2025-12-10 13:45:00+00:00,229.5,229.74,229.4672,229.62,12331.0,351.0,229.626758
AMZN,2025-12-10 13:50:00+00:00,229.6,229.74,229.4729,229.73,16003.0,349.0,229.64963
AMZN,2025-12-10 13:55:00+00:00,229.715,229.74,229.5,229.5235,9838.0,253.0,229.638283
AMZN,2025-12-10 14:00:00+00:00,229.54,229.54,229.1512,229.1512,13942.0,462.0,229.279958
AMZN,2025-12-10 14:05:00+00:00,229.1963,229.43,229.03,229.35,15486.0,395.0,229.247884
AMZN,2025-12-10 14:10:00+00:00,229.4,229.54,229.26,229.48,18514.0,340.0,229.462474
AMZN,2025-12-10 14:15:00+00:00,229.43,229.7,229.2581,229.41,21811.0,477.0,229.400126
AMZN,2025-12-10 14:20:00+00:00,229.41,229.5,229.25,229.25,19249.0,334.0,229.363257
AMZN,2025-12-10 14:25:00+00:00,229.25,229.25,228.65,228.75,33989.0,820.0,228.926237
AMZN,2025-12-10 14:30:00+00:00,228.805,230.04,228.46,229.6827,1670135.0,23058.0,229.028746
AMZN,2025-12-10 14:35:00+00:00,229.688,231.54,229.63,231.12,1773748.0,20517.0,230.619629
AMZN,2025-12-10 14:40:00+00:00,231.11,231.73,231.07,231.1,916668.0,13585.0,231.361379
AMZN,2025-12-10 14:45:00+00:00,231.12,232.24,231.1,231.93,886544.0,12637.0,231.754185
AMZN,2025-12-10 14:50:00+00:00,231.95,232.42,231.931,232.07,763262.0,11896.0,232.197528
AMZN,2025-12-10 14:55:00+00:00,232.08,232.15,231.18,231.28,909142.0,13646.0,231.564536
AMZN,2025-12-10 15:00:00+00:00,231.26,231.49,230.71,231.35,835528.0,10810.0,231.100317
AMZN,2025-12-10 15:05:00+00:00,231.3471,231.77,231.08,231.64,377101.0,8696.0,231.471769
AMZN,2025-12-10 15:10:00+00:00,231.62,231.83,231.28,231.52,348135.0,6422.0,231.617013
AMZN,2025-12-10 15:15:00+00:00,231.515,231.8,231.287,231.6251,223745.0,4892.0,231.573376
AMZN,2025-12-10 15:20:00+00:00,231.61,231.99,231.5029,231.81,353237.0,6624.0,231.763319
AMZN,2025-12-10 15:25:00+00:00,231.81,231.94,231.5001,231.735,256035.0,5475.0,231.709966
AMZN,2025-12-10 15:30:00+00:00,231.735,232.0,231.49,231.52,394397.0,6967.0,231.81694
AMZN,2025-12-10 15:35:00+00:00,231.51,231.565,230.92,231.18,380516.0,7131.0,231.189436
AMZN,2025-12-10 15:40:00+00:00,231.202,231.4,231.0304,231.23,195181.0,4486.0,231.256797
AMZN,2025-12-10 15:45:00+00:00,231.2277,231.4601,230.85,231.46,367249.0,6038.0,231.062493
AMZN,2025-12-10 15:50:00+00:00,231.46,231.57,230.71,230.7217,278373.0,5403.0,231.206277
AMZN,2025-12-10 15:55:00+00:00,230.735,230.78,230.5,230.605,230406.0,5191.0,230.649086
AMZN,2025-12-10 16:00:00+00:00,230.61,230.62,230.0,230.26,476914.0,8301.0,230.21897
AMZN,2025-12-10 16:05:00+00:00,230.2746,231.01,230.18,230.9196,230966.0,5370.0,230.556154
AMZN,2025-12-10 16:10:00+00:00,230.93,231.54,230.8233,231.53,343627.0,5904.0,231.294296
AMZN,2025-12-10 16:15:00+00:00,231.55,232.02,231.5253,231.975,392152.0,6354.0,231.773035
AMZN,2025-12-10 16:20:00+00:00,231.99,232.015,231.5175,231.54,273231.0,5114.0,231.736734
AMZN,2025-12-10 16:25:00+00:00,231.5426,231.69,231.29,231.658,185884.0,4602.0,231.491471
AMZN,2025-12-10 16:30:00+00:00,231.64,231.81,231.49,231.805,199833.0,4415.0,231.64527
AMZN,2025-12-10 16:35:00+00:00,231.8,231.84,231.515,231.57,118792.0,3703.0,231.664459
AMZN,2025-12-10 16:40:00+00:00,231.535,231.59,231.36,231.37,131071.0,3978.0,231.479997
AMZN,2025-12-10 16:45:00+00:00,231.35,231.5,231.21,231.5,164238.0,3674.0,231.345226
AMZN,2025-12-10 16:50:00+00:00,231.5,231.635,231.38,231.61,193356.0,4230.0,231.515891
AMZN,2025-12-10 16:55:00+00:00,231.6104,231.91,231.525,231.88,183064.0,4170.0,231.737288
AMZN,2025-12-10 17:00:00+00:00,231.87,232.11,231.7482,231.9501,217808.0,4271.0,231.937682
AMZN,2025-12-10 17:05:00+00:00,231.93,232.05,231.72,231.83,236409.0,3629.0,231.907034
AMZN,2025-12-10 17:10:00+00:00,231.83,231.86,231.52,231.545,153115.0,2998.0,231.745273
AMZN,2025-12-10 17:15:00+00:00,231.54,231.63,231.0345,231.04,261657.0,4617.0,231.313808
AMZN,2025-12-10 17:20:00+00:00,231.03,231.0963,230.68,230.855,272118.0,4272.0,230.854217
AMZN,2025-12-10 17:25:00+00:00,230.86,230.865,230.6492,230.73,133760.0,2769.0,230.773713
AMZN,2025-12-10 17:30:00+00:00,230.71,230.87,230.62,230.76,175270.0,3300.0,230.754736
AMZN,2025-12-10 17:35:00+00:00,230.75,231.04,230.73,230.85,211884.0,3065.0,230.904421
AMZN,2025-12-10 17:40:00+00:00,230.86,230.9699,230.84,230.93,139495.0,2785.0,230.906964
AMZN,2025-12-10 17:45:00+00:00,230.95,231.13,230.832,231.08,127643.0,2649.0,230.985232
AMZN,2025-12-10 17:50:00+00:00,231.08,231.44,231.071,231.3999,171391.0,3304.0,231.242238
AMZN,2025-12-10 17:55:00+00:00,231.385,231.6,231.38,231.48,170047.0,3511.0,231.481476
AMZN,2025-12-10 18:00:00+00:00,231.475,231.49,231.065,231.08,161775.0,3266.0,231.295404
AMZN,2025-12-10 18:05:00+00:00,231.08,231.3799,231.05,231.235,162807.0,2700.0,231.196694
AMZN,2025-12-10 18:10:00+00:00,231.23,231.23,230.955,231.06,123566.0,2838.0,231.059593
AMZN,2025-12-10 18:15:00+00:00,231.06,231.08,230.855,230.9399,132676.0,2863.0,230.939667
AMZN,2025-12-10 18:20:00+00:00,230.9216,230.9299,230.63,230.66,121981.0,2926.0,230.758328
AMZN,2025-12-10 18:25:00+00:00,230.65,230.67,230.19,230.335,234393.0,4205.0,230.365374
AMZN,2025-12-10 18:30:00+00:00,230.32,230.45,230.21,230.36,151851.0,3524.0,230.361343
AMZN,2025-12-10 18:35:00+00:00,230.36,230.52,230.25,230.335,116231.0,2700.0,230.387154
AMZN,2025-12-10 18:40:00+00:00,230.31,230.34,230.0,230.01,266369.0,4309.0,230.111441
AMZN,2025-12-10 18:45:00+00:00,230.02,230.21,229.89,230.17,816572.0,3760.0,230.047598
AMZN,2025-12-10 18:50:00+00:00,230.15,230.15,229.87,230.0,206943.0,3669.0,230.002959
AMZN,2025-12-10 18:55:00+00:00,230.0,230.0699,229.84,229.96,168161.0,3244.0,229.936971
AMZN,2025-12-10 19:00:00+00:00,229.95,230.97,229.846,230.52,389551.0,6766.0,230.54521
AMZN,2025-12-10 19:05:00+00:00,230.51,231.25,230.47,231.185,370795.0,5314.0,230.919272
AMZN,2025-12-10 19:10:00+00:00,231.22,231.41,230.29,230.345,323164.0,5067.0,230.74334
AMZN,2025-12-10 19:15:00+00:00,230.35,230.89,230.335,230.56,274129.0,4675.0,230.657067
AMZN,2025-12-10 19:20:00+00:00,230.57,230.6385,230.05,230.075,194685.0,3732.0,230.375921
AMZN,2025-12-10 19:25:00+00:00,230.08,230.3856,229.9495,230.265,240473.0,4316.0,230.171139
AMZN,2025-12-10 19:30:00+00:00,230.28,231.15,230.2,230.94,308800.0,6180.0,230.635393
AMZN,2025-12-10 19:35:00+00:00,230.965,231.38,230.53,231.04,431209.0,8413.0,230.986493
AMZN,2025-12-10 19:40:00+00:00,231.015,231.05,229.8,230.207,470815.0,8992.0,230.329058
AMZN,2025-12-10 19:45:00+00:00,230.17,230.8,230.1592,230.54,219201.0,4681.0,230.569298
AMZN,2025-12-10 19:50:00+00:00,230.52,231.48,230.41,231.2,322278.0,5785.0,231.02452
AMZN,2025-12-10 19:55:00+00:00,231.1876,231.74,231.1876,231.62,308451.0,5670.0,231.468326
AMZN,2025-12-10 20:00:00+00:00,231.61,231.74,231.33,231.64,312491.0,6466.0,231.513389
AMZN,2025-12-10 20:05:00+00:00,231.63,231.95,231.52,231.9,342356.0,6230.0,231.789262
AMZN,2025-12-10 20:10:00+00:00,231.92,232.12,231.685,232.11,437227.0,6973.0,231.962139
AMZN,2025-12-10 20:15:00+00:00,232.11,232.23,231.56,231.74,382126.0,6580.0,231.930327
AMZN,2025-12-10 20:20:00+00:00,231.74,231.94,231.6199,231.725,714367.0,5137.0,231.764505
AMZN,2025-12-10 20:25:00+00:00,231.725,232.025,231.63,231.92,290396.0,4924.0,231.882106
AMZN,2025-12-10 20:30:00+00:00,231.915,232.2699,231.87,232.225,314686.0,5816.0,232.106307
AMZN,2025-12-10 20:35:00+00:00,232.2201,232.387,232.1,232.27,377476.0,6459.0,232.242371
AMZN,2025-12-10 20:40:00+00:00,232.26,232.355,232.09,232.15,324119.0,6195.0,232.201924
AMZN,2025-12-10 20:45:00+00:00,232.16,232.3,232.15,232.24,515260.0,6606.0,232.218206
AMZN,2025-12-10 20:50:00+00:00,232.23,232.28,231.555,232.12,684995.0,12195.0,231.870631
AMZN,2025-12-10 20:55:00+00:00,232.1,232.29,231.65,231.69,1878087.0,20104.0,231.856054
AMZN,2025-12-10 21:00:00+00:00,231.69,231.78,231.2,231.46,6377146.0,734.0,231.778952
AMZN,2025-12-10 21:05:00+00:00,231.5,231.5,231.0,231.35,38018.0,772.0,231.20048
AMZN,2025-12-10 21:10:00+00:00,231.2563,231.78,231.2563,231.52,42164.0,476.0,231.557702
AMZN,2025-12-10 21:15:00+00:00,231.4998,231.75,231.4998,231.5,8351.0,235.0,231.544194
AMZN,2025-12-10 21:20:00+00:00,231.48,231.56,231.36,231.51,445960.0,207.0,231.467787
AMZN,2025-12-10 21:25:00+00:00,231.432,231.6,231.432,231.52,3846.0,168.0,231.520426
AMZN,2025-12-10 21:30:00+00:00,231.5005,231.6,231.5,231.59,5160.0,163.0,231.548365
AMZN,2025-12-10 21:35:00+00:00,231.55,231.56,231.5,231.51,3661.0,141.0,231.513129
AMZN,2025-12-10 21:40:00+00:00,231.5096,231.5723,231.43,231.57,9437.0,170.0,231.523109
AMZN,2025-12-10 21:45:00+00:00,231.5577,231.78,231.2448,231.78,9518.0,236.0,231.480076
AMZN,2025-12-10 21:50:00+00:00,231.44,231.6447,231.44,231.6,6927.0,186.0,231.576399
AMZN,2025-12-10 21:55:00+00:00,231.6,231.78,231.5,231.65,443102.0,159.0,231.593966
AMZN,2025-12-10 22:00:00+00:00,231.52,231.52,231.52,231.52,239.0,20.0,231.52
AMZN,2025-12-10 22:05:00+00:00,231.64,231.7,231.64,231.65,2986.0,83.0,231.668604
AMZN,2025-12-10 22:10:00+00:00,231.65,231.67,231.5355,231.61,2408.0,131.0,231.609258
AMZN,2025-12-10 22:15:00+00:00,231.6004,231.78,231.544,231.76,7749.0,255.0,231.667423
AMZN,2025-12-10 22:20:00+00:00,231.7562,231.7562,231.53,231.53,4341.0,128.0,231.567289
AMZN,2025-12-10 22:25:00+00:00,231.6,231.7,231.51,231.53,4872.0,213.0,231.589719
AMZN,2025-12-10 22:30:00+00:00,231.51,231.51,231.2956,231.2956,3198.0,102.0,231.448865
AMZN,2025-12-10 22:35:00+00:00,231.34,231.4,231.0,231.0,5747.0,209.0,231.153879
AMZN,2025-12-10 22:40:00+00:00,231.0,231.3,230.8,230.92,7289.0,106.0,231.179032
AMZN,2025-12-10 22:45:00+00:00,231.0,231.29,231.0,231.1366,5729.0,143.0,231.111585
AMZN,2025-12-10 22:50:00+00:00,231.12,231.13,230.9,230.99,4637.0,180.0,231.027332
AMZN,2025-12-10 22:55:00+00:00,230.92,231.25,230.9159,231.0585,2444.0,118.0,230.989487
AMZN,2025-12-10 23:00:00+00:00,231.25,231.69,231.25,231.5,6238.0,217.0,231.519143
AMZN,2025-12-10 23:05:00+00:00,231.01,231.48,231.01,231.4,965.0,35.0,231.371667
AMZN,2025-12-10 23:10:00+00:00,231.3,231.36,231.19,231.2,1299632.0,117.0,231.316
AMZN,2025-12-10 23:15:00+00:00,231.2,231.2,230.5,230.75,11343.0,235.0,230.895183
AMZN,2025-12-10 23:20:00+00:00,230.8,230.95,230.8,230.9499,1841.0,55.0,230.913417
AMZN,2025-12-10 23:25:00+00:00,230.8589,230.94,230.85,230.85,670.0,25.0,230.86844
AMZN,2025-12-10 23:30:00+00:00,230.85,230.8501,230.8,230.8,1216.0,57.0,230.832732
AMZN,2025-12-10 23:35:00+00:00,230.76,230.76,230.68,230.6999,7294.0,149.0,230.705821
AMZN,2025-12-10 23:40:00+00:00,230.61,230.7,230.61,230.7,368.0,25.0,230.655
AMZN,2025-12-10 23:45:00+00:00,230.8,230.94,230.7,230.94,842.0,34.0,230.829771
AMZN,2025-12-10 23:50:00+00:00,230.94,230.95,230.94,230.9499,893.0,34.0,230.94674
AMZN,2025-12-10 23:55:00+00:00,230.92,230.94,230.82,230.82,1022.0,45.0,230.875
AMZN,2025-12-11 00:00:00+00:00,230.95,230.95,230.5,230.6,4660.0,138.0,230.748948
AMZN,2025-12-11 00:05:00+00:00,230.7,230.7,230.51,230.62,2936.0,89.0,230.639042
AMZN,2025-12-11 00:10:00+00:00,230.58,230.7899,230.58,230.7153,3867.0,72.0,230.708749
AMZN,2025-12-11 00:15:00+00:00,230.77,230.77,230.7403,230.7403,948.0,41.0,230.7551
AMZN,2025-12-11 00:20:00+00:00,230.88,230.94,230.87,230.9,1834.0,85.0,230.90375
AMZN,2025-12-11 00:25:00+00:00,230.85,231.0,230.82,231.0,3676.0,128.0,230.949815
AMZN,2025-12-11 00:30:00+00:00,231.2116,231.2116,230.86,230.86,1390.0,37.0,230.99489
AMZN,2025-12-11 00:35:00+00:00,230.86,231.004,230.58,230.58,4425.0,169.0,230.694024
AMZN,2025-12-11 00:40:00+00:00,230.9612,230.9612,230.65,230.65,748.0,28.0,230.783562
AMZN,2025-12-11 00:45:00+00:00,230.5259,230.55,230.5259,230.55,1142.0,48.0,230.537322
AMZN,2025-12-11 00:50:00+00:00,230.5,230.75,230.5,230.51,7790.0,104.0,230.507399
AMZN,2025-12-11 00:55:00+00:00,230.5,230.5,230.5,230.5,1502.0,58.0,230.5
AMZN,2025-12-11 09:00:00+00:00,228.69,229.51,228.69,229.5,9048.0,258.0,229.309246
AMZN,2025-12-11 09:05:00+00:00,229.28,229.69,229.28,229.65,2746.0,74.0,229.555051
AMZN,2025-12-11 09:15:00+00:00,229.69,229.89,229.69,229.84,4041.0,110.0,229.764809
AMZN,2025-12-11 09:20:00+00:00,229.91,229.91,229.78,229.78,1953.0,67.0,229.844027
AMZN,2025-12-11 09:25:00+00:00,229.52,229.52,229.15,229.21,7338.0,154.0,229.212545
AMZN,2025-12-11 09:30:00+00:00,229.51,229.82,229.51,229.82,2130.0,50.0,229.738255
AMZN,2025-12-11 09:35:00+00:00,229.44,229.45,229.44,229.45,560.0,25.0,229.445283
AMZN,2025-12-11 09:40:00+00:00,229.66,229.67,229.59,229.59,688.0,17.0,229.641013
AMZN,2025-12-11 09:45:00+00:00,229.78,229.78,229.78,229.78,511.0,21.0,229.78
AMZN,2025-12-11 09:50:00+00:00,229.8,230.42,229.8,230.26,4386.0,123.0,230.149384
AMZN,2025-12-11 09:55:00+00:00,230.05,230.05,229.72,229.78,2313.0,102.0,229.857143
AMZN,2025-12-11 10:00:00+00:00,229.94,229.94,229.9,229.93,739.0,13.0,229.92
AMZN,2025-12-11 10:05:00+00:00,229.8,229.8,229.79,229.79,475.0,13.0,229.796667
AMZN,2025-12-11 10:10:00+00:00,229.98,230.0,229.98,230.0,1070.0,22.0,229.995261
AMZN,2025-12-11 10:15:00+00:00,230.29,230.38,230.2,230.2,1846.0,55.0,230.307974
AMZN,2025-12-11 10:20:00+00:00,230.18,230.31,230.18,230.23,3933.0,64.0,230.241157
AMZN,2025-12-11 10:25:00+00:00,230.21,230.21,230.21,230.21,271.0,14.0,230.21
AMZN,2025-12-11 10:30:00+00:00,230.1,230.15,230.1,230.15,793.0,27.0,230.116667
AMZN,2025-12-11 10:35:00+00:00,230.11,230.11,229.99,229.99,1803.0,54.0,230.034444
AMZN,2025-12-11 10:40:00+00:00,229.95,229.95,229.82,229.82,2224.0,80.0,229.87
AMZN,2025-12-11 10:45:00+00:00,229.89,229.9,229.82,229.88,1876.0,57.0,229.876
AMZN,2025-12-11 10:55:00+00:00,229.88,229.88,229.88,229.88,364.0,14.0,229.88
AMZN,2025-12-11 11:00:00+00:00,229.73,229.73,229.73,229.73,108.0,2.0,229.73
AMZN,2025-12-11 11:05:00+00:00,230.14,230.27,230.11,230.11,1737.0,28.0,230.231974
AMZN,2025-12-11 11:10:00+00:00,230.0,230.0,230.0,230.0,688.0,20.0,230.0
AMZN,2025-12-11 11:15:00+00:00,229.94,230.01,229.94,230.0,1683.0,49.0,229.95738
AMZN,2025-12-11 11:25:00+00:00,230.05,230.05,230.0,230.0,1391.0,42.0,230.023706
AMZN,2025-12-11 11:35:00+00:00,229.75,229.75,229.75,229.75,656.0,34.0,229.75
AMZN,2025-12-11 11:40:00+00:00,229.93,229.93,229.93,229.93,212.0,12.0,229.93
AMZN,2025-12-11 11:45:00+00:00,229.98,229.99,229.9,229.9,1505.0,59.0,229.95029
AMZN,2025-12-11 11:50:00+00:00,230.0,230.0,229.95,229.95,996.0,30.0,229.984709
AMZN,2025-12-11 11:55:00+00:00,230.0,230.18,230.0,230.18,1827.0,50.0,230.100195
AMZN,2025-12-11 12:00:00+00:00,230.31,230.42,230.12,230.16,7713.0,214.0,230.297874
AMZN,2025-12-11 12:05:00+00:00,230.15,230.18,229.94,230.01,7329.0,139.0,230.011874
AMZN,2025-12-11 12:10:00+00:00,230.17,230.17,230.13,230.16,3043.0,82.0,230.150797
AMZN,2025-12-11 12:15:00+00:00,230.16,230.3,230.16,230.3,2606.0,65.0,230.273684
AMZN,2025-12-11 12:20:00+00:00,230.45,230.48,230.36,230.36,4043.0,107.0,230.441645
AMZN,2025-12-11 12:25:00+00:00,230.5,230.52,230.5,230.52,2448.0,107.0,230.506018
AMZN,2025-12-11 12:30:00+00:00,230.4,230.6,230.4,230.6,3890.0,108.0,230.549108
AMZN,2025-12-11 12:35:00+00:00,230.6,230.66,230.45,230.48,9672.0,193.0,230.566765
AMZN,2025-12-11 12:40:00+00:00,230.41,230.57,230.39,230.57,3081.0,88.0,230.434873
AMZN,2025-12-11 12:45:00+00:00,230.41,230.41,230.41,230.41,672.0,29.0,230.41
AMZN,2025-12-11 12:50:00+00:00,230.45,230.46,230.4,230.46,1479.0,42.0,230.433333
AMZN,2025-12-11 12:55:00+00:00,230.55,230.55,230.55,230.55,1019.0,26.0,230.55
AMZN,2025-12-11 13:00:00+00:00,229.93,230.66,228.0,230.43,113278.0,4979.0,229.622992
AMZN,2025-12-11 13:05:00+00:00,230.38,230.42,230.2,230.3,6138.0,141.0,230.300405
AMZN,2025-12-11 13:10:00+00:00,230.2,230.26,230.01,230.26,5704.0,166.0,230.178067
AMZN,2025-12-11 13:15:00+00:00,230.2,230.26,230.2,230.26,2734.0,74.0,230.256832
AMZN,2025-12-11 13:20:00+00:00,230.2099,230.35,230.2,230.3201,3902.0,123.0,230.280125
AMZN,2025-12-11 13:25:00+00:00,230.35,230.53,230.238,230.238,4550.0,150.0,230.374032
AMZN,2025-12-11 13:30:00+00:00,230.25,230.41,230.05,230.0996,4655.0,104.0,230.22367
AMZN,2025-12-11 13:35:00+00:00,230.01,230.2,230.01,230.12,10660.0,205.0,230.105643
AMZN,2025-12-11 13:40:00+00:00,230.2,230.399,229.98,229.98,11812.0,297.0,230.074569
AMZN,2025-12-11 13:45:00+00:00,230.15,230.15,229.88,230.06,8734.0,255.0,229.983949
AMZN,2025-12-11 13:50:00+00:00,230.05,230.35,230.05,230.25,132058.0,246.0,230.25118
AMZN,2025-12-11 13:55:00+00:00,230.34,230.49,230.14,230.34,14392.0,350.0,230.296057
AMZN,2025-12-11 14:00:00+00:00,230.37,230.37,230.0,230.29,16841.0,366.0,230.147674
AMZN,2025-12-11 14:05:00+00:00,230.27,230.3,230.21,230.3,3983.0,139.0,230.2857
AMZN,2025-12-11 14:10:00+00:00,230.37,230.82,230.37,230.62,21293.0,452.0,230.638052
AMZN,2025-12-11 14:15:00+00:00,230.7332,230.78,230.5,230.6389,8075.0,297.0,230.643009
AMZN,2025-12-11 14:20:00+00:00,230.55,230.93,230.5,230.73,13468.0,432.0,230.75227
AMZN,2025-12-11 14:25:00+00:00,230.51,230.99,230.06,230.99,39560.0,818.0,230.41623
AMZN,2025-12-11 14:30:00+00:00,230.94,230.99,229.42,230.745,1336118.0,20131.0,230.476215
AMZN,2025-12-11 14:35:00+00:00,230.73,232.11,230.73,231.03,663522.0,12701.0,231.515786
AMZN,2025-12-11 14:40:00+00:00,231.01,232.05,230.698,231.64,501173.0,9471.0,231.536874
AMZN,2025-12-11 14:45:00+00:00,231.635,231.69,230.1245,230.2,525612.0,10426.0,230.922633
AMZN,2025-12-11 14:50:00+00:00,230.17,230.42,229.66,229.93,401486.0,8525.0,230.115194
AMZN,2025-12-11 14:55:00+00:00,229.89,230.19,229.6101,229.87,396241.0,7788.0,229.961492
AMZN,2025-12-11 15:00:00+00:00,229.93,230.09,229.62,229.885,440276.0,8157.0,229.874446
AMZN,2025-12-11 15:05:00+00:00,229.84,230.4,229.7,230.39,338372.0,7004.0,230.056465
AMZN,2025-12-11 15:10:00+00:00,230.39,231.17,230.1103,231.06,442817.0,9381.0,230.720474
AMZN,2025-12-11 15:15:00+00:00,231.05,231.18,230.7,231.11,297851.0,6307.0,230.999115
AMZN,2025-12-11 15:20:00+00:00,231.11,231.34,230.97,231.29,248829.0,5887.0,231.172425
AMZN,2025-12-11 15:25:00+00:00,231.305,231.345,230.817,230.88,221053.0,4984.0,231.153374
AMZN,2025-12-11 15:30:00+00:00,230.89,231.05,230.53,230.67,237211.0,5803.0,230.774923
AMZN,2025-12-11 15:35:00+00:00,230.67,230.7796,230.315,230.6725,207586.0,4666.0,230.566981
AMZN,2025-12-11 15:40:00+00:00,230.67,230.67,230.3835,230.55,282874.0,4369.0,230.507022
AMZN,2025-12-11 15:45:00+00:00,230.54,230.68,229.95,230.04,215398.0,4651.0,230.208857
AMZN,2025-12-11 15:50:00+00:00,230.015,230.1123,229.5301,229.77,251913.0,6088.0,229.800049
AMZN,2025-12-11 15:55:00+00:00,229.775,230.08,229.64,229.93,205123.0,4660.0,229.916823
AMZN,2025-12-11 16:00:00+00:00,229.91,230.14,229.57,230.055,322706.0,6653.0,229.947761
AMZN,2025-12-11 16:05:00+00:00,230.07,230.11,229.32,229.42,261861.0,5543.0,229.686896
AMZN,2025-12-11 16:10:00+00:00,229.45,229.6299,229.1401,229.53,264480.0,5440.0,229.357205
AMZN,2025-12-11 16:15:00+00:00,229.53,229.56,229.07,229.2,254319.0,5231.0,229.258954
AMZN,2025-12-11 16:20:00+00:00,229.215,229.39,228.94,229.37,273156.0,5932.0,229.180762
AMZN,2025-12-11 16:25:00+00:00,229.38,229.4,228.6901,228.85,269560.0,6103.0,228.971057
AMZN,2025-12-11 16:30:00+00:00,228.89,229.21,228.78,229.19,427157.0,4737.0,229.055561
AMZN,2025-12-11 16:35:00+00:00,229.14,229.43,229.06,229.42,157866.0,3641.0,229.273442
AMZN,2025-12-11 16:40:00+00:00,229.4,229.97,229.4,229.9,271363.0,4946.0,229.79382
AMZN,2025-12-11 16:45:00+00:00,229.9,230.14,229.76,229.85,223345.0,4508.0,229.967037
AMZN,2025-12-11 16:50:00+00:00,229.86,229.87,229.23,229.26,224791.0,4861.0,229.578141
AMZN,2025-12-11 16:55:00+00:00,229.27,229.33,228.85,229.12,243891.0,5456.0,229.000084
AMZN,2025-12-11 17:00:00+00:00,229.06,229.41,229.06,229.35,192787.0,4275.0,229.283754
AMZN,2025-12-11 17:05:00+00:00,229.36,229.39,229.2,229.295,142121.0,3060.0,229.297092
AMZN,2025-12-11 17:10:00+00:00,229.28,229.99,229.28,229.8201,176943.0,3436.0,229.661369
AMZN,2025-12-11 17:15:00+00:00,229.83,229.96,229.69,229.87,223846.0,3595.0,229.82817
AMZN,2025-12-11 17:20:00+00:00,229.88,230.14,229.84,230.12,185903.0,3003.0,230.028792
AMZN,2025-12-11 17:25:00+00:00,230.13,230.29,229.98,230.0825,360576.0,3145.0,230.128386
AMZN,2025-12-11 17:30:00+00:00,230.09,230.26,230.045,230.17,140229.0,3118.0,230.162507
AMZN,2025-12-11 17:35:00+00:00,230.19,230.25,230.06,230.2,119169.0,2678.0,230.16002
AMZN,2025-12-11 17:40:00+00:00,230.205,230.4,230.13,230.21,307065.0,2964.0,230.255208
AMZN,2025-12-11 17:45:00+00:00,230.21,230.218,229.75,229.75,217668.0,4177.0,229.970106
AMZN,2025-12-11 17:50:00+00:00,229.76,229.77,229.59,229.68,191082.0,3928.0,229.662334
AMZN,2025-12-11 17:55:00+00:00,229.68,229.68,229.24,229.32,236233.0,4524.0,229.42397
AMZN,2025-12-11 18:00:00+00:00,229.31,229.67,229.26,229.57,173704.0,3711.0,229.489769
AMZN,2025-12-11 18:05:00+00:00,229.57,229.66,229.48,229.575,126704.0,2522.0,229.57419
AMZN,2025-12-11 18:10:00+00:00,229.575,229.78,229.57,229.7,237268.0,3734.0,229.711057
AMZN,2025-12-11 18:15:00+00:00,229.71,229.805,229.61,229.675,143106.0,2867.0,229.695176
AMZN,2025-12-11 18:20:00+00:00,229.65,229.78,229.47,229.53,190056.0,3448.0,229.617688
AMZN,2025-12-11 18:25:00+00:00,229.525,229.61,229.3208,229.48,165685.0,3360.0,229.44472
AMZN,2025-12-11 18:30:00+00:00,229.48,229.55,229.34,229.55,150783.0,3421.0,229.43007
AMZN,2025-12-11 18:35:00+00:00,229.53,229.97,229.5,229.83,186263.0,3533.0,229.804266
AMZN,2025-12-11 18:40:00+00:00,229.83,229.9899,229.71,229.97,147149.0,2969.0,229.866839
AMZN,2025-12-11 18:45:00+00:00,229.96,230.04,229.77,229.82,146502.0,2803.0,229.918938
AMZN,2025-12-11 18:50:00+00:00,229.825,229.89,229.71,229.8084,150782.0,3461.0,229.788452
AMZN,2025-12-11 18:55:00+00:00,229.79,229.8795,229.54,229.71,241202.0,3758.0,229.682324
AMZN,2025-12-11 19:00:00+00:00,229.7,229.88,229.685,229.7895,130920.0,3028.0,229.810217
AMZN,2025-12-11 19:05:00+00:00,229.795,229.88,229.66,229.85,134418.0,3230.0,229.746581
AMZN,2025-12-11 19:10:00+00:00,229.835,230.01,229.79,229.947,157217.0,3077.0,229.907781
AMZN,2025-12-11 19:15:00+00:00,229.94,230.0794,229.87,230.04,169809.0,3320.0,229.976791
AMZN,2025-12-11 19:20:00+00:00,230.04,230.07,229.68,229.79,224087.0,3719.0,229.884127
AMZN,2025-12-11 19:25:00+00:00,229.78,229.86,229.665,229.85,148399.0,3070.0,229.764307
AMZN,2025-12-11 19:30:00+00:00,229.85,229.94,229.795,229.81,125202.0,2912.0,229.857311
AMZN,2025-12-11 19:35:00+00:00,229.8,229.89,229.67,229.72,155541.0,3471.0,229.782374
AMZN,2025-12-11 19:40:00+00:00,229.7109,230.04,229.705,230.04,250235.0,4056.0,229.862157
AMZN,2025-12-11 19:45:00+00:00,230.03,230.1,229.8801,229.93,195868.0,3925.0,229.992655
AMZN,2025-12-11 19:50:00+00:00,229.92,229.93,229.54,229.58,269488.0,5030.0,229.701344
AMZN,2025-12-11 19:55:00+00:00,229.58,229.74,229.5357,229.66,204451.0,4345.0,229.631662
AMZN,2025-12-11 20:00:00+00:00,229.64,229.88,229.635,229.82,125654.0,3081.0,229.796147
AMZN,2025-12-11 20:05:00+00:00,229.81,229.81,229.51,229.75,189532.0,4043.0,229.711445
AMZN,2025-12-11 20:10:00+00:00,229.75,229.79,229.695,229.74,690205.0,3736.0,229.756152
AMZN,2025-12-11 20:15:00+00:00,229.74,229.84,229.67,229.67,212039.0,4352.0,229.755783
AMZN,2025-12-11 20:20:00+00:00,229.655,229.755,229.63,229.7101,207740.0,3730.0,229.702966
AMZN,2025-12-11 20:25:00+00:00,229.73,229.75,229.56,229.6925,252643.0,4777.0,229.649511
AMZN,2025-12-11 20:30:00+00:00,229.71,229.72,229.39,229.48,323952.0,5269.0,229.522588
AMZN,2025-12-11 20:35:00+00:00,229.49,229.515,229.31,229.365,233054.0,4612.0,229.393706
AMZN,2025-12-11 20:40:00+00:00,229.36,229.49,229.31,229.455,361223.0,5829.0,229.402846
AMZN,2025-12-11 20:45:00+00:00,229.45,229.53,229.35,229.4216,290925.0,6016.0,229.433206
AMZN,2025-12-11 20:50:00+00:00,229.43,229.87,229.43,229.87,673235.0,10667.0,229.642947
AMZN,2025-12-11 20:55:00+00:00,229.87,230.3,229.83,230.27,1497793.0,20611.0,230.099178
AMZN,2025-12-11 21:00:00+00:00,230.27,230.72,229.9537,230.23,4504724.0,728.0,230.27992
AMZN,2025-12-11 21:05:00+00:00,230.2048,230.28,230.1335,230.28,20463.0,263.0,230.222375
AMZN,2025-12-11 21:10:00+00:00,230.28,230.4,230.28,230.35,6589.0,206.0,230.306703
AMZN,2025-12-11 21:15:00+00:00,230.5,230.65,230.3,230.59,12440.0,359.0,230.566941
AMZN,2025-12-11 21:20:00+00:00,230.53,230.62,230.3635,230.51,7346.0,188.0,230.539553
AMZN,2025-12-11 21:25:00+00:00,230.5,230.62,230.45,230.58,8087.0,163.0,230.550454
AMZN,2025-12-11 21:30:00+00:00,230.5192,230.61,230.5137,230.59,6317.0,163.0,230.562798
AMZN,2025-12-11 21:35:00+00:00,230.5,230.62,230.5,230.56,6260.0,166.0,230.554006
AMZN,2025-12-11 21:40:00+00:00,230.56,230.56,230.3,230.5,4340.0,188.0,230.463113
AMZN,2025-12-11 21:45:00+00:00,230.404,230.6,230.404,230.6,6911.0,133.0,230.477106
AMZN,2025-12-11 21:50:00+00:00,230.6,230.96,230.58,230.77,378917.0,361.0,230.673684
AMZN,2025-12-11 21:55:00+00:00,230.67,230.8,230.62,230.7,4166.0,139.0,230.690688
AMZN,2025-12-11 22:00:00+00:00,230.65,230.7,230.6432,230.65,2695.0,102.0,230.654502
AMZN,2025-12-11 22:05:00+00:00,230.72,230.74,230.7,230.74,51129.0,62.0,230.716
AMZN,2025-12-11 22:10:00+00:00,230.68,230.7,230.67,230.68,178883.0,79.0,230.68158
AMZN,2025-12-11 22:15:00+00:00,230.511,230.72,230.28,230.28,7942.0,259.0,230.529309
AMZN,2025-12-11 22:20:00+00:00,230.6489,231.0,230.48,230.93,9690.0,268.0,230.664584
AMZN,2025-12-11 22:25:00+00:00,230.7,230.91,230.6,230.82,10904.0,194.0,230.815122
AMZN,2025-12-11 22:30:00+00:00,230.76,230.77,230.5,230.5,9734.0,179.0,230.584532
AMZN,2025-12-11 22:35:00+00:00,230.5999,230.8,230.45,230.78,5384.0,160.0,230.618134
AMZN,2025-12-11 22:40:00+00:00,230.78,230.88,230.37,230.43,11392.0,218.0,230.59282
AMZN,2025-12-11 22:45:00+00:00,230.5,230.74,230.5,230.74,46542.0,134.0,230.622297
AMZN,2025-12-11 22:50:00+00:00,230.75,230.75,230.46,230.55,4074.0,88.0,230.573278
AMZN,2025-12-11 22:55:00+00:00,230.65,230.8,230.5086,230.6408,3236.0,94.0,230.644877
AMZN,2025-12-11 23:00:00+00:00,230.79,230.9,230.64,230.9,10881.0,176.0,230.845053
AMZN,2025-12-11 23:05:00+00:00,230.71,230.8552,230.5036,230.6785,64232.0,106.0,230.718835
AMZN,2025-12-11 23:10:00+00:00,230.68,230.7299,230.65,230.68,62337.0,62.0,230.694404
AMZN,2025-12-11 23:15:00+00:00,230.6,230.65,230.47,230.51,5860.0,109.0,230.561174
AMZN,2025-12-11 23:20:00+00:00,230.5776,230.61,230.5,230.59,10179.0,54.0,230.578526
AMZN,2025-12-11 23:25:00+00:00,230.5502,230.5519,230.35,230.35,5354.0,68.0,230.519832
AMZN,2025-12-11 23:30:00+00:00,230.35,230.53,230.3258,230.53,2470.0,48.0,230.394372
AMZN,2025-12-11 23:35:00+00:00,230.41,230.55,230.3999,230.3999,4339.0,70.0,230.423152
AMZN,2025-12-11 23:40:00+00:00,230.41,230.47,230.4,230.41,4709.0,72.0,230.424158
AMZN,2025-12-11 23:45:00+00:00,230.408,230.57,230.408,230.52,2887.0,93.0,230.472094
AMZN,2025-12-11 23:50:00+00:00,230.45,230.5499,230.45,230.5,1045.0,32.0,230.504902
AMZN,2025-12-11 23:55:00+00:00,230.48,230.55,230.46,230.55,1630.0,38.0,230.518574
AMZN,2025-12-12 00:00:00+00:00,230.41,230.5,230.41,230.5,1353.0,48.0,230.462887
AMZN,2025-12-12 00:05:00+00:00,230.5465,230.55,230.49,230.49,1204.0,31.0,230.541778
AMZN,2025-12-12 00:10:00+00:00,230.5,230.5,230.4,230.4,2897.0,84.0,230.465333
AMZN,2025-12-12 00:15:00+00:00,230.4075,230.4075,230.4075,230.4075,360.0,15.0,230.4075
AMZN,2025-12-12 00:20:00+00:00,230.51,230.52,230.35,230.35,3146.0,39.0,230.416748
AMZN,2025-12-12 00:25:00+00:00,230.35,230.35,230.35,230.35,383.0,26.0,230.35
AMZN,2025-12-12 00:30:00+00:00,230.5203,230.55,230.35,230.55,2082.0,48.0,230.510468
AMZN,2025-12-12 00:35:00+00:00,230.5375,230.5375,230.4084,230.4084,347.0,24.0,230.47295
AMZN,2025-12-12 00:40:00+00:00,230.55,230.55,230.5,230.5,1113.0,29.0,230.521564
AMZN,2025-12-12 00:45:00+00:00,230.4937,230.5,230.45,230.45,3035.0,64.0,230.482493
AMZN,2025-12-12 00:50:00+00:00,230.5,230.508,230.45,230.45,2891.0,43.0,230.478254
AMZN,2025-12-12 00:55:00+00:00,230.45,230.4981,230.32,230.43,5905.0,90.0,230.396681
AMZN,2025-12-12 09:00:00+00:00,230.35,230.68,230.3,230.54,4792.0,144.0,230.506786
AMZN,2025-12-12 09:05:00+00:00,230.42,230.63,230.4,230.4,2116.0,56.0,230.436517
AMZN,2025-12-12 09:10:00+00:00,230.29,230.34,230.28,230.3,2203.0,55.0,230.30204
AMZN,2025-12-12 09:20:00+00:00,230.2,230.2,230.2,230.2,710.0,23.0,230.2
AMZN,2025-12-12 09:25:00+00:00,230.12,230.12,230.0,230.08,2377.0,94.0,230.101584
AMZN,2025-12-12 09:30:00+00:00,230.03,230.05,230.0,230.0,3419.0,100.0,230.00435
AMZN,2025-12-12 09:35:00+00:00,229.86,229.86,229.85,229.85,579.0,11.0,229.853125
AMZN,2025-12-12 09:40:00+00:00,229.97,230.2,229.97,230.04,3716.0,64.0,230.127625
AMZN,2025-12-12 09:45:00+00:00,230.25,230.25,230.25,230.25,210.0,6.0,230.25
AMZN,2025-12-12 09:55:00+00:00,230.11,230.11,229.97,229.97,1383.0,46.0,230.020091
AMZN,2025-12-12 10:00:00+00:00,229.97,230.29,229.97,230.28,2989.0,47.0,230.254507
AMZN,2025-12-12 10:05:00+00:00,230.26,230.65,230.26,230.65,1835.0,61.0,230.374
AMZN,2025-12-12 10:10:00+00:00,230.37,230.37,230.37,230.37,107.0,2.0,230.37
AMZN,2025-12-12 10:15:00+00:00,230.57,230.57,230.5,230.5,975.0,46.0,230.535
AMZN,2025-12-12 10:20:00+00:00,230.5,230.5,230.5,230.5,134.0,3.0,230.5
AMZN,2025-12-12 10:25:00+00:00,230.58,230.79,230.54,230.55,5943.0,104.0,230.655857
AMZN,2025-12-12 10:35:00+00:00,230.46,230.46,230.41,230.41,1031.0,29.0,230.427091
AMZN,2025-12-12 10:40:00+00:00,230.36,230.36,230.35,230.36,808.0,17.0,230.357872
AMZN,2025-12-12 10:45:00+00:00,230.45,230.45,230.35,230.35,3742.0,80.0,230.382507
AMZN,2025-12-12 10:50:00+00:00,230.27,230.27,230.27,230.27,113.0,4.0,230.27
AMZN,2025-12-12 10:55:00+00:00,230.13,230.15,230.05,230.05,1902.0,45.0,230.126078
AMZN,2025-12-12 11:00:00+00:00,230.1,230.2,230.1,230.2,395.0,10.0,230.145455
AMZN,2025-12-12 11:05:00+00:00,230.25,230.32,230.07,230.07,4048.0,35.0,230.205881
AMZN,2025-12-12 11:20:00+00:00,230.21,230.5,230.21,230.5,4100.0,65.0,230.337052
AMZN,2025-12-12 11:25:00+00:00,230.36,230.5,230.36,230.5,1689.0,48.0,230.466118
AMZN,2025-12-12 11:35:00+00:00,230.36,230.36,230.12,230.12,680.0,29.0,230.294426
AMZN,2025-12-12 11:40:00+00:00,230.16,230.16,230.16,230.16,148.0,5.0,230.16
AMZN,2025-12-12 11:45:00+00:00,230.25,230.25,230.1,230.1,667.0,24.0,230.154857
AMZN,2025-12-12 11:55:00+00:00,230.0,230.04,230.0,230.04,432.0,25.0,230.02
AMZN,2025-12-12 12:00:00+00:00,230.16,230.29,230.0,230.0,2764.0,122.0,230.10634
AMZN,2025-12-12 12:05:00+00:00,230.03,230.05,229.98,229.98,1606.0,47.0,230.016667
AMZN,2025-12-12 12:10:00+00:00,229.96,230.16,229.96,230.12,7555.0,136.0,230.024345
AMZN,2025-12-12 12:15:00+00:00,230.2,230.27,230.2,230.27,2650.0,60.0,230.236216
AMZN,2025-12-12 12:20:00+00:00,230.29,230.29,230.22,230.28,4273.0,60.0,230.258416
AMZN,2025-12-12 12:25:00+00:00,230.38,230.4,230.33,230.4,2289.0,53.0,230.377721
AMZN,2025-12-12 12:30:00+00:00,230.39,230.5,230.31,230.4,3402.0,60.0,230.440326
AMZN,2025-12-12 12:35:00+00:00,230.33,230.33,230.33,230.33,187.0,9.0,230.33
AMZN,2025-12-12 12:40:00+00:00,230.34,230.34,230.26,230.26,2415.0,66.0,230.289745
AMZN,2025-12-12 12:45:00+00:00,230.26,230.26,230.2,230.25,2670.0,93.0,230.223283
AMZN,2025-12-12 12:50:00+00:00,230.26,230.32,230.23,230.3,3666.0,95.0,230.251551
AMZN,2025-12-12 12:55:00+00:00,230.12,230.33,230.12,230.25,4999.0,110.0,230.277884
AMZN,2025-12-12 13:00:00+00:00,230.02,230.84,229.93,230.28,70194.0,3017.0,230.254102
AMZN,2025-12-12 13:05:00+00:00,230.03,230.49,230.03,230.4763,8144.0,190.0,230.344032
AMZN,2025-12-12 13:10:00+00:00,230.49,230.6,230.49,230.5507,2334.0,144.0,230.563284
AMZN,2025-12-12 13:15:00+00:00,230.5526,230.78,230.55,230.77,6416.0,201.0,230.702864
AMZN,2025-12-12 13:20:00+00:00,230.78,230.78,230.6,230.69,4013.0,149.0,230.6791
AMZN,2025-12-12 13:25:00+00:00,230.78,230.87,230.78,230.78,13839.0,329.0,230.82144
AMZN,2025-12-12 13:30:00+00:00,230.78,230.85,230.58,230.61,6908.0,265.0,230.811632
AMZN,2025-12-12 13:35:00+00:00,230.6452,230.72,230.5,230.56,4139.0,178.0,230.625332
AMZN,2025-12-12 13:40:00+00:00,230.51,230.8,230.51,230.7117,3836.0,69.0,230.579007
AMZN,2025-12-12 13:45:00+00:00,230.79,230.79,230.68,230.69,3382.0,123.0,230.743541
AMZN,2025-12-12 13:50:00+00:00,230.78,230.93,230.75,230.85,8099.0,206.0,230.820394
AMZN,2025-12-12 13:55:00+00:00,230.8482,230.85,230.5703,230.79,9372.0,289.0,230.772922
AMZN,2025-12-12 14:00:00+00:00,230.84,230.95,230.65,230.65,12506.0,220.0,230.828625
AMZN,2025-12-12 14:05:00+00:00,230.72,230.8202,230.7,230.8202,5406.0,157.0,230.772978
AMZN,2025-12-12 14:10:00+00:00,230.72,230.79,230.5896,230.64,4346.0,214.0,230.673037
AMZN,2025-12-12 14:15:00+00:00,230.67,230.7,230.551,230.6997,4499.0,230.0,230.647534
AMZN,2025-12-12 14:20:00+00:00,230.68,230.8671,230.68,230.7,8081.0,348.0,230.727613
AMZN,2025-12-12 14:25:00+00:00,230.94,231.02,229.72,230.0,51118.0,1388.0,230.309418
AMZN,2025-12-12 14:30:00+00:00,229.87,230.13,228.94,229.605,1388801.0,20119.0,229.792754
AMZN,2025-12-12 14:35:00+00:00,229.5404,230.08,229.51,229.775,496288.0,9158.0,229.795399
AMZN,2025-12-12 14:40:00+00:00,229.7695,229.85,228.21,228.24,671987.0,11980.0,229.063021
AMZN,2025-12-12 14:45:00+00:00,228.24,228.33,227.55,227.7205,1013065.0,16600.0,227.978523
AMZN,2025-12-12 14:50:00+00:00,227.7,228.41,227.63,228.15,609280.0,10895.0,228.188759
AMZN,2025-12-12 14:55:00+00:00,228.18,228.545,228.019,228.41,469519.0,8217.0,228.323351
AMZN,2025-12-12 15:00:00+00:00,228.395,228.41,227.8024,227.8871,423178.0,9304.0,227.999235
AMZN,2025-12-12 15:05:00+00:00,227.9,228.11,226.82,226.905,821288.0,14532.0,227.381168
AMZN,2025-12-12 15:10:00+00:00,226.88,227.3904,226.86,227.2198,589211.0,11244.0,227.157244
AMZN,2025-12-12 15:15:00+00:00,227.21,227.54,227.15,227.4156,388888.0,10750.0,227.388243
AMZN,2025-12-12 15:20:00+00:00,227.44,227.46,226.58,226.58,532109.0,9776.0,227.022012
AMZN,2025-12-12 15:25:00+00:00,226.56,226.86,226.35,226.38,444088.0,9929.0,226.576507
AMZN,2025-12-12 15:30:00+00:00,226.37,226.98,226.15,226.74,531237.0,10153.0,226.609408
AMZN,2025-12-12 15:35:00+00:00,226.745,227.52,226.57,227.4,364098.0,7561.0,227.115457
AMZN,2025-12-12 15:40:00+00:00,227.39,227.5445,227.19,227.42,255840.0,6533.0,227.3424
AMZN,2025-12-12 15:45:00+00:00,227.44,227.61,227.2547,227.35,296435.0,5932.0,227.436382
AMZN,2025-12-12 15:50:00+00:00,227.35,227.46,226.95,227.075,211339.0,5602.0,227.138554
AMZN,2025-12-12 15:55:00+00:00,227.06,227.0999,226.25,226.55,466346.0,9490.0,226.654947
AMZN,2025-12-12 16:00:00+00:00,226.54,226.67,226.09,226.1146,451870.0,9827.0,226.453269
AMZN,2025-12-12 16:05:00+00:00,226.09,226.59,225.9266,226.2254,543119.0,11453.0,226.218751
AMZN,2025-12-12 16:10:00+00:00,226.22,226.344,225.8136,226.2615,577071.0,9889.0,226.084646
AMZN,2025-12-12 16:15:00+00:00,226.25,226.3499,225.76,225.84,361987.0,7839.0,226.071813
AMZN,2025-12-12 16:20:00+00:00,225.88,225.96,225.3,225.65,572580.0,11295.0,225.510849
AMZN,2025-12-12 16:25:00+00:00,225.67,226.14,225.545,226.015,444368.0,9328.0,225.888195
AMZN,2025-12-12 16:30:00+00:00,226.0,226.03,225.54,225.77,335995.0,7496.0,225.785631
AMZN,2025-12-12 16:35:00+00:00,225.78,225.83,225.12,225.42,381354.0,8416.0,225.457836
AMZN,2025-12-12 16:40:00+00:00,225.39,225.78,225.23,225.78,340904.0,7816.0,225.578933
AMZN,2025-12-12 16:45:00+00:00,225.79,226.05,225.62,225.9053,487896.0,7812.0,225.824325
AMZN,2025-12-12 16:50:00+00:00,225.89,226.19,225.795,226.0,290259.0,5875.0,225.980234
AMZN,2025-12-12 16:55:00+00:00,225.99,226.32,225.92,226.32,246499.0,5288.0,226.090754
AMZN,2025-12-12 17:00:00+00:00,226.2854,226.56,226.26,226.3,320082.0,5750.0,226.41903
AMZN,2025-12-12 17:05:00+00:00,226.28,226.65,226.2175,226.255,265933.0,5292.0,226.446585
AMZN,2025-12-12 17:10:00+00:00,226.24,226.45,226.24,226.36,202241.0,4437.0,226.363616
AMZN,2025-12-12 17:15:00+00:00,226.35,226.68,226.3,226.6616,254987.0,5144.0,226.481978
AMZN,2025-12-12 17:20:00+00:00,226.68,226.7,226.5,226.56,191455.0,4354.0,226.602296
AMZN,2025-12-12 17:25:00+00:00,226.55,226.55,226.19,226.33,274225.0,4903.0,226.309449
AMZN,2025-12-12 17:30:00+00:00,226.32,226.62,226.15,226.51,200032.0,4284.0,226.374197
AMZN,2025-12-12 17:35:00+00:00,226.49,226.8,226.33,226.7804,164628.0,3553.0,226.590868
AMZN,2025-12-12 17:40:00+00:00,226.77,226.82,226.43,226.45,212705.0,3917.0,226.617092
AMZN,2025-12-12 17:45:00+00:00,226.45,226.85,226.42,226.74,233500.0,4040.0,226.694415
AMZN,2025-12-12 17:50:00+00:00,226.75,226.7773,226.3545,226.46,155291.0,3320.0,226.501471
AMZN,2025-12-12 17:55:00+00:00,226.48,226.545,226.41,226.495,130926.0,3110.0,226.473878
AMZN,2025-12-12 18:00:00+00:00,226.5186,226.62,226.39,226.46,178445.0,3895.0,226.480811
AMZN,2025-12-12 18:05:00+00:00,226.46,226.48,226.26,226.36,205783.0,4208.0,226.374882
AMZN,2025-12-12 18:10:00+00:00,226.37,226.9067,226.355,226.89,306378.0,5884.0,226.6474
AMZN,2025-12-12 18:15:00+00:00,226.87,227.145,226.855,226.975,245328.0,4631.0,227.031592
AMZN,2025-12-12 18:20:00+00:00,226.975,227.0099,226.71,226.81,189172.0,4101.0,226.883766
AMZN,2025-12-12 18:25:00+00:00,226.81,227.02,226.7701,226.99,157690.0,3838.0,226.921172
AMZN,2025-12-12 18:30:00+00:00,226.99,226.99,226.79,226.82,158742.0,3861.0,226.853982
AMZN,2025-12-12 18:35:00+00:00,226.82,227.1,226.74,226.9898,186306.0,3701.0,226.939603
AMZN,2025-12-12 18:40:00+00:00,226.9702,227.2,226.8001,226.95,184234.0,4005.0,227.028954
AMZN,2025-12-12 18:45:00+00:00,226.95,227.19,226.845,227.19,186292.0,3981.0,227.043874
AMZN,2025-12-12 18:50:00+00:00,227.19,227.38,227.15,227.275,223867.0,3799.0,227.262841
AMZN,2025-12-12 18:55:00+00:00,227.275,227.34,227.0061,227.1,204473.0,4016.0,227.186149
AMZN,2025-12-12 19:00:00+00:00,227.12,227.25,226.9011,227.22,188003.0,4119.0,227.075178
AMZN,2025-12-12 19:05:00+00:00,227.2,227.23,226.91,226.955,170589.0,3424.0,227.042525
AMZN,2025-12-12 19:10:00+00:00,226.96,227.09,226.72,226.83,223633.0,4477.0,226.917069
AMZN,2025-12-12 19:15:00+00:00,226.83,227.0,226.79,226.8965,144437.0,3510.0,226.890576
AMZN,2025-12-12 19:20:00+00:00,226.89,226.95,226.69,226.8,157733.0,3637.0,226.80177
AMZN,2025-12-12 19:25:00+00:00,226.81,226.9,226.66,226.85,212552.0,3960.0,226.771431
AMZN,2025-12-12 19:30:00+00:00,226.87,227.038,226.73,226.74,194285.0,3929.0,226.921061
AMZN,2025-12-12 19:35:00+00:00,226.72,226.78,226.6,226.66,214872.0,3757.0,226.692347
AMZN,2025-12-12 19:40:00+00:00,226.68,226.9502,226.68,226.72,171016.0,3789.0,226.782752
AMZN,2025-12-12 19:45:00+00:00,226.7304,226.91,226.69,226.87,149316.0,3576.0,226.821097
AMZN,2025-12-12 19:50:00+00:00,226.88,227.01,226.83,226.915,177062.0,3989.0,226.927606
AMZN,2025-12-12 19:55:00+00:00,226.92,226.93,226.74,226.89,249460.0,4446.0,226.845758
AMZN,2025-12-12 20:00:00+00:00,226.89,226.94,226.66,226.8224,141929.0,3228.0,226.788316
AMZN,2025-12-12 20:05:00+00:00,226.8,227.11,226.78,227.06,208973.0,4408.0,226.938212
AMZN,2025-12-12 20:10:00+00:00,227.05,227.12,226.89,226.95,224952.0,4385.0,227.008978
AMZN,2025-12-12 20:15:00+00:00,226.95,227.11,226.91,227.0742,186495.0,4234.0,227.024852
AMZN,2025-12-12 20:20:00+00:00,227.075,227.16,226.9545,227.04,233541.0,4879.0,227.062617
AMZN,2025-12-12 20:25:00+00:00,227.05,227.075,226.64,226.712,279261.0,5457.0,226.815251
AMZN,2025-12-12 20:30:00+00:00,226.71,226.76,226.07,226.26,392114.0,6885.0,226.349411
AMZN,2025-12-12 20:35:00+00:00,226.27,226.35,225.78,225.787,402773.0,7281.0,225.965087
AMZN,2025-12-12 20:40:00+00:00,225.79,225.99,225.7783,225.895,418115.0,7656.0,225.895745
AMZN,2025-12-12 20:45:00+00:00,225.9,226.61,225.85,226.37,614894.0,11143.0,226.21719
AMZN,2025-12-12 20:50:00+00:00,226.39,226.607,225.93,226.0425,707342.0,12789.0,226.181686
AMZN,2025-12-12 20:55:00+00:00,226.05,226.32,225.87,226.191,1461650.0,22299.0,226.123426
AMZN,2025-12-12 21:00:00+00:00,226.18,226.4,226.13,226.3,6516007.0,691.0,226.190469
AMZN,2025-12-12 21:05:00+00:00,226.29,226.39,226.25,226.33,11873.0,259.0,226.300945
AMZN,2025-12-12 21:10:00+00:00,226.37,226.5,226.36,226.46,8532.0,267.0,226.405997
AMZN,2025-12-12 21:15:00+00:00,226.4,226.49,226.4,226.4118,3331.0,169.0,226.418817
AMZN,2025-12-12 21:20:00+00:00,226.43,226.49,226.19,226.49,254606.0,221.0,226.331409
AMZN,2025-12-12 21:25:00+00:00,226.448,226.49,226.37,226.4,14223.0,283.0,226.429845
AMZN,2025-12-12 21:30:00+00:00,226.43,226.64,226.41,226.4993,13741.0,319.0,226.50367
AMZN,2025-12-12 21:35:00+00:00,226.43,226.47,226.43,226.45,6645.0,234.0,226.451044
AMZN,2025-12-12 21:40:00+00:00,226.42,226.42,226.2,226.27,8300.0,317.0,226.336427
AMZN,2025-12-12 21:45:00+00:00,226.43,226.43,226.2096,226.42,1149.0,100.0,226.333867
AMZN,2025-12-12 21:50:00+00:00,226.31,226.35,226.2,226.3,55090.0,270.0,226.251385
AMZN,2025-12-12 21:55:00+00:00,226.3,226.39,226.19,226.2,5620.0,234.0,226.28063
AMZN,2025-12-12 22:00:00+00:00,226.2001,226.2933,226.2,226.2,2865.0,117.0,226.217365
AMZN,2025-12-12 22:05:00+00:00,226.29,226.32,226.29,226.32,1456.0,96.0,226.314409
AMZN,2025-12-12 22:10:00+00:00,226.25,226.32,226.2133,226.32,151735.0,154.0,226.304161
AMZN,2025-12-12 22:15:00+00:00,226.32,226.32,226.25,226.32,2850.0,158.0,226.275489
AMZN,2025-12-12 22:20:00+00:00,226.32,226.32,226.32,226.32,954.0,92.0,226.32
AMZN,2025-12-12 22:25:00+00:00,226.31,226.32,226.2105,226.32,5111.0,123.0,226.28019
AMZN,2025-12-12 22:30:00+00:00,226.28,226.28,226.19,226.25,8418.0,164.0,226.207391
AMZN,2025-12-12 22:35:00+00:00,226.2307,226.25,226.2,226.25,2857.0,118.0,226.216872
AMZN,2025-12-12 22:40:00+00:00,226.25,226.25,226.23,226.23,1572.0,62.0,226.246112
AMZN,2025-12-12 22:45:00+00:00,226.26,226.26,226.09,226.09,7086.0,292.0,226.200604
AMZN,2025-12-12 22:50:00+00:00,226.01,226.1941,225.9,226.1941,5353.0,250.0,225.982339
AMZN,2025-12-12 22:55:00+00:00,226.18,226.18,226.02,226.09,575318.0,64.0,226.041428
AMZN,2025-12-12 23:00:00+00:00,226.2393,226.2397,226.11,226.11,3453.0,106.0,226.216355
AMZN,2025-12-12 23:05:00+00:00,226.19,226.22,226.14,226.14,1828.0,97.0,226.164359
AMZN,2025-12-12 23:10:00+00:00,226.14,226.2,226.08,226.08,1510.0,75.0,226.142857
AMZN,2025-12-12 23:15:00+00:00,226.0488,226.2,226.0488,226.12,1111.0,61.0,226.08718
AMZN,2025-12-12 23:20:00+00:00,226.1,226.14,226.09,226.09,2934.0,51.0,226.093895
AMZN,2025-12-12 23:25:00+00:00,226.1,226.1,226.0632,226.0632,575.0,31.0,226.0908
AMZN,2025-12-12 23:35:00+00:00,226.0303,226.15,226.0303,226.12,1553.0,46.0,226.093712
AMZN,2025-12-12 23:40:00+00:00,226.07,226.07,226.06,226.06,860.0,60.0,226.067514
AMZN,2025-12-12 23:45:00+00:00,226.05,226.05,226.02,226.02,1779.0,92.0,226.031863
AMZN,2025-12-12 23:50:00+00:00,226.03,226.03,226.0,226.01,5742.0,126.0,226.01665
AMZN,2025-12-12 23:55:00+00:00,226.01,226.12,226.01,226.05,950.0,75.0,226.058096
AMZN,2025-12-13 00:00:00+00:00,226.09,226.11,226.0463,226.06,1872.0,72.0,226.076501
AMZN,2025-12-13 00:05:00+00:00,226.06,226.118,226.04,226.118,1031.0,46.0,226.091553
AMZN,2025-12-13 00:10:00+00:00,226.08,226.08,226.08,226.08,272.0,31.0,226.08
AMZN,2025-12-13 00:15:00+00:00,226.08,226.08,226.0,226.0003,7282.0,146.0,226.014041
AMZN,2025-12-13 00:20:00+00:00,226.01,226.01,226.0,226.0,3908.0,109.0,226.006194
AMZN,2025-12-13 00:25:00+00:00,226.08,226.08,226.01,226.07,1878.0,38.0,226.053673
AMZN,2025-12-13 00:30:00+00:00,226.06,226.0825,226.06,226.0825,2811.0,40.0,226.062195
AMZN,2025-12-13 00:35:00+00:00,226.089,226.089,226.04,226.05,630.0,48.0,226.063785
AMZN,2025-12-13 00:40:00+00:00,226.0319,226.07,226.0319,226.07,672.0,39.0,226.045143
AMZN,2025-12-13 00:45:00+00:00,226.0699,226.07,226.0309,226.0399,2489.0,117.0,226.04929
AMZN,2025-12-13 00:50:00+00:00,226.03,226.0301,226.02,226.03,3806.0,133.0,226.026823
AMZN,2025-12-13 00:55:00+00:00,226.05,226.15,226.05,226.1,2765.0,79.0,226.099939
AMZN,2025-12-15 09:00:00+00:00,226.6,227.33,226.6,227.1,3250.0,188.0,227.007792
AMZN,2025-12-15 09:05:00+00:00,227.35,227.37,227.33,227.35,1986.0,68.0,227.348272
AMZN,2025-12-15 09:10:00+00:00,227.34,227.5,227.22,227.5,3066.0,101.0,227.353854
AMZN,2025-12-15 09:15:00+00:00,227.46,227.46,227.44,227.44,1323.0,45.0,227.442963
AMZN,2025-12-15 09:20:00+00:00,227.41,227.41,227.41,227.41,184.0,6.0,227.41
AMZN,2025-12-15 09:25:00+00:00,227.6,227.6,227.6,227.6,204.0,12.0,227.6
AMZN,2025-12-15 09:30:00+00:00,227.38,227.46,227.38,227.46,1046.0,30.0,227.43
AMZN,2025-12-15 09:35:00+00:00,227.49,227.49,227.39,227.41,676.0,26.0,227.43
AMZN,2025-12-15 09:50:00+00:00,227.44,227.44,227.26,227.26,6843.0,123.0,227.399691
AMZN,2025-12-15 09:55:00+00:00,227.2,227.21,227.2,227.21,1224.0,37.0,227.201667
AMZN,2025-12-15 10:05:00+00:00,227.35,227.35,227.35,227.35,699.0,7.0,227.35
AMZN,2025-12-15 10:10:00+00:00,227.32,227.4,227.28,227.38,3407.0,80.0,227.322174
AMZN,2025-12-15 10:15:00+00:00,227.32,227.8,227.32,227.8,9584.0,120.0,227.708646
AMZN,2025-12-15 10:25:00+00:00,227.52,227.52,227.52,227.52,344.0,13.0,227.52
AMZN,2025-12-15 10:30:00+00:00,227.78,227.78,227.78,227.78,396.0,16.0,227.78
AMZN,2025-12-15 10:35:00+00:00,227.57,227.66,227.57,227.61,684.0,13.0,227.622395
AMZN,2025-12-15 10:40:00+00:00,227.6,227.6,227.52,227.52,1429.0,62.0,227.558182
AMZN,2025-12-15 10:45:00+00:00,227.45,227.54,227.45,227.47,1538.0,26.0,227.483446
AMZN,2025-12-15 10:55:00+00:00,227.46,227.47,227.46,227.47,435.0,16.0,227.466
AMZN,2025-12-15 11:00:00+00:00,227.47,227.47,227.35,227.35,1476.0,48.0,227.372857
AMZN,2025-12-15 11:05:00+00:00,227.34,227.35,227.34,227.35,3750.0,75.0,227.346608
AMZN,2025-12-15 11:10:00+00:00,227.33,227.35,227.33,227.35,1158.0,21.0,227.347433
AMZN,2025-12-15 11:15:00+00:00,227.3,227.3,227.3,227.3,309.0,16.0,227.3
AMZN,2025-12-15 11:30:00+00:00,227.35,227.35,227.32,227.33,809.0,24.0,227.333012
AMZN,2025-12-15 11:35:00+00:00,227.35,227.35,227.32,227.32,1363.0,54.0,227.327044
AMZN,2025-12-15 11:45:00+00:00,227.28,227.3,227.28,227.3,291.0,15.0,227.29
AMZN,2025-12-15 11:50:00+00:00,227.35,227.35,227.35,227.35,101.0,2.0,227.35
AMZN,2025-12-15 11:55:00+00:00,227.33,227.35,227.32,227.35,1456.0,36.0,227.343186
AMZN,2025-12-15 12:00:00+00:00,227.35,227.4,227.21,227.4,9299.0,251.0,227.304191
AMZN,2025-12-15 12:05:00+00:00,227.37,227.4,227.37,227.38,1301.0,28.0,227.375256
AMZN,2025-12-15 12:10:00+00:00,227.3,227.3,227.24,227.24,1237.0,27.0,227.294521
AMZN,2025-12-15 12:15:00+00:00,227.33,227.33,227.25,227.25,910.0,32.0,227.288208
AMZN,2025-12-15 12:20:00+00:00,227.25,227.29,227.23,227.29,2814.0,85.0,227.254128
AMZN,2025-12-15 12:25:00+00:00,227.29,227.29,227.16,227.18,1707.0,64.0,227.218536
AMZN,2025-12-15 12:30:00+00:00,227.2,227.2,227.2,227.2,695.0,25.0,227.2
AMZN,2025-12-15 12:35:00+00:00,227.16,227.2,227.12,227.2,1261.0,51.0,227.170809
AMZN,2025-12-15 12:40:00+00:00,227.2,227.22,227.15,227.22,2544.0,45.0,227.169966
AMZN,2025-12-15 12:45:00+00:00,227.18,227.21,227.18,227.21,1160.0,40.0,227.199058
AMZN,2025-12-15 12:50:00+00:00,227.21,227.36,227.21,227.3,2208.0,61.0,227.28006
AMZN,2025-12-15 12:55:00+00:00,227.22,227.44,227.21,227.44,4517.0,94.0,227.349885
AMZN,2025-12-15 13:00:00+00:00,227.2993,227.6,226.62,227.3999,74846.0,3594.0,227.237273
AMZN,2025-12-15 13:05:00+00:00,227.3702,227.4708,227.3702,227.4193,12173.0,200.0,227.402751
AMZN,2025-12-15 13:10:00+00:00,227.4,227.4,227.3,227.38,3028.0,119.0,227.353629
AMZN,2025-12-15 13:15:00+00:00,227.35,227.4799,227.11,227.31,18503.0,290.0,227.262111
AMZN,2025-12-15 13:20:00+00:00,227.3085,227.35,227.18,227.2187,3751.0,131.0,227.291167
AMZN,2025-12-15 13:25:00+00:00,227.3,227.5,227.19,227.45,6620.0,216.0,227.404781
AMZN,2025-12-15 13:30:00+00:00,227.3999,227.5,227.3592,227.43,10016.0,208.0,227.438031
AMZN,2025-12-15 13:35:00+00:00,227.43,227.5,227.4,227.5,7409.0,273.0,227.456511
AMZN,2025-12-15 13:40:00+00:00,227.5,227.59,227.486,227.53,6930.0,246.0,227.528634
AMZN,2025-12-15 13:45:00+00:00,227.3701,227.7,227.3701,227.6988,23405.0,326.0,227.617339
AMZN,2025-12-15 13:50:00+00:00,227.67,227.67,227.47,227.55,10424.0,260.0,227.55873
AMZN,2025-12-15 13:55:00+00:00,227.55,227.6,227.55,227.57,6298.0,205.0,227.580708
AMZN,2025-12-15 14:00:00+00:00,227.5888,227.6,227.5,227.58,9184.0,295.0,227.57773
AMZN,2025-12-15 14:05:00+00:00,227.6,227.6,227.51,227.55,10127.0,315.0,227.562546
AMZN,2025-12-15 14:10:00+00:00,227.5883,227.6,227.5,227.5671,6494.0,279.0,227.531698
AMZN,2025-12-15 14:15:00+00:00,227.53,227.55,227.4,227.4,7622.0,240.0,227.457069
AMZN,2025-12-15 14:20:00+00:00,227.4,227.49,227.35,227.3644,6467.0,292.0,227.387787
AMZN,2025-12-15 14:25:00+00:00,227.35,227.9,226.87,227.85,213327.0,1697.0,227.390003
AMZN,2025-12-15 14:30:00+00:00,227.93,227.93,224.74,225.0,2050001.0,38112.0,226.793886
AMZN,2025-12-15 14:35:00+00:00,224.985,225.62,224.85,225.08,709335.0,13287.0,225.236842
AMZN,2025-12-15 14:40:00+00:00,225.1,225.6,224.86,224.95,594827.0,12826.0,225.283004
AMZN,2025-12-15 14:45:00+00:00,224.95,225.27,224.52,225.04,662583.0,12151.0,224.845249
AMZN,2025-12-15 14:50:00+00:00,225.05,225.318,224.56,225.25,489933.0,9303.0,224.843301
AMZN,2025-12-15 14:55:00+00:00,225.25,225.25,224.1,224.35,764764.0,13431.0,224.51469
AMZN,2025-12-15 15:00:00+00:00,224.325,224.67,223.73,224.0,683294.0,13918.0,224.136457
AMZN,2025-12-15 15:05:00+00:00,223.99,224.4798,223.98,224.22,521927.0,8848.0,224.248024
AMZN,2025-12-15 15:10:00+00:00,224.22,224.45,223.92,224.01,345716.0,7839.0,224.1573
AMZN,2025-12-15 15:15:00+00:00,223.98,224.07,223.69,223.81,477901.0,9403.0,223.861927
AMZN,2025-12-15 15:20:00+00:00,223.78,224.02,223.18,223.23,492770.0,9472.0,223.706768
AMZN,2025-12-15 15:25:00+00:00,223.21,223.4044,222.89,223.03,520747.0,14579.0,223.146541
AMZN,2025-12-15 15:30:00+00:00,223.03,223.93,222.9889,223.78,516353.0,9139.0,223.529152
AMZN,2025-12-15 15:35:00+00:00,223.79,223.94,223.53,223.67,372574.0,7068.0,223.790926
AMZN,2025-12-15 15:40:00+00:00,223.66,224.12,223.485,224.08,308442.0,7095.0,223.856773
AMZN,2025-12-15 15:45:00+00:00,224.06,224.22,223.67,223.84,373673.0,7680.0,223.929731
AMZN,2025-12-15 15:50:00+00:00,223.81,224.04,223.382,223.655,307169.0,6986.0,223.738204
AMZN,2025-12-15 15:55:00+00:00,223.66,223.785,223.39,223.58,289992.0,6688.0,223.584213
AMZN,2025-12-15 16:00:00+00:00,223.59,223.69,223.24,223.44,235196.0,5933.0,223.486658
AMZN,2025-12-15 16:05:00+00:00,223.425,224.02,223.425,224.015,293766.0,6348.0,223.717754
AMZN,2025-12-15 16:10:00+00:00,224.02,224.06,223.33,223.37,323345.0,6826.0,223.632355
AMZN,2025-12-15 16:15:00+00:00,223.385,224.26,223.38,224.22,295900.0,6525.0,223.925754
AMZN,2025-12-15 16:20:00+00:00,224.22,224.34,223.97,223.98,321861.0,6170.0,224.176527
AMZN,2025-12-15 16:25:00+00:00,223.97,224.39,223.9444,224.39,316419.0,5956.0,224.178787
AMZN,2025-12-15 16:30:00+00:00,224.42,224.5,223.585,223.585,345183.0,6883.0,223.972109
AMZN,2025-12-15 16:35:00+00:00,223.56,223.63,223.14,223.27,402664.0,7684.0,223.342407
AMZN,2025-12-15 16:40:00+00:00,223.26,223.36,222.91,222.935,380702.0,7594.0,223.11007
AMZN,2025-12-15 16:45:00+00:00,222.95,223.11,222.84,223.03,248908.0,5874.0,222.955995
AMZN,2025-12-15 16:50:00+00:00,223.0,223.18,222.97,223.15,345949.0,6825.0,223.103676
AMZN,2025-12-15 16:55:00+00:00,223.15,223.44,222.8599,222.925,331841.0,6501.0,223.074308
AMZN,2025-12-15 17:00:00+00:00,222.93,223.37,222.85,223.05,774558.0,6136.0,223.092746
AMZN,2025-12-15 17:05:00+00:00,223.07,223.25,222.926,223.1,240997.0,5194.0,223.083236
AMZN,2025-12-15 17:10:00+00:00,223.11,223.19,222.81,222.815,260763.0,5481.0,222.968327
AMZN,2025-12-15 17:15:00+00:00,222.82,223.1,222.6,222.865,325169.0,7155.0,222.837879
AMZN,2025-12-15 17:20:00+00:00,222.85,223.09,222.815,222.94,185937.0,4497.0,222.982184
AMZN,2025-12-15 17:25:00+00:00,222.93,223.12,222.52,222.545,385686.0,6913.0,222.766556
AMZN,2025-12-15 17:30:00+00:00,222.545,222.6699,222.46,222.57,321957.0,5985.0,222.552015
AMZN,2025-12-15 17:35:00+00:00,222.579,222.86,222.56,222.84,300355.0,4945.0,222.715375
AMZN,2025-12-15 17:40:00+00:00,222.8416,223.08,222.77,222.84,304634.0,5491.0,222.878588
AMZN,2025-12-15 17:45:00+00:00,222.84,222.915,222.53,222.6082,246490.0,4904.0,222.756064
AMZN,2025-12-15 17:50:00+00:00,222.6,222.61,222.1,222.325,398255.0,7628.0,222.308051
AMZN,2025-12-15 17:55:00+00:00,222.34,222.64,222.265,222.64,214731.0,4535.0,222.421778
AMZN,2025-12-15 18:00:00+00:00,222.62,222.67,222.42,222.5644,210617.0,4817.0,222.562534
AMZN,2025-12-15 18:05:00+00:00,222.57,222.83,222.57,222.81,260496.0,4981.0,222.711419
AMZN,2025-12-15 18:10:00+00:00,222.83,222.9,222.7584,222.81,198102.0,4054.0,222.832184
AMZN,2025-12-15 18:15:00+00:00,222.8,222.88,222.47,222.62,214853.0,5076.0,222.674898
AMZN,2025-12-15 18:20:00+00:00,222.6159,222.69,222.24,222.24,266015.0,4908.0,222.466696
AMZN,2025-12-15 18:25:00+00:00,222.23,222.4,222.18,222.37,216106.0,4766.0,222.304407
AMZN,2025-12-15 18:30:00+00:00,222.38,222.45,222.1876,222.3014,229344.0,4755.0,222.311759
AMZN,2025-12-15 18:35:00+00:00,222.3,222.49,222.195,222.21,260129.0,5244.0,222.364427
AMZN,2025-12-15 18:40:00+00:00,222.2,222.54,222.18,222.505,285511.0,4944.0,222.396743
AMZN,2025-12-15 18:45:00+00:00,222.51,222.735,222.4715,222.674,204642.0,4646.0,222.579703
AMZN,2025-12-15 18:50:00+00:00,222.68,222.88,222.65,222.8176,208176.0,4456.0,222.785497
AMZN,2025-12-15 18:55:00+00:00,222.81,222.91,222.7601,222.77,257707.0,4843.0,222.846757
AMZN,2025-12-15 19:00:00+00:00,222.77,222.96,222.7539,222.95,286156.0,5252.0,222.862333
AMZN,2025-12-15 19:05:00+00:00,222.95,223.435,222.94,223.1682,824990.0,5904.0,223.186895
AMZN,2025-12-15 19:10:00+00:00,223.165,223.33,222.9,222.95,327902.0,5589.0,223.0945
AMZN,2025-12-15 19:15:00+00:00,222.95,223.035,222.79,223.0,227969.0,4409.0,222.897181
AMZN,2025-12-15 19:20:00+00:00,223.01,223.3199,222.9233,223.235,224663.0,4393.0,223.116032
AMZN,2025-12-15 19:25:00+00:00,223.23,223.3299,223.03,223.2226,242623.0,4780.0,223.162748
AMZN,2025-12-15 19:30:00+00:00,223.23,223.33,223.1,223.25,230473.0,4856.0,223.209475
AMZN,2025-12-15 19:35:00+00:00,223.2494,223.355,223.105,223.22,220992.0,4471.0,223.217209
AMZN,2025-12-15 19:40:00+00:00,223.22,223.23,223.02,223.19,236484.0,4719.0,223.140769
AMZN,2025-12-15 19:45:00+00:00,223.19,223.2,222.87,222.95,265399.0,5580.0,223.003471
AMZN,2025-12-15 19:50:00+00:00,222.95,223.07,222.79,223.03,272318.0,5463.0,222.962651
AMZN,2025-12-15 19:55:00+00:00,223.03,223.33,223.02,223.2445,292190.0,5206.0,223.173568
AMZN,2025-12-15 20:00:00+00:00,223.24,223.33,222.969,223.29,404220.0,5095.0,223.136101
AMZN,2025-12-15 20:05:00+00:00,223.28,223.41,223.08,223.16,279742.0,5001.0,223.24792
AMZN,2025-12-15 20:10:00+00:00,223.15,223.16,222.84,222.87,383733.0,6154.0,223.000929
AMZN,2025-12-15 20:15:00+00:00,222.875,223.005,222.73,222.81,396218.0,6011.0,222.85475
AMZN,2025-12-15 20:20:00+00:00,222.82,222.845,222.5201,222.6,361509.0,6758.0,222.65772
AMZN,2025-12-15 20:25:00+00:00,222.595,222.76,222.55,222.67,293573.0,5794.0,222.660216
AMZN,2025-12-15 20:30:00+00:00,222.69,222.75,222.32,222.365,373134.0,6968.0,222.519917
AMZN,2025-12-15 20:35:00+00:00,222.37,222.47,222.25,222.465,406637.0,6953.0,222.324558
AMZN,2025-12-15 20:40:00+00:00,222.475,222.55,222.27,222.32,482367.0,7609.0,222.41559
AMZN,2025-12-15 20:45:00+00:00,222.32,222.67,222.26,222.67,610506.0,9152.0,222.433981
AMZN,2025-12-15 20:50:00+00:00,222.67,222.7,222.0,222.155,1127746.0,17984.0,222.409046
AMZN,2025-12-15 20:55:00+00:00,222.155,222.72,221.5,222.54,3627850.0,40811.0,222.415336
AMZN,2025-12-15 21:00:00+00:00,222.465,223.07,222.465,222.72,11228080.0,695.0,222.54149
AMZN,2025-12-15 21:05:00+00:00,222.75,222.8,222.54,222.7501,79955.0,332.0,222.598713
AMZN,2025-12-15 21:10:00+00:00,222.7612,222.9,222.54,222.9,26913.0,311.0,222.729054
AMZN,2025-12-15 21:15:00+00:00,222.914,222.914,222.75,222.82,27382.0,319.0,222.880724
AMZN,2025-12-15 21:20:00+00:00,222.8887,222.8887,222.73,222.73,449115.0,220.0,222.791702
AMZN,2025-12-15 21:25:00+00:00,222.73,222.8,222.7009,222.7009,6763.0,221.0,222.732045
AMZN,2025-12-15 21:30:00+00:00,222.7,222.7,222.69,222.69,5956.0,161.0,222.693651
AMZN,2025-12-15 21:35:00+00:00,222.54,222.73,222.54,222.73,75390.0,124.0,222.694955
AMZN,2025-12-15 21:40:00+00:00,222.74,222.89,222.74,222.84,5510.0,127.0,222.805387
AMZN,2025-12-15 21:45:00+00:00,222.87,222.89,222.84,222.8448,2337.0,129.0,222.869796
AMZN,2025-12-15 21:50:00+00:00,222.84,222.84,222.84,222.84,199.0,23.0,222.84
AMZN,2025-12-15 21:55:00+00:00,222.76,222.9,222.76,222.9,10852.0,205.0,222.865526
AMZN,2025-12-15 22:00:00+00:00,222.9195,222.97,222.91,222.92,10765.0,215.0,222.921379
AMZN,2025-12-15 22:05:00+00:00,222.92,223.0,222.9,222.91,4739.0,195.0,222.950761
AMZN,2025-12-15 22:10:00+00:00,222.92,223.08,222.8614,223.0,6531.0,115.0,222.984878
AMZN,2025-12-15 22:15:00+00:00,222.96,223.0497,222.96,223.0,1572.0,128.0,222.991651
AMZN,2025-12-15 22:20:00+00:00,222.92,223.0,222.9,222.92,1830.0,69.0,222.939029
AMZN,2025-12-15 22:25:00+00:00,222.9986,223.0,222.92,222.99,7002.0,96.0,222.925904
AMZN,2025-12-15 22:30:00+00:00,222.92,222.99,222.92,222.99,91816.0,77.0,222.936158
AMZN,2025-12-15 22:35:00+00:00,222.9345,222.99,222.83,222.93,4894.0,114.0,222.913079
AMZN,2025-12-15 22:45:00+00:00,222.8952,222.9,222.83,222.85,35434.0,137.0,222.863222
AMZN,2025-12-15 22:50:00+00:00,222.85,222.89,222.82,222.89,3714.0,117.0,222.856493
AMZN,2025-12-15 22:55:00+00:00,222.82,222.8705,222.82,222.85,1433.0,38.0,222.835841
AMZN,2025-12-15 23:00:00+00:00,222.85,222.9794,222.85,222.94,5714.0,169.0,222.926998
AMZN,2025-12-15 23:05:00+00:00,222.95,222.96,222.8899,222.89,8647.0,138.0,222.902748
AMZN,2025-12-15 23:10:00+00:00,222.89,222.9101,222.89,222.91,3778.0,91.0,222.907294
AMZN,2025-12-15 23:15:00+00:00,222.9799,222.9799,222.91,222.95,1456.0,63.0,222.949539
AMZN,2025-12-15 23:20:00+00:00,222.9015,222.94,222.9,222.9,1180.0,49.0,222.913297
AMZN,2025-12-15 23:25:00+00:00,222.88,222.9,222.81,222.81,40597.0,133.0,222.840278
AMZN,2025-12-15 23:30:00+00:00,222.78,222.85,222.72,222.7298,7382.0,132.0,222.769359
AMZN,2025-12-15 23:35:00+00:00,222.71,222.71,222.56,222.6914,3704.0,143.0,222.660313
AMZN,2025-12-15 23:40:00+00:00,222.62,222.65,222.6,222.65,2792.0,99.0,222.630092
AMZN,2025-12-15 23:45:00+00:00,222.7,222.7,222.62,222.62,1655.0,48.0,222.632598
AMZN,2025-12-15 23:50:00+00:00,222.6,222.6,222.55,222.55,7483.0,176.0,222.561945
AMZN,2025-12-15 23:55:00+00:00,222.58,222.6018,222.56,222.56,1975.0,80.0,222.574452
AMZN,2025-12-16 00:00:00+00:00,222.62,222.63,222.5815,222.6088,3523.0,77.0,222.619195
AMZN,2025-12-16 00:05:00+00:00,222.6,222.6,222.48,222.5,14225.0,250.0,222.524634
AMZN,2025-12-16 00:10:00+00:00,222.5,222.5,222.29,222.3,4449.0,161.0,222.373067
AMZN,2025-12-16 00:15:00+00:00,222.32,222.3999,222.07,222.13,15606.0,218.0,222.164659
AMZN,2025-12-16 00:20:00+00:00,222.29,222.39,222.29,222.37,1547.0,53.0,222.358965
AMZN,2025-12-16 00:25:00+00:00,222.36,222.39,222.22,222.39,3261.0,77.0,222.253886
AMZN,2025-12-16 00:30:00+00:00,222.45,222.45,222.4,222.41,1401.0,68.0,222.411901
AMZN,2025-12-16 00:35:00+00:00,222.41,222.41,222.19,222.22,2430.0,109.0,222.283559
AMZN,2025-12-16 00:40:00+00:00,222.25,222.28,222.1901,222.28,6271.0,122.0,222.241086
AMZN,2025-12-16 00:45:00+00:00,222.26,222.26,222.19,222.22,1142.0,62.0,222.226722
AMZN,2025-12-16 00:50:00+00:00,222.18,222.22,222.15,222.2,5014.0,113.0,222.178474
AMZN,2025-12-16 00:55:00+00:00,222.13,222.28,222.06,222.0843,4292.0,174.0,222.095918
AMZN,2025-12-16 09:00:00+00:00,221.67,221.92,221.67,221.92,3527.0,175.0,221.772542
AMZN,2025-12-16 09:05:00+00:00,222.01,222.25,222.01,222.19,2471.0,71.0,222.208271
AMZN,2025-12-16 09:10:00+00:00,222.4,222.55,222.4,222.54,2578.0,64.0,222.500883
AMZN,2025-12-16 09:15:00+00:00,222.65,222.65,222.46,222.46,1961.0,77.0,222.538571
AMZN,2025-12-16 09:20:00+00:00,222.35,222.35,222.33,222.33,647.0,35.0,222.342509
AMZN,2025-12-16 09:25:00+00:00,222.14,222.14,222.13,222.13,931.0,12.0,222.131658
AMZN,2025-12-16 09:30:00+00:00,222.15,222.15,222.15,222.15,111.0,5.0,222.15
AMZN,2025-12-16 09:35:00+00:00,222.22,222.22,222.16,222.16,286.0,15.0,222.19
AMZN,2025-12-16 09:40:00+00:00,222.01,222.02,221.77,221.78,2407.0,67.0,221.972523
AMZN,2025-12-16 09:50:00+00:00,221.82,221.82,221.79,221.79,453.0,18.0,221.8025
AMZN,2025-12-16 09:55:00+00:00,221.9,221.9,221.8,221.8,756.0,22.0,221.83125
AMZN,2025-12-16 10:15:00+00:00,221.78,222.01,221.72,222.01,5205.0,74.0,221.953478
AMZN,2025-12-16 10:20:00+00:00,221.93,221.93,221.93,221.93,2296.0,17.0,221.93
AMZN,2025-12-16 10:35:00+00:00,222.07,222.07,222.07,222.07,507.0,30.0,222.07
AMZN,2025-12-16 10:40:00+00:00,222.19,222.28,222.19,222.28,2221.0,60.0,222.251834
AMZN,2025-12-16 10:45:00+00:00,222.2,222.2,222.2,222.2,310.0,7.0,222.2
AMZN,2025-12-16 10:50:00+00:00,222.2,222.2,222.07,222.09,1844.0,65.0,222.124827
AMZN,2025-12-16 10:55:00+00:00,222.04,222.1,222.04,222.1,682.0,49.0,222.073333
AMZN,2025-12-16 11:00:00+00:00,222.1,222.1,222.1,222.1,445.0,16.0,222.1
AMZN,2025-12-16 11:05:00+00:00,222.1,222.1,222.01,222.01,1453.0,32.0,222.046667
AMZN,2025-12-16 11:10:00+00:00,222.12,222.12,222.12,222.12,100.0,1.0,222.12
AMZN,2025-12-16 11:15:00+00:00,222.1,222.1,222.1,222.1,105.0,3.0,222.1
AMZN,2025-12-16 11:20:00+00:00,222.1,222.1,222.02,222.02,507.0,19.0,222.08
AMZN,2025-12-16 11:25:00+00:00,222.0,222.05,222.0,222.05,2148.0,45.0,222.035989
AMZN,2025-12-16 11:35:00+00:00,222.07,222.79,222.07,222.7,11206.0,335.0,222.412526
AMZN,2025-12-16 11:40:00+00:00,222.59,222.76,222.59,222.75,3317.0,99.0,222.706426
AMZN,2025-12-16 11:45:00+00:00,222.75,222.75,222.75,222.75,512.0,21.0,222.75
AMZN,2025-12-16 11:50:00+00:00,222.56,222.56,222.53,222.53,511.0,24.0,222.54917
AMZN,2025-12-16 12:00:00+00:00,222.5,222.5,222.31,222.37,3525.0,158.0,222.396019
AMZN,2025-12-16 12:05:00+00:00,222.38,222.42,222.38,222.38,1783.0,54.0,222.395
AMZN,2025-12-16 12:10:00+00:00,222.5,222.8,222.43,222.78,6167.0,111.0,222.717456
AMZN,2025-12-16 12:15:00+00:00,222.74,222.82,222.58,222.6,2721.0,97.0,222.696365
AMZN,2025-12-16 12:20:00+00:00,222.73,223.15,222.73,223.04,8406.0,156.0,222.939935
AMZN,2025-12-16 12:25:00+00:00,222.99,223.15,222.99,223.15,4045.0,111.0,223.121592
AMZN,2025-12-16 12:30:00+00:00,223.15,223.16,223.15,223.15,1218.0,66.0,223.154208
AMZN,2025-12-16 12:35:00+00:00,223.21,223.21,223.1,223.1,6279.0,130.0,223.147315
AMZN,2025-12-16 12:40:00+00:00,223.12,223.17,223.12,223.17,846.0,31.0,223.151132
AMZN,2025-12-16 12:45:00+00:00,223.15,223.15,223.13,223.13,1125.0,40.0,223.138753
AMZN,2025-12-16 12:50:00+00:00,223.15,223.2,223.11,223.11,2412.0,92.0,223.154362
AMZN,2025-12-16 12:55:00+00:00,223.08,223.14,223.08,223.11,2843.0,71.0,223.109759
AMZN,2025-12-16 13:00:00+00:00,222.0,223.2499,220.18,222.85,117997.0,5494.0,222.158508
AMZN,2025-12-16 13:05:00+00:00,222.78,222.85,222.68,222.76,8400.0,162.0,222.733675
AMZN,2025-12-16 13:10:00+00:00,222.75,222.85,222.7,222.85,7464.0,198.0,222.772141
AMZN,2025-12-16 13:15:00+00:00,222.86,222.86,222.44,222.64,12954.0,422.0,222.583507
AMZN,2025-12-16 13:20:00+00:00,222.58,222.75,222.52,222.68,5968.0,178.0,222.680881
AMZN,2025-12-16 13:25:00+00:00,222.75,222.87,222.58,222.58,17698.0,254.0,222.811281
AMZN,2025-12-16 13:30:00+00:00,222.85,223.5,222.85,223.3,41296.0,703.0,223.171982
AMZN,2025-12-16 13:35:00+00:00,222.94,223.69,222.94,223.25,125220.0,816.0,223.478278
AMZN,2025-12-16 13:40:00+00:00,223.23,223.4849,223.19,223.2,12259.0,341.0,223.335464
AMZN,2025-12-16 13:45:00+00:00,223.14,223.5,223.13,223.25,8023.0,271.0,223.354929
AMZN,2025-12-16 13:50:00+00:00,223.28,223.31,222.8,222.8,13427.0,442.0,222.99887
AMZN,2025-12-16 13:55:00+00:00,222.9428,223.2499,222.72,222.72,5354.0,237.0,222.992249
AMZN,2025-12-16 14:00:00+00:00,223.0,223.0,222.49,222.8,15032.0,495.0,222.671829
AMZN,2025-12-16 14:05:00+00:00,222.79,223.26,222.79,223.0,10586.0,286.0,223.043798
AMZN,2025-12-16 14:10:00+00:00,223.0,223.03,222.84,223.0,8583.0,233.0,222.945346
AMZN,2025-12-16 14:15:00+00:00,222.94,223.41,222.94,223.3,12226.0,396.0,223.276656
AMZN,2025-12-16 14:20:00+00:00,223.36,223.37,223.07,223.16,16857.0,437.0,223.294159
AMZN,2025-12-16 14:25:00+00:00,223.16,223.44,222.51,223.13,861078.0,637.0,223.091418
AMZN,2025-12-16 14:30:00+00:00,223.035,223.35,222.0801,222.1899,1407159.0,21894.0,222.845005
AMZN,2025-12-16 14:35:00+00:00,222.19,223.648,222.06,223.06,701427.0,10846.0,223.002046
AMZN,2025-12-16 14:40:00+00:00,223.045,223.15,222.15,222.365,497661.0,8675.0,222.477617
AMZN,2025-12-16 14:45:00+00:00,222.39,223.03,221.9008,222.59,567027.0,10758.0,222.449402
AMZN,2025-12-16 14:50:00+00:00,222.6,223.16,222.52,222.79,441710.0,8629.0,222.842838
AMZN,2025-12-16 14:55:00+00:00,222.77,223.66,222.7,223.29,591010.0,8621.0,223.264018
AMZN,2025-12-16 15:00:00+00:00,223.305,223.55,222.43,222.65,454112.0,8581.0,223.01067
AMZN,2025-12-16 15:05:00+00:00,222.65,223.39,222.5,223.055,367996.0,6508.0,223.009554
AMZN,2025-12-16 15:10:00+00:00,223.05,223.15,222.71,222.965,244809.0,7116.0,222.940843
AMZN,2025-12-16 15:15:00+00:00,222.93,223.08,222.42,222.42,281359.0,5452.0,222.625553
AMZN,2025-12-16 15:20:00+00:00,222.455,222.54,222.23,222.26,230292.0,5866.0,222.368148
AMZN,2025-12-16 15:25:00+00:00,222.23,222.44,221.935,222.365,381656.0,7746.0,222.110871
AMZN,2025-12-16 15:30:00+00:00,222.3,223.0,222.2765,222.74,348708.0,6486.0,222.707252
AMZN,2025-12-16 15:35:00+00:00,222.75,222.99,222.29,222.8535,588814.0,5530.0,222.67597
AMZN,2025-12-16 15:40:00+00:00,222.88,223.25,222.69,223.19,313898.0,5873.0,222.938263
AMZN,2025-12-16 15:45:00+00:00,223.18,223.48,223.07,223.145,324444.0,6214.0,223.305908
AMZN,2025-12-16 15:50:00+00:00,223.1279,223.48,222.92,223.425,304829.0,5797.0,223.20783
AMZN,2025-12-16 15:55:00+00:00,223.41,223.48,223.122,223.34,235666.0,5328.0,223.330502
AMZN,2025-12-16 16:00:00+00:00,223.345,223.48,223.23,223.28,243233.0,5545.0,223.398046
AMZN,2025-12-16 16:05:00+00:00,223.25,223.35,223.01,223.24,245020.0,5759.0,223.201899
AMZN,2025-12-16 16:10:00+00:00,223.28,223.34,222.92,222.95,220914.0,4893.0,223.114822
AMZN,2025-12-16 16:15:00+00:00,222.93,222.9699,222.61,222.8201,277696.0,5639.0,222.83096
AMZN,2025-12-16 16:20:00+00:00,222.84,222.94,222.61,222.7,315265.0,5342.0,222.772277
AMZN,2025-12-16 16:25:00+00:00,222.69,222.83,222.57,222.76,348019.0,5668.0,222.694399
AMZN,2025-12-16 16:30:00+00:00,222.76,222.86,222.5301,222.82,247009.0,5126.0,222.702384
AMZN,2025-12-16 16:35:00+00:00,222.83,222.8596,222.45,222.64,249453.0,5684.0,222.615161
AMZN,2025-12-16 16:40:00+00:00,222.65,222.8,222.3,222.76,211429.0,4981.0,222.553841
AMZN,2025-12-16 16:45:00+00:00,222.74,222.92,222.455,222.92,210557.0,5068.0,222.697219
AMZN,2025-12-16 16:50:00+00:00,222.92,223.155,222.705,222.91,203073.0,4921.0,222.940447
AMZN,2025-12-16 16:55:00+00:00,222.8829,223.24,222.83,223.172,179866.0,4304.0,223.078124
AMZN,2025-12-16 17:00:00+00:00,223.19,223.2616,222.95,223.01,239869.0,4517.0,223.100063
AMZN,2025-12-16 17:05:00+00:00,223.01,223.11,222.83,222.84,236785.0,4526.0,222.997899
AMZN,2025-12-16 17:10:00+00:00,222.83,223.1,222.6,222.91,266021.0,4827.0,222.876708
AMZN,2025-12-16 17:15:00+00:00,222.91,222.97,222.67,222.715,210566.0,3699.0,222.819879
AMZN,2025-12-16 17:20:00+00:00,222.73,222.8,222.43,222.47,209646.0,4311.0,222.605761
AMZN,2025-12-16 17:25:00+00:00,222.46,222.51,222.22,222.31,222472.0,3954.0,222.326392
AMZN,2025-12-16 17:30:00+00:00,222.3,222.54,222.28,222.52,222424.0,3373.0,222.440449
AMZN,2025-12-16 17:35:00+00:00,222.5217,222.64,222.2503,222.32,194743.0,3890.0,222.460454
AMZN,2025-12-16 17:40:00+00:00,222.32,222.33,221.99,222.17,264009.0,5207.0,222.144118
AMZN,2025-12-16 17:45:00+00:00,222.18,222.35,222.13,222.2,159956.0,3189.0,222.208826
AMZN,2025-12-16 17:50:00+00:00,222.2089,222.25,222.02,222.22,164069.0,3446.0,222.155891
AMZN,2025-12-16 17:55:00+00:00,222.23,222.2604,221.9,222.02,303191.0,5860.0,222.080834
AMZN,2025-12-16 18:00:00+00:00,222.01,222.14,221.7,222.02,350039.0,7514.0,221.967946
AMZN,2025-12-16 18:05:00+00:00,222.01,222.06,221.51,221.7174,220043.0,4920.0,221.734705
AMZN,2025-12-16 18:10:00+00:00,221.7,221.745,221.368,221.69,292755.0,5663.0,221.555536
AMZN,2025-12-16 18:15:00+00:00,221.66,221.66,221.3037,221.375,273898.0,4478.0,221.457323
AMZN,2025-12-16 18:20:00+00:00,221.375,221.44,221.1304,221.36,260063.0,4974.0,221.279015
AMZN,2025-12-16 18:25:00+00:00,221.37,221.54,221.17,221.4758,260769.0,4426.0,221.39176
AMZN,2025-12-16 18:30:00+00:00,221.49,222.1,221.485,222.0725,294762.0,4908.0,221.794683
AMZN,2025-12-16 18:35:00+00:00,222.1,222.2816,222.08,222.22,276374.0,4588.0,222.183556
AMZN,2025-12-16 18:40:00+00:00,222.24,222.495,222.24,222.48,243449.0,4545.0,222.380869
AMZN,2025-12-16 18:45:00+00:00,222.48,222.59,222.35,222.35,247815.0,4120.0,222.494065
AMZN,2025-12-16 18:50:00+00:00,222.35,222.61,222.35,222.49,243027.0,4458.0,222.520608
AMZN,2025-12-16 18:55:00+00:00,222.47,222.65,222.47,222.54,180157.0,3789.0,222.552987
AMZN,2025-12-16 19:00:00+00:00,222.515,222.5916,222.0332,222.16,225740.0,4386.0,222.27668
AMZN,2025-12-16 19:05:00+00:00,222.14,222.36,222.02,222.15,220304.0,5042.0,222.13768
AMZN,2025-12-16 19:10:00+00:00,222.155,222.2,221.9,221.9616,204394.0,4408.0,222.026689
AMZN,2025-12-16 19:15:00+00:00,221.95,221.982,221.71,221.75,165347.0,3743.0,221.850897
AMZN,2025-12-16 19:20:00+00:00,221.74,221.97,221.71,221.86,193606.0,3722.0,221.852699
AMZN,2025-12-16 19:25:00+00:00,221.85,222.09,221.74,222.09,200163.0,4231.0,221.960716
AMZN,2025-12-16 19:30:00+00:00,222.07,222.33,222.01,222.28,152823.0,3468.0,222.196155
AMZN,2025-12-16 19:35:00+00:00,222.28,222.49,222.27,222.4399,179470.0,4105.0,222.411501
AMZN,2025-12-16 19:40:00+00:00,222.42,222.71,222.32,222.69,267334.0,4732.0,222.55469
AMZN,2025-12-16 19:45:00+00:00,222.69,222.82,222.595,222.64,283598.0,4990.0,222.727017
AMZN,2025-12-16 19:50:00+00:00,222.65,222.8401,222.53,222.55,352731.0,5842.0,222.672865
AMZN,2025-12-16 19:55:00+00:00,222.55,222.59,222.31,222.38,313152.0,5008.0,222.440795
AMZN,2025-12-16 20:00:00+00:00,222.38,222.62,222.31,222.56,247092.0,4658.0,222.497941
AMZN,2025-12-16 20:05:00+00:00,222.56,222.58,222.38,222.499,214703.0,4529.0,222.496007
AMZN,2025-12-16 20:10:00+00:00,222.47,222.58,222.32,222.33,246345.0,5096.0,222.444876
AMZN,2025-12-16 20:15:00+00:00,222.34,222.455,222.25,222.4262,233663.0,4935.0,222.343276
AMZN,2025-12-16 20:20:00+00:00,222.44,222.6977,222.36,222.69,251457.0,4698.0,222.492075
AMZN,2025-12-16 20:25:00+00:00,222.6854,222.7,222.55,222.64,234697.0,4565.0,222.630977
AMZN,2025-12-16 20:30:00+00:00,222.65,223.1355,222.635,223.03,361657.0,5948.0,222.886641
AMZN,2025-12-16 20:35:00+00:00,223.03,223.3,223.02,223.11,409329.0,6657.0,223.187526
AMZN,2025-12-16 20:40:00+00:00,223.1,223.17,222.95,223.0456,335587.0,6022.0,223.054309
AMZN,2025-12-16 20:45:00+00:00,223.04,223.1,222.89,223.01,330169.0,5536.0,222.991724
AMZN,2025-12-16 20:50:00+00:00,223.01,223.18,222.85,222.94,590526.0,10539.0,223.038632
AMZN,2025-12-16 20:55:00+00:00,222.92,223.21,222.49,222.53,1329243.0,20347.0,222.83408
AMZN,2025-12-16 21:00:00+00:00,222.52,222.63,222.2375,222.34,12157796.0,698.0,222.55983
AMZN,2025-12-16 21:05:00+00:00,222.34,222.56,222.22,222.2651,25286.0,390.0,222.409637
AMZN,2025-12-16 21:10:00+00:00,222.24,222.24,222.2,222.2,12522.0,364.0,222.225275
AMZN,2025-12-16 21:15:00+00:00,222.1984,222.56,222.1209,222.26,12431.0,253.0,222.287889
AMZN,2025-12-16 21:20:00+00:00,222.414,222.414,222.1,222.14,7612.0,256.0,222.18021
AMZN,2025-12-16 21:25:00+00:00,222.13,222.3,222.13,222.23,2795.0,168.0,222.246714
AMZN,2025-12-16 21:30:00+00:00,222.22,222.39,222.22,222.26,2420.0,151.0,222.31786
AMZN,2025-12-16 21:35:00+00:00,222.3614,222.3892,222.3,222.34,2953.0,88.0,222.343779
AMZN,2025-12-16 21:40:00+00:00,222.3,222.34,222.28,222.28,6782.0,115.0,222.300011
AMZN,2025-12-16 21:45:00+00:00,222.2211,222.25,222.2,222.23,65472.0,169.0,222.220809
AMZN,2025-12-16 21:50:00+00:00,222.19,222.25,222.17,222.1805,2371.0,108.0,222.203212
AMZN,2025-12-16 21:55:00+00:00,222.2308,222.25,222.08,222.08,4049.0,111.0,222.168669
AMZN,2025-12-16 22:00:00+00:00,222.1638,222.2,222.1018,222.1018,1821.0,80.0,222.171474
AMZN,2025-12-16 22:05:00+00:00,222.1874,222.2,222.1,222.1,2649.0,83.0,222.150345
AMZN,2025-12-16 22:10:00+00:00,222.2,222.2,222.08,222.16,2858.0,253.0,222.137071
AMZN,2025-12-16 22:15:00+00:00,222.192,222.2,222.17,222.2,3102.0,111.0,222.196445
AMZN,2025-12-16 22:20:00+00:00,222.18,222.18,222.18,222.18,570.0,32.0,222.18
AMZN,2025-12-16 22:25:00+00:00,222.18,222.2,222.08,222.2,3289.0,82.0,222.138601
AMZN,2025-12-16 22:30:00+00:00,222.15,222.15,222.1034,222.14,1371.0,52.0,222.126073
AMZN,2025-12-16 22:35:00+00:00,222.1,222.56,222.1,222.56,1062.0,44.0,222.187966
AMZN,2025-12-16 22:40:00+00:00,222.56,222.56,222.12,222.25,7247.0,111.0,222.347542
AMZN,2025-12-16 22:45:00+00:00,222.2499,222.2499,222.2483,222.2483,1159.0,52.0,222.248515
AMZN,2025-12-16 22:50:00+00:00,222.2,222.2,222.2,222.2,16847.0,55.0,222.2
AMZN,2025-12-16 22:55:00+00:00,222.1281,222.14,222.12,222.14,1917.0,65.0,222.128499
AMZN,2025-12-16 23:00:00+00:00,222.25,222.25,222.1,222.1,22623.0,135.0,222.234278
AMZN,2025-12-16 23:05:00+00:00,222.15,222.15,222.01,222.02,2368.0,88.0,222.103433
AMZN,2025-12-16 23:10:00+00:00,222.3,222.3236,222.2498,222.2498,3777.0,56.0,222.299169
AMZN,2025-12-16 23:15:00+00:00,222.136,222.1366,222.136,222.1366,1062.0,29.0,222.136375
AMZN,2025-12-16 23:20:00+00:00,222.2,222.2,222.15,222.2,1547.0,49.0,222.195833
AMZN,2025-12-16 23:25:00+00:00,222.13,222.13,222.13,222.13,268.0,17.0,222.13
AMZN,2025-12-16 23:30:00+00:00,222.2,222.34,222.19,222.34,3515.0,62.0,222.218549
AMZN,2025-12-16 23:35:00+00:00,222.34,222.48,222.34,222.4,5540.0,120.0,222.392654
AMZN,2025-12-16 23:40:00+00:00,222.39,222.56,222.39,222.5599,4025.0,76.0,222.495258
AMZN,2025-12-16 23:45:00+00:00,222.45,222.488,222.28,222.28,1431.0,63.0,222.447407
AMZN,2025-12-16 23:50:00+00:00,222.12,222.12,222.12,222.12,662.0,11.0,222.12
AMZN,2025-12-16 23:55:00+00:00,222.35,222.35,222.08,222.08,6140.0,156.0,222.117633
AMZN,2025-12-17 00:00:00+00:00,222.08,222.1798,222.0,222.0,11819.0,172.0,222.050652
AMZN,2025-12-17 00:05:00+00:00,222.07,222.08,222.0,222.08,7391.0,209.0,222.033664
AMZN,2025-12-17 00:10:00+00:00,222.08,222.19,222.0,222.0,6524.0,109.0,222.135445
AMZN,2025-12-17 00:15:00+00:00,222.0,222.2,222.0,222.2,2106.0,78.0,222.081595
AMZN,2025-12-17 00:20:00+00:00,222.09,222.1508,222.0,222.05,1158.0,55.0,222.11175
AMZN,2025-12-17 00:25:00+00:00,222.0,222.1,222.0,222.05,4284.0,59.0,222.010556
AMZN,2025-12-17 00:30:00+00:00,222.0101,222.15,222.0,222.116,4811.0,86.0,222.044555
AMZN,2025-12-17 00:35:00+00:00,222.02,222.07,222.02,222.07,234.0,12.0,222.045
AMZN,2025-12-17 00:40:00+00:00,222.19,222.23,222.1,222.2,3244.0,62.0,222.155632
AMZN,2025-12-17 00:45:00+00:00,222.1,222.25,222.1,222.1174,2937.0,71.0,222.128465
AMZN,2025-12-17 00:50:00+00:00,222.13,222.2,222.13,222.2,2986.0,50.0,222.154868
AMZN,2025-12-17 00:55:00+00:00,222.13,222.15,222.0,222.1348,3717.0,120.0,222.047832
AMZN,2025-12-17 09:00:00+00:00,224.65,225.5,224.65,225.05,18997.0,264.0,225.141039
AMZN,2025-12-17 09:05:00+00:00,225.16,225.16,225.03,225.09,5444.0,130.0,225.073119
AMZN,2025-12-17 09:10:00+00:00,225.03,225.15,224.6,224.63,16689.0,246.0,224.981666
AMZN,2025-12-17 09:15:00+00:00,224.99,224.99,224.81,224.97,3124.0,71.0,224.85609
AMZN,2025-12-17 09:20:00+00:00,224.88,225.55,224.88,225.47,8631.0,168.0,225.231486
AMZN,2025-12-17 09:25:00+00:00,225.24,225.24,225.22,225.24,583.0,20.0,225.233558
AMZN,2025-12-17 09:30:00+00:00,225.46,226.0,225.46,225.96,15297.0,254.0,225.789868
AMZN,2025-12-17 09:35:00+00:00,225.9,225.9,225.75,225.75,3862.0,50.0,225.796248
AMZN,2025-12-17 09:40:00+00:00,225.75,225.75,225.38,225.64,4515.0,109.0,225.58557
AMZN,2025-12-17 09:45:00+00:00,225.55,225.55,225.36,225.36,1160.0,51.0,225.472197
AMZN,2025-12-17 09:50:00+00:00,225.49,225.49,225.49,225.49,281.0,8.0,225.49
AMZN,2025-12-17 09:55:00+00:00,225.43,225.43,225.35,225.35,1529.0,50.0,225.390952
AMZN,2025-12-17 10:00:00+00:00,225.25,225.25,225.25,225.25,328.0,16.0,225.25
AMZN,2025-12-17 10:05:00+00:00,225.35,225.5,225.35,225.5,7272.0,121.0,225.450149
AMZN,2025-12-17 10:10:00+00:00,225.5,225.5,225.42,225.5,4339.0,91.0,225.469136
AMZN,2025-12-17 10:15:00+00:00,225.68,225.74,225.63,225.7,1420.0,25.0,225.682814
AMZN,2025-12-17 10:20:00+00:00,225.77,225.9,225.7,225.8,4336.0,95.0,225.79687
AMZN,2025-12-17 10:25:00+00:00,225.8,226.0,225.8,225.98,9491.0,141.0,225.877453
AMZN,2025-12-17 10:30:00+00:00,225.9,225.94,225.84,225.85,1791.0,55.0,225.867704
AMZN,2025-12-17 10:35:00+00:00,225.89,225.89,225.75,225.77,3348.0,92.0,225.817578
AMZN,2025-12-17 10:40:00+00:00,225.67,225.94,225.67,225.94,2788.0,95.0,225.764255
AMZN,2025-12-17 10:45:00+00:00,225.94,226.47,225.94,226.1,14920.0,307.0,226.194735
AMZN,2025-12-17 10:50:00+00:00,226.1,226.44,226.1,226.39,11383.0,168.0,226.271808
AMZN,2025-12-17 10:55:00+00:00,226.3,226.35,226.3,226.35,1529.0,57.0,226.315182
AMZN,2025-12-17 11:00:00+00:00,226.29,227.07,226.0,226.7,37604.0,578.0,226.687044
AMZN,2025-12-17 11:05:00+00:00,226.9,227.0,226.32,226.4,13349.0,247.0,226.801923
AMZN,2025-12-17 11:10:00+00:00,226.47,226.68,226.47,226.68,8378.0,100.0,226.620829
AMZN,2025-12-17 11:15:00+00:00,226.62,226.93,226.4,226.46,10657.0,246.0,226.649751
AMZN,2025-12-17 11:20:00+00:00,226.45,226.58,226.42,226.42,3261.0,80.0,226.483157
AMZN,2025-12-17 11:25:00+00:00,226.36,226.38,226.21,226.3,7463.0,139.0,226.301915
AMZN,2025-12-17 11:30:00+00:00,226.25,226.39,226.24,226.34,4157.0,93.0,226.295404
AMZN,2025-12-17 11:35:00+00:00,226.32,226.32,226.17,226.17,2232.0,52.0,226.220451
AMZN,2025-12-17 11:40:00+00:00,226.29,226.36,226.24,226.3,1582.0,49.0,226.312143
AMZN,2025-12-17 11:45:00+00:00,226.23,226.39,225.77,226.38,15649.0,263.0,226.09914
AMZN,2025-12-17 11:50:00+00:00,226.39,226.53,226.34,226.5,6663.0,146.0,226.460096
AMZN,2025-12-17 11:55:00+00:00,226.25,226.3,226.2,226.2,6626.0,63.0,226.25103
AMZN,2025-12-17 12:00:00+00:00,226.23,226.53,225.79,226.18,64757.0,1448.0,226.254159
AMZN,2025-12-17 12:05:00+00:00,226.05,226.05,225.77,225.87,11109.0,223.0,225.928928
AMZN,2025-12-17 12:10:00+00:00,225.9,225.99,225.67,225.67,8863.0,211.0,225.764762
AMZN,2025-12-17 12:15:00+00:00,225.67,225.96,225.62,225.85,9967.0,206.0,225.726531
AMZN,2025-12-17 12:20:00+00:00,225.77,225.86,225.59,225.68,6137.0,164.0,225.687777
AMZN,2025-12-17 12:25:00+00:00,225.72,225.76,225.63,225.63,4439.0,106.0,225.681453
AMZN,2025-12-17 12:30:00+00:00,225.6,225.78,225.57,225.74,4647.0,125.0,225.639912
AMZN,2025-12-17 12:35:00+00:00,225.75,225.86,225.75,225.8,2023.0,47.0,225.809272
AMZN,2025-12-17 12:40:00+00:00,225.82,225.89,225.69,225.84,9386.0,186.0,225.80012
AMZN,2025-12-17 12:45:00+00:00,225.82,225.89,225.8,225.85,4173.0,121.0,225.844387
AMZN,2025-12-17 12:50:00+00:00,225.9,226.15,225.9,225.95,9651.0,201.0,226.006002
AMZN,2025-12-17 12:55:00+00:00,225.95,225.97,225.5,225.57,19993.0,348.0,225.570663
AMZN,2025-12-17 13:00:00+00:00,226.53,227.0,223.5,225.39,268996.0,6554.0,225.684647
AMZN,2025-12-17 13:05:00+00:00,225.44,225.48,225.15,225.48,9521.0,293.0,225.251305
AMZN,2025-12-17 13:10:00+00:00,225.3,225.48,225.0,225.02,13226.0,483.0,225.235881
AMZN,2025-12-17 13:15:00+00:00,225.02,225.29,224.3,224.84,35409.0,933.0,224.798483
AMZN,2025-12-17 13:20:00+00:00,224.55,224.97,224.0,224.8,21786.0,641.0,224.460163
AMZN,2025-12-17 13:25:00+00:00,224.9275,224.94,224.51,224.62,20548.0,382.0,224.699183
AMZN,2025-12-17 13:30:00+00:00,224.7,225.29,224.7,225.29,27246.0,602.0,224.960367
AMZN,2025-12-17 13:35:00+00:00,225.33,225.35,224.77,224.8113,24531.0,550.0,225.026793
AMZN,2025-12-17 13:40:00+00:00,224.81,224.81,224.72,224.77,17513.0,353.0,224.776147
AMZN,2025-12-17 13:45:00+00:00,224.75,225.15,224.62,225.09,35864.0,783.0,224.83609
AMZN,2025-12-17 13:50:00+00:00,225.1,225.1,224.82,224.95,9373.0,198.0,224.981482
AMZN,2025-12-17 13:55:00+00:00,224.95,225.06,224.79,224.9021,21884.0,565.0,224.929113
AMZN,2025-12-17 14:00:00+00:00,225.0476,225.1589,224.93,225.0399,10977.0,326.0,225.055872
AMZN,2025-12-17 14:05:00+00:00,224.99,225.44,224.99,225.44,97096.0,369.0,225.206756
AMZN,2025-12-17 14:10:00+00:00,225.44,225.7,225.22,225.22,35688.0,729.0,225.436148
AMZN,2025-12-17 14:15:00+00:00,225.19,225.2905,225.0,225.2,32571.0,626.0,225.130252
AMZN,2025-12-17 14:20:00+00:00,225.25,225.43,225.1012,225.11,38324.0,520.0,225.244524
AMZN,2025-12-17 14:25:00+00:00,225.19,225.57,224.2,224.61,116957.0,1643.0,224.689304
AMZN,2025-12-17 14:30:00+00:00,224.655,225.115,224.05,224.445,1550603.0,21363.0,224.528981
AMZN,2025-12-17 14:35:00+00:00,224.49,225.19,223.93,224.035,801387.0,12356.0,224.646737
AMZN,2025-12-17 14:40:00+00:00,224.03,224.1399,223.55,224.1171,584490.0,8793.0,223.790042
AMZN,2025-12-17 14:45:00+00:00,224.11,224.2,222.84,223.52,591768.0,10560.0,223.364743
AMZN,2025-12-17 14:50:00+00:00,223.54,223.57,223.0201,223.522,346748.0,6766.0,223.308857
AMZN,2025-12-17 14:55:00+00:00,223.5,224.52,223.355,224.2,511710.0,8685.0,224.092674
AMZN,2025-12-17 15:00:00+00:00,224.19,224.45,223.8,224.2144,324130.0,8231.0,224.141196
AMZN,2025-12-17 15:05:00+00:00,224.245,224.46,224.0,224.09,303440.0,6234.0,224.229932
AMZN,2025-12-17 15:10:00+00:00,224.12,224.29,223.9601,224.09,223741.0,4675.0,224.140189
AMZN,2025-12-17 15:15:00+00:00,224.095,224.36,224.035,224.139,288319.0,5129.0,224.190548
AMZN,2025-12-17 15:20:00+00:00,224.14,224.89,223.96,224.6,432259.0,6823.0,224.567283
AMZN,2025-12-17 15:25:00+00:00,224.6,225.04,224.2833,224.7787,473152.0,7125.0,224.735858
AMZN,2025-12-17 15:30:00+00:00,224.77,224.9203,224.1724,224.215,390055.0,6663.0,224.591115
AMZN,2025-12-17 15:35:00+00:00,224.2,224.25,223.34,223.64,688735.0,9658.0,223.594091
AMZN,2025-12-17 15:40:00+00:00,223.61,223.805,223.185,223.44,301025.0,6355.0,223.506375
AMZN,2025-12-17 15:45:00+00:00,223.42,223.77,223.04,223.48,387136.0,7222.0,223.31954
AMZN,2025-12-17 15:50:00+00:00,223.48,223.55,222.97,223.265,390462.0,7303.0,223.200107
AMZN,2025-12-17 15:55:00+00:00,223.26,223.755,223.0,223.65,426166.0,7902.0,223.380315
AMZN,2025-12-17 16:00:00+00:00,223.62,223.87,223.56,223.8,413721.0,7127.0,223.718337
AMZN,2025-12-17 16:05:00+00:00,223.79,224.05,223.66,223.74,303661.0,5732.0,223.858677
AMZN,2025-12-17 16:10:00+00:00,223.73,223.915,223.5,223.545,285198.0,5482.0,223.68514
AMZN,2025-12-17 16:15:00+00:00,223.53,224.0686,223.45,223.985,343172.0,6317.0,223.819196
AMZN,2025-12-17 16:20:00+00:00,223.99,224.12,223.66,223.92,284125.0,5240.0,223.943596
AMZN,2025-12-17 16:25:00+00:00,223.915,224.19,223.9,224.115,273626.0,5354.0,224.099995
AMZN,2025-12-17 16:30:00+00:00,224.12,224.12,223.81,223.97,283796.0,6109.0,223.920172
AMZN,2025-12-17 16:35:00+00:00,223.9568,224.199,223.7399,223.81,284602.0,5584.0,223.974486
AMZN,2025-12-17 16:40:00+00:00,223.83,223.9,223.59,223.68,250990.0,4704.0,223.732785
AMZN,2025-12-17 16:45:00+00:00,223.67,223.895,223.38,223.61,221270.0,4460.0,223.612551
AMZN,2025-12-17 16:50:00+00:00,223.6,223.7105,223.145,223.41,295229.0,5591.0,223.36453
AMZN,2025-12-17 16:55:00+00:00,223.4,223.6399,223.12,223.621,244357.0,4834.0,223.346101
AMZN,2025-12-17 17:00:00+00:00,223.61,223.9,223.4,223.505,219759.0,3910.0,223.678019
AMZN,2025-12-17 17:05:00+00:00,223.515,223.7,223.238,223.275,228837.0,4175.0,223.453803
AMZN,2025-12-17 17:10:00+00:00,223.28,223.6204,223.02,223.04,199476.0,3906.0,223.282818
AMZN,2025-12-17 17:15:00+00:00,223.04,223.7,222.965,223.48,291738.0,6195.0,223.250011
AMZN,2025-12-17 17:20:00+00:00,223.47,223.9816,223.47,223.97,249870.0,4177.0,223.751667
AMZN,2025-12-17 17:25:00+00:00,223.96,224.05,223.54,223.645,243160.0,4395.0,223.837048
AMZN,2025-12-17 17:30:00+00:00,223.6547,224.02,223.63,223.7327,231891.0,4117.0,223.86849
AMZN,2025-12-17 17:35:00+00:00,223.73,223.78,223.53,223.54,156142.0,3164.0,223.684846
AMZN,2025-12-17 17:40:00+00:00,223.53,223.84,223.46,223.63,169273.0,3675.0,223.676538
AMZN,2025-12-17 17:45:00+00:00,223.65,223.675,223.42,223.57,140482.0,3178.0,223.562188
AMZN,2025-12-17 17:50:00+00:00,223.56,223.865,223.46,223.51,201911.0,4005.0,223.679781
AMZN,2025-12-17 17:55:00+00:00,223.54,223.805,223.54,223.68,128603.0,2829.0,223.682848
AMZN,2025-12-17 18:00:00+00:00,223.69,224.3177,223.69,224.2,233461.0,4034.0,224.018503
AMZN,2025-12-17 18:05:00+00:00,224.17,224.55,224.1,224.1,320443.0,4324.0,224.36524
AMZN,2025-12-17 18:10:00+00:00,224.1175,224.15,223.925,223.94,204529.0,3899.0,224.05948
AMZN,2025-12-17 18:15:00+00:00,223.91,224.01,223.76,223.8525,191756.0,3500.0,223.853131
AMZN,2025-12-17 18:20:00+00:00,223.84,223.99,223.76,223.865,142453.0,2946.0,223.86395
AMZN,2025-12-17 18:25:00+00:00,223.855,224.0244,223.71,223.79,254663.0,3120.0,223.852397
AMZN,2025-12-17 18:30:00+00:00,223.75,223.76,223.52,223.65,203084.0,3919.0,223.633566
AMZN,2025-12-17 18:35:00+00:00,223.64,223.71,223.2,223.22,219287.0,3903.0,223.52453
AMZN,2025-12-17 18:40:00+00:00,223.2001,223.2001,222.69,223.14,430754.0,7168.0,223.019961
AMZN,2025-12-17 18:45:00+00:00,223.13,223.36,223.1,223.28,237212.0,3896.0,223.217714
AMZN,2025-12-17 18:50:00+00:00,223.2727,223.48,223.19,223.4,198565.0,3423.0,223.37719
AMZN,2025-12-17 18:55:00+00:00,223.395,223.48,223.045,223.14,219669.0,3641.0,223.299663
AMZN,2025-12-17 19:00:00+00:00,223.14,223.22,223.0001,223.03,273140.0,3794.0,223.074335
AMZN,2025-12-17 19:05:00+00:00,223.0399,223.15,222.7,222.78,201630.0,3998.0,222.891389
AMZN,2025-12-17 19:10:00+00:00,222.77,222.8396,222.57,222.695,264501.0,4436.0,222.664696
AMZN,2025-12-17 19:15:00+00:00,222.71,223.03,222.71,222.945,218672.0,4126.0,222.866718
AMZN,2025-12-17 19:20:00+00:00,222.951,223.15,222.84,223.12,464167.0,4496.0,223.029923
AMZN,2025-12-17 19:25:00+00:00,223.0999,223.1499,222.88,222.915,170322.0,3463.0,223.00722
AMZN,2025-12-17 19:30:00+00:00,222.9,223.09,222.7601,222.8,195293.0,3733.0,222.96112
AMZN,2025-12-17 19:35:00+00:00,222.7701,223.06,222.76,223.025,169245.0,3549.0,222.924149
AMZN,2025-12-17 19:40:00+00:00,223.06,223.1,222.89,222.94,160564.0,3068.0,222.99055
AMZN,2025-12-17 19:45:00+00:00,222.94,223.035,222.839,222.99,130223.0,3013.0,222.916914
AMZN,2025-12-17 19:50:00+00:00,222.99,223.01,222.73,222.83,184971.0,3732.0,222.845019
AMZN,2025-12-17 19:55:00+00:00,222.85,222.91,222.62,222.6499,257717.0,4324.0,222.785447
AMZN,2025-12-17 20:00:00+00:00,222.62,222.7,222.12,222.14,334589.0,6011.0,222.359768
AMZN,2025-12-17 20:05:00+00:00,222.15,222.23,222.045,222.1,239253.0,4494.0,222.136057
AMZN,2025-12-17 20:10:00+00:00,222.12,222.32,222.01,222.2001,223695.0,4293.0,222.178804
AMZN,2025-12-17 20:15:00+00:00,222.205,222.4394,222.205,222.24,223469.0,4587.0,222.318041
AMZN,2025-12-17 20:20:00+00:00,222.25,222.35,222.21,222.24,229795.0,4101.0,222.265002
AMZN,2025-12-17 20:25:00+00:00,222.24,222.24,221.93,222.02,340206.0,6545.0,222.045554
AMZN,2025-12-17 20:30:00+00:00,222.03,222.14,221.65,221.89,478547.0,6617.0,221.803503
AMZN,2025-12-17 20:35:00+00:00,221.9,221.91,221.7303,221.8,238291.0,4987.0,221.830458
AMZN,2025-12-17 20:40:00+00:00,221.79,222.171,221.78,222.11,308448.0,5387.0,222.029246
AMZN,2025-12-17 20:45:00+00:00,222.11,222.22,221.98,222.17,349470.0,6618.0,222.090813
AMZN,2025-12-17 20:50:00+00:00,222.17,222.18,221.21,221.56,911507.0,15512.0,221.467708
AMZN,2025-12-17 20:55:00+00:00,221.55,221.57,220.99,221.241,2183974.0,30966.0,221.343652
AMZN,2025-12-17 21:00:00+00:00,221.27,221.79,221.27,221.44,14879441.0,959.0,221.270295
AMZN,2025-12-17 21:05:00+00:00,221.4,221.9899,221.25,221.9899,469419.0,329.0,221.342785
AMZN,2025-12-17 21:10:00+00:00,221.95,221.95,221.7,221.81,22157.0,384.0,221.783303
AMZN,2025-12-17 21:15:00+00:00,221.89,221.89,221.5,221.7,11165.0,369.0,221.710658
AMZN,2025-12-17 21:20:00+00:00,221.7,221.76,221.51,221.5607,6487.0,184.0,221.646368
AMZN,2025-12-17 21:25:00+00:00,221.6853,221.73,221.6,221.6208,2619.0,76.0,221.637814
AMZN,2025-12-17 21:30:00+00:00,221.76,221.8615,221.7,221.8003,11474.0,226.0,221.799001
AMZN,2025-12-17 21:35:00+00:00,221.8,221.99,221.68,221.98,26020.0,365.0,221.8013
AMZN,2025-12-17 21:40:00+00:00,221.82,221.99,221.66,221.99,5898.0,230.0,221.836738
AMZN,2025-12-17 21:45:00+00:00,221.9,221.93,221.27,221.27,8694.0,216.0,221.781364
AMZN,2025-12-17 21:50:00+00:00,221.79,221.88,221.65,221.7,12511.0,300.0,221.760388
AMZN,2025-12-17 21:55:00+00:00,221.6999,221.8633,221.6,221.6,2776.0,115.0,221.676049
AMZN,2025-12-17 22:00:00+00:00,221.7,221.7,221.55,221.55,7590.0,179.0,221.593476
AMZN,2025-12-17 22:05:00+00:00,221.55,221.93,221.55,221.93,6345.0,174.0,221.777017
AMZN,2025-12-17 22:10:00+00:00,221.75,221.97,221.74,221.8,2331.0,95.0,221.817096
AMZN,2025-12-17 22:15:00+00:00,221.78,221.78,221.6662,221.71,1944.0,145.0,221.7378
AMZN,2025-12-17 22:20:00+00:00,221.75,221.85,221.75,221.7985,2751.0,130.0,221.805266
AMZN,2025-12-17 22:25:00+00:00,221.8,221.8,221.73,221.75,1528.0,81.0,221.768509
AMZN,2025-12-17 22:30:00+00:00,221.75,221.75,221.72,221.74,2672.0,131.0,221.728804
AMZN,2025-12-17 22:35:00+00:00,221.7002,221.76,221.65,221.7504,3594.0,159.0,221.699565
AMZN,2025-12-17 22:40:00+00:00,221.75,221.8,221.75,221.7979,4016.0,98.0,221.75961
AMZN,2025-12-17 22:45:00+00:00,221.77,221.8,221.77,221.7861,1457.0,60.0,221.787466
AMZN,2025-12-17 22:50:00+00:00,221.75,221.87,221.75,221.87,2527.0,119.0,221.827139
AMZN,2025-12-17 22:55:00+00:00,221.77,221.88,221.77,221.77,1284.0,81.0,221.823772
AMZN,2025-12-17 23:00:00+00:00,221.71,221.75,221.4,221.5518,4557.0,217.0,221.657807
AMZN,2025-12-17 23:05:00+00:00,221.57,221.62,221.5,221.51,3031.0,112.0,221.554306
AMZN,2025-12-17 23:10:00+00:00,221.5,221.6646,221.45,221.45,504987.0,119.0,221.505451
AMZN,2025-12-17 23:15:00+00:00,221.492,221.6,221.45,221.4982,2931.0,84.0,221.485278
AMZN,2025-12-17 23:20:00+00:00,221.4512,221.4986,221.45,221.45,3911.0,81.0,221.463564
AMZN,2025-12-17 23:25:00+00:00,221.492,221.61,221.45,221.61,4164.0,110.0,221.470627
AMZN,2025-12-17 23:30:00+00:00,221.51,221.668,221.5,221.668,2745.0,51.0,221.516842
AMZN,2025-12-17 23:35:00+00:00,221.5,221.7,221.45,221.45,8527.0,95.0,221.495414
AMZN,2025-12-17 23:40:00+00:00,221.5,221.7,221.5,221.7,2304.0,19.0,221.518182
AMZN,2025-12-17 23:45:00+00:00,221.532,221.65,221.532,221.57,2349.0,58.0,221.571058
AMZN,2025-12-17 23:50:00+00:00,221.5,221.54,221.358,221.358,5374.0,123.0,221.449963
AMZN,2025-12-17 23:55:00+00:00,221.392,221.392,221.25,221.3,4287.0,161.0,221.286626
AMZN,2025-12-18 00:00:00+00:00,221.4,221.4288,221.25,221.4,6871.0,266.0,221.343612
AMZN,2025-12-18 00:05:00+00:00,221.32,221.45,221.2656,221.32,2678.0,109.0,221.309322
AMZN,2025-12-18 00:10:00+00:00,221.3193,221.4,221.2528,221.4,1341.0,51.0,221.324956
AMZN,2025-12-18 00:15:00+00:00,221.4,221.8,221.4,221.59,11011.0,146.0,221.534943
AMZN,2025-12-18 00:20:00+00:00,221.5464,221.76,221.51,221.76,1926.0,81.0,221.634919
AMZN,2025-12-18 00:25:00+00:00,221.7647,221.786,221.7647,221.786,724.0,29.0,221.770025
AMZN,2025-12-18 00:30:00+00:00,221.65,221.65,221.5,221.5,2821.0,85.0,221.559396
AMZN,2025-12-18 00:35:00+00:00,221.53,221.5367,221.4209,221.4992,3717.0,78.0,221.497177
AMZN,2025-12-18 00:40:00+00:00,221.5,221.53,221.45,221.49,1638.0,59.0,221.480498
AMZN,2025-12-18 00:45:00+00:00,221.5,222.0,221.48,222.0,4035.0,119.0,221.806866
AMZN,2025-12-18 00:50:00+00:00,221.99,221.99,221.7519,221.9454,1767.0,65.0,221.870852
AMZN,2025-12-18 00:55:00+00:00,221.85,221.8729,221.82,221.8729,4539.0,117.0,221.847869
AMZN,2025-12-18 09:00:00+00:00,222.64,222.98,222.52,222.94,6775.0,223.0,222.734212
AMZN,2025-12-18 09:05:00+00:00,222.81,223.0,222.69,222.7,5137.0,123.0,222.851693
AMZN,2025-12-18 09:10:00+00:00,222.63,222.63,222.63,222.63,224.0,15.0,222.63
AMZN,2025-12-18 09:15:00+00:00,222.62,222.62,222.47,222.47,4377.0,96.0,222.593936
AMZN,2025-12-18 09:20:00+00:00,222.52,222.7,222.48,222.7,1266.0,32.0,222.570454
AMZN,2025-12-18 09:25:00+00:00,222.46,222.46,222.43,222.43,1093.0,25.0,222.43491
AMZN,2025-12-18 09:30:00+00:00,222.7,222.7,222.7,222.7,1152.0,42.0,222.7
AMZN,2025-12-18 09:40:00+00:00,222.7,222.7,222.7,222.7,571.0,25.0,222.7
AMZN,2025-12-18 09:45:00+00:00,222.7,222.7,222.7,222.7,2785.0,30.0,222.7
AMZN,2025-12-18 09:55:00+00:00,222.96,222.96,222.9,222.9,1202.0,40.0,222.930125
AMZN,2025-12-18 10:00:00+00:00,222.9,222.95,222.8,222.85,4592.0,97.0,222.884708
AMZN,2025-12-18 10:15:00+00:00,222.55,222.55,222.54,222.54,590.0,26.0,222.545
AMZN,2025-12-18 10:20:00+00:00,222.54,222.54,222.54,222.54,317.0,12.0,222.54
AMZN,2025-12-18 10:30:00+00:00,222.72,222.99,222.72,222.99,2810.0,85.0,222.829269
AMZN,2025-12-18 10:35:00+00:00,223.0,223.1,223.0,223.1,2978.0,56.0,223.047952
AMZN,2025-12-18 10:40:00+00:00,223.08,223.1,223.0,223.0,4488.0,56.0,223.012049
AMZN,2025-12-18 10:45:00+00:00,223.09,223.09,222.99,223.0,3702.0,56.0,223.006091
AMZN,2025-12-18 10:50:00+00:00,223.0,223.0,223.0,223.0,873.0,12.0,223.0
AMZN,2025-12-18 10:55:00+00:00,222.91,223.0,222.9,222.95,1350.0,60.0,222.938235
AMZN,2025-12-18 11:00:00+00:00,222.89,222.89,222.88,222.88,469.0,24.0,222.884926
AMZN,2025-12-18 11:05:00+00:00,222.87,223.04,222.87,222.95,4294.0,70.0,222.927917
AMZN,2025-12-18 11:10:00+00:00,222.96,222.96,222.96,222.96,205.0,7.0,222.96
AMZN,2025-12-18 11:15:00+00:00,222.99,223.0,222.99,223.0,1055.0,17.0,222.996317
AMZN,2025-12-18 11:20:00+00:00,222.96,222.96,222.95,222.95,2544.0,63.0,222.955595
AMZN,2025-12-18 11:25:00+00:00,223.0,223.0,222.9,222.9,4304.0,60.0,222.948504
AMZN,2025-12-18 11:30:00+00:00,223.05,223.54,223.05,223.3,8439.0,150.0,223.261189
AMZN,2025-12-18 11:35:00+00:00,223.18,223.2,223.1,223.1,3063.0,78.0,223.113513
AMZN,2025-12-18 11:40:00+00:00,223.0,223.0,222.9,222.9,717.0,38.0,222.966667
AMZN,2025-12-18 11:45:00+00:00,222.95,223.0,222.95,223.0,722.0,26.0,222.975
AMZN,2025-12-18 11:50:00+00:00,223.02,223.02,223.0,223.01,630.0,24.0,223.009238
AMZN,2025-12-18 11:55:00+00:00,223.03,223.05,223.0,223.0,2100.0,55.0,223.016478
AMZN,2025-12-18 12:00:00+00:00,222.99,222.99,222.6,222.78,10442.0,276.0,222.741852
AMZN,2025-12-18 12:05:00+00:00,222.85,222.92,222.85,222.85,1140.0,34.0,222.862195
AMZN,2025-12-18 12:10:00+00:00,222.85,223.0,222.85,223.0,4281.0,92.0,222.946452
AMZN,2025-12-18 12:15:00+00:00,223.0,223.22,222.99,223.17,13327.0,224.0,223.069605
AMZN,2025-12-18 12:20:00+00:00,223.11,223.13,222.93,223.07,6404.0,146.0,223.013341
AMZN,2025-12-18 12:25:00+00:00,223.04,223.2,222.99,222.99,6033.0,87.0,223.109388
AMZN,2025-12-18 12:30:00+00:00,223.0,223.17,222.99,223.13,7925.0,156.0,223.087771
AMZN,2025-12-18 12:35:00+00:00,223.1,223.3,223.1,223.18,6867.0,185.0,223.213484
AMZN,2025-12-18 12:40:00+00:00,223.1,223.28,223.1,223.28,2343.0,78.0,223.216123
AMZN,2025-12-18 12:45:00+00:00,223.16,223.16,223.1,223.1,4300.0,129.0,223.121725
AMZN,2025-12-18 12:50:00+00:00,223.17,223.28,223.14,223.18,2107.0,60.0,223.180648
AMZN,2025-12-18 12:55:00+00:00,223.14,223.17,223.12,223.17,2120.0,68.0,223.15991
AMZN,2025-12-18 13:00:00+00:00,222.6008,223.33,221.71,223.17,142218.0,3523.0,222.874996
AMZN,2025-12-18 13:05:00+00:00,223.2,223.2,222.9103,223.0,8684.0,280.0,223.037428
AMZN,2025-12-18 13:10:00+00:00,223.0,223.1,222.99,223.0,3685.0,118.0,223.005888
AMZN,2025-12-18 13:15:00+00:00,223.1,223.29,223.1,223.21,8988.0,191.0,223.197617
AMZN,2025-12-18 13:20:00+00:00,223.23,223.23,223.1592,223.1864,4163.0,126.0,223.199449
AMZN,2025-12-18 13:25:00+00:00,223.17,223.34,223.17,223.3,15151.0,231.0,223.259109
AMZN,2025-12-18 13:30:00+00:00,223.4,224.8486,223.35,224.4919,110977.0,1624.0,224.255042
AMZN,2025-12-18 13:35:00+00:00,224.4625,224.75,223.9,224.72,53734.0,805.0,224.469084
AMZN,2025-12-18 13:40:00+00:00,224.7214,225.35,224.7214,225.25,103925.0,1537.0,225.118503
AMZN,2025-12-18 13:45:00+00:00,225.25,225.53,224.85,224.85,65996.0,1540.0,225.303344
AMZN,2025-12-18 13:50:00+00:00,224.8791,224.99,224.5,224.75,33238.0,531.0,224.756843
AMZN,2025-12-18 13:55:00+00:00,224.75,224.78,224.5,224.6531,19622.0,335.0,224.658663
AMZN,2025-12-18 14:00:00+00:00,224.72,224.86,224.64,224.86,17361.0,362.0,224.738686
AMZN,2025-12-18 14:05:00+00:00,224.86,224.9778,224.75,224.75,20763.0,505.0,224.884892
AMZN,2025-12-18 14:10:00+00:00,224.68,225.0,224.5,224.55,19666.0,639.0,224.820391
AMZN,2025-12-18 14:15:00+00:00,224.8077,224.9,224.35,224.71,29932.0,602.0,224.552162
AMZN,2025-12-18 14:20:00+00:00,224.5328,225.4,224.5328,225.09,44249.0,877.0,225.038288
AMZN,2025-12-18 14:25:00+00:00,225.0,226.0,224.99,225.62,85284.0,936.0,225.355375
AMZN,2025-12-18 14:30:00+00:00,225.77,226.5,225.18,225.665,2106744.0,25232.0,225.88052
AMZN,2025-12-18 14:35:00+00:00,225.715,226.06,225.1541,225.42,883499.0,13249.0,225.572354
AMZN,2025-12-18 14:40:00+00:00,225.45,225.465,224.41,224.44,616479.0,10072.0,224.963763
AMZN,2025-12-18 14:45:00+00:00,224.46,225.73,224.46,225.495,575304.0,9744.0,225.266074
AMZN,2025-12-18 14:50:00+00:00,225.48,226.375,225.03,226.28,509809.0,8689.0,225.728222
AMZN,2025-12-18 14:55:00+00:00,226.281,227.08,226.0291,226.83,988224.0,14261.0,226.631636
AMZN,2025-12-18 15:00:00+00:00,226.81,227.15,226.59,226.71,564185.0,10655.0,226.879357
AMZN,2025-12-18 15:05:00+00:00,226.73,226.81,226.17,226.33,614084.0,10711.0,226.507786
AMZN,2025-12-18 15:10:00+00:00,226.37,226.43,225.72,226.18,477153.0,7713.0,226.057358
AMZN,2025-12-18 15:15:00+00:00,226.16,226.63,225.9468,226.33,448936.0,7394.0,226.2875
AMZN,2025-12-18 15:20:00+00:00,226.3,227.44,226.29,227.4074,511757.0,8266.0,226.932892
AMZN,2025-12-18 15:25:00+00:00,227.4199,227.83,227.38,227.56,598284.0,9363.0,227.588198
AMZN,2025-12-18 15:30:00+00:00,227.56,227.97,227.41,227.9314,478470.0,8851.0,227.64512
AMZN,2025-12-18 15:35:00+00:00,227.9274,228.2552,227.7741,228.035,818250.0,11358.0,228.052202
AMZN,2025-12-18 15:40:00+00:00,228.0276,228.08,227.77,228.08,369646.0,7000.0,227.90526
AMZN,2025-12-18 15:45:00+00:00,228.06,228.21,227.86,228.1,715552.0,10453.0,228.049588
AMZN,2025-12-18 15:50:00+00:00,228.095,228.48,228.03,228.39,492255.0,8422.0,228.222831
AMZN,2025-12-18 15:55:00+00:00,228.41,228.47,227.97,228.03,414284.0,7236.0,228.197901
AMZN,2025-12-18 16:00:00+00:00,228.05,228.515,227.86,228.5,370796.0,7309.0,228.190266
AMZN,2025-12-18 16:05:00+00:00,228.51,229.045,228.44,229.045,597585.0,8551.0,228.7923
AMZN,2025-12-18 16:10:00+00:00,229.05,229.05,228.51,228.6401,620155.0,8318.0,228.734954
AMZN,2025-12-18 16:15:00+00:00,228.66,229.225,228.66,229.075,470443.0,7826.0,228.9975
AMZN,2025-12-18 16:20:00+00:00,229.065,229.2,228.58,228.67,462860.0,7789.0,228.942003
AMZN,2025-12-18 16:25:00+00:00,228.66,228.74,228.22,228.31,374620.0,6723.0,228.481005
AMZN,2025-12-18 16:30:00+00:00,228.3,228.54,228.2,228.3,263801.0,5558.0,228.375267
AMZN,2025-12-18 16:35:00+00:00,228.34,228.78,228.28,228.555,284304.0,5739.0,228.563362
AMZN,2025-12-18 16:40:00+00:00,228.5595,228.6,228.21,228.236,155914.0,4107.0,228.368161
AMZN,2025-12-18 16:45:00+00:00,228.2,228.35,228.02,228.11,227694.0,4879.0,228.19607
AMZN,2025-12-18 16:50:00+00:00,228.105,228.1905,227.77,227.83,481695.0,6585.0,227.989852
AMZN,2025-12-18 16:55:00+00:00,227.83,227.94,227.53,227.54,293081.0,5264.0,227.669457
AMZN,2025-12-18 17:00:00+00:00,227.51,227.53,227.06,227.115,339356.0,5021.0,227.25109
AMZN,2025-12-18 17:05:00+00:00,227.08,227.1,226.3579,226.455,381074.0,5856.0,226.716609
AMZN,2025-12-18 17:10:00+00:00,226.42,226.49,226.02,226.245,480340.0,6167.0,226.24432
AMZN,2025-12-18 17:15:00+00:00,226.23,226.23,225.76,225.87,282213.0,4759.0,225.954125
AMZN,2025-12-18 17:20:00+00:00,225.82,226.16,225.47,225.595,361684.0,5379.0,225.89413
AMZN,2025-12-18 17:25:00+00:00,225.6035,225.9499,225.4115,225.8035,317712.0,4625.0,225.691794
AMZN,2025-12-18 17:30:00+00:00,225.82,226.2276,225.5701,226.12,256929.0,4624.0,225.902856
AMZN,2025-12-18 17:35:00+00:00,226.13,226.46,225.91,226.44,232006.0,4101.0,226.196359
AMZN,2025-12-18 17:40:00+00:00,226.45,226.66,226.42,226.513,268989.0,4601.0,226.54744
AMZN,2025-12-18 17:45:00+00:00,226.54,226.775,226.5,226.63,243812.0,4188.0,226.635123
AMZN,2025-12-18 17:50:00+00:00,226.61,226.793,226.37,226.74,183319.0,3553.0,226.551455
AMZN,2025-12-18 17:55:00+00:00,226.72,226.91,226.5,226.8762,173134.0,3022.0,226.708634
AMZN,2025-12-18 18:00:00+00:00,226.89,226.9,226.44,226.535,175735.0,3609.0,226.668425
AMZN,2025-12-18 18:05:00+00:00,226.555,226.76,226.535,226.65,137832.0,3175.0,226.649236
AMZN,2025-12-18 18:10:00+00:00,226.655,226.87,226.53,226.65,378547.0,3915.0,226.712414
AMZN,2025-12-18 18:15:00+00:00,226.66,226.9499,226.65,226.92,164052.0,3120.0,226.86041
AMZN,2025-12-18 18:20:00+00:00,226.91,227.19,226.89,227.17,191778.0,3555.0,227.020883
AMZN,2025-12-18 18:25:00+00:00,227.19,227.2,226.95,227.03,196825.0,3805.0,227.094667
AMZN,2025-12-18 18:30:00+00:00,227.07,227.445,227.0,227.325,280896.0,4460.0,227.226658
AMZN,2025-12-18 18:35:00+00:00,227.32,227.43,227.16,227.3352,838848.0,3763.0,227.304513
AMZN,2025-12-18 18:40:00+00:00,227.34,227.4333,227.1301,227.1301,154794.0,3112.0,227.284815
AMZN,2025-12-18 18:45:00+00:00,227.145,227.37,227.1,227.185,196181.0,3395.0,227.24587
AMZN,2025-12-18 18:50:00+00:00,227.2,227.38,227.02,227.13,166482.0,3387.0,227.177051
AMZN,2025-12-18 18:55:00+00:00,227.13,227.15,226.91,226.96,174502.0,3351.0,227.031954
AMZN,2025-12-18 19:00:00+00:00,226.95,226.95,226.37,226.387,270239.0,4682.0,226.648683
AMZN,2025-12-18 19:05:00+00:00,226.36,226.82,226.3,226.8,408257.0,3841.0,226.526424
AMZN,2025-12-18 19:10:00+00:00,226.785,226.95,226.6,226.7,194354.0,3434.0,226.765195
AMZN,2025-12-18 19:15:00+00:00,226.68,226.68,226.36,226.41,163035.0,3257.0,226.537512
AMZN,2025-12-18 19:20:00+00:00,226.38,226.52,226.28,226.3299,157212.0,3143.0,226.397781
AMZN,2025-12-18 19:25:00+00:00,226.33,226.65,226.27,226.59,188799.0,3288.0,226.468677
AMZN,2025-12-18 19:30:00+00:00,226.595,226.614,226.31,226.35,190725.0,3146.0,226.47566
AMZN,2025-12-18 19:35:00+00:00,226.34,226.56,226.3287,226.5187,149768.0,3229.0,226.424512
AMZN,2025-12-18 19:40:00+00:00,226.515,226.65,226.285,226.31,171316.0,3088.0,226.486015
AMZN,2025-12-18 19:45:00+00:00,226.32,226.64,226.26,226.615,177829.0,3410.0,226.420884
AMZN,2025-12-18 19:50:00+00:00,226.63,226.735,226.35,226.4,187162.0,3706.0,226.509751
AMZN,2025-12-18 19:55:00+00:00,226.395,226.395,225.82,225.9,265551.0,4755.0,226.003377
AMZN,2025-12-18 20:00:00+00:00,225.9,226.37,225.75,226.37,173968.0,3538.0,226.090431
AMZN,2025-12-18 20:05:00+00:00,226.38,226.5026,226.17,226.265,192375.0,3651.0,226.37168
AMZN,2025-12-18 20:10:00+00:00,226.2601,226.62,226.25,226.58,193630.0,3769.0,226.429588
AMZN,2025-12-18 20:15:00+00:00,226.57,226.6899,226.38,226.63,313906.0,4925.0,226.574793
AMZN,2025-12-18 20:20:00+00:00,226.635,226.72,226.51,226.67,216680.0,3921.0,226.634092
AMZN,2025-12-18 20:25:00+00:00,226.68,226.78,226.51,226.765,281269.0,5062.0,226.690032
AMZN,2025-12-18 20:30:00+00:00,226.77,226.9,226.66,226.88,298803.0,5110.0,226.763272
AMZN,2025-12-18 20:35:00+00:00,226.9,226.95,226.72,226.79,326186.0,4982.0,226.818704
AMZN,2025-12-18 20:40:00+00:00,226.79,227.15,226.75,227.11,323961.0,5664.0,226.98344
AMZN,2025-12-18 20:45:00+00:00,227.12,227.31,227.05,227.19,408382.0,6822.0,227.187197
AMZN,2025-12-18 20:50:00+00:00,227.19,227.26,226.76,226.84,812082.0,11720.0,226.97452
AMZN,2025-12-18 20:55:00+00:00,226.84,227.09,226.69,226.76,1692860.0,18317.0,226.865995
AMZN,2025-12-18 21:00:00+00:00,226.797,227.02,226.71,226.76,16002343.0,648.0,226.760032
AMZN,2025-12-18 21:05:00+00:00,226.78,226.8,226.75,226.8,153171.0,262.0,226.774772
AMZN,2025-12-18 21:10:00+00:00,226.8,226.85,226.73,226.75,60365.0,262.0,226.766996
AMZN,2025-12-18 21:15:00+00:00,226.75,226.8,226.74,226.77,6807.0,170.0,226.76406
AMZN,2025-12-18 21:20:00+00:00,226.7702,226.7702,226.72,226.72,2245.0,82.0,226.759174
AMZN,2025-12-18 21:25:00+00:00,226.76,226.8,226.74,226.76,2255.0,121.0,226.762
AMZN,2025-12-18 21:30:00+00:00,226.8,226.94,226.8,226.9165,3522.0,116.0,226.88255
AMZN,2025-12-18 21:35:00+00:00,226.94,226.94,226.8,226.93,2583.0,114.0,226.90794
AMZN,2025-12-18 21:40:00+00:00,226.8,226.85,226.53,226.53,4603.0,196.0,226.770213
AMZN,2025-12-18 21:45:00+00:00,226.54,226.7,226.5,226.6,9699.0,302.0,226.546234
AMZN,2025-12-18 21:50:00+00:00,226.5801,226.76,226.5801,226.76,2864.0,60.0,226.618153
AMZN,2025-12-18 21:55:00+00:00,226.684,226.69,226.6,226.61,23009.0,58.0,226.636191
AMZN,2025-12-18 22:00:00+00:00,226.6001,226.76,226.6001,226.75,3834.0,59.0,226.702724
AMZN,2025-12-18 22:05:00+00:00,226.76,226.79,226.76,226.79,1498.0,34.0,226.762573
AMZN,2025-12-18 22:10:00+00:00,226.7,226.74,226.62,226.74,2583.0,84.0,226.707306
AMZN,2025-12-18 22:15:00+00:00,226.75,226.75,226.72,226.72,3429.0,119.0,226.734705
AMZN,2025-12-18 22:20:00+00:00,226.72,226.78,226.72,226.78,1602.0,62.0,226.745903
AMZN,2025-12-18 22:25:00+00:00,226.78,226.9,226.78,226.89,2397.0,60.0,226.84588
AMZN,2025-12-18 22:30:00+00:00,226.82,226.84,226.82,226.84,486.0,27.0,226.83
AMZN,2025-12-18 22:35:00+00:00,226.82,226.82,226.8,226.8,848.0,27.0,226.805714
AMZN,2025-12-18 22:40:00+00:00,226.79,226.8283,226.79,226.8283,753.0,28.0,226.79952
AMZN,2025-12-18 22:45:00+00:00,226.8001,226.89,226.8,226.8836,1326870.0,92.0,226.831633
AMZN,2025-12-18 22:50:00+00:00,226.9,227.05,226.9,227.0,6716.0,152.0,227.006751
AMZN,2025-12-18 22:55:00+00:00,227.0,227.05,226.86,226.86,3323.0,80.0,227.009189
AMZN,2025-12-18 23:00:00+00:00,226.82,227.03,226.8,226.98,9668.0,127.0,226.949805
AMZN,2025-12-18 23:05:00+00:00,226.8862,226.89,226.76,226.76,6273.0,139.0,226.860452
AMZN,2025-12-18 23:10:00+00:00,226.97,226.97,226.8,226.83,35597.0,53.0,226.862255
AMZN,2025-12-18 23:15:00+00:00,226.8647,226.9,226.8,226.8,1879.0,46.0,226.857434
AMZN,2025-12-18 23:20:00+00:00,226.8215,226.95,226.8215,226.9,1822.0,65.0,226.882659
AMZN,2025-12-18 23:25:00+00:00,226.9,226.9,226.78,226.8,451504.0,70.0,226.824252
AMZN,2025-12-18 23:30:00+00:00,226.83,226.88,226.8126,226.8126,4303.0,71.0,226.841301
AMZN,2025-12-18 23:35:00+00:00,226.83,226.85,226.83,226.838,1198.0,38.0,226.8362
AMZN,2025-12-18 23:40:00+00:00,226.83,226.83,226.76,226.7601,6394.0,74.0,226.794555
AMZN,2025-12-18 23:45:00+00:00,226.77,226.82,226.75,226.82,5728.0,91.0,226.77812
AMZN,2025-12-18 23:50:00+00:00,226.83,226.83,226.83,226.83,336.0,16.0,226.83
AMZN,2025-12-18 23:55:00+00:00,226.8,226.88,226.8,226.85,3971.0,73.0,226.828928
AMZN,2025-12-19 00:00:00+00:00,226.86,226.96,226.8,226.9,6100.0,162.0,226.900072
AMZN,2025-12-19 00:05:00+00:00,226.9,226.9,226.8,226.8,1047.0,38.0,226.83882
AMZN,2025-12-19 00:10:00+00:00,226.87,226.87,226.8,226.8001,4120.0,86.0,226.803245
AMZN,2025-12-19 00:15:00+00:00,226.765,226.79,226.75,226.76,8993.0,117.0,226.75491
AMZN,2025-12-19 00:20:00+00:00,226.78,226.8,226.78,226.8,985.0,23.0,226.786472
AMZN,2025-12-19 00:25:00+00:00,226.84,226.86,226.84,226.84,1485.0,30.0,226.841629
AMZN,2025-12-19 00:30:00+00:00,226.8018,226.8299,226.75,226.81,3227.0,81.0,226.804868
AMZN,2025-12-19 00:35:00+00:00,226.8,226.8384,226.79,226.8384,2367.0,46.0,226.809986
AMZN,2025-12-19 00:40:00+00:00,226.8,226.82,226.78,226.78,2611.0,38.0,226.801178
AMZN,2025-12-19 00:45:00+00:00,226.78,226.8,226.77,226.8,3718.0,72.0,226.780486
AMZN,2025-12-19 00:50:00+00:00,226.82,226.89,226.82,226.84,2847.0,50.0,226.870617
AMZN,2025-12-19 00:55:00+00:00,226.8122,226.9999,226.8122,226.9999,4416.0,67.0,226.872084
AMZN,2025-12-19 09:00:00+00:00,228.11,228.15,227.78,228.1,5455.0,195.0,228.046583
AMZN,2025-12-19 09:05:00+00:00,228.26,228.26,228.03,228.03,700.0,33.0,228.141312
AMZN,2025-12-19 09:10:00+00:00,228.09,228.09,227.89,227.89,2753.0,57.0,227.98883
AMZN,2025-12-19 09:20:00+00:00,228.0,228.0,228.0,228.0,1012.0,21.0,228.0
AMZN,2025-12-19 09:25:00+00:00,228.04,228.09,228.0,228.0,2657.0,82.0,228.074576
AMZN,2025-12-19 09:30:00+00:00,228.01,228.01,228.0,228.0,1729.0,39.0,228.004
AMZN,2025-12-19 09:35:00+00:00,228.0,228.0,228.0,228.0,196.0,7.0,228.0
AMZN,2025-12-19 09:40:00+00:00,228.0,228.08,228.0,228.08,1343.0,20.0,228.03542
AMZN,2025-12-19 09:45:00+00:00,228.11,228.11,228.01,228.01,504.0,11.0,228.046667
AMZN,2025-12-19 09:50:00+00:00,228.13,228.13,228.13,228.13,225.0,6.0,228.13
AMZN,2025-12-19 10:05:00+00:00,227.99,228.0,227.98,228.0,880.0,14.0,227.992096
AMZN,2025-12-19 10:10:00+00:00,228.0,228.0,227.98,228.0,547.0,12.0,227.994444
AMZN,2025-12-19 10:20:00+00:00,228.0,228.0,227.98,227.98,821.0,29.0,227.994286
AMZN,2025-12-19 10:25:00+00:00,227.95,227.95,227.89,227.89,1520.0,86.0,227.908333
AMZN,2025-12-19 10:30:00+00:00,227.75,227.75,227.4,227.42,3637.0,98.0,227.490872
AMZN,2025-12-19 10:35:00+00:00,227.39,227.57,227.39,227.57,1135.0,36.0,227.505962
AMZN,2025-12-19 10:40:00+00:00,227.61,227.7,227.6,227.7,1858.0,30.0,227.620205
AMZN,2025-12-19 10:45:00+00:00,227.89,227.89,227.82,227.82,500.0,24.0,227.860236
AMZN,2025-12-19 11:00:00+00:00,227.71,227.71,227.65,227.65,943.0,31.0,227.682575
AMZN,2025-12-19 11:05:00+00:00,227.65,227.65,227.12,227.12,3117.0,133.0,227.536032
AMZN,2025-12-19 11:10:00+00:00,227.52,227.52,227.48,227.48,604.0,23.0,227.494815
AMZN,2025-12-19 11:15:00+00:00,227.5,227.5,227.5,227.5,543.0,24.0,227.5
AMZN,2025-12-19 11:20:00+00:00,227.64,227.67,227.64,227.66,2087.0,70.0,227.66
AMZN,2025-12-19 11:35:00+00:00,227.59,227.59,227.56,227.56,1275.0,69.0,227.57663
AMZN,2025-12-19 11:40:00+00:00,227.58,227.58,227.58,227.58,403.0,10.0,227.58
AMZN,2025-12-19 11:45:00+00:00,227.65,227.65,227.63,227.63,566.0,14.0,227.639575
AMZN,2025-12-19 12:00:00+00:00,227.62,227.72,227.54,227.54,6065.0,139.0,227.640502
AMZN,2025-12-19 12:05:00+00:00,227.62,227.64,227.55,227.55,1559.0,42.0,227.584541
AMZN,2025-12-19 12:10:00+00:00,227.69,227.7,227.69,227.7,406.0,11.0,227.694112
AMZN,2025-12-19 12:15:00+00:00,227.7,227.72,227.7,227.7,2071.0,50.0,227.701582
AMZN,2025-12-19 12:20:00+00:00,227.63,227.63,227.63,227.63,412.0,4.0,227.63
AMZN,2025-12-19 12:25:00+00:00,227.75,227.86,227.67,227.67,3261.0,85.0,227.725886
AMZN,2025-12-19 12:35:00+00:00,227.75,227.75,227.53,227.62,3200.0,102.0,227.628148
AMZN,2025-12-19 12:40:00+00:00,227.54,227.54,227.54,227.54,509.0,27.0,227.54
AMZN,2025-12-19 12:50:00+00:00,227.5,227.5,227.43,227.43,2664.0,107.0,227.452956
AMZN,2025-12-19 12:55:00+00:00,227.26,227.28,227.26,227.28,984.0,25.0,227.275434
AMZN,2025-12-19 13:00:00+00:00,228.1,228.17,227.01,227.4647,89904.0,3797.0,227.729625
AMZN,2025-12-19 13:05:00+00:00,227.43,227.7556,227.42,227.49,5176.0,169.0,227.5235
AMZN,2025-12-19 13:10:00+00:00,227.5933,227.5933,227.45,227.5336,2219.0,71.0,227.493702
AMZN,2025-12-19 13:15:00+00:00,227.5201,227.57,227.3808,227.5,6440.0,173.0,227.440044
AMZN,2025-12-19 13:20:00+00:00,227.4033,227.57,227.4033,227.55,9808.0,194.0,227.527102
AMZN,2025-12-19 13:25:00+00:00,227.3007,227.44,227.3007,227.4172,6994.0,67.0,227.344132
AMZN,2025-12-19 13:30:00+00:00,227.57,227.68,227.32,227.4,5510.0,255.0,227.425809
AMZN,2025-12-19 13:35:00+00:00,227.59,227.78,227.4974,227.75,7460.0,232.0,227.718306
AMZN,2025-12-19 13:40:00+00:00,227.8,227.8,227.5,227.5,4203.0,147.0,227.600501
AMZN,2025-12-19 13:45:00+00:00,227.51,227.7117,227.45,227.6563,6590.0,206.0,227.619128
AMZN,2025-12-19 13:50:00+00:00,227.65,227.69,227.5627,227.5627,2468.0,101.0,227.664784
AMZN,2025-12-19 13:55:00+00:00,227.5499,227.6095,227.51,227.51,4721.0,81.0,227.572704
AMZN,2025-12-19 14:00:00+00:00,227.51,227.58,227.35,227.44,7236.0,200.0,227.487713
AMZN,2025-12-19 14:05:00+00:00,227.59,227.637,227.5,227.59,9678.0,182.0,227.590699
AMZN,2025-12-19 14:10:00+00:00,227.6486,227.753,227.5761,227.753,3650.0,212.0,227.651805
AMZN,2025-12-19 14:15:00+00:00,227.72,227.9,227.72,227.9,10083.0,304.0,227.858605
AMZN,2025-12-19 14:20:00+00:00,227.89,227.9,227.81,227.8505,8278.0,268.0,227.872427
AMZN,2025-12-19 14:25:00+00:00,227.84,227.85,226.81,227.09,89876.0,1398.0,227.186232
AMZN,2025-12-19 14:30:00+00:00,226.77,227.4488,225.85,226.133,11709540.0,25322.0,226.738834
AMZN,2025-12-19 14:35:00+00:00,226.19,226.57,225.58,226.55,2684111.0,12824.0,226.068363
AMZN,2025-12-19 14:40:00+00:00,226.51,226.98,226.49,226.9,767222.0,11462.0,226.750855
AMZN,2025-12-19 14:45:00+00:00,226.92,227.302,226.54,226.8034,816831.0,12412.0,226.958439
AMZN,2025-12-19 14:50:00+00:00,226.83,227.7,226.83,227.2,762010.0,9687.0,227.358738
AMZN,2025-12-19 14:55:00+00:00,227.21,227.35,226.71,227.04,388270.0,7460.0,226.974971
AMZN,2025-12-19 15:00:00+00:00,226.97,227.46,226.925,227.0985,428931.0,7943.0,227.214405
AMZN,2025-12-19 15:05:00+00:00,227.07,227.2,226.76,226.98,256255.0,5638.0,226.979322
AMZN,2025-12-19 15:10:00+00:00,226.99,227.01,226.6,226.72,385145.0,6236.0,226.811348
AMZN,2025-12-19 15:15:00+00:00,226.73,226.93,226.5,226.9,326422.0,7230.0,226.725226
AMZN,2025-12-19 15:20:00+00:00,226.9,227.0,226.6101,226.89,283694.0,6202.0,226.794999
AMZN,2025-12-19 15:25:00+00:00,226.8748,226.96,226.57,226.86,264915.0,5306.0,226.754464
AMZN,2025-12-19 15:30:00+00:00,226.87,226.91,226.55,226.63,674850.0,6406.0,226.740229
AMZN,2025-12-19 15:35:00+00:00,226.62,227.23,226.615,227.0901,363144.0,5928.0,226.951714
AMZN,2025-12-19 15:40:00+00:00,227.11,227.17,226.8401,226.98,245605.0,4661.0,227.041742
AMZN,2025-12-19 15:45:00+00:00,226.97,227.0,226.687,226.687,255524.0,4460.0,226.828622
AMZN,2025-12-19 15:50:00+00:00,226.66,226.95,226.63,226.775,729693.0,4429.0,226.794596
AMZN,2025-12-19 15:55:00+00:00,226.77,227.11,226.68,227.027,321562.0,5325.0,226.977924
AMZN,2025-12-19 16:00:00+00:00,227.01,227.36,226.9201,227.33,232317.0,4376.0,227.134931
AMZN,2025-12-19 16:05:00+00:00,227.34,227.92,227.29,227.69,468383.0,6643.0,227.634644
AMZN,2025-12-19 16:10:00+00:00,227.71,227.99,227.6201,227.735,1477166.0,5576.0,227.86129
AMZN,2025-12-19 16:15:00+00:00,227.735,227.9,227.52,227.825,277773.0,4876.0,227.680996
AMZN,2025-12-19 16:20:00+00:00,227.82,227.85,227.45,227.7299,226248.0,4393.0,227.610606
AMZN,2025-12-19 16:25:00+00:00,227.73,227.91,227.6292,227.8568,312375.0,4651.0,227.753488
AMZN,2025-12-19 16:30:00+00:00,227.8615,228.1,227.82,227.99,321902.0,5342.0,227.983373
AMZN,2025-12-19 16:35:00+00:00,227.985,228.17,227.8601,228.03,248476.0,4851.0,228.023211
AMZN,2025-12-19 16:40:00+00:00,228.035,228.345,228.035,228.19,251904.0,4963.0,228.197511
AMZN,2025-12-19 16:45:00+00:00,228.2,228.3628,228.06,228.097,192047.0,4291.0,228.195863
AMZN,2025-12-19 16:50:00+00:00,228.103,228.3316,228.1,228.2801,215979.0,4026.0,228.21443
AMZN,2025-12-19 16:55:00+00:00,228.29,228.37,227.76,227.805,290075.0,5065.0,228.073662
AMZN,2025-12-19 17:00:00+00:00,227.79,228.05,227.76,227.94,208032.0,3769.0,227.951999
AMZN,2025-12-19 17:05:00+00:00,227.94,228.0,227.77,227.83,171318.0,3371.0,227.847819
AMZN,2025-12-19 17:10:00+00:00,227.84,228.04,227.71,227.97,379935.0,4223.0,227.863781
AMZN,2025-12-19 17:15:00+00:00,227.98,228.75,227.975,228.615,828365.0,9085.0,228.422459
AMZN,2025-12-19 17:20:00+00:00,228.615,228.615,228.3012,228.42,391195.0,5965.0,228.457401
AMZN,2025-12-19 17:25:00+00:00,228.43,228.465,228.31,228.41,248952.0,3812.0,228.392723
AMZN,2025-12-19 17:30:00+00:00,228.41,228.6913,228.25,228.61,374616.0,4606.0,228.487303
AMZN,2025-12-19 17:35:00+00:00,228.6021,228.6199,228.47,228.5986,204713.0,3673.0,228.527495
AMZN,2025-12-19 17:40:00+00:00,228.59,228.75,228.4853,228.6689,192482.0,3658.0,228.624721
AMZN,2025-12-19 17:45:00+00:00,228.66,228.73,228.565,228.64,194549.0,4071.0,228.664809
AMZN,2025-12-19 17:50:00+00:00,228.635,228.87,228.624,228.87,281435.0,3262.0,228.758774
AMZN,2025-12-19 17:55:00+00:00,228.8797,229.12,228.7877,228.915,359986.0,5651.0,228.943043
AMZN,2025-12-19 18:00:00+00:00,228.91,229.03,228.79,228.92,238157.0,3818.0,228.910617
AMZN,2025-12-19 18:05:00+00:00,228.93,228.94,228.67,228.69,246240.0,4004.0,228.801885
AMZN,2025-12-19 18:10:00+00:00,228.7,228.85,228.5799,228.7599,197767.0,3425.0,228.741029
AMZN,2025-12-19 18:15:00+00:00,228.75,228.88,228.75,228.855,147696.0,2695.0,228.816369
AMZN,2025-12-19 18:20:00+00:00,228.85,228.885,228.6652,228.675,208195.0,3222.0,228.790112
AMZN,2025-12-19 18:25:00+00:00,228.67,228.775,228.62,228.669,147101.0,3063.0,228.692156
AMZN,2025-12-19 18:30:00+00:00,228.68,228.79,228.5901,228.66,181670.0,3583.0,228.690947
AMZN,2025-12-19 18:35:00+00:00,228.65,228.8,228.64,228.705,337238.0,3044.0,228.709422
AMZN,2025-12-19 18:40:00+00:00,228.705,228.7999,228.53,228.749,386798.0,3065.0,228.669996
AMZN,2025-12-19 18:45:00+00:00,228.74,228.76,228.51,228.59,211511.0,3315.0,228.607177
AMZN,2025-12-19 18:50:00+00:00,228.595,228.61,228.48,228.59,154662.0,3121.0,228.549693
AMZN,2025-12-19 18:55:00+00:00,228.58,228.72,228.495,228.6645,471260.0,3477.0,228.641268
AMZN,2025-12-19 19:00:00+00:00,228.668,228.8136,228.668,228.7912,168115.0,2877.0,228.733997
AMZN,2025-12-19 19:05:00+00:00,228.8,228.93,228.69,228.77,201371.0,3521.0,228.840689
AMZN,2025-12-19 19:10:00+00:00,228.77,228.88,228.75,228.815,166765.0,2967.0,228.811939
AMZN,2025-12-19 19:15:00+00:00,228.82,228.8628,228.66,228.76,143696.0,3016.0,228.756857
AMZN,2025-12-19 19:20:00+00:00,228.75,228.88,228.75,228.795,107118.0,2564.0,228.809407
AMZN,2025-12-19 19:25:00+00:00,228.8,228.85,228.74,228.7599,222633.0,2673.0,228.802871
AMZN,2025-12-19 19:30:00+00:00,228.75,228.83,228.68,228.76,155348.0,3096.0,228.753802
AMZN,2025-12-19 19:35:00+00:00,228.76,228.855,228.7088,228.71,328282.0,2661.0,228.781247
AMZN,2025-12-19 19:40:00+00:00,228.72,228.785,228.705,228.77,116995.0,2693.0,228.744442
AMZN,2025-12-19 19:45:00+00:00,228.76,228.84,228.66,228.79,1167683.0,3299.0,228.75116
AMZN,2025-12-19 19:50:00+00:00,228.79,228.88,228.79,228.85,177941.0,2956.0,228.837994
AMZN,2025-12-19 19:55:00+00:00,228.85,228.97,228.75,228.9101,165657.0,3302.0,228.879484
AMZN,2025-12-19 20:00:00+00:00,228.93,228.99,228.8,228.8097,167338.0,3480.0,228.89008
AMZN,2025-12-19 20:05:00+00:00,228.83,228.85,228.68,228.69,196148.0,3489.0,228.747585
AMZN,2025-12-19 20:10:00+00:00,228.69,228.7,228.35,228.42,268373.0,4599.0,228.470029
AMZN,2025-12-19 20:15:00+00:00,228.42,228.44,228.08,228.35,424662.0,6436.0,228.235168
AMZN,2025-12-19 20:20:00+00:00,228.36,228.58,228.19,228.57,1326929.0,5129.0,228.338709
AMZN,2025-12-19 20:25:00+00:00,228.58,228.7,228.57,228.65,229388.0,4097.0,228.656722
AMZN,2025-12-19 20:30:00+00:00,228.65,228.685,228.46,228.5999,266754.0,4680.0,228.551161
AMZN,2025-12-19 20:35:00+00:00,228.6,229.0175,228.58,228.98,368157.0,5983.0,228.832036
AMZN,2025-12-19 20:40:00+00:00,228.98,229.06,228.84,228.97,367489.0,6235.0,228.959541
AMZN,2025-12-19 20:45:00+00:00,228.96,229.125,228.94,229.0301,474422.0,7780.0,229.039562
AMZN,2025-12-19 20:50:00+00:00,229.03,229.04,227.0,227.61,1630576.0,24304.0,227.963515
AMZN,2025-12-19 20:55:00+00:00,227.61,227.67,226.73,227.37,3363459.0,40076.0,227.230047
AMZN,2025-12-19 21:00:00+00:00,227.4,227.77,227.32,227.544,24700694.0,984.0,227.350419
AMZN,2025-12-19 21:05:00+00:00,227.5325,227.68,227.2,227.44,2182138.0,775.0,227.449041
AMZN,2025-12-19 21:10:00+00:00,227.47,227.49,227.35,227.4,982639.0,332.0,227.440086
AMZN,2025-12-19 21:15:00+00:00,227.4386,227.49,227.35,227.48,4479122.0,254.0,227.427348
AMZN,2025-12-19 21:20:00+00:00,227.45,227.7,227.43,227.65,6991569.0,267.0,227.500996
AMZN,2025-12-19 21:25:00+00:00,227.6497,227.65,227.35,227.59,18079.0,195.0,227.395752
AMZN,2025-12-19 21:30:00+00:00,227.6,227.6495,227.5,227.6,281510.0,202.0,227.584743
AMZN,2025-12-19 21:35:00+00:00,227.59,227.66,227.5101,227.5974,22395.0,230.0,227.612318
AMZN,2025-12-19 21:40:00+00:00,227.59,227.66,227.59,227.66,11575.0,124.0,227.638139
AMZN,2025-12-19 21:45:00+00:00,227.6,227.66,227.56,227.66,4319.0,166.0,227.633052
AMZN,2025-12-19 21:50:00+00:00,227.66,227.66,227.5101,227.5101,5098.0,129.0,227.533093
AMZN,2025-12-19 21:55:00+00:00,227.53,227.59,227.5,227.59,11711.0,181.0,227.52673
AMZN,2025-12-19 22:00:00+00:00,227.61,227.61,227.5,227.59,2040.0,60.0,227.589478
AMZN,2025-12-19 22:05:00+00:00,227.5,227.66,227.5,227.63,8373.0,135.0,227.615209
AMZN,2025-12-19 22:10:00+00:00,227.65,227.7,227.6,227.6,12047.0,106.0,227.690288
AMZN,2025-12-19 22:15:00+00:00,227.6,227.69,227.55,227.6,11388.0,219.0,227.619645
AMZN,2025-12-19 22:20:00+00:00,227.6,227.63,227.6,227.63,6416.0,127.0,227.606949
AMZN,2025-12-19 22:25:00+00:00,227.58,227.63,227.52,227.52,2605.0,90.0,227.586196
AMZN,2025-12-19 22:30:00+00:00,227.54,227.64,227.51,227.6282,2659.0,81.0,227.580731
AMZN,2025-12-19 22:35:00+00:00,227.64,227.65,227.62,227.62,3304.0,112.0,227.644325
AMZN,2025-12-19 22:40:00+00:00,227.6201,227.65,227.6201,227.65,1502.0,69.0,227.639732
AMZN,2025-12-19 22:45:00+00:00,227.6101,227.72,227.6101,227.7053,6231.0,112.0,227.654464
AMZN,2025-12-19 22:50:00+00:00,227.72,227.72,227.65,227.69,1676.0,56.0,227.69945
AMZN,2025-12-19 22:55:00+00:00,227.6694,227.67,227.64,227.6506,39998.0,92.0,227.664855
AMZN,2025-12-19 23:00:00+00:00,227.7,227.8,227.7,227.7985,7769.0,138.0,227.736459
AMZN,2025-12-19 23:05:00+00:00,227.7999,227.9,227.7701,227.78,58159.0,115.0,227.859947
AMZN,2025-12-19 23:10:00+00:00,227.9269,227.9269,227.8,227.84,3097.0,95.0,227.841557
AMZN,2025-12-19 23:15:00+00:00,227.79,227.88,227.79,227.88,2436.0,25.0,227.849037
AMZN,2025-12-19 23:20:00+00:00,227.89,227.89,227.72,227.72,1309.0,43.0,227.763443
AMZN,2025-12-19 23:25:00+00:00,227.7448,227.8317,227.7448,227.83,2456.0,106.0,227.819528
AMZN,2025-12-19 23:30:00+00:00,227.8,227.8,227.72,227.7519,1439.0,105.0,227.766244
AMZN,2025-12-19 23:35:00+00:00,227.76,227.76,227.75,227.75,701.0,52.0,227.7525
AMZN,2025-12-19 23:40:00+00:00,227.75,227.76,227.7471,227.7598,3739.0,79.0,227.759177
AMZN,2025-12-19 23:45:00+00:00,227.7503,227.85,227.7503,227.85,3976.0,60.0,227.763789
AMZN,2025-12-19 23:50:00+00:00,227.83,227.83,227.82,227.82,1614.0,47.0,227.828203
AMZN,2025-12-19 23:55:00+00:00,227.84,227.9,227.83,227.9,2261.0,55.0,227.86015
AMZN,2025-12-20 00:00:00+00:00,227.8936,227.8997,227.8601,227.8701,2988.0,76.0,227.885382
AMZN,2025-12-20 00:05:00+00:00,227.8704,227.9,227.8704,227.8999,2078.0,48.0,227.896244
AMZN,2025-12-20 00:10:00+00:00,227.8999,227.9,227.87,227.8852,6493.0,65.0,227.875559
AMZN,2025-12-20 00:15:00+00:00,227.86,227.88,227.86,227.86,2220.0,47.0,227.870337
AMZN,2025-12-20 00:20:00+00:00,227.8607,227.8983,227.8607,227.8983,2709.0,61.0,227.885872
AMZN,2025-12-20 00:25:00+00:00,227.86,227.8701,227.86,227.87,2152.0,53.0,227.866259
AMZN,2025-12-20 00:30:00+00:00,227.87,227.93,227.87,227.9,2126.0,53.0,227.901721
AMZN,2025-12-20 00:35:00+00:00,227.9,227.9,227.85,227.85,1993.0,50.0,227.893947
AMZN,2025-12-20 00:40:00+00:00,227.89,227.89,227.89,227.89,149.0,16.0,227.89
AMZN,2025-12-20 00:45:00+00:00,227.9,227.9,227.82,227.82,5252.0,100.0,227.873429
AMZN,2025-12-20 00:50:00+00:00,227.8245,227.85,227.82,227.84,2554.0,63.0,227.837731
AMZN,2025-12-20 00:55:00+00:00,227.83,227.897,227.8,227.897,6565.0,111.0,227.815696
AMZN,2025-12-22 09:00:00+00:00,228.45,228.8,228.38,228.59,3879.0,141.0,228.634998
AMZN,2025-12-22 09:05:00+00:00,228.74,228.82,228.7,228.7,4903.0,100.0,228.745361
AMZN,2025-12-22 09:10:00+00:00,228.7,228.86,228.7,228.81,2241.0,68.0,228.79609
AMZN,2025-12-22 09:15:00+00:00,228.8,228.8,228.69,228.71,1548.0,52.0,228.747034
AMZN,2025-12-22 09:20:00+00:00,228.8,228.8,228.71,228.71,967.0,46.0,228.7775
AMZN,2025-12-22 09:25:00+00:00,228.64,228.75,228.64,228.74,2387.0,64.0,228.673985
AMZN,2025-12-22 09:30:00+00:00,228.75,228.86,228.75,228.85,2330.0,100.0,228.803974
AMZN,2025-12-22 09:35:00+00:00,228.87,228.95,228.82,228.82,4888.0,101.0,228.867502
AMZN,2025-12-22 09:40:00+00:00,228.89,228.94,228.89,228.94,934.0,36.0,228.922
AMZN,2025-12-22 09:45:00+00:00,228.94,228.94,228.92,228.92,868.0,25.0,228.935754
AMZN,2025-12-22 09:50:00+00:00,228.95,228.96,228.9,228.9,6316.0,82.0,228.943276
AMZN,2025-12-22 09:55:00+00:00,228.88,228.88,228.88,228.88,515.0,33.0,228.88
AMZN,2025-12-22 10:00:00+00:00,228.83,228.88,228.81,228.83,2617.0,83.0,228.833122
AMZN,2025-12-22 10:05:00+00:00,228.85,228.85,228.85,228.85,1095.0,37.0,228.85
AMZN,2025-12-22 10:10:00+00:00,228.88,228.88,228.88,228.88,327.0,17.0,228.88
AMZN,2025-12-22 10:15:00+00:00,228.8,228.83,228.8,228.83,386.0,18.0,228.818095
AMZN,2025-12-22 10:30:00+00:00,228.81,228.81,228.81,228.81,306.0,12.0,228.81
AMZN,2025-12-22 10:40:00+00:00,228.79,228.79,228.72,228.75,2636.0,98.0,228.728565
AMZN,2025-12-22 10:50:00+00:00,228.73,228.73,228.73,228.73,344.0,15.0,228.73
AMZN,2025-12-22 11:00:00+00:00,228.78,228.78,228.75,228.78,1223.0,41.0,228.768461
AMZN,2025-12-22 11:05:00+00:00,228.78,228.78,228.78,228.78,250.0,17.0,228.78
AMZN,2025-12-22 11:10:00+00:00,228.78,228.78,228.75,228.78,792.0,46.0,228.766807
AMZN,2025-12-22 11:15:00+00:00,228.84,228.87,228.84,228.87,1835.0,63.0,228.859848
AMZN,2025-12-22 11:20:00+00:00,228.87,228.89,228.87,228.88,2843.0,52.0,228.876087
AMZN,2025-12-22 11:25:00+00:00,228.88,228.88,228.85,228.85,794.0,41.0,228.867143
AMZN,2025-12-22 11:30:00+00:00,228.78,228.78,228.7,228.7,1932.0,116.0,228.761159
AMZN,2025-12-22 11:35:00+00:00,228.77,228.89,228.76,228.88,1517.0,50.0,228.827143
AMZN,2025-12-22 11:40:00+00:00,229.0,229.0,228.88,228.97,5503.0,157.0,228.9824
AMZN,2025-12-22 11:45:00+00:00,228.86,228.86,228.85,228.85,686.0,31.0,228.854505
AMZN,2025-12-22 11:50:00+00:00,228.69,228.7,228.5,228.65,7791.0,287.0,228.603529
AMZN,2025-12-22 12:00:00+00:00,228.46,228.65,228.41,228.65,7495.0,207.0,228.535079
AMZN,2025-12-22 12:05:00+00:00,228.6,228.78,228.6,228.75,4048.0,80.0,228.740412
AMZN,2025-12-22 12:10:00+00:00,228.7,228.7,228.66,228.66,7147.0,82.0,228.663656
AMZN,2025-12-22 12:15:00+00:00,228.5,228.63,228.45,228.63,2550.0,108.0,228.512
AMZN,2025-12-22 12:20:00+00:00,228.59,228.59,228.45,228.57,4712.0,128.0,228.495682
AMZN,2025-12-22 12:25:00+00:00,228.55,228.55,228.42,228.42,4267.0,122.0,228.463158
AMZN,2025-12-22 12:30:00+00:00,228.42,228.43,228.36,228.38,5844.0,164.0,228.403135
AMZN,2025-12-22 12:35:00+00:00,228.49,228.5,228.43,228.5,7288.0,79.0,228.495589
AMZN,2025-12-22 12:40:00+00:00,228.5,228.52,228.47,228.52,3517.0,106.0,228.504148
AMZN,2025-12-22 12:45:00+00:00,228.53,228.53,228.45,228.45,2864.0,119.0,228.487123
AMZN,2025-12-22 12:50:00+00:00,228.41,228.47,228.35,228.4,7102.0,175.0,228.413558
AMZN,2025-12-22 12:55:00+00:00,228.47,228.53,228.47,228.53,1500.0,41.0,228.492291
AMZN,2025-12-22 13:00:00+00:00,228.65,228.95,226.782,228.61,243462.0,15114.0,228.582879
AMZN,2025-12-22 13:05:00+00:00,228.6,228.74,228.6,228.7,5347.0,206.0,228.661474
AMZN,2025-12-22 13:10:00+00:00,228.73,228.84,228.7001,228.8,6217.0,245.0,228.76152
AMZN,2025-12-22 13:15:00+00:00,228.8,228.84,228.7,228.84,4639.0,246.0,228.777374
AMZN,2025-12-22 13:20:00+00:00,228.74,228.82,228.7,228.7308,8171.0,232.0,228.768613
AMZN,2025-12-22 13:25:00+00:00,228.83,228.85,228.776,228.8378,7060.0,227.0,228.819444
AMZN,2025-12-22 13:30:00+00:00,228.8,228.8672,228.6,228.65,7236.0,303.0,228.724674
AMZN,2025-12-22 13:35:00+00:00,228.7844,228.7844,228.57,228.66,6835.0,347.0,228.630129
AMZN,2025-12-22 13:40:00+00:00,228.69,228.8239,228.65,228.78,6540.0,203.0,228.725809
AMZN,2025-12-22 13:45:00+00:00,228.8196,228.82,228.73,228.74,9348.0,250.0,228.784632
AMZN,2025-12-22 13:50:00+00:00,228.7327,228.83,228.62,228.64,8767.0,356.0,228.704406
AMZN,2025-12-22 13:55:00+00:00,228.61,228.86,228.6,228.86,17419.0,381.0,228.679492
AMZN,2025-12-22 14:00:00+00:00,228.88,228.95,228.74,228.95,14592.0,370.0,228.869139
AMZN,2025-12-22 14:05:00+00:00,228.95,229.06,228.8733,228.96,20301.0,533.0,228.99214
AMZN,2025-12-22 14:10:00+00:00,228.929,229.0,228.7814,228.89,16736.0,399.0,228.910788
AMZN,2025-12-22 14:15:00+00:00,228.86,229.17,228.86,229.14,24250.0,531.0,229.054901
AMZN,2025-12-22 14:20:00+00:00,229.14,229.3099,229.1,229.2,23676.0,588.0,229.173524
AMZN,2025-12-22 14:25:00+00:00,229.2,229.5,228.62,228.62,75354.0,1231.0,229.034431
AMZN,2025-12-22 14:30:00+00:00,228.61,228.61,226.95,227.29,1958627.0,34746.0,227.992306
AMZN,2025-12-22 14:35:00+00:00,227.3,227.98,227.0,227.81,770935.0,12970.0,227.409553
AMZN,2025-12-22 14:40:00+00:00,227.8,228.0,227.05,227.7569,518850.0,9601.0,227.590416
AMZN,2025-12-22 14:45:00+00:00,227.765,227.91,227.4,227.42,468686.0,8368.0,227.677594
AMZN,2025-12-22 14:50:00+00:00,227.43,228.08,227.34,228.04,471793.0,8441.0,227.66123
AMZN,2025-12-22 14:55:00+00:00,228.06,228.23,227.9,228.135,459813.0,8344.0,228.061286
AMZN,2025-12-22 15:00:00+00:00,228.12,228.3,227.9301,228.0289,408463.0,7708.0,228.096235
AMZN,2025-12-22 15:05:00+00:00,228.03,228.18,227.64,227.65,418633.0,7865.0,227.903381
AMZN,2025-12-22 15:10:00+00:00,227.67,227.7185,227.37,227.47,431593.0,10397.0,227.506021
AMZN,2025-12-22 15:15:00+00:00,227.47,227.59,227.3087,227.3501,313468.0,5950.0,227.442072
AMZN,2025-12-22 15:20:00+00:00,227.36,227.61,227.18,227.5486,279227.0,5975.0,227.404165
AMZN,2025-12-22 15:25:00+00:00,227.5211,227.83,227.46,227.83,303253.0,5734.0,227.633108
AMZN,2025-12-22 15:30:00+00:00,227.83,227.9,227.37,227.45,360994.0,6499.0,227.55532
AMZN,2025-12-22 15:35:00+00:00,227.4593,227.46,227.15,227.43,334234.0,6411.0,227.298357
AMZN,2025-12-22 15:40:00+00:00,227.45,227.595,227.32,227.4062,248660.0,5206.0,227.449462
AMZN,2025-12-22 15:45:00+00:00,227.4,227.535,227.35,227.46,224905.0,4383.0,227.45387
AMZN,2025-12-22 15:50:00+00:00,227.46,227.48,227.11,227.15,330518.0,5414.0,227.263492
AMZN,2025-12-22 15:55:00+00:00,227.145,227.285,226.815,226.83,453738.0,7898.0,227.058573
AMZN,2025-12-22 16:00:00+00:00,226.83,227.035,226.825,226.89,280858.0,5861.0,226.922839
AMZN,2025-12-22 16:05:00+00:00,226.89,227.03,226.71,226.79,358259.0,6706.0,226.863393
AMZN,2025-12-22 16:10:00+00:00,226.79,227.04,226.725,226.99,422069.0,6493.0,226.900641
AMZN,2025-12-22 16:15:00+00:00,227.0,227.315,226.95,227.255,404088.0,6407.0,227.103989
AMZN,2025-12-22 16:20:00+00:00,227.25,227.555,227.18,227.495,342793.0,5930.0,227.379764
AMZN,2025-12-22 16:25:00+00:00,227.52,227.63,227.315,227.53,287178.0,5410.0,227.498896
AMZN,2025-12-22 16:30:00+00:00,227.53,227.5899,227.33,227.42,231977.0,4904.0,227.464185
AMZN,2025-12-22 16:35:00+00:00,227.42,227.6,227.32,227.57,263195.0,4742.0,227.422984
AMZN,2025-12-22 16:40:00+00:00,227.57,227.74,227.54,227.62,207796.0,4542.0,227.654433
AMZN,2025-12-22 16:45:00+00:00,227.61,227.73,227.544,227.5501,199566.0,4485.0,227.637331
AMZN,2025-12-22 16:50:00+00:00,227.565,227.71,227.45,227.545,262323.0,4788.0,227.597453
AMZN,2025-12-22 16:55:00+00:00,227.54,227.66,227.46,227.56,258916.0,4979.0,227.579147
AMZN,2025-12-22 17:00:00+00:00,227.55,227.93,227.55,227.92,332899.0,5359.0,227.76109
AMZN,2025-12-22 17:05:00+00:00,227.92,228.105,227.91,228.0201,337684.0,5769.0,228.017301
AMZN,2025-12-22 17:10:00+00:00,228.03,228.2,228.0077,228.11,229098.0,4164.0,228.090822
AMZN,2025-12-22 17:15:00+00:00,228.12,228.17,228.03,228.06,196511.0,3448.0,228.112911
AMZN,2025-12-22 17:20:00+00:00,228.07,228.2599,227.92,228.0403,261923.0,4436.0,228.060615
AMZN,2025-12-22 17:25:00+00:00,228.045,228.06,227.82,228.03,285996.0,4470.0,227.963288
AMZN,2025-12-22 17:30:00+00:00,228.0301,228.24,228.02,228.2312,207142.0,3730.0,228.147731
AMZN,2025-12-22 17:35:00+00:00,228.23,228.26,227.85,227.89,209753.0,3650.0,228.086205
AMZN,2025-12-22 17:40:00+00:00,227.9,227.9609,227.78,227.93,168686.0,2950.0,227.884825
AMZN,2025-12-22 17:45:00+00:00,227.92,228.0,227.89,227.92,122092.0,2571.0,227.940776
AMZN,2025-12-22 17:50:00+00:00,227.915,228.11,227.9,228.1,113950.0,2599.0,228.011809
AMZN,2025-12-22 17:55:00+00:00,228.105,228.21,228.065,228.21,157760.0,3089.0,228.121153
AMZN,2025-12-22 18:00:00+00:00,228.21,228.24,228.05,228.05,144141.0,3072.0,228.145602
AMZN,2025-12-22 18:05:00+00:00,228.05,228.1,227.8983,227.905,134906.0,2983.0,228.010402
AMZN,2025-12-22 18:10:00+00:00,227.9,227.99,227.83,227.99,138600.0,3015.0,227.919601
AMZN,2025-12-22 18:15:00+00:00,227.986,228.0,227.68,227.8313,150227.0,3357.0,227.822576
AMZN,2025-12-22 18:20:00+00:00,227.83,227.94,227.8,227.89,110143.0,2671.0,227.870048
AMZN,2025-12-22 18:25:00+00:00,227.88,228.005,227.79,228.0,264639.0,4141.0,227.932824
AMZN,2025-12-22 18:30:00+00:00,227.99,228.14,227.94,228.12,243831.0,4143.0,228.039829
AMZN,2025-12-22 18:35:00+00:00,228.1244,228.365,228.04,228.34,174042.0,3514.0,228.180987
AMZN,2025-12-22 18:40:00+00:00,228.3471,228.47,228.2448,228.3855,185300.0,3039.0,228.363749
AMZN,2025-12-22 18:45:00+00:00,228.385,228.4,228.1638,228.1727,124475.0,3020.0,228.293124
AMZN,2025-12-22 18:50:00+00:00,228.1701,228.21,227.96,228.04,158018.0,3090.0,228.079385
AMZN,2025-12-22 18:55:00+00:00,228.04,228.273,228.015,228.19,215881.0,2942.0,228.143119
AMZN,2025-12-22 19:00:00+00:00,228.2,228.3,228.16,228.2,138147.0,2893.0,228.240961
AMZN,2025-12-22 19:05:00+00:00,228.2,228.45,228.175,228.315,147380.0,2851.0,228.333652
AMZN,2025-12-22 19:10:00+00:00,228.31,228.31,228.115,228.135,143948.0,3129.0,228.215841
AMZN,2025-12-22 19:15:00+00:00,228.135,228.35,228.07,228.33,161084.0,3199.0,228.225496
AMZN,2025-12-22 19:20:00+00:00,228.32,228.47,228.32,228.4513,130121.0,2867.0,228.416852
AMZN,2025-12-22 19:25:00+00:00,228.45,228.55,228.39,228.395,207754.0,4245.0,228.455944
AMZN,2025-12-22 19:30:00+00:00,228.395,228.615,228.36,228.53,194083.0,3810.0,228.501785
AMZN,2025-12-22 19:35:00+00:00,228.525,228.566,228.42,228.49,161059.0,2944.0,228.498431
AMZN,2025-12-22 19:40:00+00:00,228.4804,228.4804,228.23,228.24,151812.0,3149.0,228.330911
AMZN,2025-12-22 19:45:00+00:00,228.23,228.34,228.23,228.3144,149992.0,2979.0,228.279213
AMZN,2025-12-22 19:50:00+00:00,228.315,228.335,228.22,228.33,141423.0,3114.0,228.29762
AMZN,2025-12-22 19:55:00+00:00,228.3257,228.465,228.3257,228.46,162580.0,3328.0,228.392022
AMZN,2025-12-22 20:00:00+00:00,228.46,228.47,228.36,228.42,248719.0,4219.0,228.408467
AMZN,2025-12-22 20:05:00+00:00,228.42,228.571,228.42,228.48,155591.0,3571.0,228.486782
AMZN,2025-12-22 20:10:00+00:00,228.48,228.555,228.445,228.49,160842.0,3584.0,228.507628
AMZN,2025-12-22 20:15:00+00:00,228.49,228.6699,228.4199,228.615,249465.0,3994.0,228.554382
AMZN,2025-12-22 20:20:00+00:00,228.62,228.77,228.445,228.77,202204.0,4288.0,228.63814
AMZN,2025-12-22 20:25:00+00:00,228.7712,228.9,228.76,228.84,263983.0,4590.0,228.839367
AMZN,2025-12-22 20:30:00+00:00,228.84,228.99,228.77,228.98,294548.0,5262.0,228.88804
AMZN,2025-12-22 20:35:00+00:00,228.98,229.06,228.95,229.01,373064.0,5805.0,229.002722
AMZN,2025-12-22 20:40:00+00:00,229.02,229.47,228.9642,229.4,709632.0,9939.0,229.264966
AMZN,2025-12-22 20:45:00+00:00,229.405,229.48,229.14,229.2,505885.0,7535.0,229.291606
AMZN,2025-12-22 20:50:00+00:00,229.2,229.42,229.06,229.21,705606.0,10453.0,229.274835
AMZN,2025-12-22 20:55:00+00:00,229.2,229.2,228.32,228.43,1564949.0,20546.0,228.528756
AMZN,2025-12-22 21:00:00+00:00,228.41,228.58,228.25,228.5507,6220997.0,615.0,228.430189
AMZN,2025-12-22 21:05:00+00:00,228.5505,228.5899,228.43,228.55,39885.0,204.0,228.519629
AMZN,2025-12-22 21:10:00+00:00,228.59,228.59,228.5,228.59,6956.0,127.0,228.537661
AMZN,2025-12-22 21:15:00+00:00,228.59,228.6448,228.55,228.57,5198.0,180.0,228.602256
AMZN,2025-12-22 21:20:00+00:00,228.6,228.6,228.5,228.5,6089.0,193.0,228.53202
AMZN,2025-12-22 21:25:00+00:00,228.51,228.62,228.4999,228.62,452981.0,147.0,228.562507
AMZN,2025-12-22 21:30:00+00:00,228.64,228.66,228.53,228.53,5251.0,70.0,228.635958
AMZN,2025-12-22 21:35:00+00:00,228.62,228.62,228.57,228.58,1965.0,51.0,228.591296
AMZN,2025-12-22 21:40:00+00:00,228.6013,228.6275,228.43,228.6,5846.0,91.0,228.563411
AMZN,2025-12-22 21:45:00+00:00,228.6,228.65,228.6,228.65,271574.0,90.0,228.620165
AMZN,2025-12-22 21:50:00+00:00,228.62,228.62,228.55,228.57,4472.0,79.0,228.587124
AMZN,2025-12-22 21:55:00+00:00,228.56,228.6,228.5317,228.599,3386.0,117.0,228.557203
AMZN,2025-12-22 22:00:00+00:00,228.56,228.6,228.56,228.57,3121.0,87.0,228.565735
AMZN,2025-12-22 22:05:00+00:00,228.57,228.5982,228.57,228.5982,886.0,22.0,228.587046
AMZN,2025-12-22 22:10:00+00:00,228.59,228.6244,228.52,228.52,1234.0,65.0,228.57805
AMZN,2025-12-22 22:15:00+00:00,228.64,228.95,228.5447,228.6564,8096.0,149.0,228.832499
AMZN,2025-12-22 22:20:00+00:00,228.68,228.68,228.54,228.54,2555.0,99.0,228.655708
AMZN,2025-12-22 22:25:00+00:00,228.63,228.74,228.63,228.64,1525.0,35.0,228.682731
AMZN,2025-12-22 22:30:00+00:00,228.5834,228.5834,228.5834,228.5834,145.0,13.0,228.5834
AMZN,2025-12-22 22:35:00+00:00,228.6,228.74,228.43,228.74,5127.0,36.0,228.457577
AMZN,2025-12-22 22:40:00+00:00,228.6658,228.68,228.6401,228.68,2890.0,60.0,228.65828
AMZN,2025-12-22 22:45:00+00:00,228.68,228.68,228.68,228.68,401.0,19.0,228.68
AMZN,2025-12-22 22:50:00+00:00,228.56,228.56,228.45,228.45,10264.0,134.0,228.512928
AMZN,2025-12-22 22:55:00+00:00,228.48,228.48,228.44,228.45,2618.0,72.0,228.453987
AMZN,2025-12-22 23:00:00+00:00,228.4499,228.55,228.4499,228.5164,58948.0,88.0,228.479086
AMZN,2025-12-22 23:05:00+00:00,228.6,228.7,228.51,228.51,2436.0,99.0,228.589209
AMZN,2025-12-22 23:10:00+00:00,228.4401,228.5999,228.4401,228.47,6062.0,58.0,228.481879
AMZN,2025-12-22 23:15:00+00:00,228.5013,228.51,228.44,228.44,148552.0,48.0,228.473883
AMZN,2025-12-22 23:20:00+00:00,228.5,228.5,228.45,228.49,2868.0,75.0,228.4918
AMZN,2025-12-22 23:25:00+00:00,228.5,228.5329,228.5,228.5329,540.0,27.0,228.51482
AMZN,2025-12-22 23:30:00+00:00,228.55,228.64,228.55,228.6,4124.0,56.0,228.569971
AMZN,2025-12-22 23:35:00+00:00,228.6,228.61,228.5512,228.61,2499.0,42.0,228.596455
AMZN,2025-12-22 23:40:00+00:00,228.55,228.5501,228.5168,228.52,4745.0,61.0,228.540771
AMZN,2025-12-22 23:45:00+00:00,228.55,228.6,228.52,228.6,5599.0,67.0,228.54826
AMZN,2025-12-22 23:50:00+00:00,228.6,228.63,228.55,228.5984,2526.0,77.0,228.598036
AMZN,2025-12-22 23:55:00+00:00,228.61,228.68,228.6,228.6,2580.0,92.0,228.612533
AMZN,2025-12-23 00:00:00+00:00,228.59,228.6,228.59,228.6,1262.0,24.0,228.598565
AMZN,2025-12-23 00:05:00+00:00,228.6018,228.6018,228.6,228.6,3376.0,31.0,228.600063
AMZN,2025-12-23 00:10:00+00:00,228.63,228.63,228.63,228.63,853.0,22.0,228.63
AMZN,2025-12-23 00:15:00+00:00,228.64,228.6512,228.63,228.6512,917.0,40.0,228.641429
AMZN,2025-12-23 00:20:00+00:00,228.62,228.68,228.57,228.68,1564.0,81.0,228.630386
AMZN,2025-12-23 00:25:00+00:00,228.64,228.68,228.64,228.68,1620.0,38.0,228.661711
AMZN,2025-12-23 00:30:00+00:00,228.6049,228.68,228.6049,228.68,575.0,27.0,228.639017
AMZN,2025-12-23 00:35:00+00:00,228.75,228.75,228.75,228.75,428.0,20.0,228.75
AMZN,2025-12-23 00:40:00+00:00,228.7,228.75,228.7,228.733,2604.0,52.0,228.704889
AMZN,2025-12-23 00:45:00+00:00,228.61,228.71,228.61,228.71,2245.0,20.0,228.705238
AMZN,2025-12-23 00:50:00+00:00,228.68,228.7,228.6133,228.6801,4562.0,68.0,228.676901
AMZN,2025-12-23 00:55:00+00:00,228.73,228.74,228.61,228.63,5723.0,77.0,228.672514
AMZN,2025-12-23 09:00:00+00:00,228.59,228.59,228.0,228.07,4344.0,192.0,228.287323
AMZN,2025-12-23 09:05:00+00:00,228.42,228.42,228.42,228.42,238.0,6.0,228.42
AMZN,2025-12-23 09:10:00+00:00,228.39,228.39,228.39,228.39,388.0,16.0,228.39
AMZN,2025-12-23 09:15:00+00:00,228.45,228.5,228.45,228.5,902.0,29.0,228.464408
AMZN,2025-12-23 09:20:00+00:00,228.5,228.5,228.5,228.5,706.0,22.0,228.5
AMZN,2025-12-23 09:35:00+00:00,228.56,228.56,228.56,228.56,427.0,15.0,228.56
AMZN,2025-12-23 10:10:00+00:00,228.68,228.68,228.68,228.68,550.0,119.0,228.68
AMZN,2025-12-23 10:15:00+00:00,228.63,228.67,228.63,228.67,675.0,31.0,228.656667
AMZN,2025-12-23 10:20:00+00:00,228.64,228.64,228.64,228.64,388.0,11.0,228.64
AMZN,2025-12-23 10:30:00+00:00,228.5,228.5,228.4,228.4,964.0,65.0,228.4625
AMZN,2025-12-23 10:35:00+00:00,228.27,228.27,228.23,228.23,2189.0,74.0,228.240144
AMZN,2025-12-23 10:40:00+00:00,228.2,228.2,228.2,228.2,546.0,49.0,228.2
AMZN,2025-12-23 10:50:00+00:00,228.3,228.4,228.25,228.25,1581.0,70.0,228.341529
AMZN,2025-12-23 11:05:00+00:00,228.42,228.42,228.42,228.42,100.0,1.0,228.42
AMZN,2025-12-23 11:20:00+00:00,228.2,228.2,228.2,228.2,366.0,18.0,228.2
AMZN,2025-12-23 11:30:00+00:00,228.39,228.39,228.39,228.39,287.0,8.0,228.39
AMZN,2025-12-23 11:50:00+00:00,228.4,228.4,228.4,228.4,818.0,48.0,228.4
AMZN,2025-12-23 12:00:00+00:00,228.35,228.44,228.26,228.3,4614.0,189.0,228.350651
AMZN,2025-12-23 12:10:00+00:00,228.35,228.35,228.18,228.18,1413.0,80.0,228.236397
AMZN,2025-12-23 12:15:00+00:00,228.31,228.36,228.24,228.24,1648.0,35.0,228.308944
AMZN,2025-12-23 12:20:00+00:00,228.15,228.15,228.15,228.15,354.0,17.0,228.15
AMZN,2025-12-23 12:25:00+00:00,228.1,228.1,228.1,228.1,219.0,10.0,228.1
AMZN,2025-12-23 12:30:00+00:00,228.1,228.21,228.1,228.21,920.0,27.0,228.1825
AMZN,2025-12-23 12:35:00+00:00,228.21,228.21,228.21,228.21,570.0,30.0,228.21
AMZN,2025-12-23 12:40:00+00:00,228.2,228.2,228.2,228.2,653.0,27.0,228.2
AMZN,2025-12-23 12:50:00+00:00,228.3,228.45,228.29,228.45,1464.0,46.0,228.35085
AMZN,2025-12-23 12:55:00+00:00,228.51,228.51,228.48,228.48,3291.0,55.0,228.49119
AMZN,2025-12-23 13:00:00+00:00,228.23,228.76,228.0,228.36,76310.0,3143.0,228.355932
AMZN,2025-12-23 13:05:00+00:00,228.4,228.4015,228.4,228.4015,1151.0,59.0,228.40075
AMZN,2025-12-23 13:10:00+00:00,228.4,228.5,228.36,228.5,4428.0,156.0,228.4365
AMZN,2025-12-23 13:15:00+00:00,228.43,228.4432,228.3,228.4,4445.0,131.0,228.36329
AMZN,2025-12-23 13:20:00+00:00,228.44,228.48,228.3,228.4299,6979.0,199.0,228.376968
AMZN,2025-12-23 13:25:00+00:00,228.2654,228.34,228.2654,228.34,1576.0,57.0,228.302313
AMZN,2025-12-23 13:30:00+00:00,228.4,228.4,228.2703,228.4,4235.0,142.0,228.382836
AMZN,2025-12-23 13:35:00+00:00,228.2861,228.42,228.01,228.01,14021.0,479.0,228.217736
AMZN,2025-12-23 13:40:00+00:00,228.0,228.2,228.0,228.2,10148.0,267.0,228.102615
AMZN,2025-12-23 13:45:00+00:00,228.1485,228.16,228.01,228.08,7277.0,192.0,228.109016
AMZN,2025-12-23 13:50:00+00:00,228.07,228.11,228.0,228.0,6289.0,212.0,228.029887
AMZN,2025-12-23 13:55:00+00:00,228.0552,228.07,227.8625,227.87,16904.0,529.0,227.990841
AMZN,2025-12-23 14:00:00+00:00,227.88,228.07,227.88,228.04,8343.0,367.0,227.978108
AMZN,2025-12-23 14:05:00+00:00,228.0,228.02,227.8,227.85,5418.0,224.0,227.865397
AMZN,2025-12-23 14:10:00+00:00,227.79,227.92,227.76,227.86,6792.0,248.0,227.817879
AMZN,2025-12-23 14:15:00+00:00,227.76,227.99,227.71,227.99,8704.0,374.0,227.85179
AMZN,2025-12-23 14:20:00+00:00,227.9377,228.07,227.91,227.9609,7549.0,249.0,227.998171
AMZN,2025-12-23 14:25:00+00:00,228.08,229.3,228.0,229.0,51178.0,1057.0,228.814628
AMZN,2025-12-23 14:30:00+00:00,229.055,230.83,228.73,230.46,2164580.0,28512.0,229.873769
AMZN,2025-12-23 14:35:00+00:00,230.42,231.25,230.06,230.8,1127164.0,16003.0,230.866364
AMZN,2025-12-23 14:40:00+00:00,230.8,231.16,230.32,231.11,881086.0,13245.0,230.805914
AMZN,2025-12-23 14:45:00+00:00,231.13,231.77,231.081,231.56,692030.0,11476.0,231.470025
AMZN,2025-12-23 14:50:00+00:00,231.54,232.16,231.495,231.61,650796.0,10641.0,231.862566
AMZN,2025-12-23 14:55:00+00:00,231.59,231.59,230.82,231.22,603860.0,9634.0,231.207101
AMZN,2025-12-23 15:00:00+00:00,231.22,231.3,230.65,230.665,508121.0,9504.0,230.930429
AMZN,2025-12-23 15:05:00+00:00,230.67,230.8358,230.4,230.8325,487191.0,8606.0,230.620146
AMZN,2025-12-23 15:10:00+00:00,230.85,231.11,230.33,230.42,437123.0,7820.0,230.671154
AMZN,2025-12-23 15:15:00+00:00,230.45,230.705,230.15,230.2,407436.0,8619.0,230.439516
AMZN,2025-12-23 15:20:00+00:00,230.18,230.43,229.9,229.98,489230.0,8158.0,230.150424
AMZN,2025-12-23 15:25:00+00:00,229.975,230.46,229.945,230.1185,383427.0,7197.0,230.15816
AMZN,2025-12-23 15:30:00+00:00,230.12,230.42,229.98,230.255,264638.0,5633.0,230.245316
AMZN,2025-12-23 15:35:00+00:00,230.31,230.5385,230.05,230.24,359024.0,6339.0,230.293424
AMZN,2025-12-23 15:40:00+00:00,230.22,230.9568,230.22,230.8874,288105.0,5569.0,230.716833
AMZN,2025-12-23 15:45:00+00:00,230.882,230.896,230.7348,230.88,232599.0,5061.0,230.817318
AMZN,2025-12-23 15:50:00+00:00,230.88,230.98,230.79,230.98,232674.0,4620.0,230.909009
AMZN,2025-12-23 15:55:00+00:00,230.981,231.15,230.84,230.92,277339.0,5768.0,231.009421
AMZN,2025-12-23 16:00:00+00:00,230.91,231.17,230.8901,231.06,244417.0,4916.0,231.072751
AMZN,2025-12-23 16:05:00+00:00,231.07,231.1199,230.74,230.89,288628.0,5768.0,230.92066
AMZN,2025-12-23 16:10:00+00:00,230.88,230.88,230.48,230.5,235211.0,5214.0,230.675029
AMZN,2025-12-23 16:15:00+00:00,230.5,230.62,230.44,230.49,192293.0,4748.0,230.516518
AMZN,2025-12-23 16:20:00+00:00,230.49,230.71,230.32,230.6699,295831.0,5641.0,230.49059
AMZN,2025-12-23 16:25:00+00:00,230.66,230.7094,230.34,230.46,275832.0,4857.0,230.535944
AMZN,2025-12-23 16:30:00+00:00,230.4602,230.86,230.4602,230.85,241285.0,4599.0,230.691059
AMZN,2025-12-23 16:35:00+00:00,230.85,231.4,230.82,231.355,258770.0,5177.0,231.102967
AMZN,2025-12-23 16:40:00+00:00,231.37,231.52,231.19,231.4479,390077.0,6550.0,231.393244
AMZN,2025-12-23 16:45:00+00:00,231.44,231.5195,231.32,231.39,179608.0,4387.0,231.402269
AMZN,2025-12-23 16:50:00+00:00,231.381,231.4471,231.18,231.34,166381.0,3978.0,231.323373
AMZN,2025-12-23 16:55:00+00:00,231.3546,231.53,231.35,231.4474,191292.0,3937.0,231.464323
AMZN,2025-12-23 17:00:00+00:00,231.43,231.6,231.34,231.58,197416.0,3895.0,231.491004
AMZN,2025-12-23 17:05:00+00:00,231.584,231.6,231.3,231.34,156908.0,3579.0,231.459398
AMZN,2025-12-23 17:10:00+00:00,231.35,231.35,231.18,231.31,210337.0,3709.0,231.254675
AMZN,2025-12-23 17:15:00+00:00,231.315,231.6,231.31,231.585,285833.0,3818.0,231.479438
AMZN,2025-12-23 17:20:00+00:00,231.58,231.7,231.2337,231.325,228778.0,4117.0,231.482704
AMZN,2025-12-23 17:25:00+00:00,231.3386,231.4646,231.3,231.38,106539.0,2733.0,231.3882
AMZN,2025-12-23 17:30:00+00:00,231.34,231.34,231.1201,231.17,164403.0,3159.0,231.217903
AMZN,2025-12-23 17:35:00+00:00,231.1789,231.33,231.16,231.278,112459.0,2644.0,231.248124
AMZN,2025-12-23 17:40:00+00:00,231.27,231.3,231.195,231.2798,82961.0,2460.0,231.250189
AMZN,2025-12-23 17:45:00+00:00,231.28,231.3,231.13,231.145,140330.0,2526.0,231.230464
AMZN,2025-12-23 17:50:00+00:00,231.15,231.44,231.11,231.32,130104.0,2818.0,231.293632
AMZN,2025-12-23 17:55:00+00:00,231.3001,231.46,231.2801,231.44,125662.0,2900.0,231.389398
AMZN,2025-12-23 18:00:00+00:00,231.43,231.55,231.41,231.435,155924.0,3104.0,231.467748
AMZN,2025-12-23 18:05:00+00:00,231.43,231.48,231.35,231.41,124650.0,2764.0,231.413204
AMZN,2025-12-23 18:10:00+00:00,231.4132,231.47,231.22,231.4556,153281.0,3034.0,231.339511
AMZN,2025-12-23 18:15:00+00:00,231.455,231.555,231.45,231.5395,127579.0,2682.0,231.508378
AMZN,2025-12-23 18:20:00+00:00,231.53,231.83,231.53,231.68,216651.0,3612.0,231.710479
AMZN,2025-12-23 18:25:00+00:00,231.6809,231.82,231.5165,231.53,257989.0,3351.0,231.732221
AMZN,2025-12-23 18:30:00+00:00,231.535,231.61,231.5105,231.5105,123539.0,2984.0,231.555816
AMZN,2025-12-23 18:35:00+00:00,231.52,231.64,231.48,231.62,191134.0,3074.0,231.538678
AMZN,2025-12-23 18:40:00+00:00,231.6,231.8313,231.54,231.8164,160261.0,2967.0,231.682612
AMZN,2025-12-23 18:45:00+00:00,231.83,231.83,231.67,231.72,125106.0,2838.0,231.763883
AMZN,2025-12-23 18:50:00+00:00,231.71,231.78,231.63,231.74,94614.0,2367.0,231.706157
AMZN,2025-12-23 18:55:00+00:00,231.75,231.87,231.655,231.78,149698.0,3105.0,231.76992
AMZN,2025-12-23 19:00:00+00:00,231.7709,231.82,231.67,231.69,153491.0,3095.0,231.748713
AMZN,2025-12-23 19:05:00+00:00,231.6829,231.9199,231.65,231.9199,127456.0,2871.0,231.803339
AMZN,2025-12-23 19:10:00+00:00,231.92,231.94,231.85,231.906,120350.0,3072.0,231.898555
AMZN,2025-12-23 19:15:00+00:00,231.91,231.985,231.9,231.98,123359.0,2810.0,231.947139
AMZN,2025-12-23 19:20:00+00:00,231.99,232.14,231.98,232.04,293752.0,5023.0,232.031547
AMZN,2025-12-23 19:25:00+00:00,232.05,232.07,231.99,232.0,130645.0,3145.0,232.037311
AMZN,2025-12-23 19:30:00+00:00,232.0,232.0,231.74,231.78,175900.0,3292.0,231.85034
AMZN,2025-12-23 19:35:00+00:00,231.795,231.9356,231.755,231.89,122784.0,2685.0,231.855946
AMZN,2025-12-23 19:40:00+00:00,231.8999,231.9877,231.79,231.985,158879.0,3284.0,231.875448
AMZN,2025-12-23 19:45:00+00:00,231.98,232.0799,231.96,232.065,129871.0,3036.0,232.016989
AMZN,2025-12-23 19:50:00+00:00,232.07,232.205,232.04,232.2,162268.0,3630.0,232.141878
AMZN,2025-12-23 19:55:00+00:00,232.2,232.3,232.19,232.2899,212792.0,3729.0,232.243339
AMZN,2025-12-23 20:00:00+00:00,232.285,232.445,232.28,232.42,265320.0,4995.0,232.363768
AMZN,2025-12-23 20:05:00+00:00,232.42,232.44,232.24,232.275,320284.0,5248.0,232.350285
AMZN,2025-12-23 20:10:00+00:00,232.275,232.37,232.02,232.045,283734.0,5124.0,232.188463
AMZN,2025-12-23 20:15:00+00:00,232.05,232.05,231.8,231.97,240662.0,4632.0,231.927728
AMZN,2025-12-23 20:20:00+00:00,231.9738,232.1799,231.95,232.03,181459.0,3541.0,232.053069
AMZN,2025-12-23 20:25:00+00:00,232.03,232.245,232.03,232.21,176846.0,3842.0,232.155824
AMZN,2025-12-23 20:30:00+00:00,232.21,232.2728,232.07,232.19,236553.0,3761.0,232.170034
AMZN,2025-12-23 20:35:00+00:00,232.19,232.28,232.145,232.175,219729.0,4001.0,232.2204
AMZN,2025-12-23 20:40:00+00:00,232.18,232.195,232.075,232.14,199582.0,4273.0,232.132115
AMZN,2025-12-23 20:45:00+00:00,232.14,232.27,232.09,232.14,352082.0,5702.0,232.184803
AMZN,2025-12-23 20:50:00+00:00,232.15,232.26,231.92,232.03,606602.0,10003.0,232.090646
AMZN,2025-12-23 20:55:00+00:00,232.05,232.25,231.97,232.12,1317250.0,18037.0,232.141722
AMZN,2025-12-23 21:00:00+00:00,232.14,232.21,232.04,232.0725,4203245.0,507.0,232.139957
AMZN,2025-12-23 21:05:00+00:00,232.06,232.2281,232.04,232.05,592590.0,306.0,232.110424
AMZN,2025-12-23 21:10:00+00:00,232.08,232.08,232.03,232.04,5097.0,154.0,232.049354
AMZN,2025-12-23 21:15:00+00:00,232.1,232.1,231.96,232.07,55933.0,151.0,232.015906
AMZN,2025-12-23 21:20:00+00:00,232.02,232.1,232.02,232.05,2646.0,101.0,232.06164
AMZN,2025-12-23 21:25:00+00:00,232.04,232.08,232.01,232.01,33099.0,115.0,232.057407
AMZN,2025-12-23 21:30:00+00:00,232.07,232.08,231.97,231.97,4689.0,180.0,232.046282
AMZN,2025-12-23 21:35:00+00:00,231.9603,231.99,231.918,231.99,1468.0,97.0,231.966251
AMZN,2025-12-23 21:40:00+00:00,231.99,232.04,231.92,231.9999,4722.0,127.0,231.991875
AMZN,2025-12-23 21:45:00+00:00,231.9786,231.98,231.9,231.9,4906.0,115.0,231.936071
AMZN,2025-12-23 21:50:00+00:00,231.95,231.95,231.75,231.77,3795.0,164.0,231.908568
AMZN,2025-12-23 21:55:00+00:00,231.86,231.93,231.85,231.93,1580.0,70.0,231.868738
AMZN,2025-12-23 22:00:00+00:00,231.95,232.0,231.93,231.94,2280.0,81.0,231.973518
AMZN,2025-12-23 22:05:00+00:00,231.9,232.0,231.9,231.92,1784.0,90.0,231.923334
AMZN,2025-12-23 22:10:00+00:00,231.9,232.0,231.9,231.91,1315.0,101.0,231.944086
AMZN,2025-12-23 22:15:00+00:00,232.0,232.0,231.99,232.0,3179.0,83.0,231.998867
AMZN,2025-12-23 22:20:00+00:00,231.99,232.0,231.97,231.9986,1474.0,54.0,231.996292
AMZN,2025-12-23 22:25:00+00:00,231.97,231.9845,231.78,231.9845,20735.0,130.0,231.923791
AMZN,2025-12-23 22:30:00+00:00,231.98,232.1,231.98,232.1,2193.0,192.0,231.997195
AMZN,2025-12-23 22:35:00+00:00,232.04,232.12,232.04,232.12,1816.0,44.0,232.089336
AMZN,2025-12-23 22:40:00+00:00,232.1,232.1,232.0,232.0,700.0,31.0,232.047565
AMZN,2025-12-23 22:45:00+00:00,232.0599,232.12,232.0045,232.12,1985.0,126.0,232.048647
AMZN,2025-12-23 22:50:00+00:00,232.12,232.12,232.12,232.12,299.0,17.0,232.12
AMZN,2025-12-23 22:55:00+00:00,232.11,232.11,232.07,232.09,1566.0,49.0,232.092746
AMZN,2025-12-23 23:00:00+00:00,232.0,232.08,231.968,232.08,3741.0,46.0,232.068238
AMZN,2025-12-23 23:05:00+00:00,232.08,232.08,232.08,232.08,243.0,19.0,232.08
AMZN,2025-12-23 23:10:00+00:00,232.05,232.1,232.0322,232.0322,3538.0,64.0,232.080801
AMZN,2025-12-23 23:15:00+00:00,232.12,232.12,232.04,232.04,420.0,21.0,232.079409
AMZN,2025-12-23 23:20:00+00:00,232.0217,232.05,232.0203,232.024,1437.0,38.0,232.028113
AMZN,2025-12-23 23:25:00+00:00,232.0213,232.06,232.0213,232.0599,1967.0,23.0,232.05671
AMZN,2025-12-23 23:30:00+00:00,232.08,232.1,232.02,232.02,2248.0,50.0,232.075642
AMZN,2025-12-23 23:35:00+00:00,232.05,232.08,232.02,232.05,1757.0,50.0,232.044608
AMZN,2025-12-23 23:40:00+00:00,232.07,232.08,232.0142,232.0339,1961.0,49.0,232.038488
AMZN,2025-12-23 23:45:00+00:00,232.04,232.08,232.04,232.04,1434.0,25.0,232.06575
AMZN,2025-12-23 23:50:00+00:00,232.07,232.08,232.07,232.08,1268.0,27.0,232.078062
AMZN,2025-12-23 23:55:00+00:00,232.0791,232.08,232.05,232.08,840.0,46.0,232.068589
AMZN,2025-12-24 00:00:00+00:00,232.05,232.1,232.05,232.1,2741.0,86.0,232.071698
