symbol,timestamp,open,high,low,close,volume,trade_count,vwap
IOT,2026-03-02 09:00:00+00:00,28.21,28.21,28.21,28.21,221.0,3.0,28.21
IOT,2026-03-02 09:15:00+00:00,28.29,28.35,28.29,28.34,1373.0,10.0,28.327701
IOT,2026-03-02 11:00:00+00:00,28.26,28.26,28.26,28.26,631.0,20.0,28.26
IOT,2026-03-02 11:55:00+00:00,28.03,28.03,28.01,28.01,736.0,5.0,28.015714
IOT,2026-03-02 12:15:00+00:00,27.99,27.99,27.99,27.99,435.0,15.0,27.99
IOT,2026-03-02 12:20:00+00:00,28.0,28.0,28.0,28.0,137.0,1.0,28.0
IOT,2026-03-02 13:00:00+00:00,27.8327,28.9,27.8001,27.84,40353.0,65.0,28.869131
IOT,2026-03-02 13:20:00+00:00,27.95,28.15,27.95,28.15,4138.0,30.0,28.123269
IOT,2026-03-02 13:30:00+00:00,28.15,28.15,28.15,28.15,177.0,2.0,28.15
IOT,2026-03-02 13:35:00+00:00,27.94,27.94,27.94,27.94,141.0,2.0,27.94
IOT,2026-03-02 13:45:00+00:00,27.86,27.86,27.86,27.86,100.0,1.0,27.86
IOT,2026-03-02 14:05:00+00:00,28.9,28.9,28.9,28.9,6037.0,1.0,28.9
IOT,2026-03-02 14:15:00+00:00,28.9,28.9,28.9,28.9,2356.0,1.0,28.9
IOT,2026-03-02 14:30:00+00:00,28.0,28.755,27.8766,28.755,154407.0,744.0,28.142976
IOT,2026-03-02 14:35:00+00:00,28.755,29.14,28.7445,29.1,61445.0,959.0,28.992352
IOT,2026-03-02 14:40:00+00:00,29.1,29.38,29.02,29.25,125551.0,1343.0,29.15931
IOT,2026-03-02 14:45:00+00:00,29.23,29.28,29.05,29.095,85172.0,1148.0,29.180473
IOT,2026-03-02 14:50:00+00:00,29.13,29.17,28.78,29.01,107534.0,1010.0,28.974432
IOT,2026-03-02 14:55:00+00:00,29.03,29.07,28.83,28.98,146250.0,1332.0,28.987945
IOT,2026-03-02 15:00:00+00:00,28.99,29.075,28.73,28.755,66982.0,1011.0,28.965494
IOT,2026-03-02 15:05:00+00:00,28.77,28.9,28.73,28.84,56349.0,668.0,28.817694
IOT,2026-03-02 15:10:00+00:00,28.835,29.06,28.82,28.925,74860.0,910.0,28.987491
IOT,2026-03-02 15:15:00+00:00,28.925,29.06,28.79,28.835,84001.0,1273.0,28.994148
IOT,2026-03-02 15:20:00+00:00,28.88,28.96,28.82,28.9,39094.0,802.0,28.883625
IOT,2026-03-02 15:25:00+00:00,28.91,29.025,28.76,28.86,78221.0,1020.0,28.958493
IOT,2026-03-02 15:30:00+00:00,28.86,29.005,28.8,28.885,155882.0,1127.0,28.873273
IOT,2026-03-02 15:35:00+00:00,28.855,28.94,28.775,28.88,39376.0,639.0,28.89332
IOT,2026-03-02 15:40:00+00:00,28.88,29.1,28.83,29.085,205888.0,991.0,28.994403
IOT,2026-03-02 15:45:00+00:00,29.085,29.12,29.01,29.015,50531.0,773.0,29.046636
IOT,2026-03-02 15:50:00+00:00,29.0,29.19,28.99,29.18,31628.0,589.0,29.113327
IOT,2026-03-02 15:55:00+00:00,29.2,29.205,29.12,29.165,40834.0,687.0,29.166429
IOT,2026-03-02 16:00:00+00:00,29.15,29.15,29.01,29.1,39408.0,685.0,29.076621
IOT,2026-03-02 16:05:00+00:00,29.09,29.115,28.94,29.08,50932.0,707.0,29.028206
IOT,2026-03-02 16:10:00+00:00,29.08,29.11,28.995,29.05,56388.0,661.0,29.038376
IOT,2026-03-02 16:15:00+00:00,29.06,29.08,28.92,28.94,56854.0,772.0,28.999822
IOT,2026-03-02 16:20:00+00:00,28.94,28.94,28.8,28.815,51610.0,731.0,28.861086
IOT,2026-03-02 16:25:00+00:00,28.83,28.86,28.65,28.7,55677.0,871.0,28.761599
IOT,2026-03-02 16:30:00+00:00,28.69,28.755,28.64,28.64,52542.0,701.0,28.71471
IOT,2026-03-02 16:35:00+00:00,28.63,28.735,28.6,28.73,32993.0,511.0,28.678795
IOT,2026-03-02 16:40:00+00:00,28.74,28.86,28.735,28.86,36558.0,596.0,28.802336
IOT,2026-03-02 16:45:00+00:00,28.85,28.95,28.84,28.88,220780.0,902.0,28.861535
IOT,2026-03-02 16:50:00+00:00,28.88,29.04,28.87,28.9,45267.0,736.0,28.94885
IOT,2026-03-02 16:55:00+00:00,28.9,28.98,28.855,28.95,36234.0,580.0,28.926657
IOT,2026-03-02 17:00:00+00:00,28.95,28.98,28.86,28.895,33766.0,628.0,28.925864
IOT,2026-03-02 17:05:00+00:00,28.9,28.95,28.86,28.91,42819.0,653.0,28.903115
IOT,2026-03-02 17:10:00+00:00,28.91,28.98,28.91,28.91,50802.0,724.0,28.934437
IOT,2026-03-02 17:15:00+00:00,28.91,28.97,28.88,28.95,44229.0,731.0,28.933813
IOT,2026-03-02 17:20:00+00:00,28.96,28.98,28.9,28.91,28986.0,466.0,28.946278
IOT,2026-03-02 17:25:00+00:00,28.9,28.905,28.765,28.765,37264.0,551.0,28.81509
IOT,2026-03-02 17:30:00+00:00,28.76,28.825,28.73,28.79,37460.0,662.0,28.777557
IOT,2026-03-02 17:35:00+00:00,28.79,28.79,28.66,28.74,52215.0,618.0,28.746902
IOT,2026-03-02 17:40:00+00:00,28.735,28.8,28.65,28.68,97678.0,879.0,28.742803
IOT,2026-03-02 17:45:00+00:00,28.69,28.82,28.685,28.795,44577.0,650.0,28.762348
IOT,2026-03-02 17:50:00+00:00,28.79,28.86,28.74,28.83,42627.0,617.0,28.815275
IOT,2026-03-02 17:55:00+00:00,28.81,28.84,28.715,28.795,35514.0,602.0,28.789149
IOT,2026-03-02 18:00:00+00:00,28.81,28.85,28.8,28.815,36531.0,570.0,28.823945
IOT,2026-03-02 18:05:00+00:00,28.83,28.9,28.795,28.795,39988.0,570.0,28.857659
IOT,2026-03-02 18:10:00+00:00,28.795,28.88,28.795,28.87,33007.0,543.0,28.847791
IOT,2026-03-02 18:15:00+00:00,28.868,28.95,28.84,28.885,52248.0,698.0,28.883082
IOT,2026-03-02 18:20:00+00:00,28.9,28.93,28.88,28.92,42850.0,524.0,28.912723
IOT,2026-03-02 18:25:00+00:00,28.91,28.93,28.875,28.9,35460.0,565.0,28.907208
IOT,2026-03-02 18:30:00+00:00,28.9,29.01,28.88,28.985,35206.0,590.0,28.953298
IOT,2026-03-02 18:35:00+00:00,28.985,29.085,28.97,29.0442,57186.0,855.0,29.040066
IOT,2026-03-02 18:40:00+00:00,29.04,29.13,29.015,29.13,50433.0,773.0,29.067729
IOT,2026-03-02 18:45:00+00:00,29.135,29.15,29.06,29.07,45214.0,697.0,29.102131
IOT,2026-03-02 18:50:00+00:00,29.08,29.15,29.07,29.07,47132.0,701.0,29.104687
IOT,2026-03-02 18:55:00+00:00,29.07,29.1,29.04,29.07,42358.0,641.0,29.068576
IOT,2026-03-02 19:00:00+00:00,29.07,29.1,28.95,29.02,51700.0,800.0,29.031699
IOT,2026-03-02 19:05:00+00:00,29.01,29.06,28.98,29.06,53236.0,727.0,29.005779
IOT,2026-03-02 19:10:00+00:00,29.07,29.12,29.045,29.1,42569.0,594.0,29.090768
IOT,2026-03-02 19:15:00+00:00,29.09,29.18,29.09,29.125,35498.0,557.0,29.138975
IOT,2026-03-02 19:20:00+00:00,29.13,29.15,29.015,29.035,37345.0,612.0,29.091224
IOT,2026-03-02 19:25:00+00:00,29.035,29.05,28.95,28.99,40839.0,596.0,28.989703
IOT,2026-03-02 19:30:00+00:00,28.99,29.05,28.98,29.005,42204.0,714.0,29.01554
IOT,2026-03-02 19:35:00+00:00,29.0,29.095,29.0,29.09,40508.0,632.0,29.064897
IOT,2026-03-02 19:40:00+00:00,29.11,29.119,29.03,29.04,45676.0,705.0,29.073108
IOT,2026-03-02 19:45:00+00:00,29.04,29.075,28.99,29.07,47433.0,675.0,29.04
IOT,2026-03-02 19:50:00+00:00,29.06,29.08,29.0,29.035,55848.0,934.0,29.027229
IOT,2026-03-02 19:55:00+00:00,29.035,29.115,29.01,29.075,66133.0,1006.0,29.062093
IOT,2026-03-02 20:00:00+00:00,29.08,29.12,29.05,29.09,48339.0,753.0,29.084169
IOT,2026-03-02 20:05:00+00:00,29.09,29.21,29.09,29.14,197514.0,1466.0,29.123254
IOT,2026-03-02 20:10:00+00:00,29.14,29.2298,29.12,29.195,80537.0,968.0,29.168696
IOT,2026-03-02 20:15:00+00:00,29.19,29.27,29.15,29.17,72324.0,966.0,29.205822
IOT,2026-03-02 20:20:00+00:00,29.16,29.18,29.05,29.06,70042.0,981.0,29.124191
IOT,2026-03-02 20:25:00+00:00,29.06,29.2,29.05,29.175,69939.0,1075.0,29.138696
IOT,2026-03-02 20:30:00+00:00,29.16,29.195,29.13,29.165,77230.0,1080.0,29.154247
IOT,2026-03-02 20:35:00+00:00,29.165,29.2,29.15,29.17,132366.0,1106.0,29.169238
IOT,2026-03-02 20:40:00+00:00,29.17,29.205,29.16,29.2,82838.0,1107.0,29.182163
IOT,2026-03-02 20:45:00+00:00,29.205,29.24,29.15,29.225,137758.0,1798.0,29.198265
IOT,2026-03-02 20:50:00+00:00,29.21,29.26,29.13,29.14,196157.0,2569.0,29.207964
IOT,2026-03-02 20:55:00+00:00,29.13,29.23,29.065,29.11,654027.0,5926.0,29.142224
IOT,2026-03-02 21:00:00+00:00,29.11,29.11,29.11,29.11,871961.0,37.0,29.11
IOT,2026-03-02 21:15:00+00:00,29.06,29.06,29.02,29.03,1925.0,50.0,29.052774
IOT,2026-03-02 21:20:00+00:00,29.04,29.04,29.04,29.04,250.0,1.0,29.04
IOT,2026-03-02 21:30:00+00:00,28.99,28.99,28.99,28.99,112.0,3.0,28.99
IOT,2026-03-02 21:35:00+00:00,29.0001,29.0001,29.0,29.0,8557.0,6.0,29.000001
IOT,2026-03-02 21:40:00+00:00,29.02,29.03,29.02,29.03,444.0,19.0,29.026296
IOT,2026-03-02 22:05:00+00:00,29.11,29.11,29.11,29.11,295.0,18.0,29.11
IOT,2026-03-02 22:10:00+00:00,28.91,29.03,28.6,28.6,1393.0,7.0,28.799383
IOT,2026-03-02 22:20:00+00:00,29.02,29.02,29.02,29.02,100.0,1.0,29.02
IOT,2026-03-02 23:45:00+00:00,29.03,29.03,28.9,28.9,492.0,11.0,28.954198
IOT,2026-03-02 23:50:00+00:00,29.0,29.0,29.0,29.0,3100.0,2.0,29.0
IOT,2026-03-02 23:55:00+00:00,29.05,29.05,28.97,28.97,1275.0,8.0,28.984363
IOT,2026-03-03 00:20:00+00:00,28.95,28.95,28.95,28.95,244.0,2.0,28.95
IOT,2026-03-03 00:45:00+00:00,28.3655,28.3655,28.3655,28.3655,180.0,1.0,28.3655
IOT,2026-03-03 10:45:00+00:00,27.99,28.0,27.99,28.0,333.0,9.0,27.995805
IOT,2026-03-03 11:10:00+00:00,28.03,28.03,28.03,28.03,130.0,2.0,28.03
IOT,2026-03-03 11:35:00+00:00,28.03,28.03,28.03,28.03,390.0,3.0,28.03
IOT,2026-03-03 12:00:00+00:00,28.13,28.14,28.13,28.14,500.0,3.0,28.138
IOT,2026-03-03 12:15:00+00:00,28.2,28.2,28.2,28.2,121.0,2.0,28.2
IOT,2026-03-03 13:10:00+00:00,28.21,28.21,28.21,28.21,203.0,4.0,28.21
IOT,2026-03-03 13:45:00+00:00,28.21,28.21,28.21,28.21,230.0,1.0,28.21
IOT,2026-03-03 14:05:00+00:00,28.4,28.42,28.4,28.42,1100.0,3.0,28.401818
IOT,2026-03-03 14:25:00+00:00,28.52,28.52,28.52,28.52,850.0,7.0,28.52
IOT,2026-03-03 14:30:00+00:00,28.41,28.9,28.3188,28.85,210645.0,516.0,28.66538
IOT,2026-03-03 14:35:00+00:00,28.94,28.96,28.3145,28.43,49824.0,692.0,28.497367
IOT,2026-03-03 14:40:00+00:00,28.42,28.59,28.32,28.52,30503.0,529.0,28.439199
IOT,2026-03-03 14:45:00+00:00,28.47,28.58,28.18,28.25,88029.0,886.0,28.373503
IOT,2026-03-03 14:50:00+00:00,28.26,28.37,28.13,28.2988,86104.0,975.0,28.281076
IOT,2026-03-03 14:55:00+00:00,28.305,28.4288,28.14,28.285,58527.0,663.0,28.258275
IOT,2026-03-03 15:00:00+00:00,28.26,28.39,28.03,28.16,72613.0,1045.0,28.171863
IOT,2026-03-03 15:05:00+00:00,28.17,28.33,28.06,28.23,51827.0,713.0,28.161414
IOT,2026-03-03 15:10:00+00:00,28.22,28.5,28.19,28.295,49290.0,729.0,28.322579
IOT,2026-03-03 15:15:00+00:00,28.27,28.31,28.1,28.145,56956.0,898.0,28.219036
IOT,2026-03-03 15:20:00+00:00,28.17,28.19,27.98,28.0,54001.0,809.0,28.038967
IOT,2026-03-03 15:25:00+00:00,27.98,28.065,27.93,28.04,44658.0,722.0,27.990173
IOT,2026-03-03 15:30:00+00:00,28.04,28.25,28.04,28.1625,61910.0,980.0,28.140515
IOT,2026-03-03 15:35:00+00:00,28.15,28.42,28.04,28.42,46159.0,915.0,28.249
IOT,2026-03-03 15:40:00+00:00,28.41,28.52,28.38,28.48,71011.0,788.0,28.442473
IOT,2026-03-03 15:45:00+00:00,28.48,28.58,28.38,28.47,42979.0,750.0,28.483582
IOT,2026-03-03 15:50:00+00:00,28.48,28.55,28.34,28.36,25455.0,445.0,28.433052
IOT,2026-03-03 15:55:00+00:00,28.365,28.49,28.33,28.435,30521.0,656.0,28.418954
IOT,2026-03-03 16:00:00+00:00,28.42,28.49,28.38,28.485,30028.0,605.0,28.434448
IOT,2026-03-03 16:05:00+00:00,28.48,28.73,28.47,28.6804,47678.0,767.0,28.616408
IOT,2026-03-03 16:10:00+00:00,28.71,28.83,28.695,28.75,43800.0,666.0,28.754357
IOT,2026-03-03 16:15:00+00:00,28.765,28.895,28.765,28.89,40072.0,581.0,28.830422
IOT,2026-03-03 16:20:00+00:00,28.89,29.2,28.87,29.165,44483.0,605.0,29.036641
IOT,2026-03-03 16:25:00+00:00,29.19,29.2,29.11,29.11,40674.0,646.0,29.163218
IOT,2026-03-03 16:30:00+00:00,29.1,29.1,29.04,29.06,29071.0,493.0,29.073343
IOT,2026-03-03 16:35:00+00:00,29.07,29.265,29.03,29.265,98227.0,887.0,29.150139
IOT,2026-03-03 16:40:00+00:00,29.24,29.35,29.18,29.27,57417.0,934.0,29.261891
IOT,2026-03-03 16:45:00+00:00,29.29,29.42,29.22,29.295,32490.0,607.0,29.325873
IOT,2026-03-03 16:50:00+00:00,29.29,29.42,29.26,29.26,43829.0,662.0,29.313921
IOT,2026-03-03 16:55:00+00:00,29.28,29.28,29.09,29.2,78047.0,1103.0,29.164696
IOT,2026-03-03 17:00:00+00:00,29.22,29.24,29.09,29.205,54546.0,692.0,29.143195
IOT,2026-03-03 17:05:00+00:00,29.21,29.2681,29.02,29.044,51877.0,849.0,29.171787
IOT,2026-03-03 17:10:00+00:00,29.07,29.15,29.0139,29.06,31493.0,597.0,29.086803
IOT,2026-03-03 17:15:00+00:00,29.05,29.085,28.99,29.07,32377.0,556.0,29.027504
IOT,2026-03-03 17:20:00+00:00,29.075,29.15,29.04,29.15,24478.0,512.0,29.110165
IOT,2026-03-03 17:25:00+00:00,29.145,29.23,29.12,29.23,31609.0,682.0,29.173252
IOT,2026-03-03 17:30:00+00:00,29.22,29.22,29.095,29.115,29135.0,499.0,29.161301
IOT,2026-03-03 17:35:00+00:00,29.11,29.32,29.07,29.29,79012.0,692.0,29.217405
IOT,2026-03-03 17:40:00+00:00,29.3,29.38,29.25,29.36,23257.0,430.0,29.295547
IOT,2026-03-03 17:45:00+00:00,29.37,29.4,29.25,29.3,88971.0,713.0,29.2854
IOT,2026-03-03 17:50:00+00:00,29.3,29.38,29.28,29.29,45726.0,622.0,29.31495
IOT,2026-03-03 17:55:00+00:00,29.29,29.41,29.29,29.41,48023.0,693.0,29.336551
IOT,2026-03-03 18:00:00+00:00,29.42,29.48,29.36,29.36,31432.0,589.0,29.425612
IOT,2026-03-03 18:05:00+00:00,29.365,29.44,29.33,29.405,21931.0,468.0,29.397393
IOT,2026-03-03 18:10:00+00:00,29.405,29.42,29.27,29.32,38227.0,626.0,29.322415
IOT,2026-03-03 18:15:00+00:00,29.32,29.45,29.32,29.44,59328.0,659.0,29.40793
IOT,2026-03-03 18:20:00+00:00,29.445,29.6,29.44,29.56,67369.0,891.0,29.545488
IOT,2026-03-03 18:25:00+00:00,29.56,29.57,29.52,29.56,28102.0,489.0,29.5432
IOT,2026-03-03 18:30:00+00:00,29.55,29.585,29.465,29.53,102249.0,941.0,29.516678
IOT,2026-03-03 18:35:00+00:00,29.525,29.57,29.47,29.555,303415.0,672.0,29.501071
IOT,2026-03-03 18:40:00+00:00,29.55,29.6,29.38,29.395,37497.0,639.0,29.526846
IOT,2026-03-03 18:45:00+00:00,29.395,29.42,29.34,29.375,30869.0,555.0,29.370178
IOT,2026-03-03 18:50:00+00:00,29.36,29.4226,29.31,29.38,51140.0,723.0,29.374695
IOT,2026-03-03 18:55:00+00:00,29.385,29.45,29.3426,29.435,33028.0,660.0,29.404088
IOT,2026-03-03 19:00:00+00:00,29.435,29.5,29.42,29.45,29947.0,490.0,29.458609
IOT,2026-03-03 19:05:00+00:00,29.44,29.44,29.27,29.285,36636.0,678.0,29.342804
IOT,2026-03-03 19:10:00+00:00,29.295,29.39,29.27,29.37,54249.0,666.0,29.328499
IOT,2026-03-03 19:15:00+00:00,29.37,29.43,29.345,29.36,38556.0,577.0,29.38907
IOT,2026-03-03 19:20:00+00:00,29.36,29.455,29.33,29.43,49093.0,714.0,29.381361
IOT,2026-03-03 19:25:00+00:00,29.42,29.47,29.34,29.345,40161.0,610.0,29.425057
IOT,2026-03-03 19:30:00+00:00,29.37,29.43,29.3103,29.345,40069.0,583.0,29.361481
IOT,2026-03-03 19:35:00+00:00,29.34,29.4,29.28,29.337,54334.0,804.0,29.350453
IOT,2026-03-03 19:40:00+00:00,29.34,29.38,29.25,29.35,64318.0,905.0,29.327389
IOT,2026-03-03 19:45:00+00:00,29.355,29.42,29.34,29.39,36013.0,554.0,29.375489
IOT,2026-03-03 19:50:00+00:00,29.385,29.52,29.33,29.48,76731.0,984.0,29.441821
IOT,2026-03-03 19:55:00+00:00,29.475,29.57,29.445,29.55,83433.0,1113.0,29.515705
IOT,2026-03-03 20:00:00+00:00,29.56,29.61,29.515,29.53,48631.0,757.0,29.563595
IOT,2026-03-03 20:05:00+00:00,29.54,29.625,29.48,29.485,94901.0,1183.0,29.569823
IOT,2026-03-03 20:10:00+00:00,29.49,29.51,29.295,29.301,43717.0,727.0,29.393469
IOT,2026-03-03 20:15:00+00:00,29.3,29.31,29.215,29.215,67738.0,1014.0,29.27211
IOT,2026-03-03 20:20:00+00:00,29.22,29.365,29.215,29.34,71357.0,983.0,29.297535
IOT,2026-03-03 20:25:00+00:00,29.34,29.42,29.3,29.3825,64404.0,977.0,29.364675
IOT,2026-03-03 20:30:00+00:00,29.375,29.4,29.24,29.26,94193.0,1269.0,29.314665
IOT,2026-03-03 20:35:00+00:00,29.25,29.325,29.22,29.31,122608.0,1582.0,29.265989
IOT,2026-03-03 20:40:00+00:00,29.315,29.36,29.275,29.325,112449.0,1428.0,29.317701
IOT,2026-03-03 20:45:00+00:00,29.325,29.38,29.31,29.36,625962.0,2192.0,29.350357
IOT,2026-03-03 20:50:00+00:00,29.36,29.38,29.09,29.18,184145.0,2572.0,29.217001
IOT,2026-03-03 20:55:00+00:00,29.17,29.185,28.925,28.94,1070255.0,7582.0,29.006418
IOT,2026-03-03 21:00:00+00:00,28.94,28.97,28.94,28.94,1008910.0,52.0,28.940011
IOT,2026-03-03 21:05:00+00:00,28.96,28.96,28.94,28.94,600.0,8.0,28.955169
IOT,2026-03-03 21:10:00+00:00,29.26,29.26,28.93,28.93,992.0,24.0,29.05007
IOT,2026-03-03 21:15:00+00:00,29.14,29.14,29.14,29.14,200.0,3.0,29.14
IOT,2026-03-03 21:25:00+00:00,28.94,28.94,28.93,28.93,585.0,25.0,28.935413
IOT,2026-03-03 21:30:00+00:00,28.99,29.01,28.99,29.0,980.0,30.0,29.0
IOT,2026-03-03 21:35:00+00:00,29.0,29.0,29.0,29.0,411.0,5.0,29.0
IOT,2026-03-03 21:50:00+00:00,29.0,29.0,29.0,29.0,809.0,29.0,29.0
IOT,2026-03-03 21:55:00+00:00,29.0,29.0,29.0,29.0,986.0,12.0,29.0
IOT,2026-03-03 22:00:00+00:00,29.0,29.0,28.98,29.0,2734.0,34.0,28.9915
IOT,2026-03-03 22:05:00+00:00,29.0,29.0,29.0,29.0,268.0,8.0,29.0
IOT,2026-03-04 09:10:00+00:00,28.85,28.86,28.85,28.86,946.0,3.0,28.851178
IOT,2026-03-04 09:35:00+00:00,28.98,28.98,28.98,28.98,583.0,12.0,28.98
IOT,2026-03-04 09:50:00+00:00,29.07,29.07,29.07,29.07,209.0,4.0,29.07
IOT,2026-03-04 10:05:00+00:00,29.09,29.09,29.07,29.07,1000.0,5.0,29.076485
IOT,2026-03-04 12:15:00+00:00,29.18,29.18,29.18,29.18,395.0,6.0,29.18
IOT,2026-03-04 13:00:00+00:00,29.4,29.4,28.52,28.7,1569.0,40.0,29.051369
IOT,2026-03-04 13:10:00+00:00,29.31,29.31,29.3,29.3,289.0,3.0,29.304219
IOT,2026-03-04 13:25:00+00:00,29.19,29.19,29.19,29.19,110.0,3.0,29.19
IOT,2026-03-04 13:40:00+00:00,29.3717,29.3717,29.3717,29.3717,273.0,1.0,29.3717
IOT,2026-03-04 14:20:00+00:00,29.3619,29.3619,29.3619,29.3619,200.0,1.0,29.3619
IOT,2026-03-04 14:25:00+00:00,29.01,29.02,28.76,28.76,1820.0,24.0,28.878362
IOT,2026-03-04 14:30:00+00:00,28.85,29.04,28.5,28.67,100142.0,522.0,28.665982
IOT,2026-03-04 14:35:00+00:00,28.735,28.8188,28.56,28.602,38750.0,546.0,28.663884
IOT,2026-03-04 14:40:00+00:00,28.6,28.81,28.44,28.75,52783.0,672.0,28.606247
IOT,2026-03-04 14:45:00+00:00,28.63,29.0,28.6,28.74,45543.0,794.0,28.778132
IOT,2026-03-04 14:50:00+00:00,28.725,28.85,28.56,28.795,38868.0,607.0,28.69838
IOT,2026-03-04 14:55:00+00:00,28.78,29.0,28.77,28.95,38073.0,701.0,28.887452
IOT,2026-03-04 15:00:00+00:00,28.935,29.09,28.88,29.06,83390.0,1225.0,28.981348
IOT,2026-03-04 15:05:00+00:00,29.09,29.205,28.95,29.07,50598.0,896.0,29.059441
IOT,2026-03-04 15:10:00+00:00,29.08,29.12,28.948,28.96,64898.0,713.0,29.00875
IOT,2026-03-04 15:15:00+00:00,28.955,28.955,28.71,28.775,62328.0,785.0,28.86349
IOT,2026-03-04 15:20:00+00:00,28.74,28.92,28.66,28.905,55099.0,644.0,28.782657
IOT,2026-03-04 15:25:00+00:00,28.93,29.05,28.92,29.01,30233.0,521.0,28.981683
IOT,2026-03-04 15:30:00+00:00,29.032,29.14,28.9,28.9,52778.0,621.0,29.012415
IOT,2026-03-04 15:35:00+00:00,28.885,29.03,28.83,29.0199,29570.0,452.0,28.952845
IOT,2026-03-04 15:40:00+00:00,28.995,29.08,28.96,29.03,50390.0,596.0,29.001765
IOT,2026-03-04 15:45:00+00:00,29.025,29.07,28.985,29.0004,23989.0,431.0,29.01051
IOT,2026-03-04 15:50:00+00:00,29.0,29.08,28.9651,29.03,31599.0,486.0,29.010544
IOT,2026-03-04 15:55:00+00:00,29.04,29.1,29.02,29.04,22971.0,492.0,29.064557
IOT,2026-03-04 16:00:00+00:00,29.06,29.12,29.02,29.09,23086.0,473.0,29.060978
IOT,2026-03-04 16:05:00+00:00,29.09,29.1336,29.06,29.13,21830.0,389.0,29.104515
IOT,2026-03-04 16:10:00+00:00,29.14,29.27,29.02,29.18,161036.0,889.0,29.149768
IOT,2026-03-04 16:15:00+00:00,29.15,29.38,29.14,29.37,61890.0,859.0,29.238457
IOT,2026-03-04 16:20:00+00:00,29.365,29.38,29.185,29.19,46163.0,763.0,29.279193
IOT,2026-03-04 16:25:00+00:00,29.2,29.24,29.11,29.18,37360.0,638.0,29.186508
IOT,2026-03-04 16:30:00+00:00,29.18,29.21,29.1,29.14,41167.0,702.0,29.160463
IOT,2026-03-04 16:35:00+00:00,29.13,29.15,29.09,29.09,33490.0,569.0,29.107665
IOT,2026-03-04 16:40:00+00:00,29.105,29.2295,29.08,29.11,38011.0,661.0,29.174376
IOT,2026-03-04 16:45:00+00:00,29.09,29.1877,29.05,29.12,54605.0,841.0,29.109582
IOT,2026-03-04 16:50:00+00:00,29.11,29.12,29.015,29.09,37726.0,483.0,29.061199
IOT,2026-03-04 16:55:00+00:00,29.07,29.075,28.965,28.99,33369.0,690.0,29.017015
IOT,2026-03-04 17:00:00+00:00,28.99,29.01,28.93,29.0,27700.0,602.0,28.96793
IOT,2026-03-04 17:05:00+00:00,29.0,29.05,28.93,29.01,37230.0,658.0,28.989514
IOT,2026-03-04 17:10:00+00:00,29.0,29.01,28.875,28.895,41110.0,699.0,28.940894
IOT,2026-03-04 17:15:00+00:00,28.89,28.89,28.8301,28.87,30042.0,622.0,28.863109
IOT,2026-03-04 17:20:00+00:00,28.87,28.88,28.78,28.87,36156.0,701.0,28.852581
IOT,2026-03-04 17:25:00+00:00,28.88,28.92,28.86,28.86,22757.0,548.0,28.887278
IOT,2026-03-04 17:30:00+00:00,28.87,28.9,28.83,28.86,27786.0,587.0,28.864
IOT,2026-03-04 17:35:00+00:00,28.85,28.93,28.8465,28.93,20397.0,526.0,28.875501
IOT,2026-03-04 17:40:00+00:00,28.93,28.94,28.89,28.9,20719.0,490.0,28.921419
IOT,2026-03-04 17:45:00+00:00,28.92,28.99,28.91,28.99,55624.0,705.0,28.955775
IOT,2026-03-04 17:50:00+00:00,28.98,29.03,28.93,28.98,54907.0,788.0,28.988746
IOT,2026-03-04 17:55:00+00:00,28.965,29.02,28.94,29.01,34673.0,541.0,28.989629
IOT,2026-03-04 18:00:00+00:00,29.0,29.0,28.94,28.97,19972.0,518.0,28.979994
IOT,2026-03-04 18:05:00+00:00,28.96,29.01,28.96,28.98,24252.0,493.0,28.984348
IOT,2026-03-04 18:10:00+00:00,28.97,28.99,28.93,28.94,22934.0,520.0,28.961844
IOT,2026-03-04 18:15:00+00:00,28.925,29.01,28.925,28.95,18368.0,444.0,28.963664
IOT,2026-03-04 18:20:00+00:00,28.94,28.95,28.83,28.83,21132.0,519.0,28.874286
IOT,2026-03-04 18:25:00+00:00,28.85,28.9,28.81,28.89,27826.0,590.0,28.850081
IOT,2026-03-04 18:30:00+00:00,28.88,28.94,28.87,28.91,16655.0,511.0,28.90262
IOT,2026-03-04 18:35:00+00:00,28.89,28.95,28.84,28.85,25885.0,565.0,28.898784
IOT,2026-03-04 18:40:00+00:00,28.85,28.87,28.76,28.78,68044.0,1013.0,28.826677
IOT,2026-03-04 18:45:00+00:00,28.77,28.89,28.75,28.88,51662.0,745.0,28.794259
IOT,2026-03-04 18:50:00+00:00,28.88,28.94,28.87,28.88,22236.0,548.0,28.904559
IOT,2026-03-04 18:55:00+00:00,28.88,28.93,28.8201,28.91,32605.0,595.0,28.871834
IOT,2026-03-04 19:00:00+00:00,28.91,29.01,28.91,28.99,26321.0,602.0,28.969358
IOT,2026-03-04 19:05:00+00:00,28.99,29.03,28.96,29.02,24676.0,557.0,28.993591
IOT,2026-03-04 19:10:00+00:00,29.02,29.045,28.98,29.0201,40802.0,651.0,29.014767
IOT,2026-03-04 19:15:00+00:00,29.02,29.03,28.98,28.98,43284.0,649.0,28.998454
IOT,2026-03-04 19:20:00+00:00,28.99,28.99,28.91,28.94,36061.0,789.0,28.941021
IOT,2026-03-04 19:25:00+00:00,28.93,28.97,28.89,28.89,36055.0,771.0,28.915987
IOT,2026-03-04 19:30:00+00:00,28.9,28.94,28.88,28.935,56441.0,935.0,28.908232
IOT,2026-03-04 19:35:00+00:00,28.935,28.97,28.9145,28.94,45627.0,659.0,28.94344
IOT,2026-03-04 19:40:00+00:00,28.93,28.98,28.93,28.95,43256.0,749.0,28.953774
IOT,2026-03-04 19:45:00+00:00,28.94,28.99,28.925,28.985,39113.0,775.0,28.957052
IOT,2026-03-04 19:50:00+00:00,28.99,29.015,28.969,28.99,70433.0,798.0,28.995897
IOT,2026-03-04 19:55:00+00:00,28.99,29.0,28.9,28.915,77680.0,1014.0,28.932067
IOT,2026-03-04 20:00:00+00:00,28.92,29.02,28.92,29.01,73155.0,908.0,28.978053
IOT,2026-03-04 20:05:00+00:00,29.0,29.01,28.83,28.83,37989.0,793.0,28.890605
IOT,2026-03-04 20:10:00+00:00,28.84,28.84,28.71,28.78,63758.0,948.0,28.771567
IOT,2026-03-04 20:15:00+00:00,28.76,28.77,28.68,28.7,43899.0,689.0,28.73883
IOT,2026-03-04 20:20:00+00:00,28.7,28.75,28.68,28.68,39848.0,757.0,28.717322
IOT,2026-03-04 20:25:00+00:00,28.69,28.775,28.69,28.76,33829.0,670.0,28.741845
IOT,2026-03-04 20:30:00+00:00,28.77,28.8292,28.77,28.79,45239.0,837.0,28.806335
IOT,2026-03-04 20:35:00+00:00,28.8,28.84,28.78,28.79,51503.0,888.0,28.810375
IOT,2026-03-04 20:40:00+00:00,28.8,28.83,28.73,28.77,103383.0,1616.0,28.774126
IOT,2026-03-04 20:45:00+00:00,28.76,28.81,28.75,28.79,69313.0,1079.0,28.779233
IOT,2026-03-04 20:50:00+00:00,28.78,28.87,28.71,28.85,128146.0,1714.0,28.782911
IOT,2026-03-04 20:55:00+00:00,28.84,28.915,28.685,28.685,383969.0,4521.0,28.787586
IOT,2026-03-04 21:00:00+00:00,28.7,28.7,28.69,28.69,589700.0,76.0,28.690021
IOT,2026-03-04 21:25:00+00:00,28.76,28.76,28.75,28.75,1239.0,6.0,28.751667
IOT,2026-03-04 21:50:00+00:00,29.0,29.0,29.0,29.0,200.0,1.0,29.0
IOT,2026-03-04 22:30:00+00:00,28.9142,28.9142,28.9142,28.9142,100.0,1.0,28.9142
IOT,2026-03-04 22:35:00+00:00,28.86,28.86,28.86,28.86,200.0,2.0,28.86
IOT,2026-03-04 22:45:00+00:00,28.92,28.92,28.897,28.897,291.0,2.0,28.912096
IOT,2026-03-04 22:50:00+00:00,28.8951,28.8951,28.85,28.8937,950.0,5.0,28.884081
IOT,2026-03-04 23:10:00+00:00,28.71,28.71,28.7,28.7,958.0,3.0,28.701044
IOT,2026-03-04 23:25:00+00:00,28.85,28.9,28.85,28.9,1100.0,13.0,28.890749
IOT,2026-03-04 23:30:00+00:00,28.92,28.92,28.92,28.92,200.0,1.0,28.92
IOT,2026-03-04 23:45:00+00:00,28.81,28.81,28.8,28.8,1100.0,4.0,28.80091
IOT,2026-03-04 23:50:00+00:00,28.86,28.92,28.86,28.86,1273.0,11.0,28.888623
IOT,2026-03-05 00:05:00+00:00,28.93,28.93,28.93,28.93,535.0,3.0,28.93
IOT,2026-03-05 00:25:00+00:00,28.95,28.95,28.95,28.95,221.0,1.0,28.95
IOT,2026-03-05 00:35:00+00:00,28.95,28.95,28.95,28.95,170.0,2.0,28.95
IOT,2026-03-05 00:50:00+00:00,28.95,29.0,28.95,28.99,5073.0,13.0,28.962716
IOT,2026-03-05 00:55:00+00:00,28.9952,28.9952,28.9952,28.9952,541.0,3.0,28.9952
IOT,2026-03-05 10:45:00+00:00,28.9,28.9,28.9,28.9,1010.0,12.0,28.9
IOT,2026-03-05 11:40:00+00:00,28.94,28.94,28.91,28.91,383.0,13.0,28.925
IOT,2026-03-05 11:50:00+00:00,28.95,28.95,28.95,28.95,392.0,3.0,28.95
IOT,2026-03-05 11:55:00+00:00,28.9,28.93,28.9,28.93,1160.0,8.0,28.905131
IOT,2026-03-05 12:00:00+00:00,28.93,28.98,28.88,28.88,1077.0,24.0,28.908031
IOT,2026-03-05 12:10:00+00:00,29.0,29.0,29.0,29.0,5050.0,18.0,29.0
IOT,2026-03-05 12:20:00+00:00,29.0,29.0,29.0,29.0,218.0,8.0,29.0
IOT,2026-03-05 12:35:00+00:00,29.0,29.0,29.0,29.0,1053.0,22.0,29.0
IOT,2026-03-05 12:45:00+00:00,29.01,29.01,29.0,29.0,2950.0,3.0,29.000847
IOT,2026-03-05 12:50:00+00:00,28.99,28.99,28.99,28.99,749.0,2.0,28.99
IOT,2026-03-05 12:55:00+00:00,28.94,28.94,28.94,28.94,502.0,20.0,28.94
IOT,2026-03-05 13:00:00+00:00,29.0,29.06,28.69,28.99,10595.0,118.0,28.943179
IOT,2026-03-05 13:05:00+00:00,28.85,28.85,28.85,28.85,355.0,4.0,28.85
IOT,2026-03-05 13:10:00+00:00,28.98,28.98,28.98,28.98,130.0,2.0,28.98
IOT,2026-03-05 13:20:00+00:00,28.88,28.9,28.88,28.9,1831.0,7.0,28.897864
IOT,2026-03-05 13:25:00+00:00,28.9,28.9,28.9,28.9,549.0,1.0,28.9
IOT,2026-03-05 13:30:00+00:00,29.0,29.0,28.9,28.9,590.0,14.0,28.919685
IOT,2026-03-05 13:35:00+00:00,28.96,29.0068,28.9,29.0068,3402.0,11.0,28.965411
IOT,2026-03-05 13:40:00+00:00,29.0,29.0,28.82,28.82,308.0,17.0,28.898947
IOT,2026-03-05 13:45:00+00:00,28.9,28.9,28.9,28.9,200.0,1.0,28.9
IOT,2026-03-05 13:50:00+00:00,28.94,29.0,28.94,29.0,1515.0,15.0,28.971682
IOT,2026-03-05 13:55:00+00:00,28.81,28.81,28.81,28.81,115.0,5.0,28.81
IOT,2026-03-05 14:00:00+00:00,28.8,28.9,28.7,28.72,5838.0,58.0,28.786061
IOT,2026-03-05 14:05:00+00:00,28.98,29.0,28.79,28.98,2275.0,21.0,28.960468
IOT,2026-03-05 14:10:00+00:00,29.05,29.05,28.95,28.95,8097.0,8.0,29.0
IOT,2026-03-05 14:15:00+00:00,28.81,29.05,28.79,28.95,11861.0,19.0,28.93573
IOT,2026-03-05 14:20:00+00:00,29.0,29.06,28.95,29.05,8140.0,29.0,29.007454
IOT,2026-03-05 14:25:00+00:00,29.2,29.25,29.1,29.1,6703.0,46.0,29.167202
IOT,2026-03-05 14:30:00+00:00,29.05,29.91,28.99,29.91,155583.0,917.0,29.438455
IOT,2026-03-05 14:35:00+00:00,29.9,30.34,29.8,30.23,268535.0,1925.0,30.056869
IOT,2026-03-05 14:40:00+00:00,30.22,30.32,30.13,30.17,212598.0,1315.0,30.232776
IOT,2026-03-05 14:45:00+00:00,30.185,30.185,29.8,29.85,168184.0,1516.0,29.954689
IOT,2026-03-05 14:50:00+00:00,29.89,30.24,29.875,30.215,181429.0,1549.0,30.086788
IOT,2026-03-05 14:55:00+00:00,30.215,30.25,30.06,30.19,116758.0,1251.0,30.175162
IOT,2026-03-05 15:00:00+00:00,30.21,30.33,30.03,30.25,124167.0,1353.0,30.230668
IOT,2026-03-05 15:05:00+00:00,30.265,30.46,30.26,30.29,227848.0,1784.0,30.350907
IOT,2026-03-05 15:10:00+00:00,30.29,30.295,30.07,30.24,174982.0,1416.0,30.162787
IOT,2026-03-05 15:15:00+00:00,30.23,30.295,30.155,30.19,111903.0,1029.0,30.21098
IOT,2026-03-05 15:20:00+00:00,30.17,30.17,29.93,30.01,99177.0,1184.0,29.997998
IOT,2026-03-05 15:25:00+00:00,30.0,30.04,29.87,29.94,77357.0,1055.0,29.93518
IOT,2026-03-05 15:30:00+00:00,29.97,29.99,29.73,29.775,97700.0,1188.0,29.827242
IOT,2026-03-05 15:35:00+00:00,29.76,29.78,29.62,29.65,141925.0,1582.0,29.695709
IOT,2026-03-05 15:40:00+00:00,29.69,29.72,29.46,29.58,83843.0,1283.0,29.584801
IOT,2026-03-05 15:45:00+00:00,29.58,29.69,29.51,29.67,71168.0,904.0,29.632266
IOT,2026-03-05 15:50:00+00:00,29.68,29.8087,29.65,29.69,502841.0,2268.0,29.732079
IOT,2026-03-05 15:55:00+00:00,29.69,29.69,29.49,29.575,57322.0,816.0,29.562868
IOT,2026-03-05 16:00:00+00:00,29.575,29.61,29.525,29.545,54937.0,819.0,29.562036
IOT,2026-03-05 16:05:00+00:00,29.545,29.57,29.31,29.31,124050.0,1112.0,29.471347
IOT,2026-03-05 16:10:00+00:00,29.31,29.3407,29.19,29.22,115856.0,1212.0,29.251895
IOT,2026-03-05 16:15:00+00:00,29.215,29.255,29.02,29.035,139455.0,1535.0,29.146298
IOT,2026-03-05 16:20:00+00:00,29.05,29.21,29.01,29.2,157654.0,1644.0,29.110941
IOT,2026-03-05 16:25:00+00:00,29.19,29.26,29.06,29.08,104472.0,1231.0,29.190502
IOT,2026-03-05 16:30:00+00:00,29.08,29.14,28.96,29.035,200271.0,2288.0,29.044512
IOT,2026-03-05 16:35:00+00:00,29.035,29.19,29.02,29.1482,83485.0,1029.0,29.10994
IOT,2026-03-05 16:40:00+00:00,29.15,29.18,29.085,29.155,72318.0,870.0,29.133303
IOT,2026-03-05 16:45:00+00:00,29.16,29.225,29.1,29.22,86740.0,958.0,29.156047
IOT,2026-03-05 16:50:00+00:00,29.23,29.32,29.23,29.2699,45674.0,706.0,29.274438
IOT,2026-03-05 16:55:00+00:00,29.285,29.43,29.275,29.295,66284.0,793.0,29.325213
IOT,2026-03-05 17:00:00+00:00,29.29,29.53,29.255,29.5286,160963.0,1500.0,29.422479
IOT,2026-03-05 17:05:00+00:00,29.515,29.53,29.425,29.425,120639.0,1008.0,29.477763
IOT,2026-03-05 17:10:00+00:00,29.42,29.51,29.365,29.5,85790.0,851.0,29.44361
IOT,2026-03-05 17:15:00+00:00,29.505,29.505,29.29,29.305,67479.0,679.0,29.372633
IOT,2026-03-05 17:20:00+00:00,29.31,29.31,29.195,29.29,67924.0,851.0,29.254535
IOT,2026-03-05 17:25:00+00:00,29.28,29.35,29.25,29.285,86211.0,866.0,29.293268
IOT,2026-03-05 17:30:00+00:00,29.28,29.34,29.055,29.055,77777.0,948.0,29.183149
IOT,2026-03-05 17:35:00+00:00,29.06,29.12,28.98,29.115,127807.0,1269.0,29.042929
IOT,2026-03-05 17:40:00+00:00,29.11,29.16,28.92,28.95,50322.0,767.0,29.02615
IOT,2026-03-05 17:45:00+00:00,28.94,28.95,28.83,28.92,62597.0,966.0,28.899067
IOT,2026-03-05 17:50:00+00:00,28.915,29.02,28.83,28.88,87365.0,1164.0,28.899117
IOT,2026-03-05 17:55:00+00:00,28.89,28.91,28.8101,28.865,66127.0,930.0,28.848714
IOT,2026-03-05 18:00:00+00:00,28.85,29.0,28.79,28.99,88855.0,1204.0,28.867708
IOT,2026-03-05 18:05:00+00:00,28.99,29.07,28.94,29.07,141711.0,1368.0,28.993144
IOT,2026-03-05 18:10:00+00:00,29.07,29.1,28.96,29.06,96775.0,1135.0,29.039714
IOT,2026-03-05 18:15:00+00:00,29.05,29.08,28.92,28.93,99754.0,1290.0,29.03244
IOT,2026-03-05 18:20:00+00:00,28.92,28.985,28.9,28.98,61476.0,888.0,28.942357
IOT,2026-03-05 18:25:00+00:00,28.9797,29.01,28.89,28.93,112469.0,1193.0,28.959257
IOT,2026-03-05 18:30:00+00:00,28.925,28.94,28.81,28.845,116246.0,1332.0,28.869589
IOT,2026-03-05 18:35:00+00:00,28.84,28.97,28.78,28.965,57825.0,946.0,28.866345
IOT,2026-03-05 18:40:00+00:00,28.975,29.26,28.975,29.21,139158.0,1510.0,29.128184
IOT,2026-03-05 18:45:00+00:00,29.21,29.2499,29.05,29.2499,191950.0,2116.0,29.154778
IOT,2026-03-05 18:50:00+00:00,29.22,29.22,29.01,29.04,149370.0,1660.0,29.093752
IOT,2026-03-05 18:55:00+00:00,29.045,29.115,29.03,29.09,166993.0,1655.0,29.079611
IOT,2026-03-05 19:00:00+00:00,29.09,29.19,29.01,29.12,196751.0,1866.0,29.081695
IOT,2026-03-05 19:05:00+00:00,29.09,29.29,29.09,29.25,329302.0,3118.0,29.196283
IOT,2026-03-05 19:10:00+00:00,29.24,29.35,29.195,29.33,93006.0,1007.0,29.260423
IOT,2026-03-05 19:15:00+00:00,29.32,29.33,29.205,29.25,47999.0,666.0,29.264476
IOT,2026-03-05 19:20:00+00:00,29.25,29.29,29.17,29.175,56064.0,861.0,29.229944
IOT,2026-03-05 19:25:00+00:00,29.185,29.235,29.025,29.09,380733.0,1360.0,29.145129
IOT,2026-03-05 19:30:00+00:00,29.08,29.15,28.97,29.08,130475.0,1634.0,29.084862
IOT,2026-03-05 19:35:00+00:00,29.085,29.25,29.085,29.195,117650.0,1335.0,29.178459
IOT,2026-03-05 19:40:00+00:00,29.19,29.2014,29.03,29.17,255618.0,2269.0,29.115088
IOT,2026-03-05 19:45:00+00:00,29.18,29.405,29.11,29.37,274773.0,2480.0,29.262211
IOT,2026-03-05 19:50:00+00:00,29.37,29.37,29.21,29.26,146812.0,1786.0,29.292735
IOT,2026-03-05 19:55:00+00:00,29.26,29.37,29.24,29.315,206006.0,1783.0,29.292877
IOT,2026-03-05 20:00:00+00:00,29.31,29.35,29.15,29.2,168856.0,1907.0,29.215913
IOT,2026-03-05 20:05:00+00:00,29.2,29.47,29.07,29.46,344285.0,3300.0,29.265414
IOT,2026-03-05 20:10:00+00:00,29.46,29.51,29.35,29.39,310355.0,2702.0,29.416077
IOT,2026-03-05 20:15:00+00:00,29.39,29.42,29.18,29.32,240152.0,2390.0,29.300174
IOT,2026-03-05 20:20:00+00:00,29.31,29.515,29.31,29.5,214670.0,1896.0,29.398379
IOT,2026-03-05 20:25:00+00:00,29.5,29.57,29.46,29.515,195021.0,2153.0,29.511
IOT,2026-03-05 20:30:00+00:00,29.515,29.64,29.495,29.605,392763.0,3726.0,29.58811
IOT,2026-03-05 20:35:00+00:00,29.6,29.7,29.591,29.69,325887.0,2372.0,29.645251
IOT,2026-03-05 20:40:00+00:00,29.68,29.74,29.57,29.7,420946.0,3236.0,29.66519
IOT,2026-03-05 20:45:00+00:00,29.7,29.88,29.64,29.86,355633.0,3582.0,29.748731
IOT,2026-03-05 20:50:00+00:00,29.88,29.925,29.7,29.925,571531.0,4466.0,29.801778
IOT,2026-03-05 20:55:00+00:00,29.92,29.93,29.58,29.58,1630889.0,9962.0,29.804147
IOT,2026-03-05 21:00:00+00:00,29.62,29.9975,29.58,29.72,2124313.0,166.0,29.580382
IOT,2026-03-05 21:05:00+00:00,29.6,30.0,29.59,29.8,23610.0,93.0,29.764303
IOT,2026-03-05 21:10:00+00:00,29.85,33.15,29.85,33.0894,1566077.0,4392.0,32.025374
IOT,2026-03-05 21:15:00+00:00,33.089,34.34,33.05,33.61,548444.0,2371.0,33.704698
IOT,2026-03-05 21:20:00+00:00,33.75,33.99,33.5,33.8,207612.0,1252.0,33.657113
IOT,2026-03-05 21:25:00+00:00,33.92,33.92,33.5,33.5003,194764.0,1080.0,33.583794
IOT,2026-03-05 21:30:00+00:00,33.6,33.82,33.39,33.55,158910.0,787.0,33.564438
IOT,2026-03-05 21:35:00+00:00,33.5,33.71,33.2,33.263,121302.0,749.0,33.408246
IOT,2026-03-05 21:40:00+00:00,33.3,33.57,33.1,33.11,209319.0,731.0,33.272074
IOT,2026-03-05 21:45:00+00:00,33.2,33.35,32.81,32.81,36165.0,247.0,33.053473
IOT,2026-03-05 21:50:00+00:00,32.77,33.2,32.77,33.1,71981.0,244.0,33.033341
IOT,2026-03-05 21:55:00+00:00,33.1,33.1,32.98,32.98,45076.0,208.0,33.047231
IOT,2026-03-05 22:00:00+00:00,32.88,33.0,32.72,32.98,27199.0,193.0,32.898416
IOT,2026-03-05 22:05:00+00:00,32.99,33.1,32.8,32.8,26048.0,148.0,33.002515
IOT,2026-03-05 22:10:00+00:00,32.95,33.0,32.89,32.9994,4714.0,36.0,32.987214
IOT,2026-03-05 22:15:00+00:00,32.9,33.0,32.83,32.89,26481.0,129.0,32.977118
IOT,2026-03-05 22:20:00+00:00,32.9906,33.0,32.8615,33.0,7724.0,71.0,32.967097
IOT,2026-03-05 22:25:00+00:00,33.0,33.0,32.92,32.9513,7459.0,60.0,32.986366
IOT,2026-03-05 22:30:00+00:00,32.9516,33.0,32.85,32.85,3572.0,23.0,32.920669
IOT,2026-03-05 22:35:00+00:00,32.83,32.83,32.83,32.83,267.0,5.0,32.83
IOT,2026-03-05 22:40:00+00:00,32.88,32.95,32.76,32.7866,38855.0,89.0,32.784713
IOT,2026-03-05 22:45:00+00:00,32.83,32.9378,32.8,32.9378,7293.0,25.0,32.873733
IOT,2026-03-05 22:50:00+00:00,32.85,32.9,32.8204,32.8204,5275.0,19.0,32.863123
IOT,2026-03-05 22:55:00+00:00,32.822,32.84,32.82,32.82,3349.0,13.0,32.82776
IOT,2026-03-05 23:00:00+00:00,32.8203,32.9435,32.8203,32.9435,5263.0,37.0,32.856107
IOT,2026-03-05 23:05:00+00:00,32.93,32.95,32.89,32.93,1246.0,25.0,32.92449
IOT,2026-03-05 23:10:00+00:00,32.8761,33.1,32.8761,33.1,5937.0,43.0,32.990109
IOT,2026-03-05 23:15:00+00:00,33.24,33.24,32.9,33.1,891.0,19.0,33.071389
IOT,2026-03-05 23:20:00+00:00,33.0,33.11,33.0,33.05,4113.0,26.0,33.038722
IOT,2026-03-05 23:25:00+00:00,33.11,33.3,33.0059,33.24,9477.0,48.0,33.167259
IOT,2026-03-05 23:30:00+00:00,33.24,33.39,33.1877,33.19,8367.0,111.0,33.293899
IOT,2026-03-05 23:35:00+00:00,33.19,33.2,33.0501,33.11,14899.0,122.0,33.129731
IOT,2026-03-05 23:40:00+00:00,33.1,33.17,33.1,33.17,1862.0,26.0,33.131253
IOT,2026-03-05 23:45:00+00:00,33.16,33.16,33.0,33.0001,7221.0,78.0,33.043343
IOT,2026-03-05 23:50:00+00:00,33.01,33.06,33.01,33.06,458.0,21.0,33.035
IOT,2026-03-06 00:00:00+00:00,33.22,33.22,33.13,33.13,439.0,5.0,33.153622
IOT,2026-03-06 00:05:00+00:00,33.1,33.15,33.05,33.05,3055.0,19.0,33.070683
IOT,2026-03-06 00:10:00+00:00,33.123,33.123,33.05,33.12,471.0,9.0,33.098
IOT,2026-03-06 00:15:00+00:00,33.0899,33.0899,33.0899,33.0899,1000.0,1.0,33.0899
IOT,2026-03-06 00:20:00+00:00,33.1,33.1,33.05,33.05,1281.0,45.0,33.056671
IOT,2026-03-06 00:25:00+00:00,33.0,33.05,32.93,32.963,4940.0,53.0,32.980723
IOT,2026-03-06 00:30:00+00:00,32.9501,32.98,32.83,32.9,3150.0,33.0,32.94358
IOT,2026-03-06 00:35:00+00:00,32.83,32.93,32.83,32.93,1127.0,9.0,32.90009
IOT,2026-03-06 00:40:00+00:00,32.91,32.9525,32.91,32.94,2086.0,17.0,32.938294
IOT,2026-03-06 00:45:00+00:00,32.939,32.9995,32.9,32.9886,3379.0,9.0,32.95628
IOT,2026-03-06 00:50:00+00:00,32.9,33.0,32.87,32.87,1939.0,10.0,32.932046
IOT,2026-03-06 00:55:00+00:00,32.99,33.05,32.99,33.0,4141.0,22.0,33.023151
IOT,2026-03-06 09:00:00+00:00,33.09,33.1,33.09,33.1,456.0,8.0,33.095698
IOT,2026-03-06 09:05:00+00:00,33.02,33.02,33.02,33.02,532.0,27.0,33.02
IOT,2026-03-06 09:10:00+00:00,32.97,33.19,32.97,33.18,1785.0,13.0,33.039875
IOT,2026-03-06 09:15:00+00:00,33.05,33.05,33.05,33.05,610.0,16.0,33.05
IOT,2026-03-06 09:20:00+00:00,33.01,33.01,33.01,33.01,120.0,1.0,33.01
IOT,2026-03-06 09:25:00+00:00,32.85,32.85,32.85,32.85,269.0,5.0,32.85
IOT,2026-03-06 09:30:00+00:00,32.68,32.68,32.2,32.2,6846.0,37.0,32.42769
IOT,2026-03-06 09:35:00+00:00,32.19,32.2,32.18,32.2,2435.0,22.0,32.198606
IOT,2026-03-06 09:45:00+00:00,32.44,32.48,32.44,32.48,610.0,17.0,32.46
IOT,2026-03-06 09:50:00+00:00,32.44,32.44,32.44,32.44,483.0,8.0,32.44
IOT,2026-03-06 09:55:00+00:00,32.3,32.3,32.3,32.3,610.0,5.0,32.3
IOT,2026-03-06 10:00:00+00:00,32.32,32.32,32.32,32.32,229.0,6.0,32.32
IOT,2026-03-06 10:05:00+00:00,32.32,32.32,32.31,32.32,1445.0,20.0,32.317253
IOT,2026-03-06 10:15:00+00:00,32.59,32.59,32.59,32.59,310.0,10.0,32.59
IOT,2026-03-06 10:25:00+00:00,32.76,32.76,32.76,32.76,305.0,3.0,32.76
IOT,2026-03-06 10:30:00+00:00,32.76,33.1,32.75,32.95,6676.0,73.0,32.991981
IOT,2026-03-06 10:40:00+00:00,33.0,33.25,33.0,33.14,3805.0,45.0,33.167142
IOT,2026-03-06 10:45:00+00:00,33.0,33.0,33.0,33.0,1162.0,16.0,33.0
IOT,2026-03-06 11:00:00+00:00,33.0,33.0,33.0,33.0,101.0,2.0,33.0
IOT,2026-03-06 11:30:00+00:00,33.0,33.0,33.0,33.0,300.0,2.0,33.0
IOT,2026-03-06 11:40:00+00:00,33.0,33.07,33.0,33.07,4441.0,68.0,33.003818
IOT,2026-03-06 11:45:00+00:00,33.15,33.15,33.15,33.15,192.0,5.0,33.15
IOT,2026-03-06 11:50:00+00:00,33.24,33.25,33.13,33.13,5212.0,43.0,33.231377
IOT,2026-03-06 11:55:00+00:00,33.07,33.07,33.0,33.0,803.0,18.0,33.046091
IOT,2026-03-06 12:00:00+00:00,32.85,32.85,32.85,32.85,522.0,17.0,32.85
IOT,2026-03-06 12:05:00+00:00,32.75,32.78,32.61,32.61,9416.0,78.0,32.700555
IOT,2026-03-06 12:20:00+00:00,32.94,32.94,32.94,32.94,329.0,5.0,32.94
IOT,2026-03-06 12:25:00+00:00,32.97,32.99,32.97,32.99,1030.0,13.0,32.979506
IOT,2026-03-06 12:30:00+00:00,32.83,32.83,32.83,32.83,221.0,10.0,32.83
IOT,2026-03-06 12:35:00+00:00,32.77,32.77,32.61,32.65,3504.0,64.0,32.703334
IOT,2026-03-06 12:40:00+00:00,32.64,32.64,32.62,32.62,1450.0,43.0,32.636283
IOT,2026-03-06 12:45:00+00:00,32.69,33.0,32.67,32.68,12324.0,111.0,32.843647
IOT,2026-03-06 12:50:00+00:00,32.81,32.87,32.81,32.87,800.0,7.0,32.832422
IOT,2026-03-06 12:55:00+00:00,32.74,32.74,32.64,32.64,3040.0,42.0,32.673001
IOT,2026-03-06 13:00:00+00:00,33.24,33.57,32.12,32.75,25232.0,383.0,32.911169
IOT,2026-03-06 13:05:00+00:00,32.7251,32.7251,32.41,32.41,9992.0,177.0,32.559262
IOT,2026-03-06 13:10:00+00:00,32.41,32.55,32.41,32.52,2129.0,46.0,32.494579
IOT,2026-03-06 13:15:00+00:00,32.5,32.73,32.43,32.73,18135.0,108.0,32.614744
IOT,2026-03-06 13:20:00+00:00,32.52,32.69,32.5023,32.69,13152.0,113.0,32.541973
IOT,2026-03-06 13:25:00+00:00,32.6831,32.94,32.68,32.94,12359.0,123.0,32.778251
IOT,2026-03-06 13:30:00+00:00,32.85,32.85,32.26,32.26,11151.0,184.0,32.536699
IOT,2026-03-06 13:35:00+00:00,32.5,32.81,32.4,32.5,21232.0,211.0,32.686744
IOT,2026-03-06 13:40:00+00:00,32.37,32.5,32.29,32.29,7831.0,137.0,32.330248
IOT,2026-03-06 13:45:00+00:00,32.48,32.49,32.02,32.172,23580.0,355.0,32.174377
IOT,2026-03-06 13:50:00+00:00,32.22,32.34,32.13,32.13,9094.0,109.0,32.228437
IOT,2026-03-06 13:55:00+00:00,32.03,32.2,31.9,32.07,9637.0,108.0,32.008096
IOT,2026-03-06 14:00:00+00:00,32.045,32.18,31.88,32.04,31748.0,318.0,32.011634
IOT,2026-03-06 14:05:00+00:00,32.0,32.06,31.7,31.75,12974.0,173.0,31.819259
IOT,2026-03-06 14:10:00+00:00,31.7816,31.85,31.39,31.85,99781.0,769.0,31.523687
IOT,2026-03-06 14:15:00+00:00,31.9,32.02,31.2,31.63,68276.0,727.0,31.683522
IOT,2026-03-06 14:20:00+00:00,31.61,31.8,31.33,31.6,53682.0,431.0,31.504151
IOT,2026-03-06 14:25:00+00:00,31.61,32.28,31.5551,32.28,115092.0,929.0,31.886959
IOT,2026-03-06 14:30:00+00:00,32.19,32.6,31.42,32.27,1649711.0,9438.0,32.269326
IOT,2026-03-06 14:35:00+00:00,32.29,33.39,32.18,33.319,736795.0,6129.0,32.903726
IOT,2026-03-06 14:40:00+00:00,33.325,33.56,33.03,33.3336,744624.0,5927.0,33.329718
IOT,2026-03-06 14:45:00+00:00,33.29,33.6384,33.06,33.6384,491071.0,4868.0,33.343426
IOT,2026-03-06 14:50:00+00:00,33.64,34.29,33.54,33.77,849183.0,7195.0,33.945387
IOT,2026-03-06 14:55:00+00:00,33.74,34.2,33.7095,34.12,672722.0,6184.0,33.990242
IOT,2026-03-06 15:00:00+00:00,34.09,34.39,34.0717,34.38,630934.0,5356.0,34.280976
IOT,2026-03-06 15:05:00+00:00,34.37,34.41,34.12,34.22,600515.0,5783.0,34.275692
IOT,2026-03-06 15:10:00+00:00,34.23,34.26,33.89,34.075,452384.0,4826.0,34.044149
IOT,2026-03-06 15:15:00+00:00,34.08,34.13,33.62,33.92,915688.0,6725.0,33.896127
IOT,2026-03-06 15:20:00+00:00,33.92,34.3,33.92,34.095,638456.0,5391.0,34.125264
IOT,2026-03-06 15:25:00+00:00,34.11,34.3,34.06,34.1875,436541.0,3474.0,34.170337
IOT,2026-03-06 15:30:00+00:00,34.1901,34.3,34.01,34.145,283484.0,2771.0,34.116328
IOT,2026-03-06 15:35:00+00:00,34.15,34.67,34.0,34.5032,458493.0,3882.0,34.402514
IOT,2026-03-06 15:40:00+00:00,34.51,34.7,34.4,34.63,376777.0,2747.0,34.565449
IOT,2026-03-06 15:45:00+00:00,34.635,34.94,34.6,34.7814,636400.0,4096.0,34.774594
IOT,2026-03-06 15:50:00+00:00,34.785,34.785,34.38,34.47,390813.0,3602.0,34.52206
IOT,2026-03-06 15:55:00+00:00,34.48,34.855,34.45,34.855,320880.0,2748.0,34.679261
IOT,2026-03-06 16:00:00+00:00,34.84,35.01,34.78,34.82,460232.0,3530.0,34.911955
IOT,2026-03-06 16:05:00+00:00,34.8101,34.83,34.49,34.49,490608.0,3610.0,34.691788
IOT,2026-03-06 16:10:00+00:00,34.485,34.6,34.4,34.44,321744.0,2698.0,34.490998
IOT,2026-03-06 16:15:00+00:00,34.43,34.61,34.273,34.38,335008.0,3159.0,34.452976
IOT,2026-03-06 16:20:00+00:00,34.375,34.54,34.26,34.508,641242.0,3331.0,34.376027
IOT,2026-03-06 16:25:00+00:00,34.5,34.76,34.49,34.73,355857.0,3434.0,34.586893
IOT,2026-03-06 16:30:00+00:00,34.72,34.72,34.49,34.55,231489.0,2348.0,34.632867
IOT,2026-03-06 16:35:00+00:00,34.5321,34.79,34.53,34.67,392672.0,2676.0,34.690828
IOT,2026-03-06 16:40:00+00:00,34.68,34.71,34.56,34.59,190174.0,2290.0,34.627682
IOT,2026-03-06 16:45:00+00:00,34.6,34.6899,34.41,34.5,210994.0,2188.0,34.5177
IOT,2026-03-06 16:50:00+00:00,34.5,34.5252,34.22,34.2675,235658.0,2786.0,34.315229
IOT,2026-03-06 16:55:00+00:00,34.26,34.57,34.25,34.54,253526.0,2328.0,34.427182
IOT,2026-03-06 17:00:00+00:00,34.54,34.5599,34.2,34.215,1762381.0,2019.0,34.352042
IOT,2026-03-06 17:05:00+00:00,34.2005,34.2005,33.94,34.05,223416.0,1973.0,34.038861
IOT,2026-03-06 17:10:00+00:00,34.04,34.21,34.01,34.1,158264.0,1636.0,34.107535
IOT,2026-03-06 17:15:00+00:00,34.11,34.24,34.0,34.09,245653.0,1757.0,34.076065
IOT,2026-03-06 17:20:00+00:00,34.085,34.335,34.05,34.2837,151199.0,1353.0,34.154856
IOT,2026-03-06 17:25:00+00:00,34.2879,34.33,34.1901,34.2536,145309.0,1345.0,34.259084
IOT,2026-03-06 17:30:00+00:00,34.24,34.295,34.05,34.29,167282.0,1603.0,34.159301
IOT,2026-03-06 17:35:00+00:00,34.28,34.5,34.2012,34.3801,183183.0,1749.0,34.347844
IOT,2026-03-06 17:40:00+00:00,34.4,34.44,34.2701,34.39,131059.0,1462.0,34.36354
IOT,2026-03-06 17:45:00+00:00,34.385,34.57,34.385,34.53,201714.0,1153.0,34.513544
IOT,2026-03-06 17:50:00+00:00,34.56,34.63,34.43,34.43,150114.0,1634.0,34.523207
IOT,2026-03-06 17:55:00+00:00,34.43,34.56,34.4227,34.52,165289.0,1390.0,34.496003
IOT,2026-03-06 18:00:00+00:00,34.47,34.79,34.45,34.66,201986.0,1661.0,34.663917
IOT,2026-03-06 18:05:00+00:00,34.65,34.72,34.57,34.71,100937.0,1172.0,34.633916
IOT,2026-03-06 18:10:00+00:00,34.7,34.71,34.42,34.69,149378.0,1538.0,34.573086
IOT,2026-03-06 18:15:00+00:00,34.68,34.76,34.59,34.73,119963.0,1175.0,34.692738
IOT,2026-03-06 18:20:00+00:00,34.73,34.73,34.49,34.55,195116.0,2135.0,34.584451
IOT,2026-03-06 18:25:00+00:00,34.565,34.65,34.47,34.4995,94186.0,1284.0,34.54859
IOT,2026-03-06 18:30:00+00:00,34.5,34.57,34.44,34.455,129558.0,1469.0,34.485038
IOT,2026-03-06 18:35:00+00:00,34.45,34.52,34.36,34.42,152365.0,1598.0,34.446155
IOT,2026-03-06 18:40:00+00:00,34.42,34.49,34.36,34.48,82265.0,1075.0,34.425849
IOT,2026-03-06 18:45:00+00:00,34.49,34.53,34.38,34.485,106082.0,1439.0,34.470166
IOT,2026-03-06 18:50:00+00:00,34.5,34.7,34.48,34.51,121662.0,1520.0,34.572351
IOT,2026-03-06 18:55:00+00:00,34.52,34.55,34.4,34.4,220429.0,2100.0,34.478918
IOT,2026-03-06 19:00:00+00:00,34.38,34.64,34.36,34.555,192028.0,1902.0,34.503983
IOT,2026-03-06 19:05:00+00:00,34.55,34.7676,34.55,34.73,131580.0,1429.0,34.67637
IOT,2026-03-06 19:10:00+00:00,34.73,34.88,34.72,34.8694,316546.0,2130.0,34.80487
IOT,2026-03-06 19:15:00+00:00,34.85,35.0,34.76,34.79,304653.0,2559.0,34.906891
IOT,2026-03-06 19:20:00+00:00,34.78,34.95,34.78,34.92,117909.0,1343.0,34.888332
IOT,2026-03-06 19:25:00+00:00,34.9294,34.97,34.9,34.9,155160.0,1442.0,34.92858
IOT,2026-03-06 19:30:00+00:00,34.91,34.97,34.8,34.85,141794.0,1329.0,34.897198
IOT,2026-03-06 19:35:00+00:00,34.85,35.08,34.81,34.97,380257.0,3333.0,34.984368
IOT,2026-03-06 19:40:00+00:00,34.97,35.17,34.95,35.04,197481.0,1802.0,35.074476
IOT,2026-03-06 19:45:00+00:00,35.0367,35.12,34.96,35.08,194009.0,2047.0,35.027275
IOT,2026-03-06 19:50:00+00:00,35.09,35.16,35.0,35.12,224666.0,1794.0,35.079557
IOT,2026-03-06 19:55:00+00:00,35.12,35.2192,35.08,35.16,204694.0,2068.0,35.132905
IOT,2026-03-06 20:00:00+00:00,35.16,35.2,35.08,35.09,181751.0,1802.0,35.130617
IOT,2026-03-06 20:05:00+00:00,35.0878,35.25,35.0878,35.17,199422.0,2088.0,35.194677
IOT,2026-03-06 20:10:00+00:00,35.17,35.17,34.75,34.765,260875.0,2788.0,34.923322
IOT,2026-03-06 20:15:00+00:00,34.765,34.79,34.66,34.745,151960.0,1666.0,34.726869
IOT,2026-03-06 20:20:00+00:00,34.73,34.74,34.29,34.38,320434.0,2823.0,34.565092
IOT,2026-03-06 20:25:00+00:00,34.37,34.61,34.34,34.61,225509.0,2539.0,34.410791
IOT,2026-03-06 20:30:00+00:00,34.5808,34.86,34.55,34.83,316978.0,3608.0,34.664397
IOT,2026-03-06 20:35:00+00:00,34.83,34.875,34.66,34.83,399683.0,4055.0,34.756933
IOT,2026-03-06 20:40:00+00:00,34.84,35.18,34.84,35.06,668801.0,5593.0,35.064009
IOT,2026-03-06 20:45:00+00:00,35.06,35.3,35.02,35.2795,597933.0,5513.0,35.170492
IOT,2026-03-06 20:50:00+00:00,35.28,35.35,34.8507,35.125,1013951.0,8867.0,35.042667
IOT,2026-03-06 20:55:00+00:00,35.12,35.555,34.79,35.37,3054455.0,22549.0,35.264097
IOT,2026-03-06 21:00:00+00:00,35.36,35.39,34.8809,35.04,1989395.0,171.0,35.358973
IOT,2026-03-06 21:05:00+00:00,34.8853,35.14,34.88,35.14,32786.0,24.0,35.028071
IOT,2026-03-06 21:10:00+00:00,35.05,35.18,34.897,35.18,4969.0,16.0,35.000169
IOT,2026-03-06 21:15:00+00:00,35.1816,35.35,35.0312,35.2,3204.0,32.0,35.213678
IOT,2026-03-06 21:20:00+00:00,35.044,35.49,35.044,35.49,540.0,6.0,35.197764
IOT,2026-03-06 21:25:00+00:00,35.1,35.1,35.1,35.1,500.0,4.0,35.1
IOT,2026-03-06 21:35:00+00:00,35.2,35.2,35.2,35.2,216.0,2.0,35.2
IOT,2026-03-06 21:40:00+00:00,35.25,35.33,35.25,35.33,610.0,4.0,35.277467
IOT,2026-03-06 21:45:00+00:00,35.2,35.2,35.2,35.2,500.0,4.0,35.2
IOT,2026-03-06 21:50:00+00:00,35.28,35.29,35.28,35.29,200.0,2.0,35.285
IOT,2026-03-06 22:00:00+00:00,35.21,35.21,35.02,35.02,1380.0,28.0,35.120909
IOT,2026-03-06 22:05:00+00:00,35.1,35.1893,35.1,35.1893,2267.0,8.0,35.166536
IOT,2026-03-06 22:10:00+00:00,35.02,35.18,35.02,35.1,667.0,11.0,35.108889
IOT,2026-03-06 22:15:00+00:00,35.18,35.18,35.05,35.05,1028.0,11.0,35.136288
IOT,2026-03-06 22:20:00+00:00,35.18,35.18,35.18,35.18,449.0,3.0,35.18
IOT,2026-03-06 22:25:00+00:00,35.06,35.1,35.06,35.096,302.0,4.0,35.085333
IOT,2026-03-06 22:35:00+00:00,35.11,35.11,35.11,35.11,1685.0,8.0,35.11
IOT,2026-03-06 22:50:00+00:00,35.12,35.12,35.12,35.12,100.0,1.0,35.12
IOT,2026-03-06 22:55:00+00:00,35.1,35.13,35.1,35.13,305.0,4.0,35.112
IOT,2026-03-06 23:05:00+00:00,35.24,35.24,35.24,35.24,382.0,8.0,35.24
IOT,2026-03-06 23:10:00+00:00,35.1032,35.1032,35.1032,35.1032,500.0,1.0,35.1032
IOT,2026-03-06 23:15:00+00:00,35.22,35.24,35.22,35.24,600.0,11.0,35.23
IOT,2026-03-06 23:25:00+00:00,35.2481,35.2497,35.2481,35.2497,3176.0,11.0,35.248273
IOT,2026-03-06 23:30:00+00:00,35.16,35.16,35.15,35.15,6010.0,19.0,35.150391
IOT,2026-03-06 23:45:00+00:00,35.1,35.1,35.1,35.1,1250.0,1.0,35.1
IOT,2026-03-06 23:55:00+00:00,35.1,35.1,35.1,35.1,157.0,3.0,35.1
IOT,2026-03-07 00:05:00+00:00,35.1,35.1,35.1,35.1,200.0,2.0,35.1
IOT,2026-03-07 00:10:00+00:00,35.16,35.16,35.16,35.16,100.0,1.0,35.16
IOT,2026-03-07 00:15:00+00:00,35.02,35.02,35.02,35.02,240.0,4.0,35.02
IOT,2026-03-07 00:30:00+00:00,35.03,35.03,35.03,35.03,336.0,8.0,35.03
IOT,2026-03-07 00:45:00+00:00,35.2484,35.2484,35.1114,35.1114,4100.0,9.0,35.244984
IOT,2026-03-07 00:55:00+00:00,35.111,35.111,35.111,35.111,1294.0,2.0,35.111
IOT,2026-03-09 08:00:00+00:00,34.15,34.21,33.9,33.99,3242.0,45.0,33.97448
IOT,2026-03-09 08:05:00+00:00,33.88,33.88,33.88,33.88,277.0,12.0,33.88
IOT,2026-03-09 08:10:00+00:00,34.0,34.09,34.0,34.09,1215.0,23.0,34.033396
IOT,2026-03-09 08:45:00+00:00,34.22,34.22,34.22,34.22,165.0,1.0,34.22
IOT,2026-03-09 09:30:00+00:00,34.31,34.31,34.25,34.25,2000.0,6.0,34.296978
IOT,2026-03-09 09:35:00+00:00,34.37,34.37,34.37,34.37,150.0,1.0,34.37
IOT,2026-03-09 10:25:00+00:00,34.77,34.77,34.76,34.76,667.0,3.0,34.765997
IOT,2026-03-09 10:40:00+00:00,34.65,34.65,34.65,34.65,282.0,4.0,34.65
IOT,2026-03-09 10:50:00+00:00,34.65,34.66,34.51,34.66,2000.0,8.0,34.596779
IOT,2026-03-09 11:00:00+00:00,34.56,34.69,34.56,34.69,403.0,7.0,34.646667
IOT,2026-03-09 11:05:00+00:00,34.66,34.77,34.66,34.77,1303.0,12.0,34.731002
IOT,2026-03-09 11:10:00+00:00,34.67,34.67,34.66,34.66,455.0,5.0,34.663017
IOT,2026-03-09 11:15:00+00:00,34.63,34.64,34.6,34.6,2095.0,21.0,34.609707
IOT,2026-03-09 11:20:00+00:00,34.54,34.54,34.53,34.53,699.0,6.0,34.533828
IOT,2026-03-09 11:25:00+00:00,34.55,34.55,34.54,34.54,362.0,9.0,34.544405
IOT,2026-03-09 11:40:00+00:00,34.59,34.59,34.59,34.59,222.0,7.0,34.59
IOT,2026-03-09 11:45:00+00:00,34.6,34.6,34.6,34.6,815.0,4.0,34.6
IOT,2026-03-09 11:50:00+00:00,34.52,34.52,34.52,34.52,324.0,2.0,34.52
IOT,2026-03-09 11:55:00+00:00,34.75,34.8,34.75,34.8,1180.0,14.0,34.767857
IOT,2026-03-09 12:00:00+00:00,34.5299,34.98,33.87,34.19,12585.0,240.0,34.315788
IOT,2026-03-09 12:05:00+00:00,34.5312,34.71,34.53,34.53,1442.0,24.0,34.574108
IOT,2026-03-09 12:10:00+00:00,34.55,34.75,34.5301,34.5682,6811.0,47.0,34.705254
IOT,2026-03-09 12:20:00+00:00,34.66,34.75,34.66,34.75,1131.0,6.0,34.700139
IOT,2026-03-09 12:30:00+00:00,34.67,34.68,34.67,34.68,423.0,5.0,34.675
IOT,2026-03-09 12:50:00+00:00,34.5441,34.5441,34.5441,34.5441,221.0,2.0,34.5441
IOT,2026-03-09 12:55:00+00:00,34.54,34.55,34.54,34.55,454.0,5.0,34.54591
IOT,2026-03-09 13:00:00+00:00,34.61,34.72,34.55,34.72,634.0,8.0,34.622237
IOT,2026-03-09 13:05:00+00:00,34.52,34.52,34.5,34.5,3556.0,18.0,34.503586
IOT,2026-03-09 13:10:00+00:00,34.49,34.49,34.13,34.13,6147.0,51.0,34.445509
IOT,2026-03-09 13:15:00+00:00,34.11,34.55,34.108,34.53,13145.0,18.0,34.140846
IOT,2026-03-09 13:20:00+00:00,34.15,34.72,34.15,34.66,6448.0,53.0,34.514502
IOT,2026-03-09 13:25:00+00:00,34.8,35.1062,34.72,35.1,3055.0,47.0,34.985918
IOT,2026-03-09 13:30:00+00:00,35.2,35.55,34.05,34.23,389940.0,2168.0,34.999283
IOT,2026-03-09 13:35:00+00:00,34.21,34.51,34.12,34.49,309783.0,1715.0,34.292337
IOT,2026-03-09 13:40:00+00:00,34.47,34.57,34.11,34.445,169977.0,1778.0,34.373809
IOT,2026-03-09 13:45:00+00:00,34.4,34.57,34.21,34.49,118226.0,1326.0,34.425756
IOT,2026-03-09 13:50:00+00:00,34.46,34.63,34.25,34.33,115947.0,1307.0,34.479102
IOT,2026-03-09 13:55:00+00:00,34.33,34.48,34.22,34.245,120929.0,1211.0,34.320377
IOT,2026-03-09 14:00:00+00:00,34.22,34.63,34.16,34.57,177705.0,1915.0,34.366699
IOT,2026-03-09 14:05:00+00:00,34.59,35.18,34.59,35.12,123356.0,1592.0,34.872008
IOT,2026-03-09 14:10:00+00:00,35.12,35.12,34.44,34.62,118545.0,1497.0,34.665845
IOT,2026-03-09 14:15:00+00:00,34.67,34.74,34.46,34.59,75746.0,1053.0,34.6202
IOT,2026-03-09 14:20:00+00:00,34.64,34.64,34.25,34.33,174152.0,1477.0,34.403579
IOT,2026-03-09 14:25:00+00:00,34.36,34.48,34.21,34.445,151007.0,1397.0,34.3913
IOT,2026-03-09 14:30:00+00:00,34.49,34.59,34.41,34.58,121173.0,1476.0,34.506274
IOT,2026-03-09 14:35:00+00:00,34.58,34.68,34.4467,34.62,116418.0,1491.0,34.585324
IOT,2026-03-09 14:40:00+00:00,34.61,34.83,34.52,34.83,71901.0,990.0,34.634488
IOT,2026-03-09 14:45:00+00:00,34.8,34.87,34.66,34.74,89887.0,1447.0,34.761309
IOT,2026-03-09 14:50:00+00:00,34.75,35.06,34.75,34.985,107766.0,1264.0,34.950105
IOT,2026-03-09 14:55:00+00:00,34.97,34.985,34.765,34.8679,62796.0,1025.0,34.878409
IOT,2026-03-09 15:00:00+00:00,34.865,35.005,34.81,34.885,101048.0,1307.0,34.896735
IOT,2026-03-09 15:05:00+00:00,34.89,34.91,34.5,34.555,137978.0,1787.0,34.688745
IOT,2026-03-09 15:10:00+00:00,34.555,34.715,34.54,34.6744,65742.0,1089.0,34.609709
IOT,2026-03-09 15:15:00+00:00,34.675,34.77,34.5,34.695,131589.0,1730.0,34.627998
IOT,2026-03-09 15:20:00+00:00,34.69,34.78,34.655,34.735,105868.0,1407.0,34.70682
IOT,2026-03-09 15:25:00+00:00,34.72,34.75,34.55,34.73,194067.0,1958.0,34.636553
IOT,2026-03-09 15:30:00+00:00,34.71,34.91,34.68,34.88,155230.0,1388.0,34.769576
IOT,2026-03-09 15:35:00+00:00,34.88,34.88,34.42,34.465,1329129.0,1914.0,34.607038
IOT,2026-03-09 15:40:00+00:00,34.48,34.8,34.48,34.665,80475.0,1199.0,34.680733
IOT,2026-03-09 15:45:00+00:00,34.665,34.73,34.471,34.71,105736.0,1609.0,34.640048
IOT,2026-03-09 15:50:00+00:00,34.71,34.85,34.71,34.805,50459.0,823.0,34.788134
IOT,2026-03-09 15:55:00+00:00,34.82,34.89,34.67,34.77,86329.0,1393.0,34.762418
IOT,2026-03-09 16:00:00+00:00,34.7678,34.92,34.7678,34.88,77632.0,1181.0,34.83163
IOT,2026-03-09 16:05:00+00:00,34.88,34.935,34.775,34.83,57092.0,882.0,34.835245
IOT,2026-03-09 16:10:00+00:00,34.83,34.92,34.77,34.795,61214.0,721.0,34.869723
IOT,2026-03-09 16:15:00+00:00,34.77,34.8,34.68,34.71,40201.0,727.0,34.721214
IOT,2026-03-09 16:20:00+00:00,34.74,34.8,34.57,34.575,92406.0,1365.0,34.697049
IOT,2026-03-09 16:25:00+00:00,34.575,34.65,34.5,34.55,188525.0,2215.0,34.572316
IOT,2026-03-09 16:30:00+00:00,34.55,34.55,34.385,34.44,76604.0,1202.0,34.436931
IOT,2026-03-09 16:35:00+00:00,34.44,34.47,34.26,34.34,87696.0,1131.0,34.350761
IOT,2026-03-09 16:40:00+00:00,34.34,34.46,34.335,34.445,67638.0,914.0,34.384898
IOT,2026-03-09 16:45:00+00:00,34.445,34.66,34.445,34.52,229506.0,2009.0,34.559359
IOT,2026-03-09 16:50:00+00:00,34.52,34.68,34.44,34.57,111385.0,1340.0,34.541866
IOT,2026-03-09 16:55:00+00:00,34.56,34.82,34.55,34.79,140231.0,1376.0,34.714869
IOT,2026-03-09 17:00:00+00:00,34.77,34.805,34.5,34.555,124033.0,1987.0,34.669031
IOT,2026-03-09 17:05:00+00:00,34.56,34.73,34.55,34.64,143356.0,1753.0,34.630551
IOT,2026-03-09 17:10:00+00:00,34.63,34.63,34.41,34.45,124258.0,1714.0,34.496721
IOT,2026-03-09 17:15:00+00:00,34.45,34.5,34.34,34.45,232664.0,2387.0,34.410128
IOT,2026-03-09 17:20:00+00:00,34.44,34.56,34.4,34.505,194582.0,2466.0,34.480923
IOT,2026-03-09 17:25:00+00:00,34.5,34.56,34.41,34.51,182314.0,2377.0,34.487819
IOT,2026-03-09 17:30:00+00:00,34.505,34.53,34.085,34.145,252341.0,2747.0,34.279648
IOT,2026-03-09 17:35:00+00:00,34.16,34.2682,34.125,34.215,171381.0,1793.0,34.211352
IOT,2026-03-09 17:40:00+00:00,34.21,34.28,34.15,34.175,104342.0,1328.0,34.206558
IOT,2026-03-09 17:45:00+00:00,34.17,34.43,34.15,34.3,217810.0,1967.0,34.305714
IOT,2026-03-09 17:50:00+00:00,34.29,34.5,34.29,34.5,68448.0,1079.0,34.423146
IOT,2026-03-09 17:55:00+00:00,34.49,34.525,34.415,34.45,70969.0,1173.0,34.483084
IOT,2026-03-09 18:00:00+00:00,34.45,34.515,34.445,34.445,67960.0,1075.0,34.480345
IOT,2026-03-09 18:05:00+00:00,34.445,34.52,34.43,34.45,85572.0,1387.0,34.470031
IOT,2026-03-09 18:10:00+00:00,34.46,34.54,34.37,34.385,121715.0,1583.0,34.434336
IOT,2026-03-09 18:15:00+00:00,34.385,34.385,34.17,34.34,348043.0,2288.0,34.315372
IOT,2026-03-09 18:20:00+00:00,34.32,34.34,34.0307,34.08,193665.0,2037.0,34.181642
IOT,2026-03-09 18:25:00+00:00,34.05,34.125,33.905,33.92,96979.0,1265.0,34.008679
IOT,2026-03-09 18:30:00+00:00,33.9,33.95,33.875,33.93,91611.0,1281.0,33.911975
IOT,2026-03-09 18:35:00+00:00,33.91,34.28,33.89,34.22,100106.0,1242.0,34.106953
IOT,2026-03-09 18:40:00+00:00,34.22,34.27,34.16,34.17,86647.0,1092.0,34.220681
IOT,2026-03-09 18:45:00+00:00,34.15,34.15,34.05,34.075,62734.0,903.0,34.080631
IOT,2026-03-09 18:50:00+00:00,34.07,34.14,33.99,33.99,121340.0,1546.0,34.068145
IOT,2026-03-09 18:55:00+00:00,33.98,34.05,33.94,34.04,278468.0,1629.0,33.995034
IOT,2026-03-09 19:00:00+00:00,34.05,34.08,33.93,33.9925,136498.0,1816.0,34.003755
IOT,2026-03-09 19:05:00+00:00,33.93,33.965,33.65,33.73,232839.0,2629.0,33.801613
IOT,2026-03-09 19:10:00+00:00,33.73,33.825,33.71,33.82,145157.0,1691.0,33.750534
IOT,2026-03-09 19:15:00+00:00,33.82,33.855,33.68,33.835,148631.0,1776.0,33.746713
IOT,2026-03-09 19:20:00+00:00,33.83,33.96,33.81,33.96,268439.0,2840.0,33.866469
IOT,2026-03-09 19:25:00+00:00,33.97,34.32,33.9,34.24,217345.0,2165.0,34.150499
IOT,2026-03-09 19:30:00+00:00,34.23,34.505,34.21,34.455,232233.0,2134.0,34.403627
IOT,2026-03-09 19:35:00+00:00,34.45,34.45,34.185,34.22,237494.0,2544.0,34.270977
IOT,2026-03-09 19:40:00+00:00,34.225,34.23,34.14,34.17,155518.0,1919.0,34.190727
IOT,2026-03-09 19:45:00+00:00,34.165,34.3,34.095,34.22,232347.0,2685.0,34.204855
IOT,2026-03-09 19:50:00+00:00,34.2,34.24,33.945,33.96,433892.0,4544.0,34.080529
IOT,2026-03-09 19:55:00+00:00,33.97,34.2,33.95,34.2,1499301.0,12727.0,34.049317
IOT,2026-03-09 20:00:00+00:00,34.16,34.17,34.15,34.15,1544600.0,88.0,34.16
IOT,2026-03-09 20:05:00+00:00,34.0158,34.0158,33.99,33.99,400.0,2.0,34.0029
IOT,2026-03-09 20:10:00+00:00,34.18,34.18,34.17,34.17,700.0,4.0,34.171667
IOT,2026-03-09 20:15:00+00:00,34.18,34.18,34.16,34.16,837.0,9.0,34.166172
IOT,2026-03-09 20:20:00+00:00,34.16,34.5,34.16,34.5,3053.0,7.0,34.202095
IOT,2026-03-09 20:30:00+00:00,34.07,34.08,34.07,34.08,210.0,4.0,34.075
IOT,2026-03-09 20:45:00+00:00,34.09,34.09,34.09,34.09,250.0,2.0,34.09
IOT,2026-03-09 20:50:00+00:00,34.1284,34.1284,34.1284,34.1284,250.0,1.0,34.1284
IOT,2026-03-09 20:55:00+00:00,34.13,34.13,34.13,34.13,101.0,2.0,34.13
IOT,2026-03-09 21:20:00+00:00,34.0151,34.0151,33.98,33.98,943.0,3.0,34.006642
IOT,2026-03-09 22:05:00+00:00,34.13,34.13,34.13,34.13,270.0,4.0,34.13
IOT,2026-03-09 22:15:00+00:00,34.08,34.08,34.08,34.08,695.0,4.0,34.08
IOT,2026-03-09 22:30:00+00:00,34.0,34.0,34.0,34.0,415.0,6.0,34.0
IOT,2026-03-09 23:05:00+00:00,34.01,34.01,34.01,34.01,100.0,1.0,34.01
IOT,2026-03-09 23:40:00+00:00,34.01,34.01,34.01,34.01,103.0,1.0,34.01
IOT,2026-03-10 11:00:00+00:00,34.3,34.31,34.3,34.31,320.0,5.0,34.305455
IOT,2026-03-10 11:05:00+00:00,34.13,34.14,34.13,34.14,1332.0,73.0,34.137128
IOT,2026-03-10 11:15:00+00:00,34.09,34.14,34.09,34.14,330.0,3.0,34.122165
IOT,2026-03-10 11:30:00+00:00,34.12,34.12,34.12,34.12,200.0,1.0,34.12
IOT,2026-03-10 11:55:00+00:00,34.0,34.08,34.0,34.08,1377.0,20.0,34.029175
IOT,2026-03-10 12:00:00+00:00,34.326,34.55,34.18,34.4,3726.0,46.0,34.37539
IOT,2026-03-10 12:05:00+00:00,33.96,33.96,33.8825,33.8825,326.0,3.0,33.923723
IOT,2026-03-10 12:10:00+00:00,33.93,33.93,33.88,33.88,1498.0,27.0,33.910978
IOT,2026-03-10 12:40:00+00:00,33.94,34.2,33.9,34.2,2229.0,22.0,33.968803
IOT,2026-03-10 13:10:00+00:00,34.14,34.22,34.14,34.22,3691.0,17.0,34.202381
IOT,2026-03-10 13:15:00+00:00,34.2256,34.2256,34.2,34.2,2303.0,8.0,34.203469
IOT,2026-03-10 13:25:00+00:00,34.22,34.25,34.22,34.25,410.0,6.0,34.228902
IOT,2026-03-10 13:30:00+00:00,34.11,34.5,33.78,34.075,259423.0,1603.0,34.039898
IOT,2026-03-10 13:35:00+00:00,34.12,34.32,33.915,33.93,119177.0,1687.0,34.065739
IOT,2026-03-10 13:40:00+00:00,33.9377,34.0,33.707,33.72,157227.0,1816.0,33.798128
IOT,2026-03-10 13:45:00+00:00,33.72,33.9,33.55,33.675,143817.0,1924.0,33.74044
IOT,2026-03-10 13:50:00+00:00,33.685,33.685,33.25,33.34,208423.0,2714.0,33.412758
IOT,2026-03-10 13:55:00+00:00,33.34,33.34,33.0,33.1,239999.0,2869.0,33.162783
IOT,2026-03-10 14:00:00+00:00,33.11,33.11,32.751,32.83,326632.0,2899.0,32.836943
IOT,2026-03-10 14:05:00+00:00,32.835,33.0,32.71,32.985,191737.0,2224.0,32.851234
IOT,2026-03-10 14:10:00+00:00,32.98,32.98,32.745,32.89,127345.0,1458.0,32.85739
IOT,2026-03-10 14:15:00+00:00,32.9,33.15,32.86,32.99,72114.0,1019.0,32.99941
IOT,2026-03-10 14:20:00+00:00,32.965,33.34,32.965,33.23,146843.0,1079.0,33.153955
IOT,2026-03-10 14:25:00+00:00,33.23,33.23,33.03,33.07,79932.0,1248.0,33.120499
IOT,2026-03-10 14:30:00+00:00,33.075,33.17,32.86,32.915,99036.0,1365.0,32.986189
IOT,2026-03-10 14:35:00+00:00,32.935,33.14,32.885,33.095,109424.0,1456.0,33.001956
IOT,2026-03-10 14:40:00+00:00,33.12,33.24,33.09,33.115,67478.0,943.0,33.169912
IOT,2026-03-10 14:45:00+00:00,33.115,33.21,33.07,33.21,66679.0,1089.0,33.126175
IOT,2026-03-10 14:50:00+00:00,33.19,33.27,33.11,33.265,84983.0,1258.0,33.192311
IOT,2026-03-10 14:55:00+00:00,33.265,33.27,33.17,33.27,94459.0,1104.0,33.237244
IOT,2026-03-10 15:00:00+00:00,33.27,33.665,33.265,33.64,153344.0,1882.0,33.478101
IOT,2026-03-10 15:05:00+00:00,33.64,33.7,33.51,33.515,111363.0,1367.0,33.593803
IOT,2026-03-10 15:10:00+00:00,33.53,33.575,33.325,33.37,110786.0,1127.0,33.488304
IOT,2026-03-10 15:15:00+00:00,33.365,33.445,33.31,33.42,133120.0,1414.0,33.402139
IOT,2026-03-10 15:20:00+00:00,33.4,33.4801,33.38,33.43,107188.0,1260.0,33.435539
IOT,2026-03-10 15:25:00+00:00,33.43,33.48,33.39,33.395,84184.0,1082.0,33.434003
IOT,2026-03-10 15:30:00+00:00,33.39,33.39,32.9,32.96,125049.0,1670.0,33.087312
IOT,2026-03-10 15:35:00+00:00,32.96,33.17,32.93,33.12,75581.0,1025.0,33.063646
IOT,2026-03-10 15:40:00+00:00,33.1373,33.24,33.07,33.2,73334.0,1075.0,33.181336
IOT,2026-03-10 15:45:00+00:00,33.205,33.6,33.14,33.5745,155637.0,1826.0,33.342329
IOT,2026-03-10 15:50:00+00:00,33.58,33.68,33.47,33.47,82880.0,1184.0,33.603913
IOT,2026-03-10 15:55:00+00:00,33.475,33.52,33.39,33.45,96596.0,1244.0,33.440352
IOT,2026-03-10 16:00:00+00:00,33.45,33.51,33.28,33.28,109212.0,1120.0,33.402498
IOT,2026-03-10 16:05:00+00:00,33.28,33.36,33.25,33.35,57670.0,872.0,33.279701
IOT,2026-03-10 16:10:00+00:00,33.36,33.44,33.35,33.42,37372.0,647.0,33.391101
IOT,2026-03-10 16:15:00+00:00,33.405,33.535,33.405,33.49,63314.0,879.0,33.483224
IOT,2026-03-10 16:20:00+00:00,33.49,33.56,33.45,33.49,92495.0,1216.0,33.503116
IOT,2026-03-10 16:25:00+00:00,33.5,33.65,33.465,33.51,80183.0,1158.0,33.545304
IOT,2026-03-10 16:30:00+00:00,33.52,33.55,33.48,33.49,85403.0,1194.0,33.512431
IOT,2026-03-10 16:35:00+00:00,33.49,33.58,33.49,33.55,45772.0,788.0,33.53179
IOT,2026-03-10 16:40:00+00:00,33.55,33.55,33.43,33.47,48376.0,773.0,33.485894
IOT,2026-03-10 16:45:00+00:00,33.48,33.5,33.38,33.41,52368.0,813.0,33.455855
IOT,2026-03-10 16:50:00+00:00,33.41,33.49,33.367,33.38,52379.0,753.0,33.422379
IOT,2026-03-10 16:55:00+00:00,33.37,33.37,33.25,33.26,52704.0,832.0,33.290256
IOT,2026-03-10 17:00:00+00:00,33.26,33.26,33.1201,33.16,95633.0,1223.0,33.198687
IOT,2026-03-10 17:05:00+00:00,33.15,33.16,32.84,32.86,197602.0,2066.0,32.972325
IOT,2026-03-10 17:10:00+00:00,32.86,33.15,32.85,33.11,96757.0,1327.0,33.00915
IOT,2026-03-10 17:15:00+00:00,33.12,33.19,33.07,33.09,57759.0,842.0,33.129832
IOT,2026-03-10 17:20:00+00:00,33.09,33.09,32.96,33.02,103616.0,1272.0,33.0238
IOT,2026-03-10 17:25:00+00:00,33.02,33.07,32.995,33.01,122187.0,1332.0,33.027154
IOT,2026-03-10 17:30:00+00:00,33.01,33.1,32.805,32.84,284456.0,2206.0,32.996084
IOT,2026-03-10 17:35:00+00:00,32.82,32.85,32.67,32.69,92664.0,1232.0,32.77289
IOT,2026-03-10 17:40:00+00:00,32.7,32.82,32.67,32.78,73804.0,1272.0,32.743499
IOT,2026-03-10 17:45:00+00:00,32.76,32.935,32.735,32.93,77073.0,1064.0,32.845494
IOT,2026-03-10 17:50:00+00:00,32.94,32.96,32.81,32.83,130792.0,1252.0,32.870944
IOT,2026-03-10 17:55:00+00:00,32.82,32.995,32.74,32.966,163250.0,1539.0,32.843725
IOT,2026-03-10 18:00:00+00:00,32.97,33.0,32.85,32.97,85929.0,1133.0,32.921747
IOT,2026-03-10 18:05:00+00:00,32.97,32.97,32.81,32.94,147368.0,1320.0,32.901112
IOT,2026-03-10 18:10:00+00:00,32.93,32.975,32.79,32.79,87108.0,1223.0,32.908824
IOT,2026-03-10 18:15:00+00:00,32.8,32.9,32.77,32.78,67994.0,1094.0,32.844099
IOT,2026-03-10 18:20:00+00:00,32.77,32.8,32.665,32.75,75484.0,1126.0,32.739829
IOT,2026-03-10 18:25:00+00:00,32.75,32.82,32.71,32.785,89851.0,1141.0,32.768884
IOT,2026-03-10 18:30:00+00:00,32.785,32.955,32.77,32.83,150164.0,1471.0,32.84262
IOT,2026-03-10 18:35:00+00:00,32.84,32.89,32.745,32.745,100829.0,1325.0,32.83363
IOT,2026-03-10 18:40:00+00:00,32.75,32.84,32.665,32.775,57035.0,841.0,32.74565
IOT,2026-03-10 18:45:00+00:00,32.765,32.79,32.68,32.71,52700.0,942.0,32.743544
IOT,2026-03-10 18:50:00+00:00,32.71,32.75,32.68,32.7239,53127.0,819.0,32.716617
IOT,2026-03-10 18:55:00+00:00,32.725,32.77,32.625,32.64,90350.0,1250.0,32.679192
IOT,2026-03-10 19:00:00+00:00,32.63,32.71,32.56,32.67,100410.0,1256.0,32.636655
IOT,2026-03-10 19:05:00+00:00,32.68,32.77,32.67,32.725,134487.0,1462.0,32.716743
IOT,2026-03-10 19:10:00+00:00,32.72,32.72,32.56,32.65,99917.0,1312.0,32.634008
IOT,2026-03-10 19:15:00+00:00,32.65,32.85,32.64,32.83,82956.0,1068.0,32.743641
IOT,2026-03-10 19:20:00+00:00,32.83,32.84,32.63,32.64,154515.0,1382.0,32.720053
IOT,2026-03-10 19:25:00+00:00,32.64,32.69,32.555,32.64,106644.0,1240.0,32.619423
IOT,2026-03-10 19:30:00+00:00,32.64,32.74,32.53,32.74,174973.0,2060.0,32.601277
IOT,2026-03-10 19:35:00+00:00,32.74,32.86,32.67,32.8,154835.0,1837.0,32.76653
IOT,2026-03-10 19:40:00+00:00,32.79,32.825,32.67,32.71,167657.0,2119.0,32.733122
IOT,2026-03-10 19:45:00+00:00,32.71,32.805,32.66,32.66,226993.0,2419.0,32.730764
IOT,2026-03-10 19:50:00+00:00,32.66,32.8,32.64,32.75,297909.0,2874.0,32.732312
IOT,2026-03-10 19:55:00+00:00,32.755,32.94,32.75,32.91,888589.0,7201.0,32.829779
IOT,2026-03-10 20:00:00+00:00,32.9,32.9,32.9,32.9,1446070.0,54.0,32.9
IOT,2026-03-10 20:20:00+00:00,32.87,32.87,32.87,32.87,108.0,3.0,32.87
IOT,2026-03-10 20:55:00+00:00,32.8,32.8,32.8,32.8,150.0,1.0,32.8
IOT,2026-03-10 21:10:00+00:00,32.6917,32.6917,32.6917,32.6917,293.0,1.0,32.6917
IOT,2026-03-10 21:15:00+00:00,33.0,33.0,33.0,33.0,1404.0,8.0,33.0
IOT,2026-03-10 21:35:00+00:00,33.03,33.03,33.03,33.03,103.0,2.0,33.03
IOT,2026-03-10 22:20:00+00:00,32.86,32.86,32.83,32.83,349.0,2.0,32.851404
IOT,2026-03-10 22:55:00+00:00,33.17,33.17,33.17,33.17,205.0,1.0,33.17
IOT,2026-03-10 23:25:00+00:00,33.15,33.15,33.15,33.15,500.0,1.0,33.15
IOT,2026-03-10 23:35:00+00:00,33.0,33.0,33.0,33.0,100.0,1.0,33.0
IOT,2026-03-10 23:45:00+00:00,32.8353,32.8353,32.8353,32.8353,283.0,6.0,32.8353
IOT,2026-03-10 23:50:00+00:00,32.8423,32.8423,32.8423,32.8423,100.0,1.0,32.8423
IOT,2026-03-11 08:45:00+00:00,33.0,33.0,32.98,32.98,638.0,15.0,32.988282
IOT,2026-03-11 09:20:00+00:00,32.74,32.74,32.74,32.74,260.0,3.0,32.74
IOT,2026-03-11 10:00:00+00:00,32.77,32.77,32.77,32.77,230.0,2.0,32.77
IOT,2026-03-11 11:00:00+00:00,32.76,32.76,32.56,32.56,781.0,8.0,32.651479
IOT,2026-03-11 12:00:00+00:00,32.5468,33.22,32.5468,33.12,1341.0,39.0,32.983929
IOT,2026-03-11 12:45:00+00:00,32.61,32.63,32.5,32.56,4318.0,26.0,32.594841
IOT,2026-03-11 12:50:00+00:00,32.54,32.58,32.54,32.58,384.0,5.0,32.562921
IOT,2026-03-11 12:55:00+00:00,32.54,32.54,32.32,32.32,31607.0,29.0,32.335885
IOT,2026-03-11 13:05:00+00:00,32.25,32.25,32.25,32.25,342.0,3.0,32.25
IOT,2026-03-11 13:10:00+00:00,32.25,32.84,32.25,32.84,1150.0,7.0,32.59299
IOT,2026-03-11 13:20:00+00:00,32.9343,32.9343,32.9343,32.9343,100.0,1.0,32.9343
IOT,2026-03-11 13:25:00+00:00,33.0,33.31,33.0,33.23,836.0,8.0,33.136536
IOT,2026-03-11 13:30:00+00:00,33.39,33.53,33.01,33.12,118588.0,646.0,33.352194
IOT,2026-03-11 13:35:00+00:00,33.08,33.435,33.07,33.185,105614.0,770.0,33.261383
IOT,2026-03-11 13:40:00+00:00,33.12,33.15,32.81,32.83,45838.0,679.0,32.938261
IOT,2026-03-11 13:45:00+00:00,32.82,33.12,32.7801,33.11,61606.0,768.0,32.914974
IOT,2026-03-11 13:50:00+00:00,33.07,33.07,32.81,32.97,69841.0,821.0,32.934706
IOT,2026-03-11 13:55:00+00:00,32.99,33.01,32.78,32.89,40572.0,682.0,32.916786
IOT,2026-03-11 14:00:00+00:00,32.88,32.885,32.6,32.67,59625.0,829.0,32.712328
IOT,2026-03-11 14:05:00+00:00,32.74,32.9,32.63,32.63,56381.0,585.0,32.751293
IOT,2026-03-11 14:10:00+00:00,32.64,32.73,32.29,32.495,67437.0,877.0,32.485769
IOT,2026-03-11 14:15:00+00:00,32.48,32.645,32.42,32.43,47075.0,743.0,32.540478
IOT,2026-03-11 14:20:00+00:00,32.43,32.43,32.16,32.16,90246.0,912.0,32.301269
IOT,2026-03-11 14:25:00+00:00,32.18,32.24,32.08,32.195,39243.0,659.0,32.160496
IOT,2026-03-11 14:30:00+00:00,32.195,32.195,31.88,32.0,82705.0,1143.0,32.003692
IOT,2026-03-11 14:35:00+00:00,32.01,32.14,31.98,32.01,35148.0,587.0,32.05805
IOT,2026-03-11 14:40:00+00:00,31.98,32.319,31.96,32.28,77278.0,734.0,32.156607
IOT,2026-03-11 14:45:00+00:00,32.25,32.26,32.0426,32.13,34314.0,527.0,32.135054
IOT,2026-03-11 14:50:00+00:00,32.16,32.19,32.06,32.11,33726.0,551.0,32.122397
IOT,2026-03-11 14:55:00+00:00,32.08,32.18,32.06,32.15,37603.0,594.0,32.114486
IOT,2026-03-11 15:00:00+00:00,32.15,32.34,32.08,32.16,92949.0,1406.0,32.207146
IOT,2026-03-11 15:05:00+00:00,32.1499,32.15,31.9701,32.005,49747.0,655.0,32.050552
IOT,2026-03-11 15:10:00+00:00,32.005,32.0199,31.66,31.66,65504.0,910.0,31.812714
IOT,2026-03-11 15:15:00+00:00,31.66,31.73,31.64,31.725,66086.0,948.0,31.684456
IOT,2026-03-11 15:20:00+00:00,31.72,31.875,31.66,31.84,75048.0,1056.0,31.746564
IOT,2026-03-11 15:25:00+00:00,31.84,31.97,31.78,31.86,87359.0,940.0,31.8647
IOT,2026-03-11 15:30:00+00:00,31.85,31.85,31.56,31.71,115319.0,1334.0,31.665584
IOT,2026-03-11 15:35:00+00:00,31.73,31.75,31.54,31.57,58356.0,764.0,31.626603
IOT,2026-03-11 15:40:00+00:00,31.55,31.58,31.44,31.47,73835.0,1047.0,31.493916
IOT,2026-03-11 15:45:00+00:00,31.46,31.59,31.455,31.5895,59560.0,972.0,31.52872
IOT,2026-03-11 15:50:00+00:00,31.6,31.72,31.58,31.72,41880.0,683.0,31.664408
IOT,2026-03-11 15:55:00+00:00,31.71,31.85,31.7,31.7724,47813.0,822.0,31.791551
IOT,2026-03-11 16:00:00+00:00,31.78,31.915,31.67,31.845,89574.0,1385.0,31.776798
IOT,2026-03-11 16:05:00+00:00,31.84,31.91,31.65,31.665,44843.0,595.0,31.794493
IOT,2026-03-11 16:10:00+00:00,31.665,31.715,31.52,31.63,66510.0,780.0,31.593984
IOT,2026-03-11 16:15:00+00:00,31.63,31.65,31.45,31.49,62668.0,874.0,31.534122
IOT,2026-03-11 16:20:00+00:00,31.495,31.53,31.38,31.43,62536.0,924.0,31.451742
IOT,2026-03-11 16:25:00+00:00,31.43,31.46,31.4,31.41,59338.0,833.0,31.423872
IOT,2026-03-11 16:30:00+00:00,31.4,31.48,31.33,31.46,98488.0,1190.0,31.396282
IOT,2026-03-11 16:35:00+00:00,31.45,31.49,31.32,31.34,49124.0,715.0,31.392047
IOT,2026-03-11 16:40:00+00:00,31.33,31.48,31.33,31.47,36860.0,652.0,31.417889
IOT,2026-03-11 16:45:00+00:00,31.46,31.59,31.39,31.53,50752.0,851.0,31.492721
IOT,2026-03-11 16:50:00+00:00,31.52,31.6,31.51,31.6,71571.0,802.0,31.559614
IOT,2026-03-11 16:55:00+00:00,31.6,31.61,31.5024,31.59,38918.0,702.0,31.562178
IOT,2026-03-11 17:00:00+00:00,31.59,31.6451,31.44,31.605,104506.0,1379.0,31.55437
IOT,2026-03-11 17:05:00+00:00,31.59,31.72,31.59,31.69,52629.0,808.0,31.683204
IOT,2026-03-11 17:10:00+00:00,31.685,31.69,31.46,31.49,66940.0,1061.0,31.562891
IOT,2026-03-11 17:15:00+00:00,31.49,31.72,31.47,31.61,111346.0,1498.0,31.617117
IOT,2026-03-11 17:20:00+00:00,31.61,31.61,31.49,31.57,42561.0,706.0,31.561863
IOT,2026-03-11 17:25:00+00:00,31.57,31.61,31.51,31.5162,42157.0,567.0,31.566528
IOT,2026-03-11 17:30:00+00:00,31.5,31.55,31.4,31.53,131593.0,1534.0,31.460762
IOT,2026-03-11 17:35:00+00:00,31.53,31.6,31.27,31.36,132743.0,1839.0,31.415337
IOT,2026-03-11 17:40:00+00:00,31.36,31.45,31.36,31.39,89244.0,1056.0,31.401816
IOT,2026-03-11 17:45:00+00:00,31.399,31.49,31.28,31.355,93498.0,1264.0,31.414938
IOT,2026-03-11 17:50:00+00:00,31.355,31.405,31.29,31.3,55464.0,849.0,31.363635
IOT,2026-03-11 17:55:00+00:00,31.29,31.32,31.26,31.27,68558.0,979.0,31.296379
IOT,2026-03-11 18:00:00+00:00,31.26,31.48,31.22,31.43,146698.0,2044.0,31.308451
IOT,2026-03-11 18:05:00+00:00,31.44,31.47,31.29,31.3,70482.0,1028.0,31.413479
IOT,2026-03-11 18:10:00+00:00,31.29,31.3,31.22,31.28,55618.0,747.0,31.268743
IOT,2026-03-11 18:15:00+00:00,31.28,31.34,31.25,31.33,55636.0,687.0,31.288232
IOT,2026-03-11 18:20:00+00:00,31.32,31.37,31.3,31.335,56173.0,744.0,31.3232
IOT,2026-03-11 18:25:00+00:00,31.35,31.41,31.33,31.39,46462.0,712.0,31.366654
IOT,2026-03-11 18:30:00+00:00,31.39,31.47,31.3,31.44,112466.0,1785.0,31.393234
IOT,2026-03-11 18:35:00+00:00,31.44,31.625,31.41,31.545,106215.0,1261.0,31.503969
IOT,2026-03-11 18:40:00+00:00,31.53,31.5899,31.45,31.555,132340.0,1591.0,31.508165
IOT,2026-03-11 18:45:00+00:00,31.555,31.595,31.5,31.57,56139.0,856.0,31.550407
IOT,2026-03-11 18:50:00+00:00,31.58,31.625,31.52,31.53,130601.0,1394.0,31.574073
IOT,2026-03-11 18:55:00+00:00,31.53,31.565,31.4,31.48,114250.0,1387.0,31.470382
IOT,2026-03-11 19:00:00+00:00,31.47,31.6,31.45,31.555,166960.0,1690.0,31.518396
IOT,2026-03-11 19:05:00+00:00,31.55,31.62,31.545,31.56,76710.0,880.0,31.578752
IOT,2026-03-11 19:10:00+00:00,31.56,31.66,31.49,31.66,78416.0,1064.0,31.545494
IOT,2026-03-11 19:15:00+00:00,31.66,31.79,31.66,31.71,67995.0,968.0,31.715742
IOT,2026-03-11 19:20:00+00:00,31.7,31.74,31.66,31.73,72240.0,891.0,31.703019
IOT,2026-03-11 19:25:00+00:00,31.74,31.75,31.52,31.72,134070.0,1729.0,31.647462
IOT,2026-03-11 19:30:00+00:00,31.725,31.89,31.67,31.88,112131.0,1432.0,31.773219
IOT,2026-03-11 19:35:00+00:00,31.89,32.02,31.83,31.99,110634.0,1286.0,31.945461
IOT,2026-03-11 19:40:00+00:00,31.98,32.064,31.96,32.05,92800.0,1248.0,32.008063
IOT,2026-03-11 19:45:00+00:00,32.04,32.12,31.965,32.11,131152.0,1734.0,32.047157
IOT,2026-03-11 19:50:00+00:00,32.1,32.14,31.99,32.095,249099.0,2880.0,32.076204
IOT,2026-03-11 19:55:00+00:00,32.1,32.115,32.025,32.09,746862.0,7233.0,32.068996
IOT,2026-03-11 20:00:00+00:00,32.08,32.08,32.08,32.08,969336.0,59.0,32.08
IOT,2026-03-11 20:05:00+00:00,32.08,32.08,32.08,32.08,2150.0,1.0,32.08
IOT,2026-03-11 20:15:00+00:00,32.08,32.1,32.08,32.1,200.0,2.0,32.09
IOT,2026-03-11 20:20:00+00:00,32.28,32.28,32.28,32.28,100.0,1.0,32.28
IOT,2026-03-11 21:20:00+00:00,32.0,32.0,32.0,32.0,110.0,4.0,32.0
IOT,2026-03-11 21:25:00+00:00,32.2087,32.2087,32.01,32.01,500.0,3.0,32.09348
IOT,2026-03-11 22:25:00+00:00,31.98,31.98,31.98,31.98,367.0,7.0,31.98
IOT,2026-03-11 22:45:00+00:00,31.8,31.8,31.8,31.8,659.0,4.0,31.8
IOT,2026-03-11 23:10:00+00:00,31.5676,31.5676,31.5676,31.5676,100.0,1.0,31.5676
IOT,2026-03-11 23:35:00+00:00,31.75,31.75,31.75,31.75,100.0,1.0,31.75
IOT,2026-03-11 23:40:00+00:00,31.58,31.6,31.58,31.6,4099.0,39.0,31.598876
IOT,2026-03-12 08:50:00+00:00,31.65,31.65,31.65,31.65,520.0,9.0,31.65
IOT,2026-03-12 10:10:00+00:00,31.8,31.8,31.8,31.8,162.0,5.0,31.8
IOT,2026-03-12 11:05:00+00:00,31.76,31.76,31.76,31.76,307.0,5.0,31.76
IOT,2026-03-12 11:30:00+00:00,31.85,31.85,31.85,31.85,304.0,2.0,31.85
IOT,2026-03-12 12:00:00+00:00,31.7,31.7,31.57,31.57,705.0,15.0,31.596
IOT,2026-03-12 12:20:00+00:00,31.63,31.63,31.63,31.63,250.0,1.0,31.63
IOT,2026-03-12 12:50:00+00:00,31.7,31.7,31.7,31.7,401.0,2.0,31.7
IOT,2026-03-12 13:10:00+00:00,31.61,31.61,31.61,31.61,333.0,13.0,31.61
IOT,2026-03-12 13:15:00+00:00,31.58,31.58,31.58,31.58,500.0,1.0,31.58
IOT,2026-03-12 13:20:00+00:00,31.57,31.57,31.57,31.57,160.0,4.0,31.57
IOT,2026-03-12 13:25:00+00:00,31.94,31.94,31.94,31.94,113.0,1.0,31.94
IOT,2026-03-12 13:30:00+00:00,32.27,32.3,31.75,31.975,140624.0,866.0,32.137233
IOT,2026-03-12 13:35:00+00:00,32.005,32.4,31.97,32.31,81667.0,924.0,32.185602
IOT,2026-03-12 13:40:00+00:00,32.335,32.67,32.3,32.53,122176.0,1092.0,32.54192
IOT,2026-03-12 13:45:00+00:00,32.53,32.53,32.07,32.435,77638.0,939.0,32.27009
IOT,2026-03-12 13:50:00+00:00,32.485,32.5376,32.3,32.36,43515.0,580.0,32.389039
IOT,2026-03-12 13:55:00+00:00,32.39,32.61,32.23,32.34,57195.0,658.0,32.429124
IOT,2026-03-12 14:00:00+00:00,32.34,32.51,32.27,32.4,52898.0,833.0,32.429866
IOT,2026-03-12 14:05:00+00:00,32.3951,32.45,32.25,32.295,51666.0,696.0,32.338185
IOT,2026-03-12 14:10:00+00:00,32.28,32.4497,32.265,32.3,87706.0,980.0,32.34186
IOT,2026-03-12 14:15:00+00:00,32.28,32.425,32.14,32.2,75666.0,1008.0,32.262897
IOT,2026-03-12 14:20:00+00:00,32.18,32.45,32.16,32.39,70673.0,915.0,32.31522
IOT,2026-03-12 14:25:00+00:00,32.43,32.49,32.24,32.24,62510.0,705.0,32.420237
IOT,2026-03-12 14:30:00+00:00,32.235,32.235,31.81,31.94,118116.0,1392.0,31.952856
IOT,2026-03-12 14:35:00+00:00,31.945,32.34,31.945,32.29,40140.0,641.0,32.144081
IOT,2026-03-12 14:40:00+00:00,32.31,32.45,32.24,32.29,63110.0,917.0,32.364176
IOT,2026-03-12 14:45:00+00:00,32.32,32.455,32.265,32.3,63129.0,1100.0,32.377022
IOT,2026-03-12 14:50:00+00:00,32.29,32.29,32.19,32.23,46377.0,780.0,32.252258
IOT,2026-03-12 14:55:00+00:00,32.26,32.27,32.035,32.085,108266.0,1035.0,32.145019
IOT,2026-03-12 15:00:00+00:00,32.1,32.14,31.96,32.14,96150.0,1157.0,32.048495
IOT,2026-03-12 15:05:00+00:00,32.12,32.2099,32.04,32.04,74879.0,700.0,32.132227
IOT,2026-03-12 15:10:00+00:00,32.05,32.05,31.9,32.02,106074.0,884.0,31.96971
IOT,2026-03-12 15:15:00+00:00,32.02,32.1,32.01,32.07,36683.0,578.0,32.047611
IOT,2026-03-12 15:20:00+00:00,32.06,32.085,31.93,32.01,81703.0,631.0,32.004875
IOT,2026-03-12 15:25:00+00:00,31.99,32.1,31.97,32.06,36224.0,612.0,32.033835
IOT,2026-03-12 15:30:00+00:00,32.06,32.08,31.94,32.08,59394.0,986.0,31.989279
IOT,2026-03-12 15:35:00+00:00,32.07,32.22,31.975,32.22,30874.0,575.0,32.060801
IOT,2026-03-12 15:40:00+00:00,32.22,32.322,32.19,32.26,43009.0,701.0,32.24411
IOT,2026-03-12 15:45:00+00:00,32.26,32.28,32.14,32.225,34443.0,519.0,32.212846
IOT,2026-03-12 15:50:00+00:00,32.22,32.37,32.18,32.32,39134.0,585.0,32.272536
IOT,2026-03-12 15:55:00+00:00,32.325,32.325,32.17,32.22,28522.0,523.0,32.24165
IOT,2026-03-12 16:00:00+00:00,32.21,32.23,32.055,32.08,61062.0,1020.0,32.142442
IOT,2026-03-12 16:05:00+00:00,32.11,32.1159,31.86,31.91,99176.0,725.0,31.97614
IOT,2026-03-12 16:10:00+00:00,31.89,31.99,31.79,31.99,71146.0,668.0,31.850796
IOT,2026-03-12 16:15:00+00:00,32.03,32.13,32.01,32.115,28014.0,456.0,32.088768
IOT,2026-03-12 16:20:00+00:00,32.13,32.22,32.1,32.13,19009.0,415.0,32.158494
IOT,2026-03-12 16:25:00+00:00,32.13,32.13,31.93,31.94,35113.0,590.0,32.018213
IOT,2026-03-12 16:30:00+00:00,31.93,32.08,31.86,32.05,137706.0,1141.0,31.925957
IOT,2026-03-12 16:35:00+00:00,32.03,32.115,31.96,32.08,93029.0,558.0,32.044883
IOT,2026-03-12 16:40:00+00:00,32.08,32.08,31.94,31.96,25029.0,434.0,32.016009
IOT,2026-03-12 16:45:00+00:00,31.97,32.03,31.93,32.0095,22484.0,463.0,31.982975
IOT,2026-03-12 16:50:00+00:00,32.0,32.0277,31.91,31.99,27585.0,462.0,31.978448
IOT,2026-03-12 16:55:00+00:00,31.995,32.11,31.99,32.055,25459.0,543.0,32.056603
IOT,2026-03-12 17:00:00+00:00,32.05,32.1,31.95,32.09,69314.0,1186.0,32.025347
IOT,2026-03-12 17:05:00+00:00,32.105,32.14,32.015,32.07,35497.0,604.0,32.07908
IOT,2026-03-12 17:10:00+00:00,32.06,32.1,32.04,32.045,26191.0,515.0,32.06517
IOT,2026-03-12 17:15:00+00:00,32.04,32.075,31.915,31.95,31815.0,630.0,31.98267
IOT,2026-03-12 17:20:00+00:00,31.93,32.02,31.92,31.99,28150.0,619.0,31.978851
IOT,2026-03-12 17:25:00+00:00,31.98,32.04,31.91,31.98,38624.0,761.0,31.977277
IOT,2026-03-12 17:30:00+00:00,32.0,32.03,31.93,32.0137,55268.0,1036.0,31.971245
IOT,2026-03-12 17:35:00+00:00,32.02,32.11,32.02,32.1,68544.0,712.0,32.06898
IOT,2026-03-12 17:40:00+00:00,32.1,32.13,31.96,31.97,83702.0,721.0,32.032538
IOT,2026-03-12 17:45:00+00:00,31.97,32.0,31.87,31.87,39389.0,641.0,31.947362
IOT,2026-03-12 17:50:00+00:00,31.86,31.89,31.83,31.85,23832.0,487.0,31.860232
IOT,2026-03-12 17:55:00+00:00,31.84,31.843,31.7748,31.82,35531.0,722.0,31.813409
IOT,2026-03-12 18:00:00+00:00,31.83,31.89,31.76,31.825,56298.0,1076.0,31.801931
IOT,2026-03-12 18:05:00+00:00,31.83,31.88,31.745,31.83,32647.0,672.0,31.801407
IOT,2026-03-12 18:10:00+00:00,31.835,31.89,31.8,31.865,30676.0,595.0,31.838925
IOT,2026-03-12 18:15:00+00:00,31.88,31.9,31.785,31.8,36243.0,674.0,31.856579
IOT,2026-03-12 18:20:00+00:00,31.79,31.85,31.785,31.79,25322.0,514.0,31.813026
IOT,2026-03-12 18:25:00+00:00,31.78,31.78,31.61,31.64,87072.0,1127.0,31.682188
IOT,2026-03-12 18:30:00+00:00,31.63,31.63,31.54,31.59,81696.0,1326.0,31.597218
IOT,2026-03-12 18:35:00+00:00,31.57,31.65,31.54,31.63,42733.0,731.0,31.574353
IOT,2026-03-12 18:40:00+00:00,31.635,31.66,31.6,31.64,45517.0,684.0,31.628919
IOT,2026-03-12 18:45:00+00:00,31.64,31.67,31.61,31.655,42618.0,755.0,31.640545
IOT,2026-03-12 18:50:00+00:00,31.66,31.73,31.56,31.58,53291.0,871.0,31.645585
IOT,2026-03-12 18:55:00+00:00,31.58,31.595,31.5001,31.515,54282.0,912.0,31.546669
IOT,2026-03-12 19:00:00+00:00,31.515,31.53,31.42,31.51,98722.0,1547.0,31.481682
IOT,2026-03-12 19:05:00+00:00,31.5,31.51,31.37,31.43,112359.0,1393.0,31.427808
IOT,2026-03-12 19:10:00+00:00,31.43,31.475,31.39,31.422,81517.0,1179.0,31.424578
IOT,2026-03-12 19:15:00+00:00,31.42,31.5,31.4,31.4899,70212.0,935.0,31.444845
IOT,2026-03-12 19:20:00+00:00,31.47,31.53,31.445,31.5,66038.0,872.0,31.486945
IOT,2026-03-12 19:25:00+00:00,31.49,31.515,31.46,31.49,53668.0,873.0,31.489169
IOT,2026-03-12 19:30:00+00:00,31.48,31.58,31.41,31.57,137424.0,1857.0,31.49922
IOT,2026-03-12 19:35:00+00:00,31.57,31.81,31.54,31.79,93372.0,1373.0,31.696953
IOT,2026-03-12 19:40:00+00:00,31.8,31.82,31.73,31.765,120634.0,1528.0,31.764493
IOT,2026-03-12 19:45:00+00:00,31.77,31.795,31.615,31.665,258159.0,2514.0,31.731257
IOT,2026-03-12 19:50:00+00:00,31.66,31.75,31.64,31.665,174457.0,2139.0,31.693008
IOT,2026-03-12 19:55:00+00:00,31.67,31.96,31.67,31.86,1014318.0,9866.0,31.852152
IOT,2026-03-12 20:00:00+00:00,31.86,31.86,31.85,31.85,1805032.0,43.0,31.859999
IOT,2026-03-12 20:20:00+00:00,31.51,31.51,31.51,31.51,140.0,6.0,31.51
IOT,2026-03-12 20:25:00+00:00,31.49,31.99,31.49,31.99,300.0,8.0,31.67797
IOT,2026-03-12 22:10:00+00:00,31.76,31.76,31.76,31.76,100.0,1.0,31.76
IOT,2026-03-12 23:20:00+00:00,31.85,31.85,31.85,31.85,1018.0,10.0,31.85
IOT,2026-03-13 11:00:00+00:00,31.8,31.83,31.7,31.83,2864.0,21.0,31.772231
IOT,2026-03-13 11:45:00+00:00,31.99,31.99,31.99,31.99,831.0,10.0,31.99
IOT,2026-03-13 12:00:00+00:00,31.83,32.0,31.83,32.0,9042.0,16.0,31.986381
IOT,2026-03-13 12:15:00+00:00,32.1827,32.1827,32.1827,32.1827,2000.0,1.0,32.1827
IOT,2026-03-13 12:30:00+00:00,32.04,32.05,32.04,32.05,800.0,3.0,32.048734
IOT,2026-03-13 12:50:00+00:00,32.0,32.0,32.0,32.0,374.0,7.0,32.0
IOT,2026-03-13 13:25:00+00:00,32.0,32.0,31.83,31.83,1963.0,11.0,31.89736
IOT,2026-03-13 13:30:00+00:00,31.9,31.95,31.4201,31.49,167258.0,713.0,31.842127
IOT,2026-03-13 13:35:00+00:00,31.54,31.65,31.35,31.49,61153.0,908.0,31.466271
IOT,2026-03-13 13:40:00+00:00,31.52,32.1,31.4,32.065,104660.0,1209.0,31.739154
IOT,2026-03-13 13:45:00+00:00,32.065,32.16,32.02,32.02,72588.0,904.0,32.070521
IOT,2026-03-13 13:50:00+00:00,32.0,32.08,31.86,31.895,61948.0,771.0,31.988256
IOT,2026-03-13 13:55:00+00:00,31.88,31.93,31.77,31.84,61172.0,595.0,31.853291
IOT,2026-03-13 14:00:00+00:00,31.81,31.99,31.56,31.91,67875.0,959.0,31.718614
IOT,2026-03-13 14:05:00+00:00,31.96,31.99,31.79,31.87,43957.0,732.0,31.874654
IOT,2026-03-13 14:10:00+00:00,31.88,32.2,31.8552,32.14,71370.0,655.0,32.023127
IOT,2026-03-13 14:15:00+00:00,32.14,32.19,31.97,32.04,49370.0,814.0,32.101812
IOT,2026-03-13 14:20:00+00:00,32.03,32.17,32.01,32.145,71540.0,913.0,32.103631
IOT,2026-03-13 14:25:00+00:00,32.12,32.26,32.12,32.23,56762.0,645.0,32.185349
IOT,2026-03-13 14:30:00+00:00,32.21,32.285,32.1,32.15,81110.0,1370.0,32.170446
IOT,2026-03-13 14:35:00+00:00,32.145,32.2446,32.005,32.17,53412.0,873.0,32.133263
IOT,2026-03-13 14:40:00+00:00,32.175,32.245,32.08,32.08,40265.0,645.0,32.169051
IOT,2026-03-13 14:45:00+00:00,32.06,32.06,31.67,31.8,74350.0,1055.0,31.824599
IOT,2026-03-13 14:50:00+00:00,31.795,31.925,31.74,31.79,93968.0,1121.0,31.855035
IOT,2026-03-13 14:55:00+00:00,31.77,31.78,31.565,31.57,73613.0,1095.0,31.674095
IOT,2026-03-13 15:00:00+00:00,31.59,31.62,31.23,31.36,102735.0,1381.0,31.379125
IOT,2026-03-13 15:05:00+00:00,31.36,31.37,31.17,31.24,105381.0,1288.0,31.276251
IOT,2026-03-13 15:10:00+00:00,31.26,31.47,31.19,31.44,44585.0,658.0,31.249365
IOT,2026-03-13 15:15:00+00:00,31.45,31.48,31.39,31.42,50697.0,771.0,31.432776
IOT,2026-03-13 15:20:00+00:00,31.42,31.53,31.37,31.39,43179.0,662.0,31.452099
IOT,2026-03-13 15:25:00+00:00,31.39,31.545,31.36,31.5,48523.0,733.0,31.427476
IOT,2026-03-13 15:30:00+00:00,31.5,31.555,31.32,31.535,98727.0,1278.0,31.441066
IOT,2026-03-13 15:35:00+00:00,31.535,31.575,31.44,31.49,31898.0,590.0,31.500545
IOT,2026-03-13 15:40:00+00:00,31.48,31.49,31.31,31.375,70639.0,921.0,31.435617
IOT,2026-03-13 15:45:00+00:00,31.36,31.45,31.17,31.45,172671.0,1727.0,31.298487
IOT,2026-03-13 15:50:00+00:00,31.45,31.45,31.29,31.4,35479.0,641.0,31.357116
IOT,2026-03-13 15:55:00+00:00,31.42,31.52,31.33,31.52,35783.0,596.0,31.392142
IOT,2026-03-13 16:00:00+00:00,31.52,31.55,31.39,31.53,101403.0,1614.0,31.468376
IOT,2026-03-13 16:05:00+00:00,31.535,31.6,31.4825,31.59,43551.0,708.0,31.547411
IOT,2026-03-13 16:10:00+00:00,31.59,31.67,31.565,31.64,41264.0,691.0,31.61981
IOT,2026-03-13 16:15:00+00:00,31.64,31.72,31.6,31.645,58055.0,838.0,31.663213
IOT,2026-03-13 16:20:00+00:00,31.64,31.68,31.61,31.62,60365.0,481.0,31.641319
IOT,2026-03-13 16:25:00+00:00,31.62,31.655,31.49,31.515,100865.0,1126.0,31.586484
IOT,2026-03-13 16:30:00+00:00,31.5,31.75,31.45,31.67,293858.0,1880.0,31.578701
IOT,2026-03-13 16:35:00+00:00,31.69,31.84,31.69,31.78,25534.0,462.0,31.767868
IOT,2026-03-13 16:40:00+00:00,31.77,31.85,31.74,31.81,33164.0,606.0,31.794176
IOT,2026-03-13 16:45:00+00:00,31.81,31.81,31.64,31.6805,36214.0,566.0,31.71056
IOT,2026-03-13 16:50:00+00:00,31.68,31.71,31.52,31.57,368201.0,693.0,31.594542
IOT,2026-03-13 16:55:00+00:00,31.58,31.59,31.47,31.475,46626.0,674.0,31.531704
IOT,2026-03-13 17:00:00+00:00,31.49,31.5,31.36,31.465,62768.0,1087.0,31.41166
IOT,2026-03-13 17:05:00+00:00,31.45,31.53,31.45,31.515,25761.0,518.0,31.499208
IOT,2026-03-13 17:10:00+00:00,31.52,31.58,31.46,31.5,28217.0,585.0,31.496073
IOT,2026-03-13 17:15:00+00:00,31.51,31.595,31.49,31.595,23495.0,480.0,31.543302
IOT,2026-03-13 17:20:00+00:00,31.59,31.64,31.56,31.64,27130.0,487.0,31.589824
IOT,2026-03-13 17:25:00+00:00,31.63,31.825,31.63,31.79,46945.0,716.0,31.737508
IOT,2026-03-13 17:30:00+00:00,31.79,31.85,31.66,31.78,62404.0,1108.0,31.765607
IOT,2026-03-13 17:35:00+00:00,31.79,31.8,31.725,31.7578,42964.0,621.0,31.761749
IOT,2026-03-13 17:40:00+00:00,31.765,31.82,31.73,31.78,31254.0,576.0,31.771699
IOT,2026-03-13 17:45:00+00:00,31.78,31.8,31.7,31.72,44315.0,616.0,31.742605
IOT,2026-03-13 17:50:00+00:00,31.71,31.71,31.64,31.685,58777.0,599.0,31.686639
IOT,2026-03-13 17:55:00+00:00,31.685,31.8,31.55,31.665,182627.0,1345.0,31.700192
IOT,2026-03-13 18:00:00+00:00,31.67,31.735,31.6,31.65,94284.0,1113.0,31.65562
IOT,2026-03-13 18:05:00+00:00,31.65,31.719,31.62,31.63,69285.0,652.0,31.650454
IOT,2026-03-13 18:10:00+00:00,31.63,31.64,31.5,31.535,86959.0,932.0,31.58643
IOT,2026-03-13 18:15:00+00:00,31.52,31.61,31.5,31.505,53227.0,719.0,31.549871
IOT,2026-03-13 18:20:00+00:00,31.52,31.6,31.4536,31.485,85309.0,865.0,31.546363
IOT,2026-03-13 18:25:00+00:00,31.5,31.61,31.46,31.583,71204.0,863.0,31.56505
IOT,2026-03-13 18:30:00+00:00,31.57,31.69,31.53,31.621,89388.0,923.0,31.583918
IOT,2026-03-13 18:35:00+00:00,31.62,31.75,31.6,31.72,40415.0,686.0,31.670972
IOT,2026-03-13 18:40:00+00:00,31.72,31.73,31.65,31.73,43248.0,706.0,31.695666
IOT,2026-03-13 18:45:00+00:00,31.725,31.755,31.69,31.71,124467.0,1400.0,31.728855
IOT,2026-03-13 18:50:00+00:00,31.71,31.79,31.69,31.75,37970.0,676.0,31.751002
IOT,2026-03-13 18:55:00+00:00,31.74,31.75,31.645,31.68,36347.0,706.0,31.690295
IOT,2026-03-13 19:00:00+00:00,31.68,31.68,31.48,31.545,98086.0,1564.0,31.577505
IOT,2026-03-13 19:05:00+00:00,31.54,31.605,31.52,31.6,57653.0,792.0,31.54421
IOT,2026-03-13 19:10:00+00:00,31.6,31.69,31.6,31.68,48155.0,804.0,31.635465
IOT,2026-03-13 19:15:00+00:00,31.69,31.74,31.58,31.58,111184.0,1252.0,31.658125
IOT,2026-03-13 19:20:00+00:00,31.58,31.59,31.54,31.58,72067.0,895.0,31.575232
IOT,2026-03-13 19:25:00+00:00,31.57,31.61,31.49,31.59,169690.0,1254.0,31.568875
IOT,2026-03-13 19:30:00+00:00,31.59,31.66,31.53,31.61,190281.0,1772.0,31.60128
IOT,2026-03-13 19:35:00+00:00,31.61,31.76,31.6,31.65,179991.0,1416.0,31.656839
IOT,2026-03-13 19:40:00+00:00,31.645,31.67,31.55,31.575,77041.0,1050.0,31.602225
IOT,2026-03-13 19:45:00+00:00,31.57,31.57,31.5,31.53,84747.0,1355.0,31.540772
IOT,2026-03-13 19:50:00+00:00,31.53,31.62,31.47,31.55,256743.0,2322.0,31.536741
IOT,2026-03-13 19:55:00+00:00,31.57,31.765,31.57,31.72,647174.0,5922.0,31.684507
IOT,2026-03-13 20:00:00+00:00,31.73,31.73,31.72,31.72,724911.0,49.0,31.720003
IOT,2026-03-13 20:35:00+00:00,31.5,31.5,31.5,31.5,1621.0,12.0,31.5
IOT,2026-03-13 23:00:00+00:00,31.38,31.63,31.38,31.63,707.0,26.0,31.50724
IOT,2026-03-13 23:35:00+00:00,31.63,31.63,31.63,31.63,700.0,1.0,31.63
IOT,2026-03-13 23:55:00+00:00,31.64,31.64,31.64,31.64,100.0,1.0,31.64
IOT,2026-03-16 08:25:00+00:00,31.78,31.78,31.74,31.74,677.0,6.0,31.773333
IOT,2026-03-16 11:00:00+00:00,31.87,31.87,31.81,31.84,942.0,17.0,31.82845
IOT,2026-03-16 12:00:00+00:00,31.93,31.93,31.93,31.93,125.0,2.0,31.93
IOT,2026-03-16 12:10:00+00:00,31.9997,32.21,31.9997,32.21,1157.0,12.0,32.051115
IOT,2026-03-16 12:40:00+00:00,32.04,32.04,32.04,32.04,100.0,1.0,32.04
IOT,2026-03-16 13:20:00+00:00,32.03,32.03,32.0,32.0,819.0,26.0,32.02
IOT,2026-03-16 13:25:00+00:00,32.0,32.0,32.0,32.0,757.0,10.0,32.0
IOT,2026-03-16 13:30:00+00:00,31.85,31.98,31.72,31.895,119445.0,574.0,31.79856
IOT,2026-03-16 13:35:00+00:00,31.895,32.19,31.8865,32.16,78864.0,748.0,32.090342
IOT,2026-03-16 13:40:00+00:00,32.19,32.2,31.79,31.875,58865.0,598.0,32.013713
IOT,2026-03-16 13:45:00+00:00,31.85,32.06,31.78,31.92,211349.0,2124.0,31.985819
IOT,2026-03-16 13:50:00+00:00,31.92,32.0,31.82,31.82,40189.0,514.0,31.911452
IOT,2026-03-16 13:55:00+00:00,31.8114,32.0,31.8114,32.0,25692.0,413.0,31.893785
IOT,2026-03-16 14:00:00+00:00,31.99,32.0,31.57,31.67,105743.0,1158.0,31.763534
IOT,2026-03-16 14:05:00+00:00,31.74,31.88,31.65,31.88,54911.0,819.0,31.785937
IOT,2026-03-16 14:10:00+00:00,31.86,31.93,31.7,31.84,104162.0,1445.0,31.817333
IOT,2026-03-16 14:15:00+00:00,31.8,31.92,31.77,31.85,46462.0,881.0,31.853901
IOT,2026-03-16 14:20:00+00:00,31.84,31.9,31.7957,31.83,59710.0,1361.0,31.852681
IOT,2026-03-16 14:25:00+00:00,31.82,31.84,31.71,31.74,70900.0,1222.0,31.773231
IOT,2026-03-16 14:30:00+00:00,31.76,31.84,31.7,31.71,62522.0,1000.0,31.774804
IOT,2026-03-16 14:35:00+00:00,31.75,31.9,31.72,31.73,62542.0,1219.0,31.808504
IOT,2026-03-16 14:40:00+00:00,31.76,31.88,31.75,31.77,55813.0,889.0,31.814092
IOT,2026-03-16 14:45:00+00:00,31.79,31.88,31.75,31.8,37301.0,948.0,31.824549
IOT,2026-03-16 14:50:00+00:00,31.79,31.94,31.74,31.92,66163.0,1111.0,31.858107
IOT,2026-03-16 14:55:00+00:00,31.9,32.0,31.86,32.0,55670.0,1001.0,31.948543
IOT,2026-03-16 15:00:00+00:00,32.0,32.01,31.95,31.975,68868.0,1038.0,31.991802
IOT,2026-03-16 15:05:00+00:00,31.96,32.35,31.92,32.31,155421.0,2182.0,32.078095
IOT,2026-03-16 15:10:00+00:00,32.315,32.44,32.23,32.31,268328.0,2843.0,32.278336
IOT,2026-03-16 15:15:00+00:00,32.27,32.31,32.04,32.09,146151.0,2075.0,32.194515
IOT,2026-03-16 15:20:00+00:00,32.09,32.1,31.99,31.99,39172.0,551.0,32.037356
IOT,2026-03-16 15:25:00+00:00,31.99,32.1,31.99,32.1,62383.0,1019.0,32.061982
IOT,2026-03-16 15:30:00+00:00,32.085,32.1,32.055,32.1,47303.0,682.0,32.092376
IOT,2026-03-16 15:35:00+00:00,32.1,32.17,32.01,32.08,256320.0,3076.0,32.099482
IOT,2026-03-16 15:40:00+00:00,32.075,32.16,32.06,32.07,62780.0,1227.0,32.09425
IOT,2026-03-16 15:45:00+00:00,32.085,32.155,32.08,32.14,59428.0,811.0,32.113273
IOT,2026-03-16 15:50:00+00:00,32.125,32.22,32.0,32.18,369425.0,909.0,32.062786
IOT,2026-03-16 15:55:00+00:00,32.18,32.31,32.0,32.16,432180.0,1199.0,32.048558
IOT,2026-03-16 16:00:00+00:00,32.155,32.415,32.155,32.375,71252.0,1240.0,32.300405
IOT,2026-03-16 16:05:00+00:00,32.36,32.39,32.23,32.375,79517.0,1152.0,32.319031
IOT,2026-03-16 16:10:00+00:00,32.38,32.46,32.36,32.385,91983.0,1198.0,32.41945
IOT,2026-03-16 16:15:00+00:00,32.385,32.42,32.33,32.35,62888.0,862.0,32.383622
IOT,2026-03-16 16:20:00+00:00,32.34,32.36,32.14,32.16,55115.0,1094.0,32.254635
IOT,2026-03-16 16:25:00+00:00,32.13,32.3,32.09,32.19,69106.0,1388.0,32.202386
IOT,2026-03-16 16:30:00+00:00,32.21,32.21,31.91,31.93,58453.0,926.0,32.017982
IOT,2026-03-16 16:35:00+00:00,31.92,32.18,31.92,32.18,59114.0,906.0,32.085608
IOT,2026-03-16 16:40:00+00:00,32.17,32.26,32.145,32.26,81386.0,1126.0,32.189445
IOT,2026-03-16 16:45:00+00:00,32.25,32.28,32.17,32.2,70449.0,976.0,32.237404
IOT,2026-03-16 16:50:00+00:00,32.19,32.25,32.19,32.23,34752.0,658.0,32.227214
IOT,2026-03-16 16:55:00+00:00,32.23,32.3,32.0,32.24,184963.0,1283.0,32.100772
IOT,2026-03-16 17:00:00+00:00,32.2433,32.37,32.22,32.34,61154.0,907.0,32.27746
IOT,2026-03-16 17:05:00+00:00,32.35,32.41,32.3,32.33,27821.0,573.0,32.356506
IOT,2026-03-16 17:10:00+00:00,32.33,32.37,32.295,32.34,33690.0,578.0,32.331154
IOT,2026-03-16 17:15:00+00:00,32.33,32.45,32.32,32.4496,33889.0,598.0,32.408667
IOT,2026-03-16 17:20:00+00:00,32.43,32.49,32.4101,32.47,50846.0,905.0,32.456104
IOT,2026-03-16 17:25:00+00:00,32.46,32.5,32.23,32.24,58005.0,944.0,32.420845
IOT,2026-03-16 17:30:00+00:00,32.25,32.3,32.24,32.27,35327.0,639.0,32.265118
IOT,2026-03-16 17:35:00+00:00,32.27,32.42,32.27,32.33,42867.0,803.0,32.363484
IOT,2026-03-16 17:40:00+00:00,32.32,32.37,32.27,32.315,50593.0,796.0,32.315631
IOT,2026-03-16 17:45:00+00:00,32.32,32.36,32.29,32.305,41235.0,709.0,32.323727
IOT,2026-03-16 17:50:00+00:00,32.3,32.3,32.1501,32.23,34722.0,634.0,32.216269
IOT,2026-03-16 17:55:00+00:00,32.23,32.3,32.17,32.27,49076.0,875.0,32.228027
IOT,2026-03-16 18:00:00+00:00,32.26,32.29,32.22,32.28,37100.0,661.0,32.257539
IOT,2026-03-16 18:05:00+00:00,32.29,32.36,32.26,32.34,36073.0,593.0,32.299232
IOT,2026-03-16 18:10:00+00:00,32.34,32.36,32.28,32.3,38174.0,708.0,32.321333
IOT,2026-03-16 18:15:00+00:00,32.32,32.33,32.29,32.3,34486.0,666.0,32.311659
IOT,2026-03-16 18:20:00+00:00,32.3001,32.36,32.29,32.345,49205.0,822.0,32.325202
IOT,2026-03-16 18:25:00+00:00,32.3401,32.425,32.29,32.39,74183.0,978.0,32.331097
IOT,2026-03-16 18:30:00+00:00,32.39,32.41,32.35,32.4,39283.0,610.0,32.377835
IOT,2026-03-16 18:35:00+00:00,32.39,32.48,32.39,32.45,34426.0,622.0,32.441043
IOT,2026-03-16 18:40:00+00:00,32.46,32.47,32.39,32.47,42347.0,737.0,32.432491
IOT,2026-03-16 18:45:00+00:00,32.47,32.49,32.4,32.42,30237.0,595.0,32.435297
IOT,2026-03-16 18:50:00+00:00,32.43,32.44,32.3,32.305,51427.0,815.0,32.377929
IOT,2026-03-16 18:55:00+00:00,32.305,32.3099,32.24,32.255,48873.0,891.0,32.271606
IOT,2026-03-16 19:00:00+00:00,32.27,32.47,32.265,32.47,89172.0,929.0,32.355678
IOT,2026-03-16 19:05:00+00:00,32.47,32.47,32.29,32.42,116825.0,1531.0,32.356618
IOT,2026-03-16 19:10:00+00:00,32.43,32.455,32.24,32.29,116189.0,1135.0,32.312285
IOT,2026-03-16 19:15:00+00:00,32.28,32.305,32.11,32.29,162640.0,1805.0,32.219031
IOT,2026-03-16 19:20:00+00:00,32.28,32.29,32.235,32.29,70675.0,972.0,32.261012
IOT,2026-03-16 19:25:00+00:00,32.29,32.31,32.235,32.27,99946.0,1371.0,32.2607
IOT,2026-03-16 19:30:00+00:00,32.26,32.3,32.22,32.2764,131208.0,1339.0,32.249534
IOT,2026-03-16 19:35:00+00:00,32.26,32.3699,32.22,32.24,133275.0,1395.0,32.269053
IOT,2026-03-16 19:40:00+00:00,32.245,32.28,32.19,32.28,146554.0,1734.0,32.223235
IOT,2026-03-16 19:45:00+00:00,32.27,32.49,32.27,32.45,138129.0,1694.0,32.359755
IOT,2026-03-16 19:50:00+00:00,32.46,32.53,32.44,32.48,216174.0,2752.0,32.491843
IOT,2026-03-16 19:55:00+00:00,32.48,32.635,32.475,32.59,744161.0,7618.0,32.560519
IOT,2026-03-16 20:00:00+00:00,32.57,32.75,32.57,32.75,1073420.0,31.0,32.570025
IOT,2026-03-16 20:10:00+00:00,32.68,32.7,32.67,32.7,747.0,12.0,32.689413
IOT,2026-03-16 20:15:00+00:00,32.645,32.645,32.645,32.645,200.0,1.0,32.645
IOT,2026-03-16 20:20:00+00:00,32.59,32.59,32.59,32.59,496.0,2.0,32.59
IOT,2026-03-16 20:25:00+00:00,32.55,32.55,32.55,32.55,200.0,2.0,32.55
IOT,2026-03-16 20:30:00+00:00,32.59,32.59,32.59,32.59,100.0,1.0,32.59
IOT,2026-03-16 22:05:00+00:00,32.45,32.5,32.45,32.5,647.0,7.0,32.489407
IOT,2026-03-16 23:05:00+00:00,32.405,32.405,32.405,32.405,115.0,2.0,32.405
IOT,2026-03-16 23:40:00+00:00,32.53,32.53,32.53,32.53,500.0,3.0,32.53
IOT,2026-03-16 23:45:00+00:00,32.49,32.49,32.49,32.49,300.0,1.0,32.49
IOT,2026-03-16 23:50:00+00:00,32.55,32.55,32.5493,32.55,970.0,4.0,32.549748
IOT,2026-03-17 08:40:00+00:00,32.53,32.53,32.53,32.53,200.0,1.0,32.53
IOT,2026-03-17 11:15:00+00:00,32.5,32.5,32.5,32.5,552.0,4.0,32.5
IOT,2026-03-17 12:00:00+00:00,32.31,32.54,32.3,32.54,885.0,13.0,32.395918
IOT,2026-03-17 12:20:00+00:00,32.65,32.66,32.65,32.66,664.0,32.0,32.65288
IOT,2026-03-17 12:35:00+00:00,32.73,32.73,32.73,32.73,1493.0,3.0,32.73
IOT,2026-03-17 12:40:00+00:00,32.56,32.56,32.56,32.56,200.0,1.0,32.56
IOT,2026-03-17 12:55:00+00:00,32.48,32.48,32.48,32.48,100.0,1.0,32.48
IOT,2026-03-17 13:10:00+00:00,32.48,32.49,32.48,32.49,487.0,4.0,32.484673
IOT,2026-03-17 13:25:00+00:00,32.6,32.6,32.41,32.41,608.0,7.0,32.476551
IOT,2026-03-17 13:30:00+00:00,32.61,33.58,32.4001,33.5,186780.0,967.0,32.862697
IOT,2026-03-17 13:35:00+00:00,33.54,33.875,33.355,33.86,119839.0,1612.0,33.646031
IOT,2026-03-17 13:40:00+00:00,33.855,33.93,33.59,33.645,87113.0,1261.0,33.765621
IOT,2026-03-17 13:45:00+00:00,33.59,33.695,33.38,33.65,99054.0,1548.0,33.566227
IOT,2026-03-17 13:50:00+00:00,33.67,33.93,33.67,33.77,98899.0,965.0,33.787412
IOT,2026-03-17 13:55:00+00:00,33.77,33.95,33.74,33.905,129470.0,1113.0,33.829625
IOT,2026-03-17 14:00:00+00:00,33.9003,34.0,33.62,33.8,122723.0,1410.0,33.845238
IOT,2026-03-17 14:05:00+00:00,33.83,34.05,33.8,34.01,89102.0,1332.0,33.961613
IOT,2026-03-17 14:10:00+00:00,34.03,34.035,33.49,33.59,107853.0,1192.0,33.826871
IOT,2026-03-17 14:15:00+00:00,33.59,33.64,33.47,33.61,75891.0,977.0,33.557558
IOT,2026-03-17 14:20:00+00:00,33.6,33.63,33.52,33.59,65637.0,834.0,33.580275
IOT,2026-03-17 14:25:00+00:00,33.575,33.69,33.57,33.69,51950.0,822.0,33.620949
IOT,2026-03-17 14:30:00+00:00,33.69,33.75,33.63,33.74,66853.0,990.0,33.691215
IOT,2026-03-17 14:35:00+00:00,33.75,33.88,33.67,33.795,183123.0,1659.0,33.776209
IOT,2026-03-17 14:40:00+00:00,33.8,33.82,33.71,33.77,61775.0,842.0,33.7571
IOT,2026-03-17 14:45:00+00:00,33.77,33.825,33.73,33.745,32796.0,635.0,33.76405
IOT,2026-03-17 14:50:00+00:00,33.76,33.79,33.535,33.56,51101.0,833.0,33.673894
IOT,2026-03-17 14:55:00+00:00,33.55,33.79,33.54,33.79,57586.0,838.0,33.692743
IOT,2026-03-17 15:00:00+00:00,33.8,33.865,33.7,33.745,65916.0,917.0,33.794945
IOT,2026-03-17 15:05:00+00:00,33.73,33.75,33.61,33.64,63476.0,791.0,33.690133
IOT,2026-03-17 15:10:00+00:00,33.64,33.74,33.565,33.735,36653.0,648.0,33.647019
IOT,2026-03-17 15:15:00+00:00,33.735,33.875,33.735,33.8665,71420.0,899.0,33.821194
IOT,2026-03-17 15:20:00+00:00,33.87,33.88,33.795,33.845,38068.0,676.0,33.852886
IOT,2026-03-17 15:25:00+00:00,33.855,33.855,33.65,33.66,71652.0,1017.0,33.7422
IOT,2026-03-17 15:30:00+00:00,33.66,33.78,33.65,33.66,30512.0,644.0,33.704941
IOT,2026-03-17 15:35:00+00:00,33.675,33.755,33.585,33.755,30595.0,637.0,33.672968
IOT,2026-03-17 15:40:00+00:00,33.74,33.91,33.73,33.86,47309.0,819.0,33.828577
IOT,2026-03-17 15:45:00+00:00,33.875,33.88,33.735,33.735,27444.0,615.0,33.815284
IOT,2026-03-17 15:50:00+00:00,33.72,33.9,33.72,33.9,33031.0,634.0,33.818349
IOT,2026-03-17 15:55:00+00:00,33.89,33.93,33.825,33.875,51649.0,929.0,33.876146
IOT,2026-03-17 16:00:00+00:00,33.875,33.875,33.76,33.825,51082.0,916.0,33.816665
IOT,2026-03-17 16:05:00+00:00,33.83,33.85,33.695,33.72,68168.0,916.0,33.750959
IOT,2026-03-17 16:10:00+00:00,33.715,33.92,33.715,33.8999,65122.0,963.0,33.832564
IOT,2026-03-17 16:15:00+00:00,33.91,33.93,33.875,33.91,62202.0,1019.0,33.902201
IOT,2026-03-17 16:20:00+00:00,33.92,33.995,33.9,33.97,53665.0,906.0,33.95678
IOT,2026-03-17 16:25:00+00:00,33.97,33.97,33.86,33.92,50305.0,801.0,33.919728
IOT,2026-03-17 16:30:00+00:00,33.92,33.97,33.845,33.885,36514.0,767.0,33.915843
IOT,2026-03-17 16:35:00+00:00,33.89,33.93,33.7538,33.79,40312.0,826.0,33.871489
IOT,2026-03-17 16:40:00+00:00,33.82,33.89,33.7,33.89,47327.0,975.0,33.794974
IOT,2026-03-17 16:45:00+00:00,33.91,33.95,33.875,33.92,74223.0,1008.0,33.917383
IOT,2026-03-17 16:50:00+00:00,33.92,33.98,33.92,33.94,54122.0,835.0,33.948258
IOT,2026-03-17 16:55:00+00:00,33.955,34.07,33.955,33.975,49756.0,1028.0,34.018745
IOT,2026-03-17 17:00:00+00:00,33.97,34.1,33.96,34.068,40919.0,846.0,34.018121
IOT,2026-03-17 17:05:00+00:00,34.07,34.12,33.99,33.995,55333.0,842.0,34.059999
IOT,2026-03-17 17:10:00+00:00,34.0,34.02,33.935,33.99,57069.0,910.0,33.982892
IOT,2026-03-17 17:15:00+00:00,33.99,34.03,33.94,33.97,44281.0,723.0,33.97792
IOT,2026-03-17 17:20:00+00:00,33.96,34.0325,33.96,34.01,35638.0,608.0,34.000961
IOT,2026-03-17 17:25:00+00:00,34.005,34.13,33.975,34.12,93209.0,1144.0,34.061216
IOT,2026-03-17 17:30:00+00:00,34.12,34.272,34.075,34.08,139903.0,1725.0,34.149354
IOT,2026-03-17 17:35:00+00:00,34.09,34.19,34.03,34.1,76448.0,1247.0,34.104615
IOT,2026-03-17 17:40:00+00:00,34.08,34.12,34.04,34.06,34531.0,856.0,34.080831
IOT,2026-03-17 17:45:00+00:00,34.06,34.08,33.97,34.03,42882.0,1026.0,34.023573
IOT,2026-03-17 17:50:00+00:00,34.035,34.11,34.02,34.07,29251.0,921.0,34.075447
IOT,2026-03-17 17:55:00+00:00,34.08,34.17,34.08,34.1,40460.0,979.0,34.121756
IOT,2026-03-17 18:00:00+00:00,34.08,34.12,33.86,33.95,44039.0,885.0,33.983548
IOT,2026-03-17 18:05:00+00:00,33.95,34.04,33.91,34.02,43656.0,772.0,33.986693
IOT,2026-03-17 18:10:00+00:00,34.02,34.02,33.785,33.8,30120.0,624.0,33.89612
IOT,2026-03-17 18:15:00+00:00,33.7851,33.88,33.7851,33.88,27246.0,489.0,33.821047
IOT,2026-03-17 18:20:00+00:00,33.88,33.92,33.86,33.86,43615.0,683.0,33.891629
IOT,2026-03-17 18:25:00+00:00,33.87,33.925,33.83,33.88,57352.0,825.0,33.883671
IOT,2026-03-17 18:30:00+00:00,33.87,33.93,33.8525,33.895,36521.0,588.0,33.892308
IOT,2026-03-17 18:35:00+00:00,33.905,33.91,33.81,33.85,42479.0,637.0,33.864969
IOT,2026-03-17 18:40:00+00:00,33.86,33.92,33.85,33.855,40913.0,686.0,33.885275
IOT,2026-03-17 18:45:00+00:00,33.87,33.915,33.84,33.9,63313.0,796.0,33.877697
IOT,2026-03-17 18:50:00+00:00,33.9,33.9,33.81,33.81,55794.0,870.0,33.854226
IOT,2026-03-17 18:55:00+00:00,33.82,33.97,33.79,33.97,41673.0,739.0,33.879743
IOT,2026-03-17 19:00:00+00:00,33.97,34.0,33.96,33.97,41287.0,689.0,33.978982
IOT,2026-03-17 19:05:00+00:00,33.97,34.045,33.94,34.04,60725.0,839.0,33.996825
IOT,2026-03-17 19:10:00+00:00,34.04,34.06,34.01,34.02,41277.0,694.0,34.033998
IOT,2026-03-17 19:15:00+00:00,34.02,34.08,34.005,34.035,82132.0,1217.0,34.037181
IOT,2026-03-17 19:20:00+00:00,34.04,34.065,33.985,34.01,72974.0,1088.0,34.024488
IOT,2026-03-17 19:25:00+00:00,34.01,34.09,33.99,34.075,102233.0,1260.0,34.036591
IOT,2026-03-17 19:30:00+00:00,34.075,34.08,33.94,33.985,173791.0,1802.0,34.030935
IOT,2026-03-17 19:35:00+00:00,33.98,34.0,33.8114,33.85,103753.0,1231.0,33.88489
IOT,2026-03-17 19:40:00+00:00,33.86,34.03,33.86,33.99,160711.0,1670.0,33.940056
IOT,2026-03-17 19:45:00+00:00,33.99,34.065,33.86,33.86,225024.0,2200.0,33.985024
IOT,2026-03-17 19:50:00+00:00,33.85,33.87,33.605,33.615,202317.0,2617.0,33.762131
IOT,2026-03-17 19:55:00+00:00,33.61,33.72,33.56,33.71,615757.0,6387.0,33.652086
IOT,2026-03-17 20:00:00+00:00,33.71,33.71,33.7,33.7,802966.0,43.0,33.709995
IOT,2026-03-17 20:15:00+00:00,33.72,33.72,33.72,33.72,398.0,4.0,33.72
IOT,2026-03-17 20:25:00+00:00,33.71,33.71,33.71,33.71,391.0,5.0,33.71
IOT,2026-03-17 21:10:00+00:00,33.3457,33.3457,33.3457,33.3457,400.0,1.0,33.3457
IOT,2026-03-17 21:20:00+00:00,33.7,33.7,33.7,33.7,104.0,2.0,33.7
IOT,2026-03-17 22:15:00+00:00,33.5,33.5,33.5,33.5,200.0,2.0,33.5
IOT,2026-03-17 22:50:00+00:00,33.68,33.72,33.68,33.72,326.0,4.0,33.692308
IOT,2026-03-17 23:40:00+00:00,33.51,33.51,33.51,33.51,100.0,1.0,33.51
IOT,2026-03-18 08:00:00+00:00,33.92,33.92,33.92,33.92,216.0,5.0,33.92
IOT,2026-03-18 08:40:00+00:00,33.91,33.91,33.88,33.88,660.0,17.0,33.891333
IOT,2026-03-18 09:20:00+00:00,33.9,33.9,33.9,33.9,200.0,2.0,33.9
IOT,2026-03-18 10:45:00+00:00,33.9,33.9,33.9,33.9,589.0,4.0,33.9
IOT,2026-03-18 11:00:00+00:00,33.85,33.85,33.84,33.85,1155.0,8.0,33.849104
IOT,2026-03-18 11:50:00+00:00,33.8,33.81,33.8,33.81,655.0,11.0,33.807959
IOT,2026-03-18 12:00:00+00:00,33.91,33.92,33.493,33.92,1445.0,30.0,33.686488
IOT,2026-03-18 12:10:00+00:00,33.75,33.75,33.75,33.75,1500.0,1.0,33.75
IOT,2026-03-18 12:20:00+00:00,33.5074,33.5074,33.5074,33.5074,700.0,1.0,33.5074
IOT,2026-03-18 12:25:00+00:00,33.5052,33.64,33.5052,33.64,2149.0,4.0,33.511619
IOT,2026-03-18 12:30:00+00:00,33.5,33.5,33.2323,33.2323,3090.0,13.0,33.407145
IOT,2026-03-18 12:35:00+00:00,33.43,33.43,33.43,33.43,249.0,18.0,33.43
IOT,2026-03-18 12:40:00+00:00,33.5,33.57,33.5,33.57,1228.0,5.0,33.506364
IOT,2026-03-18 12:55:00+00:00,33.35,33.35,33.35,33.35,200.0,1.0,33.35
IOT,2026-03-18 13:00:00+00:00,33.4,33.4,33.4,33.4,984.0,121.0,33.4
IOT,2026-03-18 13:15:00+00:00,33.42,33.43,33.42,33.43,342.0,10.0,33.425
IOT,2026-03-18 13:20:00+00:00,33.4,33.5,33.4,33.5,762.0,10.0,33.462571
IOT,2026-03-18 13:30:00+00:00,33.33,34.4358,33.0,34.38,138165.0,594.0,33.668188
IOT,2026-03-18 13:35:00+00:00,34.39,34.49,34.2,34.24,51292.0,587.0,34.359751
IOT,2026-03-18 13:40:00+00:00,34.32,34.5,34.2,34.41,59383.0,842.0,34.377214
IOT,2026-03-18 13:45:00+00:00,34.47,34.48,34.22,34.24,64496.0,738.0,34.399849
IOT,2026-03-18 13:50:00+00:00,34.2,34.27,34.1,34.11,22217.0,449.0,34.195413
IOT,2026-03-18 13:55:00+00:00,34.09,34.15,33.96,34.12,51499.0,762.0,34.051274
IOT,2026-03-18 14:00:00+00:00,34.12,34.2,33.96,34.17,176061.0,1175.0,34.102872
IOT,2026-03-18 14:05:00+00:00,34.17,34.2,33.99,34.11,55717.0,623.0,34.115858
IOT,2026-03-18 14:10:00+00:00,34.12,34.16,33.97,34.02,103518.0,992.0,34.065062
IOT,2026-03-18 14:15:00+00:00,34.02,34.185,34.02,34.12,38532.0,556.0,34.125428
IOT,2026-03-18 14:20:00+00:00,34.12,34.16,34.0,34.095,101469.0,860.0,34.081446
IOT,2026-03-18 14:25:00+00:00,34.095,34.1,33.79,33.925,189060.0,1469.0,33.914113
IOT,2026-03-18 14:30:00+00:00,33.925,33.925,33.715,33.76,73543.0,882.0,33.787846
IOT,2026-03-18 14:35:00+00:00,33.76,33.8,33.51,33.56,78069.0,994.0,33.683696
IOT,2026-03-18 14:40:00+00:00,33.545,33.65,33.53,33.62,57092.0,1057.0,33.589715
IOT,2026-03-18 14:45:00+00:00,33.64,33.66,33.44,33.51,70460.0,861.0,33.574819
IOT,2026-03-18 14:50:00+00:00,33.52,33.54,33.41,33.41,83600.0,967.0,33.493502
IOT,2026-03-18 14:55:00+00:00,33.41,33.45,33.35,33.37,33326.0,625.0,33.400008
IOT,2026-03-18 15:00:00+00:00,33.36,33.495,33.32,33.395,74896.0,936.0,33.396916
IOT,2026-03-18 15:05:00+00:00,33.39,33.56,33.355,33.56,46692.0,767.0,33.440867
IOT,2026-03-18 15:10:00+00:00,33.57,33.695,33.515,33.595,79612.0,729.0,33.605385
IOT,2026-03-18 15:15:00+00:00,33.61,33.78,33.61,33.66,64363.0,682.0,33.73246
IOT,2026-03-18 15:20:00+00:00,33.655,33.78,33.655,33.7,21796.0,454.0,33.709426
IOT,2026-03-18 15:25:00+00:00,33.7,33.72,33.635,33.67,46390.0,659.0,33.680438
IOT,2026-03-18 15:30:00+00:00,33.68,33.785,33.65,33.75,70959.0,882.0,33.714261
IOT,2026-03-18 15:35:00+00:00,33.75,33.89,33.74,33.815,84019.0,677.0,33.806878
IOT,2026-03-18 15:40:00+00:00,33.815,33.815,33.7,33.8,44092.0,572.0,33.763861
IOT,2026-03-18 15:45:00+00:00,33.795,33.88,33.75,33.855,22506.0,371.0,33.819863
IOT,2026-03-18 15:50:00+00:00,33.87,33.92,33.81,33.915,17250.0,387.0,33.852204
IOT,2026-03-18 15:55:00+00:00,33.92,33.93,33.82,33.82,33367.0,585.0,33.874673
IOT,2026-03-18 16:00:00+00:00,33.81,33.81,33.7,33.71,28185.0,490.0,33.744439
IOT,2026-03-18 16:05:00+00:00,33.695,33.74,33.68,33.73,23760.0,439.0,33.702761
IOT,2026-03-18 16:10:00+00:00,33.73,33.79,33.69,33.75,19115.0,384.0,33.741442
IOT,2026-03-18 16:15:00+00:00,33.75,33.79,33.7,33.71,25063.0,477.0,33.748902
IOT,2026-03-18 16:20:00+00:00,33.71,33.75,33.69,33.72,16967.0,345.0,33.717842
IOT,2026-03-18 16:25:00+00:00,33.715,33.73,33.66,33.71,19195.0,365.0,33.698929
IOT,2026-03-18 16:30:00+00:00,33.7172,33.75,33.63,33.63,21461.0,492.0,33.71377
IOT,2026-03-18 16:35:00+00:00,33.6213,33.69,33.58,33.64,22736.0,358.0,33.624246
IOT,2026-03-18 16:40:00+00:00,33.64,33.675,33.61,33.62,21138.0,320.0,33.640368
IOT,2026-03-18 16:45:00+00:00,33.63,33.67,33.58,33.635,25989.0,432.0,33.630434
IOT,2026-03-18 16:50:00+00:00,33.635,33.66,33.61,33.66,17207.0,337.0,33.631216
IOT,2026-03-18 16:55:00+00:00,33.65,33.67,33.59,33.635,20923.0,427.0,33.623197
IOT,2026-03-18 17:00:00+00:00,33.62,33.64,33.57,33.625,28242.0,447.0,33.611928
IOT,2026-03-18 17:05:00+00:00,33.62,33.67,33.605,33.62,17532.0,431.0,33.627681
IOT,2026-03-18 17:10:00+00:00,33.61,33.74,33.61,33.73,29320.0,422.0,33.669452
IOT,2026-03-18 17:15:00+00:00,33.73,33.74,33.65,33.715,23564.0,480.0,33.69304
IOT,2026-03-18 17:20:00+00:00,33.72,33.73,33.68,33.73,19249.0,431.0,33.701245
IOT,2026-03-18 17:25:00+00:00,33.73,33.79,33.7,33.76,23697.0,486.0,33.748728
IOT,2026-03-18 17:30:00+00:00,33.79,33.86,33.79,33.85,25419.0,442.0,33.817247
IOT,2026-03-18 17:35:00+00:00,33.845,34.0,33.845,33.935,27580.0,481.0,33.921407
IOT,2026-03-18 17:40:00+00:00,33.94,33.94,33.86,33.86,28203.0,465.0,33.89305
IOT,2026-03-18 17:45:00+00:00,33.86,33.935,33.86,33.885,19406.0,416.0,33.899198
IOT,2026-03-18 17:50:00+00:00,33.88,33.94,33.86,33.91,24095.0,506.0,33.899423
IOT,2026-03-18 17:55:00+00:00,33.92,33.95,33.8752,33.884,26012.0,438.0,33.905758
IOT,2026-03-18 18:00:00+00:00,33.92,33.96,33.84,33.89,52684.0,715.0,33.900875
IOT,2026-03-18 18:05:00+00:00,33.9,33.92,33.7,33.775,22297.0,473.0,33.781466
IOT,2026-03-18 18:10:00+00:00,33.775,33.83,33.655,33.76,31936.0,629.0,33.750019
IOT,2026-03-18 18:15:00+00:00,33.775,33.87,33.7,33.87,37605.0,781.0,33.768012
IOT,2026-03-18 18:20:00+00:00,33.865,33.95,33.84,33.9,24845.0,528.0,33.898745
IOT,2026-03-18 18:25:00+00:00,33.88,33.94,33.845,33.91,29618.0,623.0,33.899153
IOT,2026-03-18 18:30:00+00:00,33.9,33.93,33.835,33.835,112756.0,1064.0,33.895873
IOT,2026-03-18 18:35:00+00:00,33.85,33.98,33.83,33.87,32676.0,656.0,33.889862
IOT,2026-03-18 18:40:00+00:00,33.85,33.88,33.795,33.838,53698.0,752.0,33.842019
IOT,2026-03-18 18:45:00+00:00,33.825,33.86,33.79,33.79,35361.0,607.0,33.833706
IOT,2026-03-18 18:50:00+00:00,33.78,33.795,33.71,33.715,70635.0,771.0,33.758411
IOT,2026-03-18 18:55:00+00:00,33.7,33.7499,33.66,33.675,30811.0,553.0,33.700914
IOT,2026-03-18 19:00:00+00:00,33.68,33.79,33.67,33.78,30645.0,599.0,33.730024
IOT,2026-03-18 19:05:00+00:00,33.78,33.92,33.78,33.89,123794.0,895.0,33.854245
IOT,2026-03-18 19:10:00+00:00,33.8801,33.8927,33.69,33.71,31019.0,663.0,33.768177
IOT,2026-03-18 19:15:00+00:00,33.72,33.72,33.665,33.69,27954.0,545.0,33.691346
IOT,2026-03-18 19:20:00+00:00,33.67,33.71,33.57,33.63,45268.0,827.0,33.655499
IOT,2026-03-18 19:25:00+00:00,33.61,33.725,33.5,33.72,80038.0,1283.0,33.5761
IOT,2026-03-18 19:30:00+00:00,33.7,33.76,33.68,33.75,50891.0,774.0,33.727773
IOT,2026-03-18 19:35:00+00:00,33.75,33.76,33.68,33.7,55808.0,927.0,33.726336
IOT,2026-03-18 19:40:00+00:00,33.7,33.73,33.66,33.73,65244.0,951.0,33.697205
IOT,2026-03-18 19:45:00+00:00,33.72,33.735,33.6,33.625,85023.0,1243.0,33.682212
IOT,2026-03-18 19:50:00+00:00,33.62,33.77,33.61,33.705,200090.0,2636.0,33.708303
IOT,2026-03-18 19:55:00+00:00,33.71,33.83,33.66,33.69,546793.0,5555.0,33.745349
IOT,2026-03-18 20:00:00+00:00,33.68,33.68,33.68,33.68,786495.0,38.0,33.68
IOT,2026-03-18 20:30:00+00:00,33.68,33.68,33.68,33.68,389.0,5.0,33.68
IOT,2026-03-18 20:55:00+00:00,33.69,33.69,33.68,33.68,559.0,3.0,33.684545
IOT,2026-03-18 22:00:00+00:00,33.5,33.5,33.5,33.5,1000.0,1.0,33.5
IOT,2026-03-18 22:10:00+00:00,33.5,33.5,33.5,33.5,263.0,1.0,33.5
IOT,2026-03-19 09:35:00+00:00,33.7,33.7,33.7,33.7,405.0,7.0,33.7
IOT,2026-03-19 11:45:00+00:00,33.4,33.4,33.35,33.35,1675.0,11.0,33.382744
IOT,2026-03-19 11:55:00+00:00,33.086,33.25,33.07,33.07,3551.0,45.0,33.093525
IOT,2026-03-19 12:00:00+00:00,33.4,33.4,33.4,33.4,422.0,20.0,33.4
IOT,2026-03-19 12:25:00+00:00,33.33,33.33,33.33,33.33,145.0,5.0,33.33
IOT,2026-03-19 12:45:00+00:00,33.33,33.33,33.33,33.33,100.0,1.0,33.33
IOT,2026-03-19 12:55:00+00:00,32.73,32.73,32.73,32.73,170.0,4.0,32.73
IOT,2026-03-19 13:05:00+00:00,32.75,32.75,32.75,32.75,500.0,2.0,32.75
IOT,2026-03-19 13:10:00+00:00,33.0357,33.0357,33.0357,33.0357,100.0,1.0,33.0357
IOT,2026-03-19 13:15:00+00:00,33.17,33.17,33.17,33.17,113.0,3.0,33.17
IOT,2026-03-19 13:20:00+00:00,33.2,33.2,33.2,33.2,120.0,1.0,33.2
IOT,2026-03-19 13:30:00+00:00,33.68,34.34,33.6,34.155,166321.0,833.0,33.93984
IOT,2026-03-19 13:35:00+00:00,34.18,34.3076,34.045,34.29,117825.0,808.0,34.12507
IOT,2026-03-19 13:40:00+00:00,34.27,34.695,34.26,34.45,274632.0,1379.0,34.521365
IOT,2026-03-19 13:45:00+00:00,34.4,34.4,34.107,34.14,69821.0,752.0,34.252244
IOT,2026-03-19 13:50:00+00:00,34.13,34.3177,34.07,34.305,46059.0,706.0,34.153314
IOT,2026-03-19 13:55:00+00:00,34.33,34.335,34.17,34.23,51716.0,555.0,34.243764
IOT,2026-03-19 14:00:00+00:00,34.24,34.43,34.15,34.35,71484.0,763.0,34.286723
IOT,2026-03-19 14:05:00+00:00,34.36,34.36,34.105,34.105,56959.0,790.0,34.223459
IOT,2026-03-19 14:10:00+00:00,34.105,34.17,33.99,34.005,70368.0,787.0,34.089006
IOT,2026-03-19 14:15:00+00:00,33.99,34.1,33.875,34.03,108627.0,1129.0,33.970065
IOT,2026-03-19 14:20:00+00:00,34.03,34.06,33.98,33.99,63193.0,877.0,34.020238
IOT,2026-03-19 14:25:00+00:00,33.995,34.01,33.815,33.875,77735.0,846.0,33.944845
IOT,2026-03-19 14:30:00+00:00,33.88,34.08,33.88,34.08,66499.0,907.0,33.954342
IOT,2026-03-19 14:35:00+00:00,34.09,34.13,33.99,34.03,32541.0,567.0,34.05893
IOT,2026-03-19 14:40:00+00:00,34.03,34.09,33.875,33.94,55558.0,706.0,33.968208
IOT,2026-03-19 14:45:00+00:00,33.93,34.03,33.93,34.03,40988.0,649.0,33.976945
IOT,2026-03-19 14:50:00+00:00,34.03,34.14,34.005,34.14,28177.0,563.0,34.080993
IOT,2026-03-19 14:55:00+00:00,34.1302,34.1765,34.055,34.135,23237.0,504.0,34.120321
IOT,2026-03-19 15:00:00+00:00,34.12,34.33,34.11,34.3297,39522.0,606.0,34.230558
IOT,2026-03-19 15:05:00+00:00,34.33,34.4,34.205,34.235,73426.0,964.0,34.316623
IOT,2026-03-19 15:10:00+00:00,34.22,34.24,34.13,34.225,65761.0,809.0,34.187455
IOT,2026-03-19 15:15:00+00:00,34.22,34.255,34.12,34.12,61575.0,810.0,34.201981
IOT,2026-03-19 15:20:00+00:00,34.12,34.14,34.05,34.06,96580.0,840.0,34.106116
IOT,2026-03-19 15:25:00+00:00,34.06,34.08,34.0,34.055,62707.0,682.0,34.035542
IOT,2026-03-19 15:30:00+00:00,34.06,34.095,33.97,33.97,77952.0,705.0,34.061475
IOT,2026-03-19 15:35:00+00:00,33.97,34.05,33.9,34.01,51180.0,583.0,33.989642
IOT,2026-03-19 15:40:00+00:00,34.01,34.05,33.94,34.04,69703.0,661.0,33.986602
IOT,2026-03-19 15:45:00+00:00,34.05,34.15,33.99,34.105,89689.0,631.0,34.104564
IOT,2026-03-19 15:50:00+00:00,34.09,34.15,34.03,34.055,32531.0,506.0,34.104694
IOT,2026-03-19 15:55:00+00:00,34.07,34.22,34.04,34.205,33830.0,553.0,34.163681
IOT,2026-03-19 16:00:00+00:00,34.22,34.27,34.18,34.23,38197.0,596.0,34.22297
IOT,2026-03-19 16:05:00+00:00,34.22,34.25,34.13,34.14,51172.0,723.0,34.18459
IOT,2026-03-19 16:10:00+00:00,34.145,34.145,34.04,34.05,49985.0,708.0,34.098372
IOT,2026-03-19 16:15:00+00:00,34.06,34.06,33.9,33.93,86125.0,971.0,33.9855
IOT,2026-03-19 16:20:00+00:00,33.93,33.95,33.88,33.935,22765.0,415.0,33.927101
IOT,2026-03-19 16:25:00+00:00,33.95,33.96,33.89,33.92,26851.0,480.0,33.921027
IOT,2026-03-19 16:30:00+00:00,33.925,34.065,33.925,34.04,30647.0,602.0,34.005021
IOT,2026-03-19 16:35:00+00:00,34.03,34.1,33.98,34.1,27011.0,444.0,34.031128
IOT,2026-03-19 16:40:00+00:00,34.105,34.115,34.035,34.08,26099.0,485.0,34.088023
IOT,2026-03-19 16:45:00+00:00,34.075,34.13,34.06,34.09,19348.0,336.0,34.091085
IOT,2026-03-19 16:50:00+00:00,34.08,34.09,33.99,34.0305,39092.0,688.0,34.034898
IOT,2026-03-19 16:55:00+00:00,34.03,34.09,34.01,34.09,21549.0,405.0,34.053298
IOT,2026-03-19 17:00:00+00:00,34.1,34.16,34.1,34.1,39364.0,497.0,34.115956
IOT,2026-03-19 17:05:00+00:00,34.1,34.13,34.075,34.08,40258.0,565.0,34.101617
IOT,2026-03-19 17:10:00+00:00,34.08,34.12,34.035,34.035,38212.0,611.0,34.080438
IOT,2026-03-19 17:15:00+00:00,34.04,34.06,33.95,34.025,37808.0,773.0,33.994459
IOT,2026-03-19 17:20:00+00:00,34.03,34.04,33.91,33.91,30790.0,512.0,33.960113
IOT,2026-03-19 17:25:00+00:00,33.91,33.98,33.88,33.98,28009.0,628.0,33.921826
IOT,2026-03-19 17:30:00+00:00,33.99,34.03,33.95,33.96,70218.0,848.0,33.990422
IOT,2026-03-19 17:35:00+00:00,33.95,33.95,33.91,33.915,65038.0,924.0,33.930407
IOT,2026-03-19 17:40:00+00:00,33.91,33.99,33.84,33.888,42560.0,687.0,33.908636
IOT,2026-03-19 17:45:00+00:00,33.86,33.99,33.86,33.915,28465.0,532.0,33.923321
IOT,2026-03-19 17:50:00+00:00,33.9,34.05,33.9,33.96,38507.0,625.0,33.981867
IOT,2026-03-19 17:55:00+00:00,33.94,33.963,33.91,33.92,18585.0,396.0,33.934178
IOT,2026-03-19 18:00:00+00:00,33.93,33.963,33.9001,33.91,28938.0,541.0,33.931608
IOT,2026-03-19 18:05:00+00:00,33.92,33.95,33.88,33.895,30686.0,519.0,33.922039
IOT,2026-03-19 18:10:00+00:00,33.88,34.01,33.87,34.005,29363.0,620.0,33.937328
IOT,2026-03-19 18:15:00+00:00,34.01,34.06,34.0,34.06,18289.0,361.0,34.017806
IOT,2026-03-19 18:20:00+00:00,34.06,34.06,33.985,34.01,24517.0,499.0,34.023637
IOT,2026-03-19 18:25:00+00:00,34.015,34.025,33.98,33.99,26448.0,443.0,34.004579
IOT,2026-03-19 18:30:00+00:00,33.99,34.02,33.955,33.99,30799.0,667.0,33.990833
IOT,2026-03-19 18:35:00+00:00,34.0,34.07,34.0,34.065,38410.0,541.0,34.027683
IOT,2026-03-19 18:40:00+00:00,34.065,34.08,33.86,33.86,44137.0,724.0,33.995144
IOT,2026-03-19 18:45:00+00:00,33.855,33.855,33.66,33.82,153656.0,1711.0,33.747639
IOT,2026-03-19 18:50:00+00:00,33.815,33.89,33.785,33.815,49285.0,621.0,33.832286
IOT,2026-03-19 18:55:00+00:00,33.82,33.99,33.815,33.84,89539.0,1152.0,33.916239
IOT,2026-03-19 19:00:00+00:00,33.84,34.12,33.84,34.11,84587.0,908.0,33.943403
IOT,2026-03-19 19:05:00+00:00,34.11,34.19,33.99,33.99,166379.0,1796.0,34.082264
IOT,2026-03-19 19:10:00+00:00,33.98,34.115,33.94,34.115,43306.0,770.0,34.015123
IOT,2026-03-19 19:15:00+00:00,34.115,34.25,34.09,34.146,86809.0,1114.0,34.167224
IOT,2026-03-19 19:20:00+00:00,34.14,34.17,33.96,34.015,142107.0,1614.0,34.107726
IOT,2026-03-19 19:25:00+00:00,34.015,34.015,33.845,33.99,80696.0,1081.0,33.914577
IOT,2026-03-19 19:30:00+00:00,33.99,34.02,33.95,33.95,92079.0,1184.0,33.984706
IOT,2026-03-19 19:35:00+00:00,33.94,33.965,33.79,33.87,141961.0,1836.0,33.843736
IOT,2026-03-19 19:40:00+00:00,33.86,33.88,33.76,33.76,89066.0,1277.0,33.837524
IOT,2026-03-19 19:45:00+00:00,33.75,33.79,33.66,33.68,167065.0,2041.0,33.730748
IOT,2026-03-19 19:50:00+00:00,33.68,33.74,33.62,33.725,221083.0,2430.0,33.684322
IOT,2026-03-19 19:55:00+00:00,33.73,33.77,33.595,33.65,614892.0,6104.0,33.640135
IOT,2026-03-19 20:00:00+00:00,33.66,33.66,33.66,33.66,638372.0,42.0,33.66
IOT,2026-03-19 20:45:00+00:00,33.96,33.96,33.96,33.96,632.0,3.0,33.96
IOT,2026-03-19 23:00:00+00:00,33.9,33.9,33.9,33.9,100.0,1.0,33.9
IOT,2026-03-20 09:20:00+00:00,33.66,33.66,33.66,33.66,300.0,2.0,33.66
IOT,2026-03-20 11:40:00+00:00,33.43,33.43,33.43,33.43,252.0,2.0,33.43
IOT,2026-03-20 12:00:00+00:00,33.5,33.73,33.5,33.73,682.0,26.0,33.594706
IOT,2026-03-20 13:20:00+00:00,33.5,33.5,33.5,33.5,100.0,1.0,33.5
IOT,2026-03-20 13:30:00+00:00,33.21,33.355,32.55,32.705,105453.0,595.0,33.000812
IOT,2026-03-20 13:35:00+00:00,32.75,32.77,32.48,32.7,158947.0,590.0,32.604062
IOT,2026-03-20 13:40:00+00:00,32.6908,32.79,32.55,32.74,31515.0,333.0,32.662208
IOT,2026-03-20 13:45:00+00:00,32.745,32.97,32.745,32.97,55814.0,537.0,32.887161
IOT,2026-03-20 13:50:00+00:00,33.0,33.04,32.92,33.02,34670.0,414.0,32.995036
IOT,2026-03-20 13:55:00+00:00,33.04,33.08,32.91,32.965,58880.0,598.0,32.993668
IOT,2026-03-20 14:00:00+00:00,32.96,33.24,32.95,33.215,28508.0,404.0,33.101
IOT,2026-03-20 14:05:00+00:00,33.2168,33.44,33.2168,33.44,85715.0,585.0,33.333421
IOT,2026-03-20 14:10:00+00:00,33.47,33.525,33.4001,33.47,27035.0,356.0,33.46874
IOT,2026-03-20 14:15:00+00:00,33.48,33.64,33.43,33.53,64761.0,737.0,33.546598
IOT,2026-03-20 14:20:00+00:00,33.55,33.58,33.46,33.485,45539.0,481.0,33.529481
IOT,2026-03-20 14:25:00+00:00,33.47,33.55,33.39,33.5351,53442.0,557.0,33.43723
IOT,2026-03-20 14:30:00+00:00,33.55,33.82,33.52,33.77,89639.0,885.0,33.746087
IOT,2026-03-20 14:35:00+00:00,33.75,33.96,33.745,33.945,64498.0,617.0,33.858138
IOT,2026-03-20 14:40:00+00:00,33.915,34.01,33.85,33.87,33379.0,585.0,33.939186
IOT,2026-03-20 14:45:00+00:00,33.88,33.985,33.88,33.97,28464.0,433.0,33.93886
IOT,2026-03-20 14:50:00+00:00,33.97,34.03,33.7,33.71,27541.0,506.0,33.917876
IOT,2026-03-20 14:55:00+00:00,33.69,33.84,33.64,33.67,97494.0,790.0,33.755847
IOT,2026-03-20 15:00:00+00:00,33.7,33.74,33.62,33.675,18680.0,372.0,33.67514
IOT,2026-03-20 15:05:00+00:00,33.68,33.69,33.5,33.57,32614.0,467.0,33.580497
IOT,2026-03-20 15:10:00+00:00,33.58,33.69,33.54,33.675,32946.0,502.0,33.603215
IOT,2026-03-20 15:15:00+00:00,33.675,33.72,33.545,33.55,71621.0,694.0,33.641609
IOT,2026-03-20 15:20:00+00:00,33.53,33.74,33.53,33.7,116638.0,742.0,33.64208
IOT,2026-03-20 15:25:00+00:00,33.7,33.7,33.63,33.66,22961.0,459.0,33.662501
IOT,2026-03-20 15:30:00+00:00,33.66,33.74,33.63,33.73,24920.0,447.0,33.681987
IOT,2026-03-20 15:35:00+00:00,33.72,33.72,33.51,33.515,26447.0,438.0,33.639476
IOT,2026-03-20 15:40:00+00:00,33.5,33.54,33.42,33.51,26758.0,400.0,33.497705
IOT,2026-03-20 15:45:00+00:00,33.52,33.58,33.49,33.52,35099.0,507.0,33.531682
IOT,2026-03-20 15:50:00+00:00,33.515,33.575,33.4798,33.56,24955.0,384.0,33.520113
IOT,2026-03-20 15:55:00+00:00,33.55,33.66,33.55,33.66,14865.0,330.0,33.592863
IOT,2026-03-20 16:00:00+00:00,33.675,33.79,33.675,33.79,27058.0,408.0,33.758563
IOT,2026-03-20 16:05:00+00:00,33.78,33.85,33.75,33.78,43380.0,534.0,33.805474
IOT,2026-03-20 16:10:00+00:00,33.78,33.82,33.7414,33.76,28178.0,422.0,33.778339
IOT,2026-03-20 16:15:00+00:00,33.75,33.81,33.73,33.77,21246.0,435.0,33.770476
IOT,2026-03-20 16:20:00+00:00,33.78,33.8,33.755,33.77,19781.0,351.0,33.77663
IOT,2026-03-20 16:25:00+00:00,33.76,33.79,33.68,33.725,28107.0,486.0,33.731808
IOT,2026-03-20 16:30:00+00:00,33.725,33.74,33.63,33.7,18964.0,407.0,33.678639
IOT,2026-03-20 16:35:00+00:00,33.69,33.71,33.65,33.69,23367.0,393.0,33.674663
IOT,2026-03-20 16:40:00+00:00,33.7,33.71,33.58,33.6,24913.0,369.0,33.620839
IOT,2026-03-20 16:45:00+00:00,33.6,33.65,33.6,33.65,32023.0,378.0,33.635346
IOT,2026-03-20 16:50:00+00:00,33.66,33.7076,33.62,33.7,18466.0,323.0,33.663952
IOT,2026-03-20 16:55:00+00:00,33.71,33.85,33.71,33.79,28243.0,451.0,33.78439
IOT,2026-03-20 17:00:00+00:00,33.79,33.81,33.75,33.78,19517.0,416.0,33.776238
IOT,2026-03-20 17:05:00+00:00,33.78,33.78,33.66,33.725,30925.0,421.0,33.724405
IOT,2026-03-20 17:10:00+00:00,33.725,33.75,33.67,33.73,52739.0,638.0,33.702615
IOT,2026-03-20 17:15:00+00:00,33.75,33.76,33.61,33.6368,37900.0,479.0,33.67271
IOT,2026-03-20 17:20:00+00:00,33.615,33.685,33.61,33.645,24657.0,423.0,33.653587
IOT,2026-03-20 17:25:00+00:00,33.65,33.75,33.5964,33.655,59645.0,856.0,33.667205
IOT,2026-03-20 17:30:00+00:00,33.66,33.68,33.55,33.56,46482.0,639.0,33.623732
IOT,2026-03-20 17:35:00+00:00,33.52,33.54,33.295,33.36,25270.0,603.0,33.391721
IOT,2026-03-20 17:40:00+00:00,33.38,33.43,33.345,33.395,39166.0,429.0,33.398472
IOT,2026-03-20 17:45:00+00:00,33.42,33.43,33.325,33.37,23766.0,382.0,33.382894
IOT,2026-03-20 17:50:00+00:00,33.35,33.39,33.275,33.33,26489.0,307.0,33.345211
IOT,2026-03-20 17:55:00+00:00,33.37,33.49,33.37,33.49,22406.0,388.0,33.426732
IOT,2026-03-20 18:00:00+00:00,33.49,33.5,33.415,33.45,28888.0,397.0,33.459676
IOT,2026-03-20 18:05:00+00:00,33.455,33.47,33.33,33.38,27191.0,468.0,33.409438
IOT,2026-03-20 18:10:00+00:00,33.37,33.4,33.32,33.335,33892.0,481.0,33.35328
IOT,2026-03-20 18:15:00+00:00,33.32,33.35,33.21,33.35,57626.0,634.0,33.257647
IOT,2026-03-20 18:20:00+00:00,33.35,33.35,33.17,33.2,47686.0,573.0,33.209605
IOT,2026-03-20 18:25:00+00:00,33.21,33.27,33.17,33.24,48525.0,572.0,33.218936
IOT,2026-03-20 18:30:00+00:00,33.24,33.27,33.185,33.2007,27985.0,533.0,33.228854
IOT,2026-03-20 18:35:00+00:00,33.2,33.24,33.15,33.15,48710.0,538.0,33.197306
IOT,2026-03-20 18:40:00+00:00,33.15,33.2,33.11,33.12,51743.0,733.0,33.139436
IOT,2026-03-20 18:45:00+00:00,33.14,33.2,33.1375,33.17,22511.0,406.0,33.171027
IOT,2026-03-20 18:50:00+00:00,33.15,33.18,33.13,33.14,19384.0,332.0,33.149565
IOT,2026-03-20 18:55:00+00:00,33.13,33.14,33.08,33.09,33141.0,513.0,33.114451
IOT,2026-03-20 19:00:00+00:00,33.1,33.17,33.1,33.13,30464.0,591.0,33.139051
IOT,2026-03-20 19:05:00+00:00,33.13,33.17,33.1,33.17,51954.0,473.0,33.133539
IOT,2026-03-20 19:10:00+00:00,33.16,33.175,33.12,33.13,45817.0,557.0,33.14611
IOT,2026-03-20 19:15:00+00:00,33.145,33.19,33.02,33.14,65714.0,1034.0,33.116072
IOT,2026-03-20 19:20:00+00:00,33.145,33.29,33.145,33.195,55178.0,709.0,33.228651
IOT,2026-03-20 19:25:00+00:00,33.19,33.215,33.15,33.2,55597.0,838.0,33.189375
IOT,2026-03-20 19:30:00+00:00,33.2,33.2,33.095,33.1,52463.0,804.0,33.144909
IOT,2026-03-20 19:35:00+00:00,33.1,33.135,33.035,33.065,71378.0,1076.0,33.081552
IOT,2026-03-20 19:40:00+00:00,33.06,33.09,32.98,33.07,97360.0,1279.0,33.023459
IOT,2026-03-20 19:45:00+00:00,33.08,33.15,32.8601,32.88,132862.0,1653.0,33.008147
IOT,2026-03-20 19:50:00+00:00,32.88,33.16,32.87,33.12,129183.0,1731.0,33.072285
IOT,2026-03-20 19:55:00+00:00,33.11,33.17,33.06,33.12,534832.0,6111.0,33.142932
IOT,2026-03-20 20:00:00+00:00,33.13,33.13,32.4936,33.0,3463658.0,88.0,33.129801
IOT,2026-03-20 20:20:00+00:00,33.1,33.1,33.1,33.1,30684.0,2.0,33.1
IOT,2026-03-20 20:30:00+00:00,33.1,33.1,33.1,33.1,144.0,2.0,33.1
IOT,2026-03-20 20:35:00+00:00,33.13,33.13,33.13,33.13,804.0,4.0,33.13
IOT,2026-03-20 20:40:00+00:00,33.13,33.13,33.13,33.13,712.0,2.0,33.13
IOT,2026-03-20 22:15:00+00:00,33.22,33.22,33.22,33.22,100.0,1.0,33.22
IOT,2026-03-20 22:30:00+00:00,33.4788,33.4788,33.4759,33.4759,500.0,2.0,33.47764
IOT,2026-03-20 22:40:00+00:00,33.27,33.28,33.27,33.28,200.0,2.0,33.275
IOT,2026-03-20 22:50:00+00:00,33.49,33.49,33.49,33.49,500.0,3.0,33.49
