date,open,high,low,close,volume
2026-03-30 09:50:00+00:00,144.5,144.5,144.5,144.5,1519.0
2026-03-30 09:55:00+00:00,144.5,144.5,144.5,144.5,252.0
2026-03-30 10:00:00+00:00,144.35,144.35,144.33,144.35,2119.0
2026-03-30 10:05:00+00:00,144.71,144.9178,144.61,144.9178,675.0
2026-03-30 10:30:00+00:00,144.3,144.3,144.3,144.3,242.0
2026-03-30 10:35:00+00:00,144.3,144.3,143.98,143.98,2840.0
2026-03-30 10:40:00+00:00,143.98,144.33,143.98,144.33,695.0
2026-03-30 10:50:00+00:00,144.87,144.87,144.87,144.87,100.0
2026-03-30 10:55:00+00:00,144.16,144.16,144.16,144.16,386.0
2026-03-30 11:00:00+00:00,143.91,144.56,143.91,144.5,5347.0
2026-03-30 11:05:00+00:00,144.456,144.5,144.1,144.5,2730.0
2026-03-30 11:15:00+00:00,144.33,144.33,144.33,144.33,2985.0
2026-03-30 11:20:00+00:00,144.33,144.64,144.33,144.64,6574.0
2026-03-30 11:25:00+00:00,144.8,145.19,144.77,144.78,4383.0
2026-03-30 11:30:00+00:00,145.0,145.0,144.68,144.99,2233.0
2026-03-30 11:35:00+00:00,144.66,145.0,144.6,144.843,2509.0
2026-03-30 11:40:00+00:00,144.5836,145.0,144.55,144.69,1135.0
2026-03-30 11:45:00+00:00,144.99,144.99,144.75,144.75,366.0
2026-03-30 11:50:00+00:00,144.99,144.99,144.82,144.8676,6689.0
2026-03-30 11:55:00+00:00,144.55,144.61,144.44,144.44,2015.0
2026-03-30 12:00:00+00:00,144.3563,144.5,144.3563,144.5,725.0
2026-03-30 12:05:00+00:00,144.45,144.61,144.45,144.61,1937.0
2026-03-30 12:10:00+00:00,144.7853,144.7853,144.7853,144.7853,590.0
2026-03-30 12:15:00+00:00,144.72,144.91,144.5,144.9,1530.0
2026-03-30 12:20:00+00:00,144.9,144.95,144.8,144.95,11622.0
2026-03-30 12:25:00+00:00,144.98,145.317,144.98,145.317,3525.0
2026-03-30 12:30:00+00:00,145.5,145.53,145.4325,145.44,3417.0
2026-03-30 12:35:00+00:00,145.18,145.2,145.0,145.1,5325.0
2026-03-30 12:40:00+00:00,145.08,145.19,144.95,145.0,3314.0
2026-03-30 12:45:00+00:00,145.1,145.1,145.1,145.1,279.0
2026-03-30 12:50:00+00:00,145.15,145.522,145.15,145.522,3185.0
2026-03-30 12:55:00+00:00,145.45,145.4817,145.45,145.4817,737.0
2026-03-30 13:00:00+00:00,145.6,146.04,145.5086,145.7,11204.0
2026-03-30 13:05:00+00:00,145.16,145.16,145.1,145.1,992.0
2026-03-30 13:10:00+00:00,145.61,145.94,145.61,145.75,1454.0
2026-03-30 13:15:00+00:00,145.7,146.06,145.7,146.06,4172.0
2026-03-30 13:20:00+00:00,145.81,145.88,145.81,145.88,2931.0
2026-03-30 13:25:00+00:00,145.0,145.18,144.08,144.08,10945.0
2026-03-30 13:30:00+00:00,144.01,145.75,143.32,143.45,407421.0
2026-03-30 13:35:00+00:00,143.445,143.6,141.77,142.435,234713.0
2026-03-30 13:40:00+00:00,142.435,142.79,141.11,142.465,240992.0
2026-03-30 13:45:00+00:00,142.46,143.08,141.11,141.315,89676.0
2026-03-30 13:50:00+00:00,141.255,141.26,139.89,139.9,231117.0
2026-03-30 13:55:00+00:00,140.075,140.6,139.5,140.145,254800.0
2026-03-30 14:00:00+00:00,140.32,141.2977,140.32,140.745,125884.0
2026-03-30 14:05:00+00:00,140.7393,141.47,140.34,141.33,86637.0
2026-03-30 14:10:00+00:00,141.49,142.77,140.85,142.77,93828.0
2026-03-30 14:15:00+00:00,142.77,143.33,142.52,143.1099,145192.0
2026-03-30 14:20:00+00:00,143.11,143.8,142.2766,142.465,143217.0
2026-03-30 14:25:00+00:00,142.46,142.83,141.82,141.97,83973.0
2026-03-30 14:30:00+00:00,141.96,142.19,141.18,141.18,52424.0
2026-03-30 14:35:00+00:00,141.345,141.345,140.4101,140.745,113377.0
2026-03-30 14:40:00+00:00,140.83,140.99,139.25,139.32,104168.0
2026-03-30 14:45:00+00:00,139.315,140.26,139.31,139.74,93809.0
2026-03-30 14:50:00+00:00,139.63,140.3299,139.4,140.195,53666.0
2026-03-30 14:55:00+00:00,140.155,140.8,140.0,140.655,56549.0
2026-03-30 15:00:00+00:00,140.7072,141.87,140.545,141.77,77595.0
2026-03-30 15:05:00+00:00,141.85,141.89,141.05,141.29,57760.0
2026-03-30 15:10:00+00:00,141.37,141.525,140.45,140.52,89698.0
2026-03-30 15:15:00+00:00,140.45,140.47,139.5,139.99,72086.0
2026-03-30 15:20:00+00:00,140.02,140.5542,139.97,140.525,61938.0
2026-03-30 15:25:00+00:00,140.525,140.6475,140.0,140.16,65476.0
2026-03-30 15:30:00+00:00,140.19,141.29,140.145,141.195,43832.0
2026-03-30 15:35:00+00:00,141.3,141.805,141.01,141.08,74241.0
2026-03-30 15:40:00+00:00,141.05,141.29,140.8,141.2215,42920.0
2026-03-30 15:45:00+00:00,141.28,141.92,141.07,141.79,51434.0
2026-03-30 15:50:00+00:00,141.82,142.36,141.79,141.79,67588.0
2026-03-30 15:55:00+00:00,141.8,142.0899,141.31,141.44,50311.0
2026-03-30 16:00:00+00:00,141.44,141.47,140.58,140.735,75852.0
2026-03-30 16:05:00+00:00,140.68,140.9,140.1,140.23,70987.0
2026-03-30 16:10:00+00:00,140.3,140.315,139.2357,139.265,98407.0
2026-03-30 16:15:00+00:00,139.31,139.35,138.5,138.85,208091.0
2026-03-30 16:20:00+00:00,138.85,139.235,138.41,138.465,71454.0
2026-03-30 16:25:00+00:00,138.51,138.57,138.05,138.435,63463.0
2026-03-30 16:30:00+00:00,138.49,138.585,138.23,138.38,61678.0
2026-03-30 16:35:00+00:00,138.36,139.24,138.22,139.24,76660.0
2026-03-30 16:40:00+00:00,139.22,139.53,139.14,139.365,59698.0
2026-03-30 16:45:00+00:00,139.365,139.365,138.875,138.93,35712.0
2026-03-30 16:50:00+00:00,138.945,139.29,138.865,139.05,40189.0
2026-03-30 16:55:00+00:00,139.02,139.71,138.65,139.65,110701.0
2026-03-30 17:00:00+00:00,139.69,139.73,139.21,139.3,111733.0
2026-03-30 17:05:00+00:00,139.29,139.6779,139.2,139.42,62008.0
2026-03-30 17:10:00+00:00,139.42,139.5199,138.6601,138.725,78197.0
2026-03-30 17:15:00+00:00,138.75,138.76,137.725,137.87,120488.0
2026-03-30 17:20:00+00:00,137.87,138.075,137.71,137.83,63051.0
2026-03-30 17:25:00+00:00,137.865,137.9,137.62,137.9,52876.0
2026-03-30 17:30:00+00:00,137.915,137.94,137.55,137.605,58306.0
2026-03-30 17:35:00+00:00,137.66,138.4099,137.55,138.24,66781.0
2026-03-30 17:40:00+00:00,138.3201,138.44,138.13,138.33,57361.0
2026-03-30 17:45:00+00:00,138.325,138.53,137.805,137.805,71457.0
2026-03-30 17:50:00+00:00,137.735,138.1399,137.59,137.81,49713.0
2026-03-30 17:55:00+00:00,137.82,138.19,137.75,138.105,42567.0
2026-03-30 18:00:00+00:00,138.14,138.18,137.92,137.96,34378.0
2026-03-30 18:05:00+00:00,137.96,138.09,137.5,137.685,57844.0
2026-03-30 18:10:00+00:00,137.66,138.0,137.61,137.96,41455.0
2026-03-30 18:15:00+00:00,137.965,138.185,137.8,138.185,46176.0
2026-03-30 18:20:00+00:00,138.2,138.26,137.68,137.875,40853.0
2026-03-30 18:25:00+00:00,137.875,137.9,137.4,137.465,55445.0
2026-03-30 18:30:00+00:00,137.445,137.82,137.41,137.68,38428.0
2026-03-30 18:35:00+00:00,137.74,138.02,137.53,137.605,50129.0
2026-03-30 18:40:00+00:00,137.605,137.65,137.48,137.6,30858.0
2026-03-30 18:45:00+00:00,137.67,137.71,137.1201,137.195,35270.0
2026-03-30 18:50:00+00:00,137.24,137.26,136.7801,136.965,73051.0
2026-03-30 18:55:00+00:00,136.995,137.135,136.6411,136.87,74968.0
2026-03-30 19:00:00+00:00,136.865,137.3,136.85,137.3,45940.0
2026-03-30 19:05:00+00:00,137.265,137.33,136.3514,136.4,65376.0
2026-03-30 19:10:00+00:00,136.49,136.58,136.18,136.42,57939.0
2026-03-30 19:15:00+00:00,136.405,136.62,136.0582,136.585,100532.0
2026-03-30 19:20:00+00:00,136.555,136.62,136.1052,136.265,90857.0
2026-03-30 19:25:00+00:00,136.28,136.32,136.0,136.17,63629.0
2026-03-30 19:30:00+00:00,136.22,136.54,136.036,136.34,55655.0
2026-03-30 19:35:00+00:00,136.34,136.7258,136.26,136.4,76011.0
2026-03-30 19:40:00+00:00,136.43,137.16,136.43,137.025,126733.0
2026-03-30 19:45:00+00:00,137.025,137.22,136.77,137.22,110669.0
2026-03-30 19:50:00+00:00,137.14,137.2999,136.76,137.2999,168766.0
2026-03-30 19:55:00+00:00,137.23,137.43,136.811,137.0,463577.0
2026-03-30 20:00:00+00:00,136.96,137.39,136.94,137.2,519066.0
2026-03-30 20:05:00+00:00,137.06,137.06,136.36,136.89,3138.0
2026-03-30 20:15:00+00:00,136.96,136.96,136.96,136.96,115025.0
2026-03-30 20:20:00+00:00,137.0,137.0,137.0,137.0,193.0
2026-03-30 20:30:00+00:00,136.96,136.96,136.5737,136.5737,581.0
2026-03-30 20:35:00+00:00,136.84,136.84,136.84,136.84,212.0
2026-03-30 20:40:00+00:00,136.95,136.95,136.52,136.52,4047.0
2026-03-30 20:45:00+00:00,136.52,136.6,136.52,136.6,1599.0
2026-03-30 20:50:00+00:00,136.8941,136.95,136.85,136.95,3035.0
2026-03-30 21:00:00+00:00,136.85,136.85,136.85,136.85,5016.0
2026-03-30 21:05:00+00:00,136.8,136.8,136.8,136.8,204.0
2026-03-30 21:15:00+00:00,136.75,136.8,136.75,136.8,961.0
2026-03-30 21:20:00+00:00,136.75,136.96,136.75,136.96,438.0
2026-03-30 21:25:00+00:00,136.83,136.83,136.83,136.83,274.0
2026-03-30 21:30:00+00:00,136.9,136.9591,136.9,136.9591,815.0
2026-03-30 21:35:00+00:00,136.83,136.83,136.83,136.83,337.0
2026-03-30 21:45:00+00:00,136.83,136.83,136.83,136.83,114.0
2026-03-30 21:50:00+00:00,136.7338,136.89,136.7338,136.89,946.0
2026-03-30 22:00:00+00:00,136.6874,136.924,136.6874,136.924,1011.0
2026-03-30 22:05:00+00:00,136.87,136.87,136.75,136.75,267.0
2026-03-30 22:10:00+00:00,136.7,136.89,136.6,136.88,3056.0
2026-03-30 22:15:00+00:00,136.82,136.9,136.55,136.8493,3633.0
2026-03-30 22:20:00+00:00,136.7,136.9,136.7,136.75,7532.0
2026-03-30 22:25:00+00:00,136.7169,136.8,136.7169,136.8,516.0
2026-03-30 22:30:00+00:00,136.7,136.7,136.7,136.7,301.0
2026-03-30 22:40:00+00:00,136.55,136.55,136.5,136.51,2994.0
2026-03-30 22:45:00+00:00,136.5429,136.5429,136.0,136.0,1109.0
2026-03-30 22:55:00+00:00,136.0825,136.0825,136.0825,136.0825,249.0
2026-03-30 23:00:00+00:00,136.05,136.05,135.983,135.983,1546.0
2026-03-30 23:05:00+00:00,135.8,135.8,135.3209,135.55,1142.0
2026-03-30 23:10:00+00:00,135.59,135.6,135.59,135.6,453.0
2026-03-30 23:15:00+00:00,135.45,135.45,135.45,135.45,318.0
2026-03-30 23:20:00+00:00,135.4998,135.75,135.3967,135.3967,1138.0
2026-03-30 23:25:00+00:00,135.21,135.9,135.21,135.9,2742.0
2026-03-30 23:30:00+00:00,135.213,135.213,135.213,135.213,150.0
2026-03-30 23:35:00+00:00,135.2363,135.8614,135.2363,135.8614,214.0
2026-03-30 23:40:00+00:00,135.23,135.23,135.23,135.23,1507.0
2026-03-30 23:45:00+00:00,135.226,135.226,135.2,135.2,753.0
2026-03-30 23:50:00+00:00,135.21,135.55,135.2,135.53,5030.0
2026-03-30 23:55:00+00:00,135.5592,135.77,135.5,135.5,1140.0
2026-03-31 08:00:00+00:00,138.38,139.5,137.64,139.5,16269.0
2026-03-31 08:05:00+00:00,139.5,139.5,139.5,139.5,106.0
2026-03-31 08:10:00+00:00,139.07,139.89,139.07,139.25,1335.0
2026-03-31 08:15:00+00:00,139.25,139.25,139.25,139.25,300.0
2026-03-31 08:20:00+00:00,139.25,139.29,138.6,139.29,1039.0
2026-03-31 08:25:00+00:00,139.25,139.25,139.25,139.25,7203.0
2026-03-31 08:30:00+00:00,138.97,138.97,138.97,138.97,353.0
2026-03-31 08:35:00+00:00,138.95,138.95,138.94,138.94,875.0
2026-03-31 08:55:00+00:00,139.0,139.0,139.0,139.0,150.0
2026-03-31 09:00:00+00:00,139.11,139.11,139.11,139.11,104.0
2026-03-31 09:15:00+00:00,139.12,139.12,139.12,139.12,706.0
2026-03-31 09:25:00+00:00,139.68,139.68,139.68,139.68,1239.0
2026-03-31 09:30:00+00:00,138.61,138.61,138.61,138.61,240.0
2026-03-31 09:55:00+00:00,139.0,139.0,138.9,138.9,1008.0
2026-03-31 10:20:00+00:00,139.18,139.18,139.18,139.18,187.0
2026-03-31 10:45:00+00:00,137.5,137.5,137.5,137.5,314.0
2026-03-31 10:50:00+00:00,138.27,138.27,138.27,138.27,364.0
2026-03-31 10:55:00+00:00,138.0,138.0,138.0,138.0,349.0
2026-03-31 11:00:00+00:00,137.63,138.15,137.63,138.0,1872.0
2026-03-31 11:05:00+00:00,137.6155,138.0,137.6155,138.0,445.0
2026-03-31 11:10:00+00:00,138.38,138.5,138.38,138.5,4139.0
2026-03-31 11:15:00+00:00,138.5,138.805,138.5,138.54,968.0
2026-03-31 11:20:00+00:00,138.02,138.2232,137.97,137.97,1815.0
2026-03-31 11:25:00+00:00,138.5,138.5,138.5,138.5,751.0
2026-03-31 11:30:00+00:00,138.69,138.69,138.517,138.517,1425.0
2026-03-31 11:35:00+00:00,138.65,138.7,138.39,138.7,1091.0
2026-03-31 11:40:00+00:00,138.9,139.0,138.9,139.0,603.0
2026-03-31 11:45:00+00:00,139.13,139.2135,138.9,138.9,2076.0
2026-03-31 11:50:00+00:00,138.94,138.94,138.9,138.9,4151.0
2026-03-31 11:55:00+00:00,139.0054,139.05,139.0,139.05,535.0
2026-03-31 12:00:00+00:00,138.9,139.5,138.9,139.5,2500.0
2026-03-31 12:05:00+00:00,139.61,139.8,139.0846,139.8,5526.0
2026-03-31 12:10:00+00:00,139.5,139.6012,139.1451,139.4,1585.0
2026-03-31 12:15:00+00:00,139.0,139.45,138.8,139.45,1875.0
2026-03-31 12:20:00+00:00,139.46,139.46,139.2432,139.2869,816.0
2026-03-31 12:25:00+00:00,139.57,139.8,139.57,139.8,1143.0
2026-03-31 12:30:00+00:00,139.5,139.8,139.5,139.8,1498.0
2026-03-31 12:35:00+00:00,139.84,139.84,139.6,139.6,3529.0
2026-03-31 12:40:00+00:00,139.612,140.0,139.612,140.0,3022.0
2026-03-31 12:45:00+00:00,140.1889,140.5,140.07,140.5,3389.0
2026-03-31 12:50:00+00:00,140.3146,140.6206,140.0858,140.55,9975.0
2026-03-31 12:55:00+00:00,140.62,140.761,140.0,140.01,2491.0
2026-03-31 13:00:00+00:00,140.1415,140.48,140.1415,140.1464,893.0
2026-03-31 13:05:00+00:00,140.0128,140.2525,140.0,140.2,2630.0
2026-03-31 13:10:00+00:00,140.25,140.6,140.25,140.6,1196.0
2026-03-31 13:15:00+00:00,140.37,140.62,140.2,140.37,2716.0
2026-03-31 13:20:00+00:00,140.1792,140.25,140.1,140.1,1424.0
2026-03-31 13:25:00+00:00,140.0,140.0,139.06,139.66,5266.0
2026-03-31 13:30:00+00:00,139.72,143.9304,139.72,143.735,432554.0
2026-03-31 13:35:00+00:00,143.7659,144.7,143.6761,144.0358,318175.0
2026-03-31 13:40:00+00:00,144.1,145.5,143.89,144.99,290684.0
2026-03-31 13:45:00+00:00,145.0,145.5,144.25,145.18,165679.0
2026-03-31 13:50:00+00:00,145.2481,145.8067,144.2906,145.715,160727.0
2026-03-31 13:55:00+00:00,145.715,146.36,145.1637,146.2985,167192.0
2026-03-31 14:00:00+00:00,146.26,146.58,146.01,146.34,156779.0
2026-03-31 14:05:00+00:00,146.34,146.515,145.31,145.4413,163233.0
2026-03-31 14:10:00+00:00,145.46,145.4793,144.65,144.65,316940.0
2026-03-31 14:15:00+00:00,144.61,146.11,144.61,145.725,127726.0
2026-03-31 14:20:00+00:00,145.725,146.88,145.35,146.555,238353.0
2026-03-31 14:25:00+00:00,146.555,147.27,146.2,146.895,197644.0
2026-03-31 14:30:00+00:00,146.94,147.285,146.285,146.995,180750.0
2026-03-31 14:35:00+00:00,147.08,147.09,146.25,146.815,147333.0
2026-03-31 14:40:00+00:00,146.815,146.92,145.13,145.385,93624.0
2026-03-31 14:45:00+00:00,145.385,145.4504,144.9,145.015,205071.0
2026-03-31 14:50:00+00:00,144.96,145.1336,144.1101,144.2501,136983.0
2026-03-31 14:55:00+00:00,144.27,144.27,143.3,144.04,156937.0
2026-03-31 15:00:00+00:00,144.1095,145.22,144.09,145.1,106860.0
2026-03-31 15:05:00+00:00,145.22,145.45,144.85,145.09,89950.0
2026-03-31 15:10:00+00:00,145.14,145.52,144.68,145.3525,67413.0
2026-03-31 15:15:00+00:00,145.2801,145.32,144.3296,144.3296,80920.0
2026-03-31 15:20:00+00:00,144.33,144.6015,143.9,144.6015,49153.0
2026-03-31 15:25:00+00:00,144.555,144.86,143.89,144.03,51724.0
2026-03-31 15:30:00+00:00,144.0,145.33,143.985,145.25,67528.0
2026-03-31 15:35:00+00:00,145.25,145.93,145.25,145.875,63573.0
2026-03-31 15:40:00+00:00,145.83,146.07,145.31,145.375,93452.0
2026-03-31 15:45:00+00:00,145.46,145.72,144.54,145.665,76067.0
2026-03-31 15:50:00+00:00,145.72,145.84,145.47,145.64,46477.0
2026-03-31 15:55:00+00:00,145.6116,145.8,145.2,145.25,50559.0
2026-03-31 16:00:00+00:00,145.2815,145.8879,145.2,145.645,58776.0
2026-03-31 16:05:00+00:00,145.72,146.1,145.57,146.1,45224.0
2026-03-31 16:10:00+00:00,146.03,146.27,145.62,146.07,57419.0
2026-03-31 16:15:00+00:00,146.06,146.79,145.985,146.54,111024.0
2026-03-31 16:20:00+00:00,146.57,146.675,146.13,146.675,53231.0
2026-03-31 16:25:00+00:00,146.675,146.7499,145.99,146.14,34667.0
2026-03-31 16:30:00+00:00,146.145,146.21,145.89,146.145,34088.0
2026-03-31 16:35:00+00:00,146.145,146.848,145.36,146.835,67221.0
2026-03-31 16:40:00+00:00,146.89,148.88,146.89,148.305,187474.0
2026-03-31 16:45:00+00:00,148.14,148.87,147.42,148.74,159509.0
2026-03-31 16:50:00+00:00,148.79,149.2099,148.3,148.73,227082.0
2026-03-31 16:55:00+00:00,148.7,149.34,148.57,148.8525,227056.0
2026-03-31 17:00:00+00:00,148.73,149.38,148.73,149.07,118730.0
2026-03-31 17:05:00+00:00,149.135,149.135,147.73,148.23,158514.0
2026-03-31 17:10:00+00:00,148.24,148.96,148.07,148.605,95053.0
2026-03-31 17:15:00+00:00,148.585,149.25,148.46,149.01,119061.0
2026-03-31 17:20:00+00:00,148.995,149.3,148.75,148.99,88176.0
2026-03-31 17:25:00+00:00,149.0,149.46,148.5063,148.96,147643.0
2026-03-31 17:30:00+00:00,149.1,149.8,148.94,149.3,92276.0
2026-03-31 17:35:00+00:00,149.34,149.63,148.48,148.965,109775.0
2026-03-31 17:40:00+00:00,148.9,149.1,148.53,148.71,73117.0
2026-03-31 17:45:00+00:00,148.71,149.455,148.3501,149.22,71142.0
2026-03-31 17:50:00+00:00,149.22,149.36,148.84,149.085,106885.0
2026-03-31 17:55:00+00:00,149.0201,149.085,148.3,148.51,84344.0
2026-03-31 18:00:00+00:00,148.59,148.9225,148.42,148.54,56597.0
2026-03-31 18:05:00+00:00,148.54,149.2,148.54,148.93,84037.0
2026-03-31 18:10:00+00:00,149.0054,149.1544,148.621,148.89,51792.0
2026-03-31 18:15:00+00:00,148.915,149.1499,148.82,148.88,54219.0
2026-03-31 18:20:00+00:00,148.92,149.19,148.701,148.701,65171.0
2026-03-31 18:25:00+00:00,148.7,149.3,148.64,149.12,36042.0
2026-03-31 18:30:00+00:00,149.1,149.25,148.6141,148.72,49370.0
2026-03-31 18:35:00+00:00,148.64,149.395,148.6001,149.2813,44560.0
2026-03-31 18:40:00+00:00,149.345,149.47,149.1,149.235,44107.0
2026-03-31 18:45:00+00:00,149.215,149.6631,149.2,149.33,55497.0
2026-03-31 18:50:00+00:00,149.34,149.57,149.285,149.41,40279.0
2026-03-31 18:55:00+00:00,149.46,149.55,149.22,149.34,33794.0
2026-03-31 19:00:00+00:00,149.34,149.76,149.325,149.7181,55145.0
2026-03-31 19:05:00+00:00,149.63,149.72,149.2,149.315,50626.0
2026-03-31 19:10:00+00:00,149.315,150.16,149.315,149.925,109375.0
2026-03-31 19:15:00+00:00,149.95,150.17,149.95,150.11,57047.0
2026-03-31 19:20:00+00:00,150.105,150.6,149.73,149.945,116439.0
2026-03-31 19:25:00+00:00,150.05,150.19,149.89,149.94,70646.0
2026-03-31 19:30:00+00:00,149.9586,150.46,149.9586,150.425,71703.0
2026-03-31 19:35:00+00:00,150.48,150.99,150.35,150.87,112410.0
2026-03-31 19:40:00+00:00,150.85,150.985,150.67,150.95,113423.0
2026-03-31 19:45:00+00:00,150.9,151.29,150.815,151.06,159775.0
2026-03-31 19:50:00+00:00,151.09,151.41,150.9,150.93,252253.0
2026-03-31 19:55:00+00:00,150.98,151.59,150.93,151.22,485901.0
2026-03-31 20:00:00+00:00,151.28,151.34,151.0,151.0,673662.0
2026-03-31 20:05:00+00:00,150.86,151.05,150.86,151.05,14783.0
2026-03-31 20:10:00+00:00,150.82,151.2077,150.82,151.2077,1284.0
2026-03-31 20:15:00+00:00,151.15,151.3,151.03,151.16,1671.0
2026-03-31 20:20:00+00:00,151.516,151.516,150.82,151.2511,925.0
2026-03-31 20:25:00+00:00,151.62,151.62,151.5066,151.5066,5770.0
2026-03-31 20:30:00+00:00,151.78,151.78,151.68,151.68,741.0
2026-03-31 20:35:00+00:00,151.7,151.7,151.5,151.5,402.0
2026-03-31 20:40:00+00:00,151.11,151.11,151.11,151.11,3418.0
2026-03-31 20:45:00+00:00,151.0207,151.11,151.0207,151.11,729.0
2026-03-31 20:50:00+00:00,151.0286,151.0957,151.02,151.02,2325.0
2026-03-31 20:55:00+00:00,151.042,151.0775,151.0,151.0775,706.0
2026-03-31 21:00:00+00:00,151.03,151.03,150.96,150.96,3583.0
2026-03-31 21:15:00+00:00,151.1726,151.1726,151.1726,151.1726,269.0
2026-03-31 21:20:00+00:00,151.0799,151.0799,151.0799,151.0799,187.0
2026-03-31 21:25:00+00:00,151.05,151.05,151.05,151.05,521.0
2026-03-31 21:30:00+00:00,151.11,151.11,151.11,151.11,422.0
2026-03-31 21:35:00+00:00,151.05,151.05,151.05,151.05,461.0
2026-03-31 21:40:00+00:00,150.95,150.95,150.95,150.95,168.0
2026-03-31 21:45:00+00:00,150.95,150.95,150.95,150.95,107.0
2026-03-31 21:55:00+00:00,151.15,151.15,150.95,150.95,5717.0
2026-03-31 22:00:00+00:00,150.95,151.0,150.89,150.89,1983.0
2026-03-31 22:05:00+00:00,150.89,151.0,150.89,151.0,4758.0
2026-03-31 22:10:00+00:00,151.0,151.31,151.0,151.31,7653.0
2026-03-31 22:15:00+00:00,151.49,151.5,151.45,151.45,1819.0
2026-03-31 22:20:00+00:00,151.35,151.6,151.31,151.6,1915.0
2026-03-31 22:25:00+00:00,151.81,152.0,151.59,152.0,3757.0
2026-03-31 22:30:00+00:00,152.48,152.48,152.48,152.48,107.0
2026-03-31 22:35:00+00:00,151.69,152.39,151.69,152.0,1987.0
2026-03-31 22:50:00+00:00,151.5926,151.5926,151.5926,151.5926,165.0
2026-03-31 22:55:00+00:00,151.8,151.98,151.8,151.89,671.0
2026-03-31 23:00:00+00:00,151.95,151.95,151.87,151.87,426.0
2026-03-31 23:10:00+00:00,151.5,151.95,151.5,151.95,603.0
2026-03-31 23:15:00+00:00,151.8355,151.8355,151.45,151.45,291.0
2026-03-31 23:20:00+00:00,151.59,151.59,151.59,151.59,308.0
2026-03-31 23:30:00+00:00,151.85,151.87,151.85,151.87,356.0
2026-03-31 23:35:00+00:00,151.91,151.91,151.8,151.8,1807.0
2026-03-31 23:45:00+00:00,151.98,152.0,151.98,152.0,1569.0
2026-03-31 23:50:00+00:00,152.06,152.2,152.06,152.0912,1264.0
2026-03-31 23:55:00+00:00,152.3,152.3,152.0,152.3,3506.0
2026-04-01 08:00:00+00:00,153.52,155.09,152.1,153.21,30887.0
2026-04-01 08:05:00+00:00,153.3649,153.9696,152.5,152.57,4250.0
2026-04-01 08:10:00+00:00,152.6,152.6,152.0,152.0,2419.0
2026-04-01 08:15:00+00:00,152.94,153.0,152.94,153.0,1709.0
2026-04-01 08:20:00+00:00,153.2,153.2,152.0,153.0,1689.0
2026-04-01 08:25:00+00:00,153.4428,153.4428,153.0,153.0,1316.0
2026-04-01 08:30:00+00:00,152.98,153.0,152.85,153.0,2392.0
2026-04-01 08:35:00+00:00,153.2,153.2,153.2,153.2,269.0
2026-04-01 08:40:00+00:00,153.17,153.4697,153.15,153.4697,1044.0
2026-04-01 08:55:00+00:00,153.0,153.0,153.0,153.0,403.0
2026-04-01 09:05:00+00:00,152.0,152.0,152.0,152.0,101.0
2026-04-01 09:10:00+00:00,152.0,152.9,152.0,152.9,355.0
2026-04-01 09:20:00+00:00,152.01,152.01,151.97,152.0,3123.0
2026-04-01 09:25:00+00:00,152.0,152.0,152.0,152.0,100.0
2026-04-01 09:30:00+00:00,152.1,152.1,152.03,152.03,419.0
2026-04-01 09:40:00+00:00,152.39,152.42,152.15,152.15,1223.0
2026-04-01 09:45:00+00:00,152.11,152.38,152.0,152.38,1387.0
2026-04-01 09:50:00+00:00,152.37,152.37,152.37,152.37,157.0
2026-04-01 09:55:00+00:00,152.31,152.33,152.31,152.33,783.0
2026-04-01 10:00:00+00:00,152.05,152.05,151.95,151.95,720.0
2026-04-01 10:05:00+00:00,151.94,151.94,151.94,151.94,420.0
2026-04-01 10:10:00+00:00,151.63,152.0,151.63,152.0,502.0
2026-04-01 10:15:00+00:00,152.2,152.36,152.2,152.36,622.0
2026-04-01 10:20:00+00:00,152.28,152.42,152.28,152.42,296.0
2026-04-01 10:30:00+00:00,152.36,152.37,152.36,152.37,577.0
2026-04-01 10:45:00+00:00,152.42,152.73,152.42,152.73,844.0
2026-04-01 10:50:00+00:00,153.0,153.0,153.0,153.0,302.0
2026-04-01 10:55:00+00:00,152.73,153.0,152.73,152.75,699.0
2026-04-01 11:00:00+00:00,153.5,153.52,152.86,153.52,2860.0
2026-04-01 11:05:00+00:00,153.7183,153.7999,153.5,153.7999,3397.0
2026-04-01 11:10:00+00:00,153.8,153.8,153.0,153.0,851.0
2026-04-01 11:15:00+00:00,153.39,153.39,151.28,151.28,574.0
2026-04-01 11:20:00+00:00,153.6837,153.7565,153.65,153.6571,2888.0
2026-04-01 11:25:00+00:00,153.7,154.0,153.7,153.8,6397.0
2026-04-01 11:30:00+00:00,153.857,153.857,153.5955,153.7,981.0
2026-04-01 11:35:00+00:00,153.74,153.97,153.74,153.97,2904.0
2026-04-01 11:40:00+00:00,154.0,154.1362,154.0,154.1255,2916.0
2026-04-01 11:45:00+00:00,154.05,155.0,154.05,154.5,11305.0
2026-04-01 11:50:00+00:00,154.33,154.33,154.33,154.33,270.0
2026-04-01 11:55:00+00:00,154.45,154.46,154.06,154.06,2442.0
2026-04-01 12:00:00+00:00,154.03,154.435,153.839,153.839,4488.0
2026-04-01 12:05:00+00:00,154.2,154.2262,154.0,154.05,1499.0
2026-04-01 12:10:00+00:00,153.93,154.4977,153.93,154.4194,3346.0
2026-04-01 12:15:00+00:00,154.39,154.4829,154.22,154.22,1955.0
2026-04-01 12:20:00+00:00,154.03,154.03,153.75,153.76,2912.0
2026-04-01 12:25:00+00:00,153.8073,153.8073,153.552,153.6,5178.0
2026-04-01 12:30:00+00:00,153.6,153.87,153.5,153.86,6469.0
2026-04-01 12:35:00+00:00,153.85,153.9,153.065,153.065,5905.0
2026-04-01 12:40:00+00:00,153.5,153.98,153.5,153.98,3380.0
2026-04-01 12:45:00+00:00,153.87,154.38,153.0,153.0,5971.0
2026-04-01 12:50:00+00:00,153.5,153.5,153.48,153.5,1473.0
2026-04-01 12:55:00+00:00,153.0743,154.0,153.01,154.0,922.0
2026-04-01 13:00:00+00:00,153.04,153.179,152.97,153.0424,2664.0
2026-04-01 13:05:00+00:00,153.485,153.485,152.91,152.91,1584.0
2026-04-01 13:10:00+00:00,153.18,153.444,153.0,153.31,4553.0
2026-04-01 13:15:00+00:00,153.5,153.71,153.4,153.4,2606.0
2026-04-01 13:20:00+00:00,153.65,153.88,153.1144,153.43,3335.0
2026-04-01 13:25:00+00:00,153.45,154.9,152.69,154.78,11431.0
2026-04-01 13:30:00+00:00,154.48,156.4,153.14,155.98,451328.0
2026-04-01 13:35:00+00:00,155.98,156.9599,155.97,156.89,203823.0
2026-04-01 13:40:00+00:00,156.89,157.3,155.91,156.69,194956.0
2026-04-01 13:45:00+00:00,156.78,157.0984,155.68,156.58,101007.0
2026-04-01 13:50:00+00:00,156.63,157.76,156.5413,157.01,192501.0
2026-04-01 13:55:00+00:00,156.8801,157.09,156.2301,156.745,124976.0
2026-04-01 14:00:00+00:00,156.74,157.39,156.3801,156.99,143371.0
2026-04-01 14:05:00+00:00,156.99,157.3,156.0,157.29,154770.0
2026-04-01 14:10:00+00:00,157.25,157.7599,156.701,157.66,57663.0
2026-04-01 14:15:00+00:00,157.61,158.2809,157.43,157.75,150030.0
2026-04-01 14:20:00+00:00,157.83,158.37,157.5,158.0502,96525.0
2026-04-01 14:25:00+00:00,158.105,158.2999,157.4234,157.6257,69793.0
2026-04-01 14:30:00+00:00,157.64,157.75,156.59,156.7,87082.0
2026-04-01 14:35:00+00:00,156.695,157.42,156.26,157.42,88702.0
2026-04-01 14:40:00+00:00,157.35,157.4,156.94,157.12,66022.0
2026-04-01 14:45:00+00:00,157.03,157.11,156.5801,156.84,56678.0
2026-04-01 14:50:00+00:00,156.74,156.97,156.39,156.4,51820.0
2026-04-01 14:55:00+00:00,156.46,156.74,156.19,156.495,54244.0
2026-04-01 15:00:00+00:00,156.5657,156.67,155.8,156.05,53489.0
2026-04-01 15:05:00+00:00,155.9723,156.4,155.72,155.81,71948.0
2026-04-01 15:10:00+00:00,155.81,156.05,155.55,155.77,65593.0
2026-04-01 15:15:00+00:00,155.775,155.81,155.03,155.245,103230.0
2026-04-01 15:20:00+00:00,155.3,155.46,153.75,153.81,233848.0
2026-04-01 15:25:00+00:00,153.75,153.95,152.7001,153.02,248670.0
2026-04-01 15:30:00+00:00,152.98,153.26,152.46,152.795,133557.0
2026-04-01 15:35:00+00:00,152.76,153.4,152.76,152.8433,100886.0
2026-04-01 15:40:00+00:00,152.817,153.1738,152.73,153.01,74692.0
2026-04-01 15:45:00+00:00,153.0,153.4399,152.65,152.795,67583.0
2026-04-01 15:50:00+00:00,152.79,153.25,152.3,153.2,91241.0
2026-04-01 15:55:00+00:00,153.2,153.4385,152.7201,152.875,73448.0
2026-04-01 16:00:00+00:00,152.8034,153.38,152.58,153.01,56016.0
2026-04-01 16:05:00+00:00,153.05,153.37,152.69,153.045,213511.0
2026-04-01 16:10:00+00:00,153.0825,153.47,152.7676,152.85,58206.0
2026-04-01 16:15:00+00:00,152.85,154.0,152.59,153.9642,92950.0
2026-04-01 16:20:00+00:00,153.915,154.67,153.85,154.13,99189.0
2026-04-01 16:25:00+00:00,154.13,154.1916,153.835,154.1916,58357.0
2026-04-01 16:30:00+00:00,154.2,154.26,153.95,154.11,111863.0
2026-04-01 16:35:00+00:00,154.13,154.31,153.95,154.06,77170.0
2026-04-01 16:40:00+00:00,154.065,154.52,154.06,154.345,35425.0
2026-04-01 16:45:00+00:00,154.36,154.6399,154.23,154.445,44359.0
2026-04-01 16:50:00+00:00,154.445,154.68,154.3,154.352,59737.0
2026-04-01 16:55:00+00:00,154.5,154.6655,154.2137,154.33,51267.0
2026-04-01 17:00:00+00:00,154.345,154.86,154.0358,154.85,60411.0
2026-04-01 17:05:00+00:00,154.85,155.1,154.365,154.5,56735.0
2026-04-01 17:10:00+00:00,154.62,154.68,154.41,154.46,40576.0
2026-04-01 17:15:00+00:00,154.45,155.02,154.45,154.84,67578.0
2026-04-01 17:20:00+00:00,154.86,154.98,154.4,154.48,65744.0
2026-04-01 17:25:00+00:00,154.475,154.55,154.17,154.2,53778.0
2026-04-01 17:30:00+00:00,154.25,154.5,154.19,154.29,52640.0
2026-04-01 17:35:00+00:00,154.35,154.61,154.097,154.47,41317.0
2026-04-01 17:40:00+00:00,154.55,154.79,154.55,154.685,54396.0
2026-04-01 17:45:00+00:00,154.73,154.75,154.485,154.71,28954.0
2026-04-01 17:50:00+00:00,154.78,155.125,154.63,155.03,44377.0
2026-04-01 17:55:00+00:00,154.99,155.06,154.57,154.723,37179.0
2026-04-01 18:00:00+00:00,154.75,154.8,154.42,154.665,73947.0
2026-04-01 18:05:00+00:00,154.71,155.0,154.3301,154.53,73163.0
2026-04-01 18:10:00+00:00,154.53,155.004,154.3701,154.42,47405.0
2026-04-01 18:15:00+00:00,154.42,154.42,153.59,153.7,92169.0
2026-04-01 18:20:00+00:00,153.67,153.99,153.12,153.15,121768.0
2026-04-01 18:25:00+00:00,153.2,153.9831,153.09,153.95,59868.0
2026-04-01 18:30:00+00:00,153.95,154.09,153.67,153.925,33793.0
2026-04-01 18:35:00+00:00,153.92,154.015,153.57,153.93,58818.0
2026-04-01 18:40:00+00:00,154.01,154.7299,154.01,154.25,32313.0
2026-04-01 18:45:00+00:00,154.38,154.41,153.85,154.07,33322.0
2026-04-01 18:50:00+00:00,154.125,154.1356,153.85,154.1356,25891.0
2026-04-01 18:55:00+00:00,154.095,154.47,154.02,154.4415,35343.0
2026-04-01 19:00:00+00:00,154.5,154.6312,154.335,154.56,28653.0
2026-04-01 19:05:00+00:00,154.57,154.84,154.53,154.66,36961.0
2026-04-01 19:10:00+00:00,154.655,155.47,154.49,155.38,89116.0
2026-04-01 19:15:00+00:00,155.345,155.5,155.08,155.44,66326.0
2026-04-01 19:20:00+00:00,155.45,155.68,155.03,155.425,85345.0
2026-04-01 19:25:00+00:00,155.44,155.6799,155.43,155.49,70520.0
2026-04-01 19:30:00+00:00,155.49,155.52,154.56,154.7307,105417.0
2026-04-01 19:35:00+00:00,154.815,155.19,154.64,155.18,75164.0
2026-04-01 19:40:00+00:00,155.25,155.6,154.75,154.8,150780.0
2026-04-01 19:45:00+00:00,154.73,155.2,154.73,154.97,96345.0
2026-04-01 19:50:00+00:00,155.03,155.35,155.0,155.285,188935.0
2026-04-01 19:55:00+00:00,155.22,155.36,154.62,155.1,600547.0
2026-04-01 20:00:00+00:00,155.07,155.07,154.7,154.84,462416.0
2026-04-01 20:05:00+00:00,154.95,154.95,154.95,154.95,110.0
2026-04-01 20:10:00+00:00,155.07,155.18,155.07,155.18,140631.0
2026-04-01 20:15:00+00:00,155.11,155.2499,155.11,155.2499,1000.0
2026-04-01 20:25:00+00:00,155.03,155.03,155.0031,155.0031,1251.0
2026-04-01 20:30:00+00:00,154.7143,154.7143,154.7143,154.7143,1114.0
2026-04-01 20:35:00+00:00,154.7,154.7,154.7,154.7,639.0
2026-04-01 20:50:00+00:00,154.85,154.99,154.85,154.99,571.0
2026-04-01 20:55:00+00:00,154.9104,154.9104,154.9,154.9,754.0
2026-04-01 21:00:00+00:00,154.81,154.81,154.565,154.565,1133.0
2026-04-01 21:10:00+00:00,154.81,154.81,154.81,154.81,622.0
2026-04-01 21:25:00+00:00,154.8313,154.8313,154.8313,154.8313,116.0
2026-04-01 21:30:00+00:00,154.99,154.99,154.99,154.99,222.0
2026-04-01 21:35:00+00:00,154.8144,154.8144,154.78,154.78,720.0
2026-04-01 21:45:00+00:00,154.99,154.99,154.99,154.99,596.0
2026-04-01 21:55:00+00:00,154.9043,154.9043,154.9043,154.9043,156.0
2026-04-01 22:00:00+00:00,155.0,155.0,155.0,155.0,1386.0
2026-04-01 22:05:00+00:00,154.98,154.98,154.97,154.97,305.0
2026-04-01 22:10:00+00:00,155.0,155.0,155.0,155.0,101.0
2026-04-01 22:15:00+00:00,155.1,155.1,155.1,155.1,192.0
2026-04-01 22:25:00+00:00,154.9,154.9,154.9,154.9,1607.0
2026-04-01 22:30:00+00:00,155.0,155.0,155.0,155.0,201.0
2026-04-01 22:50:00+00:00,154.9,154.9,154.9,154.9,640.0
2026-04-01 23:00:00+00:00,154.91,154.91,154.91,154.91,250.0
2026-04-01 23:10:00+00:00,154.9043,155.0,154.9043,155.0,680.0
2026-04-01 23:15:00+00:00,155.0,155.0,155.0,155.0,203.0
2026-04-01 23:25:00+00:00,154.89,154.9,154.89,154.9,366.0
2026-04-01 23:35:00+00:00,154.89,154.89,154.89,154.89,118.0
2026-04-01 23:45:00+00:00,154.826,154.826,154.826,154.826,340.0
2026-04-01 23:50:00+00:00,154.8,154.8,154.8,154.8,275.0
2026-04-01 23:55:00+00:00,154.75,154.75,154.75,154.75,142.0
2026-04-02 08:00:00+00:00,151.07,151.07,149.21,150.12,22689.0
2026-04-02 08:05:00+00:00,151.0,151.0,150.1968,150.2,1732.0
2026-04-02 08:15:00+00:00,150.57,150.57,150.57,150.57,515.0
2026-04-02 08:20:00+00:00,150.24,150.24,150.24,150.24,457.0
2026-04-02 08:25:00+00:00,150.49,150.5,150.3,150.3,1645.0
2026-04-02 08:30:00+00:00,150.26,150.26,150.21,150.21,2014.0
2026-04-02 08:35:00+00:00,150.24,150.24,150.24,150.24,451.0
2026-04-02 08:40:00+00:00,150.24,150.24,150.24,150.24,348.0
2026-04-02 08:45:00+00:00,150.84,151.3,150.57,151.0,4884.0
2026-04-02 08:50:00+00:00,151.0,151.0,151.0,151.0,2759.0
2026-04-02 09:00:00+00:00,151.0,151.0,151.0,151.0,353.0
2026-04-02 09:05:00+00:00,150.23,150.23,150.23,150.23,408.0
2026-04-02 09:10:00+00:00,150.33,150.33,150.31,150.31,435.0
2026-04-02 09:15:00+00:00,150.3,150.3,150.3,150.3,356.0
2026-04-02 09:20:00+00:00,150.13,150.13,150.13,150.13,464.0
2026-04-02 09:25:00+00:00,149.8,149.8,149.68,149.68,1020.0
2026-04-02 09:40:00+00:00,149.53,149.53,149.0,149.02,4436.0
2026-04-02 09:45:00+00:00,148.93,148.93,148.88,148.88,1230.0
2026-04-02 09:50:00+00:00,149.33,149.33,149.33,149.33,148.0
2026-04-02 09:55:00+00:00,149.23,149.23,149.23,149.23,339.0
2026-04-02 10:00:00+00:00,149.08,149.08,149.07,149.07,499.0
2026-04-02 10:10:00+00:00,149.07,149.07,148.51,148.51,1853.0
2026-04-02 10:30:00+00:00,148.77,148.95,148.77,148.95,272.0
2026-04-02 10:40:00+00:00,148.58,149.5,148.54,149.5,3745.0
2026-04-02 10:50:00+00:00,149.02,149.03,148.87,148.87,937.0
2026-04-02 10:55:00+00:00,149.06,149.34,149.06,149.34,280.0
2026-04-02 11:00:00+00:00,149.38,149.7,149.2,149.7,11886.0
2026-04-02 11:05:00+00:00,149.48,149.48,148.8,148.8,3355.0
2026-04-02 11:10:00+00:00,148.61,148.9,148.2,148.2,3179.0
2026-04-02 11:15:00+00:00,148.12,148.12,147.3,148.08,9239.0
2026-04-02 11:20:00+00:00,148.24,148.49,148.02,148.02,3970.0
2026-04-02 11:25:00+00:00,148.24,148.24,147.97,147.97,2979.0
2026-04-02 11:30:00+00:00,148.1,148.25,147.9606,148.25,2581.0
2026-04-02 11:35:00+00:00,147.88,148.0421,147.1,147.1845,5140.0
2026-04-02 11:40:00+00:00,147.58,147.58,147.12,147.17,9146.0
2026-04-02 11:45:00+00:00,147.1,147.1,147.0,147.0,1448.0
2026-04-02 11:50:00+00:00,147.3006,147.3006,147.24,147.3,1013.0
2026-04-02 11:55:00+00:00,147.5004,147.54,147.0,147.0,2312.0
2026-04-02 12:00:00+00:00,147.0,147.05,146.643,147.0,3348.0
2026-04-02 12:05:00+00:00,147.0,147.06,147.0,147.06,937.0
2026-04-02 12:10:00+00:00,146.6743,147.0644,146.6743,147.0644,484.0
2026-04-02 12:15:00+00:00,147.02,147.02,146.6213,146.6213,3102.0
2026-04-02 12:20:00+00:00,146.8,147.845,146.75,147.29,9646.0
2026-04-02 12:25:00+00:00,147.9,148.0,147.25,147.25,6874.0
2026-04-02 12:30:00+00:00,147.02,147.58,146.79,147.2,11517.0
2026-04-02 12:35:00+00:00,147.19,148.0,146.79,147.2,6304.0
2026-04-02 12:40:00+00:00,147.2418,147.47,147.2418,147.47,920.0
2026-04-02 12:45:00+00:00,147.28,148.0,147.25,148.0,6739.0
2026-04-02 12:50:00+00:00,148.1115,148.1115,147.7,147.7,1224.0
2026-04-02 12:55:00+00:00,147.8682,148.0,146.9,146.9,6588.0
2026-04-02 13:00:00+00:00,147.25,147.25,147.0,147.25,4848.0
2026-04-02 13:05:00+00:00,147.27,148.1306,147.27,148.0,5480.0
2026-04-02 13:10:00+00:00,148.0,148.0,147.0984,147.31,4417.0
2026-04-02 13:15:00+00:00,147.3719,147.51,147.3,147.5,1434.0
2026-04-02 13:20:00+00:00,147.1867,147.45,147.04,147.04,4665.0
2026-04-02 13:25:00+00:00,146.82,149.96,146.56,149.74,21844.0
2026-04-02 13:30:00+00:00,149.77,151.0,148.25,148.715,323678.0
2026-04-02 13:35:00+00:00,148.715,148.715,147.13,147.13,145452.0
2026-04-02 13:40:00+00:00,147.2305,147.5807,146.56,147.16,216670.0
2026-04-02 13:45:00+00:00,147.2,148.56,146.86,148.1,154576.0
2026-04-02 13:50:00+00:00,148.11,150.5,148.06,150.02,205731.0
2026-04-02 13:55:00+00:00,150.01,151.2,149.7101,150.89,128285.0
2026-04-02 14:00:00+00:00,151.0,151.0999,149.24,149.91,220138.0
2026-04-02 14:05:00+00:00,149.83,151.3,149.63,151.185,138109.0
2026-04-02 14:10:00+00:00,151.18,151.19,150.2001,150.352,49384.0
2026-04-02 14:15:00+00:00,150.46,151.0,150.06,150.1,74609.0
2026-04-02 14:20:00+00:00,150.06,150.32,149.2601,149.44,92911.0
2026-04-02 14:25:00+00:00,149.45,149.45,148.0,148.12,203511.0
2026-04-02 14:30:00+00:00,148.11,148.66,147.8701,148.57,151296.0
2026-04-02 14:35:00+00:00,148.55,152.07,148.54,150.67,247790.0
2026-04-02 14:40:00+00:00,150.66,150.7,148.9012,150.3804,246734.0
2026-04-02 14:45:00+00:00,150.36,150.64,148.0,148.0,152996.0
2026-04-02 14:50:00+00:00,147.93,148.25,147.47,148.06,107351.0
2026-04-02 14:55:00+00:00,148.04,148.6799,147.68,147.79,69935.0
2026-04-02 15:00:00+00:00,147.68,147.71,145.82,147.03,206768.0
2026-04-02 15:05:00+00:00,147.18,147.18,145.97,146.665,182641.0
2026-04-02 15:10:00+00:00,146.64,148.4352,146.59,148.31,157521.0
2026-04-02 15:15:00+00:00,148.35,148.54,147.7,148.1065,146526.0
2026-04-02 15:20:00+00:00,147.99,147.99,146.875,147.595,85484.0
2026-04-02 15:25:00+00:00,147.59,148.38,147.25,148.15,99149.0
2026-04-02 15:30:00+00:00,148.05,148.6499,147.84,148.6499,62061.0
2026-04-02 15:35:00+00:00,148.65,148.92,148.21,148.33,69190.0
2026-04-02 15:40:00+00:00,148.31,148.425,147.811,148.365,71464.0
2026-04-02 15:45:00+00:00,148.25,148.275,147.7,147.7455,46346.0
2026-04-02 15:50:00+00:00,147.78,148.26,147.36,148.26,62819.0
2026-04-02 15:55:00+00:00,148.2595,148.75,148.03,148.64,34713.0
2026-04-02 16:00:00+00:00,148.6,148.96,147.58,147.66,77273.0
2026-04-02 16:05:00+00:00,147.715,147.8,147.285,147.58,49051.0
2026-04-02 16:10:00+00:00,147.62,147.875,147.4,147.405,36940.0
2026-04-02 16:15:00+00:00,147.38,147.57,147.15,147.23,41365.0
2026-04-02 16:20:00+00:00,147.2487,147.41,146.84,146.96,43331.0
2026-04-02 16:25:00+00:00,146.96,147.315,146.7201,146.945,51491.0
2026-04-02 16:30:00+00:00,147.1525,147.42,146.77,147.225,44179.0
2026-04-02 16:35:00+00:00,147.26,147.37,146.785,147.035,35851.0
2026-04-02 16:40:00+00:00,147.0911,147.715,147.0911,147.5,42895.0
2026-04-02 16:45:00+00:00,147.6,147.67,147.41,147.495,32627.0
2026-04-02 16:50:00+00:00,147.5,148.15,147.4,148.1183,59830.0
2026-04-02 16:55:00+00:00,148.12,148.12,147.41,147.57,42091.0
2026-04-02 17:00:00+00:00,147.51,147.54,147.0425,147.52,67016.0
2026-04-02 17:05:00+00:00,147.42,147.5699,146.94,147.03,35076.0
2026-04-02 17:10:00+00:00,147.06,147.15,146.78,147.135,84861.0
2026-04-02 17:15:00+00:00,147.135,147.24,146.75,146.91,56277.0
2026-04-02 17:20:00+00:00,146.9689,146.9689,146.38,146.44,88478.0
2026-04-02 17:25:00+00:00,146.44,146.61,146.3475,146.445,39168.0
2026-04-02 17:30:00+00:00,146.445,146.49,146.0601,146.445,46231.0
2026-04-02 17:35:00+00:00,146.42,146.53,146.1001,146.53,67229.0
2026-04-02 17:40:00+00:00,146.55,147.11,146.4,147.02,79916.0
2026-04-02 17:45:00+00:00,146.94,147.05,146.66,146.8132,38187.0
2026-04-02 17:50:00+00:00,146.835,148.0,146.79,147.37,75710.0
2026-04-02 17:55:00+00:00,147.5314,147.5314,147.01,147.175,20343.0
2026-04-02 18:00:00+00:00,147.16,147.36,146.4,146.875,70717.0
2026-04-02 18:05:00+00:00,146.9,147.15,146.78,146.935,35284.0
2026-04-02 18:10:00+00:00,146.91,147.23,146.9,147.0,27582.0
2026-04-02 18:15:00+00:00,147.14,147.305,146.93,147.1625,41292.0
2026-04-02 18:20:00+00:00,147.11,147.321,147.01,147.2,23946.0
2026-04-02 18:25:00+00:00,147.175,147.6,147.14,147.39,84772.0
2026-04-02 18:30:00+00:00,147.415,147.97,147.28,147.93,51732.0
2026-04-02 18:35:00+00:00,147.91,148.0,147.74,147.87,43634.0
2026-04-02 18:40:00+00:00,147.81,148.28,147.69,148.165,61135.0
2026-04-02 18:45:00+00:00,148.24,148.4,148.145,148.215,28668.0
2026-04-02 18:50:00+00:00,148.215,148.45,148.2085,148.39,34372.0
2026-04-02 18:55:00+00:00,148.39,148.65,148.33,148.39,59111.0
2026-04-02 19:00:00+00:00,148.4,148.54,148.25,148.44,76613.0
2026-04-02 19:05:00+00:00,148.52,148.79,148.0,148.79,88948.0
2026-04-02 19:10:00+00:00,148.81,149.15,148.74,148.96,43806.0
2026-04-02 19:15:00+00:00,148.97,149.39,148.8701,149.105,125097.0
2026-04-02 19:20:00+00:00,149.105,149.33,148.88,149.13,74710.0
2026-04-02 19:25:00+00:00,149.15,149.21,149.05,149.1725,40945.0
2026-04-02 19:30:00+00:00,149.17,149.49,149.119,149.2275,52589.0
2026-04-02 19:35:00+00:00,149.225,149.605,149.2,149.59,74949.0
2026-04-02 19:40:00+00:00,149.55,149.71,149.41,149.47,89919.0
2026-04-02 19:45:00+00:00,149.52,149.52,148.9,148.92,139117.0
2026-04-02 19:50:00+00:00,148.97,149.98,148.95,149.6022,212547.0
2026-04-02 19:55:00+00:00,149.53,149.595,148.71,149.09,331382.0
2026-04-02 20:00:00+00:00,149.11,149.11,148.99,149.03,543476.0
2026-04-02 20:05:00+00:00,149.0923,149.11,149.0923,149.1,9240.0
2026-04-02 20:10:00+00:00,149.19,149.19,149.19,149.19,638.0
2026-04-02 20:15:00+00:00,149.1653,149.1888,149.05,149.05,1003.0
2026-04-02 20:20:00+00:00,149.0247,149.0247,149.013,149.013,467.0
2026-04-02 20:25:00+00:00,149.0,149.1,149.0,149.1,1752.0
2026-04-02 20:30:00+00:00,149.03,149.03,148.86,148.86,2295.0
2026-04-02 20:35:00+00:00,148.85,148.85,148.85,148.85,295.0
2026-04-02 20:40:00+00:00,149.25,149.25,148.85,148.95,713.0
2026-04-02 20:50:00+00:00,148.85,148.85,148.85,148.85,368.0
2026-04-02 20:55:00+00:00,149.0,149.0,149.0,149.0,114.0
2026-04-02 21:00:00+00:00,149.88,149.88,149.0,149.0,1029.0
2026-04-02 21:05:00+00:00,149.0,149.0,149.0,149.0,388.0
2026-04-02 21:10:00+00:00,149.0,149.0,149.0,149.0,757.0
2026-04-02 21:15:00+00:00,149.17,149.3,149.1,149.3,3762.0
2026-04-02 21:20:00+00:00,149.2,149.2,149.2,149.2,241.0
2026-04-02 21:25:00+00:00,149.11,149.11,148.8955,148.8955,612.0
2026-04-02 21:30:00+00:00,148.95,149.11,148.85,148.85,1677.0
2026-04-02 21:35:00+00:00,149.2667,149.2667,149.2667,149.2667,111.0
2026-04-02 21:40:00+00:00,149.11,149.11,149.11,149.11,356.0
2026-04-02 21:45:00+00:00,149.0,149.0,149.0,149.0,236.0
2026-04-02 21:55:00+00:00,149.13,149.15,149.13,149.15,286.0
2026-04-02 22:00:00+00:00,149.17,149.89,149.17,149.89,706.0
2026-04-02 22:05:00+00:00,149.01,149.01,149.01,149.01,252.0
2026-04-02 22:45:00+00:00,149.1,149.1,149.1,149.1,108.0
2026-04-02 22:50:00+00:00,149.1,149.1,149.0,149.09,1687.0
2026-04-02 22:55:00+00:00,149.08,149.08,148.93,148.93,263.0
2026-04-02 23:00:00+00:00,148.88,148.88,148.85,148.85,780.0
2026-04-02 23:15:00+00:00,148.9117,148.9117,148.9117,148.9117,340.0
2026-04-02 23:20:00+00:00,148.99,148.99,148.8501,148.87,1334.0
2026-04-02 23:30:00+00:00,149.0,149.0,148.87,148.9805,422.0
2026-04-02 23:35:00+00:00,149.0,149.0,148.9999,148.9999,531.0
2026-04-02 23:55:00+00:00,149.02,149.5,148.88,148.89,3457.0
2026-04-06 08:00:00+00:00,149.53,150.3,149.1,150.3,7281.0
2026-04-06 08:05:00+00:00,150.15,150.15,150.1219,150.1219,2249.0
2026-04-06 08:10:00+00:00,150.11,150.11,150.11,150.11,259.0
2026-04-06 08:15:00+00:00,150.06,150.06,150.06,150.06,184.0
2026-04-06 08:20:00+00:00,149.98,149.98,149.91,149.91,742.0
2026-04-06 08:35:00+00:00,150.9537,150.9537,150.9537,150.9537,318.0
2026-04-06 08:40:00+00:00,150.99,150.99,150.99,150.99,805.0
2026-04-06 08:45:00+00:00,151.63,151.63,151.63,151.63,192.0
2026-04-06 08:50:00+00:00,151.18,151.18,151.18,151.18,141.0
2026-04-06 09:00:00+00:00,151.46,151.51,151.46,151.51,530.0
2026-04-06 09:05:00+00:00,151.5,151.51,151.5,151.5,1028.0
2026-04-06 09:10:00+00:00,151.39,151.39,151.2,151.2,1609.0
2026-04-06 09:15:00+00:00,151.2,151.2,151.2,151.2,110.0
2026-04-06 09:20:00+00:00,151.76,151.8,151.48,151.48,1544.0
2026-04-06 09:25:00+00:00,151.26,151.26,151.26,151.26,377.0
2026-04-06 09:35:00+00:00,151.51,151.51,151.51,151.51,107.0
2026-04-06 09:40:00+00:00,151.3,151.3,151.3,151.3,357.0
2026-04-06 09:45:00+00:00,151.45,151.5614,151.45,151.5614,2305.0
2026-04-06 09:50:00+00:00,151.4,151.61,151.4,151.6,1650.0
2026-04-06 09:55:00+00:00,151.0,151.0,151.0,151.0,466.0
2026-04-06 10:10:00+00:00,151.23,151.23,150.34,150.61,9403.0
2026-04-06 10:30:00+00:00,150.21,150.21,150.21,150.21,130.0
2026-04-06 10:40:00+00:00,150.19,150.61,150.19,150.61,1621.0
2026-04-06 10:45:00+00:00,150.0,150.0,150.0,150.0,885.0
2026-04-06 10:50:00+00:00,149.76,149.76,149.76,149.76,350.0
2026-04-06 11:00:00+00:00,150.0,150.0,149.5495,149.6088,13707.0
2026-04-06 11:05:00+00:00,149.6551,150.0,149.6551,150.0,1505.0
2026-04-06 11:10:00+00:00,150.0,150.2,149.8,150.2,4168.0
2026-04-06 11:15:00+00:00,149.9,150.24,149.85,149.85,2309.0
2026-04-06 11:20:00+00:00,150.28,150.33,150.28,150.33,424.0
2026-04-06 11:25:00+00:00,150.35,150.61,150.2,150.5867,6681.0
2026-04-06 11:30:00+00:00,150.5958,150.6,150.28,150.28,2764.0
2026-04-06 11:35:00+00:00,150.4,150.41,150.4,150.41,861.0
2026-04-06 11:40:00+00:00,150.5,150.58,150.25,150.25,3830.0
2026-04-06 11:45:00+00:00,150.5,150.5,150.5,150.5,402.0
2026-04-06 11:50:00+00:00,150.58,150.61,150.58,150.5837,5603.0
2026-04-06 11:55:00+00:00,150.61,150.61,150.5,150.5,2630.0
2026-04-06 12:00:00+00:00,150.6,150.6,150.5567,150.5567,1113.0
2026-04-06 12:05:00+00:00,150.2,150.6,150.2,150.6,1943.0
2026-04-06 12:10:00+00:00,150.3422,150.61,150.3,150.3,2431.0
2026-04-06 12:20:00+00:00,150.2,150.61,150.2,150.6,6263.0
2026-04-06 12:30:00+00:00,150.45,150.61,150.33,150.61,2361.0
2026-04-06 12:35:00+00:00,150.75,151.03,150.75,151.03,2995.0
2026-04-06 12:40:00+00:00,151.03,151.03,151.0,151.0,1786.0
2026-04-06 12:45:00+00:00,151.48,151.5,150.1,150.1,926.0
2026-04-06 12:50:00+00:00,151.47,151.67,151.3,151.67,1533.0
2026-04-06 12:55:00+00:00,151.67,151.67,150.99,150.99,1475.0
2026-04-06 13:00:00+00:00,151.5028,151.67,150.6834,151.11,2988.0
2026-04-06 13:05:00+00:00,150.6586,151.5,150.6586,151.5,3962.0
2026-04-06 13:10:00+00:00,151.31,151.77,151.31,151.66,5085.0
2026-04-06 13:15:00+00:00,151.72,152.21,151.17,151.91,7150.0
2026-04-06 13:20:00+00:00,151.91,152.2099,151.4,152.2,3513.0
2026-04-06 13:25:00+00:00,151.4,152.21,150.55,152.0,9363.0
2026-04-06 13:30:00+00:00,151.99,153.68,150.0,150.67,266929.0
2026-04-06 13:35:00+00:00,150.64,151.37,148.06,148.9746,211948.0
2026-04-06 13:40:00+00:00,148.8,149.34,147.7701,148.1152,106076.0
2026-04-06 13:45:00+00:00,148.34,149.3,148.0,148.74,80758.0
2026-04-06 13:50:00+00:00,149.0499,149.93,148.71,149.0,93807.0
2026-04-06 13:55:00+00:00,148.89,149.0666,148.22,148.62,60320.0
2026-04-06 14:00:00+00:00,148.44,149.06,147.01,147.01,106241.0
2026-04-06 14:05:00+00:00,147.1,147.33,146.1,147.33,132647.0
2026-04-06 14:10:00+00:00,147.3703,147.53,147.03,147.49,44992.0
2026-04-06 14:15:00+00:00,147.31,147.9,147.31,147.7675,77007.0
2026-04-06 14:20:00+00:00,147.93,147.9399,147.28,147.635,45833.0
2026-04-06 14:25:00+00:00,147.62,147.94,147.15,147.69,43454.0
2026-04-06 14:30:00+00:00,147.69,147.8,147.2001,147.29,46679.0
2026-04-06 14:35:00+00:00,147.3,147.93,147.2,147.55,45912.0
2026-04-06 14:40:00+00:00,147.5102,148.07,147.5102,148.0169,25876.0
2026-04-06 14:45:00+00:00,147.88,148.03,147.6668,147.75,35481.0
2026-04-06 14:50:00+00:00,147.75,148.35,147.67,148.075,38420.0
2026-04-06 14:55:00+00:00,148.15,148.5,147.81,148.28,28544.0
2026-04-06 15:00:00+00:00,148.28,149.29,148.28,148.65,38835.0
2026-04-06 15:05:00+00:00,148.65,148.7747,148.05,148.33,20560.0
2026-04-06 15:10:00+00:00,148.345,148.46,148.04,148.35,20573.0
2026-04-06 15:15:00+00:00,148.345,148.43,148.2,148.24,15763.0
2026-04-06 15:20:00+00:00,148.33,149.05,148.25,148.835,33872.0
2026-04-06 15:25:00+00:00,148.82,148.86,148.35,148.495,25993.0
2026-04-06 15:30:00+00:00,148.495,148.51,148.11,148.3039,40642.0
2026-04-06 15:35:00+00:00,148.25,148.6,148.11,148.6,26128.0
2026-04-06 15:40:00+00:00,148.55,148.67,147.8,148.06,44141.0
2026-04-06 15:45:00+00:00,147.89,148.32,147.8,147.91,17035.0
2026-04-06 15:50:00+00:00,147.907,148.32,147.8,148.3099,17425.0
2026-04-06 15:55:00+00:00,148.3,148.4,147.9859,148.16,18464.0
2026-04-06 16:00:00+00:00,148.28,148.28,147.81,147.945,18032.0
2026-04-06 16:05:00+00:00,147.945,147.9678,147.51,147.585,22952.0
2026-04-06 16:10:00+00:00,147.53,147.795,147.36,147.695,35401.0
2026-04-06 16:15:00+00:00,147.695,147.85,147.39,147.81,41878.0
2026-04-06 16:20:00+00:00,147.79,147.91,147.61,147.65,15667.0
2026-04-06 16:25:00+00:00,147.59,147.84,147.59,147.67,15753.0
2026-04-06 16:30:00+00:00,147.665,148.22,147.601,148.195,28128.0
2026-04-06 16:35:00+00:00,148.27,148.58,148.2,148.365,40500.0
2026-04-06 16:40:00+00:00,148.365,148.6836,148.27,148.5,17653.0
2026-04-06 16:45:00+00:00,148.39,148.42,148.105,148.2251,16574.0
2026-04-06 16:50:00+00:00,148.155,148.24,147.635,147.87,20298.0
2026-04-06 16:55:00+00:00,147.84,148.125,147.741,148.01,20112.0
2026-04-06 17:00:00+00:00,148.024,148.03,147.4,147.84,43595.0
2026-04-06 17:05:00+00:00,147.775,147.89,147.54,147.65,12455.0
2026-04-06 17:10:00+00:00,147.71,147.76,146.9,147.1823,34259.0
2026-04-06 17:15:00+00:00,147.32,147.71,147.275,147.615,41027.0
2026-04-06 17:20:00+00:00,147.79,148.28,147.53,148.28,18772.0
2026-04-06 17:25:00+00:00,148.3,148.3,148.03,148.135,29589.0
2026-04-06 17:30:00+00:00,148.11,148.93,148.095,148.71,31955.0
2026-04-06 17:35:00+00:00,148.72,148.9435,148.48,148.8,19250.0
2026-04-06 17:40:00+00:00,148.8,149.2,148.7,148.7101,46537.0
2026-04-06 17:45:00+00:00,148.795,148.8799,148.51,148.6,18776.0
2026-04-06 17:50:00+00:00,148.595,148.84,148.54,148.71,22027.0
2026-04-06 17:55:00+00:00,148.74,148.865,148.49,148.64,37714.0
2026-04-06 18:00:00+00:00,148.67,148.98,148.64,148.78,22715.0
2026-04-06 18:05:00+00:00,148.89,149.005,148.56,148.81,21387.0
2026-04-06 18:10:00+00:00,148.82,149.33,148.5201,148.735,38522.0
2026-04-06 18:15:00+00:00,148.7,149.2385,148.6501,149.21,17509.0
2026-04-06 18:20:00+00:00,149.19,149.75,148.99,149.46,48758.0
2026-04-06 18:25:00+00:00,149.425,149.95,149.4,149.695,30778.0
2026-04-06 18:30:00+00:00,149.695,149.87,149.33,149.47,48976.0
2026-04-06 18:35:00+00:00,149.405,149.56,149.34,149.455,17310.0
2026-04-06 18:40:00+00:00,149.5,149.7,149.39,149.64,45936.0
2026-04-06 18:45:00+00:00,149.6,149.79,149.49,149.58,17796.0
2026-04-06 18:50:00+00:00,149.64,149.67,149.51,149.605,32118.0
2026-04-06 18:55:00+00:00,149.605,149.64,149.51,149.64,16039.0
2026-04-06 19:00:00+00:00,149.6655,149.97,149.6107,149.85,50734.0
2026-04-06 19:05:00+00:00,149.85,149.87,149.58,149.72,56530.0
2026-04-06 19:10:00+00:00,149.72,149.91,149.7,149.85,16591.0
2026-04-06 19:15:00+00:00,149.85,149.92,149.72,149.76,33284.0
2026-04-06 19:20:00+00:00,149.76,149.88,149.66,149.76,27535.0
2026-04-06 19:25:00+00:00,149.705,149.8099,149.49,149.555,39521.0
2026-04-06 19:30:00+00:00,149.555,149.68,149.29,149.36,53639.0
2026-04-06 19:35:00+00:00,149.36,149.375,148.8,148.915,64708.0
2026-04-06 19:40:00+00:00,148.84,148.93,148.66,148.755,68325.0
2026-04-06 19:45:00+00:00,148.75,149.205,148.75,148.935,48904.0
2026-04-06 19:50:00+00:00,148.99,148.99,148.3062,148.375,99680.0
2026-04-06 19:55:00+00:00,148.41,148.85,148.38,148.85,239772.0
2026-04-06 20:00:00+00:00,148.77,148.85,148.3,148.3,363631.0
2026-04-06 20:05:00+00:00,148.5712,148.5712,148.5712,148.5712,143.0
2026-04-06 20:10:00+00:00,148.65,148.99,148.58,148.58,748.0
2026-04-06 20:15:00+00:00,148.75,148.75,148.58,148.58,757.0
2026-04-06 20:20:00+00:00,148.64,148.75,148.64,148.75,328.0
2026-04-06 20:25:00+00:00,148.7,148.7,148.7,148.7,504.0
2026-04-06 20:30:00+00:00,148.7432,148.7432,148.7432,148.7432,111.0
2026-04-06 20:50:00+00:00,148.9575,148.9575,148.9575,148.9575,463.0
2026-04-06 20:55:00+00:00,148.77,148.78,148.77,148.78,377.0
2026-04-06 21:05:00+00:00,148.93,148.93,148.93,148.93,250.0
2026-04-06 21:15:00+00:00,148.89,148.89,148.89,148.89,801.0
2026-04-06 21:45:00+00:00,148.78,148.78,148.78,148.78,400.0
2026-04-06 21:50:00+00:00,149.12,149.12,149.12,149.12,208.0
2026-04-06 22:00:00+00:00,148.8375,148.8375,148.8375,148.8375,202.0
2026-04-06 22:05:00+00:00,148.9,148.9,148.9,148.9,302.0
2026-04-06 22:20:00+00:00,148.95,148.95,148.95,148.95,1006.0
2026-04-06 22:25:00+00:00,148.95,148.95,148.95,148.95,262.0
2026-04-06 22:35:00+00:00,148.75,148.75,148.74,148.74,201.0
2026-04-06 22:45:00+00:00,148.63,148.63,148.63,148.63,1001.0
2026-04-06 22:55:00+00:00,148.7,148.7,148.7,148.7,395.0
2026-04-06 23:05:00+00:00,148.5,148.5,148.5,148.5,450.0
2026-04-06 23:15:00+00:00,148.45,148.45,148.45,148.45,314.0
2026-04-06 23:20:00+00:00,148.35,148.35,148.35,148.35,113.0
2026-04-06 23:30:00+00:00,148.089,148.089,148.089,148.089,200.0
2026-04-06 23:35:00+00:00,148.1534,148.1534,148.15,148.15,560.0
2026-04-06 23:40:00+00:00,148.09,148.09,148.06,148.06,299.0
2026-04-06 23:50:00+00:00,148.11,148.158,148.1,148.158,710.0
2026-04-06 23:55:00+00:00,148.3,148.3,148.2,148.2,325.0
2026-04-07 08:00:00+00:00,146.0,147.15,144.7,145.02,70733.0
2026-04-07 08:05:00+00:00,145.2,145.5,145.0,145.5,5239.0
2026-04-07 08:10:00+00:00,145.83,145.83,145.83,145.83,213.0
2026-04-07 08:15:00+00:00,145.8,146.41,145.8,146.3245,2915.0
2026-04-07 08:20:00+00:00,146.6,146.6,146.47,146.47,1139.0
2026-04-07 08:30:00+00:00,146.6,146.6,146.6,146.6,136.0
2026-04-07 08:35:00+00:00,146.5732,146.5732,146.5732,146.5732,1001.0
2026-04-07 08:40:00+00:00,146.13,146.21,146.13,146.21,613.0
2026-04-07 08:45:00+00:00,146.1,146.1,145.93,145.93,1072.0
2026-04-07 08:50:00+00:00,145.91,145.91,145.91,145.91,529.0
2026-04-07 09:00:00+00:00,146.21,146.49,146.21,146.49,2228.0
2026-04-07 09:05:00+00:00,146.08,146.08,146.08,146.08,196.0
2026-04-07 09:10:00+00:00,146.38,146.4762,146.28,146.28,1383.0
2026-04-07 09:15:00+00:00,146.33,146.33,146.31,146.31,521.0
2026-04-07 09:20:00+00:00,146.17,146.2,146.17,146.2,402.0
2026-04-07 09:25:00+00:00,146.33,146.5494,146.33,146.46,1733.0
2026-04-07 09:35:00+00:00,146.36,146.36,146.31,146.31,481.0
2026-04-07 09:40:00+00:00,146.09,146.09,146.09,146.09,484.0
2026-04-07 09:45:00+00:00,146.6,146.6,146.48,146.48,202.0
2026-04-07 10:00:00+00:00,145.9,145.9,145.7,145.7,1909.0
2026-04-07 10:05:00+00:00,145.5,145.53,145.5,145.5,2472.0
2026-04-07 10:15:00+00:00,145.96,146.0,145.96,146.0,448.0
2026-04-07 10:20:00+00:00,145.7,145.8,145.31,145.31,1814.0
2026-04-07 10:25:00+00:00,145.0,145.12,145.0,145.12,2284.0
2026-04-07 10:30:00+00:00,145.2,145.2,145.0,145.05,2584.0
2026-04-07 10:40:00+00:00,145.0,145.0,144.8,144.8,2304.0
2026-04-07 10:45:00+00:00,144.63,144.68,144.0,144.3,3827.0
2026-04-07 10:50:00+00:00,144.2,144.7,144.01,144.7,1932.0
2026-04-07 10:55:00+00:00,143.8,143.82,143.8,143.82,243.0
2026-04-07 11:00:00+00:00,144.7,144.8717,144.25,144.35,5271.0
2026-04-07 11:05:00+00:00,144.3442,144.3442,144.3,144.3,1263.0
2026-04-07 11:10:00+00:00,144.62,144.62,144.29,144.29,218.0
2026-04-07 11:15:00+00:00,144.65,144.65,144.3,144.6,2529.0
2026-04-07 11:20:00+00:00,144.5,144.75,144.5,144.75,444.0
2026-04-07 11:25:00+00:00,144.68,144.68,144.2226,144.2226,2165.0
2026-04-07 11:30:00+00:00,144.15,145.0,144.0,144.0,1782.0
2026-04-07 11:35:00+00:00,144.07,144.07,143.3,143.4837,4579.0
2026-04-07 11:40:00+00:00,143.94,143.94,143.9,143.9,396.0
2026-04-07 11:45:00+00:00,143.57,143.9679,143.47,143.9679,2420.0
2026-04-07 11:50:00+00:00,143.5998,143.8992,143.5929,143.83,1173.0
2026-04-07 11:55:00+00:00,143.6,143.9545,143.5,143.94,1767.0
2026-04-07 12:00:00+00:00,143.8,143.85,143.5,143.54,7116.0
2026-04-07 12:05:00+00:00,143.35,143.35,142.46,142.46,5675.0
2026-04-07 12:10:00+00:00,142.5004,143.0,142.5004,142.7,1750.0
2026-04-07 12:15:00+00:00,142.62,143.0,142.14,142.75,7834.0
2026-04-07 12:20:00+00:00,142.95,144.0,142.95,143.37,5490.0
2026-04-07 12:25:00+00:00,143.4,143.5,143.0,143.1,3708.0
2026-04-07 12:30:00+00:00,143.23,143.23,142.67,142.97,1088.0
2026-04-07 12:40:00+00:00,143.0,143.0,143.0,143.0,1026.0
2026-04-07 12:45:00+00:00,142.77,142.98,142.53,142.89,3821.0
2026-04-07 12:50:00+00:00,142.71,142.85,142.55,142.7724,2887.0
2026-04-07 12:55:00+00:00,142.56,143.15,142.5,143.15,2922.0
2026-04-07 13:00:00+00:00,143.0108,143.0108,142.7,142.7,407.0
2026-04-07 13:05:00+00:00,142.7,143.5493,142.6162,143.0,5089.0
2026-04-07 13:10:00+00:00,143.26,143.26,142.7728,142.7728,2314.0
2026-04-07 13:15:00+00:00,142.7728,143.13,142.06,142.06,8948.0
2026-04-07 13:20:00+00:00,142.11,142.8,142.11,142.31,7062.0
2026-04-07 13:25:00+00:00,142.51,144.23,142.51,144.01,13806.0
2026-04-07 13:30:00+00:00,144.01,145.5,141.87,141.91,246368.0
2026-04-07 13:35:00+00:00,142.02,142.46,140.59,141.71,298316.0
2026-04-07 13:40:00+00:00,141.47,143.085,141.16,142.3744,169747.0
2026-04-07 13:45:00+00:00,142.419,143.3,141.35,141.425,124786.0
2026-04-07 13:50:00+00:00,141.425,141.93,140.9501,141.12,155808.0
2026-04-07 13:55:00+00:00,141.105,141.697,140.25,140.37,124129.0
2026-04-07 14:00:00+00:00,140.37,140.44,139.38,139.74,231746.0
2026-04-07 14:05:00+00:00,139.87,139.87,138.0,138.4584,164042.0
2026-04-07 14:10:00+00:00,138.47,139.18,138.47,139.11,129708.0
2026-04-07 14:15:00+00:00,139.12,139.49,138.52,138.815,111998.0
2026-04-07 14:20:00+00:00,138.89,139.9525,138.86,139.52,182816.0
2026-04-07 14:25:00+00:00,139.45,139.52,138.7,138.9,80597.0
2026-04-07 14:30:00+00:00,138.9,139.08,138.26,138.79,143816.0
2026-04-07 14:35:00+00:00,138.7661,138.99,137.9,138.1999,147968.0
2026-04-07 14:40:00+00:00,138.1351,138.8099,138.08,138.58,78397.0
2026-04-07 14:45:00+00:00,138.59,139.49,138.59,139.05,107179.0
2026-04-07 14:50:00+00:00,139.085,139.79,138.7,139.335,86642.0
2026-04-07 14:55:00+00:00,139.335,139.335,138.86,138.985,68347.0
2026-04-07 15:00:00+00:00,138.99,139.46,138.15,138.31,151726.0
2026-04-07 15:05:00+00:00,138.245,138.38,137.58,138.31,122435.0
2026-04-07 15:10:00+00:00,138.37,139.75,138.365,139.125,84360.0
2026-04-07 15:15:00+00:00,139.125,139.97,139.0,139.45,68493.0
2026-04-07 15:20:00+00:00,139.47,139.94,139.405,139.7885,70088.0
2026-04-07 15:25:00+00:00,139.7233,140.194,139.645,140.17,54696.0
2026-04-07 15:30:00+00:00,140.18,140.71,140.0,140.22,87094.0
2026-04-07 15:35:00+00:00,140.205,140.55,139.93,140.02,86132.0
2026-04-07 15:40:00+00:00,139.96,140.32,139.8302,140.055,69046.0
2026-04-07 15:45:00+00:00,140.01,140.57,140.0,140.3797,40958.0
2026-04-07 15:50:00+00:00,140.47,140.6,140.22,140.585,45141.0
2026-04-07 15:55:00+00:00,140.54,141.41,140.54,141.41,69006.0
2026-04-07 16:00:00+00:00,141.4,142.65,141.4,142.19,87499.0
2026-04-07 16:05:00+00:00,142.15,142.44,141.7,141.81,116852.0
2026-04-07 16:10:00+00:00,141.85,142.15,141.43,141.9544,55814.0
2026-04-07 16:15:00+00:00,141.91,142.77,141.88,142.55,58229.0
2026-04-07 16:20:00+00:00,142.515,143.185,142.2601,143.075,70970.0
2026-04-07 16:25:00+00:00,143.075,143.2399,142.7201,142.9,64292.0
2026-04-07 16:30:00+00:00,142.89,143.16,142.7458,142.91,40470.0
2026-04-07 16:35:00+00:00,142.96,143.0225,142.57,142.69,34294.0
2026-04-07 16:40:00+00:00,142.69,143.22,142.5861,143.045,62424.0
2026-04-07 16:45:00+00:00,142.98,143.1725,142.515,142.615,34123.0
2026-04-07 16:50:00+00:00,142.59,142.645,142.3501,142.37,39846.0
2026-04-07 16:55:00+00:00,142.25,142.47,142.0,142.01,46198.0
2026-04-07 17:00:00+00:00,142.04,142.22,141.7301,141.79,35326.0
2026-04-07 17:05:00+00:00,141.78,141.885,141.55,141.72,37313.0
2026-04-07 17:10:00+00:00,141.695,142.22,141.6301,142.05,36579.0
2026-04-07 17:15:00+00:00,142.055,142.12,141.7001,141.8,21256.0
2026-04-07 17:20:00+00:00,141.81,141.81,141.5057,141.72,24066.0
2026-04-07 17:25:00+00:00,141.67,142.11,141.665,142.05,24345.0
2026-04-07 17:30:00+00:00,142.11,142.409,141.9664,142.36,26659.0
2026-04-07 17:35:00+00:00,142.36,143.0843,142.36,142.745,57630.0
2026-04-07 17:40:00+00:00,142.745,142.84,142.12,142.165,39040.0
2026-04-07 17:45:00+00:00,142.24,142.405,142.04,142.32,24095.0
2026-04-07 17:50:00+00:00,142.32,142.34,142.1,142.1,14572.0
2026-04-07 17:55:00+00:00,142.16,142.17,141.91,142.1063,21376.0
2026-04-07 18:00:00+00:00,142.13,142.27,142.06,142.13,30683.0
2026-04-07 18:05:00+00:00,142.155,142.1919,141.866,141.925,20447.0
2026-04-07 18:10:00+00:00,141.925,141.9799,141.605,141.86,36176.0
2026-04-07 18:15:00+00:00,141.82,142.13,141.7825,141.8,66037.0
2026-04-07 18:20:00+00:00,141.84,141.89,141.6,141.6,37450.0
2026-04-07 18:25:00+00:00,141.65,141.9874,141.65,141.895,23186.0
2026-04-07 18:30:00+00:00,141.95,142.29,141.87,142.225,43082.0
2026-04-07 18:35:00+00:00,142.225,142.28,141.96,142.03,77317.0
2026-04-07 18:40:00+00:00,142.02,142.05,141.78,141.965,31885.0
2026-04-07 18:45:00+00:00,141.93,141.955,141.6,141.75,32588.0
2026-04-07 18:50:00+00:00,141.7,141.875,141.4001,141.5,40917.0
2026-04-07 18:55:00+00:00,141.45,141.64,141.26,141.61,41763.0
2026-04-07 19:00:00+00:00,141.66,141.905,141.56,141.83,32041.0
2026-04-07 19:05:00+00:00,141.83,142.01,141.5771,141.84,36417.0
2026-04-07 19:10:00+00:00,141.835,142.16,141.78,142.105,40889.0
2026-04-07 19:15:00+00:00,142.17,143.35,142.095,143.295,75649.0
2026-04-07 19:20:00+00:00,143.29,143.81,142.7322,143.04,129240.0
2026-04-07 19:25:00+00:00,142.97,143.1,142.8,143.07,39418.0
2026-04-07 19:30:00+00:00,143.1,143.2,142.75,143.075,41752.0
2026-04-07 19:35:00+00:00,143.09,143.0967,142.8,142.905,57797.0
2026-04-07 19:40:00+00:00,142.905,143.12,142.79,143.0066,76597.0
2026-04-07 19:45:00+00:00,142.965,143.76,142.94,143.315,90492.0
2026-04-07 19:50:00+00:00,143.315,143.815,143.12,143.815,135332.0
2026-04-07 19:55:00+00:00,143.73,143.95,143.62,143.94,393450.0
2026-04-07 20:00:00+00:00,143.86,144.16,143.8,144.16,356588.0
2026-04-07 20:05:00+00:00,144.2542,144.2542,143.65,143.88,8494.0
2026-04-07 20:10:00+00:00,143.69,143.95,143.69,143.93,2724.0
2026-04-07 20:25:00+00:00,143.5237,143.5237,143.5237,143.5237,233.0
2026-04-07 20:30:00+00:00,143.62,143.97,143.62,143.97,916.0
2026-04-07 20:35:00+00:00,143.94,143.94,143.88,143.89,939.0
2026-04-07 20:40:00+00:00,144.0,144.0,143.86,143.86,1839.0
2026-04-07 20:45:00+00:00,143.9,143.9,143.9,143.9,126.0
2026-04-07 20:50:00+00:00,143.7,143.7,143.69,143.69,458.0
2026-04-07 20:55:00+00:00,143.7,143.7,143.51,143.66,1783.0
2026-04-07 21:00:00+00:00,143.5433,143.5433,143.5433,143.5433,750.0
2026-04-07 21:05:00+00:00,143.8,143.8,143.7623,143.7623,301.0
2026-04-07 21:10:00+00:00,143.8,143.8,143.79,143.79,321.0
2026-04-07 21:15:00+00:00,143.65,143.6955,143.65,143.6955,230.0
2026-04-07 21:20:00+00:00,143.88,144.17,143.8799,144.17,1480.0
2026-04-07 21:30:00+00:00,144.19,144.19,144.19,144.19,145.0
2026-04-07 21:35:00+00:00,144.1,144.1,144.1,144.1,322.0
2026-04-07 21:40:00+00:00,144.12,144.12,144.12,144.12,178.0
2026-04-07 21:45:00+00:00,144.1006,144.25,144.1,144.22,1404.0
2026-04-07 21:50:00+00:00,144.4,144.4,144.15,144.15,266.0
2026-04-07 21:55:00+00:00,144.237,144.24,144.1,144.24,869.0
2026-04-07 22:00:00+00:00,144.25,145.45,144.25,145.45,3412.0
2026-04-07 22:05:00+00:00,144.99,145.5,144.99,145.5,4238.0
2026-04-07 22:10:00+00:00,145.5,145.7,145.11,145.45,3114.0
2026-04-07 22:15:00+00:00,145.5,145.69,145.2276,145.2276,1948.0
2026-04-07 22:20:00+00:00,145.58,145.63,145.5,145.5,1647.0
2026-04-07 22:25:00+00:00,145.69,145.7,145.5001,145.5001,518.0
2026-04-07 22:30:00+00:00,145.68,146.222,145.11,146.0,6699.0
2026-04-07 22:35:00+00:00,146.3,148.0,146.3,148.0,15242.0
2026-04-07 22:40:00+00:00,147.77,148.49,147.7,147.88,13050.0
2026-04-07 22:45:00+00:00,147.83,148.57,147.8,148.57,8712.0
2026-04-07 22:50:00+00:00,148.25,149.7535,148.25,149.1426,6462.0
2026-04-07 22:55:00+00:00,149.1,149.8,148.9519,149.8,8020.0
2026-04-07 23:00:00+00:00,149.1,149.8,149.1,149.5,4649.0
2026-04-07 23:05:00+00:00,149.11,149.8,149.11,149.22,5245.0
2026-04-07 23:10:00+00:00,149.25,149.8,148.5311,149.8,6581.0
2026-04-07 23:15:00+00:00,149.6086,150.02,149.5,150.01,14620.0
2026-04-07 23:20:00+00:00,150.4998,151.5,150.0234,151.15,7333.0
2026-04-07 23:25:00+00:00,151.51,151.9064,150.98,150.98,8456.0
2026-04-07 23:30:00+00:00,150.1301,150.25,149.58,149.58,7559.0
2026-04-07 23:35:00+00:00,149.304,150.0,149.2,149.6,6650.0
2026-04-07 23:40:00+00:00,149.6,149.98,149.01,149.7,9567.0
2026-04-07 23:45:00+00:00,149.67,150.0,149.0,150.0,11798.0
2026-04-07 23:50:00+00:00,149.9025,150.0,149.26,149.26,2685.0
2026-04-07 23:55:00+00:00,150.19,150.2275,149.51,149.9744,2576.0
2026-04-08 08:00:00+00:00,152.24,152.79,150.23,151.0,51715.0
2026-04-08 08:05:00+00:00,151.4,151.9597,151.4,151.9449,2323.0
2026-04-08 08:10:00+00:00,151.9327,152.42,151.49,151.79,3452.0
2026-04-08 08:15:00+00:00,151.8,152.0,151.8,152.0,461.0
2026-04-08 08:20:00+00:00,152.1,152.1,152.1,152.1,175.0
2026-04-08 08:25:00+00:00,151.83,151.83,151.83,151.83,1270.0
2026-04-08 08:30:00+00:00,151.59,152.0,151.59,152.0,2144.0
2026-04-08 08:35:00+00:00,151.74,151.74,151.74,151.74,163.0
2026-04-08 08:40:00+00:00,151.23,151.23,151.23,151.23,368.0
2026-04-08 08:45:00+00:00,151.25,151.31,151.23,151.23,3909.0
2026-04-08 08:50:00+00:00,151.2,151.23,151.2,151.2,1040.0
2026-04-08 08:55:00+00:00,151.46,151.5,151.4,151.4,876.0
2026-04-08 09:00:00+00:00,151.66,151.7,151.47,151.47,1033.0
2026-04-08 09:05:00+00:00,151.44,151.44,151.44,151.44,168.0
2026-04-08 09:10:00+00:00,151.64,151.64,151.395,151.395,626.0
2026-04-08 09:20:00+00:00,152.0,152.0,152.0,152.0,712.0
2026-04-08 09:25:00+00:00,151.5,151.5,151.5,151.5,264.0
2026-04-08 09:35:00+00:00,151.2,151.2,151.2,151.2,520.0
2026-04-08 09:40:00+00:00,151.35,151.5,151.35,151.5,433.0
2026-04-08 09:45:00+00:00,151.25,151.4711,151.2,151.21,3015.0
2026-04-08 09:50:00+00:00,151.5,151.9359,151.2,151.9359,2510.0
2026-04-08 09:55:00+00:00,151.924,151.924,151.924,151.924,131.0
2026-04-08 10:20:00+00:00,151.31,151.31,150.15,150.68,8007.0
2026-04-08 10:25:00+00:00,150.0,150.5,150.0,150.5,745.0
2026-04-08 10:40:00+00:00,150.8,150.8,150.5,150.5,374.0
2026-04-08 10:45:00+00:00,150.5,150.5,150.5,150.5,205.0
2026-04-08 10:55:00+00:00,150.8,150.8,150.8,150.8,450.0
2026-04-08 11:00:00+00:00,150.97,151.1,150.5,151.0,16700.0
2026-04-08 11:05:00+00:00,150.63,151.24,150.63,150.7241,3368.0
2026-04-08 11:10:00+00:00,151.0,151.1,150.6466,151.0642,3308.0
2026-04-08 11:15:00+00:00,150.6911,150.77,150.6911,150.752,1128.0
2026-04-08 11:20:00+00:00,150.9,150.9,150.6651,150.6651,3740.0
2026-04-08 11:25:00+00:00,151.1,151.88,150.7933,151.88,4005.0
2026-04-08 11:30:00+00:00,151.93,151.94,150.92,151.92,26652.0
2026-04-08 11:35:00+00:00,150.9,151.02,150.8,150.91,4735.0
2026-04-08 11:40:00+00:00,150.9697,151.5544,150.7663,150.7663,3268.0
2026-04-08 11:45:00+00:00,150.78,150.87,150.78,150.79,3036.0
2026-04-08 11:50:00+00:00,150.85,151.4118,150.75,151.4118,3002.0
2026-04-08 11:55:00+00:00,151.1,151.261,151.03,151.261,1015.0
2026-04-08 12:00:00+00:00,151.25,151.46,151.0,151.0,3871.0
2026-04-08 12:05:00+00:00,151.065,151.435,151.0,151.152,2554.0
2026-04-08 12:10:00+00:00,151.1,151.3132,150.9,150.9,10657.0
2026-04-08 12:15:00+00:00,151.01,151.01,151.01,151.01,799.0
2026-04-08 12:20:00+00:00,151.08,151.2,150.7,150.9,10696.0
2026-04-08 12:25:00+00:00,150.6743,150.8948,150.5755,150.5755,2362.0
2026-04-08 12:30:00+00:00,150.51,151.19,150.51,150.935,3872.0
2026-04-08 12:35:00+00:00,150.91,151.25,150.65,151.25,4408.0
2026-04-08 12:40:00+00:00,150.8237,151.25,150.8,151.0,3541.0
2026-04-08 12:45:00+00:00,151.0247,151.6,151.0001,151.6,6347.0
2026-04-08 12:50:00+00:00,151.59,151.97,151.59,151.97,4023.0
2026-04-08 12:55:00+00:00,151.85,152.56,151.85,152.5,12064.0
2026-04-08 13:00:00+00:00,152.4,152.49,151.2,152.43,7684.0
2026-04-08 13:05:00+00:00,152.4,152.4,152.0,152.4,4925.0
2026-04-08 13:10:00+00:00,151.9551,152.77,151.6,152.74,9068.0
2026-04-08 13:15:00+00:00,152.77,152.88,152.0,152.15,3411.0
2026-04-08 13:20:00+00:00,152.0,152.0,151.21,151.67,2718.0
2026-04-08 13:25:00+00:00,151.61,152.65,151.59,152.16,4228.0
2026-04-08 13:30:00+00:00,151.61,153.42,150.4156,151.6501,475567.0
2026-04-08 13:35:00+00:00,151.825,152.7,151.11,151.11,173333.0
2026-04-08 13:40:00+00:00,151.15,151.38,150.365,150.74,184257.0
2026-04-08 13:45:00+00:00,150.74,151.0,149.98,150.925,184994.0
2026-04-08 13:50:00+00:00,150.88,151.0,149.475,149.7,177929.0
2026-04-08 13:55:00+00:00,149.705,150.645,149.52,149.9915,80773.0
2026-04-08 14:00:00+00:00,149.975,150.35,149.8161,149.97,81740.0
2026-04-08 14:05:00+00:00,150.09,151.18,150.0,150.17,151190.0
2026-04-08 14:10:00+00:00,150.17,150.67,150.0,150.13,86803.0
2026-04-08 14:15:00+00:00,150.21,150.3,149.31,149.31,84614.0
2026-04-08 14:20:00+00:00,149.31,149.64,149.1539,149.325,48047.0
2026-04-08 14:25:00+00:00,149.325,149.41,147.854,147.995,128798.0
2026-04-08 14:30:00+00:00,147.88,148.16,147.38,147.38,87224.0
2026-04-08 14:35:00+00:00,147.53,147.5996,146.9,147.295,88132.0
2026-04-08 14:40:00+00:00,147.285,147.29,146.92,146.945,67468.0
2026-04-08 14:45:00+00:00,146.94,147.68,146.64,146.81,125396.0
2026-04-08 14:50:00+00:00,146.81,147.1999,146.06,146.06,94657.0
2026-04-08 14:55:00+00:00,146.11,146.16,145.0,145.72,122976.0
2026-04-08 15:00:00+00:00,145.735,146.1956,145.59,146.16,61089.0
2026-04-08 15:05:00+00:00,146.1761,146.5,145.71,145.84,37598.0
2026-04-08 15:10:00+00:00,145.79,146.3742,145.78,146.3171,68923.0
2026-04-08 15:15:00+00:00,146.4,146.47,145.95,146.37,50994.0
2026-04-08 15:20:00+00:00,146.39,146.72,145.99,146.71,36209.0
2026-04-08 15:25:00+00:00,146.72,146.72,146.25,146.48,51853.0
2026-04-08 15:30:00+00:00,146.43,147.53,146.3193,147.32,45645.0
2026-04-08 15:35:00+00:00,147.51,147.71,147.3125,147.395,83860.0
2026-04-08 15:40:00+00:00,147.395,148.205,147.285,148.205,107337.0
2026-04-08 15:45:00+00:00,148.2,148.48,148.0,148.3,38315.0
2026-04-08 15:50:00+00:00,148.255,148.56,148.1,148.28,36956.0
2026-04-08 15:55:00+00:00,148.28,148.44,147.8826,148.0269,40933.0
2026-04-08 16:00:00+00:00,148.065,148.25,147.96,148.13,20815.0
2026-04-08 16:05:00+00:00,148.095,148.5,148.01,148.25,25049.0
2026-04-08 16:10:00+00:00,148.1762,148.195,147.95,148.015,49423.0
2026-04-08 16:15:00+00:00,148.0,148.27,147.7,148.025,39178.0
2026-04-08 16:20:00+00:00,148.03,148.73,147.925,148.73,39691.0
2026-04-08 16:25:00+00:00,148.695,148.84,148.5,148.72,74392.0
2026-04-08 16:30:00+00:00,148.72,148.905,148.495,148.58,30603.0
2026-04-08 16:35:00+00:00,148.605,149.16,148.5476,148.95,46372.0
2026-04-08 16:40:00+00:00,148.96,149.155,148.84,149.07,30606.0
2026-04-08 16:45:00+00:00,149.065,149.6753,148.89,149.465,116719.0
2026-04-08 16:50:00+00:00,149.56,149.75,149.35,149.5,40779.0
2026-04-08 16:55:00+00:00,149.52,149.625,149.46,149.517,33129.0
2026-04-08 17:00:00+00:00,149.465,149.76,149.41,149.44,43650.0
2026-04-08 17:05:00+00:00,149.465,149.62,149.33,149.505,40682.0
2026-04-08 17:10:00+00:00,149.505,149.53,149.26,149.27,27016.0
2026-04-08 17:15:00+00:00,149.28,149.5,149.28,149.43,37088.0
2026-04-08 17:20:00+00:00,149.397,149.5,149.0,149.0,28635.0
2026-04-08 17:25:00+00:00,148.9725,149.22,148.89,149.19,23283.0
2026-04-08 17:30:00+00:00,149.19,149.42,148.74,148.81,27232.0
2026-04-08 17:35:00+00:00,148.88,150.0,148.88,149.71,83460.0
2026-04-08 17:40:00+00:00,149.705,150.0999,149.685,150.0,90028.0
2026-04-08 17:45:00+00:00,149.93,150.3,149.9,150.085,41936.0
2026-04-08 17:50:00+00:00,150.13,150.29,149.98,150.0072,37881.0
2026-04-08 17:55:00+00:00,149.99,150.15,149.8701,150.15,46782.0
2026-04-08 18:00:00+00:00,150.06,150.28,149.96,150.245,37854.0
2026-04-08 18:05:00+00:00,150.2376,150.45,150.1806,150.415,35757.0
2026-04-08 18:10:00+00:00,150.44,150.59,150.26,150.55,58700.0
2026-04-08 18:15:00+00:00,150.49,150.6,149.67,149.935,66271.0
2026-04-08 18:20:00+00:00,149.99,150.32,149.94,150.21,58997.0
2026-04-08 18:25:00+00:00,150.115,150.17,149.82,149.91,53708.0
2026-04-08 18:30:00+00:00,149.96,150.12,149.88,149.95,31168.0
2026-04-08 18:35:00+00:00,149.98,150.045,149.51,149.51,42944.0
2026-04-08 18:40:00+00:00,149.58,149.58,149.22,149.22,38794.0
2026-04-08 18:45:00+00:00,149.215,149.36,149.07,149.25,36208.0
2026-04-08 18:50:00+00:00,149.2,149.36,148.98,149.035,46363.0
2026-04-08 18:55:00+00:00,149.035,149.035,148.35,148.41,33779.0
2026-04-08 19:00:00+00:00,148.415,148.415,148.02,148.07,49118.0
2026-04-08 19:05:00+00:00,148.135,148.6199,147.8,148.28,81252.0
2026-04-08 19:10:00+00:00,148.4,148.85,148.28,148.7,33736.0
2026-04-08 19:15:00+00:00,148.77,148.89,148.43,148.665,35007.0
2026-04-08 19:20:00+00:00,148.6765,148.71,148.105,148.145,31997.0
2026-04-08 19:25:00+00:00,148.21,148.36,148.1,148.21,34257.0
2026-04-08 19:30:00+00:00,148.215,148.42,148.09,148.135,43360.0
2026-04-08 19:35:00+00:00,148.17,148.34,148.13,148.215,46932.0
2026-04-08 19:40:00+00:00,148.26,148.31,148.05,148.21,70660.0
2026-04-08 19:45:00+00:00,148.22,148.34,147.96,148.035,57018.0
2026-04-08 19:50:00+00:00,148.04,148.65,147.9718,148.425,124613.0
2026-04-08 19:55:00+00:00,148.5,149.0,148.32,148.98,413549.0
2026-04-08 20:00:00+00:00,148.91,149.05,147.8272,148.7801,449555.0
2026-04-08 20:05:00+00:00,148.9,149.56,148.9,149.56,3667.0
2026-04-08 20:15:00+00:00,149.01,149.01,149.01,149.01,405.0
2026-04-08 20:20:00+00:00,148.95,149.5,148.95,149.5,631.0
2026-04-08 20:30:00+00:00,149.0041,149.0041,149.0041,149.0041,100.0
2026-04-08 20:35:00+00:00,149.15,149.15,149.15,149.15,142.0
2026-04-08 20:40:00+00:00,149.0,149.0,148.99,148.99,607.0
2026-04-08 20:45:00+00:00,148.79,148.79,148.79,148.79,455.0
2026-04-08 20:50:00+00:00,148.78,148.78,148.78,148.78,1210.0
2026-04-08 21:00:00+00:00,148.51,148.51,148.51,148.51,174.0
2026-04-08 21:20:00+00:00,148.75,148.75,148.75,148.75,1072.0
2026-04-08 21:25:00+00:00,148.75,148.7501,148.75,148.7501,400.0
2026-04-08 21:30:00+00:00,148.88,148.88,148.51,148.51,3013.0
2026-04-08 21:35:00+00:00,148.5,148.51,148.5,148.51,205.0
2026-04-08 21:40:00+00:00,148.5,148.51,148.5,148.5,361.0
2026-04-08 21:50:00+00:00,148.2,148.2,148.2,148.2,101.0
2026-04-08 22:50:00+00:00,148.2,148.2,148.0796,148.0796,404.0
2026-04-08 23:00:00+00:00,148.161,148.161,147.9,147.9,1225.0
2026-04-08 23:05:00+00:00,148.0,148.0,147.9,147.9,1327.0
2026-04-08 23:15:00+00:00,147.9003,147.91,147.9003,147.91,403.0
2026-04-08 23:25:00+00:00,147.91,147.91,147.9,147.9,280.0
2026-04-08 23:30:00+00:00,147.8,147.8,147.8,147.8,331.0
2026-04-08 23:35:00+00:00,147.7012,147.7012,147.7012,147.7012,152.0
2026-04-08 23:40:00+00:00,147.71,148.0,147.66,147.66,979.0
2026-04-08 23:45:00+00:00,147.565,147.565,147.565,147.565,101.0
2026-04-08 23:50:00+00:00,147.5,147.54,147.5,147.54,516.0
2026-04-08 23:55:00+00:00,147.54,147.54,147.54,147.54,137.0
2026-04-09 08:00:00+00:00,147.06,147.81,146.2309,146.2309,8355.0
2026-04-09 08:05:00+00:00,147.5,147.81,147.22,147.22,2209.0
2026-04-09 08:50:00+00:00,146.9,147.1,146.9,147.1,2134.0
2026-04-09 08:55:00+00:00,146.91,146.91,146.51,146.51,2501.0
2026-04-09 09:20:00+00:00,147.0,147.0,147.0,147.0,422.0
2026-04-09 09:45:00+00:00,147.25,147.27,147.25,147.27,346.0
2026-04-09 09:55:00+00:00,147.35,147.35,147.35,147.35,1239.0
2026-04-09 10:00:00+00:00,147.57,147.57,147.57,147.57,118.0
2026-04-09 10:05:00+00:00,147.54,147.9627,147.54,147.9627,580.0
2026-04-09 10:20:00+00:00,147.51,147.51,147.23,147.23,543.0
2026-04-09 10:25:00+00:00,147.76,148.03,147.76,148.03,1688.0
2026-04-09 10:30:00+00:00,148.03,148.03,147.99,147.99,1255.0
2026-04-09 10:35:00+00:00,147.51,148.0,147.5,148.0,630.0
2026-04-09 10:50:00+00:00,147.51,147.51,147.5,147.5,310.0
2026-04-09 11:00:00+00:00,147.48,147.48,147.0514,147.48,1203.0
2026-04-09 11:05:00+00:00,147.48,147.48,147.48,147.48,370.0
2026-04-09 11:10:00+00:00,147.22,147.875,147.22,147.8,2443.0
2026-04-09 11:20:00+00:00,147.22,147.22,147.22,147.22,1025.0
2026-04-09 11:25:00+00:00,147.3862,147.61,147.3862,147.61,1416.0
2026-04-09 11:30:00+00:00,148.25,148.25,148.0905,148.0905,2475.0
2026-04-09 11:35:00+00:00,148.1525,148.1525,148.0905,148.0905,200.0
2026-04-09 11:40:00+00:00,147.9,148.25,147.9,148.25,3307.0
2026-04-09 11:45:00+00:00,147.98,148.4332,147.77,148.25,1062.0
2026-04-09 12:00:00+00:00,148.359,148.359,147.88,147.88,995.0
2026-04-09 12:05:00+00:00,148.25,148.25,148.25,148.25,200.0
2026-04-09 12:15:00+00:00,148.36,149.5,148.28,149.5,14601.0
2026-04-09 12:20:00+00:00,148.9,148.9,148.9,148.9,851.0
2026-04-09 12:25:00+00:00,148.63,148.63,148.63,148.63,157.0
2026-04-09 12:30:00+00:00,148.35,148.35,148.12,148.26,1261.0
2026-04-09 12:40:00+00:00,148.9064,148.93,148.9,148.93,401.0
2026-04-09 12:50:00+00:00,148.27,148.27,148.26,148.26,815.0
2026-04-09 13:00:00+00:00,148.43,148.65,147.0,148.31,60328.0
2026-04-09 13:05:00+00:00,148.04,148.06,146.5,146.5,2685.0
2026-04-09 13:10:00+00:00,146.726,146.8307,146.726,146.8307,306.0
2026-04-09 13:15:00+00:00,147.4,147.4,147.4,147.4,300.0
2026-04-09 13:20:00+00:00,148.05,148.05,148.05,148.05,100.0
2026-04-09 13:25:00+00:00,147.1102,148.03,147.1102,148.0,5296.0
2026-04-09 13:30:00+00:00,148.0,148.39,146.1,146.84,172939.0
2026-04-09 13:35:00+00:00,146.695,147.99,146.67,147.29,63827.0
2026-04-09 13:40:00+00:00,147.1316,149.49,146.9,149.4614,76281.0
2026-04-09 13:45:00+00:00,149.33,149.355,148.5,149.2,85304.0
2026-04-09 13:50:00+00:00,149.23,149.42,148.5126,148.8442,100480.0
2026-04-09 13:55:00+00:00,148.79,149.09,148.35,148.535,230104.0
2026-04-09 14:00:00+00:00,148.57,149.6,148.33,149.37,109776.0
2026-04-09 14:05:00+00:00,149.395,149.55,148.88,148.88,44682.0
2026-04-09 14:10:00+00:00,148.905,148.905,147.94,148.315,54238.0
2026-04-09 14:15:00+00:00,148.25,148.34,146.5977,146.715,174859.0
2026-04-09 14:20:00+00:00,146.715,147.05,146.5,146.7575,57969.0
2026-04-09 14:25:00+00:00,146.87,146.87,145.8,146.3,98470.0
2026-04-09 14:30:00+00:00,146.24,146.55,146.01,146.225,85076.0
2026-04-09 14:35:00+00:00,146.215,146.56,145.59,145.765,131650.0
2026-04-09 14:40:00+00:00,145.755,145.8599,145.27,145.5027,43994.0
2026-04-09 14:45:00+00:00,145.5004,146.1099,145.5004,145.755,61460.0
2026-04-09 14:50:00+00:00,145.765,146.72,145.52,146.6175,41302.0
2026-04-09 14:55:00+00:00,146.615,146.91,146.355,146.5901,67761.0
2026-04-09 15:00:00+00:00,146.63,147.16,146.6001,147.16,31872.0
2026-04-09 15:05:00+00:00,147.1351,147.3,146.62,146.88,38655.0
2026-04-09 15:10:00+00:00,146.885,147.41,146.885,147.32,46138.0
2026-04-09 15:15:00+00:00,147.24,147.45,146.75,147.385,44781.0
2026-04-09 15:20:00+00:00,147.385,147.65,147.0,147.305,169154.0
2026-04-09 15:25:00+00:00,147.305,147.4,146.07,146.425,172606.0
2026-04-09 15:30:00+00:00,146.395,147.44,146.395,147.18,75609.0
2026-04-09 15:35:00+00:00,147.17,147.66,147.02,147.3,38324.0
2026-04-09 15:40:00+00:00,147.3736,148.62,147.3225,148.52,90532.0
2026-04-09 15:45:00+00:00,148.5,149.51,148.3697,149.42,111019.0
2026-04-09 15:50:00+00:00,149.15,149.63,149.15,149.5181,70374.0
2026-04-09 15:55:00+00:00,149.435,149.55,148.7801,149.25,64850.0
2026-04-09 16:00:00+00:00,149.245,149.72,149.07,149.22,51969.0
2026-04-09 16:05:00+00:00,149.235,149.83,149.145,149.41,75019.0
2026-04-09 16:10:00+00:00,149.41,149.68,148.8,148.88,51525.0
2026-04-09 16:15:00+00:00,148.85,150.18,148.8251,150.115,64660.0
2026-04-09 16:20:00+00:00,150.18,150.4,149.765,150.17,45456.0
2026-04-09 16:25:00+00:00,150.13,150.2,149.85,149.95,38699.0
2026-04-09 16:30:00+00:00,149.88,149.953,149.55,149.63,25543.0
2026-04-09 16:35:00+00:00,149.6,149.62,149.35,149.4,25113.0
2026-04-09 16:40:00+00:00,149.4,149.4,149.03,149.295,40831.0
2026-04-09 16:45:00+00:00,149.295,149.295,148.77,148.91,34847.0
2026-04-09 16:50:00+00:00,148.9,149.3179,148.843,149.13,31150.0
2026-04-09 16:55:00+00:00,149.21,149.21,148.63,148.88,27929.0
2026-04-09 17:00:00+00:00,148.89,148.89,148.6,148.75,29770.0
2026-04-09 17:05:00+00:00,148.7,149.25,148.665,149.08,31392.0
2026-04-09 17:10:00+00:00,149.242,149.374,149.01,149.37,64418.0
2026-04-09 17:15:00+00:00,149.25,149.8,149.245,149.71,33716.0
2026-04-09 17:20:00+00:00,149.71,149.98,149.51,149.5913,30599.0
2026-04-09 17:25:00+00:00,149.5801,149.82,149.4,149.7999,18476.0
2026-04-09 17:30:00+00:00,149.69,149.69,149.505,149.6,27377.0
2026-04-09 17:35:00+00:00,149.69,150.0,149.6,149.85,34173.0
2026-04-09 17:40:00+00:00,149.92,149.93,149.61,149.7,13911.0
2026-04-09 17:45:00+00:00,149.75,149.84,149.21,149.275,33302.0
2026-04-09 17:50:00+00:00,149.275,149.275,148.5233,148.5233,45653.0
2026-04-09 17:55:00+00:00,148.515,148.8899,148.2,148.4,100569.0
2026-04-09 18:00:00+00:00,148.395,148.7,147.66,147.775,52487.0
2026-04-09 18:05:00+00:00,147.87,148.1899,147.845,148.105,21979.0
2026-04-09 18:10:00+00:00,148.22,148.22,147.88,147.97,24114.0
2026-04-09 18:15:00+00:00,148.05,148.235,148.05,148.09,16706.0
2026-04-09 18:20:00+00:00,148.16,148.58,148.125,148.305,60413.0
2026-04-09 18:25:00+00:00,148.25,148.47,148.24,148.27,28906.0
2026-04-09 18:30:00+00:00,148.285,148.35,147.98,147.98,20639.0
2026-04-09 18:35:00+00:00,148.07,148.34,148.0575,148.2726,19274.0
2026-04-09 18:40:00+00:00,148.36,148.36,148.0,148.08,23897.0
2026-04-09 18:45:00+00:00,148.06,148.23,148.04,148.23,13516.0
2026-04-09 18:50:00+00:00,148.22,148.9393,148.21,148.92,47616.0
2026-04-09 18:55:00+00:00,148.92,149.02,148.69,148.81,34147.0
2026-04-09 19:00:00+00:00,148.82,149.37,148.82,149.25,32826.0
2026-04-09 19:05:00+00:00,149.25,149.35,149.07,149.32,30371.0
2026-04-09 19:10:00+00:00,149.34,149.42,149.175,149.32,35924.0
2026-04-09 19:15:00+00:00,149.4,149.7,149.325,149.64,47188.0
2026-04-09 19:20:00+00:00,149.635,149.75,149.07,149.2,80832.0
2026-04-09 19:25:00+00:00,149.25,149.67,149.2251,149.4,34266.0
2026-04-09 19:30:00+00:00,149.42,149.66,149.16,149.46,57046.0
2026-04-09 19:35:00+00:00,149.46,149.5,149.25,149.305,63885.0
2026-04-09 19:40:00+00:00,149.305,149.46,149.195,149.33,63547.0
2026-04-09 19:45:00+00:00,149.37,149.57,149.26,149.345,66930.0
2026-04-09 19:50:00+00:00,149.43,149.92,149.39,149.845,105835.0
2026-04-09 19:55:00+00:00,149.75,149.84,149.36,149.82,296987.0
2026-04-09 20:00:00+00:00,149.795,150.0,149.53,149.53,265081.0
2026-04-09 20:05:00+00:00,149.64,150.0,149.64,149.89,3672.0
2026-04-09 20:10:00+00:00,149.87,149.87,149.79,149.79,3118.0
2026-04-09 20:20:00+00:00,149.65,149.65,149.65,149.65,226.0
2026-04-09 20:25:00+00:00,149.78,149.78,149.78,149.78,443.0
2026-04-09 20:30:00+00:00,149.79,149.88,149.5364,149.88,1683.0
2026-04-09 20:35:00+00:00,149.88,149.88,149.88,149.88,126.0
2026-04-09 20:40:00+00:00,149.99,149.99,149.9899,149.9899,760.0
2026-04-09 21:05:00+00:00,149.95,149.95,149.95,149.95,170.0
2026-04-09 21:10:00+00:00,149.971,149.971,149.91,149.91,439.0
2026-04-09 21:15:00+00:00,149.99,149.99,149.99,149.99,360.0
2026-04-09 21:20:00+00:00,149.87,149.87,149.87,149.87,103.0
2026-04-09 21:30:00+00:00,149.8999,149.8999,149.8999,149.8999,300.0
2026-04-09 21:35:00+00:00,149.54,149.54,149.54,149.54,121.0
2026-04-09 21:40:00+00:00,149.9,149.9,149.9,149.9,330.0
2026-04-09 21:45:00+00:00,149.8,149.8,149.8,149.8,370.0
2026-04-09 21:50:00+00:00,149.77,149.77,149.77,149.77,169.0
2026-04-09 22:00:00+00:00,149.8,149.8,149.7271,149.7271,432.0
2026-04-09 22:25:00+00:00,149.75,149.99,149.75,149.99,1063.0
2026-04-09 22:40:00+00:00,149.98,150.0,149.98,150.0,751.0
2026-04-09 22:50:00+00:00,149.95,149.99,149.95,149.99,458.0
2026-04-09 22:55:00+00:00,149.8,149.8,149.4488,149.4488,635.0
2026-04-09 23:00:00+00:00,149.62,149.62,149.62,149.62,131.0
2026-04-09 23:05:00+00:00,149.4217,149.4217,149.4217,149.4217,282.0
2026-04-09 23:15:00+00:00,149.45,149.45,149.45,149.45,291.0
2026-04-09 23:20:00+00:00,149.61,149.61,149.61,149.61,200.0
2026-04-09 23:25:00+00:00,149.6247,149.78,149.61,149.78,3670.0
2026-04-09 23:30:00+00:00,149.79,149.79,149.79,149.79,502.0
2026-04-09 23:50:00+00:00,149.6955,149.94,149.65,149.94,626.0
2026-04-09 23:55:00+00:00,149.94,150.0,149.94,150.0,413.0
2026-04-10 08:00:00+00:00,151.0,151.0,150.01,150.01,6411.0
2026-04-10 08:05:00+00:00,151.14,151.3,151.14,151.3,1418.0
2026-04-10 08:10:00+00:00,151.5,151.5,150.0,150.0,2021.0
2026-04-10 08:15:00+00:00,150.45,150.45,150.45,150.45,309.0
2026-04-10 08:20:00+00:00,150.49,150.49,150.49,150.49,175.0
2026-04-10 08:30:00+00:00,151.0,151.0,151.0,151.0,110.0
2026-04-10 08:40:00+00:00,150.5,150.5,150.5,150.5,654.0
2026-04-10 08:45:00+00:00,150.99,150.99,150.99,150.99,296.0
2026-04-10 08:55:00+00:00,150.0,150.0,150.0,150.0,208.0
2026-04-10 09:15:00+00:00,150.75,150.75,150.75,150.75,537.0
2026-04-10 09:30:00+00:00,150.49,150.5497,150.49,150.5497,465.0
2026-04-10 09:35:00+00:00,150.52,150.5497,150.52,150.5497,300.0
2026-04-10 10:15:00+00:00,150.49,150.49,150.49,150.49,302.0
2026-04-10 10:30:00+00:00,151.0,151.0,151.0,151.0,2537.0
2026-04-10 10:35:00+00:00,150.82,150.82,150.8,150.82,1418.0
2026-04-10 10:40:00+00:00,151.2194,151.2194,151.2194,151.2194,340.0
2026-04-10 10:45:00+00:00,151.1,151.1,151.1,151.1,965.0
2026-04-10 11:00:00+00:00,151.0,151.0,151.0,151.0,1513.0
2026-04-10 11:05:00+00:00,151.5,151.5,151.13,151.13,3108.0
2026-04-10 11:10:00+00:00,151.3,151.3,151.3,151.3,181.0
2026-04-10 11:20:00+00:00,151.55,152.0,150.9593,151.975,2643.0
2026-04-10 11:25:00+00:00,152.39,152.4,152.39,152.3999,1302.0
2026-04-10 11:30:00+00:00,152.4,152.75,152.4,152.7101,3144.0
2026-04-10 11:35:00+00:00,152.7,152.7,152.6,152.6,1442.0
2026-04-10 11:40:00+00:00,152.51,152.7238,152.34,152.34,2313.0
2026-04-10 11:45:00+00:00,152.5,152.5,152.12,152.12,553.0
2026-04-10 11:50:00+00:00,152.2,152.39,152.1,152.39,1179.0
2026-04-10 11:55:00+00:00,152.38,152.45,152.08,152.1765,2961.0
2026-04-10 12:00:00+00:00,152.07,152.07,152.01,152.01,444.0
2026-04-10 12:05:00+00:00,152.1583,152.1583,151.78,151.78,1109.0
2026-04-10 12:10:00+00:00,151.92,152.16,151.8468,152.16,1002.0
2026-04-10 12:15:00+00:00,152.2544,152.5,152.2544,152.35,2284.0
2026-04-10 12:20:00+00:00,152.5,152.9611,152.5,152.8902,7601.0
2026-04-10 12:25:00+00:00,152.37,152.66,152.37,152.66,903.0
2026-04-10 12:30:00+00:00,152.98,153.4,152.5,152.5,10992.0
2026-04-10 12:35:00+00:00,152.0,152.55,152.0,152.55,1063.0
2026-04-10 12:40:00+00:00,152.49,152.8,152.0001,152.8,583.0
2026-04-10 12:45:00+00:00,152.62,152.73,152.62,152.73,563.0
2026-04-10 12:50:00+00:00,152.8,153.0,152.8,152.9093,977.0
2026-04-10 12:55:00+00:00,152.65,153.0,152.65,152.98,1829.0
2026-04-10 13:00:00+00:00,152.99,152.99,152.5314,152.5314,666.0
2026-04-10 13:05:00+00:00,152.79,152.91,152.79,152.91,586.0
2026-04-10 13:10:00+00:00,153.0,153.0,153.0,153.0,2119.0
2026-04-10 13:15:00+00:00,152.5735,152.5735,152.3,152.3,2769.0
2026-04-10 13:20:00+00:00,152.9194,152.9194,152.02,152.02,623.0
2026-04-10 13:25:00+00:00,152.01,153.39,152.0,152.25,3504.0
2026-04-10 13:30:00+00:00,151.89,157.4999,151.89,156.1001,630017.0
2026-04-10 13:35:00+00:00,156.3,158.2,156.0501,156.88,287499.0
2026-04-10 13:40:00+00:00,156.66,157.32,155.76,156.765,189330.0
2026-04-10 13:45:00+00:00,156.765,158.6899,156.7,158.1801,187792.0
2026-04-10 13:50:00+00:00,158.3686,159.29,157.82,158.51,223977.0
2026-04-10 13:55:00+00:00,158.525,158.87,156.8032,157.01,214115.0
2026-04-10 14:00:00+00:00,157.17,157.46,155.8,156.2599,171223.0
2026-04-10 14:05:00+00:00,156.11,156.22,154.59,154.67,120336.0
2026-04-10 14:10:00+00:00,154.6,155.32,154.2,154.96,125176.0
2026-04-10 14:15:00+00:00,154.9,154.9946,153.74,154.08,81044.0
2026-04-10 14:20:00+00:00,154.04,154.715,154.04,154.63,89619.0
2026-04-10 14:25:00+00:00,154.63,155.7,154.53,155.47,125682.0
2026-04-10 14:30:00+00:00,155.51,155.89,154.86,155.1125,94549.0
2026-04-10 14:35:00+00:00,155.13,155.9998,155.0344,155.635,87647.0
2026-04-10 14:40:00+00:00,155.51,155.6707,153.83,154.25,124816.0
2026-04-10 14:45:00+00:00,154.17,154.285,153.41,154.095,98268.0
2026-04-10 14:50:00+00:00,154.18,155.2,154.18,154.46,58426.0
2026-04-10 14:55:00+00:00,154.485,154.495,153.8101,154.07,85894.0
2026-04-10 15:00:00+00:00,154.07,154.75,154.04,154.705,95597.0
2026-04-10 15:05:00+00:00,154.82,155.15,154.46,154.46,89294.0
2026-04-10 15:10:00+00:00,154.43,154.61,153.91,154.3612,54434.0
2026-04-10 15:15:00+00:00,154.5199,154.71,154.4029,154.645,55498.0
2026-04-10 15:20:00+00:00,154.66,154.74,154.14,154.5999,74657.0
2026-04-10 15:25:00+00:00,154.38,154.59,153.5001,153.625,108423.0
2026-04-10 15:30:00+00:00,153.6668,153.67,153.0,153.28,94858.0
2026-04-10 15:35:00+00:00,153.39,153.39,151.61,151.907,278829.0
2026-04-10 15:40:00+00:00,151.9,151.9999,151.3,151.42,120352.0
2026-04-10 15:45:00+00:00,151.42,151.74,150.7,151.1,74546.0
2026-04-10 15:50:00+00:00,151.01,151.185,150.1,150.28,83968.0
2026-04-10 15:55:00+00:00,150.25,150.25,149.14,149.3671,134629.0
2026-04-10 16:00:00+00:00,149.385,149.82,149.0001,149.575,73908.0
2026-04-10 16:05:00+00:00,149.5,149.87,149.01,149.47,45397.0
2026-04-10 16:10:00+00:00,149.58,150.55,149.56,150.375,59755.0
2026-04-10 16:15:00+00:00,150.29,150.5284,150.14,150.35,33933.0
2026-04-10 16:20:00+00:00,150.38,150.38,149.85,150.14,30402.0
2026-04-10 16:25:00+00:00,150.1613,150.2499,149.76,149.84,29133.0
2026-04-10 16:30:00+00:00,149.855,149.97,149.46,149.6185,31474.0
2026-04-10 16:35:00+00:00,149.7263,149.7263,148.82,148.874,51229.0
2026-04-10 16:40:00+00:00,148.96,149.09,148.71,149.06,35899.0
2026-04-10 16:45:00+00:00,149.1028,149.4512,149.0015,149.42,22842.0
2026-04-10 16:50:00+00:00,149.46,150.7319,149.46,150.67,60496.0
2026-04-10 16:55:00+00:00,150.71,151.2,150.45,151.095,73105.0
2026-04-10 17:00:00+00:00,151.11,151.43,150.5,150.55,40895.0
2026-04-10 17:05:00+00:00,150.575,150.895,150.2,150.83,28474.0
2026-04-10 17:10:00+00:00,150.87,150.88,150.3736,150.8199,24701.0
2026-04-10 17:15:00+00:00,150.8,150.86,150.4217,150.755,35456.0
2026-04-10 17:20:00+00:00,150.755,150.86,150.33,150.475,31471.0
2026-04-10 17:25:00+00:00,150.53,150.53,149.8,150.1401,43269.0
2026-04-10 17:30:00+00:00,150.215,150.5,150.215,150.28,15322.0
2026-04-10 17:35:00+00:00,150.3,150.48,150.15,150.3,17426.0
2026-04-10 17:40:00+00:00,150.26,150.56,150.23,150.3999,24630.0
2026-04-10 17:45:00+00:00,150.4,150.44,150.15,150.34,13732.0
2026-04-10 17:50:00+00:00,150.34,151.2752,150.31,151.0307,46798.0
2026-04-10 17:55:00+00:00,151.125,151.375,150.71,150.825,36751.0
2026-04-10 18:00:00+00:00,150.825,151.2847,150.77,151.01,35260.0
2026-04-10 18:05:00+00:00,150.97,151.14,150.9344,151.1,20116.0
2026-04-10 18:10:00+00:00,151.11,151.53,151.1,151.27,47988.0
2026-04-10 18:15:00+00:00,151.27,151.67,151.27,151.59,20322.0
2026-04-10 18:20:00+00:00,151.615,151.68,151.35,151.35,34923.0
2026-04-10 18:25:00+00:00,151.405,151.51,151.1801,151.3,71991.0
2026-04-10 18:30:00+00:00,151.265,151.43,150.93,151.0,36694.0
2026-04-10 18:35:00+00:00,150.95,151.08,150.64,150.79,24436.0
2026-04-10 18:40:00+00:00,150.78,150.7999,150.4,150.615,42830.0
2026-04-10 18:45:00+00:00,150.63,150.68,149.8,149.8,35366.0
2026-04-10 18:50:00+00:00,149.93,150.5,149.5201,149.875,234707.0
2026-04-10 18:55:00+00:00,149.885,150.0499,149.3,149.448,61088.0
2026-04-10 19:00:00+00:00,149.33,149.7948,149.31,149.45,38471.0
2026-04-10 19:05:00+00:00,149.48,149.721,149.05,149.29,39930.0
2026-04-10 19:10:00+00:00,149.255,149.8,149.191,149.54,62377.0
2026-04-10 19:15:00+00:00,149.545,149.64,149.2901,149.555,54020.0
2026-04-10 19:20:00+00:00,149.51,150.051,149.51,149.71,44409.0
2026-04-10 19:25:00+00:00,149.63,149.72,149.41,149.41,24780.0
2026-04-10 19:30:00+00:00,149.46,149.46,148.64,148.725,82532.0
2026-04-10 19:35:00+00:00,148.73,148.73,148.12,148.2606,103865.0
2026-04-10 19:40:00+00:00,148.25,148.3,147.96,148.155,96232.0
2026-04-10 19:45:00+00:00,148.27,149.14,148.27,149.14,119697.0
2026-04-10 19:50:00+00:00,149.17,149.355,148.7,148.875,146647.0
2026-04-10 19:55:00+00:00,148.875,149.02,148.56,148.79,395804.0
2026-04-10 20:00:00+00:00,148.93,149.47,148.93,148.95,264511.0
2026-04-10 20:05:00+00:00,148.75,148.75,148.75,148.75,1036.0
2026-04-10 20:10:00+00:00,148.35,148.35,148.35,148.35,227.0
2026-04-10 20:15:00+00:00,148.91,148.95,148.91,148.95,1113.0
2026-04-10 20:20:00+00:00,149.13,149.35,149.13,149.35,1111.0
2026-04-10 20:25:00+00:00,149.04,149.3,148.99,149.3,1349.0
2026-04-10 20:40:00+00:00,149.1,149.1,149.1,149.1,511.0
2026-04-10 20:50:00+00:00,149.01,149.01,148.93,148.93,1366.0
2026-04-10 20:55:00+00:00,151.3829,151.3829,149.0,149.0,8080.0
2026-04-10 21:00:00+00:00,148.97,148.97,148.97,148.97,103.0
2026-04-10 21:05:00+00:00,148.85,148.85,148.83,148.83,781.0
2026-04-10 21:10:00+00:00,148.7825,148.7825,148.7825,148.7825,200.0
2026-04-10 21:15:00+00:00,148.75,148.88,148.75,148.88,1227.0
2026-04-10 21:20:00+00:00,148.99,148.99,148.99,148.99,206.0
2026-04-10 21:30:00+00:00,149.0,149.1286,148.9847,148.9847,815.0
2026-04-10 21:35:00+00:00,149.0,149.0,149.0,149.0,400.0
2026-04-10 21:45:00+00:00,149.1,149.1,149.1,149.1,120.0
2026-04-10 21:50:00+00:00,149.0818,149.0818,149.0818,149.0818,253.0
2026-04-10 21:55:00+00:00,149.08,149.1,149.08,149.1,620.0
2026-04-10 22:00:00+00:00,149.05,149.05,149.05,149.05,100.0
2026-04-10 22:05:00+00:00,149.06,149.06,149.06,149.06,170.0
2026-04-10 22:10:00+00:00,149.013,149.013,149.013,149.013,100.0
2026-04-10 22:15:00+00:00,149.0845,149.0845,149.0845,149.0845,120.0
2026-04-10 22:20:00+00:00,149.05,149.05,149.05,149.05,1204.0
2026-04-10 22:35:00+00:00,149.09,149.1,149.09,149.1,1205.0
2026-04-10 22:40:00+00:00,148.71,148.71,148.65,148.65,5045.0
2026-04-10 23:10:00+00:00,149.0783,149.0783,149.0783,149.0783,801.0
2026-04-10 23:35:00+00:00,148.68,148.68,148.68,148.68,182.0
2026-04-10 23:45:00+00:00,149.1,149.1,149.1,149.1,518.0
2026-04-10 23:50:00+00:00,148.95,148.95,148.9,148.9,495.0
2026-04-10 23:55:00+00:00,148.8,149.06,148.8,149.0193,2891.0
2026-04-13 08:00:00+00:00,146.75,147.25,146.24,147.11,7845.0
2026-04-13 08:10:00+00:00,146.18,146.18,146.18,146.18,537.0
2026-04-13 08:15:00+00:00,146.99,146.99,146.99,146.99,379.0
2026-04-13 08:40:00+00:00,147.0,147.01,147.0,147.01,1132.0
2026-04-13 09:05:00+00:00,147.45,147.45,147.45,147.45,204.0
2026-04-13 09:10:00+00:00,147.37,147.37,147.37,147.37,100.0
2026-04-13 09:25:00+00:00,147.74,147.8,147.74,147.8,593.0
2026-04-13 09:40:00+00:00,147.0,147.0,147.0,147.0,979.0
2026-04-13 10:20:00+00:00,147.0,147.0,147.0,147.0,178.0
2026-04-13 10:25:00+00:00,147.01,147.01,147.01,147.01,100.0
2026-04-13 10:30:00+00:00,147.3,147.3,147.3,147.3,280.0
2026-04-13 11:00:00+00:00,147.58,147.9999,147.02,147.8382,3950.0
2026-04-13 11:05:00+00:00,147.0786,147.2,146.9101,147.2,534.0
2026-04-13 11:10:00+00:00,147.5,147.5,147.5,147.5,1210.0
2026-04-13 11:15:00+00:00,147.0781,147.0781,147.0781,147.0781,121.0
2026-04-13 11:20:00+00:00,147.01,147.01,147.01,147.01,529.0
2026-04-13 11:30:00+00:00,146.91,146.91,146.91,146.91,243.0
2026-04-13 11:35:00+00:00,146.66,146.66,146.5,146.5,2077.0
2026-04-13 11:40:00+00:00,146.695,146.695,146.695,146.695,225.0
2026-04-13 11:50:00+00:00,146.26,146.5,146.26,146.5,1004.0
2026-04-13 12:00:00+00:00,146.78,146.78,146.78,146.78,147.0
2026-04-13 12:05:00+00:00,146.5,146.8,146.5,146.63,1916.0
2026-04-13 12:10:00+00:00,147.0,147.0,147.0,147.0,274.0
2026-04-13 12:15:00+00:00,147.05,147.05,147.02,147.02,339.0
2026-04-13 12:20:00+00:00,147.1484,147.16,147.1484,147.16,350.0
2026-04-13 12:25:00+00:00,147.25,147.25,147.25,147.25,1042.0
2026-04-13 12:30:00+00:00,147.0,147.0,146.98,146.98,696.0
2026-04-13 12:35:00+00:00,147.01,147.5,147.01,147.3904,488.0
2026-04-13 12:40:00+00:00,147.37,147.37,147.37,147.37,234.0
2026-04-13 12:45:00+00:00,147.48,147.8574,147.4378,147.8574,838.0
2026-04-13 13:00:00+00:00,147.5,147.5,147.5,147.5,102.0
2026-04-13 13:05:00+00:00,147.67,147.67,147.59,147.6,836.0
2026-04-13 13:10:00+00:00,147.6,147.6,147.6,147.6,453.0
2026-04-13 13:15:00+00:00,147.5642,147.6981,147.56,147.56,1198.0
2026-04-13 13:20:00+00:00,147.68,147.7,147.41,147.7,918.0
2026-04-13 13:25:00+00:00,147.8,147.96,147.8,147.96,777.0
2026-04-13 13:30:00+00:00,147.78,150.0331,147.5,149.565,271893.0
2026-04-13 13:35:00+00:00,149.505,150.37,148.568,150.315,137069.0
2026-04-13 13:40:00+00:00,150.336,151.11,149.8201,150.34,94449.0
2026-04-13 13:45:00+00:00,150.2702,150.8958,149.2071,150.8958,58425.0
2026-04-13 13:50:00+00:00,150.98,151.68,150.6901,151.44,97036.0
2026-04-13 13:55:00+00:00,151.52,151.78,150.68,151.78,47178.0
2026-04-13 14:00:00+00:00,151.85,152.23,151.465,151.87,66138.0
2026-04-13 14:05:00+00:00,151.7659,152.18,150.8,151.115,46008.0
2026-04-13 14:10:00+00:00,151.1,151.58,151.1,151.165,40764.0
2026-04-13 14:15:00+00:00,151.16,151.22,150.65,150.945,26835.0
2026-04-13 14:20:00+00:00,150.96,151.15,150.74,151.1499,28630.0
2026-04-13 14:25:00+00:00,151.0,151.32,150.99,151.2581,23108.0
2026-04-13 14:30:00+00:00,151.25,151.44,151.13,151.13,29723.0
2026-04-13 14:35:00+00:00,151.1201,151.19,150.655,151.13,35958.0
2026-04-13 14:40:00+00:00,151.15,152.69,151.15,152.69,86375.0
2026-04-13 14:45:00+00:00,152.615,152.9,152.11,152.44,54828.0
2026-04-13 14:50:00+00:00,152.4,152.6177,152.23,152.54,22381.0
2026-04-13 14:55:00+00:00,152.54,152.86,152.4501,152.54,34147.0
2026-04-13 15:00:00+00:00,152.5,152.64,152.03,152.03,39657.0
2026-04-13 15:05:00+00:00,152.07,152.6,152.07,152.6,25570.0
2026-04-13 15:10:00+00:00,152.595,152.81,152.38,152.68,56330.0
2026-04-13 15:15:00+00:00,152.66,152.79,152.26,152.65,39241.0
2026-04-13 15:20:00+00:00,152.77,153.2,152.6415,152.75,42140.0
2026-04-13 15:25:00+00:00,152.87,152.93,151.84,151.93,25782.0
2026-04-13 15:30:00+00:00,151.985,152.28,151.78,151.975,29741.0
2026-04-13 15:35:00+00:00,152.07,152.69,151.955,152.4,30261.0
2026-04-13 15:40:00+00:00,152.53,152.8599,152.185,152.185,20398.0
2026-04-13 15:45:00+00:00,152.07,152.33,152.07,152.2771,21729.0
2026-04-13 15:50:00+00:00,152.17,152.32,151.96,152.32,20288.0
2026-04-13 15:55:00+00:00,152.31,152.5874,152.1,152.5,35041.0
2026-04-13 16:00:00+00:00,152.56,152.65,152.28,152.4,61893.0
2026-04-13 16:05:00+00:00,152.36,153.3899,152.35,153.33,39242.0
2026-04-13 16:10:00+00:00,153.245,153.63,153.1119,153.55,50028.0
2026-04-13 16:15:00+00:00,153.55,153.8,153.15,153.785,29229.0
2026-04-13 16:20:00+00:00,153.785,154.3399,153.72,154.33,74010.0
2026-04-13 16:25:00+00:00,154.295,154.57,154.1,154.4,59492.0
2026-04-13 16:30:00+00:00,154.44,154.815,154.44,154.63,69302.0
2026-04-13 16:35:00+00:00,154.69,154.98,154.5,154.69,50561.0
2026-04-13 16:40:00+00:00,154.7,155.67,154.64,155.35,103367.0
2026-04-13 16:45:00+00:00,155.35,155.81,155.18,155.78,61732.0
2026-04-13 16:50:00+00:00,155.79,156.29,155.5603,155.68,69648.0
2026-04-13 16:55:00+00:00,155.605,157.06,155.53,156.745,152424.0
2026-04-13 17:00:00+00:00,156.75,157.0,156.5699,156.73,60646.0
2026-04-13 17:05:00+00:00,156.74,156.96,156.45,156.705,53274.0
2026-04-13 17:10:00+00:00,156.85,156.85,156.18,156.48,63458.0
2026-04-13 17:15:00+00:00,156.39,156.59,155.89,156.1255,66809.0
2026-04-13 17:20:00+00:00,156.15,156.4,155.983,156.2,35868.0
2026-04-13 17:25:00+00:00,156.24,156.6,156.24,156.5803,29628.0
2026-04-13 17:30:00+00:00,156.6,156.66,156.06,156.14,42143.0
2026-04-13 17:35:00+00:00,156.075,156.37,155.98,156.06,38358.0
2026-04-13 17:40:00+00:00,156.055,156.075,155.77,155.845,22268.0
2026-04-13 17:45:00+00:00,155.85,155.85,154.76,154.76,67703.0
2026-04-13 17:50:00+00:00,154.702,155.32,154.4581,155.175,77740.0
2026-04-13 17:55:00+00:00,155.18,155.28,155.03,155.08,22222.0
2026-04-13 18:00:00+00:00,155.0382,155.485,155.03,155.4015,22322.0
2026-04-13 18:05:00+00:00,155.485,155.79,155.23,155.7,28795.0
2026-04-13 18:10:00+00:00,155.75,155.785,155.61,155.745,21061.0
2026-04-13 18:15:00+00:00,155.71,155.835,155.17,155.53,34230.0
2026-04-13 18:20:00+00:00,155.65,155.71,155.56,155.675,12224.0
2026-04-13 18:25:00+00:00,155.68,155.92,155.6,155.84,27819.0
2026-04-13 18:30:00+00:00,155.845,156.05,155.78,156.025,33724.0
2026-04-13 18:35:00+00:00,156.03,156.24,155.95,156.13,33507.0
2026-04-13 18:40:00+00:00,156.2,156.3,156.1,156.175,18522.0
2026-04-13 18:45:00+00:00,156.2,156.32,156.12,156.276,27106.0
2026-04-13 18:50:00+00:00,156.235,156.65,156.235,156.65,37250.0
2026-04-13 18:55:00+00:00,156.64,156.7271,156.49,156.49,22729.0
2026-04-13 19:00:00+00:00,156.49,156.6539,156.24,156.3674,32886.0
2026-04-13 19:05:00+00:00,156.34,156.77,156.28,156.69,37930.0
2026-04-13 19:10:00+00:00,156.69,156.715,156.4101,156.61,29390.0
2026-04-13 19:15:00+00:00,156.56,156.8,156.51,156.7991,26409.0
2026-04-13 19:20:00+00:00,156.79,156.86,156.58,156.6,42656.0
2026-04-13 19:25:00+00:00,156.6,156.65,156.44,156.51,59579.0
2026-04-13 19:30:00+00:00,156.49,156.76,156.44,156.675,43425.0
2026-04-13 19:35:00+00:00,156.64,156.78,156.25,156.305,58500.0
2026-04-13 19:40:00+00:00,156.305,156.35,156.115,156.275,65618.0
2026-04-13 19:45:00+00:00,156.3,156.49,156.15,156.3201,77317.0
2026-04-13 19:50:00+00:00,156.4,157.4,156.4,157.01,175246.0
2026-04-13 19:55:00+00:00,157.06,157.77,157.01,157.72,394117.0
2026-04-13 20:00:00+00:00,157.58,157.98,156.8,157.98,434609.0
2026-04-13 20:05:00+00:00,157.87,157.88,157.58,157.69,3267.0
2026-04-13 20:10:00+00:00,157.6,157.6,157.6,157.6,227.0
2026-04-13 20:15:00+00:00,157.7,157.7,157.7,157.7,1054.0
2026-04-13 20:20:00+00:00,157.73,157.73,157.5,157.5,1652.0
2026-04-13 20:30:00+00:00,157.88,157.88,157.58,157.87,4022.0
2026-04-13 20:35:00+00:00,157.87,158.05,157.87,158.05,6466.0
2026-04-13 20:45:00+00:00,157.8,157.81,157.8,157.8,1581.0
2026-04-13 20:50:00+00:00,157.75,157.75,157.75,157.75,1456.0
2026-04-13 20:55:00+00:00,157.75,157.75,157.67,157.67,4699.0
2026-04-13 21:00:00+00:00,157.6479,157.6479,157.64,157.64,258.0
2026-04-13 21:10:00+00:00,157.59,157.66,157.59,157.66,2138.0
2026-04-13 21:20:00+00:00,157.51,157.51,157.51,157.51,130.0
2026-04-13 21:30:00+00:00,157.67,157.67,157.6699,157.6699,903.0
2026-04-13 21:35:00+00:00,157.67,157.71,157.67,157.71,2560.0
2026-04-13 21:50:00+00:00,157.9784,158.05,157.9784,158.01,1832.0
2026-04-13 22:00:00+00:00,158.05,158.05,158.05,158.05,500.0
2026-04-13 22:10:00+00:00,158.19,158.19,158.19,158.19,311.0
2026-04-13 22:15:00+00:00,158.11,158.14,158.11,158.14,1005.0
2026-04-13 22:20:00+00:00,158.18,158.2,158.18,158.2,1403.0
2026-04-13 22:30:00+00:00,158.32,158.49,158.32,158.42,1919.0
2026-04-13 22:35:00+00:00,158.4,158.4,158.4,158.4,162.0
2026-04-13 22:40:00+00:00,158.5,158.51,158.5,158.5,1120.0
2026-04-13 22:45:00+00:00,158.56,158.59,158.56,158.59,252.0
2026-04-13 22:50:00+00:00,158.4058,158.4058,158.4058,158.4058,135.0
2026-04-13 22:55:00+00:00,158.56,158.57,158.56,158.56,2603.0
2026-04-13 23:00:00+00:00,158.58,158.59,158.58,158.59,456.0
2026-04-13 23:05:00+00:00,158.51,158.81,158.51,158.81,1908.0
2026-04-13 23:10:00+00:00,158.57,158.8428,158.57,158.8428,584.0
2026-04-13 23:15:00+00:00,158.4845,158.57,158.4845,158.52,614.0
2026-04-13 23:20:00+00:00,158.46,158.9,158.46,158.9,1643.0
2026-04-13 23:25:00+00:00,158.5,158.5,158.5,158.5,768.0
2026-04-13 23:30:00+00:00,158.5001,158.5001,158.5001,158.5001,230.0
2026-04-13 23:35:00+00:00,158.53,158.53,158.46,158.46,1332.0
2026-04-13 23:45:00+00:00,158.74,158.8,158.74,158.74,671.0
2026-04-13 23:50:00+00:00,158.9,158.9,158.5,158.5,1019.0
2026-04-13 23:55:00+00:00,158.49,158.77,158.49,158.77,448.0
2026-04-14 08:00:00+00:00,158.5,159.11,158.1,158.5,15090.0
2026-04-14 08:05:00+00:00,158.58,158.58,158.0,158.14,4547.0
2026-04-14 08:10:00+00:00,158.3,158.3,158.3,158.3,110.0
2026-04-14 08:15:00+00:00,158.74,158.74,158.2,158.2,443.0
2026-04-14 08:20:00+00:00,158.48,158.75,158.48,158.75,648.0
2026-04-14 08:25:00+00:00,158.9199,158.9199,158.9199,158.9199,349.0
2026-04-14 08:30:00+00:00,158.78,159.05,158.78,159.0,642.0
2026-04-14 08:35:00+00:00,159.04,159.2,159.04,159.18,1990.0
2026-04-14 08:40:00+00:00,159.2,159.33,159.2,159.33,444.0
2026-04-14 08:50:00+00:00,159.3,159.3,159.11,159.11,746.0
2026-04-14 08:55:00+00:00,159.28,159.28,159.28,159.28,202.0
2026-04-14 09:00:00+00:00,159.27,159.4736,159.25,159.39,1423.0
2026-04-14 09:10:00+00:00,159.45,159.45,159.45,159.45,210.0
2026-04-14 09:15:00+00:00,159.4759,159.4759,159.4759,159.4759,807.0
2026-04-14 09:20:00+00:00,159.47,159.47,159.47,159.47,230.0
2026-04-14 09:25:00+00:00,159.4,159.41,159.4,159.41,361.0
2026-04-14 09:30:00+00:00,159.05,159.41,159.01,159.26,4289.0
2026-04-14 09:35:00+00:00,159.5,159.5,159.5,159.5,294.0
2026-04-14 09:50:00+00:00,159.5,159.55,159.5,159.55,2661.0
2026-04-14 09:55:00+00:00,159.67,159.69,159.67,159.67,573.0
2026-04-14 10:00:00+00:00,159.77,159.89,159.77,159.89,2190.0
2026-04-14 10:05:00+00:00,159.9,160.0,159.9,160.0,3398.0
2026-04-14 10:15:00+00:00,160.25,160.62,160.21,160.62,3105.0
2026-04-14 10:20:00+00:00,160.41,160.93,160.41,160.47,1975.0
2026-04-14 10:25:00+00:00,160.51,160.51,160.51,160.51,1158.0
2026-04-14 10:30:00+00:00,160.41,160.41,160.41,160.41,179.0
2026-04-14 10:35:00+00:00,160.4,160.4,160.4,160.4,380.0
2026-04-14 10:40:00+00:00,160.0,160.0,159.8,159.96,2758.0
2026-04-14 10:55:00+00:00,160.25,160.5,160.25,160.5,1534.0
2026-04-14 11:00:00+00:00,160.1,160.5,160.1,160.448,10903.0
2026-04-14 11:05:00+00:00,160.5,160.99,160.4,160.94,5874.0
2026-04-14 11:10:00+00:00,160.88,160.88,160.5609,160.6,680.0
2026-04-14 11:15:00+00:00,160.5648,160.76,160.5648,160.76,1096.0
2026-04-14 11:20:00+00:00,160.76,161.348,160.76,161.348,9634.0
2026-04-14 11:25:00+00:00,161.3567,161.4036,161.3,161.4036,1405.0
2026-04-14 11:30:00+00:00,161.17,161.22,160.5,160.8,7310.0
2026-04-14 11:35:00+00:00,160.8,160.8,160.8,160.8,730.0
2026-04-14 11:40:00+00:00,160.8,161.97,160.8,161.47,4724.0
2026-04-14 11:45:00+00:00,161.65,161.65,161.42,161.63,3539.0
2026-04-14 11:50:00+00:00,161.1,161.18,161.01,161.18,2019.0
2026-04-14 11:55:00+00:00,161.04,161.3935,161.0,161.19,2100.0
2026-04-14 12:00:00+00:00,161.21,161.45,161.0,161.45,5878.0
2026-04-14 12:05:00+00:00,161.22,161.3,160.91,160.91,2170.0
2026-04-14 12:10:00+00:00,161.45,161.76,161.05,161.42,5089.0
2026-04-14 12:15:00+00:00,161.4,161.75,161.01,161.75,12110.0
2026-04-14 12:20:00+00:00,161.89,161.96,161.08,161.88,3644.0
2026-04-14 12:25:00+00:00,161.81,162.0928,161.5,161.88,8332.0
2026-04-14 12:30:00+00:00,161.92,161.92,161.5,161.51,7864.0
2026-04-14 12:35:00+00:00,161.85,161.91,161.5426,161.9,1585.0
2026-04-14 12:40:00+00:00,161.9,162.2,161.5994,161.5994,5307.0
2026-04-14 12:45:00+00:00,161.55,163.02,161.55,162.5251,30962.0
2026-04-14 12:50:00+00:00,162.46,162.46,162.46,162.46,1386.0
2026-04-14 12:55:00+00:00,162.7,162.7,162.0,162.18,3065.0
2026-04-14 13:00:00+00:00,162.34,162.6192,161.97,161.97,7581.0
2026-04-14 13:05:00+00:00,162.02,162.29,162.0,162.0,2978.0
2026-04-14 13:10:00+00:00,161.99,163.18,161.9,163.16,13174.0
2026-04-14 13:15:00+00:00,163.02,163.3393,162.53,163.16,10822.0
2026-04-14 13:20:00+00:00,162.87,163.04,162.75,163.0,14730.0
2026-04-14 13:25:00+00:00,162.75,162.995,161.0,161.0,67723.0
2026-04-14 13:30:00+00:00,161.03,162.8,159.59,161.95,643652.0
2026-04-14 13:35:00+00:00,161.93,163.5,160.8,161.04,353430.0
2026-04-14 13:40:00+00:00,160.83,161.0893,159.0,160.52,280038.0
2026-04-14 13:45:00+00:00,160.35,160.64,159.05,159.171,159111.0
2026-04-14 13:50:00+00:00,159.24,159.45,157.91,158.3,192339.0
2026-04-14 13:55:00+00:00,158.245,158.85,157.6,158.42,94533.0
2026-04-14 14:00:00+00:00,158.42,158.8,157.83,158.55,134915.0
2026-04-14 14:05:00+00:00,158.64,159.98,158.5686,159.93,78152.0
2026-04-14 14:10:00+00:00,159.7401,160.05,159.1,159.6899,77914.0
2026-04-14 14:15:00+00:00,159.69,159.7,159.1027,159.6,47808.0
2026-04-14 14:20:00+00:00,159.47,160.22,159.294,160.22,47650.0
2026-04-14 14:25:00+00:00,160.24,161.185,160.0001,160.69,207449.0
2026-04-14 14:30:00+00:00,160.7,161.665,160.662,161.1,69728.0
2026-04-14 14:35:00+00:00,161.095,161.445,160.84,161.16,52116.0
2026-04-14 14:40:00+00:00,161.2,161.65,160.88,161.2025,64305.0
2026-04-14 14:45:00+00:00,161.2,161.3,160.8985,161.05,46604.0
2026-04-14 14:50:00+00:00,161.0261,161.735,160.58,160.695,87785.0
2026-04-14 14:55:00+00:00,160.8,160.94,160.61,160.74,32189.0
2026-04-14 15:00:00+00:00,160.79,160.97,160.33,160.57,46143.0
2026-04-14 15:05:00+00:00,160.625,160.65,160.26,160.355,57106.0
2026-04-14 15:10:00+00:00,160.355,160.54,160.25,160.47,22805.0
2026-04-14 15:15:00+00:00,160.46,160.92,160.38,160.88,59606.0
2026-04-14 15:20:00+00:00,160.78,161.01,160.72,160.82,35804.0
2026-04-14 15:25:00+00:00,160.7926,161.15,160.78,161.09,123611.0
2026-04-14 15:30:00+00:00,161.045,161.2,160.6,160.71,54649.0
2026-04-14 15:35:00+00:00,160.74,161.29,160.74,161.1983,55012.0
2026-04-14 15:40:00+00:00,161.12,161.12,160.64,161.01,18815.0
2026-04-14 15:45:00+00:00,161.0,161.5,160.9,161.41,69146.0
2026-04-14 15:50:00+00:00,161.4102,161.87,161.4,161.7499,43792.0
2026-04-14 15:55:00+00:00,161.655,161.8,161.2,161.2,36099.0
2026-04-14 16:00:00+00:00,161.26,161.345,161.0,161.08,22834.0
2026-04-14 16:05:00+00:00,161.08,161.58,160.8901,161.55,76901.0
2026-04-14 16:10:00+00:00,161.57,161.57,160.68,160.75,41309.0
2026-04-14 16:15:00+00:00,160.8,161.13,160.58,160.76,31825.0
2026-04-14 16:20:00+00:00,160.72,160.9745,160.57,160.91,33366.0
2026-04-14 16:25:00+00:00,160.865,160.91,160.69,160.745,16408.0
2026-04-14 16:30:00+00:00,160.72,160.86,160.6,160.67,22306.0
2026-04-14 16:35:00+00:00,160.71,160.805,160.6303,160.74,21218.0
2026-04-14 16:40:00+00:00,160.8,161.21,160.71,161.07,44582.0
2026-04-14 16:45:00+00:00,161.13,161.41,161.019,161.27,17494.0
2026-04-14 16:50:00+00:00,161.28,161.47,161.07,161.28,26204.0
2026-04-14 16:55:00+00:00,161.28,161.28,160.5001,160.765,35646.0
2026-04-14 17:00:00+00:00,160.745,160.85,160.62,160.62,17869.0
2026-04-14 17:05:00+00:00,160.565,160.7999,160.53,160.675,15819.0
2026-04-14 17:10:00+00:00,160.675,160.86,160.5801,160.8521,20791.0
2026-04-14 17:15:00+00:00,160.815,161.11,160.81,161.0542,28017.0
2026-04-14 17:20:00+00:00,161.05,161.27,160.94,161.195,26477.0
2026-04-14 17:25:00+00:00,161.225,161.23,160.9658,161.11,24749.0
2026-04-14 17:30:00+00:00,161.11,161.44,161.03,161.35,25314.0
2026-04-14 17:35:00+00:00,161.31,161.36,161.05,161.31,25340.0
2026-04-14 17:40:00+00:00,161.31,161.47,161.26,161.33,18138.0
2026-04-14 17:45:00+00:00,161.26,161.265,160.88,160.88,24805.0
2026-04-14 17:50:00+00:00,160.8,161.02,160.6243,161.0,28919.0
2026-04-14 17:55:00+00:00,160.96,160.99,160.65,160.71,16203.0
2026-04-14 18:00:00+00:00,160.77,160.77,160.4,160.71,28574.0
2026-04-14 18:05:00+00:00,160.62,160.7,160.26,160.405,30141.0
2026-04-14 18:10:00+00:00,160.405,160.405,160.07,160.23,37273.0
2026-04-14 18:15:00+00:00,160.1526,160.5,160.0,160.01,64603.0
2026-04-14 18:20:00+00:00,160.04,160.12,159.66,159.87,52924.0
2026-04-14 18:25:00+00:00,159.875,159.98,159.57,159.73,43613.0
2026-04-14 18:30:00+00:00,159.72,159.84,159.31,159.56,33396.0
2026-04-14 18:35:00+00:00,159.54,159.85,159.41,159.83,27320.0
2026-04-14 18:40:00+00:00,159.82,159.9989,159.56,159.66,26579.0
2026-04-14 18:45:00+00:00,159.66,159.8,159.48,159.48,24750.0
2026-04-14 18:50:00+00:00,159.47,159.91,159.47,159.665,42718.0
2026-04-14 18:55:00+00:00,159.665,160.03,159.53,159.985,49664.0
2026-04-14 19:00:00+00:00,159.95,160.48,159.55,160.3,60850.0
2026-04-14 19:05:00+00:00,160.416,160.79,160.416,160.79,27343.0
2026-04-14 19:10:00+00:00,160.74,160.9,160.6201,160.735,65608.0
2026-04-14 19:15:00+00:00,160.8,160.98,160.6,160.67,40637.0
2026-04-14 19:20:00+00:00,160.63,160.7,160.41,160.615,61000.0
2026-04-14 19:25:00+00:00,160.55,160.73,160.5,160.67,43881.0
2026-04-14 19:30:00+00:00,160.54,160.9,160.5,160.745,57796.0
2026-04-14 19:35:00+00:00,160.68,160.69,160.24,160.42,56057.0
2026-04-14 19:40:00+00:00,160.48,160.64,160.2,160.485,88594.0
2026-04-14 19:45:00+00:00,160.505,160.81,160.375,160.75,63537.0
2026-04-14 19:50:00+00:00,160.72,161.08,160.665,160.825,173571.0
2026-04-14 19:55:00+00:00,160.835,161.29,160.53,161.26,394253.0
2026-04-14 20:00:00+00:00,161.28,161.3,160.83,161.3,382209.0
2026-04-14 20:05:00+00:00,161.0645,161.18,161.06,161.06,2369.0
2026-04-14 20:10:00+00:00,161.47,161.4799,161.05,161.05,3605.0
2026-04-14 20:15:00+00:00,161.12,161.2,161.12,161.2,4195.0
2026-04-14 20:30:00+00:00,161.2,161.2,161.05,161.1,2880.0
2026-04-14 20:35:00+00:00,161.06,161.06,160.6,160.6,5099.0
2026-04-14 20:40:00+00:00,160.4314,160.99,160.4314,160.99,2811.0
2026-04-14 20:45:00+00:00,160.8434,160.94,160.77,160.94,984.0
2026-04-14 20:50:00+00:00,160.84,160.9795,160.84,160.9795,1512.0
2026-04-14 21:00:00+00:00,160.75,160.75,160.75,160.75,395.0
2026-04-14 21:05:00+00:00,160.9,160.9,160.63,160.63,304.0
2026-04-14 21:10:00+00:00,160.9,160.9,160.85,160.85,240.0
2026-04-14 21:15:00+00:00,160.63,160.63,160.55,160.55,701.0
2026-04-14 21:20:00+00:00,160.6,160.6,160.55,160.55,965.0
2026-04-14 21:30:00+00:00,160.8,160.88,160.8,160.88,1811.0
2026-04-14 21:35:00+00:00,160.94,160.94,160.91,160.93,600.0
2026-04-14 21:40:00+00:00,160.6,160.6,160.6,160.6,542.0
2026-04-14 21:45:00+00:00,160.1816,160.6,160.1816,160.35,374.0
2026-04-14 21:50:00+00:00,160.8,160.8,160.8,160.8,122.0
2026-04-14 22:05:00+00:00,160.75,160.75,160.75,160.75,162.0
2026-04-14 22:10:00+00:00,160.75,160.75,160.75,160.75,1310.0
2026-04-14 22:15:00+00:00,160.7509,160.95,160.7509,160.95,4658.0
2026-04-14 22:35:00+00:00,160.86,160.98,160.86,160.93,423.0
2026-04-14 22:40:00+00:00,160.96,160.96,160.96,160.96,501.0
2026-04-14 22:45:00+00:00,160.95,160.95,160.95,160.95,301.0
2026-04-14 22:55:00+00:00,160.83,160.83,160.83,160.83,186.0
2026-04-14 23:00:00+00:00,160.96,160.96,160.96,160.96,310.0
2026-04-14 23:05:00+00:00,160.95,161.0,160.95,161.0,1317.0
2026-04-14 23:10:00+00:00,161.0,161.0,161.0,161.0,747.0
2026-04-14 23:15:00+00:00,161.01,161.01,161.01,161.01,239.0
2026-04-14 23:20:00+00:00,161.0,161.0,161.0,161.0,141.0
2026-04-14 23:35:00+00:00,161.3,161.31,161.3,161.31,519.0
2026-04-14 23:50:00+00:00,161.28,161.31,161.28,161.31,400.0
2026-04-14 23:55:00+00:00,161.26,161.26,161.26,161.26,1516.0
2026-04-15 08:00:00+00:00,160.49,160.67,160.19,160.67,4860.0
2026-04-15 08:15:00+00:00,160.4,160.4,160.4,160.4,641.0
2026-04-15 08:30:00+00:00,161.0,161.0,161.0,161.0,233.0
2026-04-15 08:40:00+00:00,161.0,161.0,161.0,161.0,682.0
2026-04-15 08:50:00+00:00,160.65,160.65,160.65,160.65,1221.0
2026-04-15 08:55:00+00:00,161.2,161.5,161.2,161.5,941.0
2026-04-15 09:00:00+00:00,161.79,161.79,161.79,161.79,231.0
2026-04-15 09:05:00+00:00,161.57,161.57,161.2,161.2,1826.0
2026-04-15 09:10:00+00:00,161.2,161.2,160.99,161.0,2905.0
2026-04-15 09:20:00+00:00,160.962,160.962,160.962,160.962,100.0
2026-04-15 09:30:00+00:00,160.8,160.8,160.8,160.8,341.0
2026-04-15 09:45:00+00:00,160.87,160.87,160.87,160.87,338.0
2026-04-15 09:55:00+00:00,160.92,160.94,160.91,160.94,1644.0
2026-04-15 10:10:00+00:00,160.56,160.56,160.5,160.5,1507.0
2026-04-15 10:20:00+00:00,160.0,160.0,160.0,160.0,986.0
2026-04-15 10:25:00+00:00,159.9,159.9,159.9,159.9,380.0
2026-04-15 10:30:00+00:00,160.88,162.8,160.88,161.99,15244.0
2026-04-15 10:45:00+00:00,162.0,162.0,162.0,162.0,195.0
2026-04-15 11:00:00+00:00,161.04,161.5,161.04,161.28,1527.0
2026-04-15 11:05:00+00:00,161.55,161.95,161.55,161.8676,1341.0
2026-04-15 11:10:00+00:00,161.65,161.9676,161.56,161.9676,1661.0
2026-04-15 11:15:00+00:00,161.75,161.9663,161.75,161.9663,747.0
2026-04-15 11:20:00+00:00,161.93,161.93,161.8471,161.8471,341.0
2026-04-15 11:25:00+00:00,161.98,161.98,161.98,161.98,125.0
2026-04-15 11:30:00+00:00,161.98,163.0,161.85,162.5,6129.0
2026-04-15 11:35:00+00:00,163.0599,163.0599,163.0599,163.0599,407.0
2026-04-15 11:40:00+00:00,162.9999,162.9999,162.9578,162.9578,848.0
2026-04-15 11:45:00+00:00,163.0,163.25,163.0,163.0,1109.0
2026-04-15 11:55:00+00:00,163.0,163.0,162.08,162.08,221.0
2026-04-15 12:00:00+00:00,162.8717,162.99,162.8717,162.99,524.0
2026-04-15 12:10:00+00:00,162.2603,162.8394,162.0,162.8394,3691.0
2026-04-15 12:15:00+00:00,162.2,162.2,161.22,162.2,8663.0
2026-04-15 12:20:00+00:00,161.7132,161.9549,161.7132,161.73,1641.0
2026-04-15 12:25:00+00:00,161.69,161.7,161.69,161.69,890.0
2026-04-15 12:30:00+00:00,161.5,161.7,161.5,161.6,631.0
2026-04-15 12:35:00+00:00,161.66,161.7,161.66,161.7,1254.0
2026-04-15 12:45:00+00:00,161.5,161.5,161.5,161.5,125.0
2026-04-15 12:50:00+00:00,161.63,161.71,161.63,161.71,812.0
2026-04-15 12:55:00+00:00,161.41,161.64,161.41,161.64,636.0
2026-04-15 13:05:00+00:00,161.4455,161.7387,161.4455,161.7387,561.0
2026-04-15 13:20:00+00:00,161.4,161.4455,161.22,161.22,2758.0
2026-04-15 13:25:00+00:00,161.2645,161.2645,161.0,161.0,2554.0
2026-04-15 13:30:00+00:00,161.33,161.74,158.69,158.748,188559.0
2026-04-15 13:35:00+00:00,158.74,159.3,158.11,158.3,97698.0
2026-04-15 13:40:00+00:00,158.32,158.735,157.14,157.365,119857.0
2026-04-15 13:45:00+00:00,157.34,158.36,156.85,158.215,144867.0
2026-04-15 13:50:00+00:00,158.27,158.3299,157.57,157.86,63281.0
2026-04-15 13:55:00+00:00,157.79,158.01,157.57,157.71,49517.0
2026-04-15 14:00:00+00:00,157.8175,158.07,157.43,158.05,57675.0
2026-04-15 14:05:00+00:00,158.02,159.04,158.0,159.0,149360.0
2026-04-15 14:10:00+00:00,158.9453,159.65,158.76,159.5,82912.0
2026-04-15 14:15:00+00:00,159.545,159.6799,158.95,158.96,42258.0
2026-04-15 14:20:00+00:00,159.0,159.72,159.0,159.4101,41981.0
2026-04-15 14:25:00+00:00,159.455,160.12,159.455,159.97,61930.0
2026-04-15 14:30:00+00:00,160.015,160.04,158.86,158.935,55137.0
2026-04-15 14:35:00+00:00,159.0,159.3,158.88,159.095,36724.0
2026-04-15 14:40:00+00:00,159.095,159.5799,159.09,159.44,24705.0
2026-04-15 14:45:00+00:00,159.44,159.79,159.4001,159.6601,30379.0
2026-04-15 14:50:00+00:00,159.82,159.85,159.01,159.22,56887.0
2026-04-15 14:55:00+00:00,159.21,159.67,159.16,159.23,31491.0
2026-04-15 15:00:00+00:00,159.24,159.89,159.24,159.605,37480.0
2026-04-15 15:05:00+00:00,159.605,159.7,159.25,159.7,32446.0
2026-04-15 15:10:00+00:00,159.64,160.15,159.5701,160.0783,39612.0
2026-04-15 15:15:00+00:00,160.02,160.38,159.7745,160.02,79578.0
2026-04-15 15:20:00+00:00,160.085,160.55,160.02,160.29,74307.0
2026-04-15 15:25:00+00:00,160.17,160.69,159.88,160.68,48845.0
2026-04-15 15:30:00+00:00,160.62,160.64,159.715,159.715,36214.0
2026-04-15 15:35:00+00:00,159.76,159.965,159.71,159.88,17440.0
2026-04-15 15:40:00+00:00,159.8,159.9699,159.69,159.7,19737.0
2026-04-15 15:45:00+00:00,159.685,159.885,159.685,159.82,15696.0
2026-04-15 15:50:00+00:00,159.795,159.8,159.54,159.55,16551.0
2026-04-15 15:55:00+00:00,159.58,159.58,159.22,159.305,32749.0
2026-04-15 16:00:00+00:00,159.25,159.67,159.22,159.46,33470.0
2026-04-15 16:05:00+00:00,159.48,159.7,159.4462,159.6052,13718.0
2026-04-15 16:10:00+00:00,159.59,159.9,159.5,159.705,19730.0
2026-04-15 16:15:00+00:00,159.7,159.91,159.63,159.75,30464.0
2026-04-15 16:20:00+00:00,159.7686,160.025,159.64,159.8219,33774.0
2026-04-15 16:25:00+00:00,159.82,159.8299,159.3,159.3,38191.0
2026-04-15 16:30:00+00:00,159.255,159.26,158.85,158.92,33135.0
2026-04-15 16:35:00+00:00,158.88,159.05,158.46,158.46,28623.0
2026-04-15 16:40:00+00:00,158.43,158.62,158.04,158.04,96586.0
2026-04-15 16:45:00+00:00,158.14,158.25,157.54,158.1,74750.0
2026-04-15 16:50:00+00:00,158.03,158.22,157.0,157.1,41655.0
2026-04-15 16:55:00+00:00,157.0729,157.11,156.21,157.11,134902.0
2026-04-15 17:00:00+00:00,157.03,157.3983,156.89,157.08,30966.0
2026-04-15 17:05:00+00:00,157.12,157.65,157.09,157.61,23181.0
2026-04-15 17:10:00+00:00,157.65,157.74,157.3001,157.66,17395.0
2026-04-15 17:15:00+00:00,157.685,157.84,157.5,157.52,15636.0
2026-04-15 17:20:00+00:00,157.535,157.6,157.49,157.55,9562.0
2026-04-15 17:25:00+00:00,157.5471,157.8,157.5435,157.73,12870.0
2026-04-15 17:30:00+00:00,157.68,157.92,157.66,157.87,22654.0
2026-04-15 17:35:00+00:00,157.9,158.07,157.85,157.8519,12074.0
2026-04-15 17:40:00+00:00,157.84,157.855,157.635,157.75,15442.0
2026-04-15 17:45:00+00:00,157.75,157.89,157.75,157.86,11289.0
2026-04-15 17:50:00+00:00,157.827,158.0199,157.81,157.975,14251.0
2026-04-15 17:55:00+00:00,157.975,157.975,157.79,157.85,7876.0
2026-04-15 18:00:00+00:00,157.82,158.08,157.49,157.84,28011.0
2026-04-15 18:05:00+00:00,157.68,157.98,157.68,157.94,12238.0
2026-04-15 18:10:00+00:00,157.949,158.24,157.92,158.09,15252.0
2026-04-15 18:15:00+00:00,158.095,158.27,158.075,158.177,12100.0
2026-04-15 18:20:00+00:00,158.0985,158.21,158.022,158.022,11955.0
2026-04-15 18:25:00+00:00,158.0785,158.18,158.0066,158.04,13549.0
2026-04-15 18:30:00+00:00,158.13,158.39,158.125,158.3899,17425.0
2026-04-15 18:35:00+00:00,158.365,158.8599,158.365,158.859,29296.0
2026-04-15 18:40:00+00:00,158.73,158.86,158.63,158.8,15752.0
2026-04-15 18:45:00+00:00,158.8,158.85,158.72,158.75,18903.0
2026-04-15 18:50:00+00:00,158.755,158.88,158.72,158.81,17449.0
2026-04-15 18:55:00+00:00,158.85,158.9,158.7,158.78,17456.0
2026-04-15 19:00:00+00:00,158.785,158.89,158.66,158.85,16816.0
2026-04-15 19:05:00+00:00,158.895,159.1451,158.895,159.02,19321.0
2026-04-15 19:10:00+00:00,159.09,159.16,158.96,159.045,23017.0
2026-04-15 19:15:00+00:00,159.0799,159.11,159.01,159.1,14033.0
2026-04-15 19:20:00+00:00,159.13,159.19,158.74,158.895,29701.0
2026-04-15 19:25:00+00:00,158.86,158.98,158.78,158.98,22095.0
2026-04-15 19:30:00+00:00,158.915,159.16,158.915,159.07,21169.0
2026-04-15 19:35:00+00:00,159.1,159.15,158.84,158.84,18796.0
2026-04-15 19:40:00+00:00,158.8,158.89,158.61,158.8,30851.0
2026-04-15 19:45:00+00:00,158.785,159.115,158.69,159.04,62471.0
2026-04-15 19:50:00+00:00,159.05,159.4,159.05,159.28,56520.0
2026-04-15 19:55:00+00:00,159.32,159.54,159.19,159.35,186847.0
2026-04-15 20:00:00+00:00,159.34,159.57,158.3,158.3,276668.0
2026-04-15 20:05:00+00:00,158.89,158.89,158.89,158.89,168.0
2026-04-15 20:25:00+00:00,159.34,159.34,159.34,159.34,444.0
2026-04-15 20:40:00+00:00,159.09,159.09,159.09,159.09,320.0
2026-04-15 20:55:00+00:00,158.85,158.85,158.7,158.75,1572.0
2026-04-15 21:00:00+00:00,158.8198,158.8198,158.8198,158.8198,314.0
2026-04-15 21:05:00+00:00,158.75,158.79,158.75,158.79,504.0
2026-04-15 21:15:00+00:00,158.7,158.7105,158.7,158.7105,1647.0
2026-04-15 21:20:00+00:00,158.78,158.78,158.78,158.78,101.0
2026-04-15 21:35:00+00:00,158.82,158.82,158.814,158.814,625.0
2026-04-15 21:55:00+00:00,158.85,158.85,158.85,158.85,419.0
2026-04-15 22:00:00+00:00,159.28,159.36,159.28,159.36,1545.0
2026-04-15 22:35:00+00:00,159.2,159.2,159.2,159.2,325.0
2026-04-15 22:40:00+00:00,159.12,159.12,159.12,159.12,1343.0
2026-04-15 22:55:00+00:00,159.3,159.3,159.3,159.3,327.0
2026-04-15 23:30:00+00:00,159.35,159.35,158.9208,158.9208,638.0
2026-04-15 23:35:00+00:00,159.5,159.5,159.5,159.5,106.0
2026-04-15 23:40:00+00:00,159.26,159.26,159.26,159.26,104.0
2026-04-15 23:55:00+00:00,159.35,159.35,159.35,159.35,345.0
2026-04-16 08:00:00+00:00,160.1,161.45,159.95,160.5,13651.0
2026-04-16 08:10:00+00:00,160.26,160.26,160.21,160.21,1004.0
2026-04-16 08:20:00+00:00,160.4,160.4,160.4,160.4,150.0
2026-04-16 08:35:00+00:00,160.06,160.23,160.06,160.23,335.0
2026-04-16 08:40:00+00:00,160.08,160.4,160.08,160.4,1070.0
2026-04-16 08:45:00+00:00,160.4,160.4,160.4,160.4,441.0
2026-04-16 08:50:00+00:00,160.6,160.6,160.6,160.6,109.0
2026-04-16 09:15:00+00:00,160.95,161.0,160.94,161.0,926.0
2026-04-16 09:20:00+00:00,161.0,161.0,160.95,160.95,2584.0
2026-04-16 09:30:00+00:00,160.97,160.97,160.97,160.97,438.0
2026-04-16 09:55:00+00:00,160.72,160.72,160.72,160.72,141.0
2026-04-16 10:10:00+00:00,160.6,161.08,160.6,161.08,1039.0
2026-04-16 10:15:00+00:00,160.25,160.25,160.25,160.25,315.0
2026-04-16 10:25:00+00:00,160.25,162.0,160.25,160.25,16106.0
2026-04-16 10:30:00+00:00,159.88,159.88,159.88,159.88,546.0
2026-04-16 10:35:00+00:00,159.88,159.9,159.88,159.9,762.0
2026-04-16 10:40:00+00:00,159.5,159.5,159.46,159.46,1382.0
2026-04-16 10:45:00+00:00,158.8,158.8,158.05,158.05,1640.0
2026-04-16 10:50:00+00:00,158.19,158.8681,158.19,158.8,1382.0
2026-04-16 10:55:00+00:00,159.3,159.3,159.3,159.3,625.0
2026-04-16 11:00:00+00:00,159.46,159.46,159.34,159.34,2340.0
2026-04-16 11:10:00+00:00,159.42,159.57,159.33,159.33,1279.0
2026-04-16 11:20:00+00:00,159.49,159.54,159.37,159.54,766.0
2026-04-16 11:25:00+00:00,159.33,159.33,159.28,159.28,1621.0
2026-04-16 11:30:00+00:00,159.18,159.3,159.18,159.3,2033.0
2026-04-16 11:35:00+00:00,159.4301,159.4301,159.4301,159.4301,241.0
2026-04-16 11:40:00+00:00,159.2,159.2,159.2,159.2,1339.0
2026-04-16 11:55:00+00:00,159.9,159.9,159.5,159.5,393.0
2026-04-16 12:00:00+00:00,159.75,159.86,159.75,159.86,1072.0
2026-04-16 12:30:00+00:00,159.45,159.45,159.4,159.4,613.0
2026-04-16 12:40:00+00:00,159.1,159.1,159.0,159.01,2121.0
2026-04-16 12:45:00+00:00,158.5315,158.84,158.5315,158.84,513.0
2026-04-16 12:50:00+00:00,158.6,158.6,158.526,158.526,366.0
2026-04-16 12:55:00+00:00,159.0,159.0,159.0,159.0,1084.0
2026-04-16 13:00:00+00:00,159.42,159.42,159.2011,159.2011,1344.0
2026-04-16 13:05:00+00:00,159.25,159.25,159.25,159.25,416.0
2026-04-16 13:10:00+00:00,159.15,159.15,159.15,159.15,518.0
2026-04-16 13:15:00+00:00,159.1,159.42,159.1,159.42,587.0
2026-04-16 13:20:00+00:00,159.9,159.9,159.9,159.9,113.0
2026-04-16 13:25:00+00:00,159.9,159.9,158.57,159.08,4494.0
2026-04-16 13:30:00+00:00,159.97,160.498,157.2101,158.645,178291.0
2026-04-16 13:35:00+00:00,158.88,160.0,158.31,158.425,108682.0
2026-04-16 13:40:00+00:00,158.55,160.16,158.53,159.35,67174.0
2026-04-16 13:45:00+00:00,159.24,159.7399,158.98,159.6,36578.0
2026-04-16 13:50:00+00:00,159.46,159.93,157.2,157.2,71049.0
2026-04-16 13:55:00+00:00,157.1,157.99,156.87,157.865,56535.0
2026-04-16 14:00:00+00:00,157.87,158.27,157.58,158.0337,31267.0
2026-04-16 14:05:00+00:00,157.71,158.35,157.37,158.09,30052.0
2026-04-16 14:10:00+00:00,158.13,158.499,157.7839,158.265,35536.0
2026-04-16 14:15:00+00:00,158.16,158.22,157.25,157.42,38457.0
2026-04-16 14:20:00+00:00,157.42,157.68,157.16,157.36,37944.0
2026-04-16 14:25:00+00:00,157.22,157.54,157.07,157.2699,30121.0
2026-04-16 14:30:00+00:00,157.05,157.78,156.88,157.465,49951.0
2026-04-16 14:35:00+00:00,157.465,157.4787,156.85,157.36,63723.0
2026-04-16 14:40:00+00:00,157.39,157.5,157.08,157.43,46333.0
2026-04-16 14:45:00+00:00,157.395,158.59,157.3,158.54,58266.0
2026-04-16 14:50:00+00:00,158.54,160.05,158.4,159.95,106940.0
2026-04-16 14:55:00+00:00,159.925,160.99,159.81,160.94,221723.0
2026-04-16 15:00:00+00:00,160.78,163.79,160.77,162.93,426607.0
2026-04-16 15:05:00+00:00,162.69,163.535,162.105,163.22,239902.0
2026-04-16 15:10:00+00:00,163.26,163.315,162.39,162.6626,82763.0
2026-04-16 15:15:00+00:00,162.68,163.33,162.51,162.79,76921.0
2026-04-16 15:20:00+00:00,162.88,164.23,162.71,163.89,213939.0
2026-04-16 15:25:00+00:00,163.82,164.15,163.4,163.45,107546.0
2026-04-16 15:30:00+00:00,163.365,164.5,163.24,164.5,133833.0
2026-04-16 15:35:00+00:00,164.46,164.9399,164.46,164.88,104147.0
2026-04-16 15:40:00+00:00,164.8,165.2999,164.4206,164.83,233893.0
2026-04-16 15:45:00+00:00,164.81,164.81,163.54,163.74,113158.0
2026-04-16 15:50:00+00:00,163.67,164.34,163.5926,164.14,53469.0
2026-04-16 15:55:00+00:00,164.14,164.575,164.0,164.47,42070.0
2026-04-16 16:00:00+00:00,164.56,165.2,164.38,165.0699,74331.0
2026-04-16 16:05:00+00:00,164.97,165.4,164.83,165.09,66896.0
2026-04-16 16:10:00+00:00,165.09,165.3891,164.93,165.065,42029.0
2026-04-16 16:15:00+00:00,165.065,166.09,164.925,165.97,180042.0
2026-04-16 16:20:00+00:00,165.96,166.02,165.14,165.29,67445.0
2026-04-16 16:25:00+00:00,165.29,165.3692,164.4,164.4418,57072.0
2026-04-16 16:30:00+00:00,164.52,164.57,162.8,162.83,153493.0
2026-04-16 16:35:00+00:00,162.89,163.96,162.8001,163.9251,71001.0
2026-04-16 16:40:00+00:00,163.9,163.905,163.4701,163.71,30729.0
2026-04-16 16:45:00+00:00,163.6877,163.71,163.2601,163.37,31688.0
2026-04-16 16:50:00+00:00,163.37,163.53,163.0201,163.1,42691.0
2026-04-16 16:55:00+00:00,163.1,163.67,163.1,163.26,29086.0
2026-04-16 17:00:00+00:00,163.26,163.26,162.7541,163.02,28773.0
2026-04-16 17:05:00+00:00,163.04,163.135,162.8258,163.035,67473.0
2026-04-16 17:10:00+00:00,163.035,163.45,162.56,162.56,43011.0
2026-04-16 17:15:00+00:00,162.6,162.705,162.3,162.54,36236.0
2026-04-16 17:20:00+00:00,162.69,162.774,162.2,162.695,40235.0
2026-04-16 17:25:00+00:00,162.79,162.886,162.5306,162.74,17225.0
2026-04-16 17:30:00+00:00,162.7986,163.1,162.629,162.915,26531.0
2026-04-16 17:35:00+00:00,162.915,163.29,162.82,163.29,21859.0
2026-04-16 17:40:00+00:00,163.315,163.4299,163.09,163.3,30250.0
2026-04-16 17:45:00+00:00,163.295,163.38,163.05,163.28,18492.0
2026-04-16 17:50:00+00:00,163.22,163.3191,162.922,163.1509,16980.0
2026-04-16 17:55:00+00:00,163.01,163.03,162.52,162.75,25769.0
2026-04-16 18:00:00+00:00,162.84,162.84,162.4,162.54,20547.0
2026-04-16 18:05:00+00:00,162.55,162.69,161.77,162.0,32623.0
2026-04-16 18:10:00+00:00,162.01,162.28,161.87,162.24,22370.0
2026-04-16 18:15:00+00:00,162.265,162.38,161.8888,162.2,20226.0
2026-04-16 18:20:00+00:00,162.18,162.23,161.6,161.62,42467.0
2026-04-16 18:25:00+00:00,161.73,161.83,161.0,161.19,80594.0
2026-04-16 18:30:00+00:00,161.185,161.745,161.185,161.595,27387.0
2026-04-16 18:35:00+00:00,161.6,162.08,161.6,161.99,56597.0
2026-04-16 18:40:00+00:00,162.03,162.09,161.8,161.9499,13843.0
2026-04-16 18:45:00+00:00,161.95,162.28,161.88,162.12,29415.0
2026-04-16 18:50:00+00:00,162.095,162.1,161.8,161.82,31539.0
2026-04-16 18:55:00+00:00,161.9,161.9162,161.27,161.45,54758.0
2026-04-16 19:00:00+00:00,161.57,162.3199,161.5506,162.21,30472.0
2026-04-16 19:05:00+00:00,162.135,162.23,161.99,161.99,16879.0
2026-04-16 19:10:00+00:00,161.89,162.0,161.65,161.81,20082.0
2026-04-16 19:15:00+00:00,161.91,161.99,161.62,161.97,15122.0
2026-04-16 19:20:00+00:00,161.82,162.12,161.72,161.73,22915.0
2026-04-16 19:25:00+00:00,161.75,161.9039,161.52,161.705,27774.0
2026-04-16 19:30:00+00:00,161.62,161.87,161.54,161.58,26299.0
2026-04-16 19:35:00+00:00,161.5939,161.74,161.37,161.63,51994.0
2026-04-16 19:40:00+00:00,161.7,162.07,161.605,161.705,34185.0
2026-04-16 19:45:00+00:00,161.6201,162.18,161.62,162.035,64483.0
2026-04-16 19:50:00+00:00,162.11,162.415,161.83,161.875,99323.0
2026-04-16 19:55:00+00:00,161.93,162.44,161.85,162.265,251436.0
2026-04-16 20:00:00+00:00,162.33,162.33,161.1,161.1983,244425.0
2026-04-16 20:05:00+00:00,162.1,162.25,161.5,161.5,5090.0
2026-04-16 20:10:00+00:00,161.5,161.5,161.4,161.5,5851.0
2026-04-16 20:15:00+00:00,161.75,161.85,161.75,161.77,1504.0
2026-04-16 20:30:00+00:00,161.7,161.7,161.7,161.7,100.0
2026-04-16 20:50:00+00:00,162.25,162.25,162.25,162.25,164.0
2026-04-16 21:00:00+00:00,162.18,162.18,162.18,162.18,466.0
2026-04-16 21:10:00+00:00,162.0,162.0,162.0,162.0,149.0
2026-04-16 21:25:00+00:00,162.25,162.25,162.25,162.25,989.0
2026-04-16 21:40:00+00:00,162.13,162.13,162.13,162.13,357.0
2026-04-16 21:45:00+00:00,162.31,162.31,162.31,162.31,260.0
2026-04-16 22:25:00+00:00,162.3,162.3,162.3,162.3,200.0
2026-04-16 23:10:00+00:00,162.1501,162.1501,162.11,162.14,2361.0
2026-04-16 23:20:00+00:00,162.29,162.29,162.29,162.29,255.0
2026-04-16 23:25:00+00:00,162.17,162.18,162.17,162.18,642.0
2026-04-16 23:40:00+00:00,162.1,162.1,162.05,162.05,1237.0
2026-04-16 23:50:00+00:00,162.04,162.04,162.04,162.04,260.0
2026-04-16 23:55:00+00:00,162.3,162.3,162.2599,162.29,1016.0
2026-04-17 08:00:00+00:00,163.17,163.17,162.18,163.1,6096.0
2026-04-17 08:10:00+00:00,163.8,163.8,163.8,163.8,101.0
2026-04-17 08:15:00+00:00,163.0,163.0,163.0,163.0,212.0
2026-04-17 08:55:00+00:00,163.69,164.0,163.69,163.98,4066.0
2026-04-17 09:05:00+00:00,163.58,163.965,163.58,163.965,351.0
2026-04-17 09:10:00+00:00,163.92,163.92,163.8839,163.92,1030.0
2026-04-17 09:15:00+00:00,163.89,163.9,163.89,163.89,1125.0
2026-04-17 09:20:00+00:00,164.27,164.27,164.27,164.27,220.0
2026-04-17 09:25:00+00:00,164.5,164.75,164.5,164.75,1381.0
2026-04-17 09:30:00+00:00,164.8,164.8,164.8,164.8,299.0
2026-04-17 09:35:00+00:00,164.8,164.8,164.7,164.7,774.0
2026-04-17 09:40:00+00:00,164.53,164.53,164.1499,164.1499,1854.0
2026-04-17 09:45:00+00:00,164.89,165.0,164.43,164.82,5535.0
2026-04-17 09:55:00+00:00,165.4,165.65,165.3,165.3,2204.0
2026-04-17 10:00:00+00:00,164.8,165.79,164.8,165.79,631.0
2026-04-17 10:05:00+00:00,165.29,165.29,165.29,165.29,100.0
2026-04-17 10:10:00+00:00,165.0,165.0,165.0,165.0,231.0
2026-04-17 10:20:00+00:00,164.1499,164.1499,164.1499,164.1499,715.0
2026-04-17 10:35:00+00:00,164.5,164.5,164.2,164.2,6606.0
2026-04-17 10:40:00+00:00,164.1,164.1,164.0,164.0,1392.0
2026-04-17 11:00:00+00:00,163.9698,164.46,163.9698,164.46,1028.0
2026-04-17 11:05:00+00:00,164.5,164.6525,164.2,164.2,2830.0
2026-04-17 11:10:00+00:00,164.65,164.7,164.65,164.7,392.0
2026-04-17 11:15:00+00:00,164.75,165.0,164.75,165.0,1399.0
2026-04-17 11:20:00+00:00,164.9769,165.0,164.75,165.0,1713.0
2026-04-17 11:25:00+00:00,164.75,164.75,164.75,164.75,600.0
2026-04-17 11:30:00+00:00,164.95,164.95,164.0,164.0,261.0
2026-04-17 11:35:00+00:00,165.0,165.0,164.7,164.7,2112.0
2026-04-17 11:40:00+00:00,164.75,164.75,164.75,164.75,246.0
2026-04-17 11:45:00+00:00,164.8,165.0,164.8,164.9643,938.0
2026-04-17 11:50:00+00:00,164.95,165.08,164.95,165.08,1197.0
2026-04-17 11:55:00+00:00,165.25,165.75,164.99,165.2,3510.0
2026-04-17 12:00:00+00:00,165.0,165.34,164.75,165.3,3057.0
2026-04-17 12:05:00+00:00,165.25,165.25,165.25,165.25,489.0
2026-04-17 12:10:00+00:00,165.4,165.53,165.4,165.48,5742.0
2026-04-17 12:15:00+00:00,165.48,165.48,165.4546,165.4546,719.0
2026-04-17 12:20:00+00:00,165.2,165.5,165.2,165.2,4595.0
2026-04-17 12:25:00+00:00,165.0045,165.4002,165.0045,165.4002,4508.0
2026-04-17 12:30:00+00:00,165.3887,165.58,165.3887,165.58,4611.0
2026-04-17 12:35:00+00:00,165.1,165.5,165.1,165.25,1230.0
2026-04-17 12:40:00+00:00,165.1047,165.27,165.0,165.0,2288.0
2026-04-17 12:45:00+00:00,165.43,166.3,165.43,166.3,6882.0
2026-04-17 12:50:00+00:00,166.0,166.66,166.0,166.64,13116.0
2026-04-17 12:55:00+00:00,166.6098,166.66,166.11,166.66,4657.0
2026-04-17 13:00:00+00:00,166.66,166.74,166.111,166.6844,5433.0
2026-04-17 13:05:00+00:00,166.67,167.55,166.61,167.0,15657.0
2026-04-17 13:10:00+00:00,167.25,167.5,167.057,167.1448,4061.0
2026-04-17 13:15:00+00:00,167.14,167.401,166.9345,167.401,12511.0
2026-04-17 13:20:00+00:00,167.05,167.98,167.0,167.53,22826.0
2026-04-17 13:25:00+00:00,167.15,168.0,165.94,165.94,36219.0
2026-04-17 13:30:00+00:00,166.72,167.46,163.92,165.595,415243.0
2026-04-17 13:35:00+00:00,165.595,166.81,165.09,165.965,134588.0
2026-04-17 13:40:00+00:00,165.96,165.96,164.68,165.09,190212.0
2026-04-17 13:45:00+00:00,165.035,165.8,164.55,165.485,86263.0
2026-04-17 13:50:00+00:00,165.485,165.99,165.0,165.23,107249.0
2026-04-17 13:55:00+00:00,165.1,165.2298,164.0001,164.41,72941.0
2026-04-17 14:00:00+00:00,164.46,164.91,164.0,164.01,101994.0
2026-04-17 14:05:00+00:00,164.29,165.39,164.29,165.0,52778.0
2026-04-17 14:10:00+00:00,165.07,165.38,164.4,164.93,85561.0
2026-04-17 14:15:00+00:00,164.935,165.185,164.3275,164.5,49229.0
2026-04-17 14:20:00+00:00,164.4,164.4,163.38,163.805,52701.0
2026-04-17 14:25:00+00:00,163.805,164.0,163.57,163.67,29508.0
2026-04-17 14:30:00+00:00,163.78,164.5618,163.7,164.4,66353.0
2026-04-17 14:35:00+00:00,164.32,164.34,163.75,164.01,32108.0
2026-04-17 14:40:00+00:00,164.01,164.45,163.905,164.28,25920.0
2026-04-17 14:45:00+00:00,164.13,164.4,164.03,164.26,26942.0
2026-04-17 14:50:00+00:00,164.29,164.5094,163.91,164.15,42813.0
2026-04-17 14:55:00+00:00,164.145,164.35,163.61,164.18,48675.0
2026-04-17 15:00:00+00:00,164.18,164.18,163.57,163.82,34508.0
2026-04-17 15:05:00+00:00,163.78,164.3064,163.78,164.185,29020.0
2026-04-17 15:10:00+00:00,164.3,164.34,164.0,164.0701,50740.0
2026-04-17 15:15:00+00:00,164.17,164.5,164.0,164.0219,42226.0
2026-04-17 15:20:00+00:00,164.115,164.37,163.995,164.13,29134.0
2026-04-17 15:25:00+00:00,164.13,164.345,164.01,164.345,52026.0
2026-04-17 15:30:00+00:00,164.34,164.48,164.0301,164.3577,30276.0
2026-04-17 15:35:00+00:00,164.45,164.88,164.28,164.88,35856.0
2026-04-17 15:40:00+00:00,164.9,164.91,164.3,164.475,28187.0
2026-04-17 15:45:00+00:00,164.475,164.63,164.03,164.245,21013.0
2026-04-17 15:50:00+00:00,164.315,164.5965,164.2,164.37,23014.0
2026-04-17 15:55:00+00:00,164.48,164.48,163.827,163.92,26523.0
2026-04-17 16:00:00+00:00,163.895,164.4,163.73,164.11,32089.0
2026-04-17 16:05:00+00:00,164.0701,164.3447,163.92,164.265,31037.0
2026-04-17 16:10:00+00:00,164.19,164.34,164.12,164.34,13972.0
2026-04-17 16:15:00+00:00,164.21,164.4799,163.88,164.293,32787.0
2026-04-17 16:20:00+00:00,164.21,164.5,164.21,164.4,25918.0
2026-04-17 16:25:00+00:00,164.4,164.7,164.28,164.7,25238.0
2026-04-17 16:30:00+00:00,164.6665,164.85,164.49,164.585,20797.0
2026-04-17 16:35:00+00:00,164.54,164.75,164.4,164.44,21881.0
2026-04-17 16:40:00+00:00,164.415,164.49,164.31,164.37,13590.0
2026-04-17 16:45:00+00:00,164.3,164.3899,164.21,164.3,18776.0
2026-04-17 16:50:00+00:00,164.31,164.32,164.125,164.125,15921.0
2026-04-17 16:55:00+00:00,164.06,164.4331,164.0,164.3492,32659.0
2026-04-17 17:00:00+00:00,164.355,164.6,164.31,164.455,18702.0
2026-04-17 17:05:00+00:00,164.465,164.6071,163.81,163.9144,26544.0
2026-04-17 17:10:00+00:00,163.9201,164.28,163.6987,164.18,35317.0
2026-04-17 17:15:00+00:00,164.3,164.395,163.8,163.885,18814.0
2026-04-17 17:20:00+00:00,163.915,163.99,162.7684,162.94,77810.0
2026-04-17 17:25:00+00:00,163.065,163.29,162.7276,163.29,30145.0
2026-04-17 17:30:00+00:00,163.2,163.46,163.18,163.29,17112.0
2026-04-17 17:35:00+00:00,163.3101,164.32,163.18,164.11,69388.0
2026-04-17 17:40:00+00:00,164.5,165.16,164.355,164.865,80409.0
2026-04-17 17:45:00+00:00,164.97,165.99,164.97,165.905,87965.0
2026-04-17 17:50:00+00:00,165.91,166.6249,165.9,166.448,89490.0
2026-04-17 17:55:00+00:00,166.42,167.3899,166.35,167.265,112403.0
2026-04-17 18:00:00+00:00,167.29,168.35,167.24,167.585,167735.0
2026-04-17 18:05:00+00:00,167.5445,167.6,166.72,166.88,151488.0
2026-04-17 18:10:00+00:00,167.015,167.36,166.87,166.89,75727.0
2026-04-17 18:15:00+00:00,166.89,167.28,166.82,166.885,49977.0
2026-04-17 18:20:00+00:00,166.915,167.45,166.72,167.43,46096.0
2026-04-17 18:25:00+00:00,167.37,167.62,167.1759,167.4986,39006.0
2026-04-17 18:30:00+00:00,167.41,167.66,167.17,167.57,44834.0
2026-04-17 18:35:00+00:00,167.645,167.84,167.41,167.47,28067.0
2026-04-17 18:40:00+00:00,167.42,167.45,166.92,167.14,26536.0
2026-04-17 18:45:00+00:00,167.1317,167.52,167.1317,167.19,27334.0
2026-04-17 18:50:00+00:00,167.155,167.17,166.85,166.97,25290.0
2026-04-17 18:55:00+00:00,166.88,167.05,166.8,166.83,17344.0
2026-04-17 19:00:00+00:00,166.9292,166.9292,166.66,166.77,54175.0
2026-04-17 19:05:00+00:00,166.8199,166.8199,166.25,166.345,39650.0
2026-04-17 19:10:00+00:00,166.345,166.49,166.0,166.095,31954.0
2026-04-17 19:15:00+00:00,166.04,166.1399,165.7401,165.885,39546.0
2026-04-17 19:20:00+00:00,165.95,166.04,165.7,165.77,37824.0
2026-04-17 19:25:00+00:00,165.76,165.93,165.61,165.78,32871.0
2026-04-17 19:30:00+00:00,165.78,166.05,165.59,165.65,42928.0
2026-04-17 19:35:00+00:00,165.775,165.89,165.29,165.5801,66544.0
2026-04-17 19:40:00+00:00,165.62,166.14,165.62,166.05,45952.0
2026-04-17 19:45:00+00:00,166.05,166.3,165.98,166.18,65472.0
2026-04-17 19:50:00+00:00,166.23,166.425,166.07,166.23,112015.0
2026-04-17 19:55:00+00:00,166.31,166.83,166.15,166.74,274295.0
2026-04-17 20:00:00+00:00,166.73,166.85,166.67,166.67,316752.0
2026-04-17 20:05:00+00:00,166.7,166.7,166.6409,166.6409,629.0
2026-04-17 20:15:00+00:00,166.88,166.8982,166.88,166.8982,256.0
2026-04-17 20:20:00+00:00,166.89,166.89,166.76,166.76,594.0
2026-04-17 20:25:00+00:00,166.99,166.99,166.99,166.99,249.0
2026-04-17 20:55:00+00:00,166.74,166.74,166.74,166.74,240.0
2026-04-17 21:05:00+00:00,166.8,166.8,166.8,166.8,302.0
2026-04-17 21:30:00+00:00,166.64,166.78,166.64,166.7155,9800.0
2026-04-17 21:35:00+00:00,166.9415,166.9415,166.73,166.73,407.0
2026-04-17 21:45:00+00:00,166.61,166.61,166.56,166.56,1140.0
2026-04-17 21:50:00+00:00,166.54,166.54,166.02,166.02,4072.0
2026-04-17 22:00:00+00:00,166.66,166.66,166.5055,166.5055,632.0
2026-04-17 22:05:00+00:00,166.67,166.69,166.67,166.69,721.0
2026-04-17 22:30:00+00:00,166.2825,166.2825,166.2825,166.2825,204.0
2026-04-17 22:45:00+00:00,166.31,166.31,166.31,166.31,165.0
2026-04-17 22:55:00+00:00,166.3085,166.3085,166.3085,166.3085,1000.0
2026-04-17 23:00:00+00:00,166.26,166.26,166.26,166.26,1003.0
2026-04-17 23:05:00+00:00,166.5,166.5,166.36,166.36,1501.0
2026-04-17 23:10:00+00:00,166.35,166.35,166.35,166.35,320.0
2026-04-17 23:15:00+00:00,166.7,166.7,166.7,166.7,250.0
2026-04-17 23:20:00+00:00,166.3085,166.3085,166.3085,166.3085,310.0
2026-04-17 23:45:00+00:00,166.7,166.7,166.6415,166.6415,636.0
2026-04-17 23:50:00+00:00,166.2502,166.2502,166.2502,166.2502,100.0
