date,open,high,low,close,volume
2025-06-09 10:10:00+00:00,134.2,134.2,134.2,134.2,200.0
2025-06-09 10:30:00+00:00,134.21,134.21,134.21,134.21,115.0
2025-06-09 10:50:00+00:00,134.28,134.28,134.28,134.28,170.0
2025-06-09 11:05:00+00:00,134.2,134.2,134.2,134.2,263.0
2025-06-09 11:20:00+00:00,134.2,134.25,134.2,134.25,719.0
2025-06-09 11:35:00+00:00,134.32,134.32,134.32,134.32,144.0
2025-06-09 11:45:00+00:00,134.29,134.29,134.29,134.29,200.0
2025-06-09 11:50:00+00:00,134.35,134.35,134.35,134.35,100.0
2025-06-09 11:55:00+00:00,134.39,134.39,134.39,134.39,154.0
2025-06-09 12:00:00+00:00,134.0,134.5,133.35,134.2499,5366.0
2025-06-09 12:05:00+00:00,134.2,134.2,134.0,134.0,1286.0
2025-06-09 12:10:00+00:00,134.23,134.23,134.23,134.23,541.0
2025-06-09 12:15:00+00:00,134.25,134.3,134.0,134.3,1255.0
2025-06-09 12:20:00+00:00,134.406,134.406,134.0,134.0,201.0
2025-06-09 12:25:00+00:00,134.4,134.6,134.2,134.2,717.0
2025-06-09 12:30:00+00:00,134.45,134.45,134.2,134.2,856.0
2025-06-09 12:35:00+00:00,134.3999,134.5,134.3999,134.49,1256.0
2025-06-09 12:40:00+00:00,134.5979,134.5979,134.5,134.5,883.0
2025-06-09 12:45:00+00:00,134.5,134.59,134.4,134.58,697.0
2025-06-09 12:50:00+00:00,134.59,134.5985,134.4,134.5985,684.0
2025-06-09 12:55:00+00:00,134.4,134.4,134.4,134.4,140.0
2025-06-09 13:00:00+00:00,134.4,134.6,134.4,134.6,783.0
2025-06-09 13:05:00+00:00,134.4,134.55,134.4,134.5,633.0
2025-06-09 13:10:00+00:00,134.4,134.5,134.4,134.5,838.0
2025-06-09 13:15:00+00:00,134.45,134.45,134.4,134.4,1573.0
2025-06-09 13:20:00+00:00,134.25,134.4,134.25,134.4,1180.0
2025-06-09 13:25:00+00:00,134.4,135.09,134.4,134.9,4051.0
2025-06-09 13:30:00+00:00,134.86,137.1,134.82,137.0009,238598.0
2025-06-09 13:35:00+00:00,136.95,137.58,136.2,136.21,239952.0
2025-06-09 13:40:00+00:00,136.21,136.7,136.12,136.585,70846.0
2025-06-09 13:45:00+00:00,136.62,136.98,136.29,136.655,67754.0
2025-06-09 13:50:00+00:00,136.8,137.66,136.695,137.555,122917.0
2025-06-09 13:55:00+00:00,137.61,137.66,136.9397,136.95,88602.0
2025-06-09 14:00:00+00:00,137.13,138.0,137.12,137.94,97227.0
2025-06-09 14:05:00+00:00,137.7901,137.99,137.1848,137.7088,95091.0
2025-06-09 14:10:00+00:00,137.57,137.8,137.35,137.76,44075.0
2025-06-09 14:15:00+00:00,137.7828,138.36,137.71,138.125,143931.0
2025-06-09 14:20:00+00:00,138.125,138.26,137.93,137.93,61392.0
2025-06-09 14:25:00+00:00,137.93,138.16,137.71,138.03,60090.0
2025-06-09 14:30:00+00:00,138.04,138.97,137.9824,138.65,123818.0
2025-06-09 14:35:00+00:00,138.62,139.33,138.49,139.08,141631.0
2025-06-09 14:40:00+00:00,139.1,139.29,138.955,139.01,87487.0
2025-06-09 14:45:00+00:00,139.0,139.5999,138.52,139.27,129076.0
2025-06-09 14:50:00+00:00,139.23,139.92,139.0519,139.57,363400.0
2025-06-09 14:55:00+00:00,139.59,140.11,139.39,140.005,331850.0
2025-06-09 15:00:00+00:00,140.015,141.17,139.96,140.87,214736.0
2025-06-09 15:05:00+00:00,140.8558,140.93,140.23,140.33,151790.0
2025-06-09 15:10:00+00:00,140.33,140.33,139.7601,139.815,102988.0
2025-06-09 15:15:00+00:00,139.7955,139.94,139.3416,139.47,188676.0
2025-06-09 15:20:00+00:00,139.43,140.77,139.4,140.76,128738.0
2025-06-09 15:25:00+00:00,140.71,140.84,140.04,140.3177,171064.0
2025-06-09 15:30:00+00:00,140.315,140.96,140.25,140.4901,106242.0
2025-06-09 15:35:00+00:00,140.49,141.0,140.49,140.7275,96127.0
2025-06-09 15:40:00+00:00,140.67,140.67,139.71,139.85,61218.0
2025-06-09 15:45:00+00:00,139.91,140.54,139.8637,140.48,60320.0
2025-06-09 15:50:00+00:00,140.445,140.89,140.445,140.86,39813.0
2025-06-09 15:55:00+00:00,140.86,141.28,140.825,141.05,148094.0
2025-06-09 16:00:00+00:00,141.11,141.3198,140.8076,141.08,150015.0
2025-06-09 16:05:00+00:00,141.07,141.2764,140.8,141.13,144712.0
2025-06-09 16:10:00+00:00,141.2,141.24,140.395,140.555,71450.0
2025-06-09 16:15:00+00:00,140.61,140.61,139.86,139.955,60083.0
2025-06-09 16:20:00+00:00,139.9612,140.31,139.86,140.3019,39687.0
2025-06-09 16:25:00+00:00,140.24,140.29,139.62,139.865,33338.0
2025-06-09 16:30:00+00:00,139.8375,140.05,139.7275,139.98,22342.0
2025-06-09 16:35:00+00:00,139.965,140.03,139.58,139.73,30882.0
2025-06-09 16:40:00+00:00,139.71,139.8799,139.5,139.72,51048.0
2025-06-09 16:45:00+00:00,139.61,140.1,139.51,139.78,39665.0
2025-06-09 16:50:00+00:00,139.9,140.24,139.8238,140.07,30913.0
2025-06-09 16:55:00+00:00,140.08,140.33,140.0413,140.19,42108.0
2025-06-09 17:00:00+00:00,140.2,140.49,139.95,140.315,29553.0
2025-06-09 17:05:00+00:00,140.315,140.4299,140.0,140.045,37474.0
2025-06-09 17:10:00+00:00,140.09,140.16,139.76,140.1,35548.0
2025-06-09 17:15:00+00:00,140.05,140.64,140.05,140.527,33929.0
2025-06-09 17:20:00+00:00,140.5899,140.7,140.3135,140.7,25187.0
2025-06-09 17:25:00+00:00,140.75,140.9,140.31,140.32,27699.0
2025-06-09 17:30:00+00:00,140.31,140.6,140.225,140.4678,21465.0
2025-06-09 17:35:00+00:00,140.5,140.8,140.31,140.7,21578.0
2025-06-09 17:40:00+00:00,140.79,140.8,140.61,140.685,22317.0
2025-06-09 17:45:00+00:00,140.76,140.8,140.61,140.61,24130.0
2025-06-09 17:50:00+00:00,140.69,140.74,140.51,140.5608,19531.0
2025-06-09 17:55:00+00:00,140.58,140.6,140.36,140.4907,23282.0
2025-06-09 18:00:00+00:00,140.49,140.64,140.43,140.44,28389.0
2025-06-09 18:05:00+00:00,140.435,140.57,140.2268,140.53,26280.0
2025-06-09 18:10:00+00:00,140.5,140.655,140.29,140.42,42396.0
2025-06-09 18:15:00+00:00,140.3971,140.47,139.985,140.1485,50376.0
2025-06-09 18:20:00+00:00,140.075,140.3776,140.075,140.18,34302.0
2025-06-09 18:25:00+00:00,140.18,140.29,140.08,140.23,20633.0
2025-06-09 18:30:00+00:00,140.16,140.2946,140.04,140.113,20540.0
2025-06-09 18:35:00+00:00,140.04,140.19,139.78,139.78,35573.0
2025-06-09 18:40:00+00:00,139.7332,139.88,139.68,139.75,22940.0
2025-06-09 18:45:00+00:00,139.8,139.95,139.714,139.78,12911.0
2025-06-09 18:50:00+00:00,139.83,139.85,139.526,139.62,15797.0
2025-06-09 18:55:00+00:00,139.63,139.65,139.39,139.49,37322.0
2025-06-09 19:00:00+00:00,139.45,139.57,139.3589,139.46,28809.0
2025-06-09 19:05:00+00:00,139.42,139.7145,139.36,139.64,25461.0
2025-06-09 19:10:00+00:00,139.66,139.73,139.5105,139.61,23787.0
2025-06-09 19:15:00+00:00,139.58,139.98,139.49,139.96,46351.0
2025-06-09 19:20:00+00:00,139.9786,140.08,139.55,139.6,123176.0
2025-06-09 19:25:00+00:00,139.575,139.78,139.49,139.595,27934.0
2025-06-09 19:30:00+00:00,139.57,139.65,139.1801,139.265,83612.0
2025-06-09 19:35:00+00:00,139.26,139.369,138.94,138.9751,57467.0
2025-06-09 19:40:00+00:00,138.98,139.16,138.75,138.75,93240.0
2025-06-09 19:45:00+00:00,138.76,138.8697,138.5,138.55,84151.0
2025-06-09 19:50:00+00:00,138.62,138.97,138.48,138.48,118687.0
2025-06-09 19:55:00+00:00,138.51,138.8,138.42,138.56,321896.0
2025-06-09 20:00:00+00:00,138.61,138.61,138.6085,138.61,369927.0
2025-06-09 20:05:00+00:00,138.6,138.7,138.5,138.61,4474.0
2025-06-09 20:15:00+00:00,138.5,138.96,138.5,138.96,411.0
2025-06-09 20:25:00+00:00,138.68,138.68,138.68,138.68,297.0
2025-06-09 20:40:00+00:00,138.75,138.8,138.75,138.8,671.0
2025-06-09 20:45:00+00:00,138.8,138.8,138.7552,138.7552,388.0
2025-06-09 20:50:00+00:00,138.75,138.75,138.75,138.75,677.0
2025-06-09 20:55:00+00:00,138.8,138.8,138.8,138.8,303.0
2025-06-09 21:05:00+00:00,138.9168,138.9168,138.9168,138.9168,147.0
2025-06-09 21:10:00+00:00,138.68,138.68,138.68,138.68,729.0
2025-06-09 21:25:00+00:00,138.65,138.65,138.65,138.65,300.0
2025-06-09 21:40:00+00:00,138.66,138.66,138.66,138.66,300.0
2025-06-09 21:50:00+00:00,138.7,138.7001,138.7,138.7001,202.0
2025-06-09 22:10:00+00:00,138.85,138.85,138.85,138.85,149.0
2025-06-09 22:30:00+00:00,138.8,138.8001,138.69,138.69,918.0
2025-06-09 22:35:00+00:00,138.65,138.69,138.65,138.6528,1096.0
2025-06-09 22:45:00+00:00,138.87,138.87,138.87,138.87,101.0
2025-06-09 23:00:00+00:00,138.7,138.7,138.7,138.7,111.0
2025-06-09 23:20:00+00:00,138.83,138.83,138.83,138.83,100.0
2025-06-09 23:25:00+00:00,138.86,138.86,138.86,138.86,270.0
2025-06-09 23:30:00+00:00,138.76,138.88,138.75,138.88,907.0
2025-06-09 23:35:00+00:00,138.75,138.75,138.71,138.71,800.0
2025-06-09 23:40:00+00:00,138.9971,138.9971,138.7,138.7101,6651.0
2025-06-09 23:45:00+00:00,138.7991,138.7991,138.7991,138.7991,1188.0
2025-06-09 23:50:00+00:00,138.77,138.77,138.72,138.77,1548.0
2025-06-09 23:55:00+00:00,139.08,139.08,138.71,138.71,1142.0
2025-06-10 08:00:00+00:00,138.83,138.83,138.75,138.75,436.0
2025-06-10 08:05:00+00:00,138.47,138.5,138.28,138.45,2838.0
2025-06-10 08:10:00+00:00,138.3,138.3,138.0,138.01,1981.0
2025-06-10 08:25:00+00:00,138.46,138.46,138.4,138.4,932.0
2025-06-10 08:35:00+00:00,138.6,138.6,138.6,138.6,1255.0
2025-06-10 09:15:00+00:00,138.55,138.55,138.55,138.55,140.0
2025-06-10 09:20:00+00:00,138.59,138.6,138.59,138.6,2437.0
2025-06-10 10:15:00+00:00,139.13,139.13,139.13,139.13,263.0
2025-06-10 11:00:00+00:00,139.22,139.22,139.0,139.0,1203.0
2025-06-10 11:05:00+00:00,139.0,139.0,138.8,138.8,1509.0
2025-06-10 11:10:00+00:00,138.8,138.95,138.8,138.95,1190.0
2025-06-10 11:15:00+00:00,138.8,139.23,138.8,139.09,8431.0
2025-06-10 11:20:00+00:00,139.05,139.35,138.4,138.4,15363.0
2025-06-10 11:25:00+00:00,138.25,138.6,138.17,138.17,45319.0
2025-06-10 11:30:00+00:00,138.38,138.75,138.36,138.75,2892.0
2025-06-10 11:45:00+00:00,138.9,138.9,138.9,138.9,505.0
2025-06-10 11:55:00+00:00,138.86,138.86,138.86,138.86,150.0
2025-06-10 12:00:00+00:00,138.8,140.7,138.5,138.5,25519.0
2025-06-10 12:05:00+00:00,138.76,138.88,138.76,138.88,2342.0
2025-06-10 12:10:00+00:00,138.8635,138.97,138.8635,138.97,620.0
2025-06-10 12:20:00+00:00,139.3572,139.99,139.0,139.91,7052.0
2025-06-10 12:25:00+00:00,139.97,140.27,139.6001,139.6001,3052.0
2025-06-10 12:30:00+00:00,139.74,139.74,139.74,139.74,253.0
2025-06-10 12:35:00+00:00,139.85,139.88,139.6993,139.6993,1148.0
2025-06-10 12:40:00+00:00,139.7,139.9488,139.7,139.9488,365.0
2025-06-10 12:45:00+00:00,139.9478,139.95,139.75,139.88,874.0
2025-06-10 12:50:00+00:00,139.8,139.85,139.64,139.85,800.0
2025-06-10 12:55:00+00:00,139.78,139.78,139.78,139.78,411.0
2025-06-10 13:00:00+00:00,139.8999,139.9,139.69,139.8,4932.0
2025-06-10 13:10:00+00:00,139.71,139.71,139.71,139.71,274.0
2025-06-10 13:15:00+00:00,139.68,139.77,139.5,139.77,1625.0
2025-06-10 13:20:00+00:00,139.77,139.77,139.75,139.75,403.0
2025-06-10 13:25:00+00:00,139.05,139.28,138.91,139.0,11360.0
2025-06-10 13:30:00+00:00,138.8,138.9125,135.87,137.23,290557.0
2025-06-10 13:35:00+00:00,137.2975,137.59,136.1201,137.56,109050.0
2025-06-10 13:40:00+00:00,137.56,137.9299,137.4,137.7475,68892.0
2025-06-10 13:45:00+00:00,137.7,139.0,137.56,138.69,185803.0
2025-06-10 13:50:00+00:00,138.745,139.3799,138.665,138.945,243245.0
2025-06-10 13:55:00+00:00,139.03,139.7027,138.6275,139.38,99927.0
2025-06-10 14:00:00+00:00,139.35,140.2999,139.315,140.161,128711.0
2025-06-10 14:05:00+00:00,140.05,140.24,139.37,139.44,72469.0
2025-06-10 14:10:00+00:00,139.42,140.98,139.4,140.59,336547.0
2025-06-10 14:15:00+00:00,140.57,140.8,139.8145,139.935,54747.0
2025-06-10 14:20:00+00:00,139.95,140.23,139.51,139.685,38999.0
2025-06-10 14:25:00+00:00,139.8299,140.1,139.53,139.7,49477.0
2025-06-10 14:30:00+00:00,139.69,139.94,139.42,139.49,53538.0
2025-06-10 14:35:00+00:00,139.56,139.76,139.3301,139.49,38490.0
2025-06-10 14:40:00+00:00,139.4202,139.85,139.27,139.76,53764.0
2025-06-10 14:45:00+00:00,139.735,139.735,139.395,139.51,44724.0
2025-06-10 14:50:00+00:00,139.51,139.73,139.25,139.395,35220.0
2025-06-10 14:55:00+00:00,139.31,139.7399,139.09,139.41,70772.0
2025-06-10 15:00:00+00:00,139.4,139.89,139.365,139.81,51788.0
2025-06-10 15:05:00+00:00,139.75,139.84,139.27,139.365,23389.0
2025-06-10 15:10:00+00:00,139.26,139.4827,139.17,139.4827,21308.0
2025-06-10 15:15:00+00:00,139.5,139.5,138.83,139.04,30935.0
2025-06-10 15:20:00+00:00,138.98,139.1,138.74,138.87,24869.0
2025-06-10 15:25:00+00:00,138.87,139.01,138.465,138.495,40658.0
2025-06-10 15:30:00+00:00,138.42,138.42,136.795,136.9125,91646.0
2025-06-10 15:35:00+00:00,137.005,137.6971,137.005,137.49,51699.0
2025-06-10 15:40:00+00:00,137.52,137.95,137.386,137.95,45891.0
2025-06-10 15:45:00+00:00,137.93,138.268,137.81,138.17,30082.0
2025-06-10 15:50:00+00:00,138.2012,138.545,138.08,138.415,38028.0
2025-06-10 15:55:00+00:00,138.415,139.17,138.415,139.17,36238.0
2025-06-10 16:00:00+00:00,139.2,139.57,139.1366,139.57,41464.0
2025-06-10 16:05:00+00:00,139.525,139.78,139.42,139.64,34204.0
2025-06-10 16:10:00+00:00,139.66,139.69,139.3504,139.37,19206.0
2025-06-10 16:15:00+00:00,139.36,139.5964,139.3,139.54,14900.0
2025-06-10 16:20:00+00:00,139.48,139.6,139.3416,139.42,17611.0
2025-06-10 16:25:00+00:00,139.49,139.74,139.2501,139.67,20531.0
2025-06-10 16:30:00+00:00,139.75,139.94,139.57,139.85,36874.0
2025-06-10 16:35:00+00:00,139.75,139.8699,139.52,139.6413,15492.0
2025-06-10 16:40:00+00:00,139.68,139.8,139.595,139.65,19377.0
2025-06-10 16:45:00+00:00,139.64,139.831,139.5687,139.71,16182.0
2025-06-10 16:50:00+00:00,139.71,140.08,139.71,139.9948,32651.0
2025-06-10 16:55:00+00:00,139.99,140.01,139.64,139.735,14063.0
2025-06-10 17:00:00+00:00,139.82,139.93,139.64,139.8968,20553.0
2025-06-10 17:05:00+00:00,139.9,140.05,139.84,139.92,15033.0
2025-06-10 17:10:00+00:00,139.93,140.0,139.81,139.905,9947.0
2025-06-10 17:15:00+00:00,139.905,139.99,139.63,139.81,14407.0
2025-06-10 17:20:00+00:00,139.92,139.93,139.65,139.69,21873.0
2025-06-10 17:25:00+00:00,139.65,139.84,139.46,139.5,15028.0
2025-06-10 17:30:00+00:00,139.565,139.8121,139.37,139.6024,19498.0
2025-06-10 17:35:00+00:00,139.6575,139.72,139.39,139.45,15030.0
2025-06-10 17:40:00+00:00,139.45,139.67,139.1401,139.545,24626.0
2025-06-10 17:45:00+00:00,139.545,139.67,139.45,139.48,12518.0
2025-06-10 17:50:00+00:00,139.54,139.76,139.45,139.535,11613.0
2025-06-10 17:55:00+00:00,139.62,139.69,139.4801,139.69,9233.0
2025-06-10 18:00:00+00:00,139.51,139.52,138.99,139.0,26175.0
2025-06-10 18:05:00+00:00,138.92,139.3084,138.74,139.3084,18622.0
2025-06-10 18:10:00+00:00,139.17,139.19,138.91,139.055,14476.0
2025-06-10 18:15:00+00:00,139.055,139.5499,139.055,139.425,23063.0
2025-06-10 18:20:00+00:00,139.42,139.42,139.1851,139.35,12470.0
2025-06-10 18:25:00+00:00,139.35,139.54,139.25,139.48,23391.0
2025-06-10 18:30:00+00:00,139.48,139.8,139.47,139.6646,26549.0
2025-06-10 18:35:00+00:00,139.73,140.0999,139.72,140.01,32939.0
2025-06-10 18:40:00+00:00,140.035,140.27,139.9524,140.27,37400.0
2025-06-10 18:45:00+00:00,140.255,140.4,140.2,140.4,34718.0
2025-06-10 18:50:00+00:00,140.33,140.55,140.2601,140.55,38317.0
2025-06-10 18:55:00+00:00,140.55,141.22,140.488,141.0175,94985.0
2025-06-10 19:00:00+00:00,140.97,141.265,140.95,141.265,47864.0
2025-06-10 19:05:00+00:00,141.3,141.58,141.2,141.25,63098.0
2025-06-10 19:10:00+00:00,141.29,141.4438,141.21,141.32,42988.0
2025-06-10 19:15:00+00:00,141.325,141.3364,140.97,141.19,40623.0
2025-06-10 19:20:00+00:00,141.13,141.2,140.97,141.165,29557.0
2025-06-10 19:25:00+00:00,141.19,141.205,141.07,141.15,32997.0
2025-06-10 19:30:00+00:00,141.13,141.155,140.8301,140.95,33994.0
2025-06-10 19:35:00+00:00,140.945,141.0512,140.65,140.77,43729.0
2025-06-10 19:40:00+00:00,140.765,140.87,140.63,140.835,40328.0
2025-06-10 19:45:00+00:00,140.78,140.835,140.5101,140.62,45630.0
2025-06-10 19:50:00+00:00,140.67,140.73,140.18,140.45,89719.0
2025-06-10 19:55:00+00:00,140.49,140.65,140.41,140.63,252126.0
2025-06-10 20:00:00+00:00,140.63,140.63,140.56,140.63,201996.0
2025-06-10 20:05:00+00:00,140.2275,140.2275,140.2275,140.2275,436.0
2025-06-10 20:10:00+00:00,141.0,141.0,140.63,140.63,3303.0
2025-06-10 20:25:00+00:00,140.55,140.55,140.55,140.55,100.0
2025-06-10 20:30:00+00:00,140.59,140.59,140.59,140.59,373.0
2025-06-10 20:50:00+00:00,140.63,140.63,140.62,140.62,504.0
2025-06-10 21:15:00+00:00,140.6,140.6,140.6,140.6,168.0
2025-06-10 21:40:00+00:00,140.6,140.6,140.6,140.6,243.0
2025-06-10 21:45:00+00:00,140.79,140.85,140.71,140.85,942.0
2025-06-10 22:25:00+00:00,140.6,140.6,140.6,140.6,227.0
2025-06-10 22:30:00+00:00,140.6,140.67,140.6,140.67,207.0
2025-06-10 22:50:00+00:00,140.8,140.8,140.8,140.8,177.0
2025-06-10 22:55:00+00:00,140.8,140.8,140.8,140.8,745.0
2025-06-10 23:10:00+00:00,140.71,140.71,140.71,140.71,110.0
2025-06-10 23:40:00+00:00,140.9,140.9,140.9,140.9,1068.0
2025-06-10 23:45:00+00:00,140.81,140.81,140.81,140.81,100.0
2025-06-10 23:55:00+00:00,140.79,140.9,140.79,140.9,2311.0
2025-06-11 08:00:00+00:00,140.34,140.34,140.34,140.34,182.0
2025-06-11 08:05:00+00:00,140.7,140.7,140.7,140.7,250.0
2025-06-11 08:10:00+00:00,140.85,140.85,140.85,140.85,1185.0
2025-06-11 08:25:00+00:00,141.0,141.0,141.0,141.0,400.0
2025-06-11 08:30:00+00:00,141.07,141.07,141.07,141.07,163.0
2025-06-11 08:35:00+00:00,141.07,141.07,141.07,141.07,122.0
2025-06-11 09:15:00+00:00,141.01,141.12,141.01,141.12,771.0
2025-06-11 09:40:00+00:00,141.0,141.0,141.0,141.0,510.0
2025-06-11 09:55:00+00:00,140.99,140.99,140.99,140.99,412.0
2025-06-11 10:15:00+00:00,140.81,140.82,140.8,140.8,1014.0
2025-06-11 10:25:00+00:00,140.8,140.8,140.8,140.8,660.0
2025-06-11 10:45:00+00:00,140.87,140.87,140.87,140.87,100.0
2025-06-11 11:00:00+00:00,140.86,140.88,140.86,140.88,960.0
2025-06-11 11:05:00+00:00,140.81,140.81,140.75,140.75,1904.0
2025-06-11 11:10:00+00:00,140.75,140.75,140.7,140.7,428.0
2025-06-11 11:20:00+00:00,140.3,140.49,140.3,140.49,1240.0
2025-06-11 11:40:00+00:00,140.86,140.86,140.86,140.86,210.0
2025-06-11 11:45:00+00:00,141.0,141.0,141.0,141.0,866.0
2025-06-11 12:00:00+00:00,140.88,141.08,140.6,140.8,5408.0
2025-06-11 12:05:00+00:00,141.0,141.0,140.81,140.81,1139.0
2025-06-11 12:15:00+00:00,140.9,141.0,140.9,141.0,1474.0
2025-06-11 12:20:00+00:00,141.2946,141.2946,141.2946,141.2946,270.0
2025-06-11 12:25:00+00:00,141.2915,141.3,141.0,141.0001,845.0
2025-06-11 12:30:00+00:00,141.25,142.44,141.25,142.12,12320.0
2025-06-11 12:35:00+00:00,142.1,142.4,142.1,142.32,8951.0
2025-06-11 12:40:00+00:00,141.9553,142.23,141.88,141.88,2450.0
2025-06-11 12:45:00+00:00,142.0,142.0,141.75,141.84,2940.0
2025-06-11 12:50:00+00:00,141.55,142.0,141.55,141.87,1726.0
2025-06-11 12:55:00+00:00,141.88,141.99,141.88,141.943,1799.0
2025-06-11 13:00:00+00:00,141.7,141.78,141.7,141.78,834.0
2025-06-11 13:05:00+00:00,141.85,141.85,141.85,141.85,613.0
2025-06-11 13:10:00+00:00,141.95,141.95,141.8,141.81,1130.0
2025-06-11 13:15:00+00:00,141.88,141.88,141.88,141.88,266.0
2025-06-11 13:20:00+00:00,141.98,141.98,141.8045,141.8045,1946.0
2025-06-11 13:25:00+00:00,141.65,141.8,140.72,141.0,12033.0
2025-06-11 13:30:00+00:00,140.99,142.92,140.85,142.8,282344.0
2025-06-11 13:35:00+00:00,142.82,144.2999,142.78,143.575,319059.0
2025-06-11 13:40:00+00:00,143.575,143.9,142.69,142.96,100560.0
2025-06-11 13:45:00+00:00,142.925,143.01,141.04,141.93,105382.0
2025-06-11 13:50:00+00:00,141.8101,142.23,141.59,141.7712,109236.0
2025-06-11 13:55:00+00:00,141.78,141.81,141.04,141.755,67066.0
2025-06-11 14:00:00+00:00,141.755,142.25,141.405,142.04,68000.0
2025-06-11 14:05:00+00:00,142.1423,142.45,141.77,141.9,57115.0
2025-06-11 14:10:00+00:00,141.96,142.6153,141.875,142.57,65977.0
2025-06-11 14:15:00+00:00,142.55,142.82,141.97,142.78,59832.0
2025-06-11 14:20:00+00:00,142.8,143.0,142.602,142.8097,66374.0
2025-06-11 14:25:00+00:00,142.795,143.09,142.52,142.7331,51969.0
2025-06-11 14:30:00+00:00,142.6225,142.6225,142.0896,142.38,29858.0
2025-06-11 14:35:00+00:00,142.38,142.38,141.91,142.12,41236.0
2025-06-11 14:40:00+00:00,142.12,142.4981,142.03,142.19,32776.0
2025-06-11 14:45:00+00:00,142.1,142.2513,141.7461,141.7461,34630.0
2025-06-11 14:50:00+00:00,141.785,142.0397,141.49,141.49,48614.0
2025-06-11 14:55:00+00:00,141.46,141.86,141.38,141.795,30757.0
2025-06-11 15:00:00+00:00,141.8,141.86,141.59,141.63,33569.0
2025-06-11 15:05:00+00:00,141.8616,141.8616,140.6822,140.8117,43003.0
2025-06-11 15:10:00+00:00,140.71,141.38,140.63,141.09,45366.0
2025-06-11 15:15:00+00:00,141.0311,141.45,141.0311,141.15,19517.0
2025-06-11 15:20:00+00:00,141.13,141.51,141.07,141.07,31115.0
2025-06-11 15:25:00+00:00,141.04,141.1601,140.63,140.9178,31204.0
2025-06-11 15:30:00+00:00,140.9017,141.08,140.8,140.86,16419.0
2025-06-11 15:35:00+00:00,140.75,141.2,140.75,141.045,30269.0
2025-06-11 15:40:00+00:00,141.05,141.11,140.7,140.8318,28367.0
2025-06-11 15:45:00+00:00,140.96,141.186,140.63,141.16,28780.0
2025-06-11 15:50:00+00:00,141.19,141.2999,141.06,141.22,28569.0
2025-06-11 15:55:00+00:00,141.22,141.395,141.09,141.36,26323.0
2025-06-11 16:00:00+00:00,141.395,141.706,141.29,141.6,16910.0
2025-06-11 16:05:00+00:00,141.6,141.6,141.01,141.4696,25845.0
2025-06-11 16:10:00+00:00,141.48,141.48,141.0,141.075,28630.0
2025-06-11 16:15:00+00:00,141.08,141.14,140.12,140.31,60432.0
2025-06-11 16:20:00+00:00,140.1646,140.64,139.75,140.64,37685.0
2025-06-11 16:25:00+00:00,140.68,141.04,140.54,140.94,21822.0
2025-06-11 16:30:00+00:00,140.975,141.05,140.73,140.905,13186.0
2025-06-11 16:35:00+00:00,140.91,140.92,140.51,140.51,14740.0
2025-06-11 16:40:00+00:00,140.54,140.76,140.42,140.69,34221.0
2025-06-11 16:45:00+00:00,140.66,140.83,140.56,140.75,11025.0
2025-06-11 16:50:00+00:00,140.85,140.9638,140.51,140.625,14625.0
2025-06-11 16:55:00+00:00,140.625,140.86,140.5,140.785,17509.0
2025-06-11 17:00:00+00:00,140.785,141.5,140.77,141.41,26463.0
2025-06-11 17:05:00+00:00,141.41,141.55,141.395,141.52,11990.0
2025-06-11 17:10:00+00:00,141.44,141.44,141.2,141.26,15131.0
2025-06-11 17:15:00+00:00,141.23,141.48,141.12,141.2925,26635.0
2025-06-11 17:20:00+00:00,141.295,141.3175,141.07,141.17,13688.0
2025-06-11 17:25:00+00:00,141.175,141.19,140.93,141.055,12039.0
2025-06-11 17:30:00+00:00,140.99,141.2,140.9,140.9,14369.0
2025-06-11 17:35:00+00:00,140.985,141.0981,140.7,141.005,11457.0
2025-06-11 17:40:00+00:00,141.01,141.17,140.67,140.84,13924.0
2025-06-11 17:45:00+00:00,140.806,141.0,140.62,140.695,6875.0
2025-06-11 17:50:00+00:00,140.61,140.74,140.37,140.38,16986.0
2025-06-11 17:55:00+00:00,140.38,140.47,140.1,140.268,22317.0
2025-06-11 18:00:00+00:00,140.14,140.445,139.26,139.53,42077.0
2025-06-11 18:05:00+00:00,139.4975,140.29,139.4975,140.23,33550.0
2025-06-11 18:10:00+00:00,140.24,140.2875,139.31,139.365,22527.0
2025-06-11 18:15:00+00:00,139.3,139.6,138.9412,139.485,69172.0
2025-06-11 18:20:00+00:00,139.43,139.85,139.39,139.85,20710.0
2025-06-11 18:25:00+00:00,139.7344,140.0845,139.65,139.8,22443.0
2025-06-11 18:30:00+00:00,139.69,140.14,139.34,140.045,35107.0
2025-06-11 18:35:00+00:00,139.98,140.27,139.85,140.1614,21784.0
2025-06-11 18:40:00+00:00,140.18,140.28,140.014,140.28,10788.0
2025-06-11 18:45:00+00:00,140.2,140.251,140.0,140.14,15072.0
2025-06-11 18:50:00+00:00,140.1,140.1,139.83,139.93,13772.0
2025-06-11 18:55:00+00:00,139.83,139.96,139.6,139.815,14047.0
2025-06-11 19:00:00+00:00,139.77,139.85,139.55,139.66,14518.0
2025-06-11 19:05:00+00:00,139.58,139.62,139.32,139.53,18112.0
2025-06-11 19:10:00+00:00,139.67,139.67,139.44,139.59,29030.0
2025-06-11 19:15:00+00:00,139.52,139.68,139.28,139.305,17736.0
2025-06-11 19:20:00+00:00,139.25,139.68,139.2101,139.66,22056.0
2025-06-11 19:25:00+00:00,139.75,139.76,139.43,139.605,38913.0
2025-06-11 19:30:00+00:00,139.605,139.72,139.51,139.61,25630.0
2025-06-11 19:35:00+00:00,139.56,139.68,139.48,139.65,62559.0
2025-06-11 19:40:00+00:00,139.65,139.84,139.61,139.785,60956.0
2025-06-11 19:45:00+00:00,139.795,139.97,139.62,139.84,49613.0
2025-06-11 19:50:00+00:00,139.84,140.41,139.83,140.3831,61081.0
2025-06-11 19:55:00+00:00,140.37,140.6499,140.2452,140.38,175540.0
2025-06-11 20:00:00+00:00,140.38,140.3825,140.37,140.3825,142072.0
2025-06-11 20:05:00+00:00,140.39,140.58,140.38,140.3814,1618.0
2025-06-11 20:15:00+00:00,140.55,140.55,140.55,140.55,518.0
2025-06-11 20:20:00+00:00,140.42,140.87,140.38,140.3802,1516.0
2025-06-11 20:25:00+00:00,140.66,140.96,140.65,140.65,6255.0
2025-06-11 20:30:00+00:00,140.68,140.89,140.65,140.89,4014.0
2025-06-11 20:35:00+00:00,140.89,140.9001,140.89,140.9,9490.0
2025-06-11 20:40:00+00:00,140.9,140.9,140.9,140.9,337.0
2025-06-11 20:45:00+00:00,140.74,140.75,140.74,140.75,1015.0
2025-06-11 20:55:00+00:00,140.87,140.9,140.3389,140.3389,2964.0
2025-06-11 21:05:00+00:00,140.89,140.89,140.89,140.89,100.0
2025-06-11 21:10:00+00:00,140.89,140.89,140.89,140.89,407.0
2025-06-11 21:15:00+00:00,140.84,140.84,140.8,140.8,475.0
2025-06-11 21:20:00+00:00,140.89,140.89,140.89,140.89,349.0
2025-06-11 21:25:00+00:00,140.9,140.9,140.9,140.9,571.0
2025-06-11 21:30:00+00:00,140.9,140.9,140.9,140.9,253.0
2025-06-11 21:35:00+00:00,140.9,140.95,140.61,140.61,491.0
2025-06-11 21:45:00+00:00,140.9,140.9,140.9,140.9,200.0
2025-06-11 21:50:00+00:00,140.89,140.89,140.89,140.89,2005.0
2025-06-11 21:55:00+00:00,140.64,140.64,140.64,140.64,180.0
2025-06-11 22:00:00+00:00,140.23,140.23,140.23,140.23,507.0
2025-06-11 22:05:00+00:00,140.65,140.65,140.17,140.17,628.0
2025-06-11 22:50:00+00:00,140.24,140.24,140.0,140.0,1932.0
2025-06-11 22:55:00+00:00,140.1,140.1,140.1,140.1,260.0
2025-06-11 23:20:00+00:00,139.99,140.17,139.99,140.1699,2851.0
2025-06-11 23:30:00+00:00,140.17,140.17,140.17,140.17,635.0
2025-06-11 23:40:00+00:00,139.98,140.0,139.98,140.0,390.0
2025-06-11 23:45:00+00:00,140.17,140.17,140.17,140.17,254.0
2025-06-11 23:50:00+00:00,140.17,140.17,140.1697,140.17,2455.0
2025-06-11 23:55:00+00:00,140.16,140.17,140.09,140.09,1469.0
2025-06-12 08:00:00+00:00,139.0,139.0,139.0,139.0,436.0
2025-06-12 08:10:00+00:00,139.15,139.15,139.15,139.15,160.0
2025-06-12 08:15:00+00:00,139.06,139.06,139.0,139.0,898.0
2025-06-12 08:25:00+00:00,138.77,138.77,138.77,138.77,125.0
2025-06-12 08:30:00+00:00,138.88,138.88,138.88,138.88,1040.0
2025-06-12 08:40:00+00:00,138.89,138.99,138.89,138.99,392.0
2025-06-12 09:30:00+00:00,139.1,139.1,139.1,139.1,212.0
2025-06-12 09:35:00+00:00,139.14,139.15,139.14,139.15,1064.0
2025-06-12 09:40:00+00:00,139.08,139.08,139.08,139.08,200.0
2025-06-12 10:45:00+00:00,138.89,138.89,138.89,138.89,155.0
2025-06-12 10:55:00+00:00,139.0,139.0,139.0,139.0,563.0
2025-06-12 11:00:00+00:00,139.0,139.0,138.7,138.7,1709.0
2025-06-12 11:05:00+00:00,138.66,138.75,138.66,138.75,668.0
2025-06-12 11:10:00+00:00,138.75,138.75,138.56,138.56,1105.0
2025-06-12 11:20:00+00:00,138.7,138.71,138.65,138.65,1705.0
2025-06-12 11:25:00+00:00,138.61,138.61,138.5,138.5,500.0
2025-06-12 11:30:00+00:00,138.35,138.41,138.34,138.41,953.0
2025-06-12 11:35:00+00:00,138.31,138.31,138.2,138.2,734.0
2025-06-12 11:40:00+00:00,138.0,138.0,138.0,138.0,659.0
2025-06-12 11:45:00+00:00,138.19,138.2,138.19,138.2,610.0
2025-06-12 11:50:00+00:00,137.81,137.81,137.8,137.8,778.0
2025-06-12 12:00:00+00:00,138.55,139.6,137.8,139.1,6772.0
2025-06-12 12:05:00+00:00,138.01,138.01,137.85,137.85,915.0
2025-06-12 12:10:00+00:00,137.9,138.05,137.9,138.05,972.0
2025-06-12 12:15:00+00:00,138.0,138.05,138.0,138.05,657.0
2025-06-12 12:20:00+00:00,138.1961,138.1961,138.1961,138.1961,175.0
2025-06-12 12:25:00+00:00,138.2,138.2,138.2,138.2,298.0
2025-06-12 12:30:00+00:00,138.25,138.9,138.25,138.9,1686.0
2025-06-12 12:35:00+00:00,138.7,139.1,138.7,139.0,1661.0
2025-06-12 12:40:00+00:00,139.0,139.3,138.9,139.0,3296.0
2025-06-12 12:45:00+00:00,138.99,139.24,138.98,139.04,5971.0
2025-06-12 12:50:00+00:00,139.0,139.05,139.0,139.0001,2433.0
2025-06-12 12:55:00+00:00,139.0,139.24,138.05,139.24,3189.0
2025-06-12 13:00:00+00:00,139.0,139.28,139.0,139.0,595.0
2025-06-12 13:05:00+00:00,139.0,139.0,139.0,139.0,155.0
2025-06-12 13:10:00+00:00,138.7904,138.7904,138.7904,138.7904,103.0
2025-06-12 13:15:00+00:00,139.11,139.11,138.4,138.4,5102.0
2025-06-12 13:20:00+00:00,138.63,138.63,138.33,138.42,383.0
2025-06-12 13:25:00+00:00,137.95,138.33,137.34,137.37,8124.0
2025-06-12 13:30:00+00:00,137.46,139.275,137.21,138.6545,156923.0
2025-06-12 13:35:00+00:00,138.875,139.45,138.19,139.3,51142.0
2025-06-12 13:40:00+00:00,139.305,139.6,139.0001,139.55,42718.0
2025-06-12 13:45:00+00:00,139.53,139.75,139.07,139.63,80504.0
2025-06-12 13:50:00+00:00,139.62,140.3463,139.4427,140.09,70977.0
2025-06-12 13:55:00+00:00,140.17,140.33,139.8217,140.04,46555.0
2025-06-12 14:00:00+00:00,140.09,140.3,139.5,139.7153,40067.0
2025-06-12 14:05:00+00:00,139.87,140.5,139.68,140.23,58352.0
2025-06-12 14:10:00+00:00,140.295,140.41,139.5,139.55,40829.0
2025-06-12 14:15:00+00:00,139.58,140.03,139.34,139.68,94194.0
2025-06-12 14:20:00+00:00,139.68,139.95,139.53,139.8,36251.0
2025-06-12 14:25:00+00:00,139.768,139.825,139.45,139.75,25291.0
2025-06-12 14:30:00+00:00,139.618,139.88,139.61,139.8594,23785.0
2025-06-12 14:35:00+00:00,139.81,140.4,139.575,140.3218,42937.0
2025-06-12 14:40:00+00:00,140.45,140.63,140.26,140.4,90284.0
2025-06-12 14:45:00+00:00,140.43,140.55,140.33,140.37,28105.0
2025-06-12 14:50:00+00:00,140.34,140.34,139.94,139.97,20038.0
2025-06-12 14:55:00+00:00,139.96,139.97,139.16,139.44,29248.0
2025-06-12 15:00:00+00:00,139.47,139.9397,139.4,139.87,21386.0
2025-06-12 15:05:00+00:00,139.78,139.78,138.81,138.975,101553.0
2025-06-12 15:10:00+00:00,139.0,139.25,138.74,139.0,35299.0
2025-06-12 15:15:00+00:00,139.04,139.2,138.69,138.76,28671.0
2025-06-12 15:20:00+00:00,138.775,138.96,138.38,138.645,40786.0
2025-06-12 15:25:00+00:00,138.54,138.98,138.5,138.93,23830.0
2025-06-12 15:30:00+00:00,138.875,139.1235,138.67,138.88,24210.0
2025-06-12 15:35:00+00:00,138.88,139.3,138.88,139.235,22873.0
2025-06-12 15:40:00+00:00,139.32,139.49,139.24,139.265,13093.0
2025-06-12 15:45:00+00:00,139.31,139.32,139.09,139.09,26079.0
2025-06-12 15:50:00+00:00,139.155,139.395,139.1,139.38,11904.0
2025-06-12 15:55:00+00:00,139.355,139.58,139.2028,139.37,39110.0
2025-06-12 16:00:00+00:00,139.3811,139.75,139.18,139.19,29905.0
2025-06-12 16:05:00+00:00,139.14,139.33,138.98,139.21,43165.0
2025-06-12 16:10:00+00:00,139.31,139.31,138.99,139.005,17820.0
2025-06-12 16:15:00+00:00,139.0,139.23,138.985,139.16,14305.0
2025-06-12 16:20:00+00:00,139.2,139.35,139.09,139.16,19600.0
2025-06-12 16:25:00+00:00,139.23,139.58,139.19,139.58,14239.0
2025-06-12 16:30:00+00:00,139.51,139.51,139.14,139.36,10815.0
2025-06-12 16:35:00+00:00,139.37,139.55,139.35,139.55,5323.0
2025-06-12 16:40:00+00:00,139.4101,139.66,139.4101,139.57,12711.0
2025-06-12 16:45:00+00:00,139.47,139.525,139.13,139.13,10738.0
2025-06-12 16:50:00+00:00,139.09,139.1064,138.89,138.9,13599.0
2025-06-12 16:55:00+00:00,138.88,139.08,138.77,138.95,27318.0
2025-06-12 17:00:00+00:00,139.02,139.26,138.81,139.155,31875.0
2025-06-12 17:05:00+00:00,139.155,139.25,139.065,139.19,8192.0
2025-06-12 17:10:00+00:00,139.2,139.35,139.12,139.165,12209.0
2025-06-12 17:15:00+00:00,139.165,139.24,138.99,139.105,13668.0
2025-06-12 17:20:00+00:00,139.15,139.1853,138.93,138.975,7527.0
2025-06-12 17:25:00+00:00,138.985,139.05,138.8891,138.89,8619.0
2025-06-12 17:30:00+00:00,138.905,139.1299,138.88,139.065,16005.0
2025-06-12 17:35:00+00:00,139.07,139.1918,139.024,139.11,6253.0
2025-06-12 17:40:00+00:00,139.11,139.1686,139.02,139.105,10543.0
2025-06-12 17:45:00+00:00,139.105,139.15,138.951,139.045,14572.0
2025-06-12 17:50:00+00:00,139.04,139.2,138.95,138.98,13423.0
2025-06-12 17:55:00+00:00,138.98,138.98,138.66,138.66,13245.0
2025-06-12 18:00:00+00:00,138.72,138.9685,138.67,138.875,15838.0
2025-06-12 18:05:00+00:00,138.8782,138.98,138.83,138.89,9883.0
2025-06-12 18:10:00+00:00,138.85,138.88,138.315,138.4,48859.0
2025-06-12 18:15:00+00:00,138.4,138.43,138.16,138.38,43052.0
2025-06-12 18:20:00+00:00,138.39,138.51,138.13,138.2684,30372.0
2025-06-12 18:25:00+00:00,138.22,138.36,137.97,138.125,23541.0
2025-06-12 18:30:00+00:00,138.1275,138.485,138.03,138.38,33310.0
2025-06-12 18:35:00+00:00,138.38,138.55,138.3,138.45,16000.0
2025-06-12 18:40:00+00:00,138.33,138.48,138.26,138.405,8710.0
2025-06-12 18:45:00+00:00,138.32,138.4001,138.15,138.4,15313.0
2025-06-12 18:50:00+00:00,138.35,138.4,138.24,138.285,15768.0
2025-06-12 18:55:00+00:00,138.19,138.45,138.15,138.45,14181.0
2025-06-12 19:00:00+00:00,138.43,138.555,138.35,138.45,22779.0
2025-06-12 19:05:00+00:00,138.5599,138.65,138.4175,138.51,10267.0
2025-06-12 19:10:00+00:00,138.565,138.63,138.34,138.4825,16971.0
2025-06-12 19:15:00+00:00,138.48,138.57,138.44,138.44,11757.0
2025-06-12 19:20:00+00:00,138.44,138.5,138.32,138.44,19761.0
2025-06-12 19:25:00+00:00,138.41,138.5,138.26,138.41,23332.0
2025-06-12 19:30:00+00:00,138.39,138.41,138.24,138.345,18728.0
2025-06-12 19:35:00+00:00,138.31,138.375,138.21,138.33,31282.0
2025-06-12 19:40:00+00:00,138.33,138.43,138.26,138.37,29965.0
2025-06-12 19:45:00+00:00,138.33,138.4069,138.13,138.225,39787.0
2025-06-12 19:50:00+00:00,138.17,138.44,138.13,138.4151,58370.0
2025-06-12 19:55:00+00:00,138.49,138.65,138.28,138.51,175356.0
2025-06-12 20:00:00+00:00,138.62,138.62,138.39,138.39,214482.0
2025-06-12 20:05:00+00:00,138.62,138.62,138.62,138.62,1628.0
2025-06-12 20:10:00+00:00,138.9929,138.9929,138.9929,138.9929,2002.0
2025-06-12 20:45:00+00:00,138.5,138.5,138.5,138.5,136.0
2025-06-12 22:20:00+00:00,138.16,138.16,138.16,138.16,195.0
2025-06-12 22:30:00+00:00,138.12,138.12,138.12,138.12,430.0
2025-06-12 22:35:00+00:00,138.03,138.03,138.03,138.03,300.0
2025-06-12 22:45:00+00:00,138.1,138.1,138.1,138.1,200.0
2025-06-12 23:15:00+00:00,138.1,138.1,138.1,138.1,200.0
2025-06-12 23:30:00+00:00,138.1,138.1,138.1,138.1,448.0
2025-06-12 23:55:00+00:00,138.35,138.35,138.15,138.15,1175.0
2025-06-13 08:00:00+00:00,136.6,136.81,134.55,136.8,13109.0
2025-06-13 08:05:00+00:00,136.9,136.93,136.6,136.6,6614.0
2025-06-13 08:15:00+00:00,136.67,136.67,136.67,136.67,145.0
2025-06-13 08:20:00+00:00,136.67,136.75,136.65,136.75,1483.0
2025-06-13 08:25:00+00:00,136.65,136.65,136.5,136.54,6112.0
2025-06-13 08:30:00+00:00,136.54,136.54,136.4,136.48,3771.0
2025-06-13 08:35:00+00:00,136.42,136.42,136.23,136.23,1415.0
2025-06-13 08:40:00+00:00,136.35,136.37,136.01,136.01,5105.0
2025-06-13 08:45:00+00:00,136.02,136.02,136.02,136.02,556.0
2025-06-13 09:10:00+00:00,136.11,136.11,136.1,136.1,1298.0
2025-06-13 09:15:00+00:00,136.3,136.71,136.3,136.46,956.0
2025-06-13 09:25:00+00:00,136.4,136.4,136.4,136.4,192.0
2025-06-13 09:30:00+00:00,136.4,136.4,136.4,136.4,2156.0
2025-06-13 09:55:00+00:00,136.5,136.5,136.5,136.5,338.0
2025-06-13 10:00:00+00:00,136.55,136.7,136.55,136.7,613.0
2025-06-13 10:10:00+00:00,136.5,136.5,136.5,136.5,312.0
2025-06-13 10:30:00+00:00,136.5,136.52,136.5,136.52,1158.0
2025-06-13 10:35:00+00:00,136.5,136.5,136.27,136.27,2774.0
2025-06-13 10:40:00+00:00,136.27,136.27,136.25,136.25,1607.0
2025-06-13 10:45:00+00:00,136.31,136.48,136.3,136.48,1907.0
2025-06-13 10:50:00+00:00,136.5,136.5,136.48,136.5,1039.0
2025-06-13 11:00:00+00:00,136.78,136.8,136.78,136.8,913.0
2025-06-13 11:05:00+00:00,136.9,136.9,136.9,136.9,864.0
2025-06-13 11:10:00+00:00,136.75,136.75,136.75,136.75,408.0
2025-06-13 11:15:00+00:00,136.55,136.85,136.55,136.85,1012.0
2025-06-13 11:30:00+00:00,136.6,136.61,136.48,136.48,3053.0
2025-06-13 11:35:00+00:00,136.51,136.51,136.5,136.5,295.0
2025-06-13 11:45:00+00:00,136.63,136.86,136.63,136.86,1189.0
2025-06-13 12:00:00+00:00,137.0,137.0,133.75,136.61,9896.0
2025-06-13 12:10:00+00:00,136.5141,136.5141,136.5141,136.5141,108.0
2025-06-13 12:20:00+00:00,136.5221,136.88,136.5071,136.88,1495.0
2025-06-13 12:25:00+00:00,137.0,137.0,136.9999,136.9999,915.0
2025-06-13 12:30:00+00:00,136.75,136.75,136.75,136.75,148.0
2025-06-13 12:35:00+00:00,136.75,136.75,136.75,136.75,538.0
2025-06-13 12:40:00+00:00,136.75,136.78,136.64,136.64,1021.0
2025-06-13 12:45:00+00:00,136.73,137.0,136.73,136.94,1930.0
2025-06-13 12:50:00+00:00,136.55,136.55,136.48,136.48,3756.0
2025-06-13 12:55:00+00:00,136.48,136.48,136.48,136.48,397.0
2025-06-13 13:00:00+00:00,136.49,136.49,136.1826,136.2436,2843.0
2025-06-13 13:05:00+00:00,136.4,136.4,136.4,136.4,560.0
2025-06-13 13:10:00+00:00,136.4,136.4,136.1999,136.25,1464.0
2025-06-13 13:15:00+00:00,136.3,136.39,136.2355,136.2355,2781.0
2025-06-13 13:20:00+00:00,136.32,136.4972,136.1796,136.3,1463.0
2025-06-13 13:25:00+00:00,136.01,136.08,135.71,136.08,3452.0
2025-06-13 13:30:00+00:00,135.94,137.3474,135.55,136.975,139898.0
2025-06-13 13:35:00+00:00,136.975,137.8825,136.7611,137.6138,45930.0
2025-06-13 13:40:00+00:00,137.6,138.3396,137.44,138.22,49963.0
2025-06-13 13:45:00+00:00,138.1,138.12,137.735,137.81,48943.0
2025-06-13 13:50:00+00:00,137.8125,138.52,137.47,137.47,52590.0
2025-06-13 13:55:00+00:00,137.49,137.91,137.11,137.225,47103.0
2025-06-13 14:00:00+00:00,137.32,137.89,137.1291,137.445,37863.0
2025-06-13 14:05:00+00:00,137.29,137.7599,136.9,136.9,56743.0
2025-06-13 14:10:00+00:00,137.0,137.0,136.141,136.525,43032.0
2025-06-13 14:15:00+00:00,136.525,136.525,135.9019,136.07,53578.0
2025-06-13 14:20:00+00:00,136.06,136.1599,135.47,135.95,44678.0
2025-06-13 14:25:00+00:00,135.9,136.06,135.26,135.38,31817.0
2025-06-13 14:30:00+00:00,135.43,136.42,135.36,136.2,62008.0
2025-06-13 14:35:00+00:00,136.135,136.385,136.06,136.3498,39785.0
2025-06-13 14:40:00+00:00,136.395,136.7499,136.34,136.53,35121.0
2025-06-13 14:45:00+00:00,136.53,136.62,136.11,136.445,35939.0
2025-06-13 14:50:00+00:00,136.3,137.05,136.3,136.9756,27864.0
2025-06-13 14:55:00+00:00,137.02,137.24,136.805,137.03,35933.0
2025-06-13 15:00:00+00:00,137.0,137.2,136.88,137.095,19041.0
2025-06-13 15:05:00+00:00,137.15,137.5997,137.145,137.56,41315.0
2025-06-13 15:10:00+00:00,137.525,137.9,137.18,137.825,22733.0
2025-06-13 15:15:00+00:00,137.82,138.105,137.75,137.88,57233.0
2025-06-13 15:20:00+00:00,137.88,138.48,137.88,138.16,45193.0
2025-06-13 15:25:00+00:00,138.15,138.43,138.0508,138.29,22251.0
2025-06-13 15:30:00+00:00,138.36,138.5079,138.2014,138.2014,21368.0
2025-06-13 15:35:00+00:00,138.3,138.3,137.94,137.96,33670.0
2025-06-13 15:40:00+00:00,137.995,138.0403,137.8,137.98,10805.0
2025-06-13 15:45:00+00:00,138.04,138.26,137.99,138.18,20436.0
2025-06-13 15:50:00+00:00,138.24,138.39,138.23,138.305,13266.0
2025-06-13 15:55:00+00:00,138.27,138.27,137.9,138.17,12381.0
2025-06-13 16:00:00+00:00,138.36,138.36,137.985,138.13,10376.0
2025-06-13 16:05:00+00:00,138.07,138.0999,137.81,137.97,12187.0
2025-06-13 16:10:00+00:00,138.1,138.185,138.055,138.11,8620.0
2025-06-13 16:15:00+00:00,138.1,138.19,138.0,138.02,11484.0
2025-06-13 16:20:00+00:00,138.0256,138.03,137.7701,137.915,17338.0
2025-06-13 16:25:00+00:00,137.935,137.99,137.71,137.79,10781.0
2025-06-13 16:30:00+00:00,137.8,137.905,137.75,137.83,10156.0
2025-06-13 16:35:00+00:00,137.83,137.92,137.59,137.7,15349.0
2025-06-13 16:40:00+00:00,137.62,137.77,137.59,137.69,11207.0
2025-06-13 16:45:00+00:00,137.63,137.64,137.41,137.41,12924.0
2025-06-13 16:50:00+00:00,137.4,137.7,137.4,137.6323,14973.0
2025-06-13 16:55:00+00:00,137.58,137.85,137.54,137.65,11014.0
2025-06-13 17:00:00+00:00,137.68,137.82,137.6201,137.8,10613.0
2025-06-13 17:05:00+00:00,137.63,137.63,137.3335,137.43,14426.0
2025-06-13 17:10:00+00:00,137.48,137.53,137.23,137.3,14132.0
2025-06-13 17:15:00+00:00,137.3,137.32,136.925,136.95,20254.0
2025-06-13 17:20:00+00:00,137.1,137.5,137.05,137.14,15340.0
2025-06-13 17:25:00+00:00,137.14,137.1419,136.62,136.6823,14347.0
2025-06-13 17:30:00+00:00,136.69,137.0,136.62,136.86,24299.0
2025-06-13 17:35:00+00:00,136.85,136.9818,136.5326,136.68,20208.0
2025-06-13 17:40:00+00:00,136.64,136.81,136.405,136.71,24700.0
2025-06-13 17:45:00+00:00,136.71,136.8,136.5501,136.66,10661.0
2025-06-13 17:50:00+00:00,136.67,137.1083,136.67,136.83,17158.0
2025-06-13 17:55:00+00:00,136.83,136.8832,136.77,136.78,12261.0
2025-06-13 18:00:00+00:00,136.78,137.0,136.5,136.533,20530.0
2025-06-13 18:05:00+00:00,136.63,136.74,136.24,136.25,21465.0
2025-06-13 18:10:00+00:00,136.29,136.54,136.255,136.29,20272.0
2025-06-13 18:15:00+00:00,136.29,136.39,135.9,136.12,28939.0
2025-06-13 18:20:00+00:00,136.175,136.275,135.9001,136.02,51501.0
2025-06-13 18:25:00+00:00,136.08,136.1699,135.56,135.61,34286.0
2025-06-13 18:30:00+00:00,135.595,135.66,135.1,135.29,66728.0
2025-06-13 18:35:00+00:00,135.245,135.32,134.66,134.8,73874.0
2025-06-13 18:40:00+00:00,134.83,135.08,134.57,135.025,29470.0
2025-06-13 18:45:00+00:00,135.01,135.42,135.0,135.1,14138.0
2025-06-13 18:50:00+00:00,135.15,135.55,135.1,135.55,18422.0
2025-06-13 18:55:00+00:00,135.4513,135.7138,135.19,135.58,34360.0
2025-06-13 19:00:00+00:00,135.6,135.73,135.4101,135.73,19451.0
2025-06-13 19:05:00+00:00,135.725,135.95,135.7214,135.9,175290.0
2025-06-13 19:10:00+00:00,135.91,136.02,135.71,135.94,26826.0
2025-06-13 19:15:00+00:00,135.965,136.0,135.68,135.74,36409.0
2025-06-13 19:20:00+00:00,135.8199,135.855,135.2,135.27,29073.0
2025-06-13 19:25:00+00:00,135.21,135.401,135.05,135.31,29365.0
2025-06-13 19:30:00+00:00,135.29,135.65,135.25,135.44,44311.0
2025-06-13 19:35:00+00:00,135.44,135.9,135.3307,135.79,45290.0
2025-06-13 19:40:00+00:00,135.83,135.89,135.44,135.475,40664.0
2025-06-13 19:45:00+00:00,135.475,135.94,135.35,135.73,94308.0
2025-06-13 19:50:00+00:00,135.775,135.85,135.35,135.59,111006.0
2025-06-13 19:55:00+00:00,135.54,135.68,135.33,135.52,239220.0
2025-06-13 20:00:00+00:00,135.55,135.55,135.02,135.45,259870.0
2025-06-13 20:05:00+00:00,135.6,135.6,135.55,135.55,1751.0
2025-06-13 20:15:00+00:00,135.46,135.46,135.46,135.46,301.0
2025-06-13 20:25:00+00:00,135.5,135.5,135.5,135.5,118.0
2025-06-13 20:35:00+00:00,135.42,135.45,135.42,135.45,301.0
2025-06-13 20:40:00+00:00,135.49,135.49,135.49,135.49,200.0
2025-06-13 20:55:00+00:00,135.22,135.22,135.22,135.22,862.0
2025-06-13 21:00:00+00:00,135.21,135.21,135.21,135.21,1055.0
2025-06-13 21:15:00+00:00,135.0633,135.0633,135.0633,135.0633,240.0
2025-06-13 21:30:00+00:00,135.0467,135.0467,135.0467,135.0467,100.0
2025-06-13 21:35:00+00:00,135.05,135.05,135.05,135.05,330.0
2025-06-13 22:00:00+00:00,135.03,135.03,135.03,135.03,183.0
2025-06-13 22:05:00+00:00,135.0229,135.0229,135.0229,135.0229,105.0
2025-06-13 22:55:00+00:00,135.0002,135.0002,135.0,135.0,400.0
2025-06-13 23:05:00+00:00,135.2,135.2,135.2,135.2,299.0
2025-06-13 23:45:00+00:00,135.23,135.23,135.22,135.22,387.0
2025-06-16 08:05:00+00:00,137.0,137.0,137.0,137.0,620.0
2025-06-16 08:10:00+00:00,136.94,137.0,136.94,137.0,744.0
2025-06-16 08:20:00+00:00,137.0,137.0,137.0,137.0,1009.0
2025-06-16 08:25:00+00:00,136.95,136.95,136.95,136.95,532.0
2025-06-16 08:40:00+00:00,136.77,136.84,136.77,136.84,300.0
2025-06-16 09:00:00+00:00,136.96,137.0,136.9,136.9,1223.0
2025-06-16 09:10:00+00:00,136.9,136.9,136.9,136.9,1050.0
2025-06-16 10:10:00+00:00,136.86,136.86,136.85,136.85,369.0
2025-06-16 10:30:00+00:00,136.9,136.9,136.9,136.9,119.0
2025-06-16 10:35:00+00:00,137.0,137.0,137.0,137.0,1500.0
2025-06-16 11:15:00+00:00,136.9,136.9,136.9,136.9,114.0
2025-06-16 11:30:00+00:00,137.0,137.0,137.0,137.0,600.0
2025-06-16 11:50:00+00:00,137.2,137.38,137.16,137.38,1634.0
2025-06-16 11:55:00+00:00,137.41,137.5,137.3,137.3,1128.0
2025-06-16 12:00:00+00:00,136.9989,137.4099,136.93,137.3999,3896.0
2025-06-16 12:05:00+00:00,137.4,137.4,137.305,137.4,3939.0
2025-06-16 12:15:00+00:00,137.59,137.59,137.59,137.59,200.0
2025-06-16 12:20:00+00:00,137.61,137.8,137.61,137.8,1006.0
2025-06-16 12:35:00+00:00,137.61,137.61,137.56,137.56,359.0
2025-06-16 12:40:00+00:00,137.7,137.7,137.7,137.7,731.0
2025-06-16 12:45:00+00:00,137.7,137.71,137.7,137.7,795.0
2025-06-16 12:50:00+00:00,137.8292,137.8292,137.7,137.7,2284.0
2025-06-16 12:55:00+00:00,137.7,137.7,137.7,137.7,200.0
2025-06-16 13:00:00+00:00,137.74,137.74,137.74,137.74,231.0
2025-06-16 13:05:00+00:00,137.7001,137.79,137.7,137.7,3527.0
2025-06-16 13:10:00+00:00,137.2242,137.2242,137.2242,137.2242,591.0
2025-06-16 13:15:00+00:00,137.8099,137.8099,137.72,137.72,1243.0
2025-06-16 13:20:00+00:00,137.72,137.72,137.72,137.72,575.0
2025-06-16 13:25:00+00:00,137.5,137.78,137.5,137.78,654.0
2025-06-16 13:30:00+00:00,137.34,138.9439,137.25,138.71,119212.0
2025-06-16 13:35:00+00:00,138.635,139.88,138.59,139.8,109200.0
2025-06-16 13:40:00+00:00,139.805,140.2861,139.0825,139.9026,111027.0
2025-06-16 13:45:00+00:00,140.16,140.97,140.13,140.92,105073.0
2025-06-16 13:50:00+00:00,140.86,140.92,140.34,140.45,58576.0
2025-06-16 13:55:00+00:00,140.75,141.1,140.66,140.965,173520.0
2025-06-16 14:00:00+00:00,140.975,141.59,140.5477,140.7604,71114.0
2025-06-16 14:05:00+00:00,140.92,141.29,140.8,141.08,68483.0
2025-06-16 14:10:00+00:00,141.05,141.8,140.9201,141.8,68119.0
2025-06-16 14:15:00+00:00,141.87,142.2,141.69,142.14,72095.0
2025-06-16 14:20:00+00:00,142.14,142.55,142.065,142.4684,91865.0
2025-06-16 14:25:00+00:00,142.46,142.55,142.1501,142.4197,63207.0
2025-06-16 14:30:00+00:00,142.48,142.93,142.23,142.93,59176.0
2025-06-16 14:35:00+00:00,142.9096,143.04,142.576,142.71,57731.0
2025-06-16 14:40:00+00:00,142.6419,142.8599,142.31,142.7,64240.0
2025-06-16 14:45:00+00:00,142.7193,142.73,142.3921,142.5,45983.0
2025-06-16 14:50:00+00:00,142.5,142.75,142.39,142.64,31982.0
2025-06-16 14:55:00+00:00,142.69,142.75,142.33,142.51,27161.0
2025-06-16 15:00:00+00:00,142.49,143.1,142.47,143.1,58420.0
2025-06-16 15:05:00+00:00,143.2,143.39,143.045,143.29,56798.0
2025-06-16 15:10:00+00:00,143.31,143.58,143.2055,143.43,70831.0
2025-06-16 15:15:00+00:00,143.43,143.5499,143.3,143.385,37719.0
2025-06-16 15:20:00+00:00,143.37,143.38,142.87,143.21,52545.0
2025-06-16 15:25:00+00:00,143.21,143.24,142.21,142.29,45094.0
2025-06-16 15:30:00+00:00,142.34,142.435,142.0,142.38,53699.0
2025-06-16 15:35:00+00:00,142.41,142.49,142.02,142.3,37455.0
2025-06-16 15:40:00+00:00,142.35,142.5869,142.02,142.09,28027.0
2025-06-16 15:45:00+00:00,142.1,142.2409,141.91,142.1,25788.0
2025-06-16 15:50:00+00:00,142.045,142.045,141.65,141.76,26096.0
2025-06-16 15:55:00+00:00,141.81,141.95,141.49,141.655,54371.0
2025-06-16 16:00:00+00:00,141.69,141.88,141.53,141.7275,42864.0
2025-06-16 16:05:00+00:00,141.69,142.1,141.69,142.035,28309.0
2025-06-16 16:10:00+00:00,142.04,142.6799,142.04,142.46,33257.0
2025-06-16 16:15:00+00:00,142.485,142.63,142.39,142.445,17755.0
2025-06-16 16:20:00+00:00,142.45,142.45,142.24,142.29,13114.0
2025-06-16 16:25:00+00:00,142.2,142.26,142.12,142.135,14287.0
2025-06-16 16:30:00+00:00,142.2,142.34,142.13,142.34,15966.0
2025-06-16 16:35:00+00:00,142.26,142.265,142.01,142.195,13318.0
2025-06-16 16:40:00+00:00,142.2,142.2199,141.91,141.91,21358.0
2025-06-16 16:45:00+00:00,141.955,141.955,141.83,141.931,16130.0
2025-06-16 16:50:00+00:00,141.84,142.1126,141.6768,142.095,14835.0
2025-06-16 16:55:00+00:00,142.06,142.06,141.8101,141.89,17896.0
2025-06-16 17:00:00+00:00,141.89,142.0941,141.8604,142.02,12065.0
2025-06-16 17:05:00+00:00,142.015,142.25,141.87,142.25,26095.0
2025-06-16 17:10:00+00:00,142.09,142.25,142.06,142.06,16085.0
2025-06-16 17:15:00+00:00,142.1348,142.44,142.05,142.115,31044.0
2025-06-16 17:20:00+00:00,142.07,142.22,141.99,142.0132,28699.0
2025-06-16 17:25:00+00:00,142.03,142.24,142.025,142.235,14866.0
2025-06-16 17:30:00+00:00,142.22,142.32,142.14,142.205,17019.0
2025-06-16 17:35:00+00:00,142.2865,142.2865,142.03,142.03,15527.0
2025-06-16 17:40:00+00:00,141.995,142.14,141.955,142.075,16589.0
2025-06-16 17:45:00+00:00,142.055,142.2,142.02,142.18,12426.0
2025-06-16 17:50:00+00:00,142.15,142.15,141.92,141.96,16648.0
2025-06-16 17:55:00+00:00,141.915,142.02,141.603,141.735,45158.0
2025-06-16 18:00:00+00:00,141.78,141.99,141.71,141.93,13403.0
2025-06-16 18:05:00+00:00,141.93,142.02,141.89,141.92,20499.0
2025-06-16 18:10:00+00:00,141.89,141.92,141.69,141.81,26441.0
2025-06-16 18:15:00+00:00,141.91,142.39,141.9064,142.375,28261.0
2025-06-16 18:20:00+00:00,142.43,142.47,142.28,142.32,24019.0
2025-06-16 18:25:00+00:00,142.3441,142.36,142.221,142.3011,20608.0
2025-06-16 18:30:00+00:00,142.31,142.345,142.12,142.1501,15635.0
2025-06-16 18:35:00+00:00,142.205,142.205,142.11,142.16,12496.0
2025-06-16 18:40:00+00:00,142.1,142.26,142.09,142.165,16196.0
2025-06-16 18:45:00+00:00,142.145,142.17,141.98,141.98,27808.0
2025-06-16 18:50:00+00:00,141.94,142.25,141.92,142.23,27692.0
2025-06-16 18:55:00+00:00,142.235,142.4,142.235,142.31,29652.0
2025-06-16 19:00:00+00:00,142.27,142.31,142.1,142.22,41073.0
2025-06-16 19:05:00+00:00,142.245,142.3714,142.06,142.305,26363.0
2025-06-16 19:10:00+00:00,142.305,142.61,142.25,142.38,62123.0
2025-06-16 19:15:00+00:00,142.385,142.72,142.38,142.54,33041.0
2025-06-16 19:20:00+00:00,142.52,142.92,142.355,142.74,65636.0
2025-06-16 19:25:00+00:00,142.73,142.88,142.57,142.6,49034.0
2025-06-16 19:30:00+00:00,142.64,142.68,142.32,142.43,34359.0
2025-06-16 19:35:00+00:00,142.4617,142.55,142.33,142.355,38971.0
2025-06-16 19:40:00+00:00,142.33,142.4457,142.29,142.38,43713.0
2025-06-16 19:45:00+00:00,142.38,142.55,142.16,142.3,90877.0
2025-06-16 19:50:00+00:00,142.22,142.29,142.01,142.17,92592.0
2025-06-16 19:55:00+00:00,142.21,142.3,141.73,142.04,321133.0
2025-06-16 20:00:00+00:00,142.04,142.04,141.76,142.0,481161.0
2025-06-16 20:05:00+00:00,142.0,142.04,142.0,142.0,4596.0
2025-06-16 20:10:00+00:00,141.75,141.75,141.5304,141.58,1854.0
2025-06-16 20:15:00+00:00,141.75,141.75,141.75,141.75,1639.0
2025-06-16 20:20:00+00:00,141.8,141.8,141.8,141.8,300.0
2025-06-16 20:25:00+00:00,141.71,141.71,141.6,141.6,1634.0
2025-06-16 20:40:00+00:00,141.86,141.99,141.86,141.99,466.0
2025-06-16 20:45:00+00:00,141.97,141.97,141.97,141.97,334.0
2025-06-16 20:55:00+00:00,141.9411,141.9411,141.51,141.55,8122.0
2025-06-16 21:00:00+00:00,141.9,142.0,141.9,141.95,812.0
2025-06-16 21:15:00+00:00,141.84,141.84,141.84,141.84,125.0
2025-06-16 21:20:00+00:00,141.99,142.01,141.99,142.01,1221.0
2025-06-16 21:25:00+00:00,141.61,141.61,141.61,141.61,100.0
2025-06-16 21:30:00+00:00,141.95,141.99,141.95,141.99,308.0
2025-06-16 21:35:00+00:00,141.91,141.91,141.91,141.91,200.0
2025-06-16 22:45:00+00:00,141.51,141.51,141.51,141.51,100.0
2025-06-16 23:05:00+00:00,141.5235,141.5235,141.51,141.51,619.0
2025-06-16 23:25:00+00:00,141.53,141.53,141.51,141.5101,300.0
2025-06-16 23:30:00+00:00,141.52,141.52,141.5,141.5,3976.0
2025-06-16 23:35:00+00:00,141.06,141.06,141.06,141.06,435.0
2025-06-16 23:40:00+00:00,140.5,140.7,140.5,140.51,1249.0
2025-06-16 23:45:00+00:00,141.4,141.4,141.4,141.4,228.0
2025-06-16 23:50:00+00:00,140.14,140.14,140.14,140.14,100.0
2025-06-16 23:55:00+00:00,140.1615,140.2518,140.1615,140.2518,616.0
2025-06-17 08:00:00+00:00,140.89,140.9,140.63,140.63,427.0
2025-06-17 08:05:00+00:00,141.22,141.22,141.22,141.22,911.0
2025-06-17 08:20:00+00:00,141.22,141.22,141.22,141.22,396.0
2025-06-17 08:30:00+00:00,141.15,141.15,141.15,141.15,436.0
2025-06-17 08:50:00+00:00,141.24,141.4,141.24,141.4,375.0
2025-06-17 09:00:00+00:00,141.15,141.15,140.92,140.92,594.0
2025-06-17 09:05:00+00:00,140.81,140.81,140.81,140.81,260.0
2025-06-17 09:35:00+00:00,141.03,141.03,141.03,141.03,210.0
2025-06-17 09:40:00+00:00,141.19,141.19,141.19,141.19,220.0
2025-06-17 09:55:00+00:00,141.13,141.21,141.13,141.21,467.0
2025-06-17 10:25:00+00:00,140.9,141.19,140.9,141.19,1029.0
2025-06-17 10:40:00+00:00,140.9,140.9,140.9,140.9,125.0
2025-06-17 10:45:00+00:00,140.82,140.82,140.82,140.82,150.0
2025-06-17 11:05:00+00:00,141.18,141.18,141.18,141.18,301.0
2025-06-17 11:20:00+00:00,141.25,141.25,141.25,141.25,142.0
2025-06-17 11:35:00+00:00,141.4,141.5,141.4,141.5,1068.0
2025-06-17 11:40:00+00:00,141.5,141.5,141.5,141.5,733.0
2025-06-17 11:55:00+00:00,141.52,141.52,141.52,141.52,412.0
2025-06-17 12:00:00+00:00,141.2,142.0,140.0,142.0,5594.0
2025-06-17 12:20:00+00:00,141.7855,142.16,141.7855,142.16,2993.0
2025-06-17 12:25:00+00:00,142.4345,142.8,142.29,142.8,4870.0
2025-06-17 12:30:00+00:00,142.56,142.56,142.5,142.5,4168.0
2025-06-17 12:35:00+00:00,142.78,142.78,142.22,142.22,2886.0
2025-06-17 12:40:00+00:00,142.49,142.5,142.49,142.5,477.0
2025-06-17 12:45:00+00:00,142.5,142.5,142.01,142.04,1354.0
2025-06-17 12:50:00+00:00,141.96,141.96,141.75,141.75,259.0
2025-06-17 12:55:00+00:00,142.0,142.0,142.0,142.0,100.0
2025-06-17 13:00:00+00:00,141.8,141.8,141.75,141.75,527.0
2025-06-17 13:05:00+00:00,141.75,141.75,141.75,141.75,274.0
2025-06-17 13:10:00+00:00,141.6,141.6,141.52,141.52,1042.0
2025-06-17 13:15:00+00:00,141.52,141.52,141.52,141.52,613.0
2025-06-17 13:20:00+00:00,141.52,141.6,141.52,141.6,2647.0
2025-06-17 13:25:00+00:00,141.6,141.6,140.7,140.85,8020.0
2025-06-17 13:30:00+00:00,140.83,143.6,140.5,142.72,244511.0
2025-06-17 13:35:00+00:00,142.72,144.4699,142.65,144.28,189338.0
2025-06-17 13:40:00+00:00,144.28,144.88,143.3016,143.6,150554.0
2025-06-17 13:45:00+00:00,143.73,145.7199,143.73,145.32,272946.0
2025-06-17 13:50:00+00:00,145.29,146.5,145.24,146.245,217256.0
2025-06-17 13:55:00+00:00,146.245,146.8399,146.1,146.67,140956.0
2025-06-17 14:00:00+00:00,146.74,147.7,146.53,147.4,229899.0
2025-06-17 14:05:00+00:00,147.446,148.69,147.25,148.67,241994.0
2025-06-17 14:10:00+00:00,148.67,149.2199,148.67,148.8748,255084.0
2025-06-17 14:15:00+00:00,148.95,149.25,148.195,148.46,237353.0
2025-06-17 14:20:00+00:00,148.41,148.56,147.91,148.12,134805.0
2025-06-17 14:25:00+00:00,148.12,148.6,147.9,148.2999,102594.0
2025-06-17 14:30:00+00:00,148.2986,148.35,147.78,148.1,87311.0
2025-06-17 14:35:00+00:00,148.07,148.2,147.2,147.305,112438.0
2025-06-17 14:40:00+00:00,147.23,147.31,146.4801,146.585,142680.0
2025-06-17 14:45:00+00:00,146.595,147.08,146.55,146.84,66953.0
2025-06-17 14:50:00+00:00,146.86,147.4876,146.86,147.13,67019.0
2025-06-17 14:55:00+00:00,147.05,147.1598,146.34,146.39,52220.0
2025-06-17 15:00:00+00:00,146.39,146.85,146.31,146.765,72485.0
2025-06-17 15:05:00+00:00,146.813,146.83,146.24,146.68,52244.0
2025-06-17 15:10:00+00:00,146.65,147.29,146.5915,147.29,95258.0
2025-06-17 15:15:00+00:00,147.28,147.29,146.625,146.92,60158.0
2025-06-17 15:20:00+00:00,146.92,146.92,146.35,146.52,37294.0
2025-06-17 15:25:00+00:00,146.46,146.785,146.2,146.49,89484.0
2025-06-17 15:30:00+00:00,146.41,146.48,145.9,146.09,49319.0
2025-06-17 15:35:00+00:00,146.17,146.51,145.79,145.88,40431.0
2025-06-17 15:40:00+00:00,145.91,146.79,145.77,146.55,38316.0
2025-06-17 15:45:00+00:00,146.65,146.7899,146.07,146.14,37605.0
2025-06-17 15:50:00+00:00,146.1448,146.3985,146.065,146.3799,30677.0
2025-06-17 15:55:00+00:00,146.295,146.425,146.11,146.15,36608.0
2025-06-17 16:00:00+00:00,146.15,146.89,146.14,146.8,41128.0
2025-06-17 16:05:00+00:00,146.78,147.0937,146.5,146.66,43581.0
2025-06-17 16:10:00+00:00,146.49,146.89,146.48,146.85,20871.0
2025-06-17 16:15:00+00:00,146.85,146.9892,146.7301,146.9892,22792.0
2025-06-17 16:20:00+00:00,146.99,146.99,146.45,146.545,25044.0
2025-06-17 16:25:00+00:00,146.46,146.5375,146.21,146.53,23393.0
2025-06-17 16:30:00+00:00,146.5038,146.7,146.33,146.59,14303.0
2025-06-17 16:35:00+00:00,146.77,146.86,146.72,146.79,13801.0
2025-06-17 16:40:00+00:00,146.8153,146.8153,146.04,146.125,25182.0
2025-06-17 16:45:00+00:00,146.135,146.32,145.86,145.9,28887.0
2025-06-17 16:50:00+00:00,145.98,146.11,145.59,145.62,28722.0
2025-06-17 16:55:00+00:00,145.665,145.665,145.25,145.45,31020.0
2025-06-17 17:00:00+00:00,145.32,145.63,145.16,145.6099,30115.0
2025-06-17 17:05:00+00:00,145.51,145.75,145.1121,145.75,22645.0
2025-06-17 17:10:00+00:00,145.745,145.95,145.72,145.9,18048.0
2025-06-17 17:15:00+00:00,145.89,145.95,145.715,145.715,31730.0
2025-06-17 17:20:00+00:00,145.72,146.0249,145.56,145.98,19441.0
2025-06-17 17:25:00+00:00,145.89,146.08,145.59,145.59,17250.0
2025-06-17 17:30:00+00:00,145.6,145.9232,145.2716,145.79,30292.0
2025-06-17 17:35:00+00:00,145.835,145.895,145.585,145.625,23789.0
2025-06-17 17:40:00+00:00,145.625,145.78,145.46,145.46,16923.0
2025-06-17 17:45:00+00:00,145.468,145.53,144.87,145.04,30633.0
2025-06-17 17:50:00+00:00,144.9701,145.18,144.7,145.06,26896.0
2025-06-17 17:55:00+00:00,145.235,145.4,145.12,145.195,12252.0
2025-06-17 18:00:00+00:00,145.12,145.33,144.81,145.17,51860.0
2025-06-17 18:05:00+00:00,145.21,145.52,145.21,145.4783,32239.0
2025-06-17 18:10:00+00:00,145.48,145.5799,145.325,145.335,12189.0
2025-06-17 18:15:00+00:00,145.295,145.315,145.0,145.17,38664.0
2025-06-17 18:20:00+00:00,145.165,145.3,145.1423,145.235,26464.0
2025-06-17 18:25:00+00:00,145.16,145.35,145.08,145.22,32212.0
2025-06-17 18:30:00+00:00,145.255,145.65,145.215,145.555,23092.0
2025-06-17 18:35:00+00:00,145.565,145.63,145.37,145.47,20321.0
2025-06-17 18:40:00+00:00,145.47,145.49,145.09,145.24,38022.0
2025-06-17 18:45:00+00:00,145.29,145.49,145.29,145.355,13853.0
2025-06-17 18:50:00+00:00,145.35,145.42,145.2,145.39,16060.0
2025-06-17 18:55:00+00:00,145.42,145.655,145.36,145.6387,30637.0
2025-06-17 19:00:00+00:00,145.6,145.75,145.475,145.475,32369.0
2025-06-17 19:05:00+00:00,145.48,145.51,145.3,145.4,13714.0
2025-06-17 19:10:00+00:00,145.4,145.755,145.35,145.58,29061.0
2025-06-17 19:15:00+00:00,145.56,145.69,145.38,145.5945,19249.0
2025-06-17 19:20:00+00:00,145.54,145.8,145.54,145.65,27296.0
2025-06-17 19:25:00+00:00,145.63,145.7,145.57,145.7,22319.0
2025-06-17 19:30:00+00:00,145.7,145.77,145.61,145.65,27154.0
2025-06-17 19:35:00+00:00,145.65,145.75,145.41,145.44,46993.0
2025-06-17 19:40:00+00:00,145.435,145.51,145.3,145.41,34998.0
2025-06-17 19:45:00+00:00,145.46,145.59,145.4105,145.48,53391.0
2025-06-17 19:50:00+00:00,145.43,145.54,145.08,145.35,171485.0
2025-06-17 19:55:00+00:00,145.28,145.4,144.65,144.75,382077.0
2025-06-17 20:00:00+00:00,144.72,144.72,144.72,144.72,297486.0
2025-06-17 20:05:00+00:00,144.72,144.72,144.72,144.72,462.0
2025-06-17 20:10:00+00:00,145.04,145.04,144.75,144.75,1665.0
2025-06-17 20:15:00+00:00,144.7,144.7,144.7,144.7,783.0
2025-06-17 20:20:00+00:00,144.7609,144.7609,144.55,144.55,244.0
2025-06-17 20:25:00+00:00,144.72,144.72,144.7,144.7,590.0
2025-06-17 20:30:00+00:00,144.98,144.98,144.98,144.98,202.0
2025-06-17 20:35:00+00:00,144.62,144.62,144.62,144.62,405.0
2025-06-17 20:45:00+00:00,144.55,144.55,144.55,144.55,1031.0
2025-06-17 21:00:00+00:00,144.63,144.63,144.58,144.6,758.0
2025-06-17 21:15:00+00:00,144.55,144.6,144.55,144.6,1371.0
2025-06-17 21:20:00+00:00,144.6,144.6,144.6,144.6,105.0
2025-06-17 21:30:00+00:00,144.7,144.75,144.7,144.75,1039.0
2025-06-17 21:40:00+00:00,144.61,144.61,144.61,144.61,133.0
2025-06-17 21:45:00+00:00,144.5707,144.5707,144.5707,144.5707,100.0
2025-06-17 21:50:00+00:00,144.96,145.05,144.96,145.03,2679.0
2025-06-17 22:00:00+00:00,144.57,144.57,144.57,144.57,501.0
2025-06-17 22:05:00+00:00,144.56,144.56,144.56,144.56,200.0
2025-06-17 22:10:00+00:00,144.75,144.75,144.75,144.75,216.0
2025-06-17 22:15:00+00:00,144.55,144.6,144.55,144.6,1341.0
2025-06-17 22:20:00+00:00,144.75,144.75,144.5248,144.5248,300.0
2025-06-17 22:25:00+00:00,144.5,144.5,144.5,144.5,1198.0
2025-06-17 22:30:00+00:00,144.34,144.34,144.25,144.25,415.0
2025-06-17 22:35:00+00:00,144.49,144.49,144.49,144.49,364.0
2025-06-17 22:40:00+00:00,144.5,144.5,144.06,144.06,4660.0
2025-06-17 22:45:00+00:00,144.15,144.15,144.15,144.15,213.0
2025-06-17 22:55:00+00:00,144.15,144.15,144.15,144.15,350.0
2025-06-17 23:00:00+00:00,144.2037,144.2037,144.2037,144.2037,350.0
2025-06-17 23:10:00+00:00,144.2,144.2,144.16,144.16,1901.0
2025-06-17 23:30:00+00:00,144.35,144.35,144.35,144.35,125.0
2025-06-17 23:35:00+00:00,144.72,144.75,144.68,144.75,2098.0
2025-06-17 23:40:00+00:00,144.0,144.0,144.0,144.0,1001.0
2025-06-17 23:50:00+00:00,144.0049,144.0049,144.0049,144.0049,1902.0
2025-06-17 23:55:00+00:00,144.61,144.61,144.61,144.61,350.0
2025-06-18 08:00:00+00:00,146.33,146.33,146.33,146.33,276.0
2025-06-18 08:05:00+00:00,146.28,146.54,146.28,146.54,960.0
2025-06-18 08:10:00+00:00,146.3,146.3,146.3,146.3,148.0
2025-06-18 08:15:00+00:00,145.99,146.0,145.99,146.0,445.0
2025-06-18 08:20:00+00:00,146.59,146.59,146.59,146.59,136.0
2025-06-18 08:30:00+00:00,146.1,146.1,146.1,146.1,138.0
2025-06-18 08:40:00+00:00,146.14,146.14,145.76,145.76,1548.0
2025-06-18 08:45:00+00:00,145.76,145.76,145.76,145.76,207.0
2025-06-18 09:10:00+00:00,146.04,146.04,146.04,146.04,127.0
2025-06-18 09:55:00+00:00,146.04,146.04,146.04,146.04,165.0
2025-06-18 10:20:00+00:00,146.1,146.1,146.1,146.1,531.0
2025-06-18 10:35:00+00:00,145.99,146.23,145.8,146.23,4217.0
2025-06-18 10:50:00+00:00,145.87,146.19,145.5,145.5,2247.0
2025-06-18 10:55:00+00:00,145.29,145.29,145.29,145.29,300.0
2025-06-18 11:00:00+00:00,145.25,145.25,145.24,145.24,1328.0
2025-06-18 11:05:00+00:00,145.32,145.32,145.32,145.32,231.0
2025-06-18 11:15:00+00:00,145.17,145.5,145.17,145.5,2280.0
2025-06-18 11:25:00+00:00,145.31,145.33,145.25,145.33,1210.0
2025-06-18 11:30:00+00:00,145.66,145.66,145.66,145.66,110.0
2025-06-18 11:35:00+00:00,145.58,145.6,145.58,145.6,1140.0
2025-06-18 11:50:00+00:00,145.7,145.73,145.7,145.73,466.0
2025-06-18 12:00:00+00:00,145.0061,145.98,145.0061,145.98,7085.0
2025-06-18 12:05:00+00:00,145.79,145.8,145.79,145.8,310.0
2025-06-18 12:10:00+00:00,145.9,145.9,145.9,145.9,100.0
2025-06-18 12:15:00+00:00,145.9875,145.9875,145.9875,145.9875,500.0
2025-06-18 12:20:00+00:00,145.5,145.5,145.5,145.5,1102.0
2025-06-18 12:25:00+00:00,146.0,146.0,146.0,146.0,268.0
2025-06-18 12:35:00+00:00,145.75,145.75,145.75,145.75,1139.0
2025-06-18 12:45:00+00:00,146.0,146.0,145.9984,145.9984,375.0
2025-06-18 12:50:00+00:00,145.88,145.88,145.88,145.88,605.0
2025-06-18 12:55:00+00:00,145.75,145.75,145.75,145.75,251.0
2025-06-18 13:00:00+00:00,145.88,145.88,145.88,145.88,405.0
2025-06-18 13:05:00+00:00,145.8,145.8,145.8,145.8,100.0
2025-06-18 13:15:00+00:00,146.0,146.0,146.0,146.0,1483.0
2025-06-18 13:20:00+00:00,146.0,146.06,146.0,146.06,789.0
2025-06-18 13:25:00+00:00,145.84,146.0,145.02,145.15,15067.0
2025-06-18 13:30:00+00:00,145.16,145.76,143.65,143.7,185893.0
2025-06-18 13:35:00+00:00,143.76,144.3545,143.18,144.06,115092.0
2025-06-18 13:40:00+00:00,144.035,145.63,144.035,145.5398,65994.0
2025-06-18 13:45:00+00:00,145.5965,145.8786,145.12,145.49,78760.0
2025-06-18 13:50:00+00:00,145.49,146.6,145.45,146.0,104848.0
2025-06-18 13:55:00+00:00,146.02,146.5799,145.4,145.4,71247.0
2025-06-18 14:00:00+00:00,145.41,146.25,145.09,146.02,60985.0
2025-06-18 14:05:00+00:00,145.95,146.32,145.68,145.96,42740.0
2025-06-18 14:10:00+00:00,145.9,146.4,145.85,146.31,35721.0
2025-06-18 14:15:00+00:00,146.4,146.8,146.39,146.7729,52130.0
2025-06-18 14:20:00+00:00,146.62,147.17,146.56,147.07,65702.0
2025-06-18 14:25:00+00:00,147.1,147.4,146.88,147.075,60297.0
2025-06-18 14:30:00+00:00,147.01,147.27,146.89,147.0218,52103.0
2025-06-18 14:35:00+00:00,146.9046,147.0357,146.57,146.9892,47032.0
2025-06-18 14:40:00+00:00,146.94,147.18,146.52,147.115,51728.0
2025-06-18 14:45:00+00:00,147.115,147.22,146.43,146.545,33170.0
2025-06-18 14:50:00+00:00,146.5,146.7619,146.4105,146.57,23885.0
2025-06-18 14:55:00+00:00,146.53,146.7999,146.455,146.74,26522.0
2025-06-18 15:00:00+00:00,146.78,147.17,146.75,146.84,27787.0
2025-06-18 15:05:00+00:00,146.9699,146.99,146.49,146.72,30289.0
2025-06-18 15:10:00+00:00,146.7999,146.93,146.57,146.88,20021.0
2025-06-18 15:15:00+00:00,146.845,146.88,146.42,146.44,26657.0
2025-06-18 15:20:00+00:00,146.49,146.5616,146.35,146.52,28722.0
2025-06-18 15:25:00+00:00,146.57,146.77,146.35,146.72,31291.0
2025-06-18 15:30:00+00:00,146.75,146.89,146.64,146.85,19735.0
2025-06-18 15:35:00+00:00,146.835,146.89,146.72,146.8438,24342.0
2025-06-18 15:40:00+00:00,146.745,147.1,146.65,147.1,31276.0
2025-06-18 15:45:00+00:00,147.1,147.18,146.7,147.0,23004.0
2025-06-18 15:50:00+00:00,146.95,147.02,146.7722,146.84,15970.0
2025-06-18 15:55:00+00:00,146.89,146.9895,146.6,146.6,24621.0
2025-06-18 16:00:00+00:00,146.59,147.03,146.42,146.905,30497.0
2025-06-18 16:05:00+00:00,146.905,147.0,146.81,146.89,18193.0
2025-06-18 16:10:00+00:00,146.935,146.935,146.64,146.825,18499.0
2025-06-18 16:15:00+00:00,146.825,146.98,146.646,146.925,30921.0
2025-06-18 16:20:00+00:00,146.86,146.98,146.8,146.87,23905.0
2025-06-18 16:25:00+00:00,146.9275,147.2,146.91,147.16,29273.0
2025-06-18 16:30:00+00:00,147.2,147.49,147.14,147.4,35543.0
2025-06-18 16:35:00+00:00,147.35,147.46,147.19,147.3799,16282.0
2025-06-18 16:40:00+00:00,147.37,147.41,147.2,147.3258,19374.0
2025-06-18 16:45:00+00:00,147.26,147.37,147.05,147.065,14039.0
2025-06-18 16:50:00+00:00,147.05,147.32,147.0,147.32,24275.0
2025-06-18 16:55:00+00:00,147.23,147.56,147.22,147.39,46885.0
2025-06-18 17:00:00+00:00,147.39,147.61,147.25,147.535,20803.0
2025-06-18 17:05:00+00:00,147.59,147.64,147.36,147.4264,12429.0
2025-06-18 17:10:00+00:00,147.51,147.51,147.14,147.2072,16912.0
2025-06-18 17:15:00+00:00,147.27,147.385,147.2,147.235,23962.0
2025-06-18 17:20:00+00:00,147.18,147.19,146.63,146.8389,59719.0
2025-06-18 17:25:00+00:00,146.755,146.83,146.34,146.41,30851.0
2025-06-18 17:30:00+00:00,146.37,146.633,145.99,146.2299,45230.0
2025-06-18 17:35:00+00:00,146.17,146.5645,145.95,146.41,30981.0
2025-06-18 17:40:00+00:00,146.46,146.8371,146.36,146.8,13256.0
2025-06-18 17:45:00+00:00,146.8436,147.109,146.74,147.025,46314.0
2025-06-18 17:50:00+00:00,147.07,147.1724,146.93,147.13,15892.0
2025-06-18 17:55:00+00:00,147.08,147.26,147.01,147.09,19918.0
2025-06-18 18:00:00+00:00,147.17,147.98,146.78,146.78,81571.0
2025-06-18 18:05:00+00:00,146.835,147.33,146.63,146.95,39537.0
2025-06-18 18:10:00+00:00,146.85,147.12,146.72,147.02,25782.0
2025-06-18 18:15:00+00:00,146.92,147.15,146.8001,146.94,20071.0
2025-06-18 18:20:00+00:00,146.9,147.1,146.5,146.6607,31903.0
2025-06-18 18:25:00+00:00,146.715,147.13,146.65,146.77,27717.0
2025-06-18 18:30:00+00:00,146.72,147.55,146.615,147.47,43726.0
2025-06-18 18:35:00+00:00,147.4,147.4,146.8,147.23,30620.0
2025-06-18 18:40:00+00:00,147.03,147.37,146.92,147.155,27910.0
2025-06-18 18:45:00+00:00,147.155,147.34,146.88,147.15,27590.0
2025-06-18 18:50:00+00:00,147.07,147.07,146.4337,146.645,39695.0
2025-06-18 18:55:00+00:00,146.64,146.64,145.68,145.93,60327.0
2025-06-18 19:00:00+00:00,145.83,146.53,145.57,146.525,35537.0
2025-06-18 19:05:00+00:00,146.435,146.73,146.25,146.4376,26735.0
2025-06-18 19:10:00+00:00,146.33,147.04,146.2,146.93,41332.0
2025-06-18 19:15:00+00:00,146.935,146.935,146.51,146.64,27167.0
2025-06-18 19:20:00+00:00,146.63,147.06,146.53,146.9,29271.0
2025-06-18 19:25:00+00:00,146.85,147.0499,145.9401,146.015,39952.0
2025-06-18 19:30:00+00:00,145.96,146.65,145.82,146.465,50272.0
2025-06-18 19:35:00+00:00,146.42,146.715,146.3,146.56,46300.0
2025-06-18 19:40:00+00:00,146.6,146.88,146.5332,146.85,36449.0
2025-06-18 19:45:00+00:00,146.8,146.85,146.39,146.53,52504.0
2025-06-18 19:50:00+00:00,146.46,146.7027,145.9,145.945,114839.0
2025-06-18 19:55:00+00:00,145.99,146.47,145.96,146.02,336980.0
2025-06-18 20:00:00+00:00,146.05,146.05,146.05,146.05,154553.0
2025-06-18 20:05:00+00:00,146.05,146.05,146.05,146.05,1551.0
2025-06-18 20:10:00+00:00,146.01,146.01,146.01,146.01,730.0
2025-06-18 20:15:00+00:00,145.99,145.99,145.99,145.99,205.0
2025-06-18 20:20:00+00:00,146.0,146.01,146.0,146.01,888.0
2025-06-18 20:45:00+00:00,146.1,146.1,146.1,146.1,103.0
2025-06-18 20:50:00+00:00,145.5508,145.5508,145.5508,145.5508,504.0
2025-06-18 21:00:00+00:00,146.19,146.4,146.19,146.4,4965.0
2025-06-18 21:20:00+00:00,146.25,146.25,146.25,146.25,100.0
2025-06-18 21:40:00+00:00,146.35,146.36,146.19,146.19,353.0
2025-06-18 21:45:00+00:00,146.0,146.0,146.0,146.0,415.0
2025-06-18 22:30:00+00:00,146.24,146.24,146.24,146.24,131.0
2025-06-18 22:35:00+00:00,146.38,146.45,146.3,146.3,894.0
2025-06-18 22:40:00+00:00,146.15,146.15,146.05,146.05,704.0
2025-06-18 23:15:00+00:00,146.0,146.0,146.0,146.0,395.0
2025-06-18 23:35:00+00:00,146.4565,146.4565,146.4565,146.4565,101.0
2025-06-18 23:55:00+00:00,146.45,146.49,146.45,146.49,537.0
2025-06-20 08:00:00+00:00,146.0,146.11,146.0,146.0,4298.0
2025-06-20 08:05:00+00:00,146.11,146.21,146.11,146.21,1517.0
2025-06-20 08:10:00+00:00,146.22,146.51,146.22,146.48,5385.0
2025-06-20 08:20:00+00:00,146.49,146.49,146.48,146.48,751.0
2025-06-20 08:25:00+00:00,146.2,146.2,146.2,146.2,401.0
2025-06-20 08:35:00+00:00,146.15,146.15,146.01,146.01,500.0
2025-06-20 08:45:00+00:00,146.05,146.05,146.02,146.02,870.0
2025-06-20 08:50:00+00:00,146.0,146.0,145.85,145.85,1417.0
2025-06-20 08:55:00+00:00,145.85,145.85,145.85,145.85,331.0
2025-06-20 09:10:00+00:00,146.26,146.26,146.26,146.26,300.0
2025-06-20 09:15:00+00:00,146.29,146.29,146.29,146.29,280.0
2025-06-20 09:30:00+00:00,146.4,146.4,146.4,146.4,310.0
2025-06-20 09:35:00+00:00,146.64,146.76,146.64,146.76,1974.0
2025-06-20 09:45:00+00:00,146.55,146.93,146.43,146.46,1550.0
2025-06-20 10:20:00+00:00,146.61,146.67,146.61,146.67,530.0
2025-06-20 10:55:00+00:00,146.51,146.7,146.51,146.7,428.0
2025-06-20 11:00:00+00:00,146.54,146.54,146.54,146.54,1000.0
2025-06-20 11:05:00+00:00,146.49,146.49,146.39,146.39,1414.0
2025-06-20 11:15:00+00:00,146.5,146.5,146.32,146.32,1191.0
2025-06-20 11:20:00+00:00,146.4,146.4,146.4,146.4,200.0
2025-06-20 11:30:00+00:00,146.4,146.4,146.4,146.4,235.0
2025-06-20 11:40:00+00:00,146.4,146.4,146.4,146.4,253.0
2025-06-20 11:50:00+00:00,146.6,146.71,146.6,146.71,2271.0
2025-06-20 12:00:00+00:00,146.31,146.7544,146.31,146.6,3159.0
2025-06-20 12:05:00+00:00,146.6,146.7696,146.6,146.7696,2786.0
2025-06-20 12:10:00+00:00,146.77,146.9,146.77,146.9,511.0
2025-06-20 12:20:00+00:00,146.89,146.89,146.89,146.89,101.0
2025-06-20 12:25:00+00:00,146.99,146.99,146.99,146.99,201.0
2025-06-20 12:30:00+00:00,146.99,147.0,146.99,147.0,2784.0
2025-06-20 12:35:00+00:00,147.17,147.19,147.17,147.19,891.0
2025-06-20 12:45:00+00:00,147.05,147.05,147.05,147.05,105.0
2025-06-20 12:50:00+00:00,147.2,147.2,147.2,147.2,771.0
2025-06-20 12:55:00+00:00,147.3,147.39,147.3,147.39,2515.0
2025-06-20 13:00:00+00:00,147.3,147.38,147.3,147.3,1219.0
2025-06-20 13:05:00+00:00,147.23,147.23,147.2299,147.2299,340.0
2025-06-20 13:10:00+00:00,147.15,147.18,147.15,147.18,216.0
2025-06-20 13:15:00+00:00,147.2,147.2,147.2,147.2,507.0
2025-06-20 13:20:00+00:00,147.2,147.32,147.2,147.21,1245.0
2025-06-20 13:25:00+00:00,146.57,147.0,146.31,146.31,4445.0
2025-06-20 13:30:00+00:00,146.4,147.69,145.21,145.398,288357.0
2025-06-20 13:35:00+00:00,145.6,147.0,145.33,146.8928,85647.0
2025-06-20 13:40:00+00:00,146.94,147.7299,146.76,147.65,65798.0
2025-06-20 13:45:00+00:00,147.685,148.48,146.9681,147.7058,183245.0
2025-06-20 13:50:00+00:00,147.72,147.83,147.18,147.255,49699.0
2025-06-20 13:55:00+00:00,147.36,147.36,146.6,146.72,47536.0
2025-06-20 14:00:00+00:00,146.72,147.41,146.661,147.19,40736.0
2025-06-20 14:05:00+00:00,147.195,147.34,146.55,147.1596,55358.0
2025-06-20 14:10:00+00:00,147.105,147.48,146.745,147.3,49884.0
2025-06-20 14:15:00+00:00,147.3425,147.5599,146.79,147.5,39277.0
2025-06-20 14:20:00+00:00,147.465,147.465,146.0301,146.0301,43628.0
2025-06-20 14:25:00+00:00,146.06,146.93,145.59,146.815,42494.0
2025-06-20 14:30:00+00:00,146.8225,147.01,146.61,146.76,28819.0
2025-06-20 14:35:00+00:00,146.685,147.14,146.685,146.8,21866.0
2025-06-20 14:40:00+00:00,146.8,146.91,144.78,144.99,59650.0
2025-06-20 14:45:00+00:00,144.9413,144.9413,144.01,144.16,141876.0
2025-06-20 14:50:00+00:00,144.14,144.3537,143.26,143.51,91878.0
2025-06-20 14:55:00+00:00,143.605,144.6199,143.51,144.025,79031.0
2025-06-20 15:00:00+00:00,143.91,144.419,143.5604,143.9,50442.0
2025-06-20 15:05:00+00:00,143.8658,144.3974,143.76,144.155,45872.0
2025-06-20 15:10:00+00:00,144.25,144.91,144.235,144.85,71678.0
2025-06-20 15:15:00+00:00,144.86,145.12,144.7083,145.045,28726.0
2025-06-20 15:20:00+00:00,145.115,145.115,144.7024,144.8,22434.0
2025-06-20 15:25:00+00:00,144.82,145.34,144.75,144.99,20670.0
2025-06-20 15:30:00+00:00,144.99,145.54,144.95,145.2975,29023.0
2025-06-20 15:35:00+00:00,145.35,145.76,145.35,145.5316,23424.0
2025-06-20 15:40:00+00:00,145.53,145.66,145.26,145.48,17335.0
2025-06-20 15:45:00+00:00,145.5852,145.5852,145.17,145.3299,22628.0
2025-06-20 15:50:00+00:00,145.31,145.44,145.08,145.23,68848.0
2025-06-20 15:55:00+00:00,145.31,145.31,145.0,145.12,23650.0
2025-06-20 16:00:00+00:00,145.2,145.3699,145.04,145.31,12994.0
2025-06-20 16:05:00+00:00,145.28,145.42,145.24,145.34,20975.0
2025-06-20 16:10:00+00:00,145.4,145.75,145.36,145.695,19252.0
2025-06-20 16:15:00+00:00,145.61,145.7832,145.41,145.7,11257.0
2025-06-20 16:20:00+00:00,145.7,145.88,145.62,145.715,24052.0
2025-06-20 16:25:00+00:00,145.765,145.765,145.47,145.49,57086.0
2025-06-20 16:30:00+00:00,145.56,145.73,145.4741,145.5,10115.0
2025-06-20 16:35:00+00:00,145.541,145.63,145.4,145.48,12674.0
2025-06-20 16:40:00+00:00,145.47,145.535,145.21,145.45,11745.0
2025-06-20 16:45:00+00:00,145.47,145.59,145.2056,145.325,13954.0
2025-06-20 16:50:00+00:00,145.3,145.45,145.2784,145.45,6938.0
2025-06-20 16:55:00+00:00,145.45,145.6,145.14,145.225,16324.0
2025-06-20 17:00:00+00:00,145.26,145.4592,145.13,145.21,9256.0
2025-06-20 17:05:00+00:00,145.11,145.1405,144.9195,145.075,21656.0
2025-06-20 17:10:00+00:00,145.055,145.359,144.99,145.27,12930.0
2025-06-20 17:15:00+00:00,145.28,145.53,144.77,144.77,31913.0
2025-06-20 17:20:00+00:00,144.76,144.82,144.59,144.59,9494.0
2025-06-20 17:25:00+00:00,144.5919,144.77,144.0801,144.17,22356.0
2025-06-20 17:30:00+00:00,144.08,144.3,143.95,144.27,17044.0
2025-06-20 17:35:00+00:00,144.27,144.395,143.9901,144.12,12177.0
2025-06-20 17:40:00+00:00,144.1025,144.84,144.05,144.74,17395.0
2025-06-20 17:45:00+00:00,144.7,144.8074,144.56,144.705,11813.0
2025-06-20 17:50:00+00:00,144.7,145.04,144.67,144.95,12049.0
2025-06-20 17:55:00+00:00,144.91,145.08,144.89,145.045,12571.0
2025-06-20 18:00:00+00:00,145.02,145.21,144.95,145.21,14443.0
2025-06-20 18:05:00+00:00,145.185,145.2333,145.08,145.14,12560.0
2025-06-20 18:10:00+00:00,145.17,145.17,144.949,145.0,12745.0
2025-06-20 18:15:00+00:00,145.01,145.32,144.92,145.32,15986.0
2025-06-20 18:20:00+00:00,145.295,145.3,145.11,145.21,16589.0
2025-06-20 18:25:00+00:00,145.255,145.315,145.03,145.09,18954.0
2025-06-20 18:30:00+00:00,145.12,145.27,144.98,145.215,18863.0
2025-06-20 18:35:00+00:00,145.19,145.29,144.97,145.095,14293.0
2025-06-20 18:40:00+00:00,145.02,145.13,144.89,145.005,119086.0
2025-06-20 18:45:00+00:00,144.93,145.03,144.8,144.905,14705.0
2025-06-20 18:50:00+00:00,144.91,144.93,144.82,144.9,9178.0
2025-06-20 18:55:00+00:00,144.85,144.87,144.3001,144.365,25955.0
2025-06-20 19:00:00+00:00,144.365,144.59,144.32,144.52,18840.0
2025-06-20 19:05:00+00:00,144.45,144.83,144.415,144.815,15449.0
2025-06-20 19:10:00+00:00,144.72,144.945,144.705,144.77,18154.0
2025-06-20 19:15:00+00:00,144.77,144.92,144.7,144.92,12656.0
2025-06-20 19:20:00+00:00,144.92,145.15,144.88,145.135,19154.0
2025-06-20 19:25:00+00:00,145.07,145.1,144.74,144.785,24285.0
2025-06-20 19:30:00+00:00,144.84,145.0,144.7601,144.855,19038.0
2025-06-20 19:35:00+00:00,144.8933,144.97,144.82,144.85,23563.0
2025-06-20 19:40:00+00:00,144.875,145.07,144.86,145.05,27510.0
2025-06-20 19:45:00+00:00,145.01,145.05,144.685,144.82,37156.0
2025-06-20 19:50:00+00:00,144.85,145.21,144.73,144.91,75259.0
2025-06-20 19:55:00+00:00,144.99,145.23,144.92,145.05,199256.0
2025-06-20 20:00:00+00:00,145.04,145.06,145.0,145.0,647188.0
2025-06-20 20:05:00+00:00,145.04,145.04,145.04,145.04,571.0
2025-06-20 20:15:00+00:00,145.04,145.04,145.04,145.04,235.0
2025-06-20 20:20:00+00:00,144.7,144.7,144.7,144.7,339.0
2025-06-20 21:00:00+00:00,145.06,145.16,145.04,145.04,866.0
2025-06-20 21:05:00+00:00,144.7432,144.7432,144.7432,144.7432,500.0
2025-06-20 21:15:00+00:00,144.95,144.95,144.8,144.8,867.0
2025-06-20 22:05:00+00:00,145.24,145.24,145.24,145.24,250.0
2025-06-20 22:40:00+00:00,145.2,145.2,145.04,145.04,536.0
2025-06-20 22:45:00+00:00,145.05,145.0501,145.05,145.0501,344.0
2025-06-20 23:00:00+00:00,145.05,145.05,145.05,145.05,144.0
2025-06-20 23:10:00+00:00,145.0,145.0,145.0,145.0,203.0
2025-06-20 23:25:00+00:00,144.85,144.85,144.85,144.85,100.0
2025-06-20 23:50:00+00:00,145.2,145.2,145.2,145.2,2030.0
2025-06-20 23:55:00+00:00,144.95,145.0003,144.95,145.0003,737.0
2025-06-23 08:05:00+00:00,143.96,143.96,143.29,143.87,984.0
2025-06-23 08:10:00+00:00,144.61,145.03,144.61,144.76,2005.0
2025-06-23 09:10:00+00:00,144.34,144.34,144.34,144.34,198.0
2025-06-23 09:45:00+00:00,144.09,144.09,144.09,144.09,155.0
2025-06-23 10:10:00+00:00,144.01,144.01,144.01,144.01,319.0
2025-06-23 10:30:00+00:00,143.72,143.72,143.72,143.72,176.0
2025-06-23 10:40:00+00:00,143.69,143.7,143.67,143.7,1210.0
2025-06-23 10:45:00+00:00,143.57,143.57,143.5,143.5,301.0
2025-06-23 11:00:00+00:00,144.0,144.0,144.0,144.0,259.0
2025-06-23 11:05:00+00:00,143.75,143.75,143.6,143.6,720.0
2025-06-23 11:30:00+00:00,143.79,143.79,143.79,143.79,295.0
2025-06-23 11:40:00+00:00,143.75,143.75,143.7,143.75,1444.0
2025-06-23 11:45:00+00:00,143.7,144.0,143.7,144.0,1359.0
2025-06-23 12:00:00+00:00,143.65,144.678,143.0,144.678,5640.0
2025-06-23 12:10:00+00:00,144.15,144.15,144.15,144.15,108.0
2025-06-23 12:25:00+00:00,144.29,144.29,144.29,144.29,125.0
2025-06-23 12:30:00+00:00,144.15,144.15,144.15,144.15,167.0
2025-06-23 12:40:00+00:00,144.4,144.4,144.4,144.4,402.0
2025-06-23 12:45:00+00:00,144.35,144.35,144.35,144.35,503.0
2025-06-23 12:55:00+00:00,144.8,144.8,144.8,144.8,116.0
2025-06-23 13:00:00+00:00,144.27,145.04,144.27,145.04,8428.0
2025-06-23 13:05:00+00:00,144.25,144.25,144.25,144.25,250.0
2025-06-23 13:10:00+00:00,144.12,144.12,144.12,144.12,1001.0
2025-06-23 13:20:00+00:00,144.01,144.01,143.7592,143.7592,677.0
2025-06-23 13:25:00+00:00,143.78,145.04,143.0,143.0,6994.0
2025-06-23 13:30:00+00:00,143.22,145.2,142.6,144.02,205739.0
2025-06-23 13:35:00+00:00,143.6375,145.0975,143.57,144.68,47137.0
2025-06-23 13:40:00+00:00,144.66,145.25,144.2001,145.225,41163.0
2025-06-23 13:45:00+00:00,145.41,145.65,145.05,145.39,94304.0
2025-06-23 13:50:00+00:00,145.47,145.75,145.3401,145.56,46938.0
2025-06-23 13:55:00+00:00,145.56,146.07,145.43,145.9685,57091.0
2025-06-23 14:00:00+00:00,146.05,147.2,146.05,147.01,93717.0
2025-06-23 14:05:00+00:00,147.09,148.19,147.0,147.883,119598.0
2025-06-23 14:10:00+00:00,147.8327,148.15,147.41,147.55,94473.0
2025-06-23 14:15:00+00:00,147.54,147.86,147.2227,147.3425,74965.0
2025-06-23 14:20:00+00:00,147.45,147.725,147.1915,147.375,43061.0
2025-06-23 14:25:00+00:00,147.45,147.69,147.24,147.45,47108.0
2025-06-23 14:30:00+00:00,147.57,147.6,147.19,147.21,38602.0
2025-06-23 14:35:00+00:00,147.29,147.29,146.97,147.12,58313.0
2025-06-23 14:40:00+00:00,147.1,147.4446,146.98,147.09,50537.0
2025-06-23 14:45:00+00:00,147.16,147.39,146.89,147.345,24809.0
2025-06-23 14:50:00+00:00,147.34,147.51,147.29,147.41,24597.0
2025-06-23 14:55:00+00:00,147.37,147.54,147.08,147.08,38084.0
2025-06-23 15:00:00+00:00,147.095,147.5,147.09,147.42,25808.0
2025-06-23 15:05:00+00:00,147.405,147.55,147.04,147.135,35694.0
2025-06-23 15:10:00+00:00,147.13,147.3091,146.81,146.93,21716.0
2025-06-23 15:15:00+00:00,146.93,147.08,146.72,146.97,28847.0
2025-06-23 15:20:00+00:00,146.925,147.0,146.6602,146.86,63158.0
2025-06-23 15:25:00+00:00,146.71,146.83,146.445,146.455,23898.0
2025-06-23 15:30:00+00:00,146.53,147.07,146.47,146.95,23245.0
2025-06-23 15:35:00+00:00,146.94,147.0,146.6364,146.79,16963.0
2025-06-23 15:40:00+00:00,146.755,147.0278,146.45,147.0278,25988.0
2025-06-23 15:45:00+00:00,146.98,147.02,146.74,146.8757,9541.0
2025-06-23 15:50:00+00:00,146.8688,146.95,146.55,146.79,16804.0
2025-06-23 15:55:00+00:00,146.7,146.96,146.6442,146.685,14605.0
2025-06-23 16:00:00+00:00,146.6775,146.72,146.25,146.25,46440.0
2025-06-23 16:05:00+00:00,146.27,146.38,146.1508,146.195,52812.0
2025-06-23 16:10:00+00:00,146.195,146.5999,146.14,146.49,18302.0
2025-06-23 16:15:00+00:00,146.45,146.545,145.85,146.126,26116.0
2025-06-23 16:20:00+00:00,146.1,146.1,145.41,145.48,23512.0
2025-06-23 16:25:00+00:00,145.45,145.48,145.0,145.1,40801.0
2025-06-23 16:30:00+00:00,145.09,145.12,144.23,144.33,37445.0
2025-06-23 16:35:00+00:00,144.2475,144.64,143.6,144.64,50426.0
2025-06-23 16:40:00+00:00,144.48,145.65,144.27,145.47,40432.0
2025-06-23 16:45:00+00:00,145.515,145.74,144.79,145.14,24234.0
2025-06-23 16:50:00+00:00,145.075,145.115,144.6101,145.015,24013.0
2025-06-23 16:55:00+00:00,144.92,145.0,144.42,144.4672,33759.0
2025-06-23 17:00:00+00:00,144.48,145.24,144.29,145.15,31070.0
2025-06-23 17:05:00+00:00,145.14,145.56,144.95,145.47,27507.0
2025-06-23 17:10:00+00:00,145.49,145.8899,145.28,145.56,26318.0
2025-06-23 17:15:00+00:00,145.515,145.93,145.445,145.8975,24014.0
2025-06-23 17:20:00+00:00,145.89,146.24,145.87,146.175,25548.0
2025-06-23 17:25:00+00:00,146.17,146.74,146.015,146.5712,29455.0
2025-06-23 17:30:00+00:00,146.74,146.94,146.5801,146.63,21758.0
2025-06-23 17:35:00+00:00,146.65,147.25,146.5601,147.2,49896.0
2025-06-23 17:40:00+00:00,147.2,147.22,146.5919,146.86,19794.0
2025-06-23 17:45:00+00:00,146.99,147.28,146.99,147.145,26958.0
2025-06-23 17:50:00+00:00,147.1675,147.18,146.78,146.78,22780.0
2025-06-23 17:55:00+00:00,146.795,147.15,146.78,147.01,14302.0
2025-06-23 18:00:00+00:00,147.09,147.41,147.02,147.295,27711.0
2025-06-23 18:05:00+00:00,147.31,147.6645,147.24,147.27,29984.0
2025-06-23 18:10:00+00:00,147.27,147.6,147.27,147.545,21737.0
2025-06-23 18:15:00+00:00,147.51,147.72,147.47,147.675,36137.0
2025-06-23 18:20:00+00:00,147.74,147.95,147.6001,147.77,83276.0
2025-06-23 18:25:00+00:00,147.77,148.0,147.47,147.515,60108.0
2025-06-23 18:30:00+00:00,147.515,147.79,147.515,147.78,31243.0
2025-06-23 18:35:00+00:00,147.75,148.18,147.75,148.0999,74597.0
2025-06-23 18:40:00+00:00,148.09,148.2,148.015,148.165,44211.0
2025-06-23 18:45:00+00:00,148.16,148.2815,148.07,148.12,66574.0
2025-06-23 18:50:00+00:00,148.14,148.14,147.76,147.9751,33711.0
2025-06-23 18:55:00+00:00,147.925,148.21,147.89,148.11,28464.0
2025-06-23 19:00:00+00:00,148.11,148.69,148.11,148.51,96826.0
2025-06-23 19:05:00+00:00,148.5275,148.95,148.41,148.925,90917.0
2025-06-23 19:10:00+00:00,148.935,148.99,148.75,148.79,31630.0
2025-06-23 19:15:00+00:00,148.79,148.79,148.427,148.5,35816.0
2025-06-23 19:20:00+00:00,148.44,148.62,148.3925,148.62,28603.0
2025-06-23 19:25:00+00:00,148.66,148.8399,148.53,148.72,40899.0
2025-06-23 19:30:00+00:00,148.72,148.81,148.58,148.785,35526.0
2025-06-23 19:35:00+00:00,148.785,148.8,148.31,148.54,61570.0
2025-06-23 19:40:00+00:00,148.565,148.8,148.52,148.5828,55619.0
2025-06-23 19:45:00+00:00,148.58,148.925,148.4,148.89,69207.0
2025-06-23 19:50:00+00:00,148.89,149.54,148.81,149.355,214394.0
2025-06-23 19:55:00+00:00,149.32,149.59,149.19,149.311,381004.0
2025-06-23 20:00:00+00:00,149.33,149.6,149.08,149.6,227499.0
2025-06-23 20:05:00+00:00,149.21,149.64,148.99,149.07,453001.0
2025-06-23 20:10:00+00:00,148.9762,148.9762,148.9762,148.9762,223.0
2025-06-23 20:15:00+00:00,149.5,149.55,149.43,149.55,1903.0
2025-06-23 20:20:00+00:00,149.4,149.55,149.4,149.45,4828.0
2025-06-23 20:25:00+00:00,149.4877,149.4877,149.4877,149.4877,350.0
2025-06-23 20:30:00+00:00,149.3,149.3,149.3,149.3,105.0
2025-06-23 20:35:00+00:00,149.12,149.12,148.9595,148.9595,7073.0
2025-06-23 20:40:00+00:00,148.97,148.97,148.97,148.97,355.0
2025-06-23 20:50:00+00:00,149.3862,149.3867,149.3862,149.3867,889.0
2025-06-23 20:55:00+00:00,149.39,149.39,149.39,149.39,143.0
2025-06-23 21:00:00+00:00,148.97,148.97,148.97,148.97,128.0
2025-06-23 21:05:00+00:00,149.01,149.01,149.01,149.01,200.0
2025-06-23 21:15:00+00:00,149.3,149.3,149.3,149.3,526.0
2025-06-23 21:20:00+00:00,149.3,149.3,149.3,149.3,250.0
2025-06-23 21:25:00+00:00,148.71,148.71,148.71,148.71,310.0
2025-06-23 21:40:00+00:00,149.0,149.0,149.0,149.0,999.0
2025-06-23 22:00:00+00:00,149.34,149.4,149.34,149.4,629.0
2025-06-23 22:05:00+00:00,149.55,149.66,149.48,149.66,2781.0
2025-06-23 22:10:00+00:00,149.66,149.88,149.64,149.88,4817.0
2025-06-23 22:15:00+00:00,149.88,149.95,149.88,149.95,1610.0
2025-06-23 22:20:00+00:00,150.0,150.23,149.95,150.23,11111.0
2025-06-23 22:25:00+00:00,150.25,150.3,150.02,150.22,2353.0
2025-06-23 22:30:00+00:00,150.29,150.4,150.27,150.4,1602.0
2025-06-23 22:35:00+00:00,150.21,150.45,150.21,150.45,2233.0
2025-06-23 22:40:00+00:00,150.48,150.6,150.48,150.5,5399.0
2025-06-23 22:45:00+00:00,150.65,150.65,150.25,150.25,899.0
2025-06-23 22:50:00+00:00,150.17,150.17,150.17,150.17,207.0
2025-06-23 22:55:00+00:00,150.1,150.22,150.1,150.22,1411.0
2025-06-23 23:00:00+00:00,150.24,150.6,150.24,150.6,2836.0
2025-06-23 23:05:00+00:00,150.5,150.5,150.5,150.5,156.0
2025-06-23 23:15:00+00:00,150.5,150.5,150.5,150.5,223.0
2025-06-23 23:20:00+00:00,150.55,150.6,150.3999,150.4999,1997.0
2025-06-23 23:25:00+00:00,150.3682,150.55,150.3682,150.55,352.0
2025-06-23 23:30:00+00:00,150.66,151.2,150.66,151.2,3975.0
2025-06-23 23:35:00+00:00,151.02,151.21,151.02,151.21,903.0
2025-06-23 23:40:00+00:00,151.28,152.0,151.0,151.99,2799.0
2025-06-23 23:45:00+00:00,151.5,152.0,151.5,151.68,4411.0
2025-06-23 23:50:00+00:00,151.66,151.69,151.59,151.65,2860.0
2025-06-23 23:55:00+00:00,151.78,151.99,151.78,151.99,3512.0
2025-06-24 08:00:00+00:00,151.99,152.0,151.96,152.0,1507.0
2025-06-24 08:05:00+00:00,151.89,151.99,151.89,151.99,1191.0
2025-06-24 08:10:00+00:00,151.9,152.0,151.9,152.0,2449.0
2025-06-24 08:20:00+00:00,151.61,151.61,151.61,151.61,382.0
2025-06-24 08:30:00+00:00,151.77,151.77,151.77,151.77,541.0
2025-06-24 08:40:00+00:00,151.5,151.5,151.24,151.26,1957.0
2025-06-24 08:45:00+00:00,151.32,151.32,151.3,151.3,330.0
2025-06-24 09:00:00+00:00,151.4,151.4,151.4,151.4,103.0
2025-06-24 09:05:00+00:00,151.46,151.49,151.46,151.49,550.0
2025-06-24 09:10:00+00:00,151.47,151.47,151.47,151.47,238.0
2025-06-24 09:40:00+00:00,151.77,151.77,151.77,151.77,542.0
2025-06-24 09:50:00+00:00,151.55,151.55,151.55,151.55,419.0
2025-06-24 10:00:00+00:00,151.58,151.58,151.58,151.58,1000.0
2025-06-24 10:10:00+00:00,151.48,151.5,151.48,151.5,1145.0
2025-06-24 10:25:00+00:00,151.4,151.5,151.4,151.5,676.0
2025-06-24 10:30:00+00:00,151.25,151.6,151.25,151.6,4059.0
2025-06-24 10:35:00+00:00,151.6,151.6,151.6,151.6,161.0
2025-06-24 10:40:00+00:00,151.7,151.7,151.7,151.7,152.0
2025-06-24 10:45:00+00:00,151.78,151.8,151.78,151.8,577.0
2025-06-24 11:00:00+00:00,151.5,151.77,151.41,151.77,1044.0
2025-06-24 11:05:00+00:00,151.47,151.47,151.47,151.47,717.0
2025-06-24 11:10:00+00:00,151.45,151.45,151.25,151.25,1380.0
2025-06-24 11:15:00+00:00,151.35,151.35,151.35,151.35,100.0
2025-06-24 11:20:00+00:00,151.3,151.3,151.25,151.3,1090.0
2025-06-24 11:35:00+00:00,151.75,151.75,151.75,151.75,150.0
2025-06-24 11:45:00+00:00,151.73,151.73,151.73,151.73,515.0
2025-06-24 11:55:00+00:00,151.9,152.0,151.9,152.0,2636.0
2025-06-24 12:00:00+00:00,152.0,152.3,151.25,152.0,24193.0
2025-06-24 12:05:00+00:00,151.9,152.0,151.85,151.85,798.0
2025-06-24 12:10:00+00:00,151.7,151.7,151.6,151.6,1533.0
2025-06-24 12:15:00+00:00,151.51,151.9999,151.51,151.9999,593.0
2025-06-24 12:20:00+00:00,151.69,151.8,151.25,151.25,6702.0
2025-06-24 12:25:00+00:00,151.25,151.25,151.25,151.25,626.0
2025-06-24 12:30:00+00:00,151.4,151.4,151.15,151.15,1802.0
2025-06-24 12:35:00+00:00,151.37,151.39,151.37,151.39,860.0
2025-06-24 12:40:00+00:00,151.45,151.45,151.3,151.36,1449.0
2025-06-24 12:45:00+00:00,151.4,151.4,151.305,151.305,813.0
2025-06-24 12:50:00+00:00,151.3,151.4991,151.3,151.4,1140.0
2025-06-24 12:55:00+00:00,151.48,151.65,151.48,151.65,1618.0
2025-06-24 13:00:00+00:00,151.66,151.66,151.66,151.66,298.0
2025-06-24 13:10:00+00:00,151.55,151.66,151.5102,151.59,3361.0
2025-06-24 13:15:00+00:00,151.59,151.76,151.59,151.76,1603.0
2025-06-24 13:20:00+00:00,151.5,151.7976,151.5,151.55,2650.0
2025-06-24 13:25:00+00:00,150.6,151.35,150.5,150.58,34553.0
2025-06-24 13:30:00+00:00,151.23,152.4168,150.9,151.5487,305514.0
2025-06-24 13:35:00+00:00,151.6138,152.4,151.5388,152.235,107204.0
2025-06-24 13:40:00+00:00,152.15,153.6,152.15,153.57,182705.0
2025-06-24 13:45:00+00:00,153.5201,154.0,153.38,153.43,91704.0
2025-06-24 13:50:00+00:00,153.445,153.52,152.92,152.92,61930.0
2025-06-24 13:55:00+00:00,153.0,153.0,152.33,152.83,52480.0
2025-06-24 14:00:00+00:00,152.76,153.39,152.76,153.39,51526.0
2025-06-24 14:05:00+00:00,153.44,153.7574,153.0,153.25,64173.0
2025-06-24 14:10:00+00:00,153.28,153.28,152.8956,153.141,34850.0
2025-06-24 14:15:00+00:00,153.09,153.53,153.09,153.3799,40404.0
2025-06-24 14:20:00+00:00,153.3,153.73,153.2,153.38,58906.0
2025-06-24 14:25:00+00:00,153.3,153.65,152.94,153.35,38383.0
2025-06-24 14:30:00+00:00,153.32,153.92,153.31,153.822,52534.0
2025-06-24 14:35:00+00:00,153.835,154.14,153.557,153.65,103826.0
2025-06-24 14:40:00+00:00,153.62,154.44,153.5,154.33,59109.0
2025-06-24 14:45:00+00:00,154.3455,154.49,154.2509,154.415,67407.0
2025-06-24 14:50:00+00:00,154.415,154.84,154.1101,154.77,122621.0
2025-06-24 14:55:00+00:00,154.74,154.75,153.955,154.255,67395.0
2025-06-24 15:00:00+00:00,154.2404,155.18,154.2404,155.125,135811.0
2025-06-24 15:05:00+00:00,155.15,155.48,154.9,155.34,83356.0
2025-06-24 15:10:00+00:00,155.34,155.5,154.91,154.945,70219.0
2025-06-24 15:15:00+00:00,154.95,155.0999,154.8,154.98,53847.0
2025-06-24 15:20:00+00:00,154.93,155.4045,154.8401,155.29,38754.0
2025-06-24 15:25:00+00:00,155.32,155.3847,155.1001,155.345,40597.0
2025-06-24 15:30:00+00:00,155.345,155.5108,155.22,155.42,68207.0
2025-06-24 15:35:00+00:00,155.44,155.46,154.86,155.1543,43256.0
2025-06-24 15:40:00+00:00,155.105,155.16,154.68,154.705,38108.0
2025-06-24 15:45:00+00:00,154.67,154.78,154.47,154.695,46268.0
2025-06-24 15:50:00+00:00,154.56,154.71,154.2,154.3646,40343.0
2025-06-24 15:55:00+00:00,154.3,154.41,153.94,154.065,53343.0
2025-06-24 16:00:00+00:00,154.0702,154.66,154.065,154.4551,42525.0
2025-06-24 16:05:00+00:00,154.48,154.6556,154.33,154.56,40161.0
2025-06-24 16:10:00+00:00,154.4731,154.57,154.3101,154.55,21476.0
2025-06-24 16:15:00+00:00,154.3987,154.6765,154.34,154.59,36771.0
2025-06-24 16:20:00+00:00,154.55,155.09,154.526,155.09,33843.0
2025-06-24 16:25:00+00:00,155.115,155.365,155.0801,155.3059,43239.0
2025-06-24 16:30:00+00:00,155.31,155.87,155.29,155.82,71346.0
2025-06-24 16:35:00+00:00,155.83,156.07,155.73,156.02,68968.0
2025-06-24 16:40:00+00:00,155.9351,156.08,155.85,155.98,45237.0
2025-06-24 16:45:00+00:00,156.0,156.09,155.56,155.69,66634.0
2025-06-24 16:50:00+00:00,155.695,155.83,155.6,155.78,53012.0
2025-06-24 16:55:00+00:00,155.79,155.87,155.5001,155.83,44104.0
2025-06-24 17:00:00+00:00,155.77,155.96,155.77,155.84,39109.0
2025-06-24 17:05:00+00:00,155.85,155.88,155.5,155.52,20980.0
2025-06-24 17:10:00+00:00,155.51,155.75,155.5048,155.745,19236.0
2025-06-24 17:15:00+00:00,155.745,155.86,155.54,155.555,28452.0
2025-06-24 17:20:00+00:00,155.56,155.625,155.0812,155.13,41788.0
2025-06-24 17:25:00+00:00,155.08,155.352,155.0501,155.28,18827.0
2025-06-24 17:30:00+00:00,155.29,155.64,155.29,155.61,29506.0
2025-06-24 17:35:00+00:00,155.58,155.59,155.4,155.465,19309.0
2025-06-24 17:40:00+00:00,155.5,155.65,155.48,155.57,34811.0
2025-06-24 17:45:00+00:00,155.64,155.79,155.57,155.7442,16482.0
2025-06-24 17:50:00+00:00,155.75,155.8,155.596,155.77,19124.0
2025-06-24 17:55:00+00:00,155.72,155.78,155.62,155.74,18032.0
2025-06-24 18:00:00+00:00,155.7,156.06,155.7,156.05,31872.0
2025-06-24 18:05:00+00:00,156.05,156.2593,156.05,156.2593,29910.0
2025-06-24 18:10:00+00:00,156.27,156.32,156.11,156.19,33404.0
2025-06-24 18:15:00+00:00,156.2,156.6,156.2,156.4,55138.0
2025-06-24 18:20:00+00:00,156.44,156.63,156.44,156.575,29532.0
2025-06-24 18:25:00+00:00,156.57,156.7206,156.51,156.57,46541.0
2025-06-24 18:30:00+00:00,156.59,156.67,156.42,156.59,24795.0
2025-06-24 18:35:00+00:00,156.5703,156.71,156.48,156.48,28465.0
2025-06-24 18:40:00+00:00,156.4724,156.77,156.44,156.72,31844.0
2025-06-24 18:45:00+00:00,156.69,156.79,156.66,156.69,31970.0
2025-06-24 18:50:00+00:00,156.71,156.75,156.5201,156.68,32094.0
2025-06-24 18:55:00+00:00,156.66,156.81,156.59,156.755,26285.0
2025-06-24 19:00:00+00:00,156.8,157.23,156.8,156.9663,98945.0
2025-06-24 19:05:00+00:00,157.01,157.1203,156.85,156.97,60054.0
2025-06-24 19:10:00+00:00,156.94,156.94,156.6625,156.89,34628.0
2025-06-24 19:15:00+00:00,156.87,156.9,156.71,156.75,34975.0
2025-06-24 19:20:00+00:00,156.75,156.9,156.69,156.83,81147.0
2025-06-24 19:25:00+00:00,156.85,156.96,156.3195,156.3195,50762.0
2025-06-24 19:30:00+00:00,156.3,156.68,156.3,156.51,56236.0
2025-06-24 19:35:00+00:00,156.59,156.59,156.05,156.08,68597.0
2025-06-24 19:40:00+00:00,156.14,156.5665,156.0616,156.5665,94921.0
2025-06-24 19:45:00+00:00,156.55,156.84,156.47,156.73,119620.0
2025-06-24 19:50:00+00:00,156.69,157.19,156.69,156.89,241005.0
2025-06-24 19:55:00+00:00,156.9,157.135,156.36,156.37,578782.0
2025-06-24 20:00:00+00:00,156.41,156.41,156.2263,156.3,352845.0
2025-06-24 20:05:00+00:00,156.21,156.55,156.21,156.2137,6001.0
2025-06-24 20:10:00+00:00,156.42,156.42,156.42,156.42,524.0
2025-06-24 20:15:00+00:00,156.395,156.395,156.2,156.2113,2320.0
2025-06-24 20:20:00+00:00,156.22,156.36,156.22,156.3599,2109.0
2025-06-24 20:25:00+00:00,156.3365,156.3365,156.2,156.2494,745.0
2025-06-24 20:30:00+00:00,156.01,156.14,156.0,156.02,2648.0
2025-06-24 20:35:00+00:00,155.95,156.0,155.95,156.0,1512.0
2025-06-24 20:45:00+00:00,156.23,156.25,156.23,156.25,553.0
2025-06-24 21:00:00+00:00,156.11,156.11,156.11,156.11,386.0
2025-06-24 21:10:00+00:00,156.36,156.36,156.36,156.36,625.0
2025-06-24 21:15:00+00:00,156.17,156.2,156.17,156.2,272.0
2025-06-24 21:40:00+00:00,156.11,156.11,156.02,156.02,310.0
2025-06-24 21:45:00+00:00,156.15,156.15,156.15,156.15,250.0
2025-06-24 21:50:00+00:00,156.0,156.0,156.0,156.0,125.0
2025-06-24 21:55:00+00:00,156.1,156.1,156.1,156.1,113.0
2025-06-24 22:05:00+00:00,155.97,155.97,155.97,155.97,307.0
2025-06-24 22:10:00+00:00,155.8,156.0,155.8,156.0,989.0
2025-06-24 22:15:00+00:00,155.7501,155.7501,155.75,155.75,350.0
2025-06-24 22:20:00+00:00,155.9997,156.25,155.9997,156.2,2448.0
2025-06-24 22:30:00+00:00,156.05,156.05,156.05,156.05,371.0
2025-06-24 22:35:00+00:00,156.0,156.0001,156.0,156.0001,2167.0
2025-06-24 22:50:00+00:00,156.05,156.05,156.05,156.05,100.0
2025-06-24 22:55:00+00:00,156.0,156.08,156.0,156.08,418.0
2025-06-24 23:00:00+00:00,156.14,156.14,156.14,156.14,240.0
2025-06-24 23:15:00+00:00,156.14,156.14,156.14,156.14,300.0
2025-06-24 23:30:00+00:00,156.4,156.4,156.4,156.4,237.0
2025-06-24 23:35:00+00:00,156.14,156.3,156.14,156.3,412.0
2025-06-24 23:40:00+00:00,156.14,156.41,156.14,156.41,625.0
2025-06-24 23:50:00+00:00,156.69,156.69,156.69,156.69,165.0
2025-06-24 23:55:00+00:00,156.69,156.69,156.69,156.69,1000.0
2025-06-25 08:00:00+00:00,156.74,156.75,156.74,156.75,602.0
2025-06-25 08:10:00+00:00,156.4,156.4,156.4,156.4,681.0
2025-06-25 08:15:00+00:00,156.32,156.69,156.3,156.69,1530.0
2025-06-25 08:30:00+00:00,156.31,156.31,156.3,156.3,500.0
2025-06-25 08:55:00+00:00,156.6,156.65,156.6,156.65,1193.0
2025-06-25 09:00:00+00:00,156.7,156.75,156.7,156.75,708.0
2025-06-25 09:20:00+00:00,156.75,156.85,156.75,156.85,664.0
2025-06-25 09:30:00+00:00,156.61,156.61,156.61,156.61,100.0
2025-06-25 09:45:00+00:00,156.75,156.75,156.75,156.75,200.0
2025-06-25 09:50:00+00:00,156.73,156.73,156.7,156.7,876.0
2025-06-25 09:55:00+00:00,156.59,156.59,156.59,156.59,101.0
2025-06-25 10:05:00+00:00,156.4,156.4,156.4,156.4,120.0
2025-06-25 10:35:00+00:00,156.79,156.79,156.79,156.79,771.0
2025-06-25 10:45:00+00:00,156.56,156.56,156.5,156.5,541.0
2025-06-25 10:50:00+00:00,156.51,156.51,156.01,156.01,849.0
2025-06-25 11:00:00+00:00,156.58,156.58,156.58,156.58,568.0
2025-06-25 11:20:00+00:00,156.66,156.66,156.66,156.66,100.0
2025-06-25 11:25:00+00:00,156.66,156.66,156.66,156.66,1550.0
2025-06-25 11:30:00+00:00,156.66,156.66,156.66,156.66,907.0
2025-06-25 11:40:00+00:00,156.6,156.6,156.6,156.6,373.0
2025-06-25 11:45:00+00:00,156.7,156.7,156.7,156.7,2636.0
2025-06-25 11:50:00+00:00,156.85,157.0,156.77,157.0,4532.0
2025-06-25 12:00:00+00:00,156.85,157.1468,156.019,157.1468,5284.0
2025-06-25 12:05:00+00:00,156.95,157.15,156.95,157.15,692.0
2025-06-25 12:10:00+00:00,157.0178,157.0178,157.0178,157.0178,264.0
2025-06-25 12:15:00+00:00,157.09,157.15,156.833,156.97,6435.0
2025-06-25 12:20:00+00:00,157.0,157.1499,156.77,156.77,791.0
2025-06-25 12:25:00+00:00,156.95,156.96,156.95,156.96,1663.0
2025-06-25 12:30:00+00:00,157.0,157.0,157.0,157.0,1255.0
2025-06-25 12:35:00+00:00,156.7,156.88,156.613,156.88,1056.0
2025-06-25 12:40:00+00:00,156.63,156.63,156.62,156.62,413.0
2025-06-25 12:45:00+00:00,156.69,156.69,156.65,156.65,1016.0
2025-06-25 12:55:00+00:00,156.77,157.2,156.77,157.2,6938.0
2025-06-25 13:00:00+00:00,157.14,157.14,157.14,157.14,504.0
2025-06-25 13:05:00+00:00,157.15,157.96,156.99,157.94,13923.0
2025-06-25 13:10:00+00:00,158.0,158.0,157.66,157.66,1474.0
2025-06-25 13:15:00+00:00,157.97,157.97,157.5,157.8,2906.0
2025-06-25 13:20:00+00:00,157.5,157.6395,157.3,157.55,1218.0
2025-06-25 13:25:00+00:00,156.61,157.2,156.5,157.2,9477.0
2025-06-25 13:30:00+00:00,157.11,159.75,157.11,159.45,364018.0
2025-06-25 13:35:00+00:00,159.465,159.57,158.0201,158.635,100835.0
2025-06-25 13:40:00+00:00,158.76,159.4789,158.26,159.0452,122048.0
2025-06-25 13:45:00+00:00,159.1159,159.2499,157.3,157.38,79066.0
2025-06-25 13:50:00+00:00,157.27,157.5212,156.68,157.29,61024.0
2025-06-25 13:55:00+00:00,157.271,157.8384,156.8981,156.99,51416.0
2025-06-25 14:00:00+00:00,157.0904,157.8,156.9472,157.8,95167.0
2025-06-25 14:05:00+00:00,157.83,158.12,157.53,157.655,56867.0
2025-06-25 14:10:00+00:00,157.655,157.86,157.32,157.465,44607.0
2025-06-25 14:15:00+00:00,157.52,157.75,157.4,157.72,33691.0
2025-06-25 14:20:00+00:00,157.7416,158.0981,157.57,157.99,53513.0
2025-06-25 14:25:00+00:00,157.93,158.23,157.845,158.23,56826.0
2025-06-25 14:30:00+00:00,158.25,158.77,158.2113,158.75,65739.0
2025-06-25 14:35:00+00:00,158.76,159.36,158.68,158.74,78277.0
2025-06-25 14:40:00+00:00,158.65,159.48,158.52,159.39,96102.0
2025-06-25 14:45:00+00:00,159.42,159.47,158.71,158.78,71420.0
2025-06-25 14:50:00+00:00,158.85,159.1416,158.38,158.94,60876.0
2025-06-25 14:55:00+00:00,158.8828,159.1599,158.7821,158.902,31705.0
2025-06-25 15:00:00+00:00,158.925,159.0053,158.425,158.5182,38591.0
2025-06-25 15:05:00+00:00,158.425,158.47,158.1052,158.18,46106.0
2025-06-25 15:10:00+00:00,158.17,158.47,158.14,158.21,30391.0
2025-06-25 15:15:00+00:00,158.205,158.5055,158.075,158.425,43888.0
2025-06-25 15:20:00+00:00,158.47,158.7086,158.35,158.6268,38449.0
2025-06-25 15:25:00+00:00,158.68,158.89,158.655,158.82,23723.0
2025-06-25 15:30:00+00:00,158.8583,158.86,158.2901,158.47,51144.0
2025-06-25 15:35:00+00:00,158.5,158.79,158.275,158.695,50035.0
2025-06-25 15:40:00+00:00,158.66,158.89,158.59,158.75,27271.0
2025-06-25 15:45:00+00:00,158.755,159.12,158.68,158.97,50616.0
2025-06-25 15:50:00+00:00,159.02,159.4499,158.91,159.32,32942.0
2025-06-25 15:55:00+00:00,159.3,159.37,159.07,159.115,42099.0
2025-06-25 16:00:00+00:00,159.0821,159.37,159.0821,159.125,33257.0
2025-06-25 16:05:00+00:00,159.125,159.335,158.6404,158.725,32023.0
2025-06-25 16:10:00+00:00,158.74,159.23,158.65,159.17,29778.0
2025-06-25 16:15:00+00:00,159.12,159.18,158.94,158.97,24016.0
2025-06-25 16:20:00+00:00,158.9,159.1,158.6301,159.08,24429.0
2025-06-25 16:25:00+00:00,159.06,159.5247,159.05,159.455,43265.0
2025-06-25 16:30:00+00:00,159.455,159.595,159.39,159.48,42631.0
2025-06-25 16:35:00+00:00,159.48,159.68,159.365,159.68,26507.0
2025-06-25 16:40:00+00:00,159.69,159.88,159.58,159.76,54994.0
2025-06-25 16:45:00+00:00,159.79,159.82,159.51,159.655,33999.0
2025-06-25 16:50:00+00:00,159.6525,159.8,159.4486,159.48,72558.0
2025-06-25 16:55:00+00:00,159.47,159.58,159.19,159.345,82948.0
2025-06-25 17:00:00+00:00,159.35,159.48,159.27,159.29,57950.0
2025-06-25 17:05:00+00:00,159.28,159.55,159.15,159.25,63159.0
2025-06-25 17:10:00+00:00,159.27,159.4,159.2,159.32,32947.0
2025-06-25 17:15:00+00:00,159.39,159.708,159.39,159.59,26342.0
2025-06-25 17:20:00+00:00,159.65,159.72,159.47,159.6396,48867.0
2025-06-25 17:25:00+00:00,159.65,159.88,159.65,159.84,44514.0
2025-06-25 17:30:00+00:00,159.8,159.82,159.1,159.22,57128.0
2025-06-25 17:35:00+00:00,159.22,159.38,158.8,159.275,99907.0
2025-06-25 17:40:00+00:00,159.265,159.265,158.73,159.0325,35313.0
2025-06-25 17:45:00+00:00,158.96,159.1,158.74,158.76,30670.0
2025-06-25 17:50:00+00:00,158.71,158.85,158.5407,158.6,47786.0
2025-06-25 17:55:00+00:00,158.57,158.745,158.33,158.645,28985.0
2025-06-25 18:00:00+00:00,158.645,158.645,158.0,158.23,38122.0
2025-06-25 18:05:00+00:00,158.32,158.43,158.25,158.28,12650.0
2025-06-25 18:10:00+00:00,158.25,158.32,158.1801,158.28,30803.0
2025-06-25 18:15:00+00:00,158.26,158.42,158.19,158.36,26263.0
2025-06-25 18:20:00+00:00,158.42,158.55,158.34,158.47,37495.0
2025-06-25 18:25:00+00:00,158.47,158.49,158.0,158.42,35096.0
2025-06-25 18:30:00+00:00,158.38,158.38,158.0255,158.085,23357.0
2025-06-25 18:35:00+00:00,158.085,158.15,157.85,157.915,37120.0
2025-06-25 18:40:00+00:00,157.87,157.96,157.815,157.865,20458.0
2025-06-25 18:45:00+00:00,157.87,157.93,157.73,157.795,18878.0
2025-06-25 18:50:00+00:00,157.85,158.07,157.85,157.93,18891.0
2025-06-25 18:55:00+00:00,157.93,158.09,157.88,157.9615,30750.0
2025-06-25 19:00:00+00:00,157.96,158.19,157.96,158.13,23172.0
2025-06-25 19:05:00+00:00,158.09,158.16,158.0,158.12,32200.0
2025-06-25 19:10:00+00:00,158.11,158.23,158.03,158.23,28142.0
2025-06-25 19:15:00+00:00,158.1706,158.2206,157.69,157.93,50306.0
2025-06-25 19:20:00+00:00,157.935,157.935,157.606,157.606,43837.0
2025-06-25 19:25:00+00:00,157.61,157.78,157.58,157.62,71411.0
2025-06-25 19:30:00+00:00,157.64,157.705,157.25,157.52,56059.0
2025-06-25 19:35:00+00:00,157.515,157.59,157.355,157.505,44366.0
2025-06-25 19:40:00+00:00,157.54,157.85,157.54,157.575,46892.0
2025-06-25 19:45:00+00:00,157.575,157.68,156.935,156.935,63835.0
2025-06-25 19:50:00+00:00,157.01,157.17,156.78,157.08,164431.0
2025-06-25 19:55:00+00:00,157.03,157.41,156.83,157.29,275684.0
2025-06-25 20:00:00+00:00,157.284,157.99,157.0247,157.0247,214503.0
2025-06-25 20:05:00+00:00,157.99,158.5,157.31,157.31,2912.0
2025-06-25 20:10:00+00:00,158.0,158.0,157.8002,157.8002,388.0
2025-06-25 20:15:00+00:00,157.95,157.95,157.95,157.95,286.0
2025-06-25 20:20:00+00:00,157.6,157.6,157.6,157.6,580.0
2025-06-25 20:45:00+00:00,157.31,157.31,157.31,157.31,692.0
2025-06-25 21:00:00+00:00,157.9643,157.9643,157.9643,157.9643,350.0
2025-06-25 21:10:00+00:00,157.62,157.62,157.62,157.62,100.0
2025-06-25 21:30:00+00:00,157.5,157.5,157.4991,157.4991,270.0
2025-06-25 21:45:00+00:00,157.33,157.33,157.3,157.3,2819.0
2025-06-25 21:50:00+00:00,157.4804,157.4804,157.4804,157.4804,500.0
2025-06-25 22:20:00+00:00,157.0155,157.0155,157.0155,157.0155,300.0
2025-06-25 22:30:00+00:00,157.0036,157.0036,157.0036,157.0036,850.0
2025-06-25 22:45:00+00:00,157.3369,157.3369,157.3369,157.3369,180.0
2025-06-25 23:05:00+00:00,157.0,157.0,157.0,157.0,7017.0
2025-06-25 23:15:00+00:00,157.3,157.3,157.3,157.3,100.0
2025-06-25 23:30:00+00:00,157.0027,157.0027,157.0027,157.0027,175.0
2025-06-26 08:00:00+00:00,157.53,158.0,157.53,158.0,3770.0
2025-06-26 08:05:00+00:00,158.01,158.2,158.0,158.02,2894.0
2025-06-26 08:10:00+00:00,158.02,158.2,158.02,158.2,502.0
2025-06-26 08:15:00+00:00,158.2,158.2,158.02,158.02,1781.0
2025-06-26 08:20:00+00:00,158.2,158.34,158.2,158.34,942.0
2025-06-26 08:25:00+00:00,158.3,158.35,158.3,158.35,3849.0
2025-06-26 08:40:00+00:00,158.44,158.44,158.44,158.44,159.0
2025-06-26 08:55:00+00:00,158.4,158.4,158.4,158.4,903.0
2025-06-26 09:15:00+00:00,158.5,158.5,158.5,158.5,1007.0
2025-06-26 10:20:00+00:00,158.5,158.93,158.5,158.6,3167.0
2025-06-26 10:40:00+00:00,158.6,158.6,158.6,158.6,883.0
2025-06-26 11:05:00+00:00,158.5,158.5,158.5,158.5,486.0
2025-06-26 11:15:00+00:00,158.7,158.7,158.7,158.7,325.0
2025-06-26 11:55:00+00:00,158.7,158.7,158.7,158.7,122.0
2025-06-26 12:00:00+00:00,158.5,158.9787,158.0,158.74,7912.0
2025-06-26 12:15:00+00:00,158.8,158.8,158.8,158.8,401.0
2025-06-26 12:20:00+00:00,158.88,158.88,158.88,158.88,135.0
2025-06-26 12:25:00+00:00,158.66,158.66,158.6,158.6,782.0
2025-06-26 12:30:00+00:00,158.88,158.9672,158.52,158.62,2086.0
2025-06-26 12:40:00+00:00,158.9644,158.9644,158.9644,158.9644,227.0
2025-06-26 12:50:00+00:00,158.65,158.65,158.3,158.3,2695.0
2025-06-26 12:55:00+00:00,158.45,158.47,158.45,158.47,510.0
2025-06-26 13:00:00+00:00,158.11,158.11,157.92,157.92,6086.0
2025-06-26 13:05:00+00:00,157.9,157.9,157.9,157.9,1326.0
2025-06-26 13:10:00+00:00,157.9,157.9,157.9,157.9,523.0
2025-06-26 13:15:00+00:00,158.0,158.16,158.0,158.16,938.0
2025-06-26 13:20:00+00:00,158.3,158.3,158.3,158.3,574.0
2025-06-26 13:25:00+00:00,158.15,158.15,157.5,157.5,5998.0
2025-06-26 13:30:00+00:00,158.535,159.38,157.77,158.32,203306.0
2025-06-26 13:35:00+00:00,158.345,158.85,157.7861,158.52,61132.0
2025-06-26 13:40:00+00:00,158.5,159.93,158.5,159.91,138686.0
2025-06-26 13:45:00+00:00,159.85,160.4,158.3,158.37,320199.0
2025-06-26 13:50:00+00:00,158.47,158.52,157.55,158.49,87912.0
2025-06-26 13:55:00+00:00,158.33,158.73,158.0,158.59,105664.0
2025-06-26 14:00:00+00:00,158.65,159.14,158.605,159.06,51514.0
2025-06-26 14:05:00+00:00,159.1127,159.21,158.75,159.04,71918.0
2025-06-26 14:10:00+00:00,159.1,159.34,158.8,158.86,50352.0
2025-06-26 14:15:00+00:00,158.86,159.4348,158.7601,159.19,33524.0
2025-06-26 14:20:00+00:00,159.155,159.27,158.945,158.99,45424.0
2025-06-26 14:25:00+00:00,159.0,159.64,158.85,159.0183,56743.0
2025-06-26 14:30:00+00:00,159.07,159.4,158.8601,158.93,38129.0
2025-06-26 14:35:00+00:00,158.9,159.26,158.82,158.82,76185.0
2025-06-26 14:40:00+00:00,158.9,159.04,158.1359,158.225,100384.0
2025-06-26 14:45:00+00:00,158.225,158.84,158.15,158.84,91407.0
2025-06-26 14:50:00+00:00,158.8,159.22,158.72,158.885,62855.0
2025-06-26 14:55:00+00:00,158.8,158.8,158.42,158.475,66303.0
2025-06-26 15:00:00+00:00,158.54,158.9899,158.46,158.895,46323.0
2025-06-26 15:05:00+00:00,158.93,159.17,158.865,159.05,64486.0
2025-06-26 15:10:00+00:00,159.11,159.12,158.66,158.675,40125.0
2025-06-26 15:15:00+00:00,158.675,158.95,158.6,158.73,38415.0
2025-06-26 15:20:00+00:00,158.73,158.74,158.5,158.615,24637.0
2025-06-26 15:25:00+00:00,158.61,158.69,157.59,157.7685,198792.0
2025-06-26 15:30:00+00:00,157.65,157.8976,157.4343,157.79,64176.0
2025-06-26 15:35:00+00:00,157.78,158.22,157.78,157.88,21491.0
2025-06-26 15:40:00+00:00,157.9564,158.18,157.87,158.07,27627.0
2025-06-26 15:45:00+00:00,158.14,158.35,157.77,157.825,42987.0
2025-06-26 15:50:00+00:00,157.82,158.1999,157.645,158.085,24347.0
2025-06-26 15:55:00+00:00,158.095,158.29,157.97,158.0324,35213.0
2025-06-26 16:00:00+00:00,158.04,158.58,158.04,158.58,46771.0
2025-06-26 16:05:00+00:00,158.6,158.63,158.42,158.42,14112.0
2025-06-26 16:10:00+00:00,158.45,158.62,158.3797,158.495,12998.0
2025-06-26 16:15:00+00:00,158.4975,158.6,158.23,158.55,26393.0
2025-06-26 16:20:00+00:00,158.58,158.77,158.5224,158.7275,23928.0
2025-06-26 16:25:00+00:00,158.715,158.89,158.65,158.73,17891.0
2025-06-26 16:30:00+00:00,158.65,158.735,158.27,158.48,29108.0
2025-06-26 16:35:00+00:00,158.485,158.66,158.34,158.64,31805.0
2025-06-26 16:40:00+00:00,158.61,158.67,158.52,158.57,17639.0
2025-06-26 16:45:00+00:00,158.565,158.65,158.45,158.55,19505.0
2025-06-26 16:50:00+00:00,158.565,158.65,158.53,158.61,11741.0
2025-06-26 16:55:00+00:00,158.57,158.63,158.48,158.63,15981.0
2025-06-26 17:00:00+00:00,158.59,158.87,158.58,158.69,39533.0
2025-06-26 17:05:00+00:00,158.69,158.73,158.5733,158.68,12443.0
2025-06-26 17:10:00+00:00,158.73,158.79,158.52,158.55,15649.0
2025-06-26 17:15:00+00:00,158.48,158.675,158.36,158.47,58541.0
2025-06-26 17:20:00+00:00,158.46,158.6064,158.36,158.435,38434.0
2025-06-26 17:25:00+00:00,158.44,158.54,158.37,158.405,27345.0
2025-06-26 17:30:00+00:00,158.405,158.5,158.295,158.32,25773.0
2025-06-26 17:35:00+00:00,158.3,158.49,158.268,158.42,24400.0
2025-06-26 17:40:00+00:00,158.42,158.5175,158.36,158.395,18123.0
2025-06-26 17:45:00+00:00,158.395,158.45,158.17,158.19,28781.0
2025-06-26 17:50:00+00:00,158.185,158.41,158.12,158.17,64337.0
2025-06-26 17:55:00+00:00,158.17,158.17,157.87,157.92,30128.0
2025-06-26 18:00:00+00:00,157.89,157.89,157.59,157.8,42704.0
2025-06-26 18:05:00+00:00,157.78,158.19,157.73,158.145,37499.0
2025-06-26 18:10:00+00:00,158.11,158.115,157.8705,157.92,23279.0
2025-06-26 18:15:00+00:00,157.9,157.94,157.7901,157.885,27734.0
2025-06-26 18:20:00+00:00,157.9,158.015,157.82,157.98,15155.0
2025-06-26 18:25:00+00:00,157.98,158.01,157.6001,157.655,17311.0
2025-06-26 18:30:00+00:00,157.6206,157.6799,157.43,157.475,26288.0
2025-06-26 18:35:00+00:00,157.48,157.53,157.39,157.53,29526.0
2025-06-26 18:40:00+00:00,157.49,158.04,157.48,157.85,52240.0
2025-06-26 18:45:00+00:00,157.96,158.13,157.95,158.085,38776.0
2025-06-26 18:50:00+00:00,158.085,158.18,158.06,158.09,26788.0
2025-06-26 18:55:00+00:00,158.09,158.09,157.81,157.835,66566.0
2025-06-26 19:00:00+00:00,157.83,158.07,157.83,157.9,31880.0
2025-06-26 19:05:00+00:00,157.895,157.895,157.6201,157.75,22550.0
2025-06-26 19:10:00+00:00,157.76,157.825,157.66,157.825,23579.0
2025-06-26 19:15:00+00:00,157.825,157.825,157.66,157.74,21317.0
2025-06-26 19:20:00+00:00,157.705,157.77,157.6,157.69,33646.0
2025-06-26 19:25:00+00:00,157.7,157.74,157.52,157.53,24820.0
2025-06-26 19:30:00+00:00,157.52,157.65,157.4504,157.6,34921.0
2025-06-26 19:35:00+00:00,157.56,157.58,157.38,157.43,47514.0
2025-06-26 19:40:00+00:00,157.43,157.58,157.245,157.525,59634.0
2025-06-26 19:45:00+00:00,157.58,157.69,157.47,157.535,60699.0
2025-06-26 19:50:00+00:00,157.57,158.44,157.5,158.355,151736.0
2025-06-26 19:55:00+00:00,158.29,158.54,158.1,158.14,365388.0
2025-06-26 20:00:00+00:00,158.15,158.25,158.15,158.15,213881.0
2025-06-26 20:40:00+00:00,158.2,158.2,158.2,158.2,200.0
2025-06-26 20:50:00+00:00,157.77,157.77,157.75,157.75,2156.0
2025-06-26 20:55:00+00:00,157.75,157.75,157.75,157.75,1160.0
2025-06-26 21:00:00+00:00,157.75,157.75,157.75,157.75,515.0
2025-06-26 21:05:00+00:00,158.0,158.0,158.0,158.0,100.0
2025-06-26 21:15:00+00:00,158.0,158.0,158.0,158.0,367.0
2025-06-26 21:30:00+00:00,157.7501,157.7501,157.7501,157.7501,100.0
2025-06-26 21:35:00+00:00,158.15,158.15,158.15,158.15,100.0
2025-06-26 21:40:00+00:00,158.15,158.15,158.15,158.15,165.0
2025-06-26 22:15:00+00:00,158.2999,158.2999,158.2999,158.2999,386.0
2025-06-26 22:25:00+00:00,158.24,158.24,158.24,158.24,102.0
2025-06-26 22:30:00+00:00,158.29,158.4,158.29,158.4,1253.0
2025-06-26 22:35:00+00:00,158.3,158.3,158.3,158.3,200.0
2025-06-26 22:40:00+00:00,158.5,158.5,158.4999,158.4999,390.0
2025-06-26 22:50:00+00:00,158.3,158.3,158.3,158.3,250.0
2025-06-26 23:05:00+00:00,158.7599,158.7599,158.7599,158.7599,101.0
2025-06-26 23:15:00+00:00,158.3,158.3,158.3,158.3,1270.0
2025-06-26 23:25:00+00:00,158.5,158.5,158.5,158.5,737.0
2025-06-26 23:50:00+00:00,158.49,158.49,158.49,158.49,100.0
2025-06-27 08:00:00+00:00,157.9,158.67,157.9,158.67,693.0
2025-06-27 08:05:00+00:00,158.67,158.7,158.65,158.7,802.0
2025-06-27 08:10:00+00:00,158.66,158.66,158.66,158.66,450.0
2025-06-27 08:55:00+00:00,158.88,158.88,158.8,158.87,3280.0
2025-06-27 09:00:00+00:00,158.8,158.8,158.8,158.8,331.0
2025-06-27 09:20:00+00:00,158.66,158.66,158.66,158.66,676.0
2025-06-27 09:35:00+00:00,158.75,158.75,158.75,158.75,494.0
2025-06-27 10:10:00+00:00,158.8,158.8,158.8,158.8,1100.0
2025-06-27 11:00:00+00:00,159.01,159.2,159.0,159.2,1270.0
2025-06-27 11:10:00+00:00,159.2,159.2,159.2,159.2,993.0
2025-06-27 11:15:00+00:00,159.17,159.18,159.17,159.18,552.0
2025-06-27 11:20:00+00:00,159.2,159.2,159.2,159.2,4896.0
2025-06-27 11:25:00+00:00,159.19,159.19,159.19,159.19,1098.0
2025-06-27 11:30:00+00:00,159.2,159.22,159.2,159.22,3155.0
2025-06-27 11:35:00+00:00,159.39,159.5,159.39,159.5,1213.0
2025-06-27 11:40:00+00:00,159.47,159.71,159.47,159.6,1714.0
2025-06-27 12:00:00+00:00,159.94,160.0,159.01,160.0,7565.0
2025-06-27 12:05:00+00:00,159.46,160.1,159.46,159.5196,3291.0
2025-06-27 12:10:00+00:00,159.9972,159.9972,159.9972,159.9972,565.0
2025-06-27 12:15:00+00:00,159.4714,160.0,159.4714,160.0,1411.0
2025-06-27 12:25:00+00:00,160.0,160.0,160.0,160.0,248.0
2025-06-27 12:30:00+00:00,159.92,159.92,159.46,159.46,1483.0
2025-06-27 12:35:00+00:00,159.5,159.66,159.5,159.65,2570.0
2025-06-27 12:40:00+00:00,159.3,159.5,159.3,159.5,1765.0
2025-06-27 12:45:00+00:00,159.21,159.9341,159.21,159.22,340.0
2025-06-27 12:50:00+00:00,159.2,159.9916,159.2,159.2,3202.0
2025-06-27 13:00:00+00:00,159.24,159.24,159.0,159.0,3260.0
2025-06-27 13:05:00+00:00,159.0,159.1,159.0,159.0,836.0
2025-06-27 13:10:00+00:00,159.16,159.3,159.0,159.3,1513.0
2025-06-27 13:15:00+00:00,159.4495,159.4495,159.4495,159.4495,435.0
2025-06-27 13:20:00+00:00,159.2,159.4,159.2,159.4,1268.0
2025-06-27 13:25:00+00:00,159.06,159.06,158.64,158.69,4081.0
2025-06-27 13:30:00+00:00,159.0,163.0,158.76,162.93,401826.0
2025-06-27 13:35:00+00:00,162.9,163.45,162.3,163.1855,180487.0
2025-06-27 13:40:00+00:00,163.1384,163.1384,162.49,162.795,134698.0
2025-06-27 13:45:00+00:00,162.795,162.795,161.6325,161.71,108729.0
2025-06-27 13:50:00+00:00,161.655,162.105,161.23,161.23,134050.0
2025-06-27 13:55:00+00:00,161.2953,161.5,160.25,160.32,232623.0
2025-06-27 14:00:00+00:00,160.37,161.21,160.22,160.805,180722.0
2025-06-27 14:05:00+00:00,160.8092,162.15,160.8092,161.94,229539.0
2025-06-27 14:10:00+00:00,161.92,162.6869,161.8,162.4857,101974.0
2025-06-27 14:15:00+00:00,162.5,163.17,162.49,162.83,87393.0
2025-06-27 14:20:00+00:00,162.77,163.02,162.2,162.465,57835.0
2025-06-27 14:25:00+00:00,162.45,163.0,162.2001,162.77,62341.0
2025-06-27 14:30:00+00:00,162.65,162.68,162.11,162.527,35150.0
2025-06-27 14:35:00+00:00,162.58,163.05,162.34,163.01,52451.0
2025-06-27 14:40:00+00:00,163.02,163.449,162.9,163.4,159221.0
2025-06-27 14:45:00+00:00,163.4,163.88,163.19,163.7,131568.0
2025-06-27 14:50:00+00:00,163.62,163.635,162.8,163.17,69250.0
2025-06-27 14:55:00+00:00,163.31,163.3776,162.95,163.0,37125.0
2025-06-27 15:00:00+00:00,162.95,163.49,162.7901,163.39,88454.0
2025-06-27 15:05:00+00:00,163.34,163.85,163.3015,163.69,57952.0
2025-06-27 15:10:00+00:00,163.69,164.25,163.69,163.915,134271.0
2025-06-27 15:15:00+00:00,163.94,164.4,163.68,164.4,64960.0
2025-06-27 15:20:00+00:00,164.39,165.38,164.28,165.115,247081.0
2025-06-27 15:25:00+00:00,165.105,165.105,164.47,164.895,80667.0
2025-06-27 15:30:00+00:00,164.82,165.33,164.8,165.31,160889.0
2025-06-27 15:35:00+00:00,165.29,165.53,164.61,164.83,88224.0
2025-06-27 15:40:00+00:00,164.8773,165.145,164.62,165.0,45768.0
2025-06-27 15:45:00+00:00,165.01,165.71,164.9175,165.68,78224.0
2025-06-27 15:50:00+00:00,165.655,166.19,165.59,166.0325,158554.0
2025-06-27 15:55:00+00:00,166.055,166.09,165.77,165.885,77704.0
2025-06-27 16:00:00+00:00,165.87,166.03,165.71,165.83,112632.0
2025-06-27 16:05:00+00:00,165.845,166.36,165.5701,166.0573,129071.0
2025-06-27 16:10:00+00:00,166.05,166.09,165.699,165.84,58697.0
2025-06-27 16:15:00+00:00,165.835,165.86,165.43,165.69,69723.0
2025-06-27 16:20:00+00:00,165.75,165.97,165.54,165.62,50106.0
2025-06-27 16:25:00+00:00,165.71,165.99,165.61,165.67,42088.0
2025-06-27 16:30:00+00:00,165.6,165.6828,165.43,165.62,35230.0
2025-06-27 16:35:00+00:00,165.58,165.64,165.26,165.42,87635.0
2025-06-27 16:40:00+00:00,165.37,165.5,165.11,165.29,57233.0
2025-06-27 16:45:00+00:00,165.28,165.35,165.02,165.201,42427.0
2025-06-27 16:50:00+00:00,165.23,165.38,165.06,165.28,53962.0
2025-06-27 16:55:00+00:00,165.13,165.54,165.1,165.402,31681.0
2025-06-27 17:00:00+00:00,165.4,165.57,165.23,165.3925,54285.0
2025-06-27 17:05:00+00:00,165.39,165.47,165.26,165.26,37927.0
2025-06-27 17:10:00+00:00,165.29,165.85,165.25,165.82,55763.0
2025-06-27 17:15:00+00:00,165.8225,165.88,165.52,165.73,37461.0
2025-06-27 17:20:00+00:00,165.715,165.7787,165.54,165.715,28049.0
2025-06-27 17:25:00+00:00,165.67,165.88,165.57,165.75,59823.0
2025-06-27 17:30:00+00:00,165.66,165.81,165.42,165.58,54306.0
2025-06-27 17:35:00+00:00,165.58,165.77,165.51,165.725,40202.0
2025-06-27 17:40:00+00:00,165.78,166.2,165.745,166.15,137890.0
2025-06-27 17:45:00+00:00,166.1258,166.1258,164.95,164.9602,87131.0
2025-06-27 17:50:00+00:00,165.04,165.04,164.55,164.785,85450.0
2025-06-27 17:55:00+00:00,164.77,165.12,164.47,164.92,52735.0
2025-06-27 18:00:00+00:00,164.92,164.92,164.54,164.765,36446.0
2025-06-27 18:05:00+00:00,164.7736,164.89,164.66,164.765,34817.0
2025-06-27 18:10:00+00:00,164.735,164.8164,164.448,164.6,43604.0
2025-06-27 18:15:00+00:00,164.64,164.77,164.45,164.77,60725.0
2025-06-27 18:20:00+00:00,164.84,164.99,164.49,164.835,26847.0
2025-06-27 18:25:00+00:00,164.825,164.94,164.35,164.4,68920.0
2025-06-27 18:30:00+00:00,164.4,164.6485,164.23,164.45,81418.0
2025-06-27 18:35:00+00:00,164.45,164.61,164.21,164.325,86096.0
2025-06-27 18:40:00+00:00,164.31,164.31,163.7,164.245,128433.0
2025-06-27 18:45:00+00:00,164.3,164.72,164.28,164.36,52784.0
2025-06-27 18:50:00+00:00,164.34,164.45,163.885,163.905,97107.0
2025-06-27 18:55:00+00:00,164.0,164.0,163.31,163.49,62989.0
2025-06-27 19:00:00+00:00,163.54,163.96,163.3725,163.86,43311.0
2025-06-27 19:05:00+00:00,163.852,164.12,163.58,164.02,55798.0
2025-06-27 19:10:00+00:00,164.005,164.48,164.005,164.35,39310.0
2025-06-27 19:15:00+00:00,164.38,164.545,164.21,164.305,46939.0
2025-06-27 19:20:00+00:00,164.3284,164.5931,164.27,164.575,36422.0
2025-06-27 19:25:00+00:00,164.55,164.68,164.17,164.325,47404.0
2025-06-27 19:30:00+00:00,164.36,165.1,164.335,165.01,76566.0
2025-06-27 19:35:00+00:00,165.025,165.025,164.71,164.88,66125.0
2025-06-27 19:40:00+00:00,164.885,165.43,164.885,165.38,60388.0
2025-06-27 19:45:00+00:00,165.35,165.5,165.3001,165.33,93505.0
2025-06-27 19:50:00+00:00,165.31,165.63,165.09,165.335,189742.0
2025-06-27 19:55:00+00:00,165.36,165.59,165.13,165.45,328876.0
2025-06-27 20:00:00+00:00,165.46,166.0,165.28,165.96,275235.0
2025-06-27 20:05:00+00:00,165.46,165.7,165.46,165.56,5562.0
2025-06-27 20:10:00+00:00,165.2747,165.2747,165.2747,165.2747,140.0
2025-06-27 20:15:00+00:00,165.75,165.75,165.2785,165.2785,779.0
2025-06-27 20:25:00+00:00,165.29,165.29,165.29,165.29,271.0
2025-06-27 20:30:00+00:00,165.29,165.46,165.26,165.46,1409.0
2025-06-27 20:40:00+00:00,165.46,165.46,165.46,165.46,668.0
2025-06-27 20:45:00+00:00,165.48,165.48,165.48,165.48,102.0
2025-06-27 20:50:00+00:00,165.3045,165.3045,165.3045,165.3045,123.0
2025-06-27 20:55:00+00:00,165.33,165.33,165.33,165.33,141.0
2025-06-27 21:05:00+00:00,165.48,165.51,165.48,165.48,1031.0
2025-06-27 21:15:00+00:00,165.8,165.8,165.8,165.8,317.0
2025-06-27 21:25:00+00:00,165.493,165.493,165.493,165.493,435.0
2025-06-27 21:30:00+00:00,165.48,165.48,165.48,165.48,347.0
2025-06-27 21:35:00+00:00,165.75,165.75,165.75,165.75,463.0
2025-06-27 21:40:00+00:00,165.31,165.31,165.31,165.31,201.0
2025-06-27 21:45:00+00:00,165.31,165.31,165.31,165.31,320.0
2025-06-27 22:25:00+00:00,165.36,165.36,165.36,165.36,202.0
2025-06-27 22:30:00+00:00,165.36,165.36,165.36,165.36,110.0
2025-06-27 22:35:00+00:00,165.3,165.9061,165.3,165.9061,530.0
2025-06-27 22:45:00+00:00,165.46,165.46,165.46,165.46,220.0
2025-06-27 22:55:00+00:00,165.46,165.7356,165.46,165.7356,311.0
2025-06-27 23:00:00+00:00,165.7388,165.7388,165.7388,165.7388,302.0
2025-06-27 23:30:00+00:00,165.74,165.74,165.74,165.74,866.0
2025-06-27 23:40:00+00:00,165.73,165.73,165.73,165.73,1601.0
2025-06-27 23:45:00+00:00,165.66,165.66,165.66,165.66,208.0
2025-06-27 23:50:00+00:00,165.71,165.98,165.71,165.98,9107.0
2025-06-27 23:55:00+00:00,165.52,165.95,165.52,165.95,1996.0
