date,open,high,low,close,volume
2025-07-25 09:45:00+00:00,192.15,192.16,192.15,192.15,673.0
2025-07-25 09:55:00+00:00,192.19,192.22,192.19,192.22,723.0
2025-07-25 10:00:00+00:00,192.27,192.31,192.27,192.27,3360.0
2025-07-25 10:05:00+00:00,192.25,192.25,192.21,192.24,643.0
2025-07-25 10:10:00+00:00,192.19,192.2,192.19,192.2,2208.0
2025-07-25 10:15:00+00:00,192.2,192.2,192.19,192.19,307.0
2025-07-25 10:20:00+00:00,192.22,192.3,192.22,192.27,3022.0
2025-07-25 10:25:00+00:00,192.2,192.32,192.19,192.32,1055.0
2025-07-25 10:30:00+00:00,192.32,192.32,192.32,192.32,559.0
2025-07-25 10:35:00+00:00,192.33,192.5,192.31,192.5,3303.0
2025-07-25 10:40:00+00:00,192.5,192.61,192.5,192.6,5925.0
2025-07-25 10:45:00+00:00,192.6,192.65,192.54,192.64,2713.0
2025-07-25 10:50:00+00:00,192.67,192.7,192.61,192.61,2774.0
2025-07-25 10:55:00+00:00,192.65,192.65,192.55,192.55,2197.0
2025-07-25 11:00:00+00:00,192.65,192.74,192.6,192.66,7796.0
2025-07-25 11:05:00+00:00,192.67,192.75,192.67,192.75,7167.0
2025-07-25 11:10:00+00:00,192.81,192.93,192.8,192.82,6076.0
2025-07-25 11:15:00+00:00,192.81,192.81,192.71,192.71,1882.0
2025-07-25 11:20:00+00:00,192.72,192.78,192.69,192.78,3787.0
2025-07-25 11:25:00+00:00,192.76,192.76,192.69,192.69,3395.0
2025-07-25 11:30:00+00:00,192.68,192.69,192.65,192.68,1882.0
2025-07-25 11:35:00+00:00,192.75,192.75,192.7,192.75,2154.0
2025-07-25 11:40:00+00:00,192.76,192.83,192.76,192.83,2009.0
2025-07-25 11:45:00+00:00,192.82,192.82,192.82,192.82,805.0
2025-07-25 11:50:00+00:00,192.78,192.78,192.65,192.77,3870.0
2025-07-25 11:55:00+00:00,192.81,192.87,192.81,192.82,2498.0
2025-07-25 12:00:00+00:00,192.5,192.93,191.72,192.86,145238.0
2025-07-25 12:05:00+00:00,192.8584,192.89,192.58,192.58,7669.0
2025-07-25 12:10:00+00:00,192.6001,192.63,192.43,192.54,11555.0
2025-07-25 12:15:00+00:00,192.54,192.74,191.69,192.6496,9814.0
2025-07-25 12:20:00+00:00,192.65,192.83,192.56,192.819,4040.0
2025-07-25 12:25:00+00:00,192.75,192.86,192.7,192.81,5874.0
2025-07-25 12:30:00+00:00,192.82,192.85,192.7,192.84,6306.0
2025-07-25 12:35:00+00:00,192.81,192.81,192.7,192.7,6307.0
2025-07-25 12:40:00+00:00,192.74,192.74,192.6701,192.6701,6873.0
2025-07-25 12:45:00+00:00,192.68,192.7,192.45,192.6093,23871.0
2025-07-25 12:50:00+00:00,192.6,192.6,192.53,192.54,5611.0
2025-07-25 12:55:00+00:00,192.5922,192.6,192.53,192.5999,102327.0
2025-07-25 13:00:00+00:00,192.58,192.749,192.5,192.5,8760.0
2025-07-25 13:05:00+00:00,192.46,192.55,192.31,192.55,8223.0
2025-07-25 13:10:00+00:00,192.55,192.7,192.49,192.7,11553.0
2025-07-25 13:15:00+00:00,192.63,192.77,192.57,192.7392,11108.0
2025-07-25 13:20:00+00:00,192.736,192.7501,192.65,192.65,15299.0
2025-07-25 13:25:00+00:00,192.63,192.63,191.9,192.04,136413.0
2025-07-25 13:30:00+00:00,191.98,193.39,191.94,192.04,1676309.0
2025-07-25 13:35:00+00:00,192.07,192.21,191.26,191.89,1111575.0
2025-07-25 13:40:00+00:00,191.91,193.3499,191.84,193.3272,1242654.0
2025-07-25 13:45:00+00:00,193.3393,194.28,193.2,194.075,1486336.0
2025-07-25 13:50:00+00:00,194.075,194.13,193.36,193.82,921681.0
2025-07-25 13:55:00+00:00,193.835,194.33,193.4,193.47,918899.0
2025-07-25 14:00:00+00:00,193.5,193.96,193.36,193.58,1044641.0
2025-07-25 14:05:00+00:00,193.6,193.97,193.36,193.67,1070372.0
2025-07-25 14:10:00+00:00,193.66,193.9,193.49,193.56,665854.0
2025-07-25 14:15:00+00:00,193.53,193.72,192.88,193.04,653058.0
2025-07-25 14:20:00+00:00,193.05,193.365,192.8,193.305,600444.0
2025-07-25 14:25:00+00:00,193.2957,193.35,192.8,193.27,492815.0
2025-07-25 14:30:00+00:00,193.27,193.61,193.1601,193.23,603689.0
2025-07-25 14:35:00+00:00,193.26,193.46,192.86,192.9,1054924.0
2025-07-25 14:40:00+00:00,192.92,193.18,192.84,192.92,316312.0
2025-07-25 14:45:00+00:00,192.895,193.15,192.84,192.97,332851.0
2025-07-25 14:50:00+00:00,192.99,193.06,192.74,192.79,414091.0
2025-07-25 14:55:00+00:00,192.78,193.09,192.56,192.9,715814.0
2025-07-25 15:00:00+00:00,192.9,193.3,192.73,193.085,397278.0
2025-07-25 15:05:00+00:00,193.07,193.42,192.91,192.9832,328628.0
2025-07-25 15:10:00+00:00,192.975,193.36,192.91,193.19,353467.0
2025-07-25 15:15:00+00:00,193.19,193.53,193.07,193.38,328793.0
2025-07-25 15:20:00+00:00,193.375,193.8936,193.15,193.78,456608.0
2025-07-25 15:25:00+00:00,193.765,193.8721,193.5903,193.71,436415.0
2025-07-25 15:30:00+00:00,193.71,193.92,193.5101,193.61,355331.0
2025-07-25 15:35:00+00:00,193.595,193.605,193.2201,193.25,347392.0
2025-07-25 15:40:00+00:00,193.24,193.51,193.21,193.26,632446.0
2025-07-25 15:45:00+00:00,193.255,193.38,193.04,193.16,361361.0
2025-07-25 15:50:00+00:00,193.16,193.51,193.16,193.4719,219656.0
2025-07-25 15:55:00+00:00,193.465,193.6,193.37,193.43,179172.0
2025-07-25 16:00:00+00:00,193.435,193.56,193.2,193.21,356845.0
2025-07-25 16:05:00+00:00,193.2,193.45,193.15,193.3935,289280.0
2025-07-25 16:10:00+00:00,193.38,193.45,193.22,193.3615,279633.0
2025-07-25 16:15:00+00:00,193.38,193.52,193.22,193.28,250181.0
2025-07-25 16:20:00+00:00,193.28,193.41,193.15,193.4,243110.0
2025-07-25 16:25:00+00:00,193.395,193.56,193.34,193.44,216805.0
2025-07-25 16:30:00+00:00,193.435,193.64,193.4,193.55,330012.0
2025-07-25 16:35:00+00:00,193.55,193.575,193.24,193.26,184995.0
2025-07-25 16:40:00+00:00,193.255,193.255,193.07,193.15,234465.0
2025-07-25 16:45:00+00:00,193.14,193.22,192.96,193.005,269353.0
2025-07-25 16:50:00+00:00,193.01,193.27,192.96,193.17,170954.0
2025-07-25 16:55:00+00:00,193.16,193.35,193.09,193.26,266692.0
2025-07-25 17:00:00+00:00,193.26,193.305,193.01,193.05,302061.0
2025-07-25 17:05:00+00:00,193.05,193.14,193.02,193.1136,141440.0
2025-07-25 17:10:00+00:00,193.1198,193.251,193.075,193.23,180220.0
2025-07-25 17:15:00+00:00,193.23,193.28,192.875,192.935,262258.0
2025-07-25 17:20:00+00:00,192.935,193.2,192.89,193.18,308414.0
2025-07-25 17:25:00+00:00,193.16,193.29,193.12,193.235,219487.0
2025-07-25 17:30:00+00:00,193.235,193.32,193.07,193.115,184613.0
2025-07-25 17:35:00+00:00,193.115,193.37,193.02,193.28,294310.0
2025-07-25 17:40:00+00:00,193.28,193.305,193.08,193.1,148135.0
2025-07-25 17:45:00+00:00,193.11,193.1316,192.98,193.025,224198.0
2025-07-25 17:50:00+00:00,193.03,193.04,192.8,192.835,164733.0
2025-07-25 17:55:00+00:00,192.8352,192.96,192.8,192.81,246005.0
2025-07-25 18:00:00+00:00,192.81,192.9215,192.75,192.81,395441.0
2025-07-25 18:05:00+00:00,192.805,192.9799,192.75,192.88,250127.0
2025-07-25 18:10:00+00:00,192.88,193.15,192.88,193.1253,325950.0
2025-07-25 18:15:00+00:00,193.12,193.24,193.0601,193.235,134546.0
2025-07-25 18:20:00+00:00,193.24,193.28,193.12,193.2634,236047.0
2025-07-25 18:25:00+00:00,193.255,193.38,193.2,193.33,257175.0
2025-07-25 18:30:00+00:00,193.335,193.5,193.33,193.485,224835.0
2025-07-25 18:35:00+00:00,193.49,193.645,193.44,193.625,298928.0
2025-07-25 18:40:00+00:00,193.63,193.745,193.58,193.725,265057.0
2025-07-25 18:45:00+00:00,193.725,193.88,193.55,193.56,297508.0
2025-07-25 18:50:00+00:00,193.56,193.725,193.55,193.63,284677.0
2025-07-25 18:55:00+00:00,193.625,193.66,193.08,193.13,398739.0
2025-07-25 19:00:00+00:00,193.12,193.4079,193.04,193.23,519047.0
2025-07-25 19:05:00+00:00,193.23,193.26,193.055,193.185,280871.0
2025-07-25 19:10:00+00:00,193.18,193.33,193.1534,193.27,379262.0
2025-07-25 19:15:00+00:00,193.27,193.32,193.12,193.2,224929.0
2025-07-25 19:20:00+00:00,193.195,193.215,193.0,193.19,325040.0
2025-07-25 19:25:00+00:00,193.18,193.2,193.03,193.085,295687.0
2025-07-25 19:30:00+00:00,193.085,193.18,193.025,193.045,372342.0
2025-07-25 19:35:00+00:00,193.045,193.195,193.0,193.1,435183.0
2025-07-25 19:40:00+00:00,193.11,193.2399,193.05,193.16,403495.0
2025-07-25 19:45:00+00:00,193.18,193.36,193.09,193.17,479003.0
2025-07-25 19:50:00+00:00,193.16,193.415,193.05,193.27,900088.0
2025-07-25 19:55:00+00:00,193.27,193.535,193.11,193.18,1651544.0
2025-07-25 20:00:00+00:00,193.19,193.19,193.05,193.15,3684943.0
2025-07-25 20:05:00+00:00,193.18,193.18,192.98,193.0999,37755.0
2025-07-25 20:10:00+00:00,193.18,193.18,193.01,193.1299,8318.0
2025-07-25 20:15:00+00:00,193.14,193.25,193.14,193.17,4299.0
2025-07-25 20:20:00+00:00,193.16,193.2,193.02,193.1,24075.0
2025-07-25 20:25:00+00:00,193.1,193.1,193.0229,193.08,37341.0
2025-07-25 20:30:00+00:00,193.095,193.1796,193.05,193.1489,2932.0
2025-07-25 20:35:00+00:00,193.07,193.207,193.03,193.207,4171.0
2025-07-25 20:40:00+00:00,193.18,193.24,193.18,193.18,10071.0
2025-07-25 20:45:00+00:00,193.126,193.17,193.03,193.13,1828.0
2025-07-25 20:50:00+00:00,193.17,193.22,193.1301,193.1301,68980.0
2025-07-25 20:55:00+00:00,193.17,193.17,193.06,193.17,4846.0
2025-07-25 21:00:00+00:00,193.1,193.1736,193.03,193.1736,1313.0
2025-07-25 21:05:00+00:00,193.13,193.13,193.0006,193.02,8329.0
2025-07-25 21:10:00+00:00,193.03,193.0887,193.02,193.0301,3316.0
2025-07-25 21:15:00+00:00,193.0297,193.06,193.02,193.06,3974.0
2025-07-25 21:20:00+00:00,193.0205,193.05,193.02,193.02,4301.0
2025-07-25 21:25:00+00:00,193.02,193.06,193.0,193.02,8289.0
2025-07-25 21:30:00+00:00,193.03,193.03,193.02,193.02,392.0
2025-07-25 21:35:00+00:00,192.99,192.99,192.96,192.96,1026.0
2025-07-25 21:40:00+00:00,192.99,193.0,192.99,193.0,649.0
2025-07-25 21:50:00+00:00,193.02,193.02,193.02,193.02,127.0
2025-07-25 21:55:00+00:00,192.91,192.931,192.91,192.931,1314.0
2025-07-25 22:00:00+00:00,192.95,192.95,192.95,192.95,512.0
2025-07-25 22:05:00+00:00,192.99,192.99,192.99,192.99,160.0
2025-07-25 22:10:00+00:00,193.0,193.04,193.0,193.02,1810.0
2025-07-25 22:15:00+00:00,193.02,193.02,193.0,193.0,778.0
2025-07-25 22:20:00+00:00,193.0,193.0,192.95,192.9982,5243.0
2025-07-25 22:25:00+00:00,192.96,192.96,192.9345,192.9506,875.0
2025-07-25 22:30:00+00:00,193.0,193.0,193.0,193.0,250.0
2025-07-25 22:35:00+00:00,193.03,193.13,193.03,193.09,6630.0
2025-07-25 22:40:00+00:00,193.0519,193.1099,193.05,193.07,2707.0
2025-07-25 22:45:00+00:00,193.02,193.02,193.02,193.02,319.0
2025-07-25 22:50:00+00:00,193.02,193.02,193.02,193.02,156.0
2025-07-25 22:55:00+00:00,193.0201,193.0201,193.0201,193.0201,163.0
2025-07-25 23:00:00+00:00,193.0807,193.0807,193.0413,193.0413,655.0
2025-07-25 23:05:00+00:00,193.08,193.08,193.08,193.08,326.0
2025-07-25 23:10:00+00:00,193.04,193.04,193.04,193.04,1473.0
2025-07-25 23:15:00+00:00,193.06,193.06,193.05,193.05,1948.0
2025-07-25 23:20:00+00:00,193.05,193.08,193.05,193.08,620.0
2025-07-25 23:25:00+00:00,193.0509,193.0509,193.0509,193.0509,884.0
2025-07-25 23:30:00+00:00,193.0798,193.0798,193.05,193.0501,1249.0
2025-07-25 23:35:00+00:00,193.05,193.08,193.05,193.07,1208.0
2025-07-25 23:40:00+00:00,193.0501,193.0992,193.0501,193.0992,2232.0
2025-07-25 23:45:00+00:00,193.08,193.08,193.0022,193.0022,3638.0
2025-07-25 23:50:00+00:00,193.0009,193.0009,193.0,193.0,1025.0
2025-07-25 23:55:00+00:00,193.06,193.12,193.06,193.1199,5714.0
2025-07-28 08:00:00+00:00,194.18,194.32,194.17,194.25,16633.0
2025-07-28 08:05:00+00:00,194.22,194.24,194.18,194.21,5761.0
2025-07-28 08:10:00+00:00,194.22,194.25,194.12,194.12,7540.0
2025-07-28 08:15:00+00:00,194.11,194.19,194.09,194.13,14725.0
2025-07-28 08:20:00+00:00,194.13,194.13,193.82,194.06,16935.0
2025-07-28 08:25:00+00:00,194.0,194.1,194.0,194.1,2838.0
2025-07-28 08:35:00+00:00,194.18,194.2,194.18,194.2,576.0
2025-07-28 08:40:00+00:00,194.25,194.32,194.24,194.25,15565.0
2025-07-28 08:45:00+00:00,194.24,194.24,194.17,194.17,3575.0
2025-07-28 08:50:00+00:00,194.19,194.21,194.16,194.16,1255.0
2025-07-28 08:55:00+00:00,194.2,194.2,194.16,194.16,2181.0
2025-07-28 09:00:00+00:00,194.15,194.17,194.13,194.17,1061.0
2025-07-28 09:05:00+00:00,194.19,194.19,194.16,194.16,836.0
2025-07-28 09:10:00+00:00,194.15,194.15,194.14,194.14,404.0
2025-07-28 09:15:00+00:00,194.13,194.17,194.13,194.16,1202.0
2025-07-28 09:20:00+00:00,194.18,194.18,194.18,194.18,390.0
2025-07-28 09:25:00+00:00,194.03,194.08,194.01,194.01,655.0
2025-07-28 09:30:00+00:00,194.07,194.07,194.0,194.0,800.0
2025-07-28 09:35:00+00:00,193.99,193.99,193.91,193.91,1109.0
2025-07-28 09:40:00+00:00,194.02,194.02,194.0,194.0,1119.0
2025-07-28 09:45:00+00:00,194.03,194.03,193.92,193.92,1763.0
2025-07-28 09:50:00+00:00,193.93,193.93,193.93,193.93,148.0
2025-07-28 09:55:00+00:00,193.89,193.92,193.89,193.92,1621.0
2025-07-28 10:00:00+00:00,193.96,194.1,193.96,194.1,6259.0
2025-07-28 10:05:00+00:00,193.95,193.95,193.9,193.92,1477.0
2025-07-28 10:10:00+00:00,193.9,193.9,193.9,193.9,395.0
2025-07-28 10:15:00+00:00,193.93,194.06,193.92,194.06,3771.0
2025-07-28 10:25:00+00:00,193.9,193.92,193.9,193.92,1214.0
2025-07-28 10:30:00+00:00,193.93,193.93,193.88,193.88,3190.0
2025-07-28 10:35:00+00:00,193.92,193.95,193.92,193.95,2903.0
2025-07-28 10:40:00+00:00,193.88,194.01,193.88,194.0,6134.0
2025-07-28 10:45:00+00:00,193.87,193.9,193.84,193.9,4400.0
2025-07-28 10:50:00+00:00,193.8,193.8,193.78,193.79,1621.0
2025-07-28 10:55:00+00:00,193.77,193.77,193.77,193.77,343.0
2025-07-28 11:00:00+00:00,193.71,193.79,193.71,193.75,4574.0
2025-07-28 11:05:00+00:00,193.81,193.83,193.8,193.8,1699.0
2025-07-28 11:10:00+00:00,193.84,193.84,193.8,193.8,899.0
2025-07-28 11:15:00+00:00,193.79,193.79,193.7,193.7,1377.0
2025-07-28 11:20:00+00:00,193.8,193.87,193.8,193.87,1806.0
2025-07-28 11:25:00+00:00,193.83,193.88,193.81,193.88,2838.0
2025-07-28 11:30:00+00:00,193.8,193.86,193.8,193.86,1773.0
2025-07-28 11:35:00+00:00,193.88,193.89,193.82,193.82,2359.0
2025-07-28 11:40:00+00:00,193.88,193.92,193.88,193.92,1641.0
2025-07-28 11:45:00+00:00,193.84,193.88,193.84,193.88,5298.0
2025-07-28 11:50:00+00:00,193.91,193.91,193.87,193.87,1080.0
2025-07-28 11:55:00+00:00,193.87,194.0,193.87,194.0,7685.0
2025-07-28 12:00:00+00:00,193.768,194.69,193.6518,194.1235,124817.0
2025-07-28 12:05:00+00:00,194.03,194.1,193.9797,194.07,7684.0
2025-07-28 12:10:00+00:00,194.06,194.07,193.89,193.89,7336.0
2025-07-28 12:15:00+00:00,193.85,193.94,193.85,193.88,6163.0
2025-07-28 12:20:00+00:00,193.87,193.87,193.8,193.8,4555.0
2025-07-28 12:25:00+00:00,193.9286,194.007,193.91,194.007,4759.0
2025-07-28 12:30:00+00:00,194.03,194.03,193.85,193.88,30455.0
2025-07-28 12:35:00+00:00,193.8131,193.93,193.8131,193.93,3978.0
2025-07-28 12:40:00+00:00,193.93,194.0,193.93,194.0,5684.0
2025-07-28 12:45:00+00:00,194.0,194.28,194.0,194.26,17403.0
2025-07-28 12:50:00+00:00,194.28,194.3799,194.2582,194.2582,28128.0
2025-07-28 12:55:00+00:00,194.25,194.28,194.2001,194.24,7448.0
2025-07-28 13:00:00+00:00,194.24,194.26,193.93,193.95,13716.0
2025-07-28 13:05:00+00:00,193.9,193.9792,193.78,193.89,14656.0
2025-07-28 13:10:00+00:00,193.9,193.9,193.71,193.71,12166.0
2025-07-28 13:15:00+00:00,193.76,193.92,193.76,193.88,7813.0
2025-07-28 13:20:00+00:00,193.9,193.9,193.7,193.77,11327.0
2025-07-28 13:25:00+00:00,193.84,194.04,193.25,193.65,155592.0
2025-07-28 13:30:00+00:00,193.65,194.05,192.74,193.5,1826235.0
2025-07-28 13:35:00+00:00,193.51,193.86,192.79,193.13,931949.0
2025-07-28 13:40:00+00:00,193.11,193.47,192.89,192.93,607591.0
2025-07-28 13:45:00+00:00,192.945,193.4585,192.52,192.58,975872.0
2025-07-28 13:50:00+00:00,192.57,192.8,192.33,192.6206,659888.0
2025-07-28 13:55:00+00:00,192.625,192.91,192.53,192.7799,472810.0
2025-07-28 14:00:00+00:00,192.75,192.89,192.15,192.2,613904.0
2025-07-28 14:05:00+00:00,192.21,192.47,192.06,192.0804,613278.0
2025-07-28 14:10:00+00:00,192.08,192.145,191.82,191.97,664422.0
2025-07-28 14:15:00+00:00,191.962,192.11,191.28,191.4693,878919.0
2025-07-28 14:20:00+00:00,191.4699,191.69,191.2441,191.565,733919.0
2025-07-28 14:25:00+00:00,191.56,191.77,191.42,191.75,724683.0
2025-07-28 14:30:00+00:00,191.75,192.02,191.65,191.66,532290.0
2025-07-28 14:35:00+00:00,191.65,191.77,191.36,191.61,413148.0
2025-07-28 14:40:00+00:00,191.61,191.83,191.44,191.4556,355464.0
2025-07-28 14:45:00+00:00,191.455,191.9,191.37,191.9,384388.0
2025-07-28 14:50:00+00:00,191.8798,192.18,191.5103,191.7,470632.0
2025-07-28 14:55:00+00:00,191.71,191.8698,191.61,191.74,361839.0
2025-07-28 15:00:00+00:00,191.75,192.01,191.66,191.7722,855041.0
2025-07-28 15:05:00+00:00,191.78,192.05,191.77,191.99,415891.0
2025-07-28 15:10:00+00:00,191.9955,192.0,191.5,191.61,360614.0
2025-07-28 15:15:00+00:00,191.61,191.6499,191.24,191.2596,434893.0
2025-07-28 15:20:00+00:00,191.26,191.26,190.99,191.1714,628332.0
2025-07-28 15:25:00+00:00,191.16,191.4412,191.05,191.2,409905.0
2025-07-28 15:30:00+00:00,191.2009,191.32,191.1202,191.1556,190932.0
2025-07-28 15:35:00+00:00,191.17,191.33,191.14,191.3099,244783.0
2025-07-28 15:40:00+00:00,191.3042,191.41,191.18,191.37,207433.0
2025-07-28 15:45:00+00:00,191.36,191.4712,191.31,191.385,193411.0
2025-07-28 15:50:00+00:00,191.38,191.48,191.3093,191.355,223703.0
2025-07-28 15:55:00+00:00,191.355,191.42,191.255,191.31,213570.0
2025-07-28 16:00:00+00:00,191.3,191.32,191.03,191.18,261885.0
2025-07-28 16:05:00+00:00,191.1753,191.23,190.84,190.89,441831.0
2025-07-28 16:10:00+00:00,190.89,191.26,190.88,191.235,336432.0
2025-07-28 16:15:00+00:00,191.23,191.29,191.095,191.24,287422.0
2025-07-28 16:20:00+00:00,191.2403,191.293,191.02,191.08,204990.0
2025-07-28 16:25:00+00:00,191.12,191.255,191.06,191.25,241942.0
2025-07-28 16:30:00+00:00,191.25,191.33,191.08,191.3299,280296.0
2025-07-28 16:35:00+00:00,191.325,191.61,191.3183,191.59,249910.0
2025-07-28 16:40:00+00:00,191.59,191.84,191.5899,191.77,338765.0
2025-07-28 16:45:00+00:00,191.76,191.8799,191.55,191.7165,255631.0
2025-07-28 16:50:00+00:00,191.7093,191.76,191.62,191.755,152893.0
2025-07-28 16:55:00+00:00,191.76,192.0,191.76,191.89,309311.0
2025-07-28 17:00:00+00:00,191.89,192.0407,191.56,192.0407,314019.0
2025-07-28 17:05:00+00:00,192.05,192.09,191.92,191.94,270611.0
2025-07-28 17:10:00+00:00,191.945,192.1,191.87,192.08,149188.0
2025-07-28 17:15:00+00:00,192.07,192.14,191.89,191.97,168045.0
2025-07-28 17:20:00+00:00,191.97,192.14,191.91,191.91,726536.0
2025-07-28 17:25:00+00:00,191.91,192.01,191.78,191.92,226793.0
2025-07-28 17:30:00+00:00,191.92,192.23,191.9,192.04,163955.0
2025-07-28 17:35:00+00:00,192.05,192.2,191.98,192.04,204554.0
2025-07-28 17:40:00+00:00,192.03,192.24,192.02,192.24,195843.0
2025-07-28 17:45:00+00:00,192.235,192.26,191.99,191.99,179961.0
2025-07-28 17:50:00+00:00,191.99,192.16,191.91,192.06,161681.0
2025-07-28 17:55:00+00:00,192.07,192.2,192.02,192.045,223695.0
2025-07-28 18:00:00+00:00,192.04,192.23,191.96,192.21,263564.0
2025-07-28 18:05:00+00:00,192.2,192.29,192.095,192.2235,263108.0
2025-07-28 18:10:00+00:00,192.22,192.39,192.0893,192.3401,229251.0
2025-07-28 18:15:00+00:00,192.3483,192.425,192.27,192.3198,251509.0
2025-07-28 18:20:00+00:00,192.3,192.32,192.12,192.1833,174853.0
2025-07-28 18:25:00+00:00,192.185,192.2799,192.12,192.26,182347.0
2025-07-28 18:30:00+00:00,192.26,192.29,191.95,192.03,265416.0
2025-07-28 18:35:00+00:00,192.03,192.0813,191.91,191.935,150022.0
2025-07-28 18:40:00+00:00,191.94,192.07,191.81,191.94,209856.0
2025-07-28 18:45:00+00:00,191.94,191.98,191.813,191.865,192466.0
2025-07-28 18:50:00+00:00,191.865,192.03,191.82,191.88,241590.0
2025-07-28 18:55:00+00:00,191.875,191.93,191.76,191.775,146549.0
2025-07-28 19:00:00+00:00,191.78,191.795,191.67,191.7772,204371.0
2025-07-28 19:05:00+00:00,191.77,191.7997,191.6,191.63,167238.0
2025-07-28 19:10:00+00:00,191.64,191.77,191.62,191.71,233723.0
2025-07-28 19:15:00+00:00,191.715,191.9736,191.67,191.84,228948.0
2025-07-28 19:20:00+00:00,191.85,191.98,191.79,191.835,176374.0
2025-07-28 19:25:00+00:00,191.83,191.835,191.68,191.8127,229683.0
2025-07-28 19:30:00+00:00,191.81,191.93,191.775,191.93,289736.0
2025-07-28 19:35:00+00:00,191.925,192.09,191.88,191.905,605863.0
2025-07-28 19:40:00+00:00,191.9,191.945,191.825,191.9104,235479.0
2025-07-28 19:45:00+00:00,191.9,191.9,191.68,191.77,344734.0
2025-07-28 19:50:00+00:00,191.77,192.17,191.76,192.11,985558.0
2025-07-28 19:55:00+00:00,192.12,192.64,192.12,192.55,1994462.0
2025-07-28 20:00:00+00:00,192.53,192.63,192.38,192.58,5961939.0
2025-07-28 20:05:00+00:00,192.58,192.6,192.55,192.6,25088.0
2025-07-28 20:10:00+00:00,192.58,192.62,192.58,192.61,83633.0
2025-07-28 20:15:00+00:00,192.61,192.63,192.58,192.62,10163.0
2025-07-28 20:20:00+00:00,192.62,192.62,192.58,192.5801,24214.0
2025-07-28 20:25:00+00:00,192.58,192.63,192.58,192.601,6570.0
2025-07-28 20:30:00+00:00,192.601,192.64,192.585,192.63,2840.0
2025-07-28 20:35:00+00:00,192.5828,192.6199,192.58,192.61,1907.0
2025-07-28 20:40:00+00:00,192.6,192.62,192.6,192.62,9420.0
2025-07-28 20:45:00+00:00,192.6197,192.65,192.58,192.58,3769.0
2025-07-28 20:50:00+00:00,192.62,192.63,192.6101,192.62,3252.0
2025-07-28 20:55:00+00:00,192.63,192.63,192.53,192.58,10255.0
2025-07-28 21:00:00+00:00,192.52,192.58,192.511,192.52,1344.0
2025-07-28 21:05:00+00:00,192.52,192.6,192.52,192.5801,5188.0
2025-07-28 21:10:00+00:00,192.58,192.6,192.58,192.58,5317.0
2025-07-28 21:15:00+00:00,192.58,192.6,192.58,192.6,1497.0
2025-07-28 21:20:00+00:00,192.58,192.5885,192.55,192.55,1491.0
2025-07-28 21:25:00+00:00,192.55,192.55,192.5308,192.5308,890.0
2025-07-28 21:30:00+00:00,192.54,192.55,192.53,192.55,1072.0
2025-07-28 21:35:00+00:00,192.53,192.55,192.53,192.53,2455.0
2025-07-28 21:40:00+00:00,192.51,192.51,192.36,192.477,2492.0
2025-07-28 21:45:00+00:00,192.39,192.41,192.3616,192.3616,3493.0
2025-07-28 21:50:00+00:00,192.36,192.4045,192.36,192.4045,1371.0
2025-07-28 21:55:00+00:00,192.43,192.43,192.4,192.41,1103.0
2025-07-28 22:00:00+00:00,192.4,192.49,192.37,192.49,5645.0
2025-07-28 22:05:00+00:00,192.43,192.49,192.4119,192.48,7981.0
2025-07-28 22:10:00+00:00,192.41,192.42,192.41,192.42,539.0
2025-07-28 22:15:00+00:00,192.48,192.59,192.48,192.59,2578.0
2025-07-28 22:20:00+00:00,192.42,192.4609,192.42,192.4609,1957.0
2025-07-28 22:25:00+00:00,192.5,192.533,192.43,192.43,2206.0
2025-07-28 22:30:00+00:00,192.4299,192.49,192.4299,192.44,6390.0
2025-07-28 22:35:00+00:00,192.41,192.4101,192.41,192.41,863.0
2025-07-28 22:40:00+00:00,192.4475,192.45,192.3993,192.3993,1290.0
2025-07-28 22:45:00+00:00,192.4,192.41,192.37,192.37,1587.0
2025-07-28 22:50:00+00:00,192.38,192.6,192.35,192.49,9773.0
2025-07-28 22:55:00+00:00,192.38,192.3902,192.38,192.3902,1043.0
2025-07-28 23:00:00+00:00,192.46,192.46,192.4599,192.4599,927.0
2025-07-28 23:05:00+00:00,192.42,192.46,192.42,192.46,1196.0
2025-07-28 23:10:00+00:00,192.4598,192.46,192.32,192.32,1428.0
2025-07-28 23:15:00+00:00,192.32,192.4,192.32,192.4,339.0
2025-07-28 23:20:00+00:00,192.37,192.4299,192.37,192.4299,2669.0
2025-07-28 23:25:00+00:00,192.3181,192.3925,192.0,192.374,7821.0
2025-07-28 23:30:00+00:00,192.25,192.28,192.23,192.28,2218.0
2025-07-28 23:35:00+00:00,192.3695,192.3695,192.21,192.21,2199.0
2025-07-28 23:40:00+00:00,192.25,192.26,192.25,192.26,412.0
2025-07-28 23:45:00+00:00,192.28,192.3799,192.28,192.37,1604.0
2025-07-28 23:50:00+00:00,192.32,192.36,192.21,192.32,1061.0
2025-07-28 23:55:00+00:00,192.31,192.35,192.3,192.34,1689.0
2025-07-29 08:00:00+00:00,192.62,192.62,192.3,192.43,10614.0
2025-07-29 08:05:00+00:00,192.46,192.65,192.46,192.65,2295.0
2025-07-29 08:10:00+00:00,192.59,192.64,192.58,192.64,1057.0
2025-07-29 08:15:00+00:00,192.59,192.59,192.59,192.59,506.0
2025-07-29 08:20:00+00:00,192.6,192.63,192.6,192.63,1176.0
2025-07-29 08:25:00+00:00,192.62,192.62,192.6,192.61,684.0
2025-07-29 08:30:00+00:00,192.63,192.63,192.58,192.58,1238.0
2025-07-29 08:35:00+00:00,192.54,192.54,192.45,192.51,1533.0
2025-07-29 08:40:00+00:00,192.41,192.45,192.4,192.45,1182.0
2025-07-29 08:45:00+00:00,192.61,192.63,192.61,192.63,859.0
2025-07-29 08:55:00+00:00,192.52,192.52,192.52,192.52,229.0
2025-07-29 09:00:00+00:00,192.57,192.62,192.57,192.62,1699.0
2025-07-29 09:10:00+00:00,192.64,192.64,192.57,192.57,1673.0
2025-07-29 09:15:00+00:00,192.57,192.57,192.55,192.55,824.0
2025-07-29 09:20:00+00:00,192.5,192.55,192.5,192.55,1766.0
2025-07-29 09:25:00+00:00,192.59,192.6,192.59,192.6,1978.0
2025-07-29 09:30:00+00:00,192.55,192.55,192.55,192.55,120.0
2025-07-29 09:35:00+00:00,192.56,192.56,192.5,192.5,2532.0
2025-07-29 09:40:00+00:00,192.44,192.44,192.2,192.24,7038.0
2025-07-29 09:45:00+00:00,192.34,192.43,192.34,192.43,1614.0
2025-07-29 09:50:00+00:00,192.39,192.39,192.25,192.34,22052.0
2025-07-29 09:55:00+00:00,192.31,192.39,192.09,192.39,5525.0
2025-07-29 10:00:00+00:00,192.19,192.26,192.18,192.26,654.0
2025-07-29 10:10:00+00:00,192.21,192.21,192.16,192.16,773.0
2025-07-29 10:15:00+00:00,192.16,192.2,192.16,192.19,1879.0
2025-07-29 10:20:00+00:00,192.18,192.24,192.18,192.24,1617.0
2025-07-29 10:25:00+00:00,192.23,192.38,192.23,192.38,3583.0
2025-07-29 10:30:00+00:00,192.37,192.37,192.36,192.37,1593.0
2025-07-29 10:35:00+00:00,192.3,192.33,192.3,192.33,944.0
2025-07-29 10:40:00+00:00,192.31,192.34,192.3,192.31,1572.0
2025-07-29 10:45:00+00:00,192.27,192.31,192.27,192.31,1088.0
2025-07-29 10:50:00+00:00,192.28,192.28,192.23,192.23,1219.0
2025-07-29 10:55:00+00:00,192.28,192.28,192.28,192.28,104.0
2025-07-29 11:00:00+00:00,192.35,192.37,192.16,192.16,6725.0
2025-07-29 11:05:00+00:00,192.15,192.15,192.13,192.13,1711.0
2025-07-29 11:10:00+00:00,192.12,192.12,192.12,192.12,1832.0
2025-07-29 11:15:00+00:00,192.13,192.13,192.11,192.11,1205.0
2025-07-29 11:20:00+00:00,192.14,192.21,192.03,192.21,4970.0
2025-07-29 11:25:00+00:00,192.2,192.2,192.2,192.2,1907.0
2025-07-29 11:30:00+00:00,192.16,192.2,192.03,192.03,4693.0
2025-07-29 11:35:00+00:00,192.03,192.03,191.93,191.95,5998.0
2025-07-29 11:40:00+00:00,191.94,191.98,191.94,191.98,697.0
2025-07-29 11:45:00+00:00,192.0,192.05,191.81,191.81,5197.0
2025-07-29 11:50:00+00:00,191.62,191.78,191.61,191.78,2318.0
2025-07-29 11:55:00+00:00,191.9,191.97,191.9,191.97,586.0
2025-07-29 12:00:00+00:00,192.3656,192.7,191.56,192.1,86656.0
2025-07-29 12:05:00+00:00,192.1108,192.35,192.099,192.21,8339.0
2025-07-29 12:10:00+00:00,192.14,192.17,192.13,192.15,3470.0
2025-07-29 12:15:00+00:00,192.14,192.25,192.07,192.2,5858.0
2025-07-29 12:20:00+00:00,192.2,192.25,192.15,192.25,2168.0
2025-07-29 12:25:00+00:00,192.23,192.29,192.2,192.2,4413.0
2025-07-29 12:30:00+00:00,192.21,192.26,192.2,192.25,3628.0
2025-07-29 12:35:00+00:00,192.2,192.25,192.2,192.21,2749.0
2025-07-29 12:40:00+00:00,192.25,192.29,192.2,192.24,4118.0
2025-07-29 12:45:00+00:00,192.25,192.25,192.11,192.11,8775.0
2025-07-29 12:50:00+00:00,192.0851,192.2,192.0401,192.14,5431.0
2025-07-29 12:55:00+00:00,192.14,192.14,192.08,192.12,4563.0
2025-07-29 13:00:00+00:00,192.09,192.16,192.0585,192.13,9332.0
2025-07-29 13:05:00+00:00,192.13,192.15,192.11,192.15,4496.0
2025-07-29 13:10:00+00:00,192.11,192.12,192.0,192.1,7913.0
2025-07-29 13:15:00+00:00,192.05,192.1,192.05,192.09,3789.0
2025-07-29 13:20:00+00:00,192.0715,192.29,192.0701,192.171,7788.0
2025-07-29 13:25:00+00:00,192.0,192.81,191.7,192.42,87433.0
2025-07-29 13:30:00+00:00,192.43,193.6,192.34,193.04,1917146.0
2025-07-29 13:35:00+00:00,193.04,193.64,193.0,193.27,776164.0
2025-07-29 13:40:00+00:00,193.285,193.6,192.66,192.68,636225.0
2025-07-29 13:45:00+00:00,192.7,192.94,192.35,192.4546,568306.0
2025-07-29 13:50:00+00:00,192.445,192.51,192.08,192.32,459424.0
2025-07-29 13:55:00+00:00,192.33,192.84,192.33,192.61,412237.0
2025-07-29 14:00:00+00:00,192.61,192.81,192.33,192.47,305877.0
2025-07-29 14:05:00+00:00,192.5,192.97,192.35,192.89,346506.0
2025-07-29 14:10:00+00:00,192.87,193.4701,192.78,193.335,443831.0
2025-07-29 14:15:00+00:00,193.335,193.43,192.931,193.43,400967.0
2025-07-29 14:20:00+00:00,193.43,193.47,193.13,193.24,332078.0
2025-07-29 14:25:00+00:00,193.23,193.3,192.9,193.03,269152.0
2025-07-29 14:30:00+00:00,193.02,193.15,192.815,192.99,403659.0
2025-07-29 14:35:00+00:00,193.0,193.04,192.71,192.785,393539.0
2025-07-29 14:40:00+00:00,192.77,193.0,192.72,192.89,329372.0
2025-07-29 14:45:00+00:00,192.88,193.04,192.82,192.92,462480.0
2025-07-29 14:50:00+00:00,192.91,193.12,192.88,192.92,376571.0
2025-07-29 14:55:00+00:00,192.94,193.48,192.92,193.33,496592.0
2025-07-29 15:00:00+00:00,193.33,193.665,193.33,193.615,450400.0
2025-07-29 15:05:00+00:00,193.6,193.8,193.33,193.44,363096.0
2025-07-29 15:10:00+00:00,193.45,193.57,193.26,193.3,257947.0
2025-07-29 15:15:00+00:00,193.31,193.51,193.27,193.42,273182.0
2025-07-29 15:20:00+00:00,193.42,193.6399,193.3103,193.44,311337.0
2025-07-29 15:25:00+00:00,193.45,193.48,193.1099,193.19,410361.0
2025-07-29 15:30:00+00:00,193.18,193.71,193.155,193.67,432407.0
2025-07-29 15:35:00+00:00,193.675,193.75,193.41,193.55,264187.0
2025-07-29 15:40:00+00:00,193.57,193.61,193.26,193.58,278975.0
2025-07-29 15:45:00+00:00,193.57,194.27,193.57,194.03,1084758.0
2025-07-29 15:50:00+00:00,194.01,194.465,193.74,194.37,708234.0
2025-07-29 15:55:00+00:00,194.37,194.5,194.17,194.25,529178.0
2025-07-29 16:00:00+00:00,194.26,194.7312,194.17,194.37,735847.0
2025-07-29 16:05:00+00:00,194.37,194.67,194.1415,194.415,754565.0
2025-07-29 16:10:00+00:00,194.42,194.64,194.23,194.38,433213.0
2025-07-29 16:15:00+00:00,194.375,194.679,194.3608,194.605,355736.0
2025-07-29 16:20:00+00:00,194.61,194.69,194.45,194.6,343808.0
2025-07-29 16:25:00+00:00,194.61,194.775,194.49,194.69,577797.0
2025-07-29 16:30:00+00:00,194.68,195.03,194.55,194.945,580006.0
2025-07-29 16:35:00+00:00,194.95,195.01,194.8101,194.92,435805.0
2025-07-29 16:40:00+00:00,194.91,195.155,194.89,195.1052,515844.0
2025-07-29 16:45:00+00:00,195.105,195.16,194.95,195.02,328283.0
2025-07-29 16:50:00+00:00,195.03,195.52,195.0,195.51,541941.0
2025-07-29 16:55:00+00:00,195.5,195.67,195.45,195.53,565794.0
2025-07-29 17:00:00+00:00,195.53,195.72,195.03,195.03,483294.0
2025-07-29 17:05:00+00:00,195.0201,195.275,195.0,195.075,302369.0
2025-07-29 17:10:00+00:00,195.07,195.09,194.86,194.915,284532.0
2025-07-29 17:15:00+00:00,194.915,195.26,194.845,195.2352,323142.0
2025-07-29 17:20:00+00:00,195.24,195.395,195.12,195.19,309087.0
2025-07-29 17:25:00+00:00,195.17,195.23,194.96,194.99,293060.0
2025-07-29 17:30:00+00:00,194.9912,195.01,194.79,194.99,210782.0
2025-07-29 17:35:00+00:00,194.99,195.075,194.7,194.85,230578.0
2025-07-29 17:40:00+00:00,194.85,194.89,194.69,194.815,212570.0
2025-07-29 17:45:00+00:00,194.82,194.91,194.625,194.67,187170.0
2025-07-29 17:50:00+00:00,194.66,194.93,194.62,194.93,287009.0
2025-07-29 17:55:00+00:00,194.915,195.18,194.914,194.935,476695.0
2025-07-29 18:00:00+00:00,194.92,195.17,194.9,195.135,249553.0
2025-07-29 18:05:00+00:00,195.135,195.35,195.06,195.2,327878.0
2025-07-29 18:10:00+00:00,195.21,195.31,195.165,195.2304,310919.0
2025-07-29 18:15:00+00:00,195.22,195.36,195.055,195.23,240363.0
2025-07-29 18:20:00+00:00,195.23,195.375,195.1093,195.1795,253615.0
2025-07-29 18:25:00+00:00,195.17,195.19,194.98,195.11,267927.0
2025-07-29 18:30:00+00:00,195.11,195.2999,194.885,194.92,276061.0
2025-07-29 18:35:00+00:00,194.91,195.145,194.85,195.0986,205007.0
2025-07-29 18:40:00+00:00,195.1,195.2,195.045,195.13,200202.0
2025-07-29 18:45:00+00:00,195.13,195.225,195.085,195.195,245023.0
2025-07-29 18:50:00+00:00,195.2,195.41,195.2,195.31,349878.0
2025-07-29 18:55:00+00:00,195.32,195.325,195.08,195.1625,319211.0
2025-07-29 19:00:00+00:00,195.175,195.25,195.09,195.24,282188.0
2025-07-29 19:05:00+00:00,195.23,195.26,195.025,195.075,287475.0
2025-07-29 19:10:00+00:00,195.08,195.46,195.08,195.12,391287.0
2025-07-29 19:15:00+00:00,195.12,195.44,195.07,195.395,394214.0
2025-07-29 19:20:00+00:00,195.395,195.595,195.36,195.365,557525.0
2025-07-29 19:25:00+00:00,195.365,195.465,195.115,195.31,507459.0
2025-07-29 19:30:00+00:00,195.31,195.45,195.23,195.325,399059.0
2025-07-29 19:35:00+00:00,195.33,195.385,195.08,195.125,436843.0
2025-07-29 19:40:00+00:00,195.1201,195.65,195.1201,195.635,665481.0
2025-07-29 19:45:00+00:00,195.635,195.84,195.585,195.785,1118317.0
2025-07-29 19:50:00+00:00,195.79,195.92,195.515,195.81,1177019.0
2025-07-29 19:55:00+00:00,195.8,195.85,195.48,195.735,2372453.0
2025-07-29 20:00:00+00:00,195.76,196.01,193.72,195.75,3880051.0
2025-07-29 20:05:00+00:00,195.75,195.83,195.68,195.75,25678.0
2025-07-29 20:10:00+00:00,195.8,195.81,195.75,195.7511,6576.0
2025-07-29 20:15:00+00:00,195.75,195.79,195.68,195.7299,7387.0
2025-07-29 20:20:00+00:00,195.7,195.7,195.5,195.7,4381.0
2025-07-29 20:25:00+00:00,195.5507,195.69,195.55,195.56,38239.0
2025-07-29 20:30:00+00:00,195.55,195.65,195.47,195.47,46068.0
2025-07-29 20:35:00+00:00,195.5,195.6099,195.4,195.4207,9134.0
2025-07-29 20:40:00+00:00,195.42,195.75,195.4002,195.75,3420.0
2025-07-29 20:45:00+00:00,195.45,195.45,195.35,195.37,14356.0
2025-07-29 20:50:00+00:00,195.3,195.36,195.3,195.3,1564.0
2025-07-29 20:55:00+00:00,195.3038,195.39,195.3038,195.35,4690.0
2025-07-29 21:00:00+00:00,195.31,195.38,195.2202,195.2222,7769.0
2025-07-29 21:05:00+00:00,195.28,195.36,195.2,195.24,557166.0
2025-07-29 21:10:00+00:00,195.24,195.3,195.11,195.3,2373.0
2025-07-29 21:15:00+00:00,195.22,195.22,195.1524,195.22,1653.0
2025-07-29 21:20:00+00:00,195.28,195.3199,195.15,195.15,2008.0
2025-07-29 21:25:00+00:00,195.14,195.32,195.1,195.1,9164.0
2025-07-29 21:30:00+00:00,195.31,195.31,195.23,195.23,1140.0
2025-07-29 21:35:00+00:00,195.23,195.3,195.1376,195.1376,1229.0
2025-07-29 21:40:00+00:00,195.17,195.21,195.11,195.21,2820.0
2025-07-29 21:45:00+00:00,195.21,195.21,195.1204,195.13,2660.0
2025-07-29 21:50:00+00:00,195.12,195.25,195.12,195.15,3135.0
2025-07-29 21:55:00+00:00,195.2,195.21,195.1,195.1,1211.0
2025-07-29 22:00:00+00:00,195.15,195.26,195.12,195.12,1281.0
2025-07-29 22:05:00+00:00,195.18,195.29,195.18,195.2501,1448.0
2025-07-29 22:10:00+00:00,195.29,195.29,195.25,195.25,2228.0
2025-07-29 22:15:00+00:00,195.2524,195.3,195.25,195.25,1559.0
2025-07-29 22:20:00+00:00,195.226,195.27,195.226,195.27,605.0
2025-07-29 22:25:00+00:00,195.26,195.26,195.22,195.22,757.0
2025-07-29 22:30:00+00:00,195.16,195.17,195.12,195.17,1993.0
2025-07-29 22:35:00+00:00,195.13,195.13,195.13,195.13,548.0
2025-07-29 22:40:00+00:00,195.1101,195.13,195.11,195.11,4950.0
2025-07-29 22:45:00+00:00,195.12,195.13,195.12,195.13,1652.0
2025-07-29 22:50:00+00:00,195.1117,195.13,195.1101,195.12,2649.0
2025-07-29 22:55:00+00:00,195.11,195.11,195.11,195.11,157.0
2025-07-29 23:00:00+00:00,195.2,195.24,195.11,195.24,593.0
2025-07-29 23:05:00+00:00,195.2,195.25,195.2,195.25,1509.0
2025-07-29 23:10:00+00:00,195.25,195.28,195.25,195.25,1262.0
2025-07-29 23:15:00+00:00,195.25,195.25,195.25,195.25,124.0
2025-07-29 23:20:00+00:00,195.2501,195.27,195.2501,195.27,911.0
2025-07-29 23:25:00+00:00,195.27,195.313,195.27,195.313,1915.0
2025-07-29 23:30:00+00:00,195.25,195.28,195.25,195.28,1812.0
2025-07-29 23:35:00+00:00,195.26,195.26,195.25,195.25,495.0
2025-07-29 23:40:00+00:00,195.2501,195.2501,195.19,195.19,2186.0
2025-07-29 23:45:00+00:00,195.2,195.2494,195.1951,195.22,1280.0
2025-07-29 23:50:00+00:00,195.21,195.23,195.16,195.23,1419.0
2025-07-29 23:55:00+00:00,195.25,195.37,195.23,195.23,3473.0
2025-07-30 08:00:00+00:00,195.44,195.44,195.32,195.32,2710.0
2025-07-30 08:05:00+00:00,195.38,195.46,195.38,195.38,2261.0
2025-07-30 08:10:00+00:00,195.32,195.39,195.07,195.39,7270.0
2025-07-30 08:15:00+00:00,195.26,195.26,195.22,195.22,2472.0
2025-07-30 08:20:00+00:00,195.22,195.22,195.12,195.12,2230.0
2025-07-30 08:30:00+00:00,195.22,195.22,195.11,195.19,3457.0
2025-07-30 08:35:00+00:00,195.15,195.16,195.14,195.16,451.0
2025-07-30 08:40:00+00:00,195.19,195.24,195.16,195.16,1730.0
2025-07-30 08:50:00+00:00,195.16,195.16,195.08,195.08,3361.0
2025-07-30 08:55:00+00:00,195.08,195.13,195.08,195.13,1108.0
2025-07-30 09:00:00+00:00,195.18,195.19,195.18,195.19,1056.0
2025-07-30 09:10:00+00:00,195.17,195.22,195.17,195.22,1128.0
2025-07-30 09:15:00+00:00,195.19,195.25,195.19,195.25,2279.0
2025-07-30 09:20:00+00:00,195.21,195.29,195.21,195.24,3099.0
2025-07-30 09:25:00+00:00,195.19,195.19,195.15,195.15,4228.0
2025-07-30 09:30:00+00:00,195.11,195.11,195.11,195.11,255.0
2025-07-30 09:35:00+00:00,195.16,195.18,195.05,195.06,2674.0
2025-07-30 09:40:00+00:00,195.07,195.18,195.07,195.17,875.0
2025-07-30 09:45:00+00:00,195.07,195.07,195.07,195.07,246.0
2025-07-30 09:50:00+00:00,195.09,195.09,195.03,195.04,1500.0
2025-07-30 09:55:00+00:00,195.05,195.05,195.05,195.05,523.0
2025-07-30 10:00:00+00:00,195.19,195.23,195.19,195.23,1321.0
2025-07-30 10:05:00+00:00,195.25,195.26,195.23,195.23,3075.0
2025-07-30 10:10:00+00:00,195.29,195.29,195.29,195.29,792.0
2025-07-30 10:15:00+00:00,195.31,195.31,195.31,195.31,558.0
2025-07-30 10:25:00+00:00,195.31,195.35,195.3,195.35,973.0
2025-07-30 10:30:00+00:00,195.34,195.34,195.34,195.34,495.0
2025-07-30 10:40:00+00:00,195.39,195.46,195.39,195.44,2395.0
2025-07-30 10:45:00+00:00,195.42,195.42,195.4,195.4,1817.0
2025-07-30 10:50:00+00:00,195.35,195.35,195.35,195.35,264.0
2025-07-30 10:55:00+00:00,195.34,195.39,195.34,195.39,655.0
2025-07-30 11:00:00+00:00,195.37,195.4,195.25,195.25,1688.0
2025-07-30 11:05:00+00:00,195.4,195.5,195.39,195.5,5467.0
2025-07-30 11:10:00+00:00,195.57,195.57,195.49,195.49,1050.0
2025-07-30 11:15:00+00:00,195.43,195.43,195.43,195.43,240.0
2025-07-30 11:20:00+00:00,195.43,195.43,195.37,195.37,2317.0
2025-07-30 11:25:00+00:00,195.41,195.41,195.41,195.41,692.0
2025-07-30 11:30:00+00:00,195.43,195.43,195.43,195.43,163.0
2025-07-30 11:35:00+00:00,195.45,195.45,195.45,195.45,1391.0
2025-07-30 11:40:00+00:00,195.4,195.4,195.39,195.39,1695.0
2025-07-30 11:45:00+00:00,195.4,195.4,195.4,195.4,634.0
2025-07-30 11:50:00+00:00,195.4,195.4,195.32,195.33,3117.0
2025-07-30 12:00:00+00:00,195.47,195.67,195.0421,195.39,98466.0
2025-07-30 12:05:00+00:00,195.3154,195.34,195.2,195.2,2863.0
2025-07-30 12:10:00+00:00,195.15,195.31,195.0672,195.24,25396.0
2025-07-30 12:15:00+00:00,195.1804,195.38,195.1804,195.38,7571.0
2025-07-30 12:20:00+00:00,195.387,195.387,195.15,195.3,5192.0
2025-07-30 12:25:00+00:00,195.35,195.35,195.27,195.34,2889.0
2025-07-30 12:30:00+00:00,195.35,195.45,195.2759,195.37,7700.0
2025-07-30 12:35:00+00:00,195.4388,195.4388,195.2625,195.4148,8668.0
2025-07-30 12:40:00+00:00,195.44,195.45,195.3916,195.45,2156.0
2025-07-30 12:45:00+00:00,195.41,195.49,195.25,195.49,7742.0
2025-07-30 12:50:00+00:00,195.45,195.5499,195.4257,195.5,7244.0
2025-07-30 12:55:00+00:00,195.5099,195.55,195.46,195.46,7029.0
2025-07-30 13:00:00+00:00,195.4,195.44,195.2404,195.3,6710.0
2025-07-30 13:05:00+00:00,195.3,195.36,195.2514,195.36,6932.0
2025-07-30 13:10:00+00:00,195.37,195.39,195.295,195.3,1680.0
2025-07-30 13:15:00+00:00,195.28,195.32,195.1959,195.3,3068.0
2025-07-30 13:20:00+00:00,195.34,195.37,195.19,195.37,6119.0
2025-07-30 13:25:00+00:00,195.29,195.72,194.8,195.72,54625.0
2025-07-30 13:30:00+00:00,195.6,196.24,195.34,195.525,1081762.0
2025-07-30 13:35:00+00:00,195.525,196.13,195.5,195.865,468107.0
2025-07-30 13:40:00+00:00,195.85,196.68,195.79,196.635,618738.0
2025-07-30 13:45:00+00:00,196.635,196.8,195.66,196.0034,633874.0
2025-07-30 13:50:00+00:00,196.0,196.05,195.34,195.44,465126.0
2025-07-30 13:55:00+00:00,195.47,195.5,195.01,195.15,477426.0
2025-07-30 14:00:00+00:00,195.1575,195.1744,194.7,194.7036,547013.0
2025-07-30 14:05:00+00:00,194.7,195.1445,194.685,195.05,393727.0
2025-07-30 14:10:00+00:00,195.05,195.22,194.94,195.08,397779.0
2025-07-30 14:15:00+00:00,195.085,195.49,195.0,195.3393,333596.0
2025-07-30 14:20:00+00:00,195.3499,195.76,195.23,195.7386,303780.0
2025-07-30 14:25:00+00:00,195.73,195.81,195.42,195.59,227541.0
2025-07-30 14:30:00+00:00,195.58,196.2,195.5733,195.96,316038.0
2025-07-30 14:35:00+00:00,195.95,196.28,195.86,196.15,262184.0
2025-07-30 14:40:00+00:00,196.19,196.46,196.02,196.205,229625.0
2025-07-30 14:45:00+00:00,196.21,196.36,195.96,196.1912,668635.0
2025-07-30 14:50:00+00:00,196.195,196.371,196.02,196.1,465927.0
2025-07-30 14:55:00+00:00,196.1,196.535,196.1,196.155,292194.0
2025-07-30 15:00:00+00:00,196.15,196.585,196.135,196.58,276886.0
2025-07-30 15:05:00+00:00,196.583,196.81,196.39,196.64,503575.0
2025-07-30 15:10:00+00:00,196.64,196.82,196.52,196.7092,291184.0
2025-07-30 15:15:00+00:00,196.695,196.885,196.47,196.57,507442.0
2025-07-30 15:20:00+00:00,196.55,196.99,196.49,196.8598,403179.0
2025-07-30 15:25:00+00:00,196.855,196.92,196.675,196.77,321935.0
2025-07-30 15:30:00+00:00,196.76,196.92,196.71,196.77,207356.0
2025-07-30 15:35:00+00:00,196.77,196.875,196.7001,196.765,457612.0
2025-07-30 15:40:00+00:00,196.765,196.965,196.73,196.88,270870.0
2025-07-30 15:45:00+00:00,196.8843,197.035,196.775,196.88,276855.0
2025-07-30 15:50:00+00:00,196.88,196.9799,196.85,196.92,193499.0
2025-07-30 15:55:00+00:00,196.93,197.19,196.93,197.15,328968.0
2025-07-30 16:00:00+00:00,197.15,197.2,197.01,197.11,261850.0
2025-07-30 16:05:00+00:00,197.12,197.14,196.85,196.865,241878.0
2025-07-30 16:10:00+00:00,196.8647,197.09,196.813,197.08,230300.0
2025-07-30 16:15:00+00:00,197.08,197.22,197.05,197.055,240022.0
2025-07-30 16:20:00+00:00,197.07,197.21,197.06,197.1501,150960.0
2025-07-30 16:25:00+00:00,197.15,197.355,197.11,197.34,179558.0
2025-07-30 16:30:00+00:00,197.325,197.535,197.29,197.38,477589.0
2025-07-30 16:35:00+00:00,197.375,197.5999,197.3201,197.5,190215.0
2025-07-30 16:40:00+00:00,197.505,197.53,196.94,197.015,772691.0
2025-07-30 16:45:00+00:00,197.01,197.24,196.9568,197.17,185273.0
2025-07-30 16:50:00+00:00,197.17,197.295,197.12,197.18,138768.0
2025-07-30 16:55:00+00:00,197.18,197.24,197.11,197.18,123446.0
2025-07-30 17:00:00+00:00,197.18,197.245,197.1202,197.1534,116449.0
2025-07-30 17:05:00+00:00,197.15,197.175,196.98,197.09,177490.0
2025-07-30 17:10:00+00:00,197.08,197.16,196.875,196.9,149694.0
2025-07-30 17:15:00+00:00,196.89,196.99,196.865,196.93,143075.0
2025-07-30 17:20:00+00:00,196.935,197.07,196.885,196.92,119666.0
2025-07-30 17:25:00+00:00,196.92,197.04,196.845,196.845,116562.0
2025-07-30 17:30:00+00:00,196.855,197.085,196.83,197.055,179101.0
2025-07-30 17:35:00+00:00,197.055,197.0816,196.955,196.97,143938.0
2025-07-30 17:40:00+00:00,196.97,197.01,196.9191,196.9799,92234.0
2025-07-30 17:45:00+00:00,196.97,196.995,196.655,196.665,149950.0
2025-07-30 17:50:00+00:00,196.6799,196.79,196.41,196.69,218342.0
2025-07-30 17:55:00+00:00,196.705,196.95,196.69,196.91,112202.0
2025-07-30 18:00:00+00:00,196.91,197.18,196.84,197.06,191703.0
2025-07-30 18:05:00+00:00,197.06,197.21,196.9603,197.17,147299.0
2025-07-30 18:10:00+00:00,197.18,197.25,196.94,196.995,134687.0
2025-07-30 18:15:00+00:00,196.995,197.07,196.9,196.96,104946.0
2025-07-30 18:20:00+00:00,196.95,197.287,196.95,197.1999,182885.0
2025-07-30 18:25:00+00:00,197.23,197.23,197.0893,197.105,145633.0
2025-07-30 18:30:00+00:00,197.1,197.335,197.06,197.24,190925.0
2025-07-30 18:35:00+00:00,197.23,197.34,197.0,197.06,271116.0
2025-07-30 18:40:00+00:00,197.05,197.11,196.83,197.05,240130.0
2025-07-30 18:45:00+00:00,197.04,197.24,196.91,196.945,782465.0
2025-07-30 18:50:00+00:00,196.935,196.96,196.6101,196.7,296773.0
2025-07-30 18:55:00+00:00,196.69,196.82,196.05,196.125,380172.0
2025-07-30 19:00:00+00:00,196.11,196.11,195.465,195.48,552599.0
2025-07-30 19:05:00+00:00,195.499,195.74,195.2501,195.62,522970.0
2025-07-30 19:10:00+00:00,195.62,196.26,195.525,196.06,406486.0
2025-07-30 19:15:00+00:00,196.055,196.23,195.94,196.09,252022.0
2025-07-30 19:20:00+00:00,196.08,196.29,195.835,195.85,239829.0
2025-07-30 19:25:00+00:00,195.84,195.96,195.655,195.8,327241.0
2025-07-30 19:30:00+00:00,195.81,196.14,195.79,196.02,331033.0
2025-07-30 19:35:00+00:00,196.0,196.0986,195.8,195.8799,229359.0
2025-07-30 19:40:00+00:00,195.86,196.1468,195.8,196.03,282825.0
2025-07-30 19:45:00+00:00,196.035,196.255,196.015,196.13,450502.0
2025-07-30 19:50:00+00:00,196.13,196.62,196.11,196.42,688089.0
2025-07-30 19:55:00+00:00,196.415,196.655,196.15,196.63,1311742.0
2025-07-30 20:00:00+00:00,196.64,197.49,196.53,196.61,4994169.0
2025-07-30 20:05:00+00:00,196.71,197.44,196.35,196.68,192104.0
2025-07-30 20:10:00+00:00,196.63,196.8,196.11,196.17,197943.0
2025-07-30 20:15:00+00:00,196.14,196.43,196.11,196.11,81621.0
2025-07-30 20:20:00+00:00,196.15,196.15,195.5,195.91,91725.0
2025-07-30 20:25:00+00:00,196.03,196.03,195.62,195.89,30000.0
2025-07-30 20:30:00+00:00,195.93,196.11,195.83,195.85,244576.0
2025-07-30 20:35:00+00:00,195.88,195.91,195.63,195.67,22080.0
2025-07-30 20:40:00+00:00,195.7,195.72,195.4,195.4,59659.0
2025-07-30 20:45:00+00:00,195.3,195.61,195.3,195.6,28728.0
2025-07-30 20:50:00+00:00,195.63,195.63,195.4,195.48,15316.0
2025-07-30 20:55:00+00:00,195.48,195.49,195.4,195.47,8610.0
2025-07-30 21:00:00+00:00,195.45,195.49,195.2,195.25,18247.0
2025-07-30 21:05:00+00:00,195.25,195.33,195.2001,195.3,11081.0
2025-07-30 21:10:00+00:00,195.33,195.39,195.19,195.36,18498.0
2025-07-30 21:15:00+00:00,195.35,195.37,195.29,195.35,11038.0
2025-07-30 21:20:00+00:00,195.3,195.49,195.3,195.48,19214.0
2025-07-30 21:25:00+00:00,195.4801,195.96,195.4801,195.63,20458.0
2025-07-30 21:30:00+00:00,195.64,195.68,195.6,195.63,10030.0
2025-07-30 21:35:00+00:00,195.62,195.67,195.44,195.46,10913.0
2025-07-30 21:40:00+00:00,195.4301,195.5,195.37,195.48,10777.0
2025-07-30 21:45:00+00:00,195.48,195.57,195.38,195.5,11359.0
2025-07-30 21:50:00+00:00,195.5,195.76,195.36,195.74,23636.0
2025-07-30 21:55:00+00:00,195.79,195.89,195.64,195.69,25353.0
2025-07-30 22:00:00+00:00,195.51,195.69,195.3,195.57,9604.0
2025-07-30 22:05:00+00:00,195.5,195.66,195.412,195.66,9301.0
2025-07-30 22:10:00+00:00,195.66,195.66,195.41,195.5,4876.0
2025-07-30 22:15:00+00:00,195.49,195.56,195.42,195.56,8822.0
2025-07-30 22:20:00+00:00,195.65,195.65,195.57,195.57,2745.0
2025-07-30 22:25:00+00:00,195.6,195.62,195.57,195.59,1907.0
2025-07-30 22:30:00+00:00,195.5742,195.7698,195.5702,195.7698,8201.0
2025-07-30 22:35:00+00:00,195.7,195.7,195.7,195.7,318.0
2025-07-30 22:40:00+00:00,195.67,195.8,195.6408,195.6408,6258.0
2025-07-30 22:45:00+00:00,195.73,195.9197,195.73,195.88,6268.0
2025-07-30 22:50:00+00:00,195.88,195.91,195.82,195.88,4323.0
2025-07-30 22:55:00+00:00,195.92,195.94,195.86,195.94,3513.0
2025-07-30 23:00:00+00:00,196.0,196.11,195.98,196.1,6784.0
2025-07-30 23:05:00+00:00,196.01,196.13,196.01,196.13,2295.0
2025-07-30 23:10:00+00:00,196.11,196.13,196.08,196.09,4148.0
2025-07-30 23:15:00+00:00,196.11,196.24,196.1,196.2,9181.0
2025-07-30 23:20:00+00:00,196.2,196.26,196.2,196.2005,3913.0
2025-07-30 23:25:00+00:00,196.2,196.2,195.99,195.99,9666.0
2025-07-30 23:30:00+00:00,195.82,195.82,195.8198,195.82,1310.0
2025-07-30 23:35:00+00:00,195.81,195.81,195.67,195.78,3694.0
2025-07-30 23:40:00+00:00,195.63,195.95,195.63,195.95,1919.0
2025-07-30 23:45:00+00:00,196.1417,196.1417,195.9,196.1194,7603.0
2025-07-30 23:50:00+00:00,195.91,196.1997,195.91,196.0,5541.0
2025-07-30 23:55:00+00:00,195.94,196.0,195.9,195.9,8499.0
2025-07-31 08:00:00+00:00,196.49,197.78,196.28,196.32,14034.0
2025-07-31 08:05:00+00:00,196.48,196.55,196.3,196.5,12528.0
2025-07-31 08:10:00+00:00,196.54,196.57,196.5,196.5,7459.0
2025-07-31 08:15:00+00:00,196.5,196.5,196.38,196.48,4966.0
2025-07-31 08:20:00+00:00,196.57,196.61,196.56,196.58,10201.0
2025-07-31 08:25:00+00:00,196.58,196.78,196.58,196.75,5185.0
2025-07-31 08:30:00+00:00,196.73,196.76,196.6,196.6,12674.0
2025-07-31 08:35:00+00:00,196.58,196.6,196.52,196.52,2929.0
2025-07-31 08:40:00+00:00,196.55,196.55,196.39,196.39,2590.0
2025-07-31 08:45:00+00:00,196.39,196.39,196.3,196.39,3623.0
2025-07-31 08:50:00+00:00,196.39,196.4,196.38,196.39,1440.0
2025-07-31 08:55:00+00:00,196.2,196.26,196.15,196.15,5426.0
2025-07-31 09:00:00+00:00,196.06,196.06,195.94,195.94,7110.0
2025-07-31 09:05:00+00:00,195.99,196.1,195.9,195.93,4654.0
2025-07-31 09:10:00+00:00,195.97,195.97,195.69,195.69,9506.0
2025-07-31 09:15:00+00:00,195.99,195.99,195.94,195.94,785.0
2025-07-31 09:20:00+00:00,195.97,195.99,195.74,195.75,7118.0
2025-07-31 09:30:00+00:00,195.91,195.91,195.76,195.76,620.0
2025-07-31 09:35:00+00:00,195.92,195.92,195.92,195.92,518.0
2025-07-31 09:40:00+00:00,195.9,195.9,195.9,195.9,215.0
2025-07-31 09:45:00+00:00,195.93,195.93,195.81,195.89,4484.0
2025-07-31 09:50:00+00:00,195.88,196.0,195.88,196.0,1895.0
2025-07-31 09:55:00+00:00,196.1,196.1,196.1,196.1,114.0
2025-07-31 10:00:00+00:00,196.17,196.17,196.14,196.14,718.0
2025-07-31 10:05:00+00:00,196.13,196.13,196.13,196.13,230.0
2025-07-31 10:10:00+00:00,196.17,196.17,196.17,196.17,259.0
2025-07-31 10:15:00+00:00,196.19,196.24,196.19,196.22,946.0
2025-07-31 10:20:00+00:00,196.15,196.23,196.15,196.23,1535.0
2025-07-31 10:25:00+00:00,196.23,196.24,196.2,196.22,3862.0
2025-07-31 10:30:00+00:00,196.2,196.2,196.18,196.18,3207.0
2025-07-31 10:35:00+00:00,196.3,196.42,196.25,196.25,3386.0
2025-07-31 10:40:00+00:00,196.32,196.36,196.32,196.36,456.0
2025-07-31 10:45:00+00:00,196.22,196.22,196.22,196.22,291.0
2025-07-31 10:50:00+00:00,196.13,196.13,196.13,196.13,532.0
2025-07-31 10:55:00+00:00,196.13,196.14,196.0,196.02,4295.0
2025-07-31 11:00:00+00:00,196.11,196.25,196.06,196.25,9899.0
2025-07-31 11:05:00+00:00,196.24,196.25,195.88,195.88,18911.0
2025-07-31 11:10:00+00:00,195.89,195.94,195.79,195.92,8643.0
2025-07-31 11:15:00+00:00,195.87,195.87,195.76,195.82,3924.0
2025-07-31 11:20:00+00:00,195.8,195.8,195.67,195.8,4677.0
2025-07-31 11:25:00+00:00,195.81,195.85,195.75,195.75,2195.0
2025-07-31 11:30:00+00:00,195.83,195.94,195.82,195.94,5433.0
2025-07-31 11:35:00+00:00,195.95,195.95,195.83,195.83,5331.0
2025-07-31 11:40:00+00:00,195.83,195.83,195.69,195.7,1344.0
2025-07-31 11:45:00+00:00,195.8,195.81,195.57,195.6,8399.0
2025-07-31 11:50:00+00:00,195.59,195.6,195.55,195.55,1420.0
2025-07-31 11:55:00+00:00,195.56,195.74,195.55,195.71,5494.0
2025-07-31 12:00:00+00:00,195.4,196.81,194.67,195.29,170476.0
2025-07-31 12:05:00+00:00,195.3,195.3999,195.29,195.32,6662.0
2025-07-31 12:10:00+00:00,195.32,195.7699,195.32,195.57,21468.0
2025-07-31 12:15:00+00:00,195.49,195.5764,195.42,195.57,6381.0
2025-07-31 12:20:00+00:00,195.6,195.65,195.54,195.65,2854.0
2025-07-31 12:25:00+00:00,195.75,196.0,195.7,196.0,11532.0
2025-07-31 12:30:00+00:00,195.87,196.2,195.79,195.93,11612.0
2025-07-31 12:35:00+00:00,195.97,196.12,195.97,196.0,11271.0
2025-07-31 12:40:00+00:00,196.0494,196.19,195.97,196.19,16497.0
2025-07-31 12:45:00+00:00,196.25,196.5,196.25,196.26,40583.0
2025-07-31 12:50:00+00:00,196.31,196.61,196.31,196.4,20982.0
2025-07-31 12:55:00+00:00,196.47,196.5,196.33,196.36,10794.0
2025-07-31 13:00:00+00:00,196.4,196.4,196.1358,196.17,11620.0
2025-07-31 13:05:00+00:00,196.13,196.309,196.1,196.1503,11266.0
2025-07-31 13:10:00+00:00,196.255,196.26,196.15,196.25,5143.0
2025-07-31 13:15:00+00:00,196.2489,196.2489,196.11,196.13,10051.0
2025-07-31 13:20:00+00:00,196.13,196.22,196.0959,196.1498,9612.0
2025-07-31 13:25:00+00:00,196.09,196.09,195.55,195.63,36209.0
2025-07-31 13:30:00+00:00,195.71,195.99,191.93,192.49,3301782.0
2025-07-31 13:35:00+00:00,192.49,194.12,192.01,194.105,1392685.0
2025-07-31 13:40:00+00:00,194.09,194.19,192.83,193.1799,1191510.0
2025-07-31 13:45:00+00:00,193.18,193.8892,192.63,193.48,1134576.0
2025-07-31 13:50:00+00:00,193.48,193.53,192.427,193.365,1015484.0
2025-07-31 13:55:00+00:00,193.36,194.25,193.32,193.525,921710.0
2025-07-31 14:00:00+00:00,193.51,193.92,193.34,193.5975,732185.0
2025-07-31 14:05:00+00:00,193.5934,194.27,193.52,194.15,629376.0
2025-07-31 14:10:00+00:00,194.16,194.445,193.78,194.05,595334.0
2025-07-31 14:15:00+00:00,194.06,194.41,193.99,194.23,653569.0
2025-07-31 14:20:00+00:00,194.24,194.41,194.05,194.3058,360927.0
2025-07-31 14:25:00+00:00,194.305,194.51,193.86,193.9148,547447.0
2025-07-31 14:30:00+00:00,193.9186,194.03,193.36,193.45,584001.0
2025-07-31 14:35:00+00:00,193.44,193.52,192.49,192.77,882299.0
2025-07-31 14:40:00+00:00,192.795,193.28,192.64,193.08,626011.0
2025-07-31 14:45:00+00:00,193.075,193.09,192.17,192.44,1081364.0
2025-07-31 14:50:00+00:00,192.43,192.55,192.13,192.435,1112768.0
2025-07-31 14:55:00+00:00,192.43,192.65,191.87,191.9,930424.0
2025-07-31 15:00:00+00:00,191.9,192.18,191.735,191.91,1138283.0
2025-07-31 15:05:00+00:00,191.91,192.2,191.583,191.61,775226.0
2025-07-31 15:10:00+00:00,191.61,191.835,191.405,191.5451,571394.0
2025-07-31 15:15:00+00:00,191.53,191.67,191.2,191.44,1447905.0
2025-07-31 15:20:00+00:00,191.45,192.11,191.43,191.89,518165.0
2025-07-31 15:25:00+00:00,191.891,192.5875,191.8445,192.39,522316.0
2025-07-31 15:30:00+00:00,192.41,192.56,192.09,192.53,433434.0
2025-07-31 15:35:00+00:00,192.53,192.96,192.49,192.9501,287566.0
2025-07-31 15:40:00+00:00,192.955,192.955,192.74,192.79,382495.0
2025-07-31 15:45:00+00:00,192.79,193.03,192.76,192.9,453078.0
2025-07-31 15:50:00+00:00,192.9,193.23,192.81,193.11,300742.0
2025-07-31 15:55:00+00:00,193.1,193.335,193.07,193.26,291267.0
2025-07-31 16:00:00+00:00,193.25,193.41,193.155,193.2907,190252.0
2025-07-31 16:05:00+00:00,193.28,193.935,193.26,193.86,373842.0
2025-07-31 16:10:00+00:00,193.845,193.9262,193.72,193.835,298711.0
2025-07-31 16:15:00+00:00,193.83,193.945,193.65,193.7351,264963.0
2025-07-31 16:20:00+00:00,193.735,193.83,193.685,193.825,154420.0
2025-07-31 16:25:00+00:00,193.83,193.97,193.7053,193.775,322782.0
2025-07-31 16:30:00+00:00,193.78,193.8444,193.48,193.5,285138.0
2025-07-31 16:35:00+00:00,193.5,193.555,192.915,192.95,318225.0
2025-07-31 16:40:00+00:00,192.96,193.12,192.75,192.94,352458.0
2025-07-31 16:45:00+00:00,192.92,192.955,192.6351,192.725,237106.0
2025-07-31 16:50:00+00:00,192.75,192.8879,192.57,192.845,185317.0
2025-07-31 16:55:00+00:00,192.845,192.91,192.7,192.875,185929.0
2025-07-31 17:00:00+00:00,192.875,192.925,192.52,192.61,328358.0
2025-07-31 17:05:00+00:00,192.6,192.905,192.51,192.805,217798.0
2025-07-31 17:10:00+00:00,192.82,192.865,192.7,192.725,151753.0
2025-07-31 17:15:00+00:00,192.71,192.855,192.62,192.83,149638.0
2025-07-31 17:20:00+00:00,192.81,192.9,192.66,192.6701,201007.0
2025-07-31 17:25:00+00:00,192.68,192.77,191.91,192.04,573453.0
2025-07-31 17:30:00+00:00,192.05,192.255,191.87,192.24,494939.0
2025-07-31 17:35:00+00:00,192.24,192.64,192.24,192.62,334864.0
2025-07-31 17:40:00+00:00,192.64,192.94,192.61,192.87,231531.0
2025-07-31 17:45:00+00:00,192.871,193.115,192.7,192.72,224678.0
2025-07-31 17:50:00+00:00,192.71,192.76,192.16,192.44,774976.0
2025-07-31 17:55:00+00:00,192.43,192.43,192.12,192.31,220617.0
2025-07-31 18:00:00+00:00,192.29,192.45,192.097,192.11,432848.0
2025-07-31 18:05:00+00:00,192.12,192.225,191.94,192.07,281833.0
2025-07-31 18:10:00+00:00,192.08,192.445,192.0,192.16,289825.0
2025-07-31 18:15:00+00:00,192.15,192.19,191.773,192.025,337211.0
2025-07-31 18:20:00+00:00,192.04,192.33,192.0,192.16,268486.0
2025-07-31 18:25:00+00:00,192.17,192.295,192.09,192.27,240323.0
2025-07-31 18:30:00+00:00,192.255,192.51,192.2479,192.43,273465.0
2025-07-31 18:35:00+00:00,192.43,192.56,192.235,192.24,245632.0
2025-07-31 18:40:00+00:00,192.23,192.37,192.045,192.12,289004.0
2025-07-31 18:45:00+00:00,192.1,192.29,191.995,192.005,374955.0
2025-07-31 18:50:00+00:00,192.01,192.06,191.67,191.78,323521.0
2025-07-31 18:55:00+00:00,191.79,191.87,191.605,191.65,291296.0
2025-07-31 19:00:00+00:00,191.66,191.83,191.655,191.78,232658.0
2025-07-31 19:05:00+00:00,191.77,191.92,191.71,191.74,203432.0
2025-07-31 19:10:00+00:00,191.73,191.86,191.62,191.69,260649.0
2025-07-31 19:15:00+00:00,191.68,191.82,191.57,191.78,249570.0
2025-07-31 19:20:00+00:00,191.79,191.92,191.68,191.86,344122.0
2025-07-31 19:25:00+00:00,191.86,191.975,191.65,191.76,410091.0
2025-07-31 19:30:00+00:00,191.76,192.04,191.76,192.03,453550.0
2025-07-31 19:35:00+00:00,192.04,192.15,191.81,191.84,471204.0
2025-07-31 19:40:00+00:00,191.84,192.02,191.75,191.905,487540.0
2025-07-31 19:45:00+00:00,191.915,192.08,191.41,191.46,570805.0
2025-07-31 19:50:00+00:00,191.45,191.79,191.09,191.19,1231568.0
2025-07-31 19:55:00+00:00,191.2,192.13,191.18,191.94,2528479.0
2025-07-31 20:00:00+00:00,191.94,192.12,191.69,191.7008,6646823.0
2025-07-31 20:05:00+00:00,191.9,191.9,191.5,191.7,237078.0
2025-07-31 20:10:00+00:00,191.7,191.74,191.26,191.265,62941.0
2025-07-31 20:15:00+00:00,191.4,191.45,191.19,191.22,21316.0
2025-07-31 20:20:00+00:00,191.2,191.9,191.2,191.286,48424.0
2025-07-31 20:25:00+00:00,191.21,191.43,191.16,191.2801,7424.0
2025-07-31 20:30:00+00:00,191.43,191.9,191.25,191.25,374402.0
2025-07-31 20:35:00+00:00,191.5,191.6,191.4302,191.6,6927.0
2025-07-31 20:40:00+00:00,191.65,191.65,191.3,191.3,4435.0
2025-07-31 20:45:00+00:00,191.31,191.5038,191.2801,191.37,6965.0
2025-07-31 20:50:00+00:00,191.39,191.6234,191.35,191.4994,5593.0
2025-07-31 20:55:00+00:00,191.4,191.45,191.3,191.45,6587.0
2025-07-31 21:00:00+00:00,191.43,191.43,191.28,191.32,2610.0
2025-07-31 21:05:00+00:00,191.3999,191.4,191.33,191.38,3482.0
2025-07-31 21:10:00+00:00,191.39,191.43,191.36,191.43,6038.0
2025-07-31 21:15:00+00:00,191.44,191.45,191.35,191.35,3318.0
2025-07-31 21:20:00+00:00,191.36,191.49,191.33,191.33,4091.0
2025-07-31 21:25:00+00:00,191.4,191.4,191.31,191.39,3847.0
2025-07-31 21:30:00+00:00,191.4,191.4,191.04,191.16,15763.0
2025-07-31 21:35:00+00:00,191.18,191.18,191.01,191.01,11409.0
2025-07-31 21:40:00+00:00,191.01,191.2,191.01,191.0284,10754.0
2025-07-31 21:45:00+00:00,191.02,191.374,191.02,191.3042,3828.0
2025-07-31 21:50:00+00:00,191.2,191.33,191.09,191.09,6239.0
2025-07-31 21:55:00+00:00,191.0605,191.25,191.0,191.0,21002.0
2025-07-31 22:00:00+00:00,191.13,191.24,190.97,190.97,11666.0
2025-07-31 22:05:00+00:00,191.11,191.1277,191.01,191.01,6140.0
2025-07-31 22:10:00+00:00,190.93,191.0,190.806,190.84,8589.0
2025-07-31 22:15:00+00:00,190.86,190.86,190.8,190.8,2010.0
2025-07-31 22:20:00+00:00,190.8,190.8586,190.7,190.7,6984.0
2025-07-31 22:25:00+00:00,190.66,190.7562,190.5,190.57,7898.0
2025-07-31 22:30:00+00:00,190.53,191.65,190.5,190.55,13281.0
2025-07-31 22:35:00+00:00,190.68,190.7,190.5,190.5015,6198.0
2025-07-31 22:40:00+00:00,190.59,190.62,190.3,190.58,8705.0
2025-07-31 22:45:00+00:00,190.5,190.6361,190.46,190.52,1970.0
2025-07-31 22:50:00+00:00,190.56,190.65,190.51,190.58,5712.0
2025-07-31 22:55:00+00:00,190.5,190.51,190.3176,190.51,6320.0
2025-07-31 23:00:00+00:00,190.5,190.6,190.3,190.3,6391.0
2025-07-31 23:05:00+00:00,190.51,190.85,190.51,190.55,5572.0
2025-07-31 23:10:00+00:00,190.75,191.14,190.6746,190.6746,4189.0
2025-07-31 23:15:00+00:00,190.8165,190.9,190.52,190.85,4821.0
2025-07-31 23:20:00+00:00,190.79,190.79,190.52,190.5209,4786.0
2025-07-31 23:25:00+00:00,190.54,190.8123,190.52,190.6,4728.0
2025-07-31 23:30:00+00:00,190.6,190.8187,190.6,190.61,4368.0
2025-07-31 23:35:00+00:00,190.635,190.9,190.62,190.79,3240.0
2025-07-31 23:40:00+00:00,190.79,190.79,190.54,190.6,2828.0
2025-07-31 23:45:00+00:00,190.6,190.6,190.52,190.6,5413.0
2025-07-31 23:50:00+00:00,190.55,190.55,190.55,190.55,695.0
2025-07-31 23:55:00+00:00,190.5683,190.64,190.5,190.5,14429.0
2025-08-01 08:00:00+00:00,188.89,190.0,188.56,188.9,30544.0
2025-08-01 08:05:00+00:00,188.9,189.09,188.83,188.95,12170.0
2025-08-01 08:10:00+00:00,188.9,188.92,188.62,188.63,13823.0
2025-08-01 08:15:00+00:00,188.58,188.8,188.42,188.53,23869.0
2025-08-01 08:20:00+00:00,188.59,188.59,188.06,188.07,16800.0
2025-08-01 08:25:00+00:00,188.17,188.17,187.26,187.35,27727.0
2025-08-01 08:30:00+00:00,187.4,187.6,187.24,187.6,26201.0
2025-08-01 08:35:00+00:00,187.46,187.58,187.01,187.11,19017.0
2025-08-01 08:40:00+00:00,187.05,187.74,187.05,187.7,19357.0
2025-08-01 08:45:00+00:00,187.62,187.9,187.6,187.65,11548.0
2025-08-01 08:50:00+00:00,187.68,187.88,187.66,187.88,6372.0
2025-08-01 08:55:00+00:00,187.85,188.0,187.85,187.95,10432.0
2025-08-01 09:00:00+00:00,187.87,188.01,187.83,188.01,11080.0
2025-08-01 09:05:00+00:00,188.15,188.15,187.9,187.9,5025.0
2025-08-01 09:10:00+00:00,187.79,187.89,187.79,187.89,4181.0
2025-08-01 09:15:00+00:00,187.86,188.06,187.86,188.05,4432.0
2025-08-01 09:20:00+00:00,187.8,187.81,187.79,187.8,3376.0
2025-08-01 09:25:00+00:00,187.71,187.81,187.67,187.74,3914.0
2025-08-01 09:30:00+00:00,187.63,187.81,187.56,187.66,16294.0
2025-08-01 09:35:00+00:00,187.65,187.78,187.56,187.78,4842.0
2025-08-01 09:40:00+00:00,187.73,187.93,187.73,187.93,2700.0
2025-08-01 09:45:00+00:00,187.95,188.07,187.94,188.05,10467.0
2025-08-01 09:50:00+00:00,188.04,188.13,187.93,188.13,8031.0
2025-08-01 09:55:00+00:00,188.12,188.12,187.8,188.04,10662.0
2025-08-01 10:00:00+00:00,187.79,187.79,187.79,187.79,567.0
2025-08-01 10:05:00+00:00,187.74,187.77,187.65,187.7,9250.0
2025-08-01 10:10:00+00:00,187.66,187.9,187.66,187.7,3931.0
2025-08-01 10:15:00+00:00,187.69,187.71,187.56,187.67,5152.0
2025-08-01 10:20:00+00:00,187.67,187.67,187.56,187.58,5886.0
2025-08-01 10:25:00+00:00,187.52,187.68,187.52,187.58,3320.0
2025-08-01 10:30:00+00:00,187.66,187.83,187.66,187.83,2240.0
2025-08-01 10:35:00+00:00,187.68,187.74,187.52,187.52,2851.0
2025-08-01 10:40:00+00:00,187.55,187.58,187.49,187.55,6367.0
2025-08-01 10:45:00+00:00,187.38,187.39,187.18,187.18,6724.0
2025-08-01 10:50:00+00:00,187.29,187.36,187.02,187.2,9975.0
2025-08-01 10:55:00+00:00,187.3,187.56,187.3,187.54,11927.0
2025-08-01 11:00:00+00:00,187.62,188.1,187.57,187.7,27600.0
2025-08-01 11:05:00+00:00,187.69,187.91,187.67,187.91,4820.0
2025-08-01 11:10:00+00:00,187.92,188.07,187.8,188.06,13340.0
2025-08-01 11:15:00+00:00,188.17,188.39,188.17,188.31,12454.0
2025-08-01 11:20:00+00:00,188.3,188.44,188.2,188.34,11594.0
2025-08-01 11:25:00+00:00,188.42,188.46,188.27,188.27,6330.0
2025-08-01 11:30:00+00:00,188.3,188.3,188.16,188.16,5094.0
2025-08-01 11:35:00+00:00,188.14,188.4,188.14,188.27,16998.0
2025-08-01 11:40:00+00:00,188.34,188.37,188.34,188.35,1956.0
2025-08-01 11:45:00+00:00,188.25,188.36,188.25,188.35,4232.0
2025-08-01 11:50:00+00:00,188.33,188.43,188.33,188.43,2085.0
2025-08-01 11:55:00+00:00,188.4,188.45,188.21,188.25,8403.0
2025-08-01 12:00:00+00:00,188.4,190.57,187.1655,188.418,163165.0
2025-08-01 12:05:00+00:00,188.27,188.4336,188.27,188.4336,4974.0
2025-08-01 12:10:00+00:00,188.43,188.682,188.43,188.65,9173.0
2025-08-01 12:15:00+00:00,188.6499,188.68,188.47,188.47,16033.0
2025-08-01 12:20:00+00:00,188.46,188.5572,188.4,188.47,9911.0
2025-08-01 12:25:00+00:00,188.41,188.47,188.27,188.39,6697.0
2025-08-01 12:30:00+00:00,188.2,188.36,187.98,188.0003,25465.0
2025-08-01 12:35:00+00:00,188.03,188.61,188.01,188.61,12262.0
2025-08-01 12:40:00+00:00,188.62,189.32,188.62,189.02,31379.0
2025-08-01 12:45:00+00:00,189.0,189.0987,188.47,188.47,21754.0
2025-08-01 12:50:00+00:00,188.42,188.44,188.19,188.3,13512.0
2025-08-01 12:55:00+00:00,188.27,188.46,188.14,188.28,18924.0
2025-08-01 13:00:00+00:00,188.3077,188.32,187.96,188.0361,17797.0
2025-08-01 13:05:00+00:00,188.09,191.9,188.0,188.33,316524.0
2025-08-01 13:10:00+00:00,188.38,188.72,188.38,188.4,22016.0
2025-08-01 13:15:00+00:00,188.43,188.6,188.1,188.6,35796.0
2025-08-01 13:20:00+00:00,188.6,188.65,188.5,188.5,22752.0
2025-08-01 13:25:00+00:00,188.42,189.15,187.75,189.04,306286.0
2025-08-01 13:30:00+00:00,189.025,190.83,188.81,189.58,2194730.0
2025-08-01 13:35:00+00:00,189.545,189.71,189.06,189.12,742278.0
2025-08-01 13:40:00+00:00,189.13,189.25,188.59,188.72,726636.0
2025-08-01 13:45:00+00:00,188.74,189.0925,188.43,188.82,712132.0
2025-08-01 13:50:00+00:00,188.82,189.35,188.71,189.295,546789.0
2025-08-01 13:55:00+00:00,189.28,189.54,188.98,189.05,465230.0
2025-08-01 14:00:00+00:00,189.01,189.03,187.82,188.66,1099758.0
2025-08-01 14:05:00+00:00,188.6749,189.045,188.44,189.03,558839.0
2025-08-01 14:10:00+00:00,189.02,189.335,188.99,189.08,474709.0
2025-08-01 14:15:00+00:00,189.08,189.3415,189.05,189.07,500462.0
2025-08-01 14:20:00+00:00,189.07,189.37,188.97,189.28,453447.0
2025-08-01 14:25:00+00:00,189.3,189.53,189.15,189.36,325494.0
2025-08-01 14:30:00+00:00,189.38,189.6,189.24,189.445,503766.0
2025-08-01 14:35:00+00:00,189.44,189.99,189.37,189.73,466325.0
2025-08-01 14:40:00+00:00,189.73,190.04,189.22,189.26,576421.0
2025-08-01 14:45:00+00:00,189.27,189.64,189.01,189.06,384262.0
2025-08-01 14:50:00+00:00,189.04,189.18,188.7401,188.76,258231.0
2025-08-01 14:55:00+00:00,188.74,189.02,188.645,188.75,352982.0
2025-08-01 15:00:00+00:00,188.77,188.77,188.39,188.5,687033.0
2025-08-01 15:05:00+00:00,188.5,188.77,188.42,188.6893,254036.0
2025-08-01 15:10:00+00:00,188.68,188.87,188.52,188.52,340402.0
2025-08-01 15:15:00+00:00,188.52,188.88,188.42,188.57,372961.0
2025-08-01 15:20:00+00:00,188.56,188.77,188.46,188.68,315516.0
2025-08-01 15:25:00+00:00,188.68,188.88,188.585,188.59,325889.0
2025-08-01 15:30:00+00:00,188.59,188.8707,188.545,188.78,317681.0
2025-08-01 15:35:00+00:00,188.77,189.14,188.72,189.12,377798.0
2025-08-01 15:40:00+00:00,189.1395,189.27,189.06,189.21,325997.0
2025-08-01 15:45:00+00:00,189.21,189.34,189.13,189.17,282961.0
2025-08-01 15:50:00+00:00,189.18,189.25,189.0,189.14,214638.0
2025-08-01 15:55:00+00:00,189.15,189.17,188.92,189.0,173922.0
2025-08-01 16:00:00+00:00,188.98,189.03,188.74,188.78,177986.0
2025-08-01 16:05:00+00:00,188.79,189.06,188.74,188.97,150036.0
2025-08-01 16:10:00+00:00,188.97,189.025,188.795,189.0,155366.0
2025-08-01 16:15:00+00:00,188.995,189.16,188.87,189.0648,229977.0
2025-08-01 16:20:00+00:00,189.06,189.2567,188.93,189.25,183283.0
2025-08-01 16:25:00+00:00,189.26,189.43,188.98,188.985,169856.0
2025-08-01 16:30:00+00:00,188.98,189.1,188.87,189.1,826346.0
2025-08-01 16:35:00+00:00,189.1,189.1004,188.8,188.87,144300.0
2025-08-01 16:40:00+00:00,188.86,188.87,188.68,188.6901,142618.0
2025-08-01 16:45:00+00:00,188.695,188.83,188.3886,188.46,309734.0
2025-08-01 16:50:00+00:00,188.465,188.5186,188.28,188.33,176092.0
2025-08-01 16:55:00+00:00,188.33,188.39,187.91,188.0393,374390.0
2025-08-01 17:00:00+00:00,188.04,188.24,187.875,188.04,215195.0
2025-08-01 17:05:00+00:00,188.02,188.2,187.92,188.1402,186298.0
2025-08-01 17:10:00+00:00,188.14,188.17,187.985,188.07,181692.0
2025-08-01 17:15:00+00:00,188.08,188.18,188.045,188.12,162636.0
2025-08-01 17:20:00+00:00,188.13,188.3,188.075,188.18,261723.0
2025-08-01 17:25:00+00:00,188.18,188.37,188.15,188.33,210287.0
2025-08-01 17:30:00+00:00,188.31,188.53,188.27,188.49,237440.0
2025-08-01 17:35:00+00:00,188.49,188.6565,188.43,188.635,215917.0
2025-08-01 17:40:00+00:00,188.66,188.93,188.63,188.88,207782.0
2025-08-01 17:45:00+00:00,188.875,188.925,188.67,188.74,178034.0
2025-08-01 17:50:00+00:00,188.74,189.01,188.69,188.96,214474.0
2025-08-01 17:55:00+00:00,188.95,188.955,188.69,188.88,221007.0
2025-08-01 18:00:00+00:00,188.87,188.9,188.64,188.815,213690.0
2025-08-01 18:05:00+00:00,188.815,188.94,188.52,188.68,246569.0
2025-08-01 18:10:00+00:00,188.67,188.83,188.6,188.76,231236.0
2025-08-01 18:15:00+00:00,188.765,188.88,188.72,188.76,205693.0
2025-08-01 18:20:00+00:00,188.76,188.87,188.68,188.835,170918.0
2025-08-01 18:25:00+00:00,188.83,189.12,188.8,189.06,244161.0
2025-08-01 18:30:00+00:00,189.06,189.22,188.9776,189.0,284611.0
2025-08-01 18:35:00+00:00,189.02,189.19,188.99,189.17,231440.0
2025-08-01 18:40:00+00:00,189.17,189.3447,189.095,189.34,214615.0
2025-08-01 18:45:00+00:00,189.345,189.345,189.145,189.25,147861.0
2025-08-01 18:50:00+00:00,189.255,189.28,188.89,188.93,175907.0
2025-08-01 18:55:00+00:00,188.94,189.135,188.8,189.0099,303239.0
2025-08-01 19:00:00+00:00,189.0,189.1001,188.845,188.9,224653.0
2025-08-01 19:05:00+00:00,188.89,189.02,188.71,188.74,230542.0
2025-08-01 19:10:00+00:00,188.73,188.97,188.7,188.9501,216934.0
2025-08-01 19:15:00+00:00,188.95,189.03,188.86,189.0,308559.0
2025-08-01 19:20:00+00:00,189.005,189.03,188.655,188.94,361129.0
2025-08-01 19:25:00+00:00,188.92,188.96,188.795,188.82,411077.0
2025-08-01 19:30:00+00:00,188.83,189.03,188.55,188.95,419349.0
2025-08-01 19:35:00+00:00,188.96,188.99,188.81,188.84,188567.0
2025-08-01 19:40:00+00:00,188.83,188.98,188.81,188.905,287932.0
2025-08-01 19:45:00+00:00,188.9,189.16,188.86,188.995,534229.0
2025-08-01 19:50:00+00:00,189.0,189.36,188.8,188.985,759218.0
2025-08-01 19:55:00+00:00,188.99,189.25,188.85,189.085,1889089.0
2025-08-01 20:00:00+00:00,189.085,189.13,188.87,189.09,3548122.0
2025-08-01 20:05:00+00:00,189.009,189.13,188.87,188.97,28127.0
2025-08-01 20:10:00+00:00,189.05,189.07,189.0,189.07,5427.0
2025-08-01 20:15:00+00:00,189.066,189.07,189.0003,189.0003,3566.0
2025-08-01 20:20:00+00:00,189.03,189.03,189.0,189.0,1932.0
2025-08-01 20:25:00+00:00,188.8936,188.97,188.8936,188.93,1731.0
2025-08-01 20:30:00+00:00,189.0,189.06,188.91,188.91,69101.0
2025-08-01 20:35:00+00:00,188.89,188.9,188.793,188.86,1582.0
2025-08-01 20:40:00+00:00,188.88,188.91,188.88,188.91,2392.0
2025-08-01 20:45:00+00:00,188.8013,188.91,188.8,188.8,4836.0
2025-08-01 20:50:00+00:00,188.84,188.87,188.84,188.87,13361.0
2025-08-01 20:55:00+00:00,188.85,188.85,188.84,188.84,1163.0
2025-08-01 21:00:00+00:00,188.82,188.91,188.82,188.91,1993.0
2025-08-01 21:05:00+00:00,188.91,189.13,188.83,188.83,5564.0
2025-08-01 21:10:00+00:00,188.98,188.98,188.85,188.97,626.0
2025-08-01 21:15:00+00:00,188.9004,188.96,188.9004,188.93,874.0
2025-08-01 21:20:00+00:00,188.95,188.95,188.9216,188.9216,773.0
2025-08-01 21:25:00+00:00,188.98,188.98,188.98,188.98,1853.0
2025-08-01 21:30:00+00:00,189.0015,189.0015,189.0015,189.0015,656.0
2025-08-01 21:35:00+00:00,188.9283,188.9799,188.9,188.9,555.0
2025-08-01 21:40:00+00:00,188.97,189.0,188.97,189.0,4099.0
2025-08-01 21:45:00+00:00,188.97,188.97,188.905,188.905,793.0
2025-08-01 21:50:00+00:00,188.95,188.95,188.91,188.91,399.0
2025-08-01 21:55:00+00:00,188.93,188.95,188.9,188.94,1161.0
2025-08-01 22:00:00+00:00,189.0498,189.0498,188.96,188.96,1013.0
2025-08-01 22:05:00+00:00,188.95,188.95,188.95,188.95,243.0
2025-08-01 22:10:00+00:00,188.9999,188.9999,188.6561,188.6561,8518.0
2025-08-01 22:15:00+00:00,188.89,188.9,188.85,188.85,1028.0
2025-08-01 22:20:00+00:00,188.76,188.9,188.73,188.83,2331.0
2025-08-01 22:25:00+00:00,188.82,188.9,188.71,188.9,1647.0
2025-08-01 22:30:00+00:00,188.8711,188.8711,188.65,188.67,2076.0
2025-08-01 22:35:00+00:00,188.7,188.7,188.7,188.7,411.0
2025-08-01 22:40:00+00:00,188.65,188.65,188.65,188.65,223.0
2025-08-01 22:45:00+00:00,188.7,188.71,188.68,188.68,2809.0
2025-08-01 22:50:00+00:00,188.67,188.71,188.67,188.71,1924.0
2025-08-01 22:55:00+00:00,188.7,188.8,188.7,188.8,949.0
2025-08-01 23:00:00+00:00,188.79,188.79,188.67,188.68,579.0
2025-08-01 23:05:00+00:00,188.65,188.65,188.65,188.65,758.0
2025-08-01 23:10:00+00:00,188.67,188.7082,188.5,188.7082,3063.0
2025-08-01 23:20:00+00:00,188.5,188.63,188.5,188.63,2253.0
2025-08-01 23:25:00+00:00,188.61,188.61,188.58,188.58,435.0
2025-08-01 23:30:00+00:00,188.53,188.71,188.53,188.71,2735.0
2025-08-01 23:35:00+00:00,188.5301,188.54,188.53,188.53,733.0
2025-08-01 23:40:00+00:00,188.52,188.52,188.52,188.52,454.0
2025-08-01 23:45:00+00:00,188.51,188.51,188.45,188.45,2112.0
2025-08-01 23:50:00+00:00,188.3868,188.64,188.3868,188.64,310.0
2025-08-01 23:55:00+00:00,188.45,188.52,188.21,188.21,3002.0
2025-08-04 08:00:00+00:00,190.0,190.0,189.54,189.82,7926.0
2025-08-04 08:05:00+00:00,189.76,189.9,189.76,189.9,3684.0
2025-08-04 08:10:00+00:00,189.95,190.06,189.91,190.06,4566.0
2025-08-04 08:15:00+00:00,190.1,190.19,190.08,190.19,4183.0
2025-08-04 08:20:00+00:00,190.15,190.16,190.02,190.08,3475.0
2025-08-04 08:25:00+00:00,190.05,190.25,190.05,190.18,9489.0
2025-08-04 08:30:00+00:00,190.2,190.21,190.07,190.21,2895.0
2025-08-04 08:35:00+00:00,190.21,190.29,190.2,190.29,4420.0
2025-08-04 08:40:00+00:00,190.36,190.44,190.35,190.43,3133.0
2025-08-04 08:45:00+00:00,190.42,190.5,190.36,190.5,4281.0
2025-08-04 08:50:00+00:00,190.59,190.59,190.56,190.56,669.0
2025-08-04 08:55:00+00:00,190.64,190.64,190.6,190.6,2567.0
2025-08-04 09:00:00+00:00,190.65,190.65,190.6,190.6,1789.0
2025-08-04 09:05:00+00:00,190.68,190.74,190.68,190.73,1421.0
2025-08-04 09:10:00+00:00,190.74,190.85,190.72,190.77,7150.0
2025-08-04 09:15:00+00:00,190.75,190.78,190.69,190.77,4142.0
2025-08-04 09:20:00+00:00,190.81,190.81,190.8,190.8,639.0
2025-08-04 09:25:00+00:00,190.78,190.81,190.72,190.72,1915.0
2025-08-04 09:30:00+00:00,190.78,190.78,190.77,190.77,1120.0
2025-08-04 09:35:00+00:00,190.81,190.84,190.8,190.8,2054.0
2025-08-04 09:40:00+00:00,190.86,190.9,190.84,190.88,3536.0
2025-08-04 09:45:00+00:00,190.85,190.85,190.73,190.79,6083.0
2025-08-04 09:50:00+00:00,190.8,190.8,190.8,190.8,436.0
2025-08-04 09:55:00+00:00,190.86,190.86,190.71,190.71,3901.0
2025-08-04 10:00:00+00:00,190.75,190.8,190.72,190.74,4139.0
2025-08-04 10:05:00+00:00,190.72,190.72,190.64,190.64,3277.0
2025-08-04 10:10:00+00:00,190.67,190.73,190.64,190.66,6952.0
2025-08-04 10:15:00+00:00,190.71,190.71,190.59,190.59,9421.0
2025-08-04 10:20:00+00:00,190.63,190.71,190.6,190.6,5248.0
2025-08-04 10:25:00+00:00,190.65,190.66,190.65,190.66,1457.0
2025-08-04 10:30:00+00:00,190.65,190.66,190.55,190.65,6786.0
2025-08-04 10:35:00+00:00,190.7,190.81,190.6,190.6,6629.0
2025-08-04 10:40:00+00:00,190.74,190.78,190.74,190.78,640.0
2025-08-04 10:45:00+00:00,190.61,190.63,190.55,190.58,4395.0
2025-08-04 10:50:00+00:00,190.6,190.75,190.56,190.56,3505.0
2025-08-04 10:55:00+00:00,190.59,190.59,190.56,190.56,1034.0
2025-08-04 11:00:00+00:00,190.65,190.74,190.43,190.44,3360.0
2025-08-04 11:05:00+00:00,190.44,190.55,190.43,190.55,5424.0
2025-08-04 11:10:00+00:00,190.54,190.55,190.45,190.53,6992.0
2025-08-04 11:15:00+00:00,190.57,190.65,190.57,190.59,6035.0
2025-08-04 11:20:00+00:00,190.61,190.63,190.6,190.61,1959.0
2025-08-04 11:25:00+00:00,190.6,190.65,190.6,190.64,3837.0
2025-08-04 11:30:00+00:00,190.68,190.72,190.63,190.71,6106.0
2025-08-04 11:35:00+00:00,190.69,190.69,190.65,190.65,1202.0
2025-08-04 11:40:00+00:00,190.63,190.67,190.63,190.67,762.0
2025-08-04 11:45:00+00:00,190.65,190.65,190.65,190.65,1017.0
2025-08-04 11:50:00+00:00,190.63,190.78,190.63,190.73,4997.0
2025-08-04 11:55:00+00:00,190.63,190.63,190.45,190.45,2637.0
2025-08-04 12:00:00+00:00,190.43,190.8,188.658,190.0,86929.0
2025-08-04 12:05:00+00:00,190.0,190.1399,190.0,190.0,5718.0
2025-08-04 12:10:00+00:00,190.14,190.19,190.0,190.0183,4277.0
2025-08-04 12:15:00+00:00,190.1157,190.3,190.04,190.06,6310.0
2025-08-04 12:20:00+00:00,190.2694,190.27,190.06,190.21,2042.0
2025-08-04 12:25:00+00:00,190.24,190.2899,190.15,190.2899,3596.0
2025-08-04 12:30:00+00:00,190.2499,190.29,190.15,190.2,6408.0
2025-08-04 12:35:00+00:00,190.24,190.36,190.15,190.36,2280.0
2025-08-04 12:40:00+00:00,190.33,190.3793,190.2,190.23,8854.0
2025-08-04 12:45:00+00:00,190.32,190.34,190.23,190.23,2535.0
2025-08-04 12:50:00+00:00,190.3148,190.35,190.28,190.35,6436.0
2025-08-04 12:55:00+00:00,190.27,190.3775,190.2,190.23,12905.0
2025-08-04 13:00:00+00:00,190.23,190.3468,190.23,190.3468,4494.0
2025-08-04 13:05:00+00:00,190.3424,190.3424,190.27,190.34,8527.0
2025-08-04 13:10:00+00:00,190.35,190.4501,190.26,190.37,12416.0
2025-08-04 13:15:00+00:00,190.41,190.43,190.39,190.43,4996.0
2025-08-04 13:20:00+00:00,190.42,190.47,190.3405,190.36,7623.0
2025-08-04 13:25:00+00:00,190.37,190.5,189.98,190.39,74611.0
2025-08-04 13:30:00+00:00,190.31,191.85,190.12,191.82,1772491.0
2025-08-04 13:35:00+00:00,191.84,192.4504,191.67,192.325,1157981.0
2025-08-04 13:40:00+00:00,192.325,193.43,192.2,193.22,1002037.0
2025-08-04 13:45:00+00:00,193.24,193.69,193.13,193.52,795927.0
2025-08-04 13:50:00+00:00,193.54,193.68,193.02,193.09,674331.0
2025-08-04 13:55:00+00:00,193.0804,194.53,193.05,194.2425,1027574.0
2025-08-04 14:00:00+00:00,194.25,194.478,193.74,193.98,716609.0
2025-08-04 14:05:00+00:00,193.985,194.11,193.55,193.57,484589.0
2025-08-04 14:10:00+00:00,193.57,194.33,193.37,194.29,455344.0
2025-08-04 14:15:00+00:00,194.24,194.53,194.18,194.24,319835.0
2025-08-04 14:20:00+00:00,194.25,194.415,194.03,194.1798,321824.0
2025-08-04 14:25:00+00:00,194.16,194.58,194.041,194.4999,623085.0
2025-08-04 14:30:00+00:00,194.47,194.4864,194.0055,194.185,397058.0
2025-08-04 14:35:00+00:00,194.2,194.27,194.0,194.16,207161.0
2025-08-04 14:40:00+00:00,194.145,194.18,193.76,193.94,258591.0
2025-08-04 14:45:00+00:00,193.94,194.04,193.81,194.0064,198984.0
2025-08-04 14:50:00+00:00,194.0,194.0,193.3541,193.36,250727.0
2025-08-04 14:55:00+00:00,193.37,193.565,193.33,193.55,247311.0
2025-08-04 15:00:00+00:00,193.54,193.69,193.3,193.59,238445.0
2025-08-04 15:05:00+00:00,193.59,193.63,193.44,193.465,214895.0
2025-08-04 15:10:00+00:00,193.47,193.49,193.29,193.39,264762.0
2025-08-04 15:15:00+00:00,193.4,193.46,193.02,193.07,209402.0
2025-08-04 15:20:00+00:00,193.07,193.14,192.87,192.93,340888.0
2025-08-04 15:25:00+00:00,192.91,193.29,192.83,193.15,306270.0
2025-08-04 15:30:00+00:00,193.13,193.34,193.02,193.13,283054.0
2025-08-04 15:35:00+00:00,193.12,193.3,193.07,193.255,211283.0
2025-08-04 15:40:00+00:00,193.26,193.31,193.11,193.2,261613.0
2025-08-04 15:45:00+00:00,193.2,193.47,193.13,193.41,224746.0
2025-08-04 15:50:00+00:00,193.405,193.83,193.39,193.754,296491.0
2025-08-04 15:55:00+00:00,193.75,194.16,193.75,194.075,195378.0
2025-08-04 16:00:00+00:00,194.08,194.155,193.9702,194.08,219804.0
2025-08-04 16:05:00+00:00,194.1,194.11,193.75,193.81,173113.0
2025-08-04 16:10:00+00:00,193.82,194.06,193.8094,193.92,167491.0
2025-08-04 16:15:00+00:00,193.925,194.22,193.9165,194.04,341945.0
2025-08-04 16:20:00+00:00,194.05,194.0799,193.93,193.95,110388.0
2025-08-04 16:25:00+00:00,193.945,194.045,193.87,193.89,139697.0
2025-08-04 16:30:00+00:00,193.88,193.9799,193.83,193.89,134894.0
2025-08-04 16:35:00+00:00,193.89,194.07,193.89,193.895,135768.0
2025-08-04 16:40:00+00:00,193.895,194.1,193.828,193.83,129848.0
2025-08-04 16:45:00+00:00,193.835,193.96,193.74,193.76,197693.0
2025-08-04 16:50:00+00:00,193.76,194.12,193.745,194.102,140297.0
2025-08-04 16:55:00+00:00,194.11,194.12,193.95,194.04,140768.0
2025-08-04 17:00:00+00:00,194.03,194.05,193.93,193.985,115539.0
2025-08-04 17:05:00+00:00,193.9897,194.12,193.9418,194.065,130215.0
2025-08-04 17:10:00+00:00,194.06,194.24,194.06,194.21,161672.0
2025-08-04 17:15:00+00:00,194.2,194.325,194.125,194.2988,167292.0
2025-08-04 17:20:00+00:00,194.298,194.39,194.1646,194.38,157112.0
2025-08-04 17:25:00+00:00,194.39,194.42,194.25,194.34,168893.0
2025-08-04 17:30:00+00:00,194.34,194.395,194.27,194.33,177859.0
2025-08-04 17:35:00+00:00,194.33,194.475,194.21,194.45,177454.0
2025-08-04 17:40:00+00:00,194.445,194.475,194.29,194.29,152399.0
2025-08-04 17:45:00+00:00,194.31,194.39,194.07,194.22,158278.0
2025-08-04 17:50:00+00:00,194.23,194.38,194.16,194.275,168500.0
2025-08-04 17:55:00+00:00,194.265,194.54,194.26,194.49,251573.0
2025-08-04 18:00:00+00:00,194.485,194.73,194.4,194.69,292325.0
2025-08-04 18:05:00+00:00,194.67,194.79,194.52,194.52,163194.0
2025-08-04 18:10:00+00:00,194.52,194.69,194.51,194.57,122948.0
2025-08-04 18:15:00+00:00,194.56,194.58,194.42,194.44,164209.0
2025-08-04 18:20:00+00:00,194.45,194.67,194.44,194.54,193053.0
2025-08-04 18:25:00+00:00,194.52,194.66,194.45,194.54,208913.0
2025-08-04 18:30:00+00:00,194.54,194.65,194.48,194.57,135146.0
2025-08-04 18:35:00+00:00,194.57,194.69,194.5,194.68,178120.0
2025-08-04 18:40:00+00:00,194.68,194.77,194.52,194.735,255913.0
2025-08-04 18:45:00+00:00,194.73,195.14,194.73,195.13,409920.0
2025-08-04 18:50:00+00:00,195.13,195.22,195.1,195.22,282496.0
2025-08-04 18:55:00+00:00,195.219,195.27,194.875,194.885,248977.0
2025-08-04 19:00:00+00:00,194.885,195.0,194.78,194.865,337892.0
2025-08-04 19:05:00+00:00,194.86,194.91,194.63,194.645,276745.0
2025-08-04 19:10:00+00:00,194.64,194.68,194.56,194.57,234772.0
2025-08-04 19:15:00+00:00,194.57,194.7,194.375,194.3918,343285.0
2025-08-04 19:20:00+00:00,194.39,194.55,194.385,194.4004,320727.0
2025-08-04 19:25:00+00:00,194.3819,194.465,194.3,194.31,218205.0
2025-08-04 19:30:00+00:00,194.3,194.46,194.26,194.425,452465.0
2025-08-04 19:35:00+00:00,194.42,194.45,194.28,194.395,337918.0
2025-08-04 19:40:00+00:00,194.39,194.62,194.315,194.52,370133.0
2025-08-04 19:45:00+00:00,194.52,194.69,194.5,194.58,369277.0
2025-08-04 19:50:00+00:00,194.57,194.89,194.5,194.765,870028.0
2025-08-04 19:55:00+00:00,194.76,195.23,194.745,195.04,1996412.0
2025-08-04 20:00:00+00:00,195.03,195.08,194.9,195.0,4005443.0
2025-08-04 20:05:00+00:00,195.0,195.2,194.96,195.192,22779.0
2025-08-04 20:10:00+00:00,195.05,195.19,194.5985,194.5985,22600.0
2025-08-04 20:15:00+00:00,194.5992,194.6,194.4231,194.6,39278.0
2025-08-04 20:20:00+00:00,194.6,194.71,194.5,194.52,15759.0
2025-08-04 20:25:00+00:00,194.54,194.59,194.46,194.58,2454.0
2025-08-04 20:30:00+00:00,194.59,194.75,194.52,194.75,4421.0
2025-08-04 20:35:00+00:00,194.52,194.99,194.52,194.81,5664.0
2025-08-04 20:40:00+00:00,194.94,195.0,194.4313,194.4313,17688.0
2025-08-04 20:45:00+00:00,195.04,195.04,194.32,194.32,4289.0
2025-08-04 20:50:00+00:00,194.42,194.45,194.4,194.4,906.0
2025-08-04 20:55:00+00:00,194.39,194.46,194.3,194.3,9750.0
2025-08-04 21:00:00+00:00,194.4,195.04,194.32,194.32,2807.0
2025-08-04 21:05:00+00:00,194.33,194.45,194.3,194.4,3319.0
2025-08-04 21:10:00+00:00,194.4,194.46,194.4,194.46,1576.0
2025-08-04 21:15:00+00:00,194.46,194.46,194.35,194.35,805.0
2025-08-04 21:20:00+00:00,194.37,194.415,194.37,194.415,1646.0
2025-08-04 21:25:00+00:00,194.42,194.42,194.37,194.37,1155.0
2025-08-04 21:30:00+00:00,194.35,194.48,194.35,194.4,2283.0
2025-08-04 21:35:00+00:00,194.39,194.44,194.3,194.3,2639.0
2025-08-04 21:40:00+00:00,194.3,194.33,194.21,194.21,3695.0
2025-08-04 21:45:00+00:00,194.35,194.35,194.28,194.28,1118.0
2025-08-04 21:50:00+00:00,194.39,194.39,194.39,194.39,1338.0
2025-08-04 21:55:00+00:00,194.39,194.4,194.3248,194.4,1637.0
2025-08-04 22:00:00+00:00,194.4,194.4,194.4,194.4,969.0
2025-08-04 22:10:00+00:00,194.3,194.33,194.29,194.3,1630.0
2025-08-04 22:15:00+00:00,194.39,194.39,194.19,194.19,4554.0
2025-08-04 22:20:00+00:00,194.21,194.22,194.2,194.2,613.0
2025-08-04 22:25:00+00:00,194.18,195.04,194.18,194.2,14255.0
2025-08-04 22:30:00+00:00,194.31,194.31,194.16,194.17,2861.0
2025-08-04 22:40:00+00:00,194.27,194.35,194.27,194.35,1541.0
2025-08-04 22:45:00+00:00,194.49,194.49,194.49,194.49,110.0
2025-08-04 22:50:00+00:00,194.37,194.47,194.37,194.47,516.0
2025-08-04 22:55:00+00:00,194.38,194.45,194.3402,194.45,945.0
2025-08-04 23:00:00+00:00,194.41,194.449,194.3655,194.449,743.0
2025-08-04 23:05:00+00:00,194.4,194.449,194.4,194.449,832.0
2025-08-04 23:10:00+00:00,194.45,194.5,194.3417,194.5,1659.0
2025-08-04 23:15:00+00:00,194.4,194.48,194.4,194.44,1185.0
2025-08-04 23:20:00+00:00,194.4301,194.45,194.43,194.45,2699.0
2025-08-04 23:25:00+00:00,194.46,194.48,194.4584,194.4584,1900.0
2025-08-04 23:30:00+00:00,194.36,194.36,194.3402,194.3402,478.0
2025-08-04 23:35:00+00:00,194.45,194.45,194.42,194.42,365.0
2025-08-04 23:40:00+00:00,194.46,194.5,194.46,194.5,1855.0
2025-08-04 23:50:00+00:00,194.38,194.62,194.38,194.62,1205.0
2025-08-04 23:55:00+00:00,194.59,194.6,194.464,194.6,1204.0
2025-08-05 08:00:00+00:00,194.74,195.22,194.66,194.7,8219.0
2025-08-05 08:05:00+00:00,194.73,194.94,194.67,194.7,7990.0
2025-08-05 08:10:00+00:00,194.63,194.64,194.63,194.64,417.0
2025-08-05 08:15:00+00:00,194.64,194.75,194.63,194.64,2095.0
2025-08-05 08:20:00+00:00,194.66,194.7,194.65,194.7,976.0
2025-08-05 08:25:00+00:00,194.8,194.9,194.79,194.79,3941.0
2025-08-05 08:30:00+00:00,194.85,194.85,194.7,194.77,2001.0
2025-08-05 08:35:00+00:00,194.7,194.7,194.65,194.65,883.0
2025-08-05 08:40:00+00:00,194.72,194.73,194.71,194.73,470.0
2025-08-05 08:45:00+00:00,194.67,194.67,194.67,194.67,134.0
2025-08-05 08:50:00+00:00,194.7,194.7,194.7,194.7,224.0
2025-08-05 08:55:00+00:00,194.69,194.7,194.65,194.65,909.0
2025-08-05 09:00:00+00:00,194.66,194.67,194.6,194.67,1096.0
2025-08-05 09:05:00+00:00,194.65,194.65,194.65,194.65,210.0
2025-08-05 09:10:00+00:00,194.6,194.65,194.6,194.65,857.0
2025-08-05 09:15:00+00:00,194.61,194.61,194.6,194.6,1253.0
2025-08-05 09:30:00+00:00,194.65,194.68,194.65,194.68,593.0
2025-08-05 09:35:00+00:00,194.68,194.75,194.68,194.75,994.0
2025-08-05 09:40:00+00:00,194.68,194.68,194.65,194.68,1095.0
2025-08-05 10:00:00+00:00,194.71,194.71,194.71,194.71,258.0
2025-08-05 10:10:00+00:00,194.85,194.85,194.85,194.85,235.0
2025-08-05 10:15:00+00:00,194.85,194.89,194.85,194.89,820.0
2025-08-05 10:25:00+00:00,194.89,194.99,194.89,194.99,2398.0
2025-08-05 10:30:00+00:00,194.91,194.96,194.84,194.84,3228.0
2025-08-05 10:35:00+00:00,194.92,194.92,194.91,194.91,238.0
2025-08-05 10:40:00+00:00,194.99,195.0,194.99,195.0,3952.0
2025-08-05 10:45:00+00:00,195.03,195.03,194.99,194.99,811.0
2025-08-05 10:50:00+00:00,195.0,195.13,195.0,195.07,2498.0
2025-08-05 10:55:00+00:00,195.02,195.02,195.01,195.02,1018.0
2025-08-05 11:00:00+00:00,195.02,195.05,194.96,195.05,4932.0
2025-08-05 11:05:00+00:00,195.09,195.24,195.08,195.24,4980.0
2025-08-05 11:10:00+00:00,195.22,195.28,195.17,195.17,1267.0
2025-08-05 11:15:00+00:00,195.24,195.24,195.24,195.24,344.0
2025-08-05 11:20:00+00:00,195.22,195.22,195.15,195.15,1428.0
2025-08-05 11:25:00+00:00,195.13,195.14,195.08,195.08,2118.0
2025-08-05 11:30:00+00:00,195.0,195.05,195.0,195.05,7790.0
2025-08-05 11:35:00+00:00,195.08,195.1,194.98,194.98,1432.0
2025-08-05 11:40:00+00:00,194.94,194.99,194.94,194.99,2555.0
2025-08-05 11:45:00+00:00,194.96,195.02,194.88,194.89,1839.0
2025-08-05 11:50:00+00:00,194.89,194.94,194.89,194.94,1058.0
2025-08-05 11:55:00+00:00,194.9,194.91,194.9,194.9,903.0
2025-08-05 12:00:00+00:00,195.01,195.45,194.6,194.95,50653.0
2025-08-05 12:05:00+00:00,194.9,194.96,194.8509,194.96,2398.0
2025-08-05 12:10:00+00:00,194.94,195.1,194.9063,195.1,6113.0
2025-08-05 12:15:00+00:00,195.15,195.2,194.71,194.71,14104.0
2025-08-05 12:20:00+00:00,194.9101,195.0,194.78,194.99,6416.0
2025-08-05 12:25:00+00:00,195.0501,195.14,195.037,195.11,5167.0
2025-08-05 12:30:00+00:00,195.18,195.22,195.0228,195.18,8959.0
2025-08-05 12:35:00+00:00,195.18,195.19,195.15,195.15,2887.0
2025-08-05 12:40:00+00:00,195.19,195.3,195.19,195.3,10286.0
2025-08-05 12:45:00+00:00,195.35,195.36,195.27,195.3287,2228.0
2025-08-05 12:50:00+00:00,195.35,195.35,195.28,195.3,3300.0
2025-08-05 12:55:00+00:00,195.3,195.3,195.21,195.29,3940.0
2025-08-05 13:00:00+00:00,195.26,196.0,195.23,195.56,52463.0
2025-08-05 13:05:00+00:00,195.54,195.67,195.5,195.5,8571.0
2025-08-05 13:10:00+00:00,195.4,195.54,195.29,195.3,16979.0
2025-08-05 13:15:00+00:00,195.3654,195.44,195.25,195.41,6138.0
2025-08-05 13:20:00+00:00,195.4398,195.44,195.2,195.25,8539.0
2025-08-05 13:25:00+00:00,195.28,195.29,194.47,194.66,64710.0
2025-08-05 13:30:00+00:00,194.71,196.35,194.61,196.04,1484456.0
2025-08-05 13:35:00+00:00,196.0244,196.82,195.61,196.7855,1004860.0
2025-08-05 13:40:00+00:00,196.79,197.29,196.34,197.02,1207062.0
2025-08-05 13:45:00+00:00,197.0185,197.8599,197.0075,197.5,903811.0
2025-08-05 13:50:00+00:00,197.525,197.735,197.17,197.6286,778854.0
2025-08-05 13:55:00+00:00,197.63,197.64,196.66,197.055,496519.0
2025-08-05 14:00:00+00:00,197.02,197.02,196.45,196.62,637850.0
2025-08-05 14:05:00+00:00,196.65,197.09,196.5301,196.865,370800.0
2025-08-05 14:10:00+00:00,196.875,196.95,196.58,196.665,354476.0
2025-08-05 14:15:00+00:00,196.68,197.1399,196.63,197.1,442300.0
2025-08-05 14:20:00+00:00,197.09,197.2907,196.93,197.01,349821.0
2025-08-05 14:25:00+00:00,197.02,197.255,196.84,196.985,388036.0
2025-08-05 14:30:00+00:00,196.98,196.99,195.9701,196.05,436707.0
2025-08-05 14:35:00+00:00,196.0587,196.0587,195.4,195.54,356768.0
2025-08-05 14:40:00+00:00,195.57,195.71,195.08,195.13,517431.0
2025-08-05 14:45:00+00:00,195.11,195.55,195.05,195.375,444609.0
2025-08-05 14:50:00+00:00,195.38,195.51,195.15,195.4,374087.0
2025-08-05 14:55:00+00:00,195.4,195.52,195.01,195.31,283173.0
2025-08-05 15:00:00+00:00,195.3,195.5828,195.115,195.45,205194.0
2025-08-05 15:05:00+00:00,195.46,195.79,195.43,195.73,256115.0
2025-08-05 15:10:00+00:00,195.735,195.935,195.47,195.86,249779.0
2025-08-05 15:15:00+00:00,195.855,195.895,195.5,195.79,184344.0
2025-08-05 15:20:00+00:00,195.81,195.96,195.4,195.4838,262805.0
2025-08-05 15:25:00+00:00,195.5,195.61,195.41,195.48,190742.0
2025-08-05 15:30:00+00:00,195.49,195.65,195.4101,195.44,156008.0
2025-08-05 15:35:00+00:00,195.43,195.4698,195.17,195.24,233416.0
2025-08-05 15:40:00+00:00,195.24,195.32,195.0,195.24,222288.0
2025-08-05 15:45:00+00:00,195.23,195.6,195.15,195.405,261323.0
2025-08-05 15:50:00+00:00,195.41,195.555,195.3139,195.53,110814.0
2025-08-05 15:55:00+00:00,195.52,195.6,195.4,195.47,156470.0
2025-08-05 16:00:00+00:00,195.46,195.54,195.24,195.43,154849.0
2025-08-05 16:05:00+00:00,195.43,195.71,195.42,195.57,178460.0
2025-08-05 16:10:00+00:00,195.58,195.74,195.56,195.6,101721.0
2025-08-05 16:15:00+00:00,195.6,195.745,195.49,195.54,159238.0
2025-08-05 16:20:00+00:00,195.53,195.69,195.44,195.52,169005.0
2025-08-05 16:25:00+00:00,195.52,195.58,195.34,195.5,172901.0
2025-08-05 16:30:00+00:00,195.49,195.63,195.42,195.56,134744.0
2025-08-05 16:35:00+00:00,195.55,195.56,195.33,195.34,134401.0
2025-08-05 16:40:00+00:00,195.34,195.3551,195.0,195.06,198913.0
2025-08-05 16:45:00+00:00,195.06,195.06,194.72,194.8842,212998.0
2025-08-05 16:50:00+00:00,194.86,195.01,194.83,194.88,122039.0
2025-08-05 16:55:00+00:00,194.89,194.9399,194.67,194.785,124687.0
2025-08-05 17:00:00+00:00,194.78,194.845,194.6901,194.795,175662.0
2025-08-05 17:05:00+00:00,194.79,195.1,194.75,195.0542,183025.0
2025-08-05 17:10:00+00:00,195.035,195.28,195.035,195.175,162932.0
2025-08-05 17:15:00+00:00,195.175,195.38,195.06,195.38,158195.0
2025-08-05 17:20:00+00:00,195.385,195.43,195.255,195.3563,153839.0
2025-08-05 17:25:00+00:00,195.34,195.54,195.315,195.49,118897.0
2025-08-05 17:30:00+00:00,195.5,195.5484,195.4,195.425,149541.0
2025-08-05 17:35:00+00:00,195.43,195.455,195.2501,195.405,130032.0
2025-08-05 17:40:00+00:00,195.4,195.5152,195.31,195.45,115083.0
2025-08-05 17:45:00+00:00,195.45,195.53,195.37,195.41,160670.0
2025-08-05 17:50:00+00:00,195.405,195.495,195.38,195.44,126088.0
2025-08-05 17:55:00+00:00,195.42,195.535,195.39,195.46,130508.0
2025-08-05 18:00:00+00:00,195.47,195.505,195.335,195.37,145043.0
2025-08-05 18:05:00+00:00,195.37,195.6,195.36,195.525,152225.0
2025-08-05 18:10:00+00:00,195.525,195.65,195.48,195.625,153727.0
2025-08-05 18:15:00+00:00,195.6225,195.665,195.37,195.43,231813.0
2025-08-05 18:20:00+00:00,195.435,195.46,195.13,195.225,132523.0
2025-08-05 18:25:00+00:00,195.22,195.245,195.0,195.0814,123881.0
2025-08-05 18:30:00+00:00,195.08,195.205,194.82,195.025,187492.0
2025-08-05 18:35:00+00:00,195.02,195.0599,194.72,194.87,188337.0
2025-08-05 18:40:00+00:00,194.865,194.92,194.61,194.72,238328.0
2025-08-05 18:45:00+00:00,194.72,194.7951,194.36,194.63,215131.0
2025-08-05 18:50:00+00:00,194.6235,194.65,194.41,194.58,234367.0
2025-08-05 18:55:00+00:00,194.56,194.7251,194.42,194.68,216219.0
2025-08-05 19:00:00+00:00,194.68,194.725,194.49,194.54,220742.0
2025-08-05 19:05:00+00:00,194.545,194.6,194.41,194.46,251937.0
2025-08-05 19:10:00+00:00,194.46,194.62,194.31,194.58,253084.0
2025-08-05 19:15:00+00:00,194.575,194.81,194.5232,194.78,271045.0
2025-08-05 19:20:00+00:00,194.78,194.92,194.67,194.691,273613.0
2025-08-05 19:25:00+00:00,194.69,194.695,194.3129,194.41,386335.0
2025-08-05 19:30:00+00:00,194.41,194.47,194.145,194.295,387203.0
2025-08-05 19:35:00+00:00,194.295,194.295,193.885,194.135,389136.0
2025-08-05 19:40:00+00:00,194.125,194.33,194.12,194.22,340932.0
2025-08-05 19:45:00+00:00,194.225,194.425,194.135,194.275,331028.0
2025-08-05 19:50:00+00:00,194.27,194.7,194.23,194.62,1026570.0
2025-08-05 19:55:00+00:00,194.62,195.87,194.56,194.67,2038985.0
2025-08-05 20:00:00+00:00,194.64,194.7,194.4501,194.7,5155476.0
2025-08-05 20:05:00+00:00,194.7,194.7,194.45,194.6,22153.0
2025-08-05 20:10:00+00:00,194.6007,194.6007,194.478,194.48,3033.0
2025-08-05 20:15:00+00:00,194.48,194.6843,194.48,194.6843,4028.0
2025-08-05 20:20:00+00:00,194.65,194.65,194.2,194.36,2224.0
2025-08-05 20:25:00+00:00,194.31,194.53,194.06,194.48,5280.0
2025-08-05 20:30:00+00:00,194.29,194.44,194.18,194.251,6527.0
2025-08-05 20:35:00+00:00,194.28,194.4,194.25,194.25,2826.0
2025-08-05 20:40:00+00:00,194.25,194.28,194.25,194.27,2200.0
2025-08-05 20:45:00+00:00,194.4,194.4,194.25,194.4,3621.0
2025-08-05 20:50:00+00:00,194.3284,194.3284,194.15,194.3,4158.0
2025-08-05 20:55:00+00:00,194.18,194.3,194.11,194.11,301774.0
2025-08-05 21:00:00+00:00,194.3014,194.3014,194.13,194.13,1466.0
2025-08-05 21:05:00+00:00,194.18,194.3,194.005,194.2915,2692.0
2025-08-05 21:10:00+00:00,194.06,194.06,194.06,194.06,312.0
2025-08-05 21:15:00+00:00,194.0,194.1,194.0,194.1,2427.0
2025-08-05 21:20:00+00:00,194.0,194.2933,193.48,193.8,17684.0
2025-08-05 21:25:00+00:00,194.1,194.1,193.6,193.8507,3257.0
2025-08-05 21:30:00+00:00,193.98,194.0,193.9173,193.9173,899.0
2025-08-05 21:35:00+00:00,193.88,194.0,193.8626,193.8626,879.0
2025-08-05 21:40:00+00:00,193.99,193.99,193.69,193.8,906.0
2025-08-05 21:45:00+00:00,193.82,193.957,193.69,193.957,1616.0
2025-08-05 21:50:00+00:00,193.7,193.7,193.7,193.7,509.0
2025-08-05 21:55:00+00:00,193.71,193.79,193.71,193.7693,1950.0
2025-08-05 22:00:00+00:00,194.0,194.21,194.0,194.21,1192.0
2025-08-05 22:05:00+00:00,193.7681,193.7681,193.7,193.7,2575.0
2025-08-05 22:10:00+00:00,193.7,193.7,193.7,193.7,255.0
2025-08-05 22:15:00+00:00,193.7024,193.7024,193.7005,193.7005,1272.0
2025-08-05 22:20:00+00:00,193.7,194.0,193.7,194.0,1636.0
2025-08-05 22:25:00+00:00,193.9999,194.0,193.7101,194.0,1113.0
2025-08-05 22:30:00+00:00,193.7381,193.89,193.7381,193.89,771.0
2025-08-05 22:35:00+00:00,193.92,193.92,193.7,193.7,441.0
2025-08-05 22:40:00+00:00,194.04,194.04,193.7,193.7,1104.0
2025-08-05 22:45:00+00:00,193.8801,193.8801,193.88,193.88,566.0
2025-08-05 22:50:00+00:00,194.04,194.04,194.04,194.04,110.0
2025-08-05 22:55:00+00:00,194.0,194.0,193.8837,193.8837,733.0
2025-08-05 23:05:00+00:00,194.0,194.0,194.0,194.0,211.0
2025-08-05 23:20:00+00:00,193.9,193.9,193.9,193.9,357.0
2025-08-05 23:35:00+00:00,193.7682,193.94,193.7682,193.94,435.0
2025-08-05 23:45:00+00:00,193.84,193.9,193.7947,193.9,3044.0
2025-08-05 23:50:00+00:00,193.9,194.0001,193.9,193.99,12468.0
2025-08-05 23:55:00+00:00,194.0,194.04,193.99,194.04,1288.0
2025-08-06 08:00:00+00:00,195.07,195.5,195.07,195.25,5481.0
2025-08-06 08:05:00+00:00,195.25,195.26,195.15,195.26,2143.0
2025-08-06 08:10:00+00:00,195.22,195.26,195.16,195.16,2577.0
2025-08-06 08:15:00+00:00,195.16,195.16,194.91,194.97,3451.0
2025-08-06 08:20:00+00:00,194.92,195.05,194.92,195.05,1210.0
2025-08-06 08:25:00+00:00,195.01,195.09,195.0,195.0,1709.0
2025-08-06 08:30:00+00:00,194.98,194.98,194.92,194.95,1047.0
2025-08-06 08:35:00+00:00,194.92,195.14,194.92,195.14,7824.0
2025-08-06 08:40:00+00:00,195.01,195.01,194.83,194.83,1770.0
2025-08-06 08:45:00+00:00,194.8,194.8,194.8,194.8,388.0
2025-08-06 08:50:00+00:00,194.8,194.8,194.8,194.8,204.0
2025-08-06 09:05:00+00:00,194.96,194.96,194.94,194.94,539.0
2025-08-06 09:10:00+00:00,194.9,194.94,194.9,194.94,530.0
2025-08-06 09:15:00+00:00,194.95,195.14,194.95,195.09,2016.0
2025-08-06 09:25:00+00:00,195.0,195.0,195.0,195.0,295.0
2025-08-06 09:35:00+00:00,194.8,194.8,194.8,194.8,441.0
2025-08-06 09:55:00+00:00,194.75,194.77,194.67,194.77,2067.0
2025-08-06 10:10:00+00:00,194.75,194.98,194.75,194.98,1155.0
2025-08-06 10:15:00+00:00,194.98,194.98,194.89,194.89,525.0
2025-08-06 10:20:00+00:00,194.72,194.74,194.68,194.68,1572.0
2025-08-06 10:25:00+00:00,194.7,194.7,194.7,194.7,321.0
2025-08-06 10:35:00+00:00,194.7,194.7,194.7,194.7,344.0
2025-08-06 10:45:00+00:00,194.76,194.76,194.57,194.57,2124.0
2025-08-06 10:50:00+00:00,194.6,194.7,194.6,194.7,2398.0
2025-08-06 10:55:00+00:00,194.84,194.84,194.84,194.84,765.0
2025-08-06 11:00:00+00:00,194.89,194.92,194.84,194.9,2285.0
2025-08-06 11:05:00+00:00,194.8,194.95,194.8,194.95,1995.0
2025-08-06 11:10:00+00:00,195.05,195.05,195.05,195.05,602.0
2025-08-06 11:15:00+00:00,194.96,194.96,194.96,194.96,736.0
2025-08-06 11:20:00+00:00,194.94,195.02,194.94,195.02,1556.0
2025-08-06 11:25:00+00:00,194.92,194.98,194.92,194.98,395.0
2025-08-06 11:30:00+00:00,195.05,195.11,194.95,195.11,1835.0
2025-08-06 11:35:00+00:00,194.91,194.91,194.89,194.89,1513.0
2025-08-06 11:40:00+00:00,194.89,194.96,194.83,194.96,1614.0
2025-08-06 11:45:00+00:00,194.91,194.91,194.91,194.91,179.0
2025-08-06 11:50:00+00:00,194.85,194.85,194.85,194.85,144.0
2025-08-06 12:00:00+00:00,194.75,195.54,194.5214,194.72,57296.0
2025-08-06 12:05:00+00:00,194.6,194.63,194.5,194.55,4793.0
2025-08-06 12:10:00+00:00,194.62,194.62,194.5,194.5,2442.0
2025-08-06 12:15:00+00:00,194.3701,194.7,194.33,194.6,5546.0
2025-08-06 12:20:00+00:00,194.6,194.78,194.6,194.65,5630.0
2025-08-06 12:25:00+00:00,194.61,194.64,194.51,194.51,3920.0
2025-08-06 12:30:00+00:00,194.46,194.67,194.46,194.64,3046.0
2025-08-06 12:35:00+00:00,194.61,194.76,194.61,194.75,2268.0
2025-08-06 12:40:00+00:00,194.7001,194.78,194.7001,194.73,2098.0
2025-08-06 12:45:00+00:00,194.8,194.86,194.7999,194.86,1513.0
2025-08-06 12:50:00+00:00,195.0,195.0382,194.89,194.89,6357.0
2025-08-06 12:55:00+00:00,194.92,194.99,194.8233,194.8233,5033.0
2025-08-06 13:00:00+00:00,194.8417,194.8887,194.7701,194.7701,3257.0
2025-08-06 13:05:00+00:00,194.84,194.84,194.65,194.65,2005.0
2025-08-06 13:10:00+00:00,194.73,194.76,194.65,194.76,2863.0
2025-08-06 13:15:00+00:00,194.67,194.7777,194.67,194.7777,1123.0
2025-08-06 13:20:00+00:00,194.69,194.73,194.5501,194.64,3334.0
2025-08-06 13:25:00+00:00,194.55,194.78,194.38,194.5,21586.0
2025-08-06 13:30:00+00:00,194.44,195.33,193.96,195.33,1053204.0
2025-08-06 13:35:00+00:00,195.32,195.67,194.71,195.0,496860.0
2025-08-06 13:40:00+00:00,195.005,195.31,194.46,194.65,334975.0
2025-08-06 13:45:00+00:00,194.65,195.22,194.585,194.97,370919.0
2025-08-06 13:50:00+00:00,194.96,194.98,194.09,194.23,485569.0
2025-08-06 13:55:00+00:00,194.225,194.41,193.91,194.01,378888.0
2025-08-06 14:00:00+00:00,194.03,194.5764,193.99,194.54,324032.0
2025-08-06 14:05:00+00:00,194.53,194.6843,194.1502,194.163,242239.0
2025-08-06 14:10:00+00:00,194.21,194.36,193.955,193.955,264329.0
2025-08-06 14:15:00+00:00,193.9624,194.28,193.905,193.97,212261.0
2025-08-06 14:20:00+00:00,193.96,194.035,193.76,193.8,212987.0
2025-08-06 14:25:00+00:00,193.81,193.92,193.67,193.76,236211.0
2025-08-06 14:30:00+00:00,193.75,194.0309,193.71,193.87,225099.0
2025-08-06 14:35:00+00:00,193.86,194.405,193.8445,194.34,254191.0
2025-08-06 14:40:00+00:00,194.32,194.62,194.28,194.615,239003.0
2025-08-06 14:45:00+00:00,194.63,195.11,194.61,194.95,268173.0
2025-08-06 14:50:00+00:00,194.94,195.37,194.86,195.3201,274705.0
2025-08-06 14:55:00+00:00,195.33,195.6,195.24,195.4455,314804.0
2025-08-06 15:00:00+00:00,195.46,195.55,195.25,195.4,269734.0
2025-08-06 15:05:00+00:00,195.39,195.46,195.24,195.365,207225.0
2025-08-06 15:10:00+00:00,195.36,195.45,195.12,195.1425,282709.0
2025-08-06 15:15:00+00:00,195.14,195.26,195.01,195.225,210535.0
2025-08-06 15:20:00+00:00,195.225,195.34,195.06,195.08,187740.0
2025-08-06 15:25:00+00:00,195.1,195.13,195.0,195.04,181376.0
2025-08-06 15:30:00+00:00,195.04,195.09,194.865,195.06,167154.0
2025-08-06 15:35:00+00:00,195.07,195.3,195.0,195.24,343959.0
2025-08-06 15:40:00+00:00,195.26,195.525,195.2,195.52,178705.0
2025-08-06 15:45:00+00:00,195.5,195.74,195.4694,195.735,192665.0
2025-08-06 15:50:00+00:00,195.74,196.12,195.71,196.05,378565.0
2025-08-06 15:55:00+00:00,196.05,196.135,195.91,195.98,179477.0
2025-08-06 16:00:00+00:00,195.96,196.0,195.64,195.73,197396.0
2025-08-06 16:05:00+00:00,195.72,196.63,195.65,195.92,697184.0
2025-08-06 16:10:00+00:00,195.915,196.0801,195.65,195.67,194762.0
2025-08-06 16:15:00+00:00,195.68,195.86,195.64,195.8,179472.0
2025-08-06 16:20:00+00:00,195.805,195.92,195.72,195.86,287916.0
2025-08-06 16:25:00+00:00,195.86,196.04,195.83,196.0,149009.0
2025-08-06 16:30:00+00:00,195.99,196.21,195.93,196.2,171156.0
2025-08-06 16:35:00+00:00,196.1802,196.5,196.17,196.33,206301.0
2025-08-06 16:40:00+00:00,196.33,196.39,196.07,196.07,162994.0
2025-08-06 16:45:00+00:00,196.06,196.3199,196.05,196.21,102763.0
2025-08-06 16:50:00+00:00,196.19,196.23,196.11,196.15,85481.0
2025-08-06 16:55:00+00:00,196.15,196.305,196.11,196.1599,104337.0
2025-08-06 17:00:00+00:00,196.15,196.29,196.0264,196.0601,148290.0
2025-08-06 17:05:00+00:00,196.06,196.13,195.9,195.9,129937.0
2025-08-06 17:10:00+00:00,195.91,196.1644,195.9,196.01,85633.0
2025-08-06 17:15:00+00:00,196.01,196.02,195.89,195.9963,100039.0
2025-08-06 17:20:00+00:00,195.98,196.0,195.88,195.92,125497.0
2025-08-06 17:25:00+00:00,195.925,195.98,195.835,195.857,88899.0
2025-08-06 17:30:00+00:00,195.85,195.93,195.7,195.93,83966.0
2025-08-06 17:35:00+00:00,195.92,196.3298,195.92,196.3249,172598.0
2025-08-06 17:40:00+00:00,196.32,196.47,196.3001,196.4384,128141.0
2025-08-06 17:45:00+00:00,196.43,196.51,196.3301,196.435,140803.0
2025-08-06 17:50:00+00:00,196.43,196.48,196.25,196.28,121904.0
2025-08-06 17:55:00+00:00,196.275,196.48,196.25,196.3554,131619.0
2025-08-06 18:00:00+00:00,196.355,196.45,196.2,196.33,187714.0
2025-08-06 18:05:00+00:00,196.324,196.43,196.205,196.249,134210.0
2025-08-06 18:10:00+00:00,196.25,196.27,196.04,196.16,134338.0
2025-08-06 18:15:00+00:00,196.155,196.22,196.015,196.06,117278.0
2025-08-06 18:20:00+00:00,196.06,196.22,196.055,196.155,142103.0
2025-08-06 18:25:00+00:00,196.155,196.21,196.08,196.17,114313.0
2025-08-06 18:30:00+00:00,196.18,196.39,196.15,196.28,171975.0
2025-08-06 18:35:00+00:00,196.285,196.35,196.26,196.335,103673.0
2025-08-06 18:40:00+00:00,196.35,196.35,196.19,196.3,87671.0
2025-08-06 18:45:00+00:00,196.31,196.43,196.295,196.39,136725.0
2025-08-06 18:50:00+00:00,196.39,196.48,196.2702,196.445,116404.0
2025-08-06 18:55:00+00:00,196.45,196.4622,196.32,196.37,83098.0
2025-08-06 19:00:00+00:00,196.37,196.47,196.36,196.445,112569.0
2025-08-06 19:05:00+00:00,196.445,196.445,196.29,196.375,123902.0
2025-08-06 19:10:00+00:00,196.37,196.445,196.28,196.31,112564.0
2025-08-06 19:15:00+00:00,196.325,196.46,196.29,196.375,141322.0
2025-08-06 19:20:00+00:00,196.38,196.47,196.3646,196.44,132462.0
2025-08-06 19:25:00+00:00,196.445,196.48,196.34,196.345,193838.0
2025-08-06 19:30:00+00:00,196.34,196.39,196.275,196.3315,190474.0
2025-08-06 19:35:00+00:00,196.33,196.37,196.09,196.11,180849.0
2025-08-06 19:40:00+00:00,196.11,196.11,195.735,195.75,256972.0
2025-08-06 19:45:00+00:00,195.74,195.7886,195.59,195.64,298241.0
2025-08-06 19:50:00+00:00,195.63,195.82,195.495,195.65,607322.0
2025-08-06 19:55:00+00:00,195.65,196.14,195.65,196.09,1214232.0
2025-08-06 20:00:00+00:00,196.0911,196.0911,195.7013,196.09,3137977.0
2025-08-06 20:05:00+00:00,196.0,196.1,195.99,196.0901,23201.0
2025-08-06 20:10:00+00:00,196.12,196.12,196.09,196.12,5576.0
2025-08-06 20:15:00+00:00,196.09,196.09,195.96,196.0,4258.0
2025-08-06 20:20:00+00:00,196.06,196.06,196.0,196.0,1056.0
2025-08-06 20:25:00+00:00,195.97,196.08,195.97,195.9722,13945.0
2025-08-06 20:30:00+00:00,196.01,196.01,195.98,195.98,897.0
2025-08-06 20:35:00+00:00,196.02,196.04,196.02,196.04,874.0
2025-08-06 20:40:00+00:00,196.05,196.05,196.01,196.0499,617.0
2025-08-06 20:45:00+00:00,196.05,196.1,196.01,196.1,4665.0
2025-08-06 20:50:00+00:00,196.1,196.12,196.1,196.1,2036.0
2025-08-06 20:55:00+00:00,196.1,196.15,196.1,196.11,6236.0
2025-08-06 21:00:00+00:00,196.15,196.19,196.09,196.19,2758.0
2025-08-06 21:05:00+00:00,196.0099,196.2301,196.0099,196.23,3135.0
2025-08-06 21:10:00+00:00,196.22,196.26,196.22,196.26,2437.0
2025-08-06 21:15:00+00:00,196.24,196.28,196.23,196.28,2940.0
2025-08-06 21:20:00+00:00,196.27,196.28,196.23,196.28,2475.0
2025-08-06 21:25:00+00:00,196.23,196.23,195.9,195.9,7481.0
2025-08-06 21:30:00+00:00,195.81,196.09,195.75,196.09,938.0
2025-08-06 21:35:00+00:00,195.72,195.75,195.72,195.75,843.0
2025-08-06 21:40:00+00:00,195.68,195.8,195.67,195.8,1248.0
2025-08-06 21:45:00+00:00,195.899,195.899,195.75,195.77,4589.0
2025-08-06 21:50:00+00:00,195.79,195.95,195.71,195.9005,1442.0
2025-08-06 21:55:00+00:00,195.89,196.0,195.89,196.0,4691.0
2025-08-06 22:00:00+00:00,195.81,195.91,195.55,195.59,12650.0
2025-08-06 22:05:00+00:00,195.66,195.84,195.66,195.84,1115.0
2025-08-06 22:10:00+00:00,195.92,195.95,195.85,195.95,1386.0
2025-08-06 22:15:00+00:00,195.94,196.05,195.94,196.05,2693.0
2025-08-06 22:20:00+00:00,196.0,196.0,196.0,196.0,566.0
2025-08-06 22:25:00+00:00,196.02,196.07,195.95,196.07,2795.0
2025-08-06 22:30:00+00:00,196.17,196.17,195.8783,195.8783,662.0
2025-08-06 22:35:00+00:00,196.12,196.12,196.12,196.12,163.0
2025-08-06 22:45:00+00:00,196.08,196.08,195.6542,195.6542,1837.0
2025-08-06 22:50:00+00:00,196.0,196.0,195.82,195.82,1393.0
2025-08-06 22:55:00+00:00,196.0,196.0009,195.9,195.9,1821.0
2025-08-06 23:00:00+00:00,195.9999,195.9999,195.9999,195.9999,134.0
2025-08-06 23:05:00+00:00,195.91,196.0,195.91,196.0,1638.0
2025-08-06 23:10:00+00:00,196.0,196.0,195.95,195.95,1691.0
2025-08-06 23:15:00+00:00,195.9088,195.9088,195.9088,195.9088,187.0
2025-08-06 23:20:00+00:00,196.0,196.0,195.96,196.0,781.0
2025-08-06 23:25:00+00:00,196.0,196.0,195.9999,195.9999,2863.0
2025-08-06 23:30:00+00:00,195.95,196.0,195.82,195.82,3118.0
2025-08-06 23:40:00+00:00,195.9009,195.91,195.9009,195.91,1881.0
2025-08-06 23:45:00+00:00,195.91,195.91,195.91,195.91,336.0
2025-08-06 23:55:00+00:00,195.8055,196.0,195.8,196.0,3313.0
2025-08-07 08:00:00+00:00,196.2,196.49,196.2,196.47,3211.0
2025-08-07 08:05:00+00:00,196.45,196.77,196.45,196.6,7273.0
2025-08-07 08:10:00+00:00,196.67,196.67,196.58,196.58,2167.0
2025-08-07 08:15:00+00:00,196.68,196.68,196.68,196.68,266.0
2025-08-07 08:20:00+00:00,196.62,196.63,196.59,196.59,1564.0
2025-08-07 08:25:00+00:00,196.62,196.8,196.58,196.8,3958.0
2025-08-07 08:30:00+00:00,196.77,196.77,196.74,196.74,1036.0
2025-08-07 08:35:00+00:00,196.6,196.67,196.6,196.63,1112.0
2025-08-07 08:50:00+00:00,196.73,196.76,196.71,196.76,660.0
2025-08-07 08:55:00+00:00,196.72,196.8,196.72,196.77,1990.0
2025-08-07 09:00:00+00:00,196.75,196.75,196.59,196.7,1750.0
2025-08-07 09:10:00+00:00,196.81,196.99,196.81,196.99,2120.0
2025-08-07 09:15:00+00:00,196.96,196.96,196.96,196.96,289.0
2025-08-07 09:20:00+00:00,197.0,197.0,197.0,197.0,783.0
2025-08-07 09:25:00+00:00,197.0,197.1,196.99,197.1,5832.0
2025-08-07 09:30:00+00:00,197.04,197.09,197.04,197.09,1731.0
2025-08-07 09:40:00+00:00,197.1,197.25,197.1,197.25,2749.0
2025-08-07 09:45:00+00:00,197.25,197.28,197.22,197.22,5508.0
2025-08-07 09:50:00+00:00,197.24,197.4,197.22,197.4,3374.0
2025-08-07 09:55:00+00:00,197.41,197.55,197.41,197.52,3119.0
2025-08-07 10:00:00+00:00,197.51,197.59,197.43,197.43,1993.0
2025-08-07 10:05:00+00:00,197.45,197.54,197.45,197.5,1682.0
2025-08-07 10:10:00+00:00,197.59,197.59,197.55,197.58,3261.0
2025-08-07 10:15:00+00:00,197.66,197.68,197.64,197.68,2893.0
2025-08-07 10:20:00+00:00,197.65,197.7,197.45,197.53,7142.0
2025-08-07 10:25:00+00:00,197.55,197.55,197.39,197.55,3578.0
2025-08-07 10:30:00+00:00,197.53,197.53,197.43,197.53,1186.0
2025-08-07 10:35:00+00:00,197.57,197.74,197.53,197.74,2934.0
2025-08-07 10:40:00+00:00,197.75,197.75,197.61,197.61,976.0
2025-08-07 10:45:00+00:00,197.72,197.75,197.72,197.75,1031.0
2025-08-07 10:50:00+00:00,197.7,197.7,197.7,197.7,281.0
2025-08-07 10:55:00+00:00,197.71,197.72,197.58,197.58,1908.0
2025-08-07 11:00:00+00:00,197.6,197.6,197.39,197.39,10594.0
2025-08-07 11:05:00+00:00,197.34,197.34,197.32,197.33,2635.0
2025-08-07 11:10:00+00:00,197.33,197.34,197.27,197.27,3061.0
2025-08-07 11:15:00+00:00,197.31,197.42,197.31,197.42,2683.0
2025-08-07 11:20:00+00:00,197.37,197.37,197.27,197.27,1086.0
2025-08-07 11:25:00+00:00,197.3,197.31,197.3,197.31,2657.0
2025-08-07 11:30:00+00:00,197.29,197.31,197.17,197.17,2366.0
2025-08-07 11:35:00+00:00,197.17,197.17,197.07,197.07,1764.0
2025-08-07 11:40:00+00:00,197.04,197.1,197.03,197.1,952.0
2025-08-07 11:45:00+00:00,197.17,197.19,197.08,197.08,2275.0
2025-08-07 11:50:00+00:00,197.05,197.08,197.05,197.08,603.0
2025-08-07 11:55:00+00:00,197.1,197.11,197.08,197.08,715.0
2025-08-07 12:00:00+00:00,197.39,197.77,195.98,197.0744,42225.0
2025-08-07 12:05:00+00:00,197.154,197.2,197.08,197.1504,3542.0
2025-08-07 12:10:00+00:00,197.11,197.32,197.0529,197.32,4227.0
2025-08-07 12:15:00+00:00,197.33,197.42,197.26,197.3986,5309.0
2025-08-07 12:20:00+00:00,197.4,197.49,197.28,197.3,2852.0
2025-08-07 12:25:00+00:00,197.3,197.39,197.265,197.39,2843.0
2025-08-07 12:30:00+00:00,197.4,197.67,197.4,197.6,8150.0
2025-08-07 12:35:00+00:00,197.52,197.75,197.48,197.75,8833.0
2025-08-07 12:40:00+00:00,197.69,197.77,197.59,197.687,6040.0
2025-08-07 12:45:00+00:00,197.69,197.69,197.5201,197.59,8801.0
2025-08-07 12:50:00+00:00,197.59,197.66,197.5605,197.66,10297.0
2025-08-07 12:55:00+00:00,197.67,197.67,197.5,197.5,9370.0
2025-08-07 13:00:00+00:00,197.52,197.68,197.39,197.68,8292.0
2025-08-07 13:05:00+00:00,197.6,197.69,197.521,197.63,8139.0
2025-08-07 13:10:00+00:00,197.68,197.76,197.56,197.57,8230.0
2025-08-07 13:15:00+00:00,197.58,197.65,197.55,197.63,11862.0
2025-08-07 13:20:00+00:00,197.7,197.7,197.5747,197.7,6032.0
2025-08-07 13:25:00+00:00,197.61,197.63,196.5,196.74,70564.0
2025-08-07 13:30:00+00:00,197.06,197.54,196.67,197.01,1982491.0
2025-08-07 13:35:00+00:00,197.025,197.16,196.64,196.87,479570.0
2025-08-07 13:40:00+00:00,196.866,196.96,196.015,196.03,543618.0
2025-08-07 13:45:00+00:00,196.04,196.14,195.46,195.7916,591844.0
2025-08-07 13:50:00+00:00,195.8,196.12,195.68,195.93,422977.0
2025-08-07 13:55:00+00:00,195.9241,196.42,195.73,196.38,536473.0
2025-08-07 14:00:00+00:00,196.4,196.68,195.885,196.62,509480.0
2025-08-07 14:05:00+00:00,196.62,196.74,196.32,196.5,614228.0
2025-08-07 14:10:00+00:00,196.49,196.62,196.1,196.61,486692.0
2025-08-07 14:15:00+00:00,196.59,196.78,196.3,196.48,314612.0
2025-08-07 14:20:00+00:00,196.5,196.87,196.43,196.57,326168.0
2025-08-07 14:25:00+00:00,196.58,197.01,196.49,196.95,619241.0
2025-08-07 14:30:00+00:00,196.95,197.17,196.63,196.71,443131.0
2025-08-07 14:35:00+00:00,196.71,197.07,196.58,197.0224,265331.0
2025-08-07 14:40:00+00:00,197.05,197.23,196.89,197.075,282620.0
2025-08-07 14:45:00+00:00,197.06,197.396,196.9,197.36,276481.0
2025-08-07 14:50:00+00:00,197.35,197.36,196.52,196.65,243336.0
2025-08-07 14:55:00+00:00,196.65,196.7797,196.5,196.72,276980.0
2025-08-07 15:00:00+00:00,196.72,196.77,196.28,196.43,413666.0
2025-08-07 15:05:00+00:00,196.43,196.64,196.35,196.4,297015.0
2025-08-07 15:10:00+00:00,196.39,196.47,196.2,196.3494,265183.0
2025-08-07 15:15:00+00:00,196.35,196.5736,196.16,196.43,178035.0
2025-08-07 15:20:00+00:00,196.43,196.62,196.43,196.525,172746.0
2025-08-07 15:25:00+00:00,196.53,196.58,196.37,196.45,167567.0
2025-08-07 15:30:00+00:00,196.45,196.6,196.44,196.49,148314.0
2025-08-07 15:35:00+00:00,196.49,196.62,196.3,196.3189,178427.0
2025-08-07 15:40:00+00:00,196.32,196.415,196.25,196.3,111929.0
2025-08-07 15:45:00+00:00,196.29,196.44,196.155,196.16,155171.0
2025-08-07 15:50:00+00:00,196.17,196.48,196.1601,196.47,190465.0
2025-08-07 15:55:00+00:00,196.49,196.805,196.49,196.73,176956.0
2025-08-07 16:00:00+00:00,196.71,196.78,196.5484,196.695,180594.0
2025-08-07 16:05:00+00:00,196.67,196.73,196.53,196.6,148315.0
2025-08-07 16:10:00+00:00,196.56,196.82,196.49,196.8,102058.0
2025-08-07 16:15:00+00:00,196.8,196.945,196.59,196.65,152849.0
2025-08-07 16:20:00+00:00,196.65,196.95,196.64,196.82,146981.0
2025-08-07 16:25:00+00:00,196.825,196.88,196.575,196.62,139554.0
2025-08-07 16:30:00+00:00,196.62,196.8,196.58,196.66,86609.0
2025-08-07 16:35:00+00:00,196.655,196.785,196.555,196.6499,95772.0
2025-08-07 16:40:00+00:00,196.63,196.63,196.0755,196.17,164095.0
2025-08-07 16:45:00+00:00,196.17,196.2,195.805,196.12,269049.0
2025-08-07 16:50:00+00:00,196.14,196.47,196.13,196.4643,153614.0
2025-08-07 16:55:00+00:00,196.455,196.57,196.315,196.37,239616.0
2025-08-07 17:00:00+00:00,196.375,196.59,195.8,195.9,184166.0
2025-08-07 17:05:00+00:00,195.92,196.01,195.825,195.89,168483.0
2025-08-07 17:10:00+00:00,195.88,195.98,195.65,195.84,203728.0
2025-08-07 17:15:00+00:00,195.84,195.9,195.7086,195.79,213078.0
2025-08-07 17:20:00+00:00,195.78,195.97,195.75,195.875,159743.0
2025-08-07 17:25:00+00:00,195.87,195.96,195.66,195.66,165878.0
2025-08-07 17:30:00+00:00,195.67,195.79,195.345,195.38,288288.0
2025-08-07 17:35:00+00:00,195.38,195.39,194.885,195.225,544839.0
2025-08-07 17:40:00+00:00,195.24,195.42,195.21,195.41,212508.0
2025-08-07 17:45:00+00:00,195.42,195.4758,195.28,195.42,142115.0
2025-08-07 17:50:00+00:00,195.41,195.48,195.32,195.395,104224.0
2025-08-07 17:55:00+00:00,195.4,195.49,195.31,195.46,130440.0
2025-08-07 18:00:00+00:00,195.45,195.605,195.38,195.42,178896.0
2025-08-07 18:05:00+00:00,195.4228,195.49,195.145,195.145,140799.0
2025-08-07 18:10:00+00:00,195.15,195.17,194.86,194.91,260005.0
2025-08-07 18:15:00+00:00,194.915,194.92,194.58,194.62,252636.0
2025-08-07 18:20:00+00:00,194.62,194.77,194.51,194.65,291074.0
2025-08-07 18:25:00+00:00,194.655,194.94,194.565,194.8,201282.0
2025-08-07 18:30:00+00:00,194.8,194.8,194.33,194.6,240539.0
2025-08-07 18:35:00+00:00,194.6,194.786,194.58,194.66,136150.0
2025-08-07 18:40:00+00:00,194.67,194.6701,194.45,194.47,317751.0
2025-08-07 18:45:00+00:00,194.47,194.765,194.42,194.73,235141.0
2025-08-07 18:50:00+00:00,194.735,194.9306,194.67,194.89,176373.0
2025-08-07 18:55:00+00:00,194.9,195.08,194.83,195.0,217040.0
2025-08-07 19:00:00+00:00,195.01,195.13,194.8655,194.95,268859.0
2025-08-07 19:05:00+00:00,194.94,195.1,194.93,195.09,166912.0
2025-08-07 19:10:00+00:00,195.08,195.29,195.08,195.19,174507.0
2025-08-07 19:15:00+00:00,195.2,195.31,195.08,195.3,133711.0
2025-08-07 19:20:00+00:00,195.3,195.48,195.3,195.47,221645.0
2025-08-07 19:25:00+00:00,195.46,195.5,195.34,195.455,160574.0
2025-08-07 19:30:00+00:00,195.45,195.631,195.32,195.63,276209.0
2025-08-07 19:35:00+00:00,195.62,196.035,195.61,195.865,449814.0
2025-08-07 19:40:00+00:00,195.88,196.105,195.88,196.01,279808.0
2025-08-07 19:45:00+00:00,195.99,196.12,195.81,195.8354,332054.0
2025-08-07 19:50:00+00:00,195.84,196.145,195.84,195.89,556215.0
2025-08-07 19:55:00+00:00,195.88,196.57,195.86,196.56,1289588.0
2025-08-07 20:00:00+00:00,196.56,196.68,196.466,196.52,2446644.0
2025-08-07 20:05:00+00:00,196.52,196.62,196.52,196.6,12052.0
2025-08-07 20:10:00+00:00,196.5815,196.67,196.52,196.52,14198.0
2025-08-07 20:15:00+00:00,196.5803,196.69,196.5801,196.67,5409.0
2025-08-07 20:20:00+00:00,196.67,196.68,196.67,196.67,68776.0
2025-08-07 20:25:00+00:00,196.67,196.68,196.52,196.65,7013.0
2025-08-07 20:30:00+00:00,196.5802,196.62,196.58,196.62,1324.0
2025-08-07 20:35:00+00:00,196.62,196.62,196.5,196.51,2195.0
2025-08-07 20:40:00+00:00,196.5,196.52,196.48,196.52,1654.0
2025-08-07 20:45:00+00:00,196.54,196.7,196.38,196.66,2797.0
2025-08-07 20:50:00+00:00,196.6,196.6,196.54,196.5799,3610.0
2025-08-07 20:55:00+00:00,196.54,196.54,196.5,196.5,873.0
2025-08-07 21:00:00+00:00,196.53,196.53,196.52,196.53,1117.0
2025-08-07 21:05:00+00:00,196.3337,196.3337,196.33,196.33,837.0
2025-08-07 21:10:00+00:00,196.38,196.38,196.38,196.38,333.0
2025-08-07 21:15:00+00:00,196.43,196.5,196.3,196.31,31938.0
2025-08-07 21:20:00+00:00,196.23,196.23,196.1305,196.1305,19686.0
2025-08-07 21:25:00+00:00,196.21,196.21,196.21,196.21,110.0
2025-08-07 21:30:00+00:00,196.4292,196.4292,196.4292,196.4292,1058.0
2025-08-07 21:35:00+00:00,196.39,196.5,196.32,196.32,1072.0
2025-08-07 21:40:00+00:00,196.38,196.38,196.3,196.3,1634.0
2025-08-07 21:45:00+00:00,196.32,196.4026,196.32,196.4026,294.0
2025-08-07 21:50:00+00:00,196.4634,196.4634,196.4376,196.4376,447.0
2025-08-07 21:55:00+00:00,196.33,196.33,196.33,196.33,129.0
2025-08-07 22:00:00+00:00,196.37,196.6,196.35,196.6,3689.0
2025-08-07 22:05:00+00:00,196.5864,196.6,196.5864,196.6,2339.0
2025-08-07 22:10:00+00:00,196.6,196.73,196.55,196.73,4513.0
2025-08-07 22:15:00+00:00,196.75,196.78,196.5314,196.78,1997.0
2025-08-07 22:20:00+00:00,196.77,196.78,196.7,196.78,1749.0
2025-08-07 22:25:00+00:00,196.73,196.77,196.73,196.73,1147.0
2025-08-07 22:30:00+00:00,196.73,196.73,196.56,196.56,1473.0
2025-08-07 22:35:00+00:00,196.66,196.74,196.5599,196.5599,4796.0
2025-08-07 22:40:00+00:00,196.56,196.69,196.54,196.54,1708.0
2025-08-07 22:45:00+00:00,196.54,196.74,196.54,196.74,534.0
2025-08-07 22:50:00+00:00,196.551,196.71,196.551,196.71,353.0
2025-08-07 22:55:00+00:00,196.74,196.74,196.64,196.64,686.0
2025-08-07 23:00:00+00:00,196.64,196.65,196.62,196.65,1087.0
2025-08-07 23:05:00+00:00,196.64,196.6492,196.64,196.6492,1074.0
2025-08-07 23:10:00+00:00,196.65,196.65,196.65,196.65,458.0
2025-08-07 23:15:00+00:00,196.63,196.67,196.63,196.65,836.0
2025-08-07 23:20:00+00:00,196.65,196.68,196.65,196.68,1119.0
2025-08-07 23:25:00+00:00,196.63,196.66,196.62,196.6552,1154.0
2025-08-07 23:30:00+00:00,196.67,196.6893,196.63,196.63,826.0
2025-08-07 23:35:00+00:00,196.62,196.64,196.62,196.64,826.0
2025-08-07 23:40:00+00:00,196.52,196.59,196.3731,196.5,3232.0
2025-08-07 23:45:00+00:00,196.6131,196.6131,196.45,196.45,953.0
2025-08-07 23:50:00+00:00,196.36,196.62,196.36,196.5315,1374.0
2025-08-07 23:55:00+00:00,196.39,196.39,196.39,196.39,335.0
2025-08-08 08:00:00+00:00,196.89,197.08,196.89,197.08,2774.0
2025-08-08 08:05:00+00:00,197.05,197.2,197.05,197.09,7115.0
2025-08-08 08:10:00+00:00,197.1,197.1,197.06,197.09,1493.0
2025-08-08 08:15:00+00:00,197.01,197.01,197.0,197.0,741.0
2025-08-08 08:20:00+00:00,197.05,197.05,197.0,197.04,2088.0
2025-08-08 08:25:00+00:00,197.0,197.03,197.0,197.03,855.0
2025-08-08 08:30:00+00:00,197.05,197.05,197.05,197.05,211.0
2025-08-08 08:35:00+00:00,197.09,197.09,197.05,197.05,576.0
2025-08-08 08:40:00+00:00,197.05,197.05,197.0,197.03,1369.0
2025-08-08 08:45:00+00:00,197.09,197.09,197.09,197.09,232.0
2025-08-08 09:00:00+00:00,197.05,197.05,197.05,197.05,229.0
2025-08-08 09:05:00+00:00,197.05,197.05,197.04,197.04,823.0
2025-08-08 09:10:00+00:00,197.13,197.13,197.05,197.11,1906.0
2025-08-08 09:25:00+00:00,197.18,197.18,197.18,197.18,593.0
2025-08-08 09:30:00+00:00,197.13,197.23,197.13,197.23,1236.0
2025-08-08 09:40:00+00:00,197.17,197.17,197.17,197.17,203.0
2025-08-08 09:45:00+00:00,197.16,197.16,197.16,197.16,172.0
2025-08-08 09:50:00+00:00,197.15,197.15,197.14,197.14,995.0
2025-08-08 10:00:00+00:00,197.13,197.14,197.13,197.14,595.0
2025-08-08 10:05:00+00:00,197.13,197.14,197.1,197.1,1249.0
2025-08-08 10:20:00+00:00,197.12,197.15,197.12,197.15,250.0
2025-08-08 10:25:00+00:00,197.13,197.13,197.13,197.13,185.0
2025-08-08 10:30:00+00:00,197.17,197.17,197.15,197.15,514.0
2025-08-08 10:35:00+00:00,197.18,197.25,197.18,197.25,1509.0
2025-08-08 10:45:00+00:00,197.2,197.2,197.19,197.19,1124.0
2025-08-08 10:50:00+00:00,197.19,197.19,197.19,197.19,683.0
2025-08-08 10:55:00+00:00,197.12,197.12,197.12,197.12,256.0
2025-08-08 11:00:00+00:00,197.07,197.11,196.8,196.8,5509.0
2025-08-08 11:05:00+00:00,196.86,196.89,196.84,196.89,2062.0
2025-08-08 11:10:00+00:00,196.88,196.9,196.88,196.9,548.0
2025-08-08 11:15:00+00:00,196.94,196.96,196.94,196.96,860.0
2025-08-08 11:20:00+00:00,196.99,197.05,196.95,196.95,1034.0
2025-08-08 11:25:00+00:00,196.96,196.96,196.96,196.96,263.0
2025-08-08 11:30:00+00:00,196.99,196.99,196.99,196.99,883.0
2025-08-08 11:35:00+00:00,196.96,196.96,196.96,196.96,1333.0
2025-08-08 11:40:00+00:00,196.98,196.98,196.96,196.96,558.0
2025-08-08 11:45:00+00:00,197.04,197.04,196.95,197.04,2484.0
2025-08-08 11:50:00+00:00,197.04,197.08,197.04,197.08,2450.0
2025-08-08 11:55:00+00:00,197.19,197.19,197.19,197.19,407.0
2025-08-08 12:00:00+00:00,197.09,197.4,196.57,197.4,52019.0
2025-08-08 12:05:00+00:00,197.4,197.41,197.2314,197.29,8886.0
2025-08-08 12:10:00+00:00,197.29,197.4,197.05,197.05,7047.0
2025-08-08 12:15:00+00:00,197.26,197.31,197.04,197.29,6764.0
2025-08-08 12:20:00+00:00,197.23,197.27,197.0262,197.0262,3031.0
2025-08-08 12:25:00+00:00,197.25,197.25,197.0242,197.19,4891.0
2025-08-08 12:30:00+00:00,197.25,197.3,197.19,197.19,1327.0
2025-08-08 12:35:00+00:00,197.21,197.31,197.21,197.31,3068.0
2025-08-08 12:40:00+00:00,197.248,197.3,197.2,197.2499,1876.0
2025-08-08 12:45:00+00:00,197.24,197.29,197.2,197.26,2252.0
2025-08-08 12:50:00+00:00,197.27,197.3,197.16,197.16,3145.0
2025-08-08 12:55:00+00:00,197.16,197.25,197.15,197.18,4636.0
2025-08-08 13:00:00+00:00,197.22,197.27,197.2,197.27,3539.0
2025-08-08 13:05:00+00:00,197.2,197.27,197.2,197.2499,7553.0
2025-08-08 13:10:00+00:00,197.2001,197.25,197.2,197.24,13635.0
2025-08-08 13:15:00+00:00,197.2,197.3,197.2,197.3,5403.0
2025-08-08 13:20:00+00:00,197.27,197.28,197.26,197.27,2892.0
2025-08-08 13:25:00+00:00,197.2,197.46,197.2,197.24,34995.0
2025-08-08 13:30:00+00:00,197.24,198.89,197.17,198.755,1614532.0
2025-08-08 13:35:00+00:00,198.74,199.06,197.57,197.8217,856596.0
2025-08-08 13:40:00+00:00,197.82,199.19,197.75,198.91,746251.0
2025-08-08 13:45:00+00:00,198.91,199.94,198.81,199.47,904753.0
2025-08-08 13:50:00+00:00,199.46,200.38,199.1,199.9,1757801.0
2025-08-08 13:55:00+00:00,199.91,200.5359,199.31,200.26,1124369.0
2025-08-08 14:00:00+00:00,200.23,201.215,200.1101,201.0862,1107092.0
2025-08-08 14:05:00+00:00,201.085,201.15,200.5501,200.58,888974.0
2025-08-08 14:10:00+00:00,200.55,201.34,200.4,200.84,736367.0
2025-08-08 14:15:00+00:00,200.845,201.64,200.7501,201.26,893920.0
2025-08-08 14:20:00+00:00,201.28,201.58,200.91,201.015,710397.0
2025-08-08 14:25:00+00:00,201.0,201.28,200.6761,201.145,629518.0
2025-08-08 14:30:00+00:00,201.13,201.58,200.865,201.43,569757.0
2025-08-08 14:35:00+00:00,201.4,201.6099,201.0461,201.225,408828.0
2025-08-08 14:40:00+00:00,201.21,201.32,200.83,201.3,378570.0
2025-08-08 14:45:00+00:00,201.32,201.48,200.81,201.145,297385.0
2025-08-08 14:50:00+00:00,201.145,201.3225,200.86,201.05,503928.0
2025-08-08 14:55:00+00:00,201.05,201.49,200.72,201.46,465349.0
2025-08-08 15:00:00+00:00,201.48,202.14,201.45,202.1203,996909.0
2025-08-08 15:05:00+00:00,202.12,202.515,201.87,202.2155,864348.0
2025-08-08 15:10:00+00:00,202.19,202.47,202.05,202.2199,522265.0
2025-08-08 15:15:00+00:00,202.2,202.41,202.09,202.245,507182.0
2025-08-08 15:20:00+00:00,202.24,202.35,201.92,202.105,395403.0
2025-08-08 15:25:00+00:00,202.105,202.49,201.96,202.475,534872.0
2025-08-08 15:30:00+00:00,202.47,202.59,202.235,202.39,448132.0
2025-08-08 15:35:00+00:00,202.385,202.42,201.84,202.037,480779.0
2025-08-08 15:40:00+00:00,202.06,202.61,201.95,202.33,377265.0
2025-08-08 15:45:00+00:00,202.33,202.335,201.82,201.86,341461.0
2025-08-08 15:50:00+00:00,201.875,201.99,201.57,201.59,464985.0
2025-08-08 15:55:00+00:00,201.58,201.68,200.94,201.01,712952.0
2025-08-08 16:00:00+00:00,201.01,201.66,200.93,201.459,417650.0
2025-08-08 16:05:00+00:00,201.455,201.52,200.665,200.71,259253.0
2025-08-08 16:10:00+00:00,200.72,200.9146,200.63,200.82,296893.0
2025-08-08 16:15:00+00:00,200.805,200.985,200.454,200.94,320038.0
2025-08-08 16:20:00+00:00,200.9332,200.9562,200.55,200.65,341817.0
2025-08-08 16:25:00+00:00,200.62,201.07,200.61,201.0401,231308.0
2025-08-08 16:30:00+00:00,201.0614,201.09,200.66,200.72,194574.0
2025-08-08 16:35:00+00:00,200.69,200.88,200.41,200.7699,276946.0
2025-08-08 16:40:00+00:00,200.76,200.87,200.5157,200.54,226200.0
2025-08-08 16:45:00+00:00,200.53,200.7017,200.44,200.65,291067.0
2025-08-08 16:50:00+00:00,200.64,200.87,200.56,200.73,256169.0
2025-08-08 16:55:00+00:00,200.72,200.85,200.61,200.7231,253792.0
2025-08-08 17:00:00+00:00,200.71,200.82,200.49,200.615,230684.0
2025-08-08 17:05:00+00:00,200.61,200.74,200.46,200.6,224119.0
2025-08-08 17:10:00+00:00,200.6,200.96,200.41,200.89,200451.0
2025-08-08 17:15:00+00:00,200.89,200.9,200.69,200.8,136271.0
2025-08-08 17:20:00+00:00,200.8,200.89,200.62,200.865,237846.0
2025-08-08 17:25:00+00:00,200.86,200.89,200.72,200.74,163588.0
2025-08-08 17:30:00+00:00,200.73,201.09,200.72,201.069,168145.0
2025-08-08 17:35:00+00:00,201.065,201.15,200.76,200.8962,218042.0
2025-08-08 17:40:00+00:00,200.8931,201.25,200.82,201.135,188216.0
2025-08-08 17:45:00+00:00,201.135,201.155,200.835,200.945,191338.0
2025-08-08 17:50:00+00:00,200.94,201.27,200.94,201.16,184423.0
2025-08-08 17:55:00+00:00,201.15,201.24,201.04,201.0961,213642.0
2025-08-08 18:00:00+00:00,201.1,201.22,201.03,201.12,141139.0
2025-08-08 18:05:00+00:00,201.11,201.18,200.94,200.97,173616.0
2025-08-08 18:10:00+00:00,200.96,201.07,200.86,200.895,241507.0
2025-08-08 18:15:00+00:00,200.89,200.94,200.74,200.78,184908.0
2025-08-08 18:20:00+00:00,200.78,201.11,200.771,201.02,236818.0
2025-08-08 18:25:00+00:00,201.02,201.122,200.92,201.122,155519.0
2025-08-08 18:30:00+00:00,201.125,201.24,200.98,201.05,158207.0
2025-08-08 18:35:00+00:00,201.06,201.105,200.7207,200.7345,225591.0
2025-08-08 18:40:00+00:00,200.7358,200.93,200.62,200.91,189922.0
2025-08-08 18:45:00+00:00,200.92,201.11,200.79,201.08,185180.0
2025-08-08 18:50:00+00:00,201.08,201.2399,201.05,201.08,853830.0
2025-08-08 18:55:00+00:00,201.08,201.295,201.04,201.18,153935.0
2025-08-08 19:00:00+00:00,201.195,201.295,201.0613,201.0613,141553.0
2025-08-08 19:05:00+00:00,201.08,201.32,201.07,201.3,159686.0
2025-08-08 19:10:00+00:00,201.31,201.38,201.16,201.29,238885.0
2025-08-08 19:15:00+00:00,201.29,201.43,201.245,201.405,182944.0
2025-08-08 19:20:00+00:00,201.4,201.55,201.3793,201.48,230519.0
2025-08-08 19:25:00+00:00,201.47,201.6769,201.445,201.56,232723.0
2025-08-08 19:30:00+00:00,201.57,201.58,201.195,201.4163,269490.0
2025-08-08 19:35:00+00:00,201.415,201.6,201.32,201.4725,350734.0
2025-08-08 19:40:00+00:00,201.46,201.46,201.22,201.3425,385871.0
2025-08-08 19:45:00+00:00,201.33,201.41,201.18,201.26,403988.0
2025-08-08 19:50:00+00:00,201.23,201.5,201.12,201.37,892098.0
2025-08-08 19:55:00+00:00,201.36,201.73,201.29,201.44,1671408.0
2025-08-08 20:00:00+00:00,201.44,201.44,201.22,201.43,3409619.0
2025-08-08 20:05:00+00:00,201.37,201.48,201.26,201.48,51586.0
2025-08-08 20:10:00+00:00,201.4987,201.74,201.4,201.74,17890.0
2025-08-08 20:15:00+00:00,201.75,201.8,201.42,201.6,4335.0
2025-08-08 20:20:00+00:00,201.6,201.67,201.6,201.6,7470.0
2025-08-08 20:25:00+00:00,201.56,201.56,201.42,201.42,725.0
2025-08-08 20:30:00+00:00,201.5,201.69,201.3993,201.64,5265.0
2025-08-08 20:35:00+00:00,201.59,201.69,201.59,201.68,298290.0
2025-08-08 20:40:00+00:00,201.69,201.7,201.5995,201.5995,5921.0
2025-08-08 20:45:00+00:00,201.6,201.75,201.57,201.65,22383.0
2025-08-08 20:50:00+00:00,201.5749,201.7,201.5749,201.6,1425.0
2025-08-08 20:55:00+00:00,201.7712,201.89,201.65,201.89,6345.0
2025-08-08 21:00:00+00:00,201.74,201.94,201.7399,201.94,5155.0
2025-08-08 21:05:00+00:00,201.93,201.93,201.51,201.7,3034.0
2025-08-08 21:10:00+00:00,201.92,201.92,201.819,201.819,1259.0
2025-08-08 21:15:00+00:00,201.9,201.9,201.82,201.88,1758.0
2025-08-08 21:20:00+00:00,201.9836,201.9836,201.79,201.79,1751.0
2025-08-08 21:25:00+00:00,201.79,201.86,201.77,201.86,1008.0
2025-08-08 21:30:00+00:00,201.9,201.9,201.8,201.8,335.0
2025-08-08 21:35:00+00:00,201.8011,201.8011,201.7833,201.7833,2601.0
2025-08-08 21:40:00+00:00,201.84,201.8836,201.77,201.77,1277.0
2025-08-08 21:45:00+00:00,201.8,201.81,201.8,201.81,373.0
2025-08-08 21:50:00+00:00,201.79,201.79,201.79,201.79,504.0
2025-08-08 21:55:00+00:00,201.81,201.81,201.77,201.77,919.0
2025-08-08 22:00:00+00:00,201.77,201.77,201.75,201.75,6599.0
2025-08-08 22:05:00+00:00,201.5322,201.5322,201.5,201.5,514.0
2025-08-08 22:10:00+00:00,201.68,201.7,201.66,201.6999,2533.0
2025-08-08 22:15:00+00:00,201.68,201.8,201.68,201.8,917.0
2025-08-08 22:20:00+00:00,201.7346,201.7346,201.7346,201.7346,107.0
2025-08-08 22:25:00+00:00,201.6601,201.79,201.6,201.79,2894.0
2025-08-08 22:30:00+00:00,201.61,201.61,201.44,201.44,4576.0
2025-08-08 22:35:00+00:00,201.46,201.62,201.46,201.62,1744.0
2025-08-08 22:40:00+00:00,201.62,201.62,201.62,201.62,202.0
2025-08-08 22:45:00+00:00,201.62,201.62,201.5,201.5,1213.0
2025-08-08 22:50:00+00:00,201.4996,201.4996,201.46,201.46,2556.0
2025-08-08 22:55:00+00:00,201.5,201.6181,201.4599,201.6181,1950.0
2025-08-08 23:00:00+00:00,201.4902,201.4902,201.4902,201.4902,726.0
2025-08-08 23:05:00+00:00,201.55,201.58,201.55,201.58,428.0
2025-08-08 23:10:00+00:00,201.6,201.62,201.6,201.62,1021.0
2025-08-08 23:15:00+00:00,201.66,201.66,201.66,201.66,179.0
2025-08-08 23:20:00+00:00,201.7,201.7,201.7,201.7,263.0
2025-08-08 23:25:00+00:00,201.65,201.65,201.6,201.65,1943.0
2025-08-08 23:30:00+00:00,201.6,201.6,201.6,201.6,1034.0
2025-08-08 23:40:00+00:00,201.61,201.7,201.61,201.7,4993.0
2025-08-08 23:45:00+00:00,201.73,201.73,201.7001,201.7001,521.0
2025-08-08 23:50:00+00:00,201.7,201.71,201.7,201.71,537.0
2025-08-08 23:55:00+00:00,201.73,201.8,201.7,201.75,3596.0
2025-08-11 08:00:00+00:00,201.69,202.08,201.39,201.5,23116.0
2025-08-11 08:05:00+00:00,201.47,201.48,201.3,201.36,10608.0
2025-08-11 08:10:00+00:00,201.38,201.38,201.05,201.11,6509.0
2025-08-11 08:15:00+00:00,201.15,201.15,200.79,200.93,6186.0
2025-08-11 08:20:00+00:00,200.88,200.88,200.73,200.86,4507.0
2025-08-11 08:25:00+00:00,200.75,200.75,200.75,200.75,2095.0
2025-08-11 08:30:00+00:00,200.62,200.72,200.59,200.59,4242.0
2025-08-11 08:35:00+00:00,200.78,200.78,200.78,200.78,828.0
2025-08-11 08:40:00+00:00,200.8,200.8,200.8,200.8,974.0
2025-08-11 08:45:00+00:00,200.63,200.63,200.57,200.61,2434.0
2025-08-11 08:50:00+00:00,200.71,200.71,200.71,200.71,530.0
2025-08-11 08:55:00+00:00,200.79,200.8,200.79,200.8,895.0
2025-08-11 09:00:00+00:00,200.8,200.8,200.51,200.59,6134.0
2025-08-11 09:05:00+00:00,200.75,200.79,200.75,200.79,1668.0
2025-08-11 09:10:00+00:00,200.99,201.0,200.99,201.0,1325.0
2025-08-11 09:20:00+00:00,201.31,201.31,201.31,201.31,496.0
2025-08-11 09:25:00+00:00,201.36,201.36,201.36,201.36,789.0
2025-08-11 09:30:00+00:00,201.35,201.35,201.28,201.28,1766.0
2025-08-11 09:35:00+00:00,201.22,201.22,201.05,201.16,3560.0
2025-08-11 09:40:00+00:00,201.16,201.16,201.16,201.16,282.0
2025-08-11 09:45:00+00:00,201.17,201.29,201.17,201.29,1074.0
2025-08-11 09:50:00+00:00,201.28,201.28,201.28,201.28,252.0
2025-08-11 09:55:00+00:00,201.2,201.27,201.2,201.27,680.0
2025-08-11 10:15:00+00:00,201.29,201.29,201.29,201.29,424.0
2025-08-11 10:20:00+00:00,201.33,201.39,201.33,201.39,3216.0
2025-08-11 10:25:00+00:00,201.39,201.39,201.39,201.39,576.0
2025-08-11 10:30:00+00:00,201.33,201.33,201.33,201.33,586.0
2025-08-11 10:35:00+00:00,201.33,201.35,201.32,201.32,792.0
2025-08-11 10:40:00+00:00,201.3,201.3,201.21,201.21,1197.0
2025-08-11 10:50:00+00:00,201.21,201.21,201.12,201.12,2235.0
2025-08-11 10:55:00+00:00,201.31,201.35,201.31,201.35,1418.0
2025-08-11 11:00:00+00:00,201.33,201.33,201.2,201.21,6847.0
2025-08-11 11:05:00+00:00,201.2,201.2,201.18,201.18,1059.0
2025-08-11 11:10:00+00:00,201.11,201.11,201.06,201.06,2736.0
2025-08-11 11:15:00+00:00,201.06,201.06,201.06,201.06,488.0
2025-08-11 11:20:00+00:00,201.0,201.0,200.83,200.83,2580.0
2025-08-11 11:25:00+00:00,200.94,200.94,200.94,200.94,545.0
2025-08-11 11:30:00+00:00,200.97,200.99,200.96,200.99,1424.0
2025-08-11 11:35:00+00:00,201.0,201.04,200.99,201.03,3458.0
2025-08-11 11:45:00+00:00,201.15,201.15,201.15,201.15,590.0
2025-08-11 11:50:00+00:00,201.15,201.15,201.15,201.15,269.0
2025-08-11 11:55:00+00:00,201.15,201.15,200.97,200.97,6878.0
2025-08-11 12:00:00+00:00,201.34,202.06,200.6,201.0699,101646.0
2025-08-11 12:05:00+00:00,201.0999,201.0999,201.03,201.08,2086.0
2025-08-11 12:10:00+00:00,201.09,201.1,200.88,200.88,6588.0
2025-08-11 12:15:00+00:00,200.91,201.0,200.8804,200.9508,4427.0
2025-08-11 12:20:00+00:00,200.97,200.9995,200.87,200.88,9341.0
2025-08-11 12:25:00+00:00,200.9,200.9174,200.86,200.9174,4625.0
2025-08-11 12:30:00+00:00,200.9099,200.9099,200.8001,200.88,9279.0
2025-08-11 12:35:00+00:00,200.83,200.9,200.82,200.84,6348.0
2025-08-11 12:40:00+00:00,200.9,201.02,200.9,200.95,6244.0
2025-08-11 12:45:00+00:00,200.97,201.0,200.89,201.0,5473.0
2025-08-11 12:50:00+00:00,201.0,201.091,200.95,200.95,3020.0
2025-08-11 12:55:00+00:00,201.0,201.0,200.9101,200.9101,1294.0
2025-08-11 13:00:00+00:00,201.0,201.02,200.9164,200.9414,3808.0
2025-08-11 13:05:00+00:00,201.0,201.01,200.9403,201.0,4150.0
2025-08-11 13:10:00+00:00,201.05,201.05,200.86,201.0,7682.0
2025-08-11 13:15:00+00:00,200.9804,201.0,200.9525,200.9525,8311.0
2025-08-11 13:20:00+00:00,200.97,200.99,200.9,200.9,5201.0
2025-08-11 13:25:00+00:00,200.76,201.42,200.6,200.82,76095.0
2025-08-11 13:30:00+00:00,200.935,201.18,199.89,200.03,1436391.0
2025-08-11 13:35:00+00:00,200.05,200.35,199.235,199.44,699592.0
2025-08-11 13:40:00+00:00,199.46,200.42,199.44,200.3882,556271.0
2025-08-11 13:45:00+00:00,200.38,200.5499,199.74,200.055,453735.0
2025-08-11 13:50:00+00:00,200.08,200.25,199.4607,199.53,422670.0
2025-08-11 13:55:00+00:00,199.5308,199.84,199.41,199.62,485470.0
2025-08-11 14:00:00+00:00,199.62,199.6701,199.11,199.27,584616.0
2025-08-11 14:05:00+00:00,199.27,199.75,199.07,199.74,636954.0
2025-08-11 14:10:00+00:00,199.745,200.18,199.73,199.92,504542.0
2025-08-11 14:15:00+00:00,199.91,200.31,199.77,199.8355,502275.0
2025-08-11 14:20:00+00:00,199.8303,199.845,199.58,199.63,300374.0
2025-08-11 14:25:00+00:00,199.64,199.815,199.58,199.63,383346.0
2025-08-11 14:30:00+00:00,199.625,200.08,199.55,199.99,293862.0
2025-08-11 14:35:00+00:00,199.99,200.34,199.89,200.21,303968.0
2025-08-11 14:40:00+00:00,200.22,200.6951,200.17,200.695,278616.0
2025-08-11 14:45:00+00:00,200.7,200.84,200.41,200.51,339388.0
2025-08-11 14:50:00+00:00,200.5055,200.76,200.41,200.69,223604.0
2025-08-11 14:55:00+00:00,200.69,200.85,200.48,200.51,212610.0
2025-08-11 15:00:00+00:00,200.51,200.59,200.245,200.41,183353.0
2025-08-11 15:05:00+00:00,200.405,200.52,200.25,200.5,176690.0
2025-08-11 15:10:00+00:00,200.49,201.05,200.4,200.9601,319811.0
2025-08-11 15:15:00+00:00,200.97,201.09,200.88,201.0071,169454.0
2025-08-11 15:20:00+00:00,201.0,201.12,200.88,201.1,208604.0
2025-08-11 15:25:00+00:00,201.1,201.13,200.84,200.91,293382.0
2025-08-11 15:30:00+00:00,200.93,200.95,200.72,200.74,170834.0
2025-08-11 15:35:00+00:00,200.735,200.78,200.5,200.6651,219223.0
2025-08-11 15:40:00+00:00,200.66,200.935,200.635,200.929,143031.0
2025-08-11 15:45:00+00:00,200.94,200.96,200.83,200.84,157666.0
2025-08-11 15:50:00+00:00,200.84,201.3199,200.8,201.3199,204085.0
2025-08-11 15:55:00+00:00,201.3,201.4,201.0,201.12,247079.0
2025-08-11 16:00:00+00:00,201.1,201.25,201.01,201.09,141220.0
2025-08-11 16:05:00+00:00,201.09,201.15,201.02,201.13,118959.0
2025-08-11 16:10:00+00:00,201.14,201.23,201.04,201.19,160175.0
2025-08-11 16:15:00+00:00,201.19,201.2001,200.96,201.035,154367.0
2025-08-11 16:20:00+00:00,201.03,201.37,201.03,201.275,178386.0
2025-08-11 16:25:00+00:00,201.275,201.34,201.11,201.29,146083.0
2025-08-11 16:30:00+00:00,201.29,201.475,201.26,201.31,184420.0
2025-08-11 16:35:00+00:00,201.32,201.39,201.075,201.095,175323.0
2025-08-11 16:40:00+00:00,201.095,201.1199,200.93,200.93,107548.0
2025-08-11 16:45:00+00:00,200.93,201.06,200.87,200.985,182906.0
2025-08-11 16:50:00+00:00,200.99,201.1871,200.99,201.14,93051.0
2025-08-11 16:55:00+00:00,201.14,201.22,200.98,201.0,183886.0
2025-08-11 17:00:00+00:00,201.0,201.24,200.96,201.197,149908.0
2025-08-11 17:05:00+00:00,201.2,201.3,201.17,201.2,88775.0
2025-08-11 17:10:00+00:00,201.175,201.18,200.97,201.005,80928.0
2025-08-11 17:15:00+00:00,201.02,201.04,200.87,200.9557,143118.0
2025-08-11 17:20:00+00:00,200.95,201.02,200.8609,200.9,101041.0
2025-08-11 17:25:00+00:00,200.91,201.04,200.78,200.92,139996.0
2025-08-11 17:30:00+00:00,200.93,201.08,200.92,201.055,131793.0
2025-08-11 17:35:00+00:00,201.04,201.18,201.005,201.1584,208355.0
2025-08-11 17:40:00+00:00,201.16,201.24,200.96,200.98,173354.0
2025-08-11 17:45:00+00:00,200.995,201.05,200.93,200.94,405242.0
2025-08-11 17:50:00+00:00,200.95,200.96,200.81,200.92,170971.0
2025-08-11 17:55:00+00:00,200.91,200.99,200.87,200.92,96886.0
2025-08-11 18:00:00+00:00,200.93,200.99,200.85,200.91,177093.0
2025-08-11 18:05:00+00:00,200.92,201.02,200.86,200.975,228288.0
2025-08-11 18:10:00+00:00,200.975,200.99,200.85,200.965,179284.0
2025-08-11 18:15:00+00:00,200.975,201.0499,200.93,200.985,151518.0
2025-08-11 18:20:00+00:00,200.98,201.03,200.9,200.94,153108.0
2025-08-11 18:25:00+00:00,200.935,201.083,200.87,200.89,283391.0
2025-08-11 18:30:00+00:00,200.895,200.91,200.75,200.78,129985.0
2025-08-11 18:35:00+00:00,200.775,200.815,200.645,200.75,155388.0
2025-08-11 18:40:00+00:00,200.76,200.79,200.44,200.45,131534.0
2025-08-11 18:45:00+00:00,200.45,200.84,200.395,200.82,208779.0
2025-08-11 18:50:00+00:00,200.835,200.94,200.78,200.86,138874.0
2025-08-11 18:55:00+00:00,200.86,201.04,200.86,201.0,156920.0
2025-08-11 19:00:00+00:00,201.0,201.03,200.88,200.96,140113.0
2025-08-11 19:05:00+00:00,200.96,201.08,200.9,201.02,239559.0
2025-08-11 19:10:00+00:00,201.03,201.2,201.03,201.1,165901.0
2025-08-11 19:15:00+00:00,201.11,201.11,200.995,201.065,189926.0
2025-08-11 19:20:00+00:00,201.065,201.2103,201.0501,201.18,174742.0
2025-08-11 19:25:00+00:00,201.17,201.18,201.065,201.12,178520.0
2025-08-11 19:30:00+00:00,201.13,201.225,201.06,201.175,206768.0
2025-08-11 19:35:00+00:00,201.17,201.19,201.04,201.115,215132.0
2025-08-11 19:40:00+00:00,201.12,201.19,200.9,201.08,286049.0
2025-08-11 19:45:00+00:00,201.08,201.08,200.97,200.99,224049.0
2025-08-11 19:50:00+00:00,200.995,201.11,200.56,200.74,705552.0
2025-08-11 19:55:00+00:00,200.72,201.11,200.625,201.01,1715452.0
2025-08-11 20:00:00+00:00,201.03,201.04,200.95,201.0,3431325.0
2025-08-11 20:05:00+00:00,200.8577,201.05,200.8577,201.05,3694.0
2025-08-11 20:10:00+00:00,200.95,200.95,200.84,200.92,7804.0
2025-08-11 20:15:00+00:00,200.9,200.9001,200.84,200.9,3870.0
2025-08-11 20:20:00+00:00,200.9,201.0,200.9,201.0,3126.0
2025-08-11 20:25:00+00:00,200.96,200.96,200.96,200.96,2772.0
2025-08-11 20:30:00+00:00,200.9535,200.9535,200.9,200.9,1599.0
2025-08-11 20:35:00+00:00,200.9,200.9,200.78,200.78,2448.0
2025-08-11 20:40:00+00:00,200.731,200.7316,200.7301,200.7316,516.0
2025-08-11 20:45:00+00:00,200.75,200.8,200.6259,200.71,6602.0
2025-08-11 20:50:00+00:00,200.61,200.79,200.61,200.79,2837.0
2025-08-11 20:55:00+00:00,200.79,201.0,200.7,200.7,16825.0
2025-08-11 21:05:00+00:00,200.8108,200.8108,200.77,200.77,1619.0
2025-08-11 21:10:00+00:00,200.8,200.8,200.8,200.8,172.0
2025-08-11 21:15:00+00:00,200.79,200.8,200.75,200.75,766.0
2025-08-11 21:20:00+00:00,200.89,200.89,200.89,200.89,236.0
2025-08-11 21:25:00+00:00,200.7693,200.7693,200.7693,200.7693,537.0
2025-08-11 21:30:00+00:00,200.86,200.86,200.7527,200.7527,561.0
2025-08-11 21:35:00+00:00,200.8639,200.8639,200.8639,200.8639,210.0
2025-08-11 21:40:00+00:00,200.75,200.75,200.75,200.75,289.0
2025-08-11 21:45:00+00:00,200.8,200.8,200.8,200.8,245.0
2025-08-11 21:50:00+00:00,200.76,200.83,200.76,200.83,1171.0
2025-08-11 21:55:00+00:00,200.75,200.76,200.75,200.75,1827.0
2025-08-11 22:00:00+00:00,200.75,200.88,200.75,200.88,1013.0
2025-08-11 22:05:00+00:00,200.8405,200.88,200.8405,200.88,331.0
2025-08-11 22:10:00+00:00,200.89,200.89,200.83,200.83,343.0
2025-08-11 22:15:00+00:00,200.81,200.89,200.81,200.89,6070.0
2025-08-11 22:25:00+00:00,200.76,200.76,200.76,200.76,160.0
2025-08-11 22:30:00+00:00,200.75,200.75,200.75,200.75,5527.0
2025-08-11 22:50:00+00:00,200.66,200.71,200.66,200.71,640.0
2025-08-11 22:55:00+00:00,200.69,200.73,200.631,200.73,2118.0
2025-08-11 23:00:00+00:00,200.7591,200.7591,200.7591,200.7591,217.0
2025-08-11 23:05:00+00:00,200.76,200.76,200.76,200.76,111.0
2025-08-11 23:20:00+00:00,200.62,200.759,200.62,200.759,283.0
2025-08-11 23:25:00+00:00,200.6221,200.6221,200.6221,200.6221,231.0
2025-08-11 23:35:00+00:00,200.6202,200.6202,200.6202,200.6202,121.0
2025-08-11 23:45:00+00:00,200.78,200.78,200.68,200.69,795.0
2025-08-11 23:50:00+00:00,200.74,200.74,200.74,200.74,586.0
2025-08-12 08:00:00+00:00,201.0,201.3,201.0,201.08,6068.0
2025-08-12 08:05:00+00:00,201.13,201.2,201.13,201.2,1897.0
2025-08-12 08:10:00+00:00,201.07,201.07,201.07,201.07,1838.0
2025-08-12 08:15:00+00:00,201.04,201.06,201.0,201.02,3419.0
2025-08-12 08:20:00+00:00,201.0,201.01,201.0,201.01,1080.0
2025-08-12 08:25:00+00:00,201.05,201.05,201.05,201.05,163.0
2025-08-12 08:35:00+00:00,201.0,201.05,201.0,201.05,556.0
2025-08-12 08:40:00+00:00,201.02,201.02,200.97,200.97,1390.0
2025-08-12 09:05:00+00:00,200.82,200.82,200.82,200.82,441.0
2025-08-12 09:15:00+00:00,200.83,200.83,200.81,200.81,373.0
2025-08-12 09:20:00+00:00,200.85,200.91,200.85,200.91,863.0
2025-08-12 09:30:00+00:00,200.94,200.94,200.94,200.94,225.0
2025-08-12 09:35:00+00:00,200.94,200.94,200.94,200.94,408.0
2025-08-12 09:40:00+00:00,200.91,200.91,200.91,200.91,302.0
2025-08-12 09:45:00+00:00,200.83,200.86,200.82,200.86,1711.0
2025-08-12 09:50:00+00:00,200.92,200.92,200.87,200.87,454.0
2025-08-12 10:20:00+00:00,200.81,200.81,200.81,200.81,157.0
2025-08-12 10:25:00+00:00,200.8,200.8,200.8,200.8,164.0
2025-08-12 10:30:00+00:00,200.85,200.85,200.82,200.845,474.0
2025-08-12 10:35:00+00:00,200.81,200.81,200.81,200.81,353.0
2025-08-12 10:45:00+00:00,200.83,200.83,200.83,200.83,205.0
2025-08-12 11:00:00+00:00,200.83,200.83,200.8,200.81,1498.0
2025-08-12 11:05:00+00:00,200.69,200.7,200.62,200.62,3278.0
2025-08-12 11:10:00+00:00,200.63,200.63,200.61,200.61,3144.0
2025-08-12 11:15:00+00:00,200.63,200.63,200.63,200.63,107.0
2025-08-12 11:20:00+00:00,200.68,200.68,200.68,200.68,152.0
2025-08-12 11:25:00+00:00,200.63,200.63,200.63,200.63,982.0
2025-08-12 11:30:00+00:00,200.67,200.72,200.63,200.64,1887.0
2025-08-12 11:40:00+00:00,200.6,200.6,200.6,200.6,416.0
2025-08-12 11:50:00+00:00,200.5,200.54,200.5,200.54,2844.0
2025-08-12 11:55:00+00:00,200.54,200.54,200.53,200.54,1117.0
2025-08-12 12:00:00+00:00,200.78,201.6,200.49,200.72,46164.0
2025-08-12 12:05:00+00:00,200.5614,200.5614,200.5614,200.5614,147.0
2025-08-12 12:10:00+00:00,200.56,200.56,200.56,200.56,714.0
2025-08-12 12:15:00+00:00,200.65,200.6999,200.65,200.6999,592.0
2025-08-12 12:20:00+00:00,200.61,200.7,200.53,200.7,4122.0
2025-08-12 12:25:00+00:00,200.71,200.8794,200.71,200.71,2923.0
2025-08-12 12:30:00+00:00,200.88,201.79,200.87,201.79,69684.0
2025-08-12 12:35:00+00:00,201.8,202.33,201.8,202.1,46387.0
2025-08-12 12:40:00+00:00,202.09,202.44,202.07,202.07,19692.0
2025-08-12 12:45:00+00:00,202.12,202.2,202.0005,202.15,12286.0
2025-08-12 12:50:00+00:00,202.22,202.32,202.0,202.07,12532.0
2025-08-12 12:55:00+00:00,202.14,202.15,201.87,201.91,33726.0
2025-08-12 13:00:00+00:00,202.02,202.02,201.73,201.84,12674.0
2025-08-12 13:05:00+00:00,201.7,201.98,201.62,201.75,16887.0
2025-08-12 13:10:00+00:00,201.91,201.999,201.75,201.9975,6736.0
2025-08-12 13:15:00+00:00,201.84,201.91,201.73,201.73,3810.0
2025-08-12 13:20:00+00:00,201.8305,202.0,201.75,201.9,8828.0
2025-08-12 13:25:00+00:00,201.87,202.02,201.28,201.28,61329.0
2025-08-12 13:30:00+00:00,201.365,203.3799,201.25,203.31,1308260.0
2025-08-12 13:35:00+00:00,203.3187,203.98,203.12,203.98,751038.0
2025-08-12 13:40:00+00:00,203.98,204.5,203.23,203.31,1076953.0
2025-08-12 13:45:00+00:00,203.29,203.32,201.55,201.975,993628.0
2025-08-12 13:50:00+00:00,201.98,202.62,201.905,202.51,544859.0
2025-08-12 13:55:00+00:00,202.5,202.72,201.4811,201.4998,814536.0
2025-08-12 14:00:00+00:00,201.5,201.5,200.59,201.06,895841.0
2025-08-12 14:05:00+00:00,201.06,201.62,200.92,201.38,299713.0
2025-08-12 14:10:00+00:00,201.4,201.8385,201.13,201.81,267552.0
2025-08-12 14:15:00+00:00,201.82,202.4055,201.81,202.38,306386.0
2025-08-12 14:20:00+00:00,202.39,202.65,202.3103,202.4,199128.0
2025-08-12 14:25:00+00:00,202.4,202.51,202.1301,202.4,207651.0
2025-08-12 14:30:00+00:00,202.39,202.675,202.23,202.565,273512.0
2025-08-12 14:35:00+00:00,202.5615,202.96,202.54,202.785,208398.0
2025-08-12 14:40:00+00:00,202.78,202.8,202.22,202.265,388331.0
2025-08-12 14:45:00+00:00,202.24,202.41,201.77,201.82,324492.0
2025-08-12 14:50:00+00:00,201.825,202.13,201.67,202.09,301641.0
2025-08-12 14:55:00+00:00,202.08,202.16,201.86,202.13,128484.0
2025-08-12 15:00:00+00:00,202.14,202.18,201.95,202.08,127521.0
2025-08-12 15:05:00+00:00,202.08,202.64,202.06,202.62,289579.0
2025-08-12 15:10:00+00:00,202.62,203.0,202.58,202.84,317165.0
2025-08-12 15:15:00+00:00,202.85,203.38,202.845,203.15,359050.0
2025-08-12 15:20:00+00:00,203.1564,203.21,202.92,203.05,253499.0
2025-08-12 15:25:00+00:00,203.04,203.0737,202.68,202.71,248432.0
2025-08-12 15:30:00+00:00,202.745,202.82,201.45,202.46,2177257.0
2025-08-12 15:35:00+00:00,202.46,202.855,201.87,202.775,462031.0
2025-08-12 15:40:00+00:00,202.785,203.13,202.615,202.96,257620.0
2025-08-12 15:45:00+00:00,202.96,203.12,202.73,203.08,178451.0
2025-08-12 15:50:00+00:00,203.095,203.14,202.915,203.125,246660.0
2025-08-12 15:55:00+00:00,203.115,203.45,203.109,203.23,259132.0
2025-08-12 16:00:00+00:00,203.22,203.22,202.68,202.71,245033.0
2025-08-12 16:05:00+00:00,202.72,202.9,202.41,202.84,323810.0
2025-08-12 16:10:00+00:00,202.85,203.52,202.799,203.38,426715.0
2025-08-12 16:15:00+00:00,203.39,203.42,203.2,203.2898,130181.0
2025-08-12 16:20:00+00:00,203.3,203.675,203.26,203.66,202064.0
2025-08-12 16:25:00+00:00,203.65,203.82,203.5201,203.74,167451.0
2025-08-12 16:30:00+00:00,203.74,204.02,203.68,203.93,312463.0
2025-08-12 16:35:00+00:00,203.94,204.145,203.92,204.11,201531.0
2025-08-12 16:40:00+00:00,204.11,204.23,203.9101,203.945,261431.0
2025-08-12 16:45:00+00:00,203.95,204.15,203.92,204.01,191107.0
2025-08-12 16:50:00+00:00,204.01,204.14,203.9176,204.02,191693.0
2025-08-12 16:55:00+00:00,204.02,204.15,203.8701,203.895,170287.0
2025-08-12 17:00:00+00:00,203.895,204.08,203.81,204.05,123944.0
2025-08-12 17:05:00+00:00,204.03,204.079,203.72,203.72,226406.0
2025-08-12 17:10:00+00:00,203.71,203.7172,203.54,203.59,111837.0
2025-08-12 17:15:00+00:00,203.575,203.73,203.47,203.72,162936.0
2025-08-12 17:20:00+00:00,203.715,203.755,203.56,203.64,115001.0
2025-08-12 17:25:00+00:00,203.635,203.67,203.39,203.55,193926.0
2025-08-12 17:30:00+00:00,203.54,203.76,203.54,203.72,102060.0
2025-08-12 17:35:00+00:00,203.71,203.86,203.71,203.76,118314.0
2025-08-12 17:40:00+00:00,203.765,203.82,203.695,203.75,72689.0
2025-08-12 17:45:00+00:00,203.755,203.89,203.75,203.87,114333.0
2025-08-12 17:50:00+00:00,203.86,203.88,203.71,203.785,139734.0
2025-08-12 17:55:00+00:00,203.77,203.865,203.6516,203.67,116876.0
2025-08-12 18:00:00+00:00,203.6601,203.71,203.55,203.66,110293.0
2025-08-12 18:05:00+00:00,203.6502,203.6502,203.5,203.61,1124961.0
2025-08-12 18:10:00+00:00,203.6199,203.74,203.55,203.715,87490.0
2025-08-12 18:15:00+00:00,203.71,203.74,203.46,203.6201,105098.0
2025-08-12 18:20:00+00:00,203.63,203.75,203.62,203.68,110751.0
2025-08-12 18:25:00+00:00,203.69,203.725,203.575,203.67,85170.0
2025-08-12 18:30:00+00:00,203.68,203.685,203.5801,203.59,111617.0
2025-08-12 18:35:00+00:00,203.6,203.9554,203.6,203.955,196865.0
2025-08-12 18:40:00+00:00,203.955,204.04,203.85,203.94,382151.0
2025-08-12 18:45:00+00:00,203.945,204.0,203.86,203.9202,121828.0
2025-08-12 18:50:00+00:00,203.925,204.03,203.8704,204.02,113213.0
2025-08-12 18:55:00+00:00,204.01,204.14,203.99,204.0,188746.0
2025-08-12 19:00:00+00:00,203.995,204.005,203.8882,203.89,121129.0
2025-08-12 19:05:00+00:00,203.885,204.035,203.86,203.985,178291.0
2025-08-12 19:10:00+00:00,203.98,204.02,203.89,203.9,201737.0
2025-08-12 19:15:00+00:00,203.9,204.0099,203.8824,203.9901,158418.0
2025-08-12 19:20:00+00:00,203.995,204.125,203.9,204.0999,237147.0
2025-08-12 19:25:00+00:00,204.09,204.13,203.95,204.08,249072.0
2025-08-12 19:30:00+00:00,204.08,204.14,203.89,203.95,221640.0
2025-08-12 19:35:00+00:00,203.95,204.17,203.895,204.09,261997.0
2025-08-12 19:40:00+00:00,204.09,204.11,203.785,203.87,392979.0
2025-08-12 19:45:00+00:00,203.85,203.9,203.71,203.89,398157.0
2025-08-12 19:50:00+00:00,203.87,203.88,203.43,203.57,730484.0
2025-08-12 19:55:00+00:00,203.56,203.6,203.2383,203.34,1800201.0
2025-08-12 20:00:00+00:00,203.34,203.38,203.29,203.34,3231187.0
2025-08-12 20:05:00+00:00,202.932,203.3,202.932,203.2899,7884.0
2025-08-12 20:10:00+00:00,203.29,203.29,203.2,203.2,59841.0
2025-08-12 20:15:00+00:00,203.21,203.21,203.11,203.21,6968.0
2025-08-12 20:25:00+00:00,203.083,203.0876,203.083,203.0876,469.0
2025-08-12 20:30:00+00:00,203.17,203.21,203.08,203.2074,8966.0
2025-08-12 20:35:00+00:00,203.2,203.2,203.19,203.19,1697.0
2025-08-12 20:40:00+00:00,203.14,203.14,203.02,203.12,1068.0
2025-08-12 20:45:00+00:00,203.15,203.17,203.087,203.17,1287.0
2025-08-12 20:50:00+00:00,203.17,203.17,203.17,203.17,1163.0
2025-08-12 20:55:00+00:00,203.21,203.31,203.21,203.31,7802.0
2025-08-12 21:00:00+00:00,203.3,203.3,203.3,203.3,665.0
2025-08-12 21:05:00+00:00,203.25,203.3137,203.23,203.3137,5996.0
2025-08-12 21:20:00+00:00,203.2646,203.2646,203.2004,203.2004,537.0
2025-08-12 21:25:00+00:00,203.23,203.23,203.21,203.21,282.0
2025-08-12 21:30:00+00:00,203.24,203.24,203.24,203.24,162.0
2025-08-12 21:45:00+00:00,203.201,203.201,203.18,203.19,990.0
2025-08-12 21:50:00+00:00,203.2376,203.2376,203.2,203.2,527.0
2025-08-12 21:55:00+00:00,203.2,203.2,203.1801,203.1801,445.0
2025-08-12 22:00:00+00:00,203.25,203.25,203.25,203.25,304.0
2025-08-12 22:05:00+00:00,203.19,203.1901,203.19,203.1901,331.0
2025-08-12 22:10:00+00:00,203.2,203.26,203.2,203.2,849.0
2025-08-12 22:15:00+00:00,203.19,203.19,203.09,203.19,2824.0
2025-08-12 22:20:00+00:00,203.2,203.2,203.15,203.15,211.0
2025-08-12 22:25:00+00:00,203.16,203.16,203.11,203.11,645.0
2025-08-12 22:30:00+00:00,203.16,203.17,203.131,203.131,1165.0
2025-08-12 22:35:00+00:00,203.17,203.17,203.1012,203.1012,683.0
2025-08-12 22:40:00+00:00,203.17,203.22,203.1,203.1,1777.0
2025-08-12 22:45:00+00:00,203.04,203.04,203.02,203.02,2719.0
2025-08-12 23:00:00+00:00,203.06,203.06,203.06,203.06,1081.0
2025-08-12 23:05:00+00:00,203.08,203.08,203.08,203.08,140.0
2025-08-12 23:10:00+00:00,203.1,203.1,203.1,203.1,170.0
2025-08-12 23:15:00+00:00,203.1002,203.11,203.1,203.11,820.0
2025-08-12 23:20:00+00:00,203.13,203.13,203.1007,203.1007,452.0
2025-08-12 23:25:00+00:00,203.11,203.11,203.11,203.11,450.0
2025-08-12 23:35:00+00:00,203.18,203.18,203.18,203.18,218.0
2025-08-12 23:40:00+00:00,203.1391,203.27,203.139,203.27,1491.0
2025-08-12 23:45:00+00:00,203.2,203.2,203.2,203.2,3048.0
2025-08-12 23:50:00+00:00,203.26,203.34,203.23,203.34,1308.0
2025-08-12 23:55:00+00:00,203.35,203.3789,203.34,203.3789,1521.0
2025-08-13 08:00:00+00:00,203.7,203.99,203.7,203.88,10741.0
2025-08-13 08:05:00+00:00,203.8,203.8,203.8,203.8,2060.0
2025-08-13 08:10:00+00:00,203.89,203.9,203.75,203.75,5992.0
2025-08-13 08:15:00+00:00,203.77,203.85,203.77,203.85,4366.0
2025-08-13 08:20:00+00:00,203.9,203.9,203.87,203.88,2059.0
2025-08-13 08:25:00+00:00,203.97,203.99,203.94,203.99,1315.0
2025-08-13 08:30:00+00:00,203.99,204.16,203.99,204.14,7094.0
2025-08-13 08:35:00+00:00,204.17,204.17,204.03,204.03,2303.0
2025-08-13 08:40:00+00:00,204.0,204.03,203.91,204.0,7499.0
2025-08-13 08:45:00+00:00,204.0,204.0,203.98,203.98,299.0
2025-08-13 08:50:00+00:00,203.94,203.94,203.91,203.91,1116.0
2025-08-13 08:55:00+00:00,204.0,204.0,204.0,204.0,272.0
2025-08-13 09:00:00+00:00,204.0,204.0,204.0,204.0,811.0
2025-08-13 09:10:00+00:00,203.98,204.0,203.98,204.0,1783.0
2025-08-13 09:15:00+00:00,203.98,203.98,203.95,203.98,781.0
2025-08-13 09:20:00+00:00,204.0,204.01,204.0,204.0,1464.0
2025-08-13 09:30:00+00:00,203.98,204.0,203.98,204.0,989.0
2025-08-13 09:35:00+00:00,204.0,204.0,204.0,204.0,280.0
2025-08-13 09:40:00+00:00,203.99,204.01,203.99,204.0,2192.0
2025-08-13 09:45:00+00:00,204.0,204.06,204.0,204.0,1206.0
