date,open,high,low,close,volume
2026-07-10 11:00:00+00:00,336.783,336.783,336.783,336.783,84.0
2026-07-10 11:05:00+00:00,336.9,336.9,336.9,336.9,103.0
2026-07-10 11:10:00+00:00,336.74,336.7774,336.74,336.7774,250.0
2026-07-10 11:25:00+00:00,336.9,336.9,336.9,336.9,153.0
2026-07-10 11:30:00+00:00,336.5,336.73,336.5,336.68,595.0
2026-07-10 11:35:00+00:00,336.73,336.9,336.73,336.9,412.0
2026-07-10 11:40:00+00:00,337.53,337.53,337.1,337.5,421.0
2026-07-10 11:45:00+00:00,337.53,337.53,337.19,337.19,114.0
2026-07-10 11:50:00+00:00,337.25,337.25,337.04,337.04,233.0
2026-07-10 11:55:00+00:00,337.53,337.53,336.99,337.0,316.0
2026-07-10 12:00:00+00:00,337.0,337.0,337.0,337.0,1016.0
2026-07-10 12:05:00+00:00,336.935,336.935,336.59,336.59,519.0
2026-07-10 12:10:00+00:00,336.77,336.99,336.77,336.85,1668.0
2026-07-10 12:20:00+00:00,337.01,337.01,337.01,337.01,84.0
2026-07-10 12:25:00+00:00,337.5,337.5,337.5,337.5,87.0
2026-07-10 12:50:00+00:00,337.28,337.5,337.15,337.19,528.0
2026-07-10 12:55:00+00:00,337.31,337.31,336.74,337.26,3209.0
2026-07-10 13:00:00+00:00,336.71,337.19,336.71,337.19,723.0
2026-07-10 13:05:00+00:00,337.26,337.6819,337.26,337.66,724.0
2026-07-10 13:10:00+00:00,337.6949,337.83,337.67,337.82,2791.0
2026-07-10 13:15:00+00:00,337.91,338.5838,337.89,338.04,1293.0
2026-07-10 13:20:00+00:00,337.93,338.36,337.93,338.36,162.0
2026-07-10 13:25:00+00:00,338.34,339.41,337.7,337.7,3467.0
2026-07-10 13:30:00+00:00,337.47,338.5859,336.3,337.54,161469.0
2026-07-10 13:35:00+00:00,337.5,338.27,337.25,337.68,79526.0
2026-07-10 13:40:00+00:00,337.81,337.88,337.14,337.43,40184.0
2026-07-10 13:45:00+00:00,337.505,337.69,336.6,336.84,38624.0
2026-07-10 13:50:00+00:00,336.795,337.3558,336.72,336.93,53745.0
2026-07-10 13:55:00+00:00,336.95,336.96,336.2,336.57,31701.0
2026-07-10 14:00:00+00:00,336.665,336.9599,336.45,336.48,33947.0
2026-07-10 14:05:00+00:00,336.51,337.215,336.28,337.0,56893.0
2026-07-10 14:10:00+00:00,337.1,337.15,336.25,336.2801,50853.0
2026-07-10 14:15:00+00:00,336.32,337.62,336.32,337.61,35068.0
2026-07-10 14:20:00+00:00,337.65,338.24,337.54,337.56,49289.0
2026-07-10 14:25:00+00:00,337.56,338.2499,337.43,338.155,45500.0
2026-07-10 14:30:00+00:00,338.155,338.1675,335.77,336.16,101906.0
2026-07-10 14:35:00+00:00,336.33,336.98,335.97,336.655,52599.0
2026-07-10 14:40:00+00:00,336.73,337.595,336.73,337.48,31828.0
2026-07-10 14:45:00+00:00,337.44,337.83,337.34,337.77,29852.0
2026-07-10 14:50:00+00:00,337.805,337.99,337.66,337.83,28283.0
2026-07-10 14:55:00+00:00,337.74,337.838,336.9002,337.0,81181.0
2026-07-10 15:00:00+00:00,337.07,337.5299,337.04,337.435,23664.0
2026-07-10 15:05:00+00:00,337.43,337.56,337.24,337.38,24897.0
2026-07-10 15:10:00+00:00,337.39,337.6325,337.13,337.51,24139.0
2026-07-10 15:15:00+00:00,337.52,337.57,337.195,337.39,25894.0
2026-07-10 15:20:00+00:00,337.35,337.435,337.04,337.35,22352.0
2026-07-10 15:25:00+00:00,337.35,337.46,336.9,337.0,34026.0
2026-07-10 15:30:00+00:00,337.02,337.045,336.42,336.47,47467.0
2026-07-10 15:35:00+00:00,336.47,336.7807,336.45,336.555,28794.0
2026-07-10 15:40:00+00:00,336.5,336.6748,336.23,336.48,48744.0
2026-07-10 15:45:00+00:00,336.435,336.77,336.33,336.395,32095.0
2026-07-10 15:50:00+00:00,336.375,336.62,336.11,336.37,28161.0
2026-07-10 15:55:00+00:00,336.37,336.53,336.15,336.17,32075.0
2026-07-10 16:00:00+00:00,336.18,336.36,336.1093,336.1825,21892.0
2026-07-10 16:05:00+00:00,336.24,336.24,335.78,336.06,30346.0
2026-07-10 16:10:00+00:00,336.0,336.21,335.95,336.14,17458.0
2026-07-10 16:15:00+00:00,336.14,336.595,336.1057,336.29,22962.0
2026-07-10 16:20:00+00:00,336.29,336.47,336.04,336.28,18183.0
2026-07-10 16:25:00+00:00,336.28,336.54,336.28,336.375,20867.0
2026-07-10 16:30:00+00:00,336.375,336.6486,336.3,336.33,35311.0
2026-07-10 16:35:00+00:00,336.3,336.42,336.011,336.3301,27426.0
2026-07-10 16:40:00+00:00,336.4,336.72,336.33,336.615,40143.0
2026-07-10 16:45:00+00:00,336.615,336.92,336.5501,336.77,33382.0
2026-07-10 16:50:00+00:00,336.77,336.89,336.7,336.86,31166.0
2026-07-10 16:55:00+00:00,336.86,337.03,336.6701,336.72,32881.0
2026-07-10 17:00:00+00:00,336.72,336.75,336.41,336.625,29503.0
2026-07-10 17:05:00+00:00,336.625,336.715,336.56,336.67,22733.0
2026-07-10 17:10:00+00:00,336.67,336.79,336.54,336.7,34766.0
2026-07-10 17:15:00+00:00,336.68,336.86,336.65,336.83,20364.0
2026-07-10 17:20:00+00:00,336.85,336.855,336.3,336.535,32229.0
2026-07-10 17:25:00+00:00,336.535,336.62,336.465,336.57,19828.0
2026-07-10 17:30:00+00:00,336.56,336.65,336.33,336.63,36603.0
2026-07-10 17:35:00+00:00,336.59,336.74,336.38,336.57,29950.0
2026-07-10 17:40:00+00:00,336.57,336.705,336.34,336.34,33040.0
2026-07-10 17:45:00+00:00,336.34,336.66,336.31,336.5499,35145.0
2026-07-10 17:50:00+00:00,336.52,336.57,336.39,336.485,35888.0
2026-07-10 17:55:00+00:00,336.46,336.63,336.37,336.61,29459.0
2026-07-10 18:00:00+00:00,336.61,336.68,336.36,336.47,57869.0
2026-07-10 18:05:00+00:00,336.46,336.77,336.41,336.7693,160179.0
2026-07-10 18:10:00+00:00,336.71,336.8508,336.56,336.83,29497.0
2026-07-10 18:15:00+00:00,336.8213,336.87,336.5901,336.73,28177.0
2026-07-10 18:20:00+00:00,336.775,337.03,336.62,336.98,47807.0
2026-07-10 18:25:00+00:00,336.98,337.075,336.66,336.94,52781.0
2026-07-10 18:30:00+00:00,336.97,337.21,336.97,337.06,26857.0
2026-07-10 18:35:00+00:00,337.095,337.12,336.95,337.01,16004.0
2026-07-10 18:40:00+00:00,337.02,337.29,337.01,337.165,35158.0
2026-07-10 18:45:00+00:00,337.15,337.23,337.0,337.1442,35931.0
2026-07-10 18:50:00+00:00,337.16,337.3199,337.02,337.17,41340.0
2026-07-10 18:55:00+00:00,337.19,337.21,337.0,337.145,38288.0
2026-07-10 19:00:00+00:00,337.12,337.125,336.43,336.49,48312.0
2026-07-10 19:05:00+00:00,336.51,336.67,336.4,336.63,68837.0
2026-07-10 19:10:00+00:00,336.62,336.65,336.415,336.415,22218.0
2026-07-10 19:15:00+00:00,336.415,336.53,336.27,336.29,55620.0
2026-07-10 19:20:00+00:00,336.305,336.45,336.2,336.39,35062.0
2026-07-10 19:25:00+00:00,336.39,336.51,336.26,336.42,38493.0
2026-07-10 19:30:00+00:00,336.39,336.43,336.01,336.03,57082.0
2026-07-10 19:35:00+00:00,336.045,336.17,335.9,336.05,56449.0
2026-07-10 19:40:00+00:00,336.01,336.21,336.0,336.17,97364.0
2026-07-10 19:45:00+00:00,336.1609,336.44,336.11,336.245,78436.0
2026-07-10 19:50:00+00:00,336.27,336.89,336.13,336.875,137858.0
2026-07-10 19:55:00+00:00,336.81,336.83,335.85,336.47,408958.0
2026-07-10 20:00:00+00:00,336.47,337.1695,336.47,337.1695,2526884.0
2026-07-10 20:05:00+00:00,337.0,337.0,337.0,337.0,106.0
2026-07-10 20:10:00+00:00,336.0604,336.0604,336.0604,336.0604,147.0
2026-07-10 20:35:00+00:00,336.38,336.38,336.38,336.38,95.0
2026-07-10 20:40:00+00:00,336.15,336.47,336.15,336.47,1024.0
2026-07-10 20:45:00+00:00,336.9217,336.9217,336.9217,336.9217,102.0
2026-07-10 20:55:00+00:00,336.92,336.97,336.92,336.97,400.0
2026-07-10 21:30:00+00:00,336.8257,336.8257,336.8257,336.8257,76.0
2026-07-10 21:45:00+00:00,336.63,336.63,336.63,336.63,100.0
2026-07-10 21:50:00+00:00,336.7495,336.7495,336.7495,336.7495,130.0
2026-07-10 21:55:00+00:00,336.68,336.7,336.61,336.7,354.0
2026-07-10 22:00:00+00:00,336.75,336.8,336.6,336.8,427.0
2026-07-10 22:10:00+00:00,336.64,336.64,336.6,336.6,215.0
2026-07-10 22:25:00+00:00,336.6,336.6,336.6,336.6,234.0
2026-07-10 22:45:00+00:00,336.69,336.69,336.69,336.69,100.0
2026-07-10 22:50:00+00:00,336.7,336.7,336.7,336.7,320.0
2026-07-10 23:55:00+00:00,336.84,336.84,336.8215,336.8215,101.0
2026-07-13 08:00:00+00:00,336.55,337.15,336.01,337.15,2381.0
2026-07-13 08:05:00+00:00,337.88,337.88,337.88,337.88,104.0
2026-07-13 08:10:00+00:00,337.8,337.81,337.8,337.81,198.0
2026-07-13 08:15:00+00:00,337.5,337.5,337.47,337.5,238.0
2026-07-13 08:20:00+00:00,337.92,337.92,337.92,337.92,45.0
2026-07-13 08:25:00+00:00,337.69,337.69,337.69,337.69,205.0
2026-07-13 08:35:00+00:00,337.45,337.45,337.45,337.45,100.0
2026-07-13 08:40:00+00:00,337.41,337.41,337.4,337.4,545.0
2026-07-13 08:45:00+00:00,337.4,337.4,337.4,337.4,720.0
2026-07-13 08:50:00+00:00,336.99,336.99,336.99,336.99,103.0
2026-07-13 10:10:00+00:00,337.99,337.99,337.99,337.99,50.0
2026-07-13 10:20:00+00:00,337.76,337.76,337.76,337.76,147.0
2026-07-13 10:30:00+00:00,337.4,337.4,337.4,337.4,270.0
2026-07-13 10:50:00+00:00,337.4,337.4,337.4,337.4,84.0
2026-07-13 11:00:00+00:00,337.01,337.54,336.99,337.45,1445.0
2026-07-13 11:05:00+00:00,337.45,337.49,337.42,337.49,497.0
2026-07-13 11:15:00+00:00,337.1,337.1913,337.0,337.1913,653.0
2026-07-13 11:20:00+00:00,337.18,337.18,337.18,337.18,100.0
2026-07-13 11:30:00+00:00,337.4165,337.4165,337.3912,337.3912,207.0
2026-07-13 11:35:00+00:00,337.38,337.38,337.38,337.38,102.0
2026-07-13 11:40:00+00:00,337.43,337.44,337.43,337.44,573.0
2026-07-13 11:45:00+00:00,337.48,337.49,337.2,337.2,210.0
2026-07-13 11:55:00+00:00,337.205,337.205,337.2,337.2,102.0
2026-07-13 12:00:00+00:00,337.48,337.48,337.48,337.48,100.0
2026-07-13 12:15:00+00:00,337.7445,337.7445,337.7445,337.7445,68.0
2026-07-13 12:20:00+00:00,337.38,337.4699,337.38,337.4699,264.0
2026-07-13 12:30:00+00:00,337.41,337.5,337.33,337.5,2232.0
2026-07-13 12:35:00+00:00,337.8,337.8142,337.8,337.8142,240.0
2026-07-13 12:40:00+00:00,337.82,337.82,337.7,337.7,371.0
2026-07-13 12:45:00+00:00,337.99,338.01,337.94,337.94,1027.0
2026-07-13 12:50:00+00:00,338.5,338.633,338.5,338.633,158.0
2026-07-13 12:55:00+00:00,338.33,338.555,338.33,338.45,378.0
2026-07-13 13:00:00+00:00,338.45,338.45,338.45,338.45,64.0
2026-07-13 13:05:00+00:00,338.334,338.334,338.27,338.3,587.0
2026-07-13 13:15:00+00:00,338.26,338.26,338.08,338.08,508.0
2026-07-13 13:20:00+00:00,338.1,338.39,338.1,338.39,256.0
2026-07-13 13:25:00+00:00,338.44,338.45,337.75,337.75,1070.0
2026-07-13 13:30:00+00:00,338.34,338.35,336.53,336.765,173482.0
2026-07-13 13:35:00+00:00,336.785,337.1,334.205,335.82,192649.0
2026-07-13 13:40:00+00:00,335.8,336.5,334.94,334.94,185656.0
2026-07-13 13:45:00+00:00,334.95,336.12,334.58,335.84,76892.0
2026-07-13 13:50:00+00:00,335.82,337.5,335.78,337.405,124582.0
2026-07-13 13:55:00+00:00,337.46,337.69,336.15,336.285,52667.0
2026-07-13 14:00:00+00:00,336.29,336.4999,335.12,335.375,60450.0
2026-07-13 14:05:00+00:00,335.37,335.705,334.61,334.665,50318.0
2026-07-13 14:10:00+00:00,334.665,335.13,334.115,334.93,64727.0
2026-07-13 14:15:00+00:00,335.03,335.29,333.5405,334.35,190946.0
2026-07-13 14:20:00+00:00,334.52,334.95,334.03,334.84,32665.0
2026-07-13 14:25:00+00:00,334.78,335.33,334.45,335.19,37456.0
2026-07-13 14:30:00+00:00,335.07,335.09,334.57,334.735,44276.0
2026-07-13 14:35:00+00:00,334.735,334.95,333.9527,334.81,82924.0
2026-07-13 14:40:00+00:00,334.6601,334.84,334.37,334.445,47199.0
2026-07-13 14:45:00+00:00,334.445,334.445,333.58,333.66,55395.0
2026-07-13 14:50:00+00:00,333.69,333.83,333.07,333.36,29594.0
2026-07-13 14:55:00+00:00,333.32,333.65,332.86,333.0275,58157.0
2026-07-13 15:00:00+00:00,333.03,333.21,332.5001,332.96,57939.0
2026-07-13 15:05:00+00:00,332.955,333.47,332.82,333.23,79986.0
2026-07-13 15:10:00+00:00,333.23,333.87,333.12,333.41,54968.0
2026-07-13 15:15:00+00:00,333.5,333.59,333.24,333.485,51460.0
2026-07-13 15:20:00+00:00,333.495,333.57,333.045,333.34,41030.0
2026-07-13 15:25:00+00:00,333.305,333.3121,332.8,333.145,50002.0
2026-07-13 15:30:00+00:00,333.15,333.25,332.84,333.125,46007.0
2026-07-13 15:35:00+00:00,333.135,333.49,333.12,333.25,41184.0
2026-07-13 15:40:00+00:00,333.295,333.9899,333.02,333.57,42486.0
2026-07-13 15:45:00+00:00,333.56,333.98,333.52,333.88,49926.0
2026-07-13 15:50:00+00:00,333.91,334.04,333.73,333.815,58412.0
2026-07-13 15:55:00+00:00,333.815,333.89,333.5,333.67,66349.0
2026-07-13 16:00:00+00:00,333.69,333.85,333.43,333.805,58028.0
2026-07-13 16:05:00+00:00,333.79,333.85,333.45,333.46,42985.0
2026-07-13 16:10:00+00:00,333.45,333.77,333.44,333.45,124160.0
2026-07-13 16:15:00+00:00,333.505,333.505,332.75,332.83,65361.0
2026-07-13 16:20:00+00:00,332.905,333.49,332.82,333.2,50934.0
2026-07-13 16:25:00+00:00,333.255,333.48,332.99,333.38,45109.0
2026-07-13 16:30:00+00:00,333.335,333.4,333.0,333.23,51248.0
2026-07-13 16:35:00+00:00,333.2201,334.04,333.1,333.9,57348.0
2026-07-13 16:40:00+00:00,333.96,334.46,333.815,334.46,54161.0
2026-07-13 16:45:00+00:00,334.47,334.6719,334.24,334.335,53350.0
2026-07-13 16:50:00+00:00,334.39,334.51,334.1001,334.125,30707.0
2026-07-13 16:55:00+00:00,334.14,334.61,334.14,334.53,130352.0
2026-07-13 17:00:00+00:00,334.53,334.705,334.335,334.425,25007.0
2026-07-13 17:05:00+00:00,334.39,334.58,334.38,334.42,35077.0
2026-07-13 17:10:00+00:00,334.44,334.74,334.42,334.68,35706.0
2026-07-13 17:15:00+00:00,334.67,334.85,334.56,334.745,25950.0
2026-07-13 17:20:00+00:00,334.775,334.91,334.3,334.345,38550.0
2026-07-13 17:25:00+00:00,334.4,334.63,334.23,334.525,29924.0
2026-07-13 17:30:00+00:00,334.525,334.685,334.34,334.59,37982.0
2026-07-13 17:35:00+00:00,334.57,334.8,334.5455,334.705,38448.0
2026-07-13 17:40:00+00:00,334.73,335.05,334.575,334.97,41236.0
2026-07-13 17:45:00+00:00,334.925,335.15,334.87,334.985,30872.0
2026-07-13 17:50:00+00:00,334.97,335.03,334.57,334.57,35905.0
2026-07-13 17:55:00+00:00,334.64,334.71,334.01,334.215,101284.0
2026-07-13 18:00:00+00:00,334.215,334.7421,334.17,334.35,102103.0
2026-07-13 18:05:00+00:00,334.34,334.475,334.19,334.22,39681.0
2026-07-13 18:10:00+00:00,334.23,334.34,334.05,334.3099,40677.0
2026-07-13 18:15:00+00:00,334.31,334.44,334.19,334.295,65711.0
2026-07-13 18:20:00+00:00,334.32,334.6739,334.21,334.61,44890.0
2026-07-13 18:25:00+00:00,334.58,334.75,334.44,334.53,41038.0
2026-07-13 18:30:00+00:00,334.51,334.51,334.19,334.34,38830.0
2026-07-13 18:35:00+00:00,334.3075,334.54,334.3075,334.405,39575.0
2026-07-13 18:40:00+00:00,334.38,334.825,334.35,334.61,41178.0
2026-07-13 18:45:00+00:00,334.58,334.66,334.4,334.58,36678.0
2026-07-13 18:50:00+00:00,334.5901,334.87,334.56,334.8243,37212.0
2026-07-13 18:55:00+00:00,334.76,334.78,334.63,334.73,40730.0
2026-07-13 19:00:00+00:00,334.71,334.81,334.58,334.73,40722.0
2026-07-13 19:05:00+00:00,334.73,334.865,334.68,334.765,30408.0
2026-07-13 19:10:00+00:00,334.745,335.1799,334.69,335.0,49085.0
2026-07-13 19:15:00+00:00,334.975,335.29,334.96,335.1,47031.0
2026-07-13 19:20:00+00:00,335.085,335.225,334.9041,335.06,58935.0
2026-07-13 19:25:00+00:00,335.089,335.11,334.665,334.932,81993.0
2026-07-13 19:30:00+00:00,334.9701,334.995,334.64,334.92,86488.0
2026-07-13 19:35:00+00:00,334.87,334.94,334.63,334.75,76715.0
2026-07-13 19:40:00+00:00,334.74,335.08,334.71,334.8799,91521.0
2026-07-13 19:45:00+00:00,334.87,335.09,334.2901,334.4,136550.0
2026-07-13 19:50:00+00:00,334.445,335.64,334.42,335.44,146999.0
2026-07-13 19:55:00+00:00,335.43,335.5,334.45,334.64,475843.0
2026-07-13 20:00:00+00:00,334.53,335.79,334.4,334.41,1741437.0
2026-07-13 20:05:00+00:00,334.73,335.03,334.4,334.79,640.0
2026-07-13 20:10:00+00:00,334.4,335.03,334.4,334.53,10057.0
2026-07-13 20:15:00+00:00,334.58,334.75,334.58,334.59,1616.0
2026-07-13 20:20:00+00:00,334.6,334.8,334.58,334.8,413.0
2026-07-13 20:25:00+00:00,334.73,334.73,334.73,334.73,259.0
2026-07-13 20:30:00+00:00,334.4745,334.77,334.4745,334.77,237.0
2026-07-13 20:35:00+00:00,334.7842,335.0,334.4,335.0,5658.0
2026-07-13 20:40:00+00:00,334.4487,334.4487,334.4487,334.4487,208.0
2026-07-13 20:45:00+00:00,334.895,334.895,334.895,334.895,58.0
2026-07-13 20:50:00+00:00,334.52,334.52,334.52,334.52,3510.0
2026-07-13 20:55:00+00:00,334.83,334.83,334.65,334.65,306.0
2026-07-13 21:00:00+00:00,334.93,334.9545,334.65,334.65,537.0
2026-07-13 21:05:00+00:00,334.83,334.83,334.83,334.83,225.0
2026-07-13 21:10:00+00:00,334.72,334.72,334.72,334.72,101.0
2026-07-13 21:15:00+00:00,334.5,334.5,334.5,334.5,440.0
2026-07-13 21:20:00+00:00,335.0,335.0,335.0,335.0,781.0
2026-07-13 21:25:00+00:00,334.8556,334.8556,334.8556,334.8556,90.0
2026-07-13 21:40:00+00:00,334.53,334.9,334.53,334.9,336.0
2026-07-13 21:50:00+00:00,334.8906,334.8906,334.8906,334.8906,310.0
2026-07-13 21:55:00+00:00,334.8,334.8,334.7883,334.7883,458.0
2026-07-13 22:00:00+00:00,334.71,334.71,334.71,334.71,53.0
2026-07-13 22:05:00+00:00,334.75,334.75,334.75,334.75,46.0
2026-07-13 22:10:00+00:00,334.75,334.75,334.75,334.75,361.0
2026-07-13 22:15:00+00:00,334.79,334.8,334.79,334.8,258.0
2026-07-13 22:20:00+00:00,334.805,334.8753,334.805,334.8753,808.0
2026-07-13 22:25:00+00:00,334.9,334.9,334.7111,334.7111,1066.0
2026-07-13 22:35:00+00:00,334.8753,334.9,334.71,334.7101,716.0
2026-07-13 22:40:00+00:00,334.87,334.87,334.87,334.87,62.0
2026-07-13 22:45:00+00:00,334.89,334.89,334.89,334.89,100.0
2026-07-13 22:50:00+00:00,334.8,334.8,334.8,334.8,55.0
2026-07-13 22:55:00+00:00,334.75,334.79,334.748,334.79,660.0
2026-07-13 23:00:00+00:00,334.7,334.7739,334.7,334.7739,816.0
2026-07-13 23:05:00+00:00,334.63,334.63,334.4299,334.6001,606.0
2026-07-13 23:20:00+00:00,334.5,334.5,334.5,334.5,93.0
2026-07-13 23:25:00+00:00,334.7361,334.7361,334.7361,334.7361,267.0
2026-07-13 23:30:00+00:00,334.5,334.5,334.5,334.5,188.0
2026-07-13 23:35:00+00:00,334.7,334.7,334.7,334.7,41.0
2026-07-13 23:45:00+00:00,334.48,334.48,334.48,334.48,73.0
2026-07-13 23:50:00+00:00,334.7045,334.7059,334.67,334.7059,227.0
2026-07-13 23:55:00+00:00,334.5999,334.5999,334.091,334.49,1380.0
2026-07-14 08:00:00+00:00,334.75,334.9862,334.19,334.78,3625.0
2026-07-14 08:10:00+00:00,334.5,334.51,334.42,334.42,359.0
2026-07-14 08:15:00+00:00,334.4,334.4,334.19,334.19,149.0
2026-07-14 08:20:00+00:00,334.01,334.27,334.01,334.27,231.0
2026-07-14 08:25:00+00:00,334.0,334.0,334.0,334.0,186.0
2026-07-14 08:30:00+00:00,334.4,334.4,333.83,333.83,241.0
2026-07-14 08:35:00+00:00,333.81,333.81,333.81,333.81,100.0
2026-07-14 08:40:00+00:00,333.9,333.9,333.9,333.9,203.0
2026-07-14 08:45:00+00:00,333.98,334.15,333.9,333.9,1052.0
2026-07-14 08:50:00+00:00,333.9,333.9,333.61,333.61,599.0
2026-07-14 08:55:00+00:00,333.84,333.84,333.83,333.83,464.0
2026-07-14 09:00:00+00:00,333.6707,333.6707,333.6707,333.6707,80.0
2026-07-14 09:10:00+00:00,334.03,334.68,334.03,334.5,444.0
2026-07-14 09:15:00+00:00,334.3,334.3,334.3,334.3,40.0
2026-07-14 09:20:00+00:00,334.49,334.6198,334.49,334.6198,2912.0
2026-07-14 09:25:00+00:00,334.56,334.59,334.1,334.1,764.0
2026-07-14 09:30:00+00:00,334.3783,334.3783,334.1,334.35,286.0
2026-07-14 09:35:00+00:00,334.31,334.33,334.31,334.33,295.0
2026-07-14 09:40:00+00:00,334.29,334.29,334.29,334.29,236.0
2026-07-14 09:45:00+00:00,334.15,334.15,332.96,333.0,2034.0
2026-07-14 09:50:00+00:00,332.7,332.7,332.5,332.6687,1668.0
2026-07-14 09:55:00+00:00,332.15,332.59,332.15,332.59,214.0
2026-07-14 10:00:00+00:00,332.03,332.95,332.03,332.8,884.0
2026-07-14 10:05:00+00:00,332.5079,332.5079,332.14,332.14,604.0
2026-07-14 10:10:00+00:00,332.47,332.95,332.47,332.7,1219.0
2026-07-14 10:15:00+00:00,332.8107,332.8107,332.8107,332.8107,177.0
2026-07-14 10:20:00+00:00,332.73,332.73,332.73,332.73,237.0
2026-07-14 10:25:00+00:00,332.85,332.88,332.75,332.88,651.0
2026-07-14 10:30:00+00:00,332.9478,334.0,330.41,332.91,9207.0
2026-07-14 10:35:00+00:00,332.98,341.17,329.35,332.09,32552.0
2026-07-14 10:40:00+00:00,331.0123,333.97,328.6,329.25,9548.0
2026-07-14 10:45:00+00:00,328.73,329.88,326.41,329.5,8343.0
2026-07-14 10:50:00+00:00,328.5,332.0,325.0,325.06,15678.0
2026-07-14 10:55:00+00:00,325.38,328.81,325.38,328.0,19138.0
2026-07-14 11:00:00+00:00,328.0,328.63,325.0,326.7919,22916.0
2026-07-14 11:05:00+00:00,326.66,327.45,324.28,325.5,16225.0
2026-07-14 11:10:00+00:00,325.6,327.25,325.24,326.4,8662.0
2026-07-14 11:15:00+00:00,326.09,327.5,325.25,325.94,10973.0
2026-07-14 11:20:00+00:00,325.9252,326.7683,325.0,325.9999,14643.0
2026-07-14 11:25:00+00:00,325.99,326.9013,325.67,326.45,8625.0
2026-07-14 11:30:00+00:00,326.4,326.9497,325.3,325.52,16878.0
2026-07-14 11:35:00+00:00,325.55,326.55,325.48,325.5,4643.0
2026-07-14 11:40:00+00:00,325.96,326.7241,325.23,326.5,4783.0
2026-07-14 11:45:00+00:00,326.22,326.67,325.75,326.0,8528.0
2026-07-14 11:50:00+00:00,326.2,326.424,325.6,325.65,5028.0
2026-07-14 11:55:00+00:00,325.75,326.4,325.0,325.24,10723.0
2026-07-14 12:00:00+00:00,325.56,326.1525,325.0,326.0,5323.0
2026-07-14 12:05:00+00:00,325.9,326.48,325.72,325.99,12013.0
2026-07-14 12:10:00+00:00,325.5,325.68,325.3,325.6185,3132.0
2026-07-14 12:15:00+00:00,325.47,325.68,324.29,325.1595,8370.0
2026-07-14 12:20:00+00:00,324.99,325.74,324.5,325.49,6589.0
2026-07-14 12:25:00+00:00,325.1,325.98,324.1,325.0,12092.0
2026-07-14 12:30:00+00:00,325.4,327.5,325.4,326.75,28909.0
2026-07-14 12:35:00+00:00,326.83,327.5,326.1792,326.98,11542.0
2026-07-14 12:40:00+00:00,326.3337,327.8452,326.3337,327.3,14059.0
2026-07-14 12:45:00+00:00,327.29,327.99,326.44,327.6429,5383.0
2026-07-14 12:50:00+00:00,327.97,327.97,326.6,327.2,3905.0
2026-07-14 12:55:00+00:00,327.2474,327.6,327.03,327.59,3816.0
2026-07-14 13:00:00+00:00,327.5607,329.73,327.55,329.0,23543.0
2026-07-14 13:05:00+00:00,329.28,329.81,328.0,328.8,13154.0
2026-07-14 13:10:00+00:00,328.99,329.0,327.66,328.0,12038.0
2026-07-14 13:15:00+00:00,328.4,329.69,328.0,329.48,17533.0
2026-07-14 13:20:00+00:00,329.41,330.0,328.5,328.593,15603.0
2026-07-14 13:25:00+00:00,328.51,328.63,325.88,326.1,59888.0
2026-07-14 13:30:00+00:00,327.0,337.58,325.75,337.185,668912.0
2026-07-14 13:35:00+00:00,337.18,339.99,335.17,339.46,654013.0
2026-07-14 13:40:00+00:00,339.46,342.47,338.6101,341.94,551617.0
2026-07-14 13:45:00+00:00,341.9401,342.93,340.051,340.85,341997.0
2026-07-14 13:50:00+00:00,340.87,341.11,338.98,339.5751,205461.0
2026-07-14 13:55:00+00:00,339.65,340.54,338.98,339.7725,139399.0
2026-07-14 14:00:00+00:00,339.775,342.72,338.96,342.32,274717.0
2026-07-14 14:05:00+00:00,342.17,343.5,341.7,342.885,358728.0
2026-07-14 14:10:00+00:00,342.885,344.68,342.18,344.63,251686.0
2026-07-14 14:15:00+00:00,344.56,344.645,342.8,343.38,179435.0
2026-07-14 14:20:00+00:00,343.24,344.23,341.88,342.735,151874.0
2026-07-14 14:25:00+00:00,342.6,343.7937,342.57,343.38,133638.0
2026-07-14 14:30:00+00:00,343.4,344.73,343.0,343.8475,192842.0
2026-07-14 14:35:00+00:00,343.865,344.4289,343.46,343.69,137383.0
2026-07-14 14:40:00+00:00,343.69,344.19,343.2401,343.365,102618.0
2026-07-14 14:45:00+00:00,343.32,344.26,342.67,343.785,138667.0
2026-07-14 14:50:00+00:00,343.74,344.09,343.23,343.38,86681.0
2026-07-14 14:55:00+00:00,343.38,343.86,342.9,342.95,101731.0
2026-07-14 15:00:00+00:00,343.11,344.14,342.67,344.04,105896.0
2026-07-14 15:05:00+00:00,343.97,344.35,343.8,344.0,72110.0
2026-07-14 15:10:00+00:00,344.0,344.1,342.92,343.38,82260.0
2026-07-14 15:15:00+00:00,343.38,343.49,341.87,342.69,118364.0
2026-07-14 15:20:00+00:00,342.69,343.345,342.1101,343.08,87478.0
2026-07-14 15:25:00+00:00,343.08,343.57,342.26,342.81,88138.0
2026-07-14 15:30:00+00:00,342.7,342.9,341.55,341.73,95301.0
2026-07-14 15:35:00+00:00,341.71,341.81,340.3501,340.67,148452.0
2026-07-14 15:40:00+00:00,340.64,341.28,339.81,341.08,148631.0
2026-07-14 15:45:00+00:00,341.13,341.84,340.38,341.455,114203.0
2026-07-14 15:50:00+00:00,341.445,341.7,340.975,341.21,58710.0
2026-07-14 15:55:00+00:00,341.2,341.44,340.8,340.95,51669.0
2026-07-14 16:00:00+00:00,340.945,341.92,340.945,341.66,77746.0
2026-07-14 16:05:00+00:00,341.73,341.92,341.27,341.28,87642.0
2026-07-14 16:10:00+00:00,341.325,341.325,340.39,340.5888,58915.0
2026-07-14 16:15:00+00:00,340.6,340.61,339.8,340.015,86625.0
2026-07-14 16:20:00+00:00,339.91,340.4,339.625,340.03,92797.0
2026-07-14 16:25:00+00:00,340.03,340.15,339.605,339.775,74458.0
2026-07-14 16:30:00+00:00,339.7751,340.74,339.5,340.15,63461.0
2026-07-14 16:35:00+00:00,340.19,341.43,339.94,340.92,93213.0
2026-07-14 16:40:00+00:00,340.92,341.45,340.85,341.215,82742.0
2026-07-14 16:45:00+00:00,341.215,341.33,340.71,340.885,59853.0
2026-07-14 16:50:00+00:00,340.885,341.04,340.55,340.985,48266.0
2026-07-14 16:55:00+00:00,340.98,341.08,340.21,340.545,53163.0
2026-07-14 17:00:00+00:00,340.605,341.11,340.37,340.785,67532.0
2026-07-14 17:05:00+00:00,340.79,341.1291,340.57,340.82,58458.0
2026-07-14 17:10:00+00:00,340.805,341.17,340.65,340.77,35796.0
2026-07-14 17:15:00+00:00,340.77,340.85,340.5506,340.74,36254.0
2026-07-14 17:20:00+00:00,340.6701,341.04,340.21,340.84,41832.0
2026-07-14 17:25:00+00:00,340.835,340.97,339.675,339.88,49951.0
2026-07-14 17:30:00+00:00,339.85,339.89,338.4,339.06,139489.0
2026-07-14 17:35:00+00:00,339.03,339.09,338.2638,338.75,54424.0
2026-07-14 17:40:00+00:00,338.655,339.24,338.49,338.87,62854.0
2026-07-14 17:45:00+00:00,338.83,338.95,338.5382,338.55,36861.0
2026-07-14 17:50:00+00:00,338.5201,338.71,338.18,338.25,69159.0
2026-07-14 17:55:00+00:00,338.255,338.264,337.6915,337.85,57155.0
2026-07-14 18:00:00+00:00,337.88,338.22,337.66,338.215,51479.0
2026-07-14 18:05:00+00:00,338.235,339.065,338.1301,338.56,46501.0
2026-07-14 18:10:00+00:00,338.56,339.515,338.39,339.47,52109.0
2026-07-14 18:15:00+00:00,339.45,339.84,339.07,339.79,59382.0
2026-07-14 18:20:00+00:00,339.82,340.1448,339.41,339.42,60768.0
2026-07-14 18:25:00+00:00,339.43,340.125,339.3,340.08,75922.0
2026-07-14 18:30:00+00:00,340.0118,340.33,339.7,340.1533,58603.0
2026-07-14 18:35:00+00:00,340.14,340.84,340.13,340.84,74209.0
2026-07-14 18:40:00+00:00,340.88,341.18,340.7973,340.96,63057.0
2026-07-14 18:45:00+00:00,340.95,341.37,340.8,340.84,77758.0
2026-07-14 18:50:00+00:00,340.915,341.42,340.85,341.41,66763.0
2026-07-14 18:55:00+00:00,341.33,341.6199,340.9479,341.045,55042.0
2026-07-14 19:00:00+00:00,341.15,341.55,340.9723,341.515,65146.0
2026-07-14 19:05:00+00:00,341.46,341.61,341.2101,341.46,70989.0
2026-07-14 19:10:00+00:00,341.47,341.56,341.0901,341.51,62027.0
2026-07-14 19:15:00+00:00,341.51,341.91,341.18,341.56,75582.0
2026-07-14 19:20:00+00:00,341.565,341.87,341.48,341.65,72050.0
2026-07-14 19:25:00+00:00,341.68,341.865,341.2557,341.6704,71428.0
2026-07-14 19:30:00+00:00,341.63,342.65,341.55,342.05,110784.0
2026-07-14 19:35:00+00:00,342.05,342.6595,341.955,342.46,106390.0
2026-07-14 19:40:00+00:00,342.41,342.98,342.16,342.73,150542.0
2026-07-14 19:45:00+00:00,342.66,343.29,342.28,343.11,185274.0
2026-07-14 19:50:00+00:00,343.2,343.5,341.91,342.395,258121.0
2026-07-14 19:55:00+00:00,342.39,343.07,342.3,343.04,512639.0
2026-07-14 20:00:00+00:00,342.89,342.99,341.5,342.0,2912988.0
2026-07-14 20:05:00+00:00,342.1069,342.8702,341.7282,341.7282,715.0
2026-07-14 20:10:00+00:00,342.06,342.57,342.06,342.2,338.0
2026-07-14 20:15:00+00:00,342.56,342.56,342.2,342.4,448.0
2026-07-14 20:20:00+00:00,342.2643,342.2643,342.2643,342.2643,71.0
2026-07-14 20:25:00+00:00,342.56,342.56,342.3477,342.3723,519.0
2026-07-14 20:30:00+00:00,342.48,342.89,342.48,342.89,39352.0
2026-07-14 20:35:00+00:00,342.49,342.49,342.49,342.49,81.0
2026-07-14 20:40:00+00:00,342.5,342.5,342.2,342.3,609.0
2026-07-14 20:50:00+00:00,342.21,342.5,342.21,342.5,280.0
2026-07-14 21:05:00+00:00,342.37,342.37,342.37,342.37,101.0
2026-07-14 21:15:00+00:00,342.8393,342.8393,342.542,342.542,243.0
2026-07-14 21:20:00+00:00,342.59,342.59,342.59,342.59,83.0
2026-07-14 21:25:00+00:00,342.2,342.2,342.2,342.2,101.0
2026-07-14 21:30:00+00:00,342.71,342.71,342.71,342.71,224.0
2026-07-14 21:40:00+00:00,342.42,342.42,342.42,342.42,106.0
2026-07-14 21:50:00+00:00,342.68,342.7,342.68,342.7,201.0
2026-07-14 21:55:00+00:00,342.79,342.79,342.79,342.79,230.0
2026-07-14 22:00:00+00:00,342.6,342.6,342.6,342.6,101.0
2026-07-14 22:05:00+00:00,342.6505,342.6505,342.6505,342.6505,2017.0
2026-07-14 22:10:00+00:00,342.66,342.66,342.52,342.52,2030.0
2026-07-14 22:25:00+00:00,342.2316,342.2316,342.2316,342.2316,355.0
2026-07-14 22:30:00+00:00,342.2388,342.635,342.2388,342.635,400.0
2026-07-14 22:35:00+00:00,342.31,342.31,342.2,342.2,117.0
2026-07-14 22:45:00+00:00,342.2,342.2,342.2,342.2,2013.0
2026-07-14 23:05:00+00:00,342.2,342.2,342.2,342.2,51.0
2026-07-14 23:20:00+00:00,342.4,342.4,342.4,342.4,1203.0
2026-07-14 23:25:00+00:00,342.6,342.6,342.6,342.6,525.0
2026-07-14 23:30:00+00:00,342.6,342.6,342.6,342.6,61.0
2026-07-14 23:35:00+00:00,342.79,342.79,342.79,342.79,125.0
2026-07-14 23:40:00+00:00,342.6514,342.6514,342.6514,342.6514,127.0
2026-07-14 23:45:00+00:00,342.77,342.79,342.77,342.79,178.0
2026-07-14 23:50:00+00:00,342.8,342.8,342.57,342.79,565.0
2026-07-14 23:55:00+00:00,342.8,342.8,342.5,342.8,463.0
2026-07-15 08:00:00+00:00,342.53,342.9,342.01,342.09,2062.0
2026-07-15 08:15:00+00:00,343.0,343.0,343.0,343.0,116.0
2026-07-15 08:30:00+00:00,342.2,342.2,342.2,342.2,50.0
2026-07-15 08:45:00+00:00,343.0,343.0,343.0,343.0,247.0
2026-07-15 08:50:00+00:00,343.0,343.71,343.0,343.71,678.0
2026-07-15 09:25:00+00:00,344.0,344.0,344.0,344.0,51.0
2026-07-15 09:45:00+00:00,343.98,343.98,343.98,343.98,403.0
2026-07-15 10:00:00+00:00,344.0,344.0,344.0,344.0,255.0
2026-07-15 10:30:00+00:00,343.8,343.99,343.8,343.963,589.0
2026-07-15 10:35:00+00:00,343.99,344.0,343.99,344.0,274.0
2026-07-15 10:40:00+00:00,343.92,343.92,343.92,343.92,206.0
2026-07-15 10:45:00+00:00,343.96,343.96,343.96,343.96,100.0
2026-07-15 10:50:00+00:00,343.96,343.96,343.96,343.96,76.0
2026-07-15 10:55:00+00:00,343.5,343.7,343.5,343.7,230.0
2026-07-15 11:00:00+00:00,343.73,343.73,343.5713,343.7,1077.0
2026-07-15 11:05:00+00:00,343.5,343.62,343.5,343.62,635.0
2026-07-15 11:10:00+00:00,343.5,343.55,343.5,343.55,455.0
2026-07-15 11:20:00+00:00,343.25,343.28,343.25,343.28,241.0
2026-07-15 11:25:00+00:00,343.4663,343.4663,343.4663,343.4663,746.0
2026-07-15 11:30:00+00:00,343.49,343.49,343.2,343.2,317.0
2026-07-15 11:40:00+00:00,343.47,343.58,343.47,343.58,659.0
2026-07-15 11:45:00+00:00,343.6168,343.6168,343.6168,343.6168,101.0
2026-07-15 11:50:00+00:00,343.4899,343.6,343.4899,343.6,3303.0
2026-07-15 11:55:00+00:00,343.76,343.79,343.76,343.79,150.0
2026-07-15 12:05:00+00:00,343.65,344.18,343.55,343.55,1691.0
2026-07-15 12:10:00+00:00,344.27,344.62,344.25,344.44,1492.0
2026-07-15 12:15:00+00:00,344.46,344.5,344.43,344.43,233.0
2026-07-15 12:20:00+00:00,344.64,344.75,344.64,344.75,269.0
2026-07-15 12:25:00+00:00,344.75,344.9,344.64,344.75,1240.0
2026-07-15 12:30:00+00:00,344.8,345.35,344.8,345.21,6186.0
2026-07-15 12:35:00+00:00,345.0,345.33,345.0,345.33,859.0
2026-07-15 12:40:00+00:00,345.09,345.28,344.63,344.6622,1619.0
2026-07-15 12:45:00+00:00,345.228,345.26,345.22,345.26,566.0
2026-07-15 12:50:00+00:00,345.28,345.34,345.13,345.2613,562.0
2026-07-15 12:55:00+00:00,345.35,345.35,345.2366,345.2366,286.0
2026-07-15 13:00:00+00:00,345.25,345.25,344.0,344.86,2743.0
2026-07-15 13:05:00+00:00,344.84,344.84,344.7,344.7,538.0
2026-07-15 13:10:00+00:00,344.61,344.61,344.61,344.61,204.0
2026-07-15 13:15:00+00:00,344.7,344.7,344.3,344.6,1534.0
2026-07-15 13:20:00+00:00,344.38,344.876,344.22,344.22,200577.0
2026-07-15 13:25:00+00:00,344.99,347.0,344.99,346.4,6276.0
2026-07-15 13:30:00+00:00,345.845,350.5999,345.52,350.4211,556367.0
2026-07-15 13:35:00+00:00,350.58,350.97,348.8,350.2775,274234.0
2026-07-15 13:40:00+00:00,350.305,351.24,349.03,350.98,181356.0
2026-07-15 13:45:00+00:00,351.09,351.12,348.08,349.4,185593.0
2026-07-15 13:50:00+00:00,349.46,349.58,348.15,348.35,209759.0
2026-07-15 13:55:00+00:00,348.34,348.79,347.51,347.915,182888.0
2026-07-15 14:00:00+00:00,347.89,348.14,345.57,345.82,162142.0
2026-07-15 14:05:00+00:00,345.66,345.8399,344.43,344.76,221089.0
2026-07-15 14:10:00+00:00,345.04,345.94,344.05,345.63,141591.0
2026-07-15 14:15:00+00:00,345.71,347.075,345.5,346.75,185559.0
2026-07-15 14:20:00+00:00,346.75,347.5,345.48,346.97,204351.0
2026-07-15 14:25:00+00:00,347.02,348.17,346.765,347.7255,107831.0
2026-07-15 14:30:00+00:00,347.78,349.04,347.5301,349.01,109314.0
2026-07-15 14:35:00+00:00,349.01,349.17,347.25,347.3,97047.0
2026-07-15 14:40:00+00:00,347.38,347.58,346.6,347.205,80506.0
2026-07-15 14:45:00+00:00,347.12,347.51,346.37,347.245,69265.0
2026-07-15 14:50:00+00:00,347.3,347.31,346.2001,346.83,88936.0
2026-07-15 14:55:00+00:00,346.91,347.5,346.27,347.39,76324.0
2026-07-15 15:00:00+00:00,347.5,348.47,347.425,347.96,121943.0
2026-07-15 15:05:00+00:00,347.97,348.23,347.56,348.015,71642.0
2026-07-15 15:10:00+00:00,348.015,348.65,347.88,348.16,71641.0
2026-07-15 15:15:00+00:00,348.07,348.5,347.74,348.13,73211.0
2026-07-15 15:20:00+00:00,348.24,348.43,347.505,347.75,68245.0
2026-07-15 15:25:00+00:00,347.685,347.76,346.84,347.7,94867.0
2026-07-15 15:30:00+00:00,347.7,348.33,347.35,348.09,62996.0
2026-07-15 15:35:00+00:00,348.01,348.43,348.01,348.33,64502.0
2026-07-15 15:40:00+00:00,348.225,348.4,348.01,348.17,75101.0
2026-07-15 15:45:00+00:00,348.24,348.5,348.08,348.29,109378.0
2026-07-15 15:50:00+00:00,348.2,349.17,348.2,349.095,129868.0
2026-07-15 15:55:00+00:00,349.095,349.4153,348.82,349.0812,56619.0
2026-07-15 16:00:00+00:00,349.085,349.33,348.92,349.3,66264.0
2026-07-15 16:05:00+00:00,349.19,349.535,348.8516,348.99,74584.0
2026-07-15 16:10:00+00:00,348.965,349.26,348.61,348.73,68193.0
2026-07-15 16:15:00+00:00,348.64,348.83,347.59,347.72,98141.0
2026-07-15 16:20:00+00:00,347.61,347.94,347.12,347.13,94203.0
2026-07-15 16:25:00+00:00,347.17,347.69,346.72,347.55,92649.0
2026-07-15 16:30:00+00:00,347.625,347.85,347.25,347.43,77594.0
2026-07-15 16:35:00+00:00,347.415,347.57,347.04,347.11,45422.0
2026-07-15 16:40:00+00:00,347.14,347.25,346.98,347.23,56526.0
2026-07-15 16:45:00+00:00,347.2,348.01,347.2,347.555,64488.0
2026-07-15 16:50:00+00:00,347.62,347.75,347.31,347.4602,36550.0
2026-07-15 16:55:00+00:00,347.44,347.63,347.08,347.49,63733.0
2026-07-15 17:00:00+00:00,347.505,347.76,347.4,347.47,43094.0
2026-07-15 17:05:00+00:00,347.53,347.61,346.88,346.97,42545.0
2026-07-15 17:10:00+00:00,346.91,347.26,346.68,346.785,50865.0
2026-07-15 17:15:00+00:00,346.74,346.82,346.01,346.51,54870.0
2026-07-15 17:20:00+00:00,346.465,346.99,346.24,346.97,56557.0
2026-07-15 17:25:00+00:00,346.95,347.35,346.765,347.145,42734.0
2026-07-15 17:30:00+00:00,347.1,347.27,346.68,347.015,67173.0
2026-07-15 17:35:00+00:00,346.89,347.495,346.63,347.39,61472.0
2026-07-15 17:40:00+00:00,347.4,347.72,347.32,347.58,33116.0
2026-07-15 17:45:00+00:00,347.52,348.31,347.43,348.31,71187.0
2026-07-15 17:50:00+00:00,348.19,348.53,347.71,348.12,50750.0
2026-07-15 17:55:00+00:00,348.18,348.18,347.58,347.9,53516.0
2026-07-15 18:00:00+00:00,347.845,348.0,347.58,347.61,34848.0
2026-07-15 18:05:00+00:00,347.605,347.84,347.2001,347.25,49213.0
2026-07-15 18:10:00+00:00,347.25,347.41,346.59,346.64,57236.0
2026-07-15 18:15:00+00:00,346.59,346.78,345.83,345.8525,57679.0
2026-07-15 18:20:00+00:00,345.855,345.96,345.225,345.405,58710.0
2026-07-15 18:25:00+00:00,345.4,345.53,345.21,345.445,43249.0
2026-07-15 18:30:00+00:00,345.53,345.8846,345.41,345.755,45494.0
2026-07-15 18:35:00+00:00,345.765,345.93,345.4,345.93,43825.0
2026-07-15 18:40:00+00:00,345.895,345.94,345.43,345.87,89194.0
2026-07-15 18:45:00+00:00,345.93,346.24,345.7,346.195,45220.0
2026-07-15 18:50:00+00:00,346.2,346.66,346.2,346.53,45405.0
2026-07-15 18:55:00+00:00,346.57,346.87,346.47,346.715,46482.0
2026-07-15 19:00:00+00:00,346.67,346.74,346.18,346.34,47386.0
2026-07-15 19:05:00+00:00,346.29,346.61,346.13,346.445,44028.0
2026-07-15 19:10:00+00:00,346.445,346.6799,346.3587,346.465,42256.0
2026-07-15 19:15:00+00:00,346.47,347.4199,346.37,347.4199,68508.0
2026-07-15 19:20:00+00:00,347.23,347.62,347.14,347.46,65254.0
2026-07-15 19:25:00+00:00,347.45,347.82,347.25,347.27,76563.0
2026-07-15 19:30:00+00:00,347.2768,347.37,346.77,347.19,99900.0
2026-07-15 19:35:00+00:00,347.1825,347.53,347.0,347.42,72807.0
2026-07-15 19:40:00+00:00,347.42,347.7499,347.12,347.67,105462.0
2026-07-15 19:45:00+00:00,347.6,347.87,346.69,346.7875,159555.0
2026-07-15 19:50:00+00:00,346.82,347.06,346.125,346.27,230164.0
2026-07-15 19:55:00+00:00,346.25,347.15,346.005,347.06,597642.0
2026-07-15 20:00:00+00:00,346.91,346.91,346.91,346.91,2585367.0
2026-07-15 20:05:00+00:00,347.15,347.15,347.15,347.15,4243.0
2026-07-15 20:10:00+00:00,346.91,346.91,346.71,346.71,76021.0
2026-07-15 20:20:00+00:00,346.76,346.87,346.75,346.87,528.0
2026-07-15 20:25:00+00:00,346.6,346.6,346.6,346.6,109.0
2026-07-15 20:30:00+00:00,346.6115,346.91,346.6115,346.7122,10640.0
2026-07-15 20:35:00+00:00,346.6592,346.7,346.616,346.616,231.0
2026-07-15 20:50:00+00:00,346.88,346.91,346.55,346.55,1890.0
2026-07-15 21:00:00+00:00,346.88,346.88,346.88,346.88,191.0
2026-07-15 21:10:00+00:00,346.88,346.88,346.88,346.88,80.0
2026-07-15 21:15:00+00:00,346.9,346.91,346.9,346.91,606.0
2026-07-15 21:20:00+00:00,347.0,347.76,346.93,346.93,1045.0
2026-07-15 21:35:00+00:00,346.98,346.98,346.97,346.97,162.0
2026-07-15 22:00:00+00:00,347.2,347.2,347.2,347.2,83.0
2026-07-15 22:05:00+00:00,347.4396,347.4396,347.2,347.2,383.0
2026-07-15 22:15:00+00:00,347.37,347.37,347.26,347.26,231.0
2026-07-15 22:20:00+00:00,347.1,347.1,347.1,347.1,76.0
2026-07-15 22:45:00+00:00,347.3,347.3,347.3,347.3,520.0
2026-07-15 23:15:00+00:00,347.0573,347.0573,347.0573,347.0573,105.0
2026-07-15 23:25:00+00:00,347.25,347.25,347.25,347.25,1021.0
2026-07-15 23:35:00+00:00,347.14,347.14,347.14,347.14,140.0
2026-07-15 23:45:00+00:00,347.1418,347.1418,347.1418,347.1418,99.0
2026-07-15 23:55:00+00:00,347.2,347.2,347.2,347.2,61.0
2026-07-16 08:00:00+00:00,348.1,348.1,347.59,347.65,1035.0
2026-07-16 08:05:00+00:00,347.93,347.93,347.93,347.93,53.0
2026-07-16 08:10:00+00:00,347.65,348.0,347.65,348.0,524.0
2026-07-16 08:15:00+00:00,347.94,347.94,347.94,347.94,512.0
2026-07-16 08:45:00+00:00,348.5,348.5,347.99,347.99,375.0
2026-07-16 08:50:00+00:00,347.9,347.9,347.9,347.9,100.0
2026-07-16 09:55:00+00:00,348.16,348.16,348.16,348.16,40.0
2026-07-16 10:15:00+00:00,347.75,347.75,347.75,347.75,70.0
2026-07-16 11:00:00+00:00,347.86,348.0,347.85,347.85,1069.0
2026-07-16 11:05:00+00:00,347.87,347.87,347.75,347.75,737.0
2026-07-16 11:15:00+00:00,347.51,347.51,347.5,347.5,375.0
2026-07-16 11:20:00+00:00,347.12,347.34,347.12,347.34,383.0
2026-07-16 11:30:00+00:00,347.0,347.0,347.0,347.0,149.0
2026-07-16 11:40:00+00:00,347.2,347.21,347.2,347.21,350.0
2026-07-16 11:45:00+00:00,347.2,347.21,347.2,347.2,744.0
2026-07-16 11:55:00+00:00,347.05,347.05,347.05,347.05,51.0
2026-07-16 12:05:00+00:00,347.1232,347.1232,346.97,346.97,234.0
2026-07-16 12:10:00+00:00,347.2799,347.2799,347.2799,347.2799,74.0
2026-07-16 12:15:00+00:00,346.895,347.085,346.895,346.91,527.0
2026-07-16 12:20:00+00:00,347.28,347.28,346.9,347.02,1249.0
2026-07-16 12:25:00+00:00,347.27,347.27,347.27,347.27,110.0
2026-07-16 12:35:00+00:00,347.3,347.3,347.3,347.3,904.0
2026-07-16 12:40:00+00:00,347.5,347.69,347.5,347.69,311.0
2026-07-16 12:55:00+00:00,347.6459,347.6459,347.35,347.35,394.0
2026-07-16 13:00:00+00:00,347.55,347.55,347.25,347.25,2173.0
2026-07-16 13:05:00+00:00,347.67,348.16,347.38,348.16,1475.0
2026-07-16 13:10:00+00:00,348.0,348.39,348.0,348.39,1247.0
2026-07-16 13:15:00+00:00,347.7,348.39,347.7,348.35,1060.0
2026-07-16 13:20:00+00:00,348.25,348.5,348.25,348.5,677.0
2026-07-16 13:25:00+00:00,348.44,349.22,348.44,348.52,3486.0
2026-07-16 13:30:00+00:00,349.28,349.34,343.6301,343.87,209407.0
2026-07-16 13:35:00+00:00,344.11,344.2,341.39,341.585,116266.0
2026-07-16 13:40:00+00:00,341.75,344.2,341.11,344.17,109918.0
2026-07-16 13:45:00+00:00,344.28,345.09,343.4225,345.09,85943.0
2026-07-16 13:50:00+00:00,345.08,345.51,342.21,342.22,81217.0
2026-07-16 13:55:00+00:00,342.26,342.52,341.1701,342.195,138090.0
2026-07-16 14:00:00+00:00,342.26,343.21,342.195,343.0,73860.0
2026-07-16 14:05:00+00:00,343.08,343.11,341.84,342.11,92506.0
2026-07-16 14:10:00+00:00,342.115,343.83,342.115,343.77,98157.0
2026-07-16 14:15:00+00:00,343.685,344.9,343.56,344.76,70344.0
2026-07-16 14:20:00+00:00,344.76,345.27,344.57,344.92,65803.0
2026-07-16 14:25:00+00:00,344.875,345.45,344.74,345.38,100235.0
2026-07-16 14:30:00+00:00,345.37,345.94,345.2,345.45,68368.0
2026-07-16 14:35:00+00:00,345.39,345.48,344.83,345.46,163084.0
2026-07-16 14:40:00+00:00,345.46,346.18,345.46,345.91,96066.0
2026-07-16 14:45:00+00:00,345.86,346.0,345.56,345.925,81293.0
2026-07-16 14:50:00+00:00,345.925,346.37,345.815,346.02,50772.0
2026-07-16 14:55:00+00:00,346.045,346.25,345.66,345.885,57533.0
2026-07-16 15:00:00+00:00,345.885,345.95,345.37,345.8899,53342.0
2026-07-16 15:05:00+00:00,345.77,346.45,345.645,346.42,70498.0
2026-07-16 15:10:00+00:00,346.42,346.45,345.8201,346.095,74122.0
2026-07-16 15:15:00+00:00,346.1,346.65,346.05,346.07,72362.0
2026-07-16 15:20:00+00:00,346.075,346.26,345.52,345.85,65141.0
2026-07-16 15:25:00+00:00,345.88,346.14,345.54,345.585,62255.0
2026-07-16 15:30:00+00:00,345.585,345.61,345.19,345.455,48773.0
2026-07-16 15:35:00+00:00,345.465,345.4657,344.72,344.8599,51445.0
2026-07-16 15:40:00+00:00,344.78,345.285,344.76,344.93,45270.0
2026-07-16 15:45:00+00:00,344.93,344.93,343.82,344.65,75198.0
2026-07-16 15:50:00+00:00,344.64,345.21,344.64,344.94,43996.0
2026-07-16 15:55:00+00:00,344.89,345.4277,344.81,345.25,53981.0
2026-07-16 16:00:00+00:00,345.25,345.3875,344.9,344.99,37990.0
2026-07-16 16:05:00+00:00,344.91,345.49,344.87,345.485,59458.0
2026-07-16 16:10:00+00:00,345.46,345.66,344.945,345.05,56173.0
2026-07-16 16:15:00+00:00,345.055,345.44,345.055,345.093,39175.0
2026-07-16 16:20:00+00:00,345.1,345.21,344.65,344.92,63400.0
2026-07-16 16:25:00+00:00,344.92,345.64,344.82,345.22,41430.0
2026-07-16 16:30:00+00:00,345.255,345.38,345.02,345.1,54118.0
2026-07-16 16:35:00+00:00,345.1,345.37,344.8901,345.025,49625.0
2026-07-16 16:40:00+00:00,345.08,345.375,344.9,345.24,44411.0
2026-07-16 16:45:00+00:00,345.28,345.37,344.695,345.18,69075.0
2026-07-16 16:50:00+00:00,345.17,345.35,345.0,345.17,68468.0
2026-07-16 16:55:00+00:00,345.17,345.84,345.16,345.765,71707.0
2026-07-16 17:00:00+00:00,345.72,345.765,345.0701,345.22,54154.0
2026-07-16 17:05:00+00:00,345.18,345.72,345.045,345.13,47502.0
2026-07-16 17:10:00+00:00,345.13,345.96,345.13,345.89,47136.0
2026-07-16 17:15:00+00:00,345.88,345.93,345.34,345.5,35070.0
2026-07-16 17:20:00+00:00,345.43,345.51,345.155,345.395,42816.0
2026-07-16 17:25:00+00:00,345.37,345.54,345.175,345.29,37092.0
2026-07-16 17:30:00+00:00,345.29,345.6,344.4964,344.6,53691.0
2026-07-16 17:35:00+00:00,344.5453,344.585,343.61,343.67,43824.0
2026-07-16 17:40:00+00:00,343.64,344.21,343.5301,344.075,42447.0
2026-07-16 17:45:00+00:00,344.06,344.2293,343.925,344.06,38871.0
2026-07-16 17:50:00+00:00,344.0,344.0299,343.635,343.8083,36571.0
2026-07-16 17:55:00+00:00,343.77,343.9,343.4,343.68,48383.0
2026-07-16 18:00:00+00:00,343.685,343.73,342.56,342.635,94255.0
2026-07-16 18:05:00+00:00,342.635,343.05,342.34,342.95,48391.0
2026-07-16 18:10:00+00:00,342.96,343.36,342.76,343.075,68339.0
2026-07-16 18:15:00+00:00,343.04,343.45,342.64,343.3,82573.0
2026-07-16 18:20:00+00:00,343.3,343.47,343.16,343.46,65406.0
2026-07-16 18:25:00+00:00,343.46,343.54,343.08,343.22,56668.0
2026-07-16 18:30:00+00:00,343.24,343.39,342.9,342.995,84722.0
2026-07-16 18:35:00+00:00,342.99,343.12,342.79,342.865,47096.0
2026-07-16 18:40:00+00:00,342.865,342.89,342.62,342.77,65060.0
2026-07-16 18:45:00+00:00,342.77,343.4,342.71,343.18,57201.0
2026-07-16 18:50:00+00:00,343.18,343.47,343.15,343.31,53127.0
2026-07-16 18:55:00+00:00,343.3,343.56,343.29,343.485,61329.0
2026-07-16 19:00:00+00:00,343.52,343.6299,343.2,343.34,50165.0
2026-07-16 19:05:00+00:00,343.31,343.315,342.8165,342.84,64017.0
2026-07-16 19:10:00+00:00,342.83,342.946,342.4001,342.72,74878.0
2026-07-16 19:15:00+00:00,342.73,343.71,342.69,343.61,81146.0
2026-07-16 19:20:00+00:00,343.61,343.88,343.38,343.4999,58982.0
2026-07-16 19:25:00+00:00,343.445,343.5,343.165,343.2,57545.0
2026-07-16 19:30:00+00:00,343.185,343.185,341.89,342.035,100733.0
2026-07-16 19:35:00+00:00,342.03,342.21,341.73,342.05,87913.0
2026-07-16 19:40:00+00:00,342.05,342.2,341.77,341.955,92773.0
2026-07-16 19:45:00+00:00,341.89,342.19,341.82,342.08,119605.0
2026-07-16 19:50:00+00:00,342.1,343.435,341.94,343.125,200614.0
2026-07-16 19:55:00+00:00,343.06,343.26,342.57,343.06,493677.0
2026-07-16 20:00:00+00:00,343.15,343.15,343.0,343.0,2400211.0
2026-07-16 20:05:00+00:00,343.15,343.15,342.99,342.99,3938182.0
2026-07-16 20:10:00+00:00,343.0,343.0,343.0,343.0,451.0
2026-07-16 20:20:00+00:00,343.35,343.35,343.35,343.35,64.0
2026-07-16 20:25:00+00:00,343.2585,343.2585,342.1235,342.1235,28043.0
2026-07-16 20:30:00+00:00,343.15,343.15,343.15,343.15,12781.0
2026-07-16 20:35:00+00:00,343.02,343.34,342.81,342.81,367.0
2026-07-16 20:45:00+00:00,342.611,342.611,342.611,342.611,201.0
2026-07-16 21:20:00+00:00,343.0,343.0,343.0,343.0,85.0
2026-07-16 21:55:00+00:00,343.2889,343.2889,343.2889,343.2889,68.0
2026-07-16 22:05:00+00:00,343.47,343.47,343.47,343.47,126.0
2026-07-16 22:10:00+00:00,343.5,343.5,343.5,343.5,78.0
2026-07-16 22:15:00+00:00,343.3,343.3,343.25,343.25,263.0
2026-07-16 22:40:00+00:00,343.36,343.36,343.36,343.36,3230.0
2026-07-16 23:00:00+00:00,343.88,343.88,343.7855,343.7855,100.0
2026-07-16 23:05:00+00:00,343.9414,343.9414,343.9414,343.9414,500.0
2026-07-16 23:10:00+00:00,343.28,343.28,343.28,343.28,200.0
2026-07-16 23:15:00+00:00,343.27,343.27,343.27,343.27,103.0
2026-07-16 23:20:00+00:00,343.27,343.27,343.1,343.1,426.0
2026-07-16 23:25:00+00:00,343.0,343.0,343.0,343.0,60.0
2026-07-16 23:30:00+00:00,342.84,342.84,342.84,342.84,44.0
2026-07-16 23:35:00+00:00,343.0186,343.0186,343.0186,343.0186,175.0
2026-07-16 23:40:00+00:00,342.85,342.85,342.85,342.85,150.0
2026-07-16 23:50:00+00:00,342.7992,342.7992,342.7992,342.7992,100.0
2026-07-17 08:00:00+00:00,341.5,342.07,340.5062,342.07,5292.0
2026-07-17 08:05:00+00:00,342.04,342.04,342.04,342.04,58.0
2026-07-17 08:20:00+00:00,342.99,343.0,342.99,343.0,3035.0
2026-07-17 08:30:00+00:00,343.58,343.58,343.58,343.58,105.0
2026-07-17 08:55:00+00:00,343.1,343.1,342.64,342.64,260.0
2026-07-17 09:00:00+00:00,342.62,342.62,342.62,342.62,100.0
2026-07-17 09:05:00+00:00,342.2633,342.2633,342.2633,342.2633,47.0
2026-07-17 09:15:00+00:00,342.62,342.62,342.62,342.62,219.0
2026-07-17 09:50:00+00:00,343.12,343.12,342.72,342.72,160.0
2026-07-17 10:00:00+00:00,342.9,342.9,342.9,342.9,224.0
2026-07-17 10:15:00+00:00,342.81,342.81,342.81,342.81,71.0
2026-07-17 10:55:00+00:00,343.15,343.15,343.12,343.12,322.0
2026-07-17 11:00:00+00:00,343.15,343.15,342.7275,343.15,638.0
2026-07-17 11:10:00+00:00,343.15,343.15,343.15,343.15,111.0
2026-07-17 11:15:00+00:00,343.02,343.02,343.02,343.02,373.0
2026-07-17 11:20:00+00:00,343.03,343.03,343.02,343.02,102.0
2026-07-17 11:25:00+00:00,343.15,343.15,343.15,343.15,1093.0
2026-07-17 11:30:00+00:00,343.15,343.15,342.74,342.87,496.0
2026-07-17 11:35:00+00:00,342.7275,342.7275,342.7275,342.7275,94.0
2026-07-17 11:40:00+00:00,342.95,342.95,342.95,342.95,59.0
2026-07-17 11:50:00+00:00,343.15,343.15,343.14,343.14,562.0
2026-07-17 11:55:00+00:00,343.15,343.15,343.1,343.1,967.0
2026-07-17 12:00:00+00:00,343.14,343.14,343.14,343.14,84.0
2026-07-17 12:05:00+00:00,343.13,343.13,343.13,343.13,255.0
2026-07-17 12:15:00+00:00,342.85,342.85,342.85,342.85,558.0
2026-07-17 12:25:00+00:00,343.0,343.0,343.0,343.0,665.0
2026-07-17 12:30:00+00:00,342.7658,342.7658,342.65,342.71,834.0
2026-07-17 12:35:00+00:00,342.5,342.51,342.5,342.5,762.0
2026-07-17 12:40:00+00:00,342.4,342.4,341.6062,341.6062,904.0
2026-07-17 12:45:00+00:00,341.823,342.29,341.7526,341.7526,324.0
2026-07-17 12:50:00+00:00,341.7564,341.7564,341.7564,341.7564,54.0
2026-07-17 12:55:00+00:00,342.19,342.19,342.0,342.0,1438.0
2026-07-17 13:00:00+00:00,342.0,342.0,342.0,342.0,97.0
2026-07-17 13:05:00+00:00,341.76,341.98,341.51,341.51,446.0
2026-07-17 13:10:00+00:00,341.5,341.79,340.89,340.89,1030.0
2026-07-17 13:15:00+00:00,340.85,341.5,340.84,341.3,1510.0
2026-07-17 13:20:00+00:00,340.9,341.0,340.9,340.98,313.0
2026-07-17 13:25:00+00:00,341.0,341.69,339.0,339.2,2452.0
2026-07-17 13:30:00+00:00,339.03,339.03,335.05,336.13,1006513.0
2026-07-17 13:35:00+00:00,336.225,338.9099,336.02,338.54,156867.0
2026-07-17 13:40:00+00:00,338.545,340.648,338.4379,340.63,97451.0
2026-07-17 13:45:00+00:00,340.59,342.1,340.43,341.835,129646.0
2026-07-17 13:50:00+00:00,341.86,343.31,341.73,342.33,164904.0
2026-07-17 13:55:00+00:00,342.26,343.14,341.9901,342.81,72331.0
2026-07-17 14:00:00+00:00,342.69,342.78,341.7,342.48,77819.0
2026-07-17 14:05:00+00:00,342.46,342.62,341.79,341.81,60334.0
2026-07-17 14:10:00+00:00,341.81,344.2,341.69,343.92,211058.0
2026-07-17 14:15:00+00:00,343.87,344.59,343.78,344.05,119119.0
2026-07-17 14:20:00+00:00,343.92,344.69,343.75,344.315,77328.0
2026-07-17 14:25:00+00:00,344.315,344.72,343.87,343.915,60231.0
2026-07-17 14:30:00+00:00,343.905,344.71,343.83,344.45,64081.0
2026-07-17 14:35:00+00:00,344.45,345.3251,344.07,344.655,91217.0
2026-07-17 14:40:00+00:00,344.655,345.09,344.51,344.57,51851.0
2026-07-17 14:45:00+00:00,344.65,344.98,344.2477,344.94,48912.0
2026-07-17 14:50:00+00:00,344.87,345.85,344.59,345.83,388384.0
2026-07-17 14:55:00+00:00,345.83,346.125,345.645,345.85,143096.0
2026-07-17 15:00:00+00:00,345.88,345.91,345.13,345.25,100552.0
2026-07-17 15:05:00+00:00,345.25,345.75,345.11,345.46,73607.0
2026-07-17 15:10:00+00:00,345.46,345.58,344.91,345.025,56415.0
2026-07-17 15:15:00+00:00,345.025,345.12,344.24,344.425,54319.0
2026-07-17 15:20:00+00:00,344.42,345.22,344.29,344.94,59103.0
2026-07-17 15:25:00+00:00,344.86,345.4,344.82,345.26,47485.0
2026-07-17 15:30:00+00:00,345.225,345.49,344.37,344.6664,90220.0
2026-07-17 15:35:00+00:00,344.63,344.66,343.935,344.38,60857.0
2026-07-17 15:40:00+00:00,344.35,344.93,344.29,344.5905,47166.0
2026-07-17 15:45:00+00:00,344.685,345.13,344.25,344.63,47068.0
2026-07-17 15:50:00+00:00,344.64,344.9399,344.33,344.58,38039.0
2026-07-17 15:55:00+00:00,344.51,345.16,344.12,345.13,61982.0
2026-07-17 16:00:00+00:00,345.095,345.66,344.66,344.8,116645.0
2026-07-17 16:05:00+00:00,344.79,344.95,344.2301,344.54,49080.0
2026-07-17 16:10:00+00:00,344.6,344.88,344.43,344.88,29289.0
2026-07-17 16:15:00+00:00,344.87,345.07,344.17,344.405,40143.0
2026-07-17 16:20:00+00:00,344.44,344.68,344.21,344.245,33060.0
2026-07-17 16:25:00+00:00,344.21,344.4,344.0394,344.17,54330.0
2026-07-17 16:30:00+00:00,344.16,344.2028,343.61,343.615,36429.0
2026-07-17 16:35:00+00:00,343.65,343.99,343.525,343.6,32983.0
2026-07-17 16:40:00+00:00,343.6,343.72,343.35,343.35,29770.0
2026-07-17 16:45:00+00:00,343.405,343.7099,343.13,343.7,35876.0
2026-07-17 16:50:00+00:00,343.685,343.89,343.46,343.4998,30331.0
2026-07-17 16:55:00+00:00,343.495,343.54,343.3,343.495,21279.0
2026-07-17 17:00:00+00:00,343.5,343.795,343.145,343.145,38369.0
2026-07-17 17:05:00+00:00,343.13,343.52,343.0117,343.46,28692.0
2026-07-17 17:10:00+00:00,343.48,343.955,343.45,343.635,29532.0
2026-07-17 17:15:00+00:00,343.635,343.6399,343.23,343.355,40964.0
2026-07-17 17:20:00+00:00,343.355,343.56,343.16,343.42,32481.0
2026-07-17 17:25:00+00:00,343.35,343.49,343.2746,343.34,42256.0
2026-07-17 17:30:00+00:00,343.305,344.21,343.3,344.0725,54456.0
2026-07-17 17:35:00+00:00,344.075,344.39,343.32,343.645,53293.0
2026-07-17 17:40:00+00:00,343.605,343.6599,343.33,343.53,45629.0
2026-07-17 17:45:00+00:00,343.54,343.85,343.46,343.68,58270.0
2026-07-17 17:50:00+00:00,343.64,343.8,343.23,343.37,61780.0
2026-07-17 17:55:00+00:00,343.34,343.34,342.95,343.065,42129.0
2026-07-17 18:00:00+00:00,343.065,343.35,342.95,343.17,42257.0
2026-07-17 18:05:00+00:00,343.17,343.385,342.965,343.33,54945.0
2026-07-17 18:10:00+00:00,343.33,343.33,343.03,343.12,49653.0
2026-07-17 18:15:00+00:00,343.125,343.1686,342.6,342.665,56582.0
2026-07-17 18:20:00+00:00,342.645,342.8,342.27,342.28,44317.0
2026-07-17 18:25:00+00:00,342.275,342.37,341.95,341.98,55459.0
2026-07-17 18:30:00+00:00,341.96,342.55,341.955,342.235,43391.0
2026-07-17 18:35:00+00:00,342.2,342.21,341.92,342.14,30514.0
2026-07-17 18:40:00+00:00,342.11,342.355,342.1,342.355,44637.0
2026-07-17 18:45:00+00:00,342.355,342.65,342.09,342.2,87343.0
2026-07-17 18:50:00+00:00,342.2083,342.46,342.11,342.455,33782.0
2026-07-17 18:55:00+00:00,342.45,342.5,342.11,342.235,33372.0
2026-07-17 19:00:00+00:00,342.21,342.2574,341.57,341.87,39526.0
2026-07-17 19:05:00+00:00,341.865,342.22,341.82,341.99,45394.0
2026-07-17 19:10:00+00:00,341.93,341.99,341.565,341.6799,45679.0
2026-07-17 19:15:00+00:00,341.62,342.03,341.4,341.78,81739.0
2026-07-17 19:20:00+00:00,341.78,341.78,341.36,341.39,91641.0
2026-07-17 19:25:00+00:00,341.36,341.615,340.95,341.33,81553.0
2026-07-17 19:30:00+00:00,341.34,341.5189,340.38,340.65,106178.0
2026-07-17 19:35:00+00:00,340.6698,340.83,340.48,340.66,83295.0
2026-07-17 19:40:00+00:00,340.64,341.02,340.64,340.895,121150.0
2026-07-17 19:45:00+00:00,340.88,342.39,340.87,342.18,197555.0
2026-07-17 19:50:00+00:00,342.25,342.28,341.1,341.485,224656.0
2026-07-17 19:55:00+00:00,341.51,341.93,340.96,341.2,518793.0
2026-07-17 20:00:00+00:00,341.16,341.26,341.1,341.22,2144041.0
2026-07-17 20:05:00+00:00,341.21,341.21,341.1,341.1,1935.0
2026-07-17 20:10:00+00:00,341.11,341.11,341.11,341.11,103.0
2026-07-17 20:20:00+00:00,340.8665,342.5,340.8665,342.5,1698.0
2026-07-17 20:30:00+00:00,341.1,341.1,341.1,341.1,7989.0
2026-07-17 20:35:00+00:00,342.25,342.25,342.25,342.25,278.0
2026-07-17 20:50:00+00:00,341.16,341.16,341.12,341.12,2045.0
2026-07-17 20:55:00+00:00,341.159,341.159,341.159,341.159,125.0
2026-07-17 21:00:00+00:00,342.44,342.5,341.99,341.99,2133.0
2026-07-17 21:05:00+00:00,342.6,342.6,342.6,342.6,40.0
2026-07-17 21:15:00+00:00,341.67,341.67,341.67,341.67,50.0
2026-07-17 21:30:00+00:00,343.0289,343.0289,343.0289,343.0289,101.0
2026-07-17 21:55:00+00:00,341.66,341.66,341.48,341.48,434.0
2026-07-17 22:05:00+00:00,341.12,341.16,341.12,341.16,201.0
2026-07-17 22:10:00+00:00,341.16,341.16,341.16,341.16,266.0
2026-07-17 22:15:00+00:00,341.66,341.67,341.66,341.67,315.0
2026-07-17 22:40:00+00:00,341.2,341.2,341.2,341.2,240.0
2026-07-17 23:00:00+00:00,342.26,342.26,342.26,342.26,122.0
2026-07-17 23:10:00+00:00,341.71,341.71,341.71,341.71,53.0
2026-07-17 23:25:00+00:00,341.23,341.23,341.23,341.23,107.0
2026-07-17 23:50:00+00:00,342.0,342.0,342.0,342.0,43.0
2026-07-20 08:00:00+00:00,339.0,341.0,338.85,341.0,2401.0
2026-07-20 08:05:00+00:00,341.0,341.0,341.0,341.0,231.0
2026-07-20 08:10:00+00:00,341.01,341.03,341.01,341.03,204.0
2026-07-20 08:15:00+00:00,341.15,341.18,341.15,341.18,464.0
2026-07-20 08:50:00+00:00,341.3733,341.3733,341.3733,341.3733,62.0
2026-07-20 09:20:00+00:00,340.8,340.8,340.79,340.79,324.0
2026-07-20 10:05:00+00:00,340.7,340.7,340.7,340.7,400.0
2026-07-20 10:10:00+00:00,340.7,340.7,340.7,340.7,180.0
2026-07-20 10:45:00+00:00,340.89,340.89,340.89,340.89,179.0
2026-07-20 11:00:00+00:00,341.29,341.81,341.29,341.81,310.0
2026-07-20 11:10:00+00:00,341.28,341.28,341.28,341.28,79.0
2026-07-20 11:15:00+00:00,341.41,341.41,341.31,341.31,429.0
2026-07-20 11:25:00+00:00,341.3,341.3,341.3,341.3,222.0
2026-07-20 11:30:00+00:00,341.56,341.56,341.56,341.56,268.0
2026-07-20 11:45:00+00:00,341.81,341.81,341.81,341.81,358.0
2026-07-20 11:55:00+00:00,341.76,341.87,341.76,341.87,242.0
2026-07-20 12:00:00+00:00,341.87,341.88,341.51,341.51,364.0
2026-07-20 12:05:00+00:00,341.5498,341.5498,341.5498,341.5498,300.0
2026-07-20 12:10:00+00:00,341.41,341.5,341.41,341.5,823.0
2026-07-20 12:30:00+00:00,341.48,341.8684,341.47,341.5,555.0
2026-07-20 12:35:00+00:00,341.5,341.7641,341.5,341.7641,541.0
2026-07-20 12:40:00+00:00,341.45,341.45,341.45,341.45,181.0
2026-07-20 12:45:00+00:00,341.28,341.47,341.15,341.47,1925.0
2026-07-20 12:50:00+00:00,341.1458,341.43,341.1458,341.29,887.0
2026-07-20 12:55:00+00:00,341.45,341.45,341.3,341.3,404.0
2026-07-20 13:00:00+00:00,341.33,341.33,341.28,341.32,1172.0
2026-07-20 13:05:00+00:00,341.16,341.1796,341.12,341.12,553.0
2026-07-20 13:10:00+00:00,341.2,341.2184,340.77,340.77,566.0
2026-07-20 13:15:00+00:00,340.7825,340.96,340.7825,340.95,358.0
2026-07-20 13:20:00+00:00,340.81,340.93,340.65,340.9,1786.0
2026-07-20 13:25:00+00:00,341.2,342.19,341.2,342.19,3688.0
2026-07-20 13:30:00+00:00,341.8,344.26,341.8,342.915,198848.0
2026-07-20 13:35:00+00:00,342.89,344.12,342.3401,343.365,56413.0
2026-07-20 13:40:00+00:00,343.46,343.46,342.105,342.575,50540.0
2026-07-20 13:45:00+00:00,342.48,342.51,341.3,342.11,82837.0
2026-07-20 13:50:00+00:00,342.08,343.26,341.1501,341.215,63258.0
2026-07-20 13:55:00+00:00,341.22,341.92,340.975,341.85,64595.0
2026-07-20 14:00:00+00:00,341.86,342.94,341.86,342.315,76211.0
2026-07-20 14:05:00+00:00,342.315,342.38,340.665,340.925,77128.0
2026-07-20 14:10:00+00:00,340.93,341.605,340.63,341.42,69407.0
2026-07-20 14:15:00+00:00,341.55,341.97,340.885,341.06,33603.0
2026-07-20 14:20:00+00:00,340.99,341.0918,340.4675,340.965,49469.0
2026-07-20 14:25:00+00:00,341.02,341.033,340.11,340.11,46097.0
2026-07-20 14:30:00+00:00,340.13,340.13,339.4,339.4,61869.0
2026-07-20 14:35:00+00:00,339.41,339.99,338.85,339.94,65103.0
2026-07-20 14:40:00+00:00,339.94,340.25,339.72,340.005,72308.0
2026-07-20 14:45:00+00:00,340.0056,340.6199,339.92,340.545,299558.0
2026-07-20 14:50:00+00:00,340.475,340.95,340.1,340.115,57461.0
2026-07-20 14:55:00+00:00,340.12,340.37,339.98,340.34,37932.0
2026-07-20 15:00:00+00:00,340.36,340.6,340.0801,340.28,38744.0
2026-07-20 15:05:00+00:00,340.32,340.41,339.49,339.85,59035.0
2026-07-20 15:10:00+00:00,339.915,340.025,339.55,339.795,39402.0
2026-07-20 15:15:00+00:00,339.79,340.19,339.5,340.1,32586.0
2026-07-20 15:20:00+00:00,340.09,340.455,340.0,340.37,37473.0
2026-07-20 15:25:00+00:00,340.35,340.55,340.0812,340.22,144295.0
2026-07-20 15:30:00+00:00,340.185,340.5326,339.99,340.38,32046.0
2026-07-20 15:35:00+00:00,340.47,340.605,340.145,340.245,35491.0
2026-07-20 15:40:00+00:00,340.26,340.52,340.0,340.485,38993.0
2026-07-20 15:45:00+00:00,340.53,341.0,340.26,340.925,53774.0
2026-07-20 15:50:00+00:00,340.94,340.98,340.695,340.78,36670.0
2026-07-20 15:55:00+00:00,340.75,340.76,340.04,340.04,33200.0
2026-07-20 16:00:00+00:00,340.07,340.33,339.75,339.81,45357.0
2026-07-20 16:05:00+00:00,339.805,340.12,339.52,340.065,25945.0
2026-07-20 16:10:00+00:00,340.02,340.2721,339.95,340.26,24199.0
2026-07-20 16:15:00+00:00,340.2,340.38,339.93,340.26,151650.0
2026-07-20 16:20:00+00:00,340.255,340.67,340.19,340.55,200226.0
2026-07-20 16:25:00+00:00,340.6182,340.6182,340.1701,340.335,22910.0
2026-07-20 16:30:00+00:00,340.34,340.775,340.34,340.4899,33982.0
2026-07-20 16:35:00+00:00,340.435,340.6499,340.355,340.57,42669.0
2026-07-20 16:40:00+00:00,340.615,340.7383,339.97,340.3814,48324.0
2026-07-20 16:45:00+00:00,340.435,340.81,340.39,340.71,27106.0
2026-07-20 16:50:00+00:00,340.715,340.715,340.28,340.28,35313.0
2026-07-20 16:55:00+00:00,340.28,340.4399,339.815,339.89,24790.0
2026-07-20 17:00:00+00:00,339.81,340.345,339.77,339.915,36672.0
2026-07-20 17:05:00+00:00,339.915,340.18,339.6,340.18,41204.0
2026-07-20 17:10:00+00:00,340.18,340.315,339.92,340.03,30297.0
2026-07-20 17:15:00+00:00,340.03,340.06,339.67,339.69,39854.0
2026-07-20 17:20:00+00:00,339.745,339.89,339.34,339.38,32980.0
2026-07-20 17:25:00+00:00,339.37,339.39,339.15,339.315,39286.0
2026-07-20 17:30:00+00:00,339.405,339.45,339.0,339.32,29178.0
2026-07-20 17:35:00+00:00,339.315,339.4,338.91,338.91,319644.0
2026-07-20 17:40:00+00:00,338.925,339.3,338.7501,339.2,39193.0
2026-07-20 17:45:00+00:00,339.195,339.31,339.005,339.17,27668.0
2026-07-20 17:50:00+00:00,339.11,339.41,339.03,339.22,37629.0
2026-07-20 17:55:00+00:00,339.235,339.36,339.055,339.33,19689.0
2026-07-20 18:00:00+00:00,339.33,339.48,339.13,339.4,25220.0
2026-07-20 18:05:00+00:00,339.4,339.46,338.9447,339.085,39030.0
2026-07-20 18:10:00+00:00,339.04,339.41,338.9516,339.3,30844.0
2026-07-20 18:15:00+00:00,339.35,339.5999,339.255,339.36,34985.0
2026-07-20 18:20:00+00:00,339.375,339.58,339.2056,339.28,31353.0
2026-07-20 18:25:00+00:00,339.285,339.48,339.2,339.43,22906.0
2026-07-20 18:30:00+00:00,339.4,339.49,338.67,338.71,64824.0
2026-07-20 18:35:00+00:00,338.725,338.9,338.36,338.51,43057.0
2026-07-20 18:40:00+00:00,338.51,338.67,338.34,338.42,44160.0
2026-07-20 18:45:00+00:00,338.35,338.49,338.175,338.22,35631.0
2026-07-20 18:50:00+00:00,338.28,338.7,338.205,338.645,69073.0
2026-07-20 18:55:00+00:00,338.63,338.71,338.3556,338.57,36864.0
2026-07-20 19:00:00+00:00,338.62,338.62,338.17,338.365,37299.0
2026-07-20 19:05:00+00:00,338.365,338.38,338.07,338.32,44464.0
2026-07-20 19:10:00+00:00,338.369,338.44,337.6956,337.735,40224.0
2026-07-20 19:15:00+00:00,337.71,338.34,337.635,337.9173,50496.0
2026-07-20 19:20:00+00:00,337.895,338.03,337.69,337.715,444590.0
2026-07-20 19:25:00+00:00,337.6815,338.2281,337.37,338.12,113012.0
2026-07-20 19:30:00+00:00,338.17,338.4,338.01,338.345,60881.0
2026-07-20 19:35:00+00:00,338.345,338.4499,338.12,338.21,73289.0
2026-07-20 19:40:00+00:00,338.19,338.47,338.06,338.36,78523.0
2026-07-20 19:45:00+00:00,338.41,338.7,338.4,338.5727,100419.0
2026-07-20 19:50:00+00:00,338.53,338.7,338.15,338.36,148470.0
2026-07-20 19:55:00+00:00,338.35,339.04,338.09,338.89,356466.0
2026-07-20 20:00:00+00:00,338.87,338.87,338.73,338.87,2005524.0
2026-07-20 20:05:00+00:00,338.87,339.25,338.87,339.25,2809.0
2026-07-20 20:10:00+00:00,339.12,339.25,338.87,338.87,5355.0
2026-07-20 20:25:00+00:00,338.87,338.87,338.87,338.87,111.0
2026-07-20 20:30:00+00:00,338.87,338.87,338.87,338.87,207670.0
2026-07-20 20:50:00+00:00,338.9,339.0,338.9,339.0,273.0
2026-07-20 20:55:00+00:00,339.0387,339.0387,339.0387,339.0387,60.0
2026-07-20 21:00:00+00:00,339.22,339.22,339.22,339.22,430.0
2026-07-20 21:05:00+00:00,339.28,339.28,339.28,339.28,82.0
2026-07-20 21:10:00+00:00,339.02,339.04,339.0,339.0,3084.0
2026-07-20 21:15:00+00:00,338.9289,338.9289,338.9289,338.9289,43.0
2026-07-20 21:20:00+00:00,339.0,339.0,339.0,339.0,59.0
2026-07-20 21:25:00+00:00,338.88,338.88,338.88,338.88,121.0
2026-07-20 21:45:00+00:00,338.87,338.87,338.87,338.87,176.0
2026-07-20 22:00:00+00:00,339.01,339.01,338.8,338.8,293.0
2026-07-20 22:10:00+00:00,338.74,338.79,338.74,338.79,146.0
2026-07-20 22:15:00+00:00,338.7,338.7,338.7,338.7,207.0
2026-07-20 22:25:00+00:00,338.75,338.91,338.75,338.91,154.0
2026-07-20 22:30:00+00:00,338.99,339.0,338.99,339.0,351.0
2026-07-20 22:35:00+00:00,338.87,338.87,338.87,338.87,158.0
2026-07-20 22:40:00+00:00,338.77,338.77,338.77,338.77,108.0
2026-07-20 22:50:00+00:00,338.72,338.72,338.72,338.72,214.0
2026-07-20 22:55:00+00:00,338.73,338.73,338.5101,338.67,265.0
2026-07-20 23:05:00+00:00,338.51,338.7,338.51,338.7,297.0
2026-07-20 23:10:00+00:00,338.6,338.6,338.6,338.6,508.0
2026-07-20 23:20:00+00:00,338.85,338.85,338.85,338.85,262.0
2026-07-20 23:40:00+00:00,338.97,338.97,338.97,338.97,148.0
2026-07-20 23:45:00+00:00,338.9337,338.9337,338.9337,338.9337,60.0
2026-07-20 23:50:00+00:00,338.91,338.91,338.87,338.87,162.0
2026-07-21 08:00:00+00:00,339.4,339.57,339.1,339.1,709.0
2026-07-21 08:05:00+00:00,339.09,339.09,339.09,339.09,112.0
2026-07-21 08:30:00+00:00,339.06,339.08,339.06,339.08,248.0
2026-07-21 08:40:00+00:00,339.67,339.67,339.67,339.67,247.0
2026-07-21 08:45:00+00:00,339.87,339.87,339.87,339.87,148.0
2026-07-21 08:50:00+00:00,339.82,339.83,339.82,339.83,150.0
2026-07-21 09:05:00+00:00,339.18,339.18,339.07,339.07,214.0
2026-07-21 09:10:00+00:00,339.45,339.45,339.45,339.45,50.0
2026-07-21 09:55:00+00:00,339.17,339.17,339.17,339.17,100.0
2026-07-21 10:10:00+00:00,339.0,339.0,339.0,339.0,100.0
2026-07-21 10:45:00+00:00,339.02,339.2531,339.02,339.2531,1180.0
2026-07-21 10:50:00+00:00,339.2466,339.2466,339.2466,339.2466,1106.0
2026-07-21 11:00:00+00:00,338.65,338.65,338.63,338.63,403.0
2026-07-21 11:05:00+00:00,338.73,338.73,338.73,338.73,159.0
2026-07-21 11:15:00+00:00,338.663,338.663,338.663,338.663,107.0
2026-07-21 11:20:00+00:00,338.77,339.0,338.77,339.0,442.0
2026-07-21 11:25:00+00:00,338.85,338.85,338.85,338.85,308.0
2026-07-21 11:50:00+00:00,339.05,339.05,339.05,339.05,105.0
2026-07-21 12:00:00+00:00,339.0,339.0,338.85,338.85,239.0
2026-07-21 12:15:00+00:00,339.12,339.12,339.12,339.12,131.0
2026-07-21 12:20:00+00:00,338.85,338.86,338.85,338.85,769.0
2026-07-21 12:30:00+00:00,339.0,339.0,339.0,339.0,100.0
2026-07-21 12:40:00+00:00,339.05,339.05,339.05,339.05,258.0
2026-07-21 12:55:00+00:00,339.18,339.18,339.18,339.18,522.0
2026-07-21 13:00:00+00:00,338.88,339.096,338.88,339.096,229.0
2026-07-21 13:05:00+00:00,338.87,339.26,338.87,339.01,272.0
2026-07-21 13:10:00+00:00,339.2,339.48,339.2,339.4,874.0
2026-07-21 13:15:00+00:00,340.0,340.0,340.0,340.0,509.0
2026-07-21 13:20:00+00:00,339.9,340.0,339.9,339.9,1863.0
2026-07-21 13:25:00+00:00,339.09,340.15,339.0,340.15,723.0
2026-07-21 13:30:00+00:00,340.115,341.555,338.61,338.95,164762.0
2026-07-21 13:35:00+00:00,338.94,339.82,338.42,338.61,93577.0
2026-07-21 13:40:00+00:00,338.66,338.93,337.3,338.85,86522.0
2026-07-21 13:45:00+00:00,338.82,341.35,338.7,341.35,68756.0
2026-07-21 13:50:00+00:00,341.36,341.84,340.44,341.115,73799.0
2026-07-21 13:55:00+00:00,341.115,342.43,340.99,342.02,80478.0
2026-07-21 14:00:00+00:00,342.045,343.25,341.83,343.03,65797.0
2026-07-21 14:05:00+00:00,343.025,343.45,342.4,342.76,58309.0
2026-07-21 14:10:00+00:00,342.75,343.1,342.58,342.86,59794.0
2026-07-21 14:15:00+00:00,342.97,343.1299,342.4,342.88,50799.0
2026-07-21 14:20:00+00:00,342.88,343.0,342.58,342.75,49646.0
2026-07-21 14:25:00+00:00,342.69,342.835,342.1801,342.8299,60549.0
2026-07-21 14:30:00+00:00,342.58,343.45,342.46,343.07,67366.0
2026-07-21 14:35:00+00:00,343.01,343.15,342.16,342.23,36670.0
2026-07-21 14:40:00+00:00,342.33,342.69,342.02,342.5325,40899.0
2026-07-21 14:45:00+00:00,342.56,342.88,342.18,342.65,28123.0
2026-07-21 14:50:00+00:00,342.735,342.8299,342.06,342.17,20096.0
2026-07-21 14:55:00+00:00,342.19,342.5899,342.16,342.37,47135.0
2026-07-21 15:00:00+00:00,342.38,343.08,342.23,343.015,37936.0
2026-07-21 15:05:00+00:00,343.015,343.3599,342.7,343.175,35823.0
2026-07-21 15:10:00+00:00,343.18,343.2,342.7801,343.15,28403.0
2026-07-21 15:15:00+00:00,343.145,343.5393,343.0075,343.5393,31587.0
2026-07-21 15:20:00+00:00,343.48,343.835,342.91,343.07,42449.0
2026-07-21 15:25:00+00:00,343.115,343.2177,342.35,343.085,62042.0
2026-07-21 15:30:00+00:00,343.14,343.605,343.01,343.25,50748.0
2026-07-21 15:35:00+00:00,343.295,343.35,342.91,343.35,28653.0
2026-07-21 15:40:00+00:00,343.36,343.73,343.25,343.2901,45783.0
2026-07-21 15:45:00+00:00,343.29,343.6609,343.1601,343.6609,27491.0
2026-07-21 15:50:00+00:00,343.56,343.85,343.48,343.64,32440.0
2026-07-21 15:55:00+00:00,343.64,343.94,343.6,343.79,46974.0
2026-07-21 16:00:00+00:00,343.84,344.17,343.6586,344.145,31710.0
2026-07-21 16:05:00+00:00,344.19,344.48,344.0101,344.395,47911.0
2026-07-21 16:10:00+00:00,344.3975,344.545,344.25,344.4,23069.0
2026-07-21 16:15:00+00:00,344.45,345.09,344.45,344.935,57602.0
2026-07-21 16:20:00+00:00,344.9375,345.09,344.72,345.04,36328.0
2026-07-21 16:25:00+00:00,345.04,345.25,344.87,345.07,44624.0
2026-07-21 16:30:00+00:00,345.04,345.5899,344.92,345.4,39484.0
2026-07-21 16:35:00+00:00,345.4075,345.4311,344.97,345.36,45512.0
2026-07-21 16:40:00+00:00,345.36,345.735,345.28,345.445,49122.0
2026-07-21 16:45:00+00:00,345.41,345.43,345.07,345.29,35515.0
2026-07-21 16:50:00+00:00,345.25,345.6199,345.1546,345.61,38764.0
2026-07-21 16:55:00+00:00,345.57,345.62,345.25,345.25,38794.0
2026-07-21 17:00:00+00:00,345.275,345.41,344.96,345.11,33151.0
2026-07-21 17:05:00+00:00,345.12,345.41,345.07,345.28,26738.0
2026-07-21 17:10:00+00:00,345.26,345.34,345.0,345.2194,28567.0
2026-07-21 17:15:00+00:00,345.19,345.265,345.0,345.19,30414.0
2026-07-21 17:20:00+00:00,345.175,345.22,344.84,345.16,45898.0
2026-07-21 17:25:00+00:00,345.115,345.25,344.9,344.91,26341.0
2026-07-21 17:30:00+00:00,344.8772,345.16,344.725,345.0,30222.0
2026-07-21 17:35:00+00:00,345.035,345.25,344.99,345.0301,24866.0
2026-07-21 17:40:00+00:00,345.03,345.18,344.85,344.935,19343.0
2026-07-21 17:45:00+00:00,344.93,345.09,344.86,345.0,24003.0
2026-07-21 17:50:00+00:00,345.04,345.46,344.9201,345.18,28334.0
2026-07-21 17:55:00+00:00,345.18,345.26,344.73,344.92,37827.0
2026-07-21 18:00:00+00:00,344.98,345.09,344.7001,344.985,34718.0
2026-07-21 18:05:00+00:00,344.98,345.16,344.6347,345.16,25515.0
2026-07-21 18:10:00+00:00,345.1647,345.21,344.715,344.75,28528.0
2026-07-21 18:15:00+00:00,344.79,345.0041,344.63,344.8401,24160.0
2026-07-21 18:20:00+00:00,344.875,345.08,344.86,344.87,24148.0
2026-07-21 18:25:00+00:00,344.855,345.11,344.66,345.08,31776.0
2026-07-21 18:30:00+00:00,345.08,345.125,344.84,344.96,28081.0
2026-07-21 18:35:00+00:00,344.89,345.09,344.6897,344.91,35466.0
2026-07-21 18:40:00+00:00,344.88,344.9999,344.69,344.905,21496.0
2026-07-21 18:45:00+00:00,344.905,345.0425,344.7,344.94,24389.0
2026-07-21 18:50:00+00:00,344.94,345.09,344.92,344.99,33068.0
2026-07-21 18:55:00+00:00,345.055,345.21,344.97,345.03,25236.0
2026-07-21 19:00:00+00:00,345.04,345.1799,344.835,345.08,17265.0
2026-07-21 19:05:00+00:00,345.03,345.23,344.74,344.74,28671.0
2026-07-21 19:10:00+00:00,344.74,344.81,344.54,344.618,31543.0
2026-07-21 19:15:00+00:00,344.63,344.72,344.27,344.35,357182.0
2026-07-21 19:20:00+00:00,344.315,344.41,344.19,344.2399,36431.0
2026-07-21 19:25:00+00:00,344.215,344.4,344.17,344.39,40592.0
2026-07-21 19:30:00+00:00,344.32,344.44,344.03,344.27,57031.0
2026-07-21 19:35:00+00:00,344.265,344.44,344.17,344.34,56949.0
2026-07-21 19:40:00+00:00,344.33,344.56,344.13,344.54,55148.0
2026-07-21 19:45:00+00:00,344.51,344.6,344.1,344.3,65803.0
2026-07-21 19:50:00+00:00,344.33,344.47,344.05,344.085,106149.0
2026-07-21 19:55:00+00:00,344.13,345.22,344.13,345.17,317354.0
2026-07-21 20:00:00+00:00,345.1,345.23,344.06,344.06,1448593.0
2026-07-21 20:05:00+00:00,345.21,345.21,345.21,345.21,102.0
2026-07-21 20:10:00+00:00,345.27,345.41,345.17,345.41,360.0
2026-07-21 20:15:00+00:00,345.1635,345.1635,345.1635,345.1635,57.0
2026-07-21 20:20:00+00:00,345.23,345.23,345.23,345.23,21801.0
2026-07-21 20:25:00+00:00,345.23,345.23,345.22,345.22,240.0
2026-07-21 20:35:00+00:00,344.5609,344.8,344.5609,344.8,316.0
2026-07-21 20:40:00+00:00,345.23,345.23,345.23,345.23,24003.0
2026-07-21 20:45:00+00:00,344.44,344.44,344.44,344.44,101.0
2026-07-21 20:50:00+00:00,345.0,345.0,345.0,345.0,180.0
2026-07-21 20:55:00+00:00,345.0,345.0,345.0,345.0,50.0
2026-07-21 21:20:00+00:00,344.51,344.51,344.51,344.51,100.0
2026-07-21 21:35:00+00:00,345.0,345.0,345.0,345.0,96.0
2026-07-21 21:55:00+00:00,345.18,345.2,345.18,345.2,166.0
2026-07-21 22:10:00+00:00,345.01,345.01,345.0,345.0,109.0
2026-07-21 22:15:00+00:00,345.0,345.0,345.0,345.0,65.0
2026-07-21 22:50:00+00:00,345.19,345.19,345.19,345.19,51.0
2026-07-21 22:55:00+00:00,345.4,345.4,345.4,345.4,70.0
2026-07-21 23:25:00+00:00,345.0704,345.3396,345.0704,345.3396,216.0
2026-07-21 23:30:00+00:00,345.0613,345.0613,345.01,345.01,131.0
2026-07-21 23:40:00+00:00,345.2,345.2,345.2,345.2,104.0
2026-07-21 23:50:00+00:00,345.2272,345.2272,345.2272,345.2272,200.0
2026-07-22 08:00:00+00:00,344.23,344.23,344.06,344.06,427.0
2026-07-22 09:15:00+00:00,343.43,343.43,343.43,343.43,40.0
2026-07-22 09:20:00+00:00,344.62,344.62,344.45,344.45,797.0
2026-07-22 09:30:00+00:00,344.27,344.27,344.1,344.1,610.0
2026-07-22 09:55:00+00:00,344.24,344.24,344.0,344.0,309.0
2026-07-22 11:05:00+00:00,344.72,344.72,344.72,344.72,130.0
2026-07-22 11:10:00+00:00,345.1,345.1,344.5,344.5,325.0
2026-07-22 11:25:00+00:00,344.5,344.5,344.5,344.5,124.0
2026-07-22 11:30:00+00:00,344.24,344.66,344.24,344.51,187.0
2026-07-22 11:40:00+00:00,345.0,345.0,344.52,344.52,611.0
2026-07-22 11:45:00+00:00,344.85,344.85,344.84,344.85,156.0
2026-07-22 12:00:00+00:00,345.23,345.23,345.23,345.23,235231.0
2026-07-22 12:15:00+00:00,344.94,344.94,344.94,344.94,334.0
2026-07-22 12:30:00+00:00,345.2,345.4,345.2,345.4,772.0
2026-07-22 12:40:00+00:00,345.1248,345.1248,345.1248,345.1248,100.0
2026-07-22 12:45:00+00:00,345.8,345.81,345.8,345.81,406.0
2026-07-22 12:50:00+00:00,345.65,345.65,345.65,345.65,155.0
2026-07-22 12:55:00+00:00,345.0,345.0,345.0,345.0,85.0
2026-07-22 13:05:00+00:00,345.57,345.57,345.55,345.55,200.0
2026-07-22 13:10:00+00:00,345.91,345.91,345.91,345.91,53.0
2026-07-22 13:20:00+00:00,345.98,346.15,345.98,346.15,871.0
2026-07-22 13:25:00+00:00,346.44,346.5,345.92,346.13,1264.0
2026-07-22 13:30:00+00:00,345.07,346.75,344.2501,345.38,166100.0
2026-07-22 13:35:00+00:00,345.66,346.08,344.91,345.06,84333.0
2026-07-22 13:40:00+00:00,345.0953,346.13,344.83,346.04,75398.0
2026-07-22 13:45:00+00:00,346.04,347.07,345.75,345.99,91188.0
2026-07-22 13:50:00+00:00,345.99,346.74,345.9089,346.095,58104.0
2026-07-22 13:55:00+00:00,346.17,347.095,346.0003,346.625,90927.0
2026-07-22 14:00:00+00:00,346.625,346.81,345.98,346.41,95280.0
2026-07-22 14:05:00+00:00,346.32,346.4,345.05,345.91,49507.0
2026-07-22 14:10:00+00:00,345.855,345.94,345.31,345.46,55395.0
2026-07-22 14:15:00+00:00,345.465,345.93,345.27,345.31,45416.0
2026-07-22 14:20:00+00:00,345.435,345.9995,345.28,345.72,50459.0
2026-07-22 14:25:00+00:00,345.8,346.75,345.65,346.38,79304.0
2026-07-22 14:30:00+00:00,346.37,346.95,346.31,346.415,39441.0
2026-07-22 14:35:00+00:00,346.5,346.799,345.79,346.799,46709.0
2026-07-22 14:40:00+00:00,346.8,347.36,346.59,347.16,49234.0
2026-07-22 14:45:00+00:00,347.1816,347.575,347.02,347.12,54719.0
2026-07-22 14:50:00+00:00,347.12,347.27,346.51,346.61,44187.0
2026-07-22 14:55:00+00:00,346.47,346.6799,346.06,346.355,39928.0
2026-07-22 15:00:00+00:00,346.35,346.82,346.06,346.78,31671.0
2026-07-22 15:05:00+00:00,346.71,346.85,346.34,346.78,61932.0
2026-07-22 15:10:00+00:00,346.81,347.03,346.515,346.855,49893.0
2026-07-22 15:15:00+00:00,346.855,347.35,346.63,347.23,65933.0
2026-07-22 15:20:00+00:00,347.3999,347.93,347.14,347.75,64375.0
2026-07-22 15:25:00+00:00,347.72,348.59,347.62,348.445,68799.0
2026-07-22 15:30:00+00:00,348.33,348.55,348.03,348.38,67184.0
2026-07-22 15:35:00+00:00,348.45,348.48,347.98,348.265,45329.0
2026-07-22 15:40:00+00:00,348.275,348.39,347.88,348.02,41267.0
2026-07-22 15:45:00+00:00,348.09,348.54,347.98,348.34,38153.0
2026-07-22 15:50:00+00:00,348.335,348.34,347.92,348.22,32006.0
2026-07-22 15:55:00+00:00,348.21,348.51,348.12,348.48,39229.0
2026-07-22 16:00:00+00:00,348.48,348.62,348.37,348.59,49633.0
2026-07-22 16:05:00+00:00,348.57,348.75,348.37,348.515,40813.0
2026-07-22 16:10:00+00:00,348.5187,348.97,348.5187,348.85,38757.0
2026-07-22 16:15:00+00:00,348.85,348.89,348.3505,348.62,34111.0
2026-07-22 16:20:00+00:00,348.625,348.9,348.485,348.825,36320.0
2026-07-22 16:25:00+00:00,348.825,348.9,348.69,348.735,36424.0
2026-07-22 16:30:00+00:00,348.735,348.85,348.55,348.775,35824.0
2026-07-22 16:35:00+00:00,348.775,349.07,348.7021,349.01,38819.0
2026-07-22 16:40:00+00:00,349.03,349.07,348.79,348.79,32533.0
2026-07-22 16:45:00+00:00,348.79,348.97,348.6,348.61,35899.0
2026-07-22 16:50:00+00:00,348.61,348.68,348.38,348.48,28515.0
2026-07-22 16:55:00+00:00,348.3601,348.61,348.23,348.38,30465.0
2026-07-22 17:00:00+00:00,348.38,348.41,348.0,348.165,38480.0
2026-07-22 17:05:00+00:00,348.1,348.19,347.76,347.76,26856.0
2026-07-22 17:10:00+00:00,347.805,347.8986,347.47,347.595,34251.0
2026-07-22 17:15:00+00:00,347.53,347.8821,347.45,347.6652,27346.0
2026-07-22 17:20:00+00:00,347.67,347.69,347.24,347.28,47700.0
2026-07-22 17:25:00+00:00,347.285,347.42,346.86,346.93,38412.0
2026-07-22 17:30:00+00:00,346.8604,347.41,346.78,347.334,37056.0
2026-07-22 17:35:00+00:00,347.3,347.505,347.18,347.355,27190.0
2026-07-22 17:40:00+00:00,347.3,347.83,347.18,347.71,29104.0
2026-07-22 17:45:00+00:00,347.705,347.77,347.55,347.765,30557.0
2026-07-22 17:50:00+00:00,347.7591,347.95,347.74,347.78,39953.0
2026-07-22 17:55:00+00:00,347.75,348.09,347.6301,347.795,30443.0
2026-07-22 18:00:00+00:00,347.83,348.04,347.31,347.3975,79760.0
2026-07-22 18:05:00+00:00,347.37,347.62,347.34,347.43,27631.0
2026-07-22 18:10:00+00:00,347.395,347.5099,347.28,347.305,27050.0
2026-07-22 18:15:00+00:00,347.305,347.53,347.22,347.25,44911.0
2026-07-22 18:20:00+00:00,347.25,347.315,347.0601,347.105,28127.0
2026-07-22 18:25:00+00:00,347.105,347.18,347.01,347.15,23145.0
2026-07-22 18:30:00+00:00,347.14,347.3499,347.06,347.195,53714.0
2026-07-22 18:35:00+00:00,347.16,347.29,347.0801,347.2012,21712.0
2026-07-22 18:40:00+00:00,347.2074,347.32,346.93,347.08,34789.0
2026-07-22 18:45:00+00:00,347.14,347.33,346.97,347.14,32292.0
2026-07-22 18:50:00+00:00,347.23,347.54,347.1301,347.535,132538.0
2026-07-22 18:55:00+00:00,347.46,347.7449,347.41,347.685,29757.0
2026-07-22 19:00:00+00:00,347.685,347.98,347.631,347.9262,51601.0
2026-07-22 19:05:00+00:00,347.93,347.9645,347.49,347.49,42687.0
2026-07-22 19:10:00+00:00,347.466,347.81,347.16,347.74,47738.0
2026-07-22 19:15:00+00:00,347.75,348.05,347.605,348.05,154998.0
2026-07-22 19:20:00+00:00,348.0201,348.06,347.63,347.71,73721.0
2026-07-22 19:25:00+00:00,347.75,347.79,347.53,347.61,50556.0
2026-07-22 19:30:00+00:00,347.59,348.11,347.48,348.085,57521.0
2026-07-22 19:35:00+00:00,348.085,348.5,348.085,348.38,79793.0
2026-07-22 19:40:00+00:00,348.36,348.6,348.18,348.22,67985.0
2026-07-22 19:45:00+00:00,348.22,348.4061,347.97,348.015,79626.0
2026-07-22 19:50:00+00:00,347.97,348.87,347.97,348.505,171373.0
2026-07-22 19:55:00+00:00,348.4875,348.92,348.26,348.32,414204.0
2026-07-22 20:00:00+00:00,348.21,348.8993,348.21,348.8993,3043358.0
2026-07-22 20:05:00+00:00,348.77,348.77,348.6,348.6,177.0
2026-07-22 20:10:00+00:00,348.06,348.1521,348.06,348.1521,197.0
2026-07-22 20:15:00+00:00,348.79,348.9,348.79,348.9,6181.0
2026-07-22 20:20:00+00:00,348.43,348.43,348.43,348.43,96.0
2026-07-22 20:25:00+00:00,348.302,348.43,348.3,348.43,455.0
2026-07-22 20:30:00+00:00,348.35,348.43,348.3,348.43,329.0
2026-07-22 20:35:00+00:00,348.21,348.42,348.21,348.42,4848.0
2026-07-22 20:50:00+00:00,348.34,348.34,348.33,348.33,335.0
2026-07-22 20:55:00+00:00,348.7842,348.7842,348.36,348.36,913.0
2026-07-22 21:00:00+00:00,348.88,348.88,348.88,348.88,61.0
2026-07-22 21:05:00+00:00,348.56,348.56,348.56,348.56,214.0
2026-07-22 21:10:00+00:00,348.51,348.51,348.45,348.51,441.0
2026-07-22 21:15:00+00:00,348.49,348.85,348.49,348.85,3116.0
2026-07-22 21:30:00+00:00,348.99,349.0,348.93,349.0,672.0
2026-07-22 21:35:00+00:00,348.61,348.8,348.6,348.8,784.0
2026-07-22 21:40:00+00:00,348.72,348.72,348.72,348.72,154.0
2026-07-22 21:45:00+00:00,348.66,348.66,348.66,348.66,40.0
2026-07-22 21:55:00+00:00,348.76,348.76,348.6343,348.6343,682.0
2026-07-22 22:05:00+00:00,348.53,348.79,348.53,348.79,1679.0
2026-07-22 22:15:00+00:00,348.83,348.83,348.83,348.83,219.0
2026-07-22 22:20:00+00:00,348.8383,348.8383,348.8383,348.8383,52.0
2026-07-22 22:25:00+00:00,348.4074,348.4074,348.4074,348.4074,63.0
2026-07-22 22:30:00+00:00,348.65,348.786,348.51,348.786,301.0
2026-07-22 22:50:00+00:00,348.61,348.61,348.61,348.61,172.0
2026-07-22 23:10:00+00:00,348.86,348.86,348.86,348.86,105.0
2026-07-22 23:20:00+00:00,348.65,348.65,348.65,348.65,203.0
2026-07-22 23:30:00+00:00,348.7783,348.7783,348.6,348.6,1105.0
2026-07-22 23:35:00+00:00,348.7794,349.0,348.7794,348.91,2127.0
2026-07-22 23:40:00+00:00,349.0,349.0,349.0,349.0,103.0
2026-07-22 23:45:00+00:00,348.8,349.0,348.8,349.0,186.0
2026-07-22 23:50:00+00:00,348.88,348.88,348.88,348.88,101.0
2026-07-22 23:55:00+00:00,348.95,348.95,348.66,348.66,321.0
2026-07-23 08:00:00+00:00,349.2,349.68,348.74,349.0,2556.0
2026-07-23 08:20:00+00:00,349.67,349.68,349.65,349.65,537.0
2026-07-23 08:30:00+00:00,349.67,349.67,349.67,349.67,40.0
2026-07-23 08:50:00+00:00,349.8,349.84,349.8,349.84,197.0
2026-07-23 09:00:00+00:00,349.94,349.95,349.94,349.95,165.0
2026-07-23 10:05:00+00:00,349.4,349.4,349.4,349.4,514.0
2026-07-23 10:10:00+00:00,349.59,349.6,349.59,349.59,834.0
2026-07-23 10:15:00+00:00,349.6,349.6,349.6,349.6,208.0
2026-07-23 10:30:00+00:00,349.69,349.69,349.68,349.68,468.0
2026-07-23 10:40:00+00:00,349.71,349.91,349.71,349.77,773.0
2026-07-23 10:55:00+00:00,349.75,350.83,349.75,350.83,1221.0
2026-07-23 11:00:00+00:00,350.37,350.51,350.22,350.51,979.0
2026-07-23 11:10:00+00:00,350.7494,350.7494,350.32,350.51,770.0
2026-07-23 11:15:00+00:00,350.4261,350.7433,350.4261,350.7079,658.0
2026-07-23 11:20:00+00:00,350.65,350.65,350.23,350.23,646.0
2026-07-23 11:30:00+00:00,349.99,350.0,349.99,350.0,284.0
2026-07-23 11:35:00+00:00,349.62,349.62,349.62,349.62,257.0
2026-07-23 11:45:00+00:00,349.52,349.52,349.49,349.5,1404.0
2026-07-23 11:50:00+00:00,349.7,349.7,349.66,349.66,326.0
2026-07-23 11:55:00+00:00,349.9621,349.9621,349.9621,349.9621,171.0
2026-07-23 12:10:00+00:00,349.8051,349.8051,349.55,349.55,267.0
2026-07-23 12:15:00+00:00,349.21,349.52,349.21,349.52,775.0
2026-07-23 12:20:00+00:00,349.06,349.52,349.02,349.22,1793.0
2026-07-23 12:25:00+00:00,349.23,349.52,349.22,349.25,832.0
2026-07-23 12:30:00+00:00,349.35,349.39,349.33,349.33,352.0
2026-07-23 12:35:00+00:00,349.22,349.6,348.91,349.12,1733.0
2026-07-23 12:40:00+00:00,348.92,349.0,348.4133,348.4133,4203.0
2026-07-23 12:45:00+00:00,348.8,348.8,348.33,348.59,1230.0
2026-07-23 12:50:00+00:00,348.6,349.0,348.43,348.43,649.0
2026-07-23 12:55:00+00:00,348.8626,348.8626,348.42,348.42,8965.0
2026-07-23 13:00:00+00:00,348.24,348.24,347.64,348.11,1803.0
2026-07-23 13:05:00+00:00,348.4864,348.4864,347.55,347.62,838.0
2026-07-23 13:10:00+00:00,347.82,347.82,347.1,347.1,4060.0
2026-07-23 13:15:00+00:00,347.49,347.49,347.21,347.21,352.0
2026-07-23 13:20:00+00:00,347.18,347.2,347.1,347.1,354.0
2026-07-23 13:25:00+00:00,346.75,347.8,346.75,347.8,1695.0
2026-07-23 13:30:00+00:00,346.58,348.88,346.3,347.81,233237.0
2026-07-23 13:35:00+00:00,348.065,349.23,347.26,348.18,102503.0
2026-07-23 13:40:00+00:00,348.1011,348.375,347.38,347.75,59478.0
2026-07-23 13:45:00+00:00,347.74,347.95,346.24,346.38,78459.0
2026-07-23 13:50:00+00:00,346.4,346.8,345.5001,346.24,103516.0
2026-07-23 13:55:00+00:00,346.445,346.72,345.66,346.035,63002.0
2026-07-23 14:00:00+00:00,346.04,346.67,345.88,346.43,67797.0
2026-07-23 14:05:00+00:00,346.39,346.46,345.42,345.69,87225.0
2026-07-23 14:10:00+00:00,345.685,346.74,345.58,346.49,73027.0
2026-07-23 14:15:00+00:00,346.5,348.0,346.35,347.24,95056.0
2026-07-23 14:20:00+00:00,347.3699,347.49,346.48,347.165,42740.0
2026-07-23 14:25:00+00:00,347.03,347.38,346.7,347.3,34501.0
2026-07-23 14:30:00+00:00,347.34,348.07,346.93,348.07,42634.0
2026-07-23 14:35:00+00:00,347.8729,349.08,347.87,348.97,81574.0
2026-07-23 14:40:00+00:00,348.97,349.13,348.41,348.645,68563.0
2026-07-23 14:45:00+00:00,348.645,349.12,348.38,348.96,45491.0
2026-07-23 14:50:00+00:00,348.8,349.2,348.0,348.415,36779.0
2026-07-23 14:55:00+00:00,348.415,348.6,348.21,348.545,43225.0
2026-07-23 15:00:00+00:00,348.545,348.62,348.0405,348.33,31874.0
2026-07-23 15:05:00+00:00,348.345,348.38,347.28,348.1,108290.0
2026-07-23 15:10:00+00:00,348.105,348.36,347.55,347.9,43011.0
2026-07-23 15:15:00+00:00,347.8545,348.1,347.71,347.82,48816.0
2026-07-23 15:20:00+00:00,347.82,347.8201,347.17,347.56,64413.0
2026-07-23 15:25:00+00:00,347.515,347.65,347.1284,347.4,151601.0
2026-07-23 15:30:00+00:00,347.2801,347.425,346.67,346.9078,55800.0
2026-07-23 15:35:00+00:00,346.97,348.0799,346.84,348.0799,46265.0
2026-07-23 15:40:00+00:00,348.08,348.3,347.52,347.525,27338.0
2026-07-23 15:45:00+00:00,347.63,347.885,347.09,347.87,43619.0
2026-07-23 15:50:00+00:00,347.8,347.8647,347.2,347.36,18789.0
2026-07-23 15:55:00+00:00,347.36,347.64,347.1493,347.4601,30494.0
2026-07-23 16:00:00+00:00,347.54,347.84,347.26,347.315,44108.0
2026-07-23 16:05:00+00:00,347.31,347.85,347.31,347.75,29260.0
2026-07-23 16:10:00+00:00,347.755,348.04,347.58,347.96,27160.0
2026-07-23 16:15:00+00:00,348.04,348.24,347.8,347.99,21523.0
2026-07-23 16:20:00+00:00,348.0699,348.42,347.91,348.2,29024.0
2026-07-23 16:25:00+00:00,348.26,348.67,348.1605,348.1605,22522.0
2026-07-23 16:30:00+00:00,348.19,348.2829,347.935,347.97,41467.0
2026-07-23 16:35:00+00:00,348.015,348.115,347.665,348.115,27939.0
2026-07-23 16:40:00+00:00,348.0701,348.145,347.8,347.82,33758.0
2026-07-23 16:45:00+00:00,347.82,347.975,347.67,347.6701,28054.0
2026-07-23 16:50:00+00:00,347.67,348.0,347.57,347.795,23457.0
2026-07-23 16:55:00+00:00,347.825,347.97,347.685,347.87,21669.0
2026-07-23 17:00:00+00:00,347.91,348.32,347.895,347.895,24376.0
2026-07-23 17:05:00+00:00,347.9805,348.11,347.765,348.11,24286.0
2026-07-23 17:10:00+00:00,348.14,348.24,347.83,347.855,18281.0
2026-07-23 17:15:00+00:00,347.86,348.46,347.81,348.29,24071.0
2026-07-23 17:20:00+00:00,348.285,348.7,348.2801,348.7,32308.0
2026-07-23 17:25:00+00:00,348.815,348.86,348.435,348.545,25801.0
2026-07-23 17:30:00+00:00,348.5375,348.62,347.83,347.85,37452.0
2026-07-23 17:35:00+00:00,347.8101,347.9199,347.4,347.43,40827.0
2026-07-23 17:40:00+00:00,347.38,347.83,347.35,347.82,28656.0
2026-07-23 17:45:00+00:00,347.74,348.02,347.69,347.94,25315.0
2026-07-23 17:50:00+00:00,347.87,347.9421,347.6801,347.82,23321.0
2026-07-23 17:55:00+00:00,347.84,347.84,347.5301,347.57,25854.0
2026-07-23 18:00:00+00:00,347.57,347.57,347.02,347.2299,42169.0
2026-07-23 18:05:00+00:00,347.13,347.33,346.99,347.225,26179.0
2026-07-23 18:10:00+00:00,347.22,347.64,347.21,347.2801,59208.0
2026-07-23 18:15:00+00:00,347.31,347.8099,347.3,347.465,24389.0
2026-07-23 18:20:00+00:00,347.46,347.58,347.2894,347.51,33337.0
2026-07-23 18:25:00+00:00,347.515,347.97,347.4,347.895,44488.0
2026-07-23 18:30:00+00:00,347.89,348.0499,347.75,347.95,27602.0
2026-07-23 18:35:00+00:00,347.915,347.98,347.651,347.82,24324.0
2026-07-23 18:40:00+00:00,347.82,347.92,347.53,347.86,23768.0
2026-07-23 18:45:00+00:00,347.85,348.105,347.81,348.07,30625.0
2026-07-23 18:50:00+00:00,348.11,348.1199,347.785,347.8158,24388.0
2026-07-23 18:55:00+00:00,347.74,348.075,347.72,347.91,58239.0
2026-07-23 19:00:00+00:00,347.91,348.41,347.84,348.12,29815.0
2026-07-23 19:05:00+00:00,348.11,348.5,348.0,348.145,46834.0
2026-07-23 19:10:00+00:00,348.1,348.485,348.007,348.36,41483.0
2026-07-23 19:15:00+00:00,348.34,348.725,348.27,348.64,50321.0
2026-07-23 19:20:00+00:00,348.64,348.76,348.34,348.63,89162.0
2026-07-23 19:25:00+00:00,348.685,349.19,348.52,348.83,60763.0
2026-07-23 19:30:00+00:00,348.78,348.95,348.19,348.4,45320.0
2026-07-23 19:35:00+00:00,348.3,348.82,348.3,348.75,55683.0
2026-07-23 19:40:00+00:00,348.75,348.91,348.6,348.64,60339.0
2026-07-23 19:45:00+00:00,348.6,348.63,348.195,348.525,87793.0
2026-07-23 19:50:00+00:00,348.555,348.95,348.36,348.5499,130252.0
2026-07-23 19:55:00+00:00,348.45,349.92,348.36,349.66,514020.0
2026-07-23 20:00:00+00:00,349.66,349.9,349.65,349.9,2284475.0
2026-07-23 20:05:00+00:00,349.12,349.9,349.03,349.66,4006201.0
2026-07-23 20:10:00+00:00,349.66,349.66,349.66,349.66,353.0
2026-07-23 20:15:00+00:00,349.56,349.56,349.4651,349.49,705.0
2026-07-23 20:20:00+00:00,349.55,349.66,349.5,349.66,2035.0
2026-07-23 20:25:00+00:00,349.5203,349.6,349.5,349.6,335.0
2026-07-23 20:30:00+00:00,349.4636,349.9,349.4636,349.66,10781.0
2026-07-23 20:35:00+00:00,349.6259,349.66,349.6259,349.66,374.0
2026-07-23 20:50:00+00:00,349.49,349.49,349.49,349.49,350.0
2026-07-23 21:00:00+00:00,349.4758,349.4758,349.4758,349.4758,40.0
2026-07-23 21:10:00+00:00,349.4645,349.4645,349.4645,349.4645,111.0
2026-07-23 21:15:00+00:00,349.46,349.46,349.46,349.46,168.0
2026-07-23 21:25:00+00:00,349.47,349.47,349.45,349.45,178.0
2026-07-23 21:40:00+00:00,349.5,349.5,349.5,349.5,62.0
2026-07-23 21:50:00+00:00,349.5,349.5,349.5,349.5,100.0
2026-07-23 21:55:00+00:00,349.63,349.63,349.63,349.63,177.0
2026-07-23 22:10:00+00:00,349.5,349.5,349.5,349.5,211.0
2026-07-23 22:15:00+00:00,349.5,349.5,349.5,349.5,131.0
2026-07-23 22:20:00+00:00,349.4546,349.4546,349.4546,349.4546,122.0
2026-07-23 22:25:00+00:00,349.7,349.7,349.7,349.7,2977.0
2026-07-23 22:30:00+00:00,349.63,349.63,349.4535,349.4535,250.0
2026-07-23 22:35:00+00:00,349.55,349.55,349.55,349.55,213.0
2026-07-23 22:40:00+00:00,349.55,349.55,349.55,349.55,57.0
2026-07-23 23:05:00+00:00,349.52,349.52,349.52,349.52,214.0
2026-07-23 23:25:00+00:00,349.52,349.52,349.52,349.52,200.0
2026-07-23 23:30:00+00:00,349.68,349.68,349.68,349.68,147.0
2026-07-23 23:50:00+00:00,349.72,349.72,349.7,349.7,1636.0
2026-07-24 08:00:00+00:00,351.3295,351.33,350.11,350.5,4045.0
2026-07-24 08:15:00+00:00,350.88,350.88,350.88,350.88,144.0
2026-07-24 08:20:00+00:00,350.99,350.99,350.99,350.99,180.0
2026-07-24 09:00:00+00:00,350.85,350.89,350.85,350.89,550.0
2026-07-24 09:40:00+00:00,351.84,351.84,351.84,351.84,253.0
2026-07-24 10:05:00+00:00,351.3,351.3,351.28,351.28,231.0
2026-07-24 10:35:00+00:00,350.87,350.88,350.84,350.84,528.0
2026-07-24 10:45:00+00:00,350.85,350.85,350.85,350.85,100.0
2026-07-24 10:50:00+00:00,351.7,351.7,351.7,351.7,105.0
2026-07-24 11:00:00+00:00,350.86,351.2,350.85,351.2,1654.0
2026-07-24 11:05:00+00:00,351.035,351.035,351.035,351.035,252.0
2026-07-24 11:10:00+00:00,351.08,351.08,351.08,351.08,59.0
2026-07-24 11:15:00+00:00,351.06,351.06,351.06,351.06,91.0
2026-07-24 11:20:00+00:00,351.08,351.08,351.08,351.08,60.0
2026-07-24 11:25:00+00:00,350.9204,350.9204,350.9204,350.9204,56.0
2026-07-24 11:45:00+00:00,350.7,350.78,350.7,350.78,285.0
2026-07-24 11:50:00+00:00,350.72,350.78,350.72,350.78,217.0
2026-07-24 11:55:00+00:00,350.8528,351.24,350.8528,351.24,1803.0
2026-07-24 12:00:00+00:00,351.0,351.0,351.0,351.0,113.0
2026-07-24 12:15:00+00:00,351.24,351.37,351.0,351.37,1080.0
2026-07-24 12:30:00+00:00,351.68,351.68,351.12,351.12,223.0
2026-07-24 12:55:00+00:00,351.02,351.02,350.98,350.98,193.0
2026-07-24 13:00:00+00:00,350.75,350.75,350.75,350.75,207.0
2026-07-24 13:05:00+00:00,351.1209,351.3,351.1209,351.3,205.0
2026-07-24 13:10:00+00:00,350.99,350.99,350.99,350.99,413.0
2026-07-24 13:15:00+00:00,350.98,350.98,350.95,350.95,249.0
2026-07-24 13:20:00+00:00,351.158,351.158,351.158,351.158,46.0
2026-07-24 13:25:00+00:00,350.67,350.67,350.29,350.3,565.0
2026-07-24 13:30:00+00:00,350.64,350.64,348.13,348.32,199407.0
2026-07-24 13:35:00+00:00,348.385,349.05,347.5,348.34,71766.0
2026-07-24 13:40:00+00:00,348.53,349.74,348.35,349.55,66313.0
2026-07-24 13:45:00+00:00,349.53,350.3,349.46,350.085,117447.0
2026-07-24 13:50:00+00:00,350.057,350.15,348.55,349.38,69445.0
2026-07-24 13:55:00+00:00,349.475,350.4289,348.83,350.35,61102.0
2026-07-24 14:00:00+00:00,350.4444,350.66,349.66,349.9812,54118.0
2026-07-24 14:05:00+00:00,349.89,350.26,349.58,350.165,45170.0
2026-07-24 14:10:00+00:00,350.16,350.6,349.9,350.29,38801.0
2026-07-24 14:15:00+00:00,350.295,350.6499,349.81,350.4999,41854.0
2026-07-24 14:20:00+00:00,350.5,350.95,350.28,350.345,43881.0
2026-07-24 14:25:00+00:00,350.42,350.49,350.02,350.05,49761.0
2026-07-24 14:30:00+00:00,350.105,350.51,349.85,350.2,60248.0
2026-07-24 14:35:00+00:00,350.275,350.54,350.115,350.47,30354.0
2026-07-24 14:40:00+00:00,350.37,350.57,349.61,349.6675,42103.0
2026-07-24 14:45:00+00:00,349.58,350.5,349.45,350.475,1222814.0
2026-07-24 14:50:00+00:00,350.445,350.95,349.81,350.79,72738.0
2026-07-24 14:55:00+00:00,350.74,351.6295,350.64,351.49,76951.0
2026-07-24 15:00:00+00:00,351.57,351.885,351.3601,351.7899,52544.0
2026-07-24 15:05:00+00:00,351.7438,351.93,351.3901,351.74,49842.0
2026-07-24 15:10:00+00:00,351.71,352.7,351.61,352.49,70777.0
2026-07-24 15:15:00+00:00,352.525,352.93,351.7654,351.88,65314.0
2026-07-24 15:20:00+00:00,351.85,352.74,351.85,352.365,73015.0
2026-07-24 15:25:00+00:00,352.315,352.69,352.18,352.615,38810.0
2026-07-24 15:30:00+00:00,352.7,352.9,352.43,352.825,42363.0
2026-07-24 15:35:00+00:00,352.795,353.16,352.7,353.14,51098.0
2026-07-24 15:40:00+00:00,353.13,353.1554,352.66,352.7,57808.0
2026-07-24 15:45:00+00:00,352.745,352.99,352.66,352.835,36754.0
2026-07-24 15:50:00+00:00,352.83,352.9,352.6,352.76,21986.0
2026-07-24 15:55:00+00:00,352.7565,353.14,352.68,353.02,66829.0
2026-07-24 16:00:00+00:00,353.04,353.11,352.56,352.685,50178.0
2026-07-24 16:05:00+00:00,352.59,352.69,352.3,352.47,36347.0
2026-07-24 16:10:00+00:00,352.47,352.59,352.27,352.34,33589.0
2026-07-24 16:15:00+00:00,352.4499,352.77,352.285,352.762,23934.0
2026-07-24 16:20:00+00:00,352.755,353.14,352.73,353.04,60473.0
2026-07-24 16:25:00+00:00,353.015,353.37,352.89,353.175,31066.0
2026-07-24 16:30:00+00:00,353.195,353.28,352.865,352.915,43675.0
2026-07-24 16:35:00+00:00,352.915,353.14,352.77,352.77,33345.0
2026-07-24 16:40:00+00:00,352.71,352.97,352.62,352.655,30199.0
2026-07-24 16:45:00+00:00,352.65,352.7,352.25,352.4799,31822.0
2026-07-24 16:50:00+00:00,352.46,352.55,352.09,352.24,64888.0
2026-07-24 16:55:00+00:00,352.2572,352.965,352.2001,352.83,51564.0
2026-07-24 17:00:00+00:00,352.79,352.895,352.6,352.6,47661.0
2026-07-24 17:05:00+00:00,352.73,352.86,352.42,352.5,57941.0
2026-07-24 17:10:00+00:00,352.5,352.9345,352.43,352.765,55564.0
2026-07-24 17:15:00+00:00,352.83,352.86,352.39,352.3948,36352.0
2026-07-24 17:20:00+00:00,352.425,352.63,352.31,352.3503,36546.0
2026-07-24 17:25:00+00:00,352.365,352.5893,352.34,352.4999,39139.0
2026-07-24 17:30:00+00:00,352.46,352.475,352.04,352.2319,30465.0
2026-07-24 17:35:00+00:00,352.32,352.51,352.2301,352.39,20126.0
2026-07-24 17:40:00+00:00,352.44,352.82,352.3701,352.6,20735.0
2026-07-24 17:45:00+00:00,352.56,352.83,352.49,352.685,23793.0
2026-07-24 17:50:00+00:00,352.65,353.07,352.58,352.85,35289.0
2026-07-24 17:55:00+00:00,352.8201,353.0499,352.77,352.84,23470.0
2026-07-24 18:00:00+00:00,352.81,352.97,352.7,352.83,25208.0
2026-07-24 18:05:00+00:00,352.8695,352.8924,352.68,352.755,28359.0
2026-07-24 18:10:00+00:00,352.71,352.83,352.69,352.8199,28653.0
2026-07-24 18:15:00+00:00,352.8,352.88,352.55,352.59,36354.0
2026-07-24 18:20:00+00:00,352.61,352.91,352.53,352.81,36347.0
2026-07-24 18:25:00+00:00,352.805,352.85,352.52,352.715,43349.0
2026-07-24 18:30:00+00:00,352.6,352.8,352.26,352.41,44140.0
2026-07-24 18:35:00+00:00,352.43,352.54,352.22,352.408,41559.0
2026-07-24 18:40:00+00:00,352.385,352.385,352.02,352.19,46266.0
2026-07-24 18:45:00+00:00,352.17,352.31,351.95,352.09,41472.0
2026-07-24 18:50:00+00:00,352.085,352.26,351.94,352.03,38476.0
2026-07-24 18:55:00+00:00,352.01,352.29,351.875,352.195,37856.0
2026-07-24 19:00:00+00:00,352.175,352.36,352.025,352.27,46081.0
2026-07-24 19:05:00+00:00,352.27,352.55,352.24,352.4279,43028.0
2026-07-24 19:10:00+00:00,352.39,352.63,352.16,352.225,61536.0
2026-07-24 19:15:00+00:00,352.225,352.33,352.0393,352.29,48620.0
2026-07-24 19:20:00+00:00,352.26,352.28,351.865,351.91,57511.0
2026-07-24 19:25:00+00:00,351.9346,352.23,351.72,352.1845,67438.0
2026-07-24 19:30:00+00:00,352.19,352.51,352.17,352.265,68262.0
2026-07-24 19:35:00+00:00,352.2925,352.6,352.2204,352.48,70841.0
2026-07-24 19:40:00+00:00,352.5,352.68,352.3801,352.67,90957.0
2026-07-24 19:45:00+00:00,352.69,352.92,352.51,352.765,89463.0
2026-07-24 19:50:00+00:00,352.765,352.85,352.485,352.62,136773.0
2026-07-24 19:55:00+00:00,352.66,353.23,352.37,353.17,433713.0
2026-07-24 20:00:00+00:00,353.13,353.27,352.31,353.27,1384263.0
2026-07-24 20:05:00+00:00,353.2,353.2,353.1,353.1,51277.0
2026-07-24 20:10:00+00:00,352.82,352.96,352.76,352.96,627.0
2026-07-24 20:15:00+00:00,353.21,353.21,353.1863,353.1863,19056.0
2026-07-24 20:20:00+00:00,353.25,353.25,353.25,353.25,2999.0
2026-07-24 20:25:00+00:00,353.13,353.13,353.0,353.0,332.0
2026-07-24 20:30:00+00:00,353.21,353.21,353.0,353.0,6183.0
2026-07-24 20:35:00+00:00,353.04,353.04,353.04,353.04,79.0
2026-07-24 20:45:00+00:00,352.9685,352.9685,352.9685,352.9685,200.0
2026-07-24 20:50:00+00:00,353.1,353.1,353.1,353.1,360.0
2026-07-24 21:20:00+00:00,353.02,353.02,353.02,353.02,64.0
2026-07-24 21:25:00+00:00,353.22,353.22,353.22,353.22,1131.0
2026-07-24 21:40:00+00:00,353.2,353.2,353.15,353.18,627.0
2026-07-24 21:50:00+00:00,353.35,353.36,353.35,353.36,469.0
2026-07-24 22:40:00+00:00,353.23,353.24,353.23,353.24,269.0
2026-07-24 23:00:00+00:00,353.4895,353.4895,353.4895,353.4895,2500.0
2026-07-24 23:10:00+00:00,353.49,353.49,353.49,353.49,78.0
2026-07-24 23:20:00+00:00,353.49,353.49,353.49,353.49,180.0
2026-07-24 23:35:00+00:00,353.4556,353.4556,353.4556,353.4556,123.0
2026-07-24 23:40:00+00:00,353.26,353.26,353.26,353.26,101.0
2026-07-24 23:55:00+00:00,353.385,353.49,353.28,353.28,1238.0
2026-07-27 08:00:00+00:00,355.0,355.69,354.81,355.35,1940.0
2026-07-27 08:10:00+00:00,356.0,356.0,355.75,355.75,192.0
2026-07-27 09:00:00+00:00,355.9378,355.9378,355.9378,355.9378,113.0
2026-07-27 09:10:00+00:00,355.74,355.99,355.74,355.99,698.0
2026-07-27 09:45:00+00:00,356.27,356.5,356.27,356.5,333.0
2026-07-27 10:10:00+00:00,356.3,356.3,356.3,356.3,124.0
2026-07-27 10:25:00+00:00,356.27,356.28,356.0,356.0,935.0
2026-07-27 10:35:00+00:00,356.24,356.25,356.24,356.25,548.0
2026-07-27 10:45:00+00:00,356.35,356.35,356.35,356.35,200.0
2026-07-27 10:55:00+00:00,356.49,356.49,356.49,356.49,57.0
2026-07-27 11:00:00+00:00,356.01,356.01,355.68,355.68,2475.0
2026-07-27 11:05:00+00:00,356.02,356.05,356.01,356.05,201.0
2026-07-27 11:10:00+00:00,356.1,356.1,356.03,356.03,293.0
2026-07-27 11:15:00+00:00,356.25,356.25,356.25,356.25,289.0
2026-07-27 11:25:00+00:00,356.0,356.0,355.68,355.68,2229.0
2026-07-27 11:30:00+00:00,355.99,356.4,355.83,356.4,515.0
2026-07-27 11:45:00+00:00,356.2,356.3,356.2,356.3,320.0
2026-07-27 11:50:00+00:00,356.3,356.3828,356.28,356.3,241.0
2026-07-27 11:55:00+00:00,356.01,356.02,355.7261,355.7261,1001.0
2026-07-27 12:00:00+00:00,356.1,356.1,356.1,356.1,131.0
2026-07-27 12:05:00+00:00,356.01,356.01,356.01,356.01,101.0
2026-07-27 12:15:00+00:00,355.83,355.83,355.8,355.8,1061.0
2026-07-27 12:20:00+00:00,356.0,356.0,355.7,355.7,1661.0
2026-07-27 12:25:00+00:00,356.49,356.49,356.27,356.31,1873.0
2026-07-27 12:30:00+00:00,356.34,356.34,356.33,356.33,100.0
2026-07-27 12:45:00+00:00,356.95,356.95,356.93,356.93,501.0
2026-07-27 12:50:00+00:00,356.9,356.9,356.9,356.9,172.0
2026-07-27 12:55:00+00:00,356.7,356.7,356.7,356.7,203.0
2026-07-27 13:00:00+00:00,356.7,356.72,356.44,356.44,683.0
2026-07-27 13:05:00+00:00,356.5,356.5,356.4,356.4,1255.0
2026-07-27 13:10:00+00:00,356.65,356.65,356.65,356.65,261.0
2026-07-27 13:15:00+00:00,356.9,356.9,356.9,356.9,130.0
2026-07-27 13:20:00+00:00,356.95,357.48,356.85,357.28,4551.0
2026-07-27 13:25:00+00:00,357.0,357.51,356.8,357.4,5673.0
2026-07-27 13:30:00+00:00,357.89,359.0,356.5,358.29,317011.0
2026-07-27 13:35:00+00:00,358.075,358.93,357.765,358.41,122179.0
2026-07-27 13:40:00+00:00,358.41,359.05,357.55,357.72,72264.0
2026-07-27 13:45:00+00:00,357.67,358.45,357.23,357.8005,78114.0
2026-07-27 13:50:00+00:00,357.72,358.0325,357.16,357.685,46326.0
2026-07-27 13:55:00+00:00,357.6,357.71,357.0,357.32,56785.0
2026-07-27 14:00:00+00:00,357.19,358.25,356.92,357.94,69288.0
2026-07-27 14:05:00+00:00,357.94,357.99,356.67,356.98,130692.0
2026-07-27 14:10:00+00:00,356.91,357.19,356.62,357.1275,77991.0
2026-07-27 14:15:00+00:00,357.075,357.15,356.525,356.75,94324.0
2026-07-27 14:20:00+00:00,356.75,357.13,356.31,356.67,48524.0
2026-07-27 14:25:00+00:00,356.67,356.84,356.16,356.24,97426.0
2026-07-27 14:30:00+00:00,356.3,356.5,355.72,356.32,53594.0
2026-07-27 14:35:00+00:00,356.3201,356.67,355.701,356.37,88326.0
2026-07-27 14:40:00+00:00,356.4,356.41,355.16,355.67,89059.0
2026-07-27 14:45:00+00:00,355.66,355.98,355.14,355.44,46928.0
2026-07-27 14:50:00+00:00,355.48,356.23,354.9,356.23,114087.0
2026-07-27 14:55:00+00:00,356.23,356.34,355.56,355.915,50442.0
2026-07-27 15:00:00+00:00,355.96,356.26,355.59,356.26,99624.0
2026-07-27 15:05:00+00:00,356.245,357.25,356.245,356.875,51891.0
2026-07-27 15:10:00+00:00,356.83,357.17,356.59,356.71,57964.0
2026-07-27 15:15:00+00:00,356.83,356.86,355.61,355.765,73585.0
2026-07-27 15:20:00+00:00,355.765,355.81,354.54,354.675,70598.0
2026-07-27 15:25:00+00:00,354.66,354.85,354.34,354.85,54036.0
2026-07-27 15:30:00+00:00,354.85,355.24,354.43,354.815,81802.0
2026-07-27 15:35:00+00:00,354.815,355.1,354.13,354.575,71351.0
2026-07-27 15:40:00+00:00,354.43,354.88,354.3,354.57,73541.0
2026-07-27 15:45:00+00:00,354.55,354.6299,353.96,354.23,76848.0
2026-07-27 15:50:00+00:00,354.23,354.725,354.19,354.325,34978.0
2026-07-27 15:55:00+00:00,354.25,354.32,353.69,353.76,52128.0
2026-07-27 16:00:00+00:00,353.865,354.13,353.6954,353.94,34727.0
2026-07-27 16:05:00+00:00,353.935,354.1399,353.7801,354.015,39160.0
2026-07-27 16:10:00+00:00,354.005,354.2497,353.87,353.875,43360.0
2026-07-27 16:15:00+00:00,353.92,354.1771,353.63,353.979,43919.0
2026-07-27 16:20:00+00:00,353.91,354.28,353.76,354.055,77576.0
2026-07-27 16:25:00+00:00,354.05,354.6,353.9,353.9601,56688.0
2026-07-27 16:30:00+00:00,353.945,354.05,353.7,354.035,38632.0
2026-07-27 16:35:00+00:00,353.99,354.32,353.31,353.51,55978.0
2026-07-27 16:40:00+00:00,353.445,353.49,352.89,353.16,58070.0
2026-07-27 16:45:00+00:00,353.185,353.71,353.08,353.5,72492.0
2026-07-27 16:50:00+00:00,353.5,353.61,353.08,353.35,81317.0
2026-07-27 16:55:00+00:00,353.32,353.47,353.0001,353.27,35631.0
2026-07-27 17:00:00+00:00,353.34,353.81,352.94,352.97,64390.0
2026-07-27 17:05:00+00:00,353.01,353.27,352.97,353.05,56038.0
2026-07-27 17:10:00+00:00,353.0151,353.2,352.61,352.87,61536.0
2026-07-27 17:15:00+00:00,352.92,352.99,352.58,352.79,48882.0
2026-07-27 17:20:00+00:00,352.8275,353.45,352.825,353.2651,43543.0
2026-07-27 17:25:00+00:00,353.275,353.85,353.12,353.525,47648.0
2026-07-27 17:30:00+00:00,353.55,353.79,353.25,353.626,44919.0
2026-07-27 17:35:00+00:00,353.6,353.93,353.57,353.82,38494.0
2026-07-27 17:40:00+00:00,353.89,354.09,353.7,353.92,34775.0
2026-07-27 17:45:00+00:00,353.89,354.105,353.6789,353.99,20957.0
2026-07-27 17:50:00+00:00,354.05,354.5,353.99,354.2,28421.0
2026-07-27 17:55:00+00:00,354.24,354.54,354.115,354.41,24715.0
2026-07-27 18:00:00+00:00,354.41,354.52,354.1459,354.485,26181.0
2026-07-27 18:05:00+00:00,354.44,354.489,353.97,354.07,35158.0
2026-07-27 18:10:00+00:00,354.115,354.3,354.0,354.02,29418.0
2026-07-27 18:15:00+00:00,354.02,354.67,353.82,354.55,40099.0
2026-07-27 18:20:00+00:00,354.59,354.88,354.55,354.75,40638.0
2026-07-27 18:25:00+00:00,354.755,355.11,354.73,355.07,32623.0
2026-07-27 18:30:00+00:00,355.09,355.1235,354.8,354.8119,30307.0
2026-07-27 18:35:00+00:00,354.78,355.07,354.71,355.04,567933.0
2026-07-27 18:40:00+00:00,355.03,355.24,354.88,354.985,43963.0
2026-07-27 18:45:00+00:00,354.985,355.04,354.7716,354.9,41909.0
2026-07-27 18:50:00+00:00,354.94,355.405,354.9297,355.2,35694.0
2026-07-27 18:55:00+00:00,355.18,355.4399,355.15,355.395,35640.0
2026-07-27 19:00:00+00:00,355.44,355.53,354.96,354.96,91440.0
2026-07-27 19:05:00+00:00,354.96,355.34,354.78,355.33,30868.0
2026-07-27 19:10:00+00:00,355.33,355.57,355.25,355.495,73431.0
2026-07-27 19:15:00+00:00,355.495,355.66,355.3731,355.655,32277.0
2026-07-27 19:20:00+00:00,355.68,355.93,355.5601,355.615,51056.0
2026-07-27 19:25:00+00:00,355.6,355.615,355.2,355.38,46178.0
2026-07-27 19:30:00+00:00,355.35,355.55,355.25,355.41,71571.0
2026-07-27 19:35:00+00:00,355.42,355.84,355.365,355.79,57921.0
2026-07-27 19:40:00+00:00,355.8,356.225,355.62,356.11,73147.0
2026-07-27 19:45:00+00:00,356.12,356.22,355.725,355.77,75166.0
2026-07-27 19:50:00+00:00,355.84,355.97,355.42,355.67,140364.0
2026-07-27 19:55:00+00:00,355.69,356.38,355.49,356.18,383282.0
2026-07-27 20:00:00+00:00,356.2,356.2,355.78,355.97,2139335.0
2026-07-27 20:05:00+00:00,356.18,356.18,356.18,356.18,50.0
2026-07-27 20:10:00+00:00,356.09,356.19,356.09,356.1,647.0
2026-07-27 20:15:00+00:00,355.79,355.79,355.7,355.7,650.0
2026-07-27 20:20:00+00:00,355.41,355.41,355.41,355.41,151.0
2026-07-27 20:30:00+00:00,356.15,356.15,356.15,356.15,44.0
2026-07-27 20:35:00+00:00,356.2,356.2,356.2,356.2,350.0
2026-07-27 20:40:00+00:00,356.07,356.07,356.07,356.07,105.0
2026-07-27 20:45:00+00:00,356.4,356.4,356.4,356.4,100.0
2026-07-27 20:55:00+00:00,356.26,356.26,355.55,355.9,979.0
2026-07-27 21:00:00+00:00,356.0,356.0,356.0,356.0,264.0
2026-07-27 21:05:00+00:00,356.2,356.2,356.2,356.2,12244.0
2026-07-27 21:10:00+00:00,355.9,355.9,355.9,355.9,105.0
2026-07-27 21:15:00+00:00,355.98,356.0,355.98,356.0,169.0
2026-07-27 21:25:00+00:00,356.25,356.3,356.13,356.19,1351.0
2026-07-27 21:30:00+00:00,356.26,356.26,356.26,356.26,102.0
2026-07-27 21:35:00+00:00,356.0,356.0,356.0,356.0,133.0
2026-07-27 21:40:00+00:00,356.0,356.5,356.0,356.4814,393.0
2026-07-27 21:45:00+00:00,356.3,356.3001,356.3,356.3001,116.0
2026-07-27 21:50:00+00:00,356.4425,356.4425,356.29,356.32,588.0
2026-07-27 21:55:00+00:00,356.06,356.33,356.06,356.33,543.0
2026-07-27 22:00:00+00:00,356.4,356.4,356.4,356.4,56.0
2026-07-27 22:10:00+00:00,356.0,356.0,356.0,356.0,220.0
2026-07-27 22:15:00+00:00,356.03,356.03,356.03,356.03,135.0
2026-07-27 22:30:00+00:00,356.44,356.44,356.44,356.44,52.0
2026-07-27 22:35:00+00:00,356.32,356.34,356.21,356.26,662.0
2026-07-27 22:55:00+00:00,356.2,356.2,356.15,356.18,174.0
2026-07-27 23:00:00+00:00,356.17,356.19,356.1,356.17,818.0
2026-07-27 23:20:00+00:00,356.0,356.0,356.0,356.0,417.0
2026-07-27 23:25:00+00:00,355.9465,355.9465,355.9465,355.9465,51.0
2026-07-27 23:30:00+00:00,356.2,356.35,356.2,356.35,317.0
2026-07-27 23:35:00+00:00,356.44,356.45,356.44,356.45,231.0
2026-07-27 23:45:00+00:00,356.43,356.43,356.43,356.43,79.0
2026-07-28 08:00:00+00:00,357.0,357.49,356.0,357.17,2633.0
2026-07-28 09:40:00+00:00,358.0,358.0,358.0,358.0,128.0
2026-07-28 09:45:00+00:00,358.84,358.84,358.84,358.84,117.0
2026-07-28 09:55:00+00:00,358.49,358.88,358.49,358.88,558.0
2026-07-28 10:05:00+00:00,359.72,359.75,359.72,359.72,229.0
2026-07-28 10:10:00+00:00,359.0,359.0,359.0,359.0,744.0
2026-07-28 10:25:00+00:00,358.68,358.68,358.68,358.68,101.0
2026-07-28 10:35:00+00:00,359.28,359.28,359.28,359.28,291.0
2026-07-28 10:50:00+00:00,359.27,359.38,359.24,359.24,426.0
2026-07-28 10:55:00+00:00,359.26,359.27,359.26,359.27,132.0
2026-07-28 11:00:00+00:00,359.46,359.64,359.0,359.3,2747.0
2026-07-28 11:05:00+00:00,359.56,359.56,359.31,359.5,521.0
2026-07-28 11:10:00+00:00,359.32,359.32,359.0,359.0,663.0
2026-07-28 11:25:00+00:00,359.16,359.16,358.2,358.5,3186.0
2026-07-28 11:30:00+00:00,358.44,358.44,358.44,358.44,365.0
2026-07-28 11:35:00+00:00,358.87,359.1113,358.8,358.8,470.0
2026-07-28 11:40:00+00:00,359.0598,359.0598,358.4353,358.4353,168.0
2026-07-28 11:45:00+00:00,358.5,358.76,358.4,358.4,1609.0
2026-07-28 11:55:00+00:00,358.37,358.37,358.37,358.37,103.0
2026-07-28 12:00:00+00:00,358.57,358.57,358.03,358.03,661.0
2026-07-28 12:05:00+00:00,358.2,358.2,358.0,358.02,1996.0
2026-07-28 12:10:00+00:00,358.29,358.29,358.01,358.01,280.0
2026-07-28 12:15:00+00:00,358.24,358.2982,357.73,357.73,396.0
2026-07-28 12:20:00+00:00,357.86,358.0,357.5145,357.5145,1877.0
2026-07-28 12:25:00+00:00,357.7,357.7,357.7,357.7,695.0
2026-07-28 12:30:00+00:00,358.35,358.55,358.35,358.55,128.0
2026-07-28 12:35:00+00:00,358.54,358.54,358.41,358.41,192.0
2026-07-28 12:40:00+00:00,358.7,358.7,358.4,358.4,211.0
2026-07-28 12:45:00+00:00,358.06,358.72,358.06,358.72,349.0
2026-07-28 12:50:00+00:00,358.65,358.7499,358.3,358.7499,646.0
2026-07-28 12:55:00+00:00,358.1038,358.66,358.1038,358.66,498.0
2026-07-28 13:00:00+00:00,358.12,358.13,358.12,358.13,201.0
2026-07-28 13:05:00+00:00,358.1,358.37,358.0,358.37,621.0
2026-07-28 13:10:00+00:00,358.0754,358.38,358.0,358.38,615.0
2026-07-28 13:15:00+00:00,357.71,358.2,357.71,358.0,2052.0
2026-07-28 13:20:00+00:00,357.955,357.955,357.76,357.8,2470.0
2026-07-28 13:25:00+00:00,358.0,358.27,357.8,358.27,683.0
2026-07-28 13:30:00+00:00,357.3,359.3,356.33,356.58,269689.0
2026-07-28 13:35:00+00:00,356.58,357.32,354.765,355.59,107341.0
2026-07-28 13:40:00+00:00,355.5344,356.21,354.57,355.97,121220.0
2026-07-28 13:45:00+00:00,356.21,356.59,355.01,355.915,111963.0
2026-07-28 13:50:00+00:00,355.99,356.33,354.96,355.865,79343.0
2026-07-28 13:55:00+00:00,355.865,356.4748,355.45,356.375,49273.0
2026-07-28 14:00:00+00:00,356.345,356.55,355.6421,355.8,60981.0
2026-07-28 14:05:00+00:00,355.72,355.87,354.39,355.42,81029.0
2026-07-28 14:10:00+00:00,355.42,356.27,355.39,355.605,72181.0
2026-07-28 14:15:00+00:00,355.47,356.1,355.37,355.69,75053.0
2026-07-28 14:20:00+00:00,355.59,356.36,355.59,356.155,62538.0
2026-07-28 14:25:00+00:00,356.3,356.48,355.89,356.395,41975.0
2026-07-28 14:30:00+00:00,356.3225,356.72,356.02,356.1,43993.0
2026-07-28 14:35:00+00:00,356.09,356.4728,355.21,355.2775,52330.0
2026-07-28 14:40:00+00:00,355.285,355.41,354.61,354.7,59867.0
2026-07-28 14:45:00+00:00,354.7325,355.3,354.15,355.14,86018.0
2026-07-28 14:50:00+00:00,355.23,356.09,355.0,356.06,65792.0
2026-07-28 14:55:00+00:00,356.18,356.49,356.05,356.45,70827.0
2026-07-28 15:00:00+00:00,356.5,356.7,355.66,355.75,62610.0
2026-07-28 15:05:00+00:00,355.76,355.82,355.41,355.62,196060.0
2026-07-28 15:10:00+00:00,355.74,355.87,355.24,355.47,86420.0
2026-07-28 15:15:00+00:00,355.47,356.325,355.3525,356.165,71115.0
2026-07-28 15:20:00+00:00,356.165,356.41,355.98,356.355,79541.0
2026-07-28 15:25:00+00:00,356.39,356.8,356.2442,356.41,92026.0
2026-07-28 15:30:00+00:00,356.455,356.65,355.9195,355.95,53907.0
2026-07-28 15:35:00+00:00,355.925,356.49,355.88,356.335,64361.0
2026-07-28 15:40:00+00:00,356.26,356.44,356.2101,356.34,29562.0
2026-07-28 15:45:00+00:00,356.36,356.45,356.17,356.35,42361.0
2026-07-28 15:50:00+00:00,356.355,356.37,355.5,355.775,68291.0
2026-07-28 15:55:00+00:00,355.87,355.92,355.49,355.51,48041.0
2026-07-28 16:00:00+00:00,355.6,355.75,355.49,355.65,52858.0
2026-07-28 16:05:00+00:00,355.594,355.79,355.46,355.71,33124.0
2026-07-28 16:10:00+00:00,355.74,355.8525,355.62,355.764,43707.0
2026-07-28 16:15:00+00:00,355.75,355.949,355.495,355.855,48021.0
2026-07-28 16:20:00+00:00,355.88,355.9399,355.63,355.65,25595.0
2026-07-28 16:25:00+00:00,355.64,355.88,355.64,355.81,26900.0
2026-07-28 16:30:00+00:00,355.87,356.12,355.8,355.9325,33660.0
2026-07-28 16:35:00+00:00,355.9482,356.1472,355.86,355.94,22430.0
2026-07-28 16:40:00+00:00,355.94,356.23,355.88,356.055,37732.0
2026-07-28 16:45:00+00:00,356.055,356.14,355.815,355.945,41493.0
2026-07-28 16:50:00+00:00,355.945,356.45,355.91,356.425,45763.0
2026-07-28 16:55:00+00:00,356.42,356.6299,356.38,356.43,33698.0
2026-07-28 17:00:00+00:00,356.43,356.695,356.42,356.53,49973.0
2026-07-28 17:05:00+00:00,356.57,356.8,356.4,356.46,44762.0
2026-07-28 17:10:00+00:00,356.445,356.74,356.03,356.235,56623.0
2026-07-28 17:15:00+00:00,356.2,356.33,356.07,356.13,43563.0
2026-07-28 17:20:00+00:00,356.1,356.37,356.05,356.32,38294.0
2026-07-28 17:25:00+00:00,356.315,356.35,355.93,356.035,28862.0
2026-07-28 17:30:00+00:00,356.03,356.12,355.92,356.1,26837.0
2026-07-28 17:35:00+00:00,356.09,356.16,355.95,355.95,33890.0
2026-07-28 17:40:00+00:00,355.98,356.09,355.41,355.605,36775.0
2026-07-28 17:45:00+00:00,355.605,355.92,355.605,355.855,36219.0
2026-07-28 17:50:00+00:00,355.855,355.91,355.66,355.83,34942.0
2026-07-28 17:55:00+00:00,355.85,356.11,355.72,355.8125,31885.0
2026-07-28 18:00:00+00:00,355.8199,356.32,355.765,356.28,43171.0
2026-07-28 18:05:00+00:00,356.28,356.34,356.0,356.06,26576.0
2026-07-28 18:10:00+00:00,356.065,356.0984,355.84,355.9,28631.0
2026-07-28 18:15:00+00:00,355.86,356.39,355.84,356.34,42661.0
2026-07-28 18:20:00+00:00,356.31,356.36,356.03,356.04,27291.0
2026-07-28 18:25:00+00:00,356.03,356.28,355.945,356.085,31822.0
2026-07-28 18:30:00+00:00,356.09,356.12,355.7439,356.12,43634.0
2026-07-28 18:35:00+00:00,356.14,356.45,356.03,356.22,59735.0
2026-07-28 18:40:00+00:00,356.22,356.24,355.91,356.03,27397.0
2026-07-28 18:45:00+00:00,356.03,356.18,355.96,356.065,44444.0
2026-07-28 18:50:00+00:00,356.02,356.18,355.97,356.035,33260.0
2026-07-28 18:55:00+00:00,356.03,356.21,355.865,355.93,32774.0
2026-07-28 19:00:00+00:00,355.99,356.0,355.565,355.67,37018.0
2026-07-28 19:05:00+00:00,355.685,356.33,355.64,356.28,34709.0
2026-07-28 19:10:00+00:00,356.359,356.5904,356.31,356.39,33729.0
2026-07-28 19:15:00+00:00,356.41,356.88,356.395,356.7,70016.0
2026-07-28 19:20:00+00:00,356.73,356.96,356.66,356.93,51291.0
2026-07-28 19:25:00+00:00,356.945,357.0,356.46,356.505,101071.0
2026-07-28 19:30:00+00:00,356.45,356.6,356.34,356.5,46737.0
2026-07-28 19:35:00+00:00,356.52,356.76,356.46,356.59,74553.0
2026-07-28 19:40:00+00:00,356.5901,356.66,356.4209,356.57,61485.0
2026-07-28 19:45:00+00:00,356.55,356.7299,356.385,356.555,58779.0
2026-07-28 19:50:00+00:00,356.53,357.05,356.38,357.03,122144.0
2026-07-28 19:55:00+00:00,357.03,357.74,356.94,357.37,449264.0
2026-07-28 20:00:00+00:00,357.44,357.52,357.31,357.35,1542120.0
2026-07-28 20:05:00+00:00,357.36,357.36,357.35,357.36,1109.0
2026-07-28 20:10:00+00:00,357.6,357.6,356.3884,356.3884,470.0
2026-07-28 20:15:00+00:00,357.8,358.0,357.8,357.83,4088.0
2026-07-28 20:20:00+00:00,357.66,357.66,357.66,357.66,100.0
2026-07-28 20:25:00+00:00,357.53,357.53,357.53,357.53,70.0
2026-07-28 20:30:00+00:00,357.31,357.31,357.31,357.31,1610.0
2026-07-28 20:35:00+00:00,357.56,357.62,357.55,357.62,1202.0
2026-07-28 20:50:00+00:00,357.62,357.62,357.51,357.51,438.0
2026-07-28 21:00:00+00:00,357.31,357.31,357.31,357.31,375.0
2026-07-28 21:05:00+00:00,357.6,357.6736,357.6,357.6736,514.0
2026-07-28 21:10:00+00:00,357.55,357.55,357.55,357.55,76.0
2026-07-28 21:15:00+00:00,357.64,357.64,357.64,357.64,206.0
2026-07-28 21:20:00+00:00,357.65,357.65,357.53,357.53,209.0
2026-07-28 21:25:00+00:00,357.55,357.55,357.55,357.55,100.0
2026-07-28 21:45:00+00:00,357.6543,357.6543,357.6543,357.6543,48.0
2026-07-28 21:50:00+00:00,357.55,357.7,357.55,357.7,447.0
2026-07-28 21:55:00+00:00,357.77,357.77,357.77,357.77,217.0
2026-07-28 22:15:00+00:00,357.55,357.55,357.55,357.55,102.0
2026-07-28 22:20:00+00:00,357.75,357.8387,357.75,357.8387,275.0
2026-07-28 22:25:00+00:00,357.9066,357.9066,357.9066,357.9066,1002.0
2026-07-28 22:40:00+00:00,357.45,357.45,357.45,357.45,109.0
2026-07-28 22:55:00+00:00,357.3,357.31,357.17,357.17,1048.0
2026-07-28 23:25:00+00:00,357.7,357.7,357.7,357.7,84.0
2026-07-28 23:35:00+00:00,357.3773,357.3773,357.3661,357.3661,109.0
2026-07-28 23:40:00+00:00,357.51,357.7,357.51,357.7,295.0
2026-07-28 23:55:00+00:00,357.72,357.72,357.69,357.69,217.0
2026-07-29 08:00:00+00:00,356.96,357.47,356.77,357.31,1497.0
2026-07-29 08:05:00+00:00,357.35,357.69,357.35,357.69,651.0
2026-07-29 08:25:00+00:00,357.27,357.27,357.21,357.22,575.0
2026-07-29 09:05:00+00:00,357.73,357.83,357.73,357.83,386.0
2026-07-29 09:50:00+00:00,358.26,358.26,358.26,358.26,121.0
2026-07-29 10:00:00+00:00,358.6,358.6,358.6,358.6,60.0
2026-07-29 10:45:00+00:00,358.58,358.58,358.58,358.58,42.0
2026-07-29 10:55:00+00:00,358.1,358.1,358.1,358.1,102.0
2026-07-29 11:00:00+00:00,358.1,358.1,358.1,358.1,120.0
