date,open,high,low,close,volume
2024-09-05 09:50:00+00:00,172.9,172.9,172.9,172.9,135.0
2024-09-05 09:55:00+00:00,172.81,173.0,172.81,173.0,6186.0
2024-09-05 10:00:00+00:00,172.99,173.6,172.99,173.56,14253.0
2024-09-05 10:05:00+00:00,173.53,173.99,173.53,173.85,9685.0
2024-09-05 10:10:00+00:00,174.0,174.11,173.99,174.11,2926.0
2024-09-05 10:15:00+00:00,174.05,174.05,174.05,174.05,137.0
2024-09-05 10:20:00+00:00,173.93,173.98,173.9,173.9,1254.0
2024-09-05 10:25:00+00:00,173.89,173.92,173.84,173.92,1815.0
2024-09-05 10:30:00+00:00,173.92,173.93,173.9,173.9,2117.0
2024-09-05 10:35:00+00:00,173.89,174.2,173.89,174.2,5631.0
2024-09-05 10:40:00+00:00,174.18,174.18,174.18,174.18,440.0
2024-09-05 10:45:00+00:00,174.0,174.01,174.0,174.01,3030.0
2024-09-05 10:50:00+00:00,173.96,174.05,173.7,174.05,16697.0
2024-09-05 10:55:00+00:00,174.06,174.32,174.06,174.29,9454.0
2024-09-05 11:00:00+00:00,174.29,174.29,174.02,174.25,11413.0
2024-09-05 11:05:00+00:00,174.19,174.49,174.19,174.4,12328.0
2024-09-05 11:10:00+00:00,174.34,174.36,174.13,174.15,9154.0
2024-09-05 11:15:00+00:00,174.31,174.55,174.24,174.43,10547.0
2024-09-05 11:20:00+00:00,174.43,174.8,174.43,174.6,16534.0
2024-09-05 11:25:00+00:00,174.6,174.9,174.58,174.9,15162.0
2024-09-05 11:30:00+00:00,174.92,175.15,174.92,175.09,40323.0
2024-09-05 11:35:00+00:00,175.15,175.18,175.0,175.15,12768.0
2024-09-05 11:40:00+00:00,175.02,175.02,174.85,174.94,9343.0
2024-09-05 11:45:00+00:00,174.94,175.03,174.73,174.76,11366.0
2024-09-05 11:50:00+00:00,174.75,174.82,174.59,174.82,11164.0
2024-09-05 11:55:00+00:00,174.85,175.24,174.84,175.05,18352.0
2024-09-05 12:00:00+00:00,174.28,175.3,172.8,175.1,90465.0
2024-09-05 12:05:00+00:00,175.15,175.15,174.73,174.7726,12439.0
2024-09-05 12:10:00+00:00,174.87,175.08,174.87,175.06,17215.0
2024-09-05 12:15:00+00:00,175.0,175.08,174.54,174.55,30053.0
2024-09-05 12:20:00+00:00,174.55,174.99,174.55,174.6502,38213.0
2024-09-05 12:25:00+00:00,174.74,174.82,174.65,174.8,15539.0
2024-09-05 12:30:00+00:00,175.0,175.32,174.7,174.8385,24989.0
2024-09-05 12:35:00+00:00,174.92,175.24,174.86,174.955,37660.0
2024-09-05 12:40:00+00:00,174.955,175.25,174.82,175.23,21347.0
2024-09-05 12:45:00+00:00,175.22,175.31,175.05,175.31,29943.0
2024-09-05 12:50:00+00:00,175.2535,175.35,175.01,175.01,22206.0
2024-09-05 12:55:00+00:00,175.01,175.12,174.86,174.86,11192.0
2024-09-05 13:00:00+00:00,174.9,175.25,174.9,175.1798,19915.0
2024-09-05 13:05:00+00:00,175.15,175.3011,175.0,175.3011,13953.0
2024-09-05 13:10:00+00:00,175.33,175.55,175.3,175.5,31037.0
2024-09-05 13:15:00+00:00,175.5,175.62,175.314,175.5,29269.0
2024-09-05 13:20:00+00:00,175.5,175.56,175.3555,175.45,22426.0
2024-09-05 13:25:00+00:00,175.38,175.38,174.77,175.03,56058.0
2024-09-05 13:30:00+00:00,175.03,177.15,174.99,176.92,2229439.0
2024-09-05 13:35:00+00:00,176.94,178.22,176.875,178.06,1407278.0
2024-09-05 13:40:00+00:00,178.05,178.28,177.16,177.29,909624.0
2024-09-05 13:45:00+00:00,177.28,177.74,177.14,177.41,799956.0
2024-09-05 13:50:00+00:00,177.42,178.1,177.34,178.0741,560640.0
2024-09-05 13:55:00+00:00,178.06,178.48,177.83,178.3,644944.0
2024-09-05 14:00:00+00:00,178.33,179.09,178.33,178.84,923097.0
2024-09-05 14:05:00+00:00,178.85,179.07,178.45,178.545,857977.0
2024-09-05 14:10:00+00:00,178.5485,178.63,177.85,177.87,801411.0
2024-09-05 14:15:00+00:00,177.83,178.1081,177.663,177.93,558945.0
2024-09-05 14:20:00+00:00,177.94,179.6,177.87,179.31,806023.0
2024-09-05 14:25:00+00:00,179.315,179.54,179.07,179.3124,862992.0
2024-09-05 14:30:00+00:00,179.33,179.695,179.29,179.46,526448.0
2024-09-05 14:35:00+00:00,179.435,179.875,179.36,179.84,479507.0
2024-09-05 14:40:00+00:00,179.835,179.835,179.35,179.51,537782.0
2024-09-05 14:45:00+00:00,179.51,179.53,178.6408,178.845,791863.0
2024-09-05 14:50:00+00:00,178.84,178.84,177.96,178.2245,601225.0
2024-09-05 14:55:00+00:00,178.22,178.28,177.73,177.73,552711.0
2024-09-05 15:00:00+00:00,177.74,177.89,177.32,177.64,597974.0
2024-09-05 15:05:00+00:00,177.635,177.79,177.39,177.68,377876.0
2024-09-05 15:10:00+00:00,177.645,177.76,177.38,177.55,423143.0
2024-09-05 15:15:00+00:00,177.54,177.98,177.42,177.8,370984.0
2024-09-05 15:20:00+00:00,177.82,177.99,177.58,177.73,541705.0
2024-09-05 15:25:00+00:00,177.705,177.77,177.14,177.32,583161.0
2024-09-05 15:30:00+00:00,177.3,177.42,176.765,176.85,409446.0
2024-09-05 15:35:00+00:00,176.84,177.6,176.8,177.59,463349.0
2024-09-05 15:40:00+00:00,177.58,177.89,177.05,177.06,308040.0
2024-09-05 15:45:00+00:00,177.05,177.19,176.84,176.88,343149.0
2024-09-05 15:50:00+00:00,176.89,177.135,176.74,176.9,338600.0
2024-09-05 15:55:00+00:00,176.9075,176.99,176.45,176.8445,329775.0
2024-09-05 16:00:00+00:00,176.86,177.25,176.86,177.02,267370.0
2024-09-05 16:05:00+00:00,177.01,177.27,176.88,177.18,185360.0
2024-09-05 16:10:00+00:00,177.18,177.18,176.615,176.66,223845.0
2024-09-05 16:15:00+00:00,176.675,176.94,176.6,176.81,319568.0
2024-09-05 16:20:00+00:00,176.8,176.8027,176.6,176.7337,294550.0
2024-09-05 16:25:00+00:00,176.73,176.975,176.7,176.96,300106.0
2024-09-05 16:30:00+00:00,176.97,176.97,176.62,176.78,315017.0
2024-09-05 16:35:00+00:00,176.79,176.935,176.72,176.8,153808.0
2024-09-05 16:40:00+00:00,176.79,177.13,176.74,177.064,265838.0
2024-09-05 16:45:00+00:00,177.065,177.09,176.7004,176.8609,257799.0
2024-09-05 16:50:00+00:00,176.86,176.99,176.74,176.84,208419.0
2024-09-05 16:55:00+00:00,176.84,177.13,176.75,176.875,380545.0
2024-09-05 17:00:00+00:00,176.89,176.94,176.6603,176.73,251719.0
2024-09-05 17:05:00+00:00,176.72,176.84,176.5,176.53,310779.0
2024-09-05 17:10:00+00:00,176.54,176.8,176.54,176.7,164561.0
2024-09-05 17:15:00+00:00,176.68,176.75,176.32,176.71,220908.0
2024-09-05 17:20:00+00:00,176.7,176.76,176.55,176.75,259692.0
2024-09-05 17:25:00+00:00,176.72,176.77,176.33,176.34,185814.0
2024-09-05 17:30:00+00:00,176.34,176.7399,176.33,176.62,234580.0
2024-09-05 17:35:00+00:00,176.61,176.98,176.57,176.7299,230852.0
2024-09-05 17:40:00+00:00,176.705,177.33,176.705,177.31,187818.0
2024-09-05 17:45:00+00:00,177.31,177.57,177.19,177.445,240844.0
2024-09-05 17:50:00+00:00,177.43,177.48,177.28,177.42,168051.0
2024-09-05 17:55:00+00:00,177.415,177.75,177.415,177.72,220439.0
2024-09-05 18:00:00+00:00,177.72,177.8546,177.54,177.7,201371.0
2024-09-05 18:05:00+00:00,177.675,177.76,177.4797,177.76,188907.0
2024-09-05 18:10:00+00:00,177.75,177.8899,177.62,177.73,210128.0
2024-09-05 18:15:00+00:00,177.74,178.0,177.66,177.816,270846.0
2024-09-05 18:20:00+00:00,177.82,177.94,177.71,177.76,161535.0
2024-09-05 18:25:00+00:00,177.75,177.75,177.54,177.68,200971.0
2024-09-05 18:30:00+00:00,177.685,177.74,177.502,177.52,187011.0
2024-09-05 18:35:00+00:00,177.52,177.8899,177.44,177.67,189344.0
2024-09-05 18:40:00+00:00,177.675,177.85,177.53,177.82,180254.0
2024-09-05 18:45:00+00:00,177.83,178.15,177.8176,178.1202,255557.0
2024-09-05 18:50:00+00:00,178.1305,178.48,178.12,178.1899,271665.0
2024-09-05 18:55:00+00:00,178.18,178.23,177.83,177.8761,218486.0
2024-09-05 19:00:00+00:00,177.89,177.9,177.65,177.72,263626.0
2024-09-05 19:05:00+00:00,177.71,177.7455,177.48,177.5805,246694.0
2024-09-05 19:10:00+00:00,177.58,177.67,177.39,177.49,235815.0
2024-09-05 19:15:00+00:00,177.5,177.53,176.97,177.28,380604.0
2024-09-05 19:20:00+00:00,177.28,177.52,177.25,177.46,302976.0
2024-09-05 19:25:00+00:00,177.46,177.72,177.45,177.68,227744.0
2024-09-05 19:30:00+00:00,177.67,178.124,177.6401,178.09,323502.0
2024-09-05 19:35:00+00:00,178.09,178.095,177.68,177.73,287852.0
2024-09-05 19:40:00+00:00,177.73,177.735,177.24,177.29,335246.0
2024-09-05 19:45:00+00:00,177.285,177.52,177.12,177.26,480958.0
2024-09-05 19:50:00+00:00,177.25,177.4999,177.0,177.24,656856.0
2024-09-05 19:55:00+00:00,177.26,177.9,177.21,177.89,1633335.0
2024-09-05 20:00:00+00:00,177.89,177.89,177.15,177.7,4887161.0
2024-09-05 20:05:00+00:00,177.69,177.89,177.65,177.6796,39863.0
2024-09-05 20:10:00+00:00,177.66,177.89,177.62,177.62,113620.0
2024-09-05 20:15:00+00:00,177.66,177.75,177.47,177.6,18388.0
2024-09-05 20:20:00+00:00,177.53,177.53,177.38,177.38,34208.0
2024-09-05 20:25:00+00:00,177.38,177.89,177.26,177.47,13793.0
2024-09-05 20:30:00+00:00,177.43,177.43,177.35,177.35,4055.0
2024-09-05 20:35:00+00:00,177.31,177.34,177.31,177.34,99622.0
2024-09-05 20:40:00+00:00,177.32,177.49,177.32,177.49,2051.0
2024-09-05 20:45:00+00:00,177.48,177.49,177.36,177.49,1453.0
2024-09-05 20:50:00+00:00,177.36,177.36,177.35,177.36,1249.0
2024-09-05 20:55:00+00:00,177.44,177.44,177.44,177.44,408.0
2024-09-05 21:00:00+00:00,177.3501,177.44,177.3501,177.44,5419.0
2024-09-05 21:05:00+00:00,177.35,177.36,177.25,177.25,6477.0
2024-09-05 21:10:00+00:00,177.21,177.23,177.01,177.01,10129.0
2024-09-05 21:15:00+00:00,176.9996,177.35,176.9362,177.3,20552.0
2024-09-05 21:20:00+00:00,177.35,177.35,177.2,177.21,2183.0
2024-09-05 21:25:00+00:00,177.1,177.89,177.1,177.11,290558.0
2024-09-05 21:30:00+00:00,177.1105,177.1105,176.94,176.954,4853.0
2024-09-05 21:35:00+00:00,177.12,177.12,176.9566,176.9566,632.0
2024-09-05 21:40:00+00:00,177.0,177.0,177.0,177.0,190.0
2024-09-05 21:45:00+00:00,177.2,177.22,177.2,177.2001,2805.0
2024-09-05 21:50:00+00:00,177.26,177.35,177.26,177.3001,6704.0
2024-09-05 21:55:00+00:00,177.33,177.4605,177.33,177.4605,2779.0
2024-09-05 22:00:00+00:00,177.48,177.5,177.2436,177.5,3492.0
2024-09-05 22:05:00+00:00,177.5,177.5,177.27,177.27,1534.0
2024-09-05 22:15:00+00:00,177.2533,177.2533,177.23,177.23,373.0
2024-09-05 22:20:00+00:00,177.33,177.4828,177.26,177.26,1508.0
2024-09-05 22:25:00+00:00,177.23,177.23,177.04,177.04,2949.0
2024-09-05 22:30:00+00:00,177.1999,177.23,177.1999,177.23,1036.0
2024-09-05 22:35:00+00:00,177.13,177.13,176.89,176.89,5494.0
2024-09-05 22:40:00+00:00,176.97,176.9983,176.94,176.9983,3947.0
2024-09-05 22:45:00+00:00,177.0,177.0,176.9,176.95,3046.0
2024-09-05 22:50:00+00:00,176.9,177.19,176.88,177.0,11813.0
2024-09-05 22:55:00+00:00,177.0,177.15,176.94,176.94,3493.0
2024-09-05 23:00:00+00:00,177.0,177.0381,176.9505,176.9505,4178.0
2024-09-05 23:05:00+00:00,177.04,177.04,177.0,177.0,672.0
2024-09-05 23:10:00+00:00,177.0,177.07,177.0,177.07,629.0
2024-09-05 23:15:00+00:00,177.082,177.082,176.9,176.9,916.0
2024-09-05 23:20:00+00:00,177.0873,177.0873,177.0873,177.0873,110.0
2024-09-05 23:25:00+00:00,176.95,176.95,176.95,176.95,275.0
2024-09-05 23:30:00+00:00,176.95,176.96,176.75,176.96,11884.0
2024-09-05 23:35:00+00:00,176.99,177.2,176.9,176.9005,5063.0
2024-09-05 23:40:00+00:00,177.1,177.18,177.1,177.18,534.0
2024-09-05 23:45:00+00:00,177.15,177.2,177.15,177.2,1615.0
2024-09-05 23:50:00+00:00,177.15,177.2,177.0,177.15,3003.0
2024-09-05 23:55:00+00:00,177.2,177.25,177.1197,177.25,3592.0
2024-09-06 08:00:00+00:00,176.84,176.84,176.11,176.12,5508.0
2024-09-06 08:05:00+00:00,176.11,176.11,176.0,176.0,1803.0
2024-09-06 08:10:00+00:00,175.95,175.95,175.68,175.68,1837.0
2024-09-06 08:15:00+00:00,175.82,175.85,175.82,175.85,968.0
2024-09-06 08:20:00+00:00,175.58,175.6,175.51,175.51,2376.0
2024-09-06 08:30:00+00:00,175.64,175.67,175.6,175.6,3415.0
2024-09-06 08:35:00+00:00,175.6,175.6,175.6,175.6,795.0
2024-09-06 08:40:00+00:00,175.48,175.48,175.42,175.42,925.0
2024-09-06 08:45:00+00:00,175.3,175.3,175.0,175.0,6186.0
2024-09-06 08:50:00+00:00,174.79,174.79,174.54,174.54,2321.0
2024-09-06 08:55:00+00:00,174.5,174.6,174.47,174.6,6444.0
2024-09-06 09:00:00+00:00,174.65,174.77,174.45,174.77,8649.0
2024-09-06 09:05:00+00:00,174.92,174.92,174.79,174.8,4224.0
2024-09-06 09:10:00+00:00,174.86,175.08,174.86,175.06,4553.0
2024-09-06 09:15:00+00:00,175.0,175.0,175.0,175.0,436.0
2024-09-06 09:20:00+00:00,175.0,175.0,174.99,175.0,1074.0
2024-09-06 09:25:00+00:00,175.25,175.49,175.25,175.4,4425.0
2024-09-06 09:30:00+00:00,175.37,175.37,175.37,175.37,1880.0
2024-09-06 09:35:00+00:00,175.4,175.4,175.4,175.4,2311.0
2024-09-06 09:40:00+00:00,175.03,175.03,175.03,175.03,1064.0
2024-09-06 09:45:00+00:00,175.0,175.24,175.0,175.24,5005.0
2024-09-06 09:50:00+00:00,175.39,175.39,175.39,175.39,730.0
2024-09-06 09:55:00+00:00,175.29,175.45,175.29,175.44,5343.0
2024-09-06 10:00:00+00:00,175.4,175.4,175.39,175.39,3777.0
2024-09-06 10:05:00+00:00,175.16,175.45,174.99,175.45,8341.0
2024-09-06 10:10:00+00:00,175.45,175.45,175.45,175.45,551.0
2024-09-06 10:15:00+00:00,175.39,175.4,175.39,175.39,596.0
2024-09-06 10:20:00+00:00,175.39,175.45,175.39,175.4,2341.0
2024-09-06 10:30:00+00:00,175.45,175.45,175.45,175.45,666.0
2024-09-06 10:35:00+00:00,175.44,175.44,175.39,175.39,1435.0
2024-09-06 10:40:00+00:00,175.15,175.15,175.0,175.0,3611.0
2024-09-06 10:45:00+00:00,174.99,175.32,174.99,175.32,4487.0
2024-09-06 10:50:00+00:00,175.3,175.3,175.3,175.3,1005.0
2024-09-06 10:55:00+00:00,175.21,175.26,175.2,175.26,2293.0
2024-09-06 11:00:00+00:00,175.3,175.7,175.25,175.69,12609.0
2024-09-06 11:05:00+00:00,175.67,175.7,175.59,175.59,8307.0
2024-09-06 11:10:00+00:00,175.64,175.7,175.55,175.62,6007.0
2024-09-06 11:15:00+00:00,175.55,175.63,175.55,175.63,2702.0
2024-09-06 11:20:00+00:00,175.92,175.92,175.9,175.92,2482.0
2024-09-06 11:25:00+00:00,175.92,175.96,175.7,175.75,7645.0
2024-09-06 11:30:00+00:00,175.75,175.75,175.75,175.75,1049.0
2024-09-06 11:35:00+00:00,175.75,175.77,175.64,175.7,8342.0
2024-09-06 11:40:00+00:00,175.8,175.88,175.8,175.88,4142.0
2024-09-06 11:45:00+00:00,175.88,175.9,175.88,175.9,839.0
2024-09-06 11:50:00+00:00,175.9,176.0,175.9,176.0,4598.0
2024-09-06 11:55:00+00:00,176.12,176.16,176.1,176.11,3298.0
2024-09-06 12:00:00+00:00,175.3,177.446,174.6238,176.38,50819.0
2024-09-06 12:05:00+00:00,176.37,176.48,176.3,176.4593,26895.0
2024-09-06 12:10:00+00:00,176.15,176.18,176.15,176.17,5490.0
2024-09-06 12:15:00+00:00,176.1,176.27,176.07,176.27,2686.0
2024-09-06 12:20:00+00:00,176.33,176.4907,176.0744,176.4,10796.0
2024-09-06 12:25:00+00:00,176.48,176.5023,176.25,176.25,14166.0
2024-09-06 12:30:00+00:00,176.22,177.95,175.8,177.4,72445.0
2024-09-06 12:35:00+00:00,177.4,177.61,177.0,177.55,64242.0
2024-09-06 12:40:00+00:00,177.46,177.54,176.89,177.01,33340.0
2024-09-06 12:45:00+00:00,176.8,177.77,176.6226,177.75,42906.0
2024-09-06 12:50:00+00:00,177.77,178.1,177.56,177.92,67987.0
2024-09-06 12:55:00+00:00,177.81,178.09,177.81,178.02,18187.0
2024-09-06 13:00:00+00:00,178.13,178.19,177.6638,177.85,23357.0
2024-09-06 13:05:00+00:00,177.77,178.12,177.74,177.89,21268.0
2024-09-06 13:10:00+00:00,177.86,177.98,177.64,177.71,9038.0
2024-09-06 13:15:00+00:00,177.8795,178.0615,177.81,177.81,5640.0
2024-09-06 13:20:00+00:00,177.81,178.2,177.76,178.08,16074.0
2024-09-06 13:25:00+00:00,178.0,178.05,177.19,177.2,42184.0
2024-09-06 13:30:00+00:00,177.28,178.38,177.04,177.61,1056521.0
2024-09-06 13:35:00+00:00,177.66,177.73,176.61,176.98,567593.0
2024-09-06 13:40:00+00:00,176.9908,177.48,176.6,177.4599,413784.0
2024-09-06 13:45:00+00:00,177.445,177.8,176.97,177.0,405630.0
2024-09-06 13:50:00+00:00,177.0,177.0,176.23,176.29,487059.0
2024-09-06 13:55:00+00:00,176.31,176.375,175.69,175.715,426403.0
2024-09-06 14:00:00+00:00,175.725,175.89,175.36,175.5948,501627.0
2024-09-06 14:05:00+00:00,175.61,175.95,175.29,175.33,332312.0
2024-09-06 14:10:00+00:00,175.32,175.6453,174.87,175.2734,620123.0
2024-09-06 14:15:00+00:00,175.29,175.67,175.05,175.54,269791.0
2024-09-06 14:20:00+00:00,175.56,175.655,174.98,175.0399,312693.0
2024-09-06 14:25:00+00:00,175.03,175.04,174.4,174.485,430579.0
2024-09-06 14:30:00+00:00,174.44,174.54,174.02,174.15,408241.0
2024-09-06 14:35:00+00:00,174.145,174.38,173.9,174.17,435297.0
2024-09-06 14:40:00+00:00,174.14,174.16,173.56,173.61,440955.0
2024-09-06 14:45:00+00:00,173.615,173.83,173.21,173.245,370959.0
2024-09-06 14:50:00+00:00,173.25,173.47,173.17,173.24,364202.0
2024-09-06 14:55:00+00:00,173.27,173.5,173.07,173.49,443510.0
2024-09-06 15:00:00+00:00,173.48,174.31,173.44,173.58,927600.0
2024-09-06 15:05:00+00:00,173.54,173.96,173.44,173.55,287772.0
2024-09-06 15:10:00+00:00,173.56,173.78,173.25,173.33,305346.0
2024-09-06 15:15:00+00:00,173.335,173.43,172.42,172.59,563845.0
2024-09-06 15:20:00+00:00,172.6101,172.92,172.43,172.5,456014.0
2024-09-06 15:25:00+00:00,172.52,172.6499,172.36,172.55,354857.0
2024-09-06 15:30:00+00:00,172.56,173.15,172.5155,172.68,404920.0
2024-09-06 15:35:00+00:00,172.69,172.935,172.54,172.74,253310.0
2024-09-06 15:40:00+00:00,172.71,172.82,172.37,172.42,228372.0
2024-09-06 15:45:00+00:00,172.41,172.43,172.05,172.39,401790.0
2024-09-06 15:50:00+00:00,172.38,172.5,172.03,172.45,351629.0
2024-09-06 15:55:00+00:00,172.49,172.665,172.01,172.01,268218.0
2024-09-06 16:00:00+00:00,172.01,172.3653,171.92,172.09,262687.0
2024-09-06 16:05:00+00:00,172.1235,172.31,171.99,172.13,244127.0
2024-09-06 16:10:00+00:00,172.13,172.2628,171.97,171.97,262340.0
2024-09-06 16:15:00+00:00,171.97,172.12,171.77,171.98,384423.0
2024-09-06 16:20:00+00:00,171.98,172.23,171.89,172.21,225611.0
2024-09-06 16:25:00+00:00,172.21,172.255,171.73,171.75,242490.0
2024-09-06 16:30:00+00:00,171.7401,172.3199,171.71,172.28,241175.0
2024-09-06 16:35:00+00:00,172.27,172.44,171.83,171.8501,243299.0
2024-09-06 16:40:00+00:00,171.8699,172.23,171.8,172.2,203890.0
2024-09-06 16:45:00+00:00,172.208,172.215,171.78,171.84,183248.0
2024-09-06 16:50:00+00:00,171.84,171.94,171.7,171.83,190259.0
2024-09-06 16:55:00+00:00,171.81,172.06,171.656,171.9,317180.0
2024-09-06 17:00:00+00:00,171.91,172.17,171.8273,172.1,516984.0
2024-09-06 17:05:00+00:00,172.085,172.5,171.98,172.41,225259.0
2024-09-06 17:10:00+00:00,172.37,172.55,172.31,172.46,218565.0
2024-09-06 17:15:00+00:00,172.445,172.5861,172.43,172.49,212336.0
2024-09-06 17:20:00+00:00,172.49,172.92,172.47,172.92,186844.0
2024-09-06 17:25:00+00:00,172.92,173.07,172.43,172.435,296923.0
2024-09-06 17:30:00+00:00,172.41,172.69,172.33,172.66,181182.0
2024-09-06 17:35:00+00:00,172.67,172.6899,172.42,172.495,140891.0
2024-09-06 17:40:00+00:00,172.48,172.54,172.34,172.42,129190.0
2024-09-06 17:45:00+00:00,172.4197,172.53,172.3,172.345,192607.0
2024-09-06 17:50:00+00:00,172.35,172.49,172.28,172.445,147942.0
2024-09-06 17:55:00+00:00,172.44,172.61,172.3101,172.33,264817.0
2024-09-06 18:00:00+00:00,172.3301,172.45,172.07,172.125,196330.0
2024-09-06 18:05:00+00:00,172.12,172.17,171.9995,172.105,231171.0
2024-09-06 18:10:00+00:00,172.09,172.3717,172.06,172.2101,139456.0
2024-09-06 18:15:00+00:00,172.23,172.29,172.02,172.07,205726.0
2024-09-06 18:20:00+00:00,172.065,172.29,171.98,172.0194,170723.0
2024-09-06 18:25:00+00:00,172.01,172.23,171.89,172.22,224839.0
2024-09-06 18:30:00+00:00,172.23,172.2347,171.86,171.96,307598.0
2024-09-06 18:35:00+00:00,171.965,172.03,171.79,171.98,203778.0
2024-09-06 18:40:00+00:00,171.99,172.1899,171.86,172.18,206742.0
2024-09-06 18:45:00+00:00,172.16,172.16,171.89,171.96,124112.0
2024-09-06 18:50:00+00:00,171.96,172.1,171.77,172.05,189097.0
2024-09-06 18:55:00+00:00,172.04,172.15,171.76,171.795,313227.0
2024-09-06 19:00:00+00:00,171.79,172.235,171.78,172.23,350638.0
2024-09-06 19:05:00+00:00,172.22,172.485,172.18,172.47,346797.0
2024-09-06 19:10:00+00:00,172.47,172.58,172.21,172.395,308379.0
2024-09-06 19:15:00+00:00,172.395,172.598,172.38,172.425,249004.0
2024-09-06 19:20:00+00:00,172.43,172.6,172.26,172.43,258243.0
2024-09-06 19:25:00+00:00,172.4438,172.7499,172.31,172.35,414542.0
2024-09-06 19:30:00+00:00,172.36,172.4,172.25,172.3,371505.0
2024-09-06 19:35:00+00:00,172.31,172.37,172.04,172.11,432982.0
2024-09-06 19:40:00+00:00,172.11,172.29,172.0101,172.035,356028.0
2024-09-06 19:45:00+00:00,172.035,172.48,172.035,172.38,398255.0
2024-09-06 19:50:00+00:00,172.38,172.61,171.78,172.03,839811.0
2024-09-06 19:55:00+00:00,172.02,172.02,171.16,171.44,2343820.0
2024-09-06 20:00:00+00:00,171.49,171.629,171.3728,171.55,9144302.0
2024-09-06 20:05:00+00:00,171.5503,171.56,171.39,171.39,2400022.0
2024-09-06 20:10:00+00:00,171.4,171.4,171.33,171.36,38950.0
2024-09-06 20:15:00+00:00,171.45,171.48,171.36,171.4,7150.0
2024-09-06 20:20:00+00:00,171.37,171.39,171.03,171.05,29538.0
2024-09-06 20:25:00+00:00,171.143,171.39,171.0,171.0,22875.0
2024-09-06 20:30:00+00:00,171.02,171.02,170.62,170.62,17439.0
2024-09-06 20:35:00+00:00,170.59,170.7,170.5,170.52,13196.0
2024-09-06 20:40:00+00:00,170.52,170.61,170.41,170.52,17603.0
2024-09-06 20:45:00+00:00,170.52,171.39,170.52,170.62,15551.0
2024-09-06 20:50:00+00:00,170.68,170.68,170.2497,170.2497,14323.0
2024-09-06 20:55:00+00:00,170.2328,170.6,170.2328,170.6,10171.0
2024-09-06 21:00:00+00:00,170.58,171.39,170.5101,170.53,231845.0
2024-09-06 21:05:00+00:00,170.53,170.54,170.49,170.512,4616.0
2024-09-06 21:10:00+00:00,170.6,170.6,170.55,170.55,1271.0
2024-09-06 21:15:00+00:00,170.5496,170.5498,170.54,170.54,1265.0
2024-09-06 21:20:00+00:00,170.53,170.68,170.52,170.6,5377.0
2024-09-06 21:25:00+00:00,170.65,170.65,170.5,170.5,3829.0
2024-09-06 21:30:00+00:00,170.4899,170.6886,170.4601,170.6886,3602.0
2024-09-06 21:35:00+00:00,170.6894,170.69,170.67,170.67,1468.0
2024-09-06 21:40:00+00:00,170.6698,170.67,170.65,170.65,885.0
2024-09-06 21:45:00+00:00,170.6,170.8,170.55,170.8,8493.0
2024-09-06 21:50:00+00:00,170.6943,170.74,170.6943,170.72,1034.0
2024-09-06 21:55:00+00:00,170.75,170.75,170.7,170.7,1980.0
2024-09-06 22:00:00+00:00,170.6025,170.6025,170.6025,170.6025,2865.0
2024-09-06 22:10:00+00:00,170.73,170.79,170.65,170.65,5571.0
2024-09-06 22:15:00+00:00,170.79,170.79,170.7005,170.7899,3505.0
2024-09-06 22:20:00+00:00,170.6498,170.7,170.6498,170.7,1363.0
2024-09-06 22:25:00+00:00,170.7,170.7885,170.7,170.7536,2062.0
2024-09-06 22:30:00+00:00,170.78,170.78,170.78,170.78,238.0
2024-09-06 22:35:00+00:00,170.78,170.82,170.75,170.8094,952.0
2024-09-06 22:40:00+00:00,170.8,170.8,170.8,170.8,859.0
2024-09-06 22:50:00+00:00,170.85,170.85,170.8077,170.81,1749.0
2024-09-06 22:55:00+00:00,170.84,170.84,170.84,170.84,1220.0
2024-09-06 23:00:00+00:00,170.85,170.85,170.85,170.85,201.0
2024-09-06 23:05:00+00:00,170.9129,170.9129,170.9129,170.9129,202.0
2024-09-06 23:15:00+00:00,170.9,170.98,170.9,170.977,2095.0
2024-09-06 23:20:00+00:00,170.95,170.98,170.94,170.9794,1076.0
2024-09-06 23:25:00+00:00,170.91,170.91,170.85,170.87,1537.0
2024-09-06 23:30:00+00:00,170.8,170.9,170.7501,170.7501,251843.0
2024-09-06 23:35:00+00:00,170.9,170.9,170.8923,170.9,2041.0
2024-09-06 23:40:00+00:00,170.85,170.9,170.85,170.9,1889.0
2024-09-06 23:45:00+00:00,170.95,171.0,170.9,170.9,3275.0
2024-09-06 23:50:00+00:00,170.89,170.89,170.79,170.79,1693.0
2024-09-06 23:55:00+00:00,170.7,170.75,170.56,170.56,2712.0
2024-09-09 08:00:00+00:00,172.12,173.49,172.12,173.25,10237.0
2024-09-09 08:05:00+00:00,173.3,173.31,173.27,173.27,3316.0
2024-09-09 08:10:00+00:00,173.27,173.3,173.11,173.3,5208.0
2024-09-09 08:15:00+00:00,173.12,173.14,173.1,173.1,4185.0
2024-09-09 08:20:00+00:00,173.1,173.1,172.83,172.83,3021.0
2024-09-09 08:30:00+00:00,172.98,172.985,172.98,172.985,755.0
2024-09-09 08:35:00+00:00,173.04,173.04,172.99,172.99,426.0
2024-09-09 08:50:00+00:00,173.01,173.06,173.01,173.06,850.0
2024-09-09 08:55:00+00:00,173.08,173.12,173.07,173.12,2298.0
2024-09-09 09:00:00+00:00,173.11,173.11,173.11,173.11,563.0
2024-09-09 09:05:00+00:00,173.17,173.17,173.17,173.17,1033.0
2024-09-09 09:10:00+00:00,173.42,173.42,173.42,173.42,322.0
2024-09-09 09:15:00+00:00,173.46,173.46,173.45,173.45,528.0
2024-09-09 09:35:00+00:00,173.48,173.48,173.4,173.4,1787.0
2024-09-09 09:40:00+00:00,173.41,173.43,173.4,173.4,4749.0
2024-09-09 09:45:00+00:00,173.43,173.57,173.42,173.57,6047.0
2024-09-09 09:50:00+00:00,173.41,173.41,173.4,173.4,3295.0
2024-09-09 10:00:00+00:00,173.52,173.53,173.52,173.53,741.0
2024-09-09 10:05:00+00:00,173.53,173.53,173.53,173.53,922.0
2024-09-09 10:10:00+00:00,173.74,173.77,173.74,173.76,1854.0
2024-09-09 10:15:00+00:00,173.74,173.74,173.66,173.66,770.0
2024-09-09 10:25:00+00:00,173.66,173.8,173.65,173.8,5342.0
2024-09-09 10:30:00+00:00,173.8,173.8,173.75,173.75,2456.0
2024-09-09 10:35:00+00:00,173.76,173.76,173.61,173.71,2756.0
2024-09-09 10:40:00+00:00,173.7,173.76,173.7,173.75,12454.0
2024-09-09 10:45:00+00:00,173.8,173.8,173.78,173.79,1446.0
2024-09-09 10:50:00+00:00,173.75,173.79,173.69,173.79,2610.0
2024-09-09 10:55:00+00:00,173.8,173.8,173.75,173.75,1269.0
2024-09-09 11:00:00+00:00,173.77,173.88,173.68,173.76,44509.0
2024-09-09 11:05:00+00:00,173.76,173.93,173.72,173.93,15575.0
2024-09-09 11:10:00+00:00,173.93,173.94,173.93,173.94,3474.0
2024-09-09 11:15:00+00:00,173.91,173.94,173.91,173.94,2269.0
2024-09-09 11:20:00+00:00,173.95,173.95,173.95,173.95,893.0
2024-09-09 11:25:00+00:00,173.9,173.98,173.8,173.8,2859.0
2024-09-09 11:30:00+00:00,173.81,173.87,173.74,173.85,4814.0
2024-09-09 11:35:00+00:00,173.83,173.85,173.72,173.85,3477.0
2024-09-09 11:40:00+00:00,173.85,173.85,173.8,173.8,1119.0
2024-09-09 11:45:00+00:00,173.8,173.8,173.72,173.77,4640.0
2024-09-09 11:50:00+00:00,173.79,173.79,173.7,173.7,3984.0
2024-09-09 11:55:00+00:00,173.7,173.73,173.7,173.7,2791.0
2024-09-09 12:00:00+00:00,173.78,173.99,172.39,173.7,73924.0
2024-09-09 12:05:00+00:00,173.7,173.7,173.5,173.5088,7563.0
2024-09-09 12:10:00+00:00,173.3602,173.5215,170.962,173.275,8556.0
2024-09-09 12:15:00+00:00,173.3,173.35,173.19,173.19,4624.0
2024-09-09 12:20:00+00:00,173.15,173.22,173.0,173.0,3113.0
2024-09-09 12:25:00+00:00,173.0,173.15,173.0,173.04,5342.0
2024-09-09 12:30:00+00:00,173.0,173.22,173.0,173.11,15284.0
2024-09-09 12:35:00+00:00,173.13,173.4377,173.065,173.3,12451.0
2024-09-09 12:40:00+00:00,173.35,173.55,173.35,173.41,6905.0
2024-09-09 12:45:00+00:00,173.48,173.48,173.3,173.4399,3619.0
2024-09-09 12:50:00+00:00,173.35,173.55,173.35,173.55,2974.0
2024-09-09 12:55:00+00:00,173.73,173.75,173.7,173.7,5573.0
2024-09-09 13:00:00+00:00,173.6525,173.75,173.6525,173.75,9006.0
2024-09-09 13:05:00+00:00,173.77,173.84,173.7208,173.7402,11350.0
2024-09-09 13:10:00+00:00,173.77,173.85,173.6765,173.85,27951.0
2024-09-09 13:15:00+00:00,173.88,173.88,173.68,173.76,164658.0
2024-09-09 13:20:00+00:00,173.76,173.76,173.5505,173.67,244441.0
2024-09-09 13:25:00+00:00,173.75,175.08,173.75,174.78,99532.0
2024-09-09 13:30:00+00:00,174.53,175.18,173.53,174.99,1476856.0
2024-09-09 13:35:00+00:00,175.0,175.04,174.52,174.805,440857.0
2024-09-09 13:40:00+00:00,174.8,175.21,174.55,175.0,487229.0
2024-09-09 13:45:00+00:00,175.0,175.09,174.6101,174.715,397023.0
2024-09-09 13:50:00+00:00,174.7101,175.34,174.71,174.96,438565.0
2024-09-09 13:55:00+00:00,174.97,175.32,174.93,175.13,344490.0
2024-09-09 14:00:00+00:00,175.15,175.25,174.74,175.0336,297013.0
2024-09-09 14:05:00+00:00,175.0106,175.0106,174.21,174.375,339610.0
2024-09-09 14:10:00+00:00,174.375,175.18,174.375,175.1,329550.0
2024-09-09 14:15:00+00:00,175.11,175.2,174.36,174.56,327816.0
2024-09-09 14:20:00+00:00,174.53,174.64,174.22,174.34,408731.0
2024-09-09 14:25:00+00:00,174.34,174.4196,174.06,174.32,261690.0
2024-09-09 14:30:00+00:00,174.32,174.34,173.73,174.025,280001.0
2024-09-09 14:35:00+00:00,174.03,174.2,173.81,173.94,287398.0
2024-09-09 14:40:00+00:00,173.95,174.17,173.92,173.95,249326.0
2024-09-09 14:45:00+00:00,173.97,174.164,173.83,174.164,299261.0
2024-09-09 14:50:00+00:00,174.13,174.21,173.95,174.11,249445.0
2024-09-09 14:55:00+00:00,174.1,174.235,173.66,173.8,386670.0
2024-09-09 15:00:00+00:00,173.8,174.3,173.71,174.25,320430.0
2024-09-09 15:05:00+00:00,174.2503,174.29,173.92,174.0801,290946.0
2024-09-09 15:10:00+00:00,174.07,174.07,173.51,173.65,234217.0
2024-09-09 15:15:00+00:00,173.6405,173.93,173.6,173.92,240884.0
2024-09-09 15:20:00+00:00,173.91,174.0,173.77,173.97,194076.0
2024-09-09 15:25:00+00:00,173.96,174.44,173.82,174.41,315059.0
2024-09-09 15:30:00+00:00,174.425,174.68,174.28,174.63,269743.0
2024-09-09 15:35:00+00:00,174.64,174.655,174.27,174.64,199765.0
2024-09-09 15:40:00+00:00,174.6352,174.765,174.53,174.59,178936.0
2024-09-09 15:45:00+00:00,174.585,174.9,174.49,174.8878,204085.0
2024-09-09 15:50:00+00:00,174.9,175.1,174.83,175.01,231981.0
2024-09-09 15:55:00+00:00,175.0,175.29,174.98,175.29,171501.0
2024-09-09 16:00:00+00:00,175.28,175.77,175.1,175.69,426810.0
2024-09-09 16:05:00+00:00,175.7,175.765,175.37,175.55,256402.0
2024-09-09 16:10:00+00:00,175.5505,175.65,175.265,175.29,235228.0
2024-09-09 16:15:00+00:00,175.2723,175.48,175.2099,175.45,165026.0
2024-09-09 16:20:00+00:00,175.44,175.56,175.3,175.38,119487.0
2024-09-09 16:25:00+00:00,175.38,175.455,175.28,175.34,165394.0
2024-09-09 16:30:00+00:00,175.35,175.53,175.31,175.39,177024.0
2024-09-09 16:35:00+00:00,175.39,175.57,175.171,175.3286,137352.0
2024-09-09 16:40:00+00:00,175.33,175.5,175.21,175.41,142010.0
2024-09-09 16:45:00+00:00,175.41,175.5362,175.3704,175.42,133005.0
2024-09-09 16:50:00+00:00,175.4103,175.59,175.4103,175.49,105693.0
2024-09-09 16:55:00+00:00,175.49,175.65,175.45,175.62,124983.0
2024-09-09 17:00:00+00:00,175.615,175.7,175.415,175.57,138938.0
2024-09-09 17:05:00+00:00,175.58,175.85,175.58,175.75,135063.0
2024-09-09 17:10:00+00:00,175.76,175.77,175.4609,175.5,132567.0
2024-09-09 17:15:00+00:00,175.495,175.66,175.43,175.585,92519.0
2024-09-09 17:20:00+00:00,175.58,175.685,175.47,175.64,108628.0
2024-09-09 17:25:00+00:00,175.64,175.735,175.53,175.55,223841.0
2024-09-09 17:30:00+00:00,175.55,175.55,175.05,175.1,213899.0
2024-09-09 17:35:00+00:00,175.0909,175.25,175.02,175.1501,185571.0
2024-09-09 17:40:00+00:00,175.16,175.28,174.73,174.7349,226082.0
2024-09-09 17:45:00+00:00,174.7562,175.0799,174.66,175.04,181385.0
2024-09-09 17:50:00+00:00,175.01,175.1301,174.94,174.97,127714.0
2024-09-09 17:55:00+00:00,174.95,175.02,174.57,174.64,167213.0
2024-09-09 18:00:00+00:00,174.63,174.8,174.41,174.58,184704.0
2024-09-09 18:05:00+00:00,174.585,174.62,174.4875,174.6,121198.0
2024-09-09 18:10:00+00:00,174.618,174.618,174.455,174.5,145140.0
2024-09-09 18:15:00+00:00,174.496,174.545,174.34,174.502,186441.0
2024-09-09 18:20:00+00:00,174.51,174.54,174.2701,174.2999,204625.0
2024-09-09 18:25:00+00:00,174.29,174.46,174.03,174.0477,223000.0
2024-09-09 18:30:00+00:00,174.05,174.18,173.87,174.18,264514.0
2024-09-09 18:35:00+00:00,174.17,174.2,173.88,173.93,185994.0
2024-09-09 18:40:00+00:00,173.94,174.46,173.85,174.4447,268898.0
2024-09-09 18:45:00+00:00,174.45,174.57,174.28,174.28,199096.0
2024-09-09 18:50:00+00:00,174.29,174.42,174.11,174.14,166515.0
2024-09-09 18:55:00+00:00,174.14,174.22,173.99,174.0299,164431.0
2024-09-09 19:00:00+00:00,174.01,174.08,173.68,173.725,193249.0
2024-09-09 19:05:00+00:00,173.72,174.02,173.691,173.97,206968.0
2024-09-09 19:10:00+00:00,173.96,173.96,173.72,173.7854,157590.0
2024-09-09 19:15:00+00:00,173.77,173.94,173.77,173.83,194591.0
2024-09-09 19:20:00+00:00,173.83,174.2783,173.67,174.22,280121.0
2024-09-09 19:25:00+00:00,174.2,174.56,174.1,174.56,273917.0
2024-09-09 19:30:00+00:00,174.545,174.6,174.2962,174.3335,239321.0
2024-09-09 19:35:00+00:00,174.35,174.5,174.18,174.285,336655.0
2024-09-09 19:40:00+00:00,174.3,174.585,174.3,174.4,292664.0
2024-09-09 19:45:00+00:00,174.37,174.62,174.2,174.62,331738.0
2024-09-09 19:50:00+00:00,174.61,174.92,174.48,174.85,703411.0
2024-09-09 19:55:00+00:00,174.84,175.55,174.83,175.43,1665571.0
2024-09-09 20:00:00+00:00,175.4,175.56,175.39,175.48,6090855.0
2024-09-09 20:05:00+00:00,175.46,175.8191,175.4,175.75,182911.0
2024-09-09 20:10:00+00:00,175.78,175.88,175.65,175.88,11748.0
2024-09-09 20:15:00+00:00,175.8781,176.18,175.8781,176.0,30405.0
2024-09-09 20:20:00+00:00,176.0,176.09,175.91,175.98,87463.0
2024-09-09 20:25:00+00:00,176.0,176.3451,176.0,176.3451,17837.0
2024-09-09 20:30:00+00:00,176.3007,176.8688,176.3007,176.8688,31447.0
2024-09-09 20:35:00+00:00,176.81,176.94,176.6,176.85,47102.0
2024-09-09 20:40:00+00:00,176.85,177.0,176.85,176.85,16768.0
2024-09-09 20:45:00+00:00,176.85,176.88,175.4,176.82,11264.0
2024-09-09 20:50:00+00:00,176.83,176.86,176.68,176.79,9224.0
2024-09-09 20:55:00+00:00,176.7101,176.82,175.4,176.82,28763.0
2024-09-09 21:00:00+00:00,176.83,176.83,176.68,176.75,3562.0
2024-09-09 21:05:00+00:00,176.7311,176.7311,176.72,176.72,1345.0
2024-09-09 21:10:00+00:00,176.76,176.76,176.61,176.61,686.0
2024-09-09 21:15:00+00:00,176.61,176.63,176.53,176.5307,2808.0
2024-09-09 21:20:00+00:00,176.54,176.66,176.54,176.66,4663.0
2024-09-09 21:25:00+00:00,176.62,176.8196,176.62,176.8196,3498.0
2024-09-09 21:30:00+00:00,176.72,176.8399,176.72,176.82,4377.0
2024-09-09 21:35:00+00:00,176.82,176.85,176.82,176.84,2051.0
2024-09-09 21:40:00+00:00,176.85,176.85,176.83,176.83,1366.0
2024-09-09 21:45:00+00:00,176.85,176.85,176.64,176.65,4345.0
2024-09-09 21:50:00+00:00,176.6899,176.6899,176.6355,176.6355,3173.0
2024-09-09 21:55:00+00:00,176.6303,176.65,176.61,176.61,1437.0
2024-09-09 22:05:00+00:00,176.5078,176.9,176.5,176.9,11536.0
2024-09-09 22:10:00+00:00,176.919,176.919,176.4125,176.55,2956.0
2024-09-09 22:15:00+00:00,176.53,176.53,176.435,176.46,2177.0
2024-09-09 22:20:00+00:00,176.5,176.6,176.5,176.6,904.0
2024-09-09 22:25:00+00:00,176.55,176.6,176.5201,176.5245,5894.0
2024-09-09 22:30:00+00:00,176.521,176.56,176.521,176.56,994.0
2024-09-09 22:40:00+00:00,176.52,176.52,176.3,176.3,6048.0
2024-09-09 22:45:00+00:00,176.35,176.35,176.0,176.01,4052.0
2024-09-09 22:55:00+00:00,176.05,176.05,175.93,175.93,2318.0
2024-09-09 23:00:00+00:00,176.0,176.08,176.0,176.08,1276.0
2024-09-09 23:10:00+00:00,176.1,176.1,176.1,176.1,396.0
2024-09-09 23:15:00+00:00,176.2986,176.2986,176.15,176.15,1896.0
2024-09-09 23:20:00+00:00,176.19,176.19,176.19,176.19,418.0
2024-09-09 23:25:00+00:00,176.16,176.16,176.0219,176.0219,2417.0
2024-09-09 23:30:00+00:00,176.09,176.15,176.09,176.15,549.0
2024-09-09 23:35:00+00:00,176.15,176.1529,176.15,176.1529,2453.0
2024-09-09 23:40:00+00:00,176.15,176.2,176.11,176.11,3236.0
2024-09-09 23:45:00+00:00,176.02,176.2234,176.02,176.0312,3694.0
2024-09-09 23:50:00+00:00,176.0392,176.2,176.0358,176.2,1793.0
2024-09-09 23:55:00+00:00,176.01,176.25,176.0,176.25,8311.0
2024-09-10 08:00:00+00:00,175.74,176.0,175.74,176.0,3699.0
2024-09-10 08:05:00+00:00,175.81,175.87,175.79,175.87,2643.0
2024-09-10 08:10:00+00:00,175.83,175.83,175.83,175.83,1022.0
2024-09-10 08:15:00+00:00,175.88,175.88,175.88,175.88,759.0
2024-09-10 08:20:00+00:00,175.84,175.84,175.75,175.75,601.0
2024-09-10 08:35:00+00:00,175.6,175.6,175.5,175.55,1974.0
2024-09-10 08:45:00+00:00,175.63,175.76,175.63,175.76,1445.0
2024-09-10 09:05:00+00:00,175.34,175.5,175.34,175.5,2551.0
2024-09-10 09:10:00+00:00,175.0,175.05,175.0,175.05,1704.0
2024-09-10 09:40:00+00:00,175.39,175.4,175.39,175.4,4138.0
2024-09-10 09:50:00+00:00,175.69,175.69,175.69,175.69,1019.0
2024-09-10 09:55:00+00:00,175.67,175.69,175.67,175.69,1372.0
2024-09-10 10:00:00+00:00,175.68,175.69,175.68,175.69,1948.0
2024-09-10 10:20:00+00:00,175.68,175.75,175.68,175.75,2395.0
2024-09-10 10:25:00+00:00,175.9,176.09,175.85,176.09,6844.0
2024-09-10 10:30:00+00:00,176.11,176.4,176.1,176.4,7328.0
2024-09-10 10:35:00+00:00,176.5,176.7,176.5,176.61,5122.0
2024-09-10 10:40:00+00:00,176.43,176.43,176.43,176.43,100.0
2024-09-10 10:45:00+00:00,176.31,176.31,176.3,176.3,1046.0
2024-09-10 11:00:00+00:00,176.13,176.31,176.13,176.31,6632.0
2024-09-10 11:05:00+00:00,176.15,176.18,176.15,176.18,1375.0
2024-09-10 11:10:00+00:00,176.2,176.25,176.13,176.18,2804.0
2024-09-10 11:15:00+00:00,176.3,176.38,176.15,176.15,5322.0
2024-09-10 11:20:00+00:00,176.14,176.14,176.08,176.14,3279.0
2024-09-10 11:25:00+00:00,176.31,176.6,176.31,176.6,5165.0
2024-09-10 11:30:00+00:00,176.46,176.51,176.46,176.5,5235.0
2024-09-10 11:35:00+00:00,176.6,176.68,176.48,176.48,8099.0
2024-09-10 11:40:00+00:00,176.57,176.61,176.57,176.6,1066.0
2024-09-10 11:45:00+00:00,176.68,176.95,176.68,176.95,6609.0
2024-09-10 11:50:00+00:00,176.88,176.96,176.85,176.96,6937.0
2024-09-10 11:55:00+00:00,177.0,177.24,177.0,177.15,17704.0
2024-09-10 12:00:00+00:00,176.25,177.38,174.99,177.37,63854.0
2024-09-10 12:05:00+00:00,177.4,177.6,177.38,177.6,33174.0
2024-09-10 12:10:00+00:00,177.65,177.75,177.5,177.67,12135.0
2024-09-10 12:15:00+00:00,177.6,177.68,177.6,177.6006,3969.0
2024-09-10 12:20:00+00:00,177.73,177.77,177.2117,177.52,30613.0
2024-09-10 12:25:00+00:00,177.5,177.76,177.4001,177.6,18062.0
2024-09-10 12:30:00+00:00,177.5001,177.7202,175.4,177.57,7473.0
2024-09-10 12:35:00+00:00,177.58,177.7695,177.5,177.76,5450.0
2024-09-10 12:40:00+00:00,177.76,177.88,177.75,177.82,10119.0
2024-09-10 12:45:00+00:00,177.82,177.92,177.6975,177.6975,19481.0
2024-09-10 12:50:00+00:00,177.7,177.7,177.6,177.62,10647.0
2024-09-10 12:55:00+00:00,177.626,177.626,177.515,177.5903,5855.0
2024-09-10 13:00:00+00:00,177.675,177.82,177.59,177.82,12953.0
2024-09-10 13:05:00+00:00,177.88,177.94,177.8,177.8,17064.0
2024-09-10 13:10:00+00:00,177.8,177.92,177.7149,177.7149,22051.0
2024-09-10 13:15:00+00:00,177.79,177.94,177.7,177.91,18140.0
2024-09-10 13:20:00+00:00,177.92,178.25,177.79,178.25,44972.0
2024-09-10 13:25:00+00:00,178.2,178.2,177.33,177.4896,72275.0
2024-09-10 13:30:00+00:00,177.49,179.47,177.05,179.4,2046785.0
2024-09-10 13:35:00+00:00,179.385,179.72,177.8,178.09,963265.0
2024-09-10 13:40:00+00:00,178.07,178.79,178.01,178.69,571002.0
2024-09-10 13:45:00+00:00,178.7,179.021,178.25,178.89,525536.0
2024-09-10 13:50:00+00:00,178.89,179.57,178.325,179.545,553498.0
2024-09-10 13:55:00+00:00,179.54,179.9,179.35,179.5,701383.0
2024-09-10 14:00:00+00:00,179.51,179.87,179.12,179.42,519227.0
2024-09-10 14:05:00+00:00,179.415,179.72,178.95,179.48,544809.0
2024-09-10 14:10:00+00:00,179.47,179.5,178.18,178.49,584884.0
2024-09-10 14:15:00+00:00,178.5,178.61,178.07,178.55,381199.0
2024-09-10 14:20:00+00:00,178.57,178.73,178.01,178.14,317629.0
2024-09-10 14:25:00+00:00,178.13,178.62,178.08,178.49,264730.0
2024-09-10 14:30:00+00:00,178.485,178.59,177.73,177.91,408211.0
2024-09-10 14:35:00+00:00,177.95,178.1,177.755,177.91,248407.0
2024-09-10 14:40:00+00:00,177.92,178.09,177.49,177.545,309786.0
2024-09-10 14:45:00+00:00,177.53,177.56,177.13,177.4055,290744.0
2024-09-10 14:50:00+00:00,177.39,177.4,176.79,177.3,324306.0
2024-09-10 14:55:00+00:00,177.32,177.43,177.14,177.3402,247351.0
2024-09-10 15:00:00+00:00,177.35,177.5,177.185,177.29,216530.0
2024-09-10 15:05:00+00:00,177.28,177.47,177.2,177.36,214940.0
2024-09-10 15:10:00+00:00,177.3895,177.71,177.35,177.6,241628.0
2024-09-10 15:15:00+00:00,177.61,178.29,177.5409,178.1071,327273.0
2024-09-10 15:20:00+00:00,178.1101,178.37,178.03,178.2921,234170.0
2024-09-10 15:25:00+00:00,178.3212,178.72,178.32,178.69,267943.0
2024-09-10 15:30:00+00:00,178.69,178.96,178.6858,178.7712,286520.0
2024-09-10 15:35:00+00:00,178.78,178.84,178.54,178.565,196372.0
2024-09-10 15:40:00+00:00,178.575,178.8,178.52,178.6,175665.0
2024-09-10 15:45:00+00:00,178.59,178.7,178.335,178.58,261356.0
2024-09-10 15:50:00+00:00,178.58,178.58,178.12,178.27,343663.0
2024-09-10 15:55:00+00:00,178.28,178.4,177.81,177.81,293039.0
2024-09-10 16:00:00+00:00,177.815,178.059,177.6067,177.85,392024.0
2024-09-10 16:05:00+00:00,177.83,177.9329,177.57,177.64,174265.0
2024-09-10 16:10:00+00:00,177.63,177.7434,177.51,177.5296,202163.0
2024-09-10 16:15:00+00:00,177.51,177.86,177.38,177.79,321319.0
2024-09-10 16:20:00+00:00,177.78,178.38,177.73,178.3,253949.0
2024-09-10 16:25:00+00:00,178.315,178.3927,178.11,178.24,190910.0
2024-09-10 16:30:00+00:00,178.26,178.4699,178.19,178.38,136707.0
2024-09-10 16:35:00+00:00,178.3883,178.3883,178.165,178.24,203254.0
2024-09-10 16:40:00+00:00,178.23,178.5874,178.23,178.45,428482.0
2024-09-10 16:45:00+00:00,178.44,178.5799,178.27,178.5799,136014.0
2024-09-10 16:50:00+00:00,178.56,178.96,178.39,178.945,231549.0
2024-09-10 16:55:00+00:00,178.95,179.08,178.79,178.81,347822.0
2024-09-10 17:00:00+00:00,178.82,179.19,178.764,179.19,249654.0
2024-09-10 17:05:00+00:00,179.185,179.47,179.08,179.46,243614.0
2024-09-10 17:10:00+00:00,179.47,179.84,179.45,179.77,460254.0
2024-09-10 17:15:00+00:00,179.78,179.9,179.6792,179.855,316669.0
2024-09-10 17:20:00+00:00,179.8699,179.89,179.57,179.89,350579.0
2024-09-10 17:25:00+00:00,179.88,179.945,179.69,179.77,342231.0
2024-09-10 17:30:00+00:00,179.77,179.875,179.585,179.77,192689.0
2024-09-10 17:35:00+00:00,179.76,179.78,179.4599,179.56,169160.0
2024-09-10 17:40:00+00:00,179.55,180.0,179.55,179.99,326945.0
2024-09-10 17:45:00+00:00,179.99,180.23,179.98,180.05,850776.0
2024-09-10 17:50:00+00:00,180.07,180.5,180.07,180.385,712951.0
2024-09-10 17:55:00+00:00,180.39,180.5,179.93,180.0,458026.0
2024-09-10 18:00:00+00:00,180.01,180.37,179.97,180.02,334740.0
2024-09-10 18:05:00+00:00,180.02,180.03,179.88,179.955,949486.0
2024-09-10 18:10:00+00:00,179.945,180.12,179.89,180.0614,204386.0
2024-09-10 18:15:00+00:00,180.07,180.2299,179.6501,179.68,284165.0
2024-09-10 18:20:00+00:00,179.68,179.88,179.53,179.7,1111731.0
2024-09-10 18:25:00+00:00,179.71,179.935,179.67,179.895,288544.0
2024-09-10 18:30:00+00:00,179.9,179.93,179.6,179.65,471621.0
2024-09-10 18:35:00+00:00,179.66,179.83,179.5501,179.81,153265.0
2024-09-10 18:40:00+00:00,179.805,179.95,179.735,179.79,226825.0
2024-09-10 18:45:00+00:00,179.78,179.82,179.6401,179.7,145782.0
2024-09-10 18:50:00+00:00,179.71,179.72,179.35,179.5099,217133.0
2024-09-10 18:55:00+00:00,179.505,179.65,179.475,179.6499,207257.0
2024-09-10 19:00:00+00:00,179.64,179.78,179.55,179.575,204182.0
2024-09-10 19:05:00+00:00,179.579,179.66,179.2569,179.36,238847.0
2024-09-10 19:10:00+00:00,179.3753,179.58,179.34,179.55,236300.0
2024-09-10 19:15:00+00:00,179.56,179.79,179.5401,179.75,223438.0
2024-09-10 19:20:00+00:00,179.76,179.88,179.73,179.86,251367.0
2024-09-10 19:25:00+00:00,179.86,180.15,179.83,180.145,338663.0
2024-09-10 19:30:00+00:00,180.14,180.34,180.0,180.025,431171.0
2024-09-10 19:35:00+00:00,180.02,180.02,179.73,179.93,372782.0
2024-09-10 19:40:00+00:00,179.93,180.05,179.83,179.92,369608.0
2024-09-10 19:45:00+00:00,179.92,180.03,179.68,179.7475,363657.0
2024-09-10 19:50:00+00:00,179.73,179.75,179.4,179.71,667275.0
2024-09-10 19:55:00+00:00,179.73,179.87,179.51,179.56,1231878.0
2024-09-10 20:00:00+00:00,179.54,179.68,179.453,179.536,5159401.0
2024-09-10 20:05:00+00:00,179.5,179.55,179.35,179.4201,178747.0
2024-09-10 20:10:00+00:00,179.42,179.6,179.42,179.55,14631.0
2024-09-10 20:15:00+00:00,179.59,179.6,179.51,179.55,8584.0
2024-09-10 20:20:00+00:00,179.53,179.53,179.36,179.3601,11036.0
2024-09-10 20:25:00+00:00,179.3634,179.4927,179.36,179.4695,2867.0
2024-09-10 20:30:00+00:00,179.36,179.36,179.3,179.3,2165.0
2024-09-10 20:35:00+00:00,179.55,179.55,179.19,179.19,16243.0
2024-09-10 20:40:00+00:00,179.33,179.55,179.33,179.55,44008.0
2024-09-10 20:45:00+00:00,179.33,179.4299,179.2701,179.42,85927.0
2024-09-10 20:50:00+00:00,179.55,179.55,179.38,179.38,17260.0
2024-09-10 20:55:00+00:00,179.4,179.44,179.4,179.44,3992.0
2024-09-10 21:00:00+00:00,179.47,179.48,179.47,179.48,1344.0
2024-09-10 21:05:00+00:00,179.44,179.4721,179.44,179.4721,1759.0
2024-09-10 21:10:00+00:00,179.47,179.47,179.47,179.47,604.0
2024-09-10 21:15:00+00:00,179.45,179.46,179.45,179.46,1321.0
2024-09-10 21:20:00+00:00,179.45,179.4685,179.45,179.46,603.0
2024-09-10 21:25:00+00:00,179.47,179.47,179.44,179.44,607.0
2024-09-10 21:30:00+00:00,179.44,179.44,179.44,179.44,218.0
2024-09-10 21:35:00+00:00,179.44,179.46,179.44,179.44,971.0
2024-09-10 21:40:00+00:00,179.4596,179.4596,179.44,179.44,2026.0
2024-09-10 21:45:00+00:00,179.44,179.45,179.4048,179.45,4016.0
2024-09-10 21:50:00+00:00,179.4561,179.4561,179.44,179.44,768.0
2024-09-10 21:55:00+00:00,179.48,179.49,179.48,179.49,1419.0
2024-09-10 22:00:00+00:00,179.45,179.45,179.45,179.45,244.0
2024-09-10 22:05:00+00:00,179.482,179.482,179.482,179.482,176.0
2024-09-10 22:10:00+00:00,179.44,179.44,179.44,179.44,632.0
2024-09-10 22:15:00+00:00,179.408,179.408,179.408,179.408,160.0
2024-09-10 22:20:00+00:00,179.4091,179.48,179.4091,179.47,1071.0
2024-09-10 22:25:00+00:00,179.3974,179.41,179.37,179.37,2779.0
2024-09-10 22:30:00+00:00,179.37,179.4592,179.21,179.4592,6972.0
2024-09-10 22:35:00+00:00,179.34,179.35,179.34,179.35,661.0
2024-09-10 22:40:00+00:00,179.4364,179.45,179.4,179.45,1462.0
2024-09-10 22:50:00+00:00,179.4,179.46,179.4,179.46,1480.0
2024-09-10 22:55:00+00:00,179.4,179.4785,179.4,179.41,7714.0
2024-09-10 23:00:00+00:00,179.4,179.48,179.4,179.48,1009.0
2024-09-10 23:10:00+00:00,179.4234,179.49,179.4234,179.49,898.0
2024-09-10 23:15:00+00:00,179.5,179.5,179.4999,179.4999,658.0
2024-09-10 23:25:00+00:00,179.5,179.5,179.5,179.5,884.0
2024-09-10 23:30:00+00:00,179.5085,179.5085,179.4998,179.4998,703.0
2024-09-10 23:35:00+00:00,179.5,179.51,179.5,179.51,1308.0
2024-09-10 23:40:00+00:00,179.54,179.54,179.53,179.53,350.0
2024-09-10 23:45:00+00:00,179.5,179.54,179.5,179.53,1735.0
2024-09-10 23:50:00+00:00,179.53,179.54,179.49,179.54,2330.0
2024-09-10 23:55:00+00:00,179.46,179.46,179.3999,179.3999,6237.0
2024-09-11 08:00:00+00:00,179.09,179.22,179.09,179.22,2284.0
2024-09-11 08:05:00+00:00,179.2,179.34,179.2,179.34,1356.0
2024-09-11 08:10:00+00:00,179.33,179.33,179.2,179.2,3471.0
2024-09-11 08:20:00+00:00,179.28,179.32,179.28,179.32,511.0
2024-09-11 08:25:00+00:00,179.32,179.36,179.32,179.36,972.0
2024-09-11 08:40:00+00:00,179.23,179.23,179.18,179.18,921.0
2024-09-11 08:45:00+00:00,179.02,179.03,179.02,179.02,923.0
2024-09-11 09:05:00+00:00,179.17,179.17,179.17,179.17,300.0
2024-09-11 09:15:00+00:00,179.43,179.5,179.39,179.5,3607.0
2024-09-11 09:20:00+00:00,179.41,179.41,179.41,179.41,134.0
2024-09-11 09:25:00+00:00,179.4,179.4,179.4,179.4,156.0
2024-09-11 09:30:00+00:00,179.41,179.41,179.41,179.41,205.0
2024-09-11 09:55:00+00:00,179.54,179.54,179.41,179.41,1094.0
2024-09-11 10:35:00+00:00,179.49,179.49,179.49,179.49,476.0
2024-09-11 10:45:00+00:00,179.57,179.57,179.57,179.57,403.0
2024-09-11 10:50:00+00:00,179.56,179.56,179.52,179.52,624.0
2024-09-11 10:55:00+00:00,179.62,179.62,179.62,179.62,467.0
2024-09-11 11:00:00+00:00,179.73,179.73,179.73,179.73,3577.0
2024-09-11 11:05:00+00:00,179.73,179.79,179.73,179.79,548.0
2024-09-11 11:15:00+00:00,180.0,180.05,179.85,179.9,10735.0
2024-09-11 11:20:00+00:00,179.95,180.0,179.95,179.99,1890.0
2024-09-11 11:25:00+00:00,179.88,179.93,179.88,179.92,811.0
2024-09-11 11:30:00+00:00,179.96,180.0,179.96,180.0,1203.0
2024-09-11 11:35:00+00:00,180.05,180.29,180.05,180.29,3368.0
2024-09-11 11:50:00+00:00,180.25,180.29,180.15,180.15,3439.0
2024-09-11 11:55:00+00:00,180.15,180.15,180.15,180.15,6192.0
2024-09-11 12:00:00+00:00,179.66,180.2999,178.1,180.09,41929.0
2024-09-11 12:05:00+00:00,180.05,180.3925,179.102,180.3925,16569.0
2024-09-11 12:10:00+00:00,180.41,180.5,180.4014,180.42,35981.0
2024-09-11 12:15:00+00:00,180.41,180.53,180.36,180.38,24530.0
2024-09-11 12:20:00+00:00,180.361,180.4,180.3,180.3,11832.0
2024-09-11 12:25:00+00:00,180.31,180.56,180.3,180.56,11290.0
2024-09-11 12:30:00+00:00,180.56,180.6,179.3,179.75,45118.0
2024-09-11 12:35:00+00:00,179.85,180.25,179.56,180.1698,43532.0
2024-09-11 12:40:00+00:00,180.005,180.17,179.6045,179.6045,22037.0
2024-09-11 12:45:00+00:00,180.0,180.38,179.772,180.38,14943.0
2024-09-11 12:50:00+00:00,180.33,180.5,180.18,180.5,24527.0
2024-09-11 12:55:00+00:00,180.5079,180.77,180.47,180.7,24723.0
2024-09-11 13:00:00+00:00,180.6,181.0948,180.6,181.0,47410.0
2024-09-11 13:05:00+00:00,181.0,181.0,180.61,180.7983,22994.0
2024-09-11 13:10:00+00:00,180.8,180.9,180.6056,180.9,12866.0
2024-09-11 13:15:00+00:00,180.92,181.1,180.9,181.1,14520.0
2024-09-11 13:20:00+00:00,181.11,181.49,181.05,181.35,43980.0
2024-09-11 13:25:00+00:00,181.29,181.29,179.96,180.01,152911.0
2024-09-11 13:30:00+00:00,180.03,180.25,178.2299,178.25,1756814.0
2024-09-11 13:35:00+00:00,178.22,178.59,177.81,177.8298,725411.0
2024-09-11 13:40:00+00:00,177.8,178.41,177.58,178.155,506270.0
2024-09-11 13:45:00+00:00,178.15,178.4,177.66,177.99,465821.0
2024-09-11 13:50:00+00:00,177.97,178.49,177.87,178.11,357045.0
2024-09-11 13:55:00+00:00,178.08,178.331,177.8601,178.115,334251.0
2024-09-11 14:00:00+00:00,178.1375,178.3099,177.61,178.03,433571.0
2024-09-11 14:05:00+00:00,177.97,178.27,177.89,178.15,255286.0
2024-09-11 14:10:00+00:00,178.15,178.199,177.53,177.545,331955.0
2024-09-11 14:15:00+00:00,177.532,177.6001,176.91,177.14,552376.0
2024-09-11 14:20:00+00:00,177.13,177.5272,176.9554,177.26,345990.0
2024-09-11 14:25:00+00:00,177.27,177.31,177.03,177.105,371431.0
2024-09-11 14:30:00+00:00,177.09,177.12,176.4,176.56,482515.0
2024-09-11 14:35:00+00:00,176.535,176.819,176.41,176.51,313550.0
2024-09-11 14:40:00+00:00,176.48,176.62,176.09,176.27,349571.0
2024-09-11 14:45:00+00:00,176.28,176.38,176.05,176.175,235685.0
2024-09-11 14:50:00+00:00,176.15,176.19,175.82,175.97,327140.0
2024-09-11 14:55:00+00:00,175.955,176.48,175.73,176.44,357231.0
2024-09-11 15:00:00+00:00,176.43,176.44,175.82,176.3,296991.0
2024-09-11 15:05:00+00:00,176.3,176.86,176.29,176.52,348432.0
2024-09-11 15:10:00+00:00,176.5,176.99,176.39,176.9448,287682.0
2024-09-11 15:15:00+00:00,176.93,177.18,176.87,177.11,335491.0
2024-09-11 15:20:00+00:00,177.11,177.11,176.73,176.85,231102.0
2024-09-11 15:25:00+00:00,176.83,177.1999,176.81,177.1,235536.0
2024-09-11 15:30:00+00:00,177.09,177.34,177.0575,177.145,226112.0
2024-09-11 15:35:00+00:00,177.165,177.8,177.14,177.71,200373.0
2024-09-11 15:40:00+00:00,177.7,177.89,177.56,177.79,238586.0
2024-09-11 15:45:00+00:00,177.815,178.07,177.7403,177.96,249346.0
2024-09-11 15:50:00+00:00,177.97,177.99,177.73,177.82,221005.0
2024-09-11 15:55:00+00:00,177.8373,178.0,177.35,177.92,222808.0
2024-09-11 16:00:00+00:00,177.95,178.44,177.84,178.44,294064.0
2024-09-11 16:05:00+00:00,178.42,178.63,178.11,178.17,305690.0
2024-09-11 16:10:00+00:00,178.19,178.59,178.16,178.58,226716.0
2024-09-11 16:15:00+00:00,178.57,178.69,178.42,178.68,224370.0
2024-09-11 16:20:00+00:00,178.68,178.8612,178.26,178.54,353195.0
2024-09-11 16:25:00+00:00,178.525,178.8096,178.515,178.78,155025.0
2024-09-11 16:30:00+00:00,178.8,179.11,178.64,178.66,282897.0
2024-09-11 16:35:00+00:00,178.66,178.86,178.53,178.81,191307.0
2024-09-11 16:40:00+00:00,178.83,178.915,178.3601,178.54,176030.0
2024-09-11 16:45:00+00:00,178.54,178.6699,178.295,178.31,135153.0
2024-09-11 16:50:00+00:00,178.32,178.83,178.32,178.78,178064.0
2024-09-11 16:55:00+00:00,178.765,178.82,178.495,178.75,147135.0
2024-09-11 17:00:00+00:00,178.75,179.23,178.715,179.17,302494.0
2024-09-11 17:05:00+00:00,179.18,179.55,179.14,179.225,322956.0
2024-09-11 17:10:00+00:00,179.235,179.5891,179.235,179.57,280668.0
2024-09-11 17:15:00+00:00,179.56,179.59,179.45,179.55,346980.0
2024-09-11 17:20:00+00:00,179.56,179.69,179.4,179.5493,321794.0
2024-09-11 17:25:00+00:00,179.54,179.98,179.54,179.91,265456.0
2024-09-11 17:30:00+00:00,179.92,180.01,179.73,179.9912,310127.0
2024-09-11 17:35:00+00:00,179.98,180.6,179.98,180.59,520413.0
2024-09-11 17:40:00+00:00,180.5899,180.97,180.54,180.965,498206.0
2024-09-11 17:45:00+00:00,180.9606,181.64,180.95,181.63,645616.0
2024-09-11 17:50:00+00:00,181.63,181.71,181.34,181.445,871763.0
2024-09-11 17:55:00+00:00,181.45,181.55,181.0,181.32,598049.0
2024-09-11 18:00:00+00:00,181.31,181.69,181.3,181.5166,419197.0
2024-09-11 18:05:00+00:00,181.53,181.63,181.375,181.54,438295.0
2024-09-11 18:10:00+00:00,181.54,181.6912,181.46,181.47,360072.0
2024-09-11 18:15:00+00:00,181.475,181.6651,181.08,181.22,317675.0
2024-09-11 18:20:00+00:00,181.22,181.57,181.18,181.54,240192.0
2024-09-11 18:25:00+00:00,181.54,182.0,181.39,181.9512,402480.0
2024-09-11 18:30:00+00:00,181.95,182.16,181.9,182.06,545406.0
2024-09-11 18:35:00+00:00,182.065,182.3,181.96,182.15,411903.0
2024-09-11 18:40:00+00:00,182.145,182.57,182.13,182.445,420093.0
2024-09-11 18:45:00+00:00,182.445,182.5,182.28,182.38,328040.0
2024-09-11 18:50:00+00:00,182.39,182.405,181.94,182.02,385023.0
2024-09-11 18:55:00+00:00,182.07,182.5,182.0419,182.3294,336528.0
2024-09-11 19:00:00+00:00,182.335,182.48,182.27,182.465,301854.0
2024-09-11 19:05:00+00:00,182.465,182.88,182.4,182.875,572608.0
2024-09-11 19:10:00+00:00,182.875,183.27,182.87,183.235,771191.0
2024-09-11 19:15:00+00:00,183.24,183.54,183.1,183.51,691223.0
2024-09-11 19:20:00+00:00,183.5,183.7,183.28,183.38,616053.0
2024-09-11 19:25:00+00:00,183.375,183.58,183.31,183.47,486055.0
2024-09-11 19:30:00+00:00,183.47,183.63,183.37,183.53,410821.0
2024-09-11 19:35:00+00:00,183.53,183.53,183.21,183.45,476428.0
2024-09-11 19:40:00+00:00,183.46,183.6014,183.085,183.22,663027.0
2024-09-11 19:45:00+00:00,183.22,183.4,183.06,183.32,527046.0
2024-09-11 19:50:00+00:00,183.32,184.135,183.22,184.1,1131973.0
2024-09-11 19:55:00+00:00,184.12,184.99,184.11,184.43,2910626.0
2024-09-11 20:00:00+00:00,184.45,184.67,184.14,184.25,7375129.0
2024-09-11 20:05:00+00:00,184.21,184.54,184.21,184.4,19883.0
2024-09-11 20:10:00+00:00,184.46,184.63,184.4,184.45,121892.0
2024-09-11 20:15:00+00:00,184.49,184.55,184.2908,184.3123,16021.0
2024-09-11 20:20:00+00:00,184.37,184.54,184.37,184.4004,14134.0
2024-09-11 20:25:00+00:00,184.38,184.4,184.29,184.29,6751.0
2024-09-11 20:30:00+00:00,184.25,184.3,184.21,184.23,9596.0
2024-09-11 20:35:00+00:00,184.23,184.37,184.23,184.3,14319.0
2024-09-11 20:40:00+00:00,184.37,184.4,184.15,184.15,16742.0
2024-09-11 20:45:00+00:00,184.23,184.52,184.2,184.22,4189.0
2024-09-11 20:50:00+00:00,184.2,184.52,184.17,184.2,99062.0
2024-09-11 20:55:00+00:00,184.23,184.27,184.18,184.22,5379.0
2024-09-11 21:00:00+00:00,184.2201,184.28,184.22,184.24,9040.0
2024-09-11 21:05:00+00:00,184.24,184.27,184.24,184.24,1988.0
2024-09-11 21:10:00+00:00,184.21,184.2686,184.19,184.21,3053.0
2024-09-11 21:15:00+00:00,184.14,184.19,184.1358,184.1358,2086.0
2024-09-11 21:20:00+00:00,184.1313,184.52,184.1145,184.2,79634.0
2024-09-11 21:25:00+00:00,184.2218,184.262,184.1244,184.1244,259821.0
2024-09-11 21:30:00+00:00,184.15,184.15,184.06,184.13,3588.0
2024-09-11 21:35:00+00:00,184.13,184.1399,184.13,184.1399,1046.0
2024-09-11 21:40:00+00:00,184.1,184.14,184.07,184.07,1862.0
2024-09-11 21:45:00+00:00,184.07,184.11,184.01,184.01,3873.0
2024-09-11 21:50:00+00:00,183.92,183.92,183.75,183.7999,6326.0
2024-09-11 21:55:00+00:00,183.8,183.88,183.5793,183.6297,2051.0
2024-09-11 22:00:00+00:00,183.9,184.1,183.83,183.93,6944.0
2024-09-11 22:05:00+00:00,183.96,183.96,183.86,183.86,1694.0
2024-09-11 22:10:00+00:00,183.9064,184.0,183.9064,183.9975,2407.0
2024-09-11 22:15:00+00:00,183.95,184.0,183.9315,183.94,1148.0
2024-09-11 22:20:00+00:00,183.95,184.01,183.93,184.0,5220.0
2024-09-11 22:25:00+00:00,183.96,184.08,183.9504,184.08,1726.0
2024-09-11 22:35:00+00:00,183.98,184.05,183.98,184.0,1853.0
2024-09-11 22:40:00+00:00,184.0499,184.08,184.0,184.05,4691.0
2024-09-11 22:45:00+00:00,184.0251,184.0999,183.9501,184.0999,4025.0
2024-09-11 22:50:00+00:00,184.01,184.0398,183.98,183.98,3075.0
2024-09-11 22:55:00+00:00,183.97,183.97,183.97,183.97,695.0
2024-09-11 23:00:00+00:00,183.96,183.96,183.96,183.96,1037.0
2024-09-11 23:05:00+00:00,183.97,184.0,183.93,183.93,6732.0
2024-09-11 23:10:00+00:00,183.8,184.0446,183.8,183.86,2845.0
2024-09-11 23:15:00+00:00,183.85,183.94,183.85,183.8501,8256.0
2024-09-11 23:20:00+00:00,183.85,183.85,183.8,183.85,2281.0
2024-09-11 23:25:00+00:00,183.77,183.8,183.72,183.8,2316.0
2024-09-11 23:30:00+00:00,183.77,183.8,183.77,183.7988,2842.0
2024-09-11 23:35:00+00:00,183.77,183.8,183.65,183.65,5231.0
2024-09-11 23:40:00+00:00,183.57,183.6,183.5,183.5996,4519.0
2024-09-11 23:45:00+00:00,183.6,183.79,183.6,183.75,4053.0
2024-09-11 23:50:00+00:00,183.78,183.84,183.7315,183.84,5353.0
2024-09-11 23:55:00+00:00,183.84,184.05,183.84,184.05,4682.0
2024-09-12 08:00:00+00:00,184.64,184.64,183.67,184.06,5384.0
2024-09-12 08:05:00+00:00,184.08,184.08,183.98,184.06,2802.0
2024-09-12 08:10:00+00:00,184.0,184.3,184.0,184.29,3335.0
2024-09-12 08:15:00+00:00,184.22,184.26,184.17,184.17,2666.0
2024-09-12 08:25:00+00:00,184.04,184.04,184.01,184.01,1796.0
2024-09-12 08:30:00+00:00,184.01,184.01,183.99,183.99,1395.0
2024-09-12 08:35:00+00:00,184.15,184.17,184.01,184.01,2188.0
2024-09-12 08:40:00+00:00,184.19,184.41,184.19,184.4,7154.0
2024-09-12 08:45:00+00:00,184.41,184.55,184.3,184.55,6933.0
2024-09-12 08:50:00+00:00,184.55,184.81,184.53,184.75,16015.0
2024-09-12 08:55:00+00:00,184.72,184.72,184.6,184.6,1165.0
2024-09-12 09:05:00+00:00,184.72,184.72,184.72,184.72,3979.0
2024-09-12 09:10:00+00:00,184.84,184.9,184.7,184.7,8648.0
2024-09-12 09:15:00+00:00,184.64,184.64,184.5,184.5,5115.0
2024-09-12 09:20:00+00:00,184.4,184.55,184.4,184.49,5468.0
2024-09-12 09:25:00+00:00,184.59,184.59,184.59,184.59,352.0
2024-09-12 09:35:00+00:00,184.71,184.71,184.7,184.7,1298.0
2024-09-12 09:40:00+00:00,184.61,184.61,184.6,184.6,1211.0
2024-09-12 09:45:00+00:00,184.29,184.3,184.29,184.3,893.0
2024-09-12 09:50:00+00:00,184.3,184.38,184.3,184.38,2044.0
2024-09-12 09:55:00+00:00,184.38,184.49,184.37,184.49,2077.0
2024-09-12 10:00:00+00:00,184.46,184.5,184.45,184.5,2405.0
2024-09-12 10:10:00+00:00,184.41,184.41,184.41,184.41,354.0
2024-09-12 10:15:00+00:00,184.46,184.6,184.32,184.32,2898.0
2024-09-12 10:20:00+00:00,184.32,184.32,184.32,184.32,747.0
2024-09-12 10:25:00+00:00,184.46,184.59,184.46,184.53,2845.0
2024-09-12 10:30:00+00:00,184.54,184.75,184.54,184.74,4287.0
2024-09-12 10:35:00+00:00,184.74,184.74,184.74,184.74,112.0
2024-09-12 10:40:00+00:00,184.68,184.7,184.55,184.7,4598.0
2024-09-12 10:45:00+00:00,184.71,184.71,184.71,184.71,816.0
2024-09-12 10:55:00+00:00,184.71,184.71,184.63,184.68,1631.0
2024-09-12 11:00:00+00:00,184.73,184.74,184.52,184.52,3663.0
2024-09-12 11:05:00+00:00,184.5,184.52,184.49,184.49,2077.0
2024-09-12 11:10:00+00:00,184.46,184.53,184.46,184.53,5064.0
2024-09-12 11:15:00+00:00,184.5,184.69,184.49,184.54,12578.0
2024-09-12 11:20:00+00:00,184.53,184.65,184.46,184.61,13058.0
2024-09-12 11:25:00+00:00,184.63,184.63,184.52,184.6,11103.0
2024-09-12 11:30:00+00:00,184.6,184.62,184.52,184.55,11674.0
2024-09-12 11:35:00+00:00,184.54,184.86,184.54,184.86,13481.0
2024-09-12 11:40:00+00:00,184.85,185.0,184.85,184.94,13640.0
2024-09-12 11:45:00+00:00,185.0,185.08,184.95,185.06,20335.0
2024-09-12 11:50:00+00:00,185.08,185.11,185.08,185.1,7326.0
2024-09-12 11:55:00+00:00,185.1,185.1,184.86,185.0,11252.0
2024-09-12 12:00:00+00:00,184.55,185.1195,183.63,184.97,92412.0
2024-09-12 12:05:00+00:00,185.0,185.15,184.92,185.1455,91826.0
2024-09-12 12:10:00+00:00,185.098,185.12,184.97,184.97,6797.0
2024-09-12 12:15:00+00:00,185.0,185.138,184.98,185.12,6739.0
2024-09-12 12:20:00+00:00,185.14,185.15,185.0,185.0145,11417.0
2024-09-12 12:25:00+00:00,185.1,185.26,185.1,185.23,15334.0
2024-09-12 12:30:00+00:00,185.21,185.35,184.86,184.86,33687.0
2024-09-12 12:35:00+00:00,184.866,184.93,184.17,184.17,26855.0
2024-09-12 12:40:00+00:00,184.243,184.7,184.1165,184.7,18614.0
2024-09-12 12:45:00+00:00,184.7,184.75,184.52,184.52,13741.0
2024-09-12 12:50:00+00:00,184.52,184.5367,184.2,184.33,14861.0
2024-09-12 12:55:00+00:00,184.36,184.49,184.34,184.4499,13006.0
2024-09-12 13:00:00+00:00,184.32,184.49,184.3,184.49,19088.0
2024-09-12 13:05:00+00:00,184.41,184.9,184.41,184.85,11927.0
2024-09-12 13:10:00+00:00,184.7,184.8529,184.5481,184.68,13233.0
2024-09-12 13:15:00+00:00,184.56,184.6,184.4301,184.53,39138.0
2024-09-12 13:20:00+00:00,184.54,184.6,184.44,184.47,13307.0
2024-09-12 13:25:00+00:00,184.34,185.0,184.34,184.9,41288.0
2024-09-12 13:30:00+00:00,184.86,186.2,183.54,185.8699,1965043.0
2024-09-12 13:35:00+00:00,185.91,186.155,185.31,185.78,838777.0
2024-09-12 13:40:00+00:00,185.7801,185.9399,185.2542,185.73,433652.0
2024-09-12 13:45:00+00:00,185.75,185.8095,184.63,184.8,589113.0
2024-09-12 13:50:00+00:00,184.83,185.29,184.73,185.24,425256.0
2024-09-12 13:55:00+00:00,185.23,185.25,184.78,185.02,367160.0
2024-09-12 14:00:00+00:00,185.04,185.32,184.7,184.84,390664.0
2024-09-12 14:05:00+00:00,184.8564,185.06,184.455,184.73,416717.0
2024-09-12 14:10:00+00:00,184.74,185.66,184.675,185.5975,490239.0
2024-09-12 14:15:00+00:00,185.59,185.62,185.295,185.45,253087.0
2024-09-12 14:20:00+00:00,185.445,185.52,184.69,184.81,303260.0
2024-09-12 14:25:00+00:00,184.8,184.945,184.64,184.77,238766.0
2024-09-12 14:30:00+00:00,184.78,184.85,184.57,184.57,213897.0
2024-09-12 14:35:00+00:00,184.6,184.6,183.56,184.19,500583.0
2024-09-12 14:40:00+00:00,184.2,184.48,184.05,184.38,231236.0
2024-09-12 14:45:00+00:00,184.37,184.41,184.01,184.2698,251148.0
2024-09-12 14:50:00+00:00,184.275,184.4424,184.15,184.44,182260.0
2024-09-12 14:55:00+00:00,184.45,184.64,183.9,183.9864,286340.0
2024-09-12 15:00:00+00:00,183.99,184.33,183.75,184.2701,250411.0
2024-09-12 15:05:00+00:00,184.2925,184.61,184.2925,184.5503,232528.0
2024-09-12 15:10:00+00:00,184.56,185.0899,184.45,185.05,317655.0
2024-09-12 15:15:00+00:00,185.055,185.109,184.36,184.5206,229707.0
2024-09-12 15:20:00+00:00,184.55,184.6265,184.34,184.6,188744.0
2024-09-12 15:25:00+00:00,184.6,184.7001,184.29,184.4437,215488.0
2024-09-12 15:30:00+00:00,184.475,184.55,184.31,184.44,131458.0
2024-09-12 15:35:00+00:00,184.42,184.77,184.38,184.445,173906.0
2024-09-12 15:40:00+00:00,184.445,184.849,184.445,184.5228,171047.0
2024-09-12 15:45:00+00:00,184.52,184.57,184.31,184.465,152925.0
2024-09-12 15:50:00+00:00,184.46,184.635,184.21,184.37,148728.0
2024-09-12 15:55:00+00:00,184.36,184.49,184.2,184.32,115757.0
2024-09-12 16:00:00+00:00,184.3,184.74,184.26,184.6988,182299.0
2024-09-12 16:05:00+00:00,184.69,184.78,184.38,184.69,143483.0
2024-09-12 16:10:00+00:00,184.67,184.76,184.56,184.73,118574.0
2024-09-12 16:15:00+00:00,184.725,184.82,184.68,184.77,121285.0
2024-09-12 16:20:00+00:00,184.77,184.91,184.69,184.85,147887.0
2024-09-12 16:25:00+00:00,184.83,184.98,184.8,184.91,119238.0
2024-09-12 16:30:00+00:00,184.925,185.0,184.8773,184.96,181614.0
2024-09-12 16:35:00+00:00,184.9626,185.0,184.82,184.9123,166016.0
2024-09-12 16:40:00+00:00,184.915,185.1399,184.83,185.065,228842.0
2024-09-12 16:45:00+00:00,185.07,185.34,185.04,185.34,233712.0
2024-09-12 16:50:00+00:00,185.335,185.61,185.3188,185.57,246659.0
2024-09-12 16:55:00+00:00,185.57,185.88,185.51,185.8212,263187.0
2024-09-12 17:00:00+00:00,185.82,185.93,185.52,185.535,287950.0
2024-09-12 17:05:00+00:00,185.55,185.63,185.422,185.47,250174.0
2024-09-12 17:10:00+00:00,185.49,185.58,185.3788,185.5,198334.0
2024-09-12 17:15:00+00:00,185.5,185.72,185.495,185.665,153803.0
2024-09-12 17:20:00+00:00,185.67,185.88,185.49,185.8399,228234.0
2024-09-12 17:25:00+00:00,185.82,186.015,185.72,185.86,320597.0
2024-09-12 17:30:00+00:00,185.855,185.9,185.57,185.61,190556.0
2024-09-12 17:35:00+00:00,185.61,186.04,185.58,185.93,215911.0
2024-09-12 17:40:00+00:00,185.9,185.93,185.77,185.82,137700.0
2024-09-12 17:45:00+00:00,185.82,185.995,185.78,185.96,144299.0
2024-09-12 17:50:00+00:00,185.98,186.11,185.95,186.09,251174.0
2024-09-12 17:55:00+00:00,186.09,186.322,186.03,186.32,333512.0
2024-09-12 18:00:00+00:00,186.325,186.5399,186.29,186.53,310306.0
2024-09-12 18:05:00+00:00,186.535,186.59,186.36,186.47,381644.0
2024-09-12 18:10:00+00:00,186.46,186.49,186.075,186.415,306545.0
2024-09-12 18:15:00+00:00,186.42,186.6,186.33,186.33,285702.0
2024-09-12 18:20:00+00:00,186.33,186.94,186.31,186.91,315131.0
2024-09-12 18:25:00+00:00,186.915,186.99,186.8,186.96,335423.0
2024-09-12 18:30:00+00:00,186.95,187.18,186.71,187.14,449882.0
2024-09-12 18:35:00+00:00,187.148,187.39,187.1,187.37,293026.0
2024-09-12 18:40:00+00:00,187.38,187.4,187.17,187.24,266611.0
2024-09-12 18:45:00+00:00,187.2416,187.41,187.13,187.27,263972.0
2024-09-12 18:50:00+00:00,187.28,187.3,186.15,186.895,440660.0
2024-09-12 18:55:00+00:00,186.91,187.25,186.7809,187.2001,347046.0
2024-09-12 19:00:00+00:00,187.205,187.2099,186.85,186.905,235065.0
2024-09-12 19:05:00+00:00,186.92,187.02,186.72,186.95,362421.0
2024-09-12 19:10:00+00:00,186.95,187.05,186.88,187.01,184626.0
2024-09-12 19:15:00+00:00,187.01,187.14,186.97,187.12,227489.0
2024-09-12 19:20:00+00:00,187.1299,187.14,186.9401,187.035,262059.0
2024-09-12 19:25:00+00:00,187.04,187.12,186.75,186.9799,264739.0
2024-09-12 19:30:00+00:00,186.97,187.09,186.8788,186.9481,328456.0
2024-09-12 19:35:00+00:00,186.94,187.0,186.7303,186.78,313893.0
2024-09-12 19:40:00+00:00,186.77,186.9933,186.73,186.825,314304.0
2024-09-12 19:45:00+00:00,186.835,186.8599,186.33,186.42,391817.0
2024-09-12 19:50:00+00:00,186.43,186.86,186.32,186.45,690789.0
2024-09-12 19:55:00+00:00,186.44,187.07,186.44,187.07,1702915.0
2024-09-12 20:00:00+00:00,187.0,187.21,186.9,187.2,5874182.0
2024-09-12 20:05:00+00:00,187.21,187.21,186.77,186.88,44890.0
2024-09-12 20:10:00+00:00,186.89,187.0,186.7901,186.8352,8536.0
2024-09-12 20:15:00+00:00,186.85,187.0,186.82,186.82,9877.0
2024-09-12 20:20:00+00:00,186.99,187.05,186.9,187.05,16271.0
2024-09-12 20:25:00+00:00,187.05,187.09,186.8203,187.02,13157.0
2024-09-12 20:30:00+00:00,186.9101,186.95,186.8676,186.91,2446.0
2024-09-12 20:35:00+00:00,186.91,187.29,186.91,186.97,13332.0
2024-09-12 20:40:00+00:00,186.96,187.0,186.86,186.89,320496.0
2024-09-12 20:45:00+00:00,186.89,186.89,186.7,186.78,9800.0
2024-09-12 20:50:00+00:00,186.75,186.8,186.74,186.76,2364.0
2024-09-12 20:55:00+00:00,186.76,186.83,186.75,186.8,5940.0
2024-09-12 21:00:00+00:00,186.81,186.85,186.8,186.85,3654.0
2024-09-12 21:05:00+00:00,186.85,186.85,186.85,186.85,2775.0
2024-09-12 21:10:00+00:00,186.82,186.82,186.82,186.82,1045.0
2024-09-12 21:15:00+00:00,186.94,186.94,186.87,186.87,1723.0
2024-09-12 21:20:00+00:00,186.87,186.87,186.87,186.87,254.0
2024-09-12 21:25:00+00:00,186.91,186.9324,186.85,186.85,3079.0
2024-09-12 21:30:00+00:00,186.9396,186.9396,186.7502,186.7502,1605744.0
2024-09-12 21:35:00+00:00,186.7575,186.82,186.7501,186.82,942.0
2024-09-12 21:40:00+00:00,186.88,186.88,186.8,186.8,517.0
2024-09-12 21:45:00+00:00,186.874,186.874,186.84,186.84,621.0
2024-09-12 21:50:00+00:00,186.8745,186.8745,186.77,186.77,4810.0
2024-09-12 21:55:00+00:00,186.855,186.855,186.855,186.855,176.0
2024-09-12 22:00:00+00:00,186.8449,186.87,186.81,186.87,1700.0
2024-09-12 22:05:00+00:00,186.8,186.8745,186.7755,186.86,2540.0
2024-09-12 22:10:00+00:00,186.88,186.88,186.804,186.804,1565.0
2024-09-12 22:15:00+00:00,186.8135,186.88,186.8135,186.88,1454.0
2024-09-12 22:20:00+00:00,186.88,186.92,186.805,186.817,9726.0
2024-09-12 22:25:00+00:00,186.9,186.96,186.9,186.96,1037.0
2024-09-12 22:30:00+00:00,186.96,186.99,186.93,186.99,7957.0
2024-09-12 22:35:00+00:00,186.92,186.9865,186.9,186.98,4534.0
2024-09-12 22:40:00+00:00,186.94,186.94,186.8768,186.8768,1249.0
2024-09-12 22:45:00+00:00,186.93,187.0,186.91,186.98,2633.0
2024-09-12 22:50:00+00:00,186.99,187.0,186.99,187.0,5255.0
2024-09-12 22:55:00+00:00,186.99,186.99,186.93,186.93,322.0
2024-09-12 23:00:00+00:00,186.92,186.98,186.91,186.98,1098.0
2024-09-12 23:05:00+00:00,186.95,187.0,186.95,186.95,22859.0
2024-09-12 23:10:00+00:00,186.93,186.98,186.93,186.97,2748.0
2024-09-12 23:15:00+00:00,186.8301,186.96,186.8301,186.9,1688.0
2024-09-12 23:20:00+00:00,186.9665,186.9677,186.91,186.92,2083.0
2024-09-12 23:25:00+00:00,186.964,186.9699,186.964,186.9699,574.0
2024-09-12 23:30:00+00:00,186.94,186.94,186.9,186.9,1779.0
2024-09-12 23:35:00+00:00,186.83,186.96,186.8,186.95,7305.0
2024-09-12 23:40:00+00:00,186.98,186.98,186.85,186.9,1524.0
2024-09-12 23:45:00+00:00,186.806,186.95,186.805,186.8653,3360.0
2024-09-12 23:50:00+00:00,186.98,186.99,186.94,186.94,2365.0
2024-09-12 23:55:00+00:00,186.93,186.95,186.902,186.95,5166.0
2024-09-13 08:00:00+00:00,186.75,186.75,186.56,186.56,1847.0
2024-09-13 08:05:00+00:00,186.72,186.82,186.58,186.82,5054.0
2024-09-13 08:10:00+00:00,186.67,186.84,186.67,186.84,811.0
2024-09-13 08:20:00+00:00,186.77,186.77,186.77,186.77,568.0
2024-09-13 08:30:00+00:00,186.77,186.77,186.71,186.71,757.0
2024-09-13 08:35:00+00:00,186.7,186.7,186.7,186.7,181.0
2024-09-13 08:40:00+00:00,186.69,186.76,186.69,186.76,301.0
2024-09-13 08:50:00+00:00,186.81,186.81,186.81,186.81,446.0
2024-09-13 08:55:00+00:00,186.66,186.66,186.66,186.66,230.0
2024-09-13 09:00:00+00:00,186.68,186.68,186.67,186.67,396.0
2024-09-13 09:05:00+00:00,186.75,186.8,186.75,186.8,3153.0
2024-09-13 09:10:00+00:00,186.8,186.8,186.8,186.8,220.0
2024-09-13 09:20:00+00:00,186.81,186.81,186.8,186.8,388.0
2024-09-13 09:25:00+00:00,186.78,186.79,186.78,186.79,360.0
2024-09-13 09:30:00+00:00,186.79,186.79,186.68,186.74,2105.0
2024-09-13 09:35:00+00:00,186.78,186.79,186.78,186.79,396.0
2024-09-13 09:40:00+00:00,186.8,186.8,186.8,186.8,914.0
2024-09-13 09:50:00+00:00,186.76,186.76,186.76,186.76,325.0
2024-09-13 10:05:00+00:00,186.71,186.71,186.68,186.68,282.0
2024-09-13 10:25:00+00:00,186.68,186.68,186.68,186.68,1400.0
2024-09-13 10:35:00+00:00,186.68,186.68,186.68,186.68,469.0
2024-09-13 10:40:00+00:00,186.55,186.55,186.55,186.55,899.0
2024-09-13 10:50:00+00:00,186.6,186.7,186.6,186.69,1896.0
2024-09-13 10:55:00+00:00,186.7,186.7,186.7,186.7,424.0
2024-09-13 11:00:00+00:00,186.72,186.79,186.68,186.68,4303.0
2024-09-13 11:05:00+00:00,186.67,186.67,186.67,186.67,762.0
2024-09-13 11:10:00+00:00,186.78,186.78,186.75,186.75,1176.0
2024-09-13 11:15:00+00:00,186.77,186.77,186.77,186.77,740.0
2024-09-13 11:20:00+00:00,186.89,187.0,186.89,186.99,6007.0
2024-09-13 11:25:00+00:00,187.1,187.71,187.1,187.7,24676.0
2024-09-13 11:30:00+00:00,187.7,188.18,187.7,187.9,32475.0
2024-09-13 11:35:00+00:00,187.74,187.85,187.6,187.72,8730.0
2024-09-13 11:40:00+00:00,187.76,187.85,187.59,187.59,8051.0
2024-09-13 11:45:00+00:00,187.66,187.66,187.63,187.65,3198.0
2024-09-13 11:50:00+00:00,187.7,187.85,187.7,187.83,4760.0
2024-09-13 11:55:00+00:00,187.78,188.0,187.78,188.0,6363.0
2024-09-13 12:00:00+00:00,186.75,188.42,186.6309,188.3881,102476.0
2024-09-13 12:05:00+00:00,188.39,188.39,187.82,187.9335,22607.0
2024-09-13 12:10:00+00:00,187.8652,187.94,187.7731,187.82,9602.0
2024-09-13 12:15:00+00:00,187.76,187.77,186.533,187.71,15699.0
2024-09-13 12:20:00+00:00,187.71,187.8499,187.71,187.8499,4018.0
2024-09-13 12:25:00+00:00,187.81,187.85,187.68,187.68,8066.0
2024-09-13 12:30:00+00:00,187.67,187.67,187.57,187.6,4019.0
2024-09-13 12:35:00+00:00,187.65,187.65,187.3,187.36,6823.0
2024-09-13 12:40:00+00:00,187.32,187.377,187.05,187.23,16544.0
2024-09-13 12:45:00+00:00,187.36,187.4,187.3,187.3,4010.0
2024-09-13 12:50:00+00:00,187.4698,187.591,187.18,187.3,23669.0
2024-09-13 12:55:00+00:00,187.41,187.53,187.25,187.33,25155.0
2024-09-13 13:00:00+00:00,187.32,187.33,187.22,187.26,7884.0
2024-09-13 13:05:00+00:00,187.26,187.3975,187.16,187.27,8187.0
2024-09-13 13:10:00+00:00,187.2,187.3,187.1602,187.2,12791.0
2024-09-13 13:15:00+00:00,187.19,187.27,187.19,187.22,7287.0
2024-09-13 13:20:00+00:00,187.25,187.34,187.21,187.34,11813.0
2024-09-13 13:25:00+00:00,187.29,187.29,186.74,186.9496,48309.0
2024-09-13 13:30:00+00:00,187.0,187.095,185.91,187.07,1252010.0
2024-09-13 13:35:00+00:00,187.07,187.76,186.94,187.545,623746.0
2024-09-13 13:40:00+00:00,187.53,188.04,187.46,187.97,592588.0
2024-09-13 13:45:00+00:00,187.96,188.49,187.81,188.2701,712818.0
2024-09-13 13:50:00+00:00,188.2855,188.38,187.96,188.26,453932.0
2024-09-13 13:55:00+00:00,188.25,188.28,187.5,187.68,437409.0
2024-09-13 14:00:00+00:00,187.69,188.16,187.11,187.75,430554.0
2024-09-13 14:05:00+00:00,187.73,187.88,187.59,187.76,231252.0
2024-09-13 14:10:00+00:00,187.76,187.94,187.45,187.63,275313.0
2024-09-13 14:15:00+00:00,187.64,188.32,187.61,188.31,328102.0
2024-09-13 14:20:00+00:00,188.31,188.5,188.13,188.325,428678.0
2024-09-13 14:25:00+00:00,188.345,188.47,187.605,187.605,374644.0
2024-09-13 14:30:00+00:00,187.605,187.64,187.1699,187.38,419351.0
2024-09-13 14:35:00+00:00,187.37,187.6495,187.31,187.5463,233292.0
2024-09-13 14:40:00+00:00,187.535,187.87,187.4452,187.77,241986.0
2024-09-13 14:45:00+00:00,187.7699,187.97,187.62,187.64,252806.0
2024-09-13 14:50:00+00:00,187.65,187.7,187.195,187.3,277883.0
2024-09-13 14:55:00+00:00,187.3,187.43,187.13,187.22,219079.0
2024-09-13 15:00:00+00:00,187.22,187.3,186.98,187.03,305182.0
2024-09-13 15:05:00+00:00,187.02,187.1799,186.89,186.9701,281683.0
2024-09-13 15:10:00+00:00,186.98,187.3994,186.97,187.2936,258794.0
2024-09-13 15:15:00+00:00,187.31,187.53,187.26,187.43,167747.0
2024-09-13 15:20:00+00:00,187.43,187.79,187.4,187.72,237355.0
2024-09-13 15:25:00+00:00,187.7276,187.78,187.46,187.5,1160199.0
2024-09-13 15:30:00+00:00,187.51,187.69,187.39,187.46,170127.0
2024-09-13 15:35:00+00:00,187.47,187.55,187.2762,187.4567,136784.0
2024-09-13 15:40:00+00:00,187.47,187.6512,187.3,187.3575,175660.0
2024-09-13 15:45:00+00:00,187.4,187.51,187.295,187.39,165034.0
2024-09-13 15:50:00+00:00,187.3964,187.51,187.31,187.415,127380.0
2024-09-13 15:55:00+00:00,187.42,187.59,187.34,187.59,135497.0
2024-09-13 16:00:00+00:00,187.58,187.935,187.57,187.8123,221532.0
2024-09-13 16:05:00+00:00,187.82,187.87,187.48,187.53,160785.0
2024-09-13 16:10:00+00:00,187.52,187.56,187.16,187.29,161446.0
2024-09-13 16:15:00+00:00,187.28,187.28,186.96,187.0,178303.0
2024-09-13 16:20:00+00:00,186.99,187.07,186.775,186.85,201409.0
2024-09-13 16:25:00+00:00,186.85,186.86,186.63,186.71,204741.0
2024-09-13 16:30:00+00:00,186.69,186.73,186.56,186.6157,244802.0
2024-09-13 16:35:00+00:00,186.615,186.65,186.52,186.63,194863.0
2024-09-13 16:40:00+00:00,186.63,186.6699,186.41,186.44,250042.0
2024-09-13 16:45:00+00:00,186.46,186.52,186.2,186.41,240301.0
2024-09-13 16:50:00+00:00,186.41,186.725,186.4,186.725,211944.0
2024-09-13 16:55:00+00:00,186.74,186.88,186.62,186.865,248896.0
2024-09-13 17:00:00+00:00,186.87,187.04,186.79,186.91,252806.0
2024-09-13 17:05:00+00:00,186.92,187.3,186.92,187.1966,245774.0
2024-09-13 17:10:00+00:00,187.2,187.3481,187.15,187.27,145475.0
2024-09-13 17:15:00+00:00,187.2638,187.34,187.11,187.26,150570.0
2024-09-13 17:20:00+00:00,187.26,187.3799,187.04,187.155,153370.0
2024-09-13 17:25:00+00:00,187.1401,187.35,187.11,187.295,139352.0
2024-09-13 17:30:00+00:00,187.29,187.4,187.19,187.23,134606.0
2024-09-13 17:35:00+00:00,187.22,187.42,187.0201,187.395,165836.0
2024-09-13 17:40:00+00:00,187.395,187.41,187.2,187.4,124462.0
2024-09-13 17:45:00+00:00,187.39,187.47,187.37,187.45,1136099.0
2024-09-13 17:50:00+00:00,187.455,187.5,187.42,187.49,218148.0
2024-09-13 17:55:00+00:00,187.5,187.55,187.3208,187.36,146212.0
2024-09-13 18:00:00+00:00,187.36,187.39,186.88,187.37,322827.0
2024-09-13 18:05:00+00:00,187.375,187.64,187.3555,187.6,163844.0
2024-09-13 18:10:00+00:00,187.585,187.62,187.36,187.45,126518.0
2024-09-13 18:15:00+00:00,187.4499,187.46,187.26,187.35,136134.0
2024-09-13 18:20:00+00:00,187.34,187.41,186.99,187.03,181665.0
2024-09-13 18:25:00+00:00,187.02,187.11,186.91,187.03,130279.0
2024-09-13 18:30:00+00:00,187.05,187.06,186.82,186.8748,133499.0
2024-09-13 18:35:00+00:00,186.88,186.9409,186.82,186.89,88776.0
2024-09-13 18:40:00+00:00,186.875,187.14,186.82,186.9,176413.0
2024-09-13 18:45:00+00:00,186.8989,187.09,186.86,186.9101,133840.0
2024-09-13 18:50:00+00:00,186.915,186.96,186.82,186.8891,101250.0
2024-09-13 18:55:00+00:00,186.88,186.93,186.77,186.9,107733.0
2024-09-13 19:00:00+00:00,186.9,186.9,186.6,186.745,229465.0
2024-09-13 19:05:00+00:00,186.744,186.99,186.7401,186.95,132865.0
2024-09-13 19:10:00+00:00,186.95,186.99,186.83,186.945,143489.0
2024-09-13 19:15:00+00:00,186.94,186.99,186.91,186.9238,152013.0
2024-09-13 19:20:00+00:00,186.925,187.08,186.85,187.07,221683.0
2024-09-13 19:25:00+00:00,187.07,187.12,186.85,186.9969,187607.0
2024-09-13 19:30:00+00:00,187.0,187.04,186.89,186.895,160409.0
2024-09-13 19:35:00+00:00,186.895,186.99,186.69,186.825,225821.0
2024-09-13 19:40:00+00:00,186.83,186.8855,186.7401,186.795,165258.0
2024-09-13 19:45:00+00:00,186.79,186.94,186.68,186.8,256271.0
2024-09-13 19:50:00+00:00,186.805,186.98,186.52,186.75,656746.0
2024-09-13 19:55:00+00:00,186.73,186.79,186.355,186.47,1348613.0
2024-09-13 20:00:00+00:00,186.49,186.55,186.27,186.34,3113297.0
2024-09-13 20:05:00+00:00,186.49,186.49,186.25,186.26,55815.0
2024-09-13 20:10:00+00:00,186.28,186.49,186.15,186.49,11881.0
2024-09-13 20:15:00+00:00,186.22,186.31,186.21,186.31,2254.0
2024-09-13 20:20:00+00:00,186.25,186.2765,186.2112,186.2695,14061.0
2024-09-13 20:25:00+00:00,186.31,186.35,186.29,186.35,11273.0
2024-09-13 20:30:00+00:00,186.35,186.39,186.35,186.39,2529.0
2024-09-13 20:35:00+00:00,186.3894,186.49,186.33,186.49,106029.0
2024-09-13 20:40:00+00:00,186.34,186.34,186.15,186.15,13413.0
2024-09-13 20:45:00+00:00,186.24,186.24,186.1,186.12,3728.0
2024-09-13 20:50:00+00:00,186.12,186.228,186.12,186.19,3505.0
2024-09-13 20:55:00+00:00,186.49,186.49,186.1005,186.16,170761.0
2024-09-13 21:00:00+00:00,186.17,186.17,186.15,186.15,1689.0
2024-09-13 21:05:00+00:00,186.16,186.49,186.14,186.17,133782.0
2024-09-13 21:10:00+00:00,186.17,186.17,186.17,186.17,1532.0
2024-09-13 21:15:00+00:00,186.1,186.1,186.08,186.0996,1486.0
2024-09-13 21:20:00+00:00,186.09,186.14,186.09,186.1,990.0
2024-09-13 21:25:00+00:00,186.15,186.15,186.1,186.1001,4433.0
2024-09-13 21:30:00+00:00,186.1014,186.11,186.1014,186.11,794.0
2024-09-13 21:55:00+00:00,186.12,186.15,186.12,186.15,506.0
2024-09-13 22:00:00+00:00,186.12,186.12,186.09,186.09,560.0
2024-09-13 22:05:00+00:00,186.13,186.13,186.0995,186.0995,641.0
2024-09-13 22:15:00+00:00,186.08,186.14,186.08,186.14,1556.0
2024-09-13 22:20:00+00:00,186.1001,186.1191,186.1,186.1,1179.0
2024-09-13 22:30:00+00:00,186.1,186.1,186.1,186.1,816.0
2024-09-13 22:35:00+00:00,186.08,186.081,186.08,186.08,1035.0
2024-09-13 22:40:00+00:00,186.07,186.1,186.05,186.05,1287.0
2024-09-13 22:45:00+00:00,186.0971,186.0971,186.05,186.05,436.0
2024-09-13 22:50:00+00:00,186.0525,186.0525,186.0525,186.0525,259.0
2024-09-13 23:00:00+00:00,186.0873,186.0873,186.0873,186.0873,144.0
2024-09-13 23:05:00+00:00,186.13,186.14,186.13,186.14,534.0
2024-09-13 23:10:00+00:00,186.112,186.112,186.112,186.112,709.0
2024-09-13 23:15:00+00:00,186.1115,186.1115,186.1,186.1,1018.0
2024-09-13 23:20:00+00:00,186.14,186.15,186.14,186.15,1085.0
2024-09-13 23:25:00+00:00,186.12,186.12,186.12,186.12,466.0
2024-09-13 23:35:00+00:00,186.12,186.12,186.12,186.12,111.0
2024-09-13 23:40:00+00:00,186.12,186.12,186.12,186.12,387.0
2024-09-13 23:45:00+00:00,186.12,186.12,186.12,186.12,210.0
2024-09-13 23:50:00+00:00,186.14,186.14,186.12,186.1399,713.0
2024-09-13 23:55:00+00:00,186.12,186.14,186.12,186.12,1380.0
2024-09-16 08:00:00+00:00,185.41,186.31,185.12,186.15,1928.0
2024-09-16 08:05:00+00:00,186.31,186.4,186.31,186.36,957.0
2024-09-16 08:10:00+00:00,186.41,186.41,186.41,186.41,121.0
2024-09-16 08:20:00+00:00,186.68,186.7,186.68,186.7,236.0
2024-09-16 08:35:00+00:00,186.62,186.67,186.6,186.6,2341.0
2024-09-16 08:40:00+00:00,186.55,186.68,186.55,186.67,3175.0
2024-09-16 08:50:00+00:00,186.74,186.74,186.74,186.74,122.0
2024-09-16 08:55:00+00:00,186.75,186.81,186.75,186.81,374.0
2024-09-16 09:15:00+00:00,186.88,186.88,186.88,186.88,150.0
2024-09-16 09:20:00+00:00,186.72,186.72,186.71,186.71,1791.0
2024-09-16 09:25:00+00:00,186.74,186.74,186.74,186.74,215.0
2024-09-16 09:30:00+00:00,186.81,186.81,186.81,186.81,1098.0
2024-09-16 09:40:00+00:00,186.95,187.04,186.95,187.04,663.0
2024-09-16 09:45:00+00:00,187.1,187.1,187.0,187.0,2622.0
2024-09-16 10:00:00+00:00,187.01,187.01,187.01,187.01,503.0
2024-09-16 10:05:00+00:00,187.18,187.19,187.18,187.19,5101.0
2024-09-16 10:10:00+00:00,186.92,187.0,186.91,187.0,1300.0
2024-09-16 10:25:00+00:00,186.83,186.84,186.65,186.65,2980.0
2024-09-16 10:30:00+00:00,186.71,186.71,186.71,186.71,149.0
2024-09-16 10:35:00+00:00,186.7,186.7,186.7,186.7,227.0
2024-09-16 10:45:00+00:00,186.77,186.77,186.77,186.77,368.0
2024-09-16 10:50:00+00:00,186.8,186.8,186.8,186.8,330.0
2024-09-16 10:55:00+00:00,186.9,186.9,186.9,186.9,306.0
2024-09-16 11:00:00+00:00,186.81,186.81,186.69,186.69,2996.0
2024-09-16 11:05:00+00:00,186.7,186.79,186.7,186.79,2146.0
2024-09-16 11:10:00+00:00,186.75,186.82,186.7,186.7,1455.0
2024-09-16 11:15:00+00:00,186.79,186.8,186.79,186.8,1245.0
2024-09-16 11:20:00+00:00,186.83,186.88,186.75,186.75,1687.0
2024-09-16 11:25:00+00:00,186.7,186.7,186.67,186.67,1158.0
2024-09-16 11:30:00+00:00,186.73,186.73,186.73,186.73,151.0
2024-09-16 11:35:00+00:00,186.56,186.77,186.56,186.73,4834.0
2024-09-16 11:40:00+00:00,186.72,186.72,186.72,186.72,662.0
2024-09-16 11:45:00+00:00,186.75,186.8,186.75,186.8,1388.0
2024-09-16 11:50:00+00:00,186.72,186.72,186.72,186.72,360.0
2024-09-16 11:55:00+00:00,186.72,186.72,186.6,186.6,16905.0
2024-09-16 12:00:00+00:00,186.77,186.9,186.19,186.64,30202.0
2024-09-16 12:05:00+00:00,186.55,186.6,186.5,186.6,6028.0
2024-09-16 12:10:00+00:00,186.6,186.6,186.6,186.6,753.0
2024-09-16 12:15:00+00:00,186.52,186.6394,186.4369,186.52,5880.0
2024-09-16 12:20:00+00:00,186.48,186.48,186.3446,186.3446,4421.0
2024-09-16 12:25:00+00:00,186.3445,186.47,186.3135,186.4,8204.0
2024-09-16 12:30:00+00:00,186.2333,186.24,186.15,186.22,8173.0
2024-09-16 12:35:00+00:00,186.37,186.45,186.31,186.45,3603.0
2024-09-16 12:40:00+00:00,186.51,186.56,186.4,186.4,1785.0
2024-09-16 12:45:00+00:00,186.42,186.42,186.26,186.3,12393.0
2024-09-16 12:50:00+00:00,186.24,186.471,186.24,186.38,3056.0
2024-09-16 12:55:00+00:00,186.33,186.36,186.32,186.33,2912.0
2024-09-16 13:00:00+00:00,186.329,186.4685,186.329,186.35,1123.0
2024-09-16 13:05:00+00:00,186.37,186.4694,186.3,186.449,4241.0
2024-09-16 13:10:00+00:00,186.3,186.3,186.22,186.27,3049.0
2024-09-16 13:15:00+00:00,186.32,186.4641,186.28,186.35,5280.0
2024-09-16 13:20:00+00:00,186.3,186.3,186.1,186.1,4894.0
2024-09-16 13:25:00+00:00,186.0,186.05,184.62,185.14,127579.0
2024-09-16 13:30:00+00:00,185.29,185.35,183.55,183.76,1946822.0
2024-09-16 13:35:00+00:00,183.76,184.61,183.63,184.22,635632.0
2024-09-16 13:40:00+00:00,184.25,185.17,184.15,185.09,471243.0
2024-09-16 13:45:00+00:00,185.08,185.42,185.025,185.14,379035.0
2024-09-16 13:50:00+00:00,185.145,185.77,185.01,185.77,388495.0
2024-09-16 13:55:00+00:00,185.76,185.81,185.36,185.49,320986.0
2024-09-16 14:00:00+00:00,185.48,185.63,184.9,185.06,344904.0
2024-09-16 14:05:00+00:00,185.12,185.18,184.56,184.6775,328689.0
2024-09-16 14:10:00+00:00,184.68,184.995,184.541,184.93,316003.0
2024-09-16 14:15:00+00:00,184.93,185.175,184.9,185.03,294119.0
2024-09-16 14:20:00+00:00,185.035,185.21,184.81,184.98,310166.0
2024-09-16 14:25:00+00:00,184.965,184.98,184.36,184.43,406684.0
2024-09-16 14:30:00+00:00,184.41,184.435,183.52,183.66,425445.0
2024-09-16 14:35:00+00:00,183.66,184.14,183.61,183.935,370403.0
2024-09-16 14:40:00+00:00,183.92,184.38,183.9,184.225,302180.0
2024-09-16 14:45:00+00:00,184.22,184.225,183.52,183.8,354712.0
2024-09-16 14:50:00+00:00,183.8,184.2988,183.8,184.07,301685.0
2024-09-16 14:55:00+00:00,184.07,184.17,183.73,183.835,210169.0
2024-09-16 15:00:00+00:00,183.85,183.86,183.36,183.64,323594.0
2024-09-16 15:05:00+00:00,183.645,183.93,183.5,183.86,255960.0
2024-09-16 15:10:00+00:00,183.86,184.28,183.86,184.266,223948.0
2024-09-16 15:15:00+00:00,184.2601,184.59,184.2031,184.43,321753.0
2024-09-16 15:20:00+00:00,184.45,184.58,184.2615,184.565,186559.0
2024-09-16 15:25:00+00:00,184.56,184.73,184.41,184.57,258905.0
2024-09-16 15:30:00+00:00,184.565,184.81,184.48,184.7,181093.0
2024-09-16 15:35:00+00:00,184.68,184.78,184.36,184.46,226417.0
2024-09-16 15:40:00+00:00,184.475,184.49,184.16,184.17,184928.0
2024-09-16 15:45:00+00:00,184.17,184.2449,184.0061,184.215,165667.0
2024-09-16 15:50:00+00:00,184.19,184.37,184.065,184.37,126478.0
2024-09-16 15:55:00+00:00,184.37,184.41,184.11,184.28,117581.0
2024-09-16 16:00:00+00:00,184.3,184.36,184.0321,184.0321,149281.0
2024-09-16 16:05:00+00:00,184.035,184.225,183.97,184.0899,150632.0
2024-09-16 16:10:00+00:00,184.095,184.13,183.81,183.894,185374.0
2024-09-16 16:15:00+00:00,183.895,183.98,183.68,183.78,212018.0
2024-09-16 16:20:00+00:00,183.775,183.92,183.68,183.89,203244.0
2024-09-16 16:25:00+00:00,183.87,184.31,183.87,184.24,265663.0
2024-09-16 16:30:00+00:00,184.24,184.295,183.9,183.96,159216.0
2024-09-16 16:35:00+00:00,183.955,184.09,183.79,183.87,146887.0
2024-09-16 16:40:00+00:00,183.84,183.97,183.79,183.9088,112278.0
2024-09-16 16:45:00+00:00,183.91,183.98,183.75,183.97,110019.0
2024-09-16 16:50:00+00:00,183.98,184.15,183.94,184.0843,146273.0
2024-09-16 16:55:00+00:00,184.08,184.3,184.06,184.3,146081.0
2024-09-16 17:00:00+00:00,184.29,184.31,184.225,184.265,111281.0
2024-09-16 17:05:00+00:00,184.27,184.37,184.18,184.215,179085.0
2024-09-16 17:10:00+00:00,184.22,184.3246,184.185,184.205,172031.0
2024-09-16 17:15:00+00:00,184.22,184.28,183.99,184.05,155649.0
2024-09-16 17:20:00+00:00,184.06,184.21,183.96,184.21,159236.0
2024-09-16 17:25:00+00:00,184.2094,184.68,184.15,184.65,286942.0
2024-09-16 17:30:00+00:00,184.655,185.07,184.55,184.69,412444.0
2024-09-16 17:35:00+00:00,184.6601,184.79,184.39,184.76,204079.0
2024-09-16 17:40:00+00:00,184.75,184.8336,184.46,184.79,158779.0
2024-09-16 17:45:00+00:00,184.8,185.09,184.8,184.845,225085.0
2024-09-16 17:50:00+00:00,184.85,185.0,184.73,184.8799,164240.0
2024-09-16 17:55:00+00:00,184.87,185.16,184.75,185.1099,192982.0
2024-09-16 18:00:00+00:00,185.1025,185.105,184.7626,184.83,157554.0
2024-09-16 18:05:00+00:00,184.8109,185.11,184.75,185.075,148478.0
2024-09-16 18:10:00+00:00,185.07,185.13,184.95,185.03,155602.0
2024-09-16 18:15:00+00:00,185.03,185.0996,184.84,184.88,130090.0
2024-09-16 18:20:00+00:00,184.89,185.2698,184.83,185.16,198476.0
2024-09-16 18:25:00+00:00,185.17,185.45,185.145,185.42,179977.0
2024-09-16 18:30:00+00:00,185.415,185.525,185.305,185.47,199427.0
2024-09-16 18:35:00+00:00,185.47,185.47,185.1201,185.26,182321.0
2024-09-16 18:40:00+00:00,185.265,185.3001,184.94,184.94,166674.0
2024-09-16 18:45:00+00:00,184.94,185.045,184.83,184.98,141000.0
2024-09-16 18:50:00+00:00,184.97,185.11,184.935,185.015,145309.0
2024-09-16 18:55:00+00:00,185.01,185.3399,185.0,185.32,161897.0
2024-09-16 19:00:00+00:00,185.32,185.32,184.95,184.97,125063.0
2024-09-16 19:05:00+00:00,184.97,185.144,184.93,185.06,168440.0
2024-09-16 19:10:00+00:00,185.08,185.23,185.05,185.15,129770.0
2024-09-16 19:15:00+00:00,185.15,185.15,184.955,185.07,199206.0
2024-09-16 19:20:00+00:00,185.075,185.1,184.96,185.02,141525.0
2024-09-16 19:25:00+00:00,185.03,185.085,184.97,184.995,185926.0
2024-09-16 19:30:00+00:00,184.995,185.24,184.925,185.225,245399.0
2024-09-16 19:35:00+00:00,185.23,185.23,184.99,185.18,183994.0
2024-09-16 19:40:00+00:00,185.1894,185.35,185.12,185.295,218614.0
2024-09-16 19:45:00+00:00,185.295,185.35,185.14,185.17,211483.0
2024-09-16 19:50:00+00:00,185.17,185.255,184.985,185.08,408670.0
2024-09-16 19:55:00+00:00,185.09,185.09,184.73,184.89,1209006.0
2024-09-16 20:00:00+00:00,184.88,184.89,184.78,184.804,4215011.0
2024-09-16 20:05:00+00:00,184.8,184.89,184.8,184.87,59595.0
2024-09-16 20:10:00+00:00,184.87,184.89,184.83,184.88,14132.0
2024-09-16 20:15:00+00:00,184.87,184.88,184.86,184.87,1537.0
2024-09-16 20:20:00+00:00,184.88,184.88,184.83,184.87,92752.0
2024-09-16 20:25:00+00:00,184.87,184.8794,184.87,184.8794,1942.0
2024-09-16 20:30:00+00:00,184.8775,184.8775,184.81,184.81,2219.0
2024-09-16 20:35:00+00:00,184.84,184.84,184.84,184.84,717.0
2024-09-16 20:40:00+00:00,184.84,184.89,184.84,184.86,5663.0
2024-09-16 20:45:00+00:00,184.88,184.88,184.88,184.88,175.0
2024-09-16 20:50:00+00:00,184.85,184.89,184.76,184.7981,8412.0
2024-09-16 20:55:00+00:00,184.8,184.8,184.79,184.79,3167.0
2024-09-16 21:00:00+00:00,184.8,184.8,184.7701,184.7701,1762.0
2024-09-16 21:05:00+00:00,184.7732,184.81,184.7732,184.81,820.0
2024-09-16 21:10:00+00:00,184.81,184.81,184.7709,184.7709,871.0
2024-09-16 21:15:00+00:00,184.81,184.81,184.8099,184.8099,1310.0
2024-09-16 21:20:00+00:00,184.7801,184.7801,184.7801,184.7801,208.0
2024-09-16 21:25:00+00:00,184.81,184.81,184.8,184.8,2433.0
2024-09-16 21:30:00+00:00,184.78,184.78,184.78,184.78,532.0
2024-09-16 21:35:00+00:00,184.73,184.73,184.7,184.7,1008.0
2024-09-16 21:40:00+00:00,184.7045,184.75,184.7045,184.75,781.0
2024-09-16 21:45:00+00:00,184.8086,184.8086,184.75,184.75,610.0
2024-09-16 21:50:00+00:00,184.8,184.8,184.8,184.8,515.0
2024-09-16 21:55:00+00:00,184.72,184.805,184.7135,184.74,1536.0
2024-09-16 22:00:00+00:00,184.81,184.81,184.81,184.81,3134.0
2024-09-16 22:05:00+00:00,184.88,184.95,184.84,184.9025,271908.0
2024-09-16 22:10:00+00:00,184.93,184.93,184.8155,184.8155,3089.0
2024-09-16 22:15:00+00:00,184.89,184.9475,184.89,184.9025,2217.0
2024-09-16 22:20:00+00:00,184.9475,184.95,184.9,184.92,1576.0
2024-09-16 22:25:00+00:00,184.95,184.98,184.9,184.98,4563.0
2024-09-16 22:30:00+00:00,184.95,184.99,184.92,184.92,4155.0
2024-09-16 22:35:00+00:00,184.92,184.98,184.92,184.96,2410.0
2024-09-16 22:40:00+00:00,184.97,184.9977,184.9334,184.9334,1733.0
2024-09-16 22:45:00+00:00,184.92,184.9575,184.92,184.9575,789.0
2024-09-16 22:50:00+00:00,184.95,185.0,184.95,184.98,3243.0
2024-09-16 22:55:00+00:00,184.96,184.99,184.91,184.91,1364.0
2024-09-16 23:10:00+00:00,184.95,184.97,184.95,184.97,2114.0
2024-09-16 23:20:00+00:00,184.864,184.95,184.86,184.95,1197.0
2024-09-16 23:30:00+00:00,184.98,185.0,184.98,184.99,6810.0
2024-09-16 23:40:00+00:00,184.91,184.969,184.91,184.969,611.0
2024-09-16 23:45:00+00:00,184.92,184.92,184.92,184.92,369.0
2024-09-16 23:50:00+00:00,184.9677,184.9677,184.9677,184.9677,511.0
2024-09-16 23:55:00+00:00,184.96,184.96,184.88,184.89,2143.0
2024-09-17 08:00:00+00:00,184.55,185.13,184.55,184.9,1415.0
2024-09-17 08:05:00+00:00,185.04,185.13,185.04,185.13,3136.0
2024-09-17 08:25:00+00:00,185.59,185.59,185.59,185.59,590.0
2024-09-17 08:30:00+00:00,185.54,185.56,185.54,185.56,443.0
2024-09-17 08:35:00+00:00,185.43,185.43,185.43,185.43,1456.0
2024-09-17 08:50:00+00:00,185.57,185.63,185.57,185.62,2499.0
2024-09-17 08:55:00+00:00,185.66,185.66,185.66,185.66,1854.0
2024-09-17 09:05:00+00:00,185.78,185.78,185.78,185.78,988.0
2024-09-17 09:10:00+00:00,185.81,185.81,185.81,185.81,312.0
2024-09-17 09:15:00+00:00,185.89,186.0,185.89,186.0,2960.0
2024-09-17 09:20:00+00:00,185.99,185.99,185.95,185.98,637.0
2024-09-17 09:25:00+00:00,186.11,186.15,186.11,186.15,1354.0
2024-09-17 09:30:00+00:00,186.06,186.06,186.06,186.06,1838.0
2024-09-17 09:35:00+00:00,185.96,185.96,185.94,185.94,2810.0
2024-09-17 09:40:00+00:00,185.91,185.91,185.91,185.91,143.0
2024-09-17 09:50:00+00:00,186.14,186.15,186.14,186.15,978.0
2024-09-17 09:55:00+00:00,186.16,186.27,186.16,186.27,1317.0
2024-09-17 10:00:00+00:00,186.15,186.15,186.15,186.15,466.0
2024-09-17 10:15:00+00:00,186.2,186.2,186.2,186.2,302.0
2024-09-17 10:35:00+00:00,186.17,186.17,186.12,186.12,779.0
2024-09-17 10:40:00+00:00,186.08,186.08,186.08,186.08,518.0
2024-09-17 10:45:00+00:00,186.02,186.02,185.91,185.91,1596.0
2024-09-17 10:55:00+00:00,185.9,185.9,185.9,185.9,483.0
2024-09-17 11:00:00+00:00,185.91,185.91,185.68,185.76,4470.0
2024-09-17 11:05:00+00:00,185.76,185.81,185.74,185.8,2533.0
2024-09-17 11:10:00+00:00,185.78,185.78,185.77,185.77,1013.0
2024-09-17 11:15:00+00:00,185.76,185.76,185.75,185.75,3444.0
2024-09-17 11:20:00+00:00,185.8,185.8,185.8,185.8,252.0
2024-09-17 11:25:00+00:00,185.83,185.83,185.83,185.83,754.0
2024-09-17 11:30:00+00:00,185.84,185.9,185.84,185.9,2107.0
2024-09-17 11:40:00+00:00,185.97,186.05,185.97,186.05,2951.0
2024-09-17 11:45:00+00:00,186.12,186.2,186.12,186.17,4528.0
2024-09-17 11:50:00+00:00,186.2,186.44,186.2,186.3,5244.0
2024-09-17 11:55:00+00:00,186.3,186.45,186.3,186.41,7209.0
2024-09-17 12:00:00+00:00,185.7,186.45,184.428,186.3,48898.0
2024-09-17 12:05:00+00:00,186.2905,186.4,186.29,186.39,9394.0
2024-09-17 12:10:00+00:00,186.3995,186.4,186.35,186.39,9252.0
2024-09-17 12:15:00+00:00,186.39,186.4,186.35,186.4,10327.0
2024-09-17 12:20:00+00:00,186.39,186.42,186.35,186.42,4867.0
2024-09-17 12:25:00+00:00,186.3835,186.4981,186.38,186.38,3215.0
2024-09-17 12:30:00+00:00,186.5,186.55,186.4145,186.54,21062.0
2024-09-17 12:35:00+00:00,186.54,186.62,186.54,186.56,21865.0
2024-09-17 12:40:00+00:00,186.58,186.58,186.2516,186.2516,13297.0
2024-09-17 12:45:00+00:00,186.34,186.35,186.197,186.33,4653.0
2024-09-17 12:50:00+00:00,186.2712,186.54,186.2712,186.54,11819.0
2024-09-17 12:55:00+00:00,186.45,186.66,186.44,186.58,7158.0
2024-09-17 13:00:00+00:00,186.65,186.71,186.54,186.71,11218.0
2024-09-17 13:05:00+00:00,186.664,186.95,186.664,186.95,14079.0
2024-09-17 13:10:00+00:00,186.99,187.2455,186.85,186.86,30513.0
2024-09-17 13:15:00+00:00,186.851,187.08,186.851,186.93,13032.0
2024-09-17 13:20:00+00:00,186.9,186.9862,186.5309,186.62,12141.0
2024-09-17 13:25:00+00:00,186.74,186.7894,186.48,186.75,39605.0
2024-09-17 13:30:00+00:00,186.84,188.75,186.34,187.67,2023633.0
2024-09-17 13:35:00+00:00,187.66,188.4,187.31,187.65,676446.0
2024-09-17 13:40:00+00:00,187.66,188.86,187.5177,188.42,681403.0
2024-09-17 13:45:00+00:00,188.415,188.88,187.96,187.9944,564856.0
2024-09-17 13:50:00+00:00,187.99,188.05,187.55,187.97,560265.0
2024-09-17 13:55:00+00:00,187.96,188.48,187.8503,188.28,371045.0
2024-09-17 14:00:00+00:00,188.32,188.81,188.32,188.73,444834.0
2024-09-17 14:05:00+00:00,188.73,188.939,188.53,188.785,506654.0
2024-09-17 14:10:00+00:00,188.78,188.8789,188.32,188.61,365329.0
2024-09-17 14:15:00+00:00,188.61,188.75,188.54,188.675,241516.0
2024-09-17 14:20:00+00:00,188.63,188.67,188.2,188.4,292066.0
2024-09-17 14:25:00+00:00,188.4,188.734,188.37,188.69,208076.0
2024-09-17 14:30:00+00:00,188.68,188.75,188.28,188.3485,258711.0
2024-09-17 14:35:00+00:00,188.315,188.9799,188.3101,188.97,331380.0
2024-09-17 14:40:00+00:00,188.97,189.26,188.9534,189.2,543326.0
2024-09-17 14:45:00+00:00,189.2,189.45,189.02,189.07,416738.0
2024-09-17 14:50:00+00:00,189.08,189.1,188.56,188.59,336808.0
2024-09-17 14:55:00+00:00,188.59,188.63,188.03,188.36,298880.0
2024-09-17 15:00:00+00:00,188.38,188.52,188.08,188.1,255395.0
2024-09-17 15:05:00+00:00,188.1,188.292,188.09,188.255,178699.0
2024-09-17 15:10:00+00:00,188.245,188.46,188.18,188.355,217973.0
2024-09-17 15:15:00+00:00,188.35,188.47,188.18,188.245,233176.0
2024-09-17 15:20:00+00:00,188.245,188.26,187.79,188.17,305168.0
2024-09-17 15:25:00+00:00,188.185,188.27,188.03,188.06,172035.0
2024-09-17 15:30:00+00:00,188.0625,188.13,187.97,188.0501,147483.0
2024-09-17 15:35:00+00:00,188.07,188.19,188.02,188.15,137483.0
2024-09-17 15:40:00+00:00,188.15,188.19,188.0,188.1302,145877.0
2024-09-17 15:45:00+00:00,188.135,188.3658,188.0401,188.06,194462.0
2024-09-17 15:50:00+00:00,188.08,188.37,188.08,188.28,125740.0
2024-09-17 15:55:00+00:00,188.28,188.51,188.23,188.435,163048.0
2024-09-17 16:00:00+00:00,188.435,188.54,188.29,188.3274,169447.0
2024-09-17 16:05:00+00:00,188.3275,188.47,188.262,188.38,123869.0
2024-09-17 16:10:00+00:00,188.385,188.395,188.135,188.2485,132976.0
2024-09-17 16:15:00+00:00,188.24,188.245,187.58,187.7,224579.0
2024-09-17 16:20:00+00:00,187.695,187.695,186.99,187.21,298238.0
2024-09-17 16:25:00+00:00,187.22,187.47,186.96,187.47,216498.0
2024-09-17 16:30:00+00:00,187.46,187.46,187.17,187.1926,131415.0
2024-09-17 16:35:00+00:00,187.2,187.3958,187.035,187.2272,112155.0
2024-09-17 16:40:00+00:00,187.21,187.275,186.73,186.825,180879.0
2024-09-17 16:45:00+00:00,186.8399,186.94,186.25,186.4469,271095.0
2024-09-17 16:50:00+00:00,186.455,186.98,186.19,186.93,270361.0
2024-09-17 16:55:00+00:00,186.935,187.16,186.73,186.96,224329.0
2024-09-17 17:00:00+00:00,186.9558,187.15,186.83,186.87,158213.0
2024-09-17 17:05:00+00:00,186.88,186.96,186.751,186.825,132501.0
2024-09-17 17:10:00+00:00,186.825,186.9337,186.59,186.78,160555.0
2024-09-17 17:15:00+00:00,186.79,186.89,186.615,186.89,124689.0
2024-09-17 17:20:00+00:00,186.91,187.04,186.86,186.985,161136.0
2024-09-17 17:25:00+00:00,186.99,187.07,186.91,186.97,113850.0
2024-09-17 17:30:00+00:00,186.96,187.1499,186.73,186.7549,135892.0
2024-09-17 17:35:00+00:00,186.77,187.07,186.77,186.94,125181.0
2024-09-17 17:40:00+00:00,186.92,186.935,186.4419,186.53,145620.0
2024-09-17 17:45:00+00:00,186.54,186.81,186.14,186.79,224676.0
2024-09-17 17:50:00+00:00,186.77,187.05,186.73,186.954,153212.0
2024-09-17 17:55:00+00:00,186.95,186.96,186.7,186.8416,139271.0
2024-09-17 18:00:00+00:00,186.84,187.0,186.75,186.955,116664.0
2024-09-17 18:05:00+00:00,186.95,187.08,186.855,187.04,100647.0
2024-09-17 18:10:00+00:00,187.035,187.04,186.74,186.79,102998.0
2024-09-17 18:15:00+00:00,186.81,186.96,186.76,186.84,83842.0
2024-09-17 18:20:00+00:00,186.83,187.3,186.77,187.2802,166905.0
2024-09-17 18:25:00+00:00,187.28,187.29,186.94,187.132,164096.0
2024-09-17 18:30:00+00:00,187.125,187.125,186.87,187.07,147625.0
2024-09-17 18:35:00+00:00,187.06,187.2,187.04,187.09,130811.0
2024-09-17 18:40:00+00:00,187.1,187.19,186.91,187.14,141751.0
2024-09-17 18:45:00+00:00,187.14,187.21,186.52,186.77,220090.0
2024-09-17 18:50:00+00:00,186.75,186.77,186.535,186.7,155769.0
2024-09-17 18:55:00+00:00,186.705,186.94,186.685,186.88,139133.0
2024-09-17 19:00:00+00:00,186.8799,186.9682,186.78,186.78,121245.0
2024-09-17 19:05:00+00:00,186.77,186.91,186.6705,186.894,148391.0
2024-09-17 19:10:00+00:00,186.89,187.2,186.87,187.1301,243829.0
2024-09-17 19:15:00+00:00,187.12,187.135,186.96,187.12,154785.0
2024-09-17 19:20:00+00:00,187.125,187.13,186.705,186.74,189276.0
2024-09-17 19:25:00+00:00,186.75,186.92,186.6143,186.91,345044.0
2024-09-17 19:30:00+00:00,186.89,186.97,186.76,186.87,187214.0
2024-09-17 19:35:00+00:00,186.87,186.97,186.68,186.921,191982.0
2024-09-17 19:40:00+00:00,186.94,186.9699,186.63,186.755,244043.0
2024-09-17 19:45:00+00:00,186.755,187.05,186.75,187.0,274759.0
2024-09-17 19:50:00+00:00,187.02,187.1,186.76,186.83,488666.0
2024-09-17 19:55:00+00:00,186.83,186.98,186.655,186.92,1117427.0
2024-09-17 20:00:00+00:00,186.94,186.95,186.72,186.88,4612458.0
2024-09-17 20:05:00+00:00,186.86,186.9281,186.86,186.9281,43555.0
2024-09-17 20:10:00+00:00,186.94,186.97,186.94,186.96,3207.0
2024-09-17 20:15:00+00:00,186.97,187.1145,186.88,187.03,25962.0
2024-09-17 20:20:00+00:00,187.0485,187.08,186.88,187.02,27838.0
2024-09-17 20:25:00+00:00,187.03,187.08,186.88,187.08,9834.0
2024-09-17 20:30:00+00:00,187.0,187.0,186.96,186.96,4410.0
2024-09-17 20:35:00+00:00,186.97,187.25,186.91,186.99,10743.0
2024-09-17 20:40:00+00:00,186.99,186.99,186.98,186.99,2484.0
2024-09-17 20:50:00+00:00,186.96,186.96,186.9225,186.9225,1706.0
2024-09-17 20:55:00+00:00,186.91,186.9101,186.85,186.85,4631.0
2024-09-17 21:05:00+00:00,186.89,186.89,186.85,186.87,3475.0
2024-09-17 21:10:00+00:00,186.7838,186.7838,186.77,186.78,1769.0
2024-09-17 21:15:00+00:00,186.74,186.74,186.74,186.74,171.0
2024-09-17 21:20:00+00:00,186.75,186.79,186.75,186.76,3492.0
2024-09-17 21:25:00+00:00,186.8,186.8,186.8,186.8,932.0
2024-09-17 21:30:00+00:00,186.8855,186.8855,186.8055,186.8055,679.0
2024-09-17 21:35:00+00:00,186.8,186.8,186.8,186.8,311.0
2024-09-17 21:40:00+00:00,186.67,186.7,186.6599,186.7,5409.0
2024-09-17 21:45:00+00:00,186.79,186.79,186.7012,186.7012,3083.0
2024-09-17 21:50:00+00:00,186.75,186.79,186.75,186.79,609.0
2024-09-17 21:55:00+00:00,186.8025,186.8025,186.8025,186.8025,244.0
2024-09-17 22:00:00+00:00,186.79,186.79,186.6596,186.6596,465.0
2024-09-17 22:05:00+00:00,186.6516,186.75,186.6516,186.75,224.0
2024-09-17 22:10:00+00:00,186.79,186.8,186.79,186.8,547.0
2024-09-17 22:15:00+00:00,186.742,186.75,186.742,186.75,424.0
2024-09-17 22:20:00+00:00,186.75,186.81,186.75,186.81,630.0
2024-09-17 22:30:00+00:00,186.8,186.83,186.8,186.8,1033.0
2024-09-17 22:35:00+00:00,186.845,186.845,186.75,186.7925,1418.0
2024-09-17 22:40:00+00:00,186.72,186.72,186.72,186.72,755.0
2024-09-17 22:45:00+00:00,186.7992,186.7992,186.7992,186.7992,206.0
2024-09-17 22:50:00+00:00,186.79,186.8,186.79,186.8,1323.0
2024-09-17 23:05:00+00:00,186.657,186.78,186.657,186.78,1806.0
2024-09-17 23:10:00+00:00,186.6592,186.71,186.65,186.65,880.0
2024-09-17 23:15:00+00:00,186.666,186.666,186.666,186.666,159.0
2024-09-17 23:20:00+00:00,186.7556,186.77,186.7556,186.77,441.0
2024-09-17 23:25:00+00:00,186.75,186.75,186.66,186.66,1789.0
2024-09-17 23:30:00+00:00,186.74,186.75,186.655,186.75,2554.0
2024-09-17 23:35:00+00:00,186.75,186.95,186.75,186.95,2726.0
2024-09-17 23:40:00+00:00,186.995,186.9985,186.9005,186.9005,1336.0
2024-09-17 23:45:00+00:00,187.08,187.0919,186.9138,186.9138,2836.0
2024-09-17 23:50:00+00:00,187.08,187.09,187.06,187.06,2512.0
2024-09-17 23:55:00+00:00,187.09,187.0999,187.081,187.0999,3144.0
2024-09-18 08:00:00+00:00,186.91,187.01,186.89,187.0,1344.0
2024-09-18 08:05:00+00:00,186.81,186.81,186.81,186.81,930.0
2024-09-18 08:10:00+00:00,186.66,186.66,186.6,186.6,1423.0
2024-09-18 08:15:00+00:00,186.58,186.59,186.57,186.59,1042.0
2024-09-18 08:20:00+00:00,186.62,186.62,186.62,186.62,396.0
2024-09-18 08:25:00+00:00,186.55,186.55,186.55,186.55,912.0
2024-09-18 08:45:00+00:00,186.57,186.57,186.57,186.57,100.0
2024-09-18 08:55:00+00:00,186.74,186.75,186.74,186.75,436.0
2024-09-18 09:10:00+00:00,186.73,186.73,186.73,186.73,104.0
2024-09-18 09:15:00+00:00,186.71,186.71,186.71,186.71,570.0
2024-09-18 09:30:00+00:00,186.84,186.84,186.84,186.84,320.0
2024-09-18 09:35:00+00:00,186.87,186.95,186.87,186.95,1557.0
2024-09-18 09:45:00+00:00,186.92,186.92,186.92,186.92,347.0
2024-09-18 09:50:00+00:00,186.97,187.01,186.97,187.01,1213.0
2024-09-18 10:00:00+00:00,187.06,187.07,187.06,187.07,404.0
2024-09-18 10:05:00+00:00,187.11,187.13,187.11,187.13,582.0
2024-09-18 10:15:00+00:00,187.18,187.18,187.15,187.15,424.0
2024-09-18 10:20:00+00:00,187.2,187.2,187.2,187.2,160.0
2024-09-18 10:25:00+00:00,187.29,187.29,187.29,187.29,1063.0
2024-09-18 10:35:00+00:00,187.29,187.29,187.27,187.27,736.0
2024-09-18 10:40:00+00:00,187.11,187.11,187.1,187.1,1937.0
2024-09-18 10:50:00+00:00,187.18,187.18,187.15,187.15,243.0
2024-09-18 10:55:00+00:00,187.12,187.13,187.12,187.13,604.0
2024-09-18 11:00:00+00:00,187.06,187.09,187.03,187.03,1130.0
2024-09-18 11:05:00+00:00,187.09,187.2,187.09,187.1,3364.0
2024-09-18 11:10:00+00:00,187.09,187.09,187.01,187.01,1242.0
2024-09-18 11:15:00+00:00,187.08,187.08,187.08,187.08,297.0
2024-09-18 11:20:00+00:00,187.21,187.21,187.2,187.2,578.0
2024-09-18 11:25:00+00:00,187.19,187.25,187.19,187.2,2666.0
2024-09-18 11:30:00+00:00,187.16,187.17,187.15,187.17,1442.0
2024-09-18 11:40:00+00:00,187.23,187.23,187.1,187.1,2199.0
2024-09-18 11:50:00+00:00,187.17,187.17,187.1,187.1,1747.0
2024-09-18 11:55:00+00:00,187.17,187.23,187.17,187.21,2013.0
2024-09-18 12:00:00+00:00,187.09,187.3,186.413,187.17,25899.0
2024-09-18 12:05:00+00:00,187.16,187.3115,187.09,187.3115,5272.0
2024-09-18 12:10:00+00:00,187.25,187.25,187.17,187.17,2583.0
2024-09-18 12:15:00+00:00,187.1,187.2987,187.1,187.2987,2715.0
2024-09-18 12:20:00+00:00,187.2955,187.3,187.25,187.3,2479.0
2024-09-18 12:25:00+00:00,187.32,187.3545,187.2685,187.2685,1233.0
2024-09-18 12:30:00+00:00,187.3601,187.47,187.3601,187.47,1941.0
2024-09-18 12:35:00+00:00,187.46,187.47,187.32,187.42,5830.0
2024-09-18 12:40:00+00:00,187.477,187.5594,187.477,187.52,4168.0
2024-09-18 12:45:00+00:00,187.558,187.558,187.33,187.4,5039.0
2024-09-18 12:50:00+00:00,187.4,187.47,187.32,187.47,2679.0
2024-09-18 12:55:00+00:00,187.46,187.49,187.42,187.44,2403.0
2024-09-18 13:00:00+00:00,187.46,187.56,187.46,187.54,9633.0
2024-09-18 13:05:00+00:00,187.5165,187.5165,187.2646,187.3455,2229.0
2024-09-18 13:10:00+00:00,187.32,187.32,187.12,187.1301,14423.0
2024-09-18 13:15:00+00:00,187.15,187.2486,187.05,187.14,13694.0
2024-09-18 13:20:00+00:00,187.13,187.15,187.02,187.15,13420.0
2024-09-18 13:25:00+00:00,187.12,187.12,186.26,186.52,81971.0
2024-09-18 13:30:00+00:00,186.45,186.76,185.95,186.0565,1019182.0
2024-09-18 13:35:00+00:00,186.06,186.12,185.06,185.53,600370.0
2024-09-18 13:40:00+00:00,185.54,186.19,185.46,185.9935,355086.0
2024-09-18 13:45:00+00:00,186.0,186.39,185.92,186.29,313047.0
2024-09-18 13:50:00+00:00,186.285,186.52,186.07,186.45,239737.0
2024-09-18 13:55:00+00:00,186.435,186.65,186.38,186.57,210847.0
2024-09-18 14:00:00+00:00,186.53,187.1,186.47,187.05,339371.0
2024-09-18 14:05:00+00:00,187.04,187.09,186.35,186.43,232535.0
2024-09-18 14:10:00+00:00,186.46,186.84,186.15,186.82,226887.0
2024-09-18 14:15:00+00:00,186.83,186.85,186.4,186.47,182679.0
2024-09-18 14:20:00+00:00,186.48,186.6,186.31,186.52,174771.0
2024-09-18 14:25:00+00:00,186.5,186.98,186.385,186.98,161412.0
2024-09-18 14:30:00+00:00,186.97,187.06,186.8,186.9615,233002.0
2024-09-18 14:35:00+00:00,186.95,186.98,186.64,186.96,182990.0
2024-09-18 14:40:00+00:00,186.96,187.38,186.9207,187.36,297364.0
2024-09-18 14:45:00+00:00,187.37,187.41,187.17,187.2,160018.0
2024-09-18 14:50:00+00:00,187.21,187.21,186.915,187.065,136709.0
2024-09-18 14:55:00+00:00,187.0501,187.16,187.0,187.095,126375.0
2024-09-18 15:00:00+00:00,187.1,187.25,187.07,187.1118,133449.0
2024-09-18 15:05:00+00:00,187.1,187.1128,186.69,186.76,120821.0
2024-09-18 15:10:00+00:00,186.77,186.77,186.53,186.69,107632.0
2024-09-18 15:15:00+00:00,186.685,186.74,186.545,186.595,93378.0
2024-09-18 15:20:00+00:00,186.595,186.6,186.17,186.3,177142.0
2024-09-18 15:25:00+00:00,186.3017,186.59,186.21,186.57,127243.0
2024-09-18 15:30:00+00:00,186.57,186.57,186.238,186.34,111362.0
2024-09-18 15:35:00+00:00,186.34,186.38,186.0765,186.09,140764.0
2024-09-18 15:40:00+00:00,186.08,186.1,185.85,185.96,203247.0
2024-09-18 15:45:00+00:00,185.98,186.0,185.66,185.82,170051.0
2024-09-18 15:50:00+00:00,185.825,185.9775,185.78,185.94,129494.0
2024-09-18 15:55:00+00:00,185.93,186.03,185.75,185.7692,110892.0
2024-09-18 16:00:00+00:00,185.75,185.95,185.65,185.71,194617.0
2024-09-18 16:05:00+00:00,185.711,185.87,185.65,185.84,125981.0
2024-09-18 16:10:00+00:00,185.83,186.18,185.8,186.17,128810.0
2024-09-18 16:15:00+00:00,186.17,186.46,186.165,186.4001,232582.0
2024-09-18 16:20:00+00:00,186.4,186.62,186.39,186.425,203175.0
2024-09-18 16:25:00+00:00,186.4539,186.61,186.44,186.57,102916.0
2024-09-18 16:30:00+00:00,186.59,186.6,186.325,186.38,106878.0
2024-09-18 16:35:00+00:00,186.41,186.4747,186.3034,186.36,103281.0
2024-09-18 16:40:00+00:00,186.37,186.43,186.23,186.285,166553.0
2024-09-18 16:45:00+00:00,186.275,186.44,186.27,186.38,82263.0
2024-09-18 16:50:00+00:00,186.39,186.66,186.39,186.6001,136773.0
2024-09-18 16:55:00+00:00,186.6,186.76,186.54,186.66,190109.0
2024-09-18 17:00:00+00:00,186.665,186.7,186.578,186.61,142477.0
2024-09-18 17:05:00+00:00,186.61,186.73,186.58,186.71,73203.0
2024-09-18 17:10:00+00:00,186.7,186.87,186.65,186.71,100023.0
2024-09-18 17:15:00+00:00,186.72,186.74,186.5566,186.68,91362.0
2024-09-18 17:20:00+00:00,186.7,186.74,186.5581,186.61,75275.0
2024-09-18 17:25:00+00:00,186.62,186.88,186.62,186.84,138397.0
2024-09-18 17:30:00+00:00,186.85,187.17,186.84,187.0101,141446.0
2024-09-18 17:35:00+00:00,187.02,187.07,186.5,186.7,162118.0
2024-09-18 17:40:00+00:00,186.71,186.8,186.64,186.79,102437.0
2024-09-18 17:45:00+00:00,186.8,186.93,186.69,186.83,115311.0
2024-09-18 17:50:00+00:00,186.815,186.86,186.65,186.755,107467.0
2024-09-18 17:55:00+00:00,186.7403,186.94,186.6478,186.8,163701.0
2024-09-18 18:00:00+00:00,186.8,188.47,186.25,187.745,1259585.0
2024-09-18 18:05:00+00:00,187.73,188.12,187.13,187.5201,520352.0
2024-09-18 18:10:00+00:00,187.55,187.71,186.71,187.23,380756.0
2024-09-18 18:15:00+00:00,187.31,188.32,187.24,188.0399,456152.0
2024-09-18 18:20:00+00:00,188.02,188.43,187.73,187.8759,362061.0
2024-09-18 18:25:00+00:00,187.9,188.13,187.44,187.8901,285816.0
2024-09-18 18:30:00+00:00,187.92,188.77,187.87,188.73,462802.0
2024-09-18 18:35:00+00:00,188.735,188.8,187.57,188.13,532434.0
2024-09-18 18:40:00+00:00,188.08,188.3201,187.32,187.51,378185.0
2024-09-18 18:45:00+00:00,187.52,188.25,187.41,187.9,394790.0
2024-09-18 18:50:00+00:00,187.89,188.365,187.69,188.145,315506.0
2024-09-18 18:55:00+00:00,188.1,188.3049,187.34,187.3414,353822.0
2024-09-18 19:00:00+00:00,187.32,187.46,186.54,186.7726,510884.0
2024-09-18 19:05:00+00:00,186.72,186.73,186.145,186.52,466131.0
2024-09-18 19:10:00+00:00,186.5,187.47,186.28,187.38,488596.0
2024-09-18 19:15:00+00:00,187.37,187.42,186.97,187.28,310973.0
2024-09-18 19:20:00+00:00,187.2601,187.39,186.34,187.28,356435.0
2024-09-18 19:25:00+00:00,187.25,188.09,187.23,187.82,487605.0
2024-09-18 19:30:00+00:00,187.83,188.08,187.14,187.34,373007.0
2024-09-18 19:35:00+00:00,187.34,187.68,186.83,187.19,395117.0
2024-09-18 19:40:00+00:00,187.24,187.4,186.44,186.46,302006.0
2024-09-18 19:45:00+00:00,186.51,186.89,186.06,186.375,490093.0
2024-09-18 19:50:00+00:00,186.35,187.06,186.325,186.5898,728006.0
2024-09-18 19:55:00+00:00,186.64,186.86,186.21,186.43,1482024.0
2024-09-18 20:00:00+00:00,186.39,186.53,186.05,186.53,10152192.0
2024-09-18 20:05:00+00:00,186.5365,187.1396,186.4145,186.76,79835.0
2024-09-18 20:10:00+00:00,186.7601,186.99,186.6,186.888,53099.0
2024-09-18 20:15:00+00:00,186.89,187.14,186.74,186.98,9474.0
2024-09-18 20:20:00+00:00,186.85,186.92,186.85,186.92,672.0
2024-09-18 20:25:00+00:00,186.85,186.983,186.43,186.86,17112.0
2024-09-18 20:30:00+00:00,186.85,186.98,186.8156,186.88,2002.0
2024-09-18 20:35:00+00:00,186.9,187.0,186.7715,186.8,7001.0
2024-09-18 20:40:00+00:00,186.77,186.77,186.7,186.71,5466.0
2024-09-18 20:45:00+00:00,186.8072,186.8072,186.68,186.73,10562.0
2024-09-18 20:50:00+00:00,186.78,186.78,186.65,186.68,6524.0
2024-09-18 20:55:00+00:00,186.6709,186.77,186.6709,186.77,2666.0
2024-09-18 21:00:00+00:00,186.79,186.79,186.7211,186.7875,1248.0
2024-09-18 21:05:00+00:00,186.74,186.74,186.74,186.74,1182.0
2024-09-18 21:10:00+00:00,186.71,186.76,186.7035,186.76,6038.0
2024-09-18 21:15:00+00:00,186.72,186.756,186.68,186.74,7597.0
2024-09-18 21:20:00+00:00,186.7109,186.7109,186.7109,186.7109,3014.0
2024-09-18 21:25:00+00:00,186.74,186.74,186.7,186.7,1023.0
2024-09-18 21:30:00+00:00,186.7186,186.789,186.68,186.789,648.0
2024-09-18 21:35:00+00:00,186.676,186.68,186.676,186.68,629.0
2024-09-18 21:40:00+00:00,186.67,186.79,186.66,186.66,3445.0
2024-09-18 21:45:00+00:00,186.7,186.7758,186.51,186.6002,14658.0
2024-09-18 21:50:00+00:00,186.6011,186.611,186.6,186.61,2909.0
2024-09-18 21:55:00+00:00,186.6121,186.6121,186.6121,186.6121,145.0
2024-09-18 22:00:00+00:00,186.75,186.9728,186.74,186.9728,3156.0
2024-09-18 22:05:00+00:00,186.8335,186.84,186.8335,186.84,3895.0
2024-09-18 22:10:00+00:00,186.86,186.95,186.7235,186.95,3945.0
2024-09-18 22:15:00+00:00,186.94,187.03,186.94,187.02,6822.0
2024-09-18 22:20:00+00:00,187.09,187.13,186.952,187.13,1520.0
2024-09-18 22:25:00+00:00,187.0101,187.16,187.0101,187.16,2962.0
2024-09-18 22:30:00+00:00,187.1675,187.1675,187.12,187.15,1690.0
2024-09-18 22:35:00+00:00,187.1515,187.179,187.017,187.1,9286.0
2024-09-18 22:40:00+00:00,187.16,187.16,187.08,187.13,1068.0
2024-09-18 22:45:00+00:00,187.13,187.15,187.0835,187.13,1814.0
2024-09-18 22:50:00+00:00,187.1,187.1,187.05,187.05,1082.0
2024-09-18 22:55:00+00:00,187.1393,187.1393,187.01,187.01,1194.0
2024-09-18 23:00:00+00:00,187.08,187.149,187.0101,187.149,1607.0
2024-09-18 23:05:00+00:00,187.15,187.15,187.12,187.14,2643.0
2024-09-18 23:10:00+00:00,187.017,187.017,187.017,187.017,524.0
2024-09-18 23:15:00+00:00,187.03,187.12,187.03,187.05,3787.0
2024-09-18 23:20:00+00:00,187.06,187.09,186.75,187.09,3154.0
2024-09-18 23:25:00+00:00,187.06,187.08,187.04,187.08,1173.0
2024-09-18 23:30:00+00:00,187.05,187.05,186.8,187.05,3907.0
2024-09-18 23:35:00+00:00,186.7301,187.0805,186.7301,187.0805,1206.0
2024-09-18 23:40:00+00:00,187.0805,187.0805,186.9,187.047,1678.0
2024-09-18 23:45:00+00:00,186.816,187.047,186.816,187.047,4697.0
2024-09-18 23:50:00+00:00,187.09,187.29,187.04,187.29,8062.0
2024-09-18 23:55:00+00:00,187.29,187.975,187.21,187.975,11843.0
2024-09-19 08:00:00+00:00,188.97,189.71,188.97,189.27,11775.0
2024-09-19 08:05:00+00:00,189.25,189.48,189.24,189.4,6274.0
2024-09-19 08:10:00+00:00,189.36,189.36,189.36,189.36,121.0
2024-09-19 08:15:00+00:00,189.41,189.46,189.36,189.45,2594.0
2024-09-19 08:20:00+00:00,189.45,189.45,189.45,189.45,778.0
2024-09-19 08:25:00+00:00,189.45,189.45,189.21,189.21,5022.0
2024-09-19 08:30:00+00:00,189.25,189.37,189.25,189.36,1480.0
2024-09-19 08:35:00+00:00,189.36,189.4,189.35,189.35,3218.0
2024-09-19 08:40:00+00:00,189.35,189.4,189.35,189.4,1333.0
2024-09-19 08:45:00+00:00,189.35,189.4,189.35,189.35,3907.0
2024-09-19 08:50:00+00:00,189.35,189.36,189.35,189.36,1396.0
2024-09-19 08:55:00+00:00,189.45,189.45,189.37,189.4,1499.0
2024-09-19 09:00:00+00:00,189.36,189.4,189.36,189.4,2775.0
2024-09-19 09:05:00+00:00,189.5,189.55,189.5,189.55,1381.0
2024-09-19 09:10:00+00:00,189.4,189.95,189.4,189.75,6431.0
2024-09-19 09:15:00+00:00,189.65,189.65,189.65,189.65,594.0
2024-09-19 09:20:00+00:00,189.74,189.75,189.74,189.74,1109.0
2024-09-19 09:25:00+00:00,189.71,189.71,189.65,189.65,902.0
2024-09-19 09:30:00+00:00,189.71,189.72,189.71,189.71,2219.0
2024-09-19 09:35:00+00:00,189.76,189.76,189.76,189.76,1354.0
2024-09-19 09:40:00+00:00,189.76,189.76,189.76,189.76,1304.0
2024-09-19 09:50:00+00:00,189.63,189.63,189.57,189.57,1522.0
2024-09-19 09:55:00+00:00,189.65,189.65,189.65,189.65,242.0
2024-09-19 10:00:00+00:00,189.75,189.75,189.75,189.75,293.0
2024-09-19 10:05:00+00:00,189.6,189.72,189.6,189.72,1067.0
2024-09-19 10:10:00+00:00,189.72,189.75,189.72,189.72,1470.0
2024-09-19 10:15:00+00:00,189.75,189.75,189.75,189.75,363.0
2024-09-19 10:20:00+00:00,189.8,189.8,189.8,189.8,227.0
2024-09-19 10:25:00+00:00,189.84,189.84,189.84,189.84,552.0
2024-09-19 10:30:00+00:00,189.84,189.88,189.84,189.88,3662.0
2024-09-19 10:40:00+00:00,189.8,189.84,189.75,189.76,3162.0
2024-09-19 10:45:00+00:00,189.83,189.93,189.77,189.85,12537.0
2024-09-19 10:50:00+00:00,189.84,190.07,189.84,190.07,24085.0
2024-09-19 10:55:00+00:00,190.07,190.18,190.06,190.18,2283.0
2024-09-19 11:00:00+00:00,190.05,190.2,189.54,190.0,60301.0
2024-09-19 11:05:00+00:00,190.0,190.04,189.93,190.04,8364.0
2024-09-19 11:10:00+00:00,190.04,190.06,190.0,190.01,4707.0
2024-09-19 11:15:00+00:00,190.0,190.01,189.95,189.99,10896.0
2024-09-19 11:20:00+00:00,190.0,190.0,190.0,190.0,291.0
2024-09-19 11:25:00+00:00,189.94,189.94,189.9,189.9,2992.0
2024-09-19 11:30:00+00:00,189.99,190.09,189.9,190.09,10486.0
2024-09-19 11:35:00+00:00,190.05,190.1,190.05,190.1,7960.0
2024-09-19 11:40:00+00:00,190.13,190.19,190.13,190.15,5355.0
2024-09-19 11:45:00+00:00,190.1,190.11,190.1,190.1,3491.0
2024-09-19 11:50:00+00:00,190.12,190.15,190.12,190.12,6970.0
2024-09-19 11:55:00+00:00,190.1,190.15,190.1,190.15,8216.0
2024-09-19 12:00:00+00:00,190.1,190.2,185.964,190.1879,105842.0
2024-09-19 12:05:00+00:00,190.15,190.28,190.15,190.24,20926.0
2024-09-19 12:10:00+00:00,190.2004,190.29,190.2,190.2781,12536.0
2024-09-19 12:15:00+00:00,190.2054,190.3,190.2,190.2101,12591.0
2024-09-19 12:20:00+00:00,190.28,190.28,190.2,190.2,7892.0
2024-09-19 12:25:00+00:00,190.2,190.285,190.16,190.285,16879.0
2024-09-19 12:30:00+00:00,190.29,190.31,190.15,190.25,21130.0
2024-09-19 12:35:00+00:00,190.16,190.26,190.1,190.26,15176.0
2024-09-19 12:40:00+00:00,190.16,190.25,190.1,190.14,13168.0
2024-09-19 12:45:00+00:00,190.14,190.1597,190.0,190.01,16891.0
2024-09-19 12:50:00+00:00,190.01,190.01,189.91,189.92,13333.0
2024-09-19 12:55:00+00:00,189.99,190.0944,189.96,190.0,13156.0
2024-09-19 13:00:00+00:00,189.99,190.0,189.9002,189.9002,14685.0
2024-09-19 13:05:00+00:00,189.91,190.01,189.8179,190.01,32765.0
2024-09-19 13:10:00+00:00,190.05,190.31,190.05,190.22,34406.0
2024-09-19 13:15:00+00:00,190.1612,190.24,190.024,190.12,22322.0
2024-09-19 13:20:00+00:00,190.16,190.16,190.0,190.02,20618.0
2024-09-19 13:25:00+00:00,190.02,190.2,188.39,190.01,167008.0
2024-09-19 13:30:00+00:00,190.04,190.35,189.46,189.89,1974184.0
2024-09-19 13:35:00+00:00,189.85,189.97,189.26,189.87,789911.0
2024-09-19 13:40:00+00:00,189.89,190.39,189.78,189.935,937921.0
2024-09-19 13:45:00+00:00,189.93,190.08,189.43,189.5016,544888.0
2024-09-19 13:50:00+00:00,189.49,189.49,188.9,189.26,568735.0
2024-09-19 13:55:00+00:00,189.27,189.38,188.73,188.81,440767.0
2024-09-19 14:00:00+00:00,188.88,189.3499,188.78,189.285,428927.0
2024-09-19 14:05:00+00:00,189.3,189.595,189.27,189.48,376693.0
2024-09-19 14:10:00+00:00,189.4799,189.82,189.32,189.78,396504.0
2024-09-19 14:15:00+00:00,189.78,189.94,189.28,189.94,427194.0
2024-09-19 14:20:00+00:00,189.935,190.28,189.89,190.265,734123.0
2024-09-19 14:25:00+00:00,190.2799,190.9399,190.2019,190.7714,1073011.0
2024-09-19 14:30:00+00:00,190.77,190.99,190.47,190.74,541503.0
2024-09-19 14:35:00+00:00,190.73,190.83,190.41,190.645,384618.0
2024-09-19 14:40:00+00:00,190.63,190.7,190.15,190.26,339722.0
2024-09-19 14:45:00+00:00,190.26,190.26,189.81,190.115,484749.0
2024-09-19 14:50:00+00:00,190.13,190.15,189.46,189.47,409163.0
2024-09-19 14:55:00+00:00,189.47,189.59,189.16,189.2,471301.0
2024-09-19 15:00:00+00:00,189.2425,189.48,189.0706,189.4682,349125.0
2024-09-19 15:05:00+00:00,189.49,189.52,188.82,189.08,420926.0
2024-09-19 15:10:00+00:00,189.0888,189.3717,189.07,189.17,252497.0
2024-09-19 15:15:00+00:00,189.17,189.48,189.15,189.21,207339.0
2024-09-19 15:20:00+00:00,189.21,189.3752,189.0682,189.26,253939.0
2024-09-19 15:25:00+00:00,189.26,189.2637,189.0799,189.21,246327.0
2024-09-19 15:30:00+00:00,189.19,189.29,188.82,188.93,343271.0
2024-09-19 15:35:00+00:00,188.945,189.13,188.9,189.07,203311.0
2024-09-19 15:40:00+00:00,189.06,189.24,188.83,188.87,265619.0
2024-09-19 15:45:00+00:00,188.86,189.23,188.83,189.15,276454.0
2024-09-19 15:50:00+00:00,189.1401,189.1721,188.47,188.704,341727.0
2024-09-19 15:55:00+00:00,188.69,188.82,188.58,188.79,213484.0
2024-09-19 16:00:00+00:00,188.7914,189.13,188.71,189.09,250482.0
2024-09-19 16:05:00+00:00,189.1,189.2784,189.03,189.27,274369.0
2024-09-19 16:10:00+00:00,189.2601,189.404,189.18,189.264,282715.0
2024-09-19 16:15:00+00:00,189.26,189.465,189.1413,189.44,275579.0
2024-09-19 16:20:00+00:00,189.445,189.65,189.39,189.57,279067.0
2024-09-19 16:25:00+00:00,189.565,189.84,189.53,189.7533,258310.0
2024-09-19 16:30:00+00:00,189.76,189.85,189.6144,189.6642,230915.0
2024-09-19 16:35:00+00:00,189.6799,189.7,189.51,189.55,163568.0
2024-09-19 16:40:00+00:00,189.545,189.68,189.51,189.63,159265.0
2024-09-19 16:45:00+00:00,189.6152,189.75,189.538,189.57,183708.0
2024-09-19 16:50:00+00:00,189.5601,189.63,189.432,189.525,206520.0
2024-09-19 16:55:00+00:00,189.53,189.54,189.17,189.25,322410.0
2024-09-19 17:00:00+00:00,189.24,189.43,189.17,189.4,200537.0
2024-09-19 17:05:00+00:00,189.39,189.39,189.11,189.19,189205.0
2024-09-19 17:10:00+00:00,189.19,189.19,188.94,189.0,233116.0
2024-09-19 17:15:00+00:00,189.0,189.315,188.96,189.315,224237.0
2024-09-19 17:20:00+00:00,189.31,189.42,189.02,189.09,616346.0
2024-09-19 17:25:00+00:00,189.09,189.355,189.09,189.35,169953.0
2024-09-19 17:30:00+00:00,189.3401,189.51,189.32,189.49,300417.0
2024-09-19 17:35:00+00:00,189.49,189.61,189.43,189.57,200348.0
2024-09-19 17:40:00+00:00,189.55,189.68,189.5288,189.68,161556.0
2024-09-19 17:45:00+00:00,189.68,189.78,189.63,189.7399,249387.0
2024-09-19 17:50:00+00:00,189.725,189.81,189.65,189.76,201960.0
2024-09-19 17:55:00+00:00,189.78,189.8,189.53,189.6162,197090.0
2024-09-19 18:00:00+00:00,189.62,189.75,189.54,189.74,162061.0
2024-09-19 18:05:00+00:00,189.74,189.75,189.48,189.5099,144780.0
2024-09-19 18:10:00+00:00,189.5013,189.51,189.22,189.32,244728.0
2024-09-19 18:15:00+00:00,189.32,189.33,189.02,189.29,224495.0
2024-09-19 18:20:00+00:00,189.29,189.49,189.2568,189.49,203604.0
2024-09-19 18:25:00+00:00,189.485,189.55,189.378,189.52,253444.0
2024-09-19 18:30:00+00:00,189.54,189.6,189.4,189.52,173304.0
2024-09-19 18:35:00+00:00,189.52,189.745,189.47,189.72,182592.0
2024-09-19 18:40:00+00:00,189.71,189.79,189.6438,189.7616,207240.0
2024-09-19 18:45:00+00:00,189.77,189.82,189.568,189.585,255736.0
2024-09-19 18:50:00+00:00,189.595,189.77,189.51,189.7024,257248.0
2024-09-19 18:55:00+00:00,189.705,189.89,189.6,189.865,213784.0
2024-09-19 19:00:00+00:00,189.86,189.92,189.51,189.775,258792.0
2024-09-19 19:05:00+00:00,189.78,189.79,189.58,189.66,208037.0
2024-09-19 19:10:00+00:00,189.66,189.76,189.57,189.6,228686.0
2024-09-19 19:15:00+00:00,189.57,189.77,189.52,189.575,226575.0
2024-09-19 19:20:00+00:00,189.58,189.71,189.31,189.7,325868.0
2024-09-19 19:25:00+00:00,189.69,189.71,189.3799,189.55,271611.0
2024-09-19 19:30:00+00:00,189.555,189.62,189.34,189.59,307368.0
2024-09-19 19:35:00+00:00,189.59,189.68,189.4,189.56,326618.0
2024-09-19 19:40:00+00:00,189.56,189.665,189.2089,189.24,376354.0
2024-09-19 19:45:00+00:00,189.23,189.61,189.18,189.4575,396009.0
2024-09-19 19:50:00+00:00,189.45,189.85,189.16,189.55,837692.0
2024-09-19 19:55:00+00:00,189.57,189.99,189.55,189.9,2113937.0
2024-09-19 20:00:00+00:00,189.87,190.0,189.61,189.87,9518678.0
2024-09-19 20:05:00+00:00,189.75,189.87,189.59,189.59,155393.0
2024-09-19 20:10:00+00:00,189.59,189.87,189.59,189.87,10046.0
2024-09-19 20:15:00+00:00,189.68,189.75,189.65,189.75,2353.0
2024-09-19 20:20:00+00:00,189.6642,189.87,189.65,189.87,3867.0
2024-09-19 20:25:00+00:00,189.73,189.747,189.69,189.69,3526.0
2024-09-19 20:30:00+00:00,189.65,189.72,189.65,189.7,1866.0
2024-09-19 20:35:00+00:00,189.72,189.87,189.49,189.49,14635.0
2024-09-19 20:40:00+00:00,189.68,189.68,189.66,189.68,5295.0
2024-09-19 20:45:00+00:00,189.66,189.66,189.6,189.6,2553.0
2024-09-19 20:50:00+00:00,189.62,189.68,189.6,189.6,3183.0
2024-09-19 21:00:00+00:00,189.54,189.55,189.54,189.54,1409.0
2024-09-19 21:05:00+00:00,189.51,189.59,189.5,189.59,4390.0
2024-09-19 21:10:00+00:00,189.58,189.59,189.58,189.59,551.0
2024-09-19 21:20:00+00:00,189.58,189.59,189.5443,189.59,1197.0
2024-09-19 21:25:00+00:00,189.55,189.55,189.55,189.55,706.0
2024-09-19 21:30:00+00:00,189.6,189.6,189.574,189.574,935.0
2024-09-19 21:35:00+00:00,189.57,189.57,189.57,189.57,176.0
2024-09-19 21:40:00+00:00,189.5428,189.55,189.51,189.51,1441.0
2024-09-19 21:45:00+00:00,189.48,189.48,189.45,189.45,2400.0
2024-09-19 21:50:00+00:00,189.44,189.44,189.44,189.44,5671.0
2024-09-19 21:55:00+00:00,189.49,189.51,189.49,189.5099,1691.0
2024-09-19 22:00:00+00:00,189.56,189.56,189.56,189.56,777.0
2024-09-19 22:05:00+00:00,189.6217,189.6217,189.6217,189.6217,129.0
2024-09-19 22:10:00+00:00,189.56,189.56,189.56,189.56,1672.0
2024-09-19 22:15:00+00:00,189.56,189.6295,189.56,189.6295,332.0
2024-09-19 22:20:00+00:00,189.59,189.59,189.59,189.59,163.0
2024-09-19 22:25:00+00:00,189.55,189.55,189.5,189.5,483.0
2024-09-19 22:30:00+00:00,189.51,189.5713,189.5,189.54,1560.0
2024-09-19 22:35:00+00:00,189.5,189.53,189.42,189.53,3170.0
2024-09-19 22:40:00+00:00,189.41,189.4955,189.41,189.4145,920.0
2024-09-19 22:45:00+00:00,189.41,189.486,189.39,189.39,1985.0
2024-09-19 22:50:00+00:00,189.42,189.494,189.36,189.36,1090.0
2024-09-19 22:55:00+00:00,189.34,189.348,189.34,189.34,712.0
2024-09-19 23:00:00+00:00,189.355,189.355,189.3543,189.3543,441.0
2024-09-19 23:05:00+00:00,189.35,189.493,189.34,189.34,2185.0
2024-09-19 23:10:00+00:00,189.34,189.39,189.329,189.329,4280.0
2024-09-19 23:15:00+00:00,189.34,189.34,189.34,189.34,207.0
2024-09-19 23:20:00+00:00,189.32,189.36,189.32,189.36,1262.0
2024-09-19 23:25:00+00:00,189.36,189.4,189.36,189.4,1817.0
2024-09-19 23:30:00+00:00,189.49,189.5,189.43,189.43,2187.0
2024-09-19 23:35:00+00:00,189.5,189.58,189.4095,189.44,2341.0
2024-09-19 23:40:00+00:00,189.59,189.6482,189.52,189.52,2912.0
2024-09-19 23:45:00+00:00,189.6425,189.6999,189.51,189.51,2850.0
2024-09-19 23:50:00+00:00,189.55,189.647,189.55,189.647,1267.0
2024-09-19 23:55:00+00:00,189.5,189.7,189.42,189.65,3570.0
2024-09-20 08:00:00+00:00,189.4,189.56,189.4,189.56,1315.0
2024-09-20 08:05:00+00:00,189.6,189.71,189.47,189.67,3814.0
2024-09-20 08:10:00+00:00,189.68,189.7,189.42,189.51,2270.0
2024-09-20 08:15:00+00:00,189.51,189.63,189.36,189.36,2880.0
2024-09-20 08:25:00+00:00,189.34,189.48,189.11,189.11,1373.0
2024-09-20 08:30:00+00:00,189.16,189.16,189.04,189.04,961.0
2024-09-20 08:35:00+00:00,189.06,189.06,189.01,189.01,1307.0
2024-09-20 08:45:00+00:00,189.2,189.3,189.2,189.3,729.0
2024-09-20 09:00:00+00:00,189.4,189.41,189.38,189.38,2153.0
2024-09-20 09:05:00+00:00,189.17,189.17,189.13,189.13,709.0
2024-09-20 09:45:00+00:00,189.27,189.27,189.27,189.27,266.0
2024-09-20 09:50:00+00:00,189.3,189.32,189.28,189.28,930.0
2024-09-20 10:05:00+00:00,189.25,189.25,189.21,189.22,422.0
2024-09-20 10:15:00+00:00,189.15,189.15,189.15,189.15,206.0
2024-09-20 10:20:00+00:00,189.1,189.15,189.1,189.15,529.0
2024-09-20 10:25:00+00:00,189.2,189.2,189.2,189.2,651.0
2024-09-20 10:30:00+00:00,189.13,189.17,189.09,189.17,1582.0
2024-09-20 10:45:00+00:00,189.07,189.07,189.07,189.07,279.0
2024-09-20 10:50:00+00:00,189.1,189.1,189.04,189.04,596.0
2024-09-20 10:55:00+00:00,189.09,189.11,189.09,189.11,1202.0
2024-09-20 11:00:00+00:00,189.15,189.52,189.15,189.4,6283.0
2024-09-20 11:05:00+00:00,189.25,189.39,189.15,189.15,2601.0
2024-09-20 11:10:00+00:00,189.28,189.31,189.28,189.29,2976.0
2024-09-20 11:15:00+00:00,189.28,189.4,189.25,189.4,2442.0
2024-09-20 11:20:00+00:00,189.41,189.52,189.37,189.47,4287.0
2024-09-20 11:25:00+00:00,189.47,189.67,189.47,189.67,3622.0
2024-09-20 11:30:00+00:00,189.58,189.68,189.48,189.68,4718.0
2024-09-20 11:35:00+00:00,189.64,189.64,189.64,189.64,219.0
2024-09-20 11:40:00+00:00,189.7,189.7,189.7,189.7,484.0
2024-09-20 11:45:00+00:00,189.69,189.69,189.61,189.61,3976.0
2024-09-20 11:50:00+00:00,189.7,189.7,189.5,189.5,3010.0
2024-09-20 11:55:00+00:00,189.65,189.73,189.6,189.72,4388.0
2024-09-20 12:00:00+00:00,189.15,189.81,189.03,189.77,46102.0
2024-09-20 12:05:00+00:00,189.637,190.2,189.637,190.13,15993.0
2024-09-20 12:10:00+00:00,190.25,190.4184,190.17,190.2,23472.0
2024-09-20 12:15:00+00:00,190.2001,190.35,190.1508,190.1508,9709.0
2024-09-20 12:20:00+00:00,190.2,190.31,190.06,190.31,13144.0
2024-09-20 12:25:00+00:00,190.35,190.55,190.281,190.5025,18771.0
2024-09-20 12:30:00+00:00,190.55,190.66,190.41,190.66,23183.0
2024-09-20 12:35:00+00:00,190.5227,190.6,190.36,190.6,13916.0
2024-09-20 12:40:00+00:00,190.6,190.967,190.6,190.91,31353.0
2024-09-20 12:45:00+00:00,190.9,190.9695,190.8001,190.895,9818.0
2024-09-20 12:50:00+00:00,190.8198,190.8198,190.5156,190.63,10138.0
2024-09-20 12:55:00+00:00,190.6,190.72,190.6,190.653,6337.0
2024-09-20 13:00:00+00:00,190.65,190.65,190.171,190.36,20612.0
2024-09-20 13:05:00+00:00,190.3,190.3485,190.0,190.0,22439.0
2024-09-20 13:10:00+00:00,190.0,190.2199,189.8,190.2199,14034.0
2024-09-20 13:15:00+00:00,190.11,190.248,190.07,190.2,14285.0
2024-09-20 13:20:00+00:00,190.22,190.2493,190.1,190.15,16251.0
2024-09-20 13:25:00+00:00,190.1,190.7,189.5,190.22,113939.0
2024-09-20 13:30:00+00:00,190.28,190.96,190.03,190.825,7404862.0
2024-09-20 13:35:00+00:00,190.835,190.93,190.11,190.15,572858.0
2024-09-20 13:40:00+00:00,190.12,190.372,189.66,190.06,527306.0
2024-09-20 13:45:00+00:00,190.0501,190.21,189.68,189.76,347998.0
2024-09-20 13:50:00+00:00,189.785,190.22,189.785,190.01,280292.0
2024-09-20 13:55:00+00:00,190.0,190.0647,189.35,189.445,369189.0
2024-09-20 14:00:00+00:00,189.47,189.79,189.3575,189.64,314211.0
2024-09-20 14:05:00+00:00,189.68,189.79,189.53,189.61,253053.0
2024-09-20 14:10:00+00:00,189.6,189.74,189.38,189.605,280642.0
2024-09-20 14:15:00+00:00,189.6,189.68,189.14,189.26,334798.0
2024-09-20 14:20:00+00:00,189.25,189.48,188.98,189.455,286731.0
2024-09-20 14:25:00+00:00,189.45,189.65,189.33,189.36,275659.0
2024-09-20 14:30:00+00:00,189.4,189.445,189.03,189.24,198884.0
2024-09-20 14:35:00+00:00,189.23,189.3,188.98,189.21,266854.0
2024-09-20 14:40:00+00:00,189.2,189.2,188.63,188.818,390321.0
2024-09-20 14:45:00+00:00,188.815,188.88,188.59,188.765,225817.0
2024-09-20 14:50:00+00:00,188.7479,188.8935,188.49,188.5395,246385.0
2024-09-20 14:55:00+00:00,188.54,188.56,188.14,188.255,300900.0
2024-09-20 15:00:00+00:00,188.25,188.3,188.03,188.08,274887.0
2024-09-20 15:05:00+00:00,188.0783,188.17,187.8001,187.815,448770.0
2024-09-20 15:10:00+00:00,187.81,188.07,187.65,187.725,313940.0
2024-09-20 15:15:00+00:00,187.725,187.91,187.41,187.88,571096.0
2024-09-20 15:20:00+00:00,187.8701,188.11,187.8,187.87,311703.0
2024-09-20 15:25:00+00:00,187.87,188.25,187.87,188.11,268246.0
2024-09-20 15:30:00+00:00,188.13,188.45,188.09,188.38,287458.0
2024-09-20 15:35:00+00:00,188.385,188.7,188.27,188.7,1798068.0
2024-09-20 15:40:00+00:00,188.69,189.0,188.52,188.8571,1795600.0
2024-09-20 15:45:00+00:00,188.87,189.16,188.76,189.12,246229.0
2024-09-20 15:50:00+00:00,189.12,189.18,188.8133,189.05,238532.0
2024-09-20 15:55:00+00:00,189.09,189.38,189.09,189.36,267213.0
2024-09-20 16:00:00+00:00,189.355,189.53,189.31,189.465,281874.0
2024-09-20 16:05:00+00:00,189.47,189.57,189.3079,189.46,177712.0
2024-09-20 16:10:00+00:00,189.48,189.565,189.41,189.53,218614.0
2024-09-20 16:15:00+00:00,189.545,189.92,189.49,189.8201,277083.0
2024-09-20 16:20:00+00:00,189.8231,190.03,189.75,190.01,392581.0
2024-09-20 16:25:00+00:00,190.01,190.14,189.96,190.11,303952.0
2024-09-20 16:30:00+00:00,190.1,190.18,190.0,190.02,361803.0
2024-09-20 16:35:00+00:00,190.04,190.12,189.87,190.08,249424.0
2024-09-20 16:40:00+00:00,190.06,190.18,190.02,190.1,196322.0
2024-09-20 16:45:00+00:00,190.095,190.41,190.09,190.41,1805819.0
2024-09-20 16:50:00+00:00,190.41,190.5318,190.38,190.39,276761.0
2024-09-20 16:55:00+00:00,190.38,190.45,190.2724,190.37,216275.0
2024-09-20 17:00:00+00:00,190.37,190.59,190.35,190.53,1638264.0
2024-09-20 17:05:00+00:00,190.54,190.74,190.48,190.58,274002.0
2024-09-20 17:10:00+00:00,190.57,190.66,190.4811,190.61,172310.0
2024-09-20 17:15:00+00:00,190.61,190.68,190.461,190.54,159716.0
2024-09-20 17:20:00+00:00,190.5499,190.59,190.27,190.3,266389.0
2024-09-20 17:25:00+00:00,190.3,190.4699,190.18,190.32,1306587.0
2024-09-20 17:30:00+00:00,190.31,190.56,190.3,190.355,213841.0
2024-09-20 17:35:00+00:00,190.345,190.5,190.2346,190.2701,1315079.0
2024-09-20 17:40:00+00:00,190.26,190.27,189.88,189.92,202686.0
2024-09-20 17:45:00+00:00,189.94,190.01,189.83,189.89,150008.0
2024-09-20 17:50:00+00:00,189.87,189.94,189.7501,189.796,165950.0
2024-09-20 17:55:00+00:00,189.79,189.87,189.66,189.664,184050.0
2024-09-20 18:00:00+00:00,189.67,189.7899,189.28,189.3399,301599.0
2024-09-20 18:05:00+00:00,189.34,189.4046,189.24,189.38,284350.0
2024-09-20 18:10:00+00:00,189.36,189.72,189.24,189.4935,274194.0
2024-09-20 18:15:00+00:00,189.5,189.7554,189.4982,189.72,153128.0
2024-09-20 18:20:00+00:00,189.73,189.9299,189.68,189.735,193697.0
2024-09-20 18:25:00+00:00,189.7317,189.735,189.41,189.47,242699.0
2024-09-20 18:30:00+00:00,189.49,189.5213,189.25,189.26,247297.0
2024-09-20 18:35:00+00:00,189.26,189.39,189.16,189.25,334727.0
2024-09-20 18:40:00+00:00,189.25,189.35,189.15,189.22,187954.0
2024-09-20 18:45:00+00:00,189.2424,189.39,189.19,189.35,181801.0
2024-09-20 18:50:00+00:00,189.355,189.71,189.29,189.71,308194.0
2024-09-20 18:55:00+00:00,189.71,190.08,189.71,190.013,344210.0
2024-09-20 19:00:00+00:00,190.0113,190.0113,189.71,189.85,233006.0
2024-09-20 19:05:00+00:00,189.86,189.86,189.6324,189.8201,199962.0
2024-09-20 19:10:00+00:00,189.825,189.955,189.57,189.72,312849.0
2024-09-20 19:15:00+00:00,189.71,189.88,189.62,189.795,264850.0
2024-09-20 19:20:00+00:00,189.795,190.095,189.46,189.598,357291.0
2024-09-20 19:25:00+00:00,189.6,190.06,189.59,190.0114,348728.0
2024-09-20 19:30:00+00:00,190.02,190.15,189.93,190.095,324704.0
2024-09-20 19:35:00+00:00,190.1,190.48,190.09,190.3711,482943.0
2024-09-20 19:40:00+00:00,190.37,190.38,190.06,190.1199,415790.0
2024-09-20 19:45:00+00:00,190.11,190.24,189.91,189.9535,450669.0
2024-09-20 19:50:00+00:00,189.97,191.52,189.88,191.125,2624229.0
2024-09-20 19:55:00+00:00,191.12,191.84,190.78,191.6,3099424.0
2024-09-20 20:00:00+00:00,191.67,191.67,190.81,191.04,47008783.0
2024-09-20 20:05:00+00:00,191.0001,191.6,190.9532,191.02,3021477.0
2024-09-20 20:10:00+00:00,190.9901,191.18,190.9901,191.08,5501480.0
2024-09-20 20:15:00+00:00,191.1487,191.16,190.942,190.9425,700765.0
2024-09-20 20:20:00+00:00,191.05,191.6,191.01,191.6,789893.0
2024-09-20 20:25:00+00:00,191.1,191.114,190.98,191.08,7310.0
2024-09-20 20:30:00+00:00,191.06,191.06,190.76,190.97,10420.0
2024-09-20 20:35:00+00:00,190.98,191.09,190.8,190.99,13601.0
2024-09-20 20:40:00+00:00,190.8665,191.0,190.8665,190.92,8480.0
2024-09-20 20:45:00+00:00,190.92,191.1,190.92,191.05,17593.0
2024-09-20 20:50:00+00:00,191.01,191.14,191.01,191.14,13189.0
2024-09-20 20:55:00+00:00,191.2364,191.2364,191.1,191.15,11806.0
2024-09-20 21:00:00+00:00,191.15,191.17,191.02,191.021,18745.0
2024-09-20 21:05:00+00:00,191.05,191.0973,191.04,191.09,7184.0
2024-09-20 21:10:00+00:00,191.0899,191.09,191.08,191.09,1050.0
2024-09-20 21:15:00+00:00,191.09,191.1,191.09,191.0905,7455.0
2024-09-20 21:20:00+00:00,191.1,191.12,191.09,191.12,1242.0
2024-09-20 21:25:00+00:00,191.0904,191.11,191.09,191.11,3618.0
2024-09-20 21:30:00+00:00,191.07,191.08,191.0,191.0,4334.0
2024-09-20 21:35:00+00:00,191.06,191.06,191.0,191.0,1340.0
2024-09-20 21:40:00+00:00,190.91,190.98,190.91,190.98,2626.0
2024-09-20 21:45:00+00:00,190.98,190.98,190.98,190.98,238.0
2024-09-20 21:50:00+00:00,191.0,191.0,190.97,190.97,4438.0
2024-09-20 21:55:00+00:00,190.92,190.92,190.92,190.92,272.0
2024-09-20 22:00:00+00:00,191.081,191.081,190.91,190.99,4136.0
2024-09-20 22:05:00+00:00,191.0,191.0,190.95,190.95,1727.0
2024-09-20 22:10:00+00:00,190.99,190.99,190.99,190.99,1509.0
2024-09-20 22:15:00+00:00,190.99,191.0,190.99,191.0,1038.0
2024-09-20 22:20:00+00:00,191.0,191.0,191.0,191.0,211.0
2024-09-20 22:25:00+00:00,191.0018,191.0018,191.0018,191.0018,119.0
2024-09-20 22:30:00+00:00,191.06,191.08,191.05,191.08,995.0
2024-09-20 22:35:00+00:00,191.08,191.2,191.08,191.2,3632.0
2024-09-20 22:40:00+00:00,191.17,191.17,191.12,191.12,629.0
2024-09-20 22:45:00+00:00,191.12,191.13,191.11,191.13,2888.0
2024-09-20 22:50:00+00:00,191.13,191.17,191.13,191.17,2557.0
2024-09-20 22:55:00+00:00,191.072,191.17,191.072,191.17,3059.0
2024-09-20 23:00:00+00:00,191.17,191.17,191.17,191.17,442.0
2024-09-20 23:05:00+00:00,191.15,191.15,191.15,191.15,780.0
2024-09-20 23:10:00+00:00,191.17,191.2,191.1107,191.1955,5480.0
2024-09-20 23:15:00+00:00,191.2,191.234,191.2,191.234,1126.0
2024-09-20 23:20:00+00:00,191.15,191.26,191.15,191.25,1381.0
2024-09-20 23:25:00+00:00,191.2407,191.243,191.24,191.24,2099.0
2024-09-20 23:35:00+00:00,191.1184,191.2,191.1184,191.2,381.0
2024-09-20 23:40:00+00:00,191.1355,191.18,191.1355,191.1475,755.0
2024-09-20 23:45:00+00:00,191.1355,191.18,191.1354,191.18,849.0
2024-09-20 23:50:00+00:00,191.1363,191.22,191.1363,191.2015,1933.0
2024-09-20 23:55:00+00:00,191.25,191.28,191.2201,191.2201,5793.0
2024-09-23 08:00:00+00:00,191.27,191.4,191.27,191.33,4800.0
2024-09-23 08:05:00+00:00,191.04,191.22,191.04,191.22,1869.0
2024-09-23 08:10:00+00:00,191.4,191.56,191.23,191.23,8208.0
2024-09-23 08:15:00+00:00,191.35,191.35,191.2,191.2,3857.0
2024-09-23 08:20:00+00:00,191.35,191.35,191.35,191.35,439.0
2024-09-23 08:30:00+00:00,191.35,191.35,191.35,191.35,664.0
2024-09-23 08:35:00+00:00,191.29,191.29,191.29,191.29,205.0
2024-09-23 08:40:00+00:00,191.3,191.3,191.2,191.2,4109.0
2024-09-23 08:55:00+00:00,191.15,191.15,191.15,191.15,554.0
2024-09-23 09:10:00+00:00,191.17,191.17,191.16,191.16,201.0
2024-09-23 09:15:00+00:00,191.16,191.16,191.16,191.16,359.0
2024-09-23 09:20:00+00:00,191.06,191.06,191.06,191.06,1119.0
2024-09-23 09:25:00+00:00,191.19,191.31,191.19,191.31,2224.0
2024-09-23 09:35:00+00:00,191.22,191.29,191.22,191.29,1232.0
2024-09-23 09:40:00+00:00,191.33,191.33,191.33,191.33,319.0
2024-09-23 09:45:00+00:00,191.37,191.48,191.37,191.48,1570.0
2024-09-23 09:50:00+00:00,191.51,191.51,191.51,191.51,379.0
2024-09-23 09:55:00+00:00,191.51,191.51,191.47,191.47,450.0
2024-09-23 10:00:00+00:00,191.47,191.53,191.47,191.53,1001.0
2024-09-23 10:05:00+00:00,191.58,191.58,191.58,191.58,807.0
2024-09-23 10:10:00+00:00,191.57,191.59,191.57,191.59,519.0
2024-09-23 10:15:00+00:00,191.59,191.59,191.59,191.59,710.0
2024-09-23 10:25:00+00:00,191.61,191.68,191.61,191.68,1681.0
2024-09-23 10:30:00+00:00,191.76,191.84,191.76,191.84,2702.0
2024-09-23 10:35:00+00:00,191.83,191.88,191.83,191.88,1717.0
2024-09-23 10:40:00+00:00,191.88,191.88,191.88,191.88,801.0
2024-09-23 10:45:00+00:00,191.9,191.94,191.9,191.9,5290.0
2024-09-23 10:50:00+00:00,191.9,191.9,191.72,191.72,2801.0
2024-09-23 11:00:00+00:00,191.75,191.81,191.55,191.65,14136.0
2024-09-23 11:05:00+00:00,191.54,191.65,191.54,191.65,2739.0
2024-09-23 11:10:00+00:00,191.6,191.74,191.6,191.74,1287.0
2024-09-23 11:15:00+00:00,191.7,191.7,191.6,191.6,1809.0
2024-09-23 11:20:00+00:00,191.76,191.81,191.76,191.79,1950.0
2024-09-23 11:25:00+00:00,191.73,191.73,191.52,191.52,6612.0
2024-09-23 11:30:00+00:00,191.65,191.65,191.65,191.65,426.0
2024-09-23 11:35:00+00:00,191.49,191.6,191.46,191.6,3655.0
2024-09-23 11:40:00+00:00,191.6,191.6,191.42,191.42,7575.0
2024-09-23 11:45:00+00:00,191.57,191.64,191.57,191.64,2422.0
2024-09-23 11:55:00+00:00,191.62,191.62,191.62,191.62,1474.0
2024-09-23 12:00:00+00:00,191.74,192.3,190.65,191.59,39384.0
2024-09-23 12:05:00+00:00,191.57,191.65,191.52,191.65,5848.0
2024-09-23 12:10:00+00:00,191.65,191.65,191.5,191.5,10715.0
2024-09-23 12:15:00+00:00,191.54,191.64,191.54,191.64,4550.0
2024-09-23 12:20:00+00:00,191.603,191.75,191.6,191.64,6074.0
2024-09-23 12:25:00+00:00,191.64,191.7,191.6,191.7,2830.0
2024-09-23 12:30:00+00:00,191.7,191.7,191.6,191.6,733.0
2024-09-23 12:35:00+00:00,191.72,191.8,191.72,191.8,9187.0
2024-09-23 12:40:00+00:00,191.8,191.8,191.6673,191.6673,2943.0
2024-09-23 12:45:00+00:00,191.75,191.84,191.7,191.7,12122.0
2024-09-23 12:50:00+00:00,191.8299,191.85,191.7198,191.7198,8173.0
2024-09-23 12:55:00+00:00,191.71,192.14,191.71,192.14,14233.0
2024-09-23 13:00:00+00:00,192.13,192.4,192.13,192.16,22373.0
2024-09-23 13:05:00+00:00,192.17,192.17,192.04,192.1335,20061.0
2024-09-23 13:10:00+00:00,192.1,192.1,191.957,192.0,3393.0
2024-09-23 13:15:00+00:00,191.92,192.0,191.8,191.882,5870.0
2024-09-23 13:20:00+00:00,191.92,191.93,191.7,191.7,7978.0
2024-09-23 13:25:00+00:00,191.53,191.8497,191.15,191.51,31669.0
2024-09-23 13:30:00+00:00,191.63,191.95,190.57,191.27,1531452.0
2024-09-23 13:35:00+00:00,191.27,192.29,191.036,192.015,801697.0
2024-09-23 13:40:00+00:00,192.015,192.17,191.31,191.48,414905.0
2024-09-23 13:45:00+00:00,191.47,192.33,191.28,192.32,475581.0
2024-09-23 13:50:00+00:00,192.33,192.4,191.9601,192.1,493156.0
2024-09-23 13:55:00+00:00,192.1051,192.3999,191.74,191.84,375554.0
2024-09-23 14:00:00+00:00,191.85,192.26,191.6801,192.0,332312.0
2024-09-23 14:05:00+00:00,192.035,192.05,191.65,191.69,307923.0
2024-09-23 14:10:00+00:00,191.73,191.9499,191.46,191.535,235322.0
2024-09-23 14:15:00+00:00,191.55,191.9087,191.435,191.778,191704.0
2024-09-23 14:20:00+00:00,191.78,192.1,191.71,191.96,240984.0
2024-09-23 14:25:00+00:00,191.97,191.9952,191.78,191.845,171001.0
2024-09-23 14:30:00+00:00,191.86,191.87,191.5,191.59,234360.0
2024-09-23 14:35:00+00:00,191.59,191.65,191.2202,191.33,233548.0
2024-09-23 14:40:00+00:00,191.3201,191.91,191.285,191.875,248280.0
2024-09-23 14:45:00+00:00,191.87,192.13,191.83,192.05,236131.0
2024-09-23 14:50:00+00:00,192.0598,192.25,191.89,192.12,217569.0
2024-09-23 14:55:00+00:00,192.12,192.15,191.7,191.7109,163660.0
2024-09-23 15:00:00+00:00,191.73,191.74,191.28,191.35,225391.0
2024-09-23 15:05:00+00:00,191.355,191.46,191.0506,191.44,227281.0
2024-09-23 15:10:00+00:00,191.44,191.605,191.33,191.47,195928.0
2024-09-23 15:15:00+00:00,191.45,191.495,191.2,191.27,179399.0
2024-09-23 15:20:00+00:00,191.27,191.469,191.27,191.455,241722.0
2024-09-23 15:25:00+00:00,191.4658,191.69,191.39,191.62,236480.0
2024-09-23 15:30:00+00:00,191.64,191.85,191.6,191.68,170422.0
2024-09-23 15:35:00+00:00,191.71,191.7402,191.51,191.7,129282.0
2024-09-23 15:40:00+00:00,191.7,191.75,191.5,191.52,154483.0
2024-09-23 15:45:00+00:00,191.53,191.63,191.45,191.4599,139104.0
2024-09-23 15:50:00+00:00,191.44,191.82,191.44,191.8115,165123.0
2024-09-23 15:55:00+00:00,191.815,191.9,191.57,191.73,201230.0
2024-09-23 16:00:00+00:00,191.73,192.14,191.63,192.115,225632.0
2024-09-23 16:05:00+00:00,192.12,192.27,192.04,192.0505,272569.0
2024-09-23 16:10:00+00:00,192.05,192.12,191.77,192.08,359943.0
2024-09-23 16:15:00+00:00,192.055,192.26,191.82,192.13,295518.0
2024-09-23 16:20:00+00:00,192.11,192.45,192.02,192.4375,307854.0
2024-09-23 16:25:00+00:00,192.45,192.87,192.38,192.81,720122.0
2024-09-23 16:30:00+00:00,192.81,193.2299,192.79,193.2199,791026.0
2024-09-23 16:35:00+00:00,193.2254,193.2499,192.729,192.9201,428506.0
2024-09-23 16:40:00+00:00,192.92,193.08,192.87,192.92,186358.0
2024-09-23 16:45:00+00:00,192.91,193.0694,192.69,193.02,312141.0
2024-09-23 16:50:00+00:00,193.02,193.165,192.86,193.14,203525.0
2024-09-23 16:55:00+00:00,193.14,193.3199,192.95,193.2501,266396.0
2024-09-23 17:00:00+00:00,193.2501,193.2501,192.85,193.09,198906.0
2024-09-23 17:05:00+00:00,193.075,193.1499,192.9,192.975,151926.0
2024-09-23 17:10:00+00:00,192.98,193.12,192.9,192.95,158777.0
2024-09-23 17:15:00+00:00,192.94,193.19,192.8453,193.17,178416.0
2024-09-23 17:20:00+00:00,193.165,193.3162,193.02,193.0496,192744.0
2024-09-23 17:25:00+00:00,193.0324,193.05,192.77,192.84,159284.0
2024-09-23 17:30:00+00:00,192.83,192.969,192.7501,192.96,138057.0
2024-09-23 17:35:00+00:00,192.96,193.0199,192.6,192.77,240066.0
2024-09-23 17:40:00+00:00,192.78,192.96,192.696,192.71,119775.0
2024-09-23 17:45:00+00:00,192.705,192.915,192.695,192.82,112657.0
2024-09-23 17:50:00+00:00,192.83,193.02,192.83,193.02,131592.0
2024-09-23 17:55:00+00:00,193.01,193.19,192.92,192.94,155584.0
2024-09-23 18:00:00+00:00,192.94,193.0999,192.93,193.0128,144185.0
2024-09-23 18:05:00+00:00,193.01,193.305,192.93,193.28,235885.0
2024-09-23 18:10:00+00:00,193.3,193.49,193.275,193.468,339936.0
2024-09-23 18:15:00+00:00,193.465,193.59,193.33,193.53,338462.0
2024-09-23 18:20:00+00:00,193.56,193.6,193.495,193.5,177519.0
2024-09-23 18:25:00+00:00,193.5,193.56,193.26,193.28,191720.0
2024-09-23 18:30:00+00:00,193.29,193.35,193.1,193.181,210549.0
2024-09-23 18:35:00+00:00,193.18,193.46,193.16,193.4128,211680.0
2024-09-23 18:40:00+00:00,193.43,193.63,193.43,193.5,408971.0
2024-09-23 18:45:00+00:00,193.51,193.92,193.47,193.77,503314.0
2024-09-23 18:50:00+00:00,193.785,194.07,193.765,194.01,799456.0
2024-09-23 18:55:00+00:00,194.03,194.2895,193.9301,194.02,404956.0
2024-09-23 19:00:00+00:00,194.02,194.19,193.98,194.1,305003.0
2024-09-23 19:05:00+00:00,194.12,194.17,193.8004,193.86,397253.0
2024-09-23 19:10:00+00:00,193.8453,194.1,193.81,193.915,291295.0
2024-09-23 19:15:00+00:00,193.915,194.255,193.91,194.21,422422.0
2024-09-23 19:20:00+00:00,194.21,194.28,193.9169,193.9169,307816.0
2024-09-23 19:25:00+00:00,193.91,193.95,193.8,193.875,232887.0
2024-09-23 19:30:00+00:00,193.875,194.01,193.65,193.985,337672.0
2024-09-23 19:35:00+00:00,193.975,194.02,193.77,193.855,247130.0
2024-09-23 19:40:00+00:00,193.86,193.8799,193.52,193.55,341314.0
2024-09-23 19:45:00+00:00,193.55,193.89,193.46,193.8825,341107.0
2024-09-23 19:50:00+00:00,193.87,194.45,193.87,194.12,1303037.0
2024-09-23 19:55:00+00:00,194.11,194.15,193.84,193.93,1290668.0
2024-09-23 20:00:00+00:00,194.02,194.02,193.752,193.88,10069710.0
2024-09-23 20:05:00+00:00,193.77,193.88,193.71,193.75,308159.0
2024-09-23 20:10:00+00:00,193.71,193.71,193.61,193.61,6464.0
2024-09-23 20:15:00+00:00,193.61,193.61,193.5,193.5025,53200.0
2024-09-23 20:20:00+00:00,193.5285,193.55,193.5,193.53,6173.0
2024-09-23 20:25:00+00:00,193.53,193.88,193.53,193.6,311891.0
2024-09-23 20:30:00+00:00,193.62,193.62,193.5615,193.5615,1287.0
2024-09-23 20:35:00+00:00,193.5999,193.61,193.561,193.6075,2107.0
2024-09-23 20:40:00+00:00,193.5691,193.5691,193.513,193.52,3497.0
2024-09-23 20:45:00+00:00,193.52,193.57,193.49,193.57,7189.0
2024-09-23 20:50:00+00:00,193.5001,193.52,193.5,193.5,1413.0
2024-09-23 20:55:00+00:00,193.5109,193.5109,193.5,193.5,2052.0
2024-09-23 21:00:00+00:00,193.5,193.5666,193.48,193.56,1873.0
2024-09-23 21:05:00+00:00,193.5013,193.5013,193.5,193.5,636.0
2024-09-23 21:10:00+00:00,193.53,193.569,193.502,193.52,2592.0
2024-09-23 21:15:00+00:00,193.5,193.55,193.5,193.5415,2450.0
2024-09-23 21:25:00+00:00,193.54,193.54,193.54,193.54,914.0
2024-09-23 21:30:00+00:00,193.5473,193.5473,193.5473,193.5473,259.0
2024-09-23 21:40:00+00:00,193.5465,193.57,193.5459,193.5459,548.0
2024-09-23 21:50:00+00:00,193.5762,193.6,193.5762,193.6,1476.0
2024-09-23 21:55:00+00:00,193.6,193.6,193.6,193.6,412.0
2024-09-23 22:00:00+00:00,193.5535,193.5535,193.5512,193.5512,1596.0
2024-09-23 22:05:00+00:00,193.55,193.6,193.48,193.48,7378.0
2024-09-23 22:10:00+00:00,193.59,193.59,193.5,193.5785,847.0
2024-09-23 22:15:00+00:00,193.53,193.56,193.53,193.56,813.0
2024-09-23 22:20:00+00:00,193.5,193.5,193.5,193.5,251.0
2024-09-23 22:25:00+00:00,193.5,193.5,193.45,193.45,310.0
2024-09-23 22:30:00+00:00,193.449,193.4495,193.4301,193.4301,1508.0
2024-09-23 22:35:00+00:00,193.44,193.44,193.29,193.29,5171.0
2024-09-23 22:40:00+00:00,193.29,193.3,193.28,193.3,1719.0
2024-09-23 22:45:00+00:00,193.3,193.491,193.2537,193.2598,2022.0
2024-09-23 22:50:00+00:00,193.4899,193.4899,193.305,193.39,760.0
2024-09-23 22:55:00+00:00,193.32,193.32,193.32,193.32,115.0
2024-09-23 23:00:00+00:00,193.38,193.4,193.35,193.35,1738.0
2024-09-23 23:05:00+00:00,193.3975,193.3999,193.35,193.3981,810.0
2024-09-23 23:10:00+00:00,193.351,193.4,193.351,193.4,1121.0
2024-09-23 23:15:00+00:00,193.4,193.4,193.4,193.4,304.0
2024-09-23 23:25:00+00:00,193.36,193.36,193.32,193.32,1228.0
2024-09-23 23:30:00+00:00,193.36,193.4,193.3301,193.4,1533.0
2024-09-23 23:35:00+00:00,193.44,193.44,193.44,193.44,1003.0
2024-09-23 23:40:00+00:00,193.336,193.336,193.3312,193.3312,410.0
2024-09-23 23:45:00+00:00,193.43,193.5,193.38,193.38,2902.0
2024-09-23 23:50:00+00:00,193.44,193.5872,193.44,193.55,1893.0
2024-09-23 23:55:00+00:00,193.56,193.6189,193.56,193.6189,2571.0
2024-09-24 08:00:00+00:00,191.0,193.12,190.28,191.0,71481.0
2024-09-24 08:05:00+00:00,191.0,191.72,190.97,191.72,28857.0
2024-09-24 08:10:00+00:00,191.75,192.25,191.75,192.25,4014.0
2024-09-24 08:15:00+00:00,192.2,192.39,192.2,192.39,5286.0
2024-09-24 08:20:00+00:00,192.43,192.8,192.43,192.78,6686.0
2024-09-24 08:25:00+00:00,192.77,192.78,192.64,192.64,2139.0
2024-09-24 08:30:00+00:00,192.53,192.59,192.46,192.46,2085.0
2024-09-24 08:35:00+00:00,192.6,192.68,192.58,192.68,1123.0
2024-09-24 08:40:00+00:00,192.69,192.8,192.69,192.75,1432.0
2024-09-24 08:45:00+00:00,192.71,192.71,192.59,192.59,1934.0
2024-09-24 08:50:00+00:00,192.69,192.69,192.69,192.69,144.0
2024-09-24 08:55:00+00:00,192.58,192.59,192.58,192.59,726.0
2024-09-24 09:10:00+00:00,192.6,192.63,192.56,192.58,1492.0
2024-09-24 09:15:00+00:00,192.58,192.58,192.02,192.12,5917.0
2024-09-24 09:20:00+00:00,192.25,192.25,192.05,192.05,1474.0
2024-09-24 09:30:00+00:00,192.38,192.4,192.38,192.4,2399.0
2024-09-24 09:35:00+00:00,192.31,192.31,192.31,192.31,725.0
2024-09-24 09:40:00+00:00,192.3,192.3,192.3,192.3,225.0
2024-09-24 09:45:00+00:00,192.36,192.36,192.3,192.3,348.0
2024-09-24 09:50:00+00:00,192.38,192.4,192.38,192.4,4821.0
