date,open,high,low,close,volume
2026-07-29 13:50:00+00:00,130.30999755859375,130.35000610351562,128.91000366210938,129.27999877929688,0
2026-07-29 13:55:00+00:00,129.25999450683594,129.26229858398438,128.39999389648438,128.5699005126953,228982
2026-07-29 14:00:00+00:00,128.67999267578125,128.8800048828125,128.3000030517578,128.58999633789062,369979
2026-07-29 14:05:00+00:00,128.58999633789062,129.07000732421875,128.47999572753906,128.7899932861328,222500
2026-07-29 14:10:00+00:00,128.81797790527344,129.3000030517578,128.6300048828125,128.85499572753906,101926
2026-07-29 14:15:00+00:00,128.88499450683594,129.1999969482422,128.84500122070312,128.99000549316406,105029
2026-07-29 14:20:00+00:00,129.02000427246094,129.18499755859375,128.66000366210938,128.69000244140625,110558
2026-07-29 14:25:00+00:00,128.67999267578125,128.96499633789062,128.5,128.92999267578125,227033
2026-07-29 14:30:00+00:00,128.92999267578125,129.05999755859375,128.64999389648438,128.75,116699
2026-07-29 14:35:00+00:00,128.78500366210938,128.88999938964844,128.6501007080078,128.72000122070312,108374
2026-07-29 14:40:00+00:00,128.74000549316406,128.74000549316406,128.4199981689453,128.50999450683594,79972
2026-07-29 14:45:00+00:00,128.52999877929688,129.07000732421875,128.4600067138672,128.9199981689453,104894
2026-07-29 14:50:00+00:00,128.91000366210938,129.14999389648438,128.8000030517578,129.14999389648438,100093
2026-07-29 14:55:00+00:00,129.14999389648438,129.14999389648438,128.9149932861328,129.07000732421875,90910
2026-07-29 15:00:00+00:00,129.0800018310547,129.30999755859375,128.84500122070312,129.18499755859375,65333
2026-07-29 15:05:00+00:00,129.1699981689453,129.27000427246094,129.1024932861328,129.15499877929688,81679
2026-07-29 15:10:00+00:00,129.15499877929688,129.27020263671875,128.92999267578125,129.0500030517578,65703
2026-07-29 15:15:00+00:00,129.07000732421875,129.24000549316406,128.99000549316406,128.99227905273438,48173
2026-07-29 15:20:00+00:00,128.9949951171875,129.0303955078125,128.86500549316406,128.97999572753906,39908
2026-07-29 15:25:00+00:00,129.01499938964844,129.08999633789062,128.8699951171875,129.02000427246094,64635
2026-07-29 15:30:00+00:00,129.05999755859375,129.1947021484375,129.02499389648438,129.02999877929688,59579
2026-07-29 15:35:00+00:00,129.0500030517578,129.11749267578125,128.65499877929688,128.65499877929688,65950
2026-07-29 15:40:00+00:00,128.65499877929688,128.65499877929688,128.24000549316406,128.36000061035156,103020
2026-07-29 15:45:00+00:00,128.32000732421875,128.5399932861328,128.25,128.5,62853
2026-07-29 15:50:00+00:00,128.5,128.52000427246094,128.1300048828125,128.13999938964844,97993
2026-07-29 15:55:00+00:00,128.1199951171875,128.29010009765625,127.97000122070312,128.22999572753906,116547
2026-07-29 16:00:00+00:00,128.2100067138672,128.33999633789062,128.16000366210938,128.16000366210938,62410
2026-07-29 16:05:00+00:00,128.1750030517578,128.27499389648438,127.99189758300781,128.14999389648438,75516
2026-07-29 16:10:00+00:00,128.14999389648438,128.17999267578125,127.86000061035156,127.88999938964844,116859
2026-07-29 16:15:00+00:00,127.91999816894531,128.1999969482422,127.88999938964844,128.1699981689453,89211
2026-07-29 16:20:00+00:00,128.16000366210938,128.26150512695312,128.0449981689453,128.13999938964844,177205
2026-07-29 16:25:00+00:00,128.16000366210938,128.27999877929688,128.10000610351562,128.22000122070312,66120
2026-07-29 16:30:00+00:00,128.1999969482422,128.30999755859375,128.13999938964844,128.1999969482422,61845
2026-07-29 16:35:00+00:00,128.19000244140625,128.2698974609375,128.02000427246094,128.2698974609375,72921
2026-07-29 16:40:00+00:00,128.2550048828125,128.3000030517578,128.0399932861328,128.09500122070312,95893
2026-07-29 16:45:00+00:00,128.10000610351562,128.27000427246094,128.00999450683594,128.16000366210938,154410
2026-07-29 16:50:00+00:00,128.19000244140625,128.34500122070312,128.1199951171875,128.34500122070312,73678
2026-07-29 16:55:00+00:00,128.3300018310547,128.44000244140625,128.2747039794922,128.3000030517578,74116
2026-07-29 17:00:00+00:00,128.36000061035156,128.7100067138672,128.27499389648438,128.6699981689453,74328
2026-07-29 17:05:00+00:00,128.6999969482422,128.6999969482422,128.5399932861328,128.5399932861328,55990
2026-07-29 17:10:00+00:00,128.5800018310547,128.86000061035156,128.5800018310547,128.6999969482422,64342
2026-07-29 17:15:00+00:00,128.6999969482422,128.85009765625,128.63999938964844,128.80499267578125,161078
2026-07-29 17:20:00+00:00,128.7899932861328,128.9199981689453,128.64999389648438,128.64999389648438,108358
2026-07-29 17:25:00+00:00,128.63499450683594,128.74749755859375,128.56500244140625,128.5800018310547,151196
2026-07-29 17:30:00+00:00,128.57000732421875,128.77999877929688,128.39999389648438,128.6199951171875,75209
2026-07-29 17:35:00+00:00,128.60000610351562,128.6199951171875,128.50999450683594,128.52999877929688,46407
2026-07-29 17:40:00+00:00,128.50999450683594,128.57000732421875,128.375,128.41000366210938,90465
2026-07-29 17:45:00+00:00,128.4199981689453,128.44000244140625,128.30999755859375,128.3300018310547,83662
2026-07-29 17:50:00+00:00,128.33999633789062,128.33999633789062,128.17999267578125,128.2100067138672,56864
2026-07-29 17:55:00+00:00,128.2100067138672,128.27749633789062,128.00999450683594,128.0749969482422,283272
2026-07-29 18:00:00+00:00,128.08999633789062,128.9199981689453,128.08999633789062,128.44000244140625,455664
2026-07-29 18:05:00+00:00,128.42999267578125,128.58999633789062,128.05999755859375,128.0937957763672,155941
2026-07-29 18:10:00+00:00,128.07000732421875,128.49000549316406,128.02000427246094,128.22500610351562,118565
2026-07-29 18:15:00+00:00,128.25,128.3800048828125,127.62000274658203,127.63999938964844,165179
2026-07-29 18:20:00+00:00,127.625,127.65499877929688,127.5,127.53500366210938,114381
2026-07-29 18:25:00+00:00,127.53500366210938,127.69999694824219,127.48999786376953,127.66020202636719,126830
2026-07-29 18:30:00+00:00,127.69000244140625,127.86000061035156,127.43499755859375,127.66000366210938,165232
2026-07-29 18:35:00+00:00,127.67500305175781,128.19000244140625,127.4800033569336,128.1300048828125,175184
2026-07-29 18:40:00+00:00,128.1300048828125,128.57000732421875,128.10000610351562,128.52999877929688,152481
2026-07-29 18:45:00+00:00,128.52000427246094,129.0,128.4600067138672,129.0,180880
2026-07-29 18:50:00+00:00,129.0,129.24000549316406,128.89999389648438,129.235107421875,127592
2026-07-29 18:55:00+00:00,129.24000549316406,129.39500427246094,129.05999755859375,129.38999938964844,184433
2026-07-29 19:00:00+00:00,129.41000366210938,129.4250030517578,128.93499755859375,128.94000244140625,145962
2026-07-29 19:05:00+00:00,128.9199981689453,128.9499969482422,128.4199981689453,128.4199981689453,87173
2026-07-29 19:10:00+00:00,128.4149932861328,128.6300048828125,128.3300018310547,128.4499969482422,94831
2026-07-29 19:15:00+00:00,128.44000244140625,128.69000244140625,128.02000427246094,128.11500549316406,79819
2026-07-29 19:20:00+00:00,128.08999633789062,128.10000610351562,127.80999755859375,127.83999633789062,96221
2026-07-29 19:25:00+00:00,127.86000061035156,127.87999725341797,127.56999969482422,127.62000274658203,95940
2026-07-29 19:30:00+00:00,127.63999938964844,127.66000366210938,127.04199981689453,127.27999877929688,174381
2026-07-29 19:35:00+00:00,127.31500244140625,127.5999984741211,126.91500091552734,126.91500091552734,174143
2026-07-29 19:40:00+00:00,126.93000030517578,127.0,126.80000305175781,126.91999816894531,175825
2026-07-29 19:45:00+00:00,126.91000366210938,126.9800033569336,126.77999877929688,126.94000244140625,212457
2026-07-29 19:50:00+00:00,126.93000030517578,127.30680084228516,126.80000305175781,127.30000305175781,374788
2026-07-29 19:55:00+00:00,127.29000091552734,127.3499984741211,127.05999755859375,127.11000061035156,929114
2026-07-29 20:00:00+00:00,127.12,127.35,127.0,127.0,0
2026-07-29 20:05:00+00:00,127.11,127.45,126.8747,126.8747,0
2026-07-29 20:10:00+00:00,127.13,127.5352,126.9007,126.99,0
2026-07-29 20:15:00+00:00,127.13,127.18,127.0,127.13,0
2026-07-29 20:20:00+00:00,127.13,127.2104,127.01,127.0185,0
2026-07-29 20:25:00+00:00,127.01,127.13,126.9441,127.1188,0
2026-07-29 20:30:00+00:00,126.99,127.0837,126.9,127.0837,0
2026-07-29 20:35:00+00:00,127.01,127.13,126.88,127.0,0
2026-07-29 20:40:00+00:00,127.0,127.13,126.96,126.9763,0
2026-07-29 20:45:00+00:00,127.003,127.1078,127.0,127.1,0
2026-07-29 20:50:00+00:00,127.0,127.1,126.97,126.99,0
2026-07-29 20:55:00+00:00,127.06,127.13,126.99,126.99,0
2026-07-29 21:00:00+00:00,126.9801,127.0,126.9801,126.9831,0
2026-07-29 21:05:00+00:00,126.99,127.0899,126.98,126.98,0
2026-07-29 21:10:00+00:00,127.0,127.08,126.9801,127.08,0
2026-07-29 21:15:00+00:00,127.13,127.13,126.98,127.0955,0
2026-07-29 21:20:00+00:00,127.01,127.1,126.9958,126.9958,0
2026-07-29 21:25:00+00:00,127.1,127.11,127.08,127.0956,0
2026-07-29 21:30:00+00:00,127.0952,127.0952,127.0,127.01,0
2026-07-29 21:35:00+00:00,126.9865,127.07,126.9865,127.01,0
2026-07-29 21:40:00+00:00,127.01,127.01,126.96,127.0,0
2026-07-29 21:45:00+00:00,127.0,127.08,126.9603,127.0,0
2026-07-29 21:50:00+00:00,127.0,127.0769,127.0,127.0769,0
2026-07-29 21:55:00+00:00,127.08,127.08,126.96,127.02,0
2026-07-29 22:00:00+00:00,127.08,127.79,127.08,127.79,0
2026-07-29 22:05:00+00:00,127.79,127.79,127.79,127.79,0
2026-07-29 22:10:00+00:00,127.65,127.7039,127.01,127.01,0
2026-07-29 22:15:00+00:00,127.0495,127.0814,127.01,127.0814,0
2026-07-29 22:20:00+00:00,127.01,127.799,127.01,127.5672,0
2026-07-29 22:25:00+00:00,127.5,127.78,127.08,127.75,0
2026-07-29 22:30:00+00:00,127.75,127.75,127.75,127.75,0
2026-07-29 22:35:00+00:00,127.5,127.5,127.45,127.5,0
2026-07-29 22:40:00+00:00,127.5,127.5,127.5,127.5,0
2026-07-29 22:45:00+00:00,127.6039,127.6039,127.11,127.11,0
2026-07-29 22:50:00+00:00,127.69,127.69,127.2,127.28,0
2026-07-29 23:00:00+00:00,127.6765,127.6899,127.4,127.6,0
2026-07-29 23:05:00+00:00,127.49,127.64,127.15,127.24,0
2026-07-29 23:10:00+00:00,127.52,127.52,127.18,127.2168,0
2026-07-29 23:15:00+00:00,127.15,127.59,127.15,127.59,0
2026-07-29 23:20:00+00:00,127.15,127.3,127.15,127.1612,0
2026-07-29 23:25:00+00:00,127.2197,127.3,127.2197,127.3,0
2026-07-29 23:30:00+00:00,127.3,127.3,127.3,127.3,0
2026-07-29 23:35:00+00:00,127.31,127.39,127.15,127.31,0
2026-07-29 23:40:00+00:00,127.31,127.5412,127.21,127.5412,0
2026-07-29 23:45:00+00:00,127.21,127.58,127.21,127.28,0
2026-07-29 23:50:00+00:00,127.2,127.3,127.15,127.1965,0
2026-07-29 23:55:00+00:00,127.3,127.58,127.3,127.58,0
2026-07-30 08:00:00+00:00,127.07,127.97,126.7,127.74,0
2026-07-30 08:05:00+00:00,126.96,127.28,126.96,127.28,0
2026-07-30 08:10:00+00:00,127.5,127.5,127.5,127.5,0
2026-07-30 08:15:00+00:00,127.5,127.5,127.4897,127.4897,0
2026-07-30 08:20:00+00:00,127.4897,127.4897,127.38,127.38,0
2026-07-30 08:30:00+00:00,127.5,127.72,127.5,127.72,0
2026-07-30 08:35:00+00:00,127.75,127.75,127.75,127.75,0
2026-07-30 08:45:00+00:00,127.75,127.75,127.75,127.75,0
2026-07-30 08:50:00+00:00,127.71,127.94,127.71,127.75,0
2026-07-30 09:00:00+00:00,127.25,127.25,127.25,127.25,0
2026-07-30 09:05:00+00:00,127.25,127.25,127.25,127.25,0
2026-07-30 09:10:00+00:00,127.72,127.75,127.72,127.72,0
2026-07-30 09:15:00+00:00,127.58,127.94,127.58,127.94,0
2026-07-30 09:20:00+00:00,127.94,128.06,127.52,127.75,0
2026-07-30 09:25:00+00:00,127.66,128.07,127.66,128.07,0
2026-07-30 09:30:00+00:00,127.271,128.09,127.271,128.07,0
2026-07-30 09:35:00+00:00,128.06,128.06,128.06,128.06,0
2026-07-30 09:50:00+00:00,128.06,128.06,128.06,128.06,0
2026-07-30 09:55:00+00:00,127.75,127.76,127.75,127.76,0
2026-07-30 10:00:00+00:00,127.7031,127.7031,127.57,127.57,0
2026-07-30 10:05:00+00:00,127.57,127.75,127.57,127.75,0
2026-07-30 10:10:00+00:00,127.74,127.74,127.74,127.74,0
2026-07-30 10:15:00+00:00,127.5,127.89,127.5,127.89,0
2026-07-30 10:20:00+00:00,127.95,127.95,127.95,127.95,0
2026-07-30 10:25:00+00:00,127.8,127.8,127.8,127.8,0
2026-07-30 10:35:00+00:00,127.8,127.8,127.8,127.8,0
2026-07-30 10:45:00+00:00,127.95,128.0,127.95,128.0,0
2026-07-30 10:50:00+00:00,128.0,128.0,127.7,127.72,0
2026-07-30 10:55:00+00:00,127.74,128.0518,127.74,128.0518,0
2026-07-30 11:00:00+00:00,127.56,127.75,127.56,127.75,0
2026-07-30 11:05:00+00:00,127.7,127.75,127.7,127.75,0
2026-07-30 11:10:00+00:00,127.75,127.8525,127.7,127.7,0
2026-07-30 11:15:00+00:00,127.7,127.76,127.7,127.76,0
2026-07-30 11:20:00+00:00,127.75,127.95,127.62,127.95,0
2026-07-30 11:25:00+00:00,127.75,127.8,127.71,127.79,0
2026-07-30 11:30:00+00:00,127.8,127.95,127.77,127.82,0
2026-07-30 11:35:00+00:00,127.95,127.95,127.5,127.5,0
2026-07-30 11:40:00+00:00,127.78,127.95,127.75,127.85,0
2026-07-30 11:45:00+00:00,127.75,127.75,127.75,127.75,0
2026-07-30 11:50:00+00:00,127.76,127.94,127.74,127.94,0
2026-07-30 11:55:00+00:00,127.85,127.9121,127.79,127.85,0
2026-07-30 12:00:00+00:00,127.85,127.94,127.76,127.94,0
2026-07-30 12:05:00+00:00,127.93,128.09,127.925,128.09,0
2026-07-30 12:10:00+00:00,128.0,128.27,128.0,128.08,0
2026-07-30 12:15:00+00:00,128.0,128.25,128.0,128.25,0
2026-07-30 12:20:00+00:00,128.0,128.35,128.0,128.1683,0
2026-07-30 12:25:00+00:00,128.16,128.3,127.97,128.0,0
2026-07-30 12:30:00+00:00,128.25,128.3,128.14,128.2,0
2026-07-30 12:35:00+00:00,128.19,128.56,128.19,128.2,0
2026-07-30 12:40:00+00:00,128.2,128.35,128.15,128.2622,0
2026-07-30 12:45:00+00:00,128.27,128.5,128.2428,128.29,0
2026-07-30 12:50:00+00:00,128.4,128.5,128.27,128.34,0
2026-07-30 12:55:00+00:00,128.34,128.5,128.29,128.45,0
2026-07-30 13:00:00+00:00,128.52,128.8025,128.46,128.5014,0
2026-07-30 13:05:00+00:00,128.51,128.74,128.47,128.5,0
2026-07-30 13:10:00+00:00,128.5,128.77,128.44,128.44,0
2026-07-30 13:30:00+00:00,128.97000122070312,130.24000549316406,128.97000122070312,129.32000732421875,338004
2026-07-30 13:35:00+00:00,129.27499389648438,129.3300018310547,128.8000030517578,129.00999450683594,152301
2026-07-30 13:40:00+00:00,129.0500030517578,130.05999755859375,128.9600067138672,129.9199981689453,117761
2026-07-30 13:45:00+00:00,129.92999267578125,130.3699951171875,129.80999755859375,129.85000610351562,190814
2026-07-30 13:50:00+00:00,129.89999389648438,130.66000366210938,129.89999389648438,130.57000732421875,171966
2026-07-30 13:55:00+00:00,130.57020568847656,130.60000610351562,130.24000549316406,130.38999938964844,81231
2026-07-30 14:00:00+00:00,130.36000061035156,130.38499450683594,130.0,130.13999938964844,128237
2026-07-30 14:05:00+00:00,130.1199951171875,130.38999938964844,130.1199951171875,130.32000732421875,111640
2026-07-30 14:10:00+00:00,130.3000030517578,131.0,130.22000122070312,130.90499877929688,115609
2026-07-30 14:15:00+00:00,131.1999969482422,131.32000732421875,130.8350067138672,131.1300048828125,153174
2026-07-30 14:20:00+00:00,131.14999389648438,131.3199005126953,131.0,131.10000610351562,88721
2026-07-30 14:25:00+00:00,131.1199951171875,131.27049255371094,131.02999877929688,131.05999755859375,203901
2026-07-30 14:30:00+00:00,131.23500061035156,131.28500366210938,131.02999877929688,131.15499877929688,135057
2026-07-30 14:35:00+00:00,131.1699981689453,131.52999877929688,131.10000610351562,131.52000427246094,130258
2026-07-30 14:40:00+00:00,131.52000427246094,131.5399932861328,131.08169555664062,131.10000610351562,151816
2026-07-30 14:45:00+00:00,131.08999633789062,131.27999877929688,130.97999572753906,131.02000427246094,108133
2026-07-30 14:50:00+00:00,131.08999633789062,131.27000427246094,131.0,131.1199951171875,85775
2026-07-30 14:55:00+00:00,131.10000610351562,131.13999938964844,130.80580139160156,130.8300018310547,115090
2026-07-30 15:00:00+00:00,130.80999755859375,130.87989807128906,130.7100067138672,130.80999755859375,81410
2026-07-30 15:05:00+00:00,130.61000061035156,130.80999755859375,130.18499755859375,130.39999389648438,125903
2026-07-30 15:10:00+00:00,130.39999389648438,130.39999389648438,129.99000549316406,130.25999450683594,99797
2026-07-30 15:15:00+00:00,130.25,130.55999755859375,130.22999572753906,130.50999450683594,55427
2026-07-30 15:20:00+00:00,130.4949951171875,130.6300048828125,130.36500549316406,130.4499969482422,55457
2026-07-30 15:25:00+00:00,130.4550018310547,130.55999755859375,130.22000122070312,130.39999389648438,70391
2026-07-30 15:30:00+00:00,130.39999389648438,130.50999450683594,130.2100067138672,130.50999450683594,109770
2026-07-30 15:35:00+00:00,130.52499389648438,130.63999938964844,130.44500732421875,130.52000427246094,54016
2026-07-30 15:40:00+00:00,130.52499389648438,130.77000427246094,130.5,130.66990661621094,46323
2026-07-30 15:45:00+00:00,130.69000244140625,130.7449951171875,130.6300048828125,130.73500061035156,39192
2026-07-30 15:50:00+00:00,130.75,130.9199981689453,130.69000244140625,130.89999389648438,48233
2026-07-30 15:55:00+00:00,130.94000244140625,131.1999969482422,130.94000244140625,131.05999755859375,67662
2026-07-30 16:00:00+00:00,131.05999755859375,131.36000061035156,131.02499389648438,131.27999877929688,70881
2026-07-30 16:05:00+00:00,131.27999877929688,131.3699951171875,131.14999389648438,131.2899932861328,54369
2026-07-30 16:10:00+00:00,131.3000030517578,131.48500061035156,131.3000030517578,131.4499969482422,38389
2026-07-30 16:15:00+00:00,131.47000122070312,131.5800018310547,131.44000244140625,131.47000122070312,77252
2026-07-30 16:20:00+00:00,131.49000549316406,131.50999450683594,131.1999969482422,131.2050018310547,38607
2026-07-30 16:25:00+00:00,131.2050018310547,131.32000732421875,131.18499755859375,131.32000732421875,32042
2026-07-30 16:30:00+00:00,131.30999755859375,131.38999938964844,131.19500732421875,131.32000732421875,50957
2026-07-30 16:35:00+00:00,131.3300018310547,131.4600067138672,131.32000732421875,131.36000061035156,55238
2026-07-30 16:40:00+00:00,131.36000061035156,131.46499633789062,131.25999450683594,131.32000732421875,67626
2026-07-30 16:45:00+00:00,131.33303833007812,131.49000549316406,131.3249969482422,131.49000549316406,43906
2026-07-30 16:50:00+00:00,131.5,131.92999267578125,131.5,131.89500427246094,59375
2026-07-30 16:55:00+00:00,131.92999267578125,131.9600067138672,131.8000030517578,131.86000061035156,59574
2026-07-30 17:00:00+00:00,131.88999938964844,132.1898956298828,131.88999938964844,131.97999572753906,72559
2026-07-30 17:05:00+00:00,131.99000549316406,132.05999755859375,131.91000366210938,132.02000427246094,40002
2026-07-30 17:10:00+00:00,132.0399932861328,132.10000610351562,131.99000549316406,132.0449981689453,38519
2026-07-30 17:15:00+00:00,132.05999755859375,132.1199951171875,132.0,132.0800018310547,60182
2026-07-30 17:20:00+00:00,132.05999755859375,132.0749969482422,131.9499969482422,132.00999450683594,29132
2026-07-30 17:25:00+00:00,132.00999450683594,132.02999877929688,131.8699951171875,131.9550018310547,28088
2026-07-30 17:30:00+00:00,131.97000122070312,131.99000549316406,131.78500366210938,131.90499877929688,35342
2026-07-30 17:35:00+00:00,131.89999389648438,131.89999389648438,131.77999877929688,131.7949981689453,31631
2026-07-30 17:40:00+00:00,131.80499267578125,131.9199981689453,131.80499267578125,131.8300018310547,24706
2026-07-30 17:45:00+00:00,131.8311004638672,131.8800048828125,131.77999877929688,131.77999877929688,35278
2026-07-30 17:50:00+00:00,131.77999877929688,131.92999267578125,131.75999450683594,131.77999877929688,46357
2026-07-30 17:55:00+00:00,131.7899932861328,131.8101043701172,131.6800994873047,131.72999572753906,43651
2026-07-30 18:00:00+00:00,131.72000122070312,131.9499969482422,131.72000122070312,131.8800048828125,42641
2026-07-30 18:05:00+00:00,131.8699951171875,131.90499877929688,131.7899932861328,131.875,42139
2026-07-30 18:10:00+00:00,131.8699951171875,131.89990234375,131.75,131.80999755859375,33257
2026-07-30 18:15:00+00:00,131.82308959960938,131.91000366210938,131.82308959960938,131.8975067138672,36089
2026-07-30 18:20:00+00:00,131.89999389648438,132.02000427246094,131.88999938964844,131.97000122070312,39892
2026-07-30 18:25:00+00:00,131.97000122070312,132.02499389648438,131.9499969482422,132.02000427246094,30770
2026-07-30 18:30:00+00:00,132.00999450683594,132.02000427246094,131.88999938964844,131.97500610351562,64743
2026-07-30 18:35:00+00:00,131.97000122070312,132.0,131.91000366210938,131.97999572753906,35388
2026-07-30 18:40:00+00:00,131.99000549316406,132.17999267578125,131.99000549316406,132.17999267578125,46262
2026-07-30 18:45:00+00:00,132.18499755859375,132.22000122070312,132.0399932861328,132.11500549316406,42755
2026-07-30 18:50:00+00:00,132.11500549316406,132.22000122070312,132.08009338378906,132.1699981689453,34131
2026-07-30 18:55:00+00:00,132.15199279785156,132.24000549316406,132.13499450683594,132.22999572753906,35622
2026-07-30 19:00:00+00:00,132.24000549316406,132.35000610351562,132.21499633789062,132.3249969482422,81476
2026-07-30 19:05:00+00:00,132.30999755859375,132.3975067138672,132.27999877929688,132.3300018310547,44561
2026-07-30 19:10:00+00:00,132.3300018310547,132.3699951171875,132.10000610351562,132.19500732421875,69239
2026-07-30 19:15:00+00:00,132.17999267578125,132.26499938964844,132.10000610351562,132.2050018310547,56230
2026-07-30 19:20:00+00:00,132.1999969482422,132.3699951171875,132.19000244140625,132.28500366210938,108394
2026-07-30 19:25:00+00:00,132.2899932861328,132.52000427246094,132.2899932861328,132.30499267578125,124939
2026-07-30 19:30:00+00:00,132.2899932861328,132.49000549316406,132.25,132.46499633789062,83559
2026-07-30 19:35:00+00:00,132.46499633789062,132.5500030517578,132.42999267578125,132.5399932861328,79608
2026-07-30 19:40:00+00:00,132.5399932861328,132.57899475097656,132.4499969482422,132.55999755859375,84945
2026-07-30 19:45:00+00:00,132.5399932861328,132.55999755859375,132.36500549316406,132.38999938964844,131765
2026-07-30 19:50:00+00:00,132.38999938964844,132.47000122070312,132.33999633789062,132.3699951171875,168411
2026-07-30 19:55:00+00:00,132.3699951171875,132.47999572753906,132.2050018310547,132.36000061035156,558372
2026-07-30 20:00:00+00:00,132.34,132.35,132.1,132.16,0
2026-07-30 20:05:00+00:00,132.5196,132.58,132.2,132.2,0
2026-07-30 20:10:00+00:00,132.32,132.5,132.24,132.5,0
2026-07-30 20:15:00+00:00,132.32,132.32,132.3,132.3,0
2026-07-30 20:20:00+00:00,132.32,132.56,132.02,132.42,0
2026-07-30 20:25:00+00:00,132.1362,132.14,132.1362,132.14,0
2026-07-30 20:30:00+00:00,132.1012,132.32,132.1012,132.29,0
2026-07-30 20:35:00+00:00,132.32,132.77,132.02,132.2,0
2026-07-30 20:40:00+00:00,132.2,132.2,132.1018,132.1018,0
2026-07-30 20:50:00+00:00,132.3,132.395,127.1829,132.26,0
2026-07-30 20:55:00+00:00,132.32,132.32,132.19,132.2,0
2026-07-30 21:00:00+00:00,132.28,132.29,127.1829,132.2,0
2026-07-30 21:05:00+00:00,132.2,132.23,132.1,132.1,0
2026-07-30 21:10:00+00:00,132.1,132.225,132.1,132.225,0
2026-07-30 21:20:00+00:00,132.22,132.25,132.16,132.21,0
2026-07-30 21:25:00+00:00,132.3499,132.3499,132.1,132.32,0
2026-07-30 21:30:00+00:00,132.23,132.25,132.1,132.25,0
2026-07-30 21:35:00+00:00,132.15,132.15,132.15,132.15,0
2026-07-30 21:40:00+00:00,132.14,132.15,132.14,132.15,0
2026-07-30 21:45:00+00:00,132.26,132.26,132.1284,132.1387,0
2026-07-30 21:50:00+00:00,132.23,132.35,132.1387,132.23,0
2026-07-30 21:55:00+00:00,132.23,132.28,132.23,132.28,0
2026-07-30 22:00:00+00:00,132.28,132.28,132.28,132.28,0
2026-07-30 22:05:00+00:00,132.3,132.3,132.128,132.128,0
2026-07-30 22:15:00+00:00,132.3,132.3,132.1284,132.1284,0
2026-07-30 22:20:00+00:00,132.1,132.1,132.1,132.1,0
2026-07-30 22:25:00+00:00,132.1387,132.1387,132.1387,132.1387,0
2026-07-30 22:30:00+00:00,132.15,132.15,132.15,132.15,0
2026-07-30 22:35:00+00:00,132.1282,132.29,132.1282,132.29,0
2026-07-30 22:40:00+00:00,132.3113,132.3113,132.11,132.11,0
2026-07-30 22:45:00+00:00,132.12,132.12,132.12,132.12,0
2026-07-30 22:50:00+00:00,132.29,132.29,132.16,132.16,0
2026-07-30 22:55:00+00:00,132.29,132.3,132.1,132.1,0
2026-07-30 23:00:00+00:00,132.15,132.15,132.15,132.15,0
2026-07-30 23:05:00+00:00,132.15,132.15,132.15,132.15,0
2026-07-30 23:10:00+00:00,132.1,132.29,132.1,132.1266,0
2026-07-30 23:15:00+00:00,132.1206,132.35,132.1206,132.35,0
2026-07-30 23:20:00+00:00,132.77,132.77,132.55,132.55,0
2026-07-30 23:30:00+00:00,132.5,132.5,132.5,132.5,0
2026-07-30 23:35:00+00:00,132.1206,132.1206,132.1206,132.1206,0
2026-07-30 23:40:00+00:00,132.36,132.36,132.36,132.36,0
2026-07-30 23:45:00+00:00,132.5,132.7282,132.37,132.5,0
2026-07-30 23:50:00+00:00,132.51,132.51,132.5,132.5,0
2026-07-30 23:55:00+00:00,132.3479,132.3479,132.32,132.32,0
2026-07-31 08:00:00+00:00,132.6,133.78,132.32,133.78,0
2026-07-31 08:05:00+00:00,133.38,133.5,133.38,133.4,0
2026-07-31 08:10:00+00:00,133.0,133.0,133.0,133.0,0
2026-07-31 08:15:00+00:00,133.0,133.0,133.0,133.0,0
2026-07-31 08:25:00+00:00,133.54,133.54,133.01,133.01,0
2026-07-31 08:30:00+00:00,133.39,133.48,133.04,133.04,0
2026-07-31 08:35:00+00:00,133.06,133.06,133.02,133.02,0
2026-07-31 08:40:00+00:00,133.02,133.02,133.02,133.02,0
2026-07-31 08:45:00+00:00,133.02,133.35,133.0,133.35,0
2026-07-31 08:50:00+00:00,133.5265,133.5265,133.5265,133.5265,0
2026-07-31 09:00:00+00:00,133.03,133.03,133.03,133.03,0
2026-07-31 09:05:00+00:00,133.03,133.03,133.02,133.02,0
2026-07-31 09:10:00+00:00,133.02,133.25,133.02,133.02,0
2026-07-31 09:15:00+00:00,133.07,133.54,133.02,133.54,0
2026-07-31 09:20:00+00:00,133.02,133.02,133.01,133.01,0
2026-07-31 09:25:00+00:00,133.01,133.01,133.0,133.01,0
2026-07-31 09:30:00+00:00,133.0,133.4556,132.97,132.97,0
2026-07-31 09:35:00+00:00,132.97,132.97,132.97,132.97,0
2026-07-31 10:00:00+00:00,133.05,133.05,133.05,133.05,0
2026-07-31 10:20:00+00:00,133.05,133.05,133.05,133.05,0
2026-07-31 10:25:00+00:00,133.54,133.54,133.54,133.54,0
2026-07-31 10:35:00+00:00,133.0,133.0,132.99,132.99,0
2026-07-31 10:50:00+00:00,133.0,133.0,133.0,133.0,0
2026-07-31 10:55:00+00:00,132.89,133.5136,132.89,133.5136,0
2026-07-31 11:00:00+00:00,132.85,133.5,132.22,133.0,0
2026-07-31 11:05:00+00:00,132.97,133.3354,132.8,133.07,0
2026-07-31 11:10:00+00:00,132.78,132.83,132.78,132.83,0
2026-07-31 11:15:00+00:00,132.95,132.95,132.7783,132.7783,0
2026-07-31 11:20:00+00:00,132.78,132.85,132.78,132.7925,0
2026-07-31 11:25:00+00:00,132.95,132.95,132.75,132.75,0
2026-07-31 11:30:00+00:00,132.74,132.94,132.74,132.94,0
2026-07-31 11:35:00+00:00,132.6,132.7843,132.5112,132.5112,0
2026-07-31 11:40:00+00:00,132.62,132.65,132.6,132.62,0
2026-07-31 11:45:00+00:00,132.73,132.75,132.55,132.75,0
2026-07-31 11:50:00+00:00,132.71,132.92,132.7,132.72,0
2026-07-31 11:55:00+00:00,132.74,132.76,132.74,132.76,0
2026-07-31 12:00:00+00:00,132.75,132.7811,132.65,132.7811,0
2026-07-31 12:05:00+00:00,132.73,132.89,132.62,132.89,0
2026-07-31 12:10:00+00:00,132.73,132.8435,132.62,132.62,0
2026-07-31 12:15:00+00:00,132.7,132.7,132.7,132.7,0
2026-07-31 12:20:00+00:00,132.73,132.73,132.73,132.73,0
2026-07-31 12:25:00+00:00,132.67,132.95,132.64,132.95,0
2026-07-31 12:30:00+00:00,132.95,132.95,132.7,132.89,0
2026-07-31 12:35:00+00:00,132.64,132.64,132.52,132.59,0
2026-07-31 12:40:00+00:00,132.59,132.6,132.52,132.6,0
2026-07-31 12:45:00+00:00,132.6,132.94,132.5,132.72,0
2026-07-31 12:50:00+00:00,132.95,132.95,132.95,132.95,0
2026-07-31 12:55:00+00:00,132.8425,132.92,132.22,132.22,0
2026-07-31 13:00:00+00:00,132.71,132.71,132.63,132.63,0
2026-07-31 13:05:00+00:00,132.63,132.8375,132.59,132.8375,0
2026-07-31 13:10:00+00:00,132.8375,132.8375,132.6,132.61,0
2026-07-31 13:30:00+00:00,133.5500030517578,135.4398956298828,133.5500030517578,134.1790008544922,331512
2026-07-31 13:35:00+00:00,134.11000061035156,134.19500732421875,133.2899932861328,133.3000030517578,144982
2026-07-31 13:40:00+00:00,133.3300018310547,133.75999450683594,133.14999389648438,133.49099731445312,115688
2026-07-31 13:45:00+00:00,133.60000610351562,133.8592071533203,133.02999877929688,133.03500366210938,111867
2026-07-31 13:50:00+00:00,133.08999633789062,133.3800048828125,132.8699951171875,132.8699951171875,102178
2026-07-31 13:55:00+00:00,132.8699951171875,133.03314208984375,132.69500732421875,132.71499633789062,76956
2026-07-31 14:00:00+00:00,132.77000427246094,132.85000610351562,132.6300048828125,132.67999267578125,78099
2026-07-31 14:05:00+00:00,132.68499755859375,132.8699951171875,132.2100067138672,132.41000366210938,302495
2026-07-31 14:10:00+00:00,132.39999389648438,132.49749755859375,132.03500366210938,132.3800048828125,112886
2026-07-31 14:15:00+00:00,132.4199981689453,132.7100067138672,131.94000244140625,132.47019958496094,80392
2026-07-31 14:20:00+00:00,132.61000061035156,132.88499450683594,132.35000610351562,132.61000061035156,71674
2026-07-31 14:25:00+00:00,132.71499633789062,132.92999267578125,132.6199951171875,132.89999389648438,46505
2026-07-31 14:30:00+00:00,132.9001007080078,133.1300048828125,132.84500122070312,132.97500610351562,68082
2026-07-31 14:35:00+00:00,132.97000122070312,133.0500030517578,132.74749755859375,132.8800048828125,74201
2026-07-31 14:40:00+00:00,132.88499450683594,132.88499450683594,132.5500030517578,132.5850067138672,50067
2026-07-31 14:45:00+00:00,132.61500549316406,132.7550048828125,132.49000549316406,132.69500732421875,40917
2026-07-31 14:50:00+00:00,132.75999450683594,133.04510498046875,132.74000549316406,132.76510620117188,38460
2026-07-31 14:55:00+00:00,132.77999877929688,133.05743408203125,132.77999877929688,132.88999938964844,43856
2026-07-31 15:00:00+00:00,132.9199981689453,133.0500030517578,132.76499938964844,133.0500030517578,44272
2026-07-31 15:05:00+00:00,133.0399932861328,133.3800048828125,133.0399932861328,133.13499450683594,61758
2026-07-31 15:10:00+00:00,133.13499450683594,133.30999755859375,133.0850067138672,133.1999969482422,76553
2026-07-31 15:15:00+00:00,133.17999267578125,133.50999450683594,132.99000549316406,132.99000549316406,68623
2026-07-31 15:20:00+00:00,133.0998992919922,133.1999969482422,132.9600067138672,133.08999633789062,61020
2026-07-31 15:25:00+00:00,133.07400512695312,133.13999938964844,132.8000030517578,133.00999450683594,72366
2026-07-31 15:30:00+00:00,133.0301055908203,133.27999877929688,133.00999450683594,133.27999877929688,51421
2026-07-31 15:35:00+00:00,133.2899932861328,133.5399932861328,133.27000427246094,133.4499969482422,63354
2026-07-31 15:40:00+00:00,133.4499969482422,133.47999572753906,132.90499877929688,132.94500732421875,71301
2026-07-31 15:45:00+00:00,132.94500732421875,132.97999572753906,132.64500427246094,132.72999572753906,43277
2026-07-31 15:50:00+00:00,132.77999877929688,132.99989318847656,132.72000122070312,132.85000610351562,48464
2026-07-31 15:55:00+00:00,132.86000061035156,133.03500366210938,132.8000030517578,132.89999389648438,70788
2026-07-31 16:00:00+00:00,132.89999389648438,132.99000549316406,132.8000030517578,132.8800048828125,44399
2026-07-31 16:05:00+00:00,132.8699951171875,132.9199981689453,132.7449951171875,132.7949981689453,57069
2026-07-31 16:10:00+00:00,132.77999877929688,133.0,132.77999877929688,132.8800048828125,43630
2026-07-31 16:15:00+00:00,132.89999389648438,132.9949951171875,132.77999877929688,132.9949951171875,63582
2026-07-31 16:20:00+00:00,132.99000549316406,133.0998992919922,132.92999267578125,133.0800018310547,48659
2026-07-31 16:25:00+00:00,133.0500030517578,133.0500030517578,132.8350067138672,132.9149932861328,39379
2026-07-31 16:30:00+00:00,132.94000244140625,133.1199951171875,132.9199981689453,133.10000610351562,39732
2026-07-31 16:35:00+00:00,133.08999633789062,133.16000366210938,132.9499969482422,133.0399932861328,43364
2026-07-31 16:40:00+00:00,133.05499267578125,133.14999389648438,132.99000549316406,132.99000549316406,33688
2026-07-31 16:45:00+00:00,132.99000549316406,133.1300048828125,132.9600067138672,133.02000427246094,33503
2026-07-31 16:50:00+00:00,133.02000427246094,133.2100067138672,133.02000427246094,133.11000061035156,37714
2026-07-31 16:55:00+00:00,133.1199951171875,133.14999389648438,132.88999938964844,132.88999938964844,85297
2026-07-31 17:00:00+00:00,132.86000061035156,132.97999572753906,132.8000030517578,132.88499450683594,84570
2026-07-31 17:05:00+00:00,132.88499450683594,132.95730590820312,132.72000122070312,132.85000610351562,45043
2026-07-31 17:10:00+00:00,132.85000610351562,133.05999755859375,132.82000732421875,133.05999755859375,49261
2026-07-31 17:15:00+00:00,133.0399932861328,133.09500122070312,132.9600067138672,133.07000732421875,33482
2026-07-31 17:20:00+00:00,133.0675048828125,133.1699981689453,133.0500030517578,133.1300048828125,42285
2026-07-31 17:25:00+00:00,133.13934326171875,133.13999938964844,132.97000122070312,133.08999633789062,62379
2026-07-31 17:30:00+00:00,133.05999755859375,133.1999969482422,133.00999450683594,133.05999755859375,273958
2026-07-31 17:35:00+00:00,133.07000732421875,133.24000549316406,133.05999755859375,133.11000061035156,88048
2026-07-31 17:40:00+00:00,133.09500122070312,133.1699981689453,133.0749969482422,133.16000366210938,29606
2026-07-31 17:45:00+00:00,133.14999389648438,133.2899932861328,133.0449981689453,133.05999755859375,50524
2026-07-31 17:50:00+00:00,133.05499267578125,133.33999633789062,133.03500366210938,133.27000427246094,58259
2026-07-31 17:55:00+00:00,133.25999450683594,133.25999450683594,133.14999389648438,133.17999267578125,35563
2026-07-31 18:00:00+00:00,133.1699981689453,133.28500366210938,133.13999938964844,133.22000122070312,31133
2026-07-31 18:05:00+00:00,133.21499633789062,133.24000549316406,133.15020751953125,133.17999267578125,75868
2026-07-31 18:10:00+00:00,133.19000244140625,133.22999572753906,133.02000427246094,133.06500244140625,87973
2026-07-31 18:15:00+00:00,133.0800018310547,133.22000122070312,133.05999755859375,133.09500122070312,66613
2026-07-31 18:20:00+00:00,133.09500122070312,133.19000244140625,133.00999450683594,133.00999450683594,65779
2026-07-31 18:25:00+00:00,133.0,133.05499267578125,132.85000610351562,133.02999877929688,62491
2026-07-31 18:30:00+00:00,133.0399932861328,133.20899963378906,133.00999450683594,133.1699981689453,65821
2026-07-31 18:35:00+00:00,133.14999389648438,133.27000427246094,133.08999633789062,133.1800994873047,52075
2026-07-31 18:40:00+00:00,133.19500732421875,133.4499969482422,133.1199951171875,133.3249969482422,94864
2026-07-31 18:45:00+00:00,133.32000732421875,133.35989379882812,133.1999969482422,133.24000549316406,54501
2026-07-31 18:50:00+00:00,133.23500061035156,133.30990600585938,133.1999969482422,133.26499938964844,37274
2026-07-31 18:55:00+00:00,133.26499938964844,133.3300018310547,133.16000366210938,133.30499267578125,59232
2026-07-31 19:00:00+00:00,133.32000732421875,133.36500549316406,133.10000610351562,133.1300048828125,54580
2026-07-31 19:05:00+00:00,133.11000061035156,133.23500061035156,133.07000732421875,133.14999389648438,50991
2026-07-31 19:10:00+00:00,133.14999389648438,133.2949981689453,133.11500549316406,133.2779998779297,58942
2026-07-31 19:15:00+00:00,133.27499389648438,133.41000366210938,133.25,133.3800048828125,72905
2026-07-31 19:20:00+00:00,133.3699951171875,133.4550018310547,133.3000030517578,133.35000610351562,84073
2026-07-31 19:25:00+00:00,133.34500122070312,133.3625030517578,133.1501007080078,133.25999450683594,99070
2026-07-31 19:30:00+00:00,133.27000427246094,133.27000427246094,132.88999938964844,133.0,94815
2026-07-31 19:35:00+00:00,132.97999572753906,133.25,132.94000244140625,133.23989868164062,99559
2026-07-31 19:40:00+00:00,133.24000549316406,133.27000427246094,133.1199951171875,133.24000549316406,84605
2026-07-31 19:45:00+00:00,133.22000122070312,133.35000610351562,133.08999633789062,133.33999633789062,130974
2026-07-31 19:50:00+00:00,133.36000061035156,133.36000061035156,133.07000732421875,133.10000610351562,177090
2026-07-31 19:55:00+00:00,133.07000732421875,133.0800018310547,132.4199981689453,132.44500732421875,572245
2026-07-31 20:00:00+00:00,132.45,134.0,132.29,132.39,0
2026-07-31 20:05:00+00:00,132.45,132.73,132.38,132.44,0
2026-07-31 20:10:00+00:00,132.45,132.7,132.45,132.68,0
2026-07-31 20:15:00+00:00,132.45,132.65,132.45,132.65,0
2026-07-31 20:20:00+00:00,132.4524,132.51,132.4524,132.4556,0
2026-07-31 20:25:00+00:00,132.4556,132.55,132.45,132.55,0
2026-07-31 20:30:00+00:00,132.55,132.6,132.55,132.55,0
2026-07-31 20:35:00+00:00,132.6,132.65,132.45,132.45,0
2026-07-31 20:50:00+00:00,132.65,132.7,132.4654,132.7,0
2026-07-31 20:55:00+00:00,132.51,132.51,132.45,132.51,0
2026-07-31 21:00:00+00:00,132.51,132.74,132.51,132.53,0
2026-07-31 21:05:00+00:00,132.5,132.69,132.5,132.68,0
2026-07-31 21:10:00+00:00,132.7,132.7,132.4827,132.49,0
2026-07-31 21:15:00+00:00,132.6274,132.65,132.46,132.46,0
2026-07-31 21:20:00+00:00,132.65,132.65,132.63,132.63,0
2026-07-31 21:25:00+00:00,133.8057,133.8057,132.43,132.4693,0
2026-07-31 21:30:00+00:00,132.6,132.65,132.6,132.65,0
2026-07-31 21:35:00+00:00,132.71,133.8057,132.65,132.7042,0
2026-07-31 21:40:00+00:00,132.65,132.65,132.65,132.65,0
2026-07-31 21:45:00+00:00,132.65,132.8928,132.65,132.8928,0
2026-07-31 21:50:00+00:00,132.65,132.65,132.65,132.65,0
2026-07-31 21:55:00+00:00,132.65,132.65,132.65,132.65,0
2026-07-31 22:00:00+00:00,132.7588,132.9458,132.6818,132.7,0
2026-07-31 22:05:00+00:00,132.9148,133.0,132.9148,133.0,0
2026-07-31 22:10:00+00:00,132.7,132.7,132.65,132.68,0
2026-07-31 22:20:00+00:00,132.65,133.0,132.65,133.0,0
2026-07-31 22:25:00+00:00,132.8,132.8,132.65,132.7,0
2026-07-31 22:35:00+00:00,132.7,132.7,132.7,132.7,0
2026-07-31 22:40:00+00:00,132.7,132.9912,132.7,132.9912,0
2026-07-31 22:45:00+00:00,132.7,132.71,132.7,132.71,0
2026-07-31 22:50:00+00:00,132.7,132.7,132.67,132.7,0
2026-07-31 22:55:00+00:00,132.71,132.71,132.67,132.67,0
2026-07-31 23:10:00+00:00,132.7042,132.82,132.7042,132.71,0
2026-07-31 23:20:00+00:00,132.65,132.68,132.65,132.68,0
2026-07-31 23:25:00+00:00,132.68,132.68,132.68,132.68,0
2026-07-31 23:30:00+00:00,132.7042,132.7042,132.7042,132.7042,0
2026-07-31 23:35:00+00:00,132.7,132.7,132.65,132.65,0
2026-07-31 23:45:00+00:00,132.89,132.89,132.89,132.89,0
2026-07-31 23:50:00+00:00,132.65,132.65,132.65,132.65,0
2026-07-31 23:55:00+00:00,132.9,132.91,132.9,132.91,0
2026-08-03 08:00:00+00:00,133.6,133.6,132.54,132.74,0
2026-08-03 08:05:00+00:00,133.34,133.34,133.34,133.34,0
2026-08-03 08:10:00+00:00,133.15,133.15,133.15,133.15,0
2026-08-03 08:15:00+00:00,133.15,133.15,133.15,133.15,0
2026-08-03 08:20:00+00:00,132.91,133.26,132.9,133.2,0
2026-08-03 08:25:00+00:00,133.26,133.3,133.26,133.3,0
2026-08-03 08:30:00+00:00,132.25,133.25,132.25,133.25,0
2026-08-03 08:45:00+00:00,132.9,133.08,132.9,133.08,0
2026-08-03 08:50:00+00:00,132.79,132.8,132.79,132.8,0
2026-08-03 08:55:00+00:00,133.08,133.17,133.08,133.17,0
2026-08-03 09:00:00+00:00,132.2837,132.2837,132.2837,132.2837,0
2026-08-03 09:15:00+00:00,132.2837,132.2837,132.2837,132.2837,0
2026-08-03 09:20:00+00:00,133.2388,133.2388,133.2388,133.2388,0
2026-08-03 09:25:00+00:00,132.25,132.25,132.25,132.25,0
2026-08-03 09:30:00+00:00,132.68,132.68,132.68,132.68,0
2026-08-03 09:40:00+00:00,132.68,132.68,132.68,132.68,0
2026-08-03 10:00:00+00:00,132.68,132.68,132.68,132.68,0
2026-08-03 10:05:00+00:00,132.5697,132.5697,132.5697,132.5697,0
2026-08-03 10:10:00+00:00,133.31,133.31,132.99,132.99,0
2026-08-03 10:15:00+00:00,132.99,133.26,132.99,133.17,0
2026-08-03 10:25:00+00:00,133.17,133.17,133.17,133.17,0
2026-08-03 10:40:00+00:00,133.2,133.2,133.2,133.2,0
2026-08-03 10:45:00+00:00,133.2,133.2,133.2,133.2,0
2026-08-03 10:50:00+00:00,132.86,132.86,132.86,132.86,0
2026-08-03 11:00:00+00:00,133.0,133.18,132.75,132.98,0
2026-08-03 11:05:00+00:00,132.98,132.98,132.98,132.98,0
2026-08-03 11:10:00+00:00,132.98,133.0,132.98,133.0,0
2026-08-03 11:15:00+00:00,133.18,133.2,133.14,133.15,0
2026-08-03 11:20:00+00:00,133.11,133.11,133.05,133.05,0
2026-08-03 11:25:00+00:00,133.3,133.3,133.29,133.29,0
2026-08-03 11:30:00+00:00,133.3,133.4949,133.16,133.4949,0
2026-08-03 11:35:00+00:00,133.5,133.5,133.425,133.425,0
2026-08-03 11:40:00+00:00,133.425,133.43,133.11,133.3,0
2026-08-03 11:45:00+00:00,133.3,133.41,133.3,133.3,0
2026-08-03 11:50:00+00:00,133.45,133.45,133.2625,133.2625,0
2026-08-03 11:55:00+00:00,133.3914,133.45,133.23,133.45,0
2026-08-03 12:00:00+00:00,133.22,133.23,132.51,132.7916,0
2026-08-03 12:05:00+00:00,132.7536,132.8,132.75,132.75,0
2026-08-03 12:10:00+00:00,132.99,133.0,132.94,133.0,0
2026-08-03 12:15:00+00:00,133.0,133.0,132.37,132.45,0
2026-08-03 12:20:00+00:00,132.45,132.75,132.31,132.6362,0
2026-08-03 12:25:00+00:00,132.3638,132.3638,132.3638,132.3638,0
2026-08-03 12:30:00+00:00,132.67,132.67,132.6,132.67,0
2026-08-03 12:35:00+00:00,132.68,132.75,132.68,132.75,0
2026-08-03 12:40:00+00:00,132.75,132.75,132.75,132.75,0
2026-08-03 12:45:00+00:00,132.83,133.0,132.83,133.0,0
2026-08-03 12:50:00+00:00,133.01,133.4,133.01,133.15,0
2026-08-03 12:55:00+00:00,133.16,133.17,133.09,133.13,0
2026-08-03 13:00:00+00:00,133.1,133.1,133.01,133.01,0
2026-08-03 13:05:00+00:00,133.34,133.59,132.61,133.53,0
2026-08-03 13:10:00+00:00,133.14,133.55,133.11,133.4535,0
2026-08-03 13:30:00+00:00,132.47000122070312,132.6699981689453,131.17999267578125,131.6300048828125,275417
2026-08-03 13:35:00+00:00,131.55999755859375,132.34640502929688,131.39500427246094,131.82000732421875,142374
2026-08-03 13:40:00+00:00,131.89500427246094,131.97000122070312,131.24000549316406,131.61000061035156,87467
2026-08-03 13:45:00+00:00,131.6699981689453,131.84500122070312,131.38999938964844,131.84500122070312,115120
2026-08-03 13:50:00+00:00,131.8000030517578,131.91000366210938,131.5,131.5500030517578,62731
2026-08-03 13:55:00+00:00,131.61000061035156,132.02499389648438,131.52000427246094,131.91000366210938,115930
2026-08-03 14:00:00+00:00,131.8800048828125,132.3300018310547,131.8800048828125,131.97000122070312,119335
2026-08-03 14:05:00+00:00,131.9799041748047,132.24000549316406,131.8300018310547,132.1300048828125,98314
2026-08-03 14:10:00+00:00,132.13999938964844,132.32000732421875,132.0500030517578,132.25,112137
2026-08-03 14:15:00+00:00,132.22999572753906,132.31500244140625,132.0449981689453,132.28500366210938,66794
2026-08-03 14:20:00+00:00,132.27999877929688,132.41490173339844,132.1999969482422,132.27999877929688,104678
2026-08-03 14:25:00+00:00,132.2899932861328,132.48989868164062,132.25999450683594,132.31500244140625,93372
2026-08-03 14:30:00+00:00,132.33999633789062,132.4550018310547,132.27000427246094,132.4550018310547,92660
2026-08-03 14:35:00+00:00,132.4550018310547,132.5399932861328,131.8350067138672,131.9550018310547,110877
2026-08-03 14:40:00+00:00,131.92999267578125,132.09779357910156,131.77999877929688,131.8300018310547,95472
2026-08-03 14:45:00+00:00,131.83999633789062,132.22000122070312,131.6999969482422,132.1999969482422,60321
2026-08-03 14:50:00+00:00,132.2050018310547,132.44000244140625,132.07000732421875,132.14999389648438,59285
2026-08-03 14:55:00+00:00,132.19000244140625,132.3300018310547,132.02000427246094,132.125,104225
2026-08-03 15:00:00+00:00,132.1199951171875,132.1699981689453,131.92999267578125,132.0800018310547,61074
2026-08-03 15:05:00+00:00,132.05999755859375,132.07000732421875,131.8000030517578,131.8000030517578,50693
2026-08-03 15:10:00+00:00,131.8000030517578,131.99000549316406,131.77000427246094,131.97000122070312,48719
2026-08-03 15:15:00+00:00,132.0,132.3300018310547,131.97000122070312,132.32510375976562,76762
2026-08-03 15:20:00+00:00,132.3000030517578,132.32000732421875,132.07000732421875,132.07000732421875,44367
2026-08-03 15:25:00+00:00,132.08999633789062,132.1699981689453,131.97000122070312,132.00999450683594,106672
2026-08-03 15:30:00+00:00,132.02999877929688,132.25,132.02999877929688,132.13499450683594,52577
2026-08-03 15:35:00+00:00,132.1199951171875,132.22000122070312,132.00999450683594,132.08999633789062,74577
2026-08-03 15:40:00+00:00,132.0800018310547,132.13999938964844,131.9250030517578,131.93499755859375,94789
2026-08-03 15:45:00+00:00,131.9600067138672,132.3300018310547,131.94000244140625,132.3249969482422,52828
2026-08-03 15:50:00+00:00,132.3300018310547,132.375,132.2449951171875,132.2449951171875,33725
2026-08-03 15:55:00+00:00,132.25,132.25,132.02000427246094,132.0500030517578,65409
2026-08-03 16:00:00+00:00,132.0449981689453,132.11000061035156,131.94000244140625,131.97000122070312,36466
2026-08-03 16:05:00+00:00,131.97500610351562,132.01499938964844,131.88999938964844,131.99000549316406,52874
2026-08-03 16:10:00+00:00,131.98500061035156,132.0,131.86000061035156,131.9499969482422,53157
2026-08-03 16:15:00+00:00,131.9550018310547,131.9600067138672,131.86000061035156,131.9199981689453,27788
2026-08-03 16:20:00+00:00,131.9199981689453,131.92999267578125,131.8249969482422,131.8699951171875,32770
2026-08-03 16:25:00+00:00,131.8699951171875,131.91000366210938,131.82000732421875,131.89500427246094,46816
2026-08-03 16:30:00+00:00,131.88999938964844,131.89999389648438,131.7949981689453,131.83999633789062,48588
2026-08-03 16:35:00+00:00,131.8350067138672,131.8800048828125,131.6699981689453,131.6699981689453,50242
2026-08-03 16:40:00+00:00,131.69000244140625,131.8800048828125,131.6699981689453,131.8350067138672,62459
2026-08-03 16:45:00+00:00,131.82000732421875,131.89999389648438,131.72000122070312,131.73500061035156,50597
2026-08-03 16:50:00+00:00,131.72000122070312,131.74400329589844,131.52999877929688,131.5749969482422,45963
2026-08-03 16:55:00+00:00,131.5800018310547,131.75999450683594,131.55999755859375,131.6999969482422,51174
2026-08-03 17:00:00+00:00,131.69000244140625,131.77000427246094,131.5,131.57000732421875,57342
2026-08-03 17:05:00+00:00,131.57000732421875,131.57000732421875,131.35000610351562,131.4575958251953,50367
2026-08-03 17:10:00+00:00,131.4499969482422,131.5902099609375,131.44000244140625,131.5850067138672,39514
2026-08-03 17:15:00+00:00,131.60000610351562,131.75999450683594,131.59500122070312,131.74000549316406,50765
2026-08-03 17:20:00+00:00,131.7449951171875,131.8350067138672,131.72000122070312,131.79200744628906,27703
2026-08-03 17:25:00+00:00,131.75999450683594,131.83999633789062,131.66000366210938,131.6649932861328,55433
2026-08-03 17:30:00+00:00,131.69500732421875,131.89999389648438,131.67999267578125,131.88999938964844,31084
2026-08-03 17:35:00+00:00,131.8800048828125,131.97000122070312,131.8000030517578,131.92999267578125,53961
2026-08-03 17:40:00+00:00,131.94000244140625,132.00999450683594,131.92999267578125,131.9499969482422,74910
2026-08-03 17:45:00+00:00,131.92999267578125,132.15989685058594,131.92999267578125,132.02999877929688,203769
2026-08-03 17:50:00+00:00,132.0399932861328,132.26499938964844,132.0399932861328,132.2550048828125,106537
2026-08-03 17:55:00+00:00,132.26499938964844,132.47000122070312,132.2449951171875,132.47000122070312,87697
2026-08-03 18:00:00+00:00,132.47500610351562,132.47500610351562,132.27999877929688,132.3300018310547,73038
2026-08-03 18:05:00+00:00,132.3300018310547,132.57989501953125,132.31500244140625,132.57989501953125,65879
2026-08-03 18:10:00+00:00,132.5749969482422,132.5749969482422,132.4499969482422,132.50999450683594,53038
2026-08-03 18:15:00+00:00,132.52000427246094,132.60000610351562,132.5050048828125,132.5800018310547,52243
2026-08-03 18:20:00+00:00,132.5800018310547,132.6999969482422,132.5,132.66000366210938,61925
2026-08-03 18:25:00+00:00,132.6699981689453,132.710205078125,132.57000732421875,132.57000732421875,49064
2026-08-03 18:30:00+00:00,132.5800018310547,132.58999633789062,132.42999267578125,132.47000122070312,54497
2026-08-03 18:35:00+00:00,132.47000122070312,132.5399932861328,132.4199981689453,132.44000244140625,52809
2026-08-03 18:40:00+00:00,132.44000244140625,132.5500030517578,132.42250061035156,132.5,43365
2026-08-03 18:45:00+00:00,132.50999450683594,132.5399932861328,132.47000122070312,132.52000427246094,34133
2026-08-03 18:50:00+00:00,132.52000427246094,132.5399932861328,132.42999267578125,132.5,37915
2026-08-03 18:55:00+00:00,132.49000549316406,132.57000732421875,132.4499969482422,132.49000549316406,78286
2026-08-03 19:00:00+00:00,132.5,132.67999267578125,132.4700927734375,132.64500427246094,55762
2026-08-03 19:05:00+00:00,132.63009643554688,132.76499938964844,132.57000732421875,132.61000061035156,55747
2026-08-03 19:10:00+00:00,132.63499450683594,132.79989624023438,132.6300048828125,132.79989624023438,63267
2026-08-03 19:15:00+00:00,132.77999877929688,132.86000061035156,132.74000549316406,132.74000549316406,78562
2026-08-03 19:20:00+00:00,132.74000549316406,132.74000549316406,132.5800018310547,132.72999572753906,47455
2026-08-03 19:25:00+00:00,132.77999877929688,132.80499267578125,132.6699981689453,132.6999969482422,54329
2026-08-03 19:30:00+00:00,132.72000122070312,132.80499267578125,132.68190002441406,132.75999450683594,84931
2026-08-03 19:35:00+00:00,132.75999450683594,132.80999755859375,132.6199951171875,132.7100067138672,82965
2026-08-03 19:40:00+00:00,132.72000122070312,132.82000732421875,132.6699981689453,132.8000030517578,63848
2026-08-03 19:45:00+00:00,132.8000030517578,133.1999969482422,132.8000030517578,133.18499755859375,146155
2026-08-03 19:50:00+00:00,133.19000244140625,133.39999389648438,133.11000061035156,133.3300018310547,198591
2026-08-03 19:55:00+00:00,133.32000732421875,133.6199951171875,133.22000122070312,133.56500244140625,538022
2026-08-03 20:00:00+00:00,133.56,133.57,132.3,133.15,0
2026-08-03 20:05:00+00:00,133.22,133.79,132.8,133.79,0
2026-08-03 20:10:00+00:00,133.57,133.5839,132.45,132.634,0
2026-08-03 20:15:00+00:00,133.57,133.57,132.5249,133.57,0
2026-08-03 20:20:00+00:00,133.4,133.53,133.049,133.53,0
2026-08-03 20:25:00+00:00,133.1388,133.33,133.0295,133.1375,0
2026-08-03 20:30:00+00:00,133.57,133.57,133.57,133.57,0
2026-08-03 20:35:00+00:00,133.79,133.79,133.79,133.79,0
2026-08-03 20:40:00+00:00,133.51,133.7705,133.51,133.58,0
2026-08-03 20:45:00+00:00,133.57,133.79,133.4013,133.4013,0
2026-08-03 20:50:00+00:00,133.4059,133.4059,133.4,133.4,0
2026-08-03 21:00:00+00:00,133.4059,133.4059,133.4059,133.4059,0
2026-08-03 21:05:00+00:00,133.4059,133.55,133.4059,133.42,0
2026-08-03 21:10:00+00:00,133.408,133.42,133.35,133.35,0
2026-08-03 21:15:00+00:00,133.3572,133.4711,133.3572,133.4711,0
2026-08-03 21:20:00+00:00,133.5,133.6,133.5,133.57,0
2026-08-03 21:25:00+00:00,142.7157,142.7157,133.592,133.592,0
2026-08-03 21:40:00+00:00,133.58,133.58,133.58,133.58,0
2026-08-03 21:50:00+00:00,133.378,133.592,133.378,133.592,0
2026-08-03 21:55:00+00:00,133.58,133.58,133.57,133.57,0
2026-08-03 22:00:00+00:00,133.57,133.57,133.57,133.57,0
2026-08-03 22:10:00+00:00,133.6,133.78,133.59,133.78,0
2026-08-03 22:15:00+00:00,133.78,133.78,133.78,133.78,0
2026-08-03 22:20:00+00:00,133.6204,133.6204,133.6204,133.6204,0
2026-08-03 22:25:00+00:00,133.7596,133.7596,133.72,133.73,0
2026-08-03 22:30:00+00:00,133.41,133.41,133.41,133.41,0
2026-08-03 22:40:00+00:00,133.62,133.62,133.41,133.41,0
2026-08-03 22:55:00+00:00,133.6,133.7,133.6,133.61,0
2026-08-03 23:10:00+00:00,133.62,133.62,133.62,133.62,0
2026-08-03 23:15:00+00:00,133.72,133.73,133.72,133.73,0
2026-08-03 23:20:00+00:00,133.6846,133.6846,133.6846,133.6846,0
2026-08-03 23:25:00+00:00,133.7,133.7,133.68,133.68,0
2026-08-03 23:30:00+00:00,133.68,133.68,133.68,133.68,0
2026-08-03 23:35:00+00:00,133.73,133.73,133.73,133.73,0
2026-08-03 23:45:00+00:00,133.61,133.668,133.61,133.61,0
2026-08-03 23:50:00+00:00,133.6,133.6,133.6,133.6,0
2026-08-03 23:55:00+00:00,133.57,133.73,133.57,133.73,0
2026-08-04 08:00:00+00:00,134.505,134.57,133.57,134.01,0
2026-08-04 08:10:00+00:00,134.03,134.03,133.96,133.96,0
2026-08-04 08:15:00+00:00,133.92,133.97,133.92,133.97,0
2026-08-04 08:20:00+00:00,133.97,133.99,133.97,133.99,0
2026-08-04 08:25:00+00:00,134.283,134.283,134.283,134.283,0
2026-08-04 08:30:00+00:00,134.3,134.3,134.3,134.3,0
2026-08-04 08:35:00+00:00,134.02,134.27,134.02,134.24,0
2026-08-04 08:40:00+00:00,134.06,134.24,133.5195,133.5195,0
2026-08-04 08:45:00+00:00,133.8,133.8,133.8,133.8,0
2026-08-04 08:50:00+00:00,133.7,133.74,133.6,133.74,0
2026-08-04 09:00:00+00:00,133.74,133.74,133.74,133.74,0
2026-08-04 09:05:00+00:00,133.5195,133.5195,133.5195,133.5195,0
2026-08-04 09:20:00+00:00,133.5195,133.6,133.5195,133.6,0
2026-08-04 09:25:00+00:00,133.56,133.56,133.56,133.56,0
2026-08-04 09:30:00+00:00,133.56,133.56,133.56,133.56,0
2026-08-04 09:45:00+00:00,133.84,133.84,133.84,133.84,0
2026-08-04 09:50:00+00:00,133.6,133.73,133.58,133.58,0
2026-08-04 09:55:00+00:00,133.58,133.58,133.58,133.58,0
2026-08-04 10:00:00+00:00,133.58,133.58,133.5,133.5,0
2026-08-04 10:05:00+00:00,133.5,133.59,133.5,133.59,0
2026-08-04 10:10:00+00:00,133.39,133.39,133.39,133.39,0
2026-08-04 10:15:00+00:00,133.59,133.59,133.59,133.59,0
2026-08-04 10:30:00+00:00,133.39,133.39,133.39,133.39,0
2026-08-04 10:35:00+00:00,133.39,133.39,133.39,133.39,0
2026-08-04 10:50:00+00:00,133.39,133.39,133.39,133.39,0
2026-08-04 11:00:00+00:00,133.45,133.45,133.39,133.39,0
2026-08-04 11:05:00+00:00,133.39,133.52,133.0488,133.0488,0
2026-08-04 11:10:00+00:00,133.27,133.71,132.6,133.71,0
2026-08-04 11:15:00+00:00,133.71,133.71,133.71,133.71,0
2026-08-04 11:20:00+00:00,132.51,133.69,132.51,133.56,0
2026-08-04 11:25:00+00:00,133.42,133.59,133.25,133.59,0
2026-08-04 11:40:00+00:00,133.56,133.56,133.56,133.56,0
2026-08-04 11:45:00+00:00,133.57,133.65,133.57,133.58,0
2026-08-04 11:50:00+00:00,133.5628,133.5628,133.5,133.5,0
2026-08-04 11:55:00+00:00,133.56,133.56,133.56,133.56,0
2026-08-04 12:00:00+00:00,133.41,133.41,133.41,133.41,0
2026-08-04 12:05:00+00:00,133.6,133.71,133.59,133.71,0
2026-08-04 12:10:00+00:00,133.6534,133.71,133.0565,133.71,0
2026-08-04 12:15:00+00:00,133.6,133.6,133.3889,133.59,0
2026-08-04 12:20:00+00:00,133.59,133.8,133.59,133.8,0
2026-08-04 12:25:00+00:00,133.89,133.89,133.89,133.89,0
2026-08-04 12:30:00+00:00,133.88,134.1988,133.52,134.1988,0
2026-08-04 12:35:00+00:00,134.2,134.2,133.77,133.77,0
2026-08-04 12:40:00+00:00,133.87,133.9,133.87,133.9,0
2026-08-04 12:45:00+00:00,133.8406,133.8406,133.5519,133.59,0
2026-08-04 12:50:00+00:00,133.65,133.65,133.65,133.65,0
2026-08-04 12:55:00+00:00,133.52,133.89,133.52,133.71,0
2026-08-04 13:00:00+00:00,133.8,133.8568,133.8,133.8568,0
2026-08-04 13:05:00+00:00,133.75,133.9,133.74,133.9,0
2026-08-04 13:10:00+00:00,133.68,133.89,133.68,133.89,0
2026-08-04 13:30:00+00:00,134.32000732421875,135.66000366210938,134.32000732421875,135.41000366210938,232637
2026-08-04 13:35:00+00:00,135.38760375976562,136.00999450683594,135.3000030517578,135.54750061035156,172407
2026-08-04 13:40:00+00:00,135.50439453125,135.69500732421875,135.0399932861328,135.30999755859375,143964
2026-08-04 13:45:00+00:00,135.3000030517578,135.43649291992188,134.6999969482422,134.88999938964844,125769
2026-08-04 13:50:00+00:00,134.8800048828125,135.44000244140625,134.8699951171875,135.2624969482422,109709
2026-08-04 13:55:00+00:00,135.26499938964844,135.60000610351562,135.1595001220703,135.4199981689453,75230
2026-08-04 14:00:00+00:00,135.4199981689453,136.2100067138672,135.38999938964844,136.07000732421875,144563
2026-08-04 14:05:00+00:00,136.0399932861328,136.25999450683594,135.9199981689453,135.99989318847656,123880
2026-08-04 14:10:00+00:00,135.97430419921875,136.1999969482422,135.82000732421875,136.1699981689453,72933
2026-08-04 14:15:00+00:00,136.22999572753906,136.57000732421875,136.19000244140625,136.4499969482422,98484
2026-08-04 14:20:00+00:00,136.42999267578125,136.42999267578125,136.0749969482422,136.17999267578125,91938
2026-08-04 14:25:00+00:00,136.17999267578125,136.36000061035156,136.1699981689453,136.32000732421875,68807
2026-08-04 14:30:00+00:00,136.33999633789062,136.74000549316406,136.1699981689453,136.69000244140625,72836
2026-08-04 14:35:00+00:00,136.6999969482422,137.1199951171875,136.5800018310547,137.0850067138672,211517
2026-08-04 14:40:00+00:00,137.08999633789062,137.22500610351562,137.06500244140625,137.13999938964844,96158
2026-08-04 14:45:00+00:00,137.1199951171875,137.67999267578125,137.1199951171875,137.66000366210938,117758
2026-08-04 14:50:00+00:00,137.6750030517578,137.83999633789062,137.66000366210938,137.77000427246094,135809
2026-08-04 14:55:00+00:00,137.7899932861328,137.97999572753906,137.7899932861328,137.89999389648438,126844
2026-08-04 15:00:00+00:00,137.89999389648438,138.0500030517578,137.8800048828125,137.99000549316406,156327
2026-08-04 15:05:00+00:00,137.99000549316406,138.0200958251953,137.61000061035156,137.75999450683594,125686
2026-08-04 15:10:00+00:00,137.7899932861328,137.8300018310547,137.57000732421875,137.64999389648438,88272
2026-08-04 15:15:00+00:00,137.64999389648438,137.77000427246094,137.55999755859375,137.67999267578125,97920
2026-08-04 15:20:00+00:00,137.66000366210938,137.6699981689453,137.39999389648438,137.52000427246094,116679
2026-08-04 15:25:00+00:00,137.5399932861328,137.58999633789062,137.3699951171875,137.39999389648438,100438
2026-08-04 15:30:00+00:00,137.41000366210938,137.61000061035156,137.35000610351562,137.40499877929688,121596
2026-08-04 15:35:00+00:00,137.42999267578125,137.5,137.1999969482422,137.3699951171875,105896
2026-08-04 15:40:00+00:00,137.3249969482422,137.5500030517578,137.3000030517578,137.49000549316406,100035
2026-08-04 15:45:00+00:00,137.4949951171875,137.6300048828125,137.39999389648438,137.6199951171875,74468
2026-08-04 15:50:00+00:00,137.58999633789062,137.69000244140625,137.4600067138672,137.47999572753906,67642
2026-08-04 15:55:00+00:00,137.4803924560547,137.6199951171875,137.4550018310547,137.50999450683594,92317
2026-08-04 16:00:00+00:00,137.50999450683594,137.6999969482422,137.5,137.55999755859375,60979
2026-08-04 16:05:00+00:00,137.55999755859375,137.61990356445312,137.4600067138672,137.5050048828125,55530
2026-08-04 16:10:00+00:00,137.50999450683594,137.52999877929688,137.30999755859375,137.3249969482422,77883
2026-08-04 16:15:00+00:00,137.3300018310547,137.39999389648438,137.14999389648438,137.3800048828125,88935
2026-08-04 16:20:00+00:00,137.39500427246094,137.5800018310547,137.3800048828125,137.56500244140625,106068
2026-08-04 16:25:00+00:00,137.55999755859375,137.69000244140625,137.50999450683594,137.63499450683594,46590
2026-08-04 16:30:00+00:00,137.6199951171875,137.69500732421875,137.4949951171875,137.58999633789062,59849
2026-08-04 16:35:00+00:00,137.57000732421875,137.61016845703125,137.47999572753906,137.5850067138672,54680
2026-08-04 16:40:00+00:00,137.58999633789062,137.625,137.35499572753906,137.5500030517578,186119
2026-08-04 16:45:00+00:00,137.55499267578125,137.64999389648438,137.5500030517578,137.60000610351562,85837
2026-08-04 16:50:00+00:00,137.60000610351562,137.61000061035156,137.50999450683594,137.52000427246094,63910
2026-08-04 16:55:00+00:00,137.52000427246094,137.52000427246094,137.3000030517578,137.3800048828125,122085
2026-08-04 17:00:00+00:00,137.3800048828125,137.4600067138672,137.31500244140625,137.33999633789062,103845
2026-08-04 17:05:00+00:00,137.36000061035156,137.39500427246094,137.22000122070312,137.24000549316406,48302
2026-08-04 17:10:00+00:00,137.2100067138672,137.22999572753906,137.10000610351562,137.15499877929688,48893
2026-08-04 17:15:00+00:00,137.16000366210938,137.25999450683594,137.1199951171875,137.1968994140625,80905
2026-08-04 17:20:00+00:00,137.21499633789062,137.22999572753906,136.97999572753906,137.0500030517578,68631
2026-08-04 17:25:00+00:00,137.0500030517578,137.1300048828125,136.97999572753906,136.97999572753906,36878
2026-08-04 17:30:00+00:00,137.01010131835938,137.01010131835938,136.89999389648438,136.99000549316406,60191
2026-08-04 17:35:00+00:00,137.02000427246094,137.08999633789062,136.9199981689453,136.94500732421875,48653
2026-08-04 17:40:00+00:00,136.94500732421875,136.97000122070312,136.83999633789062,136.86000061035156,68504
2026-08-04 17:45:00+00:00,136.8800048828125,136.97000122070312,136.80999755859375,136.85000610351562,84282
2026-08-04 17:50:00+00:00,136.86000061035156,136.86000061035156,136.5749969482422,136.5800018310547,53763
2026-08-04 17:55:00+00:00,136.5800018310547,136.91000366210938,136.5500030517578,136.80999755859375,169063
2026-08-04 18:00:00+00:00,136.82000732421875,136.8300018310547,136.38999938964844,136.39999389648438,78973
2026-08-04 18:05:00+00:00,136.42999267578125,136.78500366210938,136.39999389648438,136.71499633789062,161760
2026-08-04 18:10:00+00:00,136.7050018310547,136.97999572753906,136.6800994873047,136.9600067138672,63117
2026-08-04 18:15:00+00:00,136.97999572753906,137.09500122070312,136.9517059326172,136.97999572753906,62371
2026-08-04 18:20:00+00:00,136.97999572753906,137.02499389648438,136.8699951171875,136.875,75126
2026-08-04 18:25:00+00:00,136.8800048828125,136.94000244140625,136.7899932861328,136.92999267578125,55004
2026-08-04 18:30:00+00:00,136.94000244140625,137.0299072265625,136.89999389648438,136.9149932861328,39717
2026-08-04 18:35:00+00:00,136.91000366210938,136.92999267578125,136.8000030517578,136.8800048828125,35972
2026-08-04 18:40:00+00:00,136.875,136.8800048828125,136.6649932861328,136.77999877929688,104386
2026-08-04 18:45:00+00:00,136.7899932861328,137.10000610351562,136.7899932861328,137.02499389648438,99154
2026-08-04 18:50:00+00:00,137.02999877929688,137.15499877929688,137.02999877929688,137.0449981689453,44460
2026-08-04 18:55:00+00:00,137.0500030517578,137.1699981689453,137.02000427246094,137.10000610351562,73581
2026-08-04 19:00:00+00:00,137.13999938964844,137.39500427246094,137.10499572753906,137.3800048828125,111706
2026-08-04 19:05:00+00:00,137.38499450683594,137.6699981689453,137.38499450683594,137.57000732421875,128342
2026-08-04 19:10:00+00:00,137.57000732421875,137.5800018310547,137.39999389648438,137.44000244140625,75230
2026-08-04 19:15:00+00:00,137.41000366210938,137.4499969482422,137.0449981689453,137.1199951171875,286042
2026-08-04 19:20:00+00:00,137.11000061035156,137.24000549316406,137.11000061035156,137.22000122070312,78221
2026-08-04 19:25:00+00:00,137.2100067138672,137.21009826660156,136.8350067138672,136.97000122070312,139205
2026-08-04 19:30:00+00:00,136.9600067138672,137.0800018310547,136.85000610351562,137.0050048828125,117066
2026-08-04 19:35:00+00:00,137.0,137.02000427246094,136.8000030517578,137.0,95825
2026-08-04 19:40:00+00:00,137.0,137.11000061035156,136.9949951171875,137.03500366210938,96368
2026-08-04 19:45:00+00:00,137.0500030517578,137.24000549316406,137.00999450683594,137.10000610351562,140771
2026-08-04 19:50:00+00:00,137.10350036621094,137.11000061035156,136.8300018310547,136.85499572753906,217522
2026-08-04 19:55:00+00:00,136.85000610351562,136.97999572753906,136.7899932861328,136.8300018310547,615329
2026-08-04 20:00:00+00:00,136.87,137.4,136.58,136.87,2121647
2026-08-04 20:05:00+00:00,137.463,137.463,136.87,136.87,0
2026-08-04 20:10:00+00:00,136.87,136.99,136.87,136.87,0
2026-08-04 20:15:00+00:00,136.87,137.34,136.87,137.25,0
2026-08-04 20:20:00+00:00,137.26,137.41,137.26,137.39,0
2026-08-04 20:25:00+00:00,137.3,137.34,137.3,137.3,0
2026-08-04 20:30:00+00:00,137.3,137.38,136.91,137.28,0
2026-08-04 20:35:00+00:00,137.22,137.23,137.01,137.01,0
2026-08-04 20:40:00+00:00,136.95,137.07,136.95,137.0,0
2026-08-04 20:45:00+00:00,136.9446,136.96,136.9446,136.96,0
2026-08-04 20:50:00+00:00,136.9541,137.1345,136.9541,136.98,0
2026-08-04 20:55:00+00:00,136.98,136.98,136.96,136.96,0
2026-08-04 21:00:00+00:00,136.95,136.95,136.95,136.95,0
2026-08-04 21:05:00+00:00,136.95,136.98,136.74,136.82,0
2026-08-04 21:10:00+00:00,136.82,136.99,136.25,136.89,0
2026-08-04 21:15:00+00:00,136.25,136.25,136.25,136.25,0
2026-08-04 21:20:00+00:00,136.25,137.14,136.25,136.88,0
2026-08-04 21:25:00+00:00,136.89,136.9,136.89,136.9,0
2026-08-04 21:30:00+00:00,136.9772,137.0,136.09,136.859,0
2026-08-04 21:35:00+00:00,136.66,137.0,136.66,137.0,0
2026-08-04 21:40:00+00:00,136.9,136.9,136.9,136.9,0
2026-08-04 21:45:00+00:00,136.859,136.859,136.859,136.859,0
2026-08-04 21:50:00+00:00,136.96,136.9967,136.87,136.87,0
2026-08-04 21:55:00+00:00,136.9,137.0,136.87,137.0,0
2026-08-04 22:00:00+00:00,137.0,137.0,137.0,137.0,0
2026-08-04 22:10:00+00:00,137.04,137.19,137.0003,137.0003,0
2026-08-04 22:15:00+00:00,137.02,137.19,137.02,137.05,0
2026-08-04 22:20:00+00:00,137.05,137.19,137.0,137.05,0
2026-08-04 22:25:00+00:00,137.19,137.2,137.1,137.1,0
2026-08-04 22:30:00+00:00,137.09,137.1,137.08,137.08,0
2026-08-04 22:35:00+00:00,137.1858,137.1858,137.1,137.1,0
2026-08-04 22:40:00+00:00,137.11,137.1858,137.07,137.16,0
2026-08-04 22:45:00+00:00,137.1991,137.1991,137.08,137.08,0
2026-08-04 23:00:00+00:00,137.07,137.135,137.07,137.135,0
2026-08-04 23:05:00+00:00,137.197,137.197,137.09,137.1868,0
2026-08-04 23:10:00+00:00,137.18,137.18,137.18,137.18,0
2026-08-04 23:15:00+00:00,137.09,137.09,137.09,137.09,0
2026-08-04 23:20:00+00:00,137.09,137.09,137.09,137.09,0
2026-08-04 23:30:00+00:00,137.1868,137.1868,137.17,137.17,0
2026-08-04 23:35:00+00:00,137.197,137.197,137.0,137.1868,0
2026-08-04 23:40:00+00:00,137.1868,137.1868,137.09,137.09,0
2026-08-04 23:45:00+00:00,137.18,137.19,137.1,137.1,0
2026-08-04 23:50:00+00:00,137.13,137.2,137.13,137.1814,0
2026-08-04 23:55:00+00:00,137.13,137.189,137.13,137.189,0
2026-08-05 08:00:00+00:00,136.87,137.56,136.5987,137.02,0
2026-08-05 08:05:00+00:00,137.35,137.71,137.35,137.54,0
2026-08-05 08:10:00+00:00,137.52,137.7,137.33,137.36,0
2026-08-05 08:15:00+00:00,137.5,137.5,137.3,137.3,0
2026-08-05 08:20:00+00:00,137.31,137.31,137.3,137.3,0
2026-08-05 08:25:00+00:00,137.39,137.39,137.39,137.39,0
2026-08-05 08:35:00+00:00,137.39,137.39,137.39,137.39,0
2026-08-05 08:45:00+00:00,137.5,137.5,137.5,137.5,0
2026-08-05 08:55:00+00:00,137.39,137.39,137.34,137.34,0
2026-08-05 09:00:00+00:00,137.34,137.34,137.34,137.34,0
2026-08-05 09:15:00+00:00,137.3,137.71,137.3,137.71,0
2026-08-05 09:20:00+00:00,137.71,138.0,137.71,138.0,0
2026-08-05 09:25:00+00:00,137.47,137.47,137.45,137.45,0
2026-08-05 09:30:00+00:00,137.45,137.45,137.45,137.45,0
2026-08-05 09:35:00+00:00,137.45,137.45,137.45,137.45,0
2026-08-05 09:40:00+00:00,137.45,137.47,137.45,137.47,0
2026-08-05 09:50:00+00:00,137.47,137.47,137.47,137.47,0
2026-08-05 09:55:00+00:00,137.45,137.45,137.45,137.45,0
2026-08-05 10:00:00+00:00,137.45,137.45,137.45,137.45,0
2026-08-05 10:05:00+00:00,137.45,137.45,137.45,137.45,0
2026-08-05 10:10:00+00:00,137.3,137.3,137.3,137.3,0
2026-08-05 10:15:00+00:00,137.47,137.47,137.47,137.47,0
2026-08-05 10:20:00+00:00,137.47,137.5,137.47,137.5,0
2026-08-05 10:30:00+00:00,137.9727,137.9727,137.97,137.97,0
2026-08-05 10:45:00+00:00,137.5,137.5,137.37,137.48,0
2026-08-05 10:50:00+00:00,137.71,137.71,137.45,137.54,0
2026-08-05 11:00:00+00:00,137.39,137.4085,137.34,137.34,0
2026-08-05 11:05:00+00:00,137.34,137.46,137.34,137.46,0
2026-08-05 11:10:00+00:00,137.39,137.39,137.32,137.32,0
2026-08-05 11:15:00+00:00,137.41,137.41,137.4,137.4,0
2026-08-05 11:20:00+00:00,137.4476,137.48,137.3012,137.3012,0
2026-08-05 11:30:00+00:00,137.3,137.8655,137.3,137.8655,0
2026-08-05 11:35:00+00:00,137.31,137.45,137.31,137.45,0
2026-08-05 11:40:00+00:00,137.37,137.37,137.3,137.3,0
2026-08-05 11:45:00+00:00,137.3,137.54,137.3,137.45,0
2026-08-05 11:50:00+00:00,137.36,137.41,137.31,137.31,0
2026-08-05 11:55:00+00:00,137.312,137.33,137.3,137.33,0
2026-08-05 12:00:00+00:00,137.43,137.45,137.43,137.45,0
2026-08-05 12:05:00+00:00,137.45,137.52,137.33,137.52,0
2026-08-05 12:10:00+00:00,137.5,137.54,137.5,137.54,0
2026-08-05 12:15:00+00:00,137.5,137.59,137.5,137.59,0
2026-08-05 12:20:00+00:00,137.63,137.71,137.63,137.71,0
2026-08-05 12:25:00+00:00,137.55,137.6,137.55,137.57,0
2026-08-05 12:30:00+00:00,137.54,137.71,137.54,137.61,0
2026-08-05 12:35:00+00:00,137.7,137.71,137.62,137.71,0
2026-08-05 12:40:00+00:00,137.69,137.71,137.6,137.71,0
2026-08-05 12:45:00+00:00,137.71,137.8,137.605,137.62,0
2026-08-05 12:50:00+00:00,137.61,137.6389,137.51,137.54,0
2026-08-05 12:55:00+00:00,137.5922,137.5922,137.5922,137.5922,0
2026-08-05 13:00:00+00:00,137.54,137.55,137.54,137.55,0
2026-08-05 13:05:00+00:00,137.37,137.58,137.37,137.58,0
2026-08-05 13:10:00+00:00,137.6,137.6,137.47,137.54,0
2026-08-05 13:30:00+00:00,137.2949981689453,138.1300048828125,137.13999938964844,137.3300018310547,326262
2026-08-05 13:35:00+00:00,137.6999969482422,137.8300018310547,137.13999938964844,137.52000427246094,114857
2026-08-05 13:40:00+00:00,137.55499267578125,138.22000122070312,137.39999389648438,138.17999267578125,166592
2026-08-05 13:45:00+00:00,138.38999938964844,138.39999389648438,137.89999389648438,137.92999267578125,78487
2026-08-05 13:50:00+00:00,138.05499267578125,138.25,137.86500549316406,138.25,73587
2026-08-05 13:55:00+00:00,138.23500061035156,138.8800048828125,138.23500061035156,138.6699981689453,117982
2026-08-05 14:00:00+00:00,138.6300048828125,138.74000549316406,138.33999633789062,138.69000244140625,111214
2026-08-05 14:05:00+00:00,138.6999969482422,139.14999389648438,138.5760040283203,138.943603515625,109421
2026-08-05 14:10:00+00:00,138.9199981689453,139.1699981689453,138.7899932861328,138.9499969482422,79927
2026-08-05 14:15:00+00:00,138.99000549316406,139.07000732421875,138.81500244140625,138.82000732421875,66123
2026-08-05 14:20:00+00:00,138.7899932861328,138.89999389648438,138.6300048828125,138.80999755859375,72563
2026-08-05 14:25:00+00:00,138.83999633789062,138.83999633789062,138.4199981689453,138.58999633789062,93105
2026-08-05 14:30:00+00:00,138.57000732421875,138.64999389648438,138.47000122070312,138.5,122395
2026-08-05 14:35:00+00:00,138.47999572753906,138.5399932861328,138.17999267578125,138.2100067138672,74374
2026-08-05 14:40:00+00:00,138.19000244140625,138.30999755859375,138.11000061035156,138.25,81253
2026-08-05 14:45:00+00:00,138.24000549316406,138.8000030517578,138.1999969482422,138.72500610351562,81997
2026-08-05 14:50:00+00:00,138.58999633789062,138.77999877929688,138.13999938964844,138.19500732421875,91730
2026-08-05 14:55:00+00:00,138.1999969482422,138.41000366210938,138.10000610351562,138.25,83883
2026-08-05 15:00:00+00:00,138.27999877929688,138.52499389648438,138.1999969482422,138.47500610351562,54327
2026-08-05 15:05:00+00:00,138.49000549316406,138.677001953125,138.3699951171875,138.6649932861328,68553
2026-08-05 15:10:00+00:00,138.6649932861328,138.72000122070312,138.17999267578125,138.27000427246094,75997
2026-08-05 15:15:00+00:00,138.27499389648438,138.2899932861328,137.82000732421875,138.10000610351562,175613
2026-08-05 15:20:00+00:00,138.08999633789062,138.1999969482422,138.00999450683594,138.17999267578125,59830
2026-08-05 15:25:00+00:00,138.17999267578125,138.1999969482422,137.9499969482422,138.18499755859375,99066
2026-08-05 15:30:00+00:00,138.18499755859375,138.29714965820312,137.9600067138672,137.97999572753906,73405
2026-08-05 15:35:00+00:00,137.99000549316406,138.02999877929688,137.85000610351562,137.88999938964844,60405
2026-08-05 15:40:00+00:00,137.88999938964844,138.0500030517578,137.80999755859375,138.02999877929688,41721
2026-08-05 15:45:00+00:00,138.02499389648438,138.19000244140625,137.92999267578125,138.10499572753906,55084
2026-08-05 15:50:00+00:00,138.09500122070312,138.13999938964844,138.0,138.1300048828125,70035
2026-08-05 15:55:00+00:00,138.14549255371094,138.21719360351562,138.02999877929688,138.13999938964844,105396
2026-08-05 16:00:00+00:00,138.13999938964844,138.42999267578125,138.13999938964844,138.3800048828125,67483
2026-08-05 16:05:00+00:00,138.36000061035156,138.57000732421875,138.3000946044922,138.48500061035156,94428
2026-08-05 16:10:00+00:00,138.47999572753906,138.56500244140625,138.3800048828125,138.44000244140625,91895
2026-08-05 16:15:00+00:00,138.4499969482422,138.64500427246094,138.35000610351562,138.47500610351562,120260
2026-08-05 16:20:00+00:00,138.47999572753906,138.77000427246094,138.41000366210938,138.4149932861328,88642
2026-08-05 16:25:00+00:00,138.41000366210938,138.55999755859375,138.39999389648438,138.50999450683594,75812
2026-08-05 16:30:00+00:00,138.5449981689453,138.60000610351562,138.42999267578125,138.47000122070312,48710
2026-08-05 16:35:00+00:00,138.47999572753906,138.4989013671875,138.3874969482422,138.4250030517578,44482
2026-08-05 16:40:00+00:00,138.41000366210938,138.5399932861328,138.36500549316406,138.44000244140625,70214
2026-08-05 16:45:00+00:00,138.44000244140625,138.46499633789062,138.3511962890625,138.3800048828125,81167
2026-08-05 16:50:00+00:00,138.39500427246094,138.55999755859375,138.34500122070312,138.5,115151
2026-08-05 16:55:00+00:00,138.47999572753906,138.64999389648438,138.4600067138672,138.57000732421875,190037
2026-08-05 17:00:00+00:00,138.5800018310547,138.6300048828125,138.4199981689453,138.4199981689453,30685
2026-08-05 17:05:00+00:00,138.4600067138672,138.52000427246094,138.4199981689453,138.4600067138672,49344
2026-08-05 17:10:00+00:00,138.48500061035156,138.5500030517578,138.42999267578125,138.4958953857422,45441
2026-08-05 17:15:00+00:00,138.49000549316406,138.61000061035156,138.47000122070312,138.5500030517578,45745
2026-08-05 17:20:00+00:00,138.5500030517578,138.57000732421875,138.47000122070312,138.5399932861328,35704
2026-08-05 17:25:00+00:00,138.52000427246094,138.55999755859375,138.47999572753906,138.47999572753906,47768
2026-08-05 17:30:00+00:00,138.47000122070312,138.6300048828125,138.41000366210938,138.5399932861328,101306
2026-08-05 17:35:00+00:00,138.53500366210938,138.7899932861328,138.53500366210938,138.7899932861328,95847
2026-08-05 17:40:00+00:00,138.8000030517578,138.83999633789062,138.6699981689453,138.68499755859375,75718
2026-08-05 17:45:00+00:00,138.66009521484375,138.72999572753906,138.5800018310547,138.69500732421875,75101
2026-08-05 17:50:00+00:00,138.67999267578125,138.72999572753906,138.58999633789062,138.6199951171875,105988
2026-08-05 17:55:00+00:00,138.61000061035156,138.66000366210938,138.44000244140625,138.4600067138672,66789
2026-08-05 18:00:00+00:00,138.4499969482422,138.47000122070312,138.32200622558594,138.4199981689453,53353
2026-08-05 18:05:00+00:00,138.4149932861328,138.45989990234375,138.3699951171875,138.4199981689453,51685
2026-08-05 18:10:00+00:00,138.4250030517578,138.4499969482422,138.1699981689453,138.1999969482422,85395
2026-08-05 18:15:00+00:00,138.19000244140625,138.33009338378906,138.19000244140625,138.27999877929688,42477
2026-08-05 18:20:00+00:00,138.27000427246094,138.28790283203125,138.1699981689453,138.2017059326172,47749
2026-08-05 18:25:00+00:00,138.1999969482422,138.27499389648438,138.18499755859375,138.21499633789062,33205
2026-08-05 18:30:00+00:00,138.22000122070312,138.22999572753906,138.13999938964844,138.13999938964844,37986
2026-08-05 18:35:00+00:00,138.13999938964844,138.22999572753906,138.10000610351562,138.16000366210938,48910
2026-08-05 18:40:00+00:00,138.15499877929688,138.22999572753906,138.08999633789062,138.22500610351562,34364
2026-08-05 18:45:00+00:00,138.22500610351562,138.38999938964844,138.22000122070312,138.38999938964844,39769
2026-08-05 18:50:00+00:00,138.3800048828125,138.4199981689453,138.2050018310547,138.2899932861328,57510
2026-08-05 18:55:00+00:00,138.3000030517578,138.3000030517578,138.14999389648438,138.1699981689453,52997
2026-08-05 19:00:00+00:00,138.19000244140625,138.3699951171875,138.13999938964844,138.28500366210938,59650
2026-08-05 19:05:00+00:00,138.27000427246094,138.30999755859375,138.17999267578125,138.2899932861328,38235
2026-08-05 19:10:00+00:00,138.3000030517578,138.3000030517578,138.17999267578125,138.22000122070312,47704
2026-08-05 19:15:00+00:00,138.17999267578125,138.22999572753906,138.14999389648438,138.16000366210938,41420
2026-08-05 19:20:00+00:00,138.14999389648438,138.19000244140625,137.97500610351562,138.1199951171875,108227
2026-08-05 19:25:00+00:00,138.13499450683594,138.16290283203125,138.0500030517578,138.11500549316406,62052
2026-08-05 19:30:00+00:00,138.17999267578125,138.2100067138672,138.0500030517578,138.1300048828125,78455
2026-08-05 19:35:00+00:00,138.13900756835938,138.14999389648438,138.0,138.10000610351562,87529
2026-08-05 19:40:00+00:00,138.07000732421875,138.1699981689453,137.88499450683594,137.89999389648438,88020
2026-08-05 19:45:00+00:00,137.88999938964844,137.9600067138672,137.75,137.92999267578125,119043
2026-08-05 19:50:00+00:00,137.92999267578125,137.97500610351562,137.802001953125,137.875,165231
2026-08-05 19:55:00+00:00,137.85000610351562,137.8699951171875,137.57000732421875,137.63499450683594,634707
2026-08-05 20:00:00+00:00,137.51,138.18,137.5,137.88,0
2026-08-05 20:05:00+00:00,137.88,138.26,137.47,137.75,0
2026-08-05 20:10:00+00:00,137.64,138.26,137.64,138.26,0
2026-08-05 20:15:00+00:00,137.64,138.26,137.64,138.2,0
2026-08-05 20:20:00+00:00,137.64,138.25,137.64,138.25,0
2026-08-05 20:25:00+00:00,138.1655,138.2447,137.71,138.2447,0
2026-08-05 20:30:00+00:00,138.08,138.1907,137.64,137.65,0
2026-08-05 20:35:00+00:00,138.07,138.2599,137.64,137.64,0
2026-08-05 20:40:00+00:00,138.2,138.2,138.0,138.04,0
2026-08-05 20:45:00+00:00,138.04,138.04,138.0,138.02,0
2026-08-05 20:50:00+00:00,137.71,138.05,137.71,137.79,0
2026-08-05 21:00:00+00:00,137.81,137.97,137.6501,137.6501,0
2026-08-05 21:05:00+00:00,137.984,137.984,137.8,137.8,0
2026-08-05 21:10:00+00:00,137.86,137.87,137.86,137.87,0
2026-08-05 21:15:00+00:00,137.78,137.78,137.64,137.64,0
2026-08-05 21:20:00+00:00,137.72,137.99,137.72,137.99,0
2026-08-05 21:25:00+00:00,137.72,137.72,137.72,137.72,0
2026-08-05 21:30:00+00:00,137.8,137.8,137.64,137.66,0
2026-08-05 21:35:00+00:00,137.72,137.72,137.72,137.72,0
2026-08-05 21:40:00+00:00,137.67,137.84,137.67,137.8,0
2026-08-05 21:45:00+00:00,137.77,137.8466,137.67,137.67,0
2026-08-05 21:50:00+00:00,137.67,137.96,137.67,137.96,0
2026-08-05 21:55:00+00:00,137.96,137.96,137.8,137.8,0
2026-08-05 22:00:00+00:00,137.73,137.73,137.73,137.73,0
2026-08-05 22:05:00+00:00,137.87,137.87,137.86,137.86,0
2026-08-05 22:10:00+00:00,137.87,137.87,137.67,137.67,0
2026-08-05 22:15:00+00:00,137.8474,137.8474,137.65,137.65,0
2026-08-05 22:20:00+00:00,137.8474,137.89,137.6925,137.89,0
2026-08-05 22:25:00+00:00,137.9999,138.0,137.9999,138.0,0
2026-08-05 22:30:00+00:00,138.0,138.0,137.952,137.952,0
2026-08-05 22:40:00+00:00,137.9648,138.0,137.9648,138.0,0
2026-08-05 22:45:00+00:00,137.9648,137.9648,137.9648,137.9648,0
2026-08-05 22:55:00+00:00,137.96,137.96,137.96,137.96,0
2026-08-05 23:00:00+00:00,137.8,137.8,137.8,137.8,0
2026-08-05 23:15:00+00:00,137.8,137.8,137.8,137.8,0
2026-08-05 23:25:00+00:00,137.96,137.96,137.96,137.96,0
2026-08-05 23:30:00+00:00,137.9535,137.9535,137.9535,137.9535,0
2026-08-05 23:35:00+00:00,137.7465,137.9535,137.7465,137.9535,0
2026-08-05 23:40:00+00:00,137.75,137.75,137.75,137.75,0
2026-08-05 23:45:00+00:00,137.96,137.96,137.77,137.96,0
2026-08-05 23:50:00+00:00,137.96,137.96,137.96,137.96,0
2026-08-06 08:00:00+00:00,137.53,138.9,137.21,138.3401,0
2026-08-06 08:05:00+00:00,138.49,138.49,138.22,138.29,0
2026-08-06 08:10:00+00:00,138.29,138.62,138.29,138.62,0
2026-08-06 08:15:00+00:00,138.02,138.02,137.54,138.01,0
2026-08-06 08:20:00+00:00,136.4298,138.02,136.4298,138.02,0
2026-08-06 08:25:00+00:00,138.29,138.49,138.29,138.38,0
2026-08-06 08:30:00+00:00,138.49,138.5,138.49,138.5,0
2026-08-06 08:35:00+00:00,138.48,138.48,138.48,138.48,0
2026-08-06 08:45:00+00:00,138.12,138.49,138.12,138.49,0
2026-08-06 08:50:00+00:00,138.49,138.49,138.49,138.49,0
2026-08-06 09:05:00+00:00,138.49,138.49,137.66,137.66,0
2026-08-06 09:15:00+00:00,138.869,138.869,138.869,138.869,0
2026-08-06 09:35:00+00:00,138.1,138.1,138.02,138.02,0
2026-08-06 09:50:00+00:00,138.02,138.4,138.02,138.4,0
2026-08-06 09:55:00+00:00,138.47,138.58,138.47,138.58,0
2026-08-06 10:00:00+00:00,138.42,138.83,138.42,138.83,0
2026-08-06 10:05:00+00:00,138.83,138.83,138.83,138.83,0
2026-08-06 10:10:00+00:00,138.23,138.23,138.23,138.23,0
2026-08-06 10:20:00+00:00,138.9,138.9,138.73,138.73,0
2026-08-06 10:35:00+00:00,138.73,138.73,138.73,138.73,0
2026-08-06 10:40:00+00:00,138.2175,138.2175,138.2175,138.2175,0
2026-08-06 10:50:00+00:00,138.72,138.72,138.72,138.72,0
2026-08-06 11:00:00+00:00,138.35,138.78,138.28,138.77,0
2026-08-06 11:05:00+00:00,138.55,138.83,138.29,138.83,0
2026-08-06 11:10:00+00:00,138.83,138.83,138.83,138.83,0
2026-08-06 11:15:00+00:00,138.81,138.82,138.25,138.5,0
2026-08-06 11:20:00+00:00,138.8008,138.8008,138.8008,138.8008,0
2026-08-06 11:25:00+00:00,138.81,138.84,138.2,138.84,0
2026-08-06 11:30:00+00:00,138.35,138.75,138.33,138.61,0
2026-08-06 11:35:00+00:00,138.41,138.52,138.41,138.52,0
2026-08-06 11:40:00+00:00,138.64,138.84,138.64,138.65,0
2026-08-06 11:45:00+00:00,138.69,138.7,138.65,138.65,0
2026-08-06 11:50:00+00:00,138.7791,138.84,138.7791,138.84,0
2026-08-06 11:55:00+00:00,138.7643,138.83,138.7643,138.83,0
2026-08-06 12:00:00+00:00,138.79,138.79,138.6898,138.79,0
2026-08-06 12:05:00+00:00,138.54,138.84,138.54,138.79,0
2026-08-06 12:15:00+00:00,138.7361,138.7951,138.7361,138.79,0
2026-08-06 12:20:00+00:00,138.8,138.8,138.71,138.8,0
2026-08-06 12:25:00+00:00,138.8,138.8,138.79,138.79,0
2026-08-06 12:30:00+00:00,138.75,138.75,138.61,138.75,0
2026-08-06 12:35:00+00:00,138.75,139.1,138.75,139.1,0
2026-08-06 12:40:00+00:00,139.01,139.17,138.7923,139.15,0
2026-08-06 12:45:00+00:00,139.0,139.17,138.97,139.17,0
2026-08-06 12:50:00+00:00,139.17,139.17,139.17,139.17,0
2026-08-06 12:55:00+00:00,139.0,139.0,139.0,139.0,0
2026-08-06 13:00:00+00:00,139.1,139.19,139.1,139.19,0
2026-08-06 13:05:00+00:00,139.4,139.5,139.12,139.18,0
2026-08-06 13:10:00+00:00,139.17,139.22,139.15,139.16,0
2026-08-06 13:30:00+00:00,138.33999633789062,139.25999450683594,136.4600067138672,137.14999389648438,241099
2026-08-06 13:35:00+00:00,137.14999389648438,137.25,136.6750030517578,136.92999267578125,111907
2026-08-06 13:40:00+00:00,136.94000244140625,137.58999633789062,136.8699951171875,137.32000732421875,163765
2026-08-06 13:45:00+00:00,137.27999877929688,137.33999633789062,136.66000366210938,136.66000366210938,143330
2026-08-06 13:50:00+00:00,136.64999389648438,136.75999450683594,136.07000732421875,136.18499755859375,67122
2026-08-06 13:55:00+00:00,136.22000122070312,136.38999938964844,136.11000061035156,136.2550048828125,70164
2026-08-06 14:00:00+00:00,136.2899932861328,136.55999755859375,136.23500061035156,136.52999877929688,101295
2026-08-06 14:05:00+00:00,136.52000427246094,136.5800018310547,136.24000549316406,136.4250030517578,98780
2026-08-06 14:10:00+00:00,136.42999267578125,136.97999572753906,136.39500427246094,136.89999389648438,84727
2026-08-06 14:15:00+00:00,136.94000244140625,136.94000244140625,136.4600067138672,136.6199951171875,85463
2026-08-06 14:20:00+00:00,136.61000061035156,136.61000061035156,136.3800048828125,136.52000427246094,60995
2026-08-06 14:25:00+00:00,136.52000427246094,136.52000427246094,136.00999450683594,136.11000061035156,90537
2026-08-06 14:30:00+00:00,136.10000610351562,136.3300018310547,136.00999450683594,136.03500366210938,143704
2026-08-06 14:35:00+00:00,136.0399932861328,136.15499877929688,135.6699981689453,135.6699981689453,166052
2026-08-06 14:40:00+00:00,135.67999267578125,135.91029357910156,135.5399932861328,135.5449981689453,118715
2026-08-06 14:45:00+00:00,135.5449981689453,135.5500030517578,135.1300048828125,135.17999267578125,180455
2026-08-06 14:50:00+00:00,135.14999389648438,135.3350067138672,135.08999633789062,135.3000030517578,116662
2026-08-06 14:55:00+00:00,135.32000732421875,135.32000732421875,135.0500030517578,135.13999938964844,83449
2026-08-06 15:00:00+00:00,135.1999969482422,135.32000732421875,135.00999450683594,135.08889770507812,82577
2026-08-06 15:05:00+00:00,135.11500549316406,135.4149932861328,135.02999877929688,135.22500610351562,81447
2026-08-06 15:10:00+00:00,135.1999969482422,135.21499633789062,134.75999450683594,134.77499389648438,99377
2026-08-06 15:15:00+00:00,134.7899932861328,134.91000366210938,134.6999969482422,134.72999572753906,68338
2026-08-06 15:20:00+00:00,134.7100067138672,134.88949584960938,134.6699981689453,134.72000122070312,99743
2026-08-06 15:25:00+00:00,134.75,134.77999877929688,134.6300048828125,134.7100067138672,137164
2026-08-06 15:30:00+00:00,134.71499633789062,134.75999450683594,134.6300048828125,134.6300048828125,84082
2026-08-06 15:35:00+00:00,134.6199951171875,134.8699951171875,134.61000061035156,134.8300018310547,62045
2026-08-06 15:40:00+00:00,134.8300018310547,134.88999938964844,134.6199951171875,134.6750030517578,88194
2026-08-06 15:45:00+00:00,134.6699981689453,134.86000061035156,134.6699981689453,134.77999877929688,51776
2026-08-06 15:50:00+00:00,134.8000030517578,134.99000549316406,134.6999969482422,134.71499633789062,67488
2026-08-06 15:55:00+00:00,134.69979858398438,134.8300018310547,134.6649932861328,134.77000427246094,58700
2026-08-06 16:00:00+00:00,134.75999450683594,134.760498046875,134.5800018310547,134.72999572753906,66831
2026-08-06 16:05:00+00:00,134.72000122070312,135.0124969482422,134.69000244140625,135.0124969482422,53405
2026-08-06 16:10:00+00:00,135.02000427246094,135.11000061035156,134.6999969482422,134.77999877929688,56692
2026-08-06 16:15:00+00:00,134.80999755859375,134.97000122070312,134.63999938964844,134.9600067138672,79904
2026-08-06 16:20:00+00:00,134.97500610351562,135.02499389648438,134.8148956298828,135.02499389648438,55842
2026-08-06 16:25:00+00:00,135.0399932861328,135.5800018310547,135.02999877929688,135.5,42667
2026-08-06 16:30:00+00:00,135.5,135.71910095214844,135.47999572753906,135.58999633789062,51378
2026-08-06 16:35:00+00:00,135.6199951171875,135.67999267578125,135.53500366210938,135.67999267578125,56608
2026-08-06 16:40:00+00:00,135.66400146484375,135.6800994873047,135.5,135.64999389648438,35605
2026-08-06 16:45:00+00:00,135.65499877929688,135.72999572753906,135.52999877929688,135.5800018310547,39520
2026-08-06 16:50:00+00:00,135.58999633789062,135.6490936279297,135.4949951171875,135.52999877929688,31387
2026-08-06 16:55:00+00:00,135.5,135.64999389648438,135.44500732421875,135.5500030517578,46392
2026-08-06 17:00:00+00:00,135.5500030517578,135.5500030517578,135.3800048828125,135.47000122070312,38777
2026-08-06 17:05:00+00:00,135.4600067138672,135.52999877929688,135.1999969482422,135.25,44542
2026-08-06 17:10:00+00:00,135.24000549316406,135.38499450683594,135.19000244140625,135.19000244140625,29358
2026-08-06 17:15:00+00:00,135.1999969482422,135.24000549316406,135.07009887695312,135.13999938964844,40788
2026-08-06 17:20:00+00:00,135.1300048828125,135.14999389648438,134.7899932861328,134.8000030517578,39491
2026-08-06 17:25:00+00:00,134.89999389648438,134.89999389648438,134.61500549316406,134.6199951171875,36374
2026-08-06 17:30:00+00:00,134.61500549316406,134.85000610351562,134.50999450683594,134.77999877929688,77843
2026-08-06 17:35:00+00:00,134.77999877929688,134.97000122070312,134.7740020751953,134.94500732421875,39459
2026-08-06 17:40:00+00:00,134.92999267578125,134.9600067138672,134.83999633789062,134.91000366210938,32973
2026-08-06 17:45:00+00:00,134.9149932861328,135.02000427246094,134.8800048828125,134.9600067138672,37379
2026-08-06 17:50:00+00:00,134.9499969482422,135.14500427246094,134.9499969482422,135.0800018310547,38862
2026-08-06 17:55:00+00:00,135.10499572753906,135.16000366210938,135.02749633789062,135.16000366210938,32708
2026-08-06 18:00:00+00:00,135.1699981689453,135.1898956298828,135.07000732421875,135.0800018310547,37652
2026-08-06 18:05:00+00:00,135.07440185546875,135.07440185546875,134.97000122070312,134.98500061035156,32856
2026-08-06 18:10:00+00:00,135.0,135.0449981689453,134.91000366210938,135.0050048828125,29650
2026-08-06 18:15:00+00:00,135.02999877929688,135.19000244140625,134.9199981689453,135.0500030517578,60139
2026-08-06 18:20:00+00:00,135.0399932861328,135.11000061035156,134.99000549316406,135.05999755859375,28926
2026-08-06 18:25:00+00:00,135.0500030517578,135.0800018310547,134.93499755859375,135.0,26472
2026-08-06 18:30:00+00:00,134.97000122070312,134.97000122070312,134.88999938964844,134.94500732421875,42048
2026-08-06 18:35:00+00:00,134.9846954345703,134.9846954345703,134.89999389648438,134.9499969482422,25621
2026-08-06 18:40:00+00:00,134.94000244140625,134.99000549316406,134.85000610351562,134.89999389648438,40527
2026-08-06 18:45:00+00:00,134.88999938964844,135.00999450683594,134.88999938964844,134.97500610351562,28989
2026-08-06 18:50:00+00:00,134.97000122070312,135.00999450683594,134.94000244140625,135.00999450683594,29887
2026-08-06 18:55:00+00:00,135.0,135.0749969482422,134.9949951171875,135.01780700683594,29651
2026-08-06 19:00:00+00:00,135.00999450683594,135.11000061035156,134.97999572753906,135.03500366210938,27916
2026-08-06 19:05:00+00:00,135.0399932861328,135.1199951171875,134.9499969482422,135.1199951171875,35754
2026-08-06 19:10:00+00:00,135.10499572753906,135.2449951171875,135.0500030517578,135.15499877929688,72734
2026-08-06 19:15:00+00:00,135.1699981689453,135.22999572753906,135.0399932861328,135.1699981689453,96618
2026-08-06 19:20:00+00:00,135.1699981689453,135.2050018310547,134.86500549316406,134.8699951171875,73614
2026-08-06 19:25:00+00:00,134.86000061035156,134.86000061035156,134.64500427246094,134.65499877929688,122878
2026-08-06 19:30:00+00:00,134.65499877929688,134.67999267578125,134.4199981689453,134.6300048828125,160047
2026-08-06 19:35:00+00:00,134.6199951171875,134.6699981689453,134.57000732421875,134.58999633789062,69577
2026-08-06 19:40:00+00:00,134.57000732421875,134.58999633789062,133.8699951171875,133.89999389648438,191974
2026-08-06 19:45:00+00:00,133.89999389648438,134.07000732421875,133.85000610351562,134.06300354003906,324959
2026-08-06 19:50:00+00:00,134.0399932861328,134.1300048828125,133.8000030517578,133.89999389648438,273235
2026-08-06 19:55:00+00:00,133.88999938964844,133.9499969482422,133.66000366210938,133.84500122070312,743675
2026-08-06 20:00:00+00:00,133.86,135.99,133.72,133.85,1529140
2026-08-06 20:05:00+00:00,133.82,134.06,133.82,134.03,0
2026-08-06 20:10:00+00:00,133.82,134.3,133.82,134.2504,0
2026-08-06 20:15:00+00:00,133.82,134.29,133.82,134.033,0
2026-08-06 20:20:00+00:00,134.16,134.16,133.71,134.0,0
2026-08-06 20:25:00+00:00,134.0,134.0,133.85,134.0,0
2026-08-06 20:30:00+00:00,134.117,134.2,133.808,133.97,0
2026-08-06 20:35:00+00:00,134.1241,134.1241,133.85,133.87,0
2026-08-06 20:40:00+00:00,134.2,134.2,133.71,133.93,0
2026-08-06 20:45:00+00:00,133.85,134.2,133.82,133.82,0
2026-08-06 20:50:00+00:00,133.86,134.0,133.7427,134.0,0
2026-08-06 20:55:00+00:00,134.0,134.0,133.91,134.0,0
2026-08-06 21:00:00+00:00,134.1,134.1,133.86,133.86,0
2026-08-06 21:05:00+00:00,134.1877,134.1877,133.84,134.0772,0
2026-08-06 21:10:00+00:00,134.0,134.0,134.0,134.0,0
2026-08-06 21:15:00+00:00,134.0,134.1241,133.99,133.99,0
2026-08-06 21:20:00+00:00,134.0,134.1241,133.86,134.1241,0
2026-08-06 21:25:00+00:00,133.82,133.86,133.82,133.86,0
2026-08-06 21:30:00+00:00,134.0,134.0,133.85,133.85,0
2026-08-06 21:35:00+00:00,133.83,133.83,133.81,133.81,0
2026-08-06 21:40:00+00:00,133.87,134.0,133.87,133.91,0
2026-08-06 21:50:00+00:00,133.99,133.99,133.99,133.99,0
2026-08-06 21:55:00+00:00,134.1877,134.1877,134.0,134.0,0
2026-08-06 22:00:00+00:00,134.0,134.0,134.0,134.0,0
2026-08-06 22:05:00+00:00,133.71,133.82,133.71,133.75,0
2026-08-06 22:10:00+00:00,134.0,134.0,134.0,134.0,0
2026-08-06 22:15:00+00:00,134.0,134.1775,134.0,134.1,0
2026-08-06 22:20:00+00:00,134.0,134.0,134.0,134.0,0
2026-08-06 22:25:00+00:00,134.0,134.2,134.0,134.1,0
2026-08-06 22:30:00+00:00,134.2,134.2,134.2,134.2,0
2026-08-06 22:35:00+00:00,134.1,134.2,134.1,134.2,0
2026-08-06 22:40:00+00:00,133.76,134.0,133.76,133.82,0
2026-08-06 22:45:00+00:00,133.86,134.1,133.86,134.1,0
2026-08-06 22:50:00+00:00,134.0,134.09,134.0,134.09,0
2026-08-06 22:55:00+00:00,134.173,134.173,134.1,134.1,0
2026-08-06 23:00:00+00:00,134.195,134.195,134.0,134.15,0
2026-08-06 23:05:00+00:00,134.1535,134.19,134.1,134.1,0
2026-08-06 23:10:00+00:00,134.1,134.1,134.1,134.1,0
2026-08-06 23:15:00+00:00,134.1,134.1,134.1,134.1,0
2026-08-06 23:20:00+00:00,134.1,134.1,134.09,134.09,0
2026-08-06 23:25:00+00:00,134.2,134.2,134.2,134.2,0
2026-08-06 23:30:00+00:00,134.01,134.04,134.0,134.0,0
2026-08-06 23:35:00+00:00,134.0,134.005,134.0,134.005,0
2026-08-06 23:40:00+00:00,134.1,134.14,134.1,134.14,0
2026-08-06 23:45:00+00:00,134.19,134.2,134.08,134.15,0
2026-08-06 23:50:00+00:00,134.1889,134.2535,134.04,134.04,0
2026-08-06 23:55:00+00:00,134.01,134.15,134.01,134.15,0
2026-08-07 08:00:00+00:00,134.0,134.36,133.5,133.53,0
2026-08-07 08:05:00+00:00,134.0,134.0,134.0,134.0,0
2026-08-07 08:10:00+00:00,134.0,134.0,134.0,134.0,0
2026-08-07 08:20:00+00:00,133.8927,133.97,133.8927,133.9662,0
2026-08-07 08:30:00+00:00,132.77,132.77,132.77,132.77,0
2026-08-07 08:35:00+00:00,132.77,132.77,132.77,132.77,0
2026-08-07 08:40:00+00:00,133.942,133.942,133.942,133.942,0
2026-08-07 08:45:00+00:00,134.0,134.0,133.73,133.74,0
2026-08-07 08:55:00+00:00,133.74,133.74,133.74,133.74,0
2026-08-07 09:05:00+00:00,134.09,134.11,134.09,134.11,0
2026-08-07 09:10:00+00:00,134.0,134.0,134.0,134.0,0
2026-08-07 09:25:00+00:00,134.0,134.0,134.0,134.0,0
2026-08-07 09:30:00+00:00,133.67,133.73,133.67,133.67,0
2026-08-07 09:35:00+00:00,133.83,133.83,133.83,133.83,0
2026-08-07 09:40:00+00:00,133.83,133.83,133.76,133.76,0
2026-08-07 09:50:00+00:00,134.1,134.78,133.88,134.15,0
2026-08-07 09:55:00+00:00,134.15,134.43,134.15,134.41,0
2026-08-07 10:00:00+00:00,134.33,134.35,134.33,134.35,0
2026-08-07 10:05:00+00:00,134.41,134.41,134.41,134.41,0
2026-08-07 10:10:00+00:00,134.41,134.41,134.27,134.31,0
2026-08-07 10:15:00+00:00,135.4088,135.41,135.4088,135.41,0
2026-08-07 10:20:00+00:00,135.4088,135.4088,135.4088,135.4088,0
2026-08-07 10:25:00+00:00,135.4088,135.41,135.4088,135.41,0
2026-08-07 10:30:00+00:00,134.29,134.29,133.81,133.81,0
2026-08-07 10:40:00+00:00,133.81,133.81,133.81,133.81,0
2026-08-07 10:50:00+00:00,133.81,133.81,133.81,133.81,0
2026-08-07 10:55:00+00:00,134.21,134.21,133.83,133.83,0
2026-08-07 11:00:00+00:00,134.58,134.58,133.82,134.2,0
2026-08-07 11:05:00+00:00,134.31,134.31,134.31,134.31,0
2026-08-07 11:10:00+00:00,134.4889,135.1481,134.42,134.7604,0
2026-08-07 11:15:00+00:00,134.46,134.5,134.25,134.5,0
2026-08-07 11:20:00+00:00,135.41,135.41,134.5,134.5,0
2026-08-07 11:25:00+00:00,134.36,134.37,134.33,134.35,0
2026-08-07 11:30:00+00:00,134.596,134.596,134.596,134.596,0
2026-08-07 11:35:00+00:00,134.49,134.49,134.49,134.49,0
2026-08-07 11:40:00+00:00,134.32,134.3878,134.31,134.3878,0
2026-08-07 11:45:00+00:00,134.39,134.39,134.3,134.3,0
2026-08-07 11:50:00+00:00,134.16,134.17,134.16,134.17,0
2026-08-07 11:55:00+00:00,134.17,134.58,134.17,134.36,0
2026-08-07 12:00:00+00:00,134.85,134.85,134.85,134.85,0
2026-08-07 12:05:00+00:00,134.5473,134.6,134.03,134.6,0
2026-08-07 12:10:00+00:00,134.65,134.65,134.0,134.25,0
2026-08-07 12:15:00+00:00,134.37,134.4,134.25,134.3925,0
2026-08-07 12:20:00+00:00,134.4,134.4,134.11,134.21,0
2026-08-07 12:25:00+00:00,134.21,134.4,134.0,134.4,0
2026-08-07 12:30:00+00:00,134.0,134.78,134.0,134.32,0
2026-08-07 12:35:00+00:00,134.21,134.6,134.04,134.04,0
2026-08-07 12:40:00+00:00,134.75,135.1271,134.0,134.51,0
2026-08-07 12:45:00+00:00,134.51,135.0,134.51,134.61,0
2026-08-07 12:50:00+00:00,134.61,134.93,134.61,134.93,0
2026-08-07 12:55:00+00:00,135.0,135.0,134.61,134.72,0
2026-08-07 13:00:00+00:00,134.9,134.92,134.4,134.4,0
2026-08-07 13:05:00+00:00,134.4,134.55,134.2,134.2,0
2026-08-07 13:10:00+00:00,134.33,134.5877,134.0,134.42,0
2026-08-07 13:30:00+00:00,133.82000732421875,133.82000732421875,132.52000427246094,133.38999938964844,180885
2026-08-07 13:35:00+00:00,133.4499969482422,134.24000549316406,133.0399932861328,134.0,98492
2026-08-07 13:40:00+00:00,134.0399932861328,134.41000366210938,133.7100067138672,134.34519958496094,89219
2026-08-07 13:45:00+00:00,134.22999572753906,134.26499938964844,133.82000732421875,134.14999389648438,98070
2026-08-07 13:50:00+00:00,134.14500427246094,134.3800048828125,133.9600067138672,134.0800018310547,51542
2026-08-07 13:55:00+00:00,134.08999633789062,134.08999633789062,133.84500122070312,133.97999572753906,53517
2026-08-07 14:00:00+00:00,133.93499755859375,134.02999877929688,133.5800018310547,133.58999633789062,86919
2026-08-07 14:05:00+00:00,133.57000732421875,133.9499969482422,133.57000732421875,133.75999450683594,49446
2026-08-07 14:10:00+00:00,133.75,133.75,133.49249267578125,133.64999389648438,89420
2026-08-07 14:15:00+00:00,133.6999969482422,134.31500244140625,133.6999969482422,134.21090698242188,97202
2026-08-07 14:20:00+00:00,134.25,134.38999938964844,134.1199951171875,134.3800048828125,65633
2026-08-07 14:25:00+00:00,134.3800048828125,134.6199951171875,134.35000610351562,134.46499633789062,72463
2026-08-07 14:30:00+00:00,134.47000122070312,134.47000122070312,134.17999267578125,134.32000732421875,77708
2026-08-07 14:35:00+00:00,134.32000732421875,134.5,134.27499389648438,134.3699951171875,55750
2026-08-07 14:40:00+00:00,134.4199981689453,134.44000244140625,134.22000122070312,134.2899932861328,51935
2026-08-07 14:45:00+00:00,134.3350067138672,134.5500030517578,134.2899932861328,134.5399932861328,35581
2026-08-07 14:50:00+00:00,134.52499389648438,134.52499389648438,134.27999877929688,134.47000122070312,44804
2026-08-07 14:55:00+00:00,134.49989318847656,134.61000061035156,134.4499969482422,134.52999877929688,25737
2026-08-07 15:00:00+00:00,134.51499938964844,134.6649932861328,134.47999572753906,134.5500030517578,35328
2026-08-07 15:05:00+00:00,134.57000732421875,134.72000122070312,134.5399932861328,134.72000122070312,29221
2026-08-07 15:10:00+00:00,134.74000549316406,134.74000549316406,134.59500122070312,134.6300048828125,27752
2026-08-07 15:15:00+00:00,134.61500549316406,134.67999267578125,134.53500366210938,134.5749969482422,51263
2026-08-07 15:20:00+00:00,134.57510375976562,134.67999267578125,134.56500244140625,134.63999938964844,69003
2026-08-07 15:25:00+00:00,134.63999938964844,134.66000366210938,134.5500030517578,134.5850067138672,41863
2026-08-07 15:30:00+00:00,134.60499572753906,134.60499572753906,134.4149932861328,134.48500061035156,38498
2026-08-07 15:35:00+00:00,134.4949951171875,134.52999877929688,134.3800048828125,134.4949951171875,31176
2026-08-07 15:40:00+00:00,134.52999877929688,134.52999877929688,134.35499572753906,134.42010498046875,45065
2026-08-07 15:45:00+00:00,134.4499969482422,134.7301025390625,134.4499969482422,134.7301025390625,27859
2026-08-07 15:50:00+00:00,134.72999572753906,134.72999572753906,134.41000366210938,134.45849609375,33910
2026-08-07 15:55:00+00:00,134.4600067138672,134.47999572753906,134.36000061035156,134.38099670410156,19842
2026-08-07 16:00:00+00:00,134.41000366210938,134.42999267578125,134.30999755859375,134.42999267578125,26270
2026-08-07 16:05:00+00:00,134.44000244140625,134.50999450683594,134.3300018310547,134.34500122070312,35124
2026-08-07 16:10:00+00:00,134.36000061035156,134.36000061035156,134.17999267578125,134.22999572753906,49287
2026-08-07 16:15:00+00:00,134.22000122070312,134.2899932861328,134.2100067138672,134.24000549316406,66503
2026-08-07 16:20:00+00:00,134.24000549316406,134.2899932861328,134.05740356445312,134.09500122070312,47066
2026-08-07 16:25:00+00:00,134.08999633789062,134.11000061035156,134.00999450683594,134.08999633789062,38534
2026-08-07 16:30:00+00:00,134.10000610351562,134.13499450683594,133.99000549316406,134.13499450683594,34210
2026-08-07 16:35:00+00:00,134.14259338378906,134.35000610351562,134.1199951171875,134.35000610351562,31742
2026-08-07 16:40:00+00:00,134.33999633789062,134.49000549316406,134.33999633789062,134.47999572753906,24528
2026-08-07 16:45:00+00:00,134.4600067138672,134.49989318847656,134.39999389648438,134.48500061035156,25406
2026-08-07 16:50:00+00:00,134.5,134.50999450683594,134.39999389648438,134.46499633789062,30216
2026-08-07 16:55:00+00:00,134.47000122070312,134.5500030517578,134.4499969482422,134.5,24627
2026-08-07 17:00:00+00:00,134.5,134.66000366210938,134.5,134.59500122070312,28850
2026-08-07 17:05:00+00:00,134.58999633789062,134.65660095214844,134.5800018310547,134.61500549316406,30906
2026-08-07 17:10:00+00:00,134.6300048828125,134.68499755859375,134.48500061035156,134.52999877929688,46819
2026-08-07 17:15:00+00:00,134.52769470214844,134.6300048828125,134.50999450683594,134.6300048828125,26414
2026-08-07 17:20:00+00:00,134.6300048828125,134.64120483398438,134.57000732421875,134.625,24883
2026-08-07 17:25:00+00:00,134.625,134.625,134.56500244140625,134.58999633789062,39335
2026-08-07 17:30:00+00:00,134.58999633789062,134.63999938964844,134.52000427246094,134.5399932861328,52171
2026-08-07 17:35:00+00:00,134.5500030517578,134.60000610351562,134.49000549316406,134.52999877929688,24661
2026-08-07 17:40:00+00:00,134.52000427246094,134.5800018310547,134.52000427246094,134.5500030517578,24441
2026-08-07 17:45:00+00:00,134.55999755859375,134.6199951171875,134.5500030517578,134.6199951171875,27912
2026-08-07 17:50:00+00:00,134.60000610351562,134.6199951171875,134.5500030517578,134.58999633789062,34015
2026-08-07 17:55:00+00:00,134.59500122070312,134.60000610351562,134.50999450683594,134.52000427246094,45642
2026-08-07 18:00:00+00:00,134.5399932861328,134.60000610351562,134.4499969482422,134.4700927734375,41697
2026-08-07 18:05:00+00:00,134.44000244140625,134.6199951171875,134.3800048828125,134.61000061035156,27145
2026-08-07 18:10:00+00:00,134.6199951171875,134.63999938964844,134.55999755859375,134.5675048828125,24977
2026-08-07 18:15:00+00:00,134.55999755859375,134.77000427246094,134.5500030517578,134.74000549316406,30868
2026-08-07 18:20:00+00:00,134.77040100097656,134.77040100097656,134.66000366210938,134.6999969482422,22131
2026-08-07 18:25:00+00:00,134.6999969482422,134.72999572753906,134.64500427246094,134.6999969482422,31609
2026-08-07 18:30:00+00:00,134.6999969482422,134.82000732421875,134.6999969482422,134.77999877929688,29003
2026-08-07 18:35:00+00:00,134.77000427246094,134.8000030517578,134.75,134.7899932861328,26768
2026-08-07 18:40:00+00:00,134.7899932861328,134.83999633789062,134.77999877929688,134.78500366210938,33505
2026-08-07 18:45:00+00:00,134.78500366210938,134.8800048828125,134.7808074951172,134.86000061035156,34143
2026-08-07 18:50:00+00:00,134.8699951171875,134.9550018310547,134.85000610351562,134.88499450683594,52423
2026-08-07 18:55:00+00:00,134.89500427246094,134.89999389648438,134.84500122070312,134.8800048828125,45764
2026-08-07 19:00:00+00:00,134.91000366210938,135.03500366210938,134.89999389648438,134.9199981689453,42066
2026-08-07 19:05:00+00:00,134.93499755859375,135.0,134.89999389648438,134.97500610351562,37726
2026-08-07 19:10:00+00:00,135.05999755859375,135.16000366210938,134.97999572753906,135.125,60373
2026-08-07 19:15:00+00:00,135.1291961669922,135.23500061035156,135.0399932861328,135.0399932861328,54079
2026-08-07 19:20:00+00:00,135.0399932861328,135.17999267578125,135.03720092773438,135.0800018310547,64706
2026-08-07 19:25:00+00:00,135.0800018310547,135.16000366210938,135.0399932861328,135.05999755859375,41717
2026-08-07 19:30:00+00:00,135.05999755859375,135.05999755859375,134.92999267578125,134.97000122070312,55140
2026-08-07 19:35:00+00:00,134.96499633789062,135.0500030517578,134.91000366210938,134.94000244140625,57935
2026-08-07 19:40:00+00:00,134.94000244140625,134.97000122070312,134.85000610351562,134.86000061035156,95359
2026-08-07 19:45:00+00:00,134.85499572753906,135.01499938964844,134.85499572753906,134.9600067138672,83141
2026-08-07 19:50:00+00:00,134.97000122070312,135.02999877929688,134.75999450683594,134.7899932861328,142540
2026-08-07 19:55:00+00:00,134.80999755859375,135.02999877929688,134.67999267578125,134.98500061035156,376783
2026-08-07 20:00:00+00:00,134.95,135.0,134.95,135.0,3131780
2026-08-07 20:05:00+00:00,135.0,135.2,135.0,135.16,0
2026-08-07 20:10:00+00:00,135.0,135.16,134.71,134.71,0
2026-08-07 20:15:00+00:00,135.0,135.5,134.71,134.71,0
2026-08-07 20:20:00+00:00,135.0,135.5,135.0,135.5,0
2026-08-07 20:25:00+00:00,134.71,134.71,134.71,134.71,0
2026-08-07 20:30:00+00:00,134.71,134.71,134.71,134.71,0
2026-08-07 20:35:00+00:00,135.202,135.202,134.71,134.71,0
2026-08-07 20:40:00+00:00,135.0,135.0,135.0,135.0,0
2026-08-07 20:45:00+00:00,135.445,135.5,135.159,135.159,0
2026-08-07 20:50:00+00:00,133.641,133.641,133.641,133.641,0
2026-08-07 20:55:00+00:00,135.13,135.16,134.71,134.71,0
2026-08-07 21:00:00+00:00,135.2,135.3,134.71,135.21,0
2026-08-07 21:05:00+00:00,135.0,135.21,135.0,135.0,0
2026-08-07 21:10:00+00:00,135.1,135.5,135.1,135.5,0
2026-08-07 21:20:00+00:00,135.0,135.5,135.0,135.0,0
2026-08-07 21:25:00+00:00,135.21,135.5,135.21,135.5,0
2026-08-07 21:30:00+00:00,135.23,135.23,135.23,135.23,0
2026-08-07 21:35:00+00:00,135.0775,135.0775,135.0,135.0,0
2026-08-07 21:40:00+00:00,135.5,135.5,135.0,135.0,0
2026-08-07 21:45:00+00:00,135.0,135.5,135.0,135.15,0
2026-08-07 21:50:00+00:00,135.0125,135.0125,135.0125,135.0125,0
2026-08-07 21:55:00+00:00,135.01,135.01,135.01,135.01,0
2026-08-07 22:05:00+00:00,135.21,135.21,135.21,135.21,0
2026-08-07 22:10:00+00:00,135.2,135.2,135.11,135.11,0
2026-08-07 22:15:00+00:00,135.1,135.1,135.1,135.1,0
2026-08-07 22:20:00+00:00,135.06,135.1,135.05,135.05,0
2026-08-07 22:25:00+00:00,135.21,135.21,135.15,135.15,0
2026-08-07 22:35:00+00:00,135.15,135.15,135.15,135.15,0
2026-08-07 22:40:00+00:00,135.15,135.4999,135.15,135.15,0
2026-08-07 22:50:00+00:00,135.5,135.5,135.03,135.21,0
2026-08-07 22:55:00+00:00,135.4875,135.4875,135.01,135.17,0
2026-08-07 23:00:00+00:00,135.03,135.1,135.03,135.1,0
2026-08-07 23:15:00+00:00,135.11,135.11,135.11,135.11,0
2026-08-07 23:20:00+00:00,135.11,135.11,135.1,135.1,0
2026-08-07 23:30:00+00:00,135.03,135.03,135.03,135.03,0
2026-08-07 23:35:00+00:00,135.02,135.1,135.02,135.1,0
2026-08-07 23:45:00+00:00,135.25,135.3,135.25,135.3,0
2026-08-07 23:50:00+00:00,135.21,135.21,135.21,135.21,0
2026-08-07 23:55:00+00:00,135.16,135.16,135.16,135.16,0
2026-08-10 08:00:00+00:00,135.24,135.24,134.4167,135.0,0
2026-08-10 08:05:00+00:00,135.0,135.0,135.0,135.0,0
2026-08-10 08:30:00+00:00,135.1,135.2,135.1,135.2,0
2026-08-10 08:40:00+00:00,135.09,135.09,135.09,135.09,0
2026-08-10 08:50:00+00:00,135.09,135.09,135.09,135.09,0
2026-08-10 09:00:00+00:00,135.09,135.09,135.09,135.09,0
2026-08-10 09:05:00+00:00,135.09,135.09,135.09,135.09,0
2026-08-10 09:10:00+00:00,135.09,135.09,134.81,134.81,0
2026-08-10 09:15:00+00:00,135.1242,135.1242,134.78,134.78,0
2026-08-10 09:20:00+00:00,134.775,134.8,134.775,134.8,0
2026-08-10 09:25:00+00:00,134.515,134.515,134.515,134.515,0
2026-08-10 09:30:00+00:00,134.8,134.8,134.8,134.8,0
2026-08-10 09:45:00+00:00,134.8,134.8,134.8,134.8,0
2026-08-10 09:50:00+00:00,134.79,134.8,134.79,134.79,0
2026-08-10 09:55:00+00:00,134.51,134.51,134.51,134.51,0
2026-08-10 10:00:00+00:00,134.81,134.81,134.81,134.81,0
2026-08-10 10:10:00+00:00,134.81,134.81,134.81,134.81,0
2026-08-10 10:15:00+00:00,134.81,134.81,134.81,134.81,0
2026-08-10 10:20:00+00:00,134.81,134.81,134.79,134.79,0
2026-08-10 10:30:00+00:00,134.79,134.79,134.79,134.79,0
2026-08-10 10:40:00+00:00,134.79,134.79,134.79,134.79,0
2026-08-10 10:55:00+00:00,134.5187,134.5187,134.5187,134.5187,0
2026-08-10 11:00:00+00:00,134.9,135.0,134.83,134.83,0
2026-08-10 11:05:00+00:00,134.93,134.93,134.83,134.83,0
2026-08-10 11:10:00+00:00,134.95,134.95,134.82,134.82,0
2026-08-10 11:15:00+00:00,134.83,134.89,134.83,134.83,0
2026-08-10 11:20:00+00:00,134.9,134.9,134.9,134.9,0
2026-08-10 11:25:00+00:00,134.78,134.78,134.78,134.78,0
2026-08-10 11:30:00+00:00,134.602,134.9875,134.5,134.9875,0
2026-08-10 11:35:00+00:00,134.8,134.99,134.8,134.99,0
2026-08-10 11:45:00+00:00,134.99,134.99,134.99,134.99,0
2026-08-10 11:50:00+00:00,134.99,135.0,134.99,135.0,0
2026-08-10 11:55:00+00:00,134.98,134.98,134.92,134.92,0
2026-08-10 12:00:00+00:00,134.9791,134.9791,134.9791,134.9791,0
2026-08-10 12:05:00+00:00,134.99,134.99,134.729,134.729,0
2026-08-10 12:10:00+00:00,134.98,135.0,134.6,134.8,0
2026-08-10 12:15:00+00:00,134.8,134.8,134.8,134.8,0
2026-08-10 12:20:00+00:00,135.0,135.0,135.0,135.0,0
2026-08-10 12:30:00+00:00,134.85,134.94,134.78,134.94,0
2026-08-10 12:35:00+00:00,134.905,134.905,134.905,134.905,0
2026-08-10 12:40:00+00:00,134.9,134.905,134.77,134.9012,0
2026-08-10 12:45:00+00:00,134.6712,134.9,134.6712,134.9,0
2026-08-10 12:50:00+00:00,134.6,134.75,134.6,134.6704,0
2026-08-10 13:00:00+00:00,134.75,134.75,134.75,134.75,0
2026-08-10 13:10:00+00:00,134.7,134.8,134.7,134.77,0
2026-08-10 13:30:00+00:00,134.8699951171875,135.91000366210938,134.47000122070312,135.3699951171875,840951
2026-08-10 13:35:00+00:00,135.3699951171875,135.91000366210938,135.13999938964844,135.36000061035156,104734
2026-08-10 13:40:00+00:00,135.3867950439453,135.77999877929688,135.2550048828125,135.4600067138672,59847
2026-08-10 13:45:00+00:00,135.5050048828125,135.82000732421875,135.36000061035156,135.78500366210938,58292
2026-08-10 13:50:00+00:00,135.75,135.8300018310547,135.47000122070312,135.69000244140625,84019
2026-08-10 13:55:00+00:00,135.6999969482422,135.8300018310547,135.39999389648438,135.4499969482422,65584
2026-08-10 14:00:00+00:00,135.42999267578125,135.7899932861328,135.38600158691406,135.56109619140625,54422
2026-08-10 14:05:00+00:00,135.5500030517578,135.57000732421875,135.00999450683594,135.0800018310547,42869
2026-08-10 14:10:00+00:00,135.05999755859375,135.42999267578125,135.05999755859375,135.25,51462
2026-08-10 14:15:00+00:00,135.22000122070312,135.32000732421875,135.11000061035156,135.19500732421875,38732
2026-08-10 14:20:00+00:00,135.2050018310547,135.22999572753906,134.92999267578125,135.0050048828125,54680
2026-08-10 14:25:00+00:00,135.02499389648438,135.17999267578125,135.0050048828125,135.02499389648438,32761
2026-08-10 14:30:00+00:00,134.99000549316406,135.15499877929688,134.91000366210938,134.92999267578125,31435
2026-08-10 14:35:00+00:00,134.94000244140625,135.10000610351562,134.9355926513672,134.9600067138672,36853
2026-08-10 14:40:00+00:00,134.9499969482422,135.13999938964844,134.93499755859375,135.05499267578125,29196
2026-08-10 14:45:00+00:00,135.0500030517578,135.47999572753906,135.0500030517578,135.47999572753906,59167
2026-08-10 14:50:00+00:00,135.52000427246094,135.61000061035156,135.35000610351562,135.52999877929688,58274
2026-08-10 14:55:00+00:00,135.50999450683594,135.55999755859375,135.36000061035156,135.36000061035156,59129
2026-08-10 15:00:00+00:00,135.3699951171875,135.50999450683594,135.30999755859375,135.47000122070312,49082
2026-08-10 15:05:00+00:00,135.46499633789062,135.89999389648438,135.46499633789062,135.85000610351562,59396
2026-08-10 15:10:00+00:00,135.83999633789062,136.05999755859375,135.7899932861328,135.99000549316406,80114
2026-08-10 15:15:00+00:00,136.00999450683594,136.13999938964844,135.8300018310547,135.93499755859375,97497
2026-08-10 15:20:00+00:00,135.9499969482422,136.05799865722656,135.8800048828125,135.89840698242188,29930
2026-08-10 15:25:00+00:00,135.8800048828125,135.9134979248047,135.79319763183594,135.82000732421875,30176
2026-08-10 15:30:00+00:00,135.8300018310547,135.97000122070312,135.77000427246094,135.77000427246094,188008
2026-08-10 15:35:00+00:00,135.7899932861328,135.80999755859375,135.52000427246094,135.55999755859375,51048
2026-08-10 15:40:00+00:00,135.60000610351562,135.6999969482422,135.41000366210938,135.4600067138672,78924
2026-08-10 15:45:00+00:00,135.4600067138672,135.67999267578125,135.4199981689453,135.60000610351562,23508
2026-08-10 15:50:00+00:00,135.59500122070312,135.73500061035156,135.55999755859375,135.71499633789062,30127
2026-08-10 15:55:00+00:00,135.7100067138672,135.85000610351562,135.63999938964844,135.7949981689453,77318
2026-08-10 16:00:00+00:00,135.80499267578125,135.80499267578125,135.51499938964844,135.51499938964844,30338
2026-08-10 16:05:00+00:00,135.52999877929688,135.69000244140625,135.52999877929688,135.66000366210938,43983
2026-08-10 16:10:00+00:00,135.63999938964844,135.6649932861328,135.42999267578125,135.42999267578125,37173
2026-08-10 16:15:00+00:00,135.39999389648438,135.42010498046875,135.24000549316406,135.30499267578125,35560
2026-08-10 16:20:00+00:00,135.30499267578125,135.41000366210938,135.17999267578125,135.39999389648438,41648
2026-08-10 16:25:00+00:00,135.4250030517578,135.52999877929688,135.3800048828125,135.52000427246094,30943
2026-08-10 16:30:00+00:00,135.5,135.66000366210938,135.30999755859375,135.48170471191406,97407
2026-08-10 16:35:00+00:00,135.48500061035156,135.63999938964844,135.406005859375,135.58999633789062,39346
2026-08-10 16:40:00+00:00,135.60000610351562,135.6199951171875,135.41000366210938,135.42999267578125,38406
2026-08-10 16:45:00+00:00,135.39999389648438,135.5749969482422,135.35000610351562,135.52999877929688,32524
2026-08-10 16:50:00+00:00,135.52000427246094,135.5500030517578,135.1999969482422,135.28500366210938,40253
2026-08-10 16:55:00+00:00,135.28500366210938,135.3300018310547,135.11000061035156,135.14999389648438,44344
2026-08-10 17:00:00+00:00,135.14999389648438,135.1699981689453,135.07000732421875,135.1300048828125,29195
2026-08-10 17:05:00+00:00,135.1300048828125,135.16000366210938,135.00999450683594,135.10000610351562,32358
2026-08-10 17:10:00+00:00,135.14999389648438,135.14999389648438,135.02049255371094,135.02049255371094,23967
2026-08-10 17:15:00+00:00,135.02000427246094,135.07000732421875,134.97999572753906,135.0399932861328,41993
2026-08-10 17:20:00+00:00,135.0500030517578,135.0500030517578,134.88999938964844,135.00999450683594,30775
2026-08-10 17:25:00+00:00,135.0,135.07000732421875,135.0,135.05999755859375,31146
2026-08-10 17:30:00+00:00,135.05999755859375,135.11000061035156,134.98500061035156,135.11000061035156,28048
2026-08-10 17:35:00+00:00,135.08999633789062,135.2899932861328,135.07000732421875,135.2899932861328,38752
2026-08-10 17:40:00+00:00,135.27000427246094,135.5500030517578,135.27000427246094,135.5500030517578,45468
2026-08-10 17:45:00+00:00,135.5399932861328,135.5850067138672,135.49000549316406,135.55999755859375,42858
2026-08-10 17:50:00+00:00,135.55250549316406,135.58999633789062,135.44000244140625,135.4499969482422,33665
2026-08-10 17:55:00+00:00,135.4600067138672,135.47000122070312,135.3350067138672,135.4199981689453,44926
2026-08-10 18:00:00+00:00,135.41000366210938,135.4550018310547,135.33999633789062,135.4199981689453,34445
2026-08-10 18:05:00+00:00,135.44000244140625,135.5,135.40499877929688,135.41000366210938,27866
2026-08-10 18:10:00+00:00,135.42999267578125,135.4801025390625,135.32000732421875,135.3249969482422,36243
2026-08-10 18:15:00+00:00,135.30999755859375,135.4600067138672,135.3000030517578,135.3800048828125,30897
2026-08-10 18:20:00+00:00,135.3800048828125,135.4499969482422,135.33009338378906,135.4199981689453,42324
2026-08-10 18:25:00+00:00,135.43499755859375,135.5500030517578,135.4199981689453,135.5050048828125,33304
2026-08-10 18:30:00+00:00,135.47000122070312,135.5,135.41000366210938,135.42999267578125,46143
2026-08-10 18:35:00+00:00,135.44000244140625,135.55999755859375,135.44000244140625,135.55999755859375,25709
2026-08-10 18:40:00+00:00,135.55999755859375,135.6199951171875,135.52999877929688,135.5850067138672,27684
2026-08-10 18:45:00+00:00,135.58999633789062,135.72000122070312,135.55999755859375,135.63499450683594,36896
2026-08-10 18:50:00+00:00,135.6300048828125,135.7550048828125,135.6300048828125,135.72500610351562,34651
2026-08-10 18:55:00+00:00,135.72500610351562,135.75999450683594,135.69500732421875,135.6999969482422,33759
2026-08-10 19:00:00+00:00,135.6999969482422,135.7100067138672,135.52999877929688,135.6300048828125,32817
2026-08-10 19:05:00+00:00,135.6300048828125,135.72999572753906,135.58999633789062,135.61500549316406,44670
2026-08-10 19:10:00+00:00,135.61500549316406,135.61500549316406,135.44000244140625,135.47500610351562,42509
2026-08-10 19:15:00+00:00,135.47000122070312,135.49000549316406,135.39999389648438,135.4600067138672,59178
2026-08-10 19:20:00+00:00,135.47000122070312,135.47999572753906,135.34559631347656,135.42999267578125,54727
2026-08-10 19:25:00+00:00,135.42999267578125,135.4600067138672,135.33009338378906,135.3699951171875,52489
2026-08-10 19:30:00+00:00,135.3699951171875,135.44000244140625,135.28399658203125,135.44000244140625,64613
2026-08-10 19:35:00+00:00,135.3300018310547,135.4600067138672,135.3300018310547,135.41000366210938,61229
2026-08-10 19:40:00+00:00,135.40499877929688,135.4600067138672,135.34500122070312,135.39999389648438,62930
2026-08-10 19:45:00+00:00,135.3800048828125,135.50999450683594,135.32000732421875,135.42999267578125,75952
2026-08-10 19:50:00+00:00,135.47999572753906,135.4949951171875,135.2899932861328,135.47500610351562,120723
2026-08-10 19:55:00+00:00,135.5,135.50999450683594,135.08999633789062,135.22999572753906,446587
2026-08-10 20:00:00+00:00,135.32,136.0,135.22,135.38,0
2026-08-10 20:05:00+00:00,135.22,135.56,135.22,135.56,0
2026-08-10 20:10:00+00:00,135.22,135.406,135.22,135.406,0
2026-08-10 20:15:00+00:00,135.22,135.65,135.22,135.65,0
2026-08-10 20:20:00+00:00,135.0,135.0,135.0,135.0,0
2026-08-10 20:30:00+00:00,135.3,135.3,135.3,135.3,0
2026-08-10 20:35:00+00:00,135.3,135.3,135.3,135.3,0
2026-08-10 20:40:00+00:00,135.3,135.4,135.1882,135.1882,0
2026-08-10 20:45:00+00:00,135.22,135.22,135.22,135.22,0
2026-08-10 20:50:00+00:00,135.32,136.16,135.22,136.16,0
2026-08-10 20:55:00+00:00,135.46,135.46,135.29,135.29,0
2026-08-10 21:00:00+00:00,135.28,135.51,126.4261,135.51,0
2026-08-10 21:05:00+00:00,135.625,136.5175,135.25,136.3485,0
2026-08-10 21:10:00+00:00,126.4261,126.4261,126.4261,126.4261,0
2026-08-10 21:15:00+00:00,135.275,135.46,135.275,135.46,0
2026-08-10 21:20:00+00:00,135.37,135.37,135.37,135.37,0
2026-08-10 21:25:00+00:00,135.44,135.46,135.32,135.46,0
2026-08-10 21:30:00+00:00,135.46,136.25,135.46,136.25,0
2026-08-10 21:35:00+00:00,135.3237,135.3237,135.3237,135.3237,0
2026-08-10 21:40:00+00:00,136.25,136.25,136.25,136.25,0
2026-08-10 21:45:00+00:00,135.32,135.32,135.32,135.32,0
2026-08-10 21:55:00+00:00,135.32,135.32,135.32,135.32,0
2026-08-10 22:15:00+00:00,135.46,135.46,135.46,135.46,0
2026-08-10 22:20:00+00:00,135.32,135.32,135.25,135.25,0
2026-08-10 22:25:00+00:00,136.25,136.25,136.25,136.25,0
2026-08-10 22:35:00+00:00,136.25,136.25,135.22,135.22,0
2026-08-10 22:40:00+00:00,136.25,136.25,136.25,136.25,0
2026-08-10 22:45:00+00:00,135.4,135.4,135.4,135.4,0
2026-08-10 22:55:00+00:00,136.25,136.25,135.25,135.25,0
2026-08-10 23:05:00+00:00,135.25,135.45,135.25,135.45,0
2026-08-10 23:10:00+00:00,135.3415,135.3415,135.3415,135.3415,0
2026-08-10 23:15:00+00:00,135.35,135.35,135.35,135.35,0
2026-08-10 23:25:00+00:00,135.22,135.3,135.22,135.29,0
2026-08-10 23:30:00+00:00,135.3,135.3,135.3,135.3,0
2026-08-10 23:35:00+00:00,135.0472,135.244,135.0472,135.244,0
2026-08-10 23:40:00+00:00,135.1816,135.1816,135.1816,135.1816,0
2026-08-10 23:45:00+00:00,135.25,135.25,135.041,135.041,0
2026-08-10 23:50:00+00:00,135.2,135.23,135.07,135.23,0
2026-08-10 23:55:00+00:00,135.6149,135.6149,135.6149,135.6149,0
2026-08-11 08:00:00+00:00,135.9722,135.9722,135.22,135.35,0
2026-08-11 08:05:00+00:00,135.35,135.35,135.35,135.35,0
2026-08-11 08:20:00+00:00,135.35,135.35,135.35,135.35,0
2026-08-11 08:35:00+00:00,135.35,135.35,135.35,135.35,0
2026-08-11 08:45:00+00:00,136.2708,136.2708,135.75,136.2708,0
2026-08-11 08:50:00+00:00,136.2708,136.2708,135.73,135.73,0
2026-08-11 08:55:00+00:00,135.95,135.95,135.95,135.95,0
2026-08-11 09:05:00+00:00,135.95,135.95,135.95,135.95,0
2026-08-11 09:20:00+00:00,135.95,135.95,135.95,135.95,0
2026-08-11 09:35:00+00:00,135.95,135.95,135.95,135.95,0
2026-08-11 09:50:00+00:00,135.95,135.95,135.95,135.95,0
2026-08-11 09:55:00+00:00,136.1931,136.1931,136.1931,136.1931,0
2026-08-11 10:05:00+00:00,136.1931,136.1931,136.1931,136.1931,0
2026-08-11 10:20:00+00:00,136.1931,136.1931,136.1931,136.1931,0
2026-08-11 10:35:00+00:00,136.1931,136.1931,136.1931,136.1931,0
2026-08-11 10:40:00+00:00,135.53,135.53,135.53,135.53,0
2026-08-11 10:45:00+00:00,135.5,136.39,135.24,136.39,0
2026-08-11 10:50:00+00:00,135.24,135.26,135.24,135.26,0
2026-08-11 11:00:00+00:00,135.7,135.94,135.7,135.94,0
2026-08-11 11:05:00+00:00,135.26,135.28,135.13,135.28,0
2026-08-11 11:10:00+00:00,135.28,135.28,135.28,135.28,0
2026-08-11 11:20:00+00:00,135.75,135.75,135.13,135.13,0
2026-08-11 11:25:00+00:00,135.2469,135.2469,135.2469,135.2469,0
2026-08-11 11:30:00+00:00,135.28,135.6652,135.23,135.28,0
2026-08-11 11:35:00+00:00,135.5,135.6,135.28,135.6,0
2026-08-11 11:40:00+00:00,135.7101,135.7101,135.69,135.69,0
2026-08-11 11:45:00+00:00,135.6652,135.8,135.6652,135.8,0
2026-08-11 11:55:00+00:00,135.25,135.3343,135.25,135.3343,0
2026-08-11 12:00:00+00:00,135.6174,135.8,135.6174,135.8,0
2026-08-11 12:05:00+00:00,135.6702,135.7,135.53,135.53,0
2026-08-11 12:10:00+00:00,135.8,135.8,135.22,135.22,0
2026-08-11 12:15:00+00:00,135.6174,135.74,135.4,135.6776,0
2026-08-11 12:20:00+00:00,135.6174,135.6174,135.6174,135.6174,0
2026-08-11 12:25:00+00:00,135.6629,135.6629,135.6629,135.6629,0
2026-08-11 12:30:00+00:00,135.53,135.54,135.53,135.54,0
2026-08-11 12:35:00+00:00,135.58,135.58,135.42,135.4575,0
2026-08-11 12:40:00+00:00,135.7731,135.7731,135.48,135.48,0
2026-08-11 12:45:00+00:00,135.48,135.48,135.48,135.48,0
2026-08-11 12:50:00+00:00,135.48,135.48,135.48,135.48,0
2026-08-11 12:55:00+00:00,135.52,135.54,135.52,135.52,0
2026-08-11 13:00:00+00:00,135.52,135.7999,135.52,135.7999,0
2026-08-11 13:05:00+00:00,135.7999,135.7999,135.48,135.48,0
2026-08-11 13:10:00+00:00,135.48,135.707,135.48,135.707,0
2026-08-11 13:30:00+00:00,135.91000366210938,136.72000122070312,135.75999450683594,136.47000122070312,184307
2026-08-11 13:35:00+00:00,136.5,136.85000610351562,136.27999877929688,136.4600067138672,69092
2026-08-11 13:40:00+00:00,136.40499877929688,136.74000549316406,136.1300048828125,136.63499450683594,40622
2026-08-11 13:45:00+00:00,136.6199951171875,137.14999389648438,136.5,136.9949951171875,88772
2026-08-11 13:50:00+00:00,136.96099853515625,137.1199951171875,136.82009887695312,137.11000061035156,92104
2026-08-11 13:55:00+00:00,137.11000061035156,137.14999389648438,136.80130004882812,136.8300018310547,81708
2026-08-11 14:00:00+00:00,136.8300018310547,136.9499969482422,136.60000610351562,136.61000061035156,64184
2026-08-11 14:05:00+00:00,136.5399932861328,136.55999755859375,135.9499969482422,136.11000061035156,59728
2026-08-11 14:10:00+00:00,136.0800018310547,136.10000610351562,135.6199951171875,135.7899932861328,54296
2026-08-11 14:15:00+00:00,135.75999450683594,135.94000244140625,135.64999389648438,135.72000122070312,38186
2026-08-11 14:20:00+00:00,135.75,135.8695068359375,135.52499389648438,135.77999877929688,43892
2026-08-11 14:25:00+00:00,135.75999450683594,136.0500030517578,135.74000549316406,135.96499633789062,61373
2026-08-11 14:30:00+00:00,136.00999450683594,136.00999450683594,135.58999633789062,135.6300048828125,29802
2026-08-11 14:35:00+00:00,135.63999938964844,135.82000732421875,135.50999450683594,135.5749969482422,42256
2026-08-11 14:40:00+00:00,135.5500030517578,135.59500122070312,135.4600067138672,135.5800018310547,31141
2026-08-11 14:45:00+00:00,135.58999633789062,135.97500610351562,135.58999633789062,135.9499969482422,36948
2026-08-11 14:50:00+00:00,135.9600067138672,135.97000122070312,135.80999755859375,135.92999267578125,19100
2026-08-11 14:55:00+00:00,135.8800048828125,136.0850067138672,135.8636932373047,136.02999877929688,21944
2026-08-11 15:00:00+00:00,136.05990600585938,136.1300048828125,136.02000427246094,136.1300048828125,33529
2026-08-11 15:05:00+00:00,136.11000061035156,136.14999389648438,136.02999877929688,136.11000061035156,33246
2026-08-11 15:10:00+00:00,136.110107421875,136.27000427246094,135.9801025390625,136.22000122070312,27337
2026-08-11 15:15:00+00:00,136.19000244140625,136.2198944091797,135.9600067138672,135.96009826660156,33796
2026-08-11 15:20:00+00:00,135.97000122070312,136.20849609375,135.9499969482422,136.17999267578125,30699
2026-08-11 15:25:00+00:00,136.19000244140625,136.25,136.16000366210938,136.1699981689453,23980
2026-08-11 15:30:00+00:00,136.1999969482422,136.27000427246094,136.09010314941406,136.125,40450
2026-08-11 15:35:00+00:00,136.14999389648438,136.1750030517578,135.9774932861328,135.99000549316406,22546
2026-08-11 15:40:00+00:00,136.0,136.1199951171875,135.97999572753906,136.00999450683594,29262
2026-08-11 15:45:00+00:00,136.02000427246094,136.08999633789062,135.91000366210938,136.0500030517578,38114
2026-08-11 15:50:00+00:00,136.03500366210938,136.08200073242188,135.84500122070312,135.9199981689453,43066
2026-08-11 15:55:00+00:00,135.94000244140625,136.0399932861328,135.89999389648438,136.0050048828125,28598
2026-08-11 16:00:00+00:00,136.0050048828125,136.11990356445312,135.88999938964844,135.88999938964844,25588
2026-08-11 16:05:00+00:00,135.88999938964844,135.9600067138672,135.83999633789062,135.8800048828125,22389
2026-08-11 16:10:00+00:00,135.8800048828125,135.9600067138672,135.75,135.77000427246094,31359
2026-08-11 16:15:00+00:00,135.77000427246094,136.1199951171875,135.77000427246094,136.10499572753906,30466
2026-08-11 16:20:00+00:00,136.1300048828125,136.25999450683594,136.0115966796875,136.0399932861328,25477
2026-08-11 16:25:00+00:00,136.02499389648438,136.2100067138672,136.0,136.17999267578125,24707
2026-08-11 16:30:00+00:00,136.17999267578125,136.2449951171875,136.1199951171875,136.1999969482422,42712
2026-08-11 16:35:00+00:00,136.1999969482422,136.43499755859375,136.18499755859375,136.39999389648438,22262
2026-08-11 16:40:00+00:00,136.3800048828125,136.52999877929688,136.36000061035156,136.4550018310547,40329
2026-08-11 16:45:00+00:00,136.47000122070312,136.6199951171875,136.41000366210938,136.60000610351562,22129
2026-08-11 16:50:00+00:00,136.5919952392578,136.60000610351562,136.49000549316406,136.57000732421875,24804
2026-08-11 16:55:00+00:00,136.55999755859375,136.66990661621094,136.55999755859375,136.64999389648438,30218
2026-08-11 17:00:00+00:00,136.6300048828125,136.6699981689453,136.53179931640625,136.5500030517578,27885
2026-08-11 17:05:00+00:00,136.50999450683594,136.5500030517578,136.47999572753906,136.5,22461
2026-08-11 17:10:00+00:00,136.5,136.5800018310547,136.49000549316406,136.55999755859375,22353
2026-08-11 17:15:00+00:00,136.55999755859375,136.64500427246094,136.47500610351562,136.47500610351562,62103
2026-08-11 17:20:00+00:00,136.4199981689453,136.49000549316406,136.27999877929688,136.3699951171875,32234
2026-08-11 17:25:00+00:00,136.37840270996094,136.37840270996094,136.19000244140625,136.24000549316406,25951
2026-08-11 17:30:00+00:00,136.22000122070312,136.22000122070312,136.05780029296875,136.07000732421875,49394
2026-08-11 17:35:00+00:00,136.0800018310547,136.10000610351562,135.97999572753906,136.0399932861328,36009
2026-08-11 17:40:00+00:00,136.0399932861328,136.11500549316406,136.0399932861328,136.08999633789062,32890
2026-08-11 17:45:00+00:00,136.0800018310547,136.11000061035156,136.0,136.0399932861328,23985
2026-08-11 17:50:00+00:00,136.02999877929688,136.05999755859375,135.9199981689453,135.93499755859375,28363
2026-08-11 17:55:00+00:00,135.9499969482422,136.10000610351562,135.9499969482422,136.05999755859375,43675
2026-08-11 18:00:00+00:00,136.05499267578125,136.0800018310547,135.89999389648438,135.9550018310547,43132
2026-08-11 18:05:00+00:00,135.94009399414062,136.0,135.8800048828125,135.9499969482422,18609
2026-08-11 18:10:00+00:00,135.94500732421875,136.0800018310547,135.94500732421875,136.07000732421875,31190
2026-08-11 18:15:00+00:00,136.05999755859375,136.09950256347656,135.9499969482422,135.9499969482422,50368
2026-08-11 18:20:00+00:00,135.9696044921875,136.04010009765625,135.9600067138672,136.02999877929688,20465
2026-08-11 18:25:00+00:00,136.03500366210938,136.07000732421875,135.8800048828125,135.92999267578125,29748
2026-08-11 18:30:00+00:00,135.9199981689453,136.02000427246094,135.89999389648438,135.99000549316406,44524
2026-08-11 18:35:00+00:00,135.97999572753906,136.07000732421875,135.96499633789062,136.02000427246094,53636
2026-08-11 18:40:00+00:00,136.00999450683594,136.00999450683594,135.82009887695312,135.9600067138672,36623
2026-08-11 18:45:00+00:00,136.0,136.0,135.90499877929688,135.94000244140625,25321
2026-08-11 18:50:00+00:00,135.97000122070312,135.97000122070312,135.78900146484375,135.81500244140625,27266
2026-08-11 18:55:00+00:00,135.8000030517578,135.8000030517578,135.64999389648438,135.69000244140625,38868
2026-08-11 19:00:00+00:00,135.67999267578125,135.70840454101562,135.57000732421875,135.60000610351562,41303
2026-08-11 19:05:00+00:00,135.5800018310547,135.5800018310547,135.3800048828125,135.4199981689453,60028
2026-08-11 19:10:00+00:00,135.42999267578125,135.50799560546875,135.38499450683594,135.38999938964844,27625
2026-08-11 19:15:00+00:00,135.3800048828125,135.75999450683594,135.33999633789062,135.75999450683594,66988
2026-08-11 19:20:00+00:00,135.77000427246094,135.9499969482422,135.75079345703125,135.91000366210938,33225
2026-08-11 19:25:00+00:00,135.89999389648438,135.99000549316406,135.80999755859375,135.91000366210938,42365
2026-08-11 19:30:00+00:00,135.9199981689453,136.05999755859375,135.9199981689453,136.05499267578125,42721
2026-08-11 19:35:00+00:00,136.0500030517578,136.17999267578125,135.9199981689453,135.9199981689453,61059
2026-08-11 19:40:00+00:00,135.94000244140625,136.17999267578125,135.9199981689453,136.06500244140625,91494
2026-08-11 19:45:00+00:00,136.0500030517578,136.07000732421875,135.9199981689453,135.97999572753906,93959
2026-08-11 19:50:00+00:00,136.0,136.02499389648438,135.74249267578125,135.8350067138672,152402
2026-08-11 19:55:00+00:00,135.8300018310547,135.95989990234375,135.5500030517578,135.77999877929688,434400
2026-08-11 20:00:00+00:00,135.78,135.8,135.78,135.78,0
2026-08-11 20:05:00+00:00,135.56,136.0,135.56,135.98,0
2026-08-11 20:10:00+00:00,135.77,136.17,135.71,136.03,0
2026-08-11 20:15:00+00:00,135.77,136.17,135.77,136.17,0
2026-08-11 20:20:00+00:00,135.77,136.108,135.77,136.108,0
2026-08-11 20:25:00+00:00,135.77,136.17,135.77,135.8,0
2026-08-11 20:30:00+00:00,135.78,135.78,135.78,135.78,0
2026-08-11 20:35:00+00:00,135.82,135.82,135.81,135.81,0
2026-08-11 20:40:00+00:00,135.78,135.8404,135.77,135.77,0
2026-08-11 20:45:00+00:00,136.02,136.02,136.02,136.02,0
2026-08-11 20:50:00+00:00,136.0,136.0,136.0,136.0,0
2026-08-11 20:55:00+00:00,136.1096,136.1096,136.1096,136.1096,0
2026-08-11 21:00:00+00:00,135.9024,135.9024,135.9024,135.9024,0
2026-08-11 21:05:00+00:00,135.9024,143.1481,135.9024,143.1481,0
2026-08-11 21:10:00+00:00,143.1481,143.1481,143.1481,143.1481,0
2026-08-11 21:15:00+00:00,136.4476,136.4476,136.03,136.03,0
2026-08-11 21:50:00+00:00,132.9258,132.9258,132.9258,132.9258,0
2026-08-11 21:55:00+00:00,135.85,135.85,135.85,135.85,0
2026-08-11 22:00:00+00:00,136.0,136.0,135.9,135.9,0
2026-08-11 22:05:00+00:00,135.86,136.0,135.86,136.0,0
2026-08-11 22:10:00+00:00,135.86,135.86,135.86,135.86,0
2026-08-11 22:20:00+00:00,135.9,135.9,135.9,135.9,0
2026-08-11 22:25:00+00:00,135.85,135.85,135.85,135.85,0
2026-08-11 22:30:00+00:00,136.57,136.57,136.57,136.57,0
2026-08-11 22:35:00+00:00,136.0,136.03,135.88,135.88,0
2026-08-11 22:45:00+00:00,136.03,136.03,136.03,136.03,0
2026-08-11 22:50:00+00:00,136.2,136.2,136.2,136.2,0
2026-08-11 22:55:00+00:00,135.86,136.2,135.86,136.2,0
2026-08-11 23:10:00+00:00,136.2,136.2,136.0,136.03,0
2026-08-11 23:15:00+00:00,136.1,136.1,136.1,136.1,0
2026-08-11 23:30:00+00:00,136.3056,136.3056,136.3056,136.3056,0
2026-08-11 23:35:00+00:00,136.3,136.3,135.88,136.1,0
2026-08-11 23:40:00+00:00,135.87,135.87,135.87,135.87,0
2026-08-11 23:45:00+00:00,135.91,136.3475,135.91,136.3475,0
2026-08-11 23:50:00+00:00,136.57,136.57,136.57,136.57,0
2026-08-12 08:00:00+00:00,135.77,136.18,135.77,135.88,0
2026-08-12 08:05:00+00:00,135.5226,135.5226,135.5226,135.5226,0
2026-08-12 08:20:00+00:00,135.5226,135.5226,135.5226,135.5226,0
2026-08-12 08:30:00+00:00,135.71,135.77,135.71,135.77,0
2026-08-12 08:50:00+00:00,135.77,135.77,135.77,135.77,0
2026-08-12 08:55:00+00:00,135.83,135.91,135.82,135.82,0
2026-08-12 09:00:00+00:00,135.82,135.82,135.8,135.8,0
2026-08-12 09:05:00+00:00,135.8,135.8,135.77,135.77,0
2026-08-12 09:10:00+00:00,135.77,135.77,135.74,135.74,0
2026-08-12 09:15:00+00:00,136.137,136.137,136.137,136.137,0
2026-08-12 09:30:00+00:00,136.167,136.167,136.167,136.167,0
2026-08-12 09:35:00+00:00,136.167,136.167,135.97,135.97,0
2026-08-12 09:40:00+00:00,135.97,135.97,135.97,135.97,0
2026-08-12 09:45:00+00:00,135.72,135.72,135.6861,135.6861,0
2026-08-12 09:50:00+00:00,135.72,135.72,135.72,135.72,0
2026-08-12 09:55:00+00:00,135.72,135.88,135.72,135.88,0
2026-08-12 10:00:00+00:00,135.88,135.95,135.88,135.95,0
2026-08-12 10:10:00+00:00,135.95,135.95,135.95,135.95,0
2026-08-12 10:20:00+00:00,136.0,136.0,136.0,136.0,0
2026-08-12 10:30:00+00:00,135.99,135.99,135.99,135.99,0
2026-08-12 10:35:00+00:00,135.99,135.99,135.99,135.99,0
2026-08-12 10:40:00+00:00,136.1767,136.1767,135.6732,135.6732,0
2026-08-12 10:45:00+00:00,136.0,136.0,135.86,135.86,0
2026-08-12 10:50:00+00:00,136.01,136.01,135.95,135.95,0
2026-08-12 11:00:00+00:00,135.89,136.01,135.89,136.01,0
2026-08-12 11:10:00+00:00,136.01,136.01,135.86,135.93,0
2026-08-12 11:15:00+00:00,135.95,136.07,135.8888,135.8888,0
2026-08-12 11:25:00+00:00,136.1431,136.1431,136.1431,136.1431,0
2026-08-12 11:30:00+00:00,136.11,136.19,136.1,136.19,0
2026-08-12 11:35:00+00:00,136.13,136.13,136.13,136.13,0
2026-08-12 11:40:00+00:00,136.09,136.15,136.09,136.09,0
2026-08-12 11:50:00+00:00,136.078,136.09,136.078,136.09,0
2026-08-12 11:55:00+00:00,135.95,136.03,135.95,136.03,0
2026-08-12 12:00:00+00:00,136.0775,136.1,136.0775,136.1,0
2026-08-12 12:05:00+00:00,136.1026,136.1026,136.005,136.005,0
2026-08-12 12:20:00+00:00,136.005,136.005,136.005,136.005,0
2026-08-12 12:25:00+00:00,136.07,136.09,136.01,136.09,0
2026-08-12 12:30:00+00:00,136.1,136.25,135.9272,136.0,0
2026-08-12 12:35:00+00:00,136.0,136.9,136.0,136.9,0
2026-08-12 12:40:00+00:00,136.57,136.73,136.2,136.2,0
2026-08-12 12:45:00+00:00,136.15,136.66,136.15,136.48,0
2026-08-12 12:50:00+00:00,136.3,136.3,136.0,136.22,0
2026-08-12 12:55:00+00:00,136.22,136.78,136.22,136.78,0
2026-08-12 13:00:00+00:00,136.38,136.7859,136.38,136.78,0
2026-08-12 13:05:00+00:00,136.69,136.78,136.14,136.14,0
2026-08-12 13:10:00+00:00,136.62,136.62,136.2,136.4,0
2026-08-12 13:30:00+00:00,136.8699951171875,137.22999572753906,136.41000366210938,136.75999450683594,140242
2026-08-12 13:35:00+00:00,136.76010131835938,137.1999969482422,136.63999938964844,137.10499572753906,146594
2026-08-12 13:40:00+00:00,137.09088134765625,137.52000427246094,137.0,137.3800048828125,79940
2026-08-12 13:45:00+00:00,137.39500427246094,137.6300048828125,137.3000030517578,137.47500610351562,220522
2026-08-12 13:50:00+00:00,137.47500610351562,137.49000549316406,136.97000122070312,137.0500030517578,53144
2026-08-12 13:55:00+00:00,137.05499267578125,137.46499633789062,137.0500030517578,137.46499633789062,47645
2026-08-12 14:00:00+00:00,137.47000122070312,138.10000610351562,137.47000122070312,137.94500732421875,144946
2026-08-12 14:05:00+00:00,137.8800048828125,137.99000549316406,137.3800048828125,137.42999267578125,88362
2026-08-12 14:10:00+00:00,137.42999267578125,137.5800018310547,137.16000366210938,137.55999755859375,58078
2026-08-12 14:15:00+00:00,137.55999755859375,137.89999389648438,137.42999267578125,137.86500549316406,42051
2026-08-12 14:20:00+00:00,137.875,138.2899932861328,137.6300048828125,138.0500946044922,82747
2026-08-12 14:25:00+00:00,138.08999633789062,138.5850067138672,137.9949951171875,138.3699951171875,89155
2026-08-12 14:30:00+00:00,138.39999389648438,138.41000366210938,137.88999938964844,138.00999450683594,141925
2026-08-12 14:35:00+00:00,138.00929260253906,138.17999267578125,137.8800048828125,138.1699981689453,93254
2026-08-12 14:40:00+00:00,138.1699981689453,138.36000061035156,138.14999389648438,138.33999633789062,51024
2026-08-12 14:45:00+00:00,138.28500366210938,138.47999572753906,138.14500427246094,138.31500244140625,41205
2026-08-12 14:50:00+00:00,138.31500244140625,138.40499877929688,137.9149932861328,137.94500732421875,44457
2026-08-12 14:55:00+00:00,137.94000244140625,138.07000732421875,137.91000366210938,137.97000122070312,42668
2026-08-12 15:00:00+00:00,137.97000122070312,138.0500030517578,137.8800048828125,137.9499969482422,32843
2026-08-12 15:05:00+00:00,137.94000244140625,138.08999633789062,137.86000061035156,137.88999938964844,51994
2026-08-12 15:10:00+00:00,137.88499450683594,137.92999267578125,137.61000061035156,137.61000061035156,44744
2026-08-12 15:15:00+00:00,137.59500122070312,137.65499877929688,137.52000427246094,137.55999755859375,30686
2026-08-12 15:20:00+00:00,137.55999755859375,137.66000366210938,137.47000122070312,137.66000366210938,39157
2026-08-12 15:25:00+00:00,137.7100067138672,137.75,137.64999389648438,137.71499633789062,32176
2026-08-12 15:30:00+00:00,137.72999572753906,137.9499969482422,137.72000122070312,137.9499969482422,60314
2026-08-12 15:35:00+00:00,137.93350219726562,137.9600067138672,137.80999755859375,137.8135986328125,53592
2026-08-12 15:40:00+00:00,137.85000610351562,138.0500030517578,137.81500244140625,138.03500366210938,48299
2026-08-12 15:45:00+00:00,138.0500030517578,138.13999938964844,137.97999572753906,138.13999938964844,42687
2026-08-12 15:50:00+00:00,138.1199951171875,138.1199951171875,137.8800048828125,137.89999389648438,30577
2026-08-12 15:55:00+00:00,137.89500427246094,138.05999755859375,137.85499572753906,138.02000427246094,40856
2026-08-12 16:00:00+00:00,138.02000427246094,138.05999755859375,137.85000610351562,137.88999938964844,56525
2026-08-12 16:05:00+00:00,137.89999389648438,137.91000366210938,137.60000610351562,137.6199951171875,43471
2026-08-12 16:10:00+00:00,137.61000061035156,137.81500244140625,137.60000610351562,137.74000549316406,38023
2026-08-12 16:15:00+00:00,137.72999572753906,137.80999755859375,137.72999572753906,137.7949981689453,23896
2026-08-12 16:20:00+00:00,137.7949981689453,137.89109802246094,137.76829528808594,137.86000061035156,22993
2026-08-12 16:25:00+00:00,137.86000061035156,137.86000061035156,137.6999969482422,137.7100067138672,33934
2026-08-12 16:30:00+00:00,137.6999969482422,137.72500610351562,137.57000732421875,137.63999938964844,28793
2026-08-12 16:35:00+00:00,137.6300048828125,137.66000366210938,137.4949951171875,137.6199951171875,21469
2026-08-12 16:40:00+00:00,137.61000061035156,137.6999969482422,137.55999755859375,137.6750030517578,25495
2026-08-12 16:45:00+00:00,137.66000366210938,137.74000549316406,137.6385955810547,137.66000366210938,25342
2026-08-12 16:50:00+00:00,137.67999267578125,137.72999572753906,137.63999938964844,137.69000244140625,26510
2026-08-12 16:55:00+00:00,137.67999267578125,137.6999969482422,137.55999755859375,137.60499572753906,75357
2026-08-12 17:00:00+00:00,137.61000061035156,137.6199951171875,137.55999755859375,137.57000732421875,21996
2026-08-12 17:05:00+00:00,137.55999755859375,137.60000610351562,137.52099609375,137.57000732421875,21257
2026-08-12 17:10:00+00:00,137.57000732421875,137.63999938964844,137.55999755859375,137.55999755859375,26974
2026-08-12 17:15:00+00:00,137.5500030517578,137.5500030517578,137.48500061035156,137.5399932861328,25625
2026-08-12 17:20:00+00:00,137.53500366210938,137.66229248046875,137.5,137.63499450683594,35749
2026-08-12 17:25:00+00:00,137.63999938964844,137.74000549316406,137.6199951171875,137.72000122070312,30053
2026-08-12 17:30:00+00:00,137.7100067138672,137.74000549316406,137.5749969482422,137.5749969482422,58823
2026-08-12 17:35:00+00:00,137.55999755859375,137.55999755859375,137.43499755859375,137.47999572753906,30875
2026-08-12 17:40:00+00:00,137.47779846191406,137.50999450683594,137.4499969482422,137.49000549316406,28467
2026-08-12 17:45:00+00:00,137.4801025390625,137.6300048828125,137.4801025390625,137.55999755859375,29146
2026-08-12 17:50:00+00:00,137.56500244140625,137.59500122070312,137.50999450683594,137.52000427246094,29301
2026-08-12 17:55:00+00:00,137.4801025390625,137.69000244140625,137.4600067138672,137.61000061035156,25181
2026-08-12 18:00:00+00:00,137.58999633789062,137.6300048828125,137.4949951171875,137.4949951171875,23868
2026-08-12 18:05:00+00:00,137.47999572753906,137.69000244140625,137.47000122070312,137.55999755859375,36291
2026-08-12 18:10:00+00:00,137.5800018310547,137.625,137.47999572753906,137.625,71699
2026-08-12 18:15:00+00:00,137.6300048828125,137.63999938964844,137.52999877929688,137.63499450683594,31847
2026-08-12 18:20:00+00:00,137.63999938964844,137.69000244140625,137.61500549316406,137.63009643554688,30950
2026-08-12 18:25:00+00:00,137.63999938964844,137.7100067138672,137.61000061035156,137.64999389648438,49947
2026-08-12 18:30:00+00:00,137.6649932861328,137.81500244140625,137.66000366210938,137.78500366210938,52979
2026-08-12 18:35:00+00:00,137.7899932861328,137.8699951171875,137.72999572753906,137.72999572753906,38712
2026-08-12 18:40:00+00:00,137.76499938964844,137.86000061035156,137.6999969482422,137.80999755859375,41703
2026-08-12 18:45:00+00:00,137.80999755859375,137.8699951171875,137.77999877929688,137.85000610351562,31761
2026-08-12 18:50:00+00:00,137.83999633789062,137.85499572753906,137.8000030517578,137.8300018310547,49168
2026-08-12 18:55:00+00:00,137.82000732421875,137.85000610351562,137.7899932861328,137.80999755859375,40343
2026-08-12 19:00:00+00:00,137.8000030517578,137.92999267578125,137.8000030517578,137.88999938964844,38598
2026-08-12 19:05:00+00:00,137.89500427246094,137.9600067138672,137.8800048828125,137.9600067138672,57347
2026-08-12 19:10:00+00:00,137.9600067138672,137.97000122070312,137.8000030517578,137.82400512695312,94344
2026-08-12 19:15:00+00:00,137.8300018310547,138.0,137.80999755859375,137.9600067138672,30146
2026-08-12 19:20:00+00:00,137.96499633789062,137.96499633789062,137.86000061035156,137.88499450683594,35447
2026-08-12 19:25:00+00:00,137.88999938964844,137.91000366210938,137.8000030517578,137.8300018310547,40056
2026-08-12 19:30:00+00:00,137.875,138.1199951171875,137.82994079589844,138.10000610351562,98154
2026-08-12 19:35:00+00:00,138.10000610351562,138.10000610351562,137.96499633789062,138.07000732421875,94524
2026-08-12 19:40:00+00:00,138.07000732421875,138.0998992919922,137.85000610351562,137.91000366210938,51379
2026-08-12 19:45:00+00:00,137.91000366210938,137.97500610351562,137.82000732421875,137.8699951171875,75268
2026-08-12 19:50:00+00:00,137.8699951171875,137.8800048828125,137.60000610351562,137.61000061035156,203182
2026-08-12 19:55:00+00:00,137.61500549316406,137.67999267578125,137.47999572753906,137.5749969482422,517835
2026-08-12 20:00:00+00:00,137.575,138.05,137.575,138.0,1154146
2026-08-12 20:05:00+00:00,137.7965,138.06,137.58,137.58,0
2026-08-12 20:10:00+00:00,137.58,137.76,137.58,137.63,0
2026-08-12 20:15:00+00:00,137.58,137.9659,137.58,137.9659,0
2026-08-12 20:20:00+00:00,137.58,138.0,137.58,137.85,0
2026-08-12 20:25:00+00:00,137.76,137.76,137.76,137.76,0
2026-08-12 20:30:00+00:00,137.9,137.9,137.9,137.9,0
2026-08-12 20:35:00+00:00,137.75,137.78,137.63,137.78,0
2026-08-12 20:40:00+00:00,137.9934,137.9934,137.6966,137.7,0
2026-08-12 20:45:00+00:00,137.69,137.7,137.69,137.7,0
2026-08-12 20:50:00+00:00,137.701,137.701,137.701,137.701,0
2026-08-12 21:00:00+00:00,137.58,137.58,137.58,137.58,0
2026-08-12 21:05:00+00:00,137.58,137.9865,137.58,137.9865,0
2026-08-12 21:10:00+00:00,138.06,138.06,138.05,138.05,0
2026-08-12 21:15:00+00:00,138.05,138.05,137.82,137.9784,0
2026-08-12 21:20:00+00:00,137.99,138.05,137.63,137.9798,0
2026-08-12 21:25:00+00:00,137.98,137.98,129.32,137.6697,0
2026-08-12 21:30:00+00:00,137.6,137.6,137.6,137.6,0
2026-08-12 21:35:00+00:00,137.998,137.998,137.98,137.98,0
2026-08-12 21:45:00+00:00,137.89,137.89,137.6,137.6,0
2026-08-12 21:50:00+00:00,137.97,137.97,137.71,137.71,0
2026-08-12 21:55:00+00:00,137.85,137.86,137.75,137.86,0
2026-08-12 22:00:00+00:00,138.05,138.05,137.87,137.9834,0
2026-08-12 22:05:00+00:00,137.835,137.835,137.835,137.835,0
2026-08-12 22:10:00+00:00,137.7,137.8,137.7,137.8,0
2026-08-12 22:15:00+00:00,137.9,137.97,137.9,137.97,0
2026-08-12 22:25:00+00:00,137.9,137.99,137.9,137.99,0
2026-08-12 22:30:00+00:00,137.76,137.81,137.71,137.8,0
2026-08-12 22:35:00+00:00,137.9,138.0017,137.84,138.0,0
2026-08-12 22:40:00+00:00,137.97,137.97,137.97,137.97,0
2026-08-12 22:45:00+00:00,137.97,137.97,137.97,137.97,0
2026-08-12 22:50:00+00:00,137.96,137.97,137.96,137.97,0
2026-08-12 23:05:00+00:00,137.97,137.97,137.97,137.97,0
2026-08-12 23:15:00+00:00,137.65,137.9337,137.65,137.9337,0
2026-08-12 23:20:00+00:00,137.97,137.97,137.97,137.97,0
2026-08-12 23:25:00+00:00,137.97,137.97,137.96,137.97,0
2026-08-12 23:35:00+00:00,137.97,137.97,137.97,137.97,0
2026-08-12 23:40:00+00:00,137.6996,137.6996,137.6996,137.6996,0
2026-08-12 23:45:00+00:00,137.91,137.91,137.65,137.76,0
2026-08-12 23:50:00+00:00,137.75,137.75,137.75,137.75,0
2026-08-12 23:55:00+00:00,137.7465,137.7465,137.7465,137.7465,0
2026-08-13 08:00:00+00:00,137.6,138.16,137.58,138.0261,0
2026-08-13 08:05:00+00:00,138.0,138.0,138.0,138.0,0
2026-08-13 08:10:00+00:00,138.5,138.5,138.5,138.5,0
2026-08-13 08:25:00+00:00,138.27,138.27,138.27,138.27,0
2026-08-13 08:35:00+00:00,138.4353,138.4353,138.4353,138.4353,0
2026-08-13 08:50:00+00:00,138.4353,138.4353,138.4353,138.4353,0
2026-08-13 08:55:00+00:00,138.49,138.49,138.49,138.49,0
2026-08-13 09:00:00+00:00,138.27,138.27,138.25,138.25,0
2026-08-13 09:05:00+00:00,138.08,138.08,138.08,138.08,0
2026-08-13 09:10:00+00:00,138.02,138.02,138.01,138.01,0
2026-08-13 09:20:00+00:00,138.01,138.01,138.01,138.01,0
2026-08-13 09:30:00+00:00,138.0,138.0,138.0,138.0,0
2026-08-13 09:55:00+00:00,138.0,138.0,138.0,138.0,0
2026-08-13 10:10:00+00:00,138.44,138.44,138.44,138.44,0
2026-08-13 10:20:00+00:00,138.5,138.5,138.5,138.5,0
2026-08-13 10:50:00+00:00,138.25,138.25,138.23,138.23,0
2026-08-13 10:55:00+00:00,138.5,138.5,138.5,138.5,0
2026-08-13 11:00:00+00:00,138.22,138.44,137.58,138.12,0
2026-08-13 11:05:00+00:00,138.12,138.45,138.01,138.01,0
2026-08-13 11:10:00+00:00,138.2,138.2,138.2,138.2,0
2026-08-13 11:15:00+00:00,138.2927,138.2927,138.28,138.28,0
2026-08-13 11:20:00+00:00,138.32,138.32,138.16,138.16,0
2026-08-13 11:25:00+00:00,138.32,138.39,138.32,138.39,0
2026-08-13 11:30:00+00:00,138.3444,138.3444,138.34,138.3437,0
2026-08-13 11:35:00+00:00,138.01,138.32,138.01,138.3,0
2026-08-13 11:40:00+00:00,138.26,138.4,138.26,138.3,0
2026-08-13 11:45:00+00:00,138.1952,138.2,138.19,138.2,0
2026-08-13 11:50:00+00:00,138.16,138.4,138.16,138.3,0
2026-08-13 12:00:00+00:00,138.4,138.4,138.19,138.19,0
2026-08-13 12:05:00+00:00,138.2,138.4,138.16,138.3806,0
2026-08-13 12:10:00+00:00,138.38,138.38,138.38,138.38,0
2026-08-13 12:15:00+00:00,138.27,138.3,138.27,138.28,0
2026-08-13 12:20:00+00:00,138.411,138.411,138.411,138.411,0
2026-08-13 12:25:00+00:00,138.4,138.4,138.4,138.4,0
2026-08-13 12:30:00+00:00,138.4,138.49,138.4,138.41,0
2026-08-13 12:35:00+00:00,138.44,138.58,138.44,138.51,0
2026-08-13 12:40:00+00:00,138.5599,138.6,138.5,138.6,0
2026-08-13 12:45:00+00:00,138.54,138.5649,138.54,138.5649,0
2026-08-13 12:50:00+00:00,138.58,138.76,138.58,138.63,0
2026-08-13 12:55:00+00:00,138.67,138.7,138.64,138.66,0
2026-08-13 13:00:00+00:00,138.62,138.83,137.58,138.77,0
2026-08-13 13:05:00+00:00,138.75,138.79,138.55,138.7447,0
2026-08-13 13:10:00+00:00,138.74,138.75,138.73,138.73,0
2026-08-13 13:30:00+00:00,138.2899932861328,138.9499969482422,137.63999938964844,137.72500610351562,329040
2026-08-13 13:35:00+00:00,137.74000549316406,137.8300018310547,137.10000610351562,137.47500610351562,117362
2026-08-13 13:40:00+00:00,137.45216369628906,138.0399932861328,137.45216369628906,137.97000122070312,74662
2026-08-13 13:45:00+00:00,138.0,138.61500549316406,137.92999267578125,138.00999450683594,197844
2026-08-13 13:50:00+00:00,138.02000427246094,138.02999877929688,137.55999755859375,137.7050018310547,109719
2026-08-13 13:55:00+00:00,137.7050018310547,137.97999572753906,137.52999877929688,137.89999389648438,87193
2026-08-13 14:00:00+00:00,137.9199981689453,138.08999633789062,137.6999969482422,138.0850067138672,62589
2026-08-13 14:05:00+00:00,138.11000061035156,138.16000366210938,137.6999969482422,137.8800048828125,55560
2026-08-13 14:10:00+00:00,137.8699951171875,137.94000244140625,137.64999389648438,137.85000610351562,45471
2026-08-13 14:15:00+00:00,138.0,138.2899932861328,137.80999755859375,138.27000427246094,44386
2026-08-13 14:20:00+00:00,138.32000732421875,138.83999633789062,138.32000732421875,138.75,186921
2026-08-13 14:25:00+00:00,138.72999572753906,139.02999877929688,138.72000122070312,138.9199981689453,127618
2026-08-13 14:30:00+00:00,138.9499969482422,138.9550018310547,138.66000366210938,138.77999877929688,108763
2026-08-13 14:35:00+00:00,138.75,138.88999938964844,138.5399932861328,138.58999633789062,52457
2026-08-13 14:40:00+00:00,138.39999389648438,138.61000061035156,138.39999389648438,138.4499969482422,43115
2026-08-13 14:45:00+00:00,138.4199981689453,138.55999755859375,138.24000549316406,138.3300018310547,80791
2026-08-13 14:50:00+00:00,138.35000610351562,138.41000366210938,137.98500061035156,138.27999877929688,87147
2026-08-13 14:55:00+00:00,138.2550048828125,138.2550048828125,138.0399932861328,138.13250732421875,80569
2026-08-13 15:00:00+00:00,138.1199951171875,138.36000061035156,138.0,138.01010131835938,69302
2026-08-13 15:05:00+00:00,138.02000427246094,138.15499877929688,137.9600067138672,138.0399932861328,60334
2026-08-13 15:10:00+00:00,138.0399932861328,138.0399932861328,137.64010620117188,137.7100067138672,63238
2026-08-13 15:15:00+00:00,137.72000122070312,137.77999877929688,137.47999572753906,137.66000366210938,75032
2026-08-13 15:20:00+00:00,137.66000366210938,137.75,137.5843963623047,137.72999572753906,77990
2026-08-13 15:25:00+00:00,137.75999450683594,137.83999633789062,137.5850067138672,137.6750030517578,59824
2026-08-13 15:30:00+00:00,137.6750030517578,137.85499572753906,137.63999938964844,137.75999450683594,76397
2026-08-13 15:35:00+00:00,137.7899932861328,138.02000427246094,137.77000427246094,137.93499755859375,120679
2026-08-13 15:40:00+00:00,137.9499969482422,138.22000122070312,137.9499969482422,137.97999572753906,53029
2026-08-13 15:45:00+00:00,137.97000122070312,138.14010620117188,137.97000122070312,138.03500366210938,37146
2026-08-13 15:50:00+00:00,138.03500366210938,138.10000610351562,137.88999938964844,137.89999389648438,54107
2026-08-13 15:55:00+00:00,137.90499877929688,138.08999633789062,137.90499877929688,137.9550018310547,115600
2026-08-13 16:00:00+00:00,137.9600067138672,138.08999633789062,137.9550018310547,138.0625,31055
2026-08-13 16:05:00+00:00,138.0749969482422,138.29249572753906,138.0749969482422,138.10499572753906,46952
2026-08-13 16:10:00+00:00,138.10000610351562,138.1199951171875,137.80999755859375,137.8699951171875,71328
2026-08-13 16:15:00+00:00,137.89999389648438,138.11500549316406,137.89999389648438,138.02499389648438,61032
2026-08-13 16:20:00+00:00,138.01759338378906,138.15499877929688,138.00999450683594,138.15499877929688,35497
2026-08-13 16:25:00+00:00,138.1699981689453,138.32000732421875,138.1649932861328,138.3101043701172,94353
2026-08-13 16:30:00+00:00,138.32000732421875,138.35499572753906,138.1750030517578,138.3300018310547,79899
2026-08-13 16:35:00+00:00,138.3000030517578,138.3350067138672,138.19000244140625,138.3300018310547,50233
2026-08-13 16:40:00+00:00,138.3300018310547,138.47999572753906,138.2899932861328,138.42999267578125,68464
2026-08-13 16:45:00+00:00,138.4600067138672,138.49000549316406,138.25999450683594,138.27000427246094,100482
2026-08-13 16:50:00+00:00,138.27000427246094,138.3289031982422,138.2100067138672,138.2100067138672,35578
2026-08-13 16:55:00+00:00,138.1999969482422,138.3800048828125,138.17999267578125,138.33999633789062,42616
2026-08-13 17:00:00+00:00,138.39999389648438,138.47999572753906,138.3350067138672,138.38999938964844,42771
2026-08-13 17:05:00+00:00,138.4199981689453,138.47500610351562,138.33999633789062,138.34500122070312,29892
2026-08-13 17:10:00+00:00,138.36000061035156,138.52999877929688,138.36000061035156,138.46499633789062,76111
2026-08-13 17:15:00+00:00,138.4550018310547,138.64999389648438,138.4550018310547,138.6199951171875,44385
2026-08-13 17:20:00+00:00,138.63499450683594,138.65499877929688,138.5500030517578,138.5800018310547,129873
2026-08-13 17:25:00+00:00,138.61000061035156,138.66000366210938,138.1999969482422,138.1999969482422,76171
2026-08-13 17:30:00+00:00,138.1999969482422,138.27499389648438,138.0500030517578,138.07000732421875,55057
2026-08-13 17:35:00+00:00,138.05999755859375,138.2050018310547,137.86000061035156,138.2050018310547,58300
2026-08-13 17:40:00+00:00,138.2050018310547,138.5500030517578,138.2050018310547,138.47000122070312,75665
2026-08-13 17:45:00+00:00,138.47999572753906,138.5500030517578,138.47000122070312,138.4949951171875,31242
2026-08-13 17:50:00+00:00,138.4600067138672,138.6699981689453,138.4499969482422,138.6699981689453,30225
2026-08-13 17:55:00+00:00,138.67010498046875,138.69000244140625,138.58999633789062,138.66000366210938,42516
2026-08-13 18:00:00+00:00,138.66000366210938,138.84500122070312,138.66000366210938,138.8000030517578,40059
2026-08-13 18:05:00+00:00,138.83999633789062,138.94000244140625,138.79910278320312,138.83999633789062,112697
2026-08-13 18:10:00+00:00,138.85000610351562,139.05999755859375,138.8000030517578,138.9600067138672,85806
2026-08-13 18:15:00+00:00,138.86000061035156,138.98500061035156,138.68499755859375,138.72000122070312,38334
2026-08-13 18:20:00+00:00,138.71499633789062,138.72000122070312,138.5800018310547,138.59500122070312,39108
2026-08-13 18:25:00+00:00,138.5800018310547,138.74000549316406,138.52999877929688,138.6999969482422,59235
2026-08-13 18:30:00+00:00,138.6999969482422,138.74868774414062,138.6199951171875,138.6199951171875,35732
2026-08-13 18:35:00+00:00,138.6199951171875,138.63999938964844,138.47999572753906,138.5,41593
2026-08-13 18:40:00+00:00,138.48609924316406,138.49000549316406,138.42999267578125,138.46499633789062,39880
2026-08-13 18:45:00+00:00,138.49000549316406,138.60000610351562,138.44000244140625,138.5500030517578,53303
2026-08-13 18:50:00+00:00,138.55999755859375,138.6199951171875,138.49000549316406,138.49000549316406,35178
2026-08-13 18:55:00+00:00,138.46499633789062,138.52999877929688,138.3800048828125,138.52999877929688,63988
2026-08-13 19:00:00+00:00,138.6217041015625,138.77999877929688,138.5399932861328,138.71580505371094,47828
2026-08-13 19:05:00+00:00,138.72000122070312,138.7949981689453,138.65499877929688,138.77000427246094,29293
2026-08-13 19:10:00+00:00,138.7899932861328,138.7899932861328,138.69500732421875,138.69500732421875,38680
2026-08-13 19:15:00+00:00,138.6999969482422,138.80999755859375,138.6999969482422,138.80999755859375,37046
2026-08-13 19:20:00+00:00,138.77999877929688,138.8800048828125,138.75999450683594,138.8800048828125,69034
2026-08-13 19:25:00+00:00,138.88999938964844,138.89999389648438,138.66000366210938,138.7100067138672,70763
2026-08-13 19:30:00+00:00,138.72999572753906,138.77000427246094,138.57000732421875,138.64999389648438,59165
2026-08-13 19:35:00+00:00,138.57000732421875,138.6699981689453,138.5,138.57000732421875,71580
2026-08-13 19:40:00+00:00,138.58990478515625,138.83999633789062,138.56500244140625,138.6999969482422,124473
2026-08-13 19:45:00+00:00,138.6999969482422,138.8800048828125,138.6876983642578,138.8249969482422,100217
2026-08-13 19:50:00+00:00,138.83999633789062,138.92999267578125,138.5675048828125,138.61000061035156,250506
2026-08-13 19:55:00+00:00,138.60000610351562,138.82000732421875,138.55999755859375,138.74000549316406,542881
2026-08-13 20:00:00+00:00,138.725,138.73,138.65,138.65,0
2026-08-13 20:05:00+00:00,138.62,138.78,138.5,138.7352,0
2026-08-13 20:10:00+00:00,138.73,138.73,138.5,138.5,0
2026-08-13 20:15:00+00:00,138.73,138.73,138.48,138.48,0
2026-08-13 20:20:00+00:00,138.5915,138.5915,138.5915,138.5915,0
2026-08-13 20:25:00+00:00,138.6,138.69,138.6,138.6,0
2026-08-13 20:30:00+00:00,138.4,138.7,138.4,138.46,0
2026-08-13 20:35:00+00:00,138.46,138.46,138.46,138.46,0
2026-08-13 20:40:00+00:00,138.73,138.73,138.68,138.68,0
2026-08-13 20:50:00+00:00,138.62,138.62,138.35,138.41,0
2026-08-13 20:55:00+00:00,138.73,138.73,138.73,138.73,0
2026-08-13 21:00:00+00:00,138.4,138.483,138.4,138.41,0
2026-08-13 21:05:00+00:00,147.1889,147.1889,138.0966,138.0966,0
2026-08-13 21:10:00+00:00,147.1889,147.1889,138.4,138.4,0
2026-08-13 21:15:00+00:00,147.3373,147.3373,138.0,138.61,0
2026-08-13 21:20:00+00:00,147.3373,147.3373,137.3,137.3,0
2026-08-13 21:25:00+00:00,138.4,138.41,137.517,137.517,0
2026-08-13 21:30:00+00:00,138.56,138.56,138.56,138.56,0
2026-08-13 21:35:00+00:00,138.6,138.6,138.6,138.6,0
2026-08-13 21:40:00+00:00,138.5,138.5,138.4075,138.4075,0
2026-08-13 21:45:00+00:00,138.6,138.6,138.52,138.52,0
2026-08-13 21:50:00+00:00,138.4,138.4,138.4,138.4,0
2026-08-13 22:05:00+00:00,138.61,138.7,138.61,138.7,0
2026-08-13 22:10:00+00:00,138.59,138.59,138.59,138.59,0
2026-08-13 22:15:00+00:00,138.4,138.4,138.4,138.4,0
2026-08-13 22:20:00+00:00,138.4,138.6,138.4,138.6,0
2026-08-13 22:25:00+00:00,138.4253,138.59,138.4253,138.59,0
2026-08-13 22:30:00+00:00,138.424,138.424,138.424,138.424,0
2026-08-13 22:35:00+00:00,138.59,138.59,138.59,138.59,0
2026-08-13 22:45:00+00:00,138.6,138.6,138.5,138.59,0
2026-08-13 22:50:00+00:00,138.6925,138.6925,138.41,138.41,0
2026-08-13 22:55:00+00:00,138.6,138.65,138.6,138.65,0
2026-08-13 23:05:00+00:00,138.46,138.65,138.4379,138.65,0
2026-08-13 23:10:00+00:00,138.66,138.66,138.4,138.4,0
2026-08-13 23:15:00+00:00,138.66,138.7,138.66,138.7,0
2026-08-13 23:20:00+00:00,138.5,138.5,138.5,138.5,0
2026-08-13 23:25:00+00:00,138.5,138.5,138.5,138.5,0
2026-08-13 23:35:00+00:00,138.6,138.69,138.6,138.69,0
2026-08-13 23:45:00+00:00,138.5,138.65,138.5,138.65,0
2026-08-13 23:50:00+00:00,138.66,138.66,138.4075,138.51,0
2026-08-13 23:55:00+00:00,138.5,138.7,138.5,138.7,0
2026-08-14 08:00:00+00:00,138.73,138.87,138.73,138.87,0
2026-08-14 08:10:00+00:00,138.87,138.87,138.87,138.87,0
2026-08-14 08:20:00+00:00,138.54,138.87,138.54,138.87,0
2026-08-14 08:25:00+00:00,138.87,138.87,138.87,138.87,0
2026-08-14 08:30:00+00:00,138.73,138.87,138.73,138.87,0
2026-08-14 08:35:00+00:00,138.87,138.87,138.87,138.87,0
2026-08-14 08:45:00+00:00,138.87,138.87,138.87,138.87,0
2026-08-14 08:55:00+00:00,138.87,138.87,138.87,138.87,0
2026-08-14 09:00:00+00:00,138.69,138.69,138.68,138.68,0
2026-08-14 09:05:00+00:00,139.06,139.06,139.06,139.06,0
2026-08-14 09:10:00+00:00,138.6,138.74,138.6,138.74,0
2026-08-14 09:20:00+00:00,138.6,138.6,138.6,138.6,0
2026-08-14 09:25:00+00:00,138.75,138.75,138.65,138.75,0
2026-08-14 09:40:00+00:00,138.75,138.88,138.75,138.88,0
2026-08-14 09:45:00+00:00,138.87,138.87,138.87,138.87,0
2026-08-14 09:50:00+00:00,138.75,138.75,138.75,138.75,0
2026-08-14 09:55:00+00:00,138.75,138.98,138.75,138.75,0
2026-08-14 10:00:00+00:00,139.0,139.0,139.0,139.0,0
2026-08-14 10:15:00+00:00,139.2888,139.2888,139.2888,139.2888,0
2026-08-14 10:20:00+00:00,138.83,138.83,138.83,138.83,0
2026-08-14 10:30:00+00:00,138.97,138.97,138.97,138.97,0
2026-08-14 10:35:00+00:00,139.2265,139.2265,138.96,138.96,0
2026-08-14 10:45:00+00:00,138.99,139.0,138.99,138.99,0
2026-08-14 10:50:00+00:00,138.91,138.93,138.85,138.85,0
2026-08-14 10:55:00+00:00,138.85,138.93,138.85,138.93,0
2026-08-14 11:00:00+00:00,138.83,138.83,138.74,138.74,0
2026-08-14 11:05:00+00:00,138.82,138.82,138.82,138.82,0
2026-08-14 11:10:00+00:00,138.89,138.91,138.82,138.82,0
2026-08-14 11:20:00+00:00,138.82,138.82,138.82,138.82,0
2026-08-14 11:25:00+00:00,138.89,138.96,138.89,138.91,0
2026-08-14 11:30:00+00:00,138.91,138.92,138.91,138.92,0
2026-08-14 11:40:00+00:00,138.8986,138.91,138.89,138.91,0
2026-08-14 11:45:00+00:00,138.88,138.93,138.88,138.92,0
2026-08-14 11:50:00+00:00,138.92,139.1531,138.92,139.1334,0
2026-08-14 11:55:00+00:00,139.0,139.25,139.0,139.04,0
2026-08-14 12:00:00+00:00,139.01,139.2291,138.99,139.2291,0
2026-08-14 12:05:00+00:00,139.16,139.19,139.05,139.07,0
2026-08-14 12:10:00+00:00,139.1622,139.1622,139.01,139.01,0
2026-08-14 12:15:00+00:00,139.02,139.02,139.02,139.02,0
2026-08-14 12:20:00+00:00,139.02,139.02,139.02,139.02,0
2026-08-14 12:35:00+00:00,139.2692,139.2692,139.18,139.18,0
2026-08-14 12:40:00+00:00,139.18,139.18,139.18,139.18,0
2026-08-14 12:45:00+00:00,139.2,139.28,139.0,139.28,0
2026-08-14 12:50:00+00:00,139.03,139.28,139.01,139.01,0
2026-08-14 12:55:00+00:00,139.12,139.2107,139.1,139.1534,0
2026-08-14 13:00:00+00:00,139.1698,139.1698,139.02,139.1,0
2026-08-14 13:05:00+00:00,139.01,139.1211,139.01,139.1211,0
2026-08-14 13:10:00+00:00,139.12,139.15,139.02,139.02,0
2026-08-14 13:30:00+00:00,138.16000366210938,139.0850067138672,138.16000366210938,138.86500549316406,223892
2026-08-14 13:35:00+00:00,138.86500549316406,139.06520080566406,138.5800018310547,138.74000549316406,84170
2026-08-14 13:40:00+00:00,138.74000549316406,139.41990661621094,138.50999450683594,139.3000030517578,82940
2026-08-14 13:45:00+00:00,139.2949981689453,139.6699981689453,139.27999877929688,139.47000122070312,199177
2026-08-14 13:50:00+00:00,139.42999267578125,140.27999877929688,139.375,140.14999389648438,198895
2026-08-14 13:55:00+00:00,140.11000061035156,140.17999267578125,139.6999969482422,139.9149932861328,71598
2026-08-14 14:00:00+00:00,139.8800048828125,139.93499755859375,139.5399932861328,139.63999938964844,54468
2026-08-14 14:05:00+00:00,139.6300048828125,139.83999633789062,139.6300048828125,139.6699981689453,45234
2026-08-14 14:10:00+00:00,139.6300048828125,139.94500732421875,139.59010314941406,139.72500610351562,71260
2026-08-14 14:15:00+00:00,139.72999572753906,139.94500732421875,139.44500732421875,139.8300018310547,71096
2026-08-14 14:20:00+00:00,139.58999633789062,139.8350067138672,139.27000427246094,139.27000427246094,204422
2026-08-14 14:25:00+00:00,139.27499389648438,139.49989318847656,139.22500610351562,139.4199981689453,145411
2026-08-14 14:30:00+00:00,139.42100524902344,139.6750030517578,139.36000061035156,139.5850067138672,58672
2026-08-14 14:35:00+00:00,139.52000427246094,139.6199951171875,139.3000030517578,139.52999877929688,42037
2026-08-14 14:40:00+00:00,139.5399932861328,139.67999267578125,139.47999572753906,139.5500030517578,46194
2026-08-14 14:45:00+00:00,139.54989624023438,139.8350067138672,139.49000549316406,139.82000732421875,88623
2026-08-14 14:50:00+00:00,139.80999755859375,139.81500244140625,139.47999572753906,139.47999572753906,50282
2026-08-14 14:55:00+00:00,139.48500061035156,139.60000610351562,139.4600067138672,139.47500610351562,33661
2026-08-14 15:00:00+00:00,139.47000122070312,139.5998992919922,139.42999267578125,139.45660400390625,42089
2026-08-14 15:05:00+00:00,139.4550018310547,139.4949951171875,139.36000061035156,139.42999267578125,40781
2026-08-14 15:10:00+00:00,139.42999267578125,139.50999450683594,139.36000061035156,139.39500427246094,53220
2026-08-14 15:15:00+00:00,139.41000366210938,139.5,139.3800048828125,139.39999389648438,40275
2026-08-14 15:20:00+00:00,139.39999389648438,139.39999389648438,139.25,139.27000427246094,73664
2026-08-14 15:25:00+00:00,139.25999450683594,139.33999633789062,139.1699981689453,139.19500732421875,113146
2026-08-14 15:30:00+00:00,139.22000122070312,139.25999450683594,139.0399932861328,139.08999633789062,60021
2026-08-14 15:35:00+00:00,139.07000732421875,139.0800018310547,138.85000610351562,139.0,77274
2026-08-14 15:40:00+00:00,139.0,139.02499389648438,138.83999633789062,138.89999389648438,53452
2026-08-14 15:45:00+00:00,138.9199981689453,138.94000244140625,138.8300018310547,138.85000610351562,29391
2026-08-14 15:50:00+00:00,138.85000610351562,138.85499572753906,138.66000366210938,138.67999267578125,42547
2026-08-14 15:55:00+00:00,138.6999969482422,138.86500549316406,138.6750030517578,138.77999877929688,45566
2026-08-14 16:00:00+00:00,138.87649536132812,139.0500030517578,138.85499572753906,138.98500061035156,36159
2026-08-14 16:05:00+00:00,138.9550018310547,138.9550018310547,138.82000732421875,138.86000061035156,19648
2026-08-14 16:10:00+00:00,138.86500549316406,138.99000549316406,138.8300018310547,138.97000122070312,22482
2026-08-14 16:15:00+00:00,138.97000122070312,139.11000061035156,138.92999267578125,139.02499389648438,27341
2026-08-14 16:20:00+00:00,139.0,139.02499389648438,138.80999755859375,138.8300018310547,33736
2026-08-14 16:25:00+00:00,138.8300018310547,138.8300018310547,138.6199951171875,138.64999389648438,34426
2026-08-14 16:30:00+00:00,138.6699981689453,138.73500061035156,138.6199951171875,138.63999938964844,38455
2026-08-14 16:35:00+00:00,138.6300048828125,138.77999877929688,138.5800018310547,138.72000122070312,79488
2026-08-14 16:40:00+00:00,138.72999572753906,138.77000427246094,138.67999267578125,138.6999969482422,20872
2026-08-14 16:45:00+00:00,138.69000244140625,138.72999572753906,138.58999633789062,138.69000244140625,38574
2026-08-14 16:50:00+00:00,138.67999267578125,138.6999969482422,138.59010314941406,138.64999389648438,24752
2026-08-14 16:55:00+00:00,138.65499877929688,138.6699981689453,138.57000732421875,138.5850067138672,35484
2026-08-14 17:00:00+00:00,138.5800018310547,138.7050018310547,138.5800018310547,138.625,33147
2026-08-14 17:05:00+00:00,138.6300048828125,138.67999267578125,138.6300048828125,138.64979553222656,28046
2026-08-14 17:10:00+00:00,138.64999389648438,138.72999572753906,138.63250732421875,138.72000122070312,53626
2026-08-14 17:15:00+00:00,138.7100067138672,138.90989685058594,138.6999969482422,138.90989685058594,32775
2026-08-14 17:20:00+00:00,138.89630126953125,138.94000244140625,138.86500549316406,138.9199981689453,38576
2026-08-14 17:25:00+00:00,138.9149932861328,139.0,138.8699951171875,138.99000549316406,27727
2026-08-14 17:30:00+00:00,138.99000549316406,138.99000549316406,138.82000732421875,138.83999633789062,44419
2026-08-14 17:35:00+00:00,138.8350067138672,138.84500122070312,138.67999267578125,138.69000244140625,22784
2026-08-14 17:40:00+00:00,138.69000244140625,138.77000427246094,138.61000061035156,138.75,99937
2026-08-14 17:45:00+00:00,138.77000427246094,138.92999267578125,138.77000427246094,138.86000061035156,28386
2026-08-14 17:50:00+00:00,138.86500549316406,138.9499969482422,138.83999633789062,138.94000244140625,42926
2026-08-14 17:55:00+00:00,138.92999267578125,138.9600067138672,138.89999389648438,138.92999267578125,26213
2026-08-14 18:00:00+00:00,138.92999267578125,138.97999572753906,138.85000610351562,138.9250030517578,33151
2026-08-14 18:05:00+00:00,138.94000244140625,139.02000427246094,138.89999389648438,138.97000122070312,32771
2026-08-14 18:10:00+00:00,139.0,139.07000732421875,138.94000244140625,139.0449981689453,42813
2026-08-14 18:15:00+00:00,139.0500030517578,139.11000061035156,139.00999450683594,139.0399932861328,34790
2026-08-14 18:20:00+00:00,139.03500366210938,139.0500030517578,138.97000122070312,139.0,33826
2026-08-14 18:25:00+00:00,139.02499389648438,139.2949981689453,139.02499389648438,139.2949981689453,54250
2026-08-14 18:30:00+00:00,139.27000427246094,139.35000610351562,139.15499877929688,139.15499877929688,30806
2026-08-14 18:35:00+00:00,139.1699981689453,139.19000244140625,139.10000610351562,139.10499572753906,31361
2026-08-14 18:40:00+00:00,139.08999633789062,139.22000122070312,139.02999877929688,139.2050018310547,51543
2026-08-14 18:45:00+00:00,139.22000122070312,139.27999877929688,139.14999389648438,139.2449951171875,58875
2026-08-14 18:50:00+00:00,139.25999450683594,139.27000427246094,139.1699981689453,139.1999969482422,44114
2026-08-14 18:55:00+00:00,139.2100067138672,139.22000122070312,139.1199951171875,139.16000366210938,35817
2026-08-14 19:00:00+00:00,139.15499877929688,139.19000244140625,138.97000122070312,138.97000122070312,47000
2026-08-14 19:05:00+00:00,138.9600067138672,139.0399932861328,138.94000244140625,139.00999450683594,55512
2026-08-14 19:10:00+00:00,139.0167999267578,139.0500030517578,138.94000244140625,138.97349548339844,39001
2026-08-14 19:15:00+00:00,138.99000549316406,139.02999877929688,138.9149932861328,138.9600067138672,80431
2026-08-14 19:20:00+00:00,138.9342041015625,139.19500732421875,138.92999267578125,139.19000244140625,70894
2026-08-14 19:25:00+00:00,139.19000244140625,139.24000549316406,139.0749969482422,139.08999633789062,71273
2026-08-14 19:30:00+00:00,139.09500122070312,139.23500061035156,139.07000732421875,139.17999267578125,106809
2026-08-14 19:35:00+00:00,139.1699981689453,139.22000122070312,139.05499267578125,139.1300048828125,84852
2026-08-14 19:40:00+00:00,139.1300048828125,139.2100067138672,139.02499389648438,139.03500366210938,89003
2026-08-14 19:45:00+00:00,139.0,139.12640380859375,138.99000549316406,139.08999633789062,70663
2026-08-14 19:50:00+00:00,139.07000732421875,139.22999572753906,139.0399932861328,139.19000244140625,173803
2026-08-14 19:55:00+00:00,139.19000244140625,139.3800048828125,139.11000061035156,139.32000732421875,592638
2026-08-14 20:00:00+00:00,139.3,139.33,138.97,139.33,0
2026-08-14 20:05:00+00:00,139.08,139.33,139.08,139.33,0
2026-08-14 20:10:00+00:00,139.33,139.33,139.09,139.09,0
2026-08-14 20:15:00+00:00,139.33,139.33,139.01,139.024,0
2026-08-14 20:20:00+00:00,139.33,139.33,139.07,139.07,0
2026-08-14 20:25:00+00:00,139.07,139.27,139.06,139.27,0
2026-08-14 20:30:00+00:00,139.28,139.28,139.28,139.28,0
2026-08-14 20:35:00+00:00,139.2,139.24,139.18,139.24,0
2026-08-14 20:40:00+00:00,139.0128,139.2272,139.0128,139.2272,0
2026-08-14 20:45:00+00:00,139.28,139.28,139.28,139.28,0
2026-08-14 20:50:00+00:00,133.8057,139.16,133.8057,139.07,0
2026-08-14 20:55:00+00:00,139.33,139.33,139.03,139.05,0
2026-08-14 21:00:00+00:00,139.07,139.07,133.8057,133.8057,0
2026-08-14 21:05:00+00:00,139.0883,139.0883,139.05,139.05,0
2026-08-14 21:10:00+00:00,139.05,139.05,139.05,139.05,0
2026-08-14 21:15:00+00:00,139.0431,139.05,139.0431,139.05,0
2026-08-14 21:20:00+00:00,139.05,139.22,139.05,139.18,0
2026-08-14 21:25:00+00:00,139.28,139.28,139.22,139.24,0
2026-08-14 21:40:00+00:00,139.28,139.28,139.28,139.28,0
2026-08-14 21:50:00+00:00,139.25,139.25,139.25,139.25,0
2026-08-14 22:00:00+00:00,139.0112,139.0112,139.0112,139.0112,0
2026-08-14 22:05:00+00:00,139.27,139.27,139.064,139.064,0
2026-08-14 22:10:00+00:00,139.07,139.07,139.07,139.07,0
2026-08-14 22:20:00+00:00,139.26,139.26,139.23,139.23,0
2026-08-14 22:25:00+00:00,139.0518,139.0518,139.0518,139.0518,0
2026-08-14 22:30:00+00:00,139.2799,139.2799,139.2799,139.2799,0
2026-08-14 22:40:00+00:00,139.2799,139.2799,139.25,139.25,0
2026-08-14 22:45:00+00:00,139.2382,139.2382,139.2382,139.2382,0
2026-08-14 22:50:00+00:00,139.27,139.28,139.27,139.28,0
2026-08-14 23:05:00+00:00,139.09,139.23,139.09,139.23,0
2026-08-14 23:10:00+00:00,139.24,139.26,139.24,139.26,0
2026-08-14 23:15:00+00:00,139.26,139.26,139.26,139.26,0
2026-08-14 23:25:00+00:00,139.26,139.26,139.26,139.26,0
2026-08-14 23:35:00+00:00,139.11,139.24,139.1,139.24,0
2026-08-14 23:45:00+00:00,139.27,139.27,139.27,139.27,0
2026-08-14 23:55:00+00:00,139.11,139.27,139.11,139.25,0
2026-08-17 08:00:00+00:00,139.15,140.0888,139.02,139.05,0
2026-08-17 08:05:00+00:00,139.0,139.0,139.0,139.0,0
2026-08-17 08:10:00+00:00,139.45,139.45,139.45,139.45,0
2026-08-17 08:15:00+00:00,139.29,139.29,139.28,139.28,0
2026-08-17 08:25:00+00:00,139.0,139.0,139.0,139.0,0
2026-08-17 08:35:00+00:00,139.28,139.28,139.28,139.28,0
2026-08-17 08:40:00+00:00,139.28,139.28,139.28,139.28,0
2026-08-17 09:00:00+00:00,140.09,140.09,140.09,140.09,0
2026-08-17 09:15:00+00:00,140.09,140.09,140.09,140.09,0
2026-08-17 09:25:00+00:00,140.09,140.09,140.09,140.09,0
2026-08-17 09:45:00+00:00,139.0,139.0,139.0,139.0,0
2026-08-17 09:50:00+00:00,140.0822,140.0822,140.0822,140.0822,0
2026-08-17 10:05:00+00:00,140.0822,140.0822,139.21,139.21,0
2026-08-17 10:15:00+00:00,139.21,139.21,139.21,139.21,0
2026-08-17 10:20:00+00:00,139.2,139.22,139.2,139.22,0
2026-08-17 10:25:00+00:00,139.22,139.22,139.22,139.22,0
2026-08-17 10:30:00+00:00,139.41,139.98,139.41,139.44,0
2026-08-17 10:35:00+00:00,139.44,139.44,139.34,139.41,0
2026-08-17 10:45:00+00:00,139.44,139.44,139.37,139.37,0
2026-08-17 10:50:00+00:00,139.41,139.41,139.33,139.38,0
2026-08-17 10:55:00+00:00,139.99,139.99,139.38,139.38,0
2026-08-17 11:00:00+00:00,139.85,139.86,139.28,139.35,0
2026-08-17 11:05:00+00:00,139.1352,139.34,139.1352,139.34,0
2026-08-17 11:20:00+00:00,139.43,139.43,139.07,139.07,0
2026-08-17 11:25:00+00:00,139.33,139.43,139.09,139.33,0
2026-08-17 11:30:00+00:00,139.04,139.1657,139.04,139.09,0
2026-08-17 11:35:00+00:00,139.33,139.33,139.03,139.04,0
2026-08-17 11:40:00+00:00,139.04,140.0,139.02,139.15,0
2026-08-17 11:45:00+00:00,139.13,139.15,139.02,139.02,0
2026-08-17 11:50:00+00:00,139.12,139.15,139.1,139.14,0
2026-08-17 11:55:00+00:00,139.257,140.0,139.257,139.8605,0
2026-08-17 12:00:00+00:00,139.2,139.31,139.2,139.2,0
2026-08-17 12:05:00+00:00,139.53,139.53,139.25,139.36,0
2026-08-17 12:10:00+00:00,139.2,139.97,139.2,139.31,0
2026-08-17 12:15:00+00:00,139.22,139.27,139.2,139.23,0
2026-08-17 12:20:00+00:00,139.295,139.295,139.2,139.2,0
2026-08-17 12:25:00+00:00,139.1,139.29,139.01,139.28,0
2026-08-17 12:30:00+00:00,139.07,139.15,139.03,139.15,0
2026-08-17 12:40:00+00:00,139.06,139.1,139.0,139.1,0
2026-08-17 12:45:00+00:00,139.0469,139.15,139.0,139.1,0
2026-08-17 12:50:00+00:00,139.1,139.1,139.1,139.1,0
2026-08-17 12:55:00+00:00,138.86,138.86,138.86,138.86,0
2026-08-17 13:00:00+00:00,138.91,138.91,138.91,138.91,0
2026-08-17 13:05:00+00:00,139.0148,139.0148,139.0148,139.0148,0
2026-08-17 13:10:00+00:00,139.0271,139.0271,139.0,139.0,0
2026-08-17 13:30:00+00:00,139.25,139.83999633789062,138.1999969482422,138.27000427246094,589970
2026-08-17 13:35:00+00:00,138.52499389648438,139.75,138.17930603027344,139.5500030517578,119966
2026-08-17 13:40:00+00:00,139.52999877929688,140.52999877929688,139.5,140.44000244140625,101892
2026-08-17 13:45:00+00:00,140.41000366210938,140.8800048828125,140.32000732421875,140.68499755859375,106892
