date,open,high,low,close,volume
2026-07-27 13:45:00+00:00,236.6300048828125,237.19679260253906,236.01319885253906,236.51499938964844,0
2026-07-27 13:50:00+00:00,236.64999389648438,236.72000122070312,235.9250030517578,236.72000122070312,12636
2026-07-27 13:55:00+00:00,237.0,237.60000610351562,236.41000366210938,237.19000244140625,44506
2026-07-27 14:00:00+00:00,237.19000244140625,238.61990356445312,236.78500366210938,238.32000732421875,79791
2026-07-27 14:05:00+00:00,238.14999389648438,238.58999633789062,238.0,238.49000549316406,22207
2026-07-27 14:10:00+00:00,238.64999389648438,239.39999389648438,238.55999755859375,239.39999389648438,26327
2026-07-27 14:15:00+00:00,239.6999969482422,239.8800048828125,238.67999267578125,238.88499450683594,23309
2026-07-27 14:20:00+00:00,238.97000122070312,239.19500732421875,238.8300018310547,239.0749969482422,30235
2026-07-27 14:25:00+00:00,239.0749969482422,239.2100067138672,238.39999389648438,238.8000030517578,26700
2026-07-27 14:30:00+00:00,238.57000732421875,238.86000061035156,238.36000061035156,238.6300048828125,23418
2026-07-27 14:35:00+00:00,238.5,238.5,238.01499938964844,238.3249969482422,19712
2026-07-27 14:40:00+00:00,238.3300018310547,238.33999633789062,237.32000732421875,237.67550659179688,24683
2026-07-27 14:45:00+00:00,237.5050048828125,237.5050048828125,236.77499389648438,236.8300018310547,18475
2026-07-27 14:50:00+00:00,236.8300018310547,237.22000122070312,236.8300018310547,237.22000122070312,10069
2026-07-27 14:55:00+00:00,237.18499755859375,237.5800018310547,237.17999267578125,237.36000061035156,15923
2026-07-27 15:00:00+00:00,237.39999389648438,238.07000732421875,237.32000732421875,238.07000732421875,8869
2026-07-27 15:05:00+00:00,238.11000061035156,239.08999633789062,238.11000061035156,238.94000244140625,29817
2026-07-27 15:10:00+00:00,239.0800018310547,239.9600067138672,238.8800048828125,239.8300018310547,15112
2026-07-27 15:15:00+00:00,239.8699951171875,239.89999389648438,239.3800048828125,239.625,21515
2026-07-27 15:20:00+00:00,239.89999389648438,240.69000244140625,239.83999633789062,240.5749969482422,24322
2026-07-27 15:25:00+00:00,240.5749969482422,241.30999755859375,240.53750610351562,240.97999572753906,23850
2026-07-27 15:30:00+00:00,240.89999389648438,241.24000549316406,240.5749969482422,240.5749969482422,17946
2026-07-27 15:35:00+00:00,240.17999267578125,240.84500122070312,240.17999267578125,240.72999572753906,18420
2026-07-27 15:40:00+00:00,240.85000610351562,240.91000366210938,240.4600067138672,240.57130432128906,14336
2026-07-27 15:45:00+00:00,240.57000732421875,240.7550048828125,240.27999877929688,240.61000061035156,14442
2026-07-27 15:50:00+00:00,240.6199951171875,240.6199951171875,240.25,240.25999450683594,11120
2026-07-27 15:55:00+00:00,240.39500427246094,240.49000549316406,240.35000610351562,240.49000549316406,10875
2026-07-27 16:00:00+00:00,240.33999633789062,240.77999877929688,240.33999633789062,240.77000427246094,15962
2026-07-27 16:05:00+00:00,240.94000244140625,240.94000244140625,240.5399932861328,240.72500610351562,11106
2026-07-27 16:10:00+00:00,240.7050018310547,240.99000549316406,240.47000122070312,240.75,15723
2026-07-27 16:15:00+00:00,240.6750030517578,240.72999572753906,240.22999572753906,240.5,9432
2026-07-27 16:20:00+00:00,240.4199981689453,240.61000061035156,240.15499877929688,240.5500030517578,11653
2026-07-27 16:25:00+00:00,240.6999969482422,241.35499572753906,240.6999969482422,241.1999969482422,14274
2026-07-27 16:30:00+00:00,241.22999572753906,241.47999572753906,241.22999572753906,241.47999572753906,7262
2026-07-27 16:35:00+00:00,241.47999572753906,241.59500122070312,241.4199981689453,241.55499267578125,6459
2026-07-27 16:40:00+00:00,241.5800018310547,241.6999969482422,241.17999267578125,241.17999267578125,15266
2026-07-27 16:45:00+00:00,241.4698944091797,241.4698944091797,240.78500366210938,240.88999938964844,9214
2026-07-27 16:50:00+00:00,240.63580322265625,240.8000030517578,240.5574951171875,240.58999633789062,7160
2026-07-27 16:55:00+00:00,240.61000061035156,240.99000549316406,240.24000549316406,240.99000549316406,29398
2026-07-27 17:00:00+00:00,240.8699951171875,240.8699951171875,240.3000030517578,240.3249969482422,6656
2026-07-27 17:05:00+00:00,240.3249969482422,240.52999877929688,239.82000732421875,239.82000732421875,9019
2026-07-27 17:10:00+00:00,239.8000030517578,240.36000061035156,239.7899932861328,240.24000549316406,7506
2026-07-27 17:15:00+00:00,240.24000549316406,240.5500030517578,240.21499633789062,240.5500030517578,9997
2026-07-27 17:20:00+00:00,240.7100067138672,240.71499633789062,240.35000610351562,240.6699981689453,10694
2026-07-27 17:25:00+00:00,240.41000366210938,240.52999877929688,240.19400024414062,240.22500610351562,6959
2026-07-27 17:30:00+00:00,240.21499633789062,240.44000244140625,240.05499267578125,240.38999938964844,10572
2026-07-27 17:35:00+00:00,240.2899932861328,240.5500030517578,240.11000061035156,240.2449951171875,18506
2026-07-27 17:40:00+00:00,240.2449951171875,240.4600067138672,240.2050018310547,240.3350067138672,5325
2026-07-27 17:45:00+00:00,240.2899932861328,240.52999877929688,240.13999938964844,240.14999389648438,13266
2026-07-27 17:50:00+00:00,240.1999969482422,240.5500030517578,240.16000366210938,240.52000427246094,10887
2026-07-27 17:55:00+00:00,240.60000610351562,240.64999389648438,240.44500732421875,240.52000427246094,12486
2026-07-27 18:00:00+00:00,240.5500030517578,241.30999755859375,240.4149932861328,241.27000427246094,26626
2026-07-27 18:05:00+00:00,241.2449951171875,241.3300018310547,241.00999450683594,241.1999969482422,37818
2026-07-27 18:10:00+00:00,241.2899932861328,241.2899932861328,241.02000427246094,241.27999877929688,10341
2026-07-27 18:15:00+00:00,241.17999267578125,241.25,241.11000061035156,241.15499877929688,9424
2026-07-27 18:20:00+00:00,240.89010620117188,241.10000610351562,240.80999755859375,241.05499267578125,12216
2026-07-27 18:25:00+00:00,241.08999633789062,241.31500244140625,241.08999633789062,241.2449951171875,8315
2026-07-27 18:30:00+00:00,241.35000610351562,241.54989624023438,241.3000030517578,241.3800048828125,8939
2026-07-27 18:35:00+00:00,241.32000732421875,241.4149932861328,241.25999450683594,241.32000732421875,7588
2026-07-27 18:40:00+00:00,241.23500061035156,241.66000366210938,241.23500061035156,241.61500549316406,10662
2026-07-27 18:45:00+00:00,241.6699981689453,242.10000610351562,241.5850067138672,241.89500427246094,10228
2026-07-27 18:50:00+00:00,241.92239379882812,242.3000030517578,241.92239379882812,242.28509521484375,8780
2026-07-27 18:55:00+00:00,242.3800048828125,242.39999389648438,242.13999938964844,242.27000427246094,9645
2026-07-27 19:00:00+00:00,242.32000732421875,242.44000244140625,242.19000244140625,242.19000244140625,12326
2026-07-27 19:05:00+00:00,242.33999633789062,242.33999633789062,242.125,242.125,8471
2026-07-27 19:10:00+00:00,242.1999969482422,242.38999938964844,241.91000366210938,242.30999755859375,14914
2026-07-27 19:15:00+00:00,242.30999755859375,242.63999938964844,242.1300048828125,242.63999938964844,16754
2026-07-27 19:20:00+00:00,242.67999267578125,242.67999267578125,242.32130432128906,242.3350067138672,12210
2026-07-27 19:25:00+00:00,242.41000366210938,242.9600067138672,242.39999389648438,242.74000549316406,26038
2026-07-27 19:30:00+00:00,242.61500549316406,243.27999877929688,242.61500549316406,243.2050018310547,44706
2026-07-27 19:35:00+00:00,243.30999755859375,243.36000061035156,243.0500030517578,243.3300018310547,18432
2026-07-27 19:40:00+00:00,243.27999877929688,243.55999755859375,243.17999267578125,243.39999389648438,30519
2026-07-27 19:45:00+00:00,243.60000610351562,244.11000061035156,243.50999450683594,243.83999633789062,23722
2026-07-27 19:50:00+00:00,243.83999633789062,244.46499633789062,243.8101043701172,244.25,67717
2026-07-27 19:55:00+00:00,244.38999938964844,244.50999450683594,243.76499938964844,243.96499633789062,161100
2026-07-27 20:00:00+00:00,243.95,245.0,243.8,243.95,0
2026-07-27 20:05:00+00:00,244.05,244.88,243.95,243.95,0
2026-07-27 20:10:00+00:00,243.95,245.0,242.5001,243.95,0
2026-07-27 20:15:00+00:00,243.95,244.95,243.0,243.95,0
2026-07-27 20:20:00+00:00,244.99,244.99,243.6,244.0,0
2026-07-27 20:25:00+00:00,244.8232,244.8232,242.549,242.549,0
2026-07-27 20:30:00+00:00,243.9917,244.03,242.5001,242.711,0
2026-07-27 20:35:00+00:00,242.5,242.5,242.5,242.5,0
2026-07-27 20:40:00+00:00,243.95,243.95,242.5,242.5,0
2026-07-27 20:45:00+00:00,242.8286,243.9917,242.5012,243.9917,0
2026-07-27 20:50:00+00:00,243.97,244.01,243.97,244.01,0
2026-07-27 20:55:00+00:00,244.01,244.01,242.8519,242.8519,0
2026-07-27 21:00:00+00:00,242.9,242.9,242.9,242.9,0
2026-07-27 21:05:00+00:00,243.92,243.92,243.92,243.92,0
2026-07-27 21:10:00+00:00,242.5375,242.5375,242.5001,242.5001,0
2026-07-27 21:15:00+00:00,243.92,243.94,242.5,242.9,0
2026-07-27 21:20:00+00:00,243.92,243.92,243.92,243.92,0
2026-07-27 21:25:00+00:00,242.9875,243.25,242.5,243.25,0
2026-07-27 21:30:00+00:00,243.0,243.99,243.0,243.0,0
2026-07-27 21:40:00+00:00,243.01,243.55,243.01,243.55,0
2026-07-27 21:45:00+00:00,243.01,243.94,243.01,243.94,0
2026-07-27 21:55:00+00:00,243.89,243.95,243.89,243.93,0
2026-07-27 22:00:00+00:00,243.89,243.95,243.01,243.95,0
2026-07-27 22:05:00+00:00,243.0,243.18,243.0,243.18,0
2026-07-27 22:10:00+00:00,243.0237,243.95,243.0237,243.95,0
2026-07-27 22:15:00+00:00,243.18,243.28,242.7046,243.26,0
2026-07-27 22:20:00+00:00,243.95,243.95,242.5,242.5,0
2026-07-27 22:25:00+00:00,243.89,243.95,243.89,243.95,0
2026-07-27 22:30:00+00:00,242.5362,243.9137,242.5,243.0,0
2026-07-27 22:35:00+00:00,243.73,243.73,243.0,243.0,0
2026-07-27 22:40:00+00:00,243.55,243.55,243.55,243.55,0
2026-07-27 22:45:00+00:00,243.55,243.55,243.4,243.4,0
2026-07-27 22:55:00+00:00,242.5,242.5,242.5,242.5,0
2026-07-27 23:00:00+00:00,243.0,243.69,243.0,243.69,0
2026-07-27 23:05:00+00:00,243.0,243.69,243.0,243.69,0
2026-07-27 23:10:00+00:00,243.53,243.53,243.01,243.01,0
2026-07-27 23:15:00+00:00,243.49,243.5288,242.98,242.98,0
2026-07-27 23:20:00+00:00,242.5,243.53,242.5,243.33,0
2026-07-27 23:30:00+00:00,243.0,243.89,242.5,243.52,0
2026-07-27 23:35:00+00:00,243.0,243.53,242.5001,243.53,0
2026-07-27 23:40:00+00:00,243.5042,243.5042,243.48,243.48,0
2026-07-27 23:45:00+00:00,243.5,243.5,242.5,242.5,0
2026-07-27 23:50:00+00:00,243.49,243.49,243.49,243.49,0
2026-07-27 23:55:00+00:00,243.07,243.5288,242.6596,242.6596,0
2026-07-28 08:00:00+00:00,243.398,248.5188,238.5837,244.0,0
2026-07-28 08:05:00+00:00,243.97,244.9988,243.97,244.9988,0
2026-07-28 08:15:00+00:00,241.2212,241.2212,241.2212,241.2212,0
2026-07-28 08:20:00+00:00,244.08,244.08,244.01,244.07,0
2026-07-28 08:25:00+00:00,244.3,244.8,244.3,244.8,0
2026-07-28 08:30:00+00:00,244.6935,244.83,244.6935,244.83,0
2026-07-28 08:35:00+00:00,244.78,245.98,244.78,245.88,0
2026-07-28 08:40:00+00:00,246.9988,246.9988,244.5003,244.5003,0
2026-07-28 08:50:00+00:00,245.88,245.88,245.88,245.88,0
2026-07-28 09:00:00+00:00,246.8013,246.8013,245.15,245.15,0
2026-07-28 09:30:00+00:00,245.0,245.0,245.0,245.0,0
2026-07-28 09:35:00+00:00,245.0,245.0,245.0,245.0,0
2026-07-28 09:55:00+00:00,245.03,245.03,245.03,245.03,0
2026-07-28 10:05:00+00:00,245.0997,245.0997,245.03,245.03,0
2026-07-28 10:10:00+00:00,245.0012,245.0997,245.0012,245.0997,0
2026-07-28 10:15:00+00:00,245.01,245.01,245.01,245.01,0
2026-07-28 10:20:00+00:00,245.01,248.9888,244.0412,248.9888,0
2026-07-28 10:25:00+00:00,245.0,245.0,245.0,245.0,0
2026-07-28 10:30:00+00:00,244.98,245.01,244.94,245.01,0
2026-07-28 10:35:00+00:00,245.28,245.28,245.28,245.28,0
2026-07-28 10:40:00+00:00,244.98,245.28,244.98,245.18,0
2026-07-28 11:00:00+00:00,245.0,247.7355,244.6712,247.73,0
2026-07-28 11:05:00+00:00,246.0,246.78,245.0507,245.13,0
2026-07-28 11:10:00+00:00,246.76,246.76,244.67,246.29,0
2026-07-28 11:15:00+00:00,248.8722,248.8722,244.7188,245.0,0
2026-07-28 11:20:00+00:00,248.882,248.882,248.882,248.882,0
2026-07-28 11:25:00+00:00,244.98,244.98,244.98,244.98,0
2026-07-28 11:30:00+00:00,245.62,245.62,245.62,245.62,0
2026-07-28 11:35:00+00:00,246.38,246.38,246.38,246.38,0
2026-07-28 11:40:00+00:00,244.67,246.35,244.67,245.9667,0
2026-07-28 11:45:00+00:00,245.8701,246.76,245.838,246.76,0
2026-07-28 11:50:00+00:00,246.0,246.0,246.0,246.0,0
2026-07-28 11:55:00+00:00,246.12,247.42,246.12,247.42,0
2026-07-28 12:00:00+00:00,246.12,247.69,246.0,247.69,0
2026-07-28 12:05:00+00:00,247.69,247.69,247.69,247.69,0
2026-07-28 12:15:00+00:00,247.69,248.9888,247.69,248.9888,0
2026-07-28 12:20:00+00:00,246.5,246.82,246.5,246.82,0
2026-07-28 12:25:00+00:00,247.99,247.99,246.586,247.9409,0
2026-07-28 12:30:00+00:00,247.47,247.99,246.55,247.99,0
2026-07-28 12:35:00+00:00,247.47,247.99,247.47,247.99,0
2026-07-28 12:40:00+00:00,247.46,247.47,246.55,246.55,0
2026-07-28 12:45:00+00:00,246.89,247.46,246.85,247.44,0
2026-07-28 12:50:00+00:00,247.0,247.596,247.0,247.596,0
2026-07-28 12:55:00+00:00,247.43,247.43,247.3392,247.3392,0
2026-07-28 13:00:00+00:00,247.35,247.73,247.35,247.73,0
2026-07-28 13:05:00+00:00,247.72,247.73,246.55,246.55,0
2026-07-28 13:10:00+00:00,247.0,247.0,246.55,246.55,0
2026-07-28 13:15:00+00:00,247.0,247.0,246.9348,246.9348,0
2026-07-28 13:20:00+00:00,246.9999,246.9999,246.55,246.94,0
2026-07-28 13:25:00+00:00,246.36,246.98,245.19,246.14,0
2026-07-28 13:30:00+00:00,245.22000122070312,248.5,244.6699981689453,245.60000610351562,77476
2026-07-28 13:35:00+00:00,245.4499969482422,245.85000610351562,244.76499938964844,245.10000610351562,22789
2026-07-28 13:40:00+00:00,245.33999633789062,245.9199981689453,244.5399932861328,245.28500366210938,31262
2026-07-28 13:45:00+00:00,245.3300018310547,245.42999267578125,243.4250030517578,243.69500732421875,18933
2026-07-28 13:50:00+00:00,243.9149932861328,243.96499633789062,242.85000610351562,242.9499969482422,19122
2026-07-28 13:55:00+00:00,242.81500244140625,243.75,242.81500244140625,243.74000549316406,14720
2026-07-28 14:00:00+00:00,244.1999969482422,244.25999450683594,242.87010192871094,243.25,26687
2026-07-28 14:05:00+00:00,243.24000549316406,243.24000549316406,241.91000366210938,242.14500427246094,30978
2026-07-28 14:10:00+00:00,242.13999938964844,242.36000061035156,241.4199981689453,241.4199981689453,15796
2026-07-28 14:15:00+00:00,241.72999572753906,242.72999572753906,241.63999938964844,242.6699981689453,31560
2026-07-28 14:20:00+00:00,243.1595001220703,243.49000549316406,242.77999877929688,243.36500549316406,12880
2026-07-28 14:25:00+00:00,243.4499969482422,243.5399932861328,243.0,243.30999755859375,13827
2026-07-28 14:30:00+00:00,243.33999633789062,243.33999633789062,242.72000122070312,242.89999389648438,8498
2026-07-28 14:35:00+00:00,242.89999389648438,243.57000732421875,242.89999389648438,243.0,18329
2026-07-28 14:40:00+00:00,243.13499450683594,243.92999267578125,243.13499450683594,243.8699951171875,13209
2026-07-28 14:45:00+00:00,243.8800048828125,244.07000732421875,243.69009399414062,243.76499938964844,16314
2026-07-28 14:50:00+00:00,244.14999389648438,244.39999389648438,243.91009521484375,244.2449951171875,11629
2026-07-28 14:55:00+00:00,244.3249969482422,244.5,244.2899932861328,244.33999633789062,8816
2026-07-28 15:00:00+00:00,244.4600067138672,244.9499969482422,244.3300018310547,244.60000610351562,10437
2026-07-28 15:05:00+00:00,244.53500366210938,245.04750061035156,244.52000427246094,245.04750061035156,10675
2026-07-28 15:10:00+00:00,245.50999450683594,245.6999053955078,245.25,245.5500030517578,13820
2026-07-28 15:15:00+00:00,245.5749969482422,246.3498992919922,245.5749969482422,246.00999450683594,19474
2026-07-28 15:20:00+00:00,246.44000244140625,246.44000244140625,246.02000427246094,246.25999450683594,14779
2026-07-28 15:25:00+00:00,246.36000061035156,246.97000122070312,246.11000061035156,246.8300018310547,15670
2026-07-28 15:30:00+00:00,247.19000244140625,247.65989685058594,247.19000244140625,247.41000366210938,16604
2026-07-28 15:35:00+00:00,247.36000061035156,247.69000244140625,247.30499267578125,247.61990356445312,18158
2026-07-28 15:40:00+00:00,247.5,247.58999633789062,247.24000549316406,247.55499267578125,20562
2026-07-28 15:45:00+00:00,247.33099365234375,247.55999755859375,246.0399932861328,246.80499267578125,103284
2026-07-28 15:50:00+00:00,246.55999755859375,246.81500244140625,246.2899932861328,246.5,41862
2026-07-28 15:55:00+00:00,246.63999938964844,247.51499938964844,246.63999938964844,247.38999938964844,60523
2026-07-28 16:00:00+00:00,247.35000610351562,247.5399932861328,247.0500030517578,247.27999877929688,13710
2026-07-28 16:05:00+00:00,247.5399932861328,247.79949951171875,247.32000732421875,247.6300048828125,15358
2026-07-28 16:10:00+00:00,247.39999389648438,247.47000122070312,247.05999755859375,247.47000122070312,9881
2026-07-28 16:15:00+00:00,247.38999938964844,247.52000427246094,247.22000122070312,247.25999450683594,10473
2026-07-28 16:20:00+00:00,247.25999450683594,247.4853973388672,247.22000122070312,247.25999450683594,12186
2026-07-28 16:25:00+00:00,247.4499969482422,247.77999877929688,247.25999450683594,247.63009643554688,15913
2026-07-28 16:30:00+00:00,247.6300048828125,248.13999938964844,247.47999572753906,248.13999938964844,31277
2026-07-28 16:35:00+00:00,248.14500427246094,248.25999450683594,247.22000122070312,247.35000610351562,25537
2026-07-28 16:40:00+00:00,247.3300018310547,247.6300048828125,247.3300018310547,247.58999633789062,5901
2026-07-28 16:45:00+00:00,247.7353973388672,247.7353973388672,247.00999450683594,247.02999877929688,8507
2026-07-28 16:50:00+00:00,247.35000610351562,247.4250030517578,246.97000122070312,247.18499755859375,10253
2026-07-28 16:55:00+00:00,247.1699981689453,247.5500030517578,246.78050231933594,247.0198974609375,11927
2026-07-28 17:00:00+00:00,246.75999450683594,247.0399932861328,246.61000061035156,246.88999938964844,12681
2026-07-28 17:05:00+00:00,246.8300018310547,246.8300018310547,246.5500030517578,246.55270385742188,7169
2026-07-28 17:10:00+00:00,246.20089721679688,246.52499389648438,246.20089721679688,246.38999938964844,5938
2026-07-28 17:15:00+00:00,246.47000122070312,246.5050048828125,246.32000732421875,246.5050048828125,7426
2026-07-28 17:20:00+00:00,246.4499969482422,246.94000244140625,246.4499969482422,246.75999450683594,15541
2026-07-28 17:25:00+00:00,246.8300018310547,247.3022003173828,246.8300018310547,247.3022003173828,11968
2026-07-28 17:30:00+00:00,246.98500061035156,247.30999755859375,246.98500061035156,247.30999755859375,5512
2026-07-28 17:35:00+00:00,247.32000732421875,247.77000427246094,247.1699981689453,247.21499633789062,16267
2026-07-28 17:40:00+00:00,247.0850067138672,247.0850067138672,246.57000732421875,246.72500610351562,22392
2026-07-28 17:45:00+00:00,246.89500427246094,247.01499938964844,246.75999450683594,247.01499938964844,8459
2026-07-28 17:50:00+00:00,247.01499938964844,247.01499938964844,246.6199951171875,246.75,18145
2026-07-28 17:55:00+00:00,246.65499877929688,246.9600067138672,246.6300048828125,246.9600067138672,11085
2026-07-28 18:00:00+00:00,246.9949951171875,247.07000732421875,246.8000030517578,246.9499969482422,8851
2026-07-28 18:05:00+00:00,246.84100341796875,246.89999389648438,246.55999755859375,246.55999755859375,10820
2026-07-28 18:10:00+00:00,246.58999633789062,246.77000427246094,246.52999877929688,246.64999389648438,6841
2026-07-28 18:15:00+00:00,246.71749877929688,246.97999572753906,246.69500732421875,246.90499877929688,5685
2026-07-28 18:20:00+00:00,246.96499633789062,247.10000610351562,246.96499633789062,247.10000610351562,3936
2026-07-28 18:25:00+00:00,246.98500061035156,247.24000549316406,246.91110229492188,247.13499450683594,5088
2026-07-28 18:30:00+00:00,247.1699981689453,247.41000366210938,247.14999389648438,247.41000366210938,9163
2026-07-28 18:35:00+00:00,247.5500030517578,247.5500030517578,247.32000732421875,247.32000732421875,5719
2026-07-28 18:40:00+00:00,247.25999450683594,247.58999633789062,247.22000122070312,247.4199981689453,10419
2026-07-28 18:45:00+00:00,247.5,247.9149932861328,247.4149932861328,247.86000061035156,6915
2026-07-28 18:50:00+00:00,247.85499572753906,248.3800048828125,247.85499572753906,248.26499938964844,10206
2026-07-28 18:55:00+00:00,248.2949981689453,248.6999969482422,248.22000122070312,248.51499938964844,19335
2026-07-28 19:00:00+00:00,248.58999633789062,248.58999633789062,248.1699981689453,248.22000122070312,15027
2026-07-28 19:05:00+00:00,248.02000427246094,248.02000427246094,247.14999389648438,247.50999450683594,16684
2026-07-28 19:10:00+00:00,247.49000549316406,247.49000549316406,247.07000732421875,247.14999389648438,17635
2026-07-28 19:15:00+00:00,247.10499572753906,247.2899932861328,246.57000732421875,246.57000732421875,19383
2026-07-28 19:20:00+00:00,246.55499267578125,246.55999755859375,245.97999572753906,246.5,20787
2026-07-28 19:25:00+00:00,246.5,247.22999572753906,246.48500061035156,247.0800018310547,17434
2026-07-28 19:30:00+00:00,247.25,247.4600067138672,247.08999633789062,247.4600067138672,22209
2026-07-28 19:35:00+00:00,247.47999572753906,247.6699981689453,247.2100067138672,247.47999572753906,19888
2026-07-28 19:40:00+00:00,247.38999938964844,247.77999877929688,247.38999938964844,247.77999877929688,15856
2026-07-28 19:45:00+00:00,247.8000030517578,248.0500030517578,247.40499877929688,247.9550018310547,30688
2026-07-28 19:50:00+00:00,247.86000061035156,248.3300018310547,247.72000122070312,248.24249267578125,65632
2026-07-28 19:55:00+00:00,248.11000061035156,248.11000061035156,247.44749450683594,247.67999267578125,143236
2026-07-28 20:00:00+00:00,247.62,247.78,247.5947,247.62,0
2026-07-28 20:05:00+00:00,247.36,247.62,247.36,247.58,0
2026-07-28 20:10:00+00:00,247.62,249.49,247.0,247.0,0
2026-07-28 20:15:00+00:00,247.62,247.62,247.62,247.62,0
2026-07-28 20:20:00+00:00,247.62,249.4,247.62,249.4,0
2026-07-28 20:25:00+00:00,248.4,249.39,248.4,249.39,0
2026-07-28 20:30:00+00:00,247.58,249.39,247.58,249.39,0
2026-07-28 20:35:00+00:00,247.93,249.3302,247.0,247.89,0
2026-07-28 20:40:00+00:00,247.05,247.05,247.05,247.05,0
2026-07-28 20:45:00+00:00,247.0,249.0,247.0,249.0,0
2026-07-28 20:50:00+00:00,249.3302,249.3302,248.0,248.0,0
2026-07-28 20:55:00+00:00,249.39,249.39,247.0,247.4748,0
2026-07-28 21:00:00+00:00,247.0,247.0,247.0,247.0,0
2026-07-28 21:05:00+00:00,247.47,247.62,247.47,247.62,0
2026-07-28 21:10:00+00:00,249.3302,249.3302,247.0,247.0,0
2026-07-28 21:15:00+00:00,247.0012,247.62,247.0012,247.62,0
2026-07-28 21:20:00+00:00,247.0,247.001,247.0,247.001,0
2026-07-28 21:25:00+00:00,247.0,247.202,247.0,247.202,0
2026-07-28 21:35:00+00:00,247.2,249.3302,247.2,249.3302,0
2026-07-28 21:40:00+00:00,247.036,248.43,247.036,248.43,0
2026-07-28 21:45:00+00:00,247.3,247.3,247.036,247.036,0
2026-07-28 21:50:00+00:00,247.67,247.75,247.2232,247.2232,0
2026-07-28 22:00:00+00:00,247.06,248.404,247.06,247.92,0
2026-07-28 22:05:00+00:00,248.0,249.39,248.0,249.39,0
2026-07-28 22:10:00+00:00,248.0,248.0,247.06,247.0627,0
2026-07-28 22:15:00+00:00,247.15,247.15,247.15,247.15,0
2026-07-28 22:20:00+00:00,247.28,247.28,247.15,247.15,0
2026-07-28 22:25:00+00:00,247.25,247.25,247.25,247.25,0
2026-07-28 22:30:00+00:00,247.0597,247.2054,247.0597,247.2054,0
2026-07-28 22:35:00+00:00,247.25,247.38,247.25,247.38,0
2026-07-28 22:40:00+00:00,247.0,247.75,247.0,247.75,0
2026-07-28 22:45:00+00:00,247.28,247.975,247.0597,247.89,0
2026-07-28 22:50:00+00:00,247.791,248.07,247.791,248.06,0
2026-07-28 22:55:00+00:00,247.0012,247.0012,247.0012,247.0012,0
2026-07-28 23:00:00+00:00,247.89,248.68,247.0,248.68,0
2026-07-28 23:05:00+00:00,248.22,248.22,248.22,248.22,0
2026-07-28 23:10:00+00:00,248.18,248.18,248.18,248.18,0
2026-07-28 23:15:00+00:00,247.72,248.19,247.72,248.19,0
2026-07-28 23:20:00+00:00,249.3302,249.3302,247.24,247.24,0
2026-07-28 23:25:00+00:00,247.63,247.63,247.63,247.63,0
2026-07-28 23:30:00+00:00,247.63,248.12,247.63,247.6505,0
2026-07-28 23:40:00+00:00,248.4295,248.4295,248.4295,248.4295,0
2026-07-28 23:45:00+00:00,248.7,248.7,248.7,248.7,0
2026-07-28 23:50:00+00:00,247.65,247.65,247.65,247.65,0
2026-07-28 23:55:00+00:00,249.3888,249.3888,247.75,247.982,0
2026-07-29 08:00:00+00:00,251.9488,251.9488,243.1212,246.74,0
2026-07-29 08:05:00+00:00,247.3,247.96,247.16,247.17,0
2026-07-29 08:15:00+00:00,243.1012,247.53,243.1012,247.53,0
2026-07-29 08:25:00+00:00,248.2352,248.2352,247.97,247.97,0
2026-07-29 08:35:00+00:00,248.36,248.36,248.35,248.35,0
2026-07-29 08:40:00+00:00,248.47,249.9988,248.47,249.9988,0
2026-07-29 08:45:00+00:00,249.9988,249.9988,249.9988,249.9988,0
2026-07-29 08:55:00+00:00,248.89,249.9988,248.89,249.9988,0
2026-07-29 09:00:00+00:00,249.7982,249.7982,249.7982,249.7982,0
2026-07-29 09:05:00+00:00,249.0,249.79,249.0,249.79,0
2026-07-29 09:10:00+00:00,248.7,248.7,248.3,248.3,0
2026-07-29 09:20:00+00:00,247.9962,247.9962,247.99,247.99,0
2026-07-29 09:25:00+00:00,247.48,247.7037,247.4761,247.4761,0
2026-07-29 09:30:00+00:00,242.0012,249.9988,242.0012,249.9988,0
2026-07-29 09:40:00+00:00,248.28,248.28,248.28,248.28,0
2026-07-29 09:50:00+00:00,247.0,249.8,247.0,248.7275,0
2026-07-29 10:00:00+00:00,248.0988,248.0988,247.53,247.53,0
2026-07-29 10:05:00+00:00,247.67,247.67,247.67,247.67,0
2026-07-29 10:15:00+00:00,248.18,248.18,248.18,248.18,0
2026-07-29 10:20:00+00:00,247.9675,247.9675,247.9675,247.9675,0
2026-07-29 10:25:00+00:00,247.71,247.77,247.67,247.67,0
2026-07-29 10:35:00+00:00,248.17,248.17,248.17,248.17,0
2026-07-29 10:40:00+00:00,247.67,247.67,247.67,247.67,0
2026-07-29 10:55:00+00:00,248.0,248.0,247.0,247.0,0
2026-07-29 11:00:00+00:00,247.0,248.7,247.0,247.0,0
2026-07-29 11:05:00+00:00,248.6988,248.6997,246.4185,248.6997,0
2026-07-29 11:10:00+00:00,246.8,246.8,246.4,246.4,0
2026-07-29 11:15:00+00:00,246.74,247.51,246.4487,246.8,0
2026-07-29 11:20:00+00:00,248.19,248.19,248.19,248.19,0
2026-07-29 11:25:00+00:00,246.3025,246.3025,246.3025,246.3025,0
2026-07-29 11:30:00+00:00,248.0,248.3009,246.745,246.745,0
2026-07-29 11:35:00+00:00,247.0,247.0,247.0,247.0,0
2026-07-29 11:40:00+00:00,248.3497,248.3497,246.25,246.25,0
2026-07-29 11:45:00+00:00,247.6,248.35,246.3025,246.69,0
2026-07-29 11:50:00+00:00,248.18,248.2975,248.18,248.2975,0
2026-07-29 11:55:00+00:00,246.3025,246.3025,246.3025,246.3025,0
2026-07-29 12:00:00+00:00,246.3025,247.5,246.3025,247.5,0
2026-07-29 12:05:00+00:00,246.0587,247.5,246.0,247.5,0
2026-07-29 12:10:00+00:00,248.35,248.35,246.0587,246.0587,0
2026-07-29 12:15:00+00:00,246.7175,248.35,246.712,247.52,0
2026-07-29 12:20:00+00:00,246.0527,246.0527,246.0527,246.0527,0
2026-07-29 12:25:00+00:00,246.0,248.11,246.0,246.69,0
2026-07-29 12:30:00+00:00,246.8,246.8,246.8,246.8,0
2026-07-29 12:35:00+00:00,246.8,247.872,246.8,247.872,0
2026-07-29 12:40:00+00:00,246.712,247.52,246.048,247.52,0
2026-07-29 12:45:00+00:00,247.6466,247.6466,247.6466,247.6466,0
2026-07-29 12:50:00+00:00,246.69,246.69,246.69,246.69,0
2026-07-29 12:55:00+00:00,246.0,246.0,246.0,246.0,0
2026-07-29 13:00:00+00:00,246.0,246.049,246.0,246.049,0
2026-07-29 13:05:00+00:00,246.5,246.5,246.0,246.0,0
2026-07-29 13:10:00+00:00,247.64,247.64,246.0,247.52,0
2026-07-29 13:15:00+00:00,246.0,247.599,246.0,247.599,0
2026-07-29 13:20:00+00:00,247.27,247.52,246.041,247.01,0
2026-07-29 13:25:00+00:00,248.09,248.09,248.07,248.07,0
2026-07-29 13:30:00+00:00,248.1699981689453,249.52000427246094,247.91000366210938,248.69500732421875,214511
2026-07-29 13:35:00+00:00,248.39999389648438,248.8863983154297,247.5500030517578,248.1999969482422,10817
2026-07-29 13:40:00+00:00,247.8625030517578,249.22999572753906,247.5,249.07000732421875,11455
2026-07-29 13:45:00+00:00,249.8300018310547,249.8300018310547,248.55999755859375,248.7449951171875,13891
2026-07-29 13:50:00+00:00,248.5800018310547,248.90199279785156,247.58999633789062,247.86000061035156,22834
2026-07-29 13:55:00+00:00,247.5,247.5,247.02999877929688,247.34500122070312,13308
2026-07-29 14:00:00+00:00,247.33999633789062,248.64999389648438,247.27999877929688,248.64999389648438,25527
2026-07-29 14:05:00+00:00,248.40499877929688,248.92999267578125,248.35000610351562,248.67999267578125,23825
2026-07-29 14:10:00+00:00,248.55999755859375,248.6699981689453,247.82000732421875,248.30999755859375,15731
2026-07-29 14:15:00+00:00,248.5,248.57000732421875,248.22999572753906,248.3000030517578,13452
2026-07-29 14:20:00+00:00,248.33999633789062,248.33999633789062,247.9499969482422,248.19000244140625,14515
2026-07-29 14:25:00+00:00,248.34100341796875,248.34100341796875,247.77000427246094,248.0449981689453,11417
2026-07-29 14:30:00+00:00,248.13999938964844,248.25,247.9199981689453,247.92999267578125,10470
2026-07-29 14:35:00+00:00,248.05499267578125,248.74000549316406,247.83999633789062,248.5800018310547,10416
2026-07-29 14:40:00+00:00,248.49000549316406,248.55999755859375,248.24000549316406,248.52630615234375,11161
2026-07-29 14:45:00+00:00,248.55499267578125,248.67999267578125,247.58999633789062,247.6999969482422,14787
2026-07-29 14:50:00+00:00,247.77499389648438,248.3300018310547,247.61000061035156,248.3300018310547,16646
2026-07-29 14:55:00+00:00,248.35499572753906,248.75990295410156,248.35499572753906,248.72999572753906,10293
2026-07-29 15:00:00+00:00,248.7100067138672,248.9199981689453,248.52999877929688,248.52999877929688,16101
2026-07-29 15:05:00+00:00,248.3699951171875,248.99989318847656,248.19500732421875,248.875,9172
2026-07-29 15:10:00+00:00,248.88499450683594,248.94000244140625,248.47000122070312,248.47000122070312,13762
2026-07-29 15:15:00+00:00,248.3699951171875,248.8300018310547,248.3699951171875,248.63999938964844,12597
2026-07-29 15:20:00+00:00,248.64500427246094,249.08999633789062,248.64500427246094,249.00999450683594,19221
2026-07-29 15:25:00+00:00,248.97999572753906,249.0050048828125,248.75,248.8249969482422,9011
2026-07-29 15:30:00+00:00,248.9499969482422,249.13999938964844,248.86000061035156,248.89999389648438,9648
2026-07-29 15:35:00+00:00,248.80999755859375,249.0,248.5399932861328,248.5399932861328,7352
2026-07-29 15:40:00+00:00,248.5800018310547,248.8350067138672,248.52999877929688,248.52999877929688,8672
2026-07-29 15:45:00+00:00,248.5850067138672,248.6199951171875,248.3000030517578,248.4499969482422,13312
2026-07-29 15:50:00+00:00,248.32000732421875,248.5399932861328,248.32000732421875,248.34500122070312,7205
2026-07-29 15:55:00+00:00,248.1300048828125,248.1300048828125,247.8000030517578,248.0399932861328,19204
2026-07-29 16:00:00+00:00,248.25990295410156,248.25990295410156,247.59500122070312,247.59500122070312,10609
2026-07-29 16:05:00+00:00,247.72000122070312,248.2449951171875,247.72000122070312,247.99000549316406,15368
2026-07-29 16:10:00+00:00,248.0,248.3000030517578,247.9600067138672,248.25999450683594,6674
2026-07-29 16:15:00+00:00,248.2899932861328,248.3699951171875,247.91000366210938,247.91000366210938,11083
2026-07-29 16:20:00+00:00,247.88999938964844,248.44000244140625,247.8699951171875,248.38999938964844,8807
2026-07-29 16:25:00+00:00,248.4199981689453,248.6999969482422,248.32000732421875,248.6999969482422,14957
2026-07-29 16:30:00+00:00,248.6300048828125,248.8300018310547,247.9550018310547,247.9550018310547,16607
2026-07-29 16:35:00+00:00,247.91000366210938,248.0399932861328,247.50999450683594,247.77000427246094,12623
2026-07-29 16:40:00+00:00,247.77000427246094,247.79989624023438,247.50999450683594,247.79989624023438,10740
2026-07-29 16:45:00+00:00,247.66000366210938,248.03500366210938,247.33999633789062,247.9550018310547,65579
2026-07-29 16:50:00+00:00,247.9199981689453,248.17999267578125,247.58999633789062,247.58999633789062,14157
2026-07-29 16:55:00+00:00,247.58999633789062,247.85000610351562,247.27999877929688,247.44500732421875,13231
2026-07-29 17:00:00+00:00,247.40499877929688,247.64500427246094,247.1199951171875,247.27000427246094,15156
2026-07-29 17:05:00+00:00,247.0500030517578,247.14999389648438,246.7899932861328,247.09500122070312,42176
2026-07-29 17:10:00+00:00,247.15499877929688,247.41000366210938,247.125,247.30999755859375,25666
2026-07-29 17:15:00+00:00,247.33999633789062,247.50990295410156,247.1999969482422,247.48500061035156,28144
2026-07-29 17:20:00+00:00,247.48500061035156,247.60000610351562,247.36000061035156,247.36000061035156,8884
2026-07-29 17:25:00+00:00,247.4250030517578,247.9199981689453,247.41000366210938,247.8249969482422,34235
2026-07-29 17:30:00+00:00,247.7899932861328,247.82000732421875,247.19000244140625,247.19000244140625,12407
2026-07-29 17:35:00+00:00,247.17999267578125,247.2949981689453,246.97000122070312,247.15499877929688,16603
2026-07-29 17:40:00+00:00,247.15499877929688,247.45899963378906,247.1300048828125,247.2899932861328,20954
2026-07-29 17:45:00+00:00,247.36000061035156,247.57000732421875,247.3000030517578,247.50999450683594,19522
2026-07-29 17:50:00+00:00,247.52999877929688,247.67999267578125,247.32000732421875,247.4550018310547,38026
2026-07-29 17:55:00+00:00,247.47999572753906,248.0,247.3800048828125,247.99000549316406,31073
2026-07-29 18:00:00+00:00,248.25999450683594,248.75999450683594,248.0399932861328,248.4499969482422,77981
2026-07-29 18:05:00+00:00,248.44000244140625,248.99000549316406,247.67999267578125,247.8000030517578,38807
2026-07-29 18:10:00+00:00,247.8000030517578,248.0449981689453,247.38999938964844,248.0050048828125,90377
2026-07-29 18:15:00+00:00,248.0449981689453,248.3000030517578,247.77000427246094,247.92999267578125,26612
2026-07-29 18:20:00+00:00,247.6300048828125,247.6300048828125,246.5500030517578,246.5500030517578,36459
2026-07-29 18:25:00+00:00,246.66000366210938,247.58999633789062,246.30999755859375,247.57000732421875,57708
2026-07-29 18:30:00+00:00,247.57000732421875,248.24000549316406,247.3699951171875,248.15499877929688,65125
2026-07-29 18:35:00+00:00,248.05999755859375,249.5399932861328,248.02999877929688,249.26499938964844,52237
2026-07-29 18:40:00+00:00,249.41000366210938,249.77000427246094,249.39999389648438,249.6649932861328,20610
2026-07-29 18:45:00+00:00,249.66000366210938,249.66000366210938,249.38499450683594,249.6199951171875,14621
2026-07-29 18:50:00+00:00,249.6300048828125,250.7100067138672,249.625,250.47000122070312,40692
2026-07-29 18:55:00+00:00,250.75,250.9250030517578,250.52499389648438,250.82000732421875,21496
2026-07-29 19:00:00+00:00,250.82000732421875,250.9199981689453,250.33999633789062,250.75,23325
2026-07-29 19:05:00+00:00,250.41000366210938,250.41000366210938,249.7100067138672,249.7100067138672,13889
2026-07-29 19:10:00+00:00,249.6999969482422,250.3699951171875,249.6999969482422,250.3699951171875,14156
2026-07-29 19:15:00+00:00,250.38499450683594,250.63999938964844,249.6999969482422,249.8524932861328,27008
2026-07-29 19:20:00+00:00,249.80999755859375,250.1999969482422,249.66000366210938,249.97000122070312,25207
2026-07-29 19:25:00+00:00,249.86000061035156,249.89500427246094,249.52999877929688,249.74000549316406,16387
2026-07-29 19:30:00+00:00,249.74000549316406,249.9149932861328,249.4149932861328,249.7949981689453,19827
2026-07-29 19:35:00+00:00,249.7949981689453,249.94500732421875,249.0399932861328,249.05999755859375,26478
2026-07-29 19:40:00+00:00,249.0,249.1898956298828,248.75,249.03500366210938,25715
2026-07-29 19:45:00+00:00,248.99000549316406,249.2100067138672,248.22999572753906,248.42750549316406,34428
2026-07-29 19:50:00+00:00,248.3000030517578,248.69500732421875,247.44000244140625,247.44000244140625,57660
2026-07-29 19:55:00+00:00,246.75,246.99000549316406,246.05499267578125,246.5050048828125,247907
2026-07-29 20:00:00+00:00,246.43,250.11,244.51,246.43,0
2026-07-29 20:05:00+00:00,245.0,246.43,244.5,244.5,0
2026-07-29 20:10:00+00:00,246.43,246.43,245.2091,245.98,0
2026-07-29 20:15:00+00:00,246.43,246.43,244.5,246.1,0
2026-07-29 20:20:00+00:00,246.43,246.43,244.5,246.24,0
2026-07-29 20:25:00+00:00,245.7535,246.16,244.5,244.5435,0
2026-07-29 20:30:00+00:00,245.6,245.6,245.6,245.6,0
2026-07-29 20:35:00+00:00,245.59,246.24,244.54,246.19,0
2026-07-29 20:40:00+00:00,244.5825,246.24,244.5825,246.24,0
2026-07-29 20:45:00+00:00,245.2,245.99,245.2,245.99,0
2026-07-29 20:50:00+00:00,245.39,246.24,245.39,246.24,0
2026-07-29 20:55:00+00:00,245.4,246.2388,245.4,246.0,0
2026-07-29 21:00:00+00:00,246.09,246.09,244.54,244.54,0
2026-07-29 21:05:00+00:00,245.86,245.86,245.86,245.86,0
2026-07-29 21:10:00+00:00,245.87,246.0,244.54,245.88,0
2026-07-29 21:15:00+00:00,245.94,245.94,244.54,245.94,0
2026-07-29 21:20:00+00:00,245.0,246.0,245.0,245.01,0
2026-07-29 21:25:00+00:00,244.54,244.99,242.0,244.99,0
2026-07-29 21:30:00+00:00,245.0,245.0,241.98,244.99,0
2026-07-29 21:35:00+00:00,244.94,244.94,243.0,244.03,0
2026-07-29 21:45:00+00:00,244.03,244.9245,241.98,241.98,0
2026-07-29 21:50:00+00:00,244.9245,244.9245,244.9245,244.9245,0
2026-07-29 22:00:00+00:00,242.0555,244.99,242.0555,244.99,0
2026-07-29 22:10:00+00:00,245.0,246.43,245.0,246.43,0
2026-07-29 22:25:00+00:00,245.1,245.93,245.1,245.93,0
2026-07-29 22:35:00+00:00,245.83,245.83,245.83,245.83,0
2026-07-29 22:40:00+00:00,244.81,244.81,244.81,244.81,0
2026-07-29 22:45:00+00:00,245.0,245.0,245.0,245.0,0
2026-07-29 22:50:00+00:00,245.0,245.0,245.0,245.0,0
2026-07-29 22:55:00+00:00,245.94,245.94,242.079,242.079,0
2026-07-29 23:00:00+00:00,245.83,245.94,245.83,245.94,0
2026-07-29 23:10:00+00:00,245.94,245.94,245.94,245.94,0
2026-07-29 23:15:00+00:00,245.83,245.8415,245.83,245.8415,0
2026-07-29 23:20:00+00:00,241.98,245.841,241.98,242.5938,0
2026-07-29 23:25:00+00:00,244.83,245.163,244.83,245.163,0
2026-07-29 23:30:00+00:00,245.94,245.94,245.163,245.163,0
2026-07-29 23:45:00+00:00,244.74,245.9399,244.74,245.83,0
2026-07-29 23:50:00+00:00,242.46,245.8545,242.46,245.8545,0
2026-07-29 23:55:00+00:00,243.067,243.067,242.61,242.61,0
2026-07-30 08:00:00+00:00,247.1495,251.7,241.6442,245.88,0
2026-07-30 08:05:00+00:00,245.37,246.69,245.37,246.69,0
2026-07-30 08:15:00+00:00,245.95,245.95,245.95,245.95,0
2026-07-30 08:20:00+00:00,246.06,247.36,246.06,246.92,0
2026-07-30 08:25:00+00:00,246.92,246.92,246.23,246.72,0
2026-07-30 08:30:00+00:00,246.87,246.87,246.87,246.87,0
2026-07-30 08:35:00+00:00,246.87,246.88,245.3005,246.88,0
2026-07-30 08:40:00+00:00,246.83,246.89,246.83,246.88,0
2026-07-30 08:45:00+00:00,246.9495,246.9495,246.9495,246.9495,0
2026-07-30 09:00:00+00:00,246.5313,246.5776,246.5313,246.5776,0
2026-07-30 09:05:00+00:00,246.29,246.38,246.29,246.38,0
2026-07-30 09:10:00+00:00,246.5583,246.5988,246.38,246.54,0
2026-07-30 09:15:00+00:00,246.5,246.59,246.5,246.59,0
2026-07-30 09:20:00+00:00,246.55,246.59,246.45,246.58,0
2026-07-30 09:25:00+00:00,246.589,246.589,246.589,246.589,0
2026-07-30 09:30:00+00:00,246.5473,246.5473,246.5473,246.5473,0
2026-07-30 09:35:00+00:00,246.49,246.52,246.45,246.4537,0
2026-07-30 09:40:00+00:00,246.54,246.59,246.48,246.55,0
2026-07-30 09:45:00+00:00,246.55,246.5902,246.53,246.58,0
2026-07-30 09:50:00+00:00,246.538,246.538,246.22,246.22,0
2026-07-30 09:55:00+00:00,246.22,246.22,243.3781,246.19,0
2026-07-30 10:10:00+00:00,246.46,246.46,246.46,246.46,0
2026-07-30 10:15:00+00:00,246.19,246.46,246.19,246.46,0
2026-07-30 10:20:00+00:00,245.48,245.48,245.48,245.48,0
2026-07-30 10:25:00+00:00,243.1,245.7847,243.1,245.7847,0
2026-07-30 10:30:00+00:00,245.77,245.8,245.77,245.8,0
2026-07-30 10:35:00+00:00,245.0012,245.0012,245.0012,245.0012,0
2026-07-30 10:40:00+00:00,245.5,245.5,245.5,245.5,0
2026-07-30 10:45:00+00:00,246.5988,246.5988,245.06,245.06,0
2026-07-30 10:50:00+00:00,245.9988,245.9988,245.9988,245.9988,0
2026-07-30 10:55:00+00:00,245.025,245.025,245.025,245.025,0
2026-07-30 11:00:00+00:00,245.155,245.64,245.155,245.64,0
2026-07-30 11:05:00+00:00,245.62,245.64,245.62,245.64,0
2026-07-30 11:10:00+00:00,245.63,245.63,245.0,245.0,0
2026-07-30 11:15:00+00:00,245.0,245.2,245.0,245.2,0
2026-07-30 11:20:00+00:00,245.4,245.62,245.4,245.62,0
2026-07-30 11:30:00+00:00,245.0,245.64,245.0,245.64,0
2026-07-30 11:35:00+00:00,245.0012,245.0992,245.0012,245.0992,0
2026-07-30 11:40:00+00:00,245.6388,245.6397,245.54,245.6397,0
2026-07-30 11:45:00+00:00,245.54,245.61,245.0,245.599,0
2026-07-30 11:50:00+00:00,244.0,245.0,244.0,245.0,0
2026-07-30 11:55:00+00:00,245.0,245.0,244.0001,244.8287,0
2026-07-30 12:00:00+00:00,244.6142,244.6142,244.0,244.0,0
2026-07-30 12:05:00+00:00,244.1099,244.5971,244.0,244.5971,0
2026-07-30 12:10:00+00:00,244.3,244.8287,244.3,244.61,0
2026-07-30 12:20:00+00:00,244.0,244.85,244.0,244.1317,0
2026-07-30 12:25:00+00:00,244.36,244.4,244.3,244.3,0
2026-07-30 12:30:00+00:00,244.84,244.85,244.8287,244.8287,0
2026-07-30 12:35:00+00:00,244.0,245.11,244.0,244.85,0
2026-07-30 12:40:00+00:00,244.95,244.9724,244.85,244.85,0
2026-07-30 12:45:00+00:00,245.3659,245.64,244.86,244.86,0
2026-07-30 12:50:00+00:00,244.85,246.6,244.85,246.6,0
2026-07-30 12:55:00+00:00,244.86,244.86,244.1884,244.3,0
2026-07-30 13:00:00+00:00,244.3,244.4,244.0,244.1394,0
2026-07-30 13:05:00+00:00,244.13,244.1461,244.13,244.1461,0
2026-07-30 13:10:00+00:00,244.1461,244.8,244.1461,244.8,0
2026-07-30 13:15:00+00:00,244.15,244.8,244.15,244.8,0
2026-07-30 13:20:00+00:00,244.8,244.8,244.8,244.8,0
2026-07-30 13:25:00+00:00,244.1625,244.5735,241.98,243.9012,0
2026-07-30 13:30:00+00:00,242.01499938964844,244.64999389648438,242.01499938964844,243.80999755859375,103646
2026-07-30 13:35:00+00:00,243.52000427246094,244.76499938964844,243.52000427246094,243.57000732421875,42057
2026-07-30 13:40:00+00:00,243.55999755859375,244.74000549316406,242.74000549316406,244.74000549316406,37680
2026-07-30 13:45:00+00:00,244.8000030517578,245.47000122070312,244.6999969482422,245.09500122070312,39202
2026-07-30 13:50:00+00:00,245.49000549316406,246.48989868164062,244.85000610351562,246.27499389648438,25302
2026-07-30 13:55:00+00:00,246.44000244140625,247.30499267578125,246.13999938964844,247.02499389648438,17712
2026-07-30 14:00:00+00:00,247.0500030517578,247.19000244140625,245.86000061035156,245.86000061035156,24431
2026-07-30 14:05:00+00:00,246.0196075439453,246.2100067138672,245.05999755859375,245.4499969482422,27678
2026-07-30 14:10:00+00:00,245.1300048828125,245.1300048828125,243.52000427246094,243.55999755859375,30967
2026-07-30 14:15:00+00:00,243.30999755859375,244.29150390625,242.99000549316406,244.22999572753906,53044
2026-07-30 14:20:00+00:00,244.14999389648438,244.35000610351562,243.69000244140625,243.77000427246094,21462
2026-07-30 14:25:00+00:00,243.41000366210938,243.97000122070312,243.16000366210938,243.16000366210938,24202
2026-07-30 14:30:00+00:00,243.63999938964844,244.16000366210938,243.02999877929688,243.3249969482422,28302
2026-07-30 14:35:00+00:00,243.1300048828125,243.906494140625,242.74920654296875,243.6300048828125,21302
2026-07-30 14:40:00+00:00,243.4199981689453,243.6750030517578,243.22999572753906,243.56500244140625,14833
2026-07-30 14:45:00+00:00,243.52499389648438,243.52499389648438,243.0500030517578,243.3800048828125,10372
2026-07-30 14:50:00+00:00,243.27000427246094,243.82000732421875,243.27000427246094,243.7100067138672,12117
2026-07-30 14:55:00+00:00,243.81500244140625,244.10499572753906,243.33999633789062,243.9499969482422,13261
2026-07-30 15:00:00+00:00,244.13999938964844,244.13999938964844,243.4499969482422,243.7949981689453,10985
2026-07-30 15:05:00+00:00,243.7949981689453,244.0500030517578,243.57000732421875,244.0500030517578,11029
2026-07-30 15:10:00+00:00,243.99000549316406,244.07000732421875,243.3300018310547,243.52999877929688,12524
2026-07-30 15:15:00+00:00,243.80990600585938,244.17999267578125,243.55999755859375,244.17999267578125,9705
2026-07-30 15:20:00+00:00,244.3249969482422,245.02000427246094,244.16000366210938,244.2100067138672,14121
2026-07-30 15:25:00+00:00,244.41000366210938,244.41000366210938,243.86000061035156,243.91000366210938,11094
2026-07-30 15:30:00+00:00,243.89999389648438,244.22999572753906,243.88999938964844,244.22999572753906,5832
2026-07-30 15:35:00+00:00,244.27000427246094,244.47999572753906,244.19000244140625,244.47999572753906,9719
2026-07-30 15:40:00+00:00,244.4199981689453,245.21969604492188,244.3699951171875,244.82000732421875,23626
2026-07-30 15:45:00+00:00,244.74000549316406,244.88999938964844,244.4600067138672,244.75999450683594,6900
2026-07-30 15:50:00+00:00,244.6750030517578,244.9149932861328,244.1999969482422,244.9149932861328,13452
2026-07-30 15:55:00+00:00,244.9199981689453,244.97999572753906,244.42999267578125,244.42999267578125,11737
2026-07-30 16:00:00+00:00,244.35000610351562,244.97500610351562,244.30999755859375,244.7100067138672,14256
2026-07-30 16:05:00+00:00,244.8000030517578,245.1750030517578,244.60000610351562,244.67999267578125,23125
2026-07-30 16:10:00+00:00,244.88999938964844,245.19500732421875,244.88999938964844,245.1649932861328,15849
2026-07-30 16:15:00+00:00,245.125,245.4499969482422,244.9499969482422,245.19000244140625,15701
2026-07-30 16:20:00+00:00,245.00999450683594,245.00999450683594,244.57000732421875,244.5800018310547,8699
2026-07-30 16:25:00+00:00,244.5800018310547,244.82749938964844,244.42999267578125,244.65499877929688,15872
2026-07-30 16:30:00+00:00,244.42999267578125,244.77999877929688,244.22000122070312,244.24000549316406,11364
2026-07-30 16:35:00+00:00,244.4398956298828,244.6699981689453,244.22000122070312,244.61500549316406,14262
2026-07-30 16:40:00+00:00,244.89999389648438,244.90499877929688,244.50999450683594,244.8000030517578,17973
2026-07-30 16:45:00+00:00,244.72000122070312,245.0449981689453,244.6199951171875,244.6699981689453,12953
2026-07-30 16:50:00+00:00,244.6300048828125,244.94000244140625,244.6199951171875,244.7550048828125,14057
2026-07-30 16:55:00+00:00,244.7100067138672,244.8000030517578,244.60000610351562,244.67999267578125,12152
2026-07-30 17:00:00+00:00,244.75999450683594,244.99000549316406,244.74000549316406,244.8699951171875,21997
2026-07-30 17:05:00+00:00,244.8699951171875,245.1199951171875,244.6999969482422,244.82000732421875,17872
2026-07-30 17:10:00+00:00,244.83999633789062,245.16000366210938,244.7100067138672,244.92999267578125,24441
2026-07-30 17:15:00+00:00,244.91000366210938,244.99000549316406,244.38999938964844,244.74710083007812,22467
2026-07-30 17:20:00+00:00,244.60000610351562,244.8300018310547,244.4781036376953,244.52000427246094,12604
2026-07-30 17:25:00+00:00,244.52000427246094,244.86790466308594,244.52000427246094,244.63999938964844,11663
2026-07-30 17:30:00+00:00,244.86000061035156,245.02000427246094,244.6999969482422,244.6999969482422,13088
2026-07-30 17:35:00+00:00,244.69000244140625,244.91000366210938,244.4199981689453,244.4199981689453,15740
2026-07-30 17:40:00+00:00,244.55999755859375,244.84500122070312,244.30999755859375,244.82000732421875,16322
2026-07-30 17:45:00+00:00,244.8800048828125,245.05999755859375,244.49000549316406,245.05999755859375,21741
2026-07-30 17:50:00+00:00,245.02000427246094,245.11500549316406,244.77000427246094,244.77000427246094,8055
2026-07-30 17:55:00+00:00,244.9199981689453,244.9824981689453,244.69000244140625,244.7100067138672,14783
2026-07-30 18:00:00+00:00,244.83999633789062,245.10000610351562,244.7100067138672,244.9250030517578,12944
2026-07-30 18:05:00+00:00,245.0998992919922,245.0998992919922,244.50999450683594,244.69000244140625,18003
2026-07-30 18:10:00+00:00,244.60000610351562,244.65499877929688,244.47000122070312,244.55999755859375,11854
2026-07-30 18:15:00+00:00,244.52999877929688,245.86000061035156,244.36000061035156,245.6999969482422,29848
2026-07-30 18:20:00+00:00,245.83999633789062,245.85000610351562,245.33999633789062,245.4199981689453,16507
2026-07-30 18:25:00+00:00,245.57000732421875,245.5800018310547,245.1999969482422,245.25,12157
2026-07-30 18:30:00+00:00,245.22999572753906,245.89999389648438,244.4250030517578,244.64999389648438,72872
2026-07-30 18:35:00+00:00,244.6999969482422,244.8800048828125,244.19979858398438,244.30999755859375,10764
2026-07-30 18:40:00+00:00,244.38499450683594,244.69000244140625,244.38499450683594,244.52999877929688,6799
2026-07-30 18:45:00+00:00,244.48500061035156,244.78500366210938,244.44000244140625,244.67999267578125,14435
2026-07-30 18:50:00+00:00,244.67999267578125,245.3699951171875,244.67999267578125,245.19000244140625,16302
2026-07-30 18:55:00+00:00,245.30999755859375,245.49249267578125,245.14999389648438,245.49249267578125,17195
2026-07-30 19:00:00+00:00,245.4499969482422,245.75999450683594,245.4499969482422,245.52999877929688,18604
2026-07-30 19:05:00+00:00,245.52999877929688,245.625,244.73500061035156,245.02499389648438,27272
2026-07-30 19:10:00+00:00,245.02499389648438,245.35499572753906,244.94000244140625,245.2899932861328,24693
2026-07-30 19:15:00+00:00,245.3800048828125,245.63999938964844,245.2899932861328,245.63999938964844,21524
2026-07-30 19:20:00+00:00,245.64500427246094,245.8350067138672,245.4499969482422,245.55999755859375,20791
2026-07-30 19:25:00+00:00,245.6199951171875,246.0489959716797,245.5449981689453,245.78500366210938,29023
2026-07-30 19:30:00+00:00,245.75999450683594,245.8300018310547,245.32000732421875,245.32000732421875,32258
2026-07-30 19:35:00+00:00,245.39500427246094,245.60000610351562,245.28500366210938,245.5800018310547,27468
2026-07-30 19:40:00+00:00,245.58999633789062,245.9499053955078,245.52999877929688,245.72999572753906,35830
2026-07-30 19:45:00+00:00,245.61000061035156,245.75,245.19000244140625,245.31500244140625,38063
2026-07-30 19:50:00+00:00,245.44000244140625,247.0399932861328,245.39999389648438,246.52499389648438,79422
2026-07-30 19:55:00+00:00,246.35000610351562,247.66000366210938,246.35000610351562,247.36000061035156,182424
2026-07-30 20:00:00+00:00,247.43,249.23,245.0,247.18,0
2026-07-30 20:05:00+00:00,249.2288,249.23,245.05,245.99,0
2026-07-30 20:10:00+00:00,247.43,247.43,245.0987,245.0987,0
2026-07-30 20:15:00+00:00,247.43,247.43,245.05,245.11,0
2026-07-30 20:20:00+00:00,245.05,247.0,245.05,246.02,0
2026-07-30 20:25:00+00:00,246.9512,247.0,245.05,245.05,0
2026-07-30 20:30:00+00:00,247.0,247.43,245.05,245.0987,0
2026-07-30 20:35:00+00:00,245.2046,246.9512,245.05,246.9512,0
2026-07-30 20:40:00+00:00,246.0,246.0,245.0987,245.13,0
2026-07-30 20:45:00+00:00,246.9512,246.9512,245.44,245.44,0
2026-07-30 20:50:00+00:00,246.2,246.9999,245.3,245.3,0
2026-07-30 20:55:00+00:00,246.9512,247.43,245.3,247.43,0
2026-07-30 21:00:00+00:00,245.0987,246.9512,245.0987,245.3074,0
2026-07-30 21:05:00+00:00,245.3074,245.3074,245.3074,245.3074,0
2026-07-30 21:10:00+00:00,246.9512,246.9512,246.9512,246.9512,0
2026-07-30 21:15:00+00:00,246.73,247.4,245.3,245.31,0
2026-07-30 21:20:00+00:00,245.3,247.3999,245.11,245.2362,0
2026-07-30 21:25:00+00:00,245.05,246.766,245.05,245.05,0
2026-07-30 21:30:00+00:00,247.4,247.4,246.73,246.73,0
2026-07-30 21:35:00+00:00,246.05,246.74,245.0512,245.0512,0
2026-07-30 21:40:00+00:00,246.5,247.4,245.1087,245.2358,0
2026-07-30 21:45:00+00:00,245.05,246.2,245.05,246.2,0
2026-07-30 21:50:00+00:00,246.2,246.75,245.05,246.75,0
2026-07-30 22:00:00+00:00,246.75,246.75,246.75,246.75,0
2026-07-30 22:05:00+00:00,246.75,246.75,246.0,246.0,0
2026-07-30 22:10:00+00:00,247.4,247.4,246.74,246.74,0
2026-07-30 22:15:00+00:00,247.4,247.4,245.1087,246.01,0
2026-07-30 22:20:00+00:00,246.74,246.74,245.81,245.81,0
2026-07-30 22:25:00+00:00,247.3412,247.3412,245.23,245.76,0
2026-07-30 22:30:00+00:00,245.0503,246.69,245.0503,245.2198,0
2026-07-30 22:35:00+00:00,245.36,245.36,245.22,245.22,0
2026-07-30 22:45:00+00:00,245.05,246.69,245.05,246.69,0
2026-07-30 22:50:00+00:00,245.1087,245.1087,245.05,245.05,0
2026-07-30 23:05:00+00:00,245.45,245.45,245.45,245.45,0
2026-07-30 23:10:00+00:00,245.1087,245.1087,245.1087,245.1087,0
2026-07-30 23:15:00+00:00,245.0501,245.45,245.0501,245.45,0
2026-07-30 23:20:00+00:00,245.45,245.45,245.45,245.45,0
2026-07-30 23:25:00+00:00,247.3988,247.3988,247.3988,247.3988,0
2026-07-30 23:30:00+00:00,245.05,245.31,245.05,245.31,0
2026-07-30 23:35:00+00:00,245.21,245.21,245.1087,245.1087,0
2026-07-30 23:40:00+00:00,245.05,246.74,245.05,245.2374,0
2026-07-30 23:50:00+00:00,245.05,245.05,245.05,245.05,0
2026-07-30 23:55:00+00:00,246.72,246.73,245.2335,246.73,0
2026-07-31 08:00:00+00:00,246.6507,249.9252,246.3512,247.07,0
2026-07-31 08:05:00+00:00,247.3765,247.3765,247.37,247.37,0
2026-07-31 08:10:00+00:00,247.2012,249.9317,247.2012,249.9317,0
2026-07-31 08:15:00+00:00,249.9988,249.9988,247.3312,247.3412,0
2026-07-31 08:20:00+00:00,247.625,249.9357,247.5235,247.5235,0
2026-07-31 08:25:00+00:00,247.6094,247.6094,247.6094,247.6094,0
2026-07-31 08:30:00+00:00,247.7094,247.7094,247.7094,247.7094,0
2026-07-31 08:35:00+00:00,247.732,247.732,247.732,247.732,0
2026-07-31 08:40:00+00:00,247.894,247.96,247.894,247.96,0
2026-07-31 08:45:00+00:00,249.9988,249.9988,247.91,248.03,0
2026-07-31 08:50:00+00:00,248.2,248.2,247.99,247.99,0
2026-07-31 09:00:00+00:00,248.01,248.01,248.01,248.01,0
2026-07-31 09:05:00+00:00,248.73,248.9997,248.73,248.9997,0
2026-07-31 09:10:00+00:00,248.14,248.755,248.14,248.755,0
2026-07-31 09:15:00+00:00,247.97,247.97,247.1012,247.1012,0
2026-07-31 09:20:00+00:00,247.9,249.9988,247.1512,249.9988,0
2026-07-31 09:25:00+00:00,247.52,249.9988,247.52,249.9988,0
2026-07-31 09:30:00+00:00,249.9988,249.9988,247.4,247.4,0
2026-07-31 09:40:00+00:00,248.2,248.2,248.2,248.2,0
2026-07-31 09:45:00+00:00,248.09,248.2,247.65,247.67,0
2026-07-31 09:50:00+00:00,247.8355,247.8355,247.8355,247.8355,0
2026-07-31 10:00:00+00:00,247.95,249.9988,247.95,249.9988,0
2026-07-31 10:05:00+00:00,248.05,248.05,248.05,248.05,0
2026-07-31 10:10:00+00:00,248.12,249.9988,248.12,248.17,0
2026-07-31 10:15:00+00:00,248.34,248.39,248.34,248.39,0
2026-07-31 10:20:00+00:00,248.3,249.9988,248.3,249.7648,0
2026-07-31 10:25:00+00:00,247.27,247.27,247.27,247.27,0
2026-07-31 10:30:00+00:00,249.9317,249.9502,248.0,249.9502,0
2026-07-31 10:35:00+00:00,248.05,248.05,248.05,248.05,0
2026-07-31 10:40:00+00:00,248.13,248.16,248.13,248.16,0
2026-07-31 10:45:00+00:00,248.23,248.5,248.23,248.5,0
2026-07-31 10:50:00+00:00,248.4205,248.4205,248.4205,248.4205,0
2026-07-31 10:55:00+00:00,248.38,248.5295,248.38,248.5295,0
2026-07-31 11:00:00+00:00,248.5,248.55,248.01,248.25,0
2026-07-31 11:05:00+00:00,248.71,248.71,248.25,248.25,0
2026-07-31 11:10:00+00:00,248.24,248.25,247.0012,247.5,0
2026-07-31 11:15:00+00:00,247.5,249.9988,247.5,249.7616,0
2026-07-31 11:20:00+00:00,248.7,249.99,248.7,248.7,0
2026-07-31 11:25:00+00:00,247.5,249.3388,247.5,249.08,0
2026-07-31 11:30:00+00:00,248.0,248.0,247.0012,247.0012,0
2026-07-31 11:40:00+00:00,247.0,247.0,247.0,247.0,0
2026-07-31 11:45:00+00:00,249.2088,249.2088,247.19,247.19,0
2026-07-31 11:50:00+00:00,247.92,248.0,247.0,248.0,0
2026-07-31 11:55:00+00:00,247.99,248.71,247.5579,247.5579,0
2026-07-31 12:00:00+00:00,247.92,248.62,247.74,247.83,0
2026-07-31 12:05:00+00:00,247.5,247.5,247.5,247.5,0
2026-07-31 12:10:00+00:00,247.5,247.83,247.052,247.052,0
2026-07-31 12:15:00+00:00,247.83,248.9488,247.83,248.9488,0
2026-07-31 12:20:00+00:00,248.8525,248.8525,248.8525,248.8525,0
2026-07-31 12:25:00+00:00,247.83,247.83,247.075,247.075,0
2026-07-31 12:30:00+00:00,250.0,250.0,250.0,250.0,0
2026-07-31 12:35:00+00:00,250.0,250.0,247.19,247.19,0
2026-07-31 12:40:00+00:00,247.0012,247.0012,247.0012,247.0012,0
2026-07-31 12:45:00+00:00,248.0,248.0,248.0,248.0,0
2026-07-31 12:50:00+00:00,247.85,249.05,247.83,249.05,0
2026-07-31 12:55:00+00:00,249.0488,249.0488,249.0488,249.0488,0
2026-07-31 13:00:00+00:00,248.7,248.7,247.81,247.8237,0
2026-07-31 13:10:00+00:00,247.9457,247.9457,247.0242,247.0242,0
2026-07-31 13:15:00+00:00,247.49,247.49,247.49,247.49,0
2026-07-31 13:20:00+00:00,247.97,247.97,247.0,247.0,0
2026-07-31 13:25:00+00:00,247.01,247.82,243.0717,245.8,0
2026-07-31 13:30:00+00:00,246.3699951171875,247.0800018310547,244.29969787597656,244.77999877929688,76432
2026-07-31 13:35:00+00:00,245.0,245.99989318847656,244.68499755859375,244.83999633789062,18165
2026-07-31 13:40:00+00:00,245.2050018310547,246.0,245.125,245.49000549316406,12153
2026-07-31 13:45:00+00:00,245.69000244140625,245.7050018310547,244.11000061035156,244.3699951171875,22237
2026-07-31 13:50:00+00:00,244.0,244.05999755859375,243.49000549316406,244.05499267578125,12400
2026-07-31 13:55:00+00:00,243.80999755859375,244.22999572753906,243.00999450683594,243.00999450683594,19629
2026-07-31 14:00:00+00:00,242.94000244140625,243.0399932861328,241.0399932861328,241.33999633789062,26812
2026-07-31 14:05:00+00:00,241.0,241.0,239.6300048828125,239.94000244140625,36462
2026-07-31 14:10:00+00:00,240.00999450683594,240.19000244140625,238.82000732421875,239.6199951171875,35719
2026-07-31 14:15:00+00:00,239.6199951171875,239.6199951171875,238.47999572753906,238.47999572753906,13910
2026-07-31 14:20:00+00:00,238.4600067138672,238.9199981689453,238.27999877929688,238.69000244140625,16838
2026-07-31 14:25:00+00:00,238.4600067138672,238.82000732421875,238.25999450683594,238.6875,23689
2026-07-31 14:30:00+00:00,238.63499450683594,239.13499450683594,238.32000732421875,238.32000732421875,19624
2026-07-31 14:35:00+00:00,238.3350067138672,239.02999877929688,238.3000030517578,238.89999389648438,26784
2026-07-31 14:40:00+00:00,238.9499969482422,241.1300048828125,238.9499969482422,241.1300048828125,28904
2026-07-31 14:45:00+00:00,241.28500366210938,241.9199981689453,241.28500366210938,241.65499877929688,21038
2026-07-31 14:50:00+00:00,241.39999389648438,241.39999389648438,240.75999450683594,240.99000549316406,15460
2026-07-31 14:55:00+00:00,240.88999938964844,240.97390747070312,240.5399932861328,240.6300048828125,11173
2026-07-31 15:00:00+00:00,240.6300048828125,240.8000030517578,240.22999572753906,240.8000030517578,16592
2026-07-31 15:05:00+00:00,240.6999969482422,240.8000030517578,240.19000244140625,240.2899932861328,11032
2026-07-31 15:10:00+00:00,240.24009704589844,240.6999969482422,240.24009704589844,240.4774932861328,11320
2026-07-31 15:15:00+00:00,240.35000610351562,240.42999267578125,239.8000030517578,239.8000030517578,12593
2026-07-31 15:20:00+00:00,239.8800048828125,239.8800048828125,239.44000244140625,239.51499938964844,11052
2026-07-31 15:25:00+00:00,239.61000061035156,239.82000732421875,239.17999267578125,239.17999267578125,15108
2026-07-31 15:30:00+00:00,239.17999267578125,239.23500061035156,238.6999969482422,238.83999633789062,20282
2026-07-31 15:35:00+00:00,238.89500427246094,238.99000549316406,237.9600067138672,238.3300018310547,34297
2026-07-31 15:40:00+00:00,238.25,238.7550048828125,238.24000549316406,238.7550048828125,12468
2026-07-31 15:45:00+00:00,238.60000610351562,238.63499450683594,237.99000549316406,238.63499450683594,13659
2026-07-31 15:50:00+00:00,238.47000122070312,238.85000610351562,238.40499877929688,238.40499877929688,14170
2026-07-31 15:55:00+00:00,238.24000549316406,238.38999938964844,238.1699981689453,238.1699981689453,15533
2026-07-31 16:00:00+00:00,238.27000427246094,238.36000061035156,238.10000610351562,238.2550048828125,7534
2026-07-31 16:05:00+00:00,238.36000061035156,239.14500427246094,238.17999267578125,238.60000610351562,25427
2026-07-31 16:10:00+00:00,238.6699981689453,239.02499389648438,238.63999938964844,238.88999938964844,11784
2026-07-31 16:15:00+00:00,239.02499389648438,239.25,238.91000366210938,239.02999877929688,8261
2026-07-31 16:20:00+00:00,239.0399932861328,239.22000122070312,238.91000366210938,239.06500244140625,15430
2026-07-31 16:25:00+00:00,238.9499969482422,238.9550018310547,238.25999450683594,238.41000366210938,15251
2026-07-31 16:30:00+00:00,238.59500122070312,239.23500061035156,238.59500122070312,239.23500061035156,19880
2026-07-31 16:35:00+00:00,239.33999633789062,239.61000061035156,239.33999633789062,239.50999450683594,10577
2026-07-31 16:40:00+00:00,239.55999755859375,239.95799255371094,239.55999755859375,239.86500549316406,7096
2026-07-31 16:45:00+00:00,239.74000549316406,239.8699951171875,239.6699981689453,239.6999969482422,12472
2026-07-31 16:50:00+00:00,239.65499877929688,239.75999450683594,239.35009765625,239.6199951171875,15118
2026-07-31 16:55:00+00:00,239.72999572753906,240.1199951171875,239.67999267578125,240.1199951171875,14810
2026-07-31 17:00:00+00:00,240.02000427246094,240.10000610351562,239.9600067138672,240.0399932861328,4383
2026-07-31 17:05:00+00:00,240.2899932861328,240.3000030517578,239.9199981689453,240.0800018310547,11453
2026-07-31 17:10:00+00:00,240.14999389648438,240.35000610351562,240.07000732421875,240.35000610351562,7087
2026-07-31 17:15:00+00:00,240.22999572753906,240.5850067138672,240.13499450683594,240.27999877929688,33398
2026-07-31 17:20:00+00:00,240.50999450683594,240.82000732421875,240.35499572753906,240.82000732421875,11880
2026-07-31 17:25:00+00:00,241.0500030517578,241.27000427246094,240.80999755859375,241.27000427246094,9556
2026-07-31 17:30:00+00:00,241.2050018310547,241.89599609375,241.11000061035156,241.72500610351562,17718
2026-07-31 17:35:00+00:00,241.66000366210938,241.66000366210938,241.13999938964844,241.13999938964844,12802
2026-07-31 17:40:00+00:00,241.14500427246094,241.7050018310547,241.14500427246094,241.4600067138672,8305
2026-07-31 17:45:00+00:00,241.32000732421875,241.34500122070312,240.68499755859375,241.2899932861328,13354
2026-07-31 17:50:00+00:00,241.1300048828125,241.2100067138672,240.97999572753906,241.2100067138672,5760
2026-07-31 17:55:00+00:00,241.22000122070312,241.5,241.22000122070312,241.5,5775
2026-07-31 18:00:00+00:00,241.5749969482422,241.5749969482422,241.1300048828125,241.35000610351562,12139
2026-07-31 18:05:00+00:00,241.35000610351562,241.35000610351562,241.11000061035156,241.22999572753906,8835
2026-07-31 18:10:00+00:00,241.3000030517578,241.4250030517578,241.07000732421875,241.32000732421875,7354
2026-07-31 18:15:00+00:00,241.36000061035156,241.40499877929688,241.1199951171875,241.36000061035156,8999
2026-07-31 18:20:00+00:00,241.5,241.61500549316406,241.47000122070312,241.51010131835938,7109
2026-07-31 18:25:00+00:00,241.52000427246094,241.64999389648438,241.52000427246094,241.5800018310547,7274
2026-07-31 18:30:00+00:00,241.75999450683594,241.75999450683594,241.41000366210938,241.4949951171875,11566
2026-07-31 18:35:00+00:00,241.42999267578125,241.46499633789062,241.3800048828125,241.40499877929688,8050
2026-07-31 18:40:00+00:00,241.44000244140625,241.92999267578125,241.4250030517578,241.92999267578125,8666
2026-07-31 18:45:00+00:00,242.09500122070312,242.4698944091797,242.09500122070312,242.16000366210938,8987
2026-07-31 18:50:00+00:00,242.1699981689453,242.25999450683594,242.13999938964844,242.13999938964844,6313
2026-07-31 18:55:00+00:00,242.05999755859375,242.3000030517578,242.0500030517578,242.22000122070312,6980
2026-07-31 19:00:00+00:00,242.22250366210938,242.22250366210938,242.02499389648438,242.02999877929688,10317
2026-07-31 19:05:00+00:00,242.0399932861328,242.25,241.9199981689453,242.25,10165
2026-07-31 19:10:00+00:00,242.36000061035156,242.52999877929688,242.3300018310547,242.41000366210938,5646
2026-07-31 19:15:00+00:00,242.39999389648438,243.02000427246094,242.39999389648438,243.02000427246094,16288
2026-07-31 19:20:00+00:00,242.96499633789062,243.11000061035156,242.7899932861328,242.97000122070312,21187
2026-07-31 19:25:00+00:00,242.9550018310547,242.9550018310547,242.75,242.88999938964844,8457
2026-07-31 19:30:00+00:00,242.90499877929688,242.90499877929688,242.3800048828125,242.72999572753906,22764
2026-07-31 19:35:00+00:00,242.8000030517578,242.9199981689453,242.6199951171875,242.91000366210938,16350
2026-07-31 19:40:00+00:00,242.86000061035156,243.19000244140625,242.52999877929688,243.09500122070312,26188
2026-07-31 19:45:00+00:00,243.02000427246094,243.02000427246094,241.7100067138672,241.9600067138672,30611
2026-07-31 19:50:00+00:00,241.5,242.6199951171875,241.5,242.27000427246094,53460
2026-07-31 19:55:00+00:00,242.26499938964844,243.35000610351562,242.26499938964844,242.89999389648438,127905
2026-07-31 20:00:00+00:00,242.92,245.89,242.79,242.92,0
2026-07-31 20:05:00+00:00,245.71,245.71,242.92,242.92,0
2026-07-31 20:10:00+00:00,242.92,249.734,242.92,243.75,0
2026-07-31 20:15:00+00:00,242.92,242.92,242.92,242.92,0
2026-07-31 20:20:00+00:00,242.92,242.92,239.3601,240.5605,0
2026-07-31 20:25:00+00:00,241.11,242.86,241.11,242.86,0
2026-07-31 20:30:00+00:00,239.36,242.92,239.36,242.92,0
2026-07-31 20:35:00+00:00,240.5,240.5,240.5,240.5,0
2026-07-31 20:40:00+00:00,242.86,242.86,242.86,242.86,0
2026-07-31 20:45:00+00:00,242.86,242.86,241.5,241.5,0
2026-07-31 20:50:00+00:00,242.25,242.8,241.5,242.8,0
2026-07-31 20:55:00+00:00,242.86,242.86,242.8,242.8,0
2026-07-31 21:00:00+00:00,239.07,239.07,239.07,239.07,0
2026-07-31 21:05:00+00:00,239.1501,242.86,239.1501,239.23,0
2026-07-31 21:10:00+00:00,242.86,242.86,241.5,241.5,0
2026-07-31 21:15:00+00:00,242.8588,242.86,242.79,242.79,0
2026-07-31 21:25:00+00:00,242.79,242.79,242.79,242.79,0
2026-07-31 21:30:00+00:00,242.781,242.781,242.781,242.781,0
2026-07-31 21:35:00+00:00,242.31,242.86,242.31,242.86,0
2026-07-31 21:45:00+00:00,238.375,241.1,238.375,241.1,0
2026-07-31 21:50:00+00:00,242.86,242.86,242.86,242.86,0
2026-07-31 21:55:00+00:00,242.78,242.78,242.78,242.78,0
2026-07-31 22:00:00+00:00,241.1,242.86,239.6574,242.86,0
2026-07-31 22:05:00+00:00,241.1,241.1,241.1,241.1,0
2026-07-31 22:10:00+00:00,242.76,242.76,239.7612,239.9252,0
2026-07-31 22:15:00+00:00,242.86,242.86,242.86,242.86,0
2026-07-31 22:20:00+00:00,242.7955,242.7955,241.76,241.76,0
2026-07-31 22:25:00+00:00,242.801,242.801,242.801,242.801,0
2026-07-31 22:30:00+00:00,242.92,242.92,242.92,242.92,0
2026-07-31 22:35:00+00:00,241.3,241.3,241.3,241.3,0
2026-07-31 22:40:00+00:00,242.8588,242.8588,242.8588,242.8588,0
2026-07-31 22:45:00+00:00,241.65,242.35,241.65,241.9694,0
2026-07-31 22:50:00+00:00,242.86,242.86,242.86,242.86,0
2026-07-31 22:55:00+00:00,242.36,242.36,242.35,242.35,0
2026-07-31 23:00:00+00:00,242.86,242.86,242.86,242.86,0
2026-07-31 23:05:00+00:00,242.68,242.68,242.68,242.68,0
2026-07-31 23:10:00+00:00,242.3105,242.3105,240.7987,240.7987,0
2026-07-31 23:20:00+00:00,241.5,241.5,241.1302,241.1302,0
2026-07-31 23:25:00+00:00,242.2797,242.2797,242.2797,242.2797,0
2026-07-31 23:30:00+00:00,242.31,242.31,242.31,242.31,0
2026-07-31 23:40:00+00:00,242.78,242.78,242.2272,242.3368,0
2026-07-31 23:50:00+00:00,242.26,242.31,242.26,242.26,0
2026-07-31 23:55:00+00:00,242.26,242.9,242.26,242.9,0
2026-08-03 08:00:00+00:00,243.89,248.7988,242.9212,244.17,0
2026-08-03 08:05:00+00:00,244.0,244.93,243.4612,243.4612,0
2026-08-03 08:20:00+00:00,244.01,244.4088,244.01,244.4088,0
2026-08-03 08:25:00+00:00,243.51,243.51,243.51,243.51,0
2026-08-03 08:35:00+00:00,244.0,244.0,244.0,244.0,0
2026-08-03 08:40:00+00:00,243.9282,243.9282,243.9,243.9,0
2026-08-03 08:45:00+00:00,243.9282,243.9282,243.4817,243.4817,0
2026-08-03 09:00:00+00:00,243.93,243.93,243.9,243.9,0
2026-08-03 09:05:00+00:00,243.8695,243.8695,243.8695,243.8695,0
2026-08-03 09:10:00+00:00,243.87,243.87,243.87,243.87,0
2026-08-03 09:20:00+00:00,244.3615,244.3615,244.3615,244.3615,0
2026-08-03 09:25:00+00:00,244.25,244.26,244.25,244.26,0
2026-08-03 09:30:00+00:00,244.2384,244.2384,244.2384,244.2384,0
2026-08-03 09:35:00+00:00,244.04,244.04,243.56,243.56,0
2026-08-03 09:45:00+00:00,244.22,244.3875,243.6397,244.25,0
2026-08-03 09:55:00+00:00,244.3877,244.3887,244.3877,244.3887,0
2026-08-03 10:00:00+00:00,244.26,244.26,244.25,244.25,0
2026-08-03 10:10:00+00:00,244.5788,245.0,243.4612,243.4612,0
2026-08-03 10:15:00+00:00,244.99,244.99,244.99,244.99,0
2026-08-03 10:20:00+00:00,244.0065,244.0065,244.0065,244.0065,0
2026-08-03 10:25:00+00:00,245.1345,245.14,245.1345,245.14,0
2026-08-03 10:30:00+00:00,245.14,245.14,245.14,245.14,0
2026-08-03 10:40:00+00:00,246.3288,246.3288,246.3288,246.3288,0
2026-08-03 10:45:00+00:00,246.0,246.0,245.1697,245.1697,0
2026-08-03 10:50:00+00:00,246.16,246.16,246.16,246.16,0
2026-08-03 10:55:00+00:00,246.2,246.2919,245.78,246.29,0
2026-08-03 11:00:00+00:00,245.66,246.12,245.66,246.02,0
2026-08-03 11:05:00+00:00,246.02,246.33,245.6,245.6,0
2026-08-03 11:10:00+00:00,246.2134,246.2134,245.68,245.94,0
2026-08-03 11:15:00+00:00,245.6381,246.33,245.6381,246.33,0
2026-08-03 11:20:00+00:00,245.6012,246.99,245.6012,246.99,0
2026-08-03 11:25:00+00:00,246.0,246.0,246.0,246.0,0
2026-08-03 11:30:00+00:00,246.86,247.0,246.4732,246.95,0
2026-08-03 11:35:00+00:00,246.4882,246.9,246.46,246.9,0
2026-08-03 11:40:00+00:00,246.95,246.9865,246.47,246.9865,0
2026-08-03 11:45:00+00:00,246.9,246.9,246.8,246.8,0
2026-08-03 11:50:00+00:00,246.46,247.42,246.46,247.34,0
2026-08-03 11:55:00+00:00,247.4,250.0,247.4,247.87,0
2026-08-03 12:00:00+00:00,249.9988,249.9988,249.9988,249.9988,0
2026-08-03 12:05:00+00:00,246.8,247.76,246.8,247.76,0
2026-08-03 12:10:00+00:00,247.88,247.88,247.88,247.88,0
2026-08-03 12:15:00+00:00,247.76,247.76,247.76,247.76,0
2026-08-03 12:20:00+00:00,247.3765,247.8,246.46,247.02,0
2026-08-03 12:25:00+00:00,246.4612,247.7665,246.4612,247.02,0
2026-08-03 12:30:00+00:00,246.4612,246.4612,246.4612,246.4612,0
2026-08-03 12:35:00+00:00,247.7665,247.7665,247.02,247.02,0
2026-08-03 12:40:00+00:00,247.02,247.02,247.02,247.02,0
2026-08-03 12:45:00+00:00,247.0,247.0,247.0,247.0,0
2026-08-03 12:50:00+00:00,247.05,247.4999,246.4612,246.4612,0
2026-08-03 12:55:00+00:00,247.0937,247.0937,246.9995,246.9995,0
2026-08-03 13:00:00+00:00,247.34,247.69,246.6677,247.6,0
2026-08-03 13:05:00+00:00,247.76,247.76,247.58,247.59,0
2026-08-03 13:10:00+00:00,247.59,247.7665,247.21,247.7665,0
2026-08-03 13:15:00+00:00,246.9907,247.8,246.9907,247.8,0
2026-08-03 13:20:00+00:00,246.46,247.8,246.46,247.8,0
2026-08-03 13:25:00+00:00,246.62,248.0,246.46,246.56,0
2026-08-03 13:30:00+00:00,246.0500030517578,247.8000030517578,243.75999450683594,244.69000244140625,71684
2026-08-03 13:35:00+00:00,244.39500427246094,246.8699951171875,244.33999633789062,246.80999755859375,18164
2026-08-03 13:40:00+00:00,246.80999755859375,247.66000366210938,246.52000427246094,247.49000549316406,17762
2026-08-03 13:45:00+00:00,247.49000549316406,248.0,247.14999389648438,247.42750549316406,22242
2026-08-03 13:50:00+00:00,247.60000610351562,248.4149932861328,247.5,247.72999572753906,12501
2026-08-03 13:55:00+00:00,247.9600067138672,248.30999755859375,247.61000061035156,247.61000061035156,14026
2026-08-03 14:00:00+00:00,247.87600708007812,247.87600708007812,247.00999450683594,247.5749969482422,22139
2026-08-03 14:05:00+00:00,247.86000061035156,248.1199951171875,247.67999267578125,247.69000244140625,10981
2026-08-03 14:10:00+00:00,247.63999938964844,247.8800048828125,247.31649780273438,247.72500610351562,14050
2026-08-03 14:15:00+00:00,247.86000061035156,248.0,247.41000366210938,247.67999267578125,10549
2026-08-03 14:20:00+00:00,247.6750030517578,247.6750030517578,246.63999938964844,247.1199951171875,12599
2026-08-03 14:25:00+00:00,247.2100067138672,247.58999633789062,246.97500610351562,246.97500610351562,15108
2026-08-03 14:30:00+00:00,246.9250030517578,247.1300048828125,246.0800018310547,246.08999633789062,13462
2026-08-03 14:35:00+00:00,246.36000061035156,246.36000061035156,245.0399932861328,245.0399932861328,29758
2026-08-03 14:40:00+00:00,245.1699981689453,246.02499389648438,245.1699981689453,245.8800048828125,16900
2026-08-03 14:45:00+00:00,245.8699951171875,245.96499633789062,244.85000610351562,244.86000061035156,10287
2026-08-03 14:50:00+00:00,244.85499572753906,245.33999633789062,244.69000244140625,245.2899932861328,6811
2026-08-03 14:55:00+00:00,245.4761962890625,245.4761962890625,244.9600067138672,245.05999755859375,10604
2026-08-03 15:00:00+00:00,245.22000122070312,245.72999572753906,245.19000244140625,245.19000244140625,9418
2026-08-03 15:05:00+00:00,245.13999938964844,245.8000030517578,245.00999450683594,245.8000030517578,11023
2026-08-03 15:10:00+00:00,246.16000366210938,246.16000366210938,245.5,245.82000732421875,10073
2026-08-03 15:15:00+00:00,246.00999450683594,246.00999450683594,245.5399932861328,246.00999450683594,8803
2026-08-03 15:20:00+00:00,246.25,247.3800048828125,245.38999938964844,247.3800048828125,35484
2026-08-03 15:25:00+00:00,247.3300018310547,247.64999389648438,246.92999267578125,247.44000244140625,19859
2026-08-03 15:30:00+00:00,247.63999938964844,247.92030334472656,247.6199951171875,247.7949981689453,12241
2026-08-03 15:35:00+00:00,247.92999267578125,248.45989990234375,247.92999267578125,248.39500427246094,18280
2026-08-03 15:40:00+00:00,248.1750030517578,248.22000122070312,247.27999877929688,247.27999877929688,16775
2026-08-03 15:45:00+00:00,247.24000549316406,247.5,247.21499633789062,247.5,9787
2026-08-03 15:50:00+00:00,247.52000427246094,247.9199981689453,247.3000030517578,247.69000244140625,28672
2026-08-03 15:55:00+00:00,247.52000427246094,247.63999938964844,246.75,246.9550018310547,17027
2026-08-03 16:00:00+00:00,246.9149932861328,246.9149932861328,245.76499938964844,246.4199981689453,24230
2026-08-03 16:05:00+00:00,246.375,246.4250030517578,246.14999389648438,246.41000366210938,7417
2026-08-03 16:10:00+00:00,246.41000366210938,246.6199951171875,246.30499267578125,246.55999755859375,14125
2026-08-03 16:15:00+00:00,246.38999938964844,246.38999938964844,246.02000427246094,246.125,9262
2026-08-03 16:20:00+00:00,245.88999938964844,246.13999938964844,245.64999389648438,245.6699981689453,9874
2026-08-03 16:25:00+00:00,245.72500610351562,245.86070251464844,245.44000244140625,245.55999755859375,13699
2026-08-03 16:30:00+00:00,245.5399932861328,246.3249969482422,245.52000427246094,246.22000122070312,44746
2026-08-03 16:35:00+00:00,246.07000732421875,246.46499633789062,245.72999572753906,246.4149932861328,10948
2026-08-03 16:40:00+00:00,246.3300018310547,246.50999450683594,246.1999969482422,246.1999969482422,1770
2026-08-03 16:45:00+00:00,246.18499755859375,246.2899932861328,245.8699951171875,246.2899932861328,9374
2026-08-03 16:50:00+00:00,246.27000427246094,246.27000427246094,246.11000061035156,246.11000061035156,3742
2026-08-03 16:55:00+00:00,246.07000732421875,246.16000366210938,246.02000427246094,246.11000061035156,7358
2026-08-03 17:00:00+00:00,246.0749969482422,246.0749969482422,245.7550048828125,245.8300018310547,4025
2026-08-03 17:05:00+00:00,245.77499389648438,245.8300018310547,245.61000061035156,245.68499755859375,7504
2026-08-03 17:10:00+00:00,245.91000366210938,246.0299072265625,245.88499450683594,246.0299072265625,6370
2026-08-03 17:15:00+00:00,245.99000549316406,245.99000549316406,245.614501953125,245.7449951171875,4033
2026-08-03 17:20:00+00:00,245.7449951171875,245.92999267578125,245.7449951171875,245.92999267578125,5704
2026-08-03 17:25:00+00:00,246.00999450683594,246.25999450683594,246.00999450683594,246.1199951171875,6585
2026-08-03 17:30:00+00:00,246.02000427246094,246.10000610351562,245.85000610351562,245.85000610351562,5539
2026-08-03 17:35:00+00:00,245.85000610351562,246.07000732421875,245.84010314941406,246.02000427246094,12048
2026-08-03 17:40:00+00:00,246.0399932861328,246.0399932861328,245.6300048828125,245.64999389648438,5626
2026-08-03 17:45:00+00:00,245.625,245.625,245.4199981689453,245.4199981689453,5762
2026-08-03 17:50:00+00:00,245.52999877929688,245.5800018310547,245.3300018310547,245.47999572753906,5897
2026-08-03 17:55:00+00:00,245.47999572753906,245.55999755859375,245.32000732421875,245.35000610351562,6272
2026-08-03 18:00:00+00:00,245.5,245.83999633789062,245.5,245.83999633789062,7106
2026-08-03 18:05:00+00:00,245.9600067138672,246.0399932861328,245.69000244140625,245.80999755859375,11048
2026-08-03 18:10:00+00:00,245.7899932861328,245.9499969482422,245.55999755859375,245.9199981689453,6915
2026-08-03 18:15:00+00:00,245.9250030517578,245.92999267578125,245.69000244140625,245.7949981689453,5938
2026-08-03 18:20:00+00:00,245.94000244140625,246.58999633789062,245.89999389648438,246.3800048828125,36553
2026-08-03 18:25:00+00:00,246.31500244140625,246.5500030517578,246.0,246.08999633789062,10407
2026-08-03 18:30:00+00:00,245.9199981689453,246.10989379882812,245.5,245.7899932861328,18497
2026-08-03 18:35:00+00:00,245.80999755859375,246.05999755859375,245.7899932861328,245.97999572753906,18181
2026-08-03 18:40:00+00:00,245.97999572753906,246.30499267578125,245.85000610351562,246.05999755859375,8377
2026-08-03 18:45:00+00:00,246.10000610351562,246.10000610351562,245.91000366210938,245.92999267578125,7163
2026-08-03 18:50:00+00:00,246.0,246.22999572753906,245.92999267578125,245.92999267578125,25039
2026-08-03 18:55:00+00:00,245.88999938964844,246.0,245.88999938964844,246.0,4521
2026-08-03 19:00:00+00:00,246.08999633789062,246.13999938964844,245.80999755859375,245.8800048828125,8050
2026-08-03 19:05:00+00:00,245.69000244140625,245.69000244140625,245.20010375976562,245.35000610351562,8215
2026-08-03 19:10:00+00:00,245.47999572753906,245.9499969482422,245.35000610351562,245.57000732421875,15744
2026-08-03 19:15:00+00:00,245.6300048828125,245.83999633789062,245.52999877929688,245.55999755859375,10647
2026-08-03 19:20:00+00:00,245.55999755859375,245.61500549316406,245.47999572753906,245.52000427246094,8578
2026-08-03 19:25:00+00:00,245.69000244140625,246.125,245.69000244140625,245.77999877929688,14568
2026-08-03 19:30:00+00:00,245.72999572753906,245.75999450683594,245.44000244140625,245.60000610351562,16404
2026-08-03 19:35:00+00:00,245.67999267578125,245.8000030517578,245.4499969482422,245.8000030517578,17534
2026-08-03 19:40:00+00:00,245.77999877929688,245.99000549316406,245.63999938964844,245.82000732421875,18462
2026-08-03 19:45:00+00:00,245.69000244140625,245.7050018310547,245.5500030517578,245.6300048828125,17157
2026-08-03 19:50:00+00:00,245.64999389648438,245.99000549316406,245.44000244140625,245.44000244140625,62286
2026-08-03 19:55:00+00:00,245.4199981689453,245.4199981689453,244.91000366210938,245.22999572753906,137437
2026-08-03 20:00:00+00:00,245.15,247.99,243.5,247.99,0
2026-08-03 20:05:00+00:00,246.9905,247.6599,243.5,244.74,0
2026-08-03 20:10:00+00:00,245.15,245.15,243.5,243.5,0
2026-08-03 20:15:00+00:00,245.15,247.8777,245.15,245.15,0
2026-08-03 20:20:00+00:00,245.15,247.5,245.15,246.0,0
2026-08-03 20:25:00+00:00,246.0,246.0,245.75,246.0,0
2026-08-03 20:30:00+00:00,246.9125,246.9125,243.5012,245.1,0
2026-08-03 20:35:00+00:00,243.5875,247.0,243.5001,243.5875,0
2026-08-03 20:40:00+00:00,246.9125,247.0,243.5875,247.0,0
2026-08-03 20:45:00+00:00,246.9125,246.9999,246.9125,246.9999,0
2026-08-03 20:50:00+00:00,246.9125,247.0,243.5,246.0,0
2026-08-03 20:55:00+00:00,246.9988,246.9988,244.9365,245.4,0
2026-08-03 21:00:00+00:00,245.1575,246.9125,243.5012,246.0,0
2026-08-03 21:05:00+00:00,246.0,247.0,245.78,245.84,0
2026-08-03 21:10:00+00:00,245.56,246.36,245.21,245.21,0
2026-08-03 21:15:00+00:00,246.9537,246.9999,246.0,246.9999,0
2026-08-03 21:20:00+00:00,246.9537,246.9537,246.9537,246.9537,0
2026-08-03 21:25:00+00:00,247.0,247.0,247.0,247.0,0
2026-08-03 21:35:00+00:00,245.21,246.9537,245.16,246.0,0
2026-08-03 21:40:00+00:00,246.9125,246.9125,243.5,243.5,0
2026-08-03 21:45:00+00:00,244.94,244.94,244.94,244.94,0
2026-08-03 21:50:00+00:00,243.5,243.5,243.5,243.5,0
2026-08-03 21:55:00+00:00,247.0,247.0,245.21,245.21,0
2026-08-03 22:00:00+00:00,245.55,247.0,245.55,247.0,0
2026-08-03 22:05:00+00:00,245.22,245.22,245.22,245.22,0
2026-08-03 22:10:00+00:00,245.23,246.9125,245.23,246.16,0
2026-08-03 22:15:00+00:00,245.55,246.16,245.55,246.16,0
2026-08-03 22:20:00+00:00,245.9375,246.0,245.55,245.55,0
2026-08-03 22:25:00+00:00,243.5,246.0,243.5,246.0,0
2026-08-03 22:35:00+00:00,246.0,246.0,243.5,244.6374,0
2026-08-03 22:55:00+00:00,245.53,245.53,243.5,243.5,0
2026-08-03 23:00:00+00:00,245.21,245.21,245.21,245.21,0
2026-08-03 23:05:00+00:00,245.56,245.56,245.56,245.56,0
2026-08-03 23:10:00+00:00,243.5,246.0,243.5,244.525,0
2026-08-03 23:15:00+00:00,245.4987,245.4987,245.4987,245.4987,0
2026-08-03 23:20:00+00:00,243.5,243.5,243.5,243.5,0
2026-08-03 23:25:00+00:00,245.55,245.55,245.54,245.54,0
2026-08-03 23:30:00+00:00,245.54,245.54,243.5875,244.6374,0
2026-08-03 23:35:00+00:00,245.5499,245.5499,245.5499,245.5499,0
2026-08-03 23:40:00+00:00,245.55,245.55,245.55,245.55,0
2026-08-03 23:45:00+00:00,245.21,245.4987,243.5,243.5,0
2026-08-03 23:50:00+00:00,245.55,245.55,245.49,245.49,0
2026-08-03 23:55:00+00:00,245.392,245.5,245.392,245.5,0
2026-08-04 08:00:00+00:00,246.015,247.7988,240.148,245.18,0
2026-08-04 08:05:00+00:00,245.26,245.26,245.0,245.0,0
2026-08-04 08:10:00+00:00,245.21,245.35,245.21,245.35,0
2026-08-04 08:15:00+00:00,244.0112,245.35,244.0112,245.35,0
2026-08-04 08:20:00+00:00,245.5397,245.5397,245.5397,245.5397,0
2026-08-04 08:30:00+00:00,244.47,244.47,244.47,244.47,0
2026-08-04 08:35:00+00:00,245.54,245.54,245.54,245.54,0
2026-08-04 08:40:00+00:00,244.22,244.22,244.22,244.22,0
2026-08-04 08:45:00+00:00,245.5388,245.5388,245.5388,245.5388,0
2026-08-04 08:50:00+00:00,245.5388,245.5388,245.5388,245.5388,0
2026-08-04 09:00:00+00:00,245.5388,245.5388,245.5388,245.5388,0
2026-08-04 09:10:00+00:00,244.32,244.32,244.32,244.32,0
2026-08-04 09:15:00+00:00,244.56,245.4015,244.56,245.4015,0
2026-08-04 09:20:00+00:00,244.31,245.304,244.2,245.304,0
2026-08-04 09:25:00+00:00,245.0998,245.0998,245.0998,245.0998,0
2026-08-04 09:30:00+00:00,244.2,244.2,244.2,244.2,0
2026-08-04 09:40:00+00:00,245.5388,245.5388,245.5388,245.5388,0
2026-08-04 09:50:00+00:00,244.56,244.56,244.56,244.56,0
2026-08-04 09:55:00+00:00,244.56,245.5388,244.56,245.5388,0
2026-08-04 10:00:00+00:00,244.53,244.53,244.53,244.53,0
2026-08-04 10:20:00+00:00,244.5,244.5,244.5,244.5,0
2026-08-04 10:25:00+00:00,244.48,244.75,244.48,244.75,0
2026-08-04 10:30:00+00:00,245.0505,245.0505,245.0505,245.0505,0
2026-08-04 10:40:00+00:00,245.15,245.15,245.15,245.15,0
2026-08-04 10:50:00+00:00,245.15,245.15,244.51,244.51,0
2026-08-04 10:55:00+00:00,242.4804,243.9,242.4804,243.9,0
2026-08-04 11:00:00+00:00,244.98,244.98,243.0012,244.0,0
2026-08-04 11:05:00+00:00,244.98,245.0,244.73,244.75,0
2026-08-04 11:10:00+00:00,243.0,243.0,243.0,243.0,0
2026-08-04 11:15:00+00:00,243.0012,244.68,243.0012,244.68,0
2026-08-04 11:20:00+00:00,244.8168,244.8168,244.8168,244.8168,0
2026-08-04 11:25:00+00:00,244.0,244.0,244.0,244.0,0
2026-08-04 11:35:00+00:00,242.25,244.0012,242.25,244.0012,0
2026-08-04 11:40:00+00:00,245.1488,245.1488,242.25,242.25,0
2026-08-04 11:45:00+00:00,245.15,245.15,244.75,245.09,0
2026-08-04 11:50:00+00:00,245.1488,245.1488,244.01,244.98,0
2026-08-04 11:55:00+00:00,245.15,245.15,244.98,244.98,0
2026-08-04 12:00:00+00:00,244.94,245.15,244.136,245.15,0
2026-08-04 12:05:00+00:00,245.0,245.0,244.11,244.9,0
2026-08-04 12:10:00+00:00,244.89,244.89,244.11,244.11,0
2026-08-04 12:15:00+00:00,245.1488,245.1488,244.68,244.89,0
2026-08-04 12:20:00+00:00,244.51,244.51,244.1112,244.3206,0
2026-08-04 12:25:00+00:00,244.4,245.15,244.11,245.15,0
2026-08-04 12:30:00+00:00,244.73,244.73,244.73,244.73,0
2026-08-04 12:35:00+00:00,244.11,245.1488,244.11,244.3206,0
2026-08-04 12:40:00+00:00,244.73,244.73,244.12,244.3062,0
2026-08-04 12:45:00+00:00,244.11,245.15,244.0,244.4047,0
2026-08-04 12:50:00+00:00,243.0,244.64,243.0,244.0,0
2026-08-04 12:55:00+00:00,244.39,244.39,244.0,244.01,0
2026-08-04 13:00:00+00:00,243.99,245.15,242.25,245.0837,0
2026-08-04 13:05:00+00:00,245.15,245.15,243.34,243.34,0
2026-08-04 13:10:00+00:00,243.88,243.99,243.132,243.34,0
2026-08-04 13:15:00+00:00,243.8536,243.99,243.84,243.99,0
2026-08-04 13:20:00+00:00,243.76,243.85,243.76,243.85,0
2026-08-04 13:25:00+00:00,243.88,245.15,243.88,244.73,0
2026-08-04 13:30:00+00:00,244.19000244140625,245.64999389648438,243.9199981689453,245.64999389648438,34599
2026-08-04 13:35:00+00:00,245.98500061035156,246.25,244.85000610351562,244.85000610351562,14078
2026-08-04 13:40:00+00:00,244.8686065673828,245.00999450683594,243.91000366210938,244.09500122070312,17573
2026-08-04 13:45:00+00:00,244.09500122070312,244.09500122070312,243.42999267578125,243.75,12403
2026-08-04 13:50:00+00:00,243.9550018310547,244.64999389648438,243.75,244.64999389648438,11291
2026-08-04 13:55:00+00:00,244.83999633789062,245.30999755859375,244.5,244.5,9287
2026-08-04 14:00:00+00:00,244.52000427246094,244.60000610351562,243.75,244.0,16036
2026-08-04 14:05:00+00:00,243.74000549316406,243.97999572753906,243.41000366210938,243.9149932861328,15144
2026-08-04 14:10:00+00:00,244.0,244.1999969482422,243.47000122070312,243.88999938964844,15541
2026-08-04 14:15:00+00:00,243.75999450683594,244.6649932861328,243.7100067138672,244.6649932861328,15603
2026-08-04 14:20:00+00:00,244.6649932861328,244.6649932861328,243.75,243.8249969482422,11682
2026-08-04 14:25:00+00:00,243.89500427246094,243.89500427246094,243.5449981689453,243.68499755859375,7134
2026-08-04 14:30:00+00:00,243.88999938964844,243.88999938964844,243.5399932861328,243.75999450683594,7727
2026-08-04 14:35:00+00:00,243.83999633789062,243.83999633789062,243.00999450683594,243.02000427246094,12819
2026-08-04 14:40:00+00:00,243.00999450683594,243.52999877929688,243.00999450683594,243.07000732421875,19263
2026-08-04 14:45:00+00:00,243.22000122070312,243.2200927734375,242.8000030517578,243.01499938964844,12453
2026-08-04 14:50:00+00:00,243.1875,243.1875,242.7449951171875,242.86500549316406,10887
2026-08-04 14:55:00+00:00,242.77000427246094,243.19000244140625,242.77000427246094,243.11000061035156,15819
2026-08-04 15:00:00+00:00,243.13999938964844,243.41659545898438,242.6699981689453,242.77999877929688,23302
2026-08-04 15:05:00+00:00,242.6699981689453,242.77999877929688,242.05999755859375,242.43179321289062,13994
2026-08-04 15:10:00+00:00,242.25,242.389892578125,241.5,241.52999877929688,17283
2026-08-04 15:15:00+00:00,241.5050048828125,241.72000122070312,241.32000732421875,241.59500122070312,15402
2026-08-04 15:20:00+00:00,241.57000732421875,242.02459716796875,241.4499969482422,241.9949951171875,22050
2026-08-04 15:25:00+00:00,241.8800048828125,241.90499877929688,241.57000732421875,241.8800048828125,11533
2026-08-04 15:30:00+00:00,241.75999450683594,241.77999877929688,240.94000244140625,240.94000244140625,10451
2026-08-04 15:35:00+00:00,241.02999877929688,241.10479736328125,240.25999450683594,241.02200317382812,28530
2026-08-04 15:40:00+00:00,241.22000122070312,241.4499969482422,241.0,241.05999755859375,9351
2026-08-04 15:45:00+00:00,241.17999267578125,241.52000427246094,241.02000427246094,241.47999572753906,13486
2026-08-04 15:50:00+00:00,241.64999389648438,241.7449951171875,241.5050048828125,241.63519287109375,10889
2026-08-04 15:55:00+00:00,241.5749969482422,241.9600067138672,241.5749969482422,241.8699951171875,13573
2026-08-04 16:00:00+00:00,241.8699951171875,241.8699951171875,241.52000427246094,241.64999389648438,9554
2026-08-04 16:05:00+00:00,241.60000610351562,241.97000122070312,241.57000732421875,241.97000122070312,14572
2026-08-04 16:10:00+00:00,241.90499877929688,242.1199951171875,241.86000061035156,241.9550018310547,8585
2026-08-04 16:15:00+00:00,241.8699951171875,242.02000427246094,241.61000061035156,241.61000061035156,9694
2026-08-04 16:20:00+00:00,241.7100067138672,241.89999389648438,241.59500122070312,241.6699981689453,11517
2026-08-04 16:25:00+00:00,241.6649932861328,241.77000427246094,241.5399932861328,241.77000427246094,6884
2026-08-04 16:30:00+00:00,241.77499389648438,241.89999389648438,241.58999633789062,241.6750030517578,15951
2026-08-04 16:35:00+00:00,241.60000610351562,241.60000610351562,241.2100067138672,241.38999938964844,9926
2026-08-04 16:40:00+00:00,241.32000732421875,241.38999938964844,240.74000549316406,240.74000549316406,13954
2026-08-04 16:45:00+00:00,240.9499969482422,241.1699981689453,240.7100067138672,240.9600067138672,16559
2026-08-04 16:50:00+00:00,240.8800048828125,241.0,240.8000030517578,240.8699951171875,11243
2026-08-04 16:55:00+00:00,241.02000427246094,241.02000427246094,240.1999969482422,240.85000610351562,47889
2026-08-04 17:00:00+00:00,240.77000427246094,241.125,240.74000549316406,240.94000244140625,15487
2026-08-04 17:05:00+00:00,241.02499389648438,241.25709533691406,240.86500549316406,241.04949951171875,7694
2026-08-04 17:10:00+00:00,240.89999389648438,241.0800018310547,240.89999389648438,241.02999877929688,8211
2026-08-04 17:15:00+00:00,240.9600067138672,240.9600067138672,240.52000427246094,240.74000549316406,11176
2026-08-04 17:20:00+00:00,240.65499877929688,240.86109924316406,240.57000732421875,240.86109924316406,10895
2026-08-04 17:25:00+00:00,240.6699981689453,240.8000030517578,240.60499572753906,240.8000030517578,13335
2026-08-04 17:30:00+00:00,240.73849487304688,241.05999755859375,240.73849487304688,240.77000427246094,10926
2026-08-04 17:35:00+00:00,240.74000549316406,240.91000366210938,240.61000061035156,240.8300018310547,8417
2026-08-04 17:40:00+00:00,240.6300048828125,240.7100067138672,240.27999877929688,240.52000427246094,10351
2026-08-04 17:45:00+00:00,240.65499877929688,240.8300018310547,240.6199951171875,240.80999755859375,9545
2026-08-04 17:50:00+00:00,240.88999938964844,240.97999572753906,240.6999969482422,240.9499969482422,7897
2026-08-04 17:55:00+00:00,240.80999755859375,240.89999389648438,240.6699981689453,240.6699981689453,8571
2026-08-04 18:00:00+00:00,240.60000610351562,240.60000610351562,239.94000244140625,240.4949951171875,23983
2026-08-04 18:05:00+00:00,240.44000244140625,240.55999755859375,240.0850067138672,240.1374969482422,12359
2026-08-04 18:10:00+00:00,240.21749877929688,240.86000061035156,240.21749877929688,240.77999877929688,19667
2026-08-04 18:15:00+00:00,240.80999755859375,240.94000244140625,240.61000061035156,240.9149932861328,11937
2026-08-04 18:20:00+00:00,240.88999938964844,241.10989379882812,240.66000366210938,240.9600067138672,8749
2026-08-04 18:25:00+00:00,240.83999633789062,241.02999877929688,240.83999633789062,241.02000427246094,8960
2026-08-04 18:30:00+00:00,241.0850067138672,241.0850067138672,240.82000732421875,240.8249969482422,7157
2026-08-04 18:35:00+00:00,240.91220092773438,241.11500549316406,240.8800048828125,241.07000732421875,8192
2026-08-04 18:40:00+00:00,241.07000732421875,241.11500549316406,240.89999389648438,240.89999389648438,8449
2026-08-04 18:45:00+00:00,240.83999633789062,240.94000244140625,240.5200958251953,240.52999877929688,10885
2026-08-04 18:50:00+00:00,240.64999389648438,240.72500610351562,240.5500030517578,240.60000610351562,14244
2026-08-04 18:55:00+00:00,240.74000549316406,241.5,240.6999969482422,241.2899932861328,16618
2026-08-04 19:00:00+00:00,241.27000427246094,241.6699981689453,241.24000549316406,241.36000061035156,12495
2026-08-04 19:05:00+00:00,241.4149932861328,241.51499938964844,241.2100067138672,241.42999267578125,13152
2026-08-04 19:10:00+00:00,241.33999633789062,241.36000061035156,241.19000244140625,241.2899932861328,18154
2026-08-04 19:15:00+00:00,241.3300018310547,241.52999877929688,241.2949981689453,241.3699951171875,14260
2026-08-04 19:20:00+00:00,241.3699951171875,241.69000244140625,241.24000549316406,241.3350067138672,18948
2026-08-04 19:25:00+00:00,241.27000427246094,241.4199981689453,241.1300048828125,241.13499450683594,15370
2026-08-04 19:30:00+00:00,241.0800018310547,241.08999633789062,240.55999755859375,240.6300048828125,25076
2026-08-04 19:35:00+00:00,240.75,241.0,240.6649932861328,240.8699951171875,28905
2026-08-04 19:40:00+00:00,240.85000610351562,241.24000549316406,240.85000610351562,240.97999572753906,18847
2026-08-04 19:45:00+00:00,241.0,241.22500610351562,239.97999572753906,240.26499938964844,57653
2026-08-04 19:50:00+00:00,240.05999755859375,240.27999877929688,239.50999450683594,240.0850067138672,77427
2026-08-04 19:55:00+00:00,239.99000549316406,240.5,239.75999450683594,240.25,192389
2026-08-04 20:00:00+00:00,240.22,242.33,240.0285,240.22,0
2026-08-04 20:05:00+00:00,240.22,240.33,239.0,240.045,0
2026-08-04 20:10:00+00:00,240.22,242.33,240.22,242.1102,0
2026-08-04 20:15:00+00:00,240.22,241.91,240.22,241.78,0
2026-08-04 20:20:00+00:00,241.9,242.33,241.9,242.33,0
2026-08-04 20:25:00+00:00,240.24,242.33,240.22,241.07,0
2026-08-04 20:30:00+00:00,240.55,242.33,240.18,242.33,0
2026-08-04 20:35:00+00:00,241.0,242.33,240.27,240.3117,0
2026-08-04 20:40:00+00:00,240.3,240.98,240.3,240.98,0
2026-08-04 20:45:00+00:00,242.2782,242.2782,241.61,241.63,0
2026-08-04 20:50:00+00:00,242.2782,242.2782,240.26,240.26,0
2026-08-04 20:55:00+00:00,242.3288,242.3288,241.6067,242.0,0
2026-08-04 21:00:00+00:00,242.33,242.33,240.26,241.4,0
2026-08-04 21:05:00+00:00,241.38,242.33,241.28,242.0,0
2026-08-04 21:10:00+00:00,240.26,242.0,240.26,241.5,0
2026-08-04 21:15:00+00:00,241.5,242.33,240.27,242.33,0
2026-08-04 21:20:00+00:00,240.27,242.0,240.27,240.27,0
2026-08-04 21:25:00+00:00,240.3207,242.3,240.3207,241.04,0
2026-08-04 21:30:00+00:00,241.68,241.68,240.27,240.27,0
2026-08-04 21:35:00+00:00,241.04,242.0,241.04,242.0,0
2026-08-04 21:40:00+00:00,242.3,242.3,240.27,242.0,0
2026-08-04 21:45:00+00:00,241.99,241.99,240.5462,240.5462,0
2026-08-04 21:50:00+00:00,242.2788,242.2788,242.0,242.2788,0
2026-08-04 21:55:00+00:00,241.97,242.28,241.97,241.97,0
2026-08-04 22:00:00+00:00,242.2287,242.2287,242.2287,242.2287,0
2026-08-04 22:05:00+00:00,242.28,242.28,242.28,242.28,0
2026-08-04 22:10:00+00:00,241.97,241.99,241.02,241.02,0
2026-08-04 22:15:00+00:00,242.2988,242.2988,242.2988,242.2988,0
2026-08-04 22:25:00+00:00,241.04,242.2492,241.04,242.2492,0
2026-08-04 22:30:00+00:00,240.3207,242.3,240.3207,241.52,0
2026-08-04 22:45:00+00:00,241.52,241.52,241.04,241.04,0
2026-08-04 22:50:00+00:00,242.3665,242.3665,242.3665,242.3665,0
2026-08-04 22:55:00+00:00,241.52,241.52,240.28,241.52,0
2026-08-04 23:05:00+00:00,241.7,242.42,241.04,241.04,0
2026-08-04 23:10:00+00:00,241.745,241.745,241.745,241.745,0
2026-08-04 23:15:00+00:00,242.2495,242.2495,241.04,241.04,0
2026-08-04 23:20:00+00:00,241.5,242.2495,241.5,241.52,0
2026-08-04 23:30:00+00:00,240.27,240.27,240.27,240.27,0
2026-08-04 23:35:00+00:00,240.28,242.3,240.28,242.3,0
2026-08-04 23:40:00+00:00,242.3,242.3,242.3,242.3,0
2026-08-04 23:45:00+00:00,242.3,242.3,241.0,241.0,0
2026-08-04 23:50:00+00:00,240.82,241.97,240.8,241.97,0
2026-08-04 23:55:00+00:00,242.0,242.0,240.28,240.28,0
2026-08-05 08:00:00+00:00,244.293,244.293,238.707,243.0,0
2026-08-05 08:05:00+00:00,241.06,241.64,241.06,241.64,0
2026-08-05 08:10:00+00:00,244.4295,244.43,244.4295,244.43,0
2026-08-05 08:15:00+00:00,241.81,241.81,241.81,241.81,0
2026-08-05 08:25:00+00:00,244.4002,244.4888,240.9,240.9,0
2026-08-05 08:30:00+00:00,244.4,244.4,244.4,244.4,0
2026-08-05 08:35:00+00:00,241.95,241.95,241.95,241.95,0
2026-08-05 08:40:00+00:00,241.18,241.64,241.18,241.4,0
2026-08-05 08:50:00+00:00,241.0,241.17,240.9,241.17,0
2026-08-05 09:00:00+00:00,240.473,240.473,240.473,240.473,0
2026-08-05 09:05:00+00:00,241.97,244.1626,241.97,244.1626,0
2026-08-05 09:10:00+00:00,240.3712,240.3712,240.3712,240.3712,0
2026-08-05 09:15:00+00:00,244.4788,244.4788,241.17,241.17,0
2026-08-05 09:25:00+00:00,244.1188,244.1188,244.1188,244.1188,0
2026-08-05 09:30:00+00:00,244.1188,244.1188,240.37,241.5,0
2026-08-05 09:35:00+00:00,240.3712,240.3712,240.3712,240.3712,0
2026-08-05 09:40:00+00:00,240.37,244.4152,240.37,244.4152,0
2026-08-05 09:50:00+00:00,241.5747,241.59,241.54,241.54,0
2026-08-05 09:55:00+00:00,241.5747,241.5747,241.5747,241.5747,0
2026-08-05 10:10:00+00:00,241.9,241.9,241.9,241.9,0
2026-08-05 10:20:00+00:00,244.4,244.4,244.4,244.4,0
2026-08-05 10:25:00+00:00,241.9012,244.49,241.9012,244.49,0
2026-08-05 10:30:00+00:00,241.99,242.04,241.92,242.04,0
2026-08-05 10:40:00+00:00,242.38,242.38,242.38,242.38,0
2026-08-05 10:45:00+00:00,244.49,244.49,242.04,242.23,0
2026-08-05 10:50:00+00:00,244.0937,244.0937,242.33,242.35,0
2026-08-05 10:55:00+00:00,242.35,242.35,242.35,242.35,0
2026-08-05 11:00:00+00:00,242.2,244.4,242.2,244.4,0
2026-08-05 11:05:00+00:00,242.32,243.0,242.32,243.0,0
2026-08-05 11:15:00+00:00,242.45,244.16,241.65,242.46,0
2026-08-05 11:25:00+00:00,244.1488,244.1488,244.1488,244.1488,0
2026-08-05 11:30:00+00:00,243.9788,243.9788,243.48,243.48,0
2026-08-05 11:35:00+00:00,243.62,243.62,241.54,242.6,0
2026-08-05 11:40:00+00:00,241.6982,241.6982,241.6982,241.6982,0
2026-08-05 11:45:00+00:00,243.95,243.95,243.48,243.48,0
2026-08-05 11:50:00+00:00,243.48,243.95,241.65,243.95,0
2026-08-05 11:55:00+00:00,243.95,243.95,242.0483,243.95,0
2026-08-05 12:00:00+00:00,242.6,242.6,242.6,242.6,0
2026-08-05 12:10:00+00:00,242.6,243.95,242.0012,243.95,0
2026-08-05 12:15:00+00:00,240.5862,243.95,240.5,243.95,0
2026-08-05 12:25:00+00:00,243.09,243.09,243.0,243.0,0
2026-08-05 12:30:00+00:00,242.77,243.9488,242.6,242.6,0
2026-08-05 12:35:00+00:00,242.72,243.95,242.6435,243.95,0
2026-08-05 12:40:00+00:00,242.6435,243.95,242.6435,243.85,0
2026-08-05 12:45:00+00:00,243.5,243.95,242.74,243.95,0
2026-08-05 12:50:00+00:00,243.68,243.6997,242.61,243.03,0
2026-08-05 12:55:00+00:00,243.03,243.63,242.75,243.63,0
2026-08-05 13:00:00+00:00,243.9102,243.9102,242.7797,243.04,0
2026-08-05 13:05:00+00:00,243.48,243.49,242.75,242.75,0
2026-08-05 13:10:00+00:00,242.78,243.48,242.7512,242.7512,0
2026-08-05 13:15:00+00:00,242.81,243.63,242.76,243.365,0
2026-08-05 13:20:00+00:00,243.4514,243.4514,243.4514,243.4514,0
2026-08-05 13:25:00+00:00,243.79,244.417,242.75,242.96,0
2026-08-05 13:30:00+00:00,242.5,243.39999389648438,240.50999450683594,241.08999633789062,43250
2026-08-05 13:35:00+00:00,241.08999633789062,241.2550048828125,240.50999450683594,240.8249969482422,20697
2026-08-05 13:40:00+00:00,241.25999450683594,241.4600067138672,240.27999877929688,240.97000122070312,11208
2026-08-05 13:45:00+00:00,240.97999572753906,240.97999572753906,239.64999389648438,239.89999389648438,18233
2026-08-05 13:50:00+00:00,239.3699951171875,240.0,239.0,239.0,10425
2026-08-05 13:55:00+00:00,239.23019409179688,239.23019409179688,238.6199951171875,239.07359313964844,13941
2026-08-05 14:00:00+00:00,238.89500427246094,239.06500244140625,238.25,238.8350067138672,11213
2026-08-05 14:05:00+00:00,238.73989868164062,239.0800018310547,238.36000061035156,239.05999755859375,11666
2026-08-05 14:10:00+00:00,239.4199981689453,239.77999877929688,239.4199981689453,239.77999877929688,7537
2026-08-05 14:15:00+00:00,239.77000427246094,239.77999877929688,239.4499969482422,239.4499969482422,6675
2026-08-05 14:20:00+00:00,239.50999450683594,239.51499938964844,239.02999877929688,239.02999877929688,12778
2026-08-05 14:25:00+00:00,239.2100067138672,239.67999267578125,239.13999938964844,239.41000366210938,8111
2026-08-05 14:30:00+00:00,239.30999755859375,239.7100067138672,239.2899932861328,239.2899932861328,9475
2026-08-05 14:35:00+00:00,239.16000366210938,239.32000732421875,238.6999969482422,239.05999755859375,8067
2026-08-05 14:40:00+00:00,239.02999877929688,239.19000244140625,238.07000732421875,238.07000732421875,8651
2026-08-05 14:45:00+00:00,238.69500732421875,238.69500732421875,238.1199951171875,238.3300018310547,6630
2026-08-05 14:50:00+00:00,238.59500122070312,238.75999450683594,238.51499938964844,238.7100067138672,5343
2026-08-05 14:55:00+00:00,238.8300018310547,238.8300018310547,238.44000244140625,238.52499389648438,10921
2026-08-05 15:00:00+00:00,238.6300048828125,238.6300048828125,233.1300048828125,236.55999755859375,277359
2026-08-05 15:05:00+00:00,236.60499572753906,237.9600067138672,236.02999877929688,237.7899932861328,56109
2026-08-05 15:10:00+00:00,238.27000427246094,239.1199951171875,237.9499969482422,238.3800048828125,40482
2026-08-05 15:15:00+00:00,238.38999938964844,238.8000030517578,237.83999633789062,238.47000122070312,16320
2026-08-05 15:20:00+00:00,238.46949768066406,238.47000122070312,237.9600067138672,238.00999450683594,11694
2026-08-05 15:25:00+00:00,238.07000732421875,238.07000732421875,237.55999755859375,237.77000427246094,8090
2026-08-05 15:30:00+00:00,237.32000732421875,237.97000122070312,237.32000732421875,237.8300018310547,10915
2026-08-05 15:35:00+00:00,237.6999969482422,237.7050018310547,236.9600067138672,236.9600067138672,17758
2026-08-05 15:40:00+00:00,236.88999938964844,236.92999267578125,236.72999572753906,236.72999572753906,7338
2026-08-05 15:45:00+00:00,236.72999572753906,237.5,236.69000244140625,236.85000610351562,11670
2026-08-05 15:50:00+00:00,236.67999267578125,236.72500610351562,235.86000061035156,236.22000122070312,13333
2026-08-05 15:55:00+00:00,236.22000122070312,236.64500427246094,236.16000366210938,236.57000732421875,9515
2026-08-05 16:00:00+00:00,236.57000732421875,236.57000732421875,236.0399932861328,236.22000122070312,15366
2026-08-05 16:05:00+00:00,236.08999633789062,236.1199951171875,235.8300018310547,235.8800048828125,13597
2026-08-05 16:10:00+00:00,235.39999389648438,235.51499938964844,234.91000366210938,235.02499389648438,29460
2026-08-05 16:15:00+00:00,234.86000061035156,235.08990478515625,234.55999755859375,234.9600067138672,14742
2026-08-05 16:20:00+00:00,235.00999450683594,235.32000732421875,235.00999450683594,235.0500030517578,8220
2026-08-05 16:25:00+00:00,234.9600067138672,235.33999633789062,233.69000244140625,233.88999938964844,40028
2026-08-05 16:30:00+00:00,233.77999877929688,234.4600067138672,233.77999877929688,234.11000061035156,18159
2026-08-05 16:35:00+00:00,234.0,234.11000061035156,233.6300048828125,233.6300048828125,16879
2026-08-05 16:40:00+00:00,233.72999572753906,233.87989807128906,233.5399932861328,233.74000549316406,11656
2026-08-05 16:45:00+00:00,233.92999267578125,233.92999267578125,232.3350067138672,233.5449981689453,36215
2026-08-05 16:50:00+00:00,233.5399932861328,233.58999633789062,233.22579956054688,233.40499877929688,13421
2026-08-05 16:55:00+00:00,233.33999633789062,234.0850067138672,233.27000427246094,234.0850067138672,20524
2026-08-05 17:00:00+00:00,234.16000366210938,234.9499969482422,234.10000610351562,234.4600067138672,20882
2026-08-05 17:05:00+00:00,234.57000732421875,234.88999938964844,234.5500030517578,234.88999938964844,5705
2026-08-05 17:10:00+00:00,234.87950134277344,235.3699951171875,234.84869384765625,235.32000732421875,16746
2026-08-05 17:15:00+00:00,235.50999450683594,235.63999938964844,234.88999938964844,235.10499572753906,27364
2026-08-05 17:20:00+00:00,235.1999969482422,235.36000061035156,235.00999450683594,235.00999450683594,8087
2026-08-05 17:25:00+00:00,235.27999877929688,235.74000549316406,235.17999267578125,235.66000366210938,11114
2026-08-05 17:30:00+00:00,235.6699981689453,235.6699981689453,235.34010314941406,235.34010314941406,9319
2026-08-05 17:35:00+00:00,235.4199981689453,235.4199981689453,234.9499969482422,235.02999877929688,9010
2026-08-05 17:40:00+00:00,235.0050048828125,235.02999877929688,234.9499969482422,235.02999877929688,4268
2026-08-05 17:45:00+00:00,235.1699981689453,235.1699981689453,234.94000244140625,234.9600067138672,6096
2026-08-05 17:50:00+00:00,234.98199462890625,235.143798828125,234.94000244140625,234.9600067138672,9500
2026-08-05 17:55:00+00:00,235.02000427246094,235.02000427246094,234.6199951171875,234.625,17827
2026-08-05 18:00:00+00:00,234.74000549316406,234.75999450683594,234.3800048828125,234.44000244140625,16360
2026-08-05 18:05:00+00:00,234.42999267578125,234.56500244140625,234.31500244140625,234.56500244140625,7064
2026-08-05 18:10:00+00:00,234.5749969482422,235.468994140625,234.55999755859375,235.36000061035156,33337
2026-08-05 18:15:00+00:00,235.45899963378906,235.67999267578125,235.1300048828125,235.1999969482422,15537
2026-08-05 18:20:00+00:00,235.14500427246094,235.1999969482422,235.0,235.1999969482422,11856
2026-08-05 18:25:00+00:00,235.27000427246094,235.85000610351562,235.27000427246094,235.5500030517578,15452
2026-08-05 18:30:00+00:00,235.51499938964844,235.99000549316406,235.26539611816406,235.77000427246094,15260
2026-08-05 18:35:00+00:00,235.83999633789062,235.8800048828125,235.55999755859375,235.8800048828125,11634
2026-08-05 18:40:00+00:00,235.82000732421875,236.25999450683594,235.82000732421875,236.1199951171875,10729
2026-08-05 18:45:00+00:00,236.17999267578125,236.24989318847656,235.8000030517578,235.8000030517578,13121
2026-08-05 18:50:00+00:00,235.64500427246094,235.9499969482422,235.6300048828125,235.9499969482422,8058
2026-08-05 18:55:00+00:00,235.8800048828125,235.9250030517578,235.73500061035156,235.88999938964844,11386
2026-08-05 19:00:00+00:00,235.77999877929688,236.3000030517578,235.75999450683594,236.3000030517578,18634
2026-08-05 19:05:00+00:00,236.49000549316406,236.7100067138672,236.36000061035156,236.47000122070312,13137
2026-08-05 19:10:00+00:00,236.5399932861328,236.60000610351562,236.3699951171875,236.51499938964844,14324
2026-08-05 19:15:00+00:00,236.56500244140625,236.58999633789062,236.19000244140625,236.19000244140625,9509
2026-08-05 19:20:00+00:00,236.2899932861328,236.38999938964844,236.1300048828125,236.3800048828125,13845
2026-08-05 19:25:00+00:00,236.27000427246094,236.33999633789062,235.72000122070312,235.72000122070312,17542
2026-08-05 19:30:00+00:00,235.8300018310547,235.99000549316406,235.58999633789062,235.64999389648438,17601
2026-08-05 19:35:00+00:00,235.64999389648438,235.66000366210938,235.3699951171875,235.41000366210938,13978
2026-08-05 19:40:00+00:00,235.49000549316406,235.50999450683594,235.24000549316406,235.3350067138672,15619
2026-08-05 19:45:00+00:00,235.3350067138672,235.55999755859375,235.24000549316406,235.35499572753906,28427
2026-08-05 19:50:00+00:00,235.2100067138672,235.22999572753906,234.31500244140625,234.31500244140625,48847
2026-08-05 19:55:00+00:00,234.81500244140625,235.27000427246094,234.7100067138672,234.89999389648438,137293
2026-08-05 20:00:00+00:00,234.91,239.0,234.91,237.0,0
2026-08-05 20:05:00+00:00,236.42,238.9,234.55,237.0,0
2026-08-05 20:10:00+00:00,234.91,237.0,233.0,236.01,0
2026-08-05 20:15:00+00:00,234.91,237.0,234.0033,237.0,0
2026-08-05 20:20:00+00:00,234.52,236.61,233.0,233.0,0
2026-08-05 20:25:00+00:00,237.0,237.0,233.0,233.0,0
2026-08-05 20:30:00+00:00,235.31,237.0,233.0875,233.0875,0
2026-08-05 20:35:00+00:00,235.19,236.4125,235.19,235.59,0
2026-08-05 20:40:00+00:00,235.76,236.0,234.96,236.0,0
2026-08-05 20:45:00+00:00,236.0,236.5,235.44,235.82,0
2026-08-05 20:50:00+00:00,234.91,236.0,234.91,234.9601,0
2026-08-05 20:55:00+00:00,235.1,237.924,234.9601,237.924,0
2026-08-05 21:00:00+00:00,237.85,237.85,235.15,235.15,0
2026-08-05 21:05:00+00:00,237.7777,237.7777,236.74,236.74,0
2026-08-05 21:10:00+00:00,235.5,239.0,235.5,239.0,0
2026-08-05 21:15:00+00:00,237.13,238.899,235.17,235.17,0
2026-08-05 21:20:00+00:00,236.49,236.61,235.15,236.61,0
2026-08-05 21:25:00+00:00,236.61,239.0,236.61,239.0,0
2026-08-05 21:30:00+00:00,237.86,237.86,237.86,237.86,0
2026-08-05 21:35:00+00:00,236.73,237.9513,235.15,236.0,0
2026-08-05 21:40:00+00:00,236.0,238.4115,234.8622,237.6475,0
2026-08-05 21:45:00+00:00,236.0,238.5,234.7,238.5,0
2026-08-05 21:55:00+00:00,238.5,238.5,235.98,235.98,0
2026-08-05 22:00:00+00:00,236.63,236.63,236.63,236.63,0
2026-08-05 22:05:00+00:00,238.5,238.5,234.91,234.96,0
2026-08-05 22:10:00+00:00,234.93,234.93,234.92,234.92,0
2026-08-05 22:15:00+00:00,235.5,235.5,235.5,235.5,0
2026-08-05 22:20:00+00:00,235.2,235.2,234.92,234.92,0
2026-08-05 22:25:00+00:00,238.4988,238.4988,234.7501,234.7512,0
2026-08-05 22:30:00+00:00,235.5,235.99,235.5,235.99,0
2026-08-05 22:35:00+00:00,238.5,238.5,238.5,238.5,0
2026-08-05 22:40:00+00:00,236.22,238.5,236.09,238.5,0
2026-08-05 22:45:00+00:00,236.09,238.5,235.85,235.85,0
2026-08-05 22:50:00+00:00,237.9513,237.9513,237.9513,237.9513,0
2026-08-05 22:55:00+00:00,235.3143,235.3143,235.3143,235.3143,0
2026-08-05 23:05:00+00:00,235.0301,236.48,234.73,236.48,0
2026-08-05 23:10:00+00:00,235.85,235.85,235.85,235.85,0
2026-08-05 23:15:00+00:00,236.0,236.0,236.0,236.0,0
2026-08-05 23:20:00+00:00,234.7312,238.5,234.7312,238.5,0
2026-08-05 23:30:00+00:00,235.5,236.44,235.5,236.44,0
2026-08-05 23:35:00+00:00,238.5,238.5,238.5,238.5,0
2026-08-05 23:40:00+00:00,236.0,237.1199,236.0,237.1199,0
2026-08-05 23:45:00+00:00,236.938,238.5,235.0,238.5,0
2026-08-05 23:50:00+00:00,238.5,238.5,238.5,238.5,0
2026-08-05 23:55:00+00:00,238.5,238.5,235.0,237.7607,0
2026-08-06 08:00:00+00:00,240.909,240.909,234.657,235.04,0
2026-08-06 08:05:00+00:00,237.01,237.01,236.61,236.61,0
2026-08-06 08:10:00+00:00,235.0,235.0,235.0,235.0,0
2026-08-06 08:15:00+00:00,235.83,235.83,235.83,235.83,0
2026-08-06 08:20:00+00:00,235.83,235.83,235.83,235.83,0
2026-08-06 08:25:00+00:00,240.109,240.109,236.5,236.5,0
2026-08-06 08:30:00+00:00,236.5,236.57,235.99,236.0,0
2026-08-06 08:35:00+00:00,238.8788,238.8788,238.8788,238.8788,0
2026-08-06 08:40:00+00:00,238.87,238.87,236.39,236.5,0
2026-08-06 08:45:00+00:00,237.44,237.44,235.409,236.92,0
2026-08-06 08:50:00+00:00,236.92,236.92,236.48,236.48,0
2026-08-06 08:55:00+00:00,238.8788,238.8788,238.8788,238.8788,0
2026-08-06 09:00:00+00:00,236.9,237.6,236.6472,237.46,0
2026-08-06 09:10:00+00:00,237.5,237.5,237.5,237.5,0
2026-08-06 09:15:00+00:00,237.78,237.78,237.2005,237.2005,0
2026-08-06 09:20:00+00:00,237.78,237.78,237.78,237.78,0
2026-08-06 09:25:00+00:00,241.1188,241.1188,241.1188,241.1188,0
2026-08-06 09:30:00+00:00,237.18,237.18,237.18,237.18,0
2026-08-06 09:45:00+00:00,237.0,237.0,236.6057,236.6057,0
2026-08-06 09:55:00+00:00,240.7521,241.06,237.69,240.8,0
2026-08-06 10:00:00+00:00,238.56,240.5888,238.56,239.1,0
2026-08-06 10:05:00+00:00,239.1,239.11,239.0,239.0,0
2026-08-06 10:10:00+00:00,239.0,239.0,239.0,239.0,0
2026-08-06 10:15:00+00:00,238.89,239.8962,238.89,239.85,0
2026-08-06 10:25:00+00:00,238.33,239.9188,238.01,238.75,0
2026-08-06 10:30:00+00:00,239.5088,239.5088,238.75,239.5088,0
2026-08-06 10:35:00+00:00,239.0,239.0,238.75,238.75,0
2026-08-06 10:40:00+00:00,238.75,238.75,238.75,238.75,0
2026-08-06 10:45:00+00:00,238.75,238.75,238.75,238.75,0
2026-08-06 10:50:00+00:00,239.01,239.01,238.75,238.75,0
2026-08-06 10:55:00+00:00,237.9372,237.9372,237.9372,237.9372,0
2026-08-06 11:00:00+00:00,238.23,238.9988,236.48,236.48,0
2026-08-06 11:05:00+00:00,237.12,237.12,235.66,235.66,0
2026-08-06 11:10:00+00:00,236.1905,237.5,236.1905,237.5,0
2026-08-06 11:15:00+00:00,237.74,238.68,236.0705,236.0705,0
2026-08-06 11:20:00+00:00,237.0,238.9988,236.89,238.9988,0
2026-08-06 11:25:00+00:00,236.87,239.0,236.87,239.0,0
2026-08-06 11:30:00+00:00,238.9252,238.9252,236.1,236.1,0
2026-08-06 11:35:00+00:00,236.99,236.99,236.99,236.99,0
2026-08-06 11:40:00+00:00,236.99,238.922,236.99,236.99,0
2026-08-06 11:45:00+00:00,237.0,237.0,237.0,237.0,0
2026-08-06 11:50:00+00:00,235.8803,235.8803,235.8803,235.8803,0
2026-08-06 11:55:00+00:00,236.66,238.9888,236.5,236.5,0
2026-08-06 12:00:00+00:00,236.86,240.5,236.86,239.44,0
2026-08-06 12:05:00+00:00,239.379,242.9,237.3782,241.44,0
2026-08-06 12:10:00+00:00,242.0,243.0,239.0,243.0,0
2026-08-06 12:15:00+00:00,242.43,243.75,239.25,243.2019,0
2026-08-06 12:20:00+00:00,243.0,243.75,242.41,243.5,0
2026-08-06 12:25:00+00:00,243.74,245.0,242.5,245.0,0
2026-08-06 12:30:00+00:00,245.0,246.6,243.5375,246.015,0
2026-08-06 12:35:00+00:00,245.98,246.6,243.5,243.94,0
2026-08-06 12:40:00+00:00,245.0,245.7102,244.13,245.0,0
2026-08-06 12:45:00+00:00,244.9275,245.9988,243.5,244.87,0
2026-08-06 12:50:00+00:00,243.99,244.8488,243.5,243.5,0
2026-08-06 12:55:00+00:00,244.49,244.49,243.035,244.0,0
2026-08-06 13:00:00+00:00,244.0,244.0,242.3741,242.8,0
2026-08-06 13:05:00+00:00,243.29,243.99,242.9067,243.0,0
2026-08-06 13:10:00+00:00,243.0,243.9417,242.0,243.0,0
2026-08-06 13:15:00+00:00,243.0,243.3,242.25,243.0,0
2026-08-06 13:20:00+00:00,243.3,243.3,241.2,242.79,0
2026-08-06 13:25:00+00:00,243.0,243.71,240.0,241.2,0
2026-08-06 13:30:00+00:00,240.0500030517578,242.41000366210938,237.9499969482422,237.9499969482422,247853
2026-08-06 13:35:00+00:00,238.10000610351562,240.22999572753906,238.0,239.51499938964844,53459
2026-08-06 13:40:00+00:00,239.56480407714844,239.75999450683594,237.6199951171875,237.77000427246094,48820
2026-08-06 13:45:00+00:00,237.89999389648438,238.7100067138672,237.36000061035156,237.4499969482422,37782
2026-08-06 13:50:00+00:00,237.6199951171875,238.22999572753906,236.89999389648438,236.96499633789062,28618
2026-08-06 13:55:00+00:00,237.0,237.1300048828125,234.5363006591797,235.19000244140625,54135
2026-08-06 14:00:00+00:00,235.19000244140625,235.19000244140625,233.5399932861328,233.84500122070312,43965
2026-08-06 14:05:00+00:00,233.83999633789062,234.0500030517578,232.55999755859375,232.69000244140625,42388
2026-08-06 14:10:00+00:00,232.78500366210938,232.7899932861328,230.7899932861328,230.9550018310547,55136
2026-08-06 14:15:00+00:00,230.9499969482422,231.19000244140625,229.72999572753906,230.32000732421875,75494
2026-08-06 14:20:00+00:00,230.23500061035156,231.0399932861328,229.83999633789062,230.66000366210938,84936
2026-08-06 14:25:00+00:00,230.72999572753906,232.6199951171875,230.7100067138672,232.47000122070312,106746
2026-08-06 14:30:00+00:00,232.5050048828125,232.72000122070312,231.75999450683594,232.02000427246094,35560
2026-08-06 14:35:00+00:00,232.125,232.19000244140625,231.11000061035156,231.11000061035156,37012
2026-08-06 14:40:00+00:00,231.1999969482422,231.61000061035156,231.19000244140625,231.2100067138672,51621
2026-08-06 14:45:00+00:00,231.1699981689453,231.72999572753906,230.99000549316406,231.38999938964844,29189
2026-08-06 14:50:00+00:00,231.48500061035156,232.0500030517578,231.22000122070312,232.0500030517578,36384
2026-08-06 14:55:00+00:00,232.0,232.4799041748047,231.85000610351562,231.85000610351562,40474
2026-08-06 15:00:00+00:00,231.85000610351562,232.1699981689453,231.85000610351562,231.94500732421875,32721
2026-08-06 15:05:00+00:00,232.05999755859375,233.5850067138672,232.05999755859375,233.43499755859375,67500
2026-08-06 15:10:00+00:00,233.57000732421875,234.38999938964844,233.02000427246094,233.5749969482422,52056
2026-08-06 15:15:00+00:00,233.50999450683594,234.0,233.25999450683594,233.75999450683594,33112
2026-08-06 15:20:00+00:00,233.77999877929688,234.1699981689453,233.55999755859375,233.9499969482422,19873
2026-08-06 15:25:00+00:00,234.13999938964844,234.7899932861328,233.84500122070312,234.7899932861328,42327
2026-08-06 15:30:00+00:00,234.9199981689453,235.1300048828125,234.72500610351562,234.77999877929688,33225
2026-08-06 15:35:00+00:00,234.6199951171875,235.58999633789062,234.41000366210938,235.5,28746
2026-08-06 15:40:00+00:00,235.42999267578125,235.52000427246094,234.61000061035156,234.7550048828125,17164
2026-08-06 15:45:00+00:00,234.6699981689453,235.26499938964844,234.66000366210938,235.16000366210938,15656
2026-08-06 15:50:00+00:00,235.14999389648438,235.2100067138672,234.85009765625,234.85009765625,10873
2026-08-06 15:55:00+00:00,234.7899932861328,235.0,234.69500732421875,234.7624969482422,13113
2026-08-06 16:00:00+00:00,235.25,235.39999389648438,234.6909942626953,234.82000732421875,22892
2026-08-06 16:05:00+00:00,235.02000427246094,235.25,234.69970703125,235.22999572753906,15122
2026-08-06 16:10:00+00:00,235.2550048828125,235.49000549316406,235.16000366210938,235.33999633789062,16606
2026-08-06 16:15:00+00:00,235.2550048828125,235.25999450683594,234.53500366210938,234.53500366210938,33997
2026-08-06 16:20:00+00:00,234.5500030517578,234.6699981689453,234.53500366210938,234.5399932861328,6794
2026-08-06 16:25:00+00:00,234.58999633789062,234.74949645996094,234.30999755859375,234.66000366210938,18699
2026-08-06 16:30:00+00:00,234.7100067138672,234.90750122070312,234.62249755859375,234.62249755859375,11982
2026-08-06 16:35:00+00:00,234.53500366210938,234.53500366210938,233.99000549316406,234.10000610351562,15877
2026-08-06 16:40:00+00:00,234.0800018310547,234.3800048828125,234.0500030517578,234.125,13510
2026-08-06 16:45:00+00:00,234.22000122070312,234.60000610351562,234.1999969482422,234.39999389648438,9247
2026-08-06 16:50:00+00:00,234.25,234.4324951171875,233.91000366210938,234.1300048828125,12206
2026-08-06 16:55:00+00:00,234.10000610351562,234.50999450683594,234.0749969482422,234.50999450683594,12026
2026-08-06 17:00:00+00:00,234.24000549316406,234.4499969482422,233.92999267578125,234.10000610351562,14989
2026-08-06 17:05:00+00:00,234.17999267578125,234.1999969482422,233.60000610351562,233.76499938964844,41386
2026-08-06 17:10:00+00:00,234.0,234.51499938964844,233.86000061035156,234.51499938964844,21727
2026-08-06 17:15:00+00:00,234.47500610351562,235.46499633789062,234.47500610351562,235.46499633789062,48825
2026-08-06 17:20:00+00:00,235.5,235.85499572753906,235.41000366210938,235.77999877929688,13375
2026-08-06 17:25:00+00:00,235.6699981689453,236.52630615234375,235.49000549316406,236.4499969482422,32840
2026-08-06 17:30:00+00:00,236.5399932861328,236.5800018310547,235.8350067138672,235.91000366210938,30374
2026-08-06 17:35:00+00:00,236.08999633789062,236.41000366210938,236.08999633789062,236.28500366210938,16814
2026-08-06 17:40:00+00:00,236.2899932861328,236.3350067138672,236.0,236.3000030517578,11976
2026-08-06 17:45:00+00:00,236.30999755859375,236.47999572753906,236.1699981689453,236.22999572753906,11852
2026-08-06 17:50:00+00:00,236.2449951171875,236.34500122070312,235.7899932861328,235.7949981689453,18116
2026-08-06 17:55:00+00:00,235.91000366210938,236.19000244140625,235.5977020263672,235.5977020263672,26213
2026-08-06 18:00:00+00:00,235.72500610351562,235.7449951171875,235.3350067138672,235.74000549316406,15100
2026-08-06 18:05:00+00:00,235.7449951171875,235.91000366210938,235.38999938964844,235.38999938964844,10178
2026-08-06 18:10:00+00:00,235.39999389648438,235.55499267578125,235.25999450683594,235.55499267578125,10813
2026-08-06 18:15:00+00:00,235.49000549316406,235.67999267578125,235.41000366210938,235.52499389648438,15753
2026-08-06 18:20:00+00:00,235.52499389648438,235.61000061035156,232.4949951171875,232.67999267578125,67969
2026-08-06 18:25:00+00:00,232.77000427246094,233.52999877929688,232.72999572753906,233.42990112304688,51428
2026-08-06 18:30:00+00:00,233.3249969482422,233.77000427246094,233.17999267578125,233.17999267578125,40527
2026-08-06 18:35:00+00:00,233.25999450683594,233.25999450683594,232.7949981689453,233.01499938964844,24070
2026-08-06 18:40:00+00:00,232.91929626464844,233.0500030517578,232.5,232.5,29640
2026-08-06 18:45:00+00:00,232.58999633789062,232.6300048828125,231.6199951171875,231.72999572753906,51063
2026-08-06 18:50:00+00:00,231.69000244140625,231.83999633789062,230.94000244140625,230.94000244140625,48356
2026-08-06 18:55:00+00:00,231.0,231.85000610351562,231.0,231.75250244140625,35845
2026-08-06 19:00:00+00:00,231.7449951171875,232.2100067138672,231.5,231.50999450683594,42623
2026-08-06 19:05:00+00:00,231.51499938964844,231.88999938964844,231.1699981689453,231.67999267578125,38994
2026-08-06 19:10:00+00:00,231.6699981689453,231.89999389648438,229.74000549316406,229.9250030517578,61302
2026-08-06 19:15:00+00:00,229.76199340820312,230.1024932861328,229.22000122070312,229.6750030517578,105733
2026-08-06 19:20:00+00:00,229.6750030517578,230.0800018310547,229.11000061035156,229.31500244140625,37149
2026-08-06 19:25:00+00:00,229.31500244140625,229.82000732421875,228.91000366210938,229.08999633789062,51850
2026-08-06 19:30:00+00:00,229.1999053955078,229.44000244140625,228.1999969482422,229.00990295410156,80909
2026-08-06 19:35:00+00:00,229.3300018310547,229.42999267578125,228.52000427246094,228.86000061035156,48191
2026-08-06 19:40:00+00:00,228.8800048828125,229.19000244140625,228.74000549316406,229.01499938964844,60142
2026-08-06 19:45:00+00:00,229.02499389648438,229.74000549316406,228.83999633789062,229.74000549316406,87412
2026-08-06 19:50:00+00:00,230.00999450683594,231.72999572753906,229.8350067138672,230.85000610351562,140977
2026-08-06 19:55:00+00:00,230.74000549316406,232.73989868164062,230.52000427246094,232.6699981689453,360874
2026-08-06 20:00:00+00:00,232.47,234.48,231.0,232.9988,0
2026-08-06 20:05:00+00:00,232.0,233.0,231.2,232.9,0
2026-08-06 20:10:00+00:00,233.0,233.0,232.0,232.0,0
2026-08-06 20:15:00+00:00,232.47,232.47,232.0,232.3784,0
2026-08-06 20:20:00+00:00,232.47,233.0,231.98,232.8,0
2026-08-06 20:25:00+00:00,231.0058,233.0,231.0058,232.99,0
2026-08-06 20:30:00+00:00,232.9999,233.0,232.03,232.9411,0
2026-08-06 20:35:00+00:00,233.0,233.0,232.5,232.9218,0
2026-08-06 20:40:00+00:00,232.638,235.0,232.5937,234.5,0
2026-08-06 20:45:00+00:00,233.46,235.0,233.46,234.7535,0
2026-08-06 20:50:00+00:00,234.79,234.8,234.34,234.8,0
2026-08-06 20:55:00+00:00,234.8,234.8,233.99,234.4874,0
2026-08-06 21:00:00+00:00,234.8,234.8,232.47,232.55,0
2026-08-06 21:05:00+00:00,234.8,234.8,232.47,234.442,0
2026-08-06 21:10:00+00:00,234.54,236.5,234.44,234.76,0
2026-08-06 21:15:00+00:00,234.76,234.88,233.4,233.99,0
2026-08-06 21:20:00+00:00,234.7588,234.76,232.47,234.76,0
2026-08-06 21:25:00+00:00,234.5304,234.76,233.0927,233.0927,0
2026-08-06 21:30:00+00:00,234.26,234.76,234.26,234.48,0
2026-08-06 21:35:00+00:00,234.26,234.76,233.99,234.76,0
2026-08-06 21:40:00+00:00,233.05,234.76,233.05,234.625,0
2026-08-06 21:45:00+00:00,233.05,234.76,233.05,234.75,0
2026-08-06 21:50:00+00:00,234.76,234.76,234.51,234.76,0
2026-08-06 21:55:00+00:00,234.76,234.76,234.4,234.6,0
2026-08-06 22:00:00+00:00,234.76,234.76,234.3977,234.4,0
2026-08-06 22:05:00+00:00,234.5,236.5,233.854,236.5,0
2026-08-06 22:10:00+00:00,235.8,238.0,235.8,237.5,0
2026-08-06 22:15:00+00:00,236.62,240.0,235.5964,237.97,0
2026-08-06 22:20:00+00:00,239.9122,239.99,236.7,236.7,0
2026-08-06 22:25:00+00:00,237.12,239.99,237.02,239.99,0
2026-08-06 22:30:00+00:00,237.0,237.0,234.9,234.9,0
2026-08-06 22:35:00+00:00,237.13,237.13,235.6095,237.0,0
2026-08-06 22:40:00+00:00,237.0,237.0432,236.7,236.9,0
2026-08-06 22:45:00+00:00,237.05,239.88,237.05,239.8,0
2026-08-06 22:50:00+00:00,237.0,239.87,236.5,239.87,0
2026-08-06 22:55:00+00:00,237.12,239.74,237.12,237.19,0
2026-08-06 23:00:00+00:00,238.0,239.74,237.09,238.9999,0
2026-08-06 23:05:00+00:00,238.9375,238.9375,236.5,237.9999,0
2026-08-06 23:10:00+00:00,236.5,237.0542,235.0,236.0951,0
2026-08-06 23:15:00+00:00,235.0,236.0,235.0,235.12,0
2026-08-06 23:20:00+00:00,235.12,236.5,234.76,235.14,0
2026-08-06 23:25:00+00:00,236.17,236.5,234.76,235.5,0
2026-08-06 23:30:00+00:00,236.5,236.5,236.2303,236.5,0
2026-08-06 23:35:00+00:00,234.99,234.99,232.9,234.5,0
2026-08-06 23:40:00+00:00,234.0,234.5935,233.683,233.8999,0
2026-08-06 23:45:00+00:00,235.88,236.5,233.0633,233.77,0
2026-08-06 23:50:00+00:00,234.9,235.0,234.9,235.0,0
2026-08-06 23:55:00+00:00,235.0,236.5,235.0,236.5,0
2026-08-07 08:00:00+00:00,234.5,245.28,232.47,236.86,0
2026-08-07 08:05:00+00:00,236.11,238.5,235.77,238.5,0
2026-08-07 08:10:00+00:00,238.5,238.5,236.3,236.65,0
2026-08-07 08:15:00+00:00,237.41,237.99,236.44,236.44,0
2026-08-07 08:20:00+00:00,235.0012,237.61,235.0012,237.61,0
2026-08-07 08:25:00+00:00,237.34,237.99,236.5,236.5,0
2026-08-07 08:30:00+00:00,236.7,237.9429,236.7,237.0,0
2026-08-07 08:35:00+00:00,237.0,238.2988,236.0575,238.0,0
2026-08-07 08:40:00+00:00,237.72,238.5,237.0375,238.5,0
2026-08-07 08:45:00+00:00,238.45,238.5,238.05,238.05,0
2026-08-07 08:50:00+00:00,239.4988,239.4988,239.4988,239.4988,0
2026-08-07 08:55:00+00:00,239.4526,239.4526,238.5,238.5,0
2026-08-07 09:00:00+00:00,239.24,242.0,238.49,241.18,0
2026-08-07 09:05:00+00:00,241.09,242.01,240.01,240.5,0
2026-08-07 09:10:00+00:00,241.0,242.0,240.5,240.5,0
2026-08-07 09:15:00+00:00,240.0112,241.0,240.0,240.0,0
2026-08-07 09:20:00+00:00,240.0,240.7388,240.0,240.19,0
2026-08-07 09:25:00+00:00,240.19,240.6715,240.0,240.2,0
2026-08-07 09:30:00+00:00,238.0685,241.49,238.0685,240.9943,0
2026-08-07 09:35:00+00:00,241.49,242.0388,240.51,240.51,0
2026-08-07 09:40:00+00:00,241.8422,241.8422,239.845,239.845,0
2026-08-07 09:45:00+00:00,240.0,240.2,238.0,238.0,0
2026-08-07 09:50:00+00:00,239.65,240.2,238.0,238.0,0
2026-08-07 09:55:00+00:00,238.0,240.1988,238.0,239.5,0
2026-08-07 10:00:00+00:00,239.7387,239.9525,238.0,239.1,0
2026-08-07 10:05:00+00:00,238.0,239.9,236.53,238.12,0
2026-08-07 10:10:00+00:00,238.6822,239.5,237.68,239.5,0
2026-08-07 10:15:00+00:00,237.34,239.5,236.5008,237.52,0
2026-08-07 10:20:00+00:00,237.99,238.9,236.5,237.99,0
2026-08-07 10:25:00+00:00,237.72,237.73,232.1,234.42,0
2026-08-07 10:30:00+00:00,233.34,235.0,233.0,234.738,0
2026-08-07 10:35:00+00:00,234.724,235.0,233.67,234.95,0
2026-08-07 10:40:00+00:00,235.0,235.0,234.0,234.0,0
2026-08-07 10:45:00+00:00,234.77,235.0,234.168,234.79,0
2026-08-07 10:50:00+00:00,234.79,234.96,233.2937,234.92,0
2026-08-07 10:55:00+00:00,234.44,234.78,234.44,234.66,0
2026-08-07 11:00:00+00:00,234.8,234.8,233.94,234.6,0
2026-08-07 11:05:00+00:00,234.6,234.8,233.5,234.75,0
2026-08-07 11:10:00+00:00,234.7535,234.8,233.51,234.4,0
2026-08-07 11:15:00+00:00,234.4,235.0,233.52,234.8,0
2026-08-07 11:20:00+00:00,235.0,235.53,233.52,235.02,0
2026-08-07 11:25:00+00:00,235.4,239.5,234.0,234.0,0
2026-08-07 11:30:00+00:00,235.58,235.58,215.1,228.2,0
2026-08-07 11:35:00+00:00,228.2,232.6,225.0,227.04,0
2026-08-07 11:40:00+00:00,225.03,230.04,225.02,228.99,0
2026-08-07 11:45:00+00:00,228.0,232.004,228.0,229.94,0
2026-08-07 11:50:00+00:00,230.5,231.52,228.31,230.4367,0
2026-08-07 11:55:00+00:00,231.01,233.33,231.01,232.34,0
2026-08-07 12:00:00+00:00,232.33,233.2,231.86,232.7552,0
2026-08-07 12:05:00+00:00,232.99,233.0,228.88,230.0,0
2026-08-07 12:10:00+00:00,230.7224,233.0,230.0,232.8,0
2026-08-07 12:15:00+00:00,232.8,235.0,230.05,234.7381,0
2026-08-07 12:20:00+00:00,234.5397,239.25,232.0563,236.0,0
2026-08-07 12:25:00+00:00,236.0,238.9988,235.0,236.0,0
2026-08-07 12:30:00+00:00,236.0,237.0,233.21,237.0,0
2026-08-07 12:35:00+00:00,235.5,238.0,233.8,234.9891,0
2026-08-07 12:40:00+00:00,233.9946,235.29,233.5,233.75,0
2026-08-07 12:45:00+00:00,233.5,236.55,233.2,235.5,0
2026-08-07 12:50:00+00:00,236.55,238.0,234.1,238.0,0
2026-08-07 12:55:00+00:00,235.4,236.0,234.1,235.1,0
2026-08-07 13:00:00+00:00,235.39,235.9988,234.1,234.517,0
2026-08-07 13:05:00+00:00,234.517,235.9888,234.1472,235.47,0
2026-08-07 13:10:00+00:00,235.0,237.89,235.0,236.99,0
2026-08-07 13:15:00+00:00,237.8,237.8,235.5312,236.0,0
2026-08-07 13:20:00+00:00,236.99,237.99,235.6,235.8875,0
2026-08-07 13:25:00+00:00,235.82,236.73,232.5,234.01,0
2026-08-07 13:30:00+00:00,233.5,239.99000549316406,232.25999450683594,234.00999450683594,419190
2026-08-07 13:35:00+00:00,234.25999450683594,238.4600067138672,233.47000122070312,237.77499389648438,54540
2026-08-07 13:40:00+00:00,237.78500366210938,239.47999572753906,237.0200958251953,237.0200958251953,26766
2026-08-07 13:45:00+00:00,237.46499633789062,238.61000061035156,236.38009643554688,237.5,32801
2026-08-07 13:50:00+00:00,237.38499450683594,237.38499450683594,235.10000610351562,235.4774932861328,53150
2026-08-07 13:55:00+00:00,235.47250366210938,235.47500610351562,234.02349853515625,234.02349853515625,45800
2026-08-07 14:00:00+00:00,234.46499633789062,235.33999633789062,231.0679931640625,232.35000610351562,50505
2026-08-07 14:05:00+00:00,232.6300048828125,235.32000732421875,232.6300048828125,234.96499633789062,48052
2026-08-07 14:10:00+00:00,234.97000122070312,238.17999267578125,234.2899932861328,237.55999755859375,63535
2026-08-07 14:15:00+00:00,237.50999450683594,239.27999877929688,237.47300720214844,238.7100067138672,30790
2026-08-07 14:20:00+00:00,239.35000610351562,241.0,238.97000122070312,240.60000610351562,45682
2026-08-07 14:25:00+00:00,240.43499755859375,241.07000732421875,239.6475067138672,239.65480041503906,32685
2026-08-07 14:30:00+00:00,239.54849243164062,241.56500244140625,239.54849243164062,241.22000122070312,42134
2026-08-07 14:35:00+00:00,241.3007049560547,242.5,240.58889770507812,242.32000732421875,44624
2026-08-07 14:40:00+00:00,242.35000610351562,242.8524932861328,242.02999877929688,242.8524932861328,28520
2026-08-07 14:45:00+00:00,242.92999267578125,243.2100067138672,242.1300048828125,242.32249450683594,45450
2026-08-07 14:50:00+00:00,242.16000366210938,242.30999755859375,241.42999267578125,241.6300048828125,25001
2026-08-07 14:55:00+00:00,241.44000244140625,242.47999572753906,241.22999572753906,242.47999572753906,34612
2026-08-07 15:00:00+00:00,242.18499755859375,243.0,242.0,242.91009521484375,23439
2026-08-07 15:05:00+00:00,242.6519012451172,243.58999633789062,242.41000366210938,243.38999938964844,30205
2026-08-07 15:10:00+00:00,243.22000122070312,243.36500549316406,242.1999969482422,242.5,27397
2026-08-07 15:15:00+00:00,242.6199951171875,242.85000610351562,242.05999755859375,242.58999633789062,36906
2026-08-07 15:20:00+00:00,242.4949951171875,242.88999938964844,242.10000610351562,242.10000610351562,19103
2026-08-07 15:25:00+00:00,242.10000610351562,242.2899932861328,241.3000030517578,241.3300018310547,21097
2026-08-07 15:30:00+00:00,241.2949981689453,241.72000122070312,240.22509765625,241.50999450683594,38610
2026-08-07 15:35:00+00:00,241.58999633789062,242.18499755859375,241.4499969482422,242.18499755859375,15248
2026-08-07 15:40:00+00:00,242.0,242.8199005126953,241.97999572753906,242.69000244140625,26349
2026-08-07 15:45:00+00:00,242.55999755859375,242.55999755859375,241.94000244140625,242.1699981689453,29313
2026-08-07 15:50:00+00:00,242.0,242.1699981689453,241.22999572753906,241.22999572753906,25468
2026-08-07 15:55:00+00:00,241.50999450683594,241.55999755859375,240.43299865722656,240.47999572753906,17235
2026-08-07 16:00:00+00:00,240.6300048828125,242.3699951171875,240.28309631347656,242.3699951171875,34914
2026-08-07 16:05:00+00:00,242.2100067138672,242.2100067138672,241.77000427246094,241.8000030517578,42511
2026-08-07 16:10:00+00:00,241.8000030517578,242.44000244140625,241.8000030517578,242.08999633789062,18200
2026-08-07 16:15:00+00:00,242.0800018310547,242.75,242.05499267578125,242.64999389648438,17312
2026-08-07 16:20:00+00:00,242.77999877929688,242.77999877929688,242.36000061035156,242.46499633789062,16165
2026-08-07 16:25:00+00:00,242.3300018310547,242.44000244140625,242.08999633789062,242.32000732421875,19941
2026-08-07 16:30:00+00:00,242.3800048828125,242.52000427246094,241.76499938964844,242.21499633789062,18175
2026-08-07 16:35:00+00:00,242.21499633789062,242.58999633789062,241.77999877929688,242.58999633789062,15177
2026-08-07 16:40:00+00:00,242.52999877929688,242.83999633789062,242.49000549316406,242.72500610351562,18484
2026-08-07 16:45:00+00:00,242.6300048828125,243.1898956298828,242.55999755859375,243.1898956298828,14543
2026-08-07 16:50:00+00:00,242.9499969482422,243.27999877929688,242.77000427246094,243.17999267578125,18063
2026-08-07 16:55:00+00:00,243.33999633789062,244.1699981689453,243.33999633789062,244.0,38200
2026-08-07 17:00:00+00:00,244.13999938964844,244.8699951171875,244.07000732421875,244.77999877929688,37778
2026-08-07 17:05:00+00:00,244.44009399414062,244.58999633789062,244.10000610351562,244.55999755859375,27085
2026-08-07 17:10:00+00:00,244.36000061035156,244.55999755859375,243.9949951171875,244.55999755859375,22986
2026-08-07 17:15:00+00:00,244.50999450683594,244.5449981689453,243.63999938964844,243.80499267578125,15073
2026-08-07 17:20:00+00:00,243.6199951171875,243.85000610351562,243.5,243.5500030517578,13000
2026-08-07 17:25:00+00:00,243.72999572753906,244.0399932861328,243.3300018310547,243.80999755859375,17691
2026-08-07 17:30:00+00:00,243.81500244140625,244.1999969482422,243.56500244140625,243.8699951171875,20471
2026-08-07 17:35:00+00:00,243.7899932861328,244.99000549316406,243.77000427246094,244.6699981689453,30990
2026-08-07 17:40:00+00:00,244.53500366210938,244.7899932861328,244.10000610351562,244.5800018310547,27527
2026-08-07 17:45:00+00:00,244.50999450683594,244.58999633789062,244.07000732421875,244.58999633789062,20482
2026-08-07 17:50:00+00:00,244.35000610351562,244.74000549316406,244.28500366210938,244.46499633789062,18229
2026-08-07 17:55:00+00:00,244.33999633789062,244.35000610351562,243.72999572753906,244.11000061035156,14453
2026-08-07 18:00:00+00:00,244.0800018310547,245.1999969482422,244.0800018310547,244.94000244140625,29965
2026-08-07 18:05:00+00:00,244.8300018310547,245.0,243.7899932861328,244.1199951171875,36195
2026-08-07 18:10:00+00:00,244.1199951171875,244.57000732421875,243.80499267578125,243.8300018310547,33728
2026-08-07 18:15:00+00:00,243.7550048828125,244.0399932861328,243.531005859375,243.97999572753906,21545
2026-08-07 18:20:00+00:00,243.78030395507812,243.97999572753906,243.00999450683594,243.34500122070312,23470
2026-08-07 18:25:00+00:00,243.24000549316406,243.24000549316406,242.25,242.44000244140625,32645
2026-08-07 18:30:00+00:00,242.3800048828125,242.5399932861328,240.97999572753906,241.36000061035156,43622
2026-08-07 18:35:00+00:00,241.36000061035156,241.55999755859375,240.3000030517578,240.31500244140625,21314
2026-08-07 18:40:00+00:00,240.50999450683594,241.2899932861328,240.2100067138672,240.3800048828125,35924
2026-08-07 18:45:00+00:00,240.61500549316406,240.61500549316406,239.5070037841797,240.14999389648438,45073
2026-08-07 18:50:00+00:00,240.25999450683594,241.1999969482422,240.10000610351562,240.89999389648438,53299
2026-08-07 18:55:00+00:00,240.97000122070312,242.5,240.80999755859375,242.0303955078125,34721
2026-08-07 19:00:00+00:00,242.1999969482422,242.1999969482422,241.7899932861328,242.16000366210938,20396
2026-08-07 19:05:00+00:00,242.00999450683594,243.23500061035156,241.75,242.97999572753906,46037
2026-08-07 19:10:00+00:00,242.92010498046875,243.3350067138672,242.80999755859375,243.0500030517578,48152
2026-08-07 19:15:00+00:00,243.28500366210938,243.28500366210938,241.9499969482422,242.19000244140625,27729
2026-08-07 19:20:00+00:00,242.30499267578125,242.82000732421875,242.11000061035156,242.44000244140625,33455
2026-08-07 19:25:00+00:00,242.4499969482422,243.35000610351562,241.80999755859375,243.35000610351562,53316
2026-08-07 19:30:00+00:00,243.3800048828125,244.83999633789062,243.26939392089844,244.58999633789062,67555
2026-08-07 19:35:00+00:00,244.5399932861328,244.7899932861328,243.97500610351562,244.38499450683594,76539
2026-08-07 19:40:00+00:00,244.47000122070312,245.25999450683594,244.32000732421875,244.94000244140625,92563
2026-08-07 19:45:00+00:00,244.97500610351562,246.6199951171875,244.57000732421875,246.33999633789062,113377
2026-08-07 19:50:00+00:00,246.5,247.1649932861328,246.46499633789062,246.66000366210938,167089
2026-08-07 19:55:00+00:00,246.2100067138672,247.5399932861328,246.11000061035156,246.52000427246094,349270
2026-08-07 20:00:00+00:00,246.5,246.5,245.0,245.25,0
2026-08-07 20:05:00+00:00,245.25,246.5,245.0,246.26,0
2026-08-07 20:10:00+00:00,246.5,246.5,242.9352,246.1747,0
2026-08-07 20:15:00+00:00,246.26,246.5,242.85,242.85,0
2026-08-07 20:20:00+00:00,247.8615,247.99,245.25,246.0,0
2026-08-07 20:25:00+00:00,246.3,247.99,246.0001,246.0001,0
2026-08-07 20:30:00+00:00,246.01,247.99,246.01,246.03,0
2026-08-07 20:35:00+00:00,245.81,246.9,245.0,246.0,0
2026-08-07 20:40:00+00:00,245.25,246.755,245.0,245.57,0
2026-08-07 20:45:00+00:00,246.38,246.6722,245.0,246.6722,0
2026-08-07 20:50:00+00:00,245.5912,246.6999,245.5912,245.6001,0
2026-08-07 20:55:00+00:00,246.965,246.965,245.59,245.7741,0
2026-08-07 21:00:00+00:00,245.7738,247.0,245.6127,246.5,0
2026-08-07 21:05:00+00:00,246.359,246.5,246.0,246.0,0
2026-08-07 21:10:00+00:00,246.32,246.5,245.0,245.0,0
2026-08-07 21:15:00+00:00,245.84,245.975,245.025,245.25,0
2026-08-07 21:20:00+00:00,245.3,246.5,243.0,245.25,0
2026-08-07 21:25:00+00:00,244.99,246.5,243.0,246.5,0
2026-08-07 21:30:00+00:00,243.0,246.5,243.0,246.5,0
2026-08-07 21:35:00+00:00,246.5,246.5,245.0,246.36,0
2026-08-07 21:40:00+00:00,246.5,246.5,245.49,245.55,0
2026-08-07 21:45:00+00:00,245.4437,246.31,245.4437,246.0,0
2026-08-07 21:50:00+00:00,246.5,246.5,245.45,245.46,0
2026-08-07 21:55:00+00:00,245.46,246.3373,245.46,245.47,0
2026-08-07 22:00:00+00:00,245.88,246.5,245.45,245.88,0
2026-08-07 22:05:00+00:00,246.4737,246.4737,246.4737,246.4737,0
2026-08-07 22:15:00+00:00,245.88,246.1,245.88,246.1,0
2026-08-07 22:20:00+00:00,246.0,246.0,246.0,246.0,0
2026-08-07 22:25:00+00:00,246.0056,246.5,245.88,246.0,0
2026-08-07 22:30:00+00:00,246.0,246.34,245.88,245.88,0
2026-08-07 22:35:00+00:00,246.0,246.32,246.0,246.32,0
2026-08-07 22:40:00+00:00,246.32,246.4039,246.32,246.36,0
2026-08-07 22:45:00+00:00,246.0,246.9999,245.25,246.9562,0
2026-08-07 22:50:00+00:00,246.0,246.45,246.0,246.0,0
2026-08-07 22:55:00+00:00,246.0,246.45,245.2937,246.45,0
2026-08-07 23:00:00+00:00,246.43,246.43,246.0,246.41,0
2026-08-07 23:05:00+00:00,245.88,245.88,245.88,245.88,0
2026-08-07 23:10:00+00:00,246.0,246.0,245.88,245.88,0
2026-08-07 23:15:00+00:00,246.9625,246.9625,245.88,246.9625,0
2026-08-07 23:20:00+00:00,246.5,247.0,246.5,246.9988,0
2026-08-07 23:25:00+00:00,246.5,247.0,245.5375,246.0,0
2026-08-07 23:30:00+00:00,246.5,247.0,246.0,246.0,0
2026-08-07 23:35:00+00:00,246.9527,246.9527,246.0,246.93,0
2026-08-07 23:40:00+00:00,245.5357,246.93,245.5357,246.93,0
2026-08-07 23:45:00+00:00,246.3,246.5,246.0,246.5,0
2026-08-07 23:50:00+00:00,246.93,246.93,245.84,246.93,0
2026-08-07 23:55:00+00:00,246.1,246.9012,245.78,245.7801,0
2026-08-10 08:00:00+00:00,247.0,247.932,242.5212,244.51,0
2026-08-10 08:05:00+00:00,244.33,246.62,242.56,245.2565,0
2026-08-10 08:10:00+00:00,244.5,245.2592,242.7201,244.5,0
2026-08-10 08:15:00+00:00,243.46,243.81,243.46,243.8,0
2026-08-10 08:20:00+00:00,243.9307,243.9307,243.9307,243.9307,0
2026-08-10 08:25:00+00:00,243.9307,243.9307,243.9307,243.9307,0
2026-08-10 08:30:00+00:00,243.44,243.73,243.44,243.73,0
2026-08-10 08:35:00+00:00,243.81,244.04,243.81,244.04,0
2026-08-10 08:40:00+00:00,245.34,245.34,242.5412,242.5412,0
2026-08-10 08:45:00+00:00,242.5,242.5,242.5,242.5,0
2026-08-10 08:50:00+00:00,244.04,244.84,244.04,244.84,0
2026-08-10 08:55:00+00:00,244.84,244.84,244.84,244.84,0
2026-08-10 09:00:00+00:00,244.8,244.8,244.8,244.8,0
2026-08-10 09:05:00+00:00,244.83,244.83,243.4,244.04,0
2026-08-10 09:10:00+00:00,242.7256,244.5,242.7256,244.5,0
2026-08-10 09:15:00+00:00,244.35,244.35,242.2654,242.2654,0
2026-08-10 09:20:00+00:00,244.05,244.5,243.17,244.5,0
2026-08-10 09:25:00+00:00,243.4,243.4,243.4,243.4,0
2026-08-10 09:30:00+00:00,243.86,244.7815,243.86,243.96,0
2026-08-10 09:35:00+00:00,243.96,244.5,243.96,244.5,0
2026-08-10 09:40:00+00:00,243.96,243.96,243.756,243.756,0
2026-08-10 10:00:00+00:00,244.76,244.76,244.76,244.76,0
2026-08-10 10:05:00+00:00,242.6197,242.6197,242.6197,242.6197,0
2026-08-10 10:15:00+00:00,243.9945,244.84,243.9945,244.521,0
2026-08-10 10:20:00+00:00,245.0,246.1188,245.0,245.8,0
2026-08-10 10:25:00+00:00,247.9988,247.9988,245.8,245.8,0
2026-08-10 10:30:00+00:00,243.505,245.8,243.505,245.8,0
2026-08-10 10:35:00+00:00,246.1085,246.1085,246.1085,246.1085,0
2026-08-10 10:45:00+00:00,246.4252,246.4252,243.5847,243.5847,0
2026-08-10 10:50:00+00:00,245.91,245.91,243.5112,245.1,0
2026-08-10 10:55:00+00:00,245.7,246.18,245.29,245.8,0
2026-08-10 11:00:00+00:00,246.37,246.37,245.8,245.8,0
2026-08-10 11:05:00+00:00,245.75,245.96,245.75,245.75,0
2026-08-10 11:10:00+00:00,246.0,246.28,246.0,246.28,0
2026-08-10 11:15:00+00:00,245.99,246.0868,245.99,246.0868,0
2026-08-10 11:20:00+00:00,247.9988,247.9988,245.68,245.68,0
2026-08-10 11:25:00+00:00,246.0888,246.0888,245.5,245.5,0
2026-08-10 11:30:00+00:00,246.0,246.0,245.5,245.5,0
2026-08-10 11:40:00+00:00,245.88,245.88,245.0,245.0,0
2026-08-10 11:45:00+00:00,247.9988,247.9988,245.075,245.075,0
2026-08-10 11:50:00+00:00,247.535,247.535,245.6,245.6,0
2026-08-10 11:55:00+00:00,245.6,245.64,245.0,245.0,0
2026-08-10 12:00:00+00:00,245.34,245.34,245.34,245.34,0
2026-08-10 12:05:00+00:00,245.5,247.925,245.0,246.0,0
2026-08-10 12:10:00+00:00,245.99,248.0,245.99,246.75,0
2026-08-10 12:15:00+00:00,247.98,247.98,246.4,247.49,0
2026-08-10 12:20:00+00:00,247.49,248.5,246.99,248.5,0
2026-08-10 12:25:00+00:00,246.0,248.51,246.0,248.5,0
2026-08-10 12:30:00+00:00,248.5,249.0,248.0,248.0,0
2026-08-10 12:35:00+00:00,248.4,248.4,246.1085,246.1085,0
2026-08-10 12:40:00+00:00,247.27,248.5,247.27,248.5,0
2026-08-10 12:45:00+00:00,248.0,249.0,248.0,248.51,0
2026-08-10 12:50:00+00:00,248.337,249.8,248.32,248.32,0
2026-08-10 12:55:00+00:00,248.35,249.51,248.32,249.01,0
2026-08-10 13:00:00+00:00,249.0,249.8,249.0,249.2,0
2026-08-10 13:05:00+00:00,249.6646,249.8,248.9465,249.29,0
2026-08-10 13:10:00+00:00,249.8,249.8,249.0,249.5,0
2026-08-10 13:15:00+00:00,249.5375,249.8,249.07,249.8,0
2026-08-10 13:20:00+00:00,249.0,249.7747,248.8,248.9167,0
2026-08-10 13:25:00+00:00,248.32,250.08,247.58,247.58,0
2026-08-10 13:30:00+00:00,247.55999755859375,252.92999267578125,247.33999633789062,251.9199981689453,155546
2026-08-10 13:35:00+00:00,251.6750030517578,255.47019958496094,251.4199981689453,255.1750030517578,120027
2026-08-10 13:40:00+00:00,255.34800720214844,256.6199951171875,252.7449951171875,252.7449951171875,163740
2026-08-10 13:45:00+00:00,252.5399932861328,253.61500549316406,250.60000610351562,253.00999450683594,71340
2026-08-10 13:50:00+00:00,253.30499267578125,253.74989318847656,251.69000244140625,251.97000122070312,31137
2026-08-10 13:55:00+00:00,251.47000122070312,254.19000244140625,251.47000122070312,254.14999389648438,59741
2026-08-10 14:00:00+00:00,254.41000366210938,255.36000061035156,253.08999633789062,253.22000122070312,96423
2026-08-10 14:05:00+00:00,253.44000244140625,253.55999755859375,251.52000427246094,252.0500030517578,48614
2026-08-10 14:10:00+00:00,252.3300018310547,252.75,250.83999633789062,251.47999572753906,51253
2026-08-10 14:15:00+00:00,251.47999572753906,251.82000732421875,251.0,251.5500030517578,35344
2026-08-10 14:20:00+00:00,251.75,252.74000549316406,251.0,252.40499877929688,31144
2026-08-10 14:25:00+00:00,252.218994140625,253.78500366210938,252.218994140625,252.52000427246094,36277
2026-08-10 14:30:00+00:00,252.30999755859375,252.75250244140625,251.4600067138672,252.75250244140625,39356
2026-08-10 14:35:00+00:00,252.89999389648438,253.07000732421875,252.10000610351562,252.17999267578125,34431
2026-08-10 14:40:00+00:00,252.2899932861328,252.8300018310547,251.75,252.02999877929688,30834
2026-08-10 14:45:00+00:00,252.02499389648438,252.14999389648438,251.44000244140625,251.74000549316406,27663
2026-08-10 14:50:00+00:00,251.63999938964844,251.75,250.2449951171875,250.7100067138672,27909
2026-08-10 14:55:00+00:00,250.64500427246094,250.64500427246094,250.11000061035156,250.44000244140625,36097
2026-08-10 15:00:00+00:00,250.5050048828125,253.44329833984375,250.5050048828125,252.71499633789062,80153
2026-08-10 15:05:00+00:00,252.7550048828125,253.97999572753906,252.60000610351562,253.5399932861328,35487
2026-08-10 15:10:00+00:00,253.4199981689453,253.8000030517578,252.71009826660156,253.8000030517578,60111
2026-08-10 15:15:00+00:00,253.72999572753906,253.7899932861328,253.22999572753906,253.22999572753906,28338
2026-08-10 15:20:00+00:00,253.36000061035156,253.4199981689453,252.80999755859375,252.80999755859375,22600
2026-08-10 15:25:00+00:00,252.75999450683594,252.75999450683594,252.17999267578125,252.5800018310547,22577
2026-08-10 15:30:00+00:00,252.52000427246094,253.8000030517578,252.4499969482422,253.01499938964844,56585
2026-08-10 15:35:00+00:00,253.08999633789062,253.72000122070312,253.08999633789062,253.40499877929688,22219
2026-08-10 15:40:00+00:00,253.2913055419922,253.36000061035156,252.80999755859375,253.0749969482422,18769
2026-08-10 15:45:00+00:00,253.11500549316406,253.1999969482422,252.8000030517578,252.88009643554688,38236
2026-08-10 15:50:00+00:00,252.8699951171875,253.3249969482422,252.75,253.32000732421875,17278
2026-08-10 15:55:00+00:00,253.22000122070312,253.72000122070312,252.85000610351562,252.85000610351562,25058
2026-08-10 16:00:00+00:00,252.92999267578125,253.23989868164062,252.5500030517578,253.06500244140625,15975
2026-08-10 16:05:00+00:00,253.05999755859375,253.44000244140625,252.9199981689453,253.32000732421875,20172
2026-08-10 16:10:00+00:00,253.17999267578125,253.8249969482422,253.17999267578125,253.7949981689453,22406
2026-08-10 16:15:00+00:00,253.7899932861328,253.9499969482422,253.5,253.5,20378
2026-08-10 16:20:00+00:00,253.4600067138672,254.0,253.1699981689453,253.50999450683594,33973
2026-08-10 16:25:00+00:00,253.55999755859375,253.85499572753906,253.41000366210938,253.85499572753906,43810
2026-08-10 16:30:00+00:00,253.97999572753906,254.00999450683594,253.50999450683594,253.50999450683594,17418
2026-08-10 16:35:00+00:00,253.56500244140625,254.09500122070312,253.56500244140625,254.08999633789062,19411
2026-08-10 16:40:00+00:00,254.16000366210938,254.3000030517578,254.00999450683594,254.3000030517578,23008
2026-08-10 16:45:00+00:00,254.22000122070312,254.38999938964844,254.13780212402344,254.3699951171875,17108
2026-08-10 16:50:00+00:00,254.3699951171875,254.92999267578125,254.3699951171875,254.92999267578125,24180
2026-08-10 16:55:00+00:00,255.0,255.0500030517578,254.55999755859375,254.55999755859375,26005
2026-08-10 17:00:00+00:00,254.6699981689453,254.6699981689453,253.78500366210938,253.78500366210938,24256
2026-08-10 17:05:00+00:00,253.72000122070312,253.77999877929688,252.97650146484375,252.97650146484375,21904
2026-08-10 17:10:00+00:00,252.94000244140625,252.97000122070312,252.18499755859375,252.24000549316406,19460
2026-08-10 17:15:00+00:00,252.25,252.3800048828125,251.77000427246094,252.11500549316406,19593
2026-08-10 17:20:00+00:00,252.25,252.55999755859375,252.1300048828125,252.44500732421875,21210
2026-08-10 17:25:00+00:00,252.36000061035156,252.74000549316406,252.36000061035156,252.74000549316406,10121
2026-08-10 17:30:00+00:00,252.86000061035156,253.0,252.49000549316406,252.60499572753906,24565
2026-08-10 17:35:00+00:00,252.83999633789062,253.34500122070312,252.8300018310547,253.3300018310547,225486
2026-08-10 17:40:00+00:00,253.2949981689453,253.2949981689453,252.63999938964844,252.63999938964844,13688
2026-08-10 17:45:00+00:00,252.60000610351562,252.94000244140625,252.5800018310547,252.5800018310547,9465
2026-08-10 17:50:00+00:00,252.55999755859375,252.6300048828125,252.35000610351562,252.6300048828125,21912
2026-08-10 17:55:00+00:00,252.25,252.74000549316406,252.2100067138672,252.66000366210938,18589
2026-08-10 18:00:00+00:00,252.67999267578125,252.6999969482422,252.0500030517578,252.25,14151
2026-08-10 18:05:00+00:00,252.1649932861328,252.24000549316406,252.0399932861328,252.0800018310547,15707
2026-08-10 18:10:00+00:00,252.0399932861328,252.1649932861328,251.63499450683594,251.88999938964844,20552
2026-08-10 18:15:00+00:00,251.94000244140625,252.1199951171875,251.5800018310547,252.0,30073
2026-08-10 18:20:00+00:00,252.02999877929688,252.33999633789062,252.0,252.21499633789062,24801
2026-08-10 18:25:00+00:00,252.1199951171875,252.52000427246094,252.1199951171875,252.52000427246094,9187
2026-08-10 18:30:00+00:00,252.47500610351562,252.96499633789062,252.47500610351562,252.75999450683594,20703
2026-08-10 18:35:00+00:00,252.76499938964844,252.89999389648438,252.6300048828125,252.66000366210938,14843
2026-08-10 18:40:00+00:00,252.76499938964844,252.8300018310547,252.42100524902344,252.7100067138672,29819
2026-08-10 18:45:00+00:00,252.71499633789062,252.71499633789062,252.1699981689453,252.6699981689453,32901
2026-08-10 18:50:00+00:00,252.6750030517578,252.67999267578125,252.14999389648438,252.19000244140625,38730
2026-08-10 18:55:00+00:00,252.14999389648438,252.19000244140625,251.77000427246094,251.77000427246094,23876
2026-08-10 19:00:00+00:00,251.69000244140625,252.02000427246094,251.6699981689453,251.6699981689453,19537
2026-08-10 19:05:00+00:00,251.60000610351562,251.77000427246094,251.32000732421875,251.77000427246094,16783
2026-08-10 19:10:00+00:00,251.83990478515625,252.0,251.61000061035156,251.94500732421875,26900
2026-08-10 19:15:00+00:00,251.9499969482422,252.08999633789062,251.74000549316406,251.83999633789062,29159
2026-08-10 19:20:00+00:00,251.82000732421875,251.83999633789062,251.2899932861328,251.69000244140625,24300
2026-08-10 19:25:00+00:00,251.60000610351562,252.00999450683594,251.5500030517578,252.00999450683594,29007
2026-08-10 19:30:00+00:00,252.22000122070312,252.60000610351562,252.00999450683594,252.5,32592
2026-08-10 19:35:00+00:00,252.5399932861328,252.97000122070312,252.19000244140625,252.86500549316406,51728
2026-08-10 19:40:00+00:00,252.85000610351562,253.10000610351562,252.74000549316406,252.83999633789062,46866
2026-08-10 19:45:00+00:00,252.88999938964844,253.6699981689453,252.88999938964844,253.52999877929688,52959
2026-08-10 19:50:00+00:00,253.4199981689453,253.60499572753906,253.19000244140625,253.27999877929688,94340
2026-08-10 19:55:00+00:00,253.27999877929688,254.0050048828125,253.27999877929688,253.64999389648438,243253
2026-08-10 20:00:00+00:00,253.57,255.0,251.075,253.57,0
2026-08-10 20:05:00+00:00,253.57,253.63,251.5,251.5,0
2026-08-10 20:10:00+00:00,253.57,254.0,253.57,253.9375,0
2026-08-10 20:15:00+00:00,253.57,254.0,251.5,252.74,0
2026-08-10 20:20:00+00:00,253.57,253.9375,251.5625,252.74,0
2026-08-10 20:25:00+00:00,252.74,253.54,252.74,253.48,0
2026-08-10 20:30:00+00:00,253.48,253.5399,251.75,253.53,0
2026-08-10 20:35:00+00:00,253.54,253.54,251.7712,251.7712,0
2026-08-10 20:40:00+00:00,251.8142,253.47,251.77,252.74,0
2026-08-10 20:45:00+00:00,252.89,253.54,251.77,253.48,0
2026-08-10 20:50:00+00:00,253.54,253.57,253.53,253.53,0
2026-08-10 20:55:00+00:00,253.46,253.53,253.46,253.53,0
2026-08-10 21:00:00+00:00,253.53,253.57,253.0232,253.5267,0
2026-08-10 21:05:00+00:00,253.0897,253.54,253.0897,253.54,0
2026-08-10 21:10:00+00:00,253.41,253.54,253.41,253.45,0
2026-08-10 21:15:00+00:00,253.0897,253.54,253.01,253.54,0
2026-08-10 21:20:00+00:00,253.5267,253.5267,253.01,253.01,0
2026-08-10 21:25:00+00:00,253.0864,253.54,253.02,253.54,0
2026-08-10 21:30:00+00:00,253.5267,253.54,253.02,253.48,0
2026-08-10 21:35:00+00:00,253.5397,253.5397,253.01,253.0232,0
2026-08-10 21:40:00+00:00,253.0625,253.0625,253.0625,253.0625,0
2026-08-10 21:45:00+00:00,253.0683,253.0683,253.0683,253.0683,0
2026-08-10 21:50:00+00:00,253.4,253.5852,253.01,253.02,0
2026-08-10 21:55:00+00:00,253.02,253.07,253.02,253.07,0
2026-08-10 22:00:00+00:00,253.53,253.5999,253.0112,253.0112,0
2026-08-10 22:05:00+00:00,253.5855,253.5988,253.3,253.48,0
2026-08-10 22:10:00+00:00,253.56,253.56,253.38,253.38,0
2026-08-10 22:15:00+00:00,253.5,253.5,253.5,253.5,0
2026-08-10 22:20:00+00:00,253.081,253.081,253.08,253.08,0
2026-08-10 22:25:00+00:00,253.08,253.6,253.08,253.6,0
2026-08-10 22:30:00+00:00,253.38,253.57,253.38,253.38,0
2026-08-10 22:35:00+00:00,253.1,253.17,253.1,253.17,0
2026-08-10 22:40:00+00:00,253.56,253.57,253.56,253.57,0
2026-08-10 22:45:00+00:00,253.17,253.6,253.0,253.6,0
2026-08-10 22:50:00+00:00,253.6,253.6,253.0,253.0442,0
2026-08-10 22:55:00+00:00,253.5857,253.5857,253.03,253.03,0
2026-08-10 23:00:00+00:00,253.0442,253.6,253.0442,253.0735,0
2026-08-10 23:05:00+00:00,253.1437,253.1437,253.1437,253.1437,0
2026-08-10 23:10:00+00:00,253.5,253.5,253.33,253.33,0
2026-08-10 23:15:00+00:00,253.0601,253.0612,253.06,253.0612,0
2026-08-10 23:20:00+00:00,253.6,253.6,253.6,253.6,0
2026-08-10 23:25:00+00:00,253.5,253.5,253.5,253.5,0
2026-08-10 23:30:00+00:00,253.0921,253.0921,253.0921,253.0921,0
2026-08-10 23:35:00+00:00,253.21,253.21,253.0,253.0,0
2026-08-10 23:40:00+00:00,253.6,253.6,253.6,253.6,0
2026-08-10 23:45:00+00:00,253.6,253.6,253.56,253.56,0
2026-08-10 23:50:00+00:00,253.5857,253.5857,253.0301,253.0301,0
2026-08-10 23:55:00+00:00,253.56,253.56,253.1,253.1,0
2026-08-11 08:00:00+00:00,254.106,255.8388,251.8057,253.0457,0
2026-08-11 08:05:00+00:00,253.43,253.54,252.7,253.49,0
2026-08-11 08:10:00+00:00,253.43,253.43,253.31,253.31,0
2026-08-11 08:15:00+00:00,253.13,255.9988,253.07,255.9988,0
2026-08-11 08:20:00+00:00,253.309,253.4593,253.24,253.4593,0
2026-08-11 08:25:00+00:00,253.309,253.309,253.309,253.309,0
2026-08-11 08:30:00+00:00,253.309,255.9988,253.25,253.25,0
2026-08-11 08:35:00+00:00,253.2412,253.2412,253.2412,253.2412,0
2026-08-11 08:40:00+00:00,253.309,255.931,253.3,255.931,0
2026-08-11 08:45:00+00:00,253.5,253.97,253.2412,253.97,0
2026-08-11 08:50:00+00:00,255.7807,255.7807,255.7807,255.7807,0
2026-08-11 09:00:00+00:00,253.97,253.97,253.24,253.24,0
2026-08-11 09:10:00+00:00,253.71,253.71,253.4712,253.4712,0
2026-08-11 09:15:00+00:00,253.2412,253.71,253.2412,253.71,0
2026-08-11 09:25:00+00:00,253.2412,253.2412,253.2412,253.2412,0
2026-08-11 09:30:00+00:00,253.71,253.71,253.71,253.71,0
2026-08-11 09:35:00+00:00,255.01,255.01,255.01,255.01,0
2026-08-11 09:40:00+00:00,255.01,255.01,255.01,255.01,0
2026-08-11 09:45:00+00:00,255.01,255.01,255.01,255.01,0
2026-08-11 09:50:00+00:00,255.5488,255.5488,255.5488,255.5488,0
2026-08-11 09:55:00+00:00,253.63,253.63,253.63,253.63,0
2026-08-11 10:00:00+00:00,253.66,253.66,253.66,253.66,0
2026-08-11 10:10:00+00:00,253.2412,255.5488,253.2412,255.5488,0
2026-08-11 10:15:00+00:00,255.5488,255.5488,253.3,253.3,0
2026-08-11 10:20:00+00:00,254.61,254.61,254.61,254.61,0
2026-08-11 10:25:00+00:00,253.99,254.37,253.99,254.37,0
2026-08-11 10:40:00+00:00,254.0,254.025,254.0,254.0,0
2026-08-11 10:45:00+00:00,254.3857,254.6,253.2905,254.6,0
2026-08-11 10:50:00+00:00,254.6,255.5488,254.27,255.5488,0
2026-08-11 10:55:00+00:00,254.0,254.0,254.0,254.0,0
2026-08-11 11:00:00+00:00,254.55,254.71,254.55,254.71,0
2026-08-11 11:10:00+00:00,254.88,254.9988,254.88,254.9988,0
2026-08-11 11:15:00+00:00,254.025,254.59,254.025,254.59,0
2026-08-11 11:20:00+00:00,254.59,254.9988,254.15,254.15,0
2026-08-11 11:25:00+00:00,254.9988,254.9988,254.025,254.025,0
2026-08-11 11:30:00+00:00,254.16,255.0,254.16,254.16,0
2026-08-11 11:35:00+00:00,254.845,254.845,254.0,254.02,0
2026-08-11 11:40:00+00:00,254.975,254.975,254.0,254.0,0
2026-08-11 11:45:00+00:00,255.0,255.0,255.0,255.0,0
2026-08-11 11:50:00+00:00,254.31,254.31,254.04,254.29,0
2026-08-11 11:55:00+00:00,254.5,254.9888,254.35,254.9888,0
2026-08-11 12:00:00+00:00,255.0,255.6,254.6292,255.6,0
2026-08-11 12:05:00+00:00,255.0,255.9988,255.0,255.5,0
2026-08-11 12:10:00+00:00,255.5,255.5,255.5,255.5,0
2026-08-11 12:15:00+00:00,255.9,256.2675,255.845,255.845,0
2026-08-11 12:20:00+00:00,255.85,255.85,255.5,255.5,0
2026-08-11 12:25:00+00:00,255.975,255.975,255.0,255.34,0
2026-08-11 12:30:00+00:00,255.34,255.8999,255.23,255.8999,0
2026-08-11 12:35:00+00:00,255.436,256.0,255.28,256.0,0
2026-08-11 12:40:00+00:00,255.025,255.845,255.0,255.0,0
2026-08-11 12:45:00+00:00,255.3058,255.37,255.0,255.05,0
2026-08-11 12:50:00+00:00,255.19,255.37,255.19,255.3507,0
2026-08-11 12:55:00+00:00,255.19,255.37,255.18,255.37,0
2026-08-11 13:00:00+00:00,255.37,255.37,255.0092,255.2336,0
2026-08-11 13:05:00+00:00,255.23,255.37,255.1,255.17,0
2026-08-11 13:10:00+00:00,255.0,255.23,255.0,255.0092,0
2026-08-11 13:15:00+00:00,255.12,255.26,255.0012,255.11,0
2026-08-11 13:20:00+00:00,255.14,255.2845,255.01,255.28,0
2026-08-11 13:25:00+00:00,255.01,255.37,253.01,253.01,0
2026-08-11 13:30:00+00:00,253.3699951171875,254.2050018310547,252.00999450683594,252.7100067138672,80324
2026-08-11 13:35:00+00:00,252.89999389648438,254.8000030517578,252.67999267578125,254.5449981689453,62613
2026-08-11 13:40:00+00:00,254.5449981689453,254.5449981689453,253.33999633789062,253.33999633789062,23589
2026-08-11 13:45:00+00:00,253.30999755859375,253.30999755859375,252.0469970703125,252.0469970703125,26053
2026-08-11 13:50:00+00:00,252.0,253.00999450683594,251.24839782714844,251.9600067138672,54073
2026-08-11 13:55:00+00:00,251.9700927734375,253.22500610351562,251.7899932861328,253.22500610351562,21207
2026-08-11 14:00:00+00:00,253.38999938964844,254.85000610351562,253.11000061035156,254.85000610351562,32901
2026-08-11 14:05:00+00:00,254.76499938964844,254.89999389648438,254.3800048828125,254.64999389648438,19361
2026-08-11 14:10:00+00:00,254.63999938964844,254.9499969482422,254.39999389648438,254.9499969482422,17398
2026-08-11 14:15:00+00:00,254.875,254.875,254.1699981689453,254.66990661621094,16383
2026-08-11 14:20:00+00:00,254.42999267578125,254.80999755859375,254.18499755859375,254.18499755859375,13337
2026-08-11 14:25:00+00:00,254.19000244140625,254.60000610351562,254.19000244140625,254.41000366210938,15370
2026-08-11 14:30:00+00:00,254.3800048828125,254.66000366210938,254.0800018310547,254.10499572753906,35550
2026-08-11 14:35:00+00:00,254.05499267578125,254.05499267578125,253.22999572753906,253.89500427246094,24049
2026-08-11 14:40:00+00:00,254.08999633789062,254.33999633789062,254.0850067138672,254.22000122070312,16948
2026-08-11 14:45:00+00:00,254.08999633789062,254.17999267578125,253.24000549316406,253.5399932861328,13086
2026-08-11 14:50:00+00:00,253.1199951171875,253.34500122070312,252.97219848632812,253.00999450683594,10192
2026-08-11 14:55:00+00:00,253.26199340820312,253.3000030517578,252.47000122070312,252.47000122070312,23280
2026-08-11 15:00:00+00:00,252.80999755859375,252.94000244140625,252.4499969482422,252.50999450683594,14429
2026-08-11 15:05:00+00:00,252.69000244140625,253.35000610351562,252.2100067138672,253.03500366210938,69539
2026-08-11 15:10:00+00:00,253.03500366210938,253.03500366210938,252.4199981689453,252.6300048828125,10314
2026-08-11 15:15:00+00:00,252.7899932861328,252.82000732421875,252.52499389648438,252.61500549316406,10221
2026-08-11 15:20:00+00:00,252.75,253.0,252.17010498046875,252.17010498046875,16083
2026-08-11 15:25:00+00:00,252.32000732421875,252.32989501953125,251.64999389648438,251.64999389648438,50230
2026-08-11 15:30:00+00:00,251.6300048828125,251.76699829101562,251.1199951171875,251.5500030517578,22518
2026-08-11 15:35:00+00:00,251.48500061035156,251.7899932861328,251.2899932861328,251.2899932861328,12081
2026-08-11 15:40:00+00:00,251.34500122070312,251.34500122070312,250.6107940673828,250.8300018310547,16740
2026-08-11 15:45:00+00:00,250.8699951171875,250.89999389648438,250.00790405273438,250.14500427246094,32626
2026-08-11 15:50:00+00:00,250.0500030517578,250.3699951171875,249.27499389648438,249.35499572753906,25921
2026-08-11 15:55:00+00:00,249.19000244140625,249.4199981689453,248.61000061035156,249.0800018310547,20516
2026-08-11 16:00:00+00:00,249.01499938964844,249.67990112304688,249.00999450683594,249.5749969482422,36304
2026-08-11 16:05:00+00:00,249.58999633789062,250.1699981689453,249.58999633789062,250.1199951171875,17586
2026-08-11 16:10:00+00:00,250.07000732421875,250.125,249.6300048828125,249.86000061035156,17015
2026-08-11 16:15:00+00:00,249.77000427246094,249.89999389648438,249.69000244140625,249.71499633789062,10903
2026-08-11 16:20:00+00:00,249.57000732421875,249.6820068359375,249.25999450683594,249.6820068359375,13200
2026-08-11 16:25:00+00:00,249.5399932861328,249.5399932861328,249.16000366210938,249.27999877929688,9763
2026-08-11 16:30:00+00:00,249.38999938964844,249.5749969482422,249.2100067138672,249.5500030517578,16162
2026-08-11 16:35:00+00:00,249.5,249.6999969482422,249.25,249.3000030517578,16530
2026-08-11 16:40:00+00:00,249.3000030517578,249.35000610351562,248.9600067138672,249.25999450683594,12415
2026-08-11 16:45:00+00:00,249.19500732421875,249.30999755859375,248.75999450683594,248.88999938964844,9867
2026-08-11 16:50:00+00:00,248.8249969482422,249.05999755859375,248.74679565429688,248.99000549316406,11748
2026-08-11 16:55:00+00:00,249.10000610351562,249.10000610351562,248.7100067138672,248.9199981689453,25368
2026-08-11 17:00:00+00:00,248.83999633789062,248.97000122070312,248.5399932861328,248.5399932861328,12889
2026-08-11 17:05:00+00:00,248.5,248.7899932861328,248.5,248.7899932861328,14509
2026-08-11 17:10:00+00:00,248.6999969482422,248.8000030517578,248.2899932861328,248.2899932861328,20669
2026-08-11 17:15:00+00:00,248.3000030517578,248.49000549316406,248.27000427246094,248.49000549316406,10738
2026-08-11 17:20:00+00:00,248.360107421875,248.5500030517578,248.13650512695312,248.5500030517578,17810
2026-08-11 17:25:00+00:00,248.5399932861328,248.58999633789062,248.15499877929688,248.15499877929688,9642
2026-08-11 17:30:00+00:00,248.0800018310547,248.09500122070312,247.8300018310547,248.09500122070312,23747
2026-08-11 17:35:00+00:00,247.8946990966797,248.3000030517578,247.8946990966797,248.3000030517578,15291
2026-08-11 17:40:00+00:00,248.3000030517578,249.375,248.3000030517578,249.375,21908
2026-08-11 17:45:00+00:00,249.36000061035156,249.6300048828125,249.2100067138672,249.60000610351562,13600
2026-08-11 17:50:00+00:00,249.59500122070312,249.7899932861328,249.59500122070312,249.69749450683594,15412
2026-08-11 17:55:00+00:00,249.7050018310547,249.88499450683594,249.52000427246094,249.6300048828125,15661
2026-08-11 18:00:00+00:00,249.60499572753906,250.2480010986328,249.60499572753906,250.03500366210938,26037
2026-08-11 18:05:00+00:00,250.03500366210938,250.38499450683594,250.0,250.25,36023
2026-08-11 18:10:00+00:00,250.41000366210938,250.7050018310547,250.41000366210938,250.5500030517578,9870
2026-08-11 18:15:00+00:00,250.6750030517578,251.2899932861328,250.6750030517578,251.2899932861328,17867
2026-08-11 18:20:00+00:00,251.05999755859375,251.39500427246094,251.0500030517578,251.36000061035156,7328
2026-08-11 18:25:00+00:00,251.35499572753906,251.71499633789062,251.19000244140625,251.19000244140625,14310
2026-08-11 18:30:00+00:00,251.0449981689453,251.2949981689453,250.96719360351562,251.14999389648438,23122
2026-08-11 18:35:00+00:00,251.125,251.27000427246094,251.0399932861328,251.10000610351562,8122
2026-08-11 18:40:00+00:00,251.0399932861328,251.0399932861328,250.69000244140625,250.74000549316406,12805
2026-08-11 18:45:00+00:00,250.72500610351562,250.75999450683594,250.55999755859375,250.63999938964844,12744
2026-08-11 18:50:00+00:00,250.74000549316406,250.7899932861328,250.5449981689453,250.67999267578125,14477
2026-08-11 18:55:00+00:00,250.57000732421875,250.72999572753906,250.02499389648438,250.02499389648438,11179
2026-08-11 19:00:00+00:00,250.02499389648438,250.60000610351562,250.02499389648438,250.2843017578125,24184
2026-08-11 19:05:00+00:00,250.30999755859375,250.44500732421875,250.216796875,250.216796875,9796
2026-08-11 19:10:00+00:00,250.30999755859375,250.85000610351562,250.28500366210938,250.6199951171875,20500
2026-08-11 19:15:00+00:00,250.6199951171875,250.80999755859375,250.47000122070312,250.47000122070312,8688
2026-08-11 19:20:00+00:00,250.47000122070312,250.5800018310547,250.39999389648438,250.40499877929688,11049
2026-08-11 19:25:00+00:00,250.4600067138672,250.62750244140625,250.1649932861328,250.38999938964844,14217
2026-08-11 19:30:00+00:00,250.3000030517578,250.74000549316406,250.17999267578125,250.6750030517578,19619
2026-08-11 19:35:00+00:00,250.6750030517578,250.86000061035156,250.55999755859375,250.8000030517578,17162
2026-08-11 19:40:00+00:00,250.88499450683594,251.3800048828125,250.77000427246094,251.08999633789062,33675
2026-08-11 19:45:00+00:00,251.0800018310547,251.38999938964844,251.02000427246094,251.26499938964844,23387
2026-08-11 19:50:00+00:00,251.3300018310547,251.61000061035156,250.65499877929688,250.65499877929688,80050
2026-08-11 19:55:00+00:00,250.61500549316406,250.9199981689453,249.97500610351562,250.49000549316406,201976
2026-08-11 20:00:00+00:00,250.5,252.3087,250.25,250.5,0
2026-08-11 20:05:00+00:00,251.79,251.79,251.0,251.0,0
2026-08-11 20:10:00+00:00,250.5,254.5,248.1625,249.2862,0
2026-08-11 20:15:00+00:00,250.5,254.3375,248.0,250.0,0
2026-08-11 20:20:00+00:00,248.0,248.0,248.0,248.0,0
2026-08-11 20:25:00+00:00,250.5,250.5,248.0012,249.28,0
2026-08-11 20:30:00+00:00,250.0,250.38,250.0,250.21,0
2026-08-11 20:35:00+00:00,250.37,250.925,250.25,250.925,0
2026-08-11 20:40:00+00:00,249.14,250.37,249.14,250.37,0
2026-08-11 20:45:00+00:00,249.51,250.842,249.51,250.842,0
2026-08-11 20:50:00+00:00,249.0,250.5,249.0,250.5,0
2026-08-11 21:00:00+00:00,249.5,251.0,249.5,250.28,0
2026-08-11 21:05:00+00:00,250.95,250.95,250.7388,250.7388,0
2026-08-11 21:10:00+00:00,249.5,250.98,249.5,250.98,0
2026-08-11 21:15:00+00:00,250.95,250.95,249.05,250.5,0
2026-08-11 21:20:00+00:00,251.0,251.0,249.0012,249.0012,0
2026-08-11 21:25:00+00:00,249.5,251.0,249.0001,249.79,0
2026-08-11 21:30:00+00:00,251.0,251.0,250.75,251.0,0
2026-08-11 21:35:00+00:00,250.95,250.95,250.69,250.69,0
2026-08-11 21:45:00+00:00,249.5,250.95,249.5,250.95,0
2026-08-11 21:50:00+00:00,250.7,250.7,250.7,250.7,0
2026-08-11 21:55:00+00:00,250.7,251.0,249.5,251.0,0
2026-08-11 22:00:00+00:00,250.9988,250.9988,250.9988,250.9988,0
2026-08-11 22:05:00+00:00,250.95,250.95,250.95,250.95,0
2026-08-11 22:10:00+00:00,249.5,250.68,249.5,250.68,0
2026-08-11 22:15:00+00:00,250.68,251.0,250.68,251.0,0
2026-08-11 22:20:00+00:00,249.0,250.68,249.0,249.3963,0
2026-08-11 22:25:00+00:00,251.0,251.0,249.51,249.51,0
2026-08-11 22:30:00+00:00,250.0,251.0,250.0,251.0,0
2026-08-11 22:35:00+00:00,249.51,250.532,249.0001,249.0001,0
2026-08-11 22:40:00+00:00,249.51,249.51,249.0,249.0,0
2026-08-11 22:45:00+00:00,249.0,249.0,249.0,249.0,0
2026-08-11 22:55:00+00:00,250.68,250.68,250.68,250.68,0
2026-08-11 23:00:00+00:00,250.68,251.0,250.68,251.0,0
2026-08-11 23:05:00+00:00,250.95,250.95,250.68,250.68,0
2026-08-11 23:10:00+00:00,250.95,250.95,250.95,250.95,0
2026-08-11 23:15:00+00:00,250.0,251.0,250.0,251.0,0
2026-08-11 23:20:00+00:00,250.95,250.95,250.95,250.95,0
2026-08-11 23:25:00+00:00,249.0,251.0,249.0,250.95,0
2026-08-11 23:30:00+00:00,251.0,251.0,250.0,250.69,0
2026-08-11 23:35:00+00:00,250.68,250.68,250.68,250.68,0
2026-08-11 23:40:00+00:00,251.0,251.0,249.0,250.25,0
2026-08-11 23:45:00+00:00,250.25,251.0,250.22,250.22,0
2026-08-11 23:50:00+00:00,250.22,250.95,249.0012,249.0012,0
2026-08-11 23:55:00+00:00,249.0,251.0,249.0,249.0,0
2026-08-12 08:00:00+00:00,248.9565,254.9988,248.0412,250.74,0
2026-08-12 08:05:00+00:00,251.168,251.168,250.24,250.4618,0
2026-08-12 08:10:00+00:00,251.5,251.5,248.1747,248.1747,0
2026-08-12 08:15:00+00:00,250.38,251.01,250.38,250.74,0
2026-08-12 08:20:00+00:00,250.74,250.74,250.74,250.74,0
2026-08-12 08:25:00+00:00,250.44,252.0,250.4,251.01,0
2026-08-12 08:35:00+00:00,254.8152,254.8152,250.75,250.75,0
2026-08-12 08:40:00+00:00,250.75,254.9888,250.75,250.875,0
2026-08-12 08:45:00+00:00,248.0012,248.0012,248.0012,248.0012,0
2026-08-12 08:50:00+00:00,251.0,251.0,251.0,251.0,0
2026-08-12 09:05:00+00:00,250.54,250.54,250.01,250.01,0
2026-08-12 09:10:00+00:00,250.63,253.3488,250.63,253.3488,0
2026-08-12 09:15:00+00:00,250.35,250.35,250.35,250.35,0
2026-08-12 09:20:00+00:00,250.53,250.65,250.53,250.65,0
2026-08-12 09:25:00+00:00,250.65,250.65,248.4343,248.4343,0
2026-08-12 09:30:00+00:00,250.2,250.76,250.2,250.76,0
2026-08-12 09:35:00+00:00,250.76,251.0,250.76,250.76,0
2026-08-12 09:40:00+00:00,250.76,250.76,250.76,250.76,0
2026-08-12 09:45:00+00:00,250.64,250.64,250.01,250.01,0
2026-08-12 09:55:00+00:00,250.1,250.1,250.1,250.1,0
2026-08-12 10:00:00+00:00,250.1,250.1,250.1,250.1,0
2026-08-12 10:10:00+00:00,250.1,252.9888,248.1247,252.98,0
2026-08-12 10:15:00+00:00,251.0,252.5852,251.0,252.5852,0
2026-08-12 10:30:00+00:00,248.0112,248.0112,248.0112,248.0112,0
2026-08-12 10:50:00+00:00,250.2,250.267,250.01,250.267,0
2026-08-12 10:55:00+00:00,251.9988,251.9988,251.9988,251.9988,0
2026-08-12 11:00:00+00:00,250.0,250.0,250.0,250.0,0
2026-08-12 11:05:00+00:00,252.5266,252.5266,252.5266,252.5266,0
2026-08-12 11:15:00+00:00,250.0,250.0,250.0,250.0,0
2026-08-12 11:20:00+00:00,252.0,252.0,252.0,252.0,0
2026-08-12 11:25:00+00:00,252.99,252.99,250.48,250.48,0
2026-08-12 11:30:00+00:00,250.3551,251.99,250.3551,251.99,0
2026-08-12 11:35:00+00:00,250.0001,250.48,250.0001,250.48,0
2026-08-12 11:40:00+00:00,250.11,252.99,250.11,252.99,0
2026-08-12 11:45:00+00:00,252.99,252.99,252.99,252.99,0
2026-08-12 11:50:00+00:00,250.19,250.8275,250.0,250.0,0
2026-08-12 11:55:00+00:00,250.45,250.45,249.15,250.45,0
2026-08-12 12:00:00+00:00,251.9988,252.0,251.9988,252.0,0
2026-08-12 12:05:00+00:00,248.1,250.45,248.0,250.18,0
2026-08-12 12:10:00+00:00,249.6,252.0,248.0,248.0,0
2026-08-12 12:15:00+00:00,250.65,251.9988,250.49,251.9988,0
2026-08-12 12:20:00+00:00,250.57,250.57,250.495,250.495,0
2026-08-12 12:25:00+00:00,248.0,252.0,248.0,248.4768,0
2026-08-12 12:30:00+00:00,249.86,249.86,249.86,249.86,0
2026-08-12 12:35:00+00:00,254.0,254.0,249.51,249.51,0
2026-08-12 12:40:00+00:00,249.63,253.9988,249.63,251.0,0
2026-08-12 12:45:00+00:00,250.0,251.0,213.7851,250.01,0
2026-08-12 12:50:00+00:00,250.01,251.75,249.945,250.0,0
2026-08-12 12:55:00+00:00,250.22,250.49,249.22,249.5,0
2026-08-12 13:00:00+00:00,250.5,250.5,249.1733,249.95,0
2026-08-12 13:05:00+00:00,249.01,249.31,249.01,249.3,0
2026-08-12 13:10:00+00:00,249.85,249.95,249.3,249.78,0
2026-08-12 13:15:00+00:00,249.0,250.4999,249.0,250.4999,0
2026-08-12 13:20:00+00:00,250.51,250.51,250.51,250.51,0
2026-08-12 13:25:00+00:00,248.5,248.5,248.0,248.0,0
2026-08-12 13:30:00+00:00,248.3800048828125,248.6199951171875,246.78500366210938,248.6199951171875,45335
2026-08-12 13:35:00+00:00,248.25,248.95779418945312,246.34500122070312,246.39999389648438,17624
2026-08-12 13:40:00+00:00,246.4394073486328,246.91000366210938,244.4199981689453,244.67999267578125,21016
2026-08-12 13:45:00+00:00,244.5,244.5,243.00999450683594,243.7169952392578,33751
2026-08-12 13:50:00+00:00,243.4600067138672,243.66470336914062,242.36000061035156,242.4600067138672,20070
2026-08-12 13:55:00+00:00,242.6999053955078,243.5500030517578,242.3699951171875,243.22999572753906,42888
2026-08-12 14:00:00+00:00,243.39500427246094,243.39999389648438,242.25,242.5500030517578,48677
2026-08-12 14:05:00+00:00,242.7097930908203,244.1999053955078,242.50999450683594,244.1553955078125,21475
2026-08-12 14:10:00+00:00,244.19500732421875,244.34750366210938,243.85000610351562,244.1750030517578,37185
2026-08-12 14:15:00+00:00,244.3300018310547,245.0,244.02000427246094,245.0,25447
2026-08-12 14:20:00+00:00,244.92999267578125,245.0800018310547,244.44000244140625,244.85000610351562,25672
2026-08-12 14:25:00+00:00,244.92999267578125,245.30999755859375,244.6649932861328,244.6649932861328,23671
2026-08-12 14:30:00+00:00,244.9499969482422,245.36000061035156,244.8000030517578,244.83999633789062,17678
2026-08-12 14:35:00+00:00,244.89999389648438,245.1300048828125,244.7100067138672,245.0399932861328,8084
2026-08-12 14:40:00+00:00,244.80999755859375,244.80999755859375,244.07000732421875,244.1750030517578,16854
2026-08-12 14:45:00+00:00,244.05999755859375,244.1199951171875,243.4499969482422,243.55499267578125,15469
2026-08-12 14:50:00+00:00,243.61000061035156,243.72000122070312,243.25999450683594,243.35000610351562,6398
2026-08-12 14:55:00+00:00,243.2548065185547,243.5093994140625,243.1300048828125,243.24000549316406,17467
2026-08-12 15:00:00+00:00,243.27999877929688,243.33999633789062,242.55999755859375,242.5605010986328,11022
2026-08-12 15:05:00+00:00,242.52999877929688,242.75,242.4600067138672,242.65499877929688,15665
2026-08-12 15:10:00+00:00,242.80999755859375,242.85000610351562,242.2819061279297,242.77000427246094,18048
2026-08-12 15:15:00+00:00,242.7899932861328,243.19500732421875,242.69000244140625,243.19500732421875,12054
2026-08-12 15:20:00+00:00,243.17999267578125,243.33999633789062,242.77999877929688,243.3300018310547,14609
2026-08-12 15:25:00+00:00,243.25,243.57989501953125,243.25,243.5592041015625,12673
2026-08-12 15:30:00+00:00,243.52499389648438,243.52499389648438,242.89999389648438,243.22000122070312,11970
2026-08-12 15:35:00+00:00,243.24000549316406,243.24000549316406,243.02999877929688,243.11000061035156,12601
2026-08-12 15:40:00+00:00,242.9199981689453,243.16000366210938,242.75,243.0,10273
2026-08-12 15:45:00+00:00,243.0749969482422,243.23500061035156,242.94500732421875,243.08999633789062,9212
2026-08-12 15:50:00+00:00,243.25,243.38999938964844,243.2100067138672,243.3000030517578,10428
2026-08-12 15:55:00+00:00,243.24000549316406,243.58999633789062,243.11000061035156,243.44000244140625,19754
2026-08-12 16:00:00+00:00,243.58749389648438,243.81500244140625,243.222900390625,243.42999267578125,15015
2026-08-12 16:05:00+00:00,243.33999633789062,243.76499938964844,243.27000427246094,243.76499938964844,15278
2026-08-12 16:10:00+00:00,243.72999572753906,244.6999053955078,243.72999572753906,244.58999633789062,34288
2026-08-12 16:15:00+00:00,244.72000122070312,245.74000549316406,244.6999969482422,245.52499389648438,23598
2026-08-12 16:20:00+00:00,245.5500030517578,245.5500030517578,244.64999389648438,244.97250366210938,18166
2026-08-12 16:25:00+00:00,244.9550018310547,245.11000061035156,244.41000366210938,244.69500732421875,16970
2026-08-12 16:30:00+00:00,244.72000122070312,244.72000122070312,244.1699981689453,244.1699981689453,9140
2026-08-12 16:35:00+00:00,244.1649932861328,244.5500030517578,244.1649932861328,244.50999450683594,9240
2026-08-12 16:40:00+00:00,244.58999633789062,244.6199951171875,244.44000244140625,244.51499938964844,11131
2026-08-12 16:45:00+00:00,244.39999389648438,244.63999938964844,244.27999877929688,244.4600067138672,9634
2026-08-12 16:50:00+00:00,244.6699981689453,244.7100067138672,244.13999938964844,244.13999938964844,13107
2026-08-12 16:55:00+00:00,244.14999389648438,244.1699981689453,243.97999572753906,243.99000549316406,6732
2026-08-12 17:00:00+00:00,243.6300048828125,243.74000549316406,243.6300048828125,243.64999389648438,11590
2026-08-12 17:05:00+00:00,243.5800018310547,243.88999938964844,243.44000244140625,243.7100067138672,17559
2026-08-12 17:10:00+00:00,243.77000427246094,243.9499969482422,243.68499755859375,243.88499450683594,14509
2026-08-12 17:15:00+00:00,243.89500427246094,244.0749969482422,243.83999633789062,243.97999572753906,13140
2026-08-12 17:20:00+00:00,244.07000732421875,244.0924072265625,243.8300018310547,243.9499969482422,7490
2026-08-12 17:25:00+00:00,243.9550018310547,244.2100067138672,243.8800048828125,244.0850067138672,9957
2026-08-12 17:30:00+00:00,243.97000122070312,244.36000061035156,243.97000122070312,244.36000061035156,9009
2026-08-12 17:35:00+00:00,244.27000427246094,244.47999572753906,244.27000427246094,244.47999572753906,7660
2026-08-12 17:40:00+00:00,244.4600067138672,244.52000427246094,244.1468048095703,244.1999969482422,10982
2026-08-12 17:45:00+00:00,244.1999969482422,244.35000610351562,244.19000244140625,244.19000244140625,8713
2026-08-12 17:50:00+00:00,244.17010498046875,244.25,244.0500030517578,244.14999389648438,8051
2026-08-12 17:55:00+00:00,244.15499877929688,244.15499877929688,243.72500610351562,243.72500610351562,8456
2026-08-12 18:00:00+00:00,243.58999633789062,243.67999267578125,243.46499633789062,243.65499877929688,20145
2026-08-12 18:05:00+00:00,243.66000366210938,243.74000549316406,243.32080078125,243.39500427246094,10474
2026-08-12 18:10:00+00:00,243.4600067138672,243.47999572753906,243.3240966796875,243.4199981689453,9839
2026-08-12 18:15:00+00:00,243.375,243.5,243.3000030517578,243.4600067138672,11106
2026-08-12 18:20:00+00:00,243.4499969482422,243.4499969482422,243.27499389648438,243.41000366210938,11532
2026-08-12 18:25:00+00:00,243.4199981689453,243.47000122070312,243.3000030517578,243.36500549316406,12593
2026-08-12 18:30:00+00:00,243.47000122070312,244.11000061035156,243.44000244140625,244.11000061035156,15624
2026-08-12 18:35:00+00:00,244.1699981689453,244.4499969482422,244.11000061035156,244.4199981689453,14253
2026-08-12 18:40:00+00:00,244.44000244140625,244.44000244140625,244.22999572753906,244.2949981689453,7063
2026-08-12 18:45:00+00:00,244.27499389648438,244.35000610351562,244.0800018310547,244.24000549316406,10119
2026-08-12 18:50:00+00:00,244.1999969482422,244.1999969482422,244.00999450683594,244.0800018310547,9677
2026-08-12 18:55:00+00:00,244.08999633789062,244.15899658203125,244.0,244.05999755859375,53799
2026-08-12 19:00:00+00:00,244.05999755859375,244.25999450683594,243.9759063720703,244.25999450683594,16478
2026-08-12 19:05:00+00:00,244.2899932861328,244.57000732421875,244.1217041015625,244.1217041015625,13143
2026-08-12 19:10:00+00:00,244.17999267578125,244.19000244140625,243.50999450683594,243.5500030517578,19188
2026-08-12 19:15:00+00:00,243.5500030517578,243.5500030517578,243.3699951171875,243.42999267578125,10975
2026-08-12 19:20:00+00:00,243.4250030517578,243.6199951171875,243.37010192871094,243.5399932861328,20394
2026-08-12 19:25:00+00:00,243.67999267578125,243.75,243.49420166015625,243.69000244140625,17454
2026-08-12 19:30:00+00:00,243.69000244140625,243.82000732421875,243.55999755859375,243.5800018310547,22137
2026-08-12 19:35:00+00:00,243.55499267578125,243.6750030517578,243.4499969482422,243.52000427246094,21142
2026-08-12 19:40:00+00:00,243.5406951904297,243.94859313964844,243.5050048828125,243.92999267578125,28228
2026-08-12 19:45:00+00:00,243.92709350585938,244.04339599609375,243.61000061035156,243.8000030517578,35184
2026-08-12 19:50:00+00:00,243.8249969482422,243.8249969482422,243.25999450683594,243.27499389648438,62722
2026-08-12 19:55:00+00:00,243.33999633789062,243.33999633789062,242.67999267578125,243.0,196953
2026-08-12 20:00:00+00:00,243.0,247.0,242.5052,243.0,0
2026-08-12 20:05:00+00:00,243.05,247.0,242.95,242.95,0
2026-08-12 20:10:00+00:00,243.0,247.0,243.0,243.0,0
2026-08-12 20:15:00+00:00,243.0,244.1135,243.0,244.0,0
2026-08-12 20:20:00+00:00,243.0,247.0,243.0,247.0,0
2026-08-12 20:25:00+00:00,243.8,246.99,243.8,246.99,0
2026-08-12 20:30:00+00:00,243.0,243.9457,243.0,243.9457,0
2026-08-12 20:40:00+00:00,243.06,243.7,243.0001,243.7,0
2026-08-12 20:45:00+00:00,243.0,244.17,243.0,244.17,0
2026-08-12 20:50:00+00:00,243.7,243.7,243.0,243.0,0
2026-08-12 20:55:00+00:00,244.2,244.2,243.7,244.15,0
2026-08-12 21:00:00+00:00,243.58,244.15,243.58,244.15,0
2026-08-12 21:05:00+00:00,243.9988,244.0,243.58,244.0,0
2026-08-12 21:15:00+00:00,244.0,244.0,243.7,243.7,0
2026-08-12 21:20:00+00:00,243.7,243.7,243.7,243.7,0
2026-08-12 21:25:00+00:00,239.87,243.0,239.87,243.0,0
2026-08-12 21:30:00+00:00,243.025,243.7,243.0001,243.7,0
2026-08-12 21:35:00+00:00,243.06,243.99,243.0,243.99,0
2026-08-12 21:40:00+00:00,243.7,243.9652,243.0247,243.7,0
2026-08-12 21:45:00+00:00,243.06,243.7,243.06,243.7,0
2026-08-12 21:50:00+00:00,243.99,243.99,243.06,243.97,0
2026-08-12 21:55:00+00:00,243.7,243.98,243.7,243.98,0
2026-08-12 22:00:00+00:00,243.9652,243.99,243.05,243.05,0
2026-08-12 22:05:00+00:00,243.1534,243.7,243.1534,243.7,0
2026-08-12 22:10:00+00:00,243.7,244.0,243.4,244.0,0
2026-08-12 22:15:00+00:00,243.7,243.7,243.7,243.7,0
2026-08-12 22:20:00+00:00,243.7,243.7,243.7,243.7,0
2026-08-12 22:25:00+00:00,243.7,243.7,243.5,243.5,0
2026-08-12 22:30:00+00:00,244.0,244.0,244.0,244.0,0
2026-08-12 22:35:00+00:00,243.13,244.0,243.13,244.0,0
2026-08-12 22:40:00+00:00,243.15,244.0,243.025,243.025,0
2026-08-12 22:45:00+00:00,243.15,243.15,243.15,243.15,0
2026-08-12 22:50:00+00:00,244.0,244.0,244.0,244.0,0
2026-08-12 22:55:00+00:00,244.0,244.0,244.0,244.0,0
2026-08-12 23:00:00+00:00,244.0,244.0,243.6,243.6,0
2026-08-12 23:05:00+00:00,243.5,243.5,243.025,243.025,0
2026-08-12 23:10:00+00:00,244.0,244.0,244.0,244.0,0
2026-08-12 23:15:00+00:00,244.0,244.0,243.5,243.5,0
2026-08-12 23:20:00+00:00,243.5,244.0,243.5,243.91,0
2026-08-12 23:25:00+00:00,243.8998,243.8998,243.8998,243.8998,0
2026-08-12 23:30:00+00:00,244.0,244.0,243.91,243.91,0
2026-08-12 23:35:00+00:00,243.91,243.91,243.91,243.91,0
2026-08-12 23:40:00+00:00,243.975,243.975,243.91,243.92,0
2026-08-12 23:55:00+00:00,243.85,244.0,242.95,243.7675,0
2026-08-13 08:00:00+00:00,245.3287,253.0,241.4412,244.6667,0
2026-08-13 08:05:00+00:00,246.9888,246.9888,242.0012,242.0012,0
2026-08-13 08:10:00+00:00,245.97,245.97,245.97,245.97,0
2026-08-13 08:15:00+00:00,244.24,244.24,244.24,244.24,0
2026-08-13 08:20:00+00:00,243.5482,247.55,243.1,243.1,0
2026-08-13 08:30:00+00:00,244.12,245.9888,244.12,245.925,0
2026-08-13 08:35:00+00:00,246.9888,246.9888,246.9888,246.9888,0
2026-08-13 08:40:00+00:00,244.12,244.12,244.12,244.12,0
2026-08-13 09:00:00+00:00,244.12,244.12,244.01,244.01,0
2026-08-13 09:05:00+00:00,244.67,244.67,244.67,244.67,0
2026-08-13 09:10:00+00:00,244.77,244.77,244.77,244.77,0
2026-08-13 09:15:00+00:00,244.67,244.67,244.67,244.67,0
2026-08-13 09:25:00+00:00,246.6351,246.6351,246.6351,246.6351,0
2026-08-13 09:30:00+00:00,244.61,244.61,244.61,244.61,0
2026-08-13 09:35:00+00:00,246.9112,246.9112,246.8917,246.9112,0
2026-08-13 09:40:00+00:00,245.25,245.25,245.25,245.25,0
2026-08-13 09:45:00+00:00,243.5387,245.8,243.5387,245.8,0
2026-08-13 09:50:00+00:00,244.61,244.68,244.61,244.68,0
2026-08-13 09:55:00+00:00,244.5225,244.5488,244.13,244.5488,0
2026-08-13 10:05:00+00:00,244.3664,244.5225,244.3664,244.5225,0
2026-08-13 10:10:00+00:00,244.3978,244.5488,244.3978,244.5015,0
2026-08-13 10:15:00+00:00,244.5365,244.5365,244.36,244.4,0
2026-08-13 10:20:00+00:00,244.39,244.5488,244.39,244.5229,0
2026-08-13 10:35:00+00:00,244.5488,244.5488,244.5488,244.5488,0
2026-08-13 10:40:00+00:00,244.4637,244.4637,244.4637,244.4637,0
2026-08-13 10:45:00+00:00,244.4,244.5488,244.4,244.5488,0
2026-08-13 10:50:00+00:00,244.5488,244.5488,244.5488,244.5488,0
2026-08-13 11:00:00+00:00,244.01,244.55,244.01,244.55,0
2026-08-13 11:05:00+00:00,244.54,244.55,244.54,244.55,0
2026-08-13 11:10:00+00:00,244.5,244.5,244.5,244.5,0
2026-08-13 11:15:00+00:00,244.5015,244.5015,244.0137,244.0137,0
2026-08-13 11:20:00+00:00,244.4545,244.4545,244.4545,244.4545,0
2026-08-13 11:25:00+00:00,244.55,244.55,244.55,244.55,0
2026-08-13 11:30:00+00:00,244.5488,244.55,244.47,244.5362,0
2026-08-13 11:35:00+00:00,244.5362,244.55,244.25,244.55,0
2026-08-13 11:40:00+00:00,244.5362,244.55,244.4545,244.5362,0
2026-08-13 11:45:00+00:00,244.5362,244.5362,244.4972,244.4972,0
2026-08-13 11:50:00+00:00,244.48,244.49,244.0,244.0,0
2026-08-13 11:55:00+00:00,244.49,244.49,244.49,244.49,0
2026-08-13 12:00:00+00:00,244.43,244.49,244.01,244.43,0
2026-08-13 12:10:00+00:00,244.19,244.39,244.0,244.39,0
2026-08-13 12:15:00+00:00,244.0,244.46,244.0,244.4277,0
2026-08-13 12:20:00+00:00,244.4277,244.46,244.4277,244.46,0
2026-08-13 12:25:00+00:00,244.4277,244.46,244.0,244.4277,0
2026-08-13 12:30:00+00:00,244.49,244.49,242.89,243.99,0
2026-08-13 12:35:00+00:00,244.39,244.39,244.39,244.39,0
2026-08-13 12:40:00+00:00,244.41,244.49,244.41,244.49,0
2026-08-13 12:45:00+00:00,244.3622,244.48,244.3622,244.48,0
2026-08-13 12:50:00+00:00,244.4888,244.4888,244.38,244.38,0
2026-08-13 12:55:00+00:00,244.38,244.45,242.93,244.39,0
2026-08-13 13:00:00+00:00,244.39,244.48,244.38,244.48,0
2026-08-13 13:05:00+00:00,244.55,244.61,244.3423,244.61,0
2026-08-13 13:10:00+00:00,245.0,245.0,243.0485,243.0485,0
2026-08-13 13:15:00+00:00,244.5059,244.5059,243.6,243.6317,0
2026-08-13 13:20:00+00:00,244.61,244.61,243.635,243.635,0
2026-08-13 13:25:00+00:00,244.68,245.7,243.98,244.09,0
2026-08-13 13:30:00+00:00,243.77000427246094,245.4293975830078,243.28500366210938,244.19500732421875,43368
2026-08-13 13:35:00+00:00,244.22000122070312,244.3249969482422,242.61000061035156,242.94000244140625,17286
2026-08-13 13:40:00+00:00,242.57000732421875,242.86000061035156,241.67999267578125,241.7899932861328,13810
2026-08-13 13:45:00+00:00,241.5800018310547,241.96499633789062,241.39999389648438,241.92999267578125,12297
2026-08-13 13:50:00+00:00,242.07000732421875,242.97000122070312,241.89999389648438,242.44000244140625,14416
2026-08-13 13:55:00+00:00,242.4550018310547,242.50999450683594,241.89999389648438,241.89999389648438,5712
2026-08-13 14:00:00+00:00,241.74000549316406,242.39999389648438,240.86500549316406,242.35000610351562,22820
2026-08-13 14:05:00+00:00,242.36000061035156,242.7100067138672,242.0,242.1999969482422,11154
2026-08-13 14:10:00+00:00,242.02499389648438,242.19000244140625,241.80099487304688,242.02999877929688,5442
2026-08-13 14:15:00+00:00,242.11000061035156,242.11749267578125,241.50999450683594,241.82000732421875,11985
2026-08-13 14:20:00+00:00,241.94000244140625,242.08999633789062,241.5,241.5800018310547,11779
2026-08-13 14:25:00+00:00,241.5850067138672,241.5850067138672,241.19000244140625,241.32749938964844,8515
2026-08-13 14:30:00+00:00,241.44000244140625,241.99940490722656,241.39999389648438,241.69000244140625,9899
2026-08-13 14:35:00+00:00,241.6374969482422,241.6374969482422,241.1300048828125,241.1300048828125,7454
2026-08-13 14:40:00+00:00,240.9199981689453,240.98500061035156,240.1999969482422,240.1999969482422,13869
2026-08-13 14:45:00+00:00,240.30999755859375,240.36990356445312,239.52000427246094,240.25999450683594,26360
2026-08-13 14:50:00+00:00,240.3000030517578,240.49000549316406,240.0,240.35499572753906,14936
2026-08-13 14:55:00+00:00,240.5,240.72000122070312,240.44000244140625,240.6699981689453,14020
2026-08-13 15:00:00+00:00,240.72999572753906,241.14990234375,240.44000244140625,240.49000549316406,11110
2026-08-13 15:05:00+00:00,240.50999450683594,240.50999450683594,240.27999877929688,240.46499633789062,7418
2026-08-13 15:10:00+00:00,240.47500610351562,240.5500030517578,240.35499572753906,240.5500030517578,5308
2026-08-13 15:15:00+00:00,240.47999572753906,240.8699951171875,240.36000061035156,240.85499572753906,8330
2026-08-13 15:20:00+00:00,240.97000122070312,241.0,240.6999969482422,240.82000732421875,15160
2026-08-13 15:25:00+00:00,240.8249969482422,240.8249969482422,240.27999877929688,240.5500030517578,10933
2026-08-13 15:30:00+00:00,240.66000366210938,240.91000366210938,240.5970001220703,240.67999267578125,10137
2026-08-13 15:35:00+00:00,240.88999938964844,240.9600067138672,240.69000244140625,240.8699951171875,7704
2026-08-13 15:40:00+00:00,240.8699951171875,241.27000427246094,240.8699951171875,241.22000122070312,15943
2026-08-13 15:45:00+00:00,241.14999389648438,241.1699981689453,240.97000122070312,240.97999572753906,6725
2026-08-13 15:50:00+00:00,241.1024932861328,241.33999633789062,241.0800018310547,241.0800018310547,6695
2026-08-13 15:55:00+00:00,241.14999389648438,242.0,241.1199951171875,242.0,10911
2026-08-13 16:00:00+00:00,241.9600067138672,241.9600067138672,241.66000366210938,241.8800048828125,5460
2026-08-13 16:05:00+00:00,241.7949981689453,241.7949981689453,241.7949981689453,241.7949981689453,0
